mstrrecnbr,collision_ts,year,county,countystat,crash,crash_type,fatalities,non_motorists,commercial,fatal_c,nonmotor_c,truck_c,fatalc,serious_injuries,ped,bike,lighting,weather,first_harmful_event,latitude,longitude,in_city,src_layer
100156884,2012-03-11,2012,,94.0,,,0,0,N,0.0,0.0,0.0,,,,,,,,36.03033,-86.87592,False,Crashes_2010_2019_MPO
101557023,2017-02-17,2017,,19.0,,,0,0,N,0.0,0.0,0.0,,,,,,,,36.03737,-86.78692,False,Crashes_2010_2019_MPO
101041441,2015-12-02,2015,,94.0,,,0,0,N,0.0,0.0,0.0,,,,,,,,35.9583,-86.8023,False,Crashes_2010_2019_MPO
102348124,2019-04-01,2019,,94.0,,,0,0,N,0.0,0.0,0.0,,,,,,,,35.94616,-86.80856,False,Crashes_2010_2019_MPO
100769573,2015-03-09,2015,,94.0,,,0,0,N,0.0,0.0,0.0,,,,,,,,35.96193,-86.81487,False,Crashes_2010_2019_MPO
101272542,2016-06-24,2016,,19.0,,,0,0,N,0.0,0.0,0.0,,,,,,,,36.03755,-86.7854,False,Crashes_2010_2019_MPO
101478594,2016-12-15,2016,,94.0,,,0,0,N,0.0,0.0,0.0,,,,,,,,35.93562,-86.82387,False,Crashes_2010_2019_MPO
102324752,2019-03-08,2019,,19.0,,,0,0,N,0.0,0.0,0.0,,,,,,,,36.04242,-86.71165,False,Crashes_2010_2019_MPO
101784894,2017-10-07,2017,,94.0,,,0,0,N,0.0,0.0,0.0,,,,,,,,36.01091,-86.78496,True,Crashes_2010_2019_MPO
101452343,2016-11-17,2016,,94.0,,,0,0,N,0.0,0.0,0.0,,,,,,,,35.95689,-86.80329,False,Crashes_2010_2019_MPO
100567167,2014-06-29,2014,,94.0,,,0,0,N,0.0,0.0,0.0,,,,,,,,35.97113,-86.80612,True,Crashes_2010_2019_MPO
100917941,2015-08-05,2015,,94.0,,,0,0,N,0.0,0.0,0.0,,,,,,,,35.93784,-86.70681,False,Crashes_2010_2019_MPO
102007727,2018-05-11,2018,,94.0,,,0,0,N,0.0,0.0,0.0,,,,,,,,35.96798,-86.81833,True,Crashes_2010_2019_MPO
102176171,2018-10-12,2018,,19.0,,,0,0,N,0.0,0.0,0.0,,,,,,,,36.0409,-86.77938,False,Crashes_2010_2019_MPO
100217912,2012-08-22,2012,,19.0,,,0,0,N,0.0,0.0,0.0,,,,,,,,36.03351,-86.78322,True,Crashes_2010_2019_MPO
100165163,2012-04-03,2012,,94.0,,,0,0,N,0.0,0.0,0.0,,,,,,,,36.0346,-86.7834,True,Crashes_2010_2019_MPO
102197309,2018-11-01,2018,,94.0,,,0,0,N,0.0,0.0,0.0,,,,,,,,35.95544,-86.82755,False,Crashes_2010_2019_MPO
100617960,2014-09-12,2014,,94.0,,,0,0,N,0.0,0.0,0.0,,,,,,,,35.962,-86.81517,False,Crashes_2010_2019_MPO
101073360,2016-01-06,2016,,94.0,,,0,0,N,0.0,0.0,0.0,,,,,,,,36.01331,-86.83608,True,Crashes_2010_2019_MPO
100441258,2014-02-10,2014,,94.0,,,0,0,N,0.0,0.0,0.0,,,,,,,,35.92587,-86.82455,False,Crashes_2010_2019_MPO
102363143,2019-04-12,2019,,94.0,,,0,0,N,0.0,0.0,0.0,,,,,,,,36.00291,-86.74259,True,Crashes_2010_2019_MPO
102055922,2018-06-27,2018,,94.0,,,0,0,N,0.0,0.0,0.0,,,,,,,,35.92609,-86.87139,False,Crashes_2010_2019_MPO
102579241,2019-11-25,2019,,19.0,,,0,0,Y,0.0,0.0,1.0,,,,,,,,36.03083,-86.71258,False,Crashes_2010_2019_MPO
101148253,2016-03-21,2016,,94.0,,,0,0,N,0.0,0.0,0.0,,,,,,,,35.93365,-86.81143,False,Crashes_2010_2019_MPO
100768218,2015-03-06,2015,,19.0,,,0,0,N,0.0,0.0,0.0,,,,,,,,36.0124,-86.70359,False,Crashes_2010_2019_MPO
102313618,2019-02-23,2019,,19.0,,,0,0,N,0.0,0.0,0.0,,,,,,,,36.04609,-86.71106,False,Crashes_2010_2019_MPO
100771774,2015-03-13,2015,,94.0,,,0,0,N,0.0,0.0,0.0,,,,,,,,35.92362,-86.79455,False,Crashes_2010_2019_MPO
100709108,2014-12-18,2014,,94.0,,,0,0,N,0.0,0.0,0.0,,,,,,,,35.94936,-86.84968,False,Crashes_2010_2019_MPO
10409321,2011-09-03,2011,,19.0,,,0,0, ,0.0,0.0,0.0,,,,,,,,35.99329,-86.68537,False,Crashes_2010_2019_MPO
101476094,2016-12-13,2016,,94.0,,,0,0,N,0.0,0.0,0.0,,,,,,,,36.02848,-86.78345,True,Crashes_2010_2019_MPO
101127899,2016-03-04,2016,,19.0,,,0,0,N,0.0,0.0,0.0,,,,,,,,36.04497,-86.69677,False,Crashes_2010_2019_MPO
102357416,2019-04-11,2019,,94.0,,,0,0,N,0.0,0.0,0.0,,,,,,,,35.93454,-86.81859,False,Crashes_2010_2019_MPO
100327653,2013-05-11,2013,,94.0,,,0,0,N,0.0,0.0,0.0,,,,,,,,35.92688,-86.83106,False,Crashes_2010_2019_MPO
102321005,2019-03-04,2019,,19.0,,,0,0,N,0.0,0.0,0.0,,,,,,,,35.99559,-86.68803,False,Crashes_2010_2019_MPO
100588877,2014-07-29,2014,,94.0,,,0,0,N,0.0,0.0,0.0,,,,,,,,35.96653,-86.80997,True,Crashes_2010_2019_MPO
101766065,2017-09-20,2017,,94.0,,,0,0,N,0.0,0.0,0.0,,,,,,,,35.93215,-86.79441,False,Crashes_2010_2019_MPO
101709893,2017-07-23,2017,,94.0,,,0,0,N,0.0,0.0,0.0,,,,,,,,35.94603,-86.82479,False,Crashes_2010_2019_MPO
101794145,2017-10-16,2017,,94.0,,,0,0,N,0.0,0.0,0.0,,,,,,,,35.94114,-86.83623,False,Crashes_2010_2019_MPO
101440599,2016-11-15,2016,,94.0,,,0,0,N,0.0,0.0,0.0,,,,,,,,35.93585,-86.81813,False,Crashes_2010_2019_MPO
100433344,2014-01-16,2014,,94.0,,,0,0,N,0.0,0.0,0.0,,,,,,,,35.97218,-86.82692,True,Crashes_2010_2019_MPO
102203585,2018-11-07,2018,,94.0,,,0,0,N,0.0,0.0,0.0,,,,,,,,36.00506,-86.81163,True,Crashes_2010_2019_MPO
100800436,2015-03-31,2015,,94.0,,,0,0,N,0.0,0.0,0.0,,,,,,,,35.95184,-86.74151,True,Crashes_2010_2019_MPO
101436111,2016-11-10,2016,,94.0,,,0,0,N,0.0,0.0,0.0,,,,,,,,35.9583,-86.8023,False,Crashes_2010_2019_MPO
100802522,2015-04-04,2015,,19.0,,,0,0,N,0.0,0.0,0.0,,,,,,,,36.03735,-86.78656,False,Crashes_2010_2019_MPO
101566507,2017-02-13,2017,,94.0,,,0,0,N,0.0,0.0,0.0,,,,,,,,35.9927,-86.84799,False,Crashes_2010_2019_MPO
101324613,2016-08-10,2016,,94.0,,,0,0,N,0.0,0.0,0.0,,,,,,,,36.03636,-86.8107,True,Crashes_2010_2019_MPO
101316854,2016-07-30,2016,,19.0,,,0,0,N,0.0,0.0,0.0,,,,,,,,36.05478,-86.72842,False,Crashes_2010_2019_MPO
100802268,2015-04-04,2015,,94.0,,,0,0,N,0.0,0.0,0.0,,,,,,,,35.95417,-86.81201,False,Crashes_2010_2019_MPO
101667354,2017-06-07,2017,,94.0,,,0,0,N,0.0,0.0,0.0,,,,,,,,35.96617,-86.81137,False,Crashes_2010_2019_MPO
101241718,2016-06-08,2016,,94.0,,,0,0,N,0.0,0.0,0.0,,,,,,,,36.00412,-86.78049,True,Crashes_2010_2019_MPO
100913591,2015-07-28,2015,,94.0,,,0,0,N,0.0,0.0,0.0,,,,,,,,35.97717,-86.67814,False,Crashes_2010_2019_MPO
100947934,2015-09-10,2015,,94.0,,,0,0,N,0.0,0.0,0.0,,,,,,,,35.95376,-86.76665,True,Crashes_2010_2019_MPO
100570924,2014-07-08,2014,,94.0,,,0,0,N,0.0,0.0,0.0,,,,,,,,36.00824,-86.78694,True,Crashes_2010_2019_MPO
102348475,2019-04-02,2019,,94.0,,,0,0,N,0.0,0.0,0.0,,,,,,,,35.95684,-86.82559,False,Crashes_2010_2019_MPO
102211167,2018-11-14,2018,,19.0,,,0,0,N,0.0,0.0,0.0,,,,,,,,36.03315,-86.77459,False,Crashes_2010_2019_MPO
102175233,2018-10-12,2018,,94.0,,,0,0,N,0.0,0.0,0.0,,,,,,,,35.99734,-86.79486,True,Crashes_2010_2019_MPO
102218600,2018-11-21,2018,,94.0,,,0,0,N,0.0,0.0,0.0,,,,,,,,35.98864,-86.68139,False,Crashes_2010_2019_MPO
101500958,2017-01-10,2017,,19.0,,,0,0,N,0.0,0.0,0.0,,,,,,,,36.05084,-86.77515,False,Crashes_2010_2019_MPO
102482313,2019-08-19,2019,,94.0,,,0,0,N,0.0,0.0,0.0,,,,,,,,36.03487,-86.80451,True,Crashes_2010_2019_MPO
101907327,2018-02-05,2018,,94.0,,,0,0,N,0.0,0.0,0.0,,,,,,,,35.94251,-86.81582,False,Crashes_2010_2019_MPO
100835153,2015-05-16,2015,,94.0,,,0,0,N,0.0,0.0,0.0,,,,,,,,35.95014,-86.80678,False,Crashes_2010_2019_MPO
101841512,2017-11-28,2017,,94.0,,,0,0,N,0.0,0.0,0.0,,,,,,,,35.93548,-86.82327,False,Crashes_2010_2019_MPO
102305187,2019-02-13,2019,,94.0,,,0,0,N,0.0,0.0,0.0,,,,,,,,35.92957,-86.84187,False,Crashes_2010_2019_MPO
101154808,2016-03-31,2016,,94.0,,,0,0,N,0.0,0.0,0.0,,,,,,,,35.93446,-86.81991,False,Crashes_2010_2019_MPO
100941049,2015-08-28,2015,,94.0,,,0,0,N,0.0,0.0,0.0,,,,,,,,35.94679,-86.82393,False,Crashes_2010_2019_MPO
100292013,2013-02-13,2013,,94.0,,,0,0,N,0.0,0.0,0.0,,,,,,,,36.03011,-86.7905,True,Crashes_2010_2019_MPO
102001053,2018-05-05,2018,,19.0,,,0,0,N,0.0,0.0,0.0,,,,,,,,36.02438,-86.72289,False,Crashes_2010_2019_MPO
101046431,2015-12-10,2015,,94.0,,,0,0,N,0.0,0.0,0.0,,,,,,,,36.00413,-86.79087,True,Crashes_2010_2019_MPO
102121827,2018-08-25,2018,,19.0,,,0,0,N,0.0,0.0,0.0,,,,,,,,36.04026,-86.8164,False,Crashes_2010_2019_MPO
100802842,2015-04-04,2015,,94.0,,,0,0,N,0.0,0.0,0.0,,,,,,,,35.92492,-86.87392,False,Crashes_2010_2019_MPO
102410597,2019-06-05,2019,,19.0,,,0,0,N,0.0,0.0,0.0,,,,,,,,36.04522,-86.71479,False,Crashes_2010_2019_MPO
102096156,2018-08-02,2018,,94.0,,,0,0,N,0.0,0.0,0.0,,,,,,,,35.95701,-86.80286,False,Crashes_2010_2019_MPO
101406369,2016-10-18,2016,,19.0,,,0,0,N,0.0,0.0,0.0,,,,,,,,36.04543,-86.71255,False,Crashes_2010_2019_MPO
101285408,2016-07-14,2016,,94.0,,,0,0,N,0.0,0.0,0.0,,,,,,,,35.99514,-86.77444,True,Crashes_2010_2019_MPO
102527636,2019-10-03,2019,,94.0,,,0,0,N,0.0,0.0,0.0,,,,,,,,35.95198,-86.81788,False,Crashes_2010_2019_MPO
101464396,2016-11-30,2016,,94.0,,,0,0,Y,0.0,0.0,1.0,,,,,,,,35.93301,-86.85041,False,Crashes_2010_2019_MPO
101050216,2015-12-02,2015,,94.0,,,0,0,N,0.0,0.0,0.0,,,,,,,,35.92641,-86.82446,False,Crashes_2010_2019_MPO
101365977,2016-09-21,2016,,19.0,,,0,0,N,0.0,0.0,0.0,,,,,,,,36.04476,-86.71319,False,Crashes_2010_2019_MPO
101044527,2015-12-03,2015,,19.0,,,0,0,N,0.0,0.0,0.0,,,,,,,,36.04056,-86.77082,False,Crashes_2010_2019_MPO
101893055,2018-01-21,2018,,94.0,,,0,0,N,0.0,0.0,0.0,,,,,,,,35.92451,-86.80412,False,Crashes_2010_2019_MPO
100277424,2013-01-10,2013,,94.0,,,0,0,N,0.0,0.0,0.0,,,,,,,,35.94693,-86.81182,False,Crashes_2010_2019_MPO
100632389,2014-09-22,2014,,94.0,,,0,0,N,0.0,0.0,0.0,,,,,,,,36.03488,-86.79535,True,Crashes_2010_2019_MPO
100835241,2015-05-16,2015,,94.0,,,0,0,N,0.0,0.0,0.0,,,,,,,,36.03398,-86.78837,True,Crashes_2010_2019_MPO
101230572,2016-05-23,2016,,94.0,,,0,0,N,0.0,0.0,0.0,,,,,,,,35.99643,-86.78798,True,Crashes_2010_2019_MPO
100824625,2015-04-27,2015,,94.0,,,0,0,N,0.0,0.0,0.0,,,,,,,,35.94566,-86.76036,True,Crashes_2010_2019_MPO
102302243,2019-02-10,2019,,94.0,,,0,0,N,0.0,0.0,0.0,,,,,,,,36.02122,-86.73734,False,Crashes_2010_2019_MPO
102426483,2019-06-23,2019,,19.0,,,0,0,N,0.0,0.0,0.0,,,,,,,,36.0314,-86.71263,False,Crashes_2010_2019_MPO
102133702,2018-09-04,2018,,19.0,,,0,0,N,0.0,0.0,0.0,,,,,,,,36.03269,-86.77018,False,Crashes_2010_2019_MPO
102420409,2019-06-16,2019,,19.0,,,0,0,N,0.0,0.0,0.0,,,,,,,,36.04535,-86.71339,False,Crashes_2010_2019_MPO
102528001,2019-10-02,2019,,94.0,,,0,0,N,0.0,0.0,0.0,,,,,,,,35.98815,-86.79999,True,Crashes_2010_2019_MPO
102188064,2018-10-24,2018,,19.0,,,0,0,N,0.0,0.0,0.0,,,,,,,,36.0523,-86.77558,False,Crashes_2010_2019_MPO
101582750,2017-03-14,2017,,94.0,,,0,0,N,0.0,0.0,0.0,,,,,,,,35.93372,-86.81804,False,Crashes_2010_2019_MPO
101538310,2017-01-29,2017,,94.0,,,0,0,N,0.0,0.0,0.0,,,,,,,,35.95051,-86.80467,False,Crashes_2010_2019_MPO
101209816,2016-05-20,2016,,94.0,,,0,0,N,0.0,0.0,0.0,,,,,,,,35.94616,-86.80856,False,Crashes_2010_2019_MPO
101435936,2016-11-10,2016,,94.0,,,0,0,N,0.0,0.0,0.0,,,,,,,,35.92317,-86.81685,False,Crashes_2010_2019_MPO
101331970,2016-08-20,2016,,19.0,,,0,0,N,0.0,0.0,0.0,,,,,,,,36.0249,-86.69988,False,Crashes_2010_2019_MPO
100915791,2015-08-01,2015,,19.0,,,0,0,N,0.0,0.0,0.0,,,,,,,,36.04079,-86.77206,False,Crashes_2010_2019_MPO
102348834,2019-04-03,2019,,94.0,,,0,0,N,0.0,0.0,0.0,,,,,,,,35.94134,-86.81623,False,Crashes_2010_2019_MPO
101902104,2018-01-31,2018,,19.0,,,0,0,N,0.0,0.0,0.0,,,,,,,,36.04255,-86.78274,False,Crashes_2010_2019_MPO
102563054,2019-11-09,2019,,94.0,,,0,0,N,0.0,0.0,0.0,,,,,,,,35.92254,-86.87194,False,Crashes_2010_2019_MPO
101699691,2017-07-12,2017,,94.0,,,0,0,N,0.0,0.0,0.0,,,,,,,,35.93427,-86.81893,False,Crashes_2010_2019_MPO
101586780,2017-03-18,2017,,94.0,,,0,0,N,0.0,0.0,0.0,,,,,,,,35.96414,-86.81202,False,Crashes_2010_2019_MPO
101639315,2017-05-09,2017,,94.0,,,0,0,N,0.0,0.0,0.0,,,,,,,,35.99797,-86.80025,True,Crashes_2010_2019_MPO
102284562,2019-01-22,2019,,94.0,,,0,0,N,0.0,0.0,0.0,,,,,,,,35.92673,-86.87005,False,Crashes_2010_2019_MPO
100303561,2013-03-15,2013,,94.0,,,0,0,N,0.0,0.0,0.0,,,,,,,,35.99782,-86.7989,True,Crashes_2010_2019_MPO
100655646,2014-10-19,2014,,19.0,,,0,0,N,0.0,0.0,0.0,,,,,,,,36.05372,-86.72976,False,Crashes_2010_2019_MPO
100196482,2012-06-29,2012,,94.0,,,0,0,N,0.0,0.0,0.0,,,,,,,,35.92698,-86.76725,False,Crashes_2010_2019_MPO
101121033,2016-02-22,2016,,94.0,,,0,0,N,0.0,0.0,0.0,,,,,,,,35.93769,-86.76808,False,Crashes_2010_2019_MPO
101606064,2017-04-06,2017,,19.0,,,0,0,N,0.0,0.0,0.0,,,,,,,,36.04751,-86.71876,False,Crashes_2010_2019_MPO
101909962,2018-02-08,2018,,19.0,,,0,0,N,0.0,0.0,0.0,,,,,,,,36.01268,-86.7038,False,Crashes_2010_2019_MPO
102520728,2019-09-26,2019,,94.0,,,0,0,N,0.0,0.0,0.0,,,,,,,,35.95216,-86.81247,False,Crashes_2010_2019_MPO
100285739,2013-01-30,2013,,94.0,,,0,0,N,0.0,0.0,0.0,,,,,,,,36.03514,-86.80579,True,Crashes_2010_2019_MPO
101943363,2018-03-14,2018,,94.0,,,0,0,N,0.0,0.0,0.0,,,,,,,,35.99529,-86.77666,True,Crashes_2010_2019_MPO
101473323,2016-12-08,2016,,19.0,,,0,0,N,0.0,0.0,0.0,,,,,,,,36.026,-86.7849,True,Crashes_2010_2019_MPO
102522455,2019-09-27,2019,,94.0,,,0,0,N,0.0,0.0,0.0,,,,,,,,35.92304,-86.81684,False,Crashes_2010_2019_MPO
101561874,2017-02-18,2017,,94.0,,,0,0,N,0.0,0.0,0.0,,,,,,,,35.95797,-86.81485,False,Crashes_2010_2019_MPO
100823851,2015-04-24,2015,,19.0,,,0,0,N,0.0,0.0,0.0,,,,,,,,36.04522,-86.71506,False,Crashes_2010_2019_MPO
100936841,2015-08-20,2015,,19.0,,,0,0,N,0.0,0.0,0.0,,,,,,,,36.04537,-86.71326,False,Crashes_2010_2019_MPO
100717706,2015-01-05,2015,,94.0,,,0,0,N,0.0,0.0,0.0,,,,,,,,35.93257,-86.8624,False,Crashes_2010_2019_MPO
102316823,2019-02-26,2019,,94.0,,,0,0,N,0.0,0.0,0.0,,,,,,,,36.03371,-86.78344,True,Crashes_2010_2019_MPO
102499943,2019-09-05,2019,,94.0,,,0,0,N,0.0,0.0,0.0,,,,,,,,35.98118,-86.84621,False,Crashes_2010_2019_MPO
102389667,2019-05-15,2019,,94.0,,,0,0,N,0.0,0.0,0.0,,,,,,,,35.97334,-86.83305,True,Crashes_2010_2019_MPO
100357489,2013-07-22,2013,,94.0,,,0,0,N,0.0,0.0,0.0,,,,,,,,35.95224,-86.81916,False,Crashes_2010_2019_MPO
102085768,2018-07-24,2018,,94.0,,,0,0,N,0.0,0.0,0.0,,,,,,,,36.01475,-86.78148,True,Crashes_2010_2019_MPO
100500152,2014-04-24,2014,,94.0,,,0,0,N,0.0,0.0,0.0,,,,,,,,35.94794,-86.86186,False,Crashes_2010_2019_MPO
101047744,2015-12-11,2015,,94.0,,,0,0,N,0.0,0.0,0.0,,,,,,,,35.93516,-86.85371,False,Crashes_2010_2019_MPO
101467975,2016-12-05,2016,,19.0,,,0,0,N,0.0,0.0,0.0,,,,,,,,36.05171,-86.6883,False,Crashes_2010_2019_MPO
101841218,2017-11-28,2017,,94.0,,,0,0,N,0.0,0.0,0.0,,,,,,,,36.03689,-86.8019,True,Crashes_2010_2019_MPO
100542165,2014-05-22,2014,,94.0,,,0,0,N,0.0,0.0,0.0,,,,,,,,36.0295,-86.78397,True,Crashes_2010_2019_MPO
100211054,2012-07-30,2012,,94.0,,,0,0,N,0.0,0.0,0.0,,,,,,,,35.96724,-86.80858,True,Crashes_2010_2019_MPO
101940194,2018-03-10,2018,,19.0,,,0,0,N,0.0,0.0,0.0,,,,,,,,35.99687,-86.68989,False,Crashes_2010_2019_MPO
100752407,2015-02-24,2015,,19.0,,,0,0,N,0.0,0.0,0.0,,,,,,,,36.02703,-86.78435,True,Crashes_2010_2019_MPO
102348437,2019-04-02,2019,,94.0,,,0,0,N,0.0,0.0,0.0,,,,,,,,35.967302,-86.808511,True,Crashes_2010_2019_MPO
101992985,2018-04-28,2018,,19.0,,,0,0,N,0.0,0.0,0.0,,,,,,,,36.03707,-86.69711,False,Crashes_2010_2019_MPO
102469860,2019-08-06,2019,,94.0,,,0,0,N,0.0,0.0,0.0,,,,,,,,35.99855,-86.8052,True,Crashes_2010_2019_MPO
100422384,2013-12-17,2013,,94.0,,,0,0,N,0.0,0.0,0.0,,,,,,,,35.92768,-86.76733,False,Crashes_2010_2019_MPO
102504700,2019-09-10,2019,,94.0,,,0,0,N,0.0,0.0,0.0,,,,,,,,35.97329,-86.80513,True,Crashes_2010_2019_MPO
101890797,2018-01-19,2018,,94.0,,,0,0,N,0.0,0.0,0.0,,,,,,,,36.02364,-86.79905,True,Crashes_2010_2019_MPO
101278365,2016-07-03,2016,,94.0,,,0,0,N,0.0,0.0,0.0,,,,,,,,35.93862,-86.82174,False,Crashes_2010_2019_MPO
102572559,2019-11-12,2019,,94.0,,,0,0,N,0.0,0.0,0.0,,,,,,,,36.00718,-86.78805,True,Crashes_2010_2019_MPO
101891214,2018-01-19,2018,,94.0,,,0,0,N,0.0,0.0,0.0,,,,,,,,36.04243,-86.86694,True,Crashes_2010_2019_MPO
100431658,2014-01-13,2014,,94.0,,,0,0,N,0.0,0.0,0.0,,,,,,,,35.95079,-86.81844,False,Crashes_2010_2019_MPO
102143216,2018-09-07,2018,,94.0,,,0,0,N,0.0,0.0,0.0,,,,,,,,36.03093,-86.78679,True,Crashes_2010_2019_MPO
101697857,2017-07-06,2017,,94.0,,,0,0,N,0.0,0.0,0.0,,,,,,,,35.94585,-86.82557,False,Crashes_2010_2019_MPO
100756626,2015-03-04,2015,,94.0,,,0,0,N,0.0,0.0,0.0,,,,,,,,35.92641,-86.82446,False,Crashes_2010_2019_MPO
102379647,2019-05-03,2019,,94.0,,,0,0,N,0.0,0.0,0.0,,,,,,,,35.96754,-86.81651,True,Crashes_2010_2019_MPO
101540483,2017-01-31,2017,,19.0,,,0,0,N,0.0,0.0,0.0,,,,,,,,36.04304,-86.72397,False,Crashes_2010_2019_MPO
101187230,2016-05-04,2016,,19.0,,,0,0,N,0.0,0.0,0.0,,,,,,,,36.04526,-86.71704,False,Crashes_2010_2019_MPO
100697370,2014-11-26,2014,,94.0,,,0,0,N,0.0,0.0,0.0,,,,,,,,35.93685,-86.77301,False,Crashes_2010_2019_MPO
101762376,2017-09-15,2017,,94.0,,,0,0,N,0.0,0.0,0.0,,,,,,,,35.96142,-86.68523,False,Crashes_2010_2019_MPO
101178567,2016-04-21,2016,,94.0,,,0,0,N,0.0,0.0,0.0,,,,,,,,35.93127,-86.87663,False,Crashes_2010_2019_MPO
101643700,2017-05-13,2017,,94.0,,,0,0,N,0.0,0.0,0.0,,,,,,,,35.92738,-86.8687,False,Crashes_2010_2019_MPO
100317583,2013-04-17,2013,,94.0,,,0,0,Y,0.0,0.0,1.0,,,,,,,,35.92547,-86.87275,False,Crashes_2010_2019_MPO
101319851,2016-08-04,2016,,94.0,,,0,0,N,0.0,0.0,0.0,,,,,,,,35.93373,-86.81798,False,Crashes_2010_2019_MPO
100835838,2015-05-17,2015,,19.0,,,0,0,N,0.0,0.0,0.0,,,,,,,,36.04472,-86.72487,False,Crashes_2010_2019_MPO
102179675,2018-10-16,2018,,19.0,,,0,0,N,0.0,0.0,0.0,,,,,,,,36.03539,-86.78301,False,Crashes_2010_2019_MPO
100849284,2015-05-24,2015,,94.0,,,0,0,N,0.0,0.0,0.0,,,,,,,,35.99924,-86.80919,True,Crashes_2010_2019_MPO
100848352,2015-05-21,2015,,19.0,,,0,0,N,0.0,0.0,0.0,,,,,,,,36.04121,-86.7761,False,Crashes_2010_2019_MPO
101777574,2017-09-30,2017,,19.0,,,0,0,N,0.0,0.0,0.0,,,,,,,,36.02442,-86.72332,False,Crashes_2010_2019_MPO
101128245,2016-03-05,2016,,94.0,,,0,0,N,0.0,0.0,0.0,,,,,,,,36.034614,-86.788061,True,Crashes_2010_2019_MPO
102482450,2019-08-19,2019,,94.0,,,0,0,N,0.0,0.0,0.0,,,,,,,,35.93959,-86.82141,False,Crashes_2010_2019_MPO
101609129,2017-04-09,2017,,94.0,,,0,0,N,0.0,0.0,0.0,,,,,,,,35.96518,-86.80029,True,Crashes_2010_2019_MPO
101433338,2016-11-07,2016,,19.0,,,0,0,N,0.0,0.0,0.0,,,,,,,,36.04453,-86.71316,False,Crashes_2010_2019_MPO
100190931,2012-06-12,2012,,94.0,,,0,0,N,0.0,0.0,0.0,,,,,,,,35.97164,-86.80928,True,Crashes_2010_2019_MPO
100583904,2014-07-15,2014,,94.0,,,0,0,N,0.0,0.0,0.0,,,,,,,,35.94676,-86.85131,False,Crashes_2010_2019_MPO
100460116,2014-03-04,2014,,94.0,,,0,0,N,0.0,0.0,0.0,,,,,,,,35.9715,-86.80818,True,Crashes_2010_2019_MPO
101045537,2015-12-08,2015,,94.0,,,0,0,N,0.0,0.0,0.0,,,,,,,,35.94477,-86.82853,False,Crashes_2010_2019_MPO
101096158,2016-01-29,2016,,94.0,,,0,0,N,0.0,0.0,0.0,,,,,,,,35.96173,-86.80183,True,Crashes_2010_2019_MPO
100773919,2015-03-18,2015,,19.0,,,0,0,N,0.0,0.0,0.0,,,,,,,,36.03987,-86.7646,False,Crashes_2010_2019_MPO
102138525,2018-09-08,2018,,19.0,,,0,0,N,0.0,0.0,0.0,,,,,,,,35.9984,-86.68392,False,Crashes_2010_2019_MPO
100832998,2015-05-12,2015,,94.0,,,0,0,N,0.0,0.0,0.0,,,,,,,,35.92709,-86.82445,False,Crashes_2010_2019_MPO
100293099,2013-02-15,2013,,94.0,,,0,0,N,0.0,0.0,0.0,,,,,,,,35.95525,-86.82602,False,Crashes_2010_2019_MPO
101184551,2016-04-28,2016,,19.0,,,0,0,N,0.0,0.0,0.0,,,,,,,,36.04061,-86.77125,False,Crashes_2010_2019_MPO
101093907,2016-01-25,2016,,19.0,,,0,0,N,0.0,0.0,0.0,,,,,,,,36.01463,-86.74271,True,Crashes_2010_2019_MPO
101002001,2015-11-03,2015,,94.0,,,0,0,N,0.0,0.0,0.0,,,,,,,,35.93495,-86.77665,False,Crashes_2010_2019_MPO
101627787,2017-04-28,2017,,19.0,,,0,0,N,0.0,0.0,0.0,,,,,,,,36.04122,-86.77956,False,Crashes_2010_2019_MPO
100417734,2013-12-10,2013,,94.0,,,0,0,N,0.0,0.0,0.0,,,,,,,,35.94762,-86.81396,False,Crashes_2010_2019_MPO
102512136,2019-09-17,2019,,94.0,,,0,0,N,0.0,0.0,0.0,,,,,,,,35.92649,-86.81601,False,Crashes_2010_2019_MPO
100949692,2015-09-12,2015,,19.0,,,0,0,N,0.0,0.0,0.0,,,,,,,,36.05366,-86.71502,False,Crashes_2010_2019_MPO
102406925,2019-06-01,2019,,19.0,,,0,0,N,0.0,0.0,0.0,,,,,,,,36.04542,-86.70351,False,Crashes_2010_2019_MPO
101191476,2016-05-10,2016,,19.0,,,0,0,N,0.0,0.0,0.0,,,,,,,,35.99647,-86.6893,False,Crashes_2010_2019_MPO
100980249,2015-10-16,2015,,19.0,,,0,0,N,0.0,0.0,0.0,,,,,,,,36.04071,-86.77973,False,Crashes_2010_2019_MPO
101402810,2016-10-12,2016,,94.0,,,0,0,N,0.0,0.0,0.0,,,,,,,,35.95198,-86.81788,False,Crashes_2010_2019_MPO
101238984,2016-06-03,2016,,94.0,,,0,0,N,0.0,0.0,0.0,,,,,,,,35.93589,-86.82373,False,Crashes_2010_2019_MPO
101152951,2016-03-29,2016,,19.0,,,0,0,N,0.0,0.0,0.0,,,,,,,,36.04127,-86.7781,False,Crashes_2010_2019_MPO
101808473,2017-10-28,2017,,94.0,,,0,0,N,0.0,0.0,0.0,,,,,,,,36.00222,-86.77999,True,Crashes_2010_2019_MPO
101300785,2016-07-22,2016,,19.0,,,0,0,N,0.0,0.0,0.0,,,,,,,,36.0409,-86.77938,False,Crashes_2010_2019_MPO
101468442,2016-12-05,2016,,19.0,,,0,0,N,0.0,0.0,0.0,,,,,,,,36.03517,-86.76871,False,Crashes_2010_2019_MPO
102448113,2019-07-03,2019,,94.0,,,0,0,N,0.0,0.0,0.0,,,,,,,,35.95589,-86.83172,False,Crashes_2010_2019_MPO
100939844,2015-08-26,2015,,94.0,,,0,0,N,0.0,0.0,0.0,,,,,,,,35.92537,-86.87293,False,Crashes_2010_2019_MPO