mstrrecnbr,collision_ts,year,county,countystat,crash,crash_type,fatalities,non_motorists,commercial,fatal_c,nonmotor_c,truck_c,fatalc,serious_injuries,ped,bike,lighting,weather,first_harmful_event,latitude,longitude,in_city,src_layer
101418815,2016-10-20,2016,,94.0,,,0,0,N,0.0,0.0,0.0,,,,,,,,35.97349,-86.83353,False,Crashes_2010_2019_MPO
102153290,2018-09-21,2018,,94.0,,,0,0,N,0.0,0.0,0.0,,,,,,,,36.00137,-86.79403,True,Crashes_2010_2019_MPO
100849460,2015-05-24,2015,,94.0,,,0,0,N,0.0,0.0,0.0,,,,,,,,35.99324,-86.69741,True,Crashes_2010_2019_MPO
100886545,2015-07-11,2015,,19.0,,,0,0,N,0.0,0.0,0.0,,,,,,,,36.02413,-86.70977,False,Crashes_2010_2019_MPO
101304451,2016-07-27,2016,,94.0,,,0,0,N,0.0,0.0,0.0,,,,,,,,35.95902,-86.80213,False,Crashes_2010_2019_MPO
101738510,2017-08-22,2017,,94.0,,,0,0,N,0.0,0.0,0.0,,,,,,,,35.96224,-86.8119,False,Crashes_2010_2019_MPO
100419486,2013-12-14,2013,,94.0,,,0,0,N,0.0,0.0,0.0,,,,,,,,36.01289,-86.80078,True,Crashes_2010_2019_MPO
100661315,2014-10-29,2014,,94.0,,,0,0,N,0.0,0.0,0.0,,,,,,,,35.93346,-86.77996,False,Crashes_2010_2019_MPO
101598793,2017-03-26,2017,,94.0,,,0,0,N,0.0,0.0,0.0,,,,,,,,35.98909,-86.79966,True,Crashes_2010_2019_MPO
101036186,2015-11-24,2015,,94.0,,,0,0,N,0.0,0.0,0.0,,,,,,,,36.001776,-86.81389,True,Crashes_2010_2019_MPO
101464059,2016-11-30,2016,,94.0,,,0,0,N,0.0,0.0,0.0,,,,,,,,35.96091,-86.81366,False,Crashes_2010_2019_MPO
10379027,2011-02-01,2011,,19.0,,,0,0, ,0.0,0.0,0.0,,,,,,,,35.996833,-86.690267,False,Crashes_2010_2019_MPO
100769491,2015-03-09,2015,,94.0,,,0,0,N,0.0,0.0,0.0,,,,,,,,35.94761,-86.81992,False,Crashes_2010_2019_MPO
101862023,2017-12-18,2017,,94.0,,,0,0,N,0.0,0.0,0.0,,,,,,,,35.92905,-86.84198,False,Crashes_2010_2019_MPO
102357033,2019-04-11,2019,,94.0,,,0,0,N,0.0,0.0,0.0,,,,,,,,35.99912,-86.80891,True,Crashes_2010_2019_MPO
100153239,2012-02-29,2012,,94.0,,,0,0,N,0.0,0.0,0.0,,,,,,,,35.94761,-86.81992,False,Crashes_2010_2019_MPO
102438734,2019-07-05,2019,,94.0,,,0,0,N,0.0,0.0,0.0,,,,,,,,35.96458,-86.81449,False,Crashes_2010_2019_MPO
101107440,2016-02-16,2016,,94.0,,,0,0,N,0.0,0.0,0.0,,,,,,,,35.96716,-86.81351,True,Crashes_2010_2019_MPO
101695259,2017-07-07,2017,,94.0,,,0,0,N,0.0,0.0,0.0,,,,,,,,35.92653,-86.82568,False,Crashes_2010_2019_MPO
101634834,2017-05-03,2017,,94.0,,,0,0,Y,0.0,0.0,1.0,,,,,,,,35.98102,-86.82221,True,Crashes_2010_2019_MPO
101482234,2016-12-19,2016,,94.0,,,0,0,N,0.0,0.0,0.0,,,,,,,,35.94813,-86.8625,False,Crashes_2010_2019_MPO
100400250,2013-11-03,2013,,94.0,,,0,0,N,0.0,0.0,0.0,,,,,,,,35.98228,-86.74325,True,Crashes_2010_2019_MPO
100480528,2014-03-31,2014,,94.0,,,0,0,N,0.0,0.0,0.0,,,,,,,,35.94068,-86.83938,False,Crashes_2010_2019_MPO
102543020,2019-10-19,2019,,94.0,,,0,0,N,0.0,0.0,0.0,,,,,,,,36.00747,-86.78742,True,Crashes_2010_2019_MPO
102467789,2019-08-04,2019,,19.0,,,0,0,N,0.0,0.0,0.0,,,,,,,,36.05382,-86.70341,False,Crashes_2010_2019_MPO
101093908,2016-01-26,2016,,19.0,,,0,0,N,0.0,0.0,0.0,,,,,,,,35.99604,-86.69072,False,Crashes_2010_2019_MPO
101639991,2017-05-10,2017,,94.0,,,0,0,N,0.0,0.0,0.0,,,,,,,,36.03255,-86.7852,True,Crashes_2010_2019_MPO
102188809,2018-10-25,2018,,94.0,,,0,0,N,0.0,0.0,0.0,,,,,,,,35.93374,-86.81767,False,Crashes_2010_2019_MPO
102587218,2019-12-03,2019,,19.0,,,0,0,N,0.0,0.0,0.0,,,,,,,,36.04045,-86.78019,False,Crashes_2010_2019_MPO
102343831,2019-03-28,2019,,94.0,,,0,0,N,0.0,0.0,0.0,,,,,,,,35.96705,-86.81355,True,Crashes_2010_2019_MPO
100858003,2015-06-08,2015,,19.0,,,0,0,N,0.0,0.0,0.0,,,,,,,,36.02587,-86.68019,False,Crashes_2010_2019_MPO
102494914,2019-08-31,2019,,19.0,,,0,0,N,0.0,0.0,0.0,,,,,,,,36.04028,-86.76837,False,Crashes_2010_2019_MPO
102412852,2019-06-07,2019,,19.0,,,0,0,N,0.0,0.0,0.0,,,,,,,,36.04149,-86.71098,False,Crashes_2010_2019_MPO
101929291,2018-02-28,2018,,19.0,,,0,0,N,0.0,0.0,0.0,,,,,,,,36.04047,-86.77003,False,Crashes_2010_2019_MPO
100705133,2014-12-11,2014,,94.0,,,0,0,N,0.0,0.0,0.0,,,,,,,,36.03526,-86.80752,True,Crashes_2010_2019_MPO
102190842,2018-10-26,2018,,94.0,,,0,0,N,0.0,0.0,0.0,,,,,,,,35.94741,-86.81988,False,Crashes_2010_2019_MPO
100799652,2015-03-30,2015,,94.0,,,0,0,Y,0.0,0.0,1.0,,,,,,,,35.92282,-86.87188,False,Crashes_2010_2019_MPO
102193078,2018-10-28,2018,,94.0,,,0,0,N,0.0,0.0,0.0,,,,,,,,35.92497,-86.86943,False,Crashes_2010_2019_MPO
102551947,2019-10-29,2019,,94.0,,,0,0,N,0.0,0.0,0.0,,,,,,,,36.0096,-86.80322,True,Crashes_2010_2019_MPO
100226513,2012-09-13,2012,,94.0,,,0,0,N,0.0,0.0,0.0,,,,,,,,35.99755,-86.79662,True,Crashes_2010_2019_MPO
102558197,2019-11-04,2019,,94.0,,,0,0,N,0.0,0.0,0.0,,,,,,,,35.93573,-86.8243,False,Crashes_2010_2019_MPO
102257319,2018-12-26,2018,,94.0,,,0,0,N,0.0,0.0,0.0,,,,,,,,35.96589,-86.80316,True,Crashes_2010_2019_MPO
101583985,2017-03-15,2017,,94.0,,,0,0,N,0.0,0.0,0.0,,,,,,,,35.93498,-86.82434,False,Crashes_2010_2019_MPO
100632661,2014-09-23,2014,,19.0,,,0,0,N,0.0,0.0,0.0,,,,,,,,36.03192,-86.76249,False,Crashes_2010_2019_MPO
102493628,2019-08-30,2019,,94.0,,,0,0,N,0.0,0.0,0.0,,,,,,,,35.946,-86.8208,False,Crashes_2010_2019_MPO
100907108,2015-07-15,2015,,94.0,,,0,0,N,0.0,0.0,0.0,,,,,,,,35.96011,-86.81385,False,Crashes_2010_2019_MPO
100755650,2015-03-02,2015,,19.0,,,0,0,N,0.0,0.0,0.0,,,,,,,,36.03936,-86.78274,False,Crashes_2010_2019_MPO
101148445,2016-03-22,2016,,94.0,,,0,0,N,0.0,0.0,0.0,,,,,,,,35.94782,-86.81975,False,Crashes_2010_2019_MPO
102546305,2019-10-23,2019,,94.0,,,0,0,N,0.0,0.0,0.0,,,,,,,,35.99922,-86.80923,True,Crashes_2010_2019_MPO
101361157,2016-09-14,2016,,94.0,,,0,0,N,0.0,0.0,0.0,,,,,,,,35.9325,-86.86247,False,Crashes_2010_2019_MPO
101349657,2016-08-28,2016,,94.0,,,0,0,N,0.0,0.0,0.0,,,,,,,,35.99844,-86.80422,True,Crashes_2010_2019_MPO
101569025,2017-02-28,2017,,94.0,,,0,0,N,0.0,0.0,0.0,,,,,,,,35.93233,-86.87905,False,Crashes_2010_2019_MPO
101486508,2016-12-24,2016,,19.0,,,0,0,N,0.0,0.0,0.0,,,,,,,,36.04441,-86.78039,False,Crashes_2010_2019_MPO
100982694,2015-10-20,2015,,94.0,,,0,0,N,0.0,0.0,0.0,,,,,,,,35.95951,-86.80208,False,Crashes_2010_2019_MPO
101576685,2017-03-08,2017,,94.0,,,0,0,N,0.0,0.0,0.0,,,,,,,,36.03093,-86.78699,True,Crashes_2010_2019_MPO
101962086,2018-03-31,2018,,19.0,,,0,0,N,0.0,0.0,0.0,,,,,,,,36.04479,-86.72487,False,Crashes_2010_2019_MPO
102201490,2018-11-05,2018,,94.0,,,0,0,N,0.0,0.0,0.0,,,,,,,,35.93272,-86.78548,False,Crashes_2010_2019_MPO
102586302,2019-12-02,2019,,94.0,,,0,0,N,0.0,0.0,0.0,,,,,,,,35.9417,-86.81054,False,Crashes_2010_2019_MPO
100417372,2013-12-10,2013,,94.0,,,0,0,N,0.0,0.0,0.0,,,,,,,,36.00182,-86.79357,True,Crashes_2010_2019_MPO
100995217,2015-10-24,2015,,94.0,,,0,0,N,0.0,0.0,0.0,,,,,,,,35.92321,-86.87307,False,Crashes_2010_2019_MPO
100618796,2014-09-14,2014,,94.0,,,0,0,N,0.0,0.0,0.0,,,,,,,,35.96539,-86.79779,True,Crashes_2010_2019_MPO
102272928,2019-01-10,2019,,94.0,,,0,0,N,0.0,0.0,0.0,,,,,,,,35.94549,-86.80878,False,Crashes_2010_2019_MPO
102203072,2018-11-07,2018,,94.0,,,0,0,N,0.0,0.0,0.0,,,,,,,,35.93,-86.8563,False,Crashes_2010_2019_MPO
102392502,2019-05-18,2019,,94.0,,,0,0,N,0.0,0.0,0.0,,,,,,,,35.93761,-86.70258,False,Crashes_2010_2019_MPO
101866590,2017-12-22,2017,,94.0,,,0,0,N,0.0,0.0,0.0,,,,,,,,35.96745,-86.81584,True,Crashes_2010_2019_MPO
101190209,2016-05-08,2016,,94.0,,,0,0,N,0.0,0.0,0.0,,,,,,,,35.92631,-86.87093,False,Crashes_2010_2019_MPO
101004373,2015-11-06,2015,,19.0,,,0,0,N,0.0,0.0,0.0,,,,,,,,36.04018,-86.76731,False,Crashes_2010_2019_MPO
101838910,2017-11-22,2017,,94.0,,,0,0,N,0.0,0.0,0.0,,,,,,,,35.96495,-86.81133,False,Crashes_2010_2019_MPO
102536600,2019-10-13,2019,,94.0,,,0,0,N,0.0,0.0,0.0,,,,,,,,36.04074,-86.86845,True,Crashes_2010_2019_MPO
102164334,2018-10-01,2018,,94.0,,,0,0,N,0.0,0.0,0.0,,,,,,,,35.92472,-86.79428,False,Crashes_2010_2019_MPO
102508318,2019-09-13,2019,,94.0,,,0,0,N,0.0,0.0,0.0,,,,,,,,35.96133,-86.81226,False,Crashes_2010_2019_MPO
102335620,2019-03-16,2019,,94.0,,,0,0,N,0.0,0.0,0.0,,,,,,,,35.93418,-86.81871,False,Crashes_2010_2019_MPO
100394605,2013-10-22,2013,,94.0,,,0,0,Y,0.0,0.0,1.0,,,,,,,,35.99644,-86.788,True,Crashes_2010_2019_MPO
102334542,2019-03-18,2019,,94.0,,,0,0,N,0.0,0.0,0.0,,,,,,,,35.99656,-86.7891,True,Crashes_2010_2019_MPO
101746380,2017-08-30,2017,,94.0,,,0,0,N,0.0,0.0,0.0,,,,,,,,35.95051,-86.76622,True,Crashes_2010_2019_MPO
100820906,2015-04-17,2015,,94.0,,,0,0,N,0.0,0.0,0.0,,,,,,,,35.92296,-86.87112,False,Crashes_2010_2019_MPO
100292570,2013-02-14,2013,,94.0,,,0,0,N,0.0,0.0,0.0,,,,,,,,36.0086,-86.78627,True,Crashes_2010_2019_MPO
100185996,2012-05-29,2012,,94.0,,,0,0,N,0.0,0.0,0.0,,,,,,,,35.99667,-86.79004,True,Crashes_2010_2019_MPO
100635665,2014-09-29,2014,,94.0,,,0,0,N,0.0,0.0,0.0,,,,,,,,35.92424,-86.87095,False,Crashes_2010_2019_MPO
101186676,2016-05-03,2016,,94.0,,,0,0,N,0.0,0.0,0.0,,,,,,,,36.029289,-86.790695,True,Crashes_2010_2019_MPO
102296765,2019-01-30,2019,,94.0,,,0,0,N,0.0,0.0,0.0,,,,,,,,36.01689,-86.78609,True,Crashes_2010_2019_MPO
100355323,2013-07-17,2013,,94.0,,,0,0,N,0.0,0.0,0.0,,,,,,,,35.99735,-86.79489,True,Crashes_2010_2019_MPO
100886390,2015-07-14,2015,,94.0,,,0,0,N,0.0,0.0,0.0,,,,,,,,35.9729,-86.83346,False,Crashes_2010_2019_MPO
100618927,2014-09-14,2014,,94.0,,,0,0,N,0.0,0.0,0.0,,,,,,,,35.99381,-86.76074,True,Crashes_2010_2019_MPO
102147751,2018-09-17,2018,,19.0,,,0,0,N,0.0,0.0,0.0,,,,,,,,36.03958,-86.76842,False,Crashes_2010_2019_MPO
101396157,2016-10-04,2016,,94.0,,,0,0,N,0.0,0.0,0.0,,,,,,,,35.93358,-86.86166,False,Crashes_2010_2019_MPO
101179152,2016-04-22,2016,,19.0,,,0,0,N,0.0,0.0,0.0,,,,,,,,36.05336,-86.73761,False,Crashes_2010_2019_MPO
100632669,2014-09-23,2014,,19.0,,,0,0,N,0.0,0.0,0.0,,,,,,,,36.03067,-86.87311,False,Crashes_2010_2019_MPO
101272970,2016-06-25,2016,,94.0,,,0,0,N,0.0,0.0,0.0,,,,,,,,35.95239,-86.81798,False,Crashes_2010_2019_MPO
100144885,2012-02-05,2012,,94.0,,,0,0,N,0.0,0.0,0.0,,,,,,,,35.92367,-86.76694,False,Crashes_2010_2019_MPO
100944983,2015-09-04,2015,,19.0,,,0,0,N,0.0,0.0,0.0,,,,,,,,36.04543,-86.71845,False,Crashes_2010_2019_MPO
100996389,2015-10-25,2015,,94.0,,,1,1,N,1.0,1.0,0.0,,,,,,,,35.93406,-86.819,False,Crashes_2010_2019_MPO
101471685,2016-12-09,2016,,94.0,,,0,0,N,0.0,0.0,0.0,,,,,,,,35.98935,-86.68184,False,Crashes_2010_2019_MPO
101426074,2016-10-29,2016,,94.0,,,0,0,N,0.0,0.0,0.0,,,,,,,,35.96669,-86.67672,False,Crashes_2010_2019_MPO
101871947,2017-12-29,2017,,19.0,,,0,0,N,0.0,0.0,0.0,,,,,,,,36.03809,-86.78409,False,Crashes_2010_2019_MPO
102341538,2019-03-26,2019,,94.0,,,0,0,Y,0.0,0.0,1.0,,,,,,,,35.9887,-86.7997,True,Crashes_2010_2019_MPO
102310214,2019-02-19,2019,,94.0,,,0,0,N,0.0,0.0,0.0,,,,,,,,35.98986,-86.74385,True,Crashes_2010_2019_MPO
100859652,2015-06-12,2015,,19.0,,,0,0,N,0.0,0.0,0.0,,,,,,,,36.03253,-86.76816,False,Crashes_2010_2019_MPO
101364117,2016-09-15,2016,,94.0,,,0,0,N,0.0,0.0,0.0,,,,,,,,35.96185,-86.81522,False,Crashes_2010_2019_MPO
102147674,2018-09-17,2018,,19.0,,,0,0,N,0.0,0.0,0.0,,,,,,,,36.04097,-86.7213,False,Crashes_2010_2019_MPO
102589875,2019-12-03,2019,,94.0,,,0,0,N,0.0,0.0,0.0,,,,,,,,35.96647,-86.80951,True,Crashes_2010_2019_MPO
100402850,2013-11-09,2013,,94.0,,,0,0,N,0.0,0.0,0.0,,,,,,,,35.99579,-86.78176,True,Crashes_2010_2019_MPO
100552435,2014-06-17,2014,,94.0,,,0,0,N,0.0,0.0,0.0,,,,,,,,35.92456,-86.87028,False,Crashes_2010_2019_MPO
100541913,2014-05-22,2014,,94.0,,,0,0,N,0.0,0.0,0.0,,,,,,,,35.9232,-86.8675,False,Crashes_2010_2019_MPO
100938641,2015-08-18,2015,,94.0,,,0,0,N,0.0,0.0,0.0,,,,,,,,35.9642,-86.80828,False,Crashes_2010_2019_MPO
100255845,2012-11-21,2012,,94.0,,,0,0,N,0.0,0.0,0.0,,,,,,,,35.9337,-86.81808,False,Crashes_2010_2019_MPO
101154316,2016-03-31,2016,,19.0,,,0,0,N,0.0,0.0,0.0,,,,,,,,36.03997,-86.76539,False,Crashes_2010_2019_MPO
101993652,2018-04-29,2018,,19.0,,,0,0,N,0.0,0.0,0.0,,,,,,,,36.0508,-86.71608,False,Crashes_2010_2019_MPO
102510812,2019-09-16,2019,,94.0,,,0,0,N,0.0,0.0,0.0,,,,,,,,35.92982,-86.82023,False,Crashes_2010_2019_MPO
101676327,2017-06-17,2017,,94.0,,,0,0,N,0.0,0.0,0.0,,,,,,,,36.035564,-86.787484,True,Crashes_2010_2019_MPO
101065856,2015-12-23,2015,,19.0,,,0,0,N,0.0,0.0,0.0,,,,,,,,36.03934,-86.78566,False,Crashes_2010_2019_MPO
101269190,2016-06-20,2016,,94.0,,,0,0,N,0.0,0.0,0.0,,,,,,,,35.95048,-86.76585,True,Crashes_2010_2019_MPO
101185439,2016-05-01,2016,,94.0,,,0,0,N,0.0,0.0,0.0,,,,,,,,35.9484,-86.82278,False,Crashes_2010_2019_MPO
102161971,2018-09-29,2018,,94.0,,,0,0,N,0.0,0.0,0.0,,,,,,,,35.99922,-86.80923,True,Crashes_2010_2019_MPO
101840654,2017-11-27,2017,,94.0,,,0,0,N,0.0,0.0,0.0,,,,,,,,35.92363,-86.86862,False,Crashes_2010_2019_MPO
101181620,2016-04-26,2016,,19.0,,,0,0,Y,0.0,0.0,1.0,,,,,,,,36.03927,-86.74686,False,Crashes_2010_2019_MPO
101079999,2016-01-19,2016,,94.0,,,0,0,N,0.0,0.0,0.0,,,,,,,,35.94493,-86.8284,False,Crashes_2010_2019_MPO
101151034,2016-03-25,2016,,19.0,,,0,0,N,0.0,0.0,0.0,,,,,,,,36.05477,-86.69417,False,Crashes_2010_2019_MPO
100217324,2012-08-20,2012,,94.0,,,0,0,N,0.0,0.0,0.0,,,,,,,,35.97497,-86.87043,False,Crashes_2010_2019_MPO
101154599,2016-03-31,2016,,19.0,,,0,0,N,0.0,0.0,0.0,,,,,,,,36.04526,-86.7147,False,Crashes_2010_2019_MPO
100970496,2015-09-30,2015,,19.0,,,0,0,N,0.0,0.0,0.0,,,,,,,,36.02669,-86.71129,False,Crashes_2010_2019_MPO
101303469,2016-07-26,2016,,19.0,,,0,0,N,0.0,0.0,0.0,,,,,,,,35.99817,-86.6917,False,Crashes_2010_2019_MPO
101854508,2017-12-10,2017,,94.0,,,0,0,N,0.0,0.0,0.0,,,,,,,,35.92499,-86.82469,False,Crashes_2010_2019_MPO
100939861,2015-08-26,2015,,19.0,,,0,0,N,0.0,0.0,0.0,,,,,,,,36.0344,-86.74356,False,Crashes_2010_2019_MPO
101328805,2016-08-16,2016,,94.0,,,0,0,N,0.0,0.0,0.0,,,,,,,,35.93374,-86.81767,False,Crashes_2010_2019_MPO
101156998,2016-04-03,2016,,94.0,,,0,0,N,0.0,0.0,0.0,,,,,,,,35.94444,-86.82266,False,Crashes_2010_2019_MPO
102226499,2018-11-27,2018,,94.0,,,0,0,N,0.0,0.0,0.0,,,,,,,,35.98672,-86.7372,True,Crashes_2010_2019_MPO
102147229,2018-09-16,2018,,94.0,,,0,0,N,0.0,0.0,0.0,,,,,,,,35.95863,-86.80444,False,Crashes_2010_2019_MPO
101879033,2018-01-05,2018,,94.0,,,0,0,N,0.0,0.0,0.0,,,,,,,,35.96569,-86.80582,False,Crashes_2010_2019_MPO
100680919,2014-11-13,2014,,94.0,,,0,0,N,0.0,0.0,0.0,,,,,,,,36.01471,-86.72621,False,Crashes_2010_2019_MPO
100391850,2013-10-16,2013,,94.0,,,0,0,Y,0.0,0.0,1.0,,,,,,,,35.97776,-86.80359,True,Crashes_2010_2019_MPO
101931799,2018-03-01,2018,,94.0,,,0,0,N,0.0,0.0,0.0,,,,,,,,35.95901,-86.81335,False,Crashes_2010_2019_MPO
100163006,2012-03-28,2012,,94.0,,,0,0,N,0.0,0.0,0.0,,,,,,,,36.03165,-86.87539,False,Crashes_2010_2019_MPO
102536586,2019-10-13,2019,,94.0,,,0,0,N,0.0,0.0,0.0,,,,,,,,36.04091,-86.8683,True,Crashes_2010_2019_MPO
101105070,2016-02-13,2016,,94.0,,,0,0,N,0.0,0.0,0.0,,,,,,,,36.03488,-86.78307,True,Crashes_2010_2019_MPO
100976955,2015-10-03,2015,,94.0,,,0,0,N,0.0,0.0,0.0,,,,,,,,35.9292,-86.7166,False,Crashes_2010_2019_MPO
100393805,2013-10-20,2013,,94.0,,,0,0,N,0.0,0.0,0.0,,,,,,,,36.01881,-86.80186,True,Crashes_2010_2019_MPO
101321327,2016-08-05,2016,,94.0,,,0,0,N,0.0,0.0,0.0,,,,,,,,35.99,-86.8474,False,Crashes_2010_2019_MPO
102317705,2019-02-26,2019,,94.0,,,0,0,N,0.0,0.0,0.0,,,,,,,,35.95694,-86.80337,False,Crashes_2010_2019_MPO
101799808,2017-10-21,2017,,19.0,,,0,0,N,0.0,0.0,0.0,,,,,,,,36.03723,-86.78661,False,Crashes_2010_2019_MPO
101329541,2016-08-17,2016,,94.0,,,0,0,N,0.0,0.0,0.0,,,,,,,,36.03016,-86.79048,True,Crashes_2010_2019_MPO
100884367,2015-07-10,2015,,94.0,,,0,0,N,0.0,0.0,0.0,,,,,,,,35.95597,-86.84804,False,Crashes_2010_2019_MPO
102479944,2019-08-09,2019,,94.0,,,0,0,N,0.0,0.0,0.0,,,,,,,,36.01689,-86.78609,True,Crashes_2010_2019_MPO
102392103,2019-05-17,2019,,19.0,,,0,0,N,0.0,0.0,0.0,,,,,,,,36.03999,-86.7431,False,Crashes_2010_2019_MPO
101153361,2016-03-29,2016,,94.0,,,0,0,N,0.0,0.0,0.0,,,,,,,,35.97202,-86.8264,True,Crashes_2010_2019_MPO
101930267,2018-03-01,2018,,94.0,,,0,0,N,0.0,0.0,0.0,,,,,,,,35.966716,-86.809118,True,Crashes_2010_2019_MPO
102423035,2019-06-19,2019,,94.0,,,0,0,N,0.0,0.0,0.0,,,,,,,,35.96488,-86.7931,True,Crashes_2010_2019_MPO
100976489,2015-10-09,2015,,19.0,,,0,0,N,0.0,0.0,0.0,,,,,,,,36.04921,-86.86971,False,Crashes_2010_2019_MPO
100857766,2015-06-09,2015,,19.0,,,0,0,N,0.0,0.0,0.0,,,,,,,,36.03454,-86.76871,False,Crashes_2010_2019_MPO
101040731,2015-12-01,2015,,94.0,,,0,0,N,0.0,0.0,0.0,,,,,,,,35.94683,-86.85172,False,Crashes_2010_2019_MPO
101496874,2017-01-05,2017,,94.0,,,0,0,N,0.0,0.0,0.0,,,,,,,,35.92999,-86.86435,False,Crashes_2010_2019_MPO
100616318,2014-09-08,2014,,94.0,,,0,0,N,0.0,0.0,0.0,,,,,,,,35.92357,-86.87145,False,Crashes_2010_2019_MPO
102601829,2019-12-19,2019,,94.0,,,0,0,N,0.0,0.0,0.0,,,,,,,,35.96705,-86.81355,True,Crashes_2010_2019_MPO
101587290,2017-03-19,2017,,19.0,,,0,0,N,0.0,0.0,0.0,,,,,,,,36.05149,-86.70337,False,Crashes_2010_2019_MPO
100922320,2015-08-13,2015,,19.0,,,0,0,N,0.0,0.0,0.0,,,,,,,,36.04034,-86.76877,False,Crashes_2010_2019_MPO
102135168,2018-09-05,2018,,94.0,,,0,0,N,0.0,0.0,0.0,,,,,,,,35.98264,-86.69866,True,Crashes_2010_2019_MPO
100886910,2015-07-15,2015,,19.0,,,0,0,N,0.0,0.0,0.0,,,,,,,,36.03735,-86.78656,False,Crashes_2010_2019_MPO
100879028,2015-06-30,2015,,94.0,,,0,0,N,0.0,0.0,0.0,,,,,,,,35.95112,-86.80647,False,Crashes_2010_2019_MPO
100709632,2014-12-19,2014,,94.0,,,0,0,N,0.0,0.0,0.0,,,,,,,,35.99335,-86.69968,True,Crashes_2010_2019_MPO
102398109,2019-05-24,2019,,19.0,,,0,0,N,0.0,0.0,0.0,,,,,,,,36.0409,-86.77938,False,Crashes_2010_2019_MPO
102392264,2019-05-17,2019,,19.0,,,0,0,N,0.0,0.0,0.0,,,,,,,,36.03757,-86.79243,False,Crashes_2010_2019_MPO
101146233,2016-03-18,2016,,94.0,,,0,0,N,0.0,0.0,0.0,,,,,,,,35.9583,-86.8023,False,Crashes_2010_2019_MPO
101125791,2016-03-01,2016,,19.0,,,0,0,N,0.0,0.0,0.0,,,,,,,,36.03986,-86.78104,False,Crashes_2010_2019_MPO
100142862,2012-01-31,2012,,94.0,,,0,0,N,0.0,0.0,0.0,,,,,,,,36.03689,-86.81684,True,Crashes_2010_2019_MPO
102377846,2019-05-02,2019,,94.0,,,0,0,N,0.0,0.0,0.0,,,,,,,,35.98325,-86.80167,True,Crashes_2010_2019_MPO
101909210,2018-02-07,2018,,19.0,,,0,0,N,0.0,0.0,0.0,,,,,,,,36.03323,-86.71293,False,Crashes_2010_2019_MPO
100693432,2014-11-20,2014,,94.0,,,0,0,N,0.0,0.0,0.0,,,,,,,,35.96665,-86.80941,True,Crashes_2010_2019_MPO
101074081,2016-01-08,2016,,94.0,,,0,0,N,0.0,0.0,0.0,,,,,,,,36.00989,-86.80301,True,Crashes_2010_2019_MPO
102299416,2019-02-06,2019,,94.0,,,0,0,N,0.0,0.0,0.0,,,,,,,,35.96458,-86.81449,False,Crashes_2010_2019_MPO
101037581,2015-11-27,2015,,94.0,,,0,0,N,0.0,0.0,0.0,,,,,,,,36.02291,-86.74254,False,Crashes_2010_2019_MPO
100511285,2014-05-20,2014,,94.0,,,0,0,N,0.0,0.0,0.0,,,,,,,,35.94673,-86.85172,False,Crashes_2010_2019_MPO
102151290,2018-09-20,2018,,94.0,,,0,0,N,0.0,0.0,0.0,,,,,,,,35.95613,-86.84426,False,Crashes_2010_2019_MPO
100308177,2013-03-26,2013,,94.0,,,0,0,N,0.0,0.0,0.0,,,,,,,,35.92899,-86.82446,False,Crashes_2010_2019_MPO
101180203,2016-04-23,2016,,94.0,,,0,0,N,0.0,0.0,0.0,,,,,,,,35.92358,-86.86778,False,Crashes_2010_2019_MPO
101933781,2018-03-04,2018,,19.0,,,0,0,N,0.0,0.0,0.0,,,,,,,,36.04503,-86.72433,False,Crashes_2010_2019_MPO
101541340,2017-02-01,2017,,94.0,,,0,0,N,0.0,0.0,0.0,,,,,,,,35.99922,-86.80923,True,Crashes_2010_2019_MPO
102328551,2019-03-12,2019,,94.0,,,0,0,N,0.0,0.0,0.0,,,,,,,,35.94808,-86.81838,False,Crashes_2010_2019_MPO
100914677,2015-07-30,2015,,94.0,,,0,0,N,0.0,0.0,0.0,,,,,,,,35.98721,-86.73788,True,Crashes_2010_2019_MPO
101958244,2018-03-28,2018,,94.0,,,0,0,N,0.0,0.0,0.0,,,,,,,,35.94695,-86.8221,False,Crashes_2010_2019_MPO
102333932,2019-03-18,2019,,19.0,,,0,0,N,0.0,0.0,0.0,,,,,,,,36.03956,-86.7817,False,Crashes_2010_2019_MPO
101768073,2017-09-22,2017,,19.0,,,0,0,N,0.0,0.0,0.0,,,,,,,,36.0452,-86.70017,False,Crashes_2010_2019_MPO
100918811,2015-08-06,2015,,94.0,,,0,0,N,0.0,0.0,0.0,,,,,,,,36.0231,-86.78683,True,Crashes_2010_2019_MPO
101729386,2017-08-13,2017,,19.0,,,0,0,N,0.0,0.0,0.0,,,,,,,,35.99389,-86.686,False,Crashes_2010_2019_MPO
102411028,2019-06-06,2019,,19.0,,,0,0,N,0.0,0.0,0.0,,,,,,,,36.04027,-86.74502,False,Crashes_2010_2019_MPO
102300661,2019-02-08,2019,,94.0,,,0,0,N,0.0,0.0,0.0,,,,,,,,36.03475,-86.81716,True,Crashes_2010_2019_MPO
102258452,2018-12-27,2018,,94.0,,,0,0,N,0.0,0.0,0.0,,,,,,,,35.95051,-86.76622,True,Crashes_2010_2019_MPO
101921657,2018-02-19,2018,,94.0,,,0,0,N,0.0,0.0,0.0,,,,,,,,35.99759,-86.79685,True,Crashes_2010_2019_MPO
102361795,2019-04-15,2019,,94.0,,,0,0,N,0.0,0.0,0.0,,,,,,,,35.94708,-86.83267,False,Crashes_2010_2019_MPO
100921039,2015-08-11,2015,,19.0,,,0,0,N,0.0,0.0,0.0,,,,,,,,36.03246,-86.70821,False,Crashes_2010_2019_MPO
100620119,2014-09-17,2014,,94.0,,,0,0,N,0.0,0.0,0.0,,,,,,,,35.96456,-86.81084,False,Crashes_2010_2019_MPO
101568975,2017-02-28,2017,,94.0,,,0,0,N,0.0,0.0,0.0,,,,,,,,35.94999,-86.81898,False,Crashes_2010_2019_MPO