mstrrecnbr,collision_ts,year,county,countystat,crash,crash_type,fatalities,non_motorists,commercial,fatal_c,nonmotor_c,truck_c,fatalc,serious_injuries,ped,bike,lighting,weather,first_harmful_event,latitude,longitude,in_city,src_layer
102166064,2018-10-03,2018,,94.0,,,0,0,N,0.0,0.0,0.0,,,,,,,,35.93199,-86.82397,False,Crashes_2010_2019_MPO
100570512,2014-07-08,2014,,94.0,,,0,0,N,0.0,0.0,0.0,,,,,,,,35.97102,-86.72644,True,Crashes_2010_2019_MPO
100317267,2013-04-16,2013,,94.0,,,0,0,N,0.0,0.0,0.0,,,,,,,,35.9348,-86.82116,False,Crashes_2010_2019_MPO
101147755,2016-03-20,2016,,19.0,,,0,0,N,0.0,0.0,0.0,,,,,,,,36.03043,-86.68261,False,Crashes_2010_2019_MPO
101119781,2016-02-19,2016,,94.0,,,0,0,N,0.0,0.0,0.0,,,,,,,,35.9476,-86.81992,False,Crashes_2010_2019_MPO
101659467,2017-05-30,2017,,94.0,,,0,0,N,0.0,0.0,0.0,,,,,,,,35.99527,-86.68762,False,Crashes_2010_2019_MPO
101859597,2017-12-14,2017,,94.0,,,0,0,N,0.0,0.0,0.0,,,,,,,,35.97716,-86.67813,False,Crashes_2010_2019_MPO
100377106,2013-09-09,2013,,94.0,,,0,0,N,0.0,0.0,0.0,,,,,,,,35.99137,-86.81338,True,Crashes_2010_2019_MPO
102393005,2019-05-01,2019,,19.0,,,0,0,N,0.0,0.0,0.0,,,,,,,,36.03899,-86.78258,False,Crashes_2010_2019_MPO
101833083,2017-11-21,2017,,94.0,,,0,0,N,0.0,0.0,0.0,,,,,,,,35.99734,-86.79486,True,Crashes_2010_2019_MPO
101744994,2017-08-29,2017,,94.0,,,0,0,N,0.0,0.0,0.0,,,,,,,,35.9469,-86.82166,False,Crashes_2010_2019_MPO
101329368,2016-08-03,2016,,19.0,,,0,0,N,0.0,0.0,0.0,,,,,,,,36.04128,-86.77962,False,Crashes_2010_2019_MPO
101786800,2017-10-09,2017,,19.0,,,0,0,N,0.0,0.0,0.0,,,,,,,,36.0374,-86.78657,False,Crashes_2010_2019_MPO
101366113,2016-09-20,2016,,94.0,,,0,0,N,0.0,0.0,0.0,,,,,,,,36.02193,-86.7951,True,Crashes_2010_2019_MPO
102305360,2019-02-14,2019,,94.0,,,0,0,N,0.0,0.0,0.0,,,,,,,,35.98313,-86.71997,True,Crashes_2010_2019_MPO
100333207,2013-05-24,2013,,94.0,,,0,0,N,0.0,0.0,0.0,,,,,,,,36.03656,-86.80116,True,Crashes_2010_2019_MPO
101127910,2016-03-04,2016,,94.0,,,0,0,N,0.0,0.0,0.0,,,,,,,,35.98111,-86.84624,False,Crashes_2010_2019_MPO
101568669,2017-02-28,2017,,94.0,,,0,0,N,0.0,0.0,0.0,,,,,,,,35.94507,-86.81493,False,Crashes_2010_2019_MPO
101280497,2016-07-06,2016,,19.0,,,0,0,N,0.0,0.0,0.0,,,,,,,,36.01339,-86.7385,True,Crashes_2010_2019_MPO
101757209,2017-09-10,2017,,94.0,,,0,0,N,0.0,0.0,0.0,,,,,,,,35.94909,-86.81954,False,Crashes_2010_2019_MPO
102484397,2019-08-21,2019,,94.0,,,0,0,N,0.0,0.0,0.0,,,,,,,,36.01939,-86.78705,True,Crashes_2010_2019_MPO
102001300,2018-05-05,2018,,19.0,,,0,0,N,0.0,0.0,0.0,,,,,,,,36.0404,-86.71152,False,Crashes_2010_2019_MPO
100754523,2015-02-23,2015,,19.0,,,0,0,N,0.0,0.0,0.0,,,,,,,,36.03958,-86.86944,False,Crashes_2010_2019_MPO
100570396,2014-07-07,2014,,94.0,,,0,0,N,0.0,0.0,0.0,,,,,,,,35.92529,-86.87313,False,Crashes_2010_2019_MPO
101097387,2016-02-01,2016,,94.0,,,0,0,N,0.0,0.0,0.0,,,,,,,,36.04489,-86.86476,True,Crashes_2010_2019_MPO
101125292,2016-03-01,2016,,94.0,,,0,0,N,0.0,0.0,0.0,,,,,,,,35.96713,-86.81335,True,Crashes_2010_2019_MPO
101991009,2018-04-22,2018,,19.0,,,0,0,N,0.0,0.0,0.0,,,,,,,,36.03229,-86.78363,True,Crashes_2010_2019_MPO
100310810,2013-04-01,2013,,94.0,,,0,0,N,0.0,0.0,0.0,,,,,,,,35.94283,-86.81923,False,Crashes_2010_2019_MPO
102464825,2019-08-01,2019,,19.0,,,0,0,N,0.0,0.0,0.0,,,,,,,,36.03971,-86.76279,False,Crashes_2010_2019_MPO
102511067,2019-09-16,2019,,94.0,,,0,0,N,0.0,0.0,0.0,,,,,,,,35.93292,-86.81159,False,Crashes_2010_2019_MPO
101071427,2016-01-03,2016,,19.0,,,0,0,N,0.0,0.0,0.0,,,,,,,,36.01092,-86.72786,False,Crashes_2010_2019_MPO
101909173,2018-02-07,2018,,19.0,,,0,0,N,0.0,0.0,0.0,,,,,,,,36.05151,-86.71436,False,Crashes_2010_2019_MPO
102606422,2019-12-23,2019,,94.0,,,0,0,N,0.0,0.0,0.0,,,,,,,,35.95699,-86.81298,False,Crashes_2010_2019_MPO
101231333,2016-05-24,2016,,94.0,,,0,0,N,0.0,0.0,0.0,,,,,,,,35.99922,-86.80923,True,Crashes_2010_2019_MPO
100611550,2014-08-28,2014,,94.0,,,0,0,Y,0.0,0.0,1.0,,,,,,,,35.94803,-86.86369,False,Crashes_2010_2019_MPO
100594098,2014-08-09,2014,,94.0,,,0,0,N,0.0,0.0,0.0,,,,,,,,35.92365,-86.86783,False,Crashes_2010_2019_MPO
101348676,2016-08-29,2016,,94.0,,,0,0,N,0.0,0.0,0.0,,,,,,,,35.92926,-86.83968,False,Crashes_2010_2019_MPO
102028118,2018-05-30,2018,,94.0,,,0,0,N,0.0,0.0,0.0,,,,,,,,36.00655,-86.80537,True,Crashes_2010_2019_MPO
102266046,2019-01-03,2019,,94.0,,,0,0,N,0.0,0.0,0.0,,,,,,,,35.99156,-86.79881,True,Crashes_2010_2019_MPO
101905772,2018-01-19,2018,,94.0,,,0,0,N,0.0,0.0,0.0,,,,,,,,35.96273,-86.68989,False,Crashes_2010_2019_MPO
102606752,2019-12-24,2019,,94.0,,,0,0,N,0.0,0.0,0.0,,,,,,,,36.0085,-86.78038,True,Crashes_2010_2019_MPO
100633571,2014-09-24,2014,,94.0,,,0,0,N,0.0,0.0,0.0,,,,,,,,35.98819,-86.70616,True,Crashes_2010_2019_MPO
101502159,2016-11-16,2016,,19.0,,,0,0,N,0.0,0.0,0.0,,,,,,,,36.037,-86.74722,False,Crashes_2010_2019_MPO
100829284,2015-05-06,2015,,94.0,,,0,0,N,0.0,0.0,0.0,,,,,,,,35.92955,-86.82034,False,Crashes_2010_2019_MPO
100700978,2014-12-03,2014,,94.0,,,0,0,N,0.0,0.0,0.0,,,,,,,,35.93561,-86.82388,False,Crashes_2010_2019_MPO
101935996,2018-03-03,2018,,94.0,,,0,0,N,0.0,0.0,0.0,,,,,,,,35.98524,-86.72921,True,Crashes_2010_2019_MPO
102593053,2019-12-09,2019,,94.0,,,0,0,N,0.0,0.0,0.0,,,,,,,,35.92973,-86.82434,False,Crashes_2010_2019_MPO
101500456,2017-01-09,2017,,19.0,,,0,0,N,0.0,0.0,0.0,,,,,,,,36.0473,-86.86274,False,Crashes_2010_2019_MPO
101974403,2018-04-10,2018,,94.0,,,0,0,N,0.0,0.0,0.0,,,,,,,,35.99734,-86.79486,True,Crashes_2010_2019_MPO
102064380,2018-07-04,2018,,94.0,,,0,0,N,0.0,0.0,0.0,,,,,,,,35.96582,-86.87951,False,Crashes_2010_2019_MPO
101848807,2017-12-05,2017,,19.0,,,0,0,N,0.0,0.0,0.0,,,,,,,,36.0389,-86.67744,False,Crashes_2010_2019_MPO
100663202,2014-11-01,2014,,94.0,,,0,0,N,0.0,0.0,0.0,,,,,,,,35.94685,-86.82396,False,Crashes_2010_2019_MPO
101189555,2016-05-07,2016,,94.0,,,0,1,N,0.0,1.0,0.0,,,,,,,,35.92673,-86.87005,False,Crashes_2010_2019_MPO
101132821,2016-03-12,2016,,94.0,,,0,0,N,0.0,0.0,0.0,,,,,,,,35.93829,-86.87909,False,Crashes_2010_2019_MPO
101478020,2016-12-03,2016,,94.0,,,0,0,N,0.0,0.0,0.0,,,,,,,,35.97334,-86.83305,True,Crashes_2010_2019_MPO
101786438,2017-10-09,2017,,94.0,,,0,0,N,0.0,0.0,0.0,,,,,,,,35.95845,-86.87714,False,Crashes_2010_2019_MPO
101480140,2016-12-17,2016,,94.0,,,0,0,N,0.0,0.0,0.0,,,,,,,,35.93498,-86.77644,False,Crashes_2010_2019_MPO
102145296,2018-09-14,2018,,19.0,,,0,0,N,0.0,0.0,0.0,,,,,,,,36.04476,-86.7811,False,Crashes_2010_2019_MPO
101766003,2017-09-19,2017,,94.0,,,0,0,N,0.0,0.0,0.0,,,,,,,,36.033521,-86.787479,True,Crashes_2010_2019_MPO
100720910,2015-01-12,2015,,19.0,,,0,0,N,0.0,0.0,0.0,,,,,,,,36.0322,-86.75826,False,Crashes_2010_2019_MPO
101388015,2016-09-22,2016,,94.0,,,0,0,N,0.0,0.0,0.0,,,,,,,,35.99857,-86.80539,True,Crashes_2010_2019_MPO
100708150,2014-12-17,2014,,94.0,,,0,0,N,0.0,0.0,0.0,,,,,,,,35.94286,-86.80034,False,Crashes_2010_2019_MPO
101492724,2017-01-01,2017,,19.0,,,0,0,N,0.0,0.0,0.0,,,,,,,,36.04533,-86.77876,False,Crashes_2010_2019_MPO
102583042,2019-11-29,2019,,94.0,,,0,0,N,0.0,0.0,0.0,,,,,,,,35.96666,-86.80922,True,Crashes_2010_2019_MPO
101830121,2017-11-18,2017,,94.0,,,0,0,N,0.0,0.0,0.0,,,,,,,,35.96681,-86.81119,True,Crashes_2010_2019_MPO
101863560,2017-12-19,2017,,94.0,,,0,0,N,0.0,0.0,0.0,,,,,,,,35.99551,-86.77887,True,Crashes_2010_2019_MPO
100437703,2014-02-01,2014,,94.0,,,0,0,N,0.0,0.0,0.0,,,,,,,,35.99822,-86.82896,True,Crashes_2010_2019_MPO
100198339,2012-07-05,2012,,94.0,,,0,0,N,0.0,0.0,0.0,,,,,,,,35.98969,-86.82912,False,Crashes_2010_2019_MPO
100369311,2013-08-20,2013,,94.0,,,0,0,N,0.0,0.0,0.0,,,,,,,,35.94722,-86.82095,False,Crashes_2010_2019_MPO
100208622,2012-07-07,2012,,19.0,,,0,0,N,0.0,0.0,0.0,,,,,,,,36.03969,-86.75295,False,Crashes_2010_2019_MPO
101328479,2016-08-15,2016,,94.0,,,0,0,N,0.0,0.0,0.0,,,,,,,,35.99551,-86.77887,True,Crashes_2010_2019_MPO
102522802,2019-09-27,2019,,19.0,,,0,0,N,0.0,0.0,0.0,,,,,,,,36.00004,-86.69297,False,Crashes_2010_2019_MPO
102382597,2019-05-06,2019,,94.0,,,0,0,N,0.0,0.0,0.0,,,,,,,,35.9446,-86.82966,False,Crashes_2010_2019_MPO
101270878,2016-06-21,2016,,19.0,,,0,0,N,0.0,0.0,0.0,,,,,,,,36.04525,-86.72386,False,Crashes_2010_2019_MPO
101454141,2016-11-19,2016,,94.0,,,0,0,N,0.0,0.0,0.0,,,,,,,,35.98889,-86.84703,False,Crashes_2010_2019_MPO
101241625,2016-06-08,2016,,94.0,,,0,0,N,0.0,0.0,0.0,,,,,,,,35.96431,-86.8018,True,Crashes_2010_2019_MPO
101188787,2016-05-06,2016,,19.0,,,0,0,Y,0.0,0.0,1.0,,,,,,,,36.03953,-86.78173,False,Crashes_2010_2019_MPO
102293023,2019-01-31,2019,,94.0,,,0,0,N,0.0,0.0,0.0,,,,,,,,35.93446,-86.81991,False,Crashes_2010_2019_MPO
102146315,2018-09-15,2018,,94.0,,,0,0,N,0.0,0.0,0.0,,,,,,,,35.98439,-86.72434,True,Crashes_2010_2019_MPO
100175284,2012-05-02,2012,,94.0,,,0,0,N,0.0,0.0,0.0,,,,,,,,36.03118,-86.78309,True,Crashes_2010_2019_MPO
102264247,2019-01-02,2019,,19.0,,,0,0,N,0.0,0.0,0.0,,,,,,,,36.04046,-86.74542,False,Crashes_2010_2019_MPO
101489298,2016-12-27,2016,,94.0,,,0,0,N,0.0,0.0,0.0,,,,,,,,35.94536,-86.82768,False,Crashes_2010_2019_MPO
100999411,2015-10-29,2015,,94.0,,,0,0,N,0.0,0.0,0.0,,,,,,,,35.92413,-86.87118,False,Crashes_2010_2019_MPO
102555918,2019-11-02,2019,,19.0,,,0,0,N,0.0,0.0,0.0,,,,,,,,36.04537,-86.71326,False,Crashes_2010_2019_MPO
102348203,2019-04-02,2019,,19.0,,,0,0,N,0.0,0.0,0.0,,,,,,,,36.04047,-86.7826,False,Crashes_2010_2019_MPO
102421881,2019-06-17,2019,,94.0,,,0,0,N,0.0,0.0,0.0,,,,,,,,36.01559,-86.7406,False,Crashes_2010_2019_MPO
101683313,2017-06-25,2017,,19.0,,,0,0,N,0.0,0.0,0.0,,,,,,,,36.03223,-86.76528,False,Crashes_2010_2019_MPO
102150592,2018-09-18,2018,,94.0,,,0,0,N,0.0,0.0,0.0,,,,,,,,35.93742,-86.7707,False,Crashes_2010_2019_MPO
102318667,2019-03-01,2019,,94.0,,,0,0,N,0.0,0.0,0.0,,,,,,,,36.007569,-86.739155,True,Crashes_2010_2019_MPO
101452755,2016-11-16,2016,,94.0,,,0,0,N,0.0,0.0,0.0,,,,,,,,35.96798,-86.81833,True,Crashes_2010_2019_MPO
101357198,2016-09-08,2016,,19.0,,,0,0,N,0.0,0.0,0.0,,,,,,,,36.03047,-86.74398,False,Crashes_2010_2019_MPO
102417066,2019-06-12,2019,,94.0,,,0,0,N,0.0,0.0,0.0,,,,,,,,36.03216,-86.78339,True,Crashes_2010_2019_MPO
101125357,2016-03-01,2016,,19.0,,,0,0,N,0.0,0.0,0.0,,,,,,,,36.03797,-86.79777,False,Crashes_2010_2019_MPO
100724517,2015-01-19,2015,,94.0,,,0,0,N,0.0,0.0,0.0,,,,,,,,35.92304,-86.81684,False,Crashes_2010_2019_MPO
100968962,2015-09-28,2015,,94.0,,,0,0,N,0.0,0.0,0.0,,,,,,,,36.01727,-86.74635,True,Crashes_2010_2019_MPO
102197429,2018-11-01,2018,,19.0,,,0,0,N,0.0,0.0,0.0,,,,,,,,36.04017,-86.78066,False,Crashes_2010_2019_MPO
101712242,2017-07-26,2017,,19.0,,,0,0,N,0.0,0.0,0.0,,,,,,,,36.04026,-86.81639,False,Crashes_2010_2019_MPO
101321823,2016-08-05,2016,,94.0,,,0,0,N,0.0,0.0,0.0,,,,,,,,35.95265,-86.83113,False,Crashes_2010_2019_MPO
102589876,2019-12-03,2019,,94.0,,,0,1,N,0.0,1.0,0.0,,,,,,,,35.97681,-86.77672,True,Crashes_2010_2019_MPO
100258484,2012-09-30,2012,,19.0,,,0,0,N,0.0,0.0,0.0,,,,,,,,36.0385,-86.80581,False,Crashes_2010_2019_MPO
102019120,2018-05-22,2018,,19.0,,,0,0,N,0.0,0.0,0.0,,,,,,,,36.03311,-86.77421,False,Crashes_2010_2019_MPO
101132995,2016-03-11,2016,,94.0,,,0,0,N,0.0,0.0,0.0,,,,,,,,35.98924,-86.79986,True,Crashes_2010_2019_MPO
101350398,2016-08-31,2016,,94.0,,,0,0,N,0.0,0.0,0.0,,,,,,,,35.93586,-86.81813,False,Crashes_2010_2019_MPO
101967012,2018-04-04,2018,,94.0,,,0,0,N,0.0,0.0,0.0,,,,,,,,36.02701,-86.79223,True,Crashes_2010_2019_MPO
101903617,2018-02-01,2018,,19.0,,,0,0,N,0.0,0.0,0.0,,,,,,,,36.04084,-86.77347,False,Crashes_2010_2019_MPO
101644106,2017-05-14,2017,,19.0,,,0,0,N,0.0,0.0,0.0,,,,,,,,36.03195,-86.76267,False,Crashes_2010_2019_MPO
102419170,2019-06-14,2019,,94.0,,,0,0,N,0.0,0.0,0.0,,,,,,,,35.92609,-86.87139,False,Crashes_2010_2019_MPO
100848780,2015-05-22,2015,,19.0,,,0,0,N,0.0,0.0,0.0,,,,,,,,36.04058,-86.7709,False,Crashes_2010_2019_MPO
100456160,2014-02-22,2014,,94.0,,,0,0,N,0.0,0.0,0.0,,,,,,,,35.93021,-86.87586,False,Crashes_2010_2019_MPO
101989665,2018-04-26,2018,,94.0,,,0,0,N,0.0,0.0,0.0,,,,,,,,35.95028,-86.76349,True,Crashes_2010_2019_MPO
102197183,2018-11-01,2018,,94.0,,,0,0,N,0.0,0.0,0.0,,,,,,,,36.01568,-86.84598,True,Crashes_2010_2019_MPO
101760641,2017-09-14,2017,,94.0,,,0,0,N,0.0,0.0,0.0,,,,,,,,35.99624,-86.78631,True,Crashes_2010_2019_MPO
100398566,2013-10-31,2013,,94.0,,,0,0,N,0.0,0.0,0.0,,,,,,,,35.96276,-86.81195,False,Crashes_2010_2019_MPO
101769494,2017-09-23,2017,,19.0,,,0,0,N,0.0,0.0,0.0,,,,,,,,36.03615,-86.70617,False,Crashes_2010_2019_MPO
100253307,2012-11-15,2012,,94.0,,,0,0,N,0.0,0.0,0.0,,,,,,,,35.96915,-86.82681,False,Crashes_2010_2019_MPO
100770983,2015-03-12,2015,,94.0,,,0,0,N,0.0,0.0,0.0,,,,,,,,35.99758,-86.79683,True,Crashes_2010_2019_MPO
101320526,2016-08-04,2016,,19.0,,,0,0,N,0.0,0.0,0.0,,,,,,,,36.04514,-86.69925,False,Crashes_2010_2019_MPO
100910363,2015-07-22,2015,,19.0,,,0,0,N,0.0,0.0,0.0,,,,,,,,36.04078,-86.77346,False,Crashes_2010_2019_MPO
100597927,2014-08-14,2014,,94.0,,,0,0,N,0.0,0.0,0.0,,,,,,,,35.92363,-86.76699,False,Crashes_2010_2019_MPO
101610990,2017-04-11,2017,,19.0,,,0,0,N,0.0,0.0,0.0,,,,,,,,36.04001,-86.74347,False,Crashes_2010_2019_MPO
102085427,2018-07-24,2018,,94.0,,,0,0,N,0.0,0.0,0.0,,,,,,,,35.93491,-86.82153,False,Crashes_2010_2019_MPO
100996002,2015-10-25,2015,,94.0,,,0,0,N,0.0,0.0,0.0,,,,,,,,36.035942,-86.787779,True,Crashes_2010_2019_MPO
101431592,2016-11-04,2016,,94.0,,,0,0,N,0.0,0.0,0.0,,,,,,,,35.93581,-86.82161,False,Crashes_2010_2019_MPO
101591565,2017-03-23,2017,,19.0,,,0,0,N,0.0,0.0,0.0,,,,,,,,36.0451,-86.69866,False,Crashes_2010_2019_MPO
101246121,2016-06-15,2016,,94.0,,,0,0,N,0.0,0.0,0.0,,,,,,,,35.99816,-86.80184,True,Crashes_2010_2019_MPO
102594183,2019-12-11,2019,,94.0,,,0,0,N,0.0,0.0,0.0,,,,,,,,36.0334,-86.77844,True,Crashes_2010_2019_MPO
101106686,2016-02-16,2016,,94.0,,,0,0,N,0.0,0.0,0.0,,,,,,,,35.95974,-86.8159,False,Crashes_2010_2019_MPO
101679516,2017-06-21,2017,,19.0,,,0,0,N,0.0,0.0,0.0,,,,,,,,36.03771,-86.78482,False,Crashes_2010_2019_MPO
101975487,2018-04-12,2018,,94.0,,,0,0,N,0.0,0.0,0.0,,,,,,,,36.0332,-86.78303,True,Crashes_2010_2019_MPO
100367792,2013-08-16,2013,,94.0,,,0,0,N,0.0,0.0,0.0,,,,,,,,35.99376,-86.76027,True,Crashes_2010_2019_MPO
101783423,2017-10-05,2017,,94.0,,,0,0,N,0.0,0.0,0.0,,,,,,,,35.97877,-86.75289,True,Crashes_2010_2019_MPO
101885622,2018-01-12,2018,,94.0,,,0,0,N,0.0,0.0,0.0,,,,,,,,35.94968,-86.84945,False,Crashes_2010_2019_MPO
100754271,2015-02-27,2015,,19.0,,,0,0,N,0.0,0.0,0.0,,,,,,,,36.04242,-86.78193,False,Crashes_2010_2019_MPO
102269213,2019-01-07,2019,,94.0,,,0,0,N,0.0,0.0,0.0,,,,,,,,35.95183,-86.83199,False,Crashes_2010_2019_MPO
100880957,2015-07-03,2015,,19.0,,,0,0,N,0.0,0.0,0.0,,,,,,,,36.04547,-86.70401,False,Crashes_2010_2019_MPO
101394801,2016-10-02,2016,,19.0,,,0,0,N,0.0,0.0,0.0,,,,,,,,36.04246,-86.838,False,Crashes_2010_2019_MPO
100367345,2013-08-14,2013,,94.0,,,0,0,N,0.0,0.0,0.0,,,,,,,,35.93756,-86.76808,False,Crashes_2010_2019_MPO
102025953,2018-05-28,2018,,94.0,,,0,0,N,0.0,0.0,0.0,,,,,,,,35.99,-86.82922,False,Crashes_2010_2019_MPO
100767945,2015-03-06,2015,,94.0,,,0,0,N,0.0,0.0,0.0,,,,,,,,36.03367,-86.78539,True,Crashes_2010_2019_MPO
101630038,2017-04-30,2017,,19.0,,,0,0,N,0.0,0.0,0.0,,,,,,,,36.04113,-86.74642,False,Crashes_2010_2019_MPO
102166943,2018-10-04,2018,,19.0,,,0,0,N,0.0,0.0,0.0,,,,,,,,36.04231,-86.83135,False,Crashes_2010_2019_MPO
101588987,2017-03-21,2017,,94.0,,,0,0,N,0.0,0.0,0.0,,,,,,,,36.00779,-86.78709,True,Crashes_2010_2019_MPO
101976892,2018-04-13,2018,,19.0,,,0,0,N,0.0,0.0,0.0,,,,,,,,36.04279,-86.82887,False,Crashes_2010_2019_MPO
102541606,2019-10-18,2019,,94.0,,,0,0,N,0.0,0.0,0.0,,,,,,,,35.95719,-86.80729,False,Crashes_2010_2019_MPO
100962975,2015-09-18,2015,,94.0,,,0,0,N,0.0,0.0,0.0,,,,,,,,36.01689,-86.78609,True,Crashes_2010_2019_MPO
100879044,2015-06-29,2015,,19.0,,,0,0,N,0.0,0.0,0.0,,,,,,,,36.03834,-86.78422,False,Crashes_2010_2019_MPO
102539378,2019-10-16,2019,,19.0,,,0,0,N,0.0,0.0,0.0,,,,,,,,36.04747,-86.71351,False,Crashes_2010_2019_MPO
102366446,2019-04-19,2019,,94.0,,,0,0,N,0.0,0.0,0.0,,,,,,,,35.95668,-86.82865,False,Crashes_2010_2019_MPO
101038745,2015-11-28,2015,,94.0,,,0,0,N,0.0,0.0,0.0,,,,,,,,35.96023,-86.81532,False,Crashes_2010_2019_MPO
101188102,2016-05-04,2016,,94.0,,,0,0,N,0.0,0.0,0.0,,,,,,,,35.97837,-86.85194,False,Crashes_2010_2019_MPO
102580040,2019-11-26,2019,,94.0,,,0,0,N,0.0,0.0,0.0,,,,,,,,35.9667,-86.81121,True,Crashes_2010_2019_MPO
102409806,2019-06-04,2019,,19.0,,,0,0,N,0.0,0.0,0.0,,,,,,,,36.03256,-86.7687,False,Crashes_2010_2019_MPO
101939965,2018-03-10,2018,,94.0,,,0,0,N,0.0,0.0,0.0,,,,,,,,35.99461,-86.76798,True,Crashes_2010_2019_MPO
101278927,2016-06-30,2016,,94.0,,,0,0,N,0.0,0.0,0.0,,,,,,,,35.92502,-86.82468,False,Crashes_2010_2019_MPO
100234922,2012-10-05,2012,,94.0,,,0,0,N,0.0,0.0,0.0,,,,,,,,35.96667,-86.80916,True,Crashes_2010_2019_MPO
101105589,2016-02-14,2016,,94.0,,,0,0,N,0.0,0.0,0.0,,,,,,,,35.95795,-86.80256,False,Crashes_2010_2019_MPO
101181783,2016-04-26,2016,,94.0,,,0,0,N,0.0,0.0,0.0,,,,,,,,35.96199,-86.81523,False,Crashes_2010_2019_MPO
100234736,2012-10-04,2012,,94.0,,,0,0,N,0.0,0.0,0.0,,,,,,,,36.02529,-86.79321,True,Crashes_2010_2019_MPO
100327123,2013-05-10,2013,,94.0,,,0,0,N,0.0,0.0,0.0,,,,,,,,35.94876,-86.81967,False,Crashes_2010_2019_MPO
100412251,2013-11-29,2013,,94.0,,,0,0,N,0.0,0.0,0.0,,,,,,,,35.99782,-86.7989,True,Crashes_2010_2019_MPO
101780243,2017-10-03,2017,,19.0,,,0,0,N,0.0,0.0,0.0,,,,,,,,36.03501,-86.7152,False,Crashes_2010_2019_MPO
102446887,2019-07-13,2019,,19.0,,,0,0,N,0.0,0.0,0.0,,,,,,,,36.0409,-86.77938,False,Crashes_2010_2019_MPO
102246622,2018-12-14,2018,,94.0,,,0,0,N,0.0,0.0,0.0,,,,,,,,35.96198,-86.81518,False,Crashes_2010_2019_MPO
100732083,2015-02-03,2015,,94.0,,,0,0,N,0.0,0.0,0.0,,,,,,,,35.94707,-86.8219,False,Crashes_2010_2019_MPO
102126773,2018-08-29,2018,,94.0,,,0,0,Y,0.0,0.0,1.0,,,,,,,,35.93557,-86.82364,False,Crashes_2010_2019_MPO
100946807,2015-09-08,2015,,94.0,,,0,0,N,0.0,0.0,0.0,,,,,,,,35.94626,-86.82278,False,Crashes_2010_2019_MPO
101034988,2015-11-23,2015,,94.0,,,0,0,N,0.0,0.0,0.0,,,,,,,,35.99381,-86.76074,True,Crashes_2010_2019_MPO
102043290,2018-06-14,2018,,19.0,,,0,0,N,0.0,0.0,0.0,,,,,,,,36.03328,-86.77712,False,Crashes_2010_2019_MPO
100738186,2015-02-16,2015,,94.0,,,0,0,N,0.0,0.0,0.0,,,,,,,,35.93581,-86.81814,False,Crashes_2010_2019_MPO
101703839,2017-07-17,2017,,19.0,,,0,0,N,0.0,0.0,0.0,,,,,,,,36.03742,-86.79047,False,Crashes_2010_2019_MPO
102328148,2019-03-07,2019,,94.0,,,0,0,N,0.0,0.0,0.0,,,,,,,,36.03581,-86.817,True,Crashes_2010_2019_MPO
101330779,2016-08-18,2016,,94.0,,,0,0,N,0.0,0.0,0.0,,,,,,,,35.97522,-86.67826,False,Crashes_2010_2019_MPO
102215189,2018-11-18,2018,,19.0,,,0,0,N,0.0,0.0,0.0,,,,,,,,36.04526,-86.71704,False,Crashes_2010_2019_MPO
100916812,2015-08-03,2015,,19.0,,,0,0,N,0.0,0.0,0.0,,,,,,,,36.03812,-86.78393,False,Crashes_2010_2019_MPO
102133578,2018-09-04,2018,,19.0,,,0,0,N,0.0,0.0,0.0,,,,,,,,36.04559,-86.70358,False,Crashes_2010_2019_MPO
100387903,2013-10-05,2013,,94.0,,,0,0,N,0.0,0.0,0.0,,,,,,,,35.94688,-86.85233,False,Crashes_2010_2019_MPO
101883879,2018-01-11,2018,,94.0,,,0,0,N,0.0,0.0,0.0,,,,,,,,35.93842,-86.87356,False,Crashes_2010_2019_MPO
101066116,2015-12-24,2015,,94.0,,,0,0,N,0.0,0.0,0.0,,,,,,,,35.94334,-86.80977,False,Crashes_2010_2019_MPO
102601062,2019-12-17,2019,,94.0,,,0,0,N,0.0,0.0,0.0,,,,,,,,35.94636,-86.80871,False,Crashes_2010_2019_MPO
102015781,2018-05-19,2018,,19.0,,,0,0,N,0.0,0.0,0.0,,,,,,,,36.03925,-86.71285,False,Crashes_2010_2019_MPO
100341187,2013-06-12,2013,,94.0,,,0,0,N,0.0,0.0,0.0,,,,,,,,35.94706,-86.85172,False,Crashes_2010_2019_MPO
102513081,2019-09-17,2019,,94.0,,,0,0,N,0.0,0.0,0.0,,,,,,,,36.03707,-86.80548,True,Crashes_2010_2019_MPO
101104401,2016-02-12,2016,,94.0,,,0,0,N,0.0,0.0,0.0,,,,,,,,35.98414,-86.80161,True,Crashes_2010_2019_MPO
101067313,2015-12-26,2015,,19.0,,,0,0,N,0.0,0.0,0.0,,,,,,,,36.05011,-86.87327,False,Crashes_2010_2019_MPO
10384269,2011-04-12,2011,,19.0,,,0,0, ,0.0,0.0,0.0,,,,,,,,36.05441,-86.69193,False,Crashes_2010_2019_MPO
101764667,2017-09-18,2017,,94.0,,,0,0,N,0.0,0.0,0.0,,,,,,,,35.98548,-86.73193,True,Crashes_2010_2019_MPO
101785518,2017-10-07,2017,,19.0,,,0,0,N,0.0,0.0,0.0,,,,,,,,36.03948,-86.78177,False,Crashes_2010_2019_MPO
101996049,2018-05-01,2018,,94.0,,,0,0,N,0.0,0.0,0.0,,,,,,,,35.93233,-86.8626,False,Crashes_2010_2019_MPO
100861962,2015-06-05,2015,,94.0,,,0,0,N,0.0,0.0,0.0,,,,,,,,35.96671,-86.80911,True,Crashes_2010_2019_MPO
101407065,2016-10-18,2016,,94.0,,,0,0,N,0.0,0.0,0.0,,,,,,,,36.01214,-86.78484,True,Crashes_2010_2019_MPO
100283053,2013-01-17,2013,,19.0,,,0,0,N,0.0,0.0,0.0,,,,,,,,36.02856,-86.87664,False,Crashes_2010_2019_MPO