mstrrecnbr,collision_ts,year,county,countystat,crash,crash_type,fatalities,non_motorists,commercial,fatal_c,nonmotor_c,truck_c,fatalc,serious_injuries,ped,bike,lighting,weather,first_harmful_event,latitude,longitude,in_city,src_layer
10838650,2011-08-09,2011,,19.0,,,0,0, ,0.0,0.0,0.0,,,,,,,,36.040927,-86.779414,False,Crashes_2010_2019_MPO
101709852,2017-07-23,2017,,94.0,,,0,0,N,0.0,0.0,0.0,,,,,,,,35.94164,-86.85584,False,Crashes_2010_2019_MPO
102208825,2018-11-12,2018,,94.0,,,0,0,N,0.0,0.0,0.0,,,,,,,,35.93465,-86.7775,False,Crashes_2010_2019_MPO
100772076,2015-03-14,2015,,94.0,,,0,0,N,0.0,0.0,0.0,,,,,,,,35.93407,-86.8191,False,Crashes_2010_2019_MPO
101061485,2015-12-17,2015,,94.0,,,0,0,N,0.0,0.0,0.0,,,,,,,,35.99905,-86.80869,True,Crashes_2010_2019_MPO
101103678,2016-02-11,2016,,94.0,,,0,0,N,0.0,0.0,0.0,,,,,,,,35.94082,-86.8164,False,Crashes_2010_2019_MPO
100797455,2015-03-25,2015,,94.0,,,0,0,N,0.0,0.0,0.0,,,,,,,,35.97206,-86.83419,False,Crashes_2010_2019_MPO
101104982,2016-02-13,2016,,19.0,,,0,0,N,0.0,0.0,0.0,,,,,,,,36.04522,-86.71479,False,Crashes_2010_2019_MPO
102164385,2018-10-02,2018,,19.0,,,0,0,N,0.0,0.0,0.0,,,,,,,,36.04741,-86.8631,False,Crashes_2010_2019_MPO
101529000,2017-01-19,2017,,19.0,,,0,0,N,0.0,0.0,0.0,,,,,,,,36.04004,-86.74402,False,Crashes_2010_2019_MPO
101096096,2016-01-29,2016,,19.0,,,0,0,N,0.0,0.0,0.0,,,,,,,,36.03933,-86.78357,False,Crashes_2010_2019_MPO
101189294,2016-05-06,2016,,94.0,,,0,0,N,0.0,0.0,0.0,,,,,,,,35.93374,-86.82163,False,Crashes_2010_2019_MPO
101595274,2017-03-26,2017,,94.0,,,0,1,N,0.0,1.0,0.0,,,,,,,,35.99901,-86.79593,True,Crashes_2010_2019_MPO
101120563,2016-02-22,2016,,19.0,,,0,0,N,0.0,0.0,0.0,,,,,,,,36.04666,-86.72508,False,Crashes_2010_2019_MPO
101314925,2016-07-27,2016,,94.0,,,0,0,N,0.0,0.0,0.0,,,,,,,,35.92554,-86.86562,False,Crashes_2010_2019_MPO
102351385,2019-04-05,2019,,19.0,,,0,0,N,0.0,0.0,0.0,,,,,,,,36.04084,-86.77949,False,Crashes_2010_2019_MPO
102402651,2019-05-28,2019,,19.0,,,0,0,N,0.0,0.0,0.0,,,,,,,,36.05151,-86.71436,False,Crashes_2010_2019_MPO
100967209,2015-09-25,2015,,94.0,,,0,0,N,0.0,0.0,0.0,,,,,,,,36.03488,-86.78307,True,Crashes_2010_2019_MPO
101462046,2016-11-28,2016,,94.0,,,0,0,N,0.0,0.0,0.0,,,,,,,,35.96716,-86.81351,True,Crashes_2010_2019_MPO
100269982,2012-12-21,2012,,94.0,,,0,0,N,0.0,0.0,0.0,,,,,,,,35.99735,-86.79484,True,Crashes_2010_2019_MPO
100550023,2014-06-12,2014,,94.0,,,0,0,N,0.0,0.0,0.0,,,,,,,,35.9993,-86.80903,True,Crashes_2010_2019_MPO
102480329,2019-08-17,2019,,94.0,,,0,0,Y,0.0,0.0,1.0,,,,,,,,35.96467,-86.81488,True,Crashes_2010_2019_MPO
101789886,2017-10-13,2017,,94.0,,,0,0,N,0.0,0.0,0.0,,,,,,,,36.0343,-86.79174,True,Crashes_2010_2019_MPO
100443300,2014-02-15,2014,,94.0,,,0,0,N,0.0,0.0,0.0,,,,,,,,35.95227,-86.81914,False,Crashes_2010_2019_MPO
102159068,2018-09-25,2018,,94.0,,,0,0,N,0.0,0.0,0.0,,,,,,,,36.03441,-86.78336,True,Crashes_2010_2019_MPO
102450998,2019-07-18,2019,,94.0,,,0,0,N,0.0,0.0,0.0,,,,,,,,35.93729,-86.87887,False,Crashes_2010_2019_MPO
102280330,2019-01-18,2019,,94.0,,,0,0,N,0.0,0.0,0.0,,,,,,,,36.01503,-86.73499,False,Crashes_2010_2019_MPO
101118501,2016-02-19,2016,,94.0,,,0,0,N,0.0,0.0,0.0,,,,,,,,36.00592,-86.77021,True,Crashes_2010_2019_MPO
101182270,2016-04-27,2016,,94.0,,,0,0,N,0.0,0.0,0.0,,,,,,,,35.92271,-86.87257,False,Crashes_2010_2019_MPO
100416804,2013-12-09,2013,,94.0,,,0,0,N,0.0,0.0,0.0,,,,,,,,35.95201,-86.81786,False,Crashes_2010_2019_MPO
101870719,2017-12-28,2017,,94.0,,,0,0,N,0.0,0.0,0.0,,,,,,,,35.94626,-86.80902,False,Crashes_2010_2019_MPO
100755325,2015-03-02,2015,,94.0,,,0,0,N,0.0,0.0,0.0,,,,,,,,36.01333,-86.78532,True,Crashes_2010_2019_MPO
101091862,2016-01-21,2016,,19.0,,,0,0,N,0.0,0.0,0.0,,,,,,,,36.04004,-86.74386,False,Crashes_2010_2019_MPO
100828302,2015-05-04,2015,,94.0,,,0,0,N,0.0,0.0,0.0,,,,,,,,35.9652,-86.80847,False,Crashes_2010_2019_MPO
101064940,2015-12-22,2015,,19.0,,,0,0,N,0.0,0.0,0.0,,,,,,,,36.04168,-86.74801,False,Crashes_2010_2019_MPO
101497884,2017-01-06,2017,,94.0,,,0,0,N,0.0,0.0,0.0,,,,,,,,35.98266,-86.72461,True,Crashes_2010_2019_MPO
100968978,2015-09-28,2015,,94.0,,,0,0,N,0.0,0.0,0.0,,,,,,,,35.95811,-86.8026,False,Crashes_2010_2019_MPO
101245887,2016-06-14,2016,,19.0,,,0,0,N,0.0,0.0,0.0,,,,,,,,36.03772,-86.79475,False,Crashes_2010_2019_MPO
102241019,2018-12-09,2018,,94.0,,,0,0,N,0.0,0.0,0.0,,,,,,,,35.93479,-86.77732,False,Crashes_2010_2019_MPO
100364562,2013-08-09,2013,,94.0,,,0,0,N,0.0,0.0,0.0,,,,,,,,35.95182,-86.81792,False,Crashes_2010_2019_MPO
102379610,2019-05-04,2019,,19.0,,,0,0,N,0.0,0.0,0.0,,,,,,,,36.01196,-86.68435,False,Crashes_2010_2019_MPO
101159480,2016-04-07,2016,,94.0,,,0,0,N,0.0,0.0,0.0,,,,,,,,35.92417,-86.8757,False,Crashes_2010_2019_MPO
101190166,2016-05-08,2016,,19.0,,,0,0,N,0.0,0.0,0.0,,,,,,,,36.04561,-86.71977,False,Crashes_2010_2019_MPO
100947531,2015-09-09,2015,,94.0,,,0,0,N,0.0,0.0,0.0,,,,,,,,36.028416,-86.791424,True,Crashes_2010_2019_MPO
102394623,2019-05-20,2019,,19.0,,,0,0,N,0.0,0.0,0.0,,,,,,,,36.04538,-86.70287,False,Crashes_2010_2019_MPO
100710950,2014-12-22,2014,,94.0,,,0,0,N,0.0,0.0,0.0,,,,,,,,35.94822,-86.81118,False,Crashes_2010_2019_MPO
100824708,2015-04-27,2015,,94.0,,,0,0,N,0.0,0.0,0.0,,,,,,,,35.98623,-86.77802,True,Crashes_2010_2019_MPO
101884499,2018-01-11,2018,,19.0,,,0,0,N,0.0,0.0,0.0,,,,,,,,36.0388,-86.78294,False,Crashes_2010_2019_MPO
101455474,2016-11-20,2016,,19.0,,,0,0,N,0.0,0.0,0.0,,,,,,,,35.99588,-86.6909,False,Crashes_2010_2019_MPO
102389703,2019-05-14,2019,,94.0,,,0,0,N,0.0,0.0,0.0,,,,,,,,35.93446,-86.81991,False,Crashes_2010_2019_MPO
101398399,2016-10-07,2016,,19.0,,,0,0,N,0.0,0.0,0.0,,,,,,,,36.02821,-86.78393,True,Crashes_2010_2019_MPO
101190539,2016-05-01,2016,,94.0,,,0,0,N,0.0,0.0,0.0,,,,,,,,35.92254,-86.87194,False,Crashes_2010_2019_MPO
101581638,2017-03-13,2017,,94.0,,,0,0,N,0.0,0.0,0.0,,,,,,,,36.03735,-86.85609,True,Crashes_2010_2019_MPO
101660051,2017-05-31,2017,,19.0,,,0,0,N,0.0,0.0,0.0,,,,,,,,36.01716,-86.71249,False,Crashes_2010_2019_MPO
101752263,2017-09-05,2017,,94.0,,,0,0,Y,0.0,0.0,1.0,,,,,,,,35.94655,-86.81468,False,Crashes_2010_2019_MPO
101073051,2016-01-06,2016,,94.0,,,0,0,N,0.0,0.0,0.0,,,,,,,,35.96681,-86.81119,True,Crashes_2010_2019_MPO
101091757,2016-01-21,2016,,94.0,,,0,0,N,0.0,0.0,0.0,,,,,,,,36.01966,-86.7964,True,Crashes_2010_2019_MPO
101574435,2017-02-24,2017,,94.0,,,0,0,N,0.0,0.0,0.0,,,,,,,,36.00176,-86.79363,True,Crashes_2010_2019_MPO
101301077,2016-07-22,2016,,19.0,,,0,0,N,0.0,0.0,0.0,,,,,,,,36.04302,-86.74413,False,Crashes_2010_2019_MPO
100586903,2014-07-24,2014,,94.0,,,0,0,N,0.0,0.0,0.0,,,,,,,,35.94687,-86.82178,False,Crashes_2010_2019_MPO
102518848,2019-09-23,2019,,19.0,,,0,0,N,0.0,0.0,0.0,,,,,,,,36.03986,-86.78233,False,Crashes_2010_2019_MPO
100884331,2015-07-10,2015,,19.0,,,0,0,N,0.0,0.0,0.0,,,,,,,,36.04198,-86.83375,False,Crashes_2010_2019_MPO
102447867,2019-07-15,2019,,94.0,,,0,0,N,0.0,0.0,0.0,,,,,,,,35.92465,-86.86854,False,Crashes_2010_2019_MPO
100804442,2015-04-08,2015,,19.0,,,0,0,N,0.0,0.0,0.0,,,,,,,,36.02594,-86.69364,False,Crashes_2010_2019_MPO
101968628,2018-04-06,2018,,94.0,,,0,0,N,0.0,0.0,0.0,,,,,,,,35.92302,-86.8166,False,Crashes_2010_2019_MPO
102586213,2019-12-02,2019,,94.0,,,0,0,N,0.0,0.0,0.0,,,,,,,,35.96743,-86.808472,True,Crashes_2010_2019_MPO
101103762,2016-02-11,2016,,94.0,,,0,0,N,0.0,0.0,0.0,,,,,,,,35.93826,-86.8096,False,Crashes_2010_2019_MPO
100837315,2015-05-20,2015,,19.0,,,0,0,N,0.0,0.0,0.0,,,,,,,,36.00793,-86.70059,False,Crashes_2010_2019_MPO
100573442,2014-07-15,2014,,94.0,,,0,0,N,0.0,0.0,0.0,,,,,,,,36.03552,-86.78747,True,Crashes_2010_2019_MPO
102214128,2018-11-17,2018,,19.0,,,0,0,N,0.0,0.0,0.0,,,,,,,,36.04537,-86.71326,False,Crashes_2010_2019_MPO
101997746,2018-05-03,2018,,19.0,,,0,0,N,0.0,0.0,0.0,,,,,,,,36.04001,-86.74336,False,Crashes_2010_2019_MPO
100405683,2013-11-15,2013,,94.0,,,0,0,N,0.0,0.0,0.0,,,,,,,,35.99022,-86.79952,True,Crashes_2010_2019_MPO
100369553,2013-08-21,2013,,94.0,,,0,0,N,0.0,0.0,0.0,,,,,,,,35.99675,-86.79072,True,Crashes_2010_2019_MPO
101242769,2016-06-10,2016,,94.0,,,0,0,N,0.0,0.0,0.0,,,,,,,,35.96716,-86.81351,True,Crashes_2010_2019_MPO
100275961,2013-01-07,2013,,94.0,,,0,0,Y,0.0,0.0,1.0,,,,,,,,35.98425,-86.72385,True,Crashes_2010_2019_MPO
101434175,2016-11-08,2016,,94.0,,,0,0,N,0.0,0.0,0.0,,,,,,,,35.99922,-86.80923,True,Crashes_2010_2019_MPO
100311282,2013-03-11,2013,,94.0,,,0,0,N,0.0,0.0,0.0,,,,,,,,35.92532,-86.82202,False,Crashes_2010_2019_MPO
101066540,2015-12-22,2015,,94.0,,,0,0,N,0.0,0.0,0.0,,,,,,,,35.97102,-86.67835,False,Crashes_2010_2019_MPO
100460493,2014-03-05,2014,,94.0,,,0,0,N,0.0,0.0,0.0,,,,,,,,35.92276,-86.8697,False,Crashes_2010_2019_MPO
100311297,2013-04-01,2013,,94.0,,,0,0,N,0.0,0.0,0.0,,,,,,,,35.965156,-86.811431,False,Crashes_2010_2019_MPO
101357103,2016-09-09,2016,,19.0,,,0,0,N,0.0,0.0,0.0,,,,,,,,36.04068,-86.7812,False,Crashes_2010_2019_MPO
101960860,2018-03-30,2018,,94.0,,,0,0,N,0.0,0.0,0.0,,,,,,,,35.93557,-86.82364,False,Crashes_2010_2019_MPO
100832828,2015-05-05,2015,,94.0,,,0,0,N,0.0,0.0,0.0,,,,,,,,35.94613,-86.82347,False,Crashes_2010_2019_MPO
100861443,2015-06-16,2015,,19.0,,,0,0,N,0.0,0.0,0.0,,,,,,,,36.02687,-86.6808,False,Crashes_2010_2019_MPO
101681657,2017-06-23,2017,,94.0,,,0,0,N,0.0,0.0,0.0,,,,,,,,35.93195,-86.80269,False,Crashes_2010_2019_MPO
100655652,2014-10-18,2014,,94.0,,,0,0,N,0.0,0.0,0.0,,,,,,,,35.96534,-86.80769,False,Crashes_2010_2019_MPO
102146545,2018-09-15,2018,,19.0,,,0,0,N,0.0,0.0,0.0,,,,,,,,36.04452,-86.68702,False,Crashes_2010_2019_MPO
101986088,2018-04-22,2018,,19.0,,,0,0,N,0.0,0.0,0.0,,,,,,,,36.03976,-86.75436,False,Crashes_2010_2019_MPO
102521008,2019-09-26,2019,,94.0,,,0,0,N,0.0,0.0,0.0,,,,,,,,35.94632,-86.82301,False,Crashes_2010_2019_MPO
102209113,2018-11-08,2018,,94.0,,,0,0,N,0.0,0.0,0.0,,,,,,,,35.97776,-86.80359,True,Crashes_2010_2019_MPO
101857593,2017-12-13,2017,,19.0,,,0,0,N,0.0,0.0,0.0,,,,,,,,36.03774,-86.79498,False,Crashes_2010_2019_MPO
100319118,2013-04-21,2013,,94.0,,,0,0,N,0.0,0.0,0.0,,,,,,,,35.94032,-86.81064,False,Crashes_2010_2019_MPO
100353180,2013-07-11,2013,,94.0,,,0,0,N,0.0,0.0,0.0,,,,,,,,35.94088,-86.83925,False,Crashes_2010_2019_MPO
102347453,2019-04-01,2019,,94.0,,,0,0,N,0.0,0.0,0.0,,,,,,,,36.02862,-86.81813,True,Crashes_2010_2019_MPO
100393647,2013-10-19,2013,,94.0,,,0,0,N,0.0,0.0,0.0,,,,,,,,35.94746,-86.82267,False,Crashes_2010_2019_MPO
102511885,2019-09-16,2019,,94.0,,,0,0,N,0.0,0.0,0.0,,,,,,,,35.9392,-86.83872,False,Crashes_2010_2019_MPO
101192865,2016-05-12,2016,,94.0,,,0,0,N,0.0,0.0,0.0,,,,,,,,35.96372,-86.68491,False,Crashes_2010_2019_MPO
102371712,2019-04-25,2019,,94.0,,,0,0,N,0.0,0.0,0.0,,,,,,,,35.93127,-86.87663,False,Crashes_2010_2019_MPO
101181391,2016-04-24,2016,,94.0,,,0,0,N,0.0,0.0,0.0,,,,,,,,36.01286,-86.80081,True,Crashes_2010_2019_MPO
102058926,2018-06-30,2018,,19.0,,,0,0,N,0.0,0.0,0.0,,,,,,,,36.05366,-86.71502,False,Crashes_2010_2019_MPO
101675099,2017-06-16,2017,,94.0,,,0,0,N,0.0,0.0,0.0,,,,,,,,35.92472,-86.87428,False,Crashes_2010_2019_MPO
102026000,2018-05-28,2018,,94.0,,,0,0,N,0.0,0.0,0.0,,,,,,,,36.00488,-86.77071,True,Crashes_2010_2019_MPO
102469350,2019-08-06,2019,,94.0,,,0,0,N,0.0,0.0,0.0,,,,,,,,36.03689,-86.81684,True,Crashes_2010_2019_MPO
100152304,2012-02-27,2012,,94.0,,,0,0,Y,0.0,0.0,1.0,,,,,,,,35.99431,-86.76531,True,Crashes_2010_2019_MPO
101437068,2016-11-11,2016,,94.0,,,0,0,N,0.0,0.0,0.0,,,,,,,,35.93554,-86.82375,False,Crashes_2010_2019_MPO
101843673,2017-11-30,2017,,19.0,,,0,0,Y,0.0,0.0,1.0,,,,,,,,36.04486,-86.7132,False,Crashes_2010_2019_MPO
101064160,2015-12-21,2015,,94.0,,,0,0,N,0.0,0.0,0.0,,,,,,,,35.97612,-86.82901,True,Crashes_2010_2019_MPO
100252271,2012-11-13,2012,,94.0,,,0,0,N,0.0,0.0,0.0,,,,,,,,35.99448,-86.7668,True,Crashes_2010_2019_MPO
102560902,2019-11-07,2019,,19.0,,,0,0,N,0.0,0.0,0.0,,,,,,,,36.03584,-86.78363,False,Crashes_2010_2019_MPO
101318204,2016-08-01,2016,,94.0,,,0,0,N,0.0,0.0,0.0,,,,,,,,35.94059,-86.83374,False,Crashes_2010_2019_MPO
101353563,2016-09-04,2016,,19.0,,,0,0,N,0.0,0.0,0.0,,,,,,,,36.02526,-86.74259,False,Crashes_2010_2019_MPO
102553434,2019-10-30,2019,,94.0,,,0,0,N,0.0,0.0,0.0,,,,,,,,35.96705,-86.81355,True,Crashes_2010_2019_MPO
101725492,2017-08-09,2017,,19.0,,,0,0,N,0.0,0.0,0.0,,,,,,,,36.02044,-86.7105,False,Crashes_2010_2019_MPO
101422007,2016-10-24,2016,,19.0,,,0,0,N,0.0,0.0,0.0,,,,,,,,36.0409,-86.77938,False,Crashes_2010_2019_MPO
101270289,2016-06-20,2016,,19.0,,,0,0,N,0.0,0.0,0.0,,,,,,,,36.03975,-86.78133,False,Crashes_2010_2019_MPO
100664154,2014-11-03,2014,,19.0,,,0,0,N,0.0,0.0,0.0,,,,,,,,36.03195,-86.76287,False,Crashes_2010_2019_MPO
101694269,2017-07-03,2017,,94.0,,,0,0,N,0.0,0.0,0.0,,,,,,,,35.94687,-86.85168,False,Crashes_2010_2019_MPO
102531780,2019-10-07,2019,,94.0,,,0,0,N,0.0,0.0,0.0,,,,,,,,36.03336,-86.78872,True,Crashes_2010_2019_MPO
102206785,2018-11-09,2018,,94.0,,,0,0,N,0.0,0.0,0.0,,,,,,,,35.96655,-86.81009,True,Crashes_2010_2019_MPO
100463693,2014-03-13,2014,,94.0,,,0,0,N,0.0,0.0,0.0,,,,,,,,35.94676,-86.83175,False,Crashes_2010_2019_MPO
100756360,2015-03-04,2015,,19.0,,,0,0,N,0.0,0.0,0.0,,,,,,,,36.03292,-86.77235,False,Crashes_2010_2019_MPO
100860033,2015-06-12,2015,,94.0,,,0,0,N,0.0,0.0,0.0,,,,,,,,35.9379,-86.82191,False,Crashes_2010_2019_MPO
102119281,2018-08-23,2018,,19.0,,,0,0,N,0.0,0.0,0.0,,,,,,,,36.03997,-86.74287,False,Crashes_2010_2019_MPO
102428677,2019-06-25,2019,,19.0,,,0,0,N,0.0,0.0,0.0,,,,,,,,35.9977,-86.6897,False,Crashes_2010_2019_MPO
102175967,2018-10-12,2018,,94.0,,,0,0,N,0.0,0.0,0.0,,,,,,,,35.96178,-86.80245,True,Crashes_2010_2019_MPO
100455920,2014-02-19,2014,,94.0,,,0,0,N,0.0,0.0,0.0,,,,,,,,36.00639,-86.78853,True,Crashes_2010_2019_MPO
101714461,2017-07-28,2017,,94.0,,,0,0,N,0.0,0.0,0.0,,,,,,,,35.95182,-86.81793,False,Crashes_2010_2019_MPO
101237074,2016-05-30,2016,,19.0,,,0,0,N,0.0,0.0,0.0,,,,,,,,36.04117,-86.77655,False,Crashes_2010_2019_MPO
102595216,2019-12-08,2019,,94.0,,,0,0,N,0.0,0.0,0.0,,,,,,,,35.99321,-86.79848,True,Crashes_2010_2019_MPO
101996211,2018-05-01,2018,,94.0,,,0,0,N,0.0,0.0,0.0,,,,,,,,35.94675,-86.85178,False,Crashes_2010_2019_MPO
101182710,2016-04-27,2016,,94.0,,,0,0,N,0.0,0.0,0.0,,,,,,,,35.95693,-86.81657,False,Crashes_2010_2019_MPO
101434578,2016-11-08,2016,,94.0,,,0,0,N,0.0,0.0,0.0,,,,,,,,35.92609,-86.87139,False,Crashes_2010_2019_MPO
101951023,2018-03-21,2018,,94.0,,,0,0,N,0.0,0.0,0.0,,,,,,,,35.99647,-86.8107,True,Crashes_2010_2019_MPO
100767074,2015-03-05,2015,,19.0,,,0,0,N,0.0,0.0,0.0,,,,,,,,36.04545,-86.7036,False,Crashes_2010_2019_MPO
102251920,2018-12-19,2018,,94.0,,,0,0,N,0.0,0.0,0.0,,,,,,,,35.9448,-86.8203,False,Crashes_2010_2019_MPO
101102389,2016-02-08,2016,,94.0,,,0,0,N,0.0,0.0,0.0,,,,,,,,35.93541,-86.82372,False,Crashes_2010_2019_MPO
100699480,2014-12-01,2014,,94.0,,,0,0,N,0.0,0.0,0.0,,,,,,,,35.93459,-86.81988,False,Crashes_2010_2019_MPO
100335303,2013-05-29,2013,,94.0,,,0,0,N,0.0,0.0,0.0,,,,,,,,35.92547,-86.87275,False,Crashes_2010_2019_MPO
100365929,2013-08-12,2013,,94.0,,,0,0,N,0.0,0.0,0.0,,,,,,,,35.93474,-86.82061,False,Crashes_2010_2019_MPO
101077902,2016-01-15,2016,,19.0,,,0,0,N,0.0,0.0,0.0,,,,,,,,36.03915,-86.78232,False,Crashes_2010_2019_MPO
100680041,2014-11-13,2014,,19.0,,,0,0,N,0.0,0.0,0.0,,,,,,,,36.03935,-86.78565,False,Crashes_2010_2019_MPO
101697064,2017-07-09,2017,,94.0,,,0,0,N,0.0,0.0,0.0,,,,,,,,35.98118,-86.80263,True,Crashes_2010_2019_MPO
101418356,2016-10-20,2016,,94.0,,,0,0,N,0.0,0.0,0.0,,,,,,,,36.04044,-86.86871,True,Crashes_2010_2019_MPO
100591554,2014-08-05,2014,,94.0,,,0,0,N,0.0,0.0,0.0,,,,,,,,35.9582,-86.80266,False,Crashes_2010_2019_MPO
101813372,2017-11-03,2017,,19.0,,,0,0,N,0.0,0.0,0.0,,,,,,,,36.04907,-86.86919,False,Crashes_2010_2019_MPO
101583974,2017-03-15,2017,,94.0,,,0,0,N,0.0,0.0,0.0,,,,,,,,36.03184,-86.78956,True,Crashes_2010_2019_MPO
100731197,2015-02-02,2015,,94.0,,,0,0,N,0.0,0.0,0.0,,,,,,,,35.92391,-86.87162,False,Crashes_2010_2019_MPO
101646730,2017-05-17,2017,,94.0,,,0,0,N,0.0,0.0,0.0,,,,,,,,35.9583,-86.8023,False,Crashes_2010_2019_MPO
101671604,2017-06-12,2017,,94.0,,,0,0,N,0.0,0.0,0.0,,,,,,,,35.9332,-86.81413,False,Crashes_2010_2019_MPO
100190489,2012-06-11,2012,,94.0,,,0,0,N,0.0,0.0,0.0,,,,,,,,35.9976,-86.7949,True,Crashes_2010_2019_MPO
100666140,2014-11-06,2014,,19.0,,,0,0,N,0.0,0.0,0.0,,,,,,,,36.04001,-86.74349,False,Crashes_2010_2019_MPO
102600929,2019-12-18,2019,,94.0,,,0,0,N,0.0,0.0,0.0,,,,,,,,35.966648,-86.809199,True,Crashes_2010_2019_MPO
102334179,2019-03-18,2019,,19.0,,,0,0,N,0.0,0.0,0.0,,,,,,,,36.03114,-86.75146,False,Crashes_2010_2019_MPO
102338281,2019-03-22,2019,,19.0,,,0,0,N,0.0,0.0,0.0,,,,,,,,36.04612,-86.71335,False,Crashes_2010_2019_MPO
100820188,2015-04-18,2015,,19.0,,,0,0,N,0.0,0.0,0.0,,,,,,,,36.04528,-86.71451,False,Crashes_2010_2019_MPO
101147754,2016-03-19,2016,,19.0,,,0,0,N,0.0,0.0,0.0,,,,,,,,36.01256,-86.70372,False,Crashes_2010_2019_MPO
102518810,2019-09-24,2019,,94.0,,,0,0,N,0.0,0.0,0.0,,,,,,,,35.9515,-86.80942,False,Crashes_2010_2019_MPO
100180516,2012-05-14,2012,,94.0,,,0,0,N,0.0,0.0,0.0,,,,,,,,36.02911,-86.79104,True,Crashes_2010_2019_MPO
101476550,2016-12-14,2016,,19.0,,,0,0,N,0.0,0.0,0.0,,,,,,,,36.04479,-86.72487,False,Crashes_2010_2019_MPO
101607247,2017-04-06,2017,,94.0,,,0,0,N,0.0,0.0,0.0,,,,,,,,35.94823,-86.81934,False,Crashes_2010_2019_MPO
101617630,2017-04-17,2017,,94.0,,,0,0,N,0.0,0.0,0.0,,,,,,,,35.94683,-86.85172,False,Crashes_2010_2019_MPO
100662685,2014-10-31,2014,,94.0,,,0,0,N,0.0,0.0,0.0,,,,,,,,35.94515,-86.8779,False,Crashes_2010_2019_MPO
100462700,2014-03-10,2014,,94.0,,,0,0,N,0.0,0.0,0.0,,,,,,,,35.94633,-86.80851,False,Crashes_2010_2019_MPO
101046121,2015-12-09,2015,,94.0,,,0,0,N,0.0,0.0,0.0,,,,,,,,36.03632,-86.790398,True,Crashes_2010_2019_MPO
100572819,2014-07-14,2014,,94.0,,,0,0,N,0.0,0.0,0.0,,,,,,,,35.96675,-86.81149,True,Crashes_2010_2019_MPO
100909716,2015-07-21,2015,,94.0,,,0,0,N,0.0,0.0,0.0,,,,,,,,35.92389,-86.87879,False,Crashes_2010_2019_MPO
102239240,2018-12-06,2018,,94.0,,,0,0,N,0.0,0.0,0.0,,,,,,,,35.93155,-86.81988,False,Crashes_2010_2019_MPO
101304304,2016-07-27,2016,,94.0,,,0,0,N,0.0,0.0,0.0,,,,,,,,35.92317,-86.81685,False,Crashes_2010_2019_MPO
101637788,2017-05-08,2017,,94.0,,,0,0,N,0.0,0.0,0.0,,,,,,,,35.99805,-86.80093,True,Crashes_2010_2019_MPO
100313391,2013-04-08,2013,,94.0,,,0,0,N,0.0,0.0,0.0,,,,,,,,35.94878,-86.74516,True,Crashes_2010_2019_MPO
101710370,2017-07-24,2017,,19.0,,,0,0,N,0.0,0.0,0.0,,,,,,,,36.03748,-86.76855,False,Crashes_2010_2019_MPO
100285703,2013-01-29,2013,,94.0,,,0,0,N,0.0,0.0,0.0,,,,,,,,35.98624,-86.73643,True,Crashes_2010_2019_MPO
100361069,2013-08-01,2013,,94.0,,,0,0,N,0.0,0.0,0.0,,,,,,,,35.96385,-86.79905,True,Crashes_2010_2019_MPO
101569542,2017-02-28,2017,,94.0,,,0,0,N,0.0,0.0,0.0,,,,,,,,35.99551,-86.77887,True,Crashes_2010_2019_MPO
100912793,2015-07-26,2015,,94.0,,,0,0,N,0.0,0.0,0.0,,,,,,,,35.99932,-86.77421,True,Crashes_2010_2019_MPO
101401822,2016-10-12,2016,,19.0,,,0,0,N,0.0,0.0,0.0,,,,,,,,36.04697,-86.68012,False,Crashes_2010_2019_MPO
100997159,2015-10-27,2015,,94.0,,,0,0,N,0.0,0.0,0.0,,,,,,,,35.99781,-86.79886,True,Crashes_2010_2019_MPO
101534061,2017-01-25,2017,,94.0,,,0,0,N,0.0,0.0,0.0,,,,,,,,36.03551,-86.78748,True,Crashes_2010_2019_MPO
100770376,2015-03-11,2015,,19.0,,,0,0,N,0.0,0.0,0.0,,,,,,,,36.04568,-86.85515,False,Crashes_2010_2019_MPO
100331582,2013-05-20,2013,,94.0,,,0,0,N,0.0,0.0,0.0,,,,,,,,35.94377,-86.84493,False,Crashes_2010_2019_MPO
102389247,2019-05-13,2019,,94.0,,,0,1,N,0.0,1.0,0.0,,,,,,,,35.95562,-86.75064,True,Crashes_2010_2019_MPO
101843393,2017-11-30,2017,,19.0,,,0,0,N,0.0,0.0,0.0,,,,,,,,36.0417,-86.74862,False,Crashes_2010_2019_MPO
102178597,2018-10-15,2018,,94.0,,,0,0,N,0.0,0.0,0.0,,,,,,,,35.93479,-86.8212,False,Crashes_2010_2019_MPO
100701973,2014-12-05,2014,,19.0,,,0,0,N,0.0,0.0,0.0,,,,,,,,36.03117,-86.75234,False,Crashes_2010_2019_MPO
101966971,2018-04-04,2018,,94.0,,,0,0,N,0.0,0.0,0.0,,,,,,,,36.01755,-86.74135,False,Crashes_2010_2019_MPO
101634898,2017-05-04,2017,,94.0,,,0,0,N,0.0,0.0,0.0,,,,,,,,35.99781,-86.79886,True,Crashes_2010_2019_MPO
100417417,2013-12-10,2013,,94.0,,,0,0,N,0.0,0.0,0.0,,,,,,,,35.96665,-86.80941,True,Crashes_2010_2019_MPO
101707430,2017-07-20,2017,,19.0,,,0,0,N,0.0,0.0,0.0,,,,,,,,36.02724,-86.78425,True,Crashes_2010_2019_MPO
100415687,2013-12-06,2013,,94.0,,,0,0,Y,0.0,0.0,1.0,,,,,,,,35.92921,-86.83943,False,Crashes_2010_2019_MPO
102417626,2019-06-13,2019,,94.0,,,0,0,N,0.0,0.0,0.0,,,,,,,,35.9575,-86.85751,False,Crashes_2010_2019_MPO
102342046,2019-03-26,2019,,94.0,,,0,0,N,0.0,0.0,0.0,,,,,,,,35.95806,-86.76773,True,Crashes_2010_2019_MPO