mstrrecnbr,collision_ts,year,county,countystat,crash,crash_type,fatalities,non_motorists,commercial,fatal_c,nonmotor_c,truck_c,fatalc,serious_injuries,ped,bike,lighting,weather,first_harmful_event,latitude,longitude,in_city,src_layer
100264235,2012-12-10,2012,,94.0,,,0,0,N,0.0,0.0,0.0,,,,,,,,35.96411,-86.81063,False,Crashes_2010_2019_MPO
101159174,2016-04-07,2016,,94.0,,,0,0,Y,0.0,0.0,1.0,,,,,,,,35.93373,-86.81912,False,Crashes_2010_2019_MPO
102469411,2019-08-06,2019,,19.0,,,0,0,N,0.0,0.0,0.0,,,,,,,,36.0409,-86.77938,False,Crashes_2010_2019_MPO
102539103,2019-10-16,2019,,94.0,,,0,0,N,0.0,0.0,0.0,,,,,,,,35.96589,-86.80316,True,Crashes_2010_2019_MPO
100505772,2014-05-07,2014,,94.0,,,0,0,N,0.0,0.0,0.0,,,,,,,,36.03521,-86.78691,True,Crashes_2010_2019_MPO
101533469,2017-01-24,2017,,94.0,,,0,0,N,0.0,0.0,0.0,,,,,,,,35.93059,-86.86389,False,Crashes_2010_2019_MPO
101433761,2016-11-07,2016,,19.0,,,0,0,N,0.0,0.0,0.0,,,,,,,,36.0269,-86.68083,False,Crashes_2010_2019_MPO
101285305,2016-07-14,2016,,19.0,,,0,0,N,0.0,0.0,0.0,,,,,,,,36.0522,-86.74309,False,Crashes_2010_2019_MPO
102353889,2019-04-08,2019,,94.0,,,0,0,N,0.0,0.0,0.0,,,,,,,,35.96705,-86.81355,True,Crashes_2010_2019_MPO
101706487,2017-07-19,2017,,19.0,,,0,0,N,0.0,0.0,0.0,,,,,,,,36.03987,-86.78139,False,Crashes_2010_2019_MPO
101073585,2016-01-07,2016,,94.0,,,0,0,N,0.0,0.0,0.0,,,,,,,,35.95721,-86.84339,False,Crashes_2010_2019_MPO
101796866,2017-10-19,2017,,19.0,,,0,0,N,0.0,0.0,0.0,,,,,,,,36.0397,-86.75982,False,Crashes_2010_2019_MPO
100726473,2015-01-23,2015,,94.0,,,0,0,N,0.0,0.0,0.0,,,,,,,,36.03276,-86.78655,True,Crashes_2010_2019_MPO
101421583,2016-10-21,2016,,94.0,,,0,0,N,0.0,0.0,0.0,,,,,,,,35.93129,-86.81997,False,Crashes_2010_2019_MPO
102194898,2018-10-30,2018,,19.0,,,0,0,N,0.0,0.0,0.0,,,,,,,,36.04424,-86.71313,False,Crashes_2010_2019_MPO
102184497,2018-10-21,2018,,19.0,,,0,0,N,0.0,0.0,0.0,,,,,,,,36.03991,-86.74207,False,Crashes_2010_2019_MPO
102402509,2019-05-28,2019,,94.0,,,0,0,N,0.0,0.0,0.0,,,,,,,,35.97614,-86.77662,True,Crashes_2010_2019_MPO
102441958,2019-07-08,2019,,94.0,,,0,0,N,0.0,0.0,0.0,,,,,,,,35.94494,-86.81946,False,Crashes_2010_2019_MPO
102488034,2019-08-25,2019,,94.0,,,0,0,N,0.0,0.0,0.0,,,,,,,,35.92372,-86.76683,False,Crashes_2010_2019_MPO
102372830,2019-04-26,2019,,94.0,,,0,0,N,0.0,0.0,0.0,,,,,,,,35.92355,-86.79253,False,Crashes_2010_2019_MPO
101899785,2018-01-28,2018,,19.0,,,0,0,N,0.0,0.0,0.0,,,,,,,,36.03947,-86.7815,False,Crashes_2010_2019_MPO
102203107,2018-11-07,2018,,19.0,,,0,0,N,0.0,0.0,0.0,,,,,,,,36.03744,-86.78626,False,Crashes_2010_2019_MPO
101197448,2016-05-18,2016,,19.0,,,0,0,N,0.0,0.0,0.0,,,,,,,,36.04805,-86.69042,False,Crashes_2010_2019_MPO
100942294,2015-08-31,2015,,94.0,,,0,0,Y,0.0,0.0,1.0,,,,,,,,35.94633,-86.82355,False,Crashes_2010_2019_MPO
100678646,2014-11-11,2014,,94.0,,,0,0,N,0.0,0.0,0.0,,,,,,,,35.9583,-86.80229,False,Crashes_2010_2019_MPO
102442738,2019-07-09,2019,,94.0,,,0,0,N,0.0,0.0,0.0,,,,,,,,35.9736,-86.80502,True,Crashes_2010_2019_MPO
102321698,2019-03-05,2019,,19.0,,,0,0,N,0.0,0.0,0.0,,,,,,,,35.99683,-86.68657,False,Crashes_2010_2019_MPO
101391355,2016-09-27,2016,,19.0,,,0,0,N,0.0,0.0,0.0,,,,,,,,36.04822,-86.74365,False,Crashes_2010_2019_MPO
102599976,2019-12-17,2019,,19.0,,,0,0,N,0.0,0.0,0.0,,,,,,,,36.03918,-86.71286,False,Crashes_2010_2019_MPO
100369824,2013-08-21,2013,,94.0,,,0,0,N,0.0,0.0,0.0,,,,,,,,35.96607,-86.83832,False,Crashes_2010_2019_MPO
102007244,2018-05-11,2018,,94.0,,,0,0,N,0.0,0.0,0.0,,,,,,,,35.92609,-86.87139,False,Crashes_2010_2019_MPO
102568519,2019-11-14,2019,,94.0,,,0,0,N,0.0,0.0,0.0,,,,,,,,35.92609,-86.87139,False,Crashes_2010_2019_MPO
102367345,2019-04-21,2019,,19.0,,,0,0,N,0.0,0.0,0.0,,,,,,,,36.03704,-86.74928,False,Crashes_2010_2019_MPO
101754091,2017-09-07,2017,,94.0,,,0,0,N,0.0,0.0,0.0,,,,,,,,35.95879,-86.80442,False,Crashes_2010_2019_MPO
101034233,2015-11-14,2015,,94.0,,,0,0,N,0.0,0.0,0.0,,,,,,,,35.9674,-86.8137,True,Crashes_2010_2019_MPO
101181939,2016-04-26,2016,,94.0,,,0,0,N,0.0,0.0,0.0,,,,,,,,35.95049,-86.80466,False,Crashes_2010_2019_MPO
100994080,2015-10-22,2015,,19.0,,,0,0,N,0.0,0.0,0.0,,,,,,,,36.04537,-86.71326,False,Crashes_2010_2019_MPO
101246400,2016-06-14,2016,,19.0,,,0,0,N,0.0,0.0,0.0,,,,,,,,36.03761,-86.78512,False,Crashes_2010_2019_MPO
101785600,2017-10-08,2017,,19.0,,,0,0,N,0.0,0.0,0.0,,,,,,,,36.03986,-86.7414,False,Crashes_2010_2019_MPO
100803953,2015-04-07,2015,,94.0,,,0,0,N,0.0,0.0,0.0,,,,,,,,35.92468,-86.87225,False,Crashes_2010_2019_MPO
102212156,2018-11-15,2018,,94.0,,,0,0,N,0.0,0.0,0.0,,,,,,,,35.94751,-86.8138,False,Crashes_2010_2019_MPO
100662846,2014-11-01,2014,,94.0,,,0,0,N,0.0,0.0,0.0,,,,,,,,35.95992,-86.81001,False,Crashes_2010_2019_MPO
100951786,2015-09-16,2015,,94.0,,,0,0,N,0.0,0.0,0.0,,,,,,,,35.95729,-86.81713,False,Crashes_2010_2019_MPO
102394450,2019-05-20,2019,,19.0,,,0,0,N,0.0,0.0,0.0,,,,,,,,36.05135,-86.71431,False,Crashes_2010_2019_MPO
102447799,2019-07-15,2019,,94.0,,,0,0,N,0.0,0.0,0.0,,,,,,,,35.96798,-86.81833,True,Crashes_2010_2019_MPO
102440341,2019-07-07,2019,,19.0,,,0,0,N,0.0,0.0,0.0,,,,,,,,36.05465,-86.68051,False,Crashes_2010_2019_MPO
101147985,2016-03-21,2016,,19.0,,,0,0,N,0.0,0.0,0.0,,,,,,,,36.05151,-86.71443,False,Crashes_2010_2019_MPO
101926861,2018-02-25,2018,,19.0,,,0,0,N,0.0,0.0,0.0,,,,,,,,36.04586,-86.71412,False,Crashes_2010_2019_MPO
100366334,2013-08-13,2013,,94.0,,,0,0,N,0.0,0.0,0.0,,,,,,,,35.95842,-86.80225,False,Crashes_2010_2019_MPO
102279002,2019-01-16,2019,,94.0,,,0,0,N,0.0,0.0,0.0,,,,,,,,35.9407,-86.83934,False,Crashes_2010_2019_MPO
102478201,2019-08-15,2019,,19.0,,,0,0,N,0.0,0.0,0.0,,,,,,,,36.04561,-86.71077,False,Crashes_2010_2019_MPO
100750819,2015-02-20,2015,,94.0,,,0,0,N,0.0,0.0,0.0,,,,,,,,35.97197,-86.68758,False,Crashes_2010_2019_MPO
100807069,2015-04-13,2015,,94.0,,,0,0,N,0.0,0.0,0.0,,,,,,,,36.01294,-86.80074,True,Crashes_2010_2019_MPO
100819665,2015-04-17,2015,,19.0,,,0,0,N,0.0,0.0,0.0,,,,,,,,36.04574,-86.85544,False,Crashes_2010_2019_MPO
100799000,2015-03-27,2015,,19.0,,,0,0,N,0.0,0.0,0.0,,,,,,,,36.05096,-86.77516,False,Crashes_2010_2019_MPO
101071893,2016-01-04,2016,,94.0,,,0,0,N,0.0,0.0,0.0,,,,,,,,35.95099,-86.81853,False,Crashes_2010_2019_MPO
102475047,2019-08-11,2019,,94.0,,,0,0,N,0.0,0.0,0.0,,,,,,,,35.94707,-86.82179,False,Crashes_2010_2019_MPO
100804051,2015-04-07,2015,,19.0,,,0,0,N,0.0,0.0,0.0,,,,,,,,36.00426,-86.68843,False,Crashes_2010_2019_MPO
102420452,2019-06-15,2019,,19.0,,,0,0,N,0.0,0.0,0.0,,,,,,,,36.00173,-86.69265,False,Crashes_2010_2019_MPO
101049663,2015-12-15,2015,,94.0,,,0,0,N,0.0,0.0,0.0,,,,,,,,35.98839,-86.81552,True,Crashes_2010_2019_MPO
102538895,2019-10-15,2019,,94.0,,,0,0,N,0.0,0.0,0.0,,,,,,,,35.96222,-86.81526,False,Crashes_2010_2019_MPO
100831620,2015-05-08,2015,,94.0,,,0,0,N,0.0,0.0,0.0,,,,,,,,35.95002,-86.81384,False,Crashes_2010_2019_MPO
101091507,2016-01-21,2016,,19.0,,,0,0,N,0.0,0.0,0.0,,,,,,,,36.04683,-86.68238,False,Crashes_2010_2019_MPO
102215599,2018-11-18,2018,,94.0,,,0,0,N,0.0,0.0,0.0,,,,,,,,35.93446,-86.81991,False,Crashes_2010_2019_MPO
100861224,2015-06-15,2015,,94.0,,,0,0,N,0.0,0.0,0.0,,,,,,,,35.94594,-86.82278,False,Crashes_2010_2019_MPO
101398669,2016-10-06,2016,,94.0,,,0,0,N,0.0,0.0,0.0,,,,,,,,35.98839,-86.81552,True,Crashes_2010_2019_MPO
100434308,2014-01-21,2014,,94.0,,,0,0,N,0.0,0.0,0.0,,,,,,,,35.97386,-86.68951,False,Crashes_2010_2019_MPO
101704588,2017-07-17,2017,,94.0,,,0,0,N,0.0,0.0,0.0,,,,,,,,35.94811,-86.81116,False,Crashes_2010_2019_MPO
100257963,2012-11-26,2012,,94.0,,,0,0,N,0.0,0.0,0.0,,,,,,,,35.96653,-86.80997,True,Crashes_2010_2019_MPO
101233674,2016-05-27,2016,,19.0,,,0,0,N,0.0,0.0,0.0,,,,,,,,36.04552,-86.71169,False,Crashes_2010_2019_MPO
101698596,2017-07-11,2017,,94.0,,,0,0,N,0.0,0.0,0.0,,,,,,,,36.02024,-86.7473,False,Crashes_2010_2019_MPO
102569410,2019-11-15,2019,,94.0,,,0,0,N,0.0,0.0,0.0,,,,,,,,35.98431,-86.82961,False,Crashes_2010_2019_MPO
100569378,2014-07-05,2014,,94.0,,,0,0,N,0.0,0.0,0.0,,,,,,,,35.94632,-86.8236,False,Crashes_2010_2019_MPO
100997362,2015-10-27,2015,,94.0,,,0,0,N,0.0,0.0,0.0,,,,,,,,35.94978,-86.81329,False,Crashes_2010_2019_MPO
102078121,2018-07-18,2018,,94.0,,,0,0,N,0.0,0.0,0.0,,,,,,,,35.99715,-86.79371,True,Crashes_2010_2019_MPO
102472535,2019-07-28,2019,,94.0,,,0,0,N,0.0,0.0,0.0,,,,,,,,35.94421,-86.81976,False,Crashes_2010_2019_MPO
100982036,2015-10-19,2015,,94.0,,,0,0,N,0.0,0.0,0.0,,,,,,,,36.03599,-86.7872,True,Crashes_2010_2019_MPO
100728840,2015-01-28,2015,,94.0,,,0,0,N,0.0,0.0,0.0,,,,,,,,35.97921,-86.85088,False,Crashes_2010_2019_MPO
101388667,2016-09-24,2016,,19.0,,,0,0,N,0.0,0.0,0.0,,,,,,,,36.0409,-86.77938,False,Crashes_2010_2019_MPO
101682898,2017-06-25,2017,,19.0,,,0,1,N,0.0,1.0,0.0,,,,,,,,35.99687,-86.68989,False,Crashes_2010_2019_MPO
100964461,2015-09-21,2015,,19.0,,,0,0,N,0.0,0.0,0.0,,,,,,,,36.04753,-86.73983,False,Crashes_2010_2019_MPO
102560665,2019-11-07,2019,,19.0,,,0,0,N,0.0,0.0,0.0,,,,,,,,36.05049,-86.87668,False,Crashes_2010_2019_MPO
101045429,2015-12-08,2015,,19.0,,,0,0,N,0.0,0.0,0.0,,,,,,,,36.05049,-86.87668,False,Crashes_2010_2019_MPO
100999644,2015-10-30,2015,,94.0,,,0,0,N,0.0,0.0,0.0,,,,,,,,35.94477,-86.82853,False,Crashes_2010_2019_MPO
101009256,2015-11-13,2015,,94.0,,,0,0,N,0.0,0.0,0.0,,,,,,,,35.94725,-86.82132,False,Crashes_2010_2019_MPO
101863754,2017-12-19,2017,,94.0,,,0,0,N,0.0,0.0,0.0,,,,,,,,35.96274,-86.81946,True,Crashes_2010_2019_MPO
101928391,2018-02-27,2018,,19.0,,,0,0,N,0.0,0.0,0.0,,,,,,,,35.9944,-86.68653,False,Crashes_2010_2019_MPO
101146501,2016-03-16,2016,,94.0,,,0,0,N,0.0,0.0,0.0,,,,,,,,35.94922,-86.81946,False,Crashes_2010_2019_MPO
102315495,2019-02-26,2019,,19.0,,,0,0,N,0.0,0.0,0.0,,,,,,,,36.03837,-86.78422,False,Crashes_2010_2019_MPO
101398251,2016-10-07,2016,,19.0,,,0,0,N,0.0,0.0,0.0,,,,,,,,36.04177,-86.71288,False,Crashes_2010_2019_MPO
102483138,2019-08-20,2019,,94.0,,,0,0,N,0.0,0.0,0.0,,,,,,,,35.93597,-86.8268,False,Crashes_2010_2019_MPO
102292768,2019-01-31,2019,,19.0,,,0,0,N,0.0,0.0,0.0,,,,,,,,36.04512,-86.71323,False,Crashes_2010_2019_MPO
100585493,2014-07-20,2014,,94.0,,,0,0,N,0.0,0.0,0.0,,,,,,,,35.93412,-86.81871,False,Crashes_2010_2019_MPO
101717029,2017-07-31,2017,,94.0,,,0,0,N,0.0,0.0,0.0,,,,,,,,36.03473,-86.78793,True,Crashes_2010_2019_MPO
102452315,2019-07-19,2019,,94.0,,,0,0,N,0.0,0.0,0.0,,,,,,,,36.0085,-86.78038,True,Crashes_2010_2019_MPO
101977809,2018-04-14,2018,,94.0,,,0,2,N,0.0,1.0,0.0,,,,,,,,35.95807,-86.80848,False,Crashes_2010_2019_MPO
101730852,2017-08-14,2017,,94.0,,,0,0,N,0.0,0.0,0.0,,,,,,,,35.93282,-86.81944,False,Crashes_2010_2019_MPO
100974674,2015-10-06,2015,,19.0,,,0,0,N,0.0,0.0,0.0,,,,,,,,36.04711,-86.71457,False,Crashes_2010_2019_MPO
100402711,2013-11-09,2013,,94.0,,,0,0,N,0.0,0.0,0.0,,,,,,,,35.93701,-86.87875,False,Crashes_2010_2019_MPO
102025847,2018-05-28,2018,,94.0,,,0,0,N,0.0,0.0,0.0,,,,,,,,36.02372,-86.72339,False,Crashes_2010_2019_MPO
100618774,2014-09-13,2014,,94.0,,,0,0,N,0.0,0.0,0.0,,,,,,,,35.94811,-86.81957,False,Crashes_2010_2019_MPO
100337163,2013-06-03,2013,,94.0,,,0,0,N,0.0,0.0,0.0,,,,,,,,35.96512,-86.80035,True,Crashes_2010_2019_MPO
100796728,2015-03-23,2015,,19.0,,,0,0,N,0.0,0.0,0.0,,,,,,,,36.04007,-86.74415,False,Crashes_2010_2019_MPO
101232193,2016-05-20,2016,,19.0,,,0,0,N,0.0,0.0,0.0,,,,,,,,36.04064,-86.77149,False,Crashes_2010_2019_MPO
101728493,2017-08-12,2017,,94.0,,,0,0,N,0.0,0.0,0.0,,,,,,,,35.9476,-86.81992,False,Crashes_2010_2019_MPO
102072500,2018-07-12,2018,,94.0,,,0,0,N,0.0,0.0,0.0,,,,,,,,36.03102,-86.78378,True,Crashes_2010_2019_MPO
102450018,2019-07-17,2019,,19.0,,,0,0,N,0.0,0.0,0.0,,,,,,,,36.02229,-86.70231,False,Crashes_2010_2019_MPO
101598506,2017-03-29,2017,,94.0,,,0,0,N,0.0,0.0,0.0,,,,,,,,35.95651,-86.8036,False,Crashes_2010_2019_MPO
101720869,2017-08-04,2017,,94.0,,,0,0,N,0.0,0.0,0.0,,,,,,,,36.01559,-86.7406,False,Crashes_2010_2019_MPO
102416787,2019-06-12,2019,,94.0,,,0,0,N,0.0,0.0,0.0,,,,,,,,35.99349,-86.74448,True,Crashes_2010_2019_MPO
100326065,2013-05-07,2013,,94.0,,,0,0,N,0.0,0.0,0.0,,,,,,,,35.93091,-86.85823,False,Crashes_2010_2019_MPO
102548236,2019-10-25,2019,,94.0,,,0,0,N,0.0,0.0,0.0,,,,,,,,35.96562,-86.70619,True,Crashes_2010_2019_MPO
101646765,2017-05-17,2017,,19.0,,,0,0,N,0.0,0.0,0.0,,,,,,,,36.03744,-86.78627,False,Crashes_2010_2019_MPO
100370509,2013-08-22,2013,,94.0,,,0,0,N,0.0,0.0,0.0,,,,,,,,35.94419,-86.82864,False,Crashes_2010_2019_MPO
100414676,2013-12-02,2013,,94.0,,,0,0,N,0.0,0.0,0.0,,,,,,,,35.93193,-86.79397,False,Crashes_2010_2019_MPO
100907445,2015-07-15,2015,,94.0,,,0,0,N,0.0,0.0,0.0,,,,,,,,35.96921,-86.80654,True,Crashes_2010_2019_MPO
101931997,2018-03-02,2018,,94.0,,,0,0,N,0.0,0.0,0.0,,,,,,,,35.93733,-86.8787,False,Crashes_2010_2019_MPO
101074648,2016-01-09,2016,,19.0,,,0,0,N,0.0,0.0,0.0,,,,,,,,36.04391,-86.71299,False,Crashes_2010_2019_MPO
100371547,2013-08-26,2013,,94.0,,,0,0,N,0.0,0.0,0.0,,,,,,,,36.03328,-86.78825,True,Crashes_2010_2019_MPO
102416104,2019-06-11,2019,,94.0,,,0,0,N,0.0,0.0,0.0,,,,,,,,36.02652,-86.79251,True,Crashes_2010_2019_MPO
100938312,2015-08-23,2015,,19.0,,,0,0,N,0.0,0.0,0.0,,,,,,,,36.04001,-86.74347,False,Crashes_2010_2019_MPO
101274096,2016-06-27,2016,,94.0,,,0,0,N,0.0,0.0,0.0,,,,,,,,35.94965,-86.81724,False,Crashes_2010_2019_MPO
101559035,2017-02-18,2017,,94.0,,,0,0,N,0.0,0.0,0.0,,,,,,,,35.95176,-86.81815,False,Crashes_2010_2019_MPO
100854367,2015-06-02,2015,,19.0,,,0,0,N,0.0,0.0,0.0,,,,,,,,36.02458,-86.71294,False,Crashes_2010_2019_MPO
101677595,2017-06-19,2017,,94.0,,,0,0,N,0.0,0.0,0.0,,,,,,,,35.93986,-86.87951,False,Crashes_2010_2019_MPO
102090090,2018-07-28,2018,,19.0,,,0,0,N,0.0,0.0,0.0,,,,,,,,36.04556,-86.7194,False,Crashes_2010_2019_MPO
100831360,2015-05-09,2015,,19.0,,,0,0,N,0.0,0.0,0.0,,,,,,,,36.04425,-86.78095,False,Crashes_2010_2019_MPO
100416721,2013-12-09,2013,,94.0,,,0,0,N,0.0,0.0,0.0,,,,,,,,35.97302,-86.80523,True,Crashes_2010_2019_MPO
102179713,2018-10-16,2018,,94.0,,,0,0,N,0.0,0.0,0.0,,,,,,,,35.92711,-86.8243,False,Crashes_2010_2019_MPO
100632670,2014-09-23,2014,,19.0,,,0,0,N,0.0,0.0,0.0,,,,,,,,36.02619,-86.87884,False,Crashes_2010_2019_MPO
101178298,2016-04-21,2016,,94.0,,,0,0,N,0.0,0.0,0.0,,,,,,,,36.00422,-86.7911,True,Crashes_2010_2019_MPO
101363142,2016-09-17,2016,,94.0,,,0,0,N,0.0,0.0,0.0,,,,,,,,35.99069,-86.68304,False,Crashes_2010_2019_MPO
101270622,2016-06-22,2016,,94.0,,,0,0,N,0.0,0.0,0.0,,,,,,,,35.93541,-86.82372,False,Crashes_2010_2019_MPO
102577653,2019-11-24,2019,,19.0,,,0,0,N,0.0,0.0,0.0,,,,,,,,36.05367,-86.71489,False,Crashes_2010_2019_MPO
101462413,2016-11-28,2016,,19.0,,,0,0,N,0.0,0.0,0.0,,,,,,,,36.03196,-86.76284,False,Crashes_2010_2019_MPO
100457218,2014-02-25,2014,,94.0,,,0,0,N,0.0,0.0,0.0,,,,,,,,36.03377,-86.78742,True,Crashes_2010_2019_MPO
101547041,2017-02-07,2017,,94.0,,,0,0,N,0.0,0.0,0.0,,,,,,,,35.98431,-86.80131,True,Crashes_2010_2019_MPO
100718735,2015-01-07,2015,,94.0,,,0,0,N,0.0,0.0,0.0,,,,,,,,35.966637,-86.809593,True,Crashes_2010_2019_MPO
102087678,2018-07-26,2018,,94.0,,,0,0,N,0.0,0.0,0.0,,,,,,,,35.93603,-86.82727,False,Crashes_2010_2019_MPO
101996714,2018-05-02,2018,,19.0,,,0,0,N,0.0,0.0,0.0,,,,,,,,36.04523,-86.71324,False,Crashes_2010_2019_MPO
100162232,2012-03-26,2012,,94.0,,,0,0,N,0.0,0.0,0.0,,,,,,,,35.9667,-86.81117,True,Crashes_2010_2019_MPO
100731720,2015-02-03,2015,,19.0,,,0,0,N,0.0,0.0,0.0,,,,,,,,36.0417,-86.74862,False,Crashes_2010_2019_MPO
101315964,2016-07-29,2016,,94.0,,,0,0,N,0.0,0.0,0.0,,,,,,,,36.02931,-86.784,True,Crashes_2010_2019_MPO
101687831,2017-06-30,2017,,19.0,,,0,0,N,0.0,0.0,0.0,,,,,,,,36.04569,-86.70743,False,Crashes_2010_2019_MPO
102471291,2019-08-07,2019,,94.0,,,0,0,N,0.0,0.0,0.0,,,,,,,,35.94568,-86.8735,False,Crashes_2010_2019_MPO
100970446,2015-09-30,2015,,94.0,,,0,0,N,0.0,0.0,0.0,,,,,,,,35.95231,-86.84733,False,Crashes_2010_2019_MPO
102317697,2019-02-28,2019,,94.0,,,0,0,N,0.0,0.0,0.0,,,,,,,,35.96688,-86.81117,True,Crashes_2010_2019_MPO
101493864,2017-01-02,2017,,19.0,,,0,0,N,0.0,0.0,0.0,,,,,,,,36.00004,-86.69297,False,Crashes_2010_2019_MPO
100360454,2013-07-18,2013,,94.0,,,0,0,N,0.0,0.0,0.0,,,,,,,,35.92308,-86.81718,False,Crashes_2010_2019_MPO
102558301,2019-11-01,2019,,94.0,,,0,0,Y,0.0,0.0,1.0,,,,,,,,35.96875,-86.8099,True,Crashes_2010_2019_MPO
100316610,2013-04-10,2013,,94.0,,,0,0,N,0.0,0.0,0.0,,,,,,,,36.03166,-86.78966,True,Crashes_2010_2019_MPO
102566829,2019-10-23,2019,,94.0,,,0,0,N,0.0,0.0,0.0,,,,,,,,35.9461,-86.80762,False,Crashes_2010_2019_MPO
101041640,2015-12-02,2015,,19.0,,,0,0,N,0.0,0.0,0.0,,,,,,,,36.05208,-86.71655,False,Crashes_2010_2019_MPO
101497967,2017-01-06,2017,,94.0,,,0,0,N,0.0,0.0,0.0,,,,,,,,35.96064,-86.73864,True,Crashes_2010_2019_MPO
100458969,2014-03-01,2014,,94.0,,,0,0,N,0.0,0.0,0.0,,,,,,,,35.99315,-86.69646,True,Crashes_2010_2019_MPO
102491168,2019-08-28,2019,,94.0,,,0,0,N,0.0,0.0,0.0,,,,,,,,35.94919,-86.81948,False,Crashes_2010_2019_MPO
101267574,2016-06-17,2016,,19.0,,,0,0,N,0.0,0.0,0.0,,,,,,,,36.0374,-86.78657,False,Crashes_2010_2019_MPO
101063266,2015-12-18,2015,,94.0,,,0,0,N,0.0,0.0,0.0,,,,,,,,35.93946,-86.83859,False,Crashes_2010_2019_MPO
101903922,2018-02-02,2018,,94.0,,,0,0,N,0.0,0.0,0.0,,,,,,,,35.92867,-86.82063,False,Crashes_2010_2019_MPO
101280454,2016-07-06,2016,,19.0,,,0,0,N,0.0,0.0,0.0,,,,,,,,36.04899,-86.77588,False,Crashes_2010_2019_MPO
100772966,2015-03-16,2015,,94.0,,,0,0,N,0.0,0.0,0.0,,,,,,,,35.99782,-86.7989,True,Crashes_2010_2019_MPO
101181991,2016-04-26,2016,,19.0,,,0,0,N,0.0,0.0,0.0,,,,,,,,36.03821,-86.8009,False,Crashes_2010_2019_MPO
101714367,2017-07-22,2017,,94.0,,,0,0,N,0.0,0.0,0.0,,,,,,,,35.9562,-86.81522,False,Crashes_2010_2019_MPO
100679939,2014-11-13,2014,,94.0,,,0,0,N,0.0,0.0,0.0,,,,,,,,35.96654,-86.80997,True,Crashes_2010_2019_MPO
100656749,2014-10-21,2014,,94.0,,,0,0,N,0.0,0.0,0.0,,,,,,,,35.99492,-86.77882,True,Crashes_2010_2019_MPO
100886391,2015-07-14,2015,,94.0,,,0,0,N,0.0,0.0,0.0,,,,,,,,35.96563,-86.81412,False,Crashes_2010_2019_MPO
100694309,2014-11-21,2014,,94.0,,,0,0,N,0.0,0.0,0.0,,,,,,,,35.94707,-86.8219,False,Crashes_2010_2019_MPO
101607511,2017-04-08,2017,,19.0,,,0,0,N,0.0,0.0,0.0,,,,,,,,36.04925,-86.73131,False,Crashes_2010_2019_MPO
101048013,2015-12-11,2015,,94.0,,,0,0,Y,0.0,0.0,1.0,,,,,,,,35.96218,-86.80924,False,Crashes_2010_2019_MPO
101012013,2015-11-18,2015,,94.0,,,0,0,N,0.0,0.0,0.0,,,,,,,,35.97408,-86.80511,True,Crashes_2010_2019_MPO
101712086,2017-07-26,2017,,19.0,,,0,0,N,0.0,0.0,0.0,,,,,,,,36.04715,-86.77641,False,Crashes_2010_2019_MPO
100770794,2015-03-12,2015,,94.0,,,0,0,N,0.0,0.0,0.0,,,,,,,,36.02898,-86.79112,True,Crashes_2010_2019_MPO
102407354,2019-06-01,2019,,19.0,,,0,0,N,0.0,0.0,0.0,,,,,,,,36.0548,-86.70581,False,Crashes_2010_2019_MPO
100443401,2014-02-15,2014,,94.0,,,0,1,N,0.0,1.0,0.0,,,,,,,,35.92924,-86.83366,False,Crashes_2010_2019_MPO
102015651,2018-05-19,2018,,94.0,,,0,0,N,0.0,0.0,0.0,,,,,,,,35.9526,-86.81256,False,Crashes_2010_2019_MPO
101696920,2017-07-03,2017,,94.0,,,0,0,N,0.0,0.0,0.0,,,,,,,,35.95889,-86.81598,False,Crashes_2010_2019_MPO
101476427,2016-12-13,2016,,94.0,,,0,0,N,0.0,0.0,0.0,,,,,,,,35.96199,-86.81523,False,Crashes_2010_2019_MPO
101733459,2017-08-17,2017,,94.0,,,0,0,N,0.0,0.0,0.0,,,,,,,,35.96806,-86.81848,True,Crashes_2010_2019_MPO
100874905,2015-06-22,2015,,94.0,,,0,0,N,0.0,0.0,0.0,,,,,,,,35.97355,-86.83296,True,Crashes_2010_2019_MPO
100383154,2013-09-24,2013,,94.0,,,0,0,N,0.0,0.0,0.0,,,,,,,,35.93918,-86.79687,False,Crashes_2010_2019_MPO
101547066,2017-02-07,2017,,94.0,,,0,0,N,0.0,0.0,0.0,,,,,,,,35.9765,-86.82733,True,Crashes_2010_2019_MPO
101094006,2016-01-26,2016,,94.0,,,0,0,N,0.0,0.0,0.0,,,,,,,,35.98968,-86.74268,True,Crashes_2010_2019_MPO
102506498,2019-09-03,2019,,19.0,,,0,0,N,0.0,0.0,0.0,,,,,,,,36.03066,-86.78358,True,Crashes_2010_2019_MPO
100349088,2013-06-27,2013,,94.0,,,0,0,N,0.0,0.0,0.0,,,,,,,,35.94465,-86.84666,False,Crashes_2010_2019_MPO
100850919,2015-05-27,2015,,94.0,,,0,0,N,0.0,0.0,0.0,,,,,,,,35.99964,-86.80897,True,Crashes_2010_2019_MPO
100715512,2014-12-31,2014,,94.0,,,0,0,N,0.0,0.0,0.0,,,,,,,,36.03612,-86.78713,True,Crashes_2010_2019_MPO
102447427,2019-07-14,2019,,19.0,,,0,0,N,0.0,0.0,0.0,,,,,,,,36.05151,-86.71436,False,Crashes_2010_2019_MPO
102069275,2018-07-09,2018,,19.0,,,0,0,N,0.0,0.0,0.0,,,,,,,,36.04537,-86.71326,False,Crashes_2010_2019_MPO
101288653,2016-07-19,2016,,94.0,,,0,0,N,0.0,0.0,0.0,,,,,,,,35.93497,-86.82169,False,Crashes_2010_2019_MPO
102100590,2018-08-06,2018,,19.0,,,0,0,N,0.0,0.0,0.0,,,,,,,,36.03727,-86.78869,False,Crashes_2010_2019_MPO