mstrrecnbr,collision_ts,year,county,countystat,crash,crash_type,fatalities,non_motorists,commercial,fatal_c,nonmotor_c,truck_c,fatalc,serious_injuries,ped,bike,lighting,weather,first_harmful_event,latitude,longitude,in_city,src_layer
100876942,2015-06-26,2015,,94.0,,,0,0,N,0.0,0.0,0.0,,,,,,,,35.93116,-86.79419,False,Crashes_2010_2019_MPO
102309376,2019-02-18,2019,,94.0,,,0,0,N,0.0,0.0,0.0,,,,,,,,35.99152,-86.78756,True,Crashes_2010_2019_MPO
101317712,2016-08-01,2016,,19.0,,,0,0,N,0.0,0.0,0.0,,,,,,,,36.05044,-86.69123,False,Crashes_2010_2019_MPO
102359096,2019-04-12,2019,,19.0,,,0,0,N,0.0,0.0,0.0,,,,,,,,36.04297,-86.84201,False,Crashes_2010_2019_MPO
102560929,2019-11-07,2019,,94.0,,,0,0,N,0.0,0.0,0.0,,,,,,,,35.95902,-86.81609,False,Crashes_2010_2019_MPO
100910601,2015-07-23,2015,,94.0,,,0,0,N,0.0,0.0,0.0,,,,,,,,35.97102,-86.72644,True,Crashes_2010_2019_MPO
102313196,2019-02-23,2019,,94.0,,,0,0,N,0.0,0.0,0.0,,,,,,,,35.96705,-86.81355,True,Crashes_2010_2019_MPO
101602324,2017-04-03,2017,,19.0,,,0,0,N,0.0,0.0,0.0,,,,,,,,36.031,-86.71145,False,Crashes_2010_2019_MPO
102154598,2018-09-22,2018,,94.0,,,0,0,N,0.0,0.0,0.0,,,,,,,,35.99465,-86.76846,True,Crashes_2010_2019_MPO
102169299,2018-10-06,2018,,94.0,,,0,0,N,0.0,0.0,0.0,,,,,,,,35.966723,-86.809109,True,Crashes_2010_2019_MPO
102555332,2019-11-01,2019,,94.0,,,0,0,N,0.0,0.0,0.0,,,,,,,,35.93102,-86.71523,False,Crashes_2010_2019_MPO
101365375,2016-09-20,2016,,94.0,,,0,0,N,0.0,0.0,0.0,,,,,,,,35.94175,-86.82121,False,Crashes_2010_2019_MPO
102293386,2019-01-31,2019,,94.0,,,0,0,N,0.0,0.0,0.0,,,,,,,,35.96133,-86.81226,False,Crashes_2010_2019_MPO
100639120,2014-10-06,2014,,94.0,,,0,0,N,0.0,0.0,0.0,,,,,,,,35.97102,-86.72644,True,Crashes_2010_2019_MPO
101744438,2017-08-27,2017,,94.0,,,0,0,N,0.0,0.0,0.0,,,,,,,,35.92673,-86.87005,False,Crashes_2010_2019_MPO
100921823,2015-08-12,2015,,94.0,,,0,0,N,0.0,0.0,0.0,,,,,,,,35.931,-86.85882,False,Crashes_2010_2019_MPO
101915738,2018-02-14,2018,,19.0,,,0,0,N,0.0,0.0,0.0,,,,,,,,36.0249,-86.7858,True,Crashes_2010_2019_MPO
102235664,2018-12-05,2018,,94.0,,,0,0,N,0.0,0.0,0.0,,,,,,,,35.9666,-86.80939,True,Crashes_2010_2019_MPO
102489825,2019-08-25,2019,,94.0,,,0,0,N,0.0,0.0,0.0,,,,,,,,35.93562,-86.82387,False,Crashes_2010_2019_MPO
100656680,2014-10-21,2014,,94.0,,,0,0,N,0.0,0.0,0.0,,,,,,,,35.971,-86.7741,True,Crashes_2010_2019_MPO
102035674,2018-06-07,2018,,19.0,,,0,0,N,0.0,0.0,0.0,,,,,,,,36.04471,-86.84767,False,Crashes_2010_2019_MPO
101122531,2016-02-25,2016,,19.0,,,0,0,N,0.0,0.0,0.0,,,,,,,,36.04118,-86.7766,False,Crashes_2010_2019_MPO
100256990,2012-11-24,2012,,94.0,,,0,0,N,0.0,0.0,0.0,,,,,,,,35.97088,-86.75476,True,Crashes_2010_2019_MPO
101010018,2015-11-14,2015,,94.0,,,0,0,N,0.0,0.0,0.0,,,,,,,,35.96593,-86.811,False,Crashes_2010_2019_MPO
100682897,2014-11-19,2014,,19.0,,,0,0,N,0.0,0.0,0.0,,,,,,,,36.04296,-86.84211,False,Crashes_2010_2019_MPO
100825441,2015-04-29,2015,,19.0,,,0,0,N,0.0,0.0,0.0,,,,,,,,36.05211,-86.74268,False,Crashes_2010_2019_MPO
101321741,2016-08-04,2016,,94.0,,,0,0,N,0.0,0.0,0.0,,,,,,,,35.93562,-86.82387,False,Crashes_2010_2019_MPO
102246623,2018-12-14,2018,,94.0,,,0,0,N,0.0,0.0,0.0,,,,,,,,35.93102,-86.8635,False,Crashes_2010_2019_MPO
100698539,2014-11-29,2014,,19.0,,,0,0,N,0.0,0.0,0.0,,,,,,,,36.04162,-86.74921,False,Crashes_2010_2019_MPO
101122026,2016-02-24,2016,,19.0,,,0,0,N,0.0,0.0,0.0,,,,,,,,36.04195,-86.83375,False,Crashes_2010_2019_MPO
100738712,2015-02-17,2015,,94.0,,,0,0,N,0.0,0.0,0.0,,,,,,,,35.93362,-86.81918,False,Crashes_2010_2019_MPO
100356412,2013-07-19,2013,,94.0,,,0,0,N,0.0,0.0,0.0,,,,,,,,35.95713,-86.81532,False,Crashes_2010_2019_MPO
100656911,2014-10-21,2014,,19.0,,,0,0,N,0.0,0.0,0.0,,,,,,,,36.03758,-86.78602,False,Crashes_2010_2019_MPO
100728950,2015-01-29,2015,,94.0,,,0,0,N,0.0,0.0,0.0,,,,,,,,35.97739,-86.72553,True,Crashes_2010_2019_MPO
101755936,2017-09-09,2017,,19.0,,,0,0,N,0.0,0.0,0.0,,,,,,,,36.02492,-86.74526,False,Crashes_2010_2019_MPO
102401452,2019-05-27,2019,,94.0,,,0,0,N,0.0,0.0,0.0,,,,,,,,35.93219,-86.79405,False,Crashes_2010_2019_MPO
100713136,2014-12-26,2014,,94.0,,,0,0,N,0.0,0.0,0.0,,,,,,,,36.03733,-86.79862,True,Crashes_2010_2019_MPO
102475425,2019-08-12,2019,,94.0,,,0,0,N,0.0,0.0,0.0,,,,,,,,36.03652,-86.80101,True,Crashes_2010_2019_MPO
101759833,2017-09-13,2017,,19.0,,,0,0,N,0.0,0.0,0.0,,,,,,,,36.03194,-86.76262,False,Crashes_2010_2019_MPO
102561389,2019-11-07,2019,,94.0,,,0,0,N,0.0,0.0,0.0,,,,,,,,36.0001,-86.79501,True,Crashes_2010_2019_MPO
102075117,2018-07-14,2018,,94.0,,,0,0,N,0.0,0.0,0.0,,,,,,,,35.99413,-86.6929,True,Crashes_2010_2019_MPO
101032682,2015-11-19,2015,,94.0,,,0,0,N,0.0,0.0,0.0,,,,,,,,35.98965,-86.74536,True,Crashes_2010_2019_MPO
102532271,2019-10-07,2019,,19.0,,,0,0,N,0.0,0.0,0.0,,,,,,,,36.0365,-86.78691,False,Crashes_2010_2019_MPO
101038818,2015-11-29,2015,,19.0,,,0,0,N,0.0,0.0,0.0,,,,,,,,36.04228,-86.78225,False,Crashes_2010_2019_MPO
100498618,2014-04-20,2014,,94.0,,,0,0,N,0.0,0.0,0.0,,,,,,,,36.03322,-86.78532,True,Crashes_2010_2019_MPO
102178400,2018-10-15,2018,,19.0,,,0,0,N,0.0,0.0,0.0,,,,,,,,36.0374,-86.78657,False,Crashes_2010_2019_MPO
100178202,2012-04-20,2012,,94.0,,,0,0,N,0.0,0.0,0.0,,,,,,,,36.00442,-86.79057,True,Crashes_2010_2019_MPO
102552194,2019-10-29,2019,,94.0,,,0,0,N,0.0,0.0,0.0,,,,,,,,35.98981,-86.74345,True,Crashes_2010_2019_MPO
100848324,2015-05-22,2015,,19.0,,,0,0,N,0.0,0.0,0.0,,,,,,,,36.04001,-86.74349,False,Crashes_2010_2019_MPO
101459276,2016-11-23,2016,,94.0,,,0,0,N,0.0,0.0,0.0,,,,,,,,35.92529,-86.86872,False,Crashes_2010_2019_MPO
102384998,2019-05-09,2019,,19.0,,,0,0,N,0.0,0.0,0.0,,,,,,,,36.04771,-86.86239,False,Crashes_2010_2019_MPO
100679462,2014-11-12,2014,,94.0,,,0,0,N,0.0,0.0,0.0,,,,,,,,35.98584,-86.67997,False,Crashes_2010_2019_MPO
102470814,2019-08-07,2019,,94.0,,,0,0,N,0.0,0.0,0.0,,,,,,,,35.94685,-86.8116,False,Crashes_2010_2019_MPO
101157649,2016-04-04,2016,,94.0,,,0,0,N,0.0,0.0,0.0,,,,,,,,35.93221,-86.79406,False,Crashes_2010_2019_MPO
101494612,2017-01-03,2017,,19.0,,,0,0,N,0.0,0.0,0.0,,,,,,,,36.04116,-86.78253,False,Crashes_2010_2019_MPO
101563938,2017-02-23,2017,,19.0,,,0,0,N,0.0,0.0,0.0,,,,,,,,36.04068,-86.77979,False,Crashes_2010_2019_MPO
101271931,2016-06-24,2016,,94.0,,,0,0,N,0.0,0.0,0.0,,,,,,,,35.997486,-86.795112,True,Crashes_2010_2019_MPO
101094266,2016-01-26,2016,,94.0,,,0,0,N,0.0,0.0,0.0,,,,,,,,35.93585,-86.87844,False,Crashes_2010_2019_MPO
100278074,2013-01-12,2013,,94.0,,,0,0,N,0.0,0.0,0.0,,,,,,,,36.03257,-86.785172,True,Crashes_2010_2019_MPO
101352825,2016-09-03,2016,,19.0,,,0,0,N,0.0,0.0,0.0,,,,,,,,36.03885,-86.78287,False,Crashes_2010_2019_MPO
102333516,2019-03-17,2019,,19.0,,,0,0,N,0.0,0.0,0.0,,,,,,,,36.04044,-86.70638,False,Crashes_2010_2019_MPO
100970567,2015-09-26,2015,,94.0,,,0,0,N,0.0,0.0,0.0,,,,,,,,35.93516,-86.77585,False,Crashes_2010_2019_MPO
100943099,2015-08-31,2015,,94.0,,,0,0,N,0.0,0.0,0.0,,,,,,,,35.93612,-86.82127,False,Crashes_2010_2019_MPO
100389116,2013-10-03,2013,,94.0,,,0,0,Y,0.0,0.0,1.0,,,,,,,,36.00225,-86.79282,True,Crashes_2010_2019_MPO
101037215,2015-11-26,2015,,19.0,,,0,0,N,0.0,0.0,0.0,,,,,,,,36.02869,-86.71257,False,Crashes_2010_2019_MPO
101778131,2017-10-01,2017,,19.0,,,0,0,N,0.0,0.0,0.0,,,,,,,,36.04324,-86.71302,False,Crashes_2010_2019_MPO
101439133,2016-11-13,2016,,94.0,,,0,0,N,0.0,0.0,0.0,,,,,,,,35.98499,-86.7271,True,Crashes_2010_2019_MPO
100220605,2012-08-30,2012,,94.0,,,0,0,N,0.0,0.0,0.0,,,,,,,,35.99653,-86.78886,True,Crashes_2010_2019_MPO
101072439,2016-01-05,2016,,19.0,,,0,0,N,0.0,0.0,0.0,,,,,,,,36.03756,-86.7851,False,Crashes_2010_2019_MPO
101464944,2016-12-01,2016,,94.0,,,0,0,N,0.0,0.0,0.0,,,,,,,,35.95544,-86.75854,True,Crashes_2010_2019_MPO
101463159,2016-11-29,2016,,19.0,,,0,0,N,0.0,0.0,0.0,,,,,,,,36.03745,-86.78255,False,Crashes_2010_2019_MPO
101185017,2016-05-01,2016,,19.0,,,0,0,N,0.0,0.0,0.0,,,,,,,,36.02823,-86.74402,False,Crashes_2010_2019_MPO
101323361,2016-08-09,2016,,94.0,,,0,0,N,0.0,0.0,0.0,,,,,,,,36.00853,-86.78005,True,Crashes_2010_2019_MPO
101648592,2017-05-19,2017,,94.0,,,0,0,N,0.0,0.0,0.0,,,,,,,,36.03632,-86.81046,True,Crashes_2010_2019_MPO
102031026,2018-06-02,2018,,94.0,,,0,0,N,0.0,0.0,0.0,,,,,,,,35.94765,-86.81971,False,Crashes_2010_2019_MPO
102560649,2019-11-06,2019,,94.0,,,0,0,N,0.0,0.0,0.0,,,,,,,,35.95004,-86.84915,False,Crashes_2010_2019_MPO
102403263,2019-05-28,2019,,19.0,,,0,0,N,0.0,0.0,0.0,,,,,,,,36.05402,-86.71513,False,Crashes_2010_2019_MPO
100309605,2013-03-29,2013,,94.0,,,0,0,N,0.0,0.0,0.0,,,,,,,,35.94632,-86.8236,False,Crashes_2010_2019_MPO
101134544,2016-03-15,2016,,94.0,,,0,0,N,0.0,0.0,0.0,,,,,,,,35.93513,-86.87823,False,Crashes_2010_2019_MPO
100211721,2012-08-05,2012,,94.0,,,0,0,N,0.0,0.0,0.0,,,,,,,,35.99315,-86.69646,True,Crashes_2010_2019_MPO
101127532,2016-03-04,2016,,94.0,,,0,0,N,0.0,0.0,0.0,,,,,,,,36.035615,-86.801187,True,Crashes_2010_2019_MPO
101303222,2016-07-25,2016,,19.0,,,0,0,N,0.0,0.0,0.0,,,,,,,,36.04955,-86.74351,False,Crashes_2010_2019_MPO
100773529,2015-03-17,2015,,94.0,,,0,0,N,0.0,0.0,0.0,,,,,,,,35.96375,-86.8105,False,Crashes_2010_2019_MPO
100663842,2014-11-03,2014,,94.0,,,0,0,N,0.0,0.0,0.0,,,,,,,,35.9337,-86.81761,False,Crashes_2010_2019_MPO
102305877,2019-02-14,2019,,94.0,,,0,0,N,0.0,0.0,0.0,,,,,,,,35.96609,-86.80444,True,Crashes_2010_2019_MPO
100854705,2015-06-03,2015,,94.0,,,0,0,N,0.0,0.0,0.0,,,,,,,,35.96496,-86.80331,True,Crashes_2010_2019_MPO
101192470,2016-05-11,2016,,19.0,,,0,0,N,0.0,0.0,0.0,,,,,,,,36.02164,-86.71248,False,Crashes_2010_2019_MPO
101796227,2017-10-18,2017,,19.0,,,0,0,N,0.0,0.0,0.0,,,,,,,,36.04127,-86.7776,False,Crashes_2010_2019_MPO
100804128,2015-04-07,2015,,94.0,,,0,0,N,0.0,0.0,0.0,,,,,,,,35.92917,-86.83914,False,Crashes_2010_2019_MPO
102568021,2019-11-14,2019,,94.0,,,0,0,N,0.0,0.0,0.0,,,,,,,,36.04223,-86.86712,True,Crashes_2010_2019_MPO
101890333,2018-01-18,2018,,19.0,,,0,0,N,0.0,0.0,0.0,,,,,,,,36.04523,-86.71677,False,Crashes_2010_2019_MPO
102012168,2018-05-16,2018,,19.0,,,0,0,N,0.0,0.0,0.0,,,,,,,,36.04537,-86.71326,False,Crashes_2010_2019_MPO
101040652,2015-11-27,2015,,19.0,,,0,0,N,0.0,0.0,0.0,,,,,,,,36.04525,-86.71444,False,Crashes_2010_2019_MPO
101737297,2017-08-21,2017,,19.0,,,0,0,N,0.0,0.0,0.0,,,,,,,,36.03717,-86.78662,False,Crashes_2010_2019_MPO
100835001,2015-05-16,2015,,19.0,,,0,0,N,0.0,0.0,0.0,,,,,,,,36.04345,-86.78132,False,Crashes_2010_2019_MPO
101246431,2016-06-15,2016,,94.0,,,0,0,N,0.0,0.0,0.0,,,,,,,,36.03465,-86.80295,True,Crashes_2010_2019_MPO
101043416,2015-12-05,2015,,94.0,,,0,0,N,0.0,0.0,0.0,,,,,,,,35.96897,-86.8093,True,Crashes_2010_2019_MPO
101800966,2017-10-21,2017,,94.0,,,0,0,N,0.0,0.0,0.0,,,,,,,,35.96673,-86.81066,True,Crashes_2010_2019_MPO
100821329,2015-04-20,2015,,19.0,,,0,0,N,0.0,0.0,0.0,,,,,,,,36.04538,-86.71356,False,Crashes_2010_2019_MPO
102067158,2018-07-07,2018,,94.0,,,0,0,N,0.0,0.0,0.0,,,,,,,,35.9667,-86.81121,True,Crashes_2010_2019_MPO
100682353,2014-11-17,2014,,19.0,,,0,0,N,0.0,0.0,0.0,,,,,,,,36.04531,-86.71422,False,Crashes_2010_2019_MPO
101694982,2017-07-07,2017,,94.0,,,0,0,N,0.0,0.0,0.0,,,,,,,,35.93677,-86.809,False,Crashes_2010_2019_MPO
101046076,2015-12-09,2015,,94.0,,,0,0,N,0.0,0.0,0.0,,,,,,,,36.031598,-86.789642,True,Crashes_2010_2019_MPO
101106034,2016-02-15,2016,,94.0,,,0,0,N,0.0,0.0,0.0,,,,,,,,35.96219,-86.81594,True,Crashes_2010_2019_MPO
100595286,2014-08-13,2014,,94.0,,,0,0,N,0.0,0.0,0.0,,,,,,,,35.92738,-86.86871,False,Crashes_2010_2019_MPO
101888915,2018-01-16,2018,,19.0,,,0,0,N,0.0,0.0,0.0,,,,,,,,36.02673,-86.70286,False,Crashes_2010_2019_MPO
100940522,2015-08-27,2015,,94.0,,,0,0,N,0.0,0.0,0.0,,,,,,,,35.92789,-86.86558,False,Crashes_2010_2019_MPO
101462444,2016-11-28,2016,,19.0,,,0,0,N,0.0,0.0,0.0,,,,,,,,36.04821,-86.70283,False,Crashes_2010_2019_MPO
101347787,2016-08-27,2016,,19.0,,,0,0,N,0.0,0.0,0.0,,,,,,,,36.0455,-86.71185,False,Crashes_2010_2019_MPO
100695718,2014-11-24,2014,,19.0,,,0,0,N,0.0,0.0,0.0,,,,,,,,36.03803,-86.7844,False,Crashes_2010_2019_MPO
101666608,2017-06-06,2017,,94.0,,,0,0,N,0.0,0.0,0.0,,,,,,,,35.94612,-86.82346,False,Crashes_2010_2019_MPO
102186957,2018-10-23,2018,,94.0,,,0,0,N,0.0,0.0,0.0,,,,,,,,36.01286,-86.80081,True,Crashes_2010_2019_MPO
101046354,2015-12-09,2015,,94.0,,,0,0,N,0.0,0.0,0.0,,,,,,,,36.01689,-86.78609,True,Crashes_2010_2019_MPO
100800413,2015-03-31,2015,,94.0,,,0,0,N,0.0,0.0,0.0,,,,,,,,35.96518,-86.80021,True,Crashes_2010_2019_MPO
101571782,2017-03-03,2017,,94.0,,,0,0,N,0.0,0.0,0.0,,,,,,,,35.95689,-86.80329,False,Crashes_2010_2019_MPO
101032348,2015-11-19,2015,,94.0,,,0,0,N,0.0,0.0,0.0,,,,,,,,36.02931,-86.818022,True,Crashes_2010_2019_MPO
101739625,2017-08-23,2017,,94.0,,,0,0,N,0.0,0.0,0.0,,,,,,,,35.98735,-86.73797,True,Crashes_2010_2019_MPO
100980145,2015-10-16,2015,,94.0,,,0,0,N,0.0,0.0,0.0,,,,,,,,35.9463,-86.8085,False,Crashes_2010_2019_MPO
101572837,2017-03-04,2017,,94.0,,,0,0,N,0.0,0.0,0.0,,,,,,,,35.94651,-86.82412,False,Crashes_2010_2019_MPO
102542966,2019-10-19,2019,,19.0,,,0,0,N,0.0,0.0,0.0,,,,,,,,36.04522,-86.7166,False,Crashes_2010_2019_MPO
101195786,2016-05-16,2016,,94.0,,,0,0,N,0.0,0.0,0.0,,,,,,,,35.92907,-86.84991,False,Crashes_2010_2019_MPO
101245722,2016-06-14,2016,,94.0,,,0,0,N,0.0,0.0,0.0,,,,,,,,35.966693,-86.809177,True,Crashes_2010_2019_MPO
100755695,2015-03-03,2015,,19.0,,,0,0,N,0.0,0.0,0.0,,,,,,,,36.04717,-86.86214,False,Crashes_2010_2019_MPO
100595885,2014-08-15,2014,,94.0,,,0,0,N,0.0,0.0,0.0,,,,,,,,36.00563,-86.72439,True,Crashes_2010_2019_MPO
100721757,2015-01-14,2015,,19.0,,,0,0,N,0.0,0.0,0.0,,,,,,,,36.03334,-86.78325,True,Crashes_2010_2019_MPO
100681754,2014-11-16,2014,,94.0,,,0,0,N,0.0,0.0,0.0,,,,,,,,35.92814,-86.82106,False,Crashes_2010_2019_MPO
102035313,2018-06-06,2018,,94.0,,,0,0,N,0.0,0.0,0.0,,,,,,,,36.03389,-86.78738,True,Crashes_2010_2019_MPO
102155931,2018-09-24,2018,,19.0,,,0,0,N,0.0,0.0,0.0,,,,,,,,36.03703,-86.78666,False,Crashes_2010_2019_MPO
101968500,2018-04-05,2018,,94.0,,,0,0,N,0.0,0.0,0.0,,,,,,,,35.95214,-86.81835,False,Crashes_2010_2019_MPO
100375271,2013-09-04,2013,,94.0,,,0,0,N,0.0,0.0,0.0,,,,,,,,35.94285,-86.81572,False,Crashes_2010_2019_MPO
101748986,2017-09-02,2017,,19.0,,,0,0,N,0.0,0.0,0.0,,,,,,,,36.04697,-86.68012,False,Crashes_2010_2019_MPO
102240534,2018-11-17,2018,,94.0,,,0,0,N,0.0,0.0,0.0,,,,,,,,36.01286,-86.80081,True,Crashes_2010_2019_MPO
101861852,2017-12-14,2017,,94.0,,,0,0,N,0.0,0.0,0.0,,,,,,,,35.94461,-86.82796,False,Crashes_2010_2019_MPO
101614258,2017-04-14,2017,,19.0,,,0,0,N,0.0,0.0,0.0,,,,,,,,36.04152,-86.77616,False,Crashes_2010_2019_MPO
101605683,2017-04-05,2017,,94.0,,,0,0,N,0.0,0.0,0.0,,,,,,,,35.96716,-86.81351,True,Crashes_2010_2019_MPO
102395738,2019-05-21,2019,,94.0,,,0,0,N,0.0,0.0,0.0,,,,,,,,35.94076,-86.81066,False,Crashes_2010_2019_MPO
101329057,2016-08-16,2016,,94.0,,,0,0,N,0.0,0.0,0.0,,,,,,,,35.96678,-86.811,True,Crashes_2010_2019_MPO
100919020,2015-08-06,2015,,94.0,,,0,0,N,0.0,0.0,0.0,,,,,,,,35.97715,-86.80404,True,Crashes_2010_2019_MPO
10689302,2012-10-12,2012,,19.0,,,0,0, ,0.0,0.0,0.0,,,,,,,,36.03883,-86.777992,False,Crashes_2010_2019_MPO
101817907,2017-11-06,2017,,94.0,,,0,0,N,0.0,0.0,0.0,,,,,,,,35.95146,-86.81826,False,Crashes_2010_2019_MPO
100738420,2015-02-17,2015,,94.0,,,0,0,N,0.0,0.0,0.0,,,,,,,,35.9425,-86.81584,False,Crashes_2010_2019_MPO
100340282,2013-06-10,2013,,94.0,,,0,0,N,0.0,0.0,0.0,,,,,,,,36.032,-86.79926,True,Crashes_2010_2019_MPO
100878852,2015-06-30,2015,,19.0,,,0,0,N,0.0,0.0,0.0,,,,,,,,36.03789,-86.79779,False,Crashes_2010_2019_MPO
100416083,2013-12-08,2013,,94.0,,,0,0,N,0.0,0.0,0.0,,,,,,,,36.00274,-86.83886,False,Crashes_2010_2019_MPO
101301558,2016-07-23,2016,,94.0,,,0,0,N,0.0,0.0,0.0,,,,,,,,35.95819,-86.81518,False,Crashes_2010_2019_MPO
100703554,2014-12-08,2014,,19.0,,,0,0,N,0.0,0.0,0.0,,,,,,,,36.03971,-86.73923,False,Crashes_2010_2019_MPO
101928580,2018-02-27,2018,,19.0,,,0,0,N,0.0,0.0,0.0,,,,,,,,36.0401,-86.74439,False,Crashes_2010_2019_MPO
102347479,2019-04-01,2019,,94.0,,,0,0,N,0.0,0.0,0.0,,,,,,,,36.03231,-86.81753,True,Crashes_2010_2019_MPO
101763830,2017-09-16,2017,,94.0,,,0,0,N,0.0,0.0,0.0,,,,,,,,35.94675,-86.85178,False,Crashes_2010_2019_MPO
102455785,2019-07-22,2019,,94.0,,,0,0,N,0.0,0.0,0.0,,,,,,,,35.94665,-86.82226,False,Crashes_2010_2019_MPO
100641301,2014-10-10,2014,,94.0,,,0,0,N,0.0,0.0,0.0,,,,,,,,35.93189,-86.79438,False,Crashes_2010_2019_MPO
100365357,2013-08-11,2013,,94.0,,,0,0,Y,0.0,0.0,1.0,,,,,,,,35.97573,-86.83014,True,Crashes_2010_2019_MPO
102097811,2018-08-03,2018,,19.0,,,0,0,N,0.0,0.0,0.0,,,,,,,,36.05437,-86.70964,False,Crashes_2010_2019_MPO
101346138,2016-08-25,2016,,94.0,,,0,0,N,0.0,0.0,0.0,,,,,,,,35.95196,-86.81845,False,Crashes_2010_2019_MPO
101209358,2016-05-20,2016,,94.0,,,0,0,N,0.0,0.0,0.0,,,,,,,,35.9329,-86.78311,False,Crashes_2010_2019_MPO
100289479,2013-02-07,2013,,94.0,,,0,0,N,0.0,0.0,0.0,,,,,,,,35.92587,-86.87188,False,Crashes_2010_2019_MPO
100370828,2013-08-19,2013,,94.0,,,0,0,N,0.0,0.0,0.0,,,,,,,,35.97218,-86.80576,True,Crashes_2010_2019_MPO
101133953,2016-03-14,2016,,94.0,,,0,0,N,0.0,0.0,0.0,,,,,,,,35.96663,-86.81123,True,Crashes_2010_2019_MPO
101501378,2017-01-10,2017,,19.0,,,0,0,N,0.0,0.0,0.0,,,,,,,,36.04097,-86.77923,False,Crashes_2010_2019_MPO
100798485,2015-03-27,2015,,94.0,,,0,0,Y,0.0,0.0,1.0,,,,,,,,35.99924,-86.80919,True,Crashes_2010_2019_MPO
101740126,2017-08-22,2017,,94.0,,,0,0,N,0.0,0.0,0.0,,,,,,,,35.9452,-86.80374,False,Crashes_2010_2019_MPO
101584344,2017-03-16,2017,,94.0,,,0,0,N,0.0,0.0,0.0,,,,,,,,36.03564,-86.80849,True,Crashes_2010_2019_MPO
100940507,2015-08-27,2015,,94.0,,,0,0,N,0.0,0.0,0.0,,,,,,,,35.9355,-86.82333,False,Crashes_2010_2019_MPO
101602683,2017-04-04,2017,,94.0,,,0,0,N,0.0,0.0,0.0,,,,,,,,35.95317,-86.81236,False,Crashes_2010_2019_MPO
101883930,2018-01-11,2018,,94.0,,,0,0,N,0.0,0.0,0.0,,,,,,,,36.03336,-86.78872,True,Crashes_2010_2019_MPO
102538416,2019-10-15,2019,,94.0,,,0,0,N,0.0,0.0,0.0,,,,,,,,35.92618,-86.86686,False,Crashes_2010_2019_MPO
100819006,2015-04-16,2015,,94.0,,,0,0,N,0.0,0.0,0.0,,,,,,,,35.97332,-86.83308,True,Crashes_2010_2019_MPO
102492376,2019-08-29,2019,,94.0,,,0,0,N,0.0,0.0,0.0,,,,,,,,35.9234,-86.767,False,Crashes_2010_2019_MPO
100860676,2015-06-13,2015,,94.0,,,0,0,N,0.0,0.0,0.0,,,,,,,,35.96741,-86.8107,True,Crashes_2010_2019_MPO
100851494,2015-05-28,2015,,94.0,,,0,0,N,0.0,0.0,0.0,,,,,,,,35.96674,-86.80994,True,Crashes_2010_2019_MPO
100910047,2015-07-21,2015,,94.0,,,0,0,N,0.0,0.0,0.0,,,,,,,,35.962,-86.81517,False,Crashes_2010_2019_MPO
102573254,2019-11-19,2019,,94.0,,,0,0,N,0.0,0.0,0.0,,,,,,,,35.98122,-86.77715,True,Crashes_2010_2019_MPO
101238988,2016-06-04,2016,,94.0,,,0,0,N,0.0,0.0,0.0,,,,,,,,35.9517,-86.81797,False,Crashes_2010_2019_MPO
100737115,2015-02-14,2015,,94.0,,,0,0,N,0.0,0.0,0.0,,,,,,,,35.95783,-86.80257,False,Crashes_2010_2019_MPO
102159570,2018-09-27,2018,,19.0,,,0,0,N,0.0,0.0,0.0,,,,,,,,36.0389,-86.67744,False,Crashes_2010_2019_MPO
102158616,2018-09-26,2018,,94.0,,,0,0,N,0.0,0.0,0.0,,,,,,,,35.9973,-86.7977,True,Crashes_2010_2019_MPO
101066380,2015-12-24,2015,,94.0,,,0,1,N,0.0,1.0,0.0,,,,,,,,35.94716,-86.82101,False,Crashes_2010_2019_MPO
101352957,2016-08-30,2016,,19.0,,,0,0,N,0.0,0.0,0.0,,,,,,,,36.04098,-86.77476,False,Crashes_2010_2019_MPO
102060139,2018-07-01,2018,,94.0,,,0,0,N,0.0,0.0,0.0,,,,,,,,36.01756,-86.78654,True,Crashes_2010_2019_MPO
101986002,2018-04-21,2018,,94.0,,,0,0,N,0.0,0.0,0.0,,,,,,,,36.02404,-86.78602,True,Crashes_2010_2019_MPO
101355672,2016-09-07,2016,,19.0,,,0,0,N,0.0,0.0,0.0,,,,,,,,36.03697,-86.78669,False,Crashes_2010_2019_MPO
101350269,2016-08-31,2016,,94.0,,,0,0,N,0.0,0.0,0.0,,,,,,,,35.96572,-86.81146,False,Crashes_2010_2019_MPO
102216377,2018-11-19,2018,,94.0,,,0,0,N,0.0,0.0,0.0,,,,,,,,35.9505,-86.76617,True,Crashes_2010_2019_MPO
101840626,2017-11-27,2017,,19.0,,,0,0,N,0.0,0.0,0.0,,,,,,,,36.04084,-86.77347,False,Crashes_2010_2019_MPO
100640799,2014-10-09,2014,,19.0,,,0,0,N,0.0,0.0,0.0,,,,,,,,36.04084,-86.77935,False,Crashes_2010_2019_MPO
101976352,2018-04-13,2018,,94.0,,,0,0,N,0.0,0.0,0.0,,,,,,,,35.94751,-86.81969,False,Crashes_2010_2019_MPO
101621461,2017-04-21,2017,,94.0,,,0,0,N,0.0,0.0,0.0,,,,,,,,36.01585,-86.82118,True,Crashes_2010_2019_MPO
101065169,2015-12-22,2015,,19.0,,,0,0,N,0.0,0.0,0.0,,,,,,,,35.99672,-86.69004,False,Crashes_2010_2019_MPO
101276294,2016-06-30,2016,,19.0,,,0,0,N,0.0,0.0,0.0,,,,,,,,36.04438,-86.72533,False,Crashes_2010_2019_MPO
100855325,2015-06-03,2015,,94.0,,,0,0,N,0.0,0.0,0.0,,,,,,,,35.92651,-86.82555,False,Crashes_2010_2019_MPO
100961880,2015-09-16,2015,,19.0,,,0,0,N,0.0,0.0,0.0,,,,,,,,36.04548,-86.71207,False,Crashes_2010_2019_MPO