mstrrecnbr,collision_ts,year,county,countystat,crash,crash_type,fatalities,non_motorists,commercial,fatal_c,nonmotor_c,truck_c,fatalc,serious_injuries,ped,bike,lighting,weather,first_harmful_event,latitude,longitude,in_city,src_layer
101723983,2017-08-07,2017,,19.0,,,0,0,N,0.0,0.0,0.0,,,,,,,,36.05351,-86.71575,False,Crashes_2010_2019_MPO
100967319,2015-09-25,2015,,94.0,,,0,0,N,0.0,0.0,0.0,,,,,,,,35.94713,-86.8211,False,Crashes_2010_2019_MPO
101192443,2016-05-11,2016,,94.0,,,0,0,N,0.0,0.0,0.0,,,,,,,,35.96675,-86.81077,True,Crashes_2010_2019_MPO
101287822,2016-07-10,2016,,19.0,,,0,0,N,0.0,0.0,0.0,,,,,,,,36.04084,-86.77347,False,Crashes_2010_2019_MPO
100564194,2014-06-22,2014,,94.0,,,0,0,N,0.0,0.0,0.0,,,,,,,,35.95898,-86.81594,False,Crashes_2010_2019_MPO
102210070,2018-11-13,2018,,19.0,,,0,0,N,0.0,0.0,0.0,,,,,,,,36.04903,-86.84012,False,Crashes_2010_2019_MPO
102339453,2019-03-23,2019,,19.0,,,0,0,N,0.0,0.0,0.0,,,,,,,,36.04381,-86.71266,False,Crashes_2010_2019_MPO
102162165,2018-09-29,2018,,19.0,,,0,0,N,0.0,0.0,0.0,,,,,,,,36.04678,-86.67904,False,Crashes_2010_2019_MPO
101155117,2016-03-31,2016,,19.0,,,0,0,N,0.0,0.0,0.0,,,,,,,,36.04537,-86.71326,False,Crashes_2010_2019_MPO
101746538,2017-08-30,2017,,94.0,,,0,0,N,0.0,0.0,0.0,,,,,,,,35.93002,-86.82429,False,Crashes_2010_2019_MPO
101273063,2016-06-25,2016,,94.0,,,0,0,N,0.0,0.0,0.0,,,,,,,,36.01785,-86.78662,True,Crashes_2010_2019_MPO
101459769,2016-11-25,2016,,94.0,,,0,0,N,0.0,0.0,0.0,,,,,,,,35.92476,-86.86862,False,Crashes_2010_2019_MPO
101928888,2018-02-27,2018,,19.0,,,0,0,N,0.0,0.0,0.0,,,,,,,,36.0374,-86.78657,False,Crashes_2010_2019_MPO
102247356,2018-12-14,2018,,94.0,,,0,0,N,0.0,0.0,0.0,,,,,,,,35.99604,-86.79726,True,Crashes_2010_2019_MPO
101100286,2016-02-05,2016,,94.0,,,0,0,N,0.0,0.0,0.0,,,,,,,,36.00491,-86.78045,True,Crashes_2010_2019_MPO
101579856,2017-03-10,2017,,94.0,,,0,0,N,0.0,0.0,0.0,,,,,,,,35.98271,-86.77221,True,Crashes_2010_2019_MPO
100506211,2014-05-08,2014,,94.0,,,0,0,N,0.0,0.0,0.0,,,,,,,,35.96715,-86.81399,True,Crashes_2010_2019_MPO
101183990,2016-04-29,2016,,94.0,,,0,0,N,0.0,0.0,0.0,,,,,,,,35.96678,-86.81097,True,Crashes_2010_2019_MPO
101664241,2017-05-30,2017,,94.0,,,0,0,N,0.0,0.0,0.0,,,,,,,,35.9407,-86.83934,False,Crashes_2010_2019_MPO
100713474,2014-12-26,2014,,94.0,,,0,0,N,0.0,0.0,0.0,,,,,,,,35.96147,-86.81229,False,Crashes_2010_2019_MPO
101483839,2016-12-21,2016,,19.0,,,0,0,N,0.0,0.0,0.0,,,,,,,,36.03287,-86.77206,False,Crashes_2010_2019_MPO
102429587,2019-06-26,2019,,94.0,,,0,0,N,0.0,0.0,0.0,,,,,,,,35.93599,-86.82366,False,Crashes_2010_2019_MPO
100232394,2012-09-27,2012,,94.0,,,0,0,N,0.0,0.0,0.0,,,,,,,,35.9815,-86.8454,False,Crashes_2010_2019_MPO
100390027,2013-10-11,2013,,94.0,,,0,0,N,0.0,0.0,0.0,,,,,,,,36.03473,-86.87335,False,Crashes_2010_2019_MPO
102109663,2018-08-14,2018,,19.0,,,0,0,N,0.0,0.0,0.0,,,,,,,,36.04117,-86.74376,False,Crashes_2010_2019_MPO
102190297,2018-10-26,2018,,94.0,,,0,0,N,0.0,0.0,0.0,,,,,,,,36.01559,-86.7406,False,Crashes_2010_2019_MPO
102321760,2019-03-04,2019,,19.0,,,0,0,N,0.0,0.0,0.0,,,,,,,,36.0376,-86.78652,False,Crashes_2010_2019_MPO
101632425,2017-05-02,2017,,94.0,,,0,0,N,0.0,0.0,0.0,,,,,,,,35.94036,-86.87677,False,Crashes_2010_2019_MPO
101162314,2016-04-11,2016,,94.0,,,0,0,N,0.0,0.0,0.0,,,,,,,,35.9407,-86.8316,False,Crashes_2010_2019_MPO
100637701,2014-09-26,2014,,19.0,,,0,0,N,0.0,0.0,0.0,,,,,,,,36.0444,-86.78038,False,Crashes_2010_2019_MPO
102149224,2018-09-18,2018,,94.0,,,0,0,N,0.0,0.0,0.0,,,,,,,,35.96612,-86.80488,True,Crashes_2010_2019_MPO
101771067,2017-09-24,2017,,19.0,,,0,0,N,0.0,0.0,0.0,,,,,,,,36.04001,-86.74347,False,Crashes_2010_2019_MPO
102572321,2019-11-18,2019,,94.0,,,0,0,N,0.0,0.0,0.0,,,,,,,,35.96876,-86.77685,True,Crashes_2010_2019_MPO
100505265,2014-05-06,2014,,94.0,,,0,0,N,0.0,0.0,0.0,,,,,,,,35.95859,-86.83145,False,Crashes_2010_2019_MPO
102363831,2019-04-17,2019,,94.0,,,0,0,N,0.0,0.0,0.0,,,,,,,,35.95212,-86.81784,False,Crashes_2010_2019_MPO
100681635,2014-11-16,2014,,94.0,,,0,0,N,0.0,0.0,0.0,,,,,,,,35.92455,-86.82227,False,Crashes_2010_2019_MPO
102362975,2019-04-16,2019,,94.0,,,0,0,N,0.0,0.0,0.0,,,,,,,,35.92536,-86.86907,False,Crashes_2010_2019_MPO
101357426,2016-09-09,2016,,94.0,,,0,0,N,0.0,0.0,0.0,,,,,,,,35.93181,-86.82217,False,Crashes_2010_2019_MPO
100455220,2014-02-20,2014,,94.0,,,0,0,N,0.0,0.0,0.0,,,,,,,,35.95172,-86.76612,True,Crashes_2010_2019_MPO
102109421,2018-08-13,2018,,94.0,,,0,0,N,0.0,0.0,0.0,,,,,,,,35.95139,-86.8183,False,Crashes_2010_2019_MPO
101751884,2017-09-05,2017,,19.0,,,0,0,N,0.0,0.0,0.0,,,,,,,,36.04006,-86.74416,False,Crashes_2010_2019_MPO
100619990,2014-09-17,2014,,94.0,,,0,0,N,0.0,0.0,0.0,,,,,,,,36.03694,-86.80194,True,Crashes_2010_2019_MPO
102442727,2019-07-09,2019,,94.0,,,0,0,N,0.0,0.0,0.0,,,,,,,,35.94803,-86.81877,False,Crashes_2010_2019_MPO
101235535,2016-05-28,2016,,94.0,,,0,0,N,0.0,0.0,0.0,,,,,,,,35.956,-86.84807,False,Crashes_2010_2019_MPO
100277450,2013-01-10,2013,,94.0,,,0,0,N,0.0,0.0,0.0,,,,,,,,36.03411,-86.81725,True,Crashes_2010_2019_MPO
101402893,2016-10-13,2016,,19.0,,,0,0,N,0.0,0.0,0.0,,,,,,,,36.03763,-86.78504,False,Crashes_2010_2019_MPO
102274266,2019-01-11,2019,,19.0,,,0,0,N,0.0,0.0,0.0,,,,,,,,36.0413,-86.71284,False,Crashes_2010_2019_MPO
100828999,2015-05-05,2015,,94.0,,,0,0,N,0.0,0.0,0.0,,,,,,,,35.9636,-86.80061,True,Crashes_2010_2019_MPO
101189807,2016-05-06,2016,,19.0,,,0,0,N,0.0,0.0,0.0,,,,,,,,36.05359,-86.6942,False,Crashes_2010_2019_MPO
102321280,2019-03-04,2019,,94.0,,,0,0,N,0.0,0.0,0.0,,,,,,,,35.96113,-86.81289,False,Crashes_2010_2019_MPO
100130103,2011-12-21,2011,,94.0,,,0,0,N,0.0,0.0,0.0,,,,,,,,35.98178,-86.82926,False,Crashes_2010_2019_MPO
100661311,2014-10-29,2014,,94.0,,,0,0,N,0.0,0.0,0.0,,,,,,,,36.0246,-86.7857,True,Crashes_2010_2019_MPO
102365045,2019-04-17,2019,,94.0,,,0,0,N,0.0,0.0,0.0,,,,,,,,35.96669,-86.81114,True,Crashes_2010_2019_MPO
101684284,2017-06-27,2017,,19.0,,,0,0,N,0.0,0.0,0.0,,,,,,,,36.04554,-86.71152,False,Crashes_2010_2019_MPO
100501906,2014-04-27,2014,,94.0,,,0,0,N,0.0,0.0,0.0,,,,,,,,35.92842,-86.83093,False,Crashes_2010_2019_MPO
100638283,2014-10-04,2014,,94.0,,,0,0,N,0.0,0.0,0.0,,,,,,,,35.99367,-86.7786,True,Crashes_2010_2019_MPO
101961642,2018-03-30,2018,,94.0,,,0,0,N,0.0,0.0,0.0,,,,,,,,35.95978,-86.80205,False,Crashes_2010_2019_MPO
102422410,2019-06-17,2019,,94.0,,,0,0,N,0.0,0.0,0.0,,,,,,,,36.01801,-86.78641,True,Crashes_2010_2019_MPO
101826662,2017-11-14,2017,,94.0,,,0,0,N,0.0,0.0,0.0,,,,,,,,35.92815,-86.87467,False,Crashes_2010_2019_MPO
101453695,2016-11-18,2016,,94.0,,,0,0,N,0.0,0.0,0.0,,,,,,,,35.95151,-86.73485,True,Crashes_2010_2019_MPO
101788181,2017-10-11,2017,,19.0,,,0,0,N,0.0,0.0,0.0,,,,,,,,36.030791,-86.74722,False,Crashes_2010_2019_MPO
100729678,2015-01-30,2015,,94.0,,,0,0,N,0.0,0.0,0.0,,,,,,,,36.03124,-86.78823,True,Crashes_2010_2019_MPO
101095851,2016-01-28,2016,,94.0,,,0,0,N,0.0,0.0,0.0,,,,,,,,35.9937,-86.7599,True,Crashes_2010_2019_MPO
101319583,2016-08-03,2016,,94.0,,,0,0,N,0.0,0.0,0.0,,,,,,,,35.95816,-86.82512,False,Crashes_2010_2019_MPO
102573335,2019-11-19,2019,,94.0,,,0,0,N,0.0,0.0,0.0,,,,,,,,35.94778,-86.81994,False,Crashes_2010_2019_MPO
100919822,2015-08-08,2015,,19.0,,,0,0,N,0.0,0.0,0.0,,,,,,,,36.04792,-86.71443,False,Crashes_2010_2019_MPO
101073591,2016-01-07,2016,,94.0,,,0,0,N,0.0,0.0,0.0,,,,,,,,35.99462,-86.79775,True,Crashes_2010_2019_MPO
100697838,2014-11-27,2014,,94.0,,,0,0,N,0.0,0.0,0.0,,,,,,,,35.94842,-86.69456,False,Crashes_2010_2019_MPO
100854577,2015-06-02,2015,,94.0,,,0,0,N,0.0,0.0,0.0,,,,,,,,36.02579,-86.87948,False,Crashes_2010_2019_MPO
101010058,2015-11-15,2015,,19.0,,,0,0,N,0.0,0.0,0.0,,,,,,,,36.0374,-86.78657,False,Crashes_2010_2019_MPO
102484277,2019-08-21,2019,,94.0,,,0,0,N,0.0,0.0,0.0,,,,,,,,35.9757,-86.85853,False,Crashes_2010_2019_MPO
100404987,2013-11-13,2013,,94.0,,,0,0,N,0.0,0.0,0.0,,,,,,,,35.95204,-86.81806,False,Crashes_2010_2019_MPO
101959013,2018-03-28,2018,,19.0,,,0,0,N,0.0,0.0,0.0,,,,,,,,36.03352,-86.71298,False,Crashes_2010_2019_MPO
102341188,2019-03-25,2019,,19.0,,,0,0,N,0.0,0.0,0.0,,,,,,,,36.0429,-86.71298,False,Crashes_2010_2019_MPO
100311438,2013-04-03,2013,,94.0,,,0,0,N,0.0,0.0,0.0,,,,,,,,35.96518,-86.80849,False,Crashes_2010_2019_MPO
102069191,2018-07-09,2018,,94.0,,,0,0,N,0.0,0.0,0.0,,,,,,,,35.94677,-86.81125,False,Crashes_2010_2019_MPO
100122025,2011-11-30,2011,,94.0,,,0,0,N,0.0,0.0,0.0,,,,,,,,36.02606,-86.87904,False,Crashes_2010_2019_MPO
100377824,2013-09-11,2013,,94.0,,,0,0,N,0.0,0.0,0.0,,,,,,,,36.03311,-86.78656,True,Crashes_2010_2019_MPO
101559406,2017-02-19,2017,,94.0,,,0,0,N,0.0,0.0,0.0,,,,,,,,35.96435,-86.80823,False,Crashes_2010_2019_MPO
101809265,2017-10-30,2017,,19.0,,,0,0,N,0.0,0.0,0.0,,,,,,,,36.04479,-86.72487,False,Crashes_2010_2019_MPO
101586556,2017-03-18,2017,,94.0,,,0,0,N,0.0,0.0,0.0,,,,,,,,35.93257,-86.82625,False,Crashes_2010_2019_MPO
100943331,2015-09-01,2015,,94.0,,,0,0,N,0.0,0.0,0.0,,,,,,,,35.9584,-86.80226,False,Crashes_2010_2019_MPO
100353125,2013-07-10,2013,,94.0,,,0,0,N,0.0,0.0,0.0,,,,,,,,35.97055,-86.82609,False,Crashes_2010_2019_MPO
100616914,2014-09-09,2014,,94.0,,,0,0,N,0.0,0.0,0.0,,,,,,,,35.9481,-86.86138,False,Crashes_2010_2019_MPO
101621523,2017-04-21,2017,,19.0,,,0,0,N,0.0,0.0,0.0,,,,,,,,36.04129,-86.7825,False,Crashes_2010_2019_MPO
100609922,2014-08-24,2014,,94.0,,,0,0,N,0.0,0.0,0.0,,,,,,,,35.99782,-86.7989,True,Crashes_2010_2019_MPO
100253158,2012-11-08,2012,,19.0,,,0,0,N,0.0,0.0,0.0,,,,,,,,36.03364,-86.78345,True,Crashes_2010_2019_MPO
102309323,2019-02-18,2019,,94.0,,,0,0,N,0.0,0.0,0.0,,,,,,,,35.9667,-86.81121,True,Crashes_2010_2019_MPO
101504374,2017-01-13,2017,,19.0,,,0,0,N,0.0,0.0,0.0,,,,,,,,36.02381,-86.68862,False,Crashes_2010_2019_MPO
100298031,2013-02-28,2013,,94.0,,,0,0,N,0.0,0.0,0.0,,,,,,,,35.96512,-86.80035,True,Crashes_2010_2019_MPO
100963918,2015-09-18,2015,,94.0,,,0,0,N,0.0,0.0,0.0,,,,,,,,35.94536,-86.80508,False,Crashes_2010_2019_MPO
101767462,2017-09-21,2017,,94.0,,,0,0,N,0.0,0.0,0.0,,,,,,,,35.99875,-86.80948,True,Crashes_2010_2019_MPO
100880820,2015-07-03,2015,,94.0,,,0,0,N,0.0,0.0,0.0,,,,,,,,35.92293,-86.87185,False,Crashes_2010_2019_MPO
102352066,2019-04-06,2019,,94.0,,,0,0,N,0.0,0.0,0.0,,,,,,,,35.947,-86.8214,False,Crashes_2010_2019_MPO
102241500,2018-11-30,2018,,94.0,,,0,0,N,0.0,0.0,0.0,,,,,,,,35.96089,-86.81353,False,Crashes_2010_2019_MPO
100827922,2015-05-03,2015,,94.0,,,0,0,N,0.0,0.0,0.0,,,,,,,,35.97265,-86.80653,True,Crashes_2010_2019_MPO
101624019,2017-03-26,2017,,19.0,,,0,0,N,0.0,0.0,0.0,,,,,,,,36.04522,-86.71479,False,Crashes_2010_2019_MPO
102192772,2018-10-28,2018,,19.0,,,0,0,N,0.0,0.0,0.0,,,,,,,,35.99687,-86.68989,False,Crashes_2010_2019_MPO
100552615,2014-06-18,2014,,94.0,,,0,0,N,0.0,0.0,0.0,,,,,,,,36.0001,-86.79501,True,Crashes_2010_2019_MPO
101741104,2017-08-25,2017,,19.0,,,0,0,N,0.0,0.0,0.0,,,,,,,,36.04114,-86.77621,False,Crashes_2010_2019_MPO
100136520,2012-01-11,2012,,94.0,,,0,0,N,0.0,0.0,0.0,,,,,,,,35.92654,-86.76721,False,Crashes_2010_2019_MPO
100595898,2014-08-14,2014,,94.0,,,0,0,N,0.0,0.0,0.0,,,,,,,,35.99638,-86.79715,True,Crashes_2010_2019_MPO
101284974,2016-07-13,2016,,94.0,,,0,0,N,0.0,0.0,0.0,,,,,,,,35.96681,-86.81119,True,Crashes_2010_2019_MPO
101852437,2017-12-08,2017,,19.0,,,0,0,N,0.0,0.0,0.0,,,,,,,,36.03934,-86.78201,False,Crashes_2010_2019_MPO
100919902,2015-08-08,2015,,19.0,,,0,0,N,0.0,0.0,0.0,,,,,,,,36.02492,-86.74235,False,Crashes_2010_2019_MPO
100361631,2013-08-02,2013,,94.0,,,0,0,N,0.0,0.0,0.0,,,,,,,,35.93566,-86.86346,False,Crashes_2010_2019_MPO
100186733,2012-05-31,2012,,94.0,,,0,0,N,0.0,0.0,0.0,,,,,,,,35.96584,-86.80317,True,Crashes_2010_2019_MPO
101597244,2017-03-28,2017,,94.0,,,0,0,N,0.0,0.0,0.0,,,,,,,,35.94787,-86.81866,False,Crashes_2010_2019_MPO
101826659,2017-11-14,2017,,94.0,,,0,0,N,0.0,0.0,0.0,,,,,,,,35.96652,-86.81373,True,Crashes_2010_2019_MPO
102316605,2019-02-27,2019,,19.0,,,0,0,N,0.0,0.0,0.0,,,,,,,,36.02899,-86.85975,False,Crashes_2010_2019_MPO
100665050,2014-11-05,2014,,19.0,,,0,0,N,0.0,0.0,0.0,,,,,,,,36.0448,-86.72473,False,Crashes_2010_2019_MPO
101105078,2016-02-13,2016,,94.0,,,0,0,N,0.0,0.0,0.0,,,,,,,,35.97042,-86.80625,True,Crashes_2010_2019_MPO
100364575,2013-08-09,2013,,94.0,,,0,0,N,0.0,0.0,0.0,,,,,,,,35.92333,-86.86759,False,Crashes_2010_2019_MPO
102264015,2019-01-02,2019,,19.0,,,0,0,N,0.0,0.0,0.0,,,,,,,,36.04001,-86.74347,False,Crashes_2010_2019_MPO
100356001,2013-07-16,2013,,94.0,,,0,0,N,0.0,0.0,0.0,,,,,,,,35.92672,-86.82442,False,Crashes_2010_2019_MPO
102458743,2019-07-26,2019,,94.0,,,0,0,N,0.0,0.0,0.0,,,,,,,,35.96971,-86.80419,True,Crashes_2010_2019_MPO
100664139,2014-11-03,2014,,94.0,,,0,0,N,0.0,0.0,0.0,,,,,,,,35.96173,-86.81395,False,Crashes_2010_2019_MPO
101842156,2017-11-29,2017,,94.0,,,0,0,N,0.0,0.0,0.0,,,,,,,,36.01522,-86.82207,True,Crashes_2010_2019_MPO
100480587,2014-03-31,2014,,94.0,,,0,0,N,0.0,0.0,0.0,,,,,,,,36.03552,-86.78747,True,Crashes_2010_2019_MPO
100634053,2014-09-24,2014,,94.0,,,0,0,N,0.0,0.0,0.0,,,,,,,,35.96203,-86.81531,False,Crashes_2010_2019_MPO
102516331,2019-09-21,2019,,94.0,,,0,0,N,0.0,0.0,0.0,,,,,,,,36.03311,-86.78656,True,Crashes_2010_2019_MPO
101574173,2017-03-02,2017,,94.0,,,0,0,N,0.0,0.0,0.0,,,,,,,,35.97052,-86.80609,True,Crashes_2010_2019_MPO
102278034,2019-01-15,2019,,94.0,,,0,0,N,0.0,0.0,0.0,,,,,,,,35.92669,-86.82449,False,Crashes_2010_2019_MPO
101405881,2016-10-16,2016,,19.0,,,1,0,N,1.0,0.0,0.0,,,,,,,,36.05368,-86.77552,False,Crashes_2010_2019_MPO
102516298,2019-09-21,2019,,19.0,,,0,0,N,0.0,0.0,0.0,,,,,,,,36.038,-86.71308,False,Crashes_2010_2019_MPO
101238466,2016-06-03,2016,,94.0,,,0,0,N,0.0,0.0,0.0,,,,,,,,36.00541,-86.78955,True,Crashes_2010_2019_MPO
102018937,2018-05-22,2018,,19.0,,,0,0,N,0.0,0.0,0.0,,,,,,,,36.0488,-86.68615,False,Crashes_2010_2019_MPO
102443765,2019-07-10,2019,,94.0,,,0,0,N,0.0,0.0,0.0,,,,,,,,36.01559,-86.7406,False,Crashes_2010_2019_MPO
101636359,2017-05-06,2017,,19.0,,,0,0,N,0.0,0.0,0.0,,,,,,,,36.02391,-86.68868,False,Crashes_2010_2019_MPO
101497375,2017-01-06,2017,,19.0,,,0,0,N,0.0,0.0,0.0,,,,,,,,36.05461,-86.7562,False,Crashes_2010_2019_MPO
102051499,2018-06-22,2018,,94.0,,,0,0,N,0.0,0.0,0.0,,,,,,,,36.03327,-86.7839,True,Crashes_2010_2019_MPO
101008117,2015-11-12,2015,,94.0,,,0,0,N,0.0,0.0,0.0,,,,,,,,36.00283,-86.83904,False,Crashes_2010_2019_MPO
100800434,2015-03-31,2015,,94.0,,,0,0,N,0.0,0.0,0.0,,,,,,,,35.94873,-86.83188,False,Crashes_2010_2019_MPO
101622553,2017-04-22,2017,,19.0,,,0,0,N,0.0,0.0,0.0,,,,,,,,36.05145,-86.70271,False,Crashes_2010_2019_MPO
101236598,2016-06-01,2016,,19.0,,,0,0,N,0.0,0.0,0.0,,,,,,,,36.04026,-86.8164,False,Crashes_2010_2019_MPO
100265677,2012-12-13,2012,,94.0,,,0,0,N,0.0,0.0,0.0,,,,,,,,35.94704,-86.82188,False,Crashes_2010_2019_MPO
101584225,2017-03-15,2017,,94.0,,,0,0,N,0.0,0.0,0.0,,,,,,,,35.9846,-86.8014,True,Crashes_2010_2019_MPO
102125546,2018-08-28,2018,,19.0,,,0,0,N,0.0,0.0,0.0,,,,,,,,36.03925,-86.71285,False,Crashes_2010_2019_MPO
101766241,2017-09-20,2017,,19.0,,,0,0,N,0.0,0.0,0.0,,,,,,,,36.03989,-86.74176,False,Crashes_2010_2019_MPO
100715257,2014-12-30,2014,,94.0,,,0,0,N,0.0,0.0,0.0,,,,,,,,35.96203,-86.81531,False,Crashes_2010_2019_MPO
100261103,2012-12-03,2012,,94.0,,,0,0,N,0.0,0.0,0.0,,,,,,,,35.96708,-86.81356,True,Crashes_2010_2019_MPO
101042146,2015-12-03,2015,,94.0,,,0,0,N,0.0,0.0,0.0,,,,,,,,35.95576,-86.81121,False,Crashes_2010_2019_MPO
101881542,2018-01-08,2018,,19.0,,,0,0,N,0.0,0.0,0.0,,,,,,,,36.03902,-86.76846,False,Crashes_2010_2019_MPO
100573039,2014-07-12,2014,,94.0,,,0,0,N,0.0,0.0,0.0,,,,,,,,35.96765,-86.82104,True,Crashes_2010_2019_MPO
100511358,2014-05-19,2014,,94.0,,,0,0,N,0.0,0.0,0.0,,,,,,,,35.99142,-86.79886,True,Crashes_2010_2019_MPO
101075172,2016-01-10,2016,,94.0,,,0,0,N,0.0,0.0,0.0,,,,,,,,35.94454,-86.82064,False,Crashes_2010_2019_MPO
101495101,2017-01-03,2017,,19.0,,,0,0,N,0.0,0.0,0.0,,,,,,,,35.99508,-86.69187,False,Crashes_2010_2019_MPO
102327948,2019-03-12,2019,,19.0,,,0,0,N,0.0,0.0,0.0,,,,,,,,36.04001,-86.74347,False,Crashes_2010_2019_MPO
102587803,2019-12-02,2019,,94.0,,,0,0,N,0.0,0.0,0.0,,,,,,,,36.03397,-86.80164,True,Crashes_2010_2019_MPO
100722690,2015-01-15,2015,,94.0,,,0,0,N,0.0,0.0,0.0,,,,,,,,35.92823,-86.76738,False,Crashes_2010_2019_MPO
100836189,2015-05-18,2015,,19.0,,,0,0,N,0.0,0.0,0.0,,,,,,,,36.03998,-86.753,False,Crashes_2010_2019_MPO
102557138,2019-10-30,2019,,94.0,,,0,0,N,0.0,0.0,0.0,,,,,,,,35.99781,-86.79886,True,Crashes_2010_2019_MPO
101556866,2017-02-17,2017,,19.0,,,0,0,N,0.0,0.0,0.0,,,,,,,,36.04179,-86.74391,False,Crashes_2010_2019_MPO
101979040,2018-04-14,2018,,94.0,,,0,0,N,0.0,0.0,0.0,,,,,,,,36.03165,-86.78948,True,Crashes_2010_2019_MPO
101232245,2016-05-25,2016,,94.0,,,0,0,N,0.0,0.0,0.0,,,,,,,,35.96798,-86.81833,True,Crashes_2010_2019_MPO
100233330,2012-10-01,2012,,94.0,,,0,0,N,0.0,0.0,0.0,,,,,,,,35.96692,-86.81254,True,Crashes_2010_2019_MPO
102237434,2018-12-06,2018,,19.0,,,0,0,N,0.0,0.0,0.0,,,,,,,,36.04007,-86.7808,False,Crashes_2010_2019_MPO
101559469,2017-02-19,2017,,19.0,,,0,0,N,0.0,0.0,0.0,,,,,,,,36.04569,-86.70979,False,Crashes_2010_2019_MPO
102440602,2019-07-05,2019,,94.0,,,0,0,N,0.0,0.0,0.0,,,,,,,,35.95238,-86.81798,False,Crashes_2010_2019_MPO
101497839,2017-01-06,2017,,19.0,,,0,0,N,0.0,0.0,0.0,,,,,,,,36.0449,-86.72497,False,Crashes_2010_2019_MPO
101546776,2017-02-06,2017,,19.0,,,0,0,N,0.0,0.0,0.0,,,,,,,,36.03258,-86.76901,False,Crashes_2010_2019_MPO
100730973,2015-02-01,2015,,94.0,,,0,0,Y,0.0,0.0,1.0,,,,,,,,36.01084,-86.78524,True,Crashes_2010_2019_MPO
101759793,2017-09-13,2017,,19.0,,,0,0,N,0.0,0.0,0.0,,,,,,,,36.04479,-86.72487,False,Crashes_2010_2019_MPO
100966487,2015-09-24,2015,,19.0,,,0,0,N,0.0,0.0,0.0,,,,,,,,35.99687,-86.68989,False,Crashes_2010_2019_MPO
102424939,2019-06-19,2019,,94.0,,,0,0,N,0.0,0.0,0.0,,,,,,,,35.98202,-86.8021,True,Crashes_2010_2019_MPO
100174423,2012-04-30,2012,,94.0,,,0,0,N,0.0,0.0,0.0,,,,,,,,35.96668,-86.80914,True,Crashes_2010_2019_MPO
101570245,2017-03-02,2017,,19.0,,,0,0,N,0.0,0.0,0.0,,,,,,,,36.03971,-86.72059,False,Crashes_2010_2019_MPO
100333223,2013-05-23,2013,,94.0,,,0,0,N,0.0,0.0,0.0,,,,,,,,35.94488,-86.87921,False,Crashes_2010_2019_MPO
101812742,2017-11-02,2017,,19.0,,,0,0,N,0.0,0.0,0.0,,,,,,,,36.03987,-86.74155,False,Crashes_2010_2019_MPO
101705394,2017-07-19,2017,,19.0,,,0,0,N,0.0,0.0,0.0,,,,,,,,36.03971,-86.76279,False,Crashes_2010_2019_MPO
101881787,2018-01-09,2018,,94.0,,,0,0,N,0.0,0.0,0.0,,,,,,,,35.9501,-86.76139,True,Crashes_2010_2019_MPO
100348571,2013-07-01,2013,,94.0,,,0,0,N,0.0,0.0,0.0,,,,,,,,35.96036,-86.87325,False,Crashes_2010_2019_MPO
101750496,2017-09-03,2017,,94.0,,,0,0,N,0.0,0.0,0.0,,,,,,,,35.99329,-86.75852,True,Crashes_2010_2019_MPO
100342801,2013-06-16,2013,,94.0,,,0,0,N,0.0,0.0,0.0,,,,,,,,35.97249,-86.83802,False,Crashes_2010_2019_MPO
100835919,2015-05-17,2015,,19.0,,,0,0,N,0.0,0.0,0.0,,,,,,,,36.04413,-86.68771,False,Crashes_2010_2019_MPO
101574530,2017-03-06,2017,,94.0,,,0,0,N,0.0,0.0,0.0,,,,,,,,35.92546,-86.87275,False,Crashes_2010_2019_MPO
102047168,2018-06-18,2018,,19.0,,,0,0,N,0.0,0.0,0.0,,,,,,,,36.04023,-86.75234,False,Crashes_2010_2019_MPO
100409385,2013-11-22,2013,,94.0,,,0,0,N,0.0,0.0,0.0,,,,,,,,36.0077,-86.78719,True,Crashes_2010_2019_MPO
102468257,2019-08-05,2019,,94.0,,,0,0,N,0.0,0.0,0.0,,,,,,,,35.96932,-86.80651,True,Crashes_2010_2019_MPO
101698587,2017-07-11,2017,,94.0,,,0,0,N,0.0,0.0,0.0,,,,,,,,35.9341,-86.81925,False,Crashes_2010_2019_MPO
100875145,2015-06-23,2015,,19.0,,,0,0,N,0.0,0.0,0.0,,,,,,,,36.03735,-86.78656,False,Crashes_2010_2019_MPO
100504014,2014-05-02,2014,,94.0,,,0,0,N,0.0,0.0,0.0,,,,,,,,35.93193,-86.79397,False,Crashes_2010_2019_MPO
101245170,2016-06-13,2016,,19.0,,,0,0,N,0.0,0.0,0.0,,,,,,,,35.9912,-86.68349,False,Crashes_2010_2019_MPO
102291164,2019-01-29,2019,,94.0,,,0,0,N,0.0,0.0,0.0,,,,,,,,35.94654,-86.82375,False,Crashes_2010_2019_MPO
101654223,2017-05-25,2017,,19.0,,,0,0,N,0.0,0.0,0.0,,,,,,,,36.03127,-86.70065,False,Crashes_2010_2019_MPO
102209958,2018-11-13,2018,,19.0,,,0,0,N,0.0,0.0,0.0,,,,,,,,36.03761,-86.78512,False,Crashes_2010_2019_MPO
102555457,2019-11-01,2019,,94.0,,,0,0,Y,0.0,0.0,1.0,,,,,,,,35.95484,-86.73871,True,Crashes_2010_2019_MPO
101646729,2017-05-16,2017,,94.0,,,0,0,N,0.0,0.0,0.0,,,,,,,,35.92621,-86.72358,False,Crashes_2010_2019_MPO
100287983,2013-01-30,2013,,94.0,,,0,0,N,0.0,0.0,0.0,,,,,,,,35.95226,-86.81904,False,Crashes_2010_2019_MPO
102395536,2019-05-21,2019,,94.0,,,0,0,N,0.0,0.0,0.0,,,,,,,,36.03066,-86.78358,True,Crashes_2010_2019_MPO
102067403,2018-07-07,2018,,19.0,,,0,0,N,0.0,0.0,0.0,,,,,,,,36.04001,-86.74347,False,Crashes_2010_2019_MPO