mstrrecnbr,collision_ts,year,county,countystat,crash,crash_type,fatalities,non_motorists,commercial,fatal_c,nonmotor_c,truck_c,fatalc,serious_injuries,ped,bike,lighting,weather,first_harmful_event,latitude,longitude,in_city,src_layer
101439276,2016-11-13,2016,,94.0,,,0,0,N,0.0,0.0,0.0,,,,,,,,35.99039,-86.75119,True,Crashes_2010_2019_MPO
100711021,2014-12-22,2014,,94.0,,,0,0,N,0.0,0.0,0.0,,,,,,,,35.96633,-86.80764,True,Crashes_2010_2019_MPO
101996836,2018-05-02,2018,,94.0,,,0,0,N,0.0,0.0,0.0,,,,,,,,35.96688,-86.81117,True,Crashes_2010_2019_MPO
100936747,2015-08-20,2015,,19.0,,,0,0,N,0.0,0.0,0.0,,,,,,,,36.01482,-86.72551,False,Crashes_2010_2019_MPO
101463509,2016-11-30,2016,,19.0,,,0,0,N,0.0,0.0,0.0,,,,,,,,36.03812,-86.78291,False,Crashes_2010_2019_MPO
100502686,2014-04-30,2014,,94.0,,,0,1,Y,0.0,1.0,1.0,,,,,,,,35.97828,-86.79073,True,Crashes_2010_2019_MPO
100438104,2014-02-02,2014,,94.0,,,0,0,N,0.0,0.0,0.0,,,,,,,,35.92418,-86.8224,False,Crashes_2010_2019_MPO
101359420,2016-09-12,2016,,19.0,,,0,0,N,0.0,0.0,0.0,,,,,,,,36.03911,-86.74342,False,Crashes_2010_2019_MPO
100304702,2013-03-18,2013,,94.0,,,0,0,N,0.0,0.0,0.0,,,,,,,,36.03336,-86.78872,True,Crashes_2010_2019_MPO
100456327,2014-02-21,2014,,94.0,,,0,0,N,0.0,0.0,0.0,,,,,,,,35.94677,-86.85185,False,Crashes_2010_2019_MPO
102403699,2019-05-29,2019,,94.0,,,0,0,N,0.0,0.0,0.0,,,,,,,,35.96929,-86.80479,True,Crashes_2010_2019_MPO
100947898,2015-09-09,2015,,94.0,,,0,0,N,0.0,0.0,0.0,,,,,,,,35.95863,-86.80444,False,Crashes_2010_2019_MPO
101163411,2016-04-13,2016,,94.0,,,0,0,N,0.0,0.0,0.0,,,,,,,,35.93586,-86.81813,False,Crashes_2010_2019_MPO
101629354,2017-04-29,2017,,19.0,,,0,0,N,0.0,0.0,0.0,,,,,,,,36.04861,-86.71365,False,Crashes_2010_2019_MPO
101829195,2017-11-17,2017,,94.0,,,0,0,N,0.0,0.0,0.0,,,,,,,,35.97182,-86.82584,True,Crashes_2010_2019_MPO
102439219,2019-07-05,2019,,94.0,,,0,0,N,0.0,0.0,0.0,,,,,,,,35.92423,-86.87883,False,Crashes_2010_2019_MPO
102214052,2018-11-17,2018,,19.0,,,0,0,N,0.0,0.0,0.0,,,,,,,,36.04184,-86.82451,False,Crashes_2010_2019_MPO
101710544,2017-07-24,2017,,19.0,,,0,0,N,0.0,0.0,0.0,,,,,,,,36.04901,-86.71371,False,Crashes_2010_2019_MPO
101640170,2017-05-10,2017,,94.0,,,0,0,N,0.0,0.0,0.0,,,,,,,,35.9295,-86.84135,False,Crashes_2010_2019_MPO
102185391,2018-10-22,2018,,19.0,,,0,0,N,0.0,0.0,0.0,,,,,,,,36.0397,-86.75982,False,Crashes_2010_2019_MPO
100264810,2012-12-10,2012,,94.0,,,0,0,N,0.0,0.0,0.0,,,,,,,,35.97332,-86.83308,True,Crashes_2010_2019_MPO
102156161,2018-09-24,2018,,94.0,,,0,0,N,0.0,0.0,0.0,,,,,,,,35.99437,-86.77869,True,Crashes_2010_2019_MPO
102597895,2019-12-14,2019,,19.0,,,0,1,N,0.0,1.0,0.0,,,,,,,,36.04555,-86.7114,False,Crashes_2010_2019_MPO
102260637,2018-12-29,2018,,94.0,,,0,0,N,0.0,0.0,0.0,,,,,,,,35.94782,-86.81975,False,Crashes_2010_2019_MPO
102300396,2019-02-08,2019,,19.0,,,0,0,N,0.0,0.0,0.0,,,,,,,,36.04073,-86.77968,False,Crashes_2010_2019_MPO
101929459,2018-02-28,2018,,94.0,,,0,0,N,0.0,0.0,0.0,,,,,,,,36.03372,-86.78344,True,Crashes_2010_2019_MPO
102106079,2018-08-10,2018,,94.0,,,0,0,N,0.0,0.0,0.0,,,,,,,,35.92546,-86.87275,False,Crashes_2010_2019_MPO
102157393,2018-09-25,2018,,19.0,,,0,0,N,0.0,0.0,0.0,,,,,,,,36.03899,-86.78258,False,Crashes_2010_2019_MPO
101969357,2018-04-06,2018,,19.0,,,0,0,N,0.0,0.0,0.0,,,,,,,,36.02138,-86.71138,False,Crashes_2010_2019_MPO
102133820,2018-09-04,2018,,94.0,,,0,0,N,0.0,0.0,0.0,,,,,,,,35.96588,-86.80356,True,Crashes_2010_2019_MPO
100612541,2014-08-30,2014,,94.0,,,0,0,N,0.0,0.0,0.0,,,,,,,,35.95386,-86.81443,False,Crashes_2010_2019_MPO
101783992,2017-10-06,2017,,19.0,,,0,0,N,0.0,0.0,0.0,,,,,,,,36.03817,-86.78637,False,Crashes_2010_2019_MPO
100718031,2015-01-06,2015,,94.0,,,0,0,N,0.0,0.0,0.0,,,,,,,,36.00219,-86.74267,True,Crashes_2010_2019_MPO
101093341,2016-01-15,2016,,19.0,,,0,0,N,0.0,0.0,0.0,,,,,,,,36.04465,-86.78006,False,Crashes_2010_2019_MPO
102095242,2018-08-02,2018,,19.0,,,0,0,N,0.0,0.0,0.0,,,,,,,,36.03973,-86.76313,False,Crashes_2010_2019_MPO
100704973,2014-12-11,2014,,94.0,,,0,0,N,0.0,0.0,0.0,,,,,,,,36.02665,-86.79244,True,Crashes_2010_2019_MPO
100738268,2015-02-16,2015,,19.0,,,0,0,N,0.0,0.0,0.0,,,,,,,,36.0389,-86.67745,False,Crashes_2010_2019_MPO
102488601,2019-08-25,2019,,94.0,,,0,0,N,0.0,0.0,0.0,,,,,,,,35.96424,-86.78398,True,Crashes_2010_2019_MPO
100963856,2015-09-20,2015,,94.0,,,0,0,N,0.0,0.0,0.0,,,,,,,,36.02302,-86.79449,True,Crashes_2010_2019_MPO
100728152,2015-01-26,2015,,19.0,,,0,0,N,0.0,0.0,0.0,,,,,,,,36.05155,-86.71425,False,Crashes_2010_2019_MPO
101164873,2016-04-15,2016,,19.0,,,0,0,N,0.0,0.0,0.0,,,,,,,,36.04063,-86.77141,False,Crashes_2010_2019_MPO
102505220,2019-09-10,2019,,94.0,,,0,0,N,0.0,0.0,0.0,,,,,,,,35.95392,-86.81471,False,Crashes_2010_2019_MPO
100726883,2015-01-24,2015,,19.0,,,0,0,N,0.0,0.0,0.0,,,,,,,,36.03057,-86.75136,False,Crashes_2010_2019_MPO
100267842,2012-12-17,2012,,94.0,,,0,0,N,0.0,0.0,0.0,,,,,,,,36.01331,-86.80259,True,Crashes_2010_2019_MPO
102409137,2019-06-03,2019,,94.0,,,0,0,N,0.0,0.0,0.0,,,,,,,,35.94767,-86.83633,False,Crashes_2010_2019_MPO
102467951,2019-08-04,2019,,19.0,,,0,0,N,0.0,0.0,0.0,,,,,,,,36.05452,-86.72519,False,Crashes_2010_2019_MPO
100923590,2015-08-15,2015,,19.0,,,0,0,N,0.0,0.0,0.0,,,,,,,,36.04341,-86.74412,False,Crashes_2010_2019_MPO
100837256,2015-05-20,2015,,19.0,,,0,0,N,0.0,0.0,0.0,,,,,,,,36.03922,-86.78243,False,Crashes_2010_2019_MPO
101420615,2016-10-22,2016,,19.0,,,0,0,N,0.0,0.0,0.0,,,,,,,,36.04594,-86.72525,False,Crashes_2010_2019_MPO
100344188,2013-06-19,2013,,94.0,,,0,0,N,0.0,0.0,0.0,,,,,,,,35.99924,-86.80919,True,Crashes_2010_2019_MPO
100873468,2015-06-19,2015,,19.0,,,0,0,N,0.0,0.0,0.0,,,,,,,,36.03325,-86.77577,False,Crashes_2010_2019_MPO
101156487,2016-04-02,2016,,94.0,,,0,0,N,0.0,0.0,0.0,,,,,,,,35.96122,-86.80931,False,Crashes_2010_2019_MPO
100507069,2014-05-10,2014,,94.0,,,0,0,N,0.0,0.0,0.0,,,,,,,,35.99157,-86.75394,True,Crashes_2010_2019_MPO
101507578,2017-01-17,2017,,19.0,,,0,0,N,0.0,0.0,0.0,,,,,,,,36.0374,-86.78657,False,Crashes_2010_2019_MPO
101299948,2016-07-20,2016,,94.0,,,0,0,N,0.0,0.0,0.0,,,,,,,,35.98326,-86.71737,True,Crashes_2010_2019_MPO
100588840,2014-07-29,2014,,94.0,,,0,0,N,0.0,0.0,0.0,,,,,,,,36.0055,-86.73536,True,Crashes_2010_2019_MPO
102017523,2018-05-21,2018,,19.0,,,0,0,N,0.0,0.0,0.0,,,,,,,,36.04001,-86.74347,False,Crashes_2010_2019_MPO
102423087,2019-06-19,2019,,19.0,,,0,0,N,0.0,0.0,0.0,,,,,,,,36.05335,-86.71493,False,Crashes_2010_2019_MPO
101197087,2016-05-18,2016,,19.0,,,0,0,N,0.0,0.0,0.0,,,,,,,,36.03792,-86.78645,False,Crashes_2010_2019_MPO
102502699,2019-09-07,2019,,19.0,,,0,0,N,0.0,0.0,0.0,,,,,,,,36.05366,-86.71502,False,Crashes_2010_2019_MPO
100712346,2014-12-24,2014,,94.0,,,0,0,N,0.0,0.0,0.0,,,,,,,,35.9322,-86.79434,False,Crashes_2010_2019_MPO
101473827,2016-12-11,2016,,19.0,,,0,0,N,0.0,0.0,0.0,,,,,,,,36.0507,-86.71413,False,Crashes_2010_2019_MPO
101120636,2016-02-22,2016,,19.0,,,0,0,N,0.0,0.0,0.0,,,,,,,,36.03318,-86.77483,False,Crashes_2010_2019_MPO
101301571,2016-07-23,2016,,19.0,,,0,0,N,0.0,0.0,0.0,,,,,,,,36.04441,-86.78039,False,Crashes_2010_2019_MPO
100383288,2013-09-25,2013,,94.0,,,0,0,N,0.0,0.0,0.0,,,,,,,,36.00417,-86.79083,True,Crashes_2010_2019_MPO
101962690,2018-03-31,2018,,94.0,,,0,0,N,0.0,0.0,0.0,,,,,,,,35.99196,-86.79712,True,Crashes_2010_2019_MPO
102252394,2018-12-20,2018,,94.0,,,0,0,N,0.0,0.0,0.0,,,,,,,,35.97263,-86.86742,False,Crashes_2010_2019_MPO
101731185,2017-08-15,2017,,19.0,,,0,0,N,0.0,0.0,0.0,,,,,,,,36.03982,-86.74087,False,Crashes_2010_2019_MPO
101461083,2016-11-26,2016,,94.0,,,0,0,N,0.0,0.0,0.0,,,,,,,,36.03551,-86.78748,True,Crashes_2010_2019_MPO
100920474,2015-08-10,2015,,94.0,,,0,0,Y,0.0,0.0,1.0,,,,,,,,35.96708,-86.81356,True,Crashes_2010_2019_MPO
100824865,2015-04-27,2015,,19.0,,,0,0,N,0.0,0.0,0.0,,,,,,,,36.04538,-86.71357,False,Crashes_2010_2019_MPO
100715284,2014-12-30,2014,,19.0,,,0,0,N,0.0,0.0,0.0,,,,,,,,36.00289,-86.68761,False,Crashes_2010_2019_MPO
102194144,2018-10-29,2018,,94.0,,,0,0,N,0.0,0.0,0.0,,,,,,,,36.01086,-86.74603,True,Crashes_2010_2019_MPO
101106861,2016-02-16,2016,,94.0,,,0,0,N,0.0,0.0,0.0,,,,,,,,35.99139,-86.75256,True,Crashes_2010_2019_MPO
100442922,2014-02-14,2014,,94.0,,,0,0,N,0.0,0.0,0.0,,,,,,,,35.92449,-86.87044,False,Crashes_2010_2019_MPO
100501848,2014-04-27,2014,,94.0,,,0,0,N,0.0,0.0,0.0,,,,,,,,35.96877,-86.80694,True,Crashes_2010_2019_MPO
101433780,2016-11-07,2016,,94.0,,,0,0,N,0.0,0.0,0.0,,,,,,,,35.93793,-86.80984,False,Crashes_2010_2019_MPO
101046999,2015-12-10,2015,,19.0,,,0,0,N,0.0,0.0,0.0,,,,,,,,36.04627,-86.6768,False,Crashes_2010_2019_MPO
102256599,2018-12-21,2018,,94.0,,,0,0,N,0.0,0.0,0.0,,,,,,,,36.02664,-86.78974,True,Crashes_2010_2019_MPO
101091293,2016-01-21,2016,,94.0,,,0,0,N,0.0,0.0,0.0,,,,,,,,35.95785,-86.80257,False,Crashes_2010_2019_MPO
100834730,2015-05-15,2015,,19.0,,,0,0,N,0.0,0.0,0.0,,,,,,,,36.00358,-86.69813,False,Crashes_2010_2019_MPO
100220950,2012-08-31,2012,,94.0,,,0,0,N,0.0,0.0,0.0,,,,,,,,36.03611,-86.79484,True,Crashes_2010_2019_MPO
101705000,2017-07-18,2017,,94.0,,,0,0,N,0.0,0.0,0.0,,,,,,,,35.96677,-86.81093,True,Crashes_2010_2019_MPO
101151522,2016-03-25,2016,,94.0,,,0,0,N,0.0,0.0,0.0,,,,,,,,35.93446,-86.81991,False,Crashes_2010_2019_MPO
100443194,2014-02-15,2014,,94.0,,,0,0,N,0.0,0.0,0.0,,,,,,,,35.93126,-86.87663,False,Crashes_2010_2019_MPO
102086066,2018-07-25,2018,,19.0,,,0,0,N,0.0,0.0,0.0,,,,,,,,36.05067,-86.87842,False,Crashes_2010_2019_MPO
102413534,2019-06-08,2019,,94.0,,,0,0,N,0.0,0.0,0.0,,,,,,,,35.96705,-86.81355,True,Crashes_2010_2019_MPO
101325559,2016-08-11,2016,,94.0,,,0,0,N,0.0,0.0,0.0,,,,,,,,35.93562,-86.82387,False,Crashes_2010_2019_MPO
102321020,2019-03-04,2019,,94.0,,,0,0,N,0.0,0.0,0.0,,,,,,,,35.93818,-86.76804,False,Crashes_2010_2019_MPO
102339192,2019-03-23,2019,,94.0,,,0,0,N,0.0,0.0,0.0,,,,,,,,35.96589,-86.8034,True,Crashes_2010_2019_MPO
100298244,2013-02-28,2013,,94.0,,,0,0,N,0.0,0.0,0.0,,,,,,,,35.97612,-86.82903,True,Crashes_2010_2019_MPO
101940162,2018-03-09,2018,,94.0,,,0,0,N,0.0,0.0,0.0,,,,,,,,35.94675,-86.85178,False,Crashes_2010_2019_MPO
100849226,2015-05-23,2015,,19.0,,,0,0,N,0.0,0.0,0.0,,,,,,,,35.99694,-86.69001,False,Crashes_2010_2019_MPO
101576567,2017-03-08,2017,,94.0,,,0,0,N,0.0,0.0,0.0,,,,,,,,36.01689,-86.78609,True,Crashes_2010_2019_MPO
101008906,2015-11-07,2015,,94.0,,,0,0,N,0.0,0.0,0.0,,,,,,,,35.9641,-86.8073,False,Crashes_2010_2019_MPO
100215898,2012-08-17,2012,,94.0,,,0,0,N,0.0,0.0,0.0,,,,,,,,35.96722,-86.81353,True,Crashes_2010_2019_MPO
101674432,2017-06-15,2017,,94.0,,,0,0,N,0.0,0.0,0.0,,,,,,,,35.95848,-86.87736,False,Crashes_2010_2019_MPO
101851755,2017-12-04,2017,,94.0,,,1,0,Y,1.0,0.0,1.0,,,,,,,,36.0159,-86.78171,True,Crashes_2010_2019_MPO
102012492,2018-05-16,2018,,94.0,,,0,0,N,0.0,0.0,0.0,,,,,,,,35.94893,-86.8198,False,Crashes_2010_2019_MPO
102222289,2018-11-23,2018,,94.0,,,0,0,N,0.0,0.0,0.0,,,,,,,,36.01172,-86.78485,True,Crashes_2010_2019_MPO
100403933,2013-11-12,2013,,94.0,,,0,0,N,0.0,0.0,0.0,,,,,,,,35.96681,-86.81059,True,Crashes_2010_2019_MPO
100798580,2015-03-27,2015,,94.0,,,0,0,N,0.0,0.0,0.0,,,,,,,,35.92971,-86.84184,False,Crashes_2010_2019_MPO
101092843,2016-01-23,2016,,19.0,,,0,0,N,0.0,0.0,0.0,,,,,,,,36.03793,-86.7131,False,Crashes_2010_2019_MPO
100925875,2015-08-19,2015,,94.0,,,0,0,N,0.0,0.0,0.0,,,,,,,,35.96708,-86.81356,True,Crashes_2010_2019_MPO
100318905,2013-04-19,2013,,94.0,,,0,0,N,0.0,0.0,0.0,,,,,,,,35.93434,-86.81904,False,Crashes_2010_2019_MPO
102245088,2018-12-13,2018,,94.0,,,0,0,N,0.0,0.0,0.0,,,,,,,,35.94833,-86.69469,False,Crashes_2010_2019_MPO
102010939,2018-05-11,2018,,94.0,,,0,0,N,0.0,0.0,0.0,,,,,,,,35.96659,-86.81037,True,Crashes_2010_2019_MPO
102390745,2019-05-16,2019,,94.0,,,0,0,N,0.0,0.0,0.0,,,,,,,,35.96762,-86.81342,True,Crashes_2010_2019_MPO
100886259,2015-07-14,2015,,94.0,,,0,0,N,0.0,0.0,0.0,,,,,,,,35.95204,-86.81806,False,Crashes_2010_2019_MPO
101579286,2017-03-10,2017,,19.0,,,0,0,N,0.0,0.0,0.0,,,,,,,,36.04677,-86.86049,False,Crashes_2010_2019_MPO
102464746,2019-08-01,2019,,94.0,,,0,0,N,0.0,0.0,0.0,,,,,,,,35.94699,-86.81153,False,Crashes_2010_2019_MPO
102056468,2018-06-28,2018,,94.0,,,0,0,N,0.0,0.0,0.0,,,,,,,,36.01327,-86.8017,True,Crashes_2010_2019_MPO
101286351,2016-07-15,2016,,19.0,,,0,0,N,0.0,0.0,0.0,,,,,,,,36.0374,-86.78657,False,Crashes_2010_2019_MPO
102546561,2019-10-23,2019,,94.0,,,0,0,N,0.0,0.0,0.0,,,,,,,,36.00106,-86.80825,True,Crashes_2010_2019_MPO
100372876,2013-08-22,2013,,94.0,,,0,0,N,0.0,0.0,0.0,,,,,,,,35.96473,-86.81131,False,Crashes_2010_2019_MPO
102171192,2018-10-08,2018,,94.0,,,0,0,N,0.0,0.0,0.0,,,,,,,,35.92629,-86.86662,False,Crashes_2010_2019_MPO
101960340,2018-03-30,2018,,94.0,,,0,0,N,0.0,0.0,0.0,,,,,,,,36.01559,-86.7406,False,Crashes_2010_2019_MPO
101482619,2016-12-20,2016,,94.0,,,0,0,N,0.0,0.0,0.0,,,,,,,,35.96094,-86.81373,False,Crashes_2010_2019_MPO
102602591,2019-12-20,2019,,19.0,,,0,0,N,0.0,0.0,0.0,,,,,,,,36.00867,-86.69492,False,Crashes_2010_2019_MPO
102267726,2019-01-05,2019,,19.0,,,0,0,N,0.0,0.0,0.0,,,,,,,,36.05366,-86.71502,False,Crashes_2010_2019_MPO
100767269,2015-03-05,2015,,94.0,,,0,0,N,0.0,0.0,0.0,,,,,,,,36.01395,-86.78525,True,Crashes_2010_2019_MPO
100803384,2015-04-06,2015,,94.0,,,0,0,N,0.0,0.0,0.0,,,,,,,,35.93063,-86.82404,False,Crashes_2010_2019_MPO
102254685,2018-12-15,2018,,94.0,,,0,0,N,0.0,0.0,0.0,,,,,,,,36.02273,-86.78701,True,Crashes_2010_2019_MPO
102278498,2019-01-16,2019,,94.0,,,0,0,N,0.0,0.0,0.0,,,,,,,,35.96665,-86.80932,True,Crashes_2010_2019_MPO
100659750,2014-10-26,2014,,94.0,,,0,0,N,0.0,0.0,0.0,,,,,,,,35.94695,-86.85171,False,Crashes_2010_2019_MPO
100591374,2014-08-05,2014,,94.0,,,0,0,N,0.0,0.0,0.0,,,,,,,,35.97466,-86.80465,True,Crashes_2010_2019_MPO
101473074,2016-12-10,2016,,94.0,,,0,0,N,0.0,0.0,0.0,,,,,,,,35.96687,-86.80373,True,Crashes_2010_2019_MPO
100308104,2013-03-21,2013,,94.0,,,0,0,N,0.0,0.0,0.0,,,,,,,,35.94353,-86.84444,False,Crashes_2010_2019_MPO
101736399,2017-08-20,2017,,94.0,,,0,0,N,0.0,0.0,0.0,,,,,,,,35.92958,-86.84267,False,Crashes_2010_2019_MPO
100270980,2012-12-24,2012,,94.0,,,0,0,N,0.0,0.0,0.0,,,,,,,,35.94709,-86.83266,False,Crashes_2010_2019_MPO
100872819,2015-06-18,2015,,94.0,,,0,1,N,0.0,1.0,0.0,,,,,,,,35.9313,-86.86335,False,Crashes_2010_2019_MPO
101103970,2016-02-11,2016,,94.0,,,0,0,N,0.0,0.0,0.0,,,,,,,,35.990734,-86.799162,True,Crashes_2010_2019_MPO
102372556,2019-04-25,2019,,94.0,,,0,0,N,0.0,0.0,0.0,,,,,,,,35.99107,-86.77834,True,Crashes_2010_2019_MPO
102140102,2018-09-10,2018,,19.0,,,0,0,N,0.0,0.0,0.0,,,,,,,,36.0374,-86.78657,False,Crashes_2010_2019_MPO
100806200,2015-04-11,2015,,19.0,,,0,0,N,0.0,0.0,0.0,,,,,,,,36.03323,-86.7113,False,Crashes_2010_2019_MPO
102203106,2018-11-07,2018,,19.0,,,0,0,N,0.0,0.0,0.0,,,,,,,,36.0399,-86.78322,False,Crashes_2010_2019_MPO
101988284,2018-04-24,2018,,94.0,,,0,0,N,0.0,0.0,0.0,,,,,,,,35.93215,-86.79441,False,Crashes_2010_2019_MPO
101270315,2016-06-21,2016,,94.0,,,0,0,N,0.0,0.0,0.0,,,,,,,,35.94434,-86.82157,False,Crashes_2010_2019_MPO
101079099,2016-01-17,2016,,94.0,,,0,0,N,0.0,0.0,0.0,,,,,,,,35.99551,-86.77887,True,Crashes_2010_2019_MPO
101918077,2018-02-16,2018,,19.0,,,0,0,N,0.0,0.0,0.0,,,,,,,,36.04472,-86.84895,False,Crashes_2010_2019_MPO
102585919,2019-12-02,2019,,19.0,,,0,0,N,0.0,0.0,0.0,,,,,,,,36.0493,-86.71377,False,Crashes_2010_2019_MPO
100573251,2014-07-15,2014,,94.0,,,0,0,N,0.0,0.0,0.0,,,,,,,,35.92874,-86.82063,False,Crashes_2010_2019_MPO
100921342,2015-08-11,2015,,94.0,,,0,1,N,0.0,1.0,0.0,,,,,,,,35.94034,-86.81033,False,Crashes_2010_2019_MPO
102055512,2018-06-27,2018,,94.0,,,0,0,N,0.0,0.0,0.0,,,,,,,,35.96721,-86.8135,True,Crashes_2010_2019_MPO
10394309,2012-05-22,2012,,19.0,,,0,0, ,0.0,0.0,0.0,,,,,,,,36.04605,-86.69604,False,Crashes_2010_2019_MPO
101484233,2016-12-22,2016,,94.0,,,0,0,N,0.0,0.0,0.0,,,,,,,,35.99287,-86.68504,False,Crashes_2010_2019_MPO
102314637,2019-02-25,2019,,94.0,,,0,0,N,0.0,0.0,0.0,,,,,,,,35.94989,-86.76624,True,Crashes_2010_2019_MPO
100725910,2015-01-22,2015,,94.0,,,0,0,N,0.0,0.0,0.0,,,,,,,,35.92946,-86.84337,False,Crashes_2010_2019_MPO
101779794,2017-10-03,2017,,19.0,,,0,0,N,0.0,0.0,0.0,,,,,,,,36.05484,-86.72906,False,Crashes_2010_2019_MPO
101091965,2016-01-22,2016,,94.0,,,0,0,N,0.0,0.0,0.0,,,,,,,,35.95136,-86.72902,False,Crashes_2010_2019_MPO
102017085,2018-05-20,2018,,94.0,,,0,0,N,0.0,0.0,0.0,,,,,,,,35.94995,-86.81901,False,Crashes_2010_2019_MPO
100659307,2014-10-25,2014,,94.0,,,0,0,N,0.0,0.0,0.0,,,,,,,,35.96328,-86.81064,False,Crashes_2010_2019_MPO
100879059,2015-06-30,2015,,94.0,,,0,0,N,0.0,0.0,0.0,,,,,,,,36.00839,-86.78036,True,Crashes_2010_2019_MPO
100750549,2015-02-20,2015,,19.0,,,0,0,N,0.0,0.0,0.0,,,,,,,,36.04036,-86.78236,False,Crashes_2010_2019_MPO
102259479,2018-12-28,2018,,94.0,,,0,0,N,0.0,0.0,0.0,,,,,,,,35.96219,-86.81527,False,Crashes_2010_2019_MPO
102048880,2018-06-18,2018,,94.0,,,0,0,N,0.0,0.0,0.0,,,,,,,,36.03473,-86.78793,True,Crashes_2010_2019_MPO
100187017,2012-06-01,2012,,94.0,,,0,0,N,0.0,0.0,0.0,,,,,,,,35.96658,-86.80788,True,Crashes_2010_2019_MPO
101563178,2017-02-22,2017,,94.0,,,0,0,N,0.0,0.0,0.0,,,,,,,,35.94675,-86.85178,False,Crashes_2010_2019_MPO
100552400,2014-06-17,2014,,94.0,,,0,0,N,0.0,0.0,0.0,,,,,,,,35.95879,-86.8155,False,Crashes_2010_2019_MPO
100725806,2015-01-22,2015,,94.0,,,0,0,N,0.0,0.0,0.0,,,,,,,,35.98964,-86.77782,True,Crashes_2010_2019_MPO
101864738,2017-12-19,2017,,19.0,,,0,0,Y,0.0,0.0,1.0,,,,,,,,36.03281,-86.78356,True,Crashes_2010_2019_MPO
100332032,2013-05-21,2013,,94.0,,,0,0,N,0.0,0.0,0.0,,,,,,,,35.96174,-86.80177,True,Crashes_2010_2019_MPO
101678337,2017-06-20,2017,,94.0,,,0,0,N,0.0,0.0,0.0,,,,,,,,36.03318,-86.78282,True,Crashes_2010_2019_MPO
100724985,2015-01-20,2015,,94.0,,,0,0,N,0.0,0.0,0.0,,,,,,,,35.97526,-86.83097,True,Crashes_2010_2019_MPO
101077948,2016-01-15,2016,,94.0,,,0,0,N,0.0,0.0,0.0,,,,,,,,35.95739,-86.76553,True,Crashes_2010_2019_MPO
101075737,2016-01-11,2016,,94.0,,,0,0,N,0.0,0.0,0.0,,,,,,,,35.97974,-86.77698,True,Crashes_2010_2019_MPO
102014633,2018-05-17,2018,,94.0,,,0,0,N,0.0,0.0,0.0,,,,,,,,36.0359,-86.78725,True,Crashes_2010_2019_MPO
101707506,2017-07-21,2017,,94.0,,,0,0,N,0.0,0.0,0.0,,,,,,,,35.93325,-86.81179,False,Crashes_2010_2019_MPO
101855256,2017-12-11,2017,,94.0,,,0,0,N,0.0,0.0,0.0,,,,,,,,36.03614,-86.79498,True,Crashes_2010_2019_MPO
100996600,2015-10-26,2015,,94.0,,,0,0,N,0.0,0.0,0.0,,,,,,,,35.93806,-86.82181,False,Crashes_2010_2019_MPO
100356224,2013-07-18,2013,,94.0,,,0,0,N,0.0,0.0,0.0,,,,,,,,35.94465,-86.82817,False,Crashes_2010_2019_MPO
102108187,2018-08-12,2018,,19.0,,,0,0,N,0.0,0.0,0.0,,,,,,,,36.04017,-86.75251,False,Crashes_2010_2019_MPO
100409187,2013-11-22,2013,,94.0,,,0,0,N,0.0,0.0,0.0,,,,,,,,35.96499,-86.72751,True,Crashes_2010_2019_MPO
101237582,2016-06-02,2016,,94.0,,,0,0,N,0.0,0.0,0.0,,,,,,,,35.96868,-86.80993,True,Crashes_2010_2019_MPO
100996219,2015-10-23,2015,,19.0,,,0,0,N,0.0,0.0,0.0,,,,,,,,36.01312,-86.70412,False,Crashes_2010_2019_MPO
100280365,2013-01-16,2013,,94.0,,,0,0,N,0.0,0.0,0.0,,,,,,,,35.94463,-86.80908,False,Crashes_2010_2019_MPO
100951206,2015-09-15,2015,,94.0,,,0,0,N,0.0,0.0,0.0,,,,,,,,35.99385,-86.76112,True,Crashes_2010_2019_MPO
102279519,2019-01-17,2019,,19.0,,,0,0,N,0.0,0.0,0.0,,,,,,,,36.02536,-86.74268,False,Crashes_2010_2019_MPO
100705544,2014-12-11,2014,,94.0,,,0,0,N,0.0,0.0,0.0,,,,,,,,35.99782,-86.7989,True,Crashes_2010_2019_MPO
100850438,2015-05-26,2015,,94.0,,,0,0,N,0.0,0.0,0.0,,,,,,,,35.93364,-86.81833,False,Crashes_2010_2019_MPO
100874887,2015-06-22,2015,,94.0,,,0,0,N,0.0,0.0,0.0,,,,,,,,35.93193,-86.79397,False,Crashes_2010_2019_MPO
102170588,2018-10-07,2018,,19.0,,,0,0,N,0.0,0.0,0.0,,,,,,,,36.04186,-86.72653,False,Crashes_2010_2019_MPO
102200117,2018-11-03,2018,,94.0,,,0,0,N,0.0,0.0,0.0,,,,,,,,35.94059,-86.83376,False,Crashes_2010_2019_MPO
100807984,2015-04-14,2015,,94.0,,,0,0,N,0.0,0.0,0.0,,,,,,,,35.94701,-86.81153,False,Crashes_2010_2019_MPO
100721007,2015-01-12,2015,,94.0,,,0,0,N,0.0,0.0,0.0,,,,,,,,35.99512,-86.77447,True,Crashes_2010_2019_MPO
100799962,2015-03-30,2015,,19.0,,,0,0,N,0.0,0.0,0.0,,,,,,,,36.04094,-86.77342,False,Crashes_2010_2019_MPO
100506049,2014-05-08,2014,,94.0,,,0,0,N,0.0,0.0,0.0,,,,,,,,35.95993,-86.80204,False,Crashes_2010_2019_MPO
102187080,2018-10-23,2018,,94.0,,,0,0,N,0.0,0.0,0.0,,,,,,,,35.93875,-86.87922,False,Crashes_2010_2019_MPO
102351957,2019-04-06,2019,,94.0,,,0,0,N,0.0,0.0,0.0,,,,,,,,36.01492,-86.72878,False,Crashes_2010_2019_MPO
102126561,2018-08-29,2018,,19.0,,,0,0,N,0.0,0.0,0.0,,,,,,,,36.0269,-86.68083,False,Crashes_2010_2019_MPO
100440093,2014-02-07,2014,,94.0,,,0,0,N,0.0,0.0,0.0,,,,,,,,36.033198,-86.787579,True,Crashes_2010_2019_MPO