mstrrecnbr,collision_ts,year,county,countystat,crash,crash_type,fatalities,non_motorists,commercial,fatal_c,nonmotor_c,truck_c,fatalc,serious_injuries,ped,bike,lighting,weather,first_harmful_event,latitude,longitude,in_city,src_layer
101659850,2017-05-30,2017,,94.0,,,0,0,N,0.0,0.0,0.0,,,,,,,,35.94565,-86.80635,False,Crashes_2010_2019_MPO
102390602,2019-05-15,2019,,94.0,,,0,0,N,0.0,0.0,0.0,,,,,,,,36.03319,-86.7876,True,Crashes_2010_2019_MPO
101912536,2018-02-10,2018,,94.0,,,0,0,N,0.0,0.0,0.0,,,,,,,,35.93446,-86.81991,False,Crashes_2010_2019_MPO
100827302,2015-05-02,2015,,19.0,,,0,0,N,0.0,0.0,0.0,,,,,,,,36.01446,-86.70502,False,Crashes_2010_2019_MPO
101929677,2018-02-28,2018,,94.0,,,0,0,N,0.0,0.0,0.0,,,,,,,,35.96651,-86.81127,True,Crashes_2010_2019_MPO
102187048,2018-10-23,2018,,94.0,,,0,0,N,0.0,0.0,0.0,,,,,,,,35.92619,-86.86966,False,Crashes_2010_2019_MPO
100720824,2015-01-12,2015,,19.0,,,0,0,N,0.0,0.0,0.0,,,,,,,,36.04169,-86.78244,False,Crashes_2010_2019_MPO
101840559,2017-11-27,2017,,94.0,,,0,0,N,0.0,0.0,0.0,,,,,,,,35.99004,-86.74528,True,Crashes_2010_2019_MPO
101915986,2018-02-14,2018,,94.0,,,0,0,N,0.0,0.0,0.0,,,,,,,,35.93541,-86.82372,False,Crashes_2010_2019_MPO
100287366,2013-02-02,2013,,94.0,,,0,0,N,0.0,0.0,0.0,,,,,,,,36.02837,-86.85746,False,Crashes_2010_2019_MPO
102573942,2019-11-20,2019,,94.0,,,0,0,N,0.0,0.0,0.0,,,,,,,,35.94293,-86.81592,False,Crashes_2010_2019_MPO
100422960,2013-12-22,2013,,94.0,,,0,0,N,0.0,0.0,0.0,,,,,,,,35.96604,-86.8072,True,Crashes_2010_2019_MPO
102589272,2019-12-05,2019,,94.0,,,0,0,N,0.0,0.0,0.0,,,,,,,,35.94435,-86.81921,False,Crashes_2010_2019_MPO
100282092,2013-01-20,2013,,94.0,,,0,0,N,0.0,0.0,0.0,,,,,,,,35.92849,-86.76411,False,Crashes_2010_2019_MPO
100666043,2014-11-06,2014,,19.0,,,0,0,N,0.0,0.0,0.0,,,,,,,,36.04619,-86.70352,False,Crashes_2010_2019_MPO
101186132,2016-05-02,2016,,19.0,,,0,0,N,0.0,0.0,0.0,,,,,,,,36.03188,-86.76039,False,Crashes_2010_2019_MPO
100389374,2013-10-09,2013,,94.0,,,0,0,N,0.0,0.0,0.0,,,,,,,,35.9665,-86.80974,True,Crashes_2010_2019_MPO
102158892,2018-09-27,2018,,94.0,,,0,0,N,0.0,0.0,0.0,,,,,,,,35.93331,-86.81492,False,Crashes_2010_2019_MPO
102537321,2019-10-14,2019,,19.0,,,0,0,N,0.0,0.0,0.0,,,,,,,,36.0467,-86.71351,False,Crashes_2010_2019_MPO
100545144,2014-05-30,2014,,94.0,,,0,0,N,0.0,0.0,0.0,,,,,,,,35.93546,-86.82377,False,Crashes_2010_2019_MPO
101163895,2016-04-14,2016,,19.0,,,0,0,N,0.0,0.0,0.0,,,,,,,,36.03264,-86.71282,False,Crashes_2010_2019_MPO
101931674,2018-03-01,2018,,94.0,,,0,0,N,0.0,0.0,0.0,,,,,,,,36.00655,-86.80537,True,Crashes_2010_2019_MPO
100265480,2012-12-12,2012,,94.0,,,0,0,N,0.0,0.0,0.0,,,,,,,,35.937321,-86.87883,False,Crashes_2010_2019_MPO
102100216,2018-08-06,2018,,94.0,,,0,0,N,0.0,0.0,0.0,,,,,,,,36.03632,-86.80104,True,Crashes_2010_2019_MPO
102254642,2018-12-21,2018,,94.0,,,0,0,N,0.0,0.0,0.0,,,,,,,,35.96326,-86.80088,True,Crashes_2010_2019_MPO
102475503,2019-08-12,2019,,94.0,,,0,0,N,0.0,0.0,0.0,,,,,,,,36.03641,-86.81069,True,Crashes_2010_2019_MPO
101182198,2016-04-20,2016,,19.0,,,0,0,N,0.0,0.0,0.0,,,,,,,,36.01214,-86.70344,False,Crashes_2010_2019_MPO
102377148,2019-05-01,2019,,94.0,,,0,0,N,0.0,0.0,0.0,,,,,,,,35.92609,-86.87139,False,Crashes_2010_2019_MPO
102000808,2018-05-05,2018,,94.0,,,0,0,N,0.0,0.0,0.0,,,,,,,,35.94543,-86.82792,False,Crashes_2010_2019_MPO
101236484,2016-05-31,2016,,94.0,,,0,0,N,0.0,0.0,0.0,,,,,,,,35.92366,-86.86782,False,Crashes_2010_2019_MPO
102048624,2018-06-19,2018,,94.0,,,0,0,N,0.0,0.0,0.0,,,,,,,,35.96898,-86.83676,False,Crashes_2010_2019_MPO
101127403,2016-03-04,2016,,94.0,,,0,0,N,0.0,0.0,0.0,,,,,,,,35.96248,-86.68927,False,Crashes_2010_2019_MPO
101351934,2016-09-02,2016,,94.0,,,0,0,N,0.0,0.0,0.0,,,,,,,,35.99004,-86.74528,True,Crashes_2010_2019_MPO
100267860,2012-12-17,2012,,94.0,,,0,0,N,0.0,0.0,0.0,,,,,,,,35.96124,-86.81185,False,Crashes_2010_2019_MPO
101817154,2017-11-06,2017,,94.0,,,0,0,N,0.0,0.0,0.0,,,,,,,,35.99293,-86.69425,True,Crashes_2010_2019_MPO
100484287,2014-04-09,2014,,94.0,,,0,0,N,0.0,0.0,0.0,,,,,,,,35.95085,-86.80667,False,Crashes_2010_2019_MPO
101974307,2018-04-11,2018,,94.0,,,0,0,N,0.0,0.0,0.0,,,,,,,,36.03371,-86.7832,True,Crashes_2010_2019_MPO
100924624,2015-08-17,2015,,19.0,,,0,0,N,0.0,0.0,0.0,,,,,,,,36.04002,-86.78266,False,Crashes_2010_2019_MPO
101938220,2018-03-09,2018,,94.0,,,0,0,N,0.0,0.0,0.0,,,,,,,,35.96716,-86.81351,True,Crashes_2010_2019_MPO
100832426,2015-05-11,2015,,19.0,,,0,0,Y,0.0,0.0,1.0,,,,,,,,36.04541,-86.71819,False,Crashes_2010_2019_MPO
102211131,2018-11-14,2018,,94.0,,,0,0,N,0.0,0.0,0.0,,,,,,,,36.03679,-86.81484,True,Crashes_2010_2019_MPO
10419454,2010-12-07,2010,,19.0,,,0,0, ,0.0,0.0,0.0,,,,,,,,36.039268,-86.69901,False,Crashes_2010_2019_MPO
102498005,2019-09-03,2019,,19.0,,,0,0,N,0.0,0.0,0.0,,,,,,,,36.03274,-86.77072,False,Crashes_2010_2019_MPO
101529048,2017-01-19,2017,,94.0,,,0,0,N,0.0,0.0,0.0,,,,,,,,35.97716,-86.67813,False,Crashes_2010_2019_MPO
101766521,2017-09-20,2017,,94.0,,,0,0,N,0.0,0.0,0.0,,,,,,,,35.93385,-86.85893,False,Crashes_2010_2019_MPO
101002050,2015-10-28,2015,,94.0,,,0,0,N,0.0,0.0,0.0,,,,,,,,35.96173,-86.80183,True,Crashes_2010_2019_MPO
102356301,2019-04-10,2019,,19.0,,,0,0,N,0.0,0.0,0.0,,,,,,,,36.04375,-86.76807,False,Crashes_2010_2019_MPO
102337905,2019-03-21,2019,,94.0,,,0,0,N,0.0,0.0,0.0,,,,,,,,35.95724,-86.81662,False,Crashes_2010_2019_MPO
101950798,2018-03-20,2018,,19.0,,,0,0,N,0.0,0.0,0.0,,,,,,,,36.03991,-86.72717,False,Crashes_2010_2019_MPO
100966492,2015-09-24,2015,,94.0,,,0,0,N,0.0,0.0,0.0,,,,,,,,35.93648,-86.82071,False,Crashes_2010_2019_MPO
101730874,2017-08-14,2017,,19.0,,,0,0,N,0.0,0.0,0.0,,,,,,,,36.04824,-86.86614,False,Crashes_2010_2019_MPO
100825237,2015-04-28,2015,,94.0,,,0,0,N,0.0,0.0,0.0,,,,,,,,35.92493,-86.79887,False,Crashes_2010_2019_MPO
101816603,2017-11-06,2017,,19.0,,,0,0,N,0.0,0.0,0.0,,,,,,,,36.02548,-86.71359,False,Crashes_2010_2019_MPO
102415488,2019-06-10,2019,,19.0,,,0,0,N,0.0,0.0,0.0,,,,,,,,36.0412,-86.82139,False,Crashes_2010_2019_MPO
102427809,2019-06-24,2019,,19.0,,,0,0,N,0.0,0.0,0.0,,,,,,,,36.0454,-86.7182,False,Crashes_2010_2019_MPO
102547109,2019-10-24,2019,,19.0,,,0,0,N,0.0,0.0,0.0,,,,,,,,36.04476,-86.7811,False,Crashes_2010_2019_MPO
100822516,2015-04-23,2015,,19.0,,,0,0,N,0.0,0.0,0.0,,,,,,,,36.03994,-86.74167,False,Crashes_2010_2019_MPO
101433519,2016-11-07,2016,,94.0,,,0,0,N,0.0,0.0,0.0,,,,,,,,35.9647,-86.81499,True,Crashes_2010_2019_MPO
101102989,2016-02-10,2016,,94.0,,,0,0,N,0.0,0.0,0.0,,,,,,,,35.96254,-86.68924,False,Crashes_2010_2019_MPO
102074151,2018-07-13,2018,,94.0,,,0,0,N,0.0,0.0,0.0,,,,,,,,35.99169,-86.79876,True,Crashes_2010_2019_MPO
101441321,2016-11-16,2016,,19.0,,,0,0,N,0.0,0.0,0.0,,,,,,,,36.05341,-86.71673,False,Crashes_2010_2019_MPO
100370358,2013-08-23,2013,,94.0,,,0,0,Y,0.0,0.0,1.0,,,,,,,,36.00417,-86.79083,True,Crashes_2010_2019_MPO
101590521,2017-03-22,2017,,94.0,,,0,0,N,0.0,0.0,0.0,,,,,,,,35.92924,-86.85316,False,Crashes_2010_2019_MPO
101598168,2017-03-30,2017,,19.0,,,0,0,N,0.0,0.0,0.0,,,,,,,,36.04966,-86.71385,False,Crashes_2010_2019_MPO
102314274,2019-02-24,2019,,94.0,,,0,0,N,0.0,0.0,0.0,,,,,,,,35.97148,-86.806,True,Crashes_2010_2019_MPO
102211209,2018-11-14,2018,,94.0,,,0,0,N,0.0,0.0,0.0,,,,,,,,36.03677,-86.81464,True,Crashes_2010_2019_MPO
101407139,2016-10-19,2016,,19.0,,,0,0,Y,0.0,0.0,1.0,,,,,,,,36.04544,-86.7598,False,Crashes_2010_2019_MPO
101439008,2016-11-13,2016,,19.0,,,0,0,N,0.0,0.0,0.0,,,,,,,,36.04479,-86.72487,False,Crashes_2010_2019_MPO
101847200,2017-12-03,2017,,94.0,,,0,0,N,0.0,0.0,0.0,,,,,,,,35.94371,-86.81531,False,Crashes_2010_2019_MPO
101871464,2017-12-28,2017,,19.0,,,0,0,N,0.0,0.0,0.0,,,,,,,,36.03986,-86.78104,False,Crashes_2010_2019_MPO
101239595,2016-06-05,2016,,94.0,,,0,0,N,0.0,0.0,0.0,,,,,,,,35.92964,-86.85399,False,Crashes_2010_2019_MPO
101705859,2017-07-19,2017,,94.0,,,0,0,N,0.0,0.0,0.0,,,,,,,,35.95126,-86.82016,False,Crashes_2010_2019_MPO
102581544,2019-11-27,2019,,19.0,,,0,0,N,0.0,0.0,0.0,,,,,,,,36.04563,-86.77836,False,Crashes_2010_2019_MPO
100397267,2013-10-28,2013,,94.0,,,0,0,N,0.0,0.0,0.0,,,,,,,,35.94766,-86.81973,False,Crashes_2010_2019_MPO
102010824,2018-05-14,2018,,94.0,,,0,0,N,0.0,0.0,0.0,,,,,,,,36.01161,-86.80898,True,Crashes_2010_2019_MPO
101602790,2017-04-04,2017,,19.0,,,0,0,N,0.0,0.0,0.0,,,,,,,,36.04662,-86.86331,False,Crashes_2010_2019_MPO
101619244,2017-04-19,2017,,19.0,,,0,0,N,0.0,0.0,0.0,,,,,,,,36.03156,-86.71265,False,Crashes_2010_2019_MPO
102290294,2019-01-28,2019,,19.0,,,0,0,N,0.0,0.0,0.0,,,,,,,,36.04127,-86.75013,False,Crashes_2010_2019_MPO
102437802,2019-07-04,2019,,19.0,,,0,0,N,0.0,0.0,0.0,,,,,,,,36.0269,-86.68083,False,Crashes_2010_2019_MPO
100191890,2012-06-15,2012,,94.0,,,0,0,N,0.0,0.0,0.0,,,,,,,,35.99766,-86.79755,True,Crashes_2010_2019_MPO
102399421,2019-05-25,2019,,19.0,,,0,0,N,0.0,0.0,0.0,,,,,,,,36.05383,-86.71508,False,Crashes_2010_2019_MPO
101156780,2016-04-03,2016,,94.0,,,0,0,N,0.0,0.0,0.0,,,,,,,,35.92609,-86.87139,False,Crashes_2010_2019_MPO
101743857,2017-08-24,2017,,94.0,,,0,0,N,0.0,0.0,0.0,,,,,,,,35.9583,-86.8023,False,Crashes_2010_2019_MPO
102021615,2018-05-25,2018,,19.0,,,0,0,N,0.0,0.0,0.0,,,,,,,,36.0453,-86.70168,False,Crashes_2010_2019_MPO
100153774,2012-03-02,2012,,94.0,,,0,0,N,0.0,0.0,0.0,,,,,,,,35.98977,-86.72851,True,Crashes_2010_2019_MPO
100854331,2015-06-01,2015,,19.0,,,0,0,N,0.0,0.0,0.0,,,,,,,,36.03969,-86.76111,False,Crashes_2010_2019_MPO
101492801,2016-12-31,2016,,94.0,,,0,0,N,0.0,0.0,0.0,,,,,,,,35.92641,-86.82453,False,Crashes_2010_2019_MPO
101886682,2018-01-14,2018,,19.0,,,0,0,N,0.0,0.0,0.0,,,,,,,,36.04479,-86.72487,False,Crashes_2010_2019_MPO
101795617,2017-10-18,2017,,94.0,,,0,0,N,0.0,0.0,0.0,,,,,,,,36.02606,-86.87904,False,Crashes_2010_2019_MPO
101931029,2018-03-02,2018,,19.0,,,0,0,N,0.0,0.0,0.0,,,,,,,,36.04618,-86.77746,False,Crashes_2010_2019_MPO
101040520,2015-12-01,2015,,94.0,,,0,0,N,0.0,0.0,0.0,,,,,,,,35.93412,-86.81933,False,Crashes_2010_2019_MPO
101075691,2016-01-11,2016,,94.0,,,0,0,N,0.0,0.0,0.0,,,,,,,,35.94278,-86.81597,False,Crashes_2010_2019_MPO
102348470,2019-04-02,2019,,94.0,,,0,0,N,0.0,0.0,0.0,,,,,,,,35.96705,-86.81355,True,Crashes_2010_2019_MPO
102297762,2019-02-05,2019,,94.0,,,0,0,N,0.0,0.0,0.0,,,,,,,,35.94135,-86.83798,False,Crashes_2010_2019_MPO
101605373,2017-04-05,2017,,94.0,,,0,0,N,0.0,0.0,0.0,,,,,,,,36.03403,-86.80162,True,Crashes_2010_2019_MPO
102486000,2019-08-23,2019,,19.0,,,0,0,N,0.0,0.0,0.0,,,,,,,,36.04376,-86.75287,False,Crashes_2010_2019_MPO
101434607,2016-11-08,2016,,94.0,,,0,0,N,0.0,0.0,0.0,,,,,,,,35.9462,-86.80876,False,Crashes_2010_2019_MPO
100806015,2015-04-11,2015,,19.0,,,0,0,N,0.0,0.0,0.0,,,,,,,,36.02685,-86.712,False,Crashes_2010_2019_MPO
102251363,2018-12-19,2018,,19.0,,,0,0,N,0.0,0.0,0.0,,,,,,,,36.0512,-86.77562,False,Crashes_2010_2019_MPO
100875109,2015-06-23,2015,,94.0,,,0,0,N,0.0,0.0,0.0,,,,,,,,36.04,-86.86909,True,Crashes_2010_2019_MPO
101768387,2017-09-22,2017,,94.0,,,0,0,N,0.0,0.0,0.0,,,,,,,,35.96681,-86.81119,True,Crashes_2010_2019_MPO
101903582,2018-02-01,2018,,19.0,,,0,0,N,0.0,0.0,0.0,,,,,,,,36.04455,-86.78003,False,Crashes_2010_2019_MPO
101953161,2018-03-23,2018,,94.0,,,0,0,N,0.0,0.0,0.0,,,,,,,,35.93541,-86.82372,False,Crashes_2010_2019_MPO
101855738,2017-12-11,2017,,94.0,,,0,0,N,0.0,0.0,0.0,,,,,,,,35.96513,-86.81645,True,Crashes_2010_2019_MPO
101102269,2016-02-09,2016,,94.0,,,0,0,N,0.0,0.0,0.0,,,,,,,,35.94725,-86.82132,False,Crashes_2010_2019_MPO
100441975,2014-02-11,2014,,94.0,,,0,0,N,0.0,0.0,0.0,,,,,,,,35.95065,-86.80213,False,Crashes_2010_2019_MPO
102532100,2019-10-07,2019,,19.0,,,0,0,N,0.0,0.0,0.0,,,,,,,,36.01196,-86.68419,False,Crashes_2010_2019_MPO
102604426,2019-12-21,2019,,94.0,,,0,0,N,0.0,0.0,0.0,,,,,,,,36.01575,-86.82116,True,Crashes_2010_2019_MPO
102306944,2019-02-15,2019,,19.0,,,0,0,N,0.0,0.0,0.0,,,,,,,,36.04691,-86.86113,False,Crashes_2010_2019_MPO
100997108,2015-10-27,2015,,94.0,,,0,0,N,0.0,0.0,0.0,,,,,,,,35.99551,-86.77887,True,Crashes_2010_2019_MPO
101768064,2017-09-19,2017,,94.0,,,0,0,N,0.0,0.0,0.0,,,,,,,,36.01689,-86.78609,True,Crashes_2010_2019_MPO
102098524,2018-08-03,2018,,94.0,,,0,0,N,0.0,0.0,0.0,,,,,,,,35.96661,-86.81124,True,Crashes_2010_2019_MPO
101712507,2017-07-26,2017,,94.0,,,0,0,N,0.0,0.0,0.0,,,,,,,,36.02813,-86.8769,False,Crashes_2010_2019_MPO
100615332,2014-09-06,2014,,94.0,,,0,0,N,0.0,0.0,0.0,,,,,,,,35.92674,-86.87005,False,Crashes_2010_2019_MPO
100611097,2014-08-27,2014,,19.0,,,0,0,N,0.0,0.0,0.0,,,,,,,,36.05437,-86.71567,False,Crashes_2010_2019_MPO
100372397,2013-08-28,2013,,94.0,,,0,0,Y,0.0,0.0,1.0,,,,,,,,35.97776,-86.80359,True,Crashes_2010_2019_MPO
100681834,2014-11-17,2014,,94.0,,,0,0,N,0.0,0.0,0.0,,,,,,,,35.95044,-86.76543,True,Crashes_2010_2019_MPO
101316902,2016-07-29,2016,,94.0,,,0,0,N,0.0,0.0,0.0,,,,,,,,35.95212,-86.81784,False,Crashes_2010_2019_MPO
102550416,2019-10-27,2019,,19.0,,,0,0,N,0.0,0.0,0.0,,,,,,,,36.02541,-86.69639,False,Crashes_2010_2019_MPO
101859586,2017-12-15,2017,,94.0,,,0,0,N,0.0,0.0,0.0,,,,,,,,35.94476,-86.8195,False,Crashes_2010_2019_MPO
101072385,2016-01-04,2016,,19.0,,,0,0,N,0.0,0.0,0.0,,,,,,,,36.03984,-86.81518,False,Crashes_2010_2019_MPO
100422443,2013-12-17,2013,,94.0,,,0,0,Y,0.0,0.0,1.0,,,,,,,,35.96957,-86.80666,True,Crashes_2010_2019_MPO
101937184,2018-03-08,2018,,19.0,,,0,0,N,0.0,0.0,0.0,,,,,,,,36.04037,-86.74525,False,Crashes_2010_2019_MPO
100572908,2014-07-08,2014,,94.0,,,0,0,N,0.0,0.0,0.0,,,,,,,,36.01848,-86.80116,True,Crashes_2010_2019_MPO
102127685,2018-08-30,2018,,94.0,,,0,0,N,0.0,0.0,0.0,,,,,,,,35.99538,-86.77757,True,Crashes_2010_2019_MPO
102093593,2018-07-31,2018,,94.0,,,0,0,N,0.0,0.0,0.0,,,,,,,,35.92609,-86.87139,False,Crashes_2010_2019_MPO
101874419,2017-12-31,2017,,94.0,,,0,0,N,0.0,0.0,0.0,,,,,,,,36.03322,-86.78531,True,Crashes_2010_2019_MPO
101747285,2017-08-31,2017,,94.0,,,0,0,N,0.0,0.0,0.0,,,,,,,,36.01733,-86.78647,True,Crashes_2010_2019_MPO
100720669,2015-01-12,2015,,19.0,,,0,0,N,0.0,0.0,0.0,,,,,,,,36.03232,-86.76521,False,Crashes_2010_2019_MPO
101396343,2016-09-28,2016,,19.0,,,0,0,Y,0.0,0.0,1.0,,,,,,,,36.03127,-86.78351,True,Crashes_2010_2019_MPO
101802416,2017-10-24,2017,,94.0,,,0,0,N,0.0,0.0,0.0,,,,,,,,36.02228,-86.78306,True,Crashes_2010_2019_MPO
101080254,2016-01-19,2016,,94.0,,,0,0,N,0.0,0.0,0.0,,,,,,,,35.96173,-86.80183,True,Crashes_2010_2019_MPO
101841242,2017-11-28,2017,,19.0,,,0,0,N,0.0,0.0,0.0,,,,,,,,36.04001,-86.74347,False,Crashes_2010_2019_MPO
102515303,2019-09-20,2019,,19.0,,,0,0,N,0.0,0.0,0.0,,,,,,,,36.04528,-86.7142,False,Crashes_2010_2019_MPO
101533677,2017-01-24,2017,,94.0,,,0,0,N,0.0,0.0,0.0,,,,,,,,35.997996,-86.799015,True,Crashes_2010_2019_MPO
102549504,2019-10-26,2019,,19.0,,,0,0,N,0.0,0.0,0.0,,,,,,,,36.03446,-86.78335,True,Crashes_2010_2019_MPO
102308460,2019-02-17,2019,,94.0,,,0,0,N,0.0,0.0,0.0,,,,,,,,35.94114,-86.83623,False,Crashes_2010_2019_MPO
101069503,2015-12-30,2015,,19.0,,,0,0,N,0.0,0.0,0.0,,,,,,,,36.04068,-86.81772,False,Crashes_2010_2019_MPO
101478080,2016-12-14,2016,,94.0,,,0,0,N,0.0,0.0,0.0,,,,,,,,35.92366,-86.86782,False,Crashes_2010_2019_MPO
101462741,2016-11-29,2016,,19.0,,,0,0,N,0.0,0.0,0.0,,,,,,,,36.04222,-86.83169,False,Crashes_2010_2019_MPO
100799957,2015-03-30,2015,,94.0,,,0,0,N,0.0,0.0,0.0,,,,,,,,35.94718,-86.87842,False,Crashes_2010_2019_MPO
101585814,2017-03-17,2017,,19.0,,,0,0,N,0.0,0.0,0.0,,,,,,,,36.04019,-86.78062,False,Crashes_2010_2019_MPO
101156993,2016-04-03,2016,,94.0,,,0,0,N,0.0,0.0,0.0,,,,,,,,35.97383,-86.83452,False,Crashes_2010_2019_MPO
100354786,2013-07-12,2013,,94.0,,,0,0,N,0.0,0.0,0.0,,,,,,,,35.96611,-86.8383,False,Crashes_2010_2019_MPO
100831586,2015-05-09,2015,,94.0,,,0,0,N,0.0,0.0,0.0,,,,,,,,35.99624,-86.78636,True,Crashes_2010_2019_MPO
100875137,2015-06-23,2015,,94.0,,,0,0,N,0.0,0.0,0.0,,,,,,,,36.01418,-86.73876,False,Crashes_2010_2019_MPO
100826156,2015-04-30,2015,,94.0,,,0,1,N,0.0,1.0,0.0,,,,,,,,35.99502,-86.7795,True,Crashes_2010_2019_MPO
100142694,2012-01-30,2012,,94.0,,,0,0,Y,0.0,0.0,1.0,,,,,,,,35.96518,-86.80021,True,Crashes_2010_2019_MPO
102056350,2018-06-24,2018,,94.0,,,0,0,Y,0.0,0.0,1.0,,,,,,,,36.01731,-86.78647,True,Crashes_2010_2019_MPO
101488013,2016-12-27,2016,,19.0,,,0,0,N,0.0,0.0,0.0,,,,,,,,36.04311,-86.78158,False,Crashes_2010_2019_MPO
102116079,2018-08-20,2018,,94.0,,,0,0,N,0.0,0.0,0.0,,,,,,,,35.9659,-86.80375,True,Crashes_2010_2019_MPO
101843146,2017-11-30,2017,,94.0,,,0,0,N,0.0,0.0,0.0,,,,,,,,35.97103,-86.72644,True,Crashes_2010_2019_MPO
101620792,2017-04-20,2017,,19.0,,,0,0,N,0.0,0.0,0.0,,,,,,,,36.04529,-86.71732,False,Crashes_2010_2019_MPO
101118571,2016-02-19,2016,,19.0,,,0,0,N,0.0,0.0,0.0,,,,,,,,36.03983,-86.74095,False,Crashes_2010_2019_MPO
100753062,2015-02-25,2015,,94.0,,,0,0,N,0.0,0.0,0.0,,,,,,,,35.99504,-86.77334,True,Crashes_2010_2019_MPO
101918977,2018-02-17,2018,,94.0,,,0,0,N,0.0,0.0,0.0,,,,,,,,35.95209,-86.81805,False,Crashes_2010_2019_MPO
101468917,2016-12-06,2016,,94.0,,,0,0,N,0.0,0.0,0.0,,,,,,,,35.9703,-86.72548,True,Crashes_2010_2019_MPO
101706185,2017-07-18,2017,,94.0,,,0,0,N,0.0,0.0,0.0,,,,,,,,35.97007,-86.80625,True,Crashes_2010_2019_MPO
101106226,2016-02-15,2016,,94.0,,,0,0,N,0.0,0.0,0.0,,,,,,,,35.98884,-86.70458,True,Crashes_2010_2019_MPO
100923940,2015-08-16,2015,,94.0,,,0,0,N,0.0,0.0,0.0,,,,,,,,35.97707,-86.7711,True,Crashes_2010_2019_MPO
100631736,2014-09-21,2014,,19.0,,,0,0,N,0.0,0.0,0.0,,,,,,,,36.04357,-86.86593,True,Crashes_2010_2019_MPO
101762393,2017-09-16,2017,,94.0,,,0,0,N,0.0,0.0,0.0,,,,,,,,35.96403,-86.80738,False,Crashes_2010_2019_MPO
100635935,2014-09-30,2014,,94.0,,,0,0,N,0.0,0.0,0.0,,,,,,,,35.96507,-86.81618,True,Crashes_2010_2019_MPO
101810432,2017-10-30,2017,,94.0,,,0,0,N,0.0,0.0,0.0,,,,,,,,35.98532,-86.73074,True,Crashes_2010_2019_MPO
101698253,2017-07-11,2017,,19.0,,,0,0,N,0.0,0.0,0.0,,,,,,,,36.04004,-86.78083,False,Crashes_2010_2019_MPO
101920822,2018-02-19,2018,,94.0,,,0,0,N,0.0,0.0,0.0,,,,,,,,36.02147,-86.78733,True,Crashes_2010_2019_MPO
100876353,2015-06-25,2015,,19.0,,,0,0,N,0.0,0.0,0.0,,,,,,,,36.04105,-86.77612,False,Crashes_2010_2019_MPO
101567076,2017-02-26,2017,,94.0,,,0,0,N,0.0,0.0,0.0,,,,,,,,36.033212,-86.787741,True,Crashes_2010_2019_MPO
101483163,2016-12-21,2016,,19.0,,,0,0,N,0.0,0.0,0.0,,,,,,,,36.04074,-86.78273,False,Crashes_2010_2019_MPO
100733865,2015-02-07,2015,,94.0,,,0,0,N,0.0,0.0,0.0,,,,,,,,35.94689,-86.85175,False,Crashes_2010_2019_MPO
100426160,2014-01-01,2014,,94.0,,,0,0,N,0.0,0.0,0.0,,,,,,,,35.9337,-86.81761,False,Crashes_2010_2019_MPO
102048361,2018-06-19,2018,,94.0,,,0,0,N,0.0,0.0,0.0,,,,,,,,36.01392,-86.71935,False,Crashes_2010_2019_MPO
101630771,2017-05-01,2017,,94.0,,,0,0,N,0.0,0.0,0.0,,,,,,,,36.01451,-86.72409,False,Crashes_2010_2019_MPO
101117630,2016-02-17,2016,,19.0,,,0,0,N,0.0,0.0,0.0,,,,,,,,36.02613,-86.71295,False,Crashes_2010_2019_MPO
102202436,2018-11-05,2018,,94.0,,,0,0,N,0.0,0.0,0.0,,,,,,,,35.9667,-86.81121,True,Crashes_2010_2019_MPO
101271929,2016-06-24,2016,,19.0,,,0,0,N,0.0,0.0,0.0,,,,,,,,36.03871,-86.73094,False,Crashes_2010_2019_MPO
100287997,2013-02-04,2013,,94.0,,,0,0,N,0.0,0.0,0.0,,,,,,,,35.95051,-86.76621,True,Crashes_2010_2019_MPO
102228877,2018-11-29,2018,,19.0,,,0,0,N,0.0,0.0,0.0,,,,,,,,36.03772,-86.79475,False,Crashes_2010_2019_MPO
101133054,2016-03-12,2016,,94.0,,,0,0,N,0.0,0.0,0.0,,,,,,,,35.95209,-86.81805,False,Crashes_2010_2019_MPO
101888790,2018-01-16,2018,,19.0,,,0,0,N,0.0,0.0,0.0,,,,,,,,36.031,-86.74994,False,Crashes_2010_2019_MPO
101103601,2016-02-11,2016,,94.0,,,0,0,N,0.0,0.0,0.0,,,,,,,,35.94077,-86.83876,False,Crashes_2010_2019_MPO
101950111,2018-03-20,2018,,94.0,,,0,0,N,0.0,0.0,0.0,,,,,,,,35.93189,-86.79403,False,Crashes_2010_2019_MPO
101863973,2017-12-18,2017,,94.0,,,0,0,N,0.0,0.0,0.0,,,,,,,,35.96423,-86.81082,False,Crashes_2010_2019_MPO
101146799,2016-03-19,2016,,19.0,,,0,0,N,0.0,0.0,0.0,,,,,,,,36.05277,-86.695,False,Crashes_2010_2019_MPO
100430530,2014-01-13,2014,,94.0,,,0,0,N,0.0,0.0,0.0,,,,,,,,35.96453,-86.81434,False,Crashes_2010_2019_MPO
100697539,2014-11-26,2014,,94.0,,,0,0,N,0.0,0.0,0.0,,,,,,,,35.9574,-86.81815,False,Crashes_2010_2019_MPO
102023241,2018-05-26,2018,,94.0,,,0,0,N,0.0,0.0,0.0,,,,,,,,35.92738,-86.8687,False,Crashes_2010_2019_MPO
101531610,2017-01-22,2017,,19.0,,,0,0,N,0.0,0.0,0.0,,,,,,,,36.04079,-86.78257,False,Crashes_2010_2019_MPO
100382604,2013-09-23,2013,,94.0,,,0,0,Y,0.0,0.0,1.0,,,,,,,,35.96762,-86.81858,True,Crashes_2010_2019_MPO
101916139,2018-02-14,2018,,19.0,,,0,0,N,0.0,0.0,0.0,,,,,,,,36.04488,-86.85012,False,Crashes_2010_2019_MPO
100837367,2015-05-20,2015,,94.0,,,0,0,N,0.0,0.0,0.0,,,,,,,,36.03353,-86.78537,True,Crashes_2010_2019_MPO