mstrrecnbr,collision_ts,year,county,countystat,crash,crash_type,fatalities,non_motorists,commercial,fatal_c,nonmotor_c,truck_c,fatalc,serious_injuries,ped,bike,lighting,weather,first_harmful_event,latitude,longitude,in_city,src_layer
100804869,2015-04-09,2015,,94.0,,,0,0,N,0.0,0.0,0.0,,,,,,,,35.99238,-86.79853,True,Crashes_2010_2019_MPO
102345206,2019-03-30,2019,,19.0,,,0,0,N,0.0,0.0,0.0,,,,,,,,36.03758,-86.78653,False,Crashes_2010_2019_MPO
100414413,2013-12-03,2013,,94.0,,,0,0,N,0.0,0.0,0.0,,,,,,,,35.92811,-86.8655,False,Crashes_2010_2019_MPO
102041248,2018-06-11,2018,,94.0,,,0,0,N,0.0,0.0,0.0,,,,,,,,35.92999,-86.86435,False,Crashes_2010_2019_MPO
100497832,2014-04-18,2014,,94.0,,,0,0,N,0.0,0.0,0.0,,,,,,,,35.9976,-86.79706,True,Crashes_2010_2019_MPO
102250647,2018-12-18,2018,,94.0,,,0,0,N,0.0,0.0,0.0,,,,,,,,35.93588,-86.8259,False,Crashes_2010_2019_MPO
102004135,2018-05-08,2018,,94.0,,,0,0,N,0.0,0.0,0.0,,,,,,,,35.94636,-86.80871,False,Crashes_2010_2019_MPO
101717836,2017-08-01,2017,,94.0,,,0,0,N,0.0,0.0,0.0,,,,,,,,36.0333,-86.78833,True,Crashes_2010_2019_MPO
101892300,2018-01-20,2018,,19.0,,,0,0,N,0.0,0.0,0.0,,,,,,,,36.04009,-86.74434,False,Crashes_2010_2019_MPO
101699109,2017-07-12,2017,,19.0,,,0,0,N,0.0,0.0,0.0,,,,,,,,36.04002,-86.76591,False,Crashes_2010_2019_MPO
101333660,2016-08-22,2016,,94.0,,,0,0,N,0.0,0.0,0.0,,,,,,,,35.9562,-86.84421,False,Crashes_2010_2019_MPO
102066487,2018-07-07,2018,,19.0,,,0,1,N,0.0,1.0,0.0,,,,,,,,36.04811,-86.71359,False,Crashes_2010_2019_MPO
102448174,2019-07-12,2019,,94.0,,,0,0,Y,0.0,0.0,1.0,,,,,,,,35.96589,-86.80316,True,Crashes_2010_2019_MPO
101119257,2016-02-20,2016,,19.0,,,0,0,N,0.0,0.0,0.0,,,,,,,,36.04209,-86.70333,False,Crashes_2010_2019_MPO
100383237,2013-09-25,2013,,94.0,,,0,0,Y,0.0,0.0,1.0,,,,,,,,35.9659,-86.80587,True,Crashes_2010_2019_MPO
100129812,2011-12-21,2011,,94.0,,,0,0,N,0.0,0.0,0.0,,,,,,,,35.99335,-86.69968,True,Crashes_2010_2019_MPO
101832767,2017-11-21,2017,,94.0,,,0,0,N,0.0,0.0,0.0,,,,,,,,35.93931,-86.8216,False,Crashes_2010_2019_MPO
101233077,2016-05-26,2016,,19.0,,,0,0,N,0.0,0.0,0.0,,,,,,,,36.03183,-86.74384,False,Crashes_2010_2019_MPO
102408014,2019-06-02,2019,,19.0,,,0,0,N,0.0,0.0,0.0,,,,,,,,36.0374,-86.78657,False,Crashes_2010_2019_MPO
100722249,2015-01-14,2015,,94.0,,,0,0,N,0.0,0.0,0.0,,,,,,,,35.95055,-86.70421,False,Crashes_2010_2019_MPO
101420156,2016-10-22,2016,,19.0,,,0,0,N,0.0,0.0,0.0,,,,,,,,36.04126,-86.75013,False,Crashes_2010_2019_MPO
101231911,2016-05-25,2016,,94.0,,,0,0,N,0.0,0.0,0.0,,,,,,,,35.99756,-86.79466,True,Crashes_2010_2019_MPO
101560941,2017-02-20,2017,,94.0,,,0,0,N,0.0,0.0,0.0,,,,,,,,35.96259,-86.82533,True,Crashes_2010_2019_MPO
102155341,2018-09-23,2018,,19.0,,,0,0,N,0.0,0.0,0.0,,,,,,,,36.039,-86.74342,False,Crashes_2010_2019_MPO
101928024,2018-02-25,2018,,94.0,,,0,0,N,0.0,0.0,0.0,,,,,,,,35.94978,-86.81329,False,Crashes_2010_2019_MPO
100968755,2015-09-28,2015,,94.0,,,0,0,N,0.0,0.0,0.0,,,,,,,,36.03599,-86.7872,True,Crashes_2010_2019_MPO
100858939,2015-06-11,2015,,94.0,,,0,0,N,0.0,0.0,0.0,,,,,,,,35.94175,-86.8212,False,Crashes_2010_2019_MPO
101856980,2017-12-13,2017,,19.0,,,0,0,N,0.0,0.0,0.0,,,,,,,,36.0374,-86.78657,False,Crashes_2010_2019_MPO
101157550,2016-04-04,2016,,94.0,,,0,0,N,0.0,0.0,0.0,,,,,,,,35.92741,-86.80146,False,Crashes_2010_2019_MPO
102549885,2019-10-26,2019,,19.0,,,0,0,N,0.0,0.0,0.0,,,,,,,,36.02122,-86.73734,False,Crashes_2010_2019_MPO
100996099,2015-10-25,2015,,19.0,,,0,0,N,0.0,0.0,0.0,,,,,,,,36.01231,-86.68792,False,Crashes_2010_2019_MPO
100966990,2015-09-25,2015,,94.0,,,0,0,N,0.0,0.0,0.0,,,,,,,,35.92883,-86.75512,False,Crashes_2010_2019_MPO
101958271,2018-03-28,2018,,19.0,,,0,0,N,0.0,0.0,0.0,,,,,,,,36.04012,-86.78074,False,Crashes_2010_2019_MPO
101482937,2016-12-20,2016,,19.0,,,0,0,N,0.0,0.0,0.0,,,,,,,,36.04479,-86.72487,False,Crashes_2010_2019_MPO
102153138,2018-09-21,2018,,94.0,,,0,0,N,0.0,0.0,0.0,,,,,,,,35.94782,-86.81975,False,Crashes_2010_2019_MPO
100419442,2013-12-14,2013,,94.0,,,0,0,N,0.0,0.0,0.0,,,,,,,,35.92939,-86.84202,False,Crashes_2010_2019_MPO
100165751,2012-04-04,2012,,94.0,,,0,0,N,0.0,0.0,0.0,,,,,,,,35.96382,-86.80841,False,Crashes_2010_2019_MPO
101576504,2017-03-08,2017,,94.0,,,0,0,N,0.0,0.0,0.0,,,,,,,,35.94925,-86.75259,True,Crashes_2010_2019_MPO
100542004,2014-05-22,2014,,94.0,,,0,0,N,0.0,0.0,0.0,,,,,,,,35.99001,-86.75126,True,Crashes_2010_2019_MPO
100584194,2014-07-17,2014,,94.0,,,0,0,N,0.0,0.0,0.0,,,,,,,,35.96739,-86.81538,True,Crashes_2010_2019_MPO
100971002,2015-10-01,2015,,94.0,,,0,0,N,0.0,0.0,0.0,,,,,,,,36.01373,-86.78519,True,Crashes_2010_2019_MPO
101604707,2017-04-05,2017,,94.0,,,0,0,N,0.0,0.0,0.0,,,,,,,,36.03403,-86.80162,True,Crashes_2010_2019_MPO
100480467,2014-03-31,2014,,94.0,,,0,0,N,0.0,0.0,0.0,,,,,,,,35.96382,-86.80841,False,Crashes_2010_2019_MPO
101127218,2016-02-29,2016,,94.0,,,0,0,N,0.0,0.0,0.0,,,,,,,,35.97183,-86.86167,False,Crashes_2010_2019_MPO
100614341,2014-09-03,2014,,94.0,,,0,0,N,0.0,0.0,0.0,,,,,,,,35.94722,-86.85519,False,Crashes_2010_2019_MPO
100860272,2015-06-13,2015,,94.0,,,0,0,N,0.0,0.0,0.0,,,,,,,,35.9486,-86.81972,False,Crashes_2010_2019_MPO
102202755,2018-11-06,2018,,94.0,,,0,0,N,0.0,0.0,0.0,,,,,,,,35.94546,-86.80485,False,Crashes_2010_2019_MPO
100799702,2015-03-30,2015,,94.0,,,0,0,N,0.0,0.0,0.0,,,,,,,,35.9581,-86.8026,False,Crashes_2010_2019_MPO
101951989,2018-03-21,2018,,94.0,,,1,0,Y,1.0,0.0,1.0,,,,,,,,35.99319,-86.81239,True,Crashes_2010_2019_MPO
100875188,2015-06-20,2015,,19.0,,,0,0,N,0.0,0.0,0.0,,,,,,,,36.05087,-86.69813,False,Crashes_2010_2019_MPO
101974424,2018-04-11,2018,,94.0,,,0,0,N,0.0,0.0,0.0,,,,,,,,35.94515,-86.87791,False,Crashes_2010_2019_MPO
101610605,2017-04-11,2017,,94.0,,,0,0,N,0.0,0.0,0.0,,,,,,,,35.98861,-86.79983,True,Crashes_2010_2019_MPO
100917523,2015-08-04,2015,,19.0,,,0,0,N,0.0,0.0,0.0,,,,,,,,36.04169,-86.74802,False,Crashes_2010_2019_MPO
101471024,2016-12-08,2016,,94.0,,,0,0,Y,0.0,0.0,1.0,,,,,,,,36.03066,-86.78358,True,Crashes_2010_2019_MPO
102590483,2019-12-02,2019,,94.0,,,0,0,N,0.0,0.0,0.0,,,,,,,,35.97716,-86.67813,False,Crashes_2010_2019_MPO
101036929,2015-11-25,2015,,94.0,,,0,0,N,0.0,0.0,0.0,,,,,,,,35.94732,-86.8206,False,Crashes_2010_2019_MPO
101824653,2017-11-13,2017,,19.0,,,0,0,N,0.0,0.0,0.0,,,,,,,,36.04626,-86.67675,False,Crashes_2010_2019_MPO
100118672,2011-11-22,2011,,94.0,,,0,0,N,0.0,0.0,0.0,,,,,,,,35.96176,-86.80153,True,Crashes_2010_2019_MPO
102153204,2018-09-21,2018,,19.0,,,0,0,N,0.0,0.0,0.0,,,,,,,,36.04816,-86.77571,False,Crashes_2010_2019_MPO
102483381,2019-08-20,2019,,94.0,,,0,0,N,0.0,0.0,0.0,,,,,,,,35.927,-86.86947,False,Crashes_2010_2019_MPO
101047569,2015-12-09,2015,,94.0,,,0,0,N,0.0,0.0,0.0,,,,,,,,35.93586,-86.81813,False,Crashes_2010_2019_MPO
101609928,2017-04-10,2017,,19.0,,,0,0,N,0.0,0.0,0.0,,,,,,,,36.03774,-86.7848,False,Crashes_2010_2019_MPO
102478239,2019-08-15,2019,,19.0,,,0,0,N,0.0,0.0,0.0,,,,,,,,36.02389,-86.72337,False,Crashes_2010_2019_MPO
101285424,2016-07-12,2016,,19.0,,,0,0,N,0.0,0.0,0.0,,,,,,,,36.04469,-86.71703,False,Crashes_2010_2019_MPO
102144002,2018-09-14,2018,,94.0,,,0,0,N,0.0,0.0,0.0,,,,,,,,35.94055,-86.83919,False,Crashes_2010_2019_MPO
102310902,2019-02-20,2019,,19.0,,,0,0,N,0.0,0.0,0.0,,,,,,,,36.03988,-86.81642,False,Crashes_2010_2019_MPO
101864258,2017-12-20,2017,,94.0,,,0,0,N,0.0,0.0,0.0,,,,,,,,35.96468,-86.8074,False,Crashes_2010_2019_MPO
101737438,2017-08-21,2017,,94.0,,,0,0,N,0.0,0.0,0.0,,,,,,,,35.94808,-86.81388,False,Crashes_2010_2019_MPO
101480847,2016-12-18,2016,,19.0,,,0,0,N,0.0,0.0,0.0,,,,,,,,36.03113,-86.75141,False,Crashes_2010_2019_MPO
102197795,2018-11-02,2018,,19.0,,,0,0,N,0.0,0.0,0.0,,,,,,,,36.04527,-86.70118,False,Crashes_2010_2019_MPO
101092647,2016-01-22,2016,,94.0,,,0,0,Y,0.0,0.0,1.0,,,,,,,,36.02252,-86.78709,True,Crashes_2010_2019_MPO
101046409,2015-12-10,2015,,94.0,,,0,0,N,0.0,0.0,0.0,,,,,,,,35.99008,-86.74563,True,Crashes_2010_2019_MPO
100886887,2015-07-15,2015,,94.0,,,0,0,N,0.0,0.0,0.0,,,,,,,,35.9498,-86.81328,False,Crashes_2010_2019_MPO
100733547,2015-02-03,2015,,94.0,,,0,0,N,0.0,0.0,0.0,,,,,,,,35.97835,-86.80338,True,Crashes_2010_2019_MPO
101536512,2017-01-27,2017,,94.0,,,0,0,N,0.0,0.0,0.0,,,,,,,,35.94568,-86.82317,False,Crashes_2010_2019_MPO
102139442,2018-09-09,2018,,94.0,,,0,0,N,0.0,0.0,0.0,,,,,,,,35.95963,-86.80185,False,Crashes_2010_2019_MPO
102047797,2018-06-18,2018,,94.0,,,0,0,N,0.0,0.0,0.0,,,,,,,,35.92973,-86.84209,False,Crashes_2010_2019_MPO
101277834,2016-07-02,2016,,19.0,,,0,0,N,0.0,0.0,0.0,,,,,,,,36.0522,-86.74309,False,Crashes_2010_2019_MPO
100277264,2013-01-09,2013,,94.0,,,0,0,N,0.0,0.0,0.0,,,,,,,,35.99899,-86.79623,True,Crashes_2010_2019_MPO
101769217,2017-09-23,2017,,19.0,,,0,0,N,0.0,0.0,0.0,,,,,,,,36.02886,-86.8765,False,Crashes_2010_2019_MPO
102280147,2019-01-17,2019,,94.0,,,0,0,N,0.0,0.0,0.0,,,,,,,,35.99609,-86.8109,True,Crashes_2010_2019_MPO
102578643,2019-11-25,2019,,94.0,,,0,0,N,0.0,0.0,0.0,,,,,,,,36.02495,-86.78577,True,Crashes_2010_2019_MPO
101162752,2016-04-12,2016,,94.0,,,0,0,N,0.0,0.0,0.0,,,,,,,,35.92386,-86.86981,False,Crashes_2010_2019_MPO
101602426,2017-04-03,2017,,94.0,,,0,0,N,0.0,0.0,0.0,,,,,,,,36.03358,-86.7805,True,Crashes_2010_2019_MPO
102483514,2019-08-20,2019,,19.0,,,0,0,N,0.0,0.0,0.0,,,,,,,,36.03922,-86.7822,False,Crashes_2010_2019_MPO
102028808,2018-05-31,2018,,94.0,,,0,0,N,0.0,0.0,0.0,,,,,,,,35.9233,-86.87078,False,Crashes_2010_2019_MPO
101964679,2018-04-02,2018,,94.0,,,0,0,N,0.0,0.0,0.0,,,,,,,,36.0332,-86.78546,True,Crashes_2010_2019_MPO
101164098,2016-04-14,2016,,94.0,,,0,0,N,0.0,0.0,0.0,,,,,,,,35.94143,-86.83761,False,Crashes_2010_2019_MPO
100589058,2014-07-30,2014,,94.0,,,0,0,N,0.0,0.0,0.0,,,,,,,,36.01569,-86.8459,True,Crashes_2010_2019_MPO
101680089,2017-06-21,2017,,94.0,,,0,0,N,0.0,0.0,0.0,,,,,,,,35.957,-86.80319,False,Crashes_2010_2019_MPO
101104247,2016-02-12,2016,,19.0,,,0,0,N,0.0,0.0,0.0,,,,,,,,36.03742,-86.78646,False,Crashes_2010_2019_MPO
102500614,2019-09-06,2019,,94.0,,,0,0,N,0.0,0.0,0.0,,,,,,,,35.94195,-86.7675,True,Crashes_2010_2019_MPO
101070046,2015-12-31,2015,,94.0,,,0,0,N,0.0,0.0,0.0,,,,,,,,35.97247,-86.86697,False,Crashes_2010_2019_MPO
100998500,2015-10-26,2015,,19.0,,,0,0,N,0.0,0.0,0.0,,,,,,,,36.04104,-86.78231,False,Crashes_2010_2019_MPO
100359026,2013-07-26,2013,,94.0,,,0,0,N,0.0,0.0,0.0,,,,,,,,35.96665,-86.80939,True,Crashes_2010_2019_MPO
101036433,2015-11-21,2015,,19.0,,,0,0,N,0.0,0.0,0.0,,,,,,,,36.03075,-86.71257,False,Crashes_2010_2019_MPO
100679384,2014-11-12,2014,,94.0,,,0,0,N,0.0,0.0,0.0,,,,,,,,35.94648,-86.82324,False,Crashes_2010_2019_MPO
100302760,2013-03-12,2013,,94.0,,,0,0,N,0.0,0.0,0.0,,,,,,,,36.02705,-86.81835,True,Crashes_2010_2019_MPO
102397084,2019-05-22,2019,,94.0,,,0,0,N,0.0,0.0,0.0,,,,,,,,35.94131,-86.68057,False,Crashes_2010_2019_MPO
102039900,2018-06-11,2018,,94.0,,,0,0,N,0.0,0.0,0.0,,,,,,,,35.96257,-86.80144,True,Crashes_2010_2019_MPO
100504907,2014-05-05,2014,,94.0,,,0,0,N,0.0,0.0,0.0,,,,,,,,35.94314,-86.84367,False,Crashes_2010_2019_MPO
102398013,2019-05-23,2019,,94.0,,,0,0,N,0.0,0.0,0.0,,,,,,,,35.94493,-86.82854,False,Crashes_2010_2019_MPO
100821538,2015-04-21,2015,,94.0,,,0,0,N,0.0,0.0,0.0,,,,,,,,35.96804,-86.7552,True,Crashes_2010_2019_MPO
100419158,2013-12-14,2013,,94.0,,,0,0,N,0.0,0.0,0.0,,,,,,,,36.03408,-86.80157,True,Crashes_2010_2019_MPO
102285461,2019-01-23,2019,,94.0,,,0,0,N,0.0,0.0,0.0,,,,,,,,35.96312,-86.81897,True,Crashes_2010_2019_MPO
101362760,2016-09-15,2016,,94.0,,,0,0,N,0.0,0.0,0.0,,,,,,,,35.93977,-86.82138,False,Crashes_2010_2019_MPO
100261093,2012-11-08,2012,,19.0,,,1,1,N,1.0,1.0,0.0,,,,,,,,36.03955,-86.72837,False,Crashes_2010_2019_MPO
101271665,2016-06-23,2016,,94.0,,,0,0,N,0.0,0.0,0.0,,,,,,,,35.93157,-86.87926,False,Crashes_2010_2019_MPO
100661805,2014-10-30,2014,,94.0,,,0,0,N,0.0,0.0,0.0,,,,,,,,35.92738,-86.86871,False,Crashes_2010_2019_MPO
100552616,2014-06-18,2014,,94.0,,,0,0,N,0.0,0.0,0.0,,,,,,,,35.94784,-86.81975,False,Crashes_2010_2019_MPO
101103570,2016-02-11,2016,,94.0,,,0,0,N,0.0,0.0,0.0,,,,,,,,36.034985,-86.78294,True,Crashes_2010_2019_MPO
100824793,2015-04-27,2015,,19.0,,,0,0,N,0.0,0.0,0.0,,,,,,,,36.04298,-86.70322,False,Crashes_2010_2019_MPO
102272832,2019-01-09,2019,,94.0,,,0,0,N,0.0,0.0,0.0,,,,,,,,35.93549,-86.86024,False,Crashes_2010_2019_MPO
101605265,2017-04-05,2017,,94.0,,,0,0,N,0.0,0.0,0.0,,,,,,,,35.96546,-86.81152,False,Crashes_2010_2019_MPO
100640624,2014-10-09,2014,,19.0,,,0,0,N,0.0,0.0,0.0,,,,,,,,36.03741,-86.78735,False,Crashes_2010_2019_MPO
100714337,2014-12-22,2014,,94.0,,,0,0,N,0.0,0.0,0.0,,,,,,,,35.92647,-86.82507,False,Crashes_2010_2019_MPO
101598760,2017-03-31,2017,,19.0,,,0,0,N,0.0,0.0,0.0,,,,,,,,36.03907,-86.77844,False,Crashes_2010_2019_MPO
100659966,2014-10-27,2014,,94.0,,,0,0,N,0.0,0.0,0.0,,,,,,,,35.92487,-86.86962,False,Crashes_2010_2019_MPO
102003536,2018-05-08,2018,,94.0,,,0,0,N,0.0,0.0,0.0,,,,,,,,35.93131,-86.81972,False,Crashes_2010_2019_MPO
100733786,2015-02-07,2015,,94.0,,,0,0,N,0.0,0.0,0.0,,,,,,,,35.92899,-86.82446,False,Crashes_2010_2019_MPO
102308940,2019-02-18,2019,,94.0,,,0,0,N,0.0,0.0,0.0,,,,,,,,35.96511,-86.80859,False,Crashes_2010_2019_MPO
100730605,2015-02-01,2015,,94.0,,,0,0,N,0.0,0.0,0.0,,,,,,,,35.97012,-86.72516,True,Crashes_2010_2019_MPO
101564601,2017-02-24,2017,,94.0,,,0,0,N,0.0,0.0,0.0,,,,,,,,35.92451,-86.8704,False,Crashes_2010_2019_MPO
102020160,2018-05-23,2018,,94.0,,,0,0,N,0.0,0.0,0.0,,,,,,,,35.95748,-86.80251,False,Crashes_2010_2019_MPO
102020665,2018-05-23,2018,,94.0,,,0,0,N,0.0,0.0,0.0,,,,,,,,35.96207,-86.80097,True,Crashes_2010_2019_MPO
100807409,2015-04-13,2015,,94.0,,,0,0,N,0.0,0.0,0.0,,,,,,,,35.99737,-86.79483,True,Crashes_2010_2019_MPO
100409252,2013-11-22,2013,,94.0,,,0,0,N,0.0,0.0,0.0,,,,,,,,35.97029,-86.72545,True,Crashes_2010_2019_MPO
100174117,2012-04-23,2012,,19.0,,,0,0,N,0.0,0.0,0.0,,,,,,,,36.03406,-86.7834,True,Crashes_2010_2019_MPO
102184475,2018-10-15,2018,,94.0,,,0,0,N,0.0,0.0,0.0,,,,,,,,36.0028,-86.79256,True,Crashes_2010_2019_MPO
102349345,2019-04-03,2019,,94.0,,,0,0,N,0.0,0.0,0.0,,,,,,,,35.966707,-86.809136,True,Crashes_2010_2019_MPO
100463132,2014-03-11,2014,,94.0,,,0,0,N,0.0,0.0,0.0,,,,,,,,35.9327,-86.78593,False,Crashes_2010_2019_MPO
102552126,2019-10-16,2019,,94.0,,,0,0,N,0.0,0.0,0.0,,,,,,,,36.0157,-86.82033,True,Crashes_2010_2019_MPO
100394514,2013-10-21,2013,,94.0,,,0,0,N,0.0,0.0,0.0,,,,,,,,35.99004,-86.74527,True,Crashes_2010_2019_MPO
102116995,2018-08-21,2018,,94.0,,,0,0,N,0.0,0.0,0.0,,,,,,,,35.9805,-86.8025,True,Crashes_2010_2019_MPO
102222983,2018-11-24,2018,,19.0,,,0,0,N,0.0,0.0,0.0,,,,,,,,36.04003,-86.74373,False,Crashes_2010_2019_MPO
100405409,2013-11-14,2013,,94.0,,,0,0,N,0.0,0.0,0.0,,,,,,,,35.92443,-86.872,False,Crashes_2010_2019_MPO
101538255,2017-01-29,2017,,19.0,,,0,0,N,0.0,0.0,0.0,,,,,,,,36.04164,-86.78243,False,Crashes_2010_2019_MPO
100327386,2013-05-10,2013,,94.0,,,0,0,N,0.0,0.0,0.0,,,,,,,,35.94877,-86.81988,False,Crashes_2010_2019_MPO
101645824,2017-05-15,2017,,94.0,,,0,0,N,0.0,0.0,0.0,,,,,,,,35.92393,-86.8793,False,Crashes_2010_2019_MPO
100798240,2015-03-19,2015,,94.0,,,0,0,N,0.0,0.0,0.0,,,,,,,,35.9583,-86.80229,False,Crashes_2010_2019_MPO
100823853,2015-04-25,2015,,19.0,,,0,0,N,0.0,0.0,0.0,,,,,,,,36.04121,-86.7761,False,Crashes_2010_2019_MPO
102422311,2019-06-18,2019,,19.0,,,0,0,N,0.0,0.0,0.0,,,,,,,,36.04424,-86.71313,False,Crashes_2010_2019_MPO
100590227,2014-08-02,2014,,94.0,,,0,0,N,0.0,0.0,0.0,,,,,,,,35.9954,-86.78972,True,Crashes_2010_2019_MPO
100967053,2015-09-25,2015,,94.0,,,0,0,N,0.0,0.0,0.0,,,,,,,,35.94787,-86.81866,False,Crashes_2010_2019_MPO
101499590,2017-01-08,2017,,94.0,,,0,0,N,0.0,0.0,0.0,,,,,,,,35.96432,-86.81415,False,Crashes_2010_2019_MPO
101989103,2018-04-18,2018,,19.0,,,0,0,N,0.0,0.0,0.0,,,,,,,,36.03459,-86.78333,True,Crashes_2010_2019_MPO
100328711,2013-05-14,2013,,94.0,,,0,0,N,0.0,0.0,0.0,,,,,,,,35.94803,-86.86369,False,Crashes_2010_2019_MPO
100855460,2015-06-04,2015,,94.0,,,0,0,N,0.0,0.0,0.0,,,,,,,,35.93128,-86.79326,False,Crashes_2010_2019_MPO
100821860,2015-04-21,2015,,19.0,,,0,0,N,0.0,0.0,0.0,,,,,,,,36.04908,-86.77535,False,Crashes_2010_2019_MPO
100572094,2014-07-12,2014,,94.0,,,0,0,N,0.0,0.0,0.0,,,,,,,,35.92694,-86.68115,False,Crashes_2010_2019_MPO
100635161,2014-09-28,2014,,19.0,,,0,0,N,0.0,0.0,0.0,,,,,,,,36.04727,-86.71337,False,Crashes_2010_2019_MPO
100912325,2015-07-25,2015,,94.0,,,0,0,N,0.0,0.0,0.0,,,,,,,,35.94886,-86.74878,True,Crashes_2010_2019_MPO
102132629,2018-09-02,2018,,19.0,,,0,0,N,0.0,0.0,0.0,,,,,,,,36.05484,-86.69519,False,Crashes_2010_2019_MPO
101619697,2017-04-19,2017,,19.0,,,0,0,N,0.0,0.0,0.0,,,,,,,,36.04171,-86.74827,False,Crashes_2010_2019_MPO
101632683,2017-04-24,2017,,94.0,,,0,0,N,0.0,0.0,0.0,,,,,,,,35.92912,-86.84793,False,Crashes_2010_2019_MPO
100970300,2015-09-30,2015,,94.0,,,0,0,N,0.0,0.0,0.0,,,,,,,,35.93446,-86.81991,False,Crashes_2010_2019_MPO
102376722,2019-05-01,2019,,19.0,,,0,0,N,0.0,0.0,0.0,,,,,,,,36.04766,-86.71679,False,Crashes_2010_2019_MPO
100883576,2015-07-08,2015,,94.0,,,0,0,N,0.0,0.0,0.0,,,,,,,,35.93117,-86.79409,False,Crashes_2010_2019_MPO
102211873,2018-11-13,2018,,94.0,,,0,0,N,0.0,0.0,0.0,,,,,,,,36.00337,-86.79165,True,Crashes_2010_2019_MPO
100663132,2014-11-01,2014,,94.0,,,0,0,N,0.0,0.0,0.0,,,,,,,,36.03064,-86.78383,True,Crashes_2010_2019_MPO
100730585,2015-02-01,2015,,19.0,,,0,0,N,0.0,0.0,0.0,,,,,,,,36.02614,-86.7352,False,Crashes_2010_2019_MPO
101286568,2016-07-15,2016,,19.0,,,0,0,N,0.0,0.0,0.0,,,,,,,,36.04869,-86.7345,False,Crashes_2010_2019_MPO
102463742,2019-07-31,2019,,94.0,,,0,0,N,0.0,0.0,0.0,,,,,,,,35.98635,-86.73664,True,Crashes_2010_2019_MPO
101952113,2018-03-21,2018,,94.0,,,0,0,N,0.0,0.0,0.0,,,,,,,,36.03507,-86.80581,True,Crashes_2010_2019_MPO
100211918,2012-08-03,2012,,94.0,,,0,0,Y,0.0,0.0,1.0,,,,,,,,35.94475,-86.80963,False,Crashes_2010_2019_MPO
100849564,2015-05-24,2015,,94.0,,,0,0,N,0.0,0.0,0.0,,,,,,,,35.97329,-86.83297,True,Crashes_2010_2019_MPO
101282654,2016-07-08,2016,,94.0,,,0,0,N,0.0,0.0,0.0,,,,,,,,35.94687,-86.85168,False,Crashes_2010_2019_MPO
100422364,2013-12-21,2013,,94.0,,,0,0,N,0.0,0.0,0.0,,,,,,,,35.92799,-86.7175,False,Crashes_2010_2019_MPO
102245338,2018-12-13,2018,,94.0,,,0,0,N,0.0,0.0,0.0,,,,,,,,36.03322,-86.78319,True,Crashes_2010_2019_MPO
101318753,2016-08-02,2016,,94.0,,,0,0,N,0.0,0.0,0.0,,,,,,,,35.93613,-86.87851,False,Crashes_2010_2019_MPO
101011343,2015-11-17,2015,,19.0,,,0,0,N,0.0,0.0,0.0,,,,,,,,36.03273,-86.77067,False,Crashes_2010_2019_MPO
102514334,2019-09-19,2019,,19.0,,,0,0,N,0.0,0.0,0.0,,,,,,,,36.05151,-86.71436,False,Crashes_2010_2019_MPO
102406327,2019-05-31,2019,,19.0,,,0,0,N,0.0,0.0,0.0,,,,,,,,36.04061,-86.77128,False,Crashes_2010_2019_MPO
102068490,2018-07-08,2018,,94.0,,,0,0,N,0.0,0.0,0.0,,,,,,,,35.96133,-86.81226,False,Crashes_2010_2019_MPO
101196859,2016-05-16,2016,,19.0,,,0,0,N,0.0,0.0,0.0,,,,,,,,36.0401,-86.7444,False,Crashes_2010_2019_MPO
100380560,2013-09-16,2013,,94.0,,,0,0,N,0.0,0.0,0.0,,,,,,,,35.92661,-86.82638,False,Crashes_2010_2019_MPO
100573367,2014-07-15,2014,,94.0,,,0,0,N,0.0,0.0,0.0,,,,,,,,35.94796,-86.81922,False,Crashes_2010_2019_MPO
100369274,2013-08-20,2013,,94.0,,,0,0,N,0.0,0.0,0.0,,,,,,,,35.96672,-86.8113,True,Crashes_2010_2019_MPO
101118969,2016-02-19,2016,,19.0,,,0,0,N,0.0,0.0,0.0,,,,,,,,36.0443,-86.69395,False,Crashes_2010_2019_MPO
100261939,2012-12-04,2012,,94.0,,,0,0,N,0.0,0.0,0.0,,,,,,,,36.03694,-86.81659,True,Crashes_2010_2019_MPO
102497124,2019-09-02,2019,,19.0,,,0,0,N,0.0,0.0,0.0,,,,,,,,36.05151,-86.71436,False,Crashes_2010_2019_MPO
100854903,2015-06-03,2015,,94.0,,,0,0,N,0.0,0.0,0.0,,,,,,,,35.95473,-86.81511,False,Crashes_2010_2019_MPO
100219772,2012-08-28,2012,,94.0,,,0,0,N,0.0,0.0,0.0,,,,,,,,35.96532,-86.70293,False,Crashes_2010_2019_MPO
101776961,2017-09-30,2017,,94.0,,,0,0,N,0.0,0.0,0.0,,,,,,,,35.96035,-86.77,True,Crashes_2010_2019_MPO
101393686,2016-09-30,2016,,94.0,,,0,0,Y,0.0,0.0,1.0,,,,,,,,35.97658,-86.80424,True,Crashes_2010_2019_MPO
101926132,2018-02-24,2018,,94.0,,,0,0,N,0.0,0.0,0.0,,,,,,,,35.9996,-86.80902,True,Crashes_2010_2019_MPO
101662700,2017-06-02,2017,,19.0,,,0,0,N,0.0,0.0,0.0,,,,,,,,36.05325,-86.7149,False,Crashes_2010_2019_MPO
100720596,2015-01-11,2015,,19.0,,,0,0,N,0.0,0.0,0.0,,,,,,,,36.04897,-86.71631,False,Crashes_2010_2019_MPO
101236621,2016-05-31,2016,,94.0,,,0,0,N,0.0,0.0,0.0,,,,,,,,35.93562,-86.82387,False,Crashes_2010_2019_MPO
100807975,2015-04-14,2015,,94.0,,,0,0,N,0.0,0.0,0.0,,,,,,,,35.9834,-86.80162,True,Crashes_2010_2019_MPO