mstrrecnbr,collision_ts,year,county,countystat,crash,crash_type,fatalities,non_motorists,commercial,fatal_c,nonmotor_c,truck_c,fatalc,serious_injuries,ped,bike,lighting,weather,first_harmful_event,latitude,longitude,in_city,src_layer
100715884,2014-12-28,2014,,94.0,,,0,0,N,0.0,0.0,0.0,,,,,,,,36.00069,-86.85734,False,Crashes_2010_2019_MPO
100364297,2013-08-08,2013,,94.0,,,0,0,N,0.0,0.0,0.0,,,,,,,,35.94489,-86.82843,False,Crashes_2010_2019_MPO
100614197,2014-09-03,2014,,94.0,,,0,0,N,0.0,0.0,0.0,,,,,,,,35.95789,-86.81072,False,Crashes_2010_2019_MPO
101594165,2017-03-24,2017,,94.0,,,0,0,N,0.0,0.0,0.0,,,,,,,,36.03315,-86.78192,True,Crashes_2010_2019_MPO
100636570,2014-10-01,2014,,19.0,,,0,0,N,0.0,0.0,0.0,,,,,,,,36.04001,-86.74349,False,Crashes_2010_2019_MPO
101479743,2016-12-17,2016,,19.0,,,0,0,N,0.0,0.0,0.0,,,,,,,,36.03934,-86.78566,False,Crashes_2010_2019_MPO
101814819,2017-11-03,2017,,94.0,,,0,0,N,0.0,0.0,0.0,,,,,,,,35.92359,-86.86877,False,Crashes_2010_2019_MPO
100463042,2014-03-11,2014,,94.0,,,0,0,N,0.0,0.0,0.0,,,,,,,,35.95827,-86.84253,False,Crashes_2010_2019_MPO
101772854,2017-09-26,2017,,94.0,,,0,0,N,0.0,0.0,0.0,,,,,,,,35.94606,-86.81969,False,Crashes_2010_2019_MPO
100668442,2014-11-11,2014,,94.0,,,0,0,N,0.0,0.0,0.0,,,,,,,,36.01556,-86.74018,False,Crashes_2010_2019_MPO
102255356,2018-12-22,2018,,19.0,,,0,0,N,0.0,0.0,0.0,,,,,,,,36.0473,-86.86274,False,Crashes_2010_2019_MPO
100820063,2015-04-18,2015,,94.0,,,0,0,N,0.0,0.0,0.0,,,,,,,,36.01284,-86.80082,True,Crashes_2010_2019_MPO
102252787,2018-12-20,2018,,94.0,,,0,0,N,0.0,0.0,0.0,,,,,,,,35.96502,-86.79453,True,Crashes_2010_2019_MPO
101752270,2017-09-06,2017,,94.0,,,0,0,N,0.0,0.0,0.0,,,,,,,,35.98763,-86.80016,True,Crashes_2010_2019_MPO
100699348,2014-12-01,2014,,94.0,,,0,0,N,0.0,0.0,0.0,,,,,,,,35.96737,-86.8152,True,Crashes_2010_2019_MPO
102178820,2018-10-15,2018,,94.0,,,0,0,N,0.0,0.0,0.0,,,,,,,,35.95385,-86.72137,False,Crashes_2010_2019_MPO
101046156,2015-12-09,2015,,19.0,,,0,0,N,0.0,0.0,0.0,,,,,,,,36.05489,-86.73506,False,Crashes_2010_2019_MPO
101424514,2016-10-27,2016,,19.0,,,0,0,N,0.0,0.0,0.0,,,,,,,,36.03988,-86.74161,False,Crashes_2010_2019_MPO
101759422,2017-09-13,2017,,94.0,,,0,0,N,0.0,0.0,0.0,,,,,,,,35.95212,-86.81784,False,Crashes_2010_2019_MPO
102323634,2019-03-07,2019,,94.0,,,0,0,N,0.0,0.0,0.0,,,,,,,,35.95365,-86.71909,False,Crashes_2010_2019_MPO
100981931,2015-10-19,2015,,94.0,,,0,0,Y,0.0,0.0,1.0,,,,,,,,35.97334,-86.83305,True,Crashes_2010_2019_MPO
101946333,2018-03-16,2018,,94.0,,,0,0,N,0.0,0.0,0.0,,,,,,,,35.93374,-86.81767,False,Crashes_2010_2019_MPO
102277479,2019-01-15,2019,,94.0,,,0,0,N,0.0,0.0,0.0,,,,,,,,35.93219,-86.79405,False,Crashes_2010_2019_MPO
102148030,2018-09-17,2018,,19.0,,,0,0,N,0.0,0.0,0.0,,,,,,,,36.0397,-86.78123,False,Crashes_2010_2019_MPO
101591386,2017-03-23,2017,,94.0,,,0,0,N,0.0,0.0,0.0,,,,,,,,35.93313,-86.862,False,Crashes_2010_2019_MPO
102471110,2019-08-07,2019,,94.0,,,0,0,N,0.0,0.0,0.0,,,,,,,,35.93556,-86.82359,False,Crashes_2010_2019_MPO
100312302,2013-04-05,2013,,94.0,,,0,0,Y,0.0,0.0,1.0,,,,,,,,35.96722,-86.81353,True,Crashes_2010_2019_MPO
100374880,2013-09-03,2013,,94.0,,,0,0,N,0.0,0.0,0.0,,,,,,,,35.93054,-86.86393,False,Crashes_2010_2019_MPO
102359525,2019-04-12,2019,,94.0,,,0,0,N,0.0,0.0,0.0,,,,,,,,35.93541,-86.82372,False,Crashes_2010_2019_MPO
101838564,2017-11-25,2017,,19.0,,,0,0,N,0.0,0.0,0.0,,,,,,,,36.04302,-86.69065,False,Crashes_2010_2019_MPO
101158713,2016-04-06,2016,,94.0,,,0,0,N,0.0,0.0,0.0,,,,,,,,35.95515,-86.82527,False,Crashes_2010_2019_MPO
100707772,2014-12-16,2014,,19.0,,,0,0,N,0.0,0.0,0.0,,,,,,,,36.0453,-86.71433,False,Crashes_2010_2019_MPO
102431661,2019-06-28,2019,,94.0,,,0,0,N,0.0,0.0,0.0,,,,,,,,35.96518,-86.80029,True,Crashes_2010_2019_MPO
100337385,2013-06-03,2013,,94.0,,,0,0,N,0.0,0.0,0.0,,,,,,,,35.93219,-86.79404,False,Crashes_2010_2019_MPO
101332306,2016-08-19,2016,,19.0,,,0,0,N,0.0,0.0,0.0,,,,,,,,36.04059,-86.77107,False,Crashes_2010_2019_MPO
100248924,2012-11-05,2012,,94.0,,,0,0,N,0.0,0.0,0.0,,,,,,,,35.98598,-86.73512,True,Crashes_2010_2019_MPO
102249575,2018-12-17,2018,,94.0,,,0,0,N,0.0,0.0,0.0,,,,,,,,35.93306,-86.81184,False,Crashes_2010_2019_MPO
101798000,2017-10-20,2017,,94.0,,,0,0,N,0.0,0.0,0.0,,,,,,,,35.92609,-86.87139,False,Crashes_2010_2019_MPO
100823403,2015-04-24,2015,,19.0,,,0,0,N,0.0,0.0,0.0,,,,,,,,36.04078,-86.77982,False,Crashes_2010_2019_MPO
101637887,2017-05-03,2017,,94.0,,,0,0,N,0.0,0.0,0.0,,,,,,,,35.94281,-86.8098,False,Crashes_2010_2019_MPO
100380499,2013-09-18,2013,,94.0,,,0,0,N,0.0,0.0,0.0,,,,,,,,35.95177,-86.8189,False,Crashes_2010_2019_MPO
100283139,2013-01-23,2013,,94.0,,,0,0,N,0.0,0.0,0.0,,,,,,,,36.01655,-86.78625,True,Crashes_2010_2019_MPO
100617729,2014-09-11,2014,,94.0,,,0,0,N,0.0,0.0,0.0,,,,,,,,35.98466,-86.72558,True,Crashes_2010_2019_MPO
101363297,2016-09-17,2016,,19.0,,,0,0,N,0.0,0.0,0.0,,,,,,,,36.04146,-86.78247,False,Crashes_2010_2019_MPO
101933659,2018-03-04,2018,,19.0,,,0,0,N,0.0,0.0,0.0,,,,,,,,36.02049,-86.67713,False,Crashes_2010_2019_MPO
102513585,2019-09-19,2019,,94.0,,,0,0,N,0.0,0.0,0.0,,,,,,,,36.02502,-86.78573,True,Crashes_2010_2019_MPO
102222511,2018-11-24,2018,,19.0,,,0,0,N,0.0,0.0,0.0,,,,,,,,36.05285,-86.68704,False,Crashes_2010_2019_MPO
100709666,2014-12-19,2014,,94.0,,,0,0,N,0.0,0.0,0.0,,,,,,,,35.96719,-86.80724,True,Crashes_2010_2019_MPO
102396231,2019-05-22,2019,,19.0,,,0,0,N,0.0,0.0,0.0,,,,,,,,36.04816,-86.86584,False,Crashes_2010_2019_MPO
101185486,2016-05-01,2016,,94.0,,,0,0,N,0.0,0.0,0.0,,,,,,,,35.92254,-86.87194,False,Crashes_2010_2019_MPO
100397307,2013-10-28,2013,,94.0,,,0,0,N,0.0,0.0,0.0,,,,,,,,35.94476,-86.82852,False,Crashes_2010_2019_MPO
101688453,2017-06-30,2017,,94.0,,,0,0,N,0.0,0.0,0.0,,,,,,,,35.95383,-86.80405,False,Crashes_2010_2019_MPO
101673473,2017-06-14,2017,,19.0,,,0,0,N,0.0,0.0,0.0,,,,,,,,36.0488,-86.71367,False,Crashes_2010_2019_MPO
102075961,2018-07-15,2018,,19.0,,,0,0,N,0.0,0.0,0.0,,,,,,,,36.04905,-86.73563,False,Crashes_2010_2019_MPO
100940572,2015-08-27,2015,,94.0,,,0,0,N,0.0,0.0,0.0,,,,,,,,36.01287,-86.82507,True,Crashes_2010_2019_MPO
100853106,2015-05-30,2015,,94.0,,,0,0,N,0.0,0.0,0.0,,,,,,,,36.03107,-86.78489,True,Crashes_2010_2019_MPO
101644095,2017-05-14,2017,,19.0,,,0,0,N,0.0,0.0,0.0,,,,,,,,36.0374,-86.78657,False,Crashes_2010_2019_MPO
100378966,2013-09-13,2013,,94.0,,,0,0,N,0.0,0.0,0.0,,,,,,,,35.95793,-86.80174,False,Crashes_2010_2019_MPO
100982747,2015-10-20,2015,,94.0,,,0,0,N,0.0,0.0,0.0,,,,,,,,36.01578,-86.78603,True,Crashes_2010_2019_MPO
102070329,2018-07-10,2018,,19.0,,,0,0,N,0.0,0.0,0.0,,,,,,,,36.03947,-86.74343,False,Crashes_2010_2019_MPO
100818968,2015-04-13,2015,,19.0,,,0,0,N,0.0,0.0,0.0,,,,,,,,36.03933,-86.78357,False,Crashes_2010_2019_MPO
101152136,2016-03-27,2016,,94.0,,,0,0,N,0.0,0.0,0.0,,,,,,,,35.95618,-86.8164,False,Crashes_2010_2019_MPO
100332794,2013-05-23,2013,,94.0,,,0,0,N,0.0,0.0,0.0,,,,,,,,35.96708,-86.81356,True,Crashes_2010_2019_MPO
102010521,2018-05-10,2018,,94.0,,,0,0,N,0.0,0.0,0.0,,,,,,,,35.96372,-86.81053,False,Crashes_2010_2019_MPO
102316873,2019-02-27,2019,,94.0,,,0,0,N,0.0,0.0,0.0,,,,,,,,35.94048,-86.83306,False,Crashes_2010_2019_MPO
101421197,2016-10-19,2016,,94.0,,,0,0,N,0.0,0.0,0.0,,,,,,,,35.9283,-86.76647,False,Crashes_2010_2019_MPO
100401036,2013-10-31,2013,,94.0,,,0,0,Y,0.0,0.0,1.0,,,,,,,,35.95978,-86.80706,False,Crashes_2010_2019_MPO
102297204,2019-02-04,2019,,19.0,,,0,0,N,0.0,0.0,0.0,,,,,,,,36.04848,-86.69559,False,Crashes_2010_2019_MPO
101769313,2017-09-23,2017,,94.0,,,0,0,N,0.0,0.0,0.0,,,,,,,,36.03551,-86.78748,True,Crashes_2010_2019_MPO
100571424,2014-07-10,2014,,94.0,,,0,0,N,0.0,0.0,0.0,,,,,,,,35.98153,-86.76138,True,Crashes_2010_2019_MPO
102175773,2018-10-12,2018,,94.0,,,0,0,N,0.0,0.0,0.0,,,,,,,,35.92408,-86.83221,False,Crashes_2010_2019_MPO
101494076,2017-01-02,2017,,19.0,,,0,0,N,0.0,0.0,0.0,,,,,,,,36.0124,-86.68858,False,Crashes_2010_2019_MPO
100182106,2012-05-18,2012,,94.0,,,0,0,N,0.0,0.0,0.0,,,,,,,,35.9661,-86.80743,True,Crashes_2010_2019_MPO
102112957,2018-08-17,2018,,94.0,,,0,0,N,0.0,0.0,0.0,,,,,,,,35.97371,-86.83272,True,Crashes_2010_2019_MPO
102484792,2019-08-21,2019,,94.0,,,0,0,N,0.0,0.0,0.0,,,,,,,,35.97281,-86.77526,True,Crashes_2010_2019_MPO
101928469,2018-02-22,2018,,94.0,,,0,0,N,0.0,0.0,0.0,,,,,,,,35.94715,-86.80843,False,Crashes_2010_2019_MPO
102374197,2019-04-26,2019,,94.0,,,0,0,N,0.0,0.0,0.0,,,,,,,,35.97299,-86.80363,True,Crashes_2010_2019_MPO
101033482,2015-11-20,2015,,94.0,,,0,0,N,0.0,0.0,0.0,,,,,,,,36.0347,-86.8732,False,Crashes_2010_2019_MPO
102247539,2018-12-15,2018,,94.0,,,0,0,N,0.0,0.0,0.0,,,,,,,,35.92598,-86.86728,False,Crashes_2010_2019_MPO
101356862,2016-09-08,2016,,19.0,,,0,0,Y,0.0,0.0,1.0,,,,,,,,36.04543,-86.70361,False,Crashes_2010_2019_MPO
102337673,2019-03-22,2019,,94.0,,,0,0,N,0.0,0.0,0.0,,,,,,,,35.97731,-86.80375,True,Crashes_2010_2019_MPO
102005116,2018-05-09,2018,,94.0,,,0,0,N,0.0,0.0,0.0,,,,,,,,35.99734,-86.79486,True,Crashes_2010_2019_MPO
102396690,2019-05-22,2019,,19.0,,,0,0,N,0.0,0.0,0.0,,,,,,,,36.03286,-86.77189,False,Crashes_2010_2019_MPO
100246187,2012-11-01,2012,,94.0,,,0,0,N,0.0,0.0,0.0,,,,,,,,36.03066,-86.78358,True,Crashes_2010_2019_MPO
101717406,2017-08-01,2017,,94.0,,,0,0,N,0.0,0.0,0.0,,,,,,,,35.97691,-86.77673,True,Crashes_2010_2019_MPO
101766614,2017-09-18,2017,,19.0,,,0,0,N,0.0,0.0,0.0,,,,,,,,36.03047,-86.74398,False,Crashes_2010_2019_MPO
100707127,2014-12-12,2014,,94.0,,,0,0,N,0.0,0.0,0.0,,,,,,,,35.95242,-86.82,False,Crashes_2010_2019_MPO
101196398,2016-05-17,2016,,19.0,,,0,0,N,0.0,0.0,0.0,,,,,,,,36.04472,-86.70176,False,Crashes_2010_2019_MPO
102598521,2019-12-15,2019,,94.0,,,0,0,N,0.0,0.0,0.0,,,,,,,,35.95546,-86.79824,False,Crashes_2010_2019_MPO
101318705,2016-08-02,2016,,94.0,,,0,0,N,0.0,0.0,0.0,,,,,,,,35.95536,-86.82688,False,Crashes_2010_2019_MPO
101605262,2017-04-05,2017,,94.0,,,0,1,N,0.0,1.0,0.0,,,,,,,,35.95681,-86.80308,False,Crashes_2010_2019_MPO
102538256,2019-10-14,2019,,94.0,,,0,0,N,0.0,0.0,0.0,,,,,,,,35.94798,-86.81906,False,Crashes_2010_2019_MPO
100439163,2014-02-04,2014,,94.0,,,0,0,N,0.0,0.0,0.0,,,,,,,,35.94797,-86.86248,False,Crashes_2010_2019_MPO
102079399,2018-07-19,2018,,94.0,,,0,0,N,0.0,0.0,0.0,,,,,,,,35.94134,-86.83998,False,Crashes_2010_2019_MPO
102090626,2018-07-27,2018,,94.0,,,0,0,N,0.0,0.0,0.0,,,,,,,,35.94782,-86.81888,False,Crashes_2010_2019_MPO
101754048,2017-09-06,2017,,94.0,,,0,0,N,0.0,0.0,0.0,,,,,,,,35.96706,-86.81284,True,Crashes_2010_2019_MPO
102082731,2018-07-21,2018,,94.0,,,0,0,N,0.0,0.0,0.0,,,,,,,,35.97716,-86.67813,False,Crashes_2010_2019_MPO
100178573,2012-05-08,2012,,94.0,,,0,0,N,0.0,0.0,0.0,,,,,,,,35.97132,-86.70364,True,Crashes_2010_2019_MPO
100918724,2015-08-06,2015,,94.0,,,0,0,N,0.0,0.0,0.0,,,,,,,,36.03467,-86.79157,True,Crashes_2010_2019_MPO
102052195,2018-06-23,2018,,94.0,,,0,0,N,0.0,0.0,0.0,,,,,,,,35.956,-86.81499,False,Crashes_2010_2019_MPO
100353635,2013-07-12,2013,,94.0,,,0,0,N,0.0,0.0,0.0,,,,,,,,35.97164,-86.81117,True,Crashes_2010_2019_MPO
101757792,2017-09-11,2017,,94.0,,,0,0,N,0.0,0.0,0.0,,,,,,,,35.94662,-86.85133,False,Crashes_2010_2019_MPO
100565490,2014-06-25,2014,,94.0,,,0,1,N,0.0,1.0,0.0,,,,,,,,35.92941,-86.85424,False,Crashes_2010_2019_MPO
101878980,2018-01-05,2018,,19.0,,,0,0,N,0.0,0.0,0.0,,,,,,,,36.0409,-86.77938,False,Crashes_2010_2019_MPO
100350202,2013-07-04,2013,,94.0,,,0,0,N,0.0,0.0,0.0,,,,,,,,35.94594,-86.82399,False,Crashes_2010_2019_MPO
102284160,2019-01-22,2019,,94.0,,,0,0,N,0.0,0.0,0.0,,,,,,,,35.97032,-86.8064,True,Crashes_2010_2019_MPO
101127737,2016-03-03,2016,,94.0,,,0,0,N,0.0,0.0,0.0,,,,,,,,35.96312,-86.82485,False,Crashes_2010_2019_MPO
102570680,2019-11-17,2019,,19.0,,,0,0,N,0.0,0.0,0.0,,,,,,,,36.00453,-86.69927,False,Crashes_2010_2019_MPO
102372166,2019-04-25,2019,,94.0,,,0,0,N,0.0,0.0,0.0,,,,,,,,36.02184,-86.80508,True,Crashes_2010_2019_MPO
100266342,2012-12-14,2012,,94.0,,,0,0,N,0.0,0.0,0.0,,,,,,,,35.99133,-86.79914,True,Crashes_2010_2019_MPO
101011375,2015-11-17,2015,,94.0,,,0,0,N,0.0,0.0,0.0,,,,,,,,35.97318,-86.83238,True,Crashes_2010_2019_MPO
102518104,2019-09-23,2019,,94.0,,,0,0,N,0.0,0.0,0.0,,,,,,,,35.94804,-86.86368,False,Crashes_2010_2019_MPO
100694191,2014-11-21,2014,,94.0,,,0,0,N,0.0,0.0,0.0,,,,,,,,36.02963,-86.86375,False,Crashes_2010_2019_MPO
100380837,2013-09-19,2013,,94.0,,,0,0,N,0.0,0.0,0.0,,,,,,,,35.94948,-86.81932,False,Crashes_2010_2019_MPO
102422358,2019-06-14,2019,,94.0,,,0,0,N,0.0,0.0,0.0,,,,,,,,35.9652,-86.80023,True,Crashes_2010_2019_MPO
102504581,2019-09-06,2019,,94.0,,,0,0,N,0.0,0.0,0.0,,,,,,,,35.95932,-86.8187,True,Crashes_2010_2019_MPO
100598162,2014-08-19,2014,,94.0,,,0,0,N,0.0,0.0,0.0,,,,,,,,35.93486,-86.82916,False,Crashes_2010_2019_MPO
101387133,2016-09-22,2016,,94.0,,,0,0,N,0.0,0.0,0.0,,,,,,,,35.94999,-86.76016,True,Crashes_2010_2019_MPO
100774136,2015-03-18,2015,,94.0,,,0,0,N,0.0,0.0,0.0,,,,,,,,35.95218,-86.81829,False,Crashes_2010_2019_MPO
102023325,2018-05-26,2018,,94.0,,,0,0,N,0.0,0.0,0.0,,,,,,,,35.96578,-86.81145,False,Crashes_2010_2019_MPO
102087673,2018-07-24,2018,,94.0,,,0,0,N,0.0,0.0,0.0,,,,,,,,35.9512,-86.8184,False,Crashes_2010_2019_MPO
101867597,2017-12-23,2017,,94.0,,,0,0,N,0.0,0.0,0.0,,,,,,,,35.93363,-86.71758,False,Crashes_2010_2019_MPO
101406139,2016-10-17,2016,,94.0,,,0,0,N,0.0,0.0,0.0,,,,,,,,35.93557,-86.82364,False,Crashes_2010_2019_MPO
100570288,2014-07-03,2014,,94.0,,,0,1,N,0.0,1.0,0.0,,,,,,,,35.94677,-86.85185,False,Crashes_2010_2019_MPO
101124623,2016-02-29,2016,,94.0,,,0,0,N,0.0,0.0,0.0,,,,,,,,35.97541,-86.67825,False,Crashes_2010_2019_MPO
101007446,2015-11-11,2015,,94.0,,,0,0,N,0.0,0.0,0.0,,,,,,,,35.94041,-86.8199,False,Crashes_2010_2019_MPO
101635419,2017-05-05,2017,,94.0,,,0,0,N,0.0,0.0,0.0,,,,,,,,36.01516,-86.8147,True,Crashes_2010_2019_MPO
102310817,2019-02-20,2019,,94.0,,,0,0,N,0.0,0.0,0.0,,,,,,,,36.01286,-86.80081,True,Crashes_2010_2019_MPO
102491020,2019-08-28,2019,,94.0,,,0,0,N,0.0,0.0,0.0,,,,,,,,36.0154,-86.73873,False,Crashes_2010_2019_MPO
101094539,2016-01-27,2016,,19.0,,,0,0,N,0.0,0.0,0.0,,,,,,,,36.03761,-86.78512,False,Crashes_2010_2019_MPO
102397628,2019-05-23,2019,,94.0,,,0,0,N,0.0,0.0,0.0,,,,,,,,35.9651,-86.8163,True,Crashes_2010_2019_MPO
102479476,2019-08-16,2019,,94.0,,,0,0,N,0.0,0.0,0.0,,,,,,,,35.96491,-86.79335,True,Crashes_2010_2019_MPO
101002611,2015-11-03,2015,,94.0,,,0,0,N,0.0,0.0,0.0,,,,,,,,35.96204,-86.82594,True,Crashes_2010_2019_MPO
102499306,2019-09-04,2019,,19.0,,,0,0,N,0.0,0.0,0.0,,,,,,,,36.04818,-86.68654,False,Crashes_2010_2019_MPO
102524637,2019-09-28,2019,,94.0,,,0,0,N,0.0,0.0,0.0,,,,,,,,35.92317,-86.87945,False,Crashes_2010_2019_MPO
102350758,2019-04-05,2019,,94.0,,,0,0,N,0.0,0.0,0.0,,,,,,,,36.0332,-86.7834,True,Crashes_2010_2019_MPO
101463139,2016-11-29,2016,,94.0,,,0,0,N,0.0,0.0,0.0,,,,,,,,36.03368,-86.79534,True,Crashes_2010_2019_MPO
102328145,2019-03-12,2019,,94.0,,,0,0,N,0.0,0.0,0.0,,,,,,,,35.99781,-86.79886,True,Crashes_2010_2019_MPO
100358579,2013-07-25,2013,,94.0,,,0,0,N,0.0,0.0,0.0,,,,,,,,36.00166,-86.80793,True,Crashes_2010_2019_MPO
102272845,2019-01-10,2019,,19.0,,,0,0,N,0.0,0.0,0.0,,,,,,,,36.00342,-86.69305,False,Crashes_2010_2019_MPO
100949522,2015-09-12,2015,,94.0,,,0,0,N,0.0,0.0,0.0,,,,,,,,35.96185,-86.76131,True,Crashes_2010_2019_MPO
101186040,2016-05-02,2016,,94.0,,,0,0,N,0.0,0.0,0.0,,,,,,,,35.94689,-86.85242,False,Crashes_2010_2019_MPO
101129310,2016-03-07,2016,,94.0,,,0,0,N,0.0,0.0,0.0,,,,,,,,35.93374,-86.81767,False,Crashes_2010_2019_MPO
101356429,2016-09-08,2016,,19.0,,,0,0,N,0.0,0.0,0.0,,,,,,,,36.04001,-86.74347,False,Crashes_2010_2019_MPO
101693902,2017-07-05,2017,,94.0,,,0,0,N,0.0,0.0,0.0,,,,,,,,35.94967,-86.8194,False,Crashes_2010_2019_MPO
102447634,2019-07-14,2019,,94.0,,,0,0,N,0.0,0.0,0.0,,,,,,,,35.93215,-86.79441,False,Crashes_2010_2019_MPO
101587411,2017-03-19,2017,,19.0,,,0,0,N,0.0,0.0,0.0,,,,,,,,36.04189,-86.72653,False,Crashes_2010_2019_MPO
102087675,2018-07-24,2018,,94.0,,,0,0,N,0.0,0.0,0.0,,,,,,,,35.95793,-86.80256,False,Crashes_2010_2019_MPO
101317911,2016-08-01,2016,,19.0,,,0,0,N,0.0,0.0,0.0,,,,,,,,36.05275,-86.68627,False,Crashes_2010_2019_MPO
102212380,2018-11-15,2018,,19.0,,,0,0,N,0.0,0.0,0.0,,,,,,,,36.03991,-86.74205,False,Crashes_2010_2019_MPO
100340247,2013-06-10,2013,,94.0,,,0,0,Y,0.0,0.0,1.0,,,,,,,,35.99022,-86.74677,True,Crashes_2010_2019_MPO
101640965,2017-05-08,2017,,94.0,,,0,0,N,0.0,0.0,0.0,,,,,,,,35.9602,-86.81364,False,Crashes_2010_2019_MPO
100979310,2015-10-15,2015,,94.0,,,0,0,N,0.0,0.0,0.0,,,,,,,,35.96199,-86.81523,False,Crashes_2010_2019_MPO
102298031,2019-02-05,2019,,19.0,,,0,0,N,0.0,0.0,0.0,,,,,,,,36.0436,-86.71306,False,Crashes_2010_2019_MPO
101713134,2017-07-27,2017,,19.0,,,0,0,N,0.0,0.0,0.0,,,,,,,,36.03901,-86.78381,False,Crashes_2010_2019_MPO
101648220,2017-05-18,2017,,19.0,,,0,0,N,0.0,0.0,0.0,,,,,,,,36.03674,-86.81485,True,Crashes_2010_2019_MPO
102426910,2019-06-23,2019,,94.0,,,0,0,N,0.0,0.0,0.0,,,,,,,,36.03138,-86.78981,True,Crashes_2010_2019_MPO
101002147,2015-11-03,2015,,19.0,,,0,0,N,0.0,0.0,0.0,,,,,,,,36.03101,-86.75002,False,Crashes_2010_2019_MPO
102530289,2019-10-05,2019,,94.0,,,0,0,N,0.0,0.0,0.0,,,,,,,,35.99104,-86.75177,True,Crashes_2010_2019_MPO
101064208,2015-12-21,2015,,94.0,,,0,0,N,0.0,0.0,0.0,,,,,,,,35.96174,-86.80177,True,Crashes_2010_2019_MPO
100342802,2013-06-16,2013,,94.0,,,0,0,N,0.0,0.0,0.0,,,,,,,,35.96268,-86.80881,False,Crashes_2010_2019_MPO
102172633,2018-10-10,2018,,19.0,,,0,0,N,0.0,0.0,0.0,,,,,,,,36.04929,-86.71377,False,Crashes_2010_2019_MPO
100724562,2015-01-19,2015,,94.0,,,0,0,N,0.0,0.0,0.0,,,,,,,,35.92547,-86.87275,False,Crashes_2010_2019_MPO
101422812,2016-10-25,2016,,19.0,,,0,0,N,0.0,0.0,0.0,,,,,,,,36.0409,-86.77938,False,Crashes_2010_2019_MPO
101386710,2016-09-17,2016,,19.0,,,0,0,N,0.0,0.0,0.0,,,,,,,,36.04139,-86.67769,False,Crashes_2010_2019_MPO
100964450,2015-09-21,2015,,94.0,,,0,0,N,0.0,0.0,0.0,,,,,,,,35.96107,-86.80963,False,Crashes_2010_2019_MPO
101809991,2017-10-31,2017,,19.0,,,0,0,N,0.0,0.0,0.0,,,,,,,,36.03935,-86.78199,False,Crashes_2010_2019_MPO
100823027,2015-04-23,2015,,94.0,,,0,0,N,0.0,0.0,0.0,,,,,,,,35.99733,-86.79474,True,Crashes_2010_2019_MPO
101467048,2016-12-04,2016,,19.0,,,0,0,N,0.0,0.0,0.0,,,,,,,,36.04116,-86.78253,False,Crashes_2010_2019_MPO
101961140,2018-03-30,2018,,94.0,,,0,0,N,0.0,0.0,0.0,,,,,,,,35.96247,-86.81508,False,Crashes_2010_2019_MPO
101921815,2018-02-20,2018,,94.0,,,0,0,N,0.0,0.0,0.0,,,,,,,,35.94048,-86.81061,False,Crashes_2010_2019_MPO
100660356,2014-10-27,2014,,94.0,,,0,0,N,0.0,0.0,0.0,,,,,,,,35.97044,-86.7738,True,Crashes_2010_2019_MPO
101967447,2018-04-02,2018,,19.0,,,0,0,N,0.0,0.0,0.0,,,,,,,,36.04612,-86.77754,False,Crashes_2010_2019_MPO
100312005,2013-04-04,2013,,94.0,,,0,0,N,0.0,0.0,0.0,,,,,,,,35.93414,-86.86125,False,Crashes_2010_2019_MPO
100918263,2015-08-06,2015,,19.0,,,0,0,N,0.0,0.0,0.0,,,,,,,,36.04337,-86.84384,False,Crashes_2010_2019_MPO
100521696,2014-05-21,2014,,94.0,,,0,0,N,0.0,0.0,0.0,,,,,,,,36.03351,-86.78322,True,Crashes_2010_2019_MPO
101301175,2016-07-22,2016,,94.0,,,0,0,N,0.0,0.0,0.0,,,,,,,,35.93303,-86.72863,False,Crashes_2010_2019_MPO
102539082,2019-10-04,2019,,19.0,,,0,0,N,0.0,0.0,0.0,,,,,,,,36.03987,-86.78139,False,Crashes_2010_2019_MPO
102448139,2019-07-15,2019,,94.0,,,0,0,N,0.0,0.0,0.0,,,,,,,,35.95584,-86.83124,False,Crashes_2010_2019_MPO
101664746,2017-06-02,2017,,94.0,,,0,0,N,0.0,0.0,0.0,,,,,,,,35.99745,-86.79522,True,Crashes_2010_2019_MPO
101098799,2016-01-29,2016,,94.0,,,0,0,N,0.0,0.0,0.0,,,,,,,,36.02297,-86.7869,True,Crashes_2010_2019_MPO
102264437,2019-01-02,2019,,19.0,,,0,0,N,0.0,0.0,0.0,,,,,,,,36.04149,-86.71098,False,Crashes_2010_2019_MPO
100716426,2015-01-02,2015,,94.0,,,0,0,N,0.0,0.0,0.0,,,,,,,,36.03231,-86.78197,True,Crashes_2010_2019_MPO
101863933,2017-12-19,2017,,94.0,,,0,0,N,0.0,0.0,0.0,,,,,,,,35.92546,-86.87275,False,Crashes_2010_2019_MPO
101272828,2016-06-24,2016,,94.0,,,0,0,N,0.0,0.0,0.0,,,,,,,,35.95212,-86.81784,False,Crashes_2010_2019_MPO
102212093,2018-11-15,2018,,19.0,,,0,0,N,0.0,0.0,0.0,,,,,,,,36.04546,-86.68534,False,Crashes_2010_2019_MPO
102089006,2018-07-27,2018,,94.0,,,0,0,N,0.0,0.0,0.0,,,,,,,,36.03631,-86.79085,True,Crashes_2010_2019_MPO
100962384,2015-09-17,2015,,19.0,,,0,0,N,0.0,0.0,0.0,,,,,,,,36.02966,-86.70371,False,Crashes_2010_2019_MPO
101032861,2015-11-19,2015,,19.0,,,0,0,N,0.0,0.0,0.0,,,,,,,,36.03985,-86.81642,False,Crashes_2010_2019_MPO
101178796,2016-04-21,2016,,19.0,,,0,0,N,0.0,0.0,0.0,,,,,,,,36.0406,-86.77993,False,Crashes_2010_2019_MPO
101048890,2015-12-11,2015,,94.0,,,0,0,N,0.0,0.0,0.0,,,,,,,,35.95724,-86.81662,False,Crashes_2010_2019_MPO