mstrrecnbr,collision_ts,year,county,countystat,crash,crash_type,fatalities,non_motorists,commercial,fatal_c,nonmotor_c,truck_c,fatalc,serious_injuries,ped,bike,lighting,weather,first_harmful_event,latitude,longitude,in_city,src_layer
101968140,2018-04-04,2018,,94.0,,,0,0,N,0.0,0.0,0.0,,,,,,,,35.96312,-86.81897,True,Crashes_2010_2019_MPO
102430078,2019-06-26,2019,,94.0,,,0,0,N,0.0,0.0,0.0,,,,,,,,35.94617,-86.80864,False,Crashes_2010_2019_MPO
102608542,2019-12-27,2019,,94.0,,,0,0,N,0.0,0.0,0.0,,,,,,,,35.94173,-86.82095,False,Crashes_2010_2019_MPO
100916641,2015-07-31,2015,,94.0,,,0,0,N,0.0,0.0,0.0,,,,,,,,35.96649,-86.80998,True,Crashes_2010_2019_MPO
101182383,2016-04-27,2016,,94.0,,,0,0,N,0.0,0.0,0.0,,,,,,,,35.94143,-86.83761,False,Crashes_2010_2019_MPO
102115874,2018-08-20,2018,,19.0,,,0,0,N,0.0,0.0,0.0,,,,,,,,35.9912,-86.68349,False,Crashes_2010_2019_MPO
102134883,2018-09-05,2018,,94.0,,,0,0,N,0.0,0.0,0.0,,,,,,,,35.92957,-86.84238,False,Crashes_2010_2019_MPO
102425903,2019-06-22,2019,,94.0,,,0,0,N,0.0,0.0,0.0,,,,,,,,35.93579,-86.79563,False,Crashes_2010_2019_MPO
101534147,2017-01-25,2017,,94.0,,,0,0,N,0.0,0.0,0.0,,,,,,,,35.96716,-86.81351,True,Crashes_2010_2019_MPO
101484395,2016-12-22,2016,,19.0,,,0,0,N,0.0,0.0,0.0,,,,,,,,36.03325,-86.71293,False,Crashes_2010_2019_MPO
100720294,2015-01-10,2015,,94.0,,,0,0,N,0.0,0.0,0.0,,,,,,,,35.95065,-86.84865,False,Crashes_2010_2019_MPO
101950624,2018-03-20,2018,,94.0,,,0,0,N,0.0,0.0,0.0,,,,,,,,35.9467,-86.82211,False,Crashes_2010_2019_MPO
100754045,2015-02-27,2015,,19.0,,,0,0,N,0.0,0.0,0.0,,,,,,,,36.04061,-86.77978,False,Crashes_2010_2019_MPO
101901176,2018-01-30,2018,,19.0,,,0,0,N,0.0,0.0,0.0,,,,,,,,36.04521,-86.77964,False,Crashes_2010_2019_MPO
101318566,2016-08-02,2016,,94.0,,,0,0,N,0.0,0.0,0.0,,,,,,,,35.94578,-86.82323,False,Crashes_2010_2019_MPO
100858365,2015-06-10,2015,,19.0,,,0,0,N,0.0,0.0,0.0,,,,,,,,36.05073,-86.87659,False,Crashes_2010_2019_MPO
102239794,2018-12-08,2018,,94.0,,,0,0,N,0.0,0.0,0.0,,,,,,,,35.93479,-86.77732,False,Crashes_2010_2019_MPO
101877660,2018-01-04,2018,,19.0,,,0,0,N,0.0,0.0,0.0,,,,,,,,36.03995,-86.78132,False,Crashes_2010_2019_MPO
100662196,2014-10-13,2014,,19.0,,,0,0,N,0.0,0.0,0.0,,,,,,,,36.04195,-86.77968,False,Crashes_2010_2019_MPO
102461723,2019-07-29,2019,,94.0,,,0,0,N,0.0,0.0,0.0,,,,,,,,35.93374,-86.81767,False,Crashes_2010_2019_MPO
101602137,2017-04-03,2017,,19.0,,,0,0,N,0.0,0.0,0.0,,,,,,,,36.01592,-86.71521,False,Crashes_2010_2019_MPO
100643840,2014-10-15,2014,,94.0,,,0,0,N,0.0,0.0,0.0,,,,,,,,35.92618,-86.86964,False,Crashes_2010_2019_MPO
100656471,2014-10-20,2014,,94.0,,,0,0,N,0.0,0.0,0.0,,,,,,,,35.92823,-86.76738,False,Crashes_2010_2019_MPO
102299554,2019-02-07,2019,,94.0,,,0,0,N,0.0,0.0,0.0,,,,,,,,35.96311,-86.801,True,Crashes_2010_2019_MPO
102213493,2018-11-16,2018,,94.0,,,0,0,N,0.0,0.0,0.0,,,,,,,,35.9476,-86.81482,False,Crashes_2010_2019_MPO
101454114,2016-11-18,2016,,19.0,,,0,0,N,0.0,0.0,0.0,,,,,,,,36.04537,-86.71326,False,Crashes_2010_2019_MPO
101284085,2016-07-12,2016,,94.0,,,0,0,N,0.0,0.0,0.0,,,,,,,,35.93446,-86.81991,False,Crashes_2010_2019_MPO
101812770,2017-11-02,2017,,19.0,,,0,0,N,0.0,0.0,0.0,,,,,,,,36.0374,-86.78657,False,Crashes_2010_2019_MPO
102313761,2019-02-22,2019,,94.0,,,0,0,N,0.0,0.0,0.0,,,,,,,,35.96031,-86.8112,False,Crashes_2010_2019_MPO
100925113,2015-08-18,2015,,94.0,,,0,0,N,0.0,0.0,0.0,,,,,,,,36.00239,-86.83662,False,Crashes_2010_2019_MPO
100724778,2015-01-20,2015,,19.0,,,0,0,N,0.0,0.0,0.0,,,,,,,,36.0403,-86.74507,False,Crashes_2010_2019_MPO
100163005,2012-03-28,2012,,94.0,,,0,0,N,0.0,0.0,0.0,,,,,,,,36.03165,-86.87539,False,Crashes_2010_2019_MPO
100458355,2014-02-28,2014,,94.0,,,0,0,N,0.0,0.0,0.0,,,,,,,,35.95265,-86.81229,False,Crashes_2010_2019_MPO
101423557,2016-10-26,2016,,19.0,,,0,0,N,0.0,0.0,0.0,,,,,,,,36.03517,-86.76871,False,Crashes_2010_2019_MPO
102442090,2019-07-08,2019,,94.0,,,0,0,N,0.0,0.0,0.0,,,,,,,,36.0343,-86.79174,True,Crashes_2010_2019_MPO
100682714,2014-11-18,2014,,94.0,,,0,0,N,0.0,0.0,0.0,,,,,,,,35.95777,-86.80258,False,Crashes_2010_2019_MPO
102457270,2019-07-24,2019,,94.0,,,0,0,N,0.0,0.0,0.0,,,,,,,,36.03739,-86.79781,True,Crashes_2010_2019_MPO
101887343,2018-01-15,2018,,94.0,,,0,0,N,0.0,0.0,0.0,,,,,,,,35.94675,-86.85178,False,Crashes_2010_2019_MPO
102477271,2019-08-13,2019,,94.0,,,0,0,N,0.0,0.0,0.0,,,,,,,,35.94055,-86.83919,False,Crashes_2010_2019_MPO
102309375,2019-02-18,2019,,94.0,,,0,0,N,0.0,0.0,0.0,,,,,,,,35.96518,-86.80029,True,Crashes_2010_2019_MPO
102288404,2019-01-26,2019,,19.0,,,0,0,N,0.0,0.0,0.0,,,,,,,,36.03352,-86.71298,False,Crashes_2010_2019_MPO
101004196,2015-11-06,2015,,94.0,,,0,0,N,0.0,0.0,0.0,,,,,,,,35.94683,-86.85172,False,Crashes_2010_2019_MPO
101917618,2018-02-16,2018,,19.0,,,0,0,N,0.0,0.0,0.0,,,,,,,,36.0387,-86.7831,False,Crashes_2010_2019_MPO
100511664,2014-05-21,2014,,94.0,,,0,0,N,0.0,0.0,0.0,,,,,,,,35.97607,-86.8292,True,Crashes_2010_2019_MPO
102471352,2019-08-08,2019,,19.0,,,0,0,N,0.0,0.0,0.0,,,,,,,,36.03461,-86.74355,False,Crashes_2010_2019_MPO
101974755,2018-04-12,2018,,19.0,,,0,0,N,0.0,0.0,0.0,,,,,,,,36.04088,-86.74369,False,Crashes_2010_2019_MPO
101355889,2016-09-07,2016,,19.0,,,0,0,N,0.0,0.0,0.0,,,,,,,,36.0335,-86.71282,False,Crashes_2010_2019_MPO
101946362,2018-03-16,2018,,19.0,,,0,0,N,0.0,0.0,0.0,,,,,,,,36.00346,-86.6979,False,Crashes_2010_2019_MPO
100853024,2015-05-31,2015,,94.0,,,0,0,N,0.0,0.0,0.0,,,,,,,,35.99293,-86.69311,True,Crashes_2010_2019_MPO
101736446,2017-08-20,2017,,94.0,,,0,0,N,0.0,0.0,0.0,,,,,,,,36.0115,-86.7847,True,Crashes_2010_2019_MPO
100679271,2014-11-12,2014,,94.0,,,0,0,N,0.0,0.0,0.0,,,,,,,,35.95317,-86.81788,False,Crashes_2010_2019_MPO
100724554,2015-01-19,2015,,19.0,,,0,0,N,0.0,0.0,0.0,,,,,,,,36.04272,-86.71303,False,Crashes_2010_2019_MPO
102334403,2019-03-18,2019,,94.0,,,0,0,N,0.0,0.0,0.0,,,,,,,,36.0288,-86.7841,True,Crashes_2010_2019_MPO
101952898,2018-03-22,2018,,19.0,,,0,0,N,0.0,0.0,0.0,,,,,,,,36.0237,-86.68853,False,Crashes_2010_2019_MPO
102279485,2019-01-16,2019,,94.0,,,0,0,Y,0.0,0.0,1.0,,,,,,,,35.96705,-86.81355,True,Crashes_2010_2019_MPO
101597422,2017-03-29,2017,,19.0,,,0,0,N,0.0,0.0,0.0,,,,,,,,36.04012,-86.78074,False,Crashes_2010_2019_MPO
102071260,2018-07-11,2018,,94.0,,,0,0,N,0.0,0.0,0.0,,,,,,,,35.9975,-86.79477,True,Crashes_2010_2019_MPO
102327417,2019-03-11,2019,,19.0,,,0,0,N,0.0,0.0,0.0,,,,,,,,36.04114,-86.76823,False,Crashes_2010_2019_MPO
101855940,2017-12-11,2017,,94.0,,,0,0,N,0.0,0.0,0.0,,,,,,,,35.96134,-86.81534,False,Crashes_2010_2019_MPO
102375478,2019-04-29,2019,,94.0,,,0,0,N,0.0,0.0,0.0,,,,,,,,35.94705,-86.81176,False,Crashes_2010_2019_MPO
102320449,2019-03-03,2019,,94.0,,,0,0,N,0.0,0.0,0.0,,,,,,,,35.93664,-86.76804,False,Crashes_2010_2019_MPO
101754176,2017-09-07,2017,,94.0,,,0,0,N,0.0,0.0,0.0,,,,,,,,35.96518,-86.80029,True,Crashes_2010_2019_MPO
101466709,2016-12-02,2016,,94.0,,,0,0,N,0.0,0.0,0.0,,,,,,,,35.92546,-86.87275,False,Crashes_2010_2019_MPO
101245762,2016-06-14,2016,,94.0,,,0,0,N,0.0,0.0,0.0,,,,,,,,35.966693,-86.809177,True,Crashes_2010_2019_MPO
101994518,2018-04-27,2018,,94.0,,,0,0,N,0.0,0.0,0.0,,,,,,,,36.03445,-86.8172,True,Crashes_2010_2019_MPO
101813812,2017-11-03,2017,,19.0,,,0,0,N,0.0,0.0,0.0,,,,,,,,36.04534,-86.72358,False,Crashes_2010_2019_MPO
101454117,2016-11-19,2016,,94.0,,,0,0,N,0.0,0.0,0.0,,,,,,,,35.9965,-86.78861,True,Crashes_2010_2019_MPO
102101232,2018-08-07,2018,,94.0,,,0,0,N,0.0,0.0,0.0,,,,,,,,35.95868,-86.80218,False,Crashes_2010_2019_MPO
102242386,2018-12-11,2018,,94.0,,,0,0,Y,0.0,0.0,1.0,,,,,,,,35.96608,-86.8074,True,Crashes_2010_2019_MPO
101484763,2016-12-22,2016,,19.0,,,0,0,N,0.0,0.0,0.0,,,,,,,,36.04146,-86.82299,False,Crashes_2010_2019_MPO
100336950,2013-06-02,2013,,94.0,,,0,0,N,0.0,0.0,0.0,,,,,,,,35.96986,-86.71448,True,Crashes_2010_2019_MPO
102354125,2019-04-04,2019,,94.0,,,0,0,N,0.0,0.0,0.0,,,,,,,,35.96669,-86.67671,False,Crashes_2010_2019_MPO
101940538,2018-03-11,2018,,94.0,,,0,0,N,0.0,0.0,0.0,,,,,,,,35.99331,-86.79845,True,Crashes_2010_2019_MPO
100826092,2015-04-30,2015,,19.0,,,0,0,N,0.0,0.0,0.0,,,,,,,,36.03983,-86.76419,False,Crashes_2010_2019_MPO
100272881,2012-12-29,2012,,94.0,,,0,0,N,0.0,0.0,0.0,,,,,,,,35.94746,-86.81425,False,Crashes_2010_2019_MPO
101977984,2018-04-14,2018,,94.0,,,0,0,N,0.0,0.0,0.0,,,,,,,,35.93383,-86.86148,False,Crashes_2010_2019_MPO
101048014,2015-12-11,2015,,94.0,,,0,0,N,0.0,0.0,0.0,,,,,,,,35.94946,-86.81852,False,Crashes_2010_2019_MPO
100377204,2013-09-09,2013,,94.0,,,0,0,N,0.0,0.0,0.0,,,,,,,,35.93193,-86.79397,False,Crashes_2010_2019_MPO
101046092,2015-12-09,2015,,94.0,,,0,0,N,0.0,0.0,0.0,,,,,,,,35.98691,-86.77825,True,Crashes_2010_2019_MPO
102122864,2018-08-26,2018,,94.0,,,0,0,N,0.0,0.0,0.0,,,,,,,,35.9716,-86.80596,True,Crashes_2010_2019_MPO
102418547,2019-06-13,2019,,94.0,,,0,0,N,0.0,0.0,0.0,,,,,,,,35.99554,-86.77925,True,Crashes_2010_2019_MPO
102277052,2019-01-14,2019,,19.0,,,0,0,N,0.0,0.0,0.0,,,,,,,,36.03792,-86.79721,False,Crashes_2010_2019_MPO
102046454,2018-06-17,2018,,94.0,,,0,0,N,0.0,0.0,0.0,,,,,,,,35.99447,-86.76671,True,Crashes_2010_2019_MPO
101687949,2017-06-30,2017,,19.0,,,0,0,N,0.0,0.0,0.0,,,,,,,,36.04479,-86.77982,False,Crashes_2010_2019_MPO
102468171,2019-08-05,2019,,19.0,,,0,0,N,0.0,0.0,0.0,,,,,,,,36.04535,-86.71339,False,Crashes_2010_2019_MPO
101539681,2017-01-31,2017,,19.0,,,0,0,N,0.0,0.0,0.0,,,,,,,,36.04157,-86.77807,False,Crashes_2010_2019_MPO
100798673,2015-03-27,2015,,19.0,,,0,0,N,0.0,0.0,0.0,,,,,,,,36.02317,-86.70786,False,Crashes_2010_2019_MPO
101453188,2016-11-18,2016,,94.0,,,0,0,N,0.0,0.0,0.0,,,,,,,,35.96199,-86.81523,False,Crashes_2010_2019_MPO
100873214,2015-06-19,2015,,94.0,,,0,0,N,0.0,0.0,0.0,,,,,,,,35.99695,-86.79694,True,Crashes_2010_2019_MPO
100834095,2015-05-14,2015,,94.0,,,0,0,N,0.0,0.0,0.0,,,,,,,,35.96687,-86.81113,True,Crashes_2010_2019_MPO
102476770,2019-08-13,2019,,19.0,,,0,0,N,0.0,0.0,0.0,,,,,,,,35.99934,-86.68871,False,Crashes_2010_2019_MPO
100714617,2014-12-29,2014,,94.0,,,0,0,N,0.0,0.0,0.0,,,,,,,,35.99501,-86.77298,True,Crashes_2010_2019_MPO
101134729,2016-03-15,2016,,19.0,,,0,0,N,0.0,0.0,0.0,,,,,,,,36.03771,-86.78482,False,Crashes_2010_2019_MPO
101418058,2016-10-20,2016,,19.0,,,0,0,N,0.0,0.0,0.0,,,,,,,,35.99601,-86.68864,False,Crashes_2010_2019_MPO
100914941,2015-07-30,2015,,94.0,,,0,0,N,0.0,0.0,0.0,,,,,,,,35.98998,-86.69627,True,Crashes_2010_2019_MPO
101788684,2017-10-11,2017,,94.0,,,0,0,N,0.0,0.0,0.0,,,,,,,,35.94919,-86.81946,False,Crashes_2010_2019_MPO
101794344,2017-10-16,2017,,94.0,,,0,0,N,0.0,0.0,0.0,,,,,,,,35.95899,-86.81594,False,Crashes_2010_2019_MPO
100682922,2014-11-19,2014,,19.0,,,0,0,N,0.0,0.0,0.0,,,,,,,,36.05287,-86.68744,False,Crashes_2010_2019_MPO
100924400,2015-08-17,2015,,19.0,,,0,0,N,0.0,0.0,0.0,,,,,,,,36.0441,-86.78055,False,Crashes_2010_2019_MPO
101669199,2017-06-09,2017,,94.0,,,0,0,N,0.0,0.0,0.0,,,,,,,,36.00238,-86.72825,True,Crashes_2010_2019_MPO
100264859,2012-12-11,2012,,94.0,,,0,0,N,0.0,0.0,0.0,,,,,,,,35.94695,-86.85276,False,Crashes_2010_2019_MPO
100876415,2015-06-25,2015,,19.0,,,0,0,N,0.0,0.0,0.0,,,,,,,,36.0328,-86.77119,False,Crashes_2010_2019_MPO
100656588,2014-10-20,2014,,19.0,,,0,0,N,0.0,0.0,0.0,,,,,,,,36.04542,-86.71317,False,Crashes_2010_2019_MPO
102528865,2019-10-04,2019,,94.0,,,0,0,N,0.0,0.0,0.0,,,,,,,,35.96532,-86.70293,False,Crashes_2010_2019_MPO
102430443,2019-06-27,2019,,19.0,,,0,0,N,0.0,0.0,0.0,,,,,,,,36.04562,-86.70643,False,Crashes_2010_2019_MPO
100979345,2015-10-15,2015,,94.0,,,0,0,N,0.0,0.0,0.0,,,,,,,,35.97039,-86.77379,True,Crashes_2010_2019_MPO
101589673,2017-03-21,2017,,19.0,,,0,0,N,0.0,0.0,0.0,,,,,,,,36.05276,-86.73981,False,Crashes_2010_2019_MPO
102609269,2019-12-27,2019,,94.0,,,0,0,N,0.0,0.0,0.0,,,,,,,,35.92444,-86.80249,False,Crashes_2010_2019_MPO
100317162,2013-04-16,2013,,94.0,,,0,0,N,0.0,0.0,0.0,,,,,,,,35.95008,-86.8491,False,Crashes_2010_2019_MPO
102504612,2019-09-10,2019,,19.0,,,0,0,N,0.0,0.0,0.0,,,,,,,,35.99249,-86.68468,False,Crashes_2010_2019_MPO
100907169,2015-07-16,2015,,19.0,,,0,0,N,0.0,0.0,0.0,,,,,,,,36.04421,-86.71302,False,Crashes_2010_2019_MPO
102192147,2018-10-27,2018,,19.0,,,0,0,N,0.0,0.0,0.0,,,,,,,,36.04012,-86.78074,False,Crashes_2010_2019_MPO
101076927,2016-01-13,2016,,19.0,,,0,0,N,0.0,0.0,0.0,,,,,,,,36.04625,-86.6767,False,Crashes_2010_2019_MPO
102599776,2019-12-17,2019,,19.0,,,0,0,N,0.0,0.0,0.0,,,,,,,,36.04245,-86.71294,False,Crashes_2010_2019_MPO
102418061,2019-06-13,2019,,94.0,,,0,0,N,0.0,0.0,0.0,,,,,,,,35.92645,-86.82491,False,Crashes_2010_2019_MPO
101062617,2015-12-19,2015,,94.0,,,0,0,N,0.0,0.0,0.0,,,,,,,,35.96462,-86.7903,True,Crashes_2010_2019_MPO
100967232,2015-09-25,2015,,19.0,,,0,0,N,0.0,0.0,0.0,,,,,,,,35.99374,-86.68583,False,Crashes_2010_2019_MPO
101163254,2016-04-13,2016,,19.0,,,0,0,N,0.0,0.0,0.0,,,,,,,,36.03849,-86.78342,False,Crashes_2010_2019_MPO
101992393,2018-04-28,2018,,94.0,,,0,0,N,0.0,0.0,0.0,,,,,,,,36.01978,-86.74042,False,Crashes_2010_2019_MPO
102475962,2019-08-13,2019,,19.0,,,0,0,N,0.0,0.0,0.0,,,,,,,,36.04544,-86.70384,False,Crashes_2010_2019_MPO
100642023,2014-10-12,2014,,19.0,,,0,0,N,0.0,0.0,0.0,,,,,,,,36.05001,-86.69219,False,Crashes_2010_2019_MPO
100440964,2014-02-07,2014,,94.0,,,0,0,N,0.0,0.0,0.0,,,,,,,,36.0166,-86.78601,True,Crashes_2010_2019_MPO
100135857,2012-01-06,2012,,94.0,,,0,0,Y,0.0,0.0,1.0,,,,,,,,36.00417,-86.79083,True,Crashes_2010_2019_MPO
102102411,2018-08-08,2018,,19.0,,,0,0,N,0.0,0.0,0.0,,,,,,,,36.03934,-86.78566,False,Crashes_2010_2019_MPO
102606063,2019-12-23,2019,,19.0,,,0,0,N,0.0,0.0,0.0,,,,,,,,35.99728,-86.69046,False,Crashes_2010_2019_MPO
100401855,2013-11-07,2013,,94.0,,,0,0,N,0.0,0.0,0.0,,,,,,,,35.9261,-86.8714,False,Crashes_2010_2019_MPO
100755182,2015-02-28,2015,,19.0,,,0,0,N,0.0,0.0,0.0,,,,,,,,36.03422,-86.71308,False,Crashes_2010_2019_MPO
101578795,2017-03-10,2017,,94.0,,,0,0,N,0.0,0.0,0.0,,,,,,,,35.99107,-86.77834,True,Crashes_2010_2019_MPO
101898021,2018-01-26,2018,,19.0,,,0,0,N,0.0,0.0,0.0,,,,,,,,36.03726,-86.78804,False,Crashes_2010_2019_MPO
101863688,2017-12-19,2017,,94.0,,,0,0,N,0.0,0.0,0.0,,,,,,,,36.03457,-86.80273,True,Crashes_2010_2019_MPO
101646987,2017-05-17,2017,,19.0,,,0,0,N,0.0,0.0,0.0,,,,,,,,36.04191,-86.82481,False,Crashes_2010_2019_MPO
102553753,2019-10-30,2019,,94.0,,,0,0,N,0.0,0.0,0.0,,,,,,,,35.96591,-86.83838,False,Crashes_2010_2019_MPO
101957794,2018-03-27,2018,,94.0,,,0,0,N,0.0,0.0,0.0,,,,,,,,36.03505,-86.81711,True,Crashes_2010_2019_MPO
100359711,2013-07-27,2013,,94.0,,,0,0,N,0.0,0.0,0.0,,,,,,,,35.96536,-86.79757,True,Crashes_2010_2019_MPO
100508333,2014-05-13,2014,,94.0,,,0,0,N,0.0,0.0,0.0,,,,,,,,35.92954,-86.84187,False,Crashes_2010_2019_MPO
101328424,2016-08-15,2016,,94.0,,,0,0,N,0.0,0.0,0.0,,,,,,,,35.9746,-86.831796,True,Crashes_2010_2019_MPO
102416943,2019-06-12,2019,,19.0,,,0,0,N,0.0,0.0,0.0,,,,,,,,36.0374,-86.78657,False,Crashes_2010_2019_MPO
101463823,2016-11-30,2016,,94.0,,,0,0,N,0.0,0.0,0.0,,,,,,,,35.95026,-86.81337,False,Crashes_2010_2019_MPO
100413895,2013-12-02,2013,,94.0,,,0,0,N,0.0,0.0,0.0,,,,,,,,35.97889,-86.80319,True,Crashes_2010_2019_MPO
100393673,2013-10-19,2013,,94.0,,,0,0,N,0.0,0.0,0.0,,,,,,,,35.96041,-86.80984,False,Crashes_2010_2019_MPO
10441032,2010-09-02,2010,,19.0,,,0,0, ,0.0,0.0,0.0,,,,,,,,36.0405,-86.78225,False,Crashes_2010_2019_MPO
102344767,2019-03-29,2019,,94.0,,,0,0,N,0.0,0.0,0.0,,,,,,,,35.98595,-86.73499,True,Crashes_2010_2019_MPO
101396418,2016-10-05,2016,,94.0,,,0,0,N,0.0,0.0,0.0,,,,,,,,35.99476,-86.77152,True,Crashes_2010_2019_MPO
100772979,2015-03-13,2015,,19.0,,,0,0,N,0.0,0.0,0.0,,,,,,,,36.04475,-86.77987,False,Crashes_2010_2019_MPO
100977958,2015-10-12,2015,,19.0,,,0,0,N,0.0,0.0,0.0,,,,,,,,36.03899,-86.78258,False,Crashes_2010_2019_MPO
101932368,2018-03-03,2018,,94.0,,,0,0,N,0.0,0.0,0.0,,,,,,,,36.02175,-86.74267,False,Crashes_2010_2019_MPO
101831681,2017-11-20,2017,,19.0,,,0,0,N,0.0,0.0,0.0,,,,,,,,36.04635,-86.85847,False,Crashes_2010_2019_MPO
101801159,2017-10-23,2017,,19.0,,,0,0,N,0.0,0.0,0.0,,,,,,,,35.9912,-86.68349,False,Crashes_2010_2019_MPO
101423425,2016-10-26,2016,,94.0,,,0,0,N,0.0,0.0,0.0,,,,,,,,35.96518,-86.80029,True,Crashes_2010_2019_MPO
101733359,2017-08-17,2017,,94.0,,,0,0,N,0.0,0.0,0.0,,,,,,,,35.97386,-86.8346,False,Crashes_2010_2019_MPO
100415246,2013-12-05,2013,,94.0,,,0,0,N,0.0,0.0,0.0,,,,,,,,35.92459,-86.82225,False,Crashes_2010_2019_MPO
102208609,2018-11-12,2018,,94.0,,,0,0,N,0.0,0.0,0.0,,,,,,,,35.93492,-86.82155,False,Crashes_2010_2019_MPO
102446134,2019-07-13,2019,,19.0,,,0,0,N,0.0,0.0,0.0,,,,,,,,35.99558,-86.68802,False,Crashes_2010_2019_MPO
100634161,2014-09-26,2014,,94.0,,,0,0,N,0.0,0.0,0.0,,,,,,,,35.94707,-86.8219,False,Crashes_2010_2019_MPO
101080483,2016-01-20,2016,,94.0,,,0,0,N,0.0,0.0,0.0,,,,,,,,36.01035,-86.78539,True,Crashes_2010_2019_MPO
101697755,2017-07-10,2017,,94.0,,,0,0,N,0.0,0.0,0.0,,,,,,,,35.96681,-86.81119,True,Crashes_2010_2019_MPO
101927897,2018-02-26,2018,,94.0,,,0,0,N,0.0,0.0,0.0,,,,,,,,35.96681,-86.81119,True,Crashes_2010_2019_MPO
100343356,2013-06-17,2013,,94.0,,,0,0,N,0.0,0.0,0.0,,,,,,,,35.95201,-86.81786,False,Crashes_2010_2019_MPO
102007872,2018-05-11,2018,,19.0,,,0,0,N,0.0,0.0,0.0,,,,,,,,36.04244,-86.71309,False,Crashes_2010_2019_MPO
102154793,2018-09-23,2018,,94.0,,,0,0,N,0.0,0.0,0.0,,,,,,,,35.93625,-86.85967,False,Crashes_2010_2019_MPO
10882713,2012-08-23,2012,,19.0,,,0,0, ,0.0,0.0,0.0,,,,,,,,36.019939,-86.68055,False,Crashes_2010_2019_MPO
102191971,2018-10-27,2018,,19.0,,,0,0,N,0.0,0.0,0.0,,,,,,,,36.04541,-86.70334,False,Crashes_2010_2019_MPO
102035071,2018-06-06,2018,,94.0,,,0,0,N,0.0,0.0,0.0,,,,,,,,36.03966,-86.86937,True,Crashes_2010_2019_MPO
102384454,2019-05-09,2019,,19.0,,,0,0,N,0.0,0.0,0.0,,,,,,,,36.03469,-86.74354,False,Crashes_2010_2019_MPO
101397780,2016-10-06,2016,,94.0,,,0,0,N,0.0,0.0,0.0,,,,,,,,35.95333,-86.81786,False,Crashes_2010_2019_MPO
100409180,2013-11-21,2013,,94.0,,,0,0,Y,0.0,0.0,1.0,,,,,,,,35.98469,-86.80117,True,Crashes_2010_2019_MPO
101789599,2017-10-05,2017,,94.0,,,0,0,N,0.0,0.0,0.0,,,,,,,,35.96133,-86.81226,False,Crashes_2010_2019_MPO
100589303,2014-07-31,2014,,94.0,,,0,0,N,0.0,0.0,0.0,,,,,,,,35.96629,-86.84581,False,Crashes_2010_2019_MPO
102447976,2019-07-15,2019,,19.0,,,0,0,N,0.0,0.0,0.0,,,,,,,,36.03078,-86.70644,False,Crashes_2010_2019_MPO
100433240,2014-01-21,2014,,94.0,,,0,0,N,0.0,0.0,0.0,,,,,,,,35.94416,-86.8457,False,Crashes_2010_2019_MPO
100301472,2013-03-09,2013,,94.0,,,0,0,N,0.0,0.0,0.0,,,,,,,,35.97332,-86.83308,True,Crashes_2010_2019_MPO
100552413,2014-06-17,2014,,94.0,,,0,0,N,0.0,0.0,0.0,,,,,,,,36.03148,-86.77942,True,Crashes_2010_2019_MPO
101399778,2016-10-09,2016,,94.0,,,0,0,N,0.0,0.0,0.0,,,,,,,,35.95395,-86.81484,False,Crashes_2010_2019_MPO
101062212,2015-12-18,2015,,94.0,,,0,0,N,0.0,0.0,0.0,,,,,,,,35.96719,-86.8142,True,Crashes_2010_2019_MPO
101407628,2016-10-19,2016,,19.0,,,0,0,N,0.0,0.0,0.0,,,,,,,,36.04537,-86.71326,False,Crashes_2010_2019_MPO
101698368,2017-07-11,2017,,19.0,,,0,0,N,0.0,0.0,0.0,,,,,,,,36.02783,-86.67945,False,Crashes_2010_2019_MPO
101391843,2016-09-28,2016,,94.0,,,0,0,N,0.0,0.0,0.0,,,,,,,,35.94631,-86.8236,False,Crashes_2010_2019_MPO
101747010,2017-08-30,2017,,94.0,,,0,0,N,0.0,0.0,0.0,,,,,,,,35.9323,-86.86262,False,Crashes_2010_2019_MPO
101815907,2017-11-05,2017,,94.0,,,0,1,N,0.0,1.0,0.0,,,,,,,,35.9499,-86.80467,False,Crashes_2010_2019_MPO
101666096,2017-06-06,2017,,94.0,,,0,0,N,0.0,0.0,0.0,,,,,,,,35.99223,-86.82833,True,Crashes_2010_2019_MPO
101768196,2017-09-22,2017,,19.0,,,0,0,N,0.0,0.0,0.0,,,,,,,,36.03587,-86.7617,False,Crashes_2010_2019_MPO
101661284,2017-06-01,2017,,94.0,,,0,0,N,0.0,0.0,0.0,,,,,,,,35.94827,-86.81943,False,Crashes_2010_2019_MPO
100550700,2014-06-13,2014,,94.0,,,0,0,N,0.0,0.0,0.0,,,,,,,,36.03622,-86.78707,True,Crashes_2010_2019_MPO
101125975,2016-03-02,2016,,94.0,,,0,0,N,0.0,0.0,0.0,,,,,,,,35.99285,-86.69347,True,Crashes_2010_2019_MPO
100610788,2014-08-26,2014,,94.0,,,0,0,N,0.0,0.0,0.0,,,,,,,,35.94027,-86.83904,False,Crashes_2010_2019_MPO
102415849,2019-06-11,2019,,94.0,,,0,0,N,0.0,0.0,0.0,,,,,,,,35.92391,-86.86729,False,Crashes_2010_2019_MPO
102457893,2019-07-25,2019,,94.0,,,0,0,N,0.0,0.0,0.0,,,,,,,,35.96705,-86.81355,True,Crashes_2010_2019_MPO
100314027,2013-04-09,2013,,94.0,,,0,0,N,0.0,0.0,0.0,,,,,,,,35.92392,-86.87906,False,Crashes_2010_2019_MPO
102322756,2019-03-06,2019,,94.0,,,0,0,N,0.0,0.0,0.0,,,,,,,,35.94791,-86.81939,False,Crashes_2010_2019_MPO
101486041,2016-12-23,2016,,94.0,,,0,1,N,0.0,1.0,0.0,,,,,,,,35.92641,-86.82447,False,Crashes_2010_2019_MPO
102269875,2019-01-07,2019,,19.0,,,0,0,N,0.0,0.0,0.0,,,,,,,,36.0414,-86.77985,False,Crashes_2010_2019_MPO