mstrrecnbr,collision_ts,year,county,countystat,crash,crash_type,fatalities,non_motorists,commercial,fatal_c,nonmotor_c,truck_c,fatalc,serious_injuries,ped,bike,lighting,weather,first_harmful_event,latitude,longitude,in_city,src_layer
100363779,2013-08-07,2013,,94.0,,,0,0,N,0.0,0.0,0.0,,,,,,,,35.96665,-86.80941,True,Crashes_2010_2019_MPO
100152174,2012-02-27,2012,,94.0,,,0,0,N,0.0,0.0,0.0,,,,,,,,35.96555,-86.70576,True,Crashes_2010_2019_MPO
100800669,2015-04-01,2015,,19.0,,,0,0,N,0.0,0.0,0.0,,,,,,,,36.04029,-86.74504,False,Crashes_2010_2019_MPO
101146451,2016-03-18,2016,,94.0,,,0,0,N,0.0,0.0,0.0,,,,,,,,35.95557,-86.76711,True,Crashes_2010_2019_MPO
101978582,2018-04-15,2018,,19.0,,,0,0,N,0.0,0.0,0.0,,,,,,,,36.0363,-86.78675,False,Crashes_2010_2019_MPO
102095419,2018-08-02,2018,,94.0,,,0,0,N,0.0,0.0,0.0,,,,,,,,35.94692,-86.85165,False,Crashes_2010_2019_MPO
101989814,2018-04-26,2018,,94.0,,,0,0,N,0.0,0.0,0.0,,,,,,,,36.0348,-86.78331,True,Crashes_2010_2019_MPO
101130425,2016-03-09,2016,,19.0,,,0,0,N,0.0,0.0,0.0,,,,,,,,36.04489,-86.86476,True,Crashes_2010_2019_MPO
100936763,2015-08-20,2015,,94.0,,,0,0,N,0.0,0.0,0.0,,,,,,,,35.92462,-86.79521,False,Crashes_2010_2019_MPO
102377770,2019-04-30,2019,,94.0,,,0,0,N,0.0,0.0,0.0,,,,,,,,35.94721,-86.81107,False,Crashes_2010_2019_MPO
100277572,2013-01-10,2013,,94.0,,,0,0,N,0.0,0.0,0.0,,,,,,,,35.93874,-86.87921,False,Crashes_2010_2019_MPO
100345230,2013-06-21,2013,,94.0,,,0,0,N,0.0,0.0,0.0,,,,,,,,35.95309,-86.81498,False,Crashes_2010_2019_MPO
100136151,2012-01-10,2012,,94.0,,,0,0,N,0.0,0.0,0.0,,,,,,,,36.033272,-86.78389,True,Crashes_2010_2019_MPO
102039899,2018-06-11,2018,,94.0,,,0,0,N,0.0,0.0,0.0,,,,,,,,35.96458,-86.81449,False,Crashes_2010_2019_MPO
100322728,2013-04-29,2013,,94.0,,,0,0,N,0.0,0.0,0.0,,,,,,,,35.99644,-86.788,True,Crashes_2010_2019_MPO
101508331,2017-01-18,2017,,94.0,,,0,0,N,0.0,0.0,0.0,,,,,,,,35.93215,-86.79441,False,Crashes_2010_2019_MPO
100808090,2015-04-14,2015,,94.0,,,0,0,N,0.0,0.0,0.0,,,,,,,,35.94755,-86.81389,False,Crashes_2010_2019_MPO
100400053,2013-11-03,2013,,94.0,,,0,0,N,0.0,0.0,0.0,,,,,,,,35.96245,-86.81637,True,Crashes_2010_2019_MPO
101803638,2017-10-25,2017,,94.0,,,0,0,N,0.0,0.0,0.0,,,,,,,,35.92947,-86.87192,False,Crashes_2010_2019_MPO
102341125,2019-03-25,2019,,94.0,,,0,0,N,0.0,0.0,0.0,,,,,,,,36.01756,-86.78654,True,Crashes_2010_2019_MPO
101729997,2017-08-13,2017,,94.0,,,0,0,N,0.0,0.0,0.0,,,,,,,,35.95209,-86.81805,False,Crashes_2010_2019_MPO
100836930,2015-05-19,2015,,94.0,,,0,0,N,0.0,0.0,0.0,,,,,,,,35.92341,-86.79253,False,Crashes_2010_2019_MPO
102403939,2019-05-29,2019,,94.0,,,0,0,N,0.0,0.0,0.0,,,,,,,,36.03686,-86.80184,True,Crashes_2010_2019_MPO
101917692,2018-02-16,2018,,94.0,,,0,0,N,0.0,0.0,0.0,,,,,,,,36.02112,-86.78793,True,Crashes_2010_2019_MPO
100133878,2012-01-03,2012,,94.0,,,0,0,N,0.0,0.0,0.0,,,,,,,,35.96312,-86.81899,True,Crashes_2010_2019_MPO
101959496,2018-03-29,2018,,19.0,,,0,0,N,0.0,0.0,0.0,,,,,,,,36.04667,-86.77762,False,Crashes_2010_2019_MPO
101859655,2017-12-15,2017,,19.0,,,0,0,N,0.0,0.0,0.0,,,,,,,,36.03988,-86.78247,False,Crashes_2010_2019_MPO
101274299,2016-06-21,2016,,94.0,,,0,0,N,0.0,0.0,0.0,,,,,,,,36.0154,-86.73873,False,Crashes_2010_2019_MPO
101678530,2017-06-19,2017,,94.0,,,0,0,N,0.0,0.0,0.0,,,,,,,,35.92561,-86.82459,False,Crashes_2010_2019_MPO
102071905,2018-07-12,2018,,94.0,,,0,0,N,0.0,0.0,0.0,,,,,,,,35.98362,-86.72123,True,Crashes_2010_2019_MPO
102413128,2019-06-07,2019,,94.0,,,0,0,N,0.0,0.0,0.0,,,,,,,,36.0327,-86.78357,True,Crashes_2010_2019_MPO
102600073,2019-12-17,2019,,94.0,,,0,0,N,0.0,0.0,0.0,,,,,,,,35.97106,-86.8111,True,Crashes_2010_2019_MPO
101655142,2017-05-24,2017,,94.0,,,0,0,N,0.0,0.0,0.0,,,,,,,,35.92423,-86.87096,False,Crashes_2010_2019_MPO
101487498,2016-12-26,2016,,94.0,,,0,0,N,0.0,0.0,0.0,,,,,,,,35.95993,-86.81332,False,Crashes_2010_2019_MPO
101273274,2016-06-26,2016,,19.0,,,0,0,N,0.0,0.0,0.0,,,,,,,,36.04662,-86.67835,False,Crashes_2010_2019_MPO
101898982,2018-01-27,2018,,19.0,,,0,0,N,0.0,0.0,0.0,,,,,,,,36.03256,-86.76873,False,Crashes_2010_2019_MPO
100354753,2013-07-15,2013,,94.0,,,0,0,N,0.0,0.0,0.0,,,,,,,,35.96734,-86.81494,True,Crashes_2010_2019_MPO
101189594,2016-05-06,2016,,94.0,,,0,0,N,0.0,0.0,0.0,,,,,,,,35.9291,-86.84142,False,Crashes_2010_2019_MPO
100269901,2012-12-21,2012,,94.0,,,0,0,N,0.0,0.0,0.0,,,,,,,,35.99512,-86.77447,True,Crashes_2010_2019_MPO
100707344,2014-12-15,2014,,94.0,,,0,0,N,0.0,0.0,0.0,,,,,,,,35.96617,-86.8078,True,Crashes_2010_2019_MPO
101100403,2016-02-05,2016,,19.0,,,0,0,N,0.0,0.0,0.0,,,,,,,,36.04084,-86.77935,False,Crashes_2010_2019_MPO
101969097,2018-04-05,2018,,94.0,,,0,0,N,0.0,0.0,0.0,,,,,,,,35.92911,-86.75029,False,Crashes_2010_2019_MPO
100716601,2015-01-02,2015,,19.0,,,0,0,N,0.0,0.0,0.0,,,,,,,,36.04084,-86.77935,False,Crashes_2010_2019_MPO
101277216,2016-06-29,2016,,19.0,,,0,0,N,0.0,0.0,0.0,,,,,,,,36.04537,-86.71326,False,Crashes_2010_2019_MPO
102227357,2018-11-28,2018,,94.0,,,0,0,N,0.0,0.0,0.0,,,,,,,,35.94941,-86.7431,True,Crashes_2010_2019_MPO
102415408,2019-06-10,2019,,94.0,,,0,0,N,0.0,0.0,0.0,,,,,,,,35.95129,-86.80844,False,Crashes_2010_2019_MPO
101575956,2017-03-07,2017,,94.0,,,0,0,N,0.0,0.0,0.0,,,,,,,,36.03552,-86.78747,True,Crashes_2010_2019_MPO
102379236,2019-05-02,2019,,94.0,,,0,0,N,0.0,0.0,0.0,,,,,,,,35.95209,-86.81805,False,Crashes_2010_2019_MPO
101315371,2016-07-28,2016,,94.0,,,0,0,N,0.0,0.0,0.0,,,,,,,,35.9326,-86.84705,False,Crashes_2010_2019_MPO
102359970,2019-04-13,2019,,94.0,,,0,0,N,0.0,0.0,0.0,,,,,,,,35.9592,-86.81588,False,Crashes_2010_2019_MPO
101461057,2016-11-27,2016,,19.0,,,0,0,N,0.0,0.0,0.0,,,,,,,,36.03752,-86.783,False,Crashes_2010_2019_MPO
100126409,2011-12-12,2011,,94.0,,,0,0,N,0.0,0.0,0.0,,,,,,,,35.97715,-86.87622,False,Crashes_2010_2019_MPO
101133535,2016-03-13,2016,,94.0,,,0,0,N,0.0,0.0,0.0,,,,,,,,35.95053,-86.81804,False,Crashes_2010_2019_MPO
102107905,2018-08-12,2018,,94.0,,,0,0,N,0.0,0.0,0.0,,,,,,,,35.95314,-86.81513,False,Crashes_2010_2019_MPO
101808979,2017-10-29,2017,,94.0,,,0,0,N,0.0,0.0,0.0,,,,,,,,35.95428,-86.71386,False,Crashes_2010_2019_MPO
102603809,2019-12-16,2019,,94.0,,,0,0,N,0.0,0.0,0.0,,,,,,,,35.97769,-86.67815,False,Crashes_2010_2019_MPO
101035593,2015-11-23,2015,,19.0,,,0,0,N,0.0,0.0,0.0,,,,,,,,36.03725,-86.78589,False,Crashes_2010_2019_MPO
100264481,2012-12-05,2012,,94.0,,,0,0,N,0.0,0.0,0.0,,,,,,,,35.93087,-86.82012,False,Crashes_2010_2019_MPO
101150773,2016-03-25,2016,,19.0,,,0,0,N,0.0,0.0,0.0,,,,,,,,36.04585,-86.71332,False,Crashes_2010_2019_MPO
100440712,2014-02-08,2014,,94.0,,,0,0,N,0.0,0.0,0.0,,,,,,,,35.95675,-86.83967,False,Crashes_2010_2019_MPO
100608615,2014-08-20,2014,,94.0,,,0,0,N,0.0,0.0,0.0,,,,,,,,35.97004,-86.80668,True,Crashes_2010_2019_MPO
100918214,2015-08-06,2015,,19.0,,,0,0,N,0.0,0.0,0.0,,,,,,,,36.03222,-86.76522,False,Crashes_2010_2019_MPO
101712094,2017-07-26,2017,,19.0,,,0,0,N,0.0,0.0,0.0,,,,,,,,36.0374,-86.78657,False,Crashes_2010_2019_MPO
100668242,2014-11-10,2014,,94.0,,,0,0,N,0.0,0.0,0.0,,,,,,,,35.99642,-86.79713,True,Crashes_2010_2019_MPO
101688518,2017-07-01,2017,,19.0,,,0,0,N,0.0,0.0,0.0,,,,,,,,36.05459,-86.71178,False,Crashes_2010_2019_MPO
100721678,2015-01-13,2015,,19.0,,,0,0,N,0.0,0.0,0.0,,,,,,,,36.0349,-86.78307,True,Crashes_2010_2019_MPO
102003516,2018-05-08,2018,,19.0,,,0,0,N,0.0,0.0,0.0,,,,,,,,36.0444,-86.78022,False,Crashes_2010_2019_MPO
100836368,2015-05-18,2015,,19.0,,,0,0,N,0.0,0.0,0.0,,,,,,,,36.03758,-86.78503,False,Crashes_2010_2019_MPO
100922874,2015-08-14,2015,,19.0,,,0,0,N,0.0,0.0,0.0,,,,,,,,36.03894,-86.7825,False,Crashes_2010_2019_MPO
102450210,2019-07-17,2019,,19.0,,,0,0,N,0.0,0.0,0.0,,,,,,,,36.04542,-86.70356,False,Crashes_2010_2019_MPO
101190252,2016-05-08,2016,,94.0,,,0,0,N,0.0,0.0,0.0,,,,,,,,35.95916,-86.87577,False,Crashes_2010_2019_MPO
101977664,2018-04-14,2018,,19.0,,,0,0,N,0.0,0.0,0.0,,,,,,,,36.03309,-86.78352,True,Crashes_2010_2019_MPO
101497977,2017-01-06,2017,,19.0,,,0,0,N,0.0,0.0,0.0,,,,,,,,36.03927,-86.72053,False,Crashes_2010_2019_MPO
102578247,2019-11-22,2019,,94.0,,,0,0,N,0.0,0.0,0.0,,,,,,,,35.97776,-86.80359,True,Crashes_2010_2019_MPO
101902504,2018-01-31,2018,,94.0,,,0,0,N,0.0,0.0,0.0,,,,,,,,35.92641,-86.82453,False,Crashes_2010_2019_MPO
101241660,2016-06-08,2016,,94.0,,,0,0,N,0.0,0.0,0.0,,,,,,,,35.95792,-86.80256,False,Crashes_2010_2019_MPO
101284956,2016-07-13,2016,,94.0,,,0,0,N,0.0,0.0,0.0,,,,,,,,36.00208,-86.77995,True,Crashes_2010_2019_MPO
102531137,2019-10-06,2019,,19.0,,,0,0,N,0.0,0.0,0.0,,,,,,,,36.04072,-86.77928,False,Crashes_2010_2019_MPO
100264147,2012-12-10,2012,,94.0,,,0,0,N,0.0,0.0,0.0,,,,,,,,35.93581,-86.76797,False,Crashes_2010_2019_MPO
101484144,2016-12-21,2016,,94.0,,,0,0,N,0.0,0.0,0.0,,,,,,,,36.0343,-86.79174,True,Crashes_2010_2019_MPO
101810094,2017-10-31,2017,,19.0,,,0,0,N,0.0,0.0,0.0,,,,,,,,36.01827,-86.72671,False,Crashes_2010_2019_MPO
102461422,2019-07-29,2019,,94.0,,,0,0,N,0.0,0.0,0.0,,,,,,,,35.92277,-86.86435,False,Crashes_2010_2019_MPO
102364996,2019-04-18,2019,,94.0,,,0,0,N,0.0,0.0,0.0,,,,,,,,35.99861,-86.80569,True,Crashes_2010_2019_MPO
102502846,2019-09-08,2019,,19.0,,,0,0,N,0.0,0.0,0.0,,,,,,,,36.04519,-86.71324,False,Crashes_2010_2019_MPO
101824210,2017-11-09,2017,,94.0,,,0,0,N,0.0,0.0,0.0,,,,,,,,35.94477,-86.82853,False,Crashes_2010_2019_MPO
101713810,2017-07-28,2017,,94.0,,,0,0,N,0.0,0.0,0.0,,,,,,,,35.94509,-86.82826,False,Crashes_2010_2019_MPO
102027155,2018-05-29,2018,,94.0,,,0,0,N,0.0,0.0,0.0,,,,,,,,36.01681,-86.7819,True,Crashes_2010_2019_MPO
100610706,2014-08-24,2014,,94.0,,,0,0,N,0.0,0.0,0.0,,,,,,,,35.93283,-86.8774,False,Crashes_2010_2019_MPO
100429294,2014-01-09,2014,,94.0,,,0,0,N,0.0,0.0,0.0,,,,,,,,36.01322,-86.80201,True,Crashes_2010_2019_MPO
102403056,2019-05-28,2019,,94.0,,,0,0,N,0.0,0.0,0.0,,,,,,,,35.94703,-86.81167,False,Crashes_2010_2019_MPO
102390802,2019-05-16,2019,,19.0,,,0,0,N,0.0,0.0,0.0,,,,,,,,36.04534,-86.71355,False,Crashes_2010_2019_MPO
101455419,2016-11-20,2016,,19.0,,,0,0,N,0.0,0.0,0.0,,,,,,,,36.04628,-86.7207,False,Crashes_2010_2019_MPO
101123713,2016-02-26,2016,,94.0,,,0,0,N,0.0,0.0,0.0,,,,,,,,35.95724,-86.81662,False,Crashes_2010_2019_MPO
100609656,2014-08-23,2014,,94.0,,,0,0,N,0.0,0.0,0.0,,,,,,,,35.94633,-86.80851,False,Crashes_2010_2019_MPO
100499051,2014-04-21,2014,,94.0,,,0,0,N,0.0,0.0,0.0,,,,,,,,35.92924,-86.83968,False,Crashes_2010_2019_MPO
100326463,2013-05-08,2013,,94.0,,,0,0,N,0.0,0.0,0.0,,,,,,,,35.95736,-86.80335,False,Crashes_2010_2019_MPO
100714318,2014-12-28,2014,,19.0,,,0,0,N,0.0,0.0,0.0,,,,,,,,36.04301,-86.78194,False,Crashes_2010_2019_MPO
101330289,2016-08-18,2016,,94.0,,,0,0,N,0.0,0.0,0.0,,,,,,,,35.96504,-86.72733,True,Crashes_2010_2019_MPO
100756131,2015-03-03,2015,,19.0,,,0,0,N,0.0,0.0,0.0,,,,,,,,36.04031,-86.78219,False,Crashes_2010_2019_MPO
101329814,2016-08-17,2016,,94.0,,,0,0,N,0.0,0.0,0.0,,,,,,,,35.93215,-86.79441,False,Crashes_2010_2019_MPO
101757387,2017-09-08,2017,,94.0,,,0,0,N,0.0,0.0,0.0,,,,,,,,36.00546,-86.7895,True,Crashes_2010_2019_MPO
101434478,2016-11-08,2016,,94.0,,,0,0,N,0.0,0.0,0.0,,,,,,,,35.94798,-86.81714,False,Crashes_2010_2019_MPO
102532952,2019-10-07,2019,,94.0,,,0,0,N,0.0,0.0,0.0,,,,,,,,36.00438,-86.79093,True,Crashes_2010_2019_MPO
101126339,2016-03-02,2016,,94.0,,,0,0,N,0.0,0.0,0.0,,,,,,,,36.037575,-86.785042,False,Crashes_2010_2019_MPO
102566991,2019-11-13,2019,,94.0,,,0,0,N,0.0,0.0,0.0,,,,,,,,35.9557,-86.83003,False,Crashes_2010_2019_MPO
100797756,2015-03-26,2015,,19.0,,,0,0,N,0.0,0.0,0.0,,,,,,,,36.04587,-86.77946,False,Crashes_2010_2019_MPO
101984901,2018-04-21,2018,,19.0,,,0,0,N,0.0,0.0,0.0,,,,,,,,36.02557,-86.71303,False,Crashes_2010_2019_MPO
100565732,2014-06-26,2014,,94.0,,,0,0,N,0.0,0.0,0.0,,,,,,,,35.96376,-86.81061,False,Crashes_2010_2019_MPO
100707517,2014-12-15,2014,,19.0,,,0,0,N,0.0,0.0,0.0,,,,,,,,36.04531,-86.70166,False,Crashes_2010_2019_MPO
101829830,2017-11-18,2017,,19.0,,,0,0,N,0.0,0.0,0.0,,,,,,,,36.04519,-86.70004,False,Crashes_2010_2019_MPO
102513165,2019-09-18,2019,,19.0,,,0,0,N,0.0,0.0,0.0,,,,,,,,36.03602,-86.78286,False,Crashes_2010_2019_MPO
100804360,2015-04-07,2015,,94.0,,,0,0,N,0.0,0.0,0.0,,,,,,,,35.94539,-86.87593,False,Crashes_2010_2019_MPO
102266621,2019-01-04,2019,,94.0,,,0,0,N,0.0,0.0,0.0,,,,,,,,35.99734,-86.79486,True,Crashes_2010_2019_MPO
101687461,2017-06-30,2017,,19.0,,,0,0,N,0.0,0.0,0.0,,,,,,,,36.0323,-86.76603,False,Crashes_2010_2019_MPO
100566467,2014-06-27,2014,,94.0,,,0,0,N,0.0,0.0,0.0,,,,,,,,36.03175,-86.78961,True,Crashes_2010_2019_MPO
102281542,2019-01-19,2019,,94.0,,,0,0,N,0.0,0.0,0.0,,,,,,,,35.96443,-86.78359,True,Crashes_2010_2019_MPO
101950559,2018-03-20,2018,,94.0,,,0,0,N,0.0,0.0,0.0,,,,,,,,35.9264,-86.8244,False,Crashes_2010_2019_MPO
100820844,2015-04-19,2015,,94.0,,,0,0,N,0.0,0.0,0.0,,,,,,,,35.96517,-86.72711,True,Crashes_2010_2019_MPO
100347645,2013-06-28,2013,,94.0,,,0,0,N,0.0,0.0,0.0,,,,,,,,35.95798,-86.80256,False,Crashes_2010_2019_MPO
102286766,2019-01-25,2019,,19.0,,,0,0,N,0.0,0.0,0.0,,,,,,,,36.04478,-86.68655,False,Crashes_2010_2019_MPO
101492517,2016-12-31,2016,,94.0,,,0,0,N,0.0,0.0,0.0,,,,,,,,36.01387,-86.73832,False,Crashes_2010_2019_MPO
101878867,2018-01-05,2018,,94.0,,,0,0,N,0.0,0.0,0.0,,,,,,,,35.95805,-86.80258,False,Crashes_2010_2019_MPO
102436162,2019-07-03,2019,,94.0,,,0,0,N,0.0,0.0,0.0,,,,,,,,35.94977,-86.81912,False,Crashes_2010_2019_MPO
102488653,2019-08-25,2019,,19.0,,,0,0,N,0.0,0.0,0.0,,,,,,,,36.04003,-86.74386,False,Crashes_2010_2019_MPO
100715448,2014-12-31,2014,,94.0,,,0,0,N,0.0,0.0,0.0,,,,,,,,35.97764,-86.74103,True,Crashes_2010_2019_MPO
101826657,2017-11-14,2017,,94.0,,,0,0,N,0.0,0.0,0.0,,,,,,,,35.95195,-86.81809,False,Crashes_2010_2019_MPO
100857861,2015-05-27,2015,,94.0,,,0,0,N,0.0,0.0,0.0,,,,,,,,36.03101,-86.87484,False,Crashes_2010_2019_MPO
102294218,2019-02-01,2019,,94.0,,,0,0,N,0.0,0.0,0.0,,,,,,,,35.99734,-86.79486,True,Crashes_2010_2019_MPO
101050652,2015-12-16,2015,,19.0,,,0,0,N,0.0,0.0,0.0,,,,,,,,36.04059,-86.77107,False,Crashes_2010_2019_MPO
101232644,2016-05-26,2016,,94.0,,,0,0,N,0.0,0.0,0.0,,,,,,,,36.035856,-86.816988,True,Crashes_2010_2019_MPO
102029205,2018-05-31,2018,,94.0,,,0,0,N,0.0,0.0,0.0,,,,,,,,35.97878,-86.75282,True,Crashes_2010_2019_MPO
101065207,2015-12-22,2015,,94.0,,,0,0,N,0.0,0.0,0.0,,,,,,,,35.97968,-86.8605,False,Crashes_2010_2019_MPO
100282631,2013-01-22,2013,,94.0,,,0,0,N,0.0,0.0,0.0,,,,,,,,36.00452,-86.84167,False,Crashes_2010_2019_MPO
100121414,2011-11-29,2011,,94.0,,,0,0,N,0.0,0.0,0.0,,,,,,,,35.96593,-86.80589,True,Crashes_2010_2019_MPO
100799951,2015-03-30,2015,,19.0,,,0,0,N,0.0,0.0,0.0,,,,,,,,36.04229,-86.78226,False,Crashes_2010_2019_MPO
100723056,2015-01-16,2015,,94.0,,,0,0,N,0.0,0.0,0.0,,,,,,,,35.98939,-86.79981,True,Crashes_2010_2019_MPO
101276191,2016-06-30,2016,,19.0,,,0,0,N,0.0,0.0,0.0,,,,,,,,36.04001,-86.74347,False,Crashes_2010_2019_MPO
101619849,2017-04-19,2017,,94.0,,,0,0,N,0.0,0.0,0.0,,,,,,,,35.93812,-86.82194,False,Crashes_2010_2019_MPO
102222926,2018-11-23,2018,,94.0,,,0,0,N,0.0,0.0,0.0,,,,,,,,35.97043,-86.82156,True,Crashes_2010_2019_MPO
102416354,2019-06-11,2019,,19.0,,,0,0,N,0.0,0.0,0.0,,,,,,,,36.04027,-86.81641,False,Crashes_2010_2019_MPO
102454541,2019-07-22,2019,,19.0,,,0,0,N,0.0,0.0,0.0,,,,,,,,36.04568,-86.70993,False,Crashes_2010_2019_MPO
101480340,2016-12-17,2016,,94.0,,,0,0,N,0.0,0.0,0.0,,,,,,,,35.92321,-86.87307,False,Crashes_2010_2019_MPO
100585624,2014-07-18,2014,,94.0,,,0,0,N,0.0,0.0,0.0,,,,,,,,35.93581,-86.81814,False,Crashes_2010_2019_MPO
101715525,2017-07-29,2017,,19.0,,,0,0,N,0.0,0.0,0.0,,,,,,,,35.99761,-86.68574,False,Crashes_2010_2019_MPO
100666110,2014-11-06,2014,,94.0,,,0,0,N,0.0,0.0,0.0,,,,,,,,35.93498,-86.82579,False,Crashes_2010_2019_MPO
102309430,2019-02-04,2019,,94.0,,,0,0,N,0.0,0.0,0.0,,,,,,,,35.96705,-86.81355,True,Crashes_2010_2019_MPO
101641733,2017-05-12,2017,,94.0,,,0,0,N,0.0,0.0,0.0,,,,,,,,35.95414,-86.8262,False,Crashes_2010_2019_MPO
102362705,2019-04-15,2019,,94.0,,,0,0,N,0.0,0.0,0.0,,,,,,,,35.94764,-86.81433,False,Crashes_2010_2019_MPO
100977955,2015-10-12,2015,,94.0,,,0,0,N,0.0,0.0,0.0,,,,,,,,35.94896,-86.7496,True,Crashes_2010_2019_MPO
101332619,2016-08-21,2016,,19.0,,,0,0,N,0.0,0.0,0.0,,,,,,,,36.01823,-86.71119,False,Crashes_2010_2019_MPO
100739241,2015-02-18,2015,,19.0,,,0,0,N,0.0,0.0,0.0,,,,,,,,36.03449,-86.67987,False,Crashes_2010_2019_MPO
101636916,2017-05-07,2017,,94.0,,,0,0,N,0.0,0.0,0.0,,,,,,,,35.93298,-86.86211,False,Crashes_2010_2019_MPO
100505526,2014-05-07,2014,,94.0,,,0,0,N,0.0,0.0,0.0,,,,,,,,35.93356,-86.81837,False,Crashes_2010_2019_MPO
100508792,2014-05-14,2014,,94.0,,,0,0,N,0.0,0.0,0.0,,,,,,,,35.95576,-86.80377,False,Crashes_2010_2019_MPO
100146706,2012-02-11,2012,,94.0,,,0,0,N,0.0,0.0,0.0,,,,,,,,36.01689,-86.78609,True,Crashes_2010_2019_MPO
100998309,2015-10-28,2015,,94.0,,,0,0,N,0.0,0.0,0.0,,,,,,,,35.9583,-86.8023,False,Crashes_2010_2019_MPO
100995869,2015-10-25,2015,,94.0,,,0,0,N,0.0,0.0,0.0,,,,,,,,35.97103,-86.72644,True,Crashes_2010_2019_MPO
101942176,2018-03-08,2018,,94.0,,,0,0,N,0.0,0.0,0.0,,,,,,,,35.9669,-86.67683,False,Crashes_2010_2019_MPO
100731042,2015-02-02,2015,,19.0,,,0,0,N,0.0,0.0,0.0,,,,,,,,36.05484,-86.72886,False,Crashes_2010_2019_MPO
101638758,2017-05-06,2017,,19.0,,,0,0,N,0.0,0.0,0.0,,,,,,,,36.0413,-86.71284,False,Crashes_2010_2019_MPO
100923058,2015-08-14,2015,,94.0,,,0,0,N,0.0,0.0,0.0,,,,,,,,35.9355,-86.8236,False,Crashes_2010_2019_MPO
102044320,2018-06-15,2018,,94.0,,,0,0,N,0.0,0.0,0.0,,,,,,,,36.0172,-86.78618,True,Crashes_2010_2019_MPO
101579498,2017-03-10,2017,,94.0,,,0,0,N,0.0,0.0,0.0,,,,,,,,35.94855,-86.81991,False,Crashes_2010_2019_MPO
101495169,2017-01-03,2017,,19.0,,,0,0,N,0.0,0.0,0.0,,,,,,,,36.02603,-86.71297,False,Crashes_2010_2019_MPO
101794144,2017-10-16,2017,,94.0,,,0,0,N,0.0,0.0,0.0,,,,,,,,35.94858,-86.80761,False,Crashes_2010_2019_MPO
102261975,2018-12-30,2018,,19.0,,,0,0,N,0.0,0.0,0.0,,,,,,,,36.04026,-86.8164,False,Crashes_2010_2019_MPO
100615553,2014-09-06,2014,,94.0,,,0,0,N,0.0,0.0,0.0,,,,,,,,35.93492,-86.82134,False,Crashes_2010_2019_MPO
102325556,2019-03-09,2019,,94.0,,,0,0,N,0.0,0.0,0.0,,,,,,,,35.94782,-86.81975,False,Crashes_2010_2019_MPO
100367266,2013-08-15,2013,,94.0,,,0,0,Y,0.0,0.0,1.0,,,,,,,,36.0017,-86.77984,True,Crashes_2010_2019_MPO
100373685,2013-08-31,2013,,94.0,,,0,0,N,0.0,0.0,0.0,,,,,,,,35.94514,-86.82037,False,Crashes_2010_2019_MPO
101739465,2017-08-23,2017,,94.0,,,0,0,N,0.0,0.0,0.0,,,,,,,,35.96466,-86.81119,False,Crashes_2010_2019_MPO
101460954,2016-11-26,2016,,19.0,,,0,0,N,0.0,0.0,0.0,,,,,,,,35.99548,-86.68787,False,Crashes_2010_2019_MPO
100922186,2015-08-13,2015,,94.0,,,0,0,N,0.0,0.0,0.0,,,,,,,,35.98623,-86.77802,True,Crashes_2010_2019_MPO
100350320,2013-03-14,2013,,94.0,,,0,0,N,0.0,0.0,0.0,,,,,,,,35.94761,-86.81992,False,Crashes_2010_2019_MPO
101656707,2017-05-27,2017,,19.0,,,0,0,N,0.0,0.0,0.0,,,,,,,,36.04161,-86.74925,False,Crashes_2010_2019_MPO
100854056,2015-06-02,2015,,19.0,,,0,0,N,0.0,0.0,0.0,,,,,,,,36.04116,-86.76854,False,Crashes_2010_2019_MPO
101011584,2015-11-18,2015,,19.0,,,0,0,N,0.0,0.0,0.0,,,,,,,,36.03774,-86.78479,False,Crashes_2010_2019_MPO
100925976,2015-08-19,2015,,94.0,,,0,0,N,0.0,0.0,0.0,,,,,,,,35.93419,-86.824,False,Crashes_2010_2019_MPO
101853414,2017-12-09,2017,,19.0,,,0,0,N,0.0,0.0,0.0,,,,,,,,36.04537,-86.71326,False,Crashes_2010_2019_MPO
100506709,2014-05-08,2014,,94.0,,,0,0,N,0.0,0.0,0.0,,,,,,,,35.94353,-86.81045,False,Crashes_2010_2019_MPO
101711448,2017-07-25,2017,,19.0,,,0,0,N,0.0,0.0,0.0,,,,,,,,36.02529,-86.74262,False,Crashes_2010_2019_MPO
102600324,2019-12-17,2019,,94.0,,,0,0,N,0.0,0.0,0.0,,,,,,,,35.96518,-86.80029,True,Crashes_2010_2019_MPO
101625636,2017-04-25,2017,,94.0,,,0,0,N,0.0,0.0,0.0,,,,,,,,35.95102,-86.80784,False,Crashes_2010_2019_MPO
101004450,2015-11-06,2015,,19.0,,,0,0,N,0.0,0.0,0.0,,,,,,,,36.04514,-86.71323,False,Crashes_2010_2019_MPO
100375916,2013-09-06,2013,,94.0,,,0,0,N,0.0,0.0,0.0,,,,,,,,35.94492,-86.80921,False,Crashes_2010_2019_MPO
102123486,2018-08-26,2018,,94.0,,,0,0,N,0.0,0.0,0.0,,,,,,,,35.99155,-86.69638,True,Crashes_2010_2019_MPO
101977537,2018-04-13,2018,,94.0,,,0,0,N,0.0,0.0,0.0,,,,,,,,35.9948,-86.79769,True,Crashes_2010_2019_MPO
101946334,2018-03-16,2018,,94.0,,,0,0,N,0.0,0.0,0.0,,,,,,,,35.93873,-86.82946,False,Crashes_2010_2019_MPO
101941785,2018-03-12,2018,,19.0,,,0,0,N,0.0,0.0,0.0,,,,,,,,36.04536,-86.70266,False,Crashes_2010_2019_MPO
102095238,2018-08-02,2018,,19.0,,,0,0,N,0.0,0.0,0.0,,,,,,,,36.04662,-86.71341,False,Crashes_2010_2019_MPO
101464610,2016-12-01,2016,,94.0,,,0,0,N,0.0,0.0,0.0,,,,,,,,35.966694,-86.809137,True,Crashes_2010_2019_MPO