mstrrecnbr,collision_ts,year,county,countystat,crash,crash_type,fatalities,non_motorists,commercial,fatal_c,nonmotor_c,truck_c,fatalc,serious_injuries,ped,bike,lighting,weather,first_harmful_event,latitude,longitude,in_city,src_layer
100911030,2015-07-22,2015,,94.0,,,0,0,N,0.0,0.0,0.0,,,,,,,,35.93183,-86.8016,False,Crashes_2010_2019_MPO
100945285,2015-09-05,2015,,19.0,,,0,0,N,0.0,0.0,0.0,,,,,,,,36.04569,-86.72063,False,Crashes_2010_2019_MPO
102055622,2018-06-27,2018,,94.0,,,0,0,N,0.0,0.0,0.0,,,,,,,,35.99551,-86.77887,True,Crashes_2010_2019_MPO
100923655,2015-08-15,2015,,94.0,,,0,0,N,0.0,0.0,0.0,,,,,,,,35.95579,-86.8308,False,Crashes_2010_2019_MPO
101737750,2017-08-21,2017,,19.0,,,0,0,N,0.0,0.0,0.0,,,,,,,,36.0453,-86.70168,False,Crashes_2010_2019_MPO
102011629,2018-05-15,2018,,94.0,,,0,0,Y,0.0,0.0,1.0,,,,,,,,36.00849,-86.78639,True,Crashes_2010_2019_MPO
102509202,2019-09-14,2019,,94.0,,,0,0,N,0.0,0.0,0.0,,,,,,,,35.94612,-86.82346,False,Crashes_2010_2019_MPO
101769617,2017-09-21,2017,,94.0,,,0,0,N,0.0,0.0,0.0,,,,,,,,35.93215,-86.79441,False,Crashes_2010_2019_MPO
101531030,2017-01-21,2017,,94.0,,,0,0,N,0.0,0.0,0.0,,,,,,,,36.0026,-86.80746,True,Crashes_2010_2019_MPO
100423893,2013-12-24,2013,,94.0,,,0,0,N,0.0,0.0,0.0,,,,,,,,35.9254,-86.78307,False,Crashes_2010_2019_MPO
101300267,2016-07-21,2016,,19.0,,,0,0,N,0.0,0.0,0.0,,,,,,,,36.03735,-86.785,False,Crashes_2010_2019_MPO
101192424,2016-05-11,2016,,94.0,,,0,0,N,0.0,0.0,0.0,,,,,,,,35.94683,-86.85172,False,Crashes_2010_2019_MPO
100820422,2015-04-19,2015,,94.0,,,0,0,N,0.0,0.0,0.0,,,,,,,,35.93848,-86.81723,False,Crashes_2010_2019_MPO
100415131,2013-12-05,2013,,94.0,,,0,0,Y,0.0,0.0,1.0,,,,,,,,36.01401,-86.8383,False,Crashes_2010_2019_MPO
102279009,2019-01-16,2019,,94.0,,,0,0,N,0.0,0.0,0.0,,,,,,,,35.99734,-86.79486,True,Crashes_2010_2019_MPO
100368022,2013-08-17,2013,,94.0,,,0,0,N,0.0,0.0,0.0,,,,,,,,35.92486,-86.87406,False,Crashes_2010_2019_MPO
100461936,2014-03-08,2014,,94.0,,,0,0,N,0.0,0.0,0.0,,,,,,,,35.93581,-86.81814,False,Crashes_2010_2019_MPO
102189851,2018-10-26,2018,,19.0,,,0,0,N,0.0,0.0,0.0,,,,,,,,36.0347,-86.76873,False,Crashes_2010_2019_MPO
101851929,2017-12-08,2017,,19.0,,,0,0,N,0.0,0.0,0.0,,,,,,,,36.04084,-86.77347,False,Crashes_2010_2019_MPO
101471220,2016-12-08,2016,,94.0,,,0,0,N,0.0,0.0,0.0,,,,,,,,35.92641,-86.82447,False,Crashes_2010_2019_MPO
100421130,2013-12-13,2013,,94.0,,,0,0,N,0.0,0.0,0.0,,,,,,,,35.9709,-86.80639,True,Crashes_2010_2019_MPO
101155132,2016-03-31,2016,,19.0,,,0,0,N,0.0,0.0,0.0,,,,,,,,36.05482,-86.72881,False,Crashes_2010_2019_MPO
100169828,2012-04-16,2012,,94.0,,,0,0,N,0.0,0.0,0.0,,,,,,,,35.97881,-86.72529,True,Crashes_2010_2019_MPO
101574562,2017-03-06,2017,,19.0,,,0,0,N,0.0,0.0,0.0,,,,,,,,36.01854,-86.70852,False,Crashes_2010_2019_MPO
100380064,2013-09-17,2013,,94.0,,,0,0,N,0.0,0.0,0.0,,,,,,,,35.96492,-86.7936,True,Crashes_2010_2019_MPO
101391376,2016-09-28,2016,,19.0,,,0,0,N,0.0,0.0,0.0,,,,,,,,36.04534,-86.70222,False,Crashes_2010_2019_MPO
100398582,2013-10-31,2013,,94.0,,,0,0,N,0.0,0.0,0.0,,,,,,,,35.96631,-86.81376,False,Crashes_2010_2019_MPO
101549784,2017-02-10,2017,,94.0,,,0,0,N,0.0,0.0,0.0,,,,,,,,35.93136,-86.82408,False,Crashes_2010_2019_MPO
100643809,2014-10-15,2014,,94.0,,,0,0,N,0.0,0.0,0.0,,,,,,,,36.02581,-86.78527,True,Crashes_2010_2019_MPO
101927402,2018-02-26,2018,,19.0,,,0,0,N,0.0,0.0,0.0,,,,,,,,36.04557,-86.71114,False,Crashes_2010_2019_MPO
102139386,2018-09-09,2018,,94.0,,,0,0,N,0.0,0.0,0.0,,,,,,,,36.0158,-86.8211,True,Crashes_2010_2019_MPO
100753401,2015-02-26,2015,,94.0,,,0,0,N,0.0,0.0,0.0,,,,,,,,35.9346,-86.82004,False,Crashes_2010_2019_MPO
102569760,2019-11-16,2019,,94.0,,,0,0,N,0.0,0.0,0.0,,,,,,,,35.92874,-86.75348,False,Crashes_2010_2019_MPO
102099571,2018-08-05,2018,,19.0,,,0,0,N,0.0,0.0,0.0,,,,,,,,36.02522,-86.71118,False,Crashes_2010_2019_MPO
102546696,2019-10-23,2019,,94.0,,,0,0,N,0.0,0.0,0.0,,,,,,,,35.99667,-86.79007,True,Crashes_2010_2019_MPO
102054349,2018-06-26,2018,,94.0,,,0,0,N,0.0,0.0,0.0,,,,,,,,36.03335,-86.78866,True,Crashes_2010_2019_MPO
101152223,2016-03-27,2016,,94.0,,,0,0,N,0.0,0.0,0.0,,,,,,,,36.0223,-86.7869,True,Crashes_2010_2019_MPO
100421615,2013-12-19,2013,,94.0,,,0,0,N,0.0,0.0,0.0,,,,,,,,35.96598,-86.80791,False,Crashes_2010_2019_MPO
100542082,2014-05-22,2014,,94.0,,,0,0,N,0.0,0.0,0.0,,,,,,,,35.9249,-86.87397,False,Crashes_2010_2019_MPO
101705694,2017-07-19,2017,,94.0,,,0,0,N,0.0,0.0,0.0,,,,,,,,35.92558,-86.87283,False,Crashes_2010_2019_MPO
101656865,2017-05-26,2017,,94.0,,,0,0,N,0.0,0.0,0.0,,,,,,,,35.94175,-86.82119,False,Crashes_2010_2019_MPO
101478075,2016-12-15,2016,,94.0,,,0,0,N,0.0,0.0,0.0,,,,,,,,35.96681,-86.81119,True,Crashes_2010_2019_MPO
100831659,2015-05-10,2015,,19.0,,,0,0,N,0.0,0.0,0.0,,,,,,,,36.04273,-86.84013,False,Crashes_2010_2019_MPO
101357212,2016-09-09,2016,,19.0,,,0,0,N,0.0,0.0,0.0,,,,,,,,36.0417,-86.74862,False,Crashes_2010_2019_MPO
102524374,2019-09-29,2019,,19.0,,,0,0,N,0.0,0.0,0.0,,,,,,,,36.04012,-86.74449,False,Crashes_2010_2019_MPO
100240595,2012-10-20,2012,,94.0,,,0,0,N,0.0,0.0,0.0,,,,,,,,35.995,-86.7977,True,Crashes_2010_2019_MPO
102329753,2019-02-26,2019,,94.0,,,0,0,N,0.0,0.0,0.0,,,,,,,,35.95978,-86.81009,False,Crashes_2010_2019_MPO
102031879,2018-06-03,2018,,19.0,,,0,0,N,0.0,0.0,0.0,,,,,,,,36.04646,-86.71339,False,Crashes_2010_2019_MPO
101241521,2016-06-08,2016,,94.0,,,0,0,N,0.0,0.0,0.0,,,,,,,,35.94487,-86.82877,False,Crashes_2010_2019_MPO
102596852,2019-12-13,2019,,94.0,,,0,0,N,0.0,0.0,0.0,,,,,,,,35.94707,-86.80819,False,Crashes_2010_2019_MPO
100457697,2014-02-26,2014,,94.0,,,0,0,N,0.0,0.0,0.0,,,,,,,,35.94463,-86.80908,False,Crashes_2010_2019_MPO
102119587,2018-08-23,2018,,19.0,,,0,0,N,0.0,0.0,0.0,,,,,,,,36.05058,-86.77207,False,Crashes_2010_2019_MPO
101106292,2016-02-15,2016,,19.0,,,0,0,N,0.0,0.0,0.0,,,,,,,,36.05149,-86.71423,False,Crashes_2010_2019_MPO
101768675,2017-09-20,2017,,94.0,,,0,0,N,0.0,0.0,0.0,,,,,,,,36.03122,-86.87558,False,Crashes_2010_2019_MPO
100369515,2013-08-18,2013,,94.0,,,0,0,N,0.0,0.0,0.0,,,,,,,,35.94707,-86.8219,False,Crashes_2010_2019_MPO
101404455,2016-10-15,2016,,94.0,,,0,0,N,0.0,0.0,0.0,,,,,,,,35.94807,-86.81993,False,Crashes_2010_2019_MPO
101606227,2017-04-07,2017,,94.0,,,0,0,N,0.0,0.0,0.0,,,,,,,,35.94595,-86.81488,False,Crashes_2010_2019_MPO
101067270,2015-12-26,2015,,94.0,,,0,0,N,0.0,0.0,0.0,,,,,,,,35.95747,-86.81638,False,Crashes_2010_2019_MPO
102361201,2019-04-14,2019,,19.0,,,0,0,N,0.0,0.0,0.0,,,,,,,,36.04127,-86.74665,False,Crashes_2010_2019_MPO
100414606,2013-12-04,2013,,94.0,,,0,0,N,0.0,0.0,0.0,,,,,,,,35.96622,-86.808,True,Crashes_2010_2019_MPO
100637275,2014-10-02,2014,,94.0,,,0,0,N,0.0,0.0,0.0,,,,,,,,36.01079,-86.72313,False,Crashes_2010_2019_MPO
101610128,2017-04-10,2017,,94.0,,,0,0,N,0.0,0.0,0.0,,,,,,,,36.03551,-86.78748,True,Crashes_2010_2019_MPO
102399821,2019-05-25,2019,,19.0,,,0,0,N,0.0,0.0,0.0,,,,,,,,36.04671,-86.7252,False,Crashes_2010_2019_MPO
100657448,2014-10-22,2014,,94.0,,,0,0,N,0.0,0.0,0.0,,,,,,,,35.96503,-86.81598,True,Crashes_2010_2019_MPO
101420682,2016-10-23,2016,,94.0,,,0,0,N,0.0,0.0,0.0,,,,,,,,35.92254,-86.87194,False,Crashes_2010_2019_MPO
101863755,2017-12-19,2017,,94.0,,,0,0,N,0.0,0.0,0.0,,,,,,,,35.95724,-86.81662,False,Crashes_2010_2019_MPO
100657846,2014-10-23,2014,,94.0,,,0,0,N,0.0,0.0,0.0,,,,,,,,35.92955,-86.84264,False,Crashes_2010_2019_MPO
100823323,2015-04-24,2015,,19.0,,,0,0,N,0.0,0.0,0.0,,,,,,,,36.05057,-86.87756,False,Crashes_2010_2019_MPO
102511375,2019-09-16,2019,,19.0,,,0,0,N,0.0,0.0,0.0,,,,,,,,36.04743,-86.86319,False,Crashes_2010_2019_MPO
101350142,2016-08-31,2016,,94.0,,,0,0,N,0.0,0.0,0.0,,,,,,,,35.9899,-86.79939,True,Crashes_2010_2019_MPO
102049109,2018-06-19,2018,,94.0,,,0,0,N,0.0,0.0,0.0,,,,,,,,36.01337,-86.78119,True,Crashes_2010_2019_MPO
101096631,2016-01-30,2016,,94.0,,,0,0,N,0.0,0.0,0.0,,,,,,,,36.02395,-86.81964,True,Crashes_2010_2019_MPO
102265413,2019-01-03,2019,,19.0,,,0,0,N,0.0,0.0,0.0,,,,,,,,36.04465,-86.78044,False,Crashes_2010_2019_MPO
101404987,2016-10-16,2016,,19.0,,,0,0,N,0.0,0.0,0.0,,,,,,,,36.0374,-86.78657,False,Crashes_2010_2019_MPO
100718892,2015-01-07,2015,,94.0,,,0,0,N,0.0,0.0,0.0,,,,,,,,35.96422,-86.69237,False,Crashes_2010_2019_MPO
101980360,2018-04-17,2018,,19.0,,,0,0,N,0.0,0.0,0.0,,,,,,,,36.04114,-86.77621,False,Crashes_2010_2019_MPO
102491713,2019-08-29,2019,,94.0,,,0,0,N,0.0,0.0,0.0,,,,,,,,35.98439,-86.72434,True,Crashes_2010_2019_MPO
100794667,2015-03-19,2015,,94.0,,,0,0,N,0.0,0.0,0.0,,,,,,,,35.96671,-86.8112,True,Crashes_2010_2019_MPO
101105389,2016-02-13,2016,,94.0,,,0,0,N,0.0,0.0,0.0,,,,,,,,35.92624,-86.82222,False,Crashes_2010_2019_MPO
101302520,2016-07-25,2016,,94.0,,,0,0,N,0.0,0.0,0.0,,,,,,,,35.94738,-86.82047,False,Crashes_2010_2019_MPO
101693325,2017-07-05,2017,,94.0,,,0,0,N,0.0,0.0,0.0,,,,,,,,35.9429,-86.82091,False,Crashes_2010_2019_MPO
102503117,2019-09-08,2019,,94.0,,,0,0,N,0.0,0.0,0.0,,,,,,,,35.95739,-86.81618,False,Crashes_2010_2019_MPO
102575362,2019-11-21,2019,,94.0,,,0,0,N,0.0,0.0,0.0,,,,,,,,35.9654,-86.80787,False,Crashes_2010_2019_MPO
102535538,2019-10-11,2019,,19.0,,,0,0,N,0.0,0.0,0.0,,,,,,,,36.04668,-86.72506,False,Crashes_2010_2019_MPO
100800976,2015-04-01,2015,,19.0,,,0,0,N,0.0,0.0,0.0,,,,,,,,36.03293,-86.71286,False,Crashes_2010_2019_MPO
102607847,2019-12-26,2019,,94.0,,,0,0,N,0.0,0.0,0.0,,,,,,,,35.96662,-86.81058,True,Crashes_2010_2019_MPO
101678788,2017-06-20,2017,,94.0,,,0,0,N,0.0,0.0,0.0,,,,,,,,36.02528,-86.78531,True,Crashes_2010_2019_MPO
102572876,2019-11-19,2019,,19.0,,,0,0,N,0.0,0.0,0.0,,,,,,,,36.04674,-86.77681,False,Crashes_2010_2019_MPO
100500787,2014-04-21,2014,,94.0,,,0,0,Y,0.0,0.0,1.0,,,,,,,,35.99306,-86.79829,True,Crashes_2010_2019_MPO
102216785,2018-11-16,2018,,94.0,,,0,0,N,0.0,0.0,0.0,,,,,,,,35.96845,-86.81905,True,Crashes_2010_2019_MPO
10378905,2011-02-28,2011,,19.0,,,0,0, ,0.0,0.0,0.0,,,,,,,,36.033778,-86.712935,False,Crashes_2010_2019_MPO
101596614,2017-03-28,2017,,19.0,,,0,0,N,0.0,0.0,0.0,,,,,,,,36.04001,-86.74347,False,Crashes_2010_2019_MPO
100946670,2015-09-08,2015,,94.0,,,0,0,N,0.0,0.0,0.0,,,,,,,,36.02174,-86.79325,True,Crashes_2010_2019_MPO
100938185,2015-08-17,2015,,94.0,,,0,0,N,0.0,0.0,0.0,,,,,,,,35.93773,-86.70411,False,Crashes_2010_2019_MPO
102264800,2018-12-31,2018,,94.0,,,0,0,N,0.0,0.0,0.0,,,,,,,,35.96798,-86.81833,True,Crashes_2010_2019_MPO
102301627,2019-02-09,2019,,94.0,,,0,0,N,0.0,0.0,0.0,,,,,,,,35.94616,-86.80856,False,Crashes_2010_2019_MPO
101318718,2016-08-02,2016,,94.0,,,0,0,N,0.0,0.0,0.0,,,,,,,,35.97103,-86.72644,True,Crashes_2010_2019_MPO
100404463,2013-11-13,2013,,94.0,,,0,0,N,0.0,0.0,0.0,,,,,,,,35.96708,-86.81356,True,Crashes_2010_2019_MPO
100773728,2015-03-17,2015,,94.0,,,0,0,N,0.0,0.0,0.0,,,,,,,,35.94531,-86.82307,False,Crashes_2010_2019_MPO
101979440,2018-04-16,2018,,94.0,,,0,0,N,0.0,0.0,0.0,,,,,,,,36.033304,-86.788748,True,Crashes_2010_2019_MPO
100637225,2014-10-02,2014,,19.0,,,0,0,N,0.0,0.0,0.0,,,,,,,,36.04642,-86.85879,False,Crashes_2010_2019_MPO
101713389,2017-07-27,2017,,94.0,,,0,0,N,0.0,0.0,0.0,,,,,,,,35.96737,-86.81521,True,Crashes_2010_2019_MPO
10600805,2010-10-13,2010,,19.0,,,0,0, ,0.0,0.0,0.0,,,,,,,,36.045464,-86.704359,False,Crashes_2010_2019_MPO
101333661,2016-08-22,2016,,94.0,,,0,0,N,0.0,0.0,0.0,,,,,,,,35.93978,-86.81662,False,Crashes_2010_2019_MPO
102334379,2019-03-18,2019,,94.0,,,0,0,N,0.0,0.0,0.0,,,,,,,,36.03321,-86.78775,True,Crashes_2010_2019_MPO
101844659,2017-12-01,2017,,94.0,,,0,0,N,0.0,0.0,0.0,,,,,,,,36.03652,-86.80101,True,Crashes_2010_2019_MPO
101725524,2017-08-09,2017,,19.0,,,0,0,N,0.0,0.0,0.0,,,,,,,,36.03817,-86.78439,False,Crashes_2010_2019_MPO
101691611,2017-07-03,2017,,94.0,,,0,0,N,0.0,0.0,0.0,,,,,,,,35.96681,-86.81119,True,Crashes_2010_2019_MPO
101829044,2017-11-17,2017,,94.0,,,0,0,N,0.0,0.0,0.0,,,,,,,,36.01978,-86.74213,False,Crashes_2010_2019_MPO
101102991,2016-02-10,2016,,94.0,,,0,0,N,0.0,0.0,0.0,,,,,,,,35.96383,-86.82676,False,Crashes_2010_2019_MPO
101079637,2016-01-18,2016,,94.0,,,0,0,N,0.0,0.0,0.0,,,,,,,,35.93051,-86.84784,False,Crashes_2010_2019_MPO
102183375,2018-10-19,2018,,94.0,,,0,0,N,0.0,0.0,0.0,,,,,,,,36.03319,-86.7876,True,Crashes_2010_2019_MPO
100633172,2014-09-24,2014,,94.0,,,0,0,N,0.0,0.0,0.0,,,,,,,,35.93193,-86.79397,False,Crashes_2010_2019_MPO
101240414,2016-06-06,2016,,94.0,,,0,0,N,0.0,0.0,0.0,,,,,,,,35.94587,-86.80663,False,Crashes_2010_2019_MPO
101186016,2016-04-30,2016,,94.0,,,0,0,N,0.0,0.0,0.0,,,,,,,,35.94729,-86.82352,False,Crashes_2010_2019_MPO
102256457,2018-12-24,2018,,94.0,,,0,0,N,0.0,0.0,0.0,,,,,,,,35.92585,-86.86758,False,Crashes_2010_2019_MPO
101119618,2016-02-20,2016,,94.0,,,0,0,N,0.0,0.0,0.0,,,,,,,,35.94505,-86.87877,False,Crashes_2010_2019_MPO
100667169,2014-11-08,2014,,19.0,,,0,0,N,0.0,0.0,0.0,,,,,,,,36.01743,-86.70735,False,Crashes_2010_2019_MPO
100733472,2015-02-06,2015,,19.0,,,0,0,N,0.0,0.0,0.0,,,,,,,,36.02551,-86.71302,False,Crashes_2010_2019_MPO
101316085,2016-07-29,2016,,94.0,,,0,0,N,0.0,0.0,0.0,,,,,,,,35.95594,-86.83223,False,Crashes_2010_2019_MPO
102292676,2019-01-31,2019,,94.0,,,0,0,N,0.0,0.0,0.0,,,,,,,,35.93327,-86.81473,False,Crashes_2010_2019_MPO
102513675,2019-09-19,2019,,94.0,,,0,0,N,0.0,0.0,0.0,,,,,,,,35.96737,-86.81517,True,Crashes_2010_2019_MPO
100936684,2015-08-20,2015,,19.0,,,0,0,N,0.0,0.0,0.0,,,,,,,,36.03821,-86.8009,False,Crashes_2010_2019_MPO
101794999,2017-10-17,2017,,94.0,,,0,0,N,0.0,0.0,0.0,,,,,,,,35.96181,-86.81434,False,Crashes_2010_2019_MPO
101131061,2016-03-10,2016,,94.0,,,0,0,N,0.0,0.0,0.0,,,,,,,,35.97645,-86.82756,True,Crashes_2010_2019_MPO
101595371,2017-03-27,2017,,94.0,,,0,0,N,0.0,0.0,0.0,,,,,,,,35.96756,-86.81042,True,Crashes_2010_2019_MPO
101833151,2017-11-21,2017,,94.0,,,0,0,N,0.0,0.0,0.0,,,,,,,,35.93374,-86.81767,False,Crashes_2010_2019_MPO
102174286,2018-06-28,2018,,94.0,,,0,0,N,0.0,0.0,0.0,,,,,,,,35.99462,-86.81269,True,Crashes_2010_2019_MPO
101692665,2017-07-03,2017,,94.0,,,0,0,N,0.0,0.0,0.0,,,,,,,,35.9407,-86.83934,False,Crashes_2010_2019_MPO
101075390,2016-01-10,2016,,19.0,,,0,0,N,0.0,0.0,0.0,,,,,,,,36.03358,-86.71296,False,Crashes_2010_2019_MPO
102423402,2019-06-19,2019,,94.0,,,0,0,N,0.0,0.0,0.0,,,,,,,,35.99554,-86.77921,True,Crashes_2010_2019_MPO
100654892,2014-10-11,2014,,94.0,,,0,0,N,0.0,0.0,0.0,,,,,,,,35.93001,-86.86434,False,Crashes_2010_2019_MPO
100484815,2014-04-10,2014,,94.0,,,0,0,N,0.0,0.0,0.0,,,,,,,,35.93896,-86.82152,False,Crashes_2010_2019_MPO
101238983,2016-06-03,2016,,94.0,,,0,0,N,0.0,0.0,0.0,,,,,,,,35.94643,-86.80901,False,Crashes_2010_2019_MPO
100331568,2013-05-20,2013,,94.0,,,0,0,N,0.0,0.0,0.0,,,,,,,,35.97318,-86.83112,True,Crashes_2010_2019_MPO
102273434,2019-01-11,2019,,94.0,,,0,0,N,0.0,0.0,0.0,,,,,,,,36.03435,-86.81721,True,Crashes_2010_2019_MPO
100608471,2014-08-21,2014,,94.0,,,0,0,N,0.0,0.0,0.0,,,,,,,,35.94897,-86.744,True,Crashes_2010_2019_MPO
102431282,2019-06-27,2019,,94.0,,,0,0,N,0.0,0.0,0.0,,,,,,,,35.94456,-86.82276,False,Crashes_2010_2019_MPO
102200195,2018-11-03,2018,,19.0,,,0,0,N,0.0,0.0,0.0,,,,,,,,36.03515,-86.87489,False,Crashes_2010_2019_MPO
101631100,2017-05-01,2017,,94.0,,,0,0,N,0.0,0.0,0.0,,,,,,,,35.96716,-86.81351,True,Crashes_2010_2019_MPO
100388539,2013-10-07,2013,,94.0,,,0,0,N,0.0,0.0,0.0,,,,,,,,36.00299,-86.74259,True,Crashes_2010_2019_MPO
100853528,2015-06-01,2015,,19.0,,,0,0,N,0.0,0.0,0.0,,,,,,,,36.04545,-86.7036,False,Crashes_2010_2019_MPO
102205432,2018-11-09,2018,,19.0,,,0,0,N,0.0,0.0,0.0,,,,,,,,36.05461,-86.7562,False,Crashes_2010_2019_MPO
102527135,2019-10-02,2019,,19.0,,,0,0,N,0.0,0.0,0.0,,,,,,,,36.04744,-86.86263,False,Crashes_2010_2019_MPO
101302191,2016-07-24,2016,,94.0,,,0,0,N,0.0,0.0,0.0,,,,,,,,35.95411,-86.81553,False,Crashes_2010_2019_MPO
101980266,2018-04-17,2018,,94.0,,,0,0,N,0.0,0.0,0.0,,,,,,,,35.94916,-86.74352,True,Crashes_2010_2019_MPO
100680583,2014-11-14,2014,,19.0,,,0,0,N,0.0,0.0,0.0,,,,,,,,36.00901,-86.70141,False,Crashes_2010_2019_MPO
101577913,2017-03-09,2017,,94.0,,,0,0,N,0.0,0.0,0.0,,,,,,,,35.98372,-86.70416,True,Crashes_2010_2019_MPO
101617755,2017-04-17,2017,,94.0,,,0,0,N,0.0,0.0,0.0,,,,,,,,35.98439,-86.72434,True,Crashes_2010_2019_MPO
100428800,2014-01-09,2014,,94.0,,,0,0,N,0.0,0.0,0.0,,,,,,,,36.01234,-86.80117,True,Crashes_2010_2019_MPO
100654125,2014-10-15,2014,,94.0,,,0,0,N,0.0,0.0,0.0,,,,,,,,35.9662,-86.70069,False,Crashes_2010_2019_MPO
101957356,2018-03-26,2018,,94.0,,,0,0,N,0.0,0.0,0.0,,,,,,,,35.94762,-86.83254,False,Crashes_2010_2019_MPO
100977943,2015-10-12,2015,,19.0,,,0,0,N,0.0,0.0,0.0,,,,,,,,36.05084,-86.69815,False,Crashes_2010_2019_MPO
101077450,2016-01-14,2016,,19.0,,,0,0,N,0.0,0.0,0.0,,,,,,,,36.01222,-86.7035,False,Crashes_2010_2019_MPO
101951650,2018-03-21,2018,,94.0,,,0,0,N,0.0,0.0,0.0,,,,,,,,36.00874,-86.78613,True,Crashes_2010_2019_MPO
101458804,2016-11-24,2016,,19.0,,,0,0,N,0.0,0.0,0.0,,,,,,,,36.04231,-86.72652,False,Crashes_2010_2019_MPO
101751592,2017-09-04,2017,,94.0,,,0,0,N,0.0,0.0,0.0,,,,,,,,35.96647,-86.81129,False,Crashes_2010_2019_MPO
102436288,2019-07-03,2019,,94.0,,,0,0,N,0.0,0.0,0.0,,,,,,,,35.95051,-86.76622,True,Crashes_2010_2019_MPO
102472395,2019-08-09,2019,,94.0,,,0,0,N,0.0,0.0,0.0,,,,,,,,36.02055,-86.78339,True,Crashes_2010_2019_MPO
101717004,2017-07-31,2017,,94.0,,,0,0,N,0.0,0.0,0.0,,,,,,,,35.95745,-86.85013,False,Crashes_2010_2019_MPO
101827326,2017-11-13,2017,,94.0,,,0,0,N,0.0,0.0,0.0,,,,,,,,35.98607,-86.73688,True,Crashes_2010_2019_MPO
100481718,2014-04-03,2014,,94.0,,,0,0,N,0.0,0.0,0.0,,,,,,,,35.99551,-86.77889,True,Crashes_2010_2019_MPO
100409253,2013-11-22,2013,,94.0,,,0,0,N,0.0,0.0,0.0,,,,,,,,36.01289,-86.80078,True,Crashes_2010_2019_MPO
101329079,2016-08-16,2016,,94.0,,,0,0,N,0.0,0.0,0.0,,,,,,,,35.94662,-86.80988,False,Crashes_2010_2019_MPO
102495048,2019-09-01,2019,,94.0,,,0,0,N,0.0,0.0,0.0,,,,,,,,35.96194,-86.70982,True,Crashes_2010_2019_MPO
100318621,2013-04-20,2013,,94.0,,,0,0,N,0.0,0.0,0.0,,,,,,,,35.96349,-86.80877,False,Crashes_2010_2019_MPO
102013882,2018-05-17,2018,,94.0,,,0,0,N,0.0,0.0,0.0,,,,,,,,35.92826,-86.76711,False,Crashes_2010_2019_MPO
101181615,2016-04-26,2016,,94.0,,,0,0,N,0.0,0.0,0.0,,,,,,,,35.94957,-86.75566,True,Crashes_2010_2019_MPO
102605261,2019-12-22,2019,,19.0,,,0,0,N,0.0,0.0,0.0,,,,,,,,36.04543,-86.70361,False,Crashes_2010_2019_MPO
101483161,2016-12-21,2016,,19.0,,,0,0,N,0.0,0.0,0.0,,,,,,,,36.04074,-86.78273,False,Crashes_2010_2019_MPO
101937860,2018-03-08,2018,,94.0,,,0,0,N,0.0,0.0,0.0,,,,,,,,35.92984,-86.84181,False,Crashes_2010_2019_MPO
102596385,2019-12-13,2019,,94.0,,,0,0,N,0.0,0.0,0.0,,,,,,,,35.98449,-86.72477,True,Crashes_2010_2019_MPO
101912117,2018-02-10,2018,,19.0,,,0,0,N,0.0,0.0,0.0,,,,,,,,36.05022,-86.69663,False,Crashes_2010_2019_MPO
100883406,2015-07-08,2015,,19.0,,,0,0,N,0.0,0.0,0.0,,,,,,,,36.0406,-86.7798,False,Crashes_2010_2019_MPO
100508749,2014-05-14,2014,,94.0,,,0,0,N,0.0,0.0,0.0,,,,,,,,35.93739,-86.87833,False,Crashes_2010_2019_MPO
101601384,2017-04-02,2017,,19.0,,,0,0,N,0.0,0.0,0.0,,,,,,,,36.04073,-86.78124,False,Crashes_2010_2019_MPO
101074257,2016-01-08,2016,,94.0,,,0,0,N,0.0,0.0,0.0,,,,,,,,35.94778,-86.81994,False,Crashes_2010_2019_MPO
101245521,2016-06-13,2016,,94.0,,,0,0,N,0.0,0.0,0.0,,,,,,,,35.95724,-86.81662,False,Crashes_2010_2019_MPO
101300757,2016-07-22,2016,,94.0,,,0,0,N,0.0,0.0,0.0,,,,,,,,35.9775,-86.8533,False,Crashes_2010_2019_MPO
102263824,2019-01-01,2019,,19.0,,,0,0,N,0.0,0.0,0.0,,,,,,,,36.04867,-86.71821,False,Crashes_2010_2019_MPO
102012490,2018-05-16,2018,,94.0,,,0,0,N,0.0,0.0,0.0,,,,,,,,35.94616,-86.80856,False,Crashes_2010_2019_MPO
102098530,2018-08-04,2018,,19.0,,,0,0,N,0.0,0.0,0.0,,,,,,,,36.04071,-86.77973,False,Crashes_2010_2019_MPO
10379065,2011-02-21,2011,,19.0,,,0,0, ,0.0,0.0,0.0,,,,,,,,36.045191,-86.715598,False,Crashes_2010_2019_MPO
102588121,2019-12-04,2019,,94.0,,,0,0,N,0.0,0.0,0.0,,,,,,,,35.96453,-86.81428,False,Crashes_2010_2019_MPO
100157719,2012-03-14,2012,,94.0,,,0,0,N,0.0,0.0,0.0,,,,,,,,35.99515,-86.7749,True,Crashes_2010_2019_MPO
101095426,2016-01-28,2016,,94.0,,,0,0,N,0.0,0.0,0.0,,,,,,,,35.95892,-86.81088,False,Crashes_2010_2019_MPO
100463438,2014-03-08,2014,,94.0,,,0,0,N,0.0,0.0,0.0,,,,,,,,35.92954,-86.84187,False,Crashes_2010_2019_MPO
102525788,2019-10-01,2019,,19.0,,,0,0,N,0.0,0.0,0.0,,,,,,,,36.04699,-86.86149,False,Crashes_2010_2019_MPO
101642364,2017-05-10,2017,,94.0,,,0,0,N,0.0,0.0,0.0,,,,,,,,35.96681,-86.81119,True,Crashes_2010_2019_MPO
101869843,2017-12-27,2017,,19.0,,,0,0,N,0.0,0.0,0.0,,,,,,,,36.03806,-86.71307,False,Crashes_2010_2019_MPO
101077122,2016-01-13,2016,,19.0,,,0,0,N,0.0,0.0,0.0,,,,,,,,36.03047,-86.74398,False,Crashes_2010_2019_MPO