mstrrecnbr,collision_ts,year,county,countystat,crash,crash_type,fatalities,non_motorists,commercial,fatal_c,nonmotor_c,truck_c,fatalc,serious_injuries,ped,bike,lighting,weather,first_harmful_event,latitude,longitude,in_city,src_layer
101188661,2016-05-06,2016,,94.0,,,0,0,N,0.0,0.0,0.0,,,,,,,,35.97334,-86.83305,True,Crashes_2010_2019_MPO
101066165,2015-12-24,2015,,94.0,,,0,0,N,0.0,0.0,0.0,,,,,,,,35.94644,-86.80868,False,Crashes_2010_2019_MPO
101578729,2017-03-10,2017,,19.0,,,0,0,N,0.0,0.0,0.0,,,,,,,,36.04301,-86.84231,False,Crashes_2010_2019_MPO
102535884,2019-10-12,2019,,94.0,,,0,0,N,0.0,0.0,0.0,,,,,,,,36.01729,-86.79775,True,Crashes_2010_2019_MPO
100313982,2013-04-09,2013,,94.0,,,0,0,N,0.0,0.0,0.0,,,,,,,,35.92831,-86.75727,False,Crashes_2010_2019_MPO
101392901,2016-09-30,2016,,19.0,,,0,0,N,0.0,0.0,0.0,,,,,,,,36.04549,-86.71195,False,Crashes_2010_2019_MPO
101918233,2018-02-16,2018,,94.0,,,0,0,N,0.0,0.0,0.0,,,,,,,,35.96098,-86.8094,False,Crashes_2010_2019_MPO
101482833,2016-12-20,2016,,19.0,,,0,1,N,0.0,1.0,0.0,,,,,,,,35.99687,-86.68989,False,Crashes_2010_2019_MPO
101535244,2017-01-26,2017,,94.0,,,0,0,N,0.0,0.0,0.0,,,,,,,,36.01327,-86.80194,True,Crashes_2010_2019_MPO
101104985,2016-02-13,2016,,19.0,,,0,0,N,0.0,0.0,0.0,,,,,,,,36.04233,-86.71283,False,Crashes_2010_2019_MPO
101042122,2015-12-03,2015,,94.0,,,0,0,N,0.0,0.0,0.0,,,,,,,,35.99178,-86.79874,True,Crashes_2010_2019_MPO
100883574,2015-07-09,2015,,19.0,,,0,0,N,0.0,0.0,0.0,,,,,,,,36.0398,-86.74023,False,Crashes_2010_2019_MPO
101424106,2016-10-26,2016,,94.0,,,0,0,N,0.0,0.0,0.0,,,,,,,,35.94433,-86.846,False,Crashes_2010_2019_MPO
101047150,2015-12-11,2015,,19.0,,,0,0,N,0.0,0.0,0.0,,,,,,,,36.03996,-86.74349,False,Crashes_2010_2019_MPO
100855457,2015-06-04,2015,,94.0,,,0,0,N,0.0,0.0,0.0,,,,,,,,35.93253,-86.80676,False,Crashes_2010_2019_MPO
100886457,2015-07-14,2015,,19.0,,,0,0,N,0.0,0.0,0.0,,,,,,,,36.04472,-86.72487,False,Crashes_2010_2019_MPO
100507169,2014-05-10,2014,,94.0,,,0,0,N,0.0,0.0,0.0,,,,,,,,35.92846,-86.83378,False,Crashes_2010_2019_MPO
100270150,2012-12-21,2012,,94.0,,,0,0,N,0.0,0.0,0.0,,,,,,,,35.94173,-86.82105,False,Crashes_2010_2019_MPO
100407134,2013-11-18,2013,,94.0,,,0,0,N,0.0,0.0,0.0,,,,,,,,35.96532,-86.79991,True,Crashes_2010_2019_MPO
101576044,2017-03-07,2017,,94.0,,,0,0,N,0.0,0.0,0.0,,,,,,,,35.95063,-86.81877,False,Crashes_2010_2019_MPO
102343793,2019-03-28,2019,,19.0,,,0,0,N,0.0,0.0,0.0,,,,,,,,36.05076,-86.8792,False,Crashes_2010_2019_MPO
100819133,2015-04-16,2015,,94.0,,,0,0,N,0.0,0.0,0.0,,,,,,,,35.92487,-86.86528,False,Crashes_2010_2019_MPO
102417920,2019-06-13,2019,,94.0,,,0,0,N,0.0,0.0,0.0,,,,,,,,35.96202,-86.81533,False,Crashes_2010_2019_MPO
100378007,2013-09-09,2013,,94.0,,,0,0,N,0.0,0.0,0.0,,,,,,,,35.95952,-86.80185,False,Crashes_2010_2019_MPO
101914302,2018-02-12,2018,,94.0,,,0,0,N,0.0,0.0,0.0,,,,,,,,36.01392,-86.71935,False,Crashes_2010_2019_MPO
100661998,2014-10-30,2014,,19.0,,,0,0,N,0.0,0.0,0.0,,,,,,,,36.04104,-86.71288,False,Crashes_2010_2019_MPO
101424891,2016-10-28,2016,,94.0,,,0,0,N,0.0,0.0,0.0,,,,,,,,35.99721,-86.79401,True,Crashes_2010_2019_MPO
102347021,2019-03-31,2019,,94.0,,,0,0,N,0.0,0.0,0.0,,,,,,,,36.02891,-86.79116,True,Crashes_2010_2019_MPO
102508242,2019-09-13,2019,,94.0,,,0,0,N,0.0,0.0,0.0,,,,,,,,35.96666,-86.80917,True,Crashes_2010_2019_MPO
102539746,2019-10-15,2019,,94.0,,,0,0,N,0.0,0.0,0.0,,,,,,,,35.93374,-86.81767,False,Crashes_2010_2019_MPO
100592581,2014-08-07,2014,,94.0,,,0,0,N,0.0,0.0,0.0,,,,,,,,36.0343,-86.79174,True,Crashes_2010_2019_MPO
101825977,2017-11-15,2017,,94.0,,,0,0,N,0.0,0.0,0.0,,,,,,,,35.93541,-86.82372,False,Crashes_2010_2019_MPO
102515540,2019-09-20,2019,,94.0,,,0,0,N,0.0,0.0,0.0,,,,,,,,36.04182,-86.86753,True,Crashes_2010_2019_MPO
102293136,2019-01-31,2019,,19.0,,,0,0,N,0.0,0.0,0.0,,,,,,,,36.03981,-86.74078,False,Crashes_2010_2019_MPO
101353860,2016-09-03,2016,,94.0,,,0,0,N,0.0,0.0,0.0,,,,,,,,36.0072,-86.8561,False,Crashes_2010_2019_MPO
101459962,2016-11-25,2016,,19.0,,,0,0,N,0.0,0.0,0.0,,,,,,,,36.03757,-86.7851,False,Crashes_2010_2019_MPO
100654882,2014-10-16,2014,,94.0,,,0,0,N,0.0,0.0,0.0,,,,,,,,36.0168,-86.79804,True,Crashes_2010_2019_MPO
101289151,2016-07-19,2016,,94.0,,,0,0,N,0.0,0.0,0.0,,,,,,,,35.96793,-86.81319,True,Crashes_2010_2019_MPO
101856498,2017-12-12,2017,,94.0,,,0,0,N,0.0,0.0,0.0,,,,,,,,35.92639,-86.8664,False,Crashes_2010_2019_MPO
102307005,2019-02-15,2019,,19.0,,,0,0,N,0.0,0.0,0.0,,,,,,,,36.03748,-86.76855,False,Crashes_2010_2019_MPO
10805908,2012-02-22,2012,,19.0,,,0,0, ,0.0,0.0,0.0,,,,,,,,36.040132,-86.712816,False,Crashes_2010_2019_MPO
101363582,2016-09-17,2016,,19.0,,,0,0,N,0.0,0.0,0.0,,,,,,,,36.04125,-86.77725,False,Crashes_2010_2019_MPO
102552182,2019-10-28,2019,,94.0,,,0,0,N,0.0,0.0,0.0,,,,,,,,36.00547,-86.86757,False,Crashes_2010_2019_MPO
101464528,2016-11-30,2016,,94.0,,,0,0,N,0.0,0.0,0.0,,,,,,,,35.97569,-86.83021,True,Crashes_2010_2019_MPO
100618814,2014-09-14,2014,,94.0,,,0,0,N,0.0,0.0,0.0,,,,,,,,35.93546,-86.82377,False,Crashes_2010_2019_MPO
101506418,2017-01-16,2017,,94.0,,,0,0,N,0.0,0.0,0.0,,,,,,,,36.03093,-86.78699,True,Crashes_2010_2019_MPO
100348650,2013-07-01,2013,,94.0,,,0,0,N,0.0,0.0,0.0,,,,,,,,35.94467,-86.82831,False,Crashes_2010_2019_MPO
102248491,2018-12-15,2018,,94.0,,,0,0,N,0.0,0.0,0.0,,,,,,,,36.03319,-86.7876,True,Crashes_2010_2019_MPO
102035713,2018-06-07,2018,,94.0,,,0,0,Y,0.0,0.0,1.0,,,,,,,,35.99381,-86.76074,True,Crashes_2010_2019_MPO
100357605,2013-07-22,2013,,94.0,,,0,0,N,0.0,0.0,0.0,,,,,,,,35.95576,-86.83055,False,Crashes_2010_2019_MPO
102041729,2018-06-13,2018,,94.0,,,0,0,N,0.0,0.0,0.0,,,,,,,,36.02519,-86.79398,True,Crashes_2010_2019_MPO
101770312,2017-09-23,2017,,94.0,,,0,0,N,0.0,0.0,0.0,,,,,,,,35.92277,-86.86538,False,Crashes_2010_2019_MPO
102502920,2019-09-08,2019,,94.0,,,0,0,N,0.0,0.0,0.0,,,,,,,,35.93682,-86.77311,False,Crashes_2010_2019_MPO
101092012,2016-01-22,2016,,94.0,,,0,0,N,0.0,0.0,0.0,,,,,,,,35.96118,-86.75645,True,Crashes_2010_2019_MPO
101809640,2017-10-31,2017,,19.0,,,0,0,N,0.0,0.0,0.0,,,,,,,,36.03841,-86.713,False,Crashes_2010_2019_MPO
101281450,2016-07-07,2016,,94.0,,,0,0,N,0.0,0.0,0.0,,,,,,,,35.92566,-86.82456,False,Crashes_2010_2019_MPO
101333237,2016-08-20,2016,,19.0,,,0,0,N,0.0,0.0,0.0,,,,,,,,36.03797,-86.79777,False,Crashes_2010_2019_MPO
101071251,2016-01-03,2016,,19.0,,,0,0,N,0.0,0.0,0.0,,,,,,,,36.03416,-86.71308,False,Crashes_2010_2019_MPO
101884981,2018-01-11,2018,,94.0,,,0,0,Y,0.0,0.0,1.0,,,,,,,,35.99215,-86.81293,True,Crashes_2010_2019_MPO
102205965,2018-11-09,2018,,94.0,,,0,0,N,0.0,0.0,0.0,,,,,,,,35.99551,-86.77887,True,Crashes_2010_2019_MPO
101788500,2017-10-10,2017,,94.0,,,0,0,N,0.0,0.0,0.0,,,,,,,,35.9577,-86.80262,False,Crashes_2010_2019_MPO
100643936,2014-10-15,2014,,19.0,,,0,0,N,0.0,0.0,0.0,,,,,,,,36.0414,-86.72659,False,Crashes_2010_2019_MPO
100433106,2014-01-20,2014,,94.0,,,0,0,N,0.0,0.0,0.0,,,,,,,,35.94638,-86.8087,False,Crashes_2010_2019_MPO
101032293,2015-11-19,2015,,94.0,,,0,0,N,0.0,0.0,0.0,,,,,,,,35.96716,-86.81351,True,Crashes_2010_2019_MPO
102310990,2019-02-20,2019,,94.0,,,0,0,N,0.0,0.0,0.0,,,,,,,,36.03625,-86.79051,True,Crashes_2010_2019_MPO
102313934,2019-02-24,2019,,94.0,,,0,0,N,0.0,0.0,0.0,,,,,,,,35.9654,-86.70256,False,Crashes_2010_2019_MPO
102588237,2019-12-04,2019,,94.0,,,0,0,N,0.0,0.0,0.0,,,,,,,,35.93723,-86.77204,False,Crashes_2010_2019_MPO
100970053,2015-09-30,2015,,19.0,,,0,0,N,0.0,0.0,0.0,,,,,,,,36.03971,-86.81643,False,Crashes_2010_2019_MPO
101764228,2017-09-18,2017,,19.0,,,0,0,N,0.0,0.0,0.0,,,,,,,,36.03983,-86.7684,False,Crashes_2010_2019_MPO
101576782,2017-03-08,2017,,94.0,,,0,0,N,0.0,0.0,0.0,,,,,,,,35.92609,-86.87139,False,Crashes_2010_2019_MPO
101641813,2017-05-12,2017,,94.0,,,0,0,N,0.0,0.0,0.0,,,,,,,,35.99769,-86.79773,True,Crashes_2010_2019_MPO
100362573,2013-08-04,2013,,94.0,,,0,0,N,0.0,0.0,0.0,,,,,,,,35.98098,-86.71475,True,Crashes_2010_2019_MPO
101145858,2016-03-17,2016,,94.0,,,0,0,N,0.0,0.0,0.0,,,,,,,,35.96721,-86.81393,True,Crashes_2010_2019_MPO
102290810,2019-01-12,2019,,94.0,,,0,0,N,0.0,0.0,0.0,,,,,,,,35.93127,-86.87663,False,Crashes_2010_2019_MPO
102213966,2018-11-12,2018,,94.0,,,0,0,N,0.0,0.0,0.0,,,,,,,,35.97044,-86.7738,True,Crashes_2010_2019_MPO
100253219,2012-11-15,2012,,94.0,,,0,0,N,0.0,0.0,0.0,,,,,,,,35.98885,-86.79975,True,Crashes_2010_2019_MPO
100921431,2015-08-11,2015,,94.0,,,0,0,N,0.0,0.0,0.0,,,,,,,,35.95807,-86.76774,True,Crashes_2010_2019_MPO
101852845,2017-12-09,2017,,19.0,,,0,0,N,0.0,0.0,0.0,,,,,,,,36.0451,-86.69866,False,Crashes_2010_2019_MPO
101245073,2016-06-13,2016,,94.0,,,0,0,N,0.0,0.0,0.0,,,,,,,,35.99643,-86.78798,True,Crashes_2010_2019_MPO
100908373,2015-07-18,2015,,94.0,,,0,0,N,0.0,0.0,0.0,,,,,,,,35.96708,-86.81356,True,Crashes_2010_2019_MPO
101069320,2015-12-30,2015,,19.0,,,0,0,N,0.0,0.0,0.0,,,,,,,,36.03907,-86.78268,False,Crashes_2010_2019_MPO
100726593,2015-01-23,2015,,19.0,,,0,0,N,0.0,0.0,0.0,,,,,,,,36.04526,-86.71709,False,Crashes_2010_2019_MPO
101003037,2015-11-04,2015,,19.0,,,0,0,N,0.0,0.0,0.0,,,,,,,,36.05096,-86.77562,False,Crashes_2010_2019_MPO
102309390,2019-02-18,2019,,94.0,,,0,0,N,0.0,0.0,0.0,,,,,,,,36.02423,-86.78347,True,Crashes_2010_2019_MPO
101896623,2018-01-25,2018,,19.0,,,0,0,N,0.0,0.0,0.0,,,,,,,,36.04188,-86.74393,False,Crashes_2010_2019_MPO
100619172,2014-09-15,2014,,94.0,,,0,0,N,0.0,0.0,0.0,,,,,,,,35.92641,-86.82446,False,Crashes_2010_2019_MPO
101002474,2015-11-03,2015,,94.0,,,0,0,N,0.0,0.0,0.0,,,,,,,,35.96225,-86.81607,True,Crashes_2010_2019_MPO
100187806,2012-06-03,2012,,94.0,,,0,0,N,0.0,0.0,0.0,,,,,,,,35.99562,-86.78006,True,Crashes_2010_2019_MPO
102140197,2018-09-10,2018,,19.0,,,0,1,N,0.0,1.0,0.0,,,,,,,,36.0452,-86.7152,False,Crashes_2010_2019_MPO
102408617,2019-06-03,2019,,94.0,,,0,0,N,0.0,0.0,0.0,,,,,,,,35.97765,-86.77678,True,Crashes_2010_2019_MPO
101803640,2017-10-25,2017,,94.0,,,0,0,N,0.0,0.0,0.0,,,,,,,,35.94491,-86.82842,False,Crashes_2010_2019_MPO
102199493,2018-11-03,2018,,19.0,,,0,0,N,0.0,0.0,0.0,,,,,,,,36.04001,-86.74347,False,Crashes_2010_2019_MPO
101620761,2017-04-20,2017,,94.0,,,0,0,N,0.0,0.0,0.0,,,,,,,,35.96599,-86.80518,True,Crashes_2010_2019_MPO
100372877,2013-08-29,2013,,94.0,,,0,0,N,0.0,0.0,0.0,,,,,,,,35.93459,-86.81995,False,Crashes_2010_2019_MPO
102459347,2019-07-20,2019,,94.0,,,0,0,N,0.0,0.0,0.0,,,,,,,,35.9709,-86.8062,True,Crashes_2010_2019_MPO
102489656,2019-08-26,2019,,94.0,,,0,0,N,0.0,0.0,0.0,,,,,,,,35.94681,-86.85203,False,Crashes_2010_2019_MPO
101706590,2017-07-20,2017,,94.0,,,0,0,N,0.0,0.0,0.0,,,,,,,,35.95899,-86.80436,False,Crashes_2010_2019_MPO
100947187,2015-09-09,2015,,94.0,,,0,0,N,0.0,0.0,0.0,,,,,,,,35.96396,-86.69208,False,Crashes_2010_2019_MPO
101967365,2018-04-05,2018,,19.0,,,0,0,N,0.0,0.0,0.0,,,,,,,,36.0374,-86.78657,False,Crashes_2010_2019_MPO
100343781,2013-06-17,2013,,94.0,,,0,0,N,0.0,0.0,0.0,,,,,,,,35.95442,-86.71376,False,Crashes_2010_2019_MPO
101982963,2018-04-19,2018,,94.0,,,0,0,N,0.0,0.0,0.0,,,,,,,,36.01301,-86.80963,True,Crashes_2010_2019_MPO
102562793,2019-11-09,2019,,94.0,,,0,0,N,0.0,0.0,0.0,,,,,,,,36.01176,-86.72667,False,Crashes_2010_2019_MPO
102414542,2019-06-09,2019,,94.0,,,0,0,N,0.0,0.0,0.0,,,,,,,,35.95806,-86.76773,True,Crashes_2010_2019_MPO
100805256,2015-04-09,2015,,94.0,,,0,0,N,0.0,0.0,0.0,,,,,,,,35.98038,-86.85635,False,Crashes_2010_2019_MPO
100878025,2015-06-28,2015,,94.0,,,0,0,N,0.0,0.0,0.0,,,,,,,,36.01284,-86.80082,True,Crashes_2010_2019_MPO
100465430,2014-03-16,2014,,94.0,,,0,0,N,0.0,0.0,0.0,,,,,,,,35.95586,-86.875,False,Crashes_2010_2019_MPO
100155598,2012-03-08,2012,,94.0,,,0,0,N,0.0,0.0,0.0,,,,,,,,35.93785,-86.70857,False,Crashes_2010_2019_MPO
100705875,2014-12-12,2014,,94.0,,,0,0,N,0.0,0.0,0.0,,,,,,,,36.03279,-86.79821,True,Crashes_2010_2019_MPO
101452503,2016-11-17,2016,,19.0,,,0,0,N,0.0,0.0,0.0,,,,,,,,36.03757,-86.78275,False,Crashes_2010_2019_MPO
102599614,2019-12-16,2019,,19.0,,,0,0,N,0.0,0.0,0.0,,,,,,,,36.03431,-86.74357,False,Crashes_2010_2019_MPO
101672661,2017-06-13,2017,,94.0,,,0,0,N,0.0,0.0,0.0,,,,,,,,35.95411,-86.81203,False,Crashes_2010_2019_MPO
100962454,2015-09-17,2015,,94.0,,,0,0,N,0.0,0.0,0.0,,,,,,,,35.9606,-86.80182,False,Crashes_2010_2019_MPO
101132788,2016-03-12,2016,,19.0,,,0,1,N,0.0,1.0,0.0,,,,,,,,36.04775,-86.71355,False,Crashes_2010_2019_MPO
101480139,2016-12-17,2016,,94.0,,,0,0,N,0.0,0.0,0.0,,,,,,,,35.95833,-86.81581,False,Crashes_2010_2019_MPO
100695208,2014-11-23,2014,,19.0,,,0,0,N,0.0,0.0,0.0,,,,,,,,36.04134,-86.77835,False,Crashes_2010_2019_MPO
100189253,2012-06-08,2012,,94.0,,,0,0,N,0.0,0.0,0.0,,,,,,,,35.96704,-86.80878,True,Crashes_2010_2019_MPO
101658789,2017-05-29,2017,,19.0,,,0,0,Y,0.0,0.0,1.0,,,,,,,,36.04217,-86.72651,False,Crashes_2010_2019_MPO
102457889,2019-07-25,2019,,94.0,,,0,0,N,0.0,0.0,0.0,,,,,,,,35.99372,-86.76003,True,Crashes_2010_2019_MPO
900112330,2010-07-13,2010,,94.0,,,0,0, ,0.0,0.0,0.0,,,,,,,,35.93869,-86.685341,False,Crashes_2010_2019_MPO
100291595,2013-02-02,2013,,94.0,,,0,0,N,0.0,0.0,0.0,,,,,,,,36.02129,-86.78708,True,Crashes_2010_2019_MPO
100506160,2014-05-08,2014,,94.0,,,0,0,N,0.0,0.0,0.0,,,,,,,,35.95878,-86.816,False,Crashes_2010_2019_MPO
100459967,2014-03-04,2014,,94.0,,,0,0,N,0.0,0.0,0.0,,,,,,,,35.92534,-86.87302,False,Crashes_2010_2019_MPO
101852371,2017-12-08,2017,,94.0,,,0,0,N,0.0,0.0,0.0,,,,,,,,35.96919,-86.77652,True,Crashes_2010_2019_MPO
101982916,2018-04-18,2018,,94.0,,,0,0,N,0.0,0.0,0.0,,,,,,,,35.95058,-86.67982,False,Crashes_2010_2019_MPO
102222484,2018-11-23,2018,,19.0,,,0,0,N,0.0,0.0,0.0,,,,,,,,36.03938,-86.72063,False,Crashes_2010_2019_MPO
100921287,2015-08-11,2015,,19.0,,,0,0,N,0.0,0.0,0.0,,,,,,,,36.04078,-86.77346,False,Crashes_2010_2019_MPO
100329834,2013-05-15,2013,,94.0,,,0,0,N,0.0,0.0,0.0,,,,,,,,35.95204,-86.81806,False,Crashes_2010_2019_MPO
102102499,2018-08-08,2018,,19.0,,,0,0,N,0.0,0.0,0.0,,,,,,,,36.03754,-86.78549,False,Crashes_2010_2019_MPO
100722952,2015-01-16,2015,,94.0,,,0,0,N,0.0,0.0,0.0,,,,,,,,35.93222,-86.79411,False,Crashes_2010_2019_MPO
100434638,2014-01-24,2014,,94.0,,,0,0,N,0.0,0.0,0.0,,,,,,,,36.0133,-86.78117,True,Crashes_2010_2019_MPO
100643815,2014-10-15,2014,,94.0,,,0,0,N,0.0,0.0,0.0,,,,,,,,35.95692,-86.80327,False,Crashes_2010_2019_MPO
101163529,2016-04-13,2016,,19.0,,,0,0,N,0.0,0.0,0.0,,,,,,,,36.04447,-86.6871,False,Crashes_2010_2019_MPO
102418085,2019-06-13,2019,,19.0,,,0,0,N,0.0,0.0,0.0,,,,,,,,36.04301,-86.84231,False,Crashes_2010_2019_MPO
100808268,2015-04-15,2015,,94.0,,,0,0,N,0.0,0.0,0.0,,,,,,,,36.0205,-86.78268,True,Crashes_2010_2019_MPO
101848884,2017-12-05,2017,,94.0,,,0,0,N,0.0,0.0,0.0,,,,,,,,35.997571,-86.794889,True,Crashes_2010_2019_MPO
102149506,2018-09-18,2018,,19.0,,,0,0,N,0.0,0.0,0.0,,,,,,,,36.04727,-86.86261,False,Crashes_2010_2019_MPO
100973434,2015-10-01,2015,,94.0,,,0,0,N,0.0,0.0,0.0,,,,,,,,35.94763,-86.69687,False,Crashes_2010_2019_MPO
100737417,2015-02-13,2015,,94.0,,,0,0,N,0.0,0.0,0.0,,,,,,,,36.01015,-86.87859,False,Crashes_2010_2019_MPO
102218403,2018-11-20,2018,,94.0,,,0,0,N,0.0,0.0,0.0,,,,,,,,35.99296,-86.7577,True,Crashes_2010_2019_MPO
101105923,2016-02-15,2016,,94.0,,,0,0,N,0.0,0.0,0.0,,,,,,,,35.96198,-86.81518,False,Crashes_2010_2019_MPO
100829724,2015-05-06,2015,,94.0,,,0,0,N,0.0,0.0,0.0,,,,,,,,35.93554,-86.82375,False,Crashes_2010_2019_MPO
10719347,2012-04-24,2012,,19.0,,,0,0, ,0.0,0.0,0.0,,,,,,,,36.053421,-86.742895,False,Crashes_2010_2019_MPO
100977874,2015-10-12,2015,,19.0,,,0,0,N,0.0,0.0,0.0,,,,,,,,36.0374,-86.78657,False,Crashes_2010_2019_MPO
101987512,2018-04-23,2018,,94.0,,,0,0,N,0.0,0.0,0.0,,,,,,,,35.9295,-86.84309,False,Crashes_2010_2019_MPO
102428848,2019-06-25,2019,,94.0,,,0,0,N,0.0,0.0,0.0,,,,,,,,36.01625,-86.78591,True,Crashes_2010_2019_MPO
101288869,2016-07-19,2016,,19.0,,,0,0,N,0.0,0.0,0.0,,,,,,,,36.03256,-86.7687,False,Crashes_2010_2019_MPO
101132160,2016-03-11,2016,,19.0,,,0,0,N,0.0,0.0,0.0,,,,,,,,36.03753,-86.78509,False,Crashes_2010_2019_MPO
100753027,2015-02-25,2015,,94.0,,,0,0,N,0.0,0.0,0.0,,,,,,,,35.93465,-86.79473,False,Crashes_2010_2019_MPO
100497289,2014-04-16,2014,,94.0,,,0,0,N,0.0,0.0,0.0,,,,,,,,35.99755,-86.79662,True,Crashes_2010_2019_MPO
101355667,2016-09-06,2016,,94.0,,,0,0,N,0.0,0.0,0.0,,,,,,,,35.96618,-86.80739,True,Crashes_2010_2019_MPO
101149734,2016-03-23,2016,,19.0,,,0,0,N,0.0,0.0,0.0,,,,,,,,36.04731,-86.71662,False,Crashes_2010_2019_MPO
100969865,2015-09-29,2015,,19.0,,,0,0,N,0.0,0.0,0.0,,,,,,,,36.04475,-86.69506,False,Crashes_2010_2019_MPO
100211067,2012-08-03,2012,,94.0,,,0,0,N,0.0,0.0,0.0,,,,,,,,36.03474,-86.78792,True,Crashes_2010_2019_MPO
101806292,2017-10-27,2017,,19.0,,,0,0,N,0.0,0.0,0.0,,,,,,,,36.03983,-86.76413,False,Crashes_2010_2019_MPO
102111024,2018-08-15,2018,,94.0,,,0,0,N,0.0,0.0,0.0,,,,,,,,35.92641,-86.82447,False,Crashes_2010_2019_MPO
102291903,2019-01-30,2019,,94.0,,,0,0,N,0.0,0.0,0.0,,,,,,,,36.0343,-86.79174,True,Crashes_2010_2019_MPO
101532803,2017-01-23,2017,,19.0,,,0,0,N,0.0,0.0,0.0,,,,,,,,36.01222,-86.7035,False,Crashes_2010_2019_MPO
101918833,2018-02-17,2018,,19.0,,,0,0,N,0.0,0.0,0.0,,,,,,,,36.03991,-86.74207,False,Crashes_2010_2019_MPO
102375444,2019-04-29,2019,,19.0,,,0,0,N,0.0,0.0,0.0,,,,,,,,36.05239,-86.77601,False,Crashes_2010_2019_MPO
102282904,2019-01-20,2019,,19.0,,,0,0,N,0.0,0.0,0.0,,,,,,,,36.04689,-86.67964,False,Crashes_2010_2019_MPO
101569571,2017-03-01,2017,,19.0,,,0,0,N,0.0,0.0,0.0,,,,,,,,36.04515,-86.77919,False,Crashes_2010_2019_MPO
101990072,2018-04-26,2018,,19.0,,,0,0,N,0.0,0.0,0.0,,,,,,,,36.04329,-86.71303,False,Crashes_2010_2019_MPO
100694520,2014-11-21,2014,,94.0,,,0,0,N,0.0,0.0,0.0,,,,,,,,35.94531,-86.82307,False,Crashes_2010_2019_MPO
102170996,2018-10-08,2018,,19.0,,,0,0,N,0.0,0.0,0.0,,,,,,,,36.03934,-86.78566,False,Crashes_2010_2019_MPO
100379766,2013-09-15,2013,,94.0,,,0,0,N,0.0,0.0,0.0,,,,,,,,35.94686,-86.85162,False,Crashes_2010_2019_MPO
102094711,2018-08-01,2018,,94.0,,,0,0,N,0.0,0.0,0.0,,,,,,,,35.92435,-86.86979,False,Crashes_2010_2019_MPO
100366476,2013-08-13,2013,,94.0,,,0,0,N,0.0,0.0,0.0,,,,,,,,35.94344,-86.81013,False,Crashes_2010_2019_MPO
101898967,2018-01-27,2018,,94.0,,,0,0,N,0.0,0.0,0.0,,,,,,,,35.94769,-86.81949,False,Crashes_2010_2019_MPO
101894522,2018-01-23,2018,,19.0,,,0,0,N,0.0,0.0,0.0,,,,,,,,36.0374,-86.78657,False,Crashes_2010_2019_MPO
101761239,2017-09-15,2017,,94.0,,,0,0,N,0.0,0.0,0.0,,,,,,,,36.02829,-86.78416,True,Crashes_2010_2019_MPO
101323506,2016-08-09,2016,,94.0,,,0,0,N,0.0,0.0,0.0,,,,,,,,35.99999,-86.79542,True,Crashes_2010_2019_MPO
102235902,2018-12-05,2018,,94.0,,,0,0,N,0.0,0.0,0.0,,,,,,,,35.96734,-86.81494,True,Crashes_2010_2019_MPO
101354808,2016-08-21,2016,,19.0,,,0,0,N,0.0,0.0,0.0,,,,,,,,36.0397,-86.78334,False,Crashes_2010_2019_MPO
102443186,2019-07-09,2019,,94.0,,,0,0,N,0.0,0.0,0.0,,,,,,,,35.92372,-86.76684,False,Crashes_2010_2019_MPO
100950784,2015-09-15,2015,,94.0,,,0,0,N,0.0,0.0,0.0,,,,,,,,35.96677,-86.82073,True,Crashes_2010_2019_MPO
102195285,2018-10-26,2018,,94.0,,,0,0,N,0.0,0.0,0.0,,,,,,,,35.95743,-86.81139,False,Crashes_2010_2019_MPO
101806399,2017-10-28,2017,,94.0,,,0,0,N,0.0,0.0,0.0,,,,,,,,36.00601,-86.86567,False,Crashes_2010_2019_MPO
102526072,2019-10-01,2019,,94.0,,,0,0,N,0.0,0.0,0.0,,,,,,,,35.95078,-86.80647,False,Crashes_2010_2019_MPO
101780392,2017-10-03,2017,,19.0,,,0,0,N,0.0,0.0,0.0,,,,,,,,35.9971,-86.69021,False,Crashes_2010_2019_MPO
101471202,2016-12-08,2016,,94.0,,,0,0,N,0.0,0.0,0.0,,,,,,,,35.96673,-86.81065,True,Crashes_2010_2019_MPO
102131887,2018-09-02,2018,,19.0,,,0,0,N,0.0,0.0,0.0,,,,,,,,36.0343,-86.78337,True,Crashes_2010_2019_MPO
101949504,2018-03-19,2018,,19.0,,,0,0,N,0.0,0.0,0.0,,,,,,,,36.01009,-86.68018,False,Crashes_2010_2019_MPO
101600351,2017-04-01,2017,,94.0,,,0,0,N,0.0,0.0,0.0,,,,,,,,35.93558,-86.82431,False,Crashes_2010_2019_MPO
101626220,2017-04-26,2017,,94.0,,,0,0,N,0.0,0.0,0.0,,,,,,,,35.95806,-86.76773,True,Crashes_2010_2019_MPO
101432684,2016-11-06,2016,,19.0,,,0,0,N,0.0,0.0,0.0,,,,,,,,36.04625,-86.85796,False,Crashes_2010_2019_MPO
102409773,2019-06-04,2019,,19.0,,,0,0,N,0.0,0.0,0.0,,,,,,,,36.03882,-86.74343,False,Crashes_2010_2019_MPO
100750222,2015-02-20,2015,,19.0,,,0,0,N,0.0,0.0,0.0,,,,,,,,36.04829,-86.77566,False,Crashes_2010_2019_MPO
100253817,2012-11-15,2012,,94.0,,,0,0,Y,0.0,0.0,1.0,,,,,,,,36.03999,-86.86909,True,Crashes_2010_2019_MPO
101503806,2017-01-13,2017,,19.0,,,0,0,N,0.0,0.0,0.0,,,,,,,,36.05311,-86.71486,False,Crashes_2010_2019_MPO
100237510,2012-10-12,2012,,94.0,,,0,0,N,0.0,0.0,0.0,,,,,,,,35.99744,-86.79538,True,Crashes_2010_2019_MPO