mstrrecnbr,collision_ts,year,county,countystat,crash,crash_type,fatalities,non_motorists,commercial,fatal_c,nonmotor_c,truck_c,fatalc,serious_injuries,ped,bike,lighting,weather,first_harmful_event,latitude,longitude,in_city,src_layer
102284778,2019-01-22,2019,,19.0,,,0,0,N,0.0,0.0,0.0,,,,,,,,36.03087,-86.70163,False,Crashes_2010_2019_MPO
101320203,2016-08-04,2016,,94.0,,,0,0,N,0.0,0.0,0.0,,,,,,,,35.9407,-86.8316,False,Crashes_2010_2019_MPO
100713712,2014-12-27,2014,,19.0,,,0,0,N,0.0,0.0,0.0,,,,,,,,36.04224,-86.83635,False,Crashes_2010_2019_MPO
101074818,2016-01-09,2016,,19.0,,,0,0,N,0.0,0.0,0.0,,,,,,,,36.03972,-86.75759,False,Crashes_2010_2019_MPO
101242290,2016-06-09,2016,,94.0,,,0,0,N,0.0,0.0,0.0,,,,,,,,36.03367,-86.79855,True,Crashes_2010_2019_MPO
101656869,2017-05-27,2017,,19.0,,,0,0,N,0.0,0.0,0.0,,,,,,,,35.99138,-86.68368,False,Crashes_2010_2019_MPO
102350544,2019-04-02,2019,,94.0,,,0,0,N,0.0,0.0,0.0,,,,,,,,35.94789,-86.81849,False,Crashes_2010_2019_MPO
102315238,2019-02-25,2019,,94.0,,,0,0,N,0.0,0.0,0.0,,,,,,,,35.95347,-86.81598,False,Crashes_2010_2019_MPO
102116166,2018-08-20,2018,,19.0,,,0,0,N,0.0,0.0,0.0,,,,,,,,36.04004,-86.74397,False,Crashes_2010_2019_MPO
101847740,2017-12-04,2017,,19.0,,,0,0,N,0.0,0.0,0.0,,,,,,,,36.04028,-86.76837,False,Crashes_2010_2019_MPO
101876913,2018-01-03,2018,,94.0,,,0,0,N,0.0,0.0,0.0,,,,,,,,35.94751,-86.81969,False,Crashes_2010_2019_MPO
102574856,2019-11-20,2019,,94.0,,,0,0,N,0.0,0.0,0.0,,,,,,,,35.97607,-86.8292,True,Crashes_2010_2019_MPO
101541786,2017-02-02,2017,,19.0,,,0,0,N,0.0,0.0,0.0,,,,,,,,36.04345,-86.74414,False,Crashes_2010_2019_MPO
102565523,2019-11-12,2019,,19.0,,,0,0,N,0.0,0.0,0.0,,,,,,,,36.05358,-86.74243,False,Crashes_2010_2019_MPO
102022417,2018-05-24,2018,,94.0,,,0,0,N,0.0,0.0,0.0,,,,,,,,35.92826,-86.82454,False,Crashes_2010_2019_MPO
102181164,2018-10-18,2018,,19.0,,,0,0,N,0.0,0.0,0.0,,,,,,,,36.03439,-86.78336,True,Crashes_2010_2019_MPO
102612406,2019-12-31,2019,,19.0,,,0,0,N,0.0,0.0,0.0,,,,,,,,36.0452,-86.71516,False,Crashes_2010_2019_MPO
100268886,2012-12-18,2012,,94.0,,,0,0,N,0.0,0.0,0.0,,,,,,,,35.92724,-86.87402,False,Crashes_2010_2019_MPO
102574358,2019-11-20,2019,,19.0,,,0,0,N,0.0,0.0,0.0,,,,,,,,36.04225,-86.83649,False,Crashes_2010_2019_MPO
100879345,2015-07-01,2015,,94.0,,,0,0,N,0.0,0.0,0.0,,,,,,,,35.9238,-86.7668,False,Crashes_2010_2019_MPO
101875213,2018-01-01,2018,,19.0,,,0,0,N,0.0,0.0,0.0,,,,,,,,36.04242,-86.71165,False,Crashes_2010_2019_MPO
101482540,2016-12-18,2016,,94.0,,,0,0,N,0.0,0.0,0.0,,,,,,,,35.96171,-86.81392,False,Crashes_2010_2019_MPO
102121122,2018-08-24,2018,,19.0,,,0,0,N,0.0,0.0,0.0,,,,,,,,36.00243,-86.69197,False,Crashes_2010_2019_MPO
100999661,2015-10-30,2015,,94.0,,,0,0,N,0.0,0.0,0.0,,,,,,,,35.96545,-86.81146,False,Crashes_2010_2019_MPO
102168378,2018-10-05,2018,,94.0,,,0,0,N,0.0,0.0,0.0,,,,,,,,35.93482,-86.82182,False,Crashes_2010_2019_MPO
102487391,2019-08-24,2019,,94.0,,,0,0,N,0.0,0.0,0.0,,,,,,,,35.97758,-86.77563,True,Crashes_2010_2019_MPO
102090978,2018-07-29,2018,,94.0,,,0,0,N,0.0,0.0,0.0,,,,,,,,35.99685,-86.79168,True,Crashes_2010_2019_MPO
100884506,2015-06-28,2015,,94.0,,,0,0,N,0.0,0.0,0.0,,,,,,,,35.9349,-86.81874,False,Crashes_2010_2019_MPO
101044213,2015-12-06,2015,,94.0,,,0,0,N,0.0,0.0,0.0,,,,,,,,35.97821,-86.7594,True,Crashes_2010_2019_MPO
102583664,2019-11-29,2019,,19.0,,,0,0,N,0.0,0.0,0.0,,,,,,,,36.04283,-86.70074,False,Crashes_2010_2019_MPO
102004484,2018-05-09,2018,,19.0,,,0,0,N,0.0,0.0,0.0,,,,,,,,36.05046,-86.69908,False,Crashes_2010_2019_MPO
102296799,2019-02-04,2019,,94.0,,,0,1,Y,0.0,1.0,1.0,,,,,,,,35.92887,-86.8319,False,Crashes_2010_2019_MPO
100261179,2012-12-03,2012,,94.0,,,0,0,N,0.0,0.0,0.0,,,,,,,,36.02974,-86.7907,True,Crashes_2010_2019_MPO
101946897,2018-03-17,2018,,19.0,,,0,0,N,0.0,0.0,0.0,,,,,,,,36.03545,-86.70657,False,Crashes_2010_2019_MPO
102397263,2019-05-21,2019,,94.0,,,0,0,N,0.0,0.0,0.0,,,,,,,,36.03614,-86.79515,True,Crashes_2010_2019_MPO
100883838,2015-07-09,2015,,19.0,,,0,0,N,0.0,0.0,0.0,,,,,,,,36.04044,-86.7697,False,Crashes_2010_2019_MPO
102217389,2018-11-20,2018,,19.0,,,0,0,N,0.0,0.0,0.0,,,,,,,,36.02907,-86.8605,False,Crashes_2010_2019_MPO
102441970,2019-07-08,2019,,94.0,,,0,0,N,0.0,0.0,0.0,,,,,,,,35.98662,-86.73707,True,Crashes_2010_2019_MPO
102371741,2019-04-25,2019,,94.0,,,0,0,N,0.0,0.0,0.0,,,,,,,,35.96247,-86.68897,False,Crashes_2010_2019_MPO
100825844,2015-04-29,2015,,94.0,,,0,0,N,0.0,0.0,0.0,,,,,,,,35.92767,-86.86812,False,Crashes_2010_2019_MPO
102443776,2019-07-10,2019,,19.0,,,0,0,N,0.0,0.0,0.0,,,,,,,,36.04282,-86.84078,False,Crashes_2010_2019_MPO
101882366,2018-01-09,2018,,94.0,,,0,0,N,0.0,0.0,0.0,,,,,,,,35.96598,-86.80548,True,Crashes_2010_2019_MPO
100726679,2015-01-23,2015,,19.0,,,0,0,N,0.0,0.0,0.0,,,,,,,,36.05469,-86.74149,False,Crashes_2010_2019_MPO
102139198,2018-09-09,2018,,19.0,,,0,0,N,0.0,0.0,0.0,,,,,,,,36.04092,-86.77421,False,Crashes_2010_2019_MPO
101595514,2017-03-27,2017,,94.0,,,0,0,N,0.0,0.0,0.0,,,,,,,,35.97878,-86.75282,True,Crashes_2010_2019_MPO
101150037,2016-03-23,2016,,94.0,,,0,0,N,0.0,0.0,0.0,,,,,,,,35.93575,-86.87841,False,Crashes_2010_2019_MPO
101531003,2017-01-21,2017,,94.0,,,0,0,N,0.0,0.0,0.0,,,,,,,,35.96372,-86.81053,False,Crashes_2010_2019_MPO
101813860,2017-11-03,2017,,94.0,,,0,0,N,0.0,0.0,0.0,,,,,,,,35.97103,-86.72644,True,Crashes_2010_2019_MPO
101940161,2018-03-09,2018,,94.0,,,0,0,N,0.0,0.0,0.0,,,,,,,,35.9583,-86.8023,False,Crashes_2010_2019_MPO
102284199,2019-01-22,2019,,94.0,,,0,0,N,0.0,0.0,0.0,,,,,,,,35.95792,-86.80256,False,Crashes_2010_2019_MPO
100679913,2014-11-13,2014,,19.0,,,0,0,N,0.0,0.0,0.0,,,,,,,,36.04165,-86.71278,False,Crashes_2010_2019_MPO
101047527,2015-12-11,2015,,94.0,,,0,0,N,0.0,0.0,0.0,,,,,,,,35.96772,-86.81026,True,Crashes_2010_2019_MPO
102177844,2018-10-14,2018,,19.0,,,0,0,N,0.0,0.0,0.0,,,,,,,,36.03987,-86.76443,False,Crashes_2010_2019_MPO
100828715,2015-05-01,2015,,94.0,,,0,0,N,0.0,0.0,0.0,,,,,,,,36.03368,-86.78854,True,Crashes_2010_2019_MPO
101145904,2016-03-17,2016,,94.0,,,0,1,N,0.0,1.0,0.0,,,,,,,,35.92667,-86.77819,False,Crashes_2010_2019_MPO
100297579,2013-02-27,2013,,94.0,,,0,0,N,0.0,0.0,0.0,,,,,,,,35.94778,-86.86397,False,Crashes_2010_2019_MPO
102027180,2018-05-29,2018,,94.0,,,0,0,N,0.0,0.0,0.0,,,,,,,,35.94941,-86.81955,False,Crashes_2010_2019_MPO
100856948,2015-06-07,2015,,94.0,,,0,0,N,0.0,0.0,0.0,,,,,,,,35.94584,-86.8065,False,Crashes_2010_2019_MPO
101164794,2016-04-15,2016,,94.0,,,0,0,N,0.0,0.0,0.0,,,,,,,,35.96198,-86.81518,False,Crashes_2010_2019_MPO
102435824,2019-06-28,2019,,94.0,,,0,0,N,0.0,0.0,0.0,,,,,,,,35.95508,-86.81545,False,Crashes_2010_2019_MPO
101704916,2017-07-18,2017,,19.0,,,0,0,N,0.0,0.0,0.0,,,,,,,,36.03772,-86.79475,False,Crashes_2010_2019_MPO
102565180,2019-11-11,2019,,94.0,,,0,0,N,0.0,0.0,0.0,,,,,,,,35.99315,-86.69647,True,Crashes_2010_2019_MPO
101541200,2017-02-01,2017,,94.0,,,0,0,N,0.0,0.0,0.0,,,,,,,,35.97878,-86.75282,True,Crashes_2010_2019_MPO
101040380,2015-12-01,2015,,19.0,,,0,0,N,0.0,0.0,0.0,,,,,,,,36.04629,-86.85818,False,Crashes_2010_2019_MPO
101625428,2017-04-25,2017,,19.0,,,0,0,N,0.0,0.0,0.0,,,,,,,,35.99622,-86.69054,False,Crashes_2010_2019_MPO
101328717,2016-08-16,2016,,94.0,,,0,0,N,0.0,0.0,0.0,,,,,,,,35.97765,-86.77678,True,Crashes_2010_2019_MPO
102145151,2018-09-14,2018,,94.0,,,0,0,N,0.0,0.0,0.0,,,,,,,,35.96397,-86.80031,True,Crashes_2010_2019_MPO
101323017,2016-08-08,2016,,94.0,,,0,0,N,0.0,0.0,0.0,,,,,,,,36.034736,-86.78784,True,Crashes_2010_2019_MPO
100667609,2014-11-09,2014,,19.0,,,0,0,N,0.0,0.0,0.0,,,,,,,,35.99606,-86.68876,False,Crashes_2010_2019_MPO
101552606,2017-02-12,2017,,94.0,,,0,0,N,0.0,0.0,0.0,,,,,,,,35.93446,-86.81991,False,Crashes_2010_2019_MPO
101104591,2016-02-12,2016,,19.0,,,0,0,N,0.0,0.0,0.0,,,,,,,,36.03857,-86.71297,False,Crashes_2010_2019_MPO
101507378,2017-01-17,2017,,94.0,,,0,0,N,0.0,0.0,0.0,,,,,,,,35.94306,-86.82063,False,Crashes_2010_2019_MPO
101632813,2017-05-03,2017,,19.0,,,0,0,N,0.0,0.0,0.0,,,,,,,,36.03978,-86.78148,False,Crashes_2010_2019_MPO
102458442,2019-07-26,2019,,94.0,,,0,0,N,0.0,0.0,0.0,,,,,,,,35.96694,-86.81169,True,Crashes_2010_2019_MPO
101782045,2017-10-04,2017,,94.0,,,0,0,N,0.0,0.0,0.0,,,,,,,,35.96367,-86.81052,False,Crashes_2010_2019_MPO
100657520,2014-10-22,2014,,94.0,,,0,0,N,0.0,0.0,0.0,,,,,,,,35.93193,-86.79397,False,Crashes_2010_2019_MPO
101325434,2016-08-11,2016,,94.0,,,0,0,N,0.0,0.0,0.0,,,,,,,,36.02391,-86.78682,True,Crashes_2010_2019_MPO
100188053,2012-06-04,2012,,94.0,,,0,0,N,0.0,0.0,0.0,,,,,,,,36.02555,-86.78543,True,Crashes_2010_2019_MPO
101773815,2017-09-27,2017,,19.0,,,0,0,N,0.0,0.0,0.0,,,,,,,,36.05021,-86.8741,False,Crashes_2010_2019_MPO
101572622,2017-03-03,2017,,19.0,,,0,0,N,0.0,0.0,0.0,,,,,,,,36.02547,-86.71305,False,Crashes_2010_2019_MPO
101604084,2017-04-04,2017,,94.0,,,0,0,N,0.0,0.0,0.0,,,,,,,,36.03307,-86.78189,True,Crashes_2010_2019_MPO
101754635,2017-09-08,2017,,94.0,,,0,0,N,0.0,0.0,0.0,,,,,,,,36.03669,-86.79086,True,Crashes_2010_2019_MPO
101832756,2017-10-04,2017,,19.0,,,0,0,N,0.0,0.0,0.0,,,,,,,,36.03599,-86.78286,False,Crashes_2010_2019_MPO
101098394,2016-02-02,2016,,19.0,,,0,0,N,0.0,0.0,0.0,,,,,,,,36.04028,-86.76837,False,Crashes_2010_2019_MPO
100636084,2014-09-30,2014,,94.0,,,0,0,N,0.0,0.0,0.0,,,,,,,,35.92829,-86.87477,False,Crashes_2010_2019_MPO
102235311,2018-12-04,2018,,94.0,,,0,0,N,0.0,0.0,0.0,,,,,,,,35.98136,-86.8505,False,Crashes_2010_2019_MPO
101422695,2016-10-25,2016,,19.0,,,0,0,N,0.0,0.0,0.0,,,,,,,,36.03312,-86.77434,False,Crashes_2010_2019_MPO
102411482,2019-06-06,2019,,94.0,,,0,0,N,0.0,0.0,0.0,,,,,,,,35.94589,-86.81947,False,Crashes_2010_2019_MPO
101969923,2018-04-07,2018,,19.0,,,0,0,N,0.0,0.0,0.0,,,,,,,,36.05366,-86.71502,False,Crashes_2010_2019_MPO
102456462,2019-07-24,2019,,19.0,,,0,0,N,0.0,0.0,0.0,,,,,,,,36.03362,-86.78321,True,Crashes_2010_2019_MPO
102047378,2018-06-18,2018,,94.0,,,0,0,N,0.0,0.0,0.0,,,,,,,,36.03362,-86.79529,True,Crashes_2010_2019_MPO
100912531,2015-07-26,2015,,94.0,,,0,0,N,0.0,0.0,0.0,,,,,,,,35.94761,-86.81992,False,Crashes_2010_2019_MPO
100919715,2015-08-07,2015,,94.0,,,0,0,N,0.0,0.0,0.0,,,,,,,,35.93584,-86.82378,False,Crashes_2010_2019_MPO
102341540,2019-03-25,2019,,94.0,,,0,0,N,0.0,0.0,0.0,,,,,,,,35.96138,-86.81224,False,Crashes_2010_2019_MPO
102034605,2018-06-06,2018,,19.0,,,0,0,N,0.0,0.0,0.0,,,,,,,,36.00957,-86.70171,False,Crashes_2010_2019_MPO
102013666,2018-05-17,2018,,94.0,,,0,0,N,0.0,0.0,0.0,,,,,,,,36.03393,-86.78839,True,Crashes_2010_2019_MPO
101196461,2016-05-17,2016,,19.0,,,0,0,N,0.0,0.0,0.0,,,,,,,,36.04,-86.78266,False,Crashes_2010_2019_MPO
101163903,2016-04-14,2016,,94.0,,,0,0,N,0.0,0.0,0.0,,,,,,,,35.94672,-86.85135,False,Crashes_2010_2019_MPO
101093752,2016-01-25,2016,,94.0,,,0,0,N,0.0,0.0,0.0,,,,,,,,35.96709,-86.81304,True,Crashes_2010_2019_MPO
101502986,2017-01-12,2017,,94.0,,,0,0,N,0.0,0.0,0.0,,,,,,,,35.9295,-86.84135,False,Crashes_2010_2019_MPO
101749957,2017-09-03,2017,,19.0,,,0,0,N,0.0,0.0,0.0,,,,,,,,36.04531,-86.7138,False,Crashes_2010_2019_MPO
101713396,2017-07-27,2017,,94.0,,,0,0,N,0.0,0.0,0.0,,,,,,,,35.92976,-86.81347,False,Crashes_2010_2019_MPO
101808622,2017-10-30,2017,,94.0,,,0,0,N,0.0,0.0,0.0,,,,,,,,35.98978,-86.74322,True,Crashes_2010_2019_MPO
100949300,2015-09-12,2015,,19.0,,,0,0,N,0.0,0.0,0.0,,,,,,,,36.05141,-86.71064,False,Crashes_2010_2019_MPO
102368791,2019-04-22,2019,,94.0,,,0,0,N,0.0,0.0,0.0,,,,,,,,36.03551,-86.78748,True,Crashes_2010_2019_MPO
101742363,2017-08-14,2017,,94.0,,,0,0,N,0.0,0.0,0.0,,,,,,,,35.98421,-86.80134,True,Crashes_2010_2019_MPO
101074566,2016-01-07,2016,,94.0,,,0,0,N,0.0,0.0,0.0,,,,,,,,36.00673,-86.78819,True,Crashes_2010_2019_MPO
100246182,2012-11-01,2012,,94.0,,,0,0,N,0.0,0.0,0.0,,,,,,,,36.01689,-86.78609,True,Crashes_2010_2019_MPO
101501181,2017-01-10,2017,,19.0,,,0,0,N,0.0,0.0,0.0,,,,,,,,36.04678,-86.67906,False,Crashes_2010_2019_MPO
100705780,2014-12-11,2014,,94.0,,,0,0,N,0.0,0.0,0.0,,,,,,,,35.94759,-86.69594,False,Crashes_2010_2019_MPO
100828286,2015-05-04,2015,,94.0,,,0,0,N,0.0,0.0,0.0,,,,,,,,35.9668,-86.80901,True,Crashes_2010_2019_MPO
102164499,2018-09-26,2018,,94.0,,,0,0,N,0.0,0.0,0.0,,,,,,,,36.01526,-86.79907,True,Crashes_2010_2019_MPO
101491444,2016-12-30,2016,,94.0,,,0,0,N,0.0,0.0,0.0,,,,,,,,35.98335,-86.80188,True,Crashes_2010_2019_MPO
100977150,2015-10-11,2015,,19.0,,,0,0,N,0.0,0.0,0.0,,,,,,,,36.05225,-86.68171,False,Crashes_2010_2019_MPO
102286005,2019-01-24,2019,,94.0,,,0,0,N,0.0,0.0,0.0,,,,,,,,35.94083,-86.81665,False,Crashes_2010_2019_MPO
102067829,2018-07-06,2018,,94.0,,,0,0,N,0.0,0.0,0.0,,,,,,,,35.95949,-86.80627,False,Crashes_2010_2019_MPO
100158088,2012-03-15,2012,,94.0,,,0,0,N,0.0,0.0,0.0,,,,,,,,35.96722,-86.81353,True,Crashes_2010_2019_MPO
100397240,2013-10-28,2013,,94.0,,,0,0,N,0.0,0.0,0.0,,,,,,,,35.97646,-86.82754,True,Crashes_2010_2019_MPO
102600201,2019-12-17,2019,,94.0,,,0,0,N,0.0,0.0,0.0,,,,,,,,35.93096,-86.82009,False,Crashes_2010_2019_MPO
100734990,2015-02-10,2015,,94.0,,,0,0,N,0.0,0.0,0.0,,,,,,,,35.92641,-86.82446,False,Crashes_2010_2019_MPO
101080874,2016-01-20,2016,,94.0,,,0,0,N,0.0,0.0,0.0,,,,,,,,35.94366,-86.84467,False,Crashes_2010_2019_MPO
101929289,2018-02-28,2018,,94.0,,,0,0,N,0.0,0.0,0.0,,,,,,,,36.0346,-86.78333,True,Crashes_2010_2019_MPO
102505900,2019-09-10,2019,,94.0,,,0,0,N,0.0,0.0,0.0,,,,,,,,35.94429,-86.81993,False,Crashes_2010_2019_MPO
101584330,2017-03-16,2017,,94.0,,,0,0,N,0.0,0.0,0.0,,,,,,,,35.93284,-86.78395,False,Crashes_2010_2019_MPO
102436396,2019-07-03,2019,,19.0,,,0,0,N,0.0,0.0,0.0,,,,,,,,36.04668,-86.72506,False,Crashes_2010_2019_MPO
102270765,2019-01-08,2019,,94.0,,,0,0,N,0.0,0.0,0.0,,,,,,,,35.95714,-86.84306,False,Crashes_2010_2019_MPO
102170177,2018-10-07,2018,,19.0,,,0,0,N,0.0,0.0,0.0,,,,,,,,36.0374,-86.78657,False,Crashes_2010_2019_MPO
101770308,2017-09-22,2017,,94.0,,,0,0,N,0.0,0.0,0.0,,,,,,,,35.92444,-86.80249,False,Crashes_2010_2019_MPO
102437703,2019-07-04,2019,,94.0,,,0,0,N,0.0,0.0,0.0,,,,,,,,35.94593,-86.82334,False,Crashes_2010_2019_MPO
101688405,2017-07-01,2017,,19.0,,,0,0,N,0.0,0.0,0.0,,,,,,,,36.02138,-86.71138,False,Crashes_2010_2019_MPO
102178507,2018-10-15,2018,,94.0,,,0,0,N,0.0,0.0,0.0,,,,,,,,35.95806,-86.80258,False,Crashes_2010_2019_MPO
102523358,2019-09-27,2019,,94.0,,,0,0,N,0.0,0.0,0.0,,,,,,,,35.93574,-86.80873,False,Crashes_2010_2019_MPO
102175310,2018-10-11,2018,,94.0,,,0,0,N,0.0,0.0,0.0,,,,,,,,35.96018,-86.80183,False,Crashes_2010_2019_MPO
100854771,2015-06-03,2015,,94.0,,,0,0,N,0.0,0.0,0.0,,,,,,,,35.92738,-86.86871,False,Crashes_2010_2019_MPO
101724562,2017-08-07,2017,,94.0,,,0,0,N,0.0,0.0,0.0,,,,,,,,35.9407,-86.83934,False,Crashes_2010_2019_MPO
100885447,2015-07-08,2015,,19.0,,,0,0,N,0.0,0.0,0.0,,,,,,,,36.03211,-86.7834,True,Crashes_2010_2019_MPO
102483345,2019-08-20,2019,,94.0,,,0,0,N,0.0,0.0,0.0,,,,,,,,35.99742,-86.79551,True,Crashes_2010_2019_MPO
101633774,2017-05-03,2017,,94.0,,,0,0,N,0.0,0.0,0.0,,,,,,,,35.93127,-86.87663,False,Crashes_2010_2019_MPO
102338068,2019-03-22,2019,,94.0,,,0,0,N,0.0,0.0,0.0,,,,,,,,35.94636,-86.80871,False,Crashes_2010_2019_MPO
101236566,2016-06-01,2016,,19.0,,,0,0,N,0.0,0.0,0.0,,,,,,,,36.04088,-86.81869,False,Crashes_2010_2019_MPO
101062384,2015-12-18,2015,,94.0,,,0,0,Y,0.0,0.0,1.0,,,,,,,,35.9968,-86.797,True,Crashes_2010_2019_MPO
101633282,2017-05-02,2017,,94.0,,,0,0,N,0.0,0.0,0.0,,,,,,,,36.03031,-86.8693,False,Crashes_2010_2019_MPO
102080170,2018-07-19,2018,,94.0,,,0,0,N,0.0,0.0,0.0,,,,,,,,35.9899,-86.74413,True,Crashes_2010_2019_MPO
100701873,2014-12-05,2014,,19.0,,,0,0,N,0.0,0.0,0.0,,,,,,,,36.04089,-86.77938,False,Crashes_2010_2019_MPO
102564801,2019-11-11,2019,,94.0,,,0,0,N,0.0,0.0,0.0,,,,,,,,35.94586,-86.82431,False,Crashes_2010_2019_MPO
101754840,2017-09-08,2017,,94.0,,,0,0,N,0.0,0.0,0.0,,,,,,,,35.92254,-86.87194,False,Crashes_2010_2019_MPO
100640163,2014-10-08,2014,,19.0,,,0,0,N,0.0,0.0,0.0,,,,,,,,36.04111,-86.78252,False,Crashes_2010_2019_MPO
102475872,2019-08-11,2019,,94.0,,,0,0,N,0.0,0.0,0.0,,,,,,,,35.97943,-86.803,True,Crashes_2010_2019_MPO
100338554,2013-06-06,2013,,94.0,,,0,0,N,0.0,0.0,0.0,,,,,,,,35.94068,-86.83938,False,Crashes_2010_2019_MPO
101099136,2016-02-03,2016,,19.0,,,0,0,N,0.0,0.0,0.0,,,,,,,,36.04448,-86.71727,False,Crashes_2010_2019_MPO
102504747,2019-09-10,2019,,94.0,,,0,0,N,0.0,0.0,0.0,,,,,,,,35.92744,-86.82106,False,Crashes_2010_2019_MPO
100853214,2015-05-23,2015,,19.0,,,0,0,N,0.0,0.0,0.0,,,,,,,,36.00937,-86.68439,False,Crashes_2010_2019_MPO
100498687,2014-04-19,2014,,94.0,,,0,0,N,0.0,0.0,0.0,,,,,,,,35.99293,-86.69311,True,Crashes_2010_2019_MPO
102441238,2019-07-07,2019,,94.0,,,0,0,N,0.0,0.0,0.0,,,,,,,,35.95591,-86.81142,False,Crashes_2010_2019_MPO
101497221,2017-01-06,2017,,94.0,,,0,0,N,0.0,0.0,0.0,,,,,,,,35.93314,-86.81502,False,Crashes_2010_2019_MPO
101075151,2016-01-10,2016,,19.0,,,0,0,N,0.0,0.0,0.0,,,,,,,,36.04663,-86.7135,False,Crashes_2010_2019_MPO
102095241,2018-08-02,2018,,19.0,,,0,1,N,0.0,1.0,0.0,,,,,,,,36.04526,-86.71704,False,Crashes_2010_2019_MPO
101303416,2016-07-26,2016,,94.0,,,0,0,N,0.0,0.0,0.0,,,,,,,,35.95681,-86.80307,False,Crashes_2010_2019_MPO
102299320,2019-02-07,2019,,94.0,,,0,0,N,0.0,0.0,0.0,,,,,,,,35.97814,-86.80345,True,Crashes_2010_2019_MPO
101209812,2016-05-21,2016,,94.0,,,0,0,N,0.0,0.0,0.0,,,,,,,,36.02193,-86.7951,True,Crashes_2010_2019_MPO
102557668,2019-11-04,2019,,94.0,,,0,0,N,0.0,0.0,0.0,,,,,,,,35.99749,-86.79463,True,Crashes_2010_2019_MPO
102294954,2019-02-02,2019,,19.0,,,0,0,N,0.0,0.0,0.0,,,,,,,,36.04063,-86.7714,False,Crashes_2010_2019_MPO
102104507,2018-08-10,2018,,94.0,,,0,0,N,0.0,0.0,0.0,,,,,,,,35.95324,-86.84658,False,Crashes_2010_2019_MPO
101751794,2017-09-05,2017,,19.0,,,0,0,N,0.0,0.0,0.0,,,,,,,,36.02366,-86.6885,False,Crashes_2010_2019_MPO
101686643,2017-06-29,2017,,19.0,,,0,0,N,0.0,0.0,0.0,,,,,,,,36.053,-86.71482,False,Crashes_2010_2019_MPO
101950122,2018-03-20,2018,,94.0,,,0,0,N,0.0,0.0,0.0,,,,,,,,36.03491,-86.78332,True,Crashes_2010_2019_MPO
100281256,2013-01-18,2013,,94.0,,,0,0,N,0.0,0.0,0.0,,,,,,,,35.98458,-86.74049,True,Crashes_2010_2019_MPO
102567029,2019-11-13,2019,,19.0,,,0,0,N,0.0,0.0,0.0,,,,,,,,36.04208,-86.81619,False,Crashes_2010_2019_MPO
100305262,2013-03-19,2013,,94.0,,,0,0,N,0.0,0.0,0.0,,,,,,,,35.92315,-86.81662,False,Crashes_2010_2019_MPO
101586259,2017-03-17,2017,,94.0,,,0,0,N,0.0,0.0,0.0,,,,,,,,35.9815,-86.8022,True,Crashes_2010_2019_MPO
102012763,2018-05-16,2018,,94.0,,,0,0,N,0.0,0.0,0.0,,,,,,,,35.93191,-86.794,False,Crashes_2010_2019_MPO
102227594,2018-11-28,2018,,19.0,,,0,0,N,0.0,0.0,0.0,,,,,,,,36.03766,-86.79372,False,Crashes_2010_2019_MPO
102527213,2019-10-02,2019,,19.0,,,0,0,N,0.0,0.0,0.0,,,,,,,,36.04928,-86.77579,False,Crashes_2010_2019_MPO
101987751,2018-04-24,2018,,19.0,,,0,0,Y,0.0,0.0,1.0,,,,,,,,36.0154,-86.73873,False,Crashes_2010_2019_MPO
101403702,2016-10-14,2016,,19.0,,,0,0,N,0.0,0.0,0.0,,,,,,,,36.03318,-86.77517,False,Crashes_2010_2019_MPO
101237257,2016-06-02,2016,,94.0,,,0,0,N,0.0,0.0,0.0,,,,,,,,35.92505,-86.87357,False,Crashes_2010_2019_MPO
101929732,2018-02-28,2018,,94.0,,,0,0,N,0.0,0.0,0.0,,,,,,,,35.99734,-86.79486,True,Crashes_2010_2019_MPO
102051407,2018-06-22,2018,,94.0,,,0,0,N,0.0,0.0,0.0,,,,,,,,36.00924,-86.77763,True,Crashes_2010_2019_MPO
100699755,2014-12-02,2014,,94.0,,,0,0,N,0.0,0.0,0.0,,,,,,,,35.99315,-86.69646,True,Crashes_2010_2019_MPO
100738749,2015-02-17,2015,,19.0,,,0,0,N,0.0,0.0,0.0,,,,,,,,36.03345,-86.71235,False,Crashes_2010_2019_MPO
102049953,2018-06-21,2018,,94.0,,,0,0,N,0.0,0.0,0.0,,,,,,,,35.96475,-86.81509,True,Crashes_2010_2019_MPO
101494558,2017-01-03,2017,,94.0,,,0,0,N,0.0,0.0,0.0,,,,,,,,35.97301,-86.83333,False,Crashes_2010_2019_MPO
100544174,2014-05-28,2014,,94.0,,,0,0,N,0.0,0.0,0.0,,,,,,,,35.94635,-86.82299,False,Crashes_2010_2019_MPO
100875363,2015-06-23,2015,,94.0,,,0,0,N,0.0,0.0,0.0,,,,,,,,35.94604,-86.82489,False,Crashes_2010_2019_MPO
100857477,2015-06-08,2015,,94.0,,,0,1,N,0.0,1.0,0.0,,,,,,,,35.96617,-86.8125,False,Crashes_2010_2019_MPO
101461570,2016-11-27,2016,,19.0,,,0,0,N,0.0,0.0,0.0,,,,,,,,36.04682,-86.71344,False,Crashes_2010_2019_MPO
102570723,2019-11-17,2019,,19.0,,,0,0,N,0.0,0.0,0.0,,,,,,,,36.05234,-86.72422,False,Crashes_2010_2019_MPO
102369586,2019-04-18,2019,,94.0,,,0,0,N,0.0,0.0,0.0,,,,,,,,35.9842,-86.7235,True,Crashes_2010_2019_MPO
100294497,2013-02-19,2013,,94.0,,,0,0,N,0.0,0.0,0.0,,,,,,,,35.92394,-86.82229,False,Crashes_2010_2019_MPO
101426022,2016-10-29,2016,,19.0,,,0,0,N,0.0,0.0,0.0,,,,,,,,36.0409,-86.77938,False,Crashes_2010_2019_MPO
100346078,2013-06-21,2013,,94.0,,,0,0,N,0.0,0.0,0.0,,,,,,,,35.99782,-86.79885,True,Crashes_2010_2019_MPO