mstrrecnbr,collision_ts,year,county,countystat,crash,crash_type,fatalities,non_motorists,commercial,fatal_c,nonmotor_c,truck_c,fatalc,serious_injuries,ped,bike,lighting,weather,first_harmful_event,latitude,longitude,in_city,src_layer
100701291,2014-12-04,2014,,94.0,,,0,0,N,0.0,0.0,0.0,,,,,,,,35.96684,-86.81088,True,Crashes_2010_2019_MPO
100910944,2015-07-22,2015,,94.0,,,0,0,N,0.0,0.0,0.0,,,,,,,,35.9323,-86.81939,False,Crashes_2010_2019_MPO
100434600,2014-01-22,2014,,19.0,,,0,0,N,0.0,0.0,0.0,,,,,,,,36.02644,-86.78491,True,Crashes_2010_2019_MPO
101000276,2015-10-31,2015,,94.0,,,0,0,N,0.0,0.0,0.0,,,,,,,,36.03318,-86.78284,True,Crashes_2010_2019_MPO
101560519,2017-02-20,2017,,94.0,,,0,0,N,0.0,0.0,0.0,,,,,,,,35.94882,-86.81964,False,Crashes_2010_2019_MPO
100483862,2014-04-08,2014,,94.0,,,0,0,N,0.0,0.0,0.0,,,,,,,,36.00378,-86.80686,True,Crashes_2010_2019_MPO
101646784,2017-05-17,2017,,19.0,,,0,0,N,0.0,0.0,0.0,,,,,,,,36.04537,-86.71326,False,Crashes_2010_2019_MPO
101871382,2017-12-28,2017,,94.0,,,0,0,N,0.0,0.0,0.0,,,,,,,,35.96528,-86.80036,True,Crashes_2010_2019_MPO
101131062,2016-03-09,2016,,94.0,,,0,0,N,0.0,0.0,0.0,,,,,,,,35.96582,-86.80753,False,Crashes_2010_2019_MPO
101607970,2017-04-05,2017,,94.0,,,0,0,N,0.0,0.0,0.0,,,,,,,,35.931,-86.86359,False,Crashes_2010_2019_MPO
102550679,2019-10-25,2019,,94.0,,,0,0,N,0.0,0.0,0.0,,,,,,,,35.92844,-86.83378,False,Crashes_2010_2019_MPO
101777446,2017-09-30,2017,,19.0,,,0,0,N,0.0,0.0,0.0,,,,,,,,35.99105,-86.68336,False,Crashes_2010_2019_MPO
100734789,2015-02-09,2015,,19.0,,,0,0,N,0.0,0.0,0.0,,,,,,,,36.00926,-86.69827,False,Crashes_2010_2019_MPO
101425317,2016-10-28,2016,,94.0,,,0,0,N,0.0,0.0,0.0,,,,,,,,36.03606,-86.81696,True,Crashes_2010_2019_MPO
102113814,2018-08-18,2018,,94.0,,,0,0,N,0.0,0.0,0.0,,,,,,,,35.96705,-86.81355,True,Crashes_2010_2019_MPO
100323604,2013-05-02,2013,,94.0,,,0,0,N,0.0,0.0,0.0,,,,,,,,35.97639,-86.82788,True,Crashes_2010_2019_MPO
101281062,2016-07-05,2016,,94.0,,,0,0,N,0.0,0.0,0.0,,,,,,,,35.93414,-86.86125,False,Crashes_2010_2019_MPO
102390980,2019-05-15,2019,,94.0,,,0,0,Y,0.0,0.0,1.0,,,,,,,,35.96721,-86.8135,True,Crashes_2010_2019_MPO
102586517,2019-12-02,2019,,19.0,,,0,0,N,0.0,0.0,0.0,,,,,,,,36.04646,-86.71339,False,Crashes_2010_2019_MPO
101774248,2017-09-27,2017,,19.0,,,0,0,N,0.0,0.0,0.0,,,,,,,,36.04196,-86.7681,False,Crashes_2010_2019_MPO
101766992,2017-09-20,2017,,94.0,,,0,0,N,0.0,0.0,0.0,,,,,,,,35.9728,-86.77159,True,Crashes_2010_2019_MPO
102203115,2018-11-07,2018,,94.0,,,0,0,N,0.0,0.0,0.0,,,,,,,,35.96506,-86.80587,False,Crashes_2010_2019_MPO
100911024,2015-07-23,2015,,19.0,,,0,0,N,0.0,0.0,0.0,,,,,,,,36.03442,-86.74355,False,Crashes_2010_2019_MPO
101181662,2016-04-26,2016,,94.0,,,0,0,N,0.0,0.0,0.0,,,,,,,,35.96654,-86.80934,True,Crashes_2010_2019_MPO
102153777,2018-09-22,2018,,19.0,,,0,0,N,0.0,0.0,0.0,,,,,,,,36.0465,-86.7134,False,Crashes_2010_2019_MPO
102119041,2018-08-23,2018,,19.0,,,0,0,N,0.0,0.0,0.0,,,,,,,,36.04561,-86.71977,False,Crashes_2010_2019_MPO
900089949,2010-03-22,2010,,94.0,,,0,0, ,0.0,0.0,0.0,,,,,,,,35.954796,-86.811829,False,Crashes_2010_2019_MPO
100940503,2015-08-27,2015,,19.0,,,0,0,N,0.0,0.0,0.0,,,,,,,,36.0375,-86.78584,False,Crashes_2010_2019_MPO
102379403,2019-05-03,2019,,94.0,,,0,0,N,0.0,0.0,0.0,,,,,,,,35.99712,-86.79688,True,Crashes_2010_2019_MPO
102531241,2019-10-06,2019,,19.0,,,0,0,N,0.0,0.0,0.0,,,,,,,,36.04653,-86.68335,False,Crashes_2010_2019_MPO
102528283,2019-10-03,2019,,94.0,,,0,0,N,0.0,0.0,0.0,,,,,,,,35.93348,-86.8165,False,Crashes_2010_2019_MPO
100350573,2013-07-05,2013,,94.0,,,0,0,N,0.0,0.0,0.0,,,,,,,,35.9465,-86.86924,False,Crashes_2010_2019_MPO
100407183,2013-10-29,2013,,19.0,,,1,0,N,1.0,0.0,0.0,,,,,,,,36.048141,-86.71347,False,Crashes_2010_2019_MPO
102315509,2019-02-26,2019,,94.0,,,0,0,N,0.0,0.0,0.0,,,,,,,,35.93219,-86.79405,False,Crashes_2010_2019_MPO
100734079,2015-02-06,2015,,94.0,,,0,0,N,0.0,0.0,0.0,,,,,,,,36.01272,-86.8009,True,Crashes_2010_2019_MPO
100996636,2015-10-26,2015,,19.0,,,0,0,N,0.0,0.0,0.0,,,,,,,,36.04099,-86.78254,False,Crashes_2010_2019_MPO
101430962,2016-11-04,2016,,94.0,,,0,0,N,0.0,0.0,0.0,,,,,,,,36.03614,-86.79498,True,Crashes_2010_2019_MPO
100918443,2015-08-06,2015,,19.0,,,0,0,N,0.0,0.0,0.0,,,,,,,,36.0405,-86.78259,False,Crashes_2010_2019_MPO
101965798,2018-04-02,2018,,94.0,,,0,0,N,0.0,0.0,0.0,,,,,,,,35.93757,-86.87733,False,Crashes_2010_2019_MPO
101188976,2016-05-06,2016,,94.0,,,0,0,N,0.0,0.0,0.0,,,,,,,,35.96716,-86.81351,True,Crashes_2010_2019_MPO
101756161,2017-09-09,2017,,94.0,,,0,0,N,0.0,0.0,0.0,,,,,,,,35.92444,-86.80249,False,Crashes_2010_2019_MPO
101732966,2017-08-16,2017,,94.0,,,0,0,N,0.0,0.0,0.0,,,,,,,,35.96083,-86.81323,False,Crashes_2010_2019_MPO
100179126,2012-05-10,2012,,94.0,,,0,0,N,0.0,0.0,0.0,,,,,,,,35.97368,-86.80524,True,Crashes_2010_2019_MPO
100324817,2013-05-04,2013,,94.0,,,0,0,N,0.0,0.0,0.0,,,,,,,,35.9238,-86.79461,False,Crashes_2010_2019_MPO
100943109,2015-09-01,2015,,94.0,,,0,0,N,0.0,0.0,0.0,,,,,,,,35.93446,-86.81991,False,Crashes_2010_2019_MPO
102393491,2019-05-12,2019,,94.0,,,0,0,N,0.0,0.0,0.0,,,,,,,,35.9912,-86.68349,False,Crashes_2010_2019_MPO
101531243,2017-01-21,2017,,19.0,,,0,0,N,0.0,0.0,0.0,,,,,,,,36.04706,-86.86176,False,Crashes_2010_2019_MPO
100587410,2014-07-25,2014,,94.0,,,0,0,N,0.0,0.0,0.0,,,,,,,,35.93041,-86.87616,False,Crashes_2010_2019_MPO
100312445,2013-04-05,2013,,94.0,,,0,0,N,0.0,0.0,0.0,,,,,,,,36.00452,-86.84167,False,Crashes_2010_2019_MPO
100365617,2013-08-12,2013,,94.0,,,0,0,N,0.0,0.0,0.0,,,,,,,,35.98482,-86.71583,True,Crashes_2010_2019_MPO
101463168,2016-11-29,2016,,19.0,,,0,0,N,0.0,0.0,0.0,,,,,,,,36.00512,-86.6998,False,Crashes_2010_2019_MPO
102559034,2019-11-04,2019,,94.0,,,0,0,N,0.0,0.0,0.0,,,,,,,,35.92807,-86.87509,False,Crashes_2010_2019_MPO
101160244,2016-04-08,2016,,94.0,,,0,0,N,0.0,0.0,0.0,,,,,,,,36.033154,-86.777222,True,Crashes_2010_2019_MPO
101706026,2017-07-19,2017,,19.0,,,0,0,N,0.0,0.0,0.0,,,,,,,,36.04667,-86.73997,False,Crashes_2010_2019_MPO
101931874,2018-03-02,2018,,19.0,,,0,0,N,0.0,0.0,0.0,,,,,,,,36.04519,-86.71541,False,Crashes_2010_2019_MPO
102300492,2019-02-08,2019,,94.0,,,0,0,N,0.0,0.0,0.0,,,,,,,,35.95229,-86.81927,False,Crashes_2010_2019_MPO
101468256,2016-12-05,2016,,94.0,,,0,0,N,0.0,0.0,0.0,,,,,,,,35.95741,-86.76757,True,Crashes_2010_2019_MPO
102283072,2019-01-21,2019,,94.0,,,0,0,N,0.0,0.0,0.0,,,,,,,,36.01182,-86.72804,False,Crashes_2010_2019_MPO
102436073,2019-07-03,2019,,94.0,,,0,0,N,0.0,0.0,0.0,,,,,,,,36.02588,-86.78497,True,Crashes_2010_2019_MPO
102497836,2019-09-03,2019,,94.0,,,0,0,N,0.0,0.0,0.0,,,,,,,,35.94724,-86.85139,False,Crashes_2010_2019_MPO
101243159,2016-06-10,2016,,19.0,,,0,0,N,0.0,0.0,0.0,,,,,,,,36.03764,-86.79334,False,Crashes_2010_2019_MPO
101646807,2017-05-17,2017,,94.0,,,0,0,N,0.0,0.0,0.0,,,,,,,,35.96588,-86.80316,True,Crashes_2010_2019_MPO
100118596,2011-11-22,2011,,94.0,,,0,0,N,0.0,0.0,0.0,,,,,,,,35.98991,-86.70309,True,Crashes_2010_2019_MPO
100480442,2014-03-31,2014,,94.0,,,0,0,N,0.0,0.0,0.0,,,,,,,,35.96665,-86.80928,True,Crashes_2010_2019_MPO
100996796,2015-10-26,2015,,19.0,,,0,0,N,0.0,0.0,0.0,,,,,,,,36.04522,-86.71479,False,Crashes_2010_2019_MPO
102231521,2018-12-01,2018,,19.0,,,0,0,N,0.0,0.0,0.0,,,,,,,,36.00863,-86.69446,False,Crashes_2010_2019_MPO
100886342,2015-07-14,2015,,94.0,,,0,0,N,0.0,0.0,0.0,,,,,,,,35.96504,-86.81602,True,Crashes_2010_2019_MPO
101618544,2017-04-18,2017,,94.0,,,0,0,N,0.0,0.0,0.0,,,,,,,,35.96208,-86.70686,True,Crashes_2010_2019_MPO
101237455,2016-06-02,2016,,94.0,,,0,0,N,0.0,0.0,0.0,,,,,,,,36.036167,-86.797942,True,Crashes_2010_2019_MPO
102322932,2019-03-06,2019,,94.0,,,0,0,N,0.0,0.0,0.0,,,,,,,,35.99922,-86.80923,True,Crashes_2010_2019_MPO
101757688,2017-09-11,2017,,94.0,,,0,0,N,0.0,0.0,0.0,,,,,,,,35.94256,-86.83005,False,Crashes_2010_2019_MPO
100364717,2013-08-09,2013,,94.0,,,0,0,N,0.0,0.0,0.0,,,,,,,,35.97447,-86.77602,True,Crashes_2010_2019_MPO
101271966,2016-06-24,2016,,94.0,,,0,0,N,0.0,0.0,0.0,,,,,,,,36.03322,-86.78173,True,Crashes_2010_2019_MPO
101196021,2016-05-16,2016,,94.0,,,0,0,N,0.0,0.0,0.0,,,,,,,,35.96681,-86.81119,True,Crashes_2010_2019_MPO
101977728,2018-04-14,2018,,19.0,,,0,0,N,0.0,0.0,0.0,,,,,,,,36.0484,-86.6934,False,Crashes_2010_2019_MPO
101269844,2016-06-21,2016,,19.0,,,0,0,N,0.0,0.0,0.0,,,,,,,,36.04792,-86.86495,False,Crashes_2010_2019_MPO
100429319,2014-01-08,2014,,94.0,,,0,0,Y,0.0,0.0,1.0,,,,,,,,35.9261,-86.8714,False,Crashes_2010_2019_MPO
100416160,2013-12-07,2013,,94.0,,,0,0,N,0.0,0.0,0.0,,,,,,,,35.96732,-86.69644,False,Crashes_2010_2019_MPO
101946576,2018-03-16,2018,,19.0,,,0,0,N,0.0,0.0,0.0,,,,,,,,36.04711,-86.71347,False,Crashes_2010_2019_MPO
101909198,2018-02-07,2018,,94.0,,,0,0,N,0.0,0.0,0.0,,,,,,,,35.97483,-86.77615,True,Crashes_2010_2019_MPO
102150783,2018-09-19,2018,,19.0,,,0,0,N,0.0,0.0,0.0,,,,,,,,36.04248,-86.83039,False,Crashes_2010_2019_MPO
102028244,2018-05-30,2018,,94.0,,,0,0,N,0.0,0.0,0.0,,,,,,,,36.00775,-86.78713,True,Crashes_2010_2019_MPO
100996681,2015-10-26,2015,,94.0,,,0,0,N,0.0,0.0,0.0,,,,,,,,35.92826,-86.76711,False,Crashes_2010_2019_MPO
101592226,2017-03-24,2017,,19.0,,,0,0,N,0.0,0.0,0.0,,,,,,,,36.04004,-86.78082,False,Crashes_2010_2019_MPO
102422933,2019-06-19,2019,,94.0,,,0,0,N,0.0,0.0,0.0,,,,,,,,36.02855,-86.79177,True,Crashes_2010_2019_MPO
102186946,2018-10-23,2018,,19.0,,,0,0,N,0.0,0.0,0.0,,,,,,,,36.03735,-86.78711,False,Crashes_2010_2019_MPO
102264684,2019-01-02,2019,,19.0,,,0,0,N,0.0,0.0,0.0,,,,,,,,36.04001,-86.74347,False,Crashes_2010_2019_MPO
10831113,2011-11-05,2011,,19.0,,,0,0, ,0.0,0.0,0.0,,,,,,,,36.04536,-86.71715,False,Crashes_2010_2019_MPO
101870905,2017-12-28,2017,,19.0,,,0,0,N,0.0,0.0,0.0,,,,,,,,36.0374,-86.78657,False,Crashes_2010_2019_MPO
101590200,2017-03-21,2017,,94.0,,,0,0,N,0.0,0.0,0.0,,,,,,,,35.92707,-86.8155,False,Crashes_2010_2019_MPO
101676975,2017-06-18,2017,,94.0,,,0,0,N,0.0,0.0,0.0,,,,,,,,36.0309,-86.8756,False,Crashes_2010_2019_MPO
101285806,2016-07-14,2016,,94.0,,,0,0,N,0.0,0.0,0.0,,,,,,,,35.92493,-86.86519,False,Crashes_2010_2019_MPO
102357420,2019-04-11,2019,,94.0,,,0,0,N,0.0,0.0,0.0,,,,,,,,35.93075,-86.85769,False,Crashes_2010_2019_MPO
102524927,2019-09-30,2019,,19.0,,,0,0,N,0.0,0.0,0.0,,,,,,,,36.04115,-86.71283,False,Crashes_2010_2019_MPO
100468395,2014-03-25,2014,,19.0,,,0,0,N,0.0,0.0,0.0,,,,,,,,36.03421,-86.78314,True,Crashes_2010_2019_MPO
102231320,2018-12-01,2018,,94.0,,,0,0,N,0.0,0.0,0.0,,,,,,,,36.01378,-86.71768,False,Crashes_2010_2019_MPO
100423286,2013-12-23,2013,,94.0,,,0,0,N,0.0,0.0,0.0,,,,,,,,35.92259,-86.79465,False,Crashes_2010_2019_MPO
101761711,2017-09-15,2017,,94.0,,,0,0,N,0.0,0.0,0.0,,,,,,,,35.92302,-86.8166,False,Crashes_2010_2019_MPO
101938070,2018-03-09,2018,,94.0,,,0,0,N,0.0,0.0,0.0,,,,,,,,35.93275,-86.81162,False,Crashes_2010_2019_MPO
100499263,2014-04-21,2014,,94.0,,,0,0,N,0.0,0.0,0.0,,,,,,,,35.99621,-86.78603,True,Crashes_2010_2019_MPO
100913172,2015-07-27,2015,,19.0,,,0,0,N,0.0,0.0,0.0,,,,,,,,36.04627,-86.67678,False,Crashes_2010_2019_MPO
100767481,2015-02-19,2015,,94.0,,,0,0,Y,0.0,0.0,1.0,,,,,,,,35.94267,-86.84273,False,Crashes_2010_2019_MPO
100339995,2013-06-09,2013,,94.0,,,0,0,N,0.0,0.0,0.0,,,,,,,,35.94803,-86.86369,False,Crashes_2010_2019_MPO
102602300,2019-12-19,2019,,94.0,,,0,0,N,0.0,0.0,0.0,,,,,,,,35.99585,-86.78243,True,Crashes_2010_2019_MPO
101079340,2016-01-17,2016,,19.0,,,0,0,N,0.0,0.0,0.0,,,,,,,,36.02866,-86.71257,False,Crashes_2010_2019_MPO
102444957,2019-07-11,2019,,19.0,,,0,0,N,0.0,0.0,0.0,,,,,,,,36.0387,-86.73097,False,Crashes_2010_2019_MPO
100705125,2014-12-11,2014,,94.0,,,0,0,N,0.0,0.0,0.0,,,,,,,,36.0132,-86.80188,True,Crashes_2010_2019_MPO
101034992,2015-11-23,2015,,94.0,,,0,0,N,0.0,0.0,0.0,,,,,,,,35.94679,-86.85175,False,Crashes_2010_2019_MPO
102593371,2019-12-10,2019,,94.0,,,0,0,N,0.0,0.0,0.0,,,,,,,,35.92804,-86.86553,False,Crashes_2010_2019_MPO
100738923,2015-02-18,2015,,19.0,,,0,0,N,0.0,0.0,0.0,,,,,,,,36.04429,-86.78052,False,Crashes_2010_2019_MPO
101402941,2016-10-13,2016,,94.0,,,0,0,N,0.0,0.0,0.0,,,,,,,,36.02175,-86.74267,False,Crashes_2010_2019_MPO
101122888,2016-02-26,2016,,94.0,,,0,0,N,0.0,0.0,0.0,,,,,,,,35.99623,-86.78619,True,Crashes_2010_2019_MPO
101437286,2016-11-11,2016,,19.0,,,0,0,N,0.0,0.0,0.0,,,,,,,,36.03939,-86.74342,False,Crashes_2010_2019_MPO
101323715,2016-08-09,2016,,94.0,,,0,0,N,0.0,0.0,0.0,,,,,,,,35.95924,-86.8021,False,Crashes_2010_2019_MPO
101831690,2017-11-20,2017,,19.0,,,0,0,N,0.0,0.0,0.0,,,,,,,,36.03474,-86.76873,False,Crashes_2010_2019_MPO
101181130,2016-04-25,2016,,19.0,,,0,0,N,0.0,0.0,0.0,,,,,,,,36.04242,-86.71165,False,Crashes_2010_2019_MPO
900138977,2012-07-22,2012,,94.0,,,0,0, ,0.0,0.0,0.0,,,,,,,,35.960419,-86.8116,False,Crashes_2010_2019_MPO
102330075,2019-03-13,2019,,94.0,,,0,0,N,0.0,0.0,0.0,,,,,,,,35.96589,-86.80316,True,Crashes_2010_2019_MPO
102454290,2019-07-21,2019,,19.0,,,0,0,N,0.0,0.0,0.0,,,,,,,,36.04519,-86.7158,False,Crashes_2010_2019_MPO
100820542,2015-04-19,2015,,94.0,,,0,0,N,0.0,0.0,0.0,,,,,,,,35.92783,-86.82117,False,Crashes_2010_2019_MPO
101394454,2016-10-02,2016,,19.0,,,0,0,N,0.0,0.0,0.0,,,,,,,,36.05081,-86.71743,False,Crashes_2010_2019_MPO
100340956,2013-06-12,2013,,94.0,,,0,0,N,0.0,0.0,0.0,,,,,,,,35.96476,-86.81443,False,Crashes_2010_2019_MPO
101584993,2017-03-16,2017,,94.0,,,0,0,N,0.0,0.0,0.0,,,,,,,,35.94722,-86.82141,False,Crashes_2010_2019_MPO
102025970,2018-05-27,2018,,94.0,,,0,0,N,0.0,0.0,0.0,,,,,,,,35.92354,-86.76702,False,Crashes_2010_2019_MPO
100822284,2015-04-22,2015,,94.0,,,0,0,N,0.0,0.0,0.0,,,,,,,,36.03446,-86.79252,True,Crashes_2010_2019_MPO
101684261,2017-06-23,2017,,94.0,,,0,0,N,0.0,0.0,0.0,,,,,,,,35.9671,-86.8102,True,Crashes_2010_2019_MPO
100738609,2015-02-17,2015,,94.0,,,0,0,N,0.0,0.0,0.0,,,,,,,,35.95711,-86.81099,False,Crashes_2010_2019_MPO
102444002,2019-07-10,2019,,19.0,,,0,0,N,0.0,0.0,0.0,,,,,,,,36.03401,-86.78317,True,Crashes_2010_2019_MPO
101576826,2017-03-08,2017,,19.0,,,0,1,N,0.0,1.0,0.0,,,,,,,,36.0466,-86.71341,False,Crashes_2010_2019_MPO
102042728,2018-06-14,2018,,19.0,,,0,0,N,0.0,0.0,0.0,,,,,,,,36.03938,-86.78193,False,Crashes_2010_2019_MPO
101178325,2016-04-21,2016,,19.0,,,0,0,N,0.0,0.0,0.0,,,,,,,,36.04026,-86.8164,False,Crashes_2010_2019_MPO
102185481,2018-10-22,2018,,19.0,,,0,0,N,0.0,0.0,0.0,,,,,,,,36.04712,-86.862,False,Crashes_2010_2019_MPO
102002139,2018-05-06,2018,,94.0,,,0,0,N,0.0,0.0,0.0,,,,,,,,35.92958,-86.84251,False,Crashes_2010_2019_MPO
101649114,2017-05-19,2017,,94.0,,,0,0,N,0.0,0.0,0.0,,,,,,,,35.92405,-86.87172,False,Crashes_2010_2019_MPO
100456761,2014-02-24,2014,,94.0,,,0,0,N,0.0,0.0,0.0,,,,,,,,35.93193,-86.79397,False,Crashes_2010_2019_MPO
101230494,2016-05-10,2016,,19.0,,,0,0,N,0.0,0.0,0.0,,,,,,,,36.05324,-86.77516,False,Crashes_2010_2019_MPO
101825348,2017-11-14,2017,,19.0,,,0,0,N,0.0,0.0,0.0,,,,,,,,36.04554,-86.71149,False,Crashes_2010_2019_MPO
101062736,2015-12-16,2015,,94.0,,,0,0,N,0.0,0.0,0.0,,,,,,,,35.97262,-86.80536,True,Crashes_2010_2019_MPO
102481773,2019-08-19,2019,,94.0,,,0,0,N,0.0,0.0,0.0,,,,,,,,36.01986,-86.78718,True,Crashes_2010_2019_MPO
100801824,2015-04-03,2015,,19.0,,,0,0,N,0.0,0.0,0.0,,,,,,,,36.03891,-86.76841,False,Crashes_2010_2019_MPO
101727636,2017-08-11,2017,,94.0,,,0,0,N,0.0,0.0,0.0,,,,,,,,36.03586,-86.78728,True,Crashes_2010_2019_MPO
101561240,2017-02-20,2017,,19.0,,,0,0,N,0.0,0.0,0.0,,,,,,,,36.04001,-86.74347,False,Crashes_2010_2019_MPO
102047222,2018-06-18,2018,,19.0,,,0,0,N,0.0,0.0,0.0,,,,,,,,35.99725,-86.69041,False,Crashes_2010_2019_MPO
100731678,2015-02-03,2015,,94.0,,,0,0,N,0.0,0.0,0.0,,,,,,,,35.92902,-86.84798,False,Crashes_2010_2019_MPO
100771992,2015-03-12,2015,,94.0,,,0,0,N,0.0,0.0,0.0,,,,,,,,36.00305,-86.79198,True,Crashes_2010_2019_MPO
100547151,2014-06-05,2014,,94.0,,,0,0,N,0.0,0.0,0.0,,,,,,,,35.99534,-86.77708,True,Crashes_2010_2019_MPO
100632395,2014-09-22,2014,,94.0,,,0,0,N,0.0,0.0,0.0,,,,,,,,35.92977,-86.87235,False,Crashes_2010_2019_MPO
102135387,2018-09-06,2018,,19.0,,,0,0,N,0.0,0.0,0.0,,,,,,,,36.04682,-86.71344,False,Crashes_2010_2019_MPO
101323084,2016-08-04,2016,,94.0,,,0,0,N,0.0,0.0,0.0,,,,,,,,35.9745,-86.83141,True,Crashes_2010_2019_MPO
101273791,2016-06-27,2016,,19.0,,,0,0,N,0.0,0.0,0.0,,,,,,,,36.03761,-86.78512,False,Crashes_2010_2019_MPO
101808932,2017-10-27,2017,,94.0,,,0,0,N,0.0,0.0,0.0,,,,,,,,35.92381,-86.76681,False,Crashes_2010_2019_MPO
101009416,2015-11-14,2015,,19.0,,,0,0,N,0.0,0.0,0.0,,,,,,,,36.0409,-86.77938,False,Crashes_2010_2019_MPO
102597211,2019-12-14,2019,,94.0,,,0,0,N,0.0,0.0,0.0,,,,,,,,35.97709,-86.7629,True,Crashes_2010_2019_MPO
100374126,2013-09-01,2013,,94.0,,,0,0,N,0.0,0.0,0.0,,,,,,,,35.97102,-86.72644,True,Crashes_2010_2019_MPO
102354126,2019-04-08,2019,,94.0,,,0,0,N,0.0,0.0,0.0,,,,,,,,35.94878,-86.68206,False,Crashes_2010_2019_MPO
101440391,2016-11-15,2016,,19.0,,,0,0,N,0.0,0.0,0.0,,,,,,,,36.03993,-86.74229,False,Crashes_2010_2019_MPO
101065750,2015-12-23,2015,,19.0,,,0,0,N,0.0,0.0,0.0,,,,,,,,36.04488,-86.7131,False,Crashes_2010_2019_MPO
101627968,2017-04-28,2017,,19.0,,,0,0,N,0.0,0.0,0.0,,,,,,,,36.04075,-86.77966,False,Crashes_2010_2019_MPO
102316695,2019-02-27,2019,,94.0,,,0,0,N,0.0,0.0,0.0,,,,,,,,35.96688,-86.81117,True,Crashes_2010_2019_MPO
100768023,2015-03-06,2015,,94.0,,,0,0,N,0.0,0.0,0.0,,,,,,,,35.94662,-86.85136,False,Crashes_2010_2019_MPO
101754222,2017-09-07,2017,,94.0,,,0,0,N,0.0,0.0,0.0,,,,,,,,35.97015,-86.80646,True,Crashes_2010_2019_MPO
100393408,2013-10-15,2013,,94.0,,,0,0,N,0.0,0.0,0.0,,,,,,,,36.0251,-86.78541,True,Crashes_2010_2019_MPO
102343796,2019-03-28,2019,,94.0,,,0,0,N,0.0,0.0,0.0,,,,,,,,36.01543,-86.81734,True,Crashes_2010_2019_MPO
101428765,2016-11-01,2016,,19.0,,,0,0,N,0.0,0.0,0.0,,,,,,,,36.04399,-86.69339,False,Crashes_2010_2019_MPO
101388757,2016-09-24,2016,,19.0,,,0,0,N,0.0,0.0,0.0,,,,,,,,36.04537,-86.71326,False,Crashes_2010_2019_MPO
100749312,2015-02-18,2015,,19.0,,,0,0,N,0.0,0.0,0.0,,,,,,,,36.05454,-86.72532,False,Crashes_2010_2019_MPO
100638229,2014-10-04,2014,,94.0,,,0,0,N,0.0,0.0,0.0,,,,,,,,35.98543,-86.73154,True,Crashes_2010_2019_MPO
100654667,2014-10-16,2014,,94.0,,,0,0,N,0.0,0.0,0.0,,,,,,,,35.97065,-86.67829,False,Crashes_2010_2019_MPO
101348675,2016-08-29,2016,,94.0,,,0,0,N,0.0,0.0,0.0,,,,,,,,35.94216,-86.85544,False,Crashes_2010_2019_MPO
101391265,2016-09-28,2016,,94.0,,,0,0,N,0.0,0.0,0.0,,,,,,,,35.93154,-86.87914,False,Crashes_2010_2019_MPO
102395925,2019-05-21,2019,,19.0,,,0,0,N,0.0,0.0,0.0,,,,,,,,36.0409,-86.77938,False,Crashes_2010_2019_MPO
100249352,2012-11-06,2012,,94.0,,,0,0,N,0.0,0.0,0.0,,,,,,,,36.02264,-86.78677,True,Crashes_2010_2019_MPO
101748871,2017-08-31,2017,,94.0,,,0,0,Y,0.0,0.0,1.0,,,,,,,,35.93785,-86.70699,False,Crashes_2010_2019_MPO
102048352,2018-06-19,2018,,19.0,,,0,0,N,0.0,0.0,0.0,,,,,,,,36.04749,-86.71352,False,Crashes_2010_2019_MPO
101806698,2017-10-27,2017,,94.0,,,0,0,N,0.0,0.0,0.0,,,,,,,,35.96636,-86.80822,True,Crashes_2010_2019_MPO
102546033,2019-10-22,2019,,94.0,,,0,0,N,0.0,0.0,0.0,,,,,,,,35.96572,-86.80776,False,Crashes_2010_2019_MPO
101730536,2017-08-14,2017,,94.0,,,0,0,N,0.0,0.0,0.0,,,,,,,,35.9325,-86.86247,False,Crashes_2010_2019_MPO
101180449,2016-04-24,2016,,19.0,,,0,0,N,0.0,0.0,0.0,,,,,,,,36.05134,-86.71495,False,Crashes_2010_2019_MPO
100705305,2014-12-11,2014,,19.0,,,0,0,N,0.0,0.0,0.0,,,,,,,,36.04182,-86.71279,False,Crashes_2010_2019_MPO
100223223,2012-09-05,2012,,94.0,,,0,0,N,0.0,0.0,0.0,,,,,,,,36.03093,-86.78699,True,Crashes_2010_2019_MPO
101692854,2017-07-05,2017,,94.0,,,0,0,N,0.0,0.0,0.0,,,,,,,,35.98635,-86.73664,True,Crashes_2010_2019_MPO
101859919,2017-12-15,2017,,19.0,,,0,0,N,0.0,0.0,0.0,,,,,,,,36.04026,-86.8164,False,Crashes_2010_2019_MPO
100913331,2015-07-28,2015,,94.0,,,0,0,N,0.0,0.0,0.0,,,,,,,,36.00574,-86.75481,True,Crashes_2010_2019_MPO
100850604,2015-05-26,2015,,94.0,,,0,0,N,0.0,0.0,0.0,,,,,,,,35.9645,-86.80006,True,Crashes_2010_2019_MPO
102473394,2019-08-09,2019,,94.0,,,0,0,N,0.0,0.0,0.0,,,,,,,,35.92828,-86.75889,False,Crashes_2010_2019_MPO
100642563,2014-10-13,2014,,94.0,,,0,0,N,0.0,0.0,0.0,,,,,,,,35.9505,-86.7661,True,Crashes_2010_2019_MPO
100912749,2015-07-26,2015,,19.0,,,0,0,N,0.0,0.0,0.0,,,,,,,,36.04545,-86.7036,False,Crashes_2010_2019_MPO
100443558,2014-02-16,2014,,94.0,,,0,0,N,0.0,0.0,0.0,,,,,,,,35.94539,-86.82762,False,Crashes_2010_2019_MPO
100999471,2015-10-30,2015,,94.0,,,0,0,N,0.0,0.0,0.0,,,,,,,,35.99604,-86.78451,True,Crashes_2010_2019_MPO
102285876,2019-01-23,2019,,19.0,,,0,0,N,0.0,0.0,0.0,,,,,,,,36.04328,-86.68929,False,Crashes_2010_2019_MPO
102300456,2019-02-08,2019,,94.0,,,0,1,N,0.0,1.0,0.0,,,,,,,,36.00696,-86.78558,True,Crashes_2010_2019_MPO