mstrrecnbr,collision_ts,year,county,countystat,crash,crash_type,fatalities,non_motorists,commercial,fatal_c,nonmotor_c,truck_c,fatalc,serious_injuries,ped,bike,lighting,weather,first_harmful_event,latitude,longitude,in_city,src_layer
102158361,2018-09-26,2018,,94.0,,,0,0,N,0.0,0.0,0.0,,,,,,,,35.94196,-86.82116,False,Crashes_2010_2019_MPO
100619650,2014-09-16,2014,,94.0,,,0,0,N,0.0,0.0,0.0,,,,,,,,35.95864,-86.80445,False,Crashes_2010_2019_MPO
101529440,2017-01-19,2017,,94.0,,,0,0,N,0.0,0.0,0.0,,,,,,,,35.95524,-86.84497,False,Crashes_2010_2019_MPO
100290014,2013-02-08,2013,,94.0,,,0,0,N,0.0,0.0,0.0,,,,,,,,36.01284,-86.80082,True,Crashes_2010_2019_MPO
101285388,2016-07-14,2016,,94.0,,,0,0,N,0.0,0.0,0.0,,,,,,,,36.03388,-86.79031,True,Crashes_2010_2019_MPO
100353181,2013-07-11,2013,,94.0,,,0,0,N,0.0,0.0,0.0,,,,,,,,35.93744,-86.7701,False,Crashes_2010_2019_MPO
102269459,2019-01-07,2019,,94.0,,,0,0,N,0.0,0.0,0.0,,,,,,,,35.92546,-86.87275,False,Crashes_2010_2019_MPO
100162856,2012-03-28,2012,,94.0,,,0,0,N,0.0,0.0,0.0,,,,,,,,35.96671,-86.8091,True,Crashes_2010_2019_MPO
102449796,2019-07-17,2019,,94.0,,,0,0,N,0.0,0.0,0.0,,,,,,,,35.94334,-86.80977,False,Crashes_2010_2019_MPO
101889341,2018-01-17,2018,,94.0,,,0,0,N,0.0,0.0,0.0,,,,,,,,35.93557,-86.82364,False,Crashes_2010_2019_MPO
102006950,2018-05-10,2018,,94.0,,,0,0,N,0.0,0.0,0.0,,,,,,,,35.92842,-86.87126,False,Crashes_2010_2019_MPO
101667336,2017-06-07,2017,,94.0,,,0,0,N,0.0,0.0,0.0,,,,,,,,35.99757,-86.79668,True,Crashes_2010_2019_MPO
101875346,2018-01-01,2018,,19.0,,,0,0,N,0.0,0.0,0.0,,,,,,,,36.0466,-86.77696,False,Crashes_2010_2019_MPO
102595341,2019-12-12,2019,,19.0,,,0,0,N,0.0,0.0,0.0,,,,,,,,36.04152,-86.74384,False,Crashes_2010_2019_MPO
100551511,2014-06-15,2014,,94.0,,,0,0,N,0.0,0.0,0.0,,,,,,,,35.93922,-86.8172,False,Crashes_2010_2019_MPO
101011550,2015-11-17,2015,,19.0,,,0,0,N,0.0,0.0,0.0,,,,,,,,36.03543,-86.75475,False,Crashes_2010_2019_MPO
101282448,2016-07-09,2016,,94.0,,,0,0,N,0.0,0.0,0.0,,,,,,,,35.96518,-86.80029,True,Crashes_2010_2019_MPO
101159175,2016-04-07,2016,,94.0,,,0,0,N,0.0,0.0,0.0,,,,,,,,35.95,-86.87602,False,Crashes_2010_2019_MPO
100912158,2015-07-25,2015,,19.0,,,0,0,N,0.0,0.0,0.0,,,,,,,,36.04203,-86.77909,False,Crashes_2010_2019_MPO
102490402,2019-08-27,2019,,94.0,,,0,0,N,0.0,0.0,0.0,,,,,,,,35.94521,-86.85299,False,Crashes_2010_2019_MPO
102048278,2018-06-19,2018,,94.0,,,0,0,N,0.0,0.0,0.0,,,,,,,,35.94878,-86.80885,False,Crashes_2010_2019_MPO
101935194,2018-03-06,2018,,94.0,,,0,0,N,0.0,0.0,0.0,,,,,,,,35.97862,-86.80353,True,Crashes_2010_2019_MPO
100821795,2015-04-21,2015,,94.0,,,0,0,N,0.0,0.0,0.0,,,,,,,,35.94677,-86.85185,False,Crashes_2010_2019_MPO
102546690,2019-10-23,2019,,94.0,,,0,0,N,0.0,0.0,0.0,,,,,,,,35.94574,-86.80759,False,Crashes_2010_2019_MPO
100799959,2015-03-30,2015,,94.0,,,0,0,N,0.0,0.0,0.0,,,,,,,,35.94121,-86.83654,False,Crashes_2010_2019_MPO
100971684,2015-10-02,2015,,94.0,,,0,0,N,0.0,0.0,0.0,,,,,,,,35.96199,-86.81523,False,Crashes_2010_2019_MPO
101322827,2016-08-08,2016,,94.0,,,0,0,N,0.0,0.0,0.0,,,,,,,,35.92861,-86.82065,False,Crashes_2010_2019_MPO
102277084,2019-01-14,2019,,94.0,,,0,0,N,0.0,0.0,0.0,,,,,,,,35.93452,-86.87804,False,Crashes_2010_2019_MPO
100796510,2015-03-23,2015,,94.0,,,0,0,N,0.0,0.0,0.0,,,,,,,,35.92387,-86.87842,False,Crashes_2010_2019_MPO
100682371,2014-11-14,2014,,94.0,,,0,0,N,0.0,0.0,0.0,,,,,,,,35.95394,-86.81778,False,Crashes_2010_2019_MPO
100726913,2015-01-23,2015,,94.0,,,0,0,N,0.0,0.0,0.0,,,,,,,,35.94787,-86.81962,False,Crashes_2010_2019_MPO
101772687,2017-09-26,2017,,94.0,,,0,0,N,0.0,0.0,0.0,,,,,,,,35.9462,-86.80876,False,Crashes_2010_2019_MPO
100310041,2013-03-30,2013,,94.0,,,0,0,N,0.0,0.0,0.0,,,,,,,,35.93496,-86.77649,False,Crashes_2010_2019_MPO
102457554,2019-07-25,2019,,19.0,,,0,0,N,0.0,0.0,0.0,,,,,,,,36.02549,-86.72702,False,Crashes_2010_2019_MPO
100769775,2015-03-10,2015,,19.0,,,0,0,N,0.0,0.0,0.0,,,,,,,,36.03884,-86.78388,False,Crashes_2010_2019_MPO
101103799,2016-02-11,2016,,19.0,,,0,0,N,0.0,0.0,0.0,,,,,,,,36.04001,-86.74347,False,Crashes_2010_2019_MPO
102032586,2018-06-04,2018,,94.0,,,0,0,N,0.0,0.0,0.0,,,,,,,,35.96913,-86.72791,True,Crashes_2010_2019_MPO
101543262,2017-02-02,2017,,94.0,,,0,0,N,0.0,0.0,0.0,,,,,,,,35.92957,-86.84187,False,Crashes_2010_2019_MPO
100620200,2014-09-17,2014,,94.0,,,0,0,N,0.0,0.0,0.0,,,,,,,,35.95304,-86.81789,False,Crashes_2010_2019_MPO
101001367,2015-11-02,2015,,94.0,,,0,0,N,0.0,0.0,0.0,,,,,,,,35.92738,-86.8687,False,Crashes_2010_2019_MPO
101182682,2016-04-26,2016,,94.0,,,0,0,N,0.0,0.0,0.0,,,,,,,,35.96663,-86.80998,True,Crashes_2010_2019_MPO
100263143,2012-12-07,2012,,94.0,,,0,0,N,0.0,0.0,0.0,,,,,,,,36.00378,-86.71868,True,Crashes_2010_2019_MPO
101281378,2016-07-07,2016,,19.0,,,0,0,N,0.0,0.0,0.0,,,,,,,,35.99139,-86.68368,False,Crashes_2010_2019_MPO
101063200,2015-12-19,2015,,94.0,,,0,0,N,0.0,0.0,0.0,,,,,,,,35.9788,-86.76313,True,Crashes_2010_2019_MPO
102228794,2018-11-29,2018,,94.0,,,0,0,N,0.0,0.0,0.0,,,,,,,,36.01342,-86.80332,True,Crashes_2010_2019_MPO
100311428,2013-04-03,2013,,94.0,,,0,0,N,0.0,0.0,0.0,,,,,,,,35.96518,-86.81428,False,Crashes_2010_2019_MPO
101483553,2016-12-21,2016,,94.0,,,0,0,N,0.0,0.0,0.0,,,,,,,,35.94688,-86.82171,False,Crashes_2010_2019_MPO
101840921,2017-11-28,2017,,19.0,,,0,0,N,0.0,0.0,0.0,,,,,,,,36.04316,-86.78183,False,Crashes_2010_2019_MPO
102100015,2018-08-05,2018,,94.0,,,0,0,N,0.0,0.0,0.0,,,,,,,,35.98263,-86.79001,True,Crashes_2010_2019_MPO
101065085,2015-12-18,2015,,94.0,,,0,0,N,0.0,0.0,0.0,,,,,,,,35.92586,-86.87304,False,Crashes_2010_2019_MPO
101130427,2016-03-09,2016,,94.0,,,0,0,N,0.0,0.0,0.0,,,,,,,,35.95672,-86.81086,False,Crashes_2010_2019_MPO
102509430,2019-09-14,2019,,94.0,,,0,0,N,0.0,0.0,0.0,,,,,,,,36.01427,-86.78534,True,Crashes_2010_2019_MPO
100727958,2015-01-26,2015,,19.0,,,0,0,N,0.0,0.0,0.0,,,,,,,,36.02083,-86.71087,False,Crashes_2010_2019_MPO
101877886,2018-01-04,2018,,94.0,,,0,0,N,0.0,0.0,0.0,,,,,,,,35.97039,-86.77379,True,Crashes_2010_2019_MPO
101419979,2016-10-22,2016,,19.0,,,0,0,Y,0.0,0.0,1.0,,,,,,,,36.04142,-86.67767,False,Crashes_2010_2019_MPO
101699701,2017-07-10,2017,,94.0,,,0,0,N,0.0,0.0,0.0,,,,,,,,35.93859,-86.80988,False,Crashes_2010_2019_MPO
102271818,2019-01-09,2019,,94.0,,,0,0,N,0.0,0.0,0.0,,,,,,,,35.93783,-86.87895,False,Crashes_2010_2019_MPO
102351959,2019-04-06,2019,,94.0,,,0,0,N,0.0,0.0,0.0,,,,,,,,35.94175,-86.82119,False,Crashes_2010_2019_MPO
100396905,2013-10-26,2013,,94.0,,,0,0,N,0.0,0.0,0.0,,,,,,,,35.96756,-86.80736,True,Crashes_2010_2019_MPO
102253502,2018-12-21,2018,,19.0,,,0,0,N,0.0,0.0,0.0,,,,,,,,36.04001,-86.74347,False,Crashes_2010_2019_MPO
101610973,2017-04-10,2017,,94.0,,,0,0,N,0.0,0.0,0.0,,,,,,,,35.97334,-86.83305,True,Crashes_2010_2019_MPO
102153065,2018-09-21,2018,,94.0,,,0,0,N,0.0,0.0,0.0,,,,,,,,35.99491,-86.77178,True,Crashes_2010_2019_MPO
100857489,2015-06-08,2015,,94.0,,,0,0,N,0.0,0.0,0.0,,,,,,,,36.01569,-86.8459,True,Crashes_2010_2019_MPO
100879859,2015-07-02,2015,,94.0,,,0,0,N,0.0,0.0,0.0,,,,,,,,35.9553,-86.81162,False,Crashes_2010_2019_MPO
102155352,2018-09-23,2018,,94.0,,,0,0,N,0.0,0.0,0.0,,,,,,,,35.96594,-86.80418,True,Crashes_2010_2019_MPO
101547983,2017-02-07,2017,,94.0,,,0,0,N,0.0,0.0,0.0,,,,,,,,35.96518,-86.80029,True,Crashes_2010_2019_MPO
100819550,2015-04-17,2015,,94.0,,,0,0,N,0.0,0.0,0.0,,,,,,,,35.95395,-86.76299,True,Crashes_2010_2019_MPO
101672085,2017-06-13,2017,,19.0,,,0,0,N,0.0,0.0,0.0,,,,,,,,36.03919,-86.78369,False,Crashes_2010_2019_MPO
101063186,2015-12-19,2015,,19.0,,,0,1,N,0.0,1.0,0.0,,,,,,,,36.03606,-86.78506,False,Crashes_2010_2019_MPO
102384227,2019-05-09,2019,,19.0,,,0,0,N,0.0,0.0,0.0,,,,,,,,36.03991,-86.74211,False,Crashes_2010_2019_MPO
100160000,2012-03-20,2012,,94.0,,,0,0,N,0.0,0.0,0.0,,,,,,,,35.96174,-86.80177,True,Crashes_2010_2019_MPO
100659220,2014-10-24,2014,,94.0,,,0,0,N,0.0,0.0,0.0,,,,,,,,36.00781,-86.86111,False,Crashes_2010_2019_MPO
101098995,2016-02-02,2016,,94.0,,,0,0,N,0.0,0.0,0.0,,,,,,,,35.94725,-86.82079,False,Crashes_2010_2019_MPO
101825031,2017-11-10,2017,,94.0,,,0,0,N,0.0,0.0,0.0,,,,,,,,36.02908,-86.78378,True,Crashes_2010_2019_MPO
101480581,2016-12-14,2016,,94.0,,,0,0,N,0.0,0.0,0.0,,,,,,,,35.96532,-86.70293,False,Crashes_2010_2019_MPO
100878719,2015-06-30,2015,,19.0,,,0,0,N,0.0,0.0,0.0,,,,,,,,36.04023,-86.76782,False,Crashes_2010_2019_MPO
102323229,2019-03-05,2019,,94.0,,,0,0,N,0.0,0.0,0.0,,,,,,,,36.03113,-86.83531,True,Crashes_2010_2019_MPO
101004141,2015-11-06,2015,,19.0,,,0,0,N,0.0,0.0,0.0,,,,,,,,36.03256,-86.7687,False,Crashes_2010_2019_MPO
101300827,2016-07-22,2016,,19.0,,,0,0,N,0.0,0.0,0.0,,,,,,,,36.05188,-86.71447,False,Crashes_2010_2019_MPO
101830228,2017-11-18,2017,,19.0,,,0,0,N,0.0,0.0,0.0,,,,,,,,36.04801,-86.71358,False,Crashes_2010_2019_MPO
100313882,2013-04-09,2013,,94.0,,,0,0,N,0.0,0.0,0.0,,,,,,,,35.93445,-86.87801,False,Crashes_2010_2019_MPO
101631108,2017-05-01,2017,,19.0,,,0,0,N,0.0,0.0,0.0,,,,,,,,36.04491,-86.69593,False,Crashes_2010_2019_MPO
101585524,2017-03-17,2017,,94.0,,,0,0,N,0.0,0.0,0.0,,,,,,,,35.9269,-86.82446,False,Crashes_2010_2019_MPO
100441875,2014-02-12,2014,,94.0,,,0,0,N,0.0,0.0,0.0,,,,,,,,36.03318,-86.78284,True,Crashes_2010_2019_MPO
102135549,2018-09-06,2018,,94.0,,,0,0,N,0.0,0.0,0.0,,,,,,,,35.93061,-86.84302,False,Crashes_2010_2019_MPO
100309566,2013-03-25,2013,,94.0,,,0,0,N,0.0,0.0,0.0,,,,,,,,35.9704,-86.80637,True,Crashes_2010_2019_MPO
101946199,2018-03-16,2018,,19.0,,,0,0,N,0.0,0.0,0.0,,,,,,,,36.0481,-86.86564,False,Crashes_2010_2019_MPO
102381505,2019-05-06,2019,,94.0,,,0,0,N,0.0,0.0,0.0,,,,,,,,36.01513,-86.73592,False,Crashes_2010_2019_MPO
101883051,2018-01-10,2018,,94.0,,,0,0,N,0.0,0.0,0.0,,,,,,,,35.9509,-86.80665,False,Crashes_2010_2019_MPO
100856541,2015-06-06,2015,,19.0,,,0,0,N,0.0,0.0,0.0,,,,,,,,36.04029,-86.76833,False,Crashes_2010_2019_MPO
101452067,2016-11-16,2016,,94.0,,,0,0,N,0.0,0.0,0.0,,,,,,,,35.93541,-86.82372,False,Crashes_2010_2019_MPO
102155666,2018-09-20,2018,,94.0,,,0,0,N,0.0,0.0,0.0,,,,,,,,35.96637,-86.81132,False,Crashes_2010_2019_MPO
101881348,2018-01-08,2018,,94.0,,,0,0,N,0.0,0.0,0.0,,,,,,,,36.03329,-86.78422,True,Crashes_2010_2019_MPO
101104620,2016-02-12,2016,,94.0,,,0,0,N,0.0,0.0,0.0,,,,,,,,35.92323,-86.86571,False,Crashes_2010_2019_MPO
100944363,2015-09-01,2015,,94.0,,,0,0,N,0.0,0.0,0.0,,,,,,,,35.95201,-86.81715,False,Crashes_2010_2019_MPO
102358642,2019-04-12,2019,,94.0,,,0,0,N,0.0,0.0,0.0,,,,,,,,35.94778,-86.81994,False,Crashes_2010_2019_MPO
101148743,2016-03-22,2016,,94.0,,,0,0,N,0.0,0.0,0.0,,,,,,,,35.94451,-86.8205,False,Crashes_2010_2019_MPO
100234678,2012-10-04,2012,,94.0,,,0,0,N,0.0,0.0,0.0,,,,,,,,36.03622,-86.78707,True,Crashes_2010_2019_MPO
101042917,2015-12-04,2015,,19.0,,,0,0,N,0.0,0.0,0.0,,,,,,,,36.02431,-86.74239,False,Crashes_2010_2019_MPO
102410213,2019-06-05,2019,,94.0,,,0,0,N,0.0,0.0,0.0,,,,,,,,35.965805,-86.805674,True,Crashes_2010_2019_MPO
101846100,2017-12-01,2017,,94.0,,,0,0,N,0.0,0.0,0.0,,,,,,,,35.92338,-86.81647,False,Crashes_2010_2019_MPO
100999194,2015-10-29,2015,,94.0,,,0,0,N,0.0,0.0,0.0,,,,,,,,35.99136,-86.81339,True,Crashes_2010_2019_MPO
101603511,2017-04-04,2017,,19.0,,,0,0,N,0.0,0.0,0.0,,,,,,,,36.04118,-86.77659,False,Crashes_2010_2019_MPO
100403387,2013-11-11,2013,,94.0,,,0,0,N,0.0,0.0,0.0,,,,,,,,35.9698,-86.72403,True,Crashes_2010_2019_MPO
101578122,2017-03-09,2017,,19.0,,,0,0,N,0.0,0.0,0.0,,,,,,,,36.04001,-86.74347,False,Crashes_2010_2019_MPO
101918719,2018-02-13,2018,,94.0,,,0,0,Y,0.0,0.0,1.0,,,,,,,,35.98851,-86.8786,False,Crashes_2010_2019_MPO
102352755,2019-04-07,2019,,19.0,,,0,0,N,0.0,0.0,0.0,,,,,,,,36.04924,-86.69974,False,Crashes_2010_2019_MPO
102121147,2018-08-24,2018,,19.0,,,0,0,N,0.0,0.0,0.0,,,,,,,,36.05366,-86.71502,False,Crashes_2010_2019_MPO
100573335,2014-07-14,2014,,94.0,,,0,0,N,0.0,0.0,0.0,,,,,,,,35.99655,-86.78899,True,Crashes_2010_2019_MPO
100938212,2015-08-23,2015,,94.0,,,0,0,N,0.0,0.0,0.0,,,,,,,,35.94683,-86.85172,False,Crashes_2010_2019_MPO
100732095,2015-02-04,2015,,94.0,,,0,0,N,0.0,0.0,0.0,,,,,,,,35.95085,-86.80667,False,Crashes_2010_2019_MPO
101333829,2016-08-22,2016,,19.0,,,0,0,N,0.0,0.0,0.0,,,,,,,,36.03985,-86.81642,False,Crashes_2010_2019_MPO
101363497,2016-09-17,2016,,19.0,,,0,0,N,0.0,0.0,0.0,,,,,,,,36.04491,-86.71983,False,Crashes_2010_2019_MPO
102115464,2018-08-19,2018,,19.0,,,0,0,N,0.0,0.0,0.0,,,,,,,,36.00486,-86.69961,False,Crashes_2010_2019_MPO
102593861,2019-12-10,2019,,19.0,,,0,0,N,0.0,0.0,0.0,,,,,,,,36.04957,-86.71366,False,Crashes_2010_2019_MPO
100827983,2015-05-03,2015,,94.0,,,0,0,N,0.0,0.0,0.0,,,,,,,,35.92954,-86.84187,False,Crashes_2010_2019_MPO
101495134,2017-01-03,2017,,19.0,,,0,0,N,0.0,0.0,0.0,,,,,,,,36.03747,-86.79098,False,Crashes_2010_2019_MPO
101682848,2017-06-25,2017,,19.0,,,0,0,N,0.0,0.0,0.0,,,,,,,,36.04515,-86.6994,False,Crashes_2010_2019_MPO
101405158,2016-10-16,2016,,94.0,,,0,0,N,0.0,0.0,0.0,,,,,,,,36.01286,-86.80081,True,Crashes_2010_2019_MPO
101241310,2016-06-07,2016,,19.0,,,0,0,N,0.0,0.0,0.0,,,,,,,,36.03352,-86.71298,False,Crashes_2010_2019_MPO
100368171,2013-08-17,2013,,94.0,,,0,0,N,0.0,0.0,0.0,,,,,,,,35.95576,-86.81513,False,Crashes_2010_2019_MPO
101361564,2016-09-14,2016,,94.0,,,0,0,N,0.0,0.0,0.0,,,,,,,,35.96663,-86.81369,True,Crashes_2010_2019_MPO
100966691,2015-09-25,2015,,19.0,,,0,0,N,0.0,0.0,0.0,,,,,,,,36.03256,-86.7687,False,Crashes_2010_2019_MPO
101151767,2016-03-27,2016,,94.0,,,0,0,N,0.0,0.0,0.0,,,,,,,,35.99419,-86.76419,True,Crashes_2010_2019_MPO
101288193,2016-07-18,2016,,94.0,,,0,0,N,0.0,0.0,0.0,,,,,,,,35.98826,-86.73963,True,Crashes_2010_2019_MPO
100832159,2015-05-11,2015,,19.0,,,0,0,N,0.0,0.0,0.0,,,,,,,,36.0392,-86.73576,False,Crashes_2010_2019_MPO
101681490,2017-06-23,2017,,19.0,,,0,0,N,0.0,0.0,0.0,,,,,,,,36.04568,-86.72146,False,Crashes_2010_2019_MPO
101074092,2016-01-08,2016,,19.0,,,0,0,N,0.0,0.0,0.0,,,,,,,,36.04441,-86.78039,False,Crashes_2010_2019_MPO
101403949,2016-10-14,2016,,94.0,,,0,0,N,0.0,0.0,0.0,,,,,,,,35.96064,-86.81255,False,Crashes_2010_2019_MPO
102560073,2019-11-06,2019,,94.0,,,0,0,N,0.0,0.0,0.0,,,,,,,,35.94781,-86.81499,False,Crashes_2010_2019_MPO
100463452,2014-03-07,2014,,94.0,,,0,0,N,0.0,0.0,0.0,,,,,,,,35.95482,-86.81451,False,Crashes_2010_2019_MPO
100853563,2015-06-01,2015,,94.0,,,0,0,N,0.0,0.0,0.0,,,,,,,,35.92627,-86.82171,False,Crashes_2010_2019_MPO
102228795,2018-11-29,2018,,94.0,,,0,0,N,0.0,0.0,0.0,,,,,,,,36.02607,-86.81848,True,Crashes_2010_2019_MPO
101038298,2015-11-28,2015,,94.0,,,0,0,N,0.0,0.0,0.0,,,,,,,,35.93499,-86.77623,False,Crashes_2010_2019_MPO
102511522,2019-09-17,2019,,19.0,,,0,0,N,0.0,0.0,0.0,,,,,,,,36.01651,-86.71276,False,Crashes_2010_2019_MPO
100795541,2015-03-20,2015,,19.0,,,0,0,N,0.0,0.0,0.0,,,,,,,,36.03902,-86.78247,False,Crashes_2010_2019_MPO
101674077,2017-06-10,2017,,19.0,,,0,0,N,0.0,0.0,0.0,,,,,,,,36.04224,-86.71293,False,Crashes_2010_2019_MPO
101824958,2017-11-14,2017,,94.0,,,0,0,N,0.0,0.0,0.0,,,,,,,,35.95837,-86.7128,False,Crashes_2010_2019_MPO
102408888,2019-06-03,2019,,94.0,,,0,0,N,0.0,0.0,0.0,,,,,,,,35.98892,-86.74104,True,Crashes_2010_2019_MPO
102164472,2018-10-02,2018,,94.0,,,0,0,Y,0.0,0.0,1.0,,,,,,,,35.97743,-86.7743,True,Crashes_2010_2019_MPO
100238713,2012-10-15,2012,,94.0,,,0,0,N,0.0,0.0,0.0,,,,,,,,35.97332,-86.83308,True,Crashes_2010_2019_MPO
102230573,2018-11-30,2018,,94.0,,,0,0,N,0.0,0.0,0.0,,,,,,,,35.96133,-86.81226,False,Crashes_2010_2019_MPO
102091715,2018-07-29,2018,,94.0,,,0,0,N,0.0,0.0,0.0,,,,,,,,35.92641,-86.82447,False,Crashes_2010_2019_MPO
100268885,2012-12-17,2012,,94.0,,,0,0,N,0.0,0.0,0.0,,,,,,,,35.95868,-86.80466,False,Crashes_2010_2019_MPO
102258784,2018-12-27,2018,,19.0,,,0,0,N,0.0,0.0,0.0,,,,,,,,36.03943,-86.71282,False,Crashes_2010_2019_MPO
102046191,2018-06-15,2018,,94.0,,,0,0,N,0.0,0.0,0.0,,,,,,,,35.94675,-86.85178,False,Crashes_2010_2019_MPO
100521719,2014-05-21,2014,,94.0,,,0,0,N,0.0,0.0,0.0,,,,,,,,35.92622,-86.82173,False,Crashes_2010_2019_MPO
101793528,2017-10-16,2017,,19.0,,,0,0,Y,0.0,0.0,1.0,,,,,,,,36.04084,-86.77347,False,Crashes_2010_2019_MPO
100300376,2013-03-06,2013,,94.0,,,0,0,N,0.0,0.0,0.0,,,,,,,,35.97607,-86.8292,True,Crashes_2010_2019_MPO
101608549,2017-04-08,2017,,94.0,,,0,0,N,0.0,0.0,0.0,,,,,,,,35.95594,-86.83223,False,Crashes_2010_2019_MPO
101878329,2018-01-04,2018,,94.0,,,0,0,N,0.0,0.0,0.0,,,,,,,,35.93773,-86.87864,False,Crashes_2010_2019_MPO
101699572,2017-07-13,2017,,94.0,,,0,0,N,0.0,0.0,0.0,,,,,,,,35.93117,-86.79415,False,Crashes_2010_2019_MPO
101454051,2016-11-19,2016,,19.0,,,0,0,N,0.0,0.0,0.0,,,,,,,,36.03918,-86.78256,False,Crashes_2010_2019_MPO
102142356,2018-09-12,2018,,94.0,,,0,0,N,0.0,0.0,0.0,,,,,,,,35.94521,-86.87747,False,Crashes_2010_2019_MPO
101762432,2017-09-16,2017,,94.0,,,0,0,N,0.0,0.0,0.0,,,,,,,,35.96667,-86.80916,True,Crashes_2010_2019_MPO
100879461,2015-07-01,2015,,19.0,,,0,0,N,0.0,0.0,0.0,,,,,,,,36.04231,-86.83695,False,Crashes_2010_2019_MPO
101902735,2018-01-31,2018,,19.0,,,0,0,N,0.0,0.0,0.0,,,,,,,,36.03256,-86.76876,False,Crashes_2010_2019_MPO
102559483,2019-11-05,2019,,94.0,,,0,0,N,0.0,0.0,0.0,,,,,,,,35.92784,-86.82092,False,Crashes_2010_2019_MPO
101456797,2016-11-22,2016,,19.0,,,0,0,N,0.0,0.0,0.0,,,,,,,,36.0402,-86.78061,False,Crashes_2010_2019_MPO
101146375,2016-03-18,2016,,19.0,,,0,0,N,0.0,0.0,0.0,,,,,,,,36.04231,-86.72652,False,Crashes_2010_2019_MPO
100382555,2013-09-23,2013,,94.0,,,0,0,N,0.0,0.0,0.0,,,,,,,,35.94949,-86.81409,False,Crashes_2010_2019_MPO
100770386,2015-03-06,2015,,19.0,,,0,0,N,0.0,0.0,0.0,,,,,,,,36.012,-86.70455,False,Crashes_2010_2019_MPO
102594136,2019-12-11,2019,,19.0,,,0,0,N,0.0,0.0,0.0,,,,,,,,36.03217,-86.71275,False,Crashes_2010_2019_MPO
101280502,2016-07-06,2016,,94.0,,,0,0,N,0.0,0.0,0.0,,,,,,,,35.96716,-86.81351,True,Crashes_2010_2019_MPO
101476663,2016-12-14,2016,,94.0,,,0,0,Y,0.0,0.0,1.0,,,,,,,,36.01512,-86.81435,True,Crashes_2010_2019_MPO
101707181,2017-07-21,2017,,94.0,,,0,0,N,0.0,0.0,0.0,,,,,,,,35.93789,-86.7078,False,Crashes_2010_2019_MPO
101542250,2017-02-02,2017,,19.0,,,0,0,N,0.0,0.0,0.0,,,,,,,,36.04245,-86.71294,False,Crashes_2010_2019_MPO
101677955,2017-06-19,2017,,94.0,,,0,0,N,0.0,0.0,0.0,,,,,,,,35.9967,-86.81058,True,Crashes_2010_2019_MPO
101436518,2016-11-10,2016,,94.0,,,0,0,N,0.0,0.0,0.0,,,,,,,,35.99502,-86.77324,True,Crashes_2010_2019_MPO
102527966,2019-10-03,2019,,19.0,,,0,0,N,0.0,0.0,0.0,,,,,,,,36.04902,-86.86898,False,Crashes_2010_2019_MPO
101359577,2016-09-12,2016,,94.0,,,0,0,N,0.0,0.0,0.0,,,,,,,,36.03334,-86.79591,True,Crashes_2010_2019_MPO
100638222,2014-10-03,2014,,19.0,,,0,0,N,0.0,0.0,0.0,,,,,,,,36.04542,-86.71317,False,Crashes_2010_2019_MPO
100034371,2011-02-09,2011,,94.0,,,0,0,N,0.0,0.0,0.0,,,,,,,,35.928596,-86.717207,False,Crashes_2010_2019_MPO
100836832,2015-05-19,2015,,19.0,,,0,0,N,0.0,0.0,0.0,,,,,,,,36.04658,-86.85957,False,Crashes_2010_2019_MPO
102522459,2019-09-27,2019,,94.0,,,0,0,N,0.0,0.0,0.0,,,,,,,,36.03321,-86.79602,True,Crashes_2010_2019_MPO
101966965,2018-04-04,2018,,94.0,,,0,0,N,0.0,0.0,0.0,,,,,,,,35.92907,-86.84991,False,Crashes_2010_2019_MPO
101097067,2016-01-31,2016,,94.0,,,0,0,N,0.0,0.0,0.0,,,,,,,,36.01943,-86.78681,True,Crashes_2010_2019_MPO
102188892,2018-10-25,2018,,19.0,,,0,0,N,0.0,0.0,0.0,,,,,,,,36.04165,-86.74388,False,Crashes_2010_2019_MPO
100768234,2015-03-06,2015,,19.0,,,0,0,Y,0.0,0.0,1.0,,,,,,,,36.04526,-86.71703,False,Crashes_2010_2019_MPO
101349184,2016-08-26,2016,,19.0,,,0,0,N,0.0,0.0,0.0,,,,,,,,36.03778,-86.78466,False,Crashes_2010_2019_MPO
101876438,2018-01-02,2018,,94.0,,,0,0,N,0.0,0.0,0.0,,,,,,,,35.94245,-86.81609,False,Crashes_2010_2019_MPO
102085450,2018-07-24,2018,,94.0,,,0,0,N,0.0,0.0,0.0,,,,,,,,35.95228,-86.81923,False,Crashes_2010_2019_MPO
100583969,2014-07-16,2014,,94.0,,,0,0,N,0.0,0.0,0.0,,,,,,,,35.92388,-86.87167,False,Crashes_2010_2019_MPO
100609027,2014-08-22,2014,,94.0,,,0,0,N,0.0,0.0,0.0,,,,,,,,35.94035,-86.83301,False,Crashes_2010_2019_MPO
101468424,2016-12-05,2016,,94.0,,,0,0,N,0.0,0.0,0.0,,,,,,,,35.9593,-86.80186,False,Crashes_2010_2019_MPO
102252053,2018-12-19,2018,,19.0,,,0,0,N,0.0,0.0,0.0,,,,,,,,36.03861,-86.78323,False,Crashes_2010_2019_MPO
101280099,2016-07-06,2016,,94.0,,,0,0,N,0.0,0.0,0.0,,,,,,,,35.96734,-86.72758,True,Crashes_2010_2019_MPO
101955069,2018-03-24,2018,,19.0,,,0,0,N,0.0,0.0,0.0,,,,,,,,36.03469,-86.78332,True,Crashes_2010_2019_MPO
101280982,2016-07-07,2016,,94.0,,,0,0,N,0.0,0.0,0.0,,,,,,,,35.95365,-86.71909,False,Crashes_2010_2019_MPO
102095800,2018-08-02,2018,,94.0,,,0,0,N,0.0,0.0,0.0,,,,,,,,35.9502,-86.81787,False,Crashes_2010_2019_MPO
102341011,2019-03-25,2019,,94.0,,,0,0,N,0.0,0.0,0.0,,,,,,,,35.946,-86.84927,False,Crashes_2010_2019_MPO