mstrrecnbr,collision_ts,year,county,countystat,crash,crash_type,fatalities,non_motorists,commercial,fatal_c,nonmotor_c,truck_c,fatalc,serious_injuries,ped,bike,lighting,weather,first_harmful_event,latitude,longitude,in_city,src_layer
102159985,2018-09-27,2018,,94.0,,,0,0,N,0.0,0.0,0.0,,,,,,,,35.93465,-86.86087,False,Crashes_2010_2019_MPO
100859274,2015-06-11,2015,,19.0,,,0,0,N,0.0,0.0,0.0,,,,,,,,36.05287,-86.68744,False,Crashes_2010_2019_MPO
100500527,2014-04-24,2014,,94.0,,,0,0,N,0.0,0.0,0.0,,,,,,,,36.02479,-86.78559,True,Crashes_2010_2019_MPO
100439048,2014-02-04,2014,,94.0,,,0,0,N,0.0,0.0,0.0,,,,,,,,35.93654,-86.85947,False,Crashes_2010_2019_MPO
100333095,2013-05-18,2013,,94.0,,,0,0,Y,0.0,0.0,1.0,,,,,,,,35.9941,-86.79793,True,Crashes_2010_2019_MPO
102372584,2019-04-26,2019,,94.0,,,0,0,N,0.0,0.0,0.0,,,,,,,,35.94559,-86.81944,False,Crashes_2010_2019_MPO
100596571,2014-08-16,2014,,94.0,,,0,0,N,0.0,0.0,0.0,,,,,,,,35.93985,-86.87951,False,Crashes_2010_2019_MPO
100064417,2011-06-13,2011,,94.0,,,0,0,Y,0.0,0.0,1.0,,,,,,,,35.999439,-86.796059,True,Crashes_2010_2019_MPO
100350401,2013-07-04,2013,,94.0,,,0,0,N,0.0,0.0,0.0,,,,,,,,35.92339,-86.82266,False,Crashes_2010_2019_MPO
102574141,2019-11-20,2019,,19.0,,,0,0,N,0.0,0.0,0.0,,,,,,,,36.04777,-86.75356,False,Crashes_2010_2019_MPO
100393654,2013-10-19,2013,,94.0,,,0,0,N,0.0,0.0,0.0,,,,,,,,35.9932,-86.84784,False,Crashes_2010_2019_MPO
102332421,2019-03-16,2019,,94.0,,,0,1,N,0.0,1.0,0.0,,,,,,,,36.02767,-86.79082,True,Crashes_2010_2019_MPO
100242523,2012-10-23,2012,,94.0,,,0,0,N,0.0,0.0,0.0,,,,,,,,35.99663,-86.78817,True,Crashes_2010_2019_MPO
101922417,2018-02-21,2018,,94.0,,,0,0,N,0.0,0.0,0.0,,,,,,,,35.97438,-86.83209,True,Crashes_2010_2019_MPO
101280324,2016-06-30,2016,,94.0,,,0,0,N,0.0,0.0,0.0,,,,,,,,35.99526,-86.7763,True,Crashes_2010_2019_MPO
101625294,2017-04-25,2017,,94.0,,,0,0,N,0.0,0.0,0.0,,,,,,,,36.02308,-86.74252,False,Crashes_2010_2019_MPO
100617746,2014-09-11,2014,,94.0,,,0,0,N,0.0,0.0,0.0,,,,,,,,36.03308,-86.8174,True,Crashes_2010_2019_MPO
102342159,2019-03-26,2019,,19.0,,,0,0,N,0.0,0.0,0.0,,,,,,,,36.04242,-86.71165,False,Crashes_2010_2019_MPO
101390820,2016-09-27,2016,,19.0,,,0,0,N,0.0,0.0,0.0,,,,,,,,36.04047,-86.77005,False,Crashes_2010_2019_MPO
100643434,2014-10-14,2014,,94.0,,,0,0,N,0.0,0.0,0.0,,,,,,,,35.94873,-86.83188,False,Crashes_2010_2019_MPO
101673121,2017-06-14,2017,,19.0,,,0,0,N,0.0,0.0,0.0,,,,,,,,36.0396,-86.78165,False,Crashes_2010_2019_MPO
100358259,2013-07-24,2013,,94.0,,,0,0,N,0.0,0.0,0.0,,,,,,,,35.96666,-86.80919,True,Crashes_2010_2019_MPO
101244076,2016-06-11,2016,,94.0,,,0,0,N,0.0,0.0,0.0,,,,,,,,35.992893,-86.693985,True,Crashes_2010_2019_MPO
101320882,2016-08-05,2016,,19.0,,,0,0,N,0.0,0.0,0.0,,,,,,,,35.99104,-86.87629,False,Crashes_2010_2019_MPO
101192501,2016-05-11,2016,,94.0,,,0,0,N,0.0,0.0,0.0,,,,,,,,36.01354,-86.80409,True,Crashes_2010_2019_MPO
100855249,2015-06-04,2015,,94.0,,,0,0,N,0.0,0.0,0.0,,,,,,,,36.036443,-86.810618,True,Crashes_2010_2019_MPO
101034610,2015-11-22,2015,,19.0,,,0,0,N,0.0,0.0,0.0,,,,,,,,36.03992,-86.78097,False,Crashes_2010_2019_MPO
100571430,2014-07-10,2014,,94.0,,,0,0,N,0.0,0.0,0.0,,,,,,,,35.92471,-86.87219,False,Crashes_2010_2019_MPO
100706725,2014-12-14,2014,,19.0,,,0,0,N,0.0,0.0,0.0,,,,,,,,35.99848,-86.69217,False,Crashes_2010_2019_MPO
100148677,2012-02-16,2012,,94.0,,,0,0,N,0.0,0.0,0.0,,,,,,,,35.9377,-86.68933,False,Crashes_2010_2019_MPO
100321345,2013-04-26,2013,,94.0,,,0,0,N,0.0,0.0,0.0,,,,,,,,35.95238,-86.81976,False,Crashes_2010_2019_MPO
101071829,2016-01-04,2016,,94.0,,,0,0,N,0.0,0.0,0.0,,,,,,,,36.03862,-86.80605,False,Crashes_2010_2019_MPO
101718550,2017-08-02,2017,,19.0,,,0,1,N,0.0,1.0,0.0,,,,,,,,36.04075,-86.74588,False,Crashes_2010_2019_MPO
100412284,2013-11-29,2013,,94.0,,,0,0,N,0.0,0.0,0.0,,,,,,,,35.9667,-86.81117,True,Crashes_2010_2019_MPO
101554285,2017-02-13,2017,,94.0,,,0,0,N,0.0,0.0,0.0,,,,,,,,35.92826,-86.82454,False,Crashes_2010_2019_MPO
100588682,2014-07-29,2014,,94.0,,,0,0,N,0.0,0.0,0.0,,,,,,,,35.96675,-86.80906,True,Crashes_2010_2019_MPO
102538748,2019-10-15,2019,,19.0,,,0,0,N,0.0,0.0,0.0,,,,,,,,36.02797,-86.78425,True,Crashes_2010_2019_MPO
101584551,2017-03-16,2017,,19.0,,,0,0,N,0.0,0.0,0.0,,,,,,,,36.04653,-86.68335,False,Crashes_2010_2019_MPO
101331603,2016-08-19,2016,,19.0,,,0,0,N,0.0,0.0,0.0,,,,,,,,36.04245,-86.71294,False,Crashes_2010_2019_MPO
100358625,2013-07-25,2013,,94.0,,,0,0,N,0.0,0.0,0.0,,,,,,,,35.97921,-86.7265,True,Crashes_2010_2019_MPO
101573461,2017-03-04,2017,,94.0,,,0,0,N,0.0,0.0,0.0,,,,,,,,35.95117,-86.84824,False,Crashes_2010_2019_MPO
101080646,2016-01-20,2016,,19.0,,,0,0,N,0.0,0.0,0.0,,,,,,,,36.04678,-86.77812,False,Crashes_2010_2019_MPO
102544842,2019-10-21,2019,,19.0,,,0,0,N,0.0,0.0,0.0,,,,,,,,36.02493,-86.74237,False,Crashes_2010_2019_MPO
101650614,2017-05-20,2017,,19.0,,,0,0,N,0.0,0.0,0.0,,,,,,,,36.03243,-86.70816,False,Crashes_2010_2019_MPO
100172872,2012-04-25,2012,,94.0,,,0,0,N,0.0,0.0,0.0,,,,,,,,35.96116,-86.76535,True,Crashes_2010_2019_MPO
101132412,2016-03-11,2016,,94.0,,,0,0,N,0.0,0.0,0.0,,,,,,,,35.93978,-86.72922,False,Crashes_2010_2019_MPO
102567201,2019-11-13,2019,,94.0,,,0,0,N,0.0,0.0,0.0,,,,,,,,35.92449,-86.76697,False,Crashes_2010_2019_MPO
102067057,2018-07-07,2018,,94.0,,,0,0,N,0.0,0.0,0.0,,,,,,,,36.00149,-86.77389,True,Crashes_2010_2019_MPO
101184431,2016-04-30,2016,,19.0,,,0,0,N,0.0,0.0,0.0,,,,,,,,36.04066,-86.78258,False,Crashes_2010_2019_MPO
101895270,2018-01-24,2018,,94.0,,,0,0,N,0.0,0.0,0.0,,,,,,,,35.9462,-86.80876,False,Crashes_2010_2019_MPO
101332713,2016-08-21,2016,,19.0,,,0,0,N,0.0,0.0,0.0,,,,,,,,36.04204,-86.78233,False,Crashes_2010_2019_MPO
101751017,2017-09-04,2017,,94.0,,,0,0,N,0.0,0.0,0.0,,,,,,,,35.96666,-86.80917,True,Crashes_2010_2019_MPO
100463536,2014-03-12,2014,,94.0,,,0,0,N,0.0,0.0,0.0,,,,,,,,35.93411,-86.81886,False,Crashes_2010_2019_MPO
101286457,2016-07-15,2016,,19.0,,,0,0,N,0.0,0.0,0.0,,,,,,,,36.04228,-86.74399,False,Crashes_2010_2019_MPO
102052278,2018-06-18,2018,,94.0,,,0,0,N,0.0,0.0,0.0,,,,,,,,35.94725,-86.87719,False,Crashes_2010_2019_MPO
102063081,2018-07-03,2018,,94.0,,,0,0,N,0.0,0.0,0.0,,,,,,,,35.94388,-86.8552,False,Crashes_2010_2019_MPO
100910386,2015-07-22,2015,,94.0,,,0,0,N,0.0,0.0,0.0,,,,,,,,35.97053,-86.8219,True,Crashes_2010_2019_MPO
101865936,2017-12-21,2017,,94.0,,,0,0,N,0.0,0.0,0.0,,,,,,,,35.92609,-86.87139,False,Crashes_2010_2019_MPO
102519189,2019-09-24,2019,,94.0,,,0,0,N,0.0,0.0,0.0,,,,,,,,35.95806,-86.76773,True,Crashes_2010_2019_MPO
101427851,2016-10-31,2016,,19.0,,,0,0,N,0.0,0.0,0.0,,,,,,,,36.041,-86.74372,False,Crashes_2010_2019_MPO
100997440,2015-10-27,2015,,94.0,,,0,0,N,0.0,0.0,0.0,,,,,,,,35.97014,-86.80912,True,Crashes_2010_2019_MPO
102300781,2019-02-08,2019,,94.0,,,0,0,N,0.0,0.0,0.0,,,,,,,,35.99588,-86.78279,True,Crashes_2010_2019_MPO
101650266,2017-05-19,2017,,94.0,,,0,0,N,0.0,0.0,0.0,,,,,,,,35.96458,-86.8144,False,Crashes_2010_2019_MPO
102548573,2019-10-25,2019,,94.0,,,0,0,N,0.0,0.0,0.0,,,,,,,,35.96688,-86.81117,True,Crashes_2010_2019_MPO
100855373,2015-06-03,2015,,94.0,,,0,0,N,0.0,0.0,0.0,,,,,,,,36.03432,-86.79184,True,Crashes_2010_2019_MPO
101041530,2015-11-28,2015,,94.0,,,0,0,N,0.0,0.0,0.0,,,,,,,,35.9265,-86.76722,False,Crashes_2010_2019_MPO
100830718,2015-05-08,2015,,94.0,,,0,0,N,0.0,0.0,0.0,,,,,,,,35.96708,-86.81356,True,Crashes_2010_2019_MPO
102348602,2019-04-02,2019,,19.0,,,0,0,N,0.0,0.0,0.0,,,,,,,,36.00249,-86.69692,False,Crashes_2010_2019_MPO
101301673,2016-07-23,2016,,94.0,,,0,0,N,0.0,0.0,0.0,,,,,,,,35.9913,-86.79915,True,Crashes_2010_2019_MPO
101318115,2016-08-01,2016,,94.0,,,0,0,N,0.0,0.0,0.0,,,,,,,,36.00984,-86.84524,False,Crashes_2010_2019_MPO
102100516,2018-08-06,2018,,19.0,,,0,0,N,0.0,0.0,0.0,,,,,,,,36.03122,-86.78817,True,Crashes_2010_2019_MPO
102438611,2019-07-05,2019,,94.0,,,0,0,N,0.0,0.0,0.0,,,,,,,,36.03336,-86.78872,True,Crashes_2010_2019_MPO
102544592,2019-10-20,2019,,19.0,,,0,0,N,0.0,0.0,0.0,,,,,,,,36.02224,-86.71207,False,Crashes_2010_2019_MPO
101883488,2018-01-10,2018,,94.0,,,0,0,N,0.0,0.0,0.0,,,,,,,,36.01634,-86.78619,True,Crashes_2010_2019_MPO
101963737,2018-04-01,2018,,94.0,,,0,0,N,0.0,0.0,0.0,,,,,,,,36.01959,-86.81103,True,Crashes_2010_2019_MPO
101541056,2017-02-01,2017,,94.0,,,0,0,N,0.0,0.0,0.0,,,,,,,,35.97739,-86.77677,True,Crashes_2010_2019_MPO
101183200,2016-04-28,2016,,94.0,,,0,0,N,0.0,0.0,0.0,,,,,,,,36.03403,-86.80162,True,Crashes_2010_2019_MPO
101157126,2016-04-04,2016,,19.0,,,0,0,N,0.0,0.0,0.0,,,,,,,,36.05151,-86.71436,False,Crashes_2010_2019_MPO
101237467,2016-06-02,2016,,94.0,,,0,0,N,0.0,0.0,0.0,,,,,,,,35.94759,-86.82045,False,Crashes_2010_2019_MPO
100736631,2015-02-13,2015,,94.0,,,0,0,N,0.0,0.0,0.0,,,,,,,,35.94784,-86.81975,False,Crashes_2010_2019_MPO
101784810,2017-10-07,2017,,94.0,,,0,0,N,0.0,0.0,0.0,,,,,,,,35.9878,-86.8467,False,Crashes_2010_2019_MPO
100201703,2012-07-12,2012,,94.0,,,0,0,N,0.0,0.0,0.0,,,,,,,,35.96612,-86.80497,True,Crashes_2010_2019_MPO
102592967,2019-12-09,2019,,94.0,,,0,0,N,0.0,0.0,0.0,,,,,,,,35.99828,-86.80286,True,Crashes_2010_2019_MPO
100340682,2013-06-11,2013,,94.0,,,0,0,N,0.0,0.0,0.0,,,,,,,,35.93131,-86.87652,False,Crashes_2010_2019_MPO
100656430,2014-10-20,2014,,94.0,,,0,0,N,0.0,0.0,0.0,,,,,,,,35.94784,-86.81975,False,Crashes_2010_2019_MPO
101619073,2017-04-12,2017,,94.0,,,0,0,N,0.0,0.0,0.0,,,,,,,,36.01293,-86.78522,True,Crashes_2010_2019_MPO
102538944,2019-10-11,2019,,94.0,,,0,0,N,0.0,0.0,0.0,,,,,,,,35.92312,-86.86894,False,Crashes_2010_2019_MPO
102149687,2018-09-18,2018,,19.0,,,0,0,N,0.0,0.0,0.0,,,,,,,,36.03964,-86.74344,False,Crashes_2010_2019_MPO
101242184,2016-06-08,2016,,94.0,,,0,0,N,0.0,0.0,0.0,,,,,,,,35.92553,-86.86825,False,Crashes_2010_2019_MPO
101996048,2018-05-01,2018,,94.0,,,0,0,N,0.0,0.0,0.0,,,,,,,,35.92304,-86.81684,False,Crashes_2010_2019_MPO
102525834,2019-10-01,2019,,94.0,,,0,0,N,0.0,0.0,0.0,,,,,,,,35.98802,-86.80003,True,Crashes_2010_2019_MPO
101678527,2017-06-19,2017,,94.0,,,0,0,N,0.0,0.0,0.0,,,,,,,,35.92539,-86.86691,False,Crashes_2010_2019_MPO
101237608,2016-06-02,2016,,19.0,,,0,0,N,0.0,0.0,0.0,,,,,,,,36.0374,-86.78657,False,Crashes_2010_2019_MPO
102087507,2018-07-24,2018,,94.0,,,0,0,N,0.0,0.0,0.0,,,,,,,,35.93557,-86.82364,False,Crashes_2010_2019_MPO
102549042,2019-10-25,2019,,19.0,,,0,0,N,0.0,0.0,0.0,,,,,,,,36.04537,-86.71326,False,Crashes_2010_2019_MPO
101208630,2016-05-20,2016,,19.0,,,0,0,N,0.0,0.0,0.0,,,,,,,,36.04833,-86.77616,False,Crashes_2010_2019_MPO
101761662,2017-09-15,2017,,94.0,,,0,0,N,0.0,0.0,0.0,,,,,,,,35.92606,-86.86711,False,Crashes_2010_2019_MPO
101010410,2015-11-16,2015,,94.0,,,0,0,N,0.0,0.0,0.0,,,,,,,,36.032812,-86.787167,True,Crashes_2010_2019_MPO
102044069,2018-06-15,2018,,19.0,,,0,0,N,0.0,0.0,0.0,,,,,,,,35.99717,-86.6903,False,Crashes_2010_2019_MPO
101096033,2016-01-29,2016,,94.0,,,0,0,N,0.0,0.0,0.0,,,,,,,,35.96538,-86.79792,True,Crashes_2010_2019_MPO
101091669,2016-01-21,2016,,94.0,,,0,0,N,0.0,0.0,0.0,,,,,,,,35.94825,-86.86001,False,Crashes_2010_2019_MPO
102558122,2019-11-04,2019,,19.0,,,0,0,N,0.0,0.0,0.0,,,,,,,,36.04124,-86.77839,False,Crashes_2010_2019_MPO
101533958,2017-01-25,2017,,94.0,,,0,0,N,0.0,0.0,0.0,,,,,,,,36.02871,-86.87657,False,Crashes_2010_2019_MPO
100484596,2014-04-10,2014,,94.0,,,0,0,N,0.0,0.0,0.0,,,,,,,,35.9774,-86.84057,False,Crashes_2010_2019_MPO
102445354,2019-07-12,2019,,19.0,,,0,0,N,0.0,0.0,0.0,,,,,,,,36.04515,-86.6859,False,Crashes_2010_2019_MPO
101651373,2017-05-21,2017,,94.0,,,0,0,N,0.0,0.0,0.0,,,,,,,,36.02573,-86.78505,True,Crashes_2010_2019_MPO
100943748,2015-09-02,2015,,94.0,,,0,0,N,0.0,0.0,0.0,,,,,,,,35.99831,-86.80316,True,Crashes_2010_2019_MPO
102413191,2019-06-08,2019,,19.0,,,0,0,N,0.0,0.0,0.0,,,,,,,,36.03768,-86.78489,False,Crashes_2010_2019_MPO
100824461,2015-04-25,2015,,19.0,,,0,0,N,0.0,0.0,0.0,,,,,,,,36.04084,-86.77935,False,Crashes_2010_2019_MPO
100827435,2015-05-02,2015,,19.0,,,0,0,N,0.0,0.0,0.0,,,,,,,,36.03741,-86.78585,False,Crashes_2010_2019_MPO
101006110,2015-11-09,2015,,19.0,,,0,0,N,0.0,0.0,0.0,,,,,,,,36.04969,-86.74349,False,Crashes_2010_2019_MPO
101045133,2015-12-08,2015,,94.0,,,0,0,N,0.0,0.0,0.0,,,,,,,,35.96465,-86.79061,True,Crashes_2010_2019_MPO
100827041,2015-05-01,2015,,94.0,,,0,0,N,0.0,0.0,0.0,,,,,,,,35.96457,-86.81449,False,Crashes_2010_2019_MPO
101950469,2018-03-20,2018,,19.0,,,0,0,N,0.0,0.0,0.0,,,,,,,,36.04207,-86.83264,False,Crashes_2010_2019_MPO
101093969,2016-01-26,2016,,19.0,,,0,0,N,0.0,0.0,0.0,,,,,,,,36.0454,-86.7182,False,Crashes_2010_2019_MPO
101756608,2017-09-08,2017,,19.0,,,0,0,N,0.0,0.0,0.0,,,,,,,,36.05339,-86.69059,False,Crashes_2010_2019_MPO
102470864,2019-08-07,2019,,94.0,,,0,0,N,0.0,0.0,0.0,,,,,,,,35.99004,-86.74528,True,Crashes_2010_2019_MPO
102375314,2019-04-29,2019,,94.0,,,0,0,N,0.0,0.0,0.0,,,,,,,,35.93914,-86.87932,False,Crashes_2010_2019_MPO
100485508,2014-04-11,2014,,94.0,,,0,0,N,0.0,0.0,0.0,,,,,,,,35.94687,-86.82178,False,Crashes_2010_2019_MPO
102379969,2019-05-04,2019,,19.0,,,0,0,N,0.0,0.0,0.0,,,,,,,,36.04197,-86.83378,False,Crashes_2010_2019_MPO
101146516,2016-03-18,2016,,94.0,,,0,0,N,0.0,0.0,0.0,,,,,,,,35.96319,-86.80106,True,Crashes_2010_2019_MPO
100376113,2013-09-06,2013,,94.0,,,0,0,N,0.0,0.0,0.0,,,,,,,,35.94359,-86.84457,False,Crashes_2010_2019_MPO
101931038,2018-03-02,2018,,19.0,,,0,0,N,0.0,0.0,0.0,,,,,,,,36.03022,-86.87597,False,Crashes_2010_2019_MPO
101388861,2016-09-24,2016,,19.0,,,0,0,N,0.0,0.0,0.0,,,,,,,,36.03451,-86.69424,False,Crashes_2010_2019_MPO
100281765,2013-01-18,2013,,19.0,,,0,0,N,0.0,0.0,0.0,,,,,,,,36.02555,-86.78543,True,Crashes_2010_2019_MPO
100635643,2014-09-29,2014,,19.0,,,0,0,N,0.0,0.0,0.0,,,,,,,,36.04712,-86.86196,False,Crashes_2010_2019_MPO
101463944,2016-11-30,2016,,94.0,,,0,0,N,0.0,0.0,0.0,,,,,,,,35.96186,-86.80936,False,Crashes_2010_2019_MPO
100848636,2015-05-22,2015,,94.0,,,0,0,N,0.0,0.0,0.0,,,,,,,,35.96434,-86.73275,True,Crashes_2010_2019_MPO
101942905,2018-03-13,2018,,94.0,,,0,0,N,0.0,0.0,0.0,,,,,,,,35.94643,-86.80905,False,Crashes_2010_2019_MPO
102066694,2018-07-06,2018,,94.0,,,0,0,N,0.0,0.0,0.0,,,,,,,,35.95198,-86.81788,False,Crashes_2010_2019_MPO
102103052,2018-08-09,2018,,94.0,,,0,0,N,0.0,0.0,0.0,,,,,,,,35.95248,-86.81236,False,Crashes_2010_2019_MPO
100509276,2014-05-15,2014,,94.0,,,0,0,N,0.0,0.0,0.0,,,,,,,,35.9447,-86.81973,False,Crashes_2010_2019_MPO
102433793,2019-07-01,2019,,94.0,,,0,0,N,0.0,0.0,0.0,,,,,,,,35.92668,-86.81584,False,Crashes_2010_2019_MPO
100923441,2015-08-15,2015,,19.0,,,0,0,N,0.0,0.0,0.0,,,,,,,,36.04604,-86.6967,False,Crashes_2010_2019_MPO
101627664,2017-04-28,2017,,94.0,,,0,0,N,0.0,0.0,0.0,,,,,,,,36.03336,-86.78872,True,Crashes_2010_2019_MPO
102010702,2018-05-14,2018,,94.0,,,0,0,N,0.0,0.0,0.0,,,,,,,,35.92902,-86.84737,False,Crashes_2010_2019_MPO
101361483,2016-09-15,2016,,94.0,,,0,0,N,0.0,0.0,0.0,,,,,,,,35.99879,-86.80723,True,Crashes_2010_2019_MPO
100912135,2015-07-25,2015,,94.0,,,0,0,N,0.0,0.0,0.0,,,,,,,,35.92547,-86.87275,False,Crashes_2010_2019_MPO
101271220,2016-05-31,2016,,19.0,,,1,0,N,1.0,0.0,0.0,,,,,,,,36.0453,-86.70168,False,Crashes_2010_2019_MPO
101785984,2017-10-08,2017,,19.0,,,0,0,N,0.0,0.0,0.0,,,,,,,,36.04161,-86.74925,False,Crashes_2010_2019_MPO
101538699,2017-01-29,2017,,94.0,,,0,0,N,0.0,0.0,0.0,,,,,,,,35.96716,-86.81351,True,Crashes_2010_2019_MPO
101107565,2016-02-17,2016,,94.0,,,0,0,N,0.0,0.0,0.0,,,,,,,,35.94708,-86.83267,False,Crashes_2010_2019_MPO
100861813,2015-06-16,2015,,94.0,,,0,0,N,0.0,0.0,0.0,,,,,,,,35.99542,-86.77793,True,Crashes_2010_2019_MPO
101555245,2017-02-14,2017,,94.0,,,0,0,N,0.0,0.0,0.0,,,,,,,,36.03403,-86.78833,True,Crashes_2010_2019_MPO
101825710,2017-11-14,2017,,94.0,,,0,0,N,0.0,0.0,0.0,,,,,,,,35.99639,-86.79714,True,Crashes_2010_2019_MPO
100317174,2013-04-12,2013,,94.0,,,0,0,N,0.0,0.0,0.0,,,,,,,,36.0036,-86.81289,True,Crashes_2010_2019_MPO
102312399,2019-02-22,2019,,94.0,,,0,0,N,0.0,0.0,0.0,,,,,,,,35.9771,-86.77135,True,Crashes_2010_2019_MPO
102253566,2018-12-21,2018,,94.0,,,0,0,N,0.0,0.0,0.0,,,,,,,,36.03323,-86.78783,True,Crashes_2010_2019_MPO
100387291,2013-10-04,2013,,94.0,,,0,0,Y,0.0,0.0,1.0,,,,,,,,35.95085,-86.80667,False,Crashes_2010_2019_MPO
100770838,2015-03-12,2015,,94.0,,,0,0,N,0.0,0.0,0.0,,,,,,,,35.93117,-86.79409,False,Crashes_2010_2019_MPO
102411734,2019-06-06,2019,,94.0,,,0,0,N,0.0,0.0,0.0,,,,,,,,35.94782,-86.81975,False,Crashes_2010_2019_MPO
102201988,2018-11-06,2018,,94.0,,,0,0,N,0.0,0.0,0.0,,,,,,,,35.93502,-86.8218,False,Crashes_2010_2019_MPO
100290235,2013-02-08,2013,,94.0,,,0,0,N,0.0,0.0,0.0,,,,,,,,35.94816,-86.81769,False,Crashes_2010_2019_MPO
100318485,2013-04-19,2013,,94.0,,,0,0,N,0.0,0.0,0.0,,,,,,,,35.96559,-86.80067,True,Crashes_2010_2019_MPO
102498722,2019-09-04,2019,,94.0,,,0,0,N,0.0,0.0,0.0,,,,,,,,35.93374,-86.81767,False,Crashes_2010_2019_MPO
102005221,2018-05-09,2018,,94.0,,,0,0,N,0.0,0.0,0.0,,,,,,,,35.94421,-86.81862,False,Crashes_2010_2019_MPO
101470229,2016-12-07,2016,,94.0,,,0,0,N,0.0,0.0,0.0,,,,,,,,35.95212,-86.81784,False,Crashes_2010_2019_MPO
101553052,2017-02-13,2017,,19.0,,,0,0,N,0.0,0.0,0.0,,,,,,,,36.04001,-86.74347,False,Crashes_2010_2019_MPO
101482527,2016-12-20,2016,,19.0,,,0,0,N,0.0,0.0,0.0,,,,,,,,36.01843,-86.71293,False,Crashes_2010_2019_MPO
100478825,2014-03-26,2014,,94.0,,,0,0,N,0.0,0.0,0.0,,,,,,,,36.01625,-86.78591,True,Crashes_2010_2019_MPO
102039982,2018-06-11,2018,,19.0,,,0,0,N,0.0,0.0,0.0,,,,,,,,36.04028,-86.76837,False,Crashes_2010_2019_MPO
101107439,2016-02-17,2016,,94.0,,,0,0,N,0.0,0.0,0.0,,,,,,,,35.93586,-86.81813,False,Crashes_2010_2019_MPO
102204152,2018-11-08,2018,,94.0,,,0,0,N,0.0,0.0,0.0,,,,,,,,36.03319,-86.7876,True,Crashes_2010_2019_MPO
101944587,2018-03-15,2018,,94.0,,,0,0,N,0.0,0.0,0.0,,,,,,,,35.93446,-86.81991,False,Crashes_2010_2019_MPO
101984156,2018-04-20,2018,,94.0,,,0,0,N,0.0,0.0,0.0,,,,,,,,35.96737,-86.81523,True,Crashes_2010_2019_MPO
101947449,2018-03-17,2018,,94.0,,,0,0,N,0.0,0.0,0.0,,,,,,,,35.93879,-86.82155,False,Crashes_2010_2019_MPO
100943568,2015-09-02,2015,,19.0,,,0,0,N,0.0,0.0,0.0,,,,,,,,36.04231,-86.72652,False,Crashes_2010_2019_MPO
100951748,2015-09-16,2015,,19.0,,,0,0,N,0.0,0.0,0.0,,,,,,,,36.03047,-86.74398,False,Crashes_2010_2019_MPO
102059140,2018-06-30,2018,,19.0,,,0,0,N,0.0,0.0,0.0,,,,,,,,36.04234,-86.83722,False,Crashes_2010_2019_MPO
101826243,2017-11-15,2017,,94.0,,,0,0,N,0.0,0.0,0.0,,,,,,,,35.96518,-86.80029,True,Crashes_2010_2019_MPO
100440502,2014-02-08,2014,,94.0,,,0,0,N,0.0,0.0,0.0,,,,,,,,35.94755,-86.81389,False,Crashes_2010_2019_MPO
102379825,2019-05-04,2019,,94.0,,,0,0,N,0.0,0.0,0.0,,,,,,,,36.02503,-86.77955,True,Crashes_2010_2019_MPO
101153884,2016-03-30,2016,,94.0,,,0,0,N,0.0,0.0,0.0,,,,,,,,35.99514,-86.77489,True,Crashes_2010_2019_MPO
100388821,2013-10-08,2013,,94.0,,,0,0,N,0.0,0.0,0.0,,,,,,,,35.93193,-86.79397,False,Crashes_2010_2019_MPO
100321713,2013-04-27,2013,,94.0,,,0,0,N,0.0,0.0,0.0,,,,,,,,35.95661,-86.81168,False,Crashes_2010_2019_MPO
100318857,2013-04-20,2013,,94.0,,,0,0,N,0.0,0.0,0.0,,,,,,,,35.96923,-86.81222,True,Crashes_2010_2019_MPO
102146541,2018-09-13,2018,,94.0,,,0,0,N,0.0,0.0,0.0,,,,,,,,35.94662,-86.80988,False,Crashes_2010_2019_MPO
102512053,2019-09-17,2019,,19.0,,,0,0,N,0.0,0.0,0.0,,,,,,,,36.04091,-86.77938,False,Crashes_2010_2019_MPO
102359800,2019-03-15,2019,,94.0,,,0,0,N,0.0,0.0,0.0,,,,,,,,35.96616,-86.81137,False,Crashes_2010_2019_MPO
102256975,2018-12-25,2018,,94.0,,,0,0,N,0.0,0.0,0.0,,,,,,,,35.99365,-86.75955,True,Crashes_2010_2019_MPO
102579595,2019-11-26,2019,,94.0,,,0,0,N,0.0,0.0,0.0,,,,,,,,36.01998,-86.78722,True,Crashes_2010_2019_MPO
101097462,2016-02-01,2016,,19.0,,,0,0,N,0.0,0.0,0.0,,,,,,,,36.04542,-86.71317,False,Crashes_2010_2019_MPO
102477406,2019-08-14,2019,,94.0,,,0,0,N,0.0,0.0,0.0,,,,,,,,35.92617,-86.87326,False,Crashes_2010_2019_MPO
102051886,2018-06-22,2018,,94.0,,,0,0,N,0.0,0.0,0.0,,,,,,,,35.98435,-86.69796,True,Crashes_2010_2019_MPO
101710772,2017-07-23,2017,,19.0,,,0,0,N,0.0,0.0,0.0,,,,,,,,36.0525,-86.68445,False,Crashes_2010_2019_MPO
101722721,2017-08-05,2017,,94.0,,,0,0,N,0.0,0.0,0.0,,,,,,,,35.99555,-86.77933,True,Crashes_2010_2019_MPO
100736535,2015-02-13,2015,,19.0,,,0,0,N,0.0,0.0,0.0,,,,,,,,36.03732,-86.78587,False,Crashes_2010_2019_MPO
100458122,2014-02-27,2014,,94.0,,,0,0,N,0.0,0.0,0.0,,,,,,,,35.9551,-86.8259,False,Crashes_2010_2019_MPO
102291936,2019-01-30,2019,,19.0,,,0,0,N,0.0,0.0,0.0,,,,,,,,36.05079,-86.71687,False,Crashes_2010_2019_MPO
101153030,2016-03-29,2016,,19.0,,,0,0,N,0.0,0.0,0.0,,,,,,,,36.05331,-86.77554,False,Crashes_2010_2019_MPO