mstrrecnbr,collision_ts,year,county,countystat,crash,crash_type,fatalities,non_motorists,commercial,fatal_c,nonmotor_c,truck_c,fatalc,serious_injuries,ped,bike,lighting,weather,first_harmful_event,latitude,longitude,in_city,src_layer
100680399,2014-11-14,2014,,94.0,,,0,0,N,0.0,0.0,0.0,,,,,,,,35.95297,-86.87569,False,Crashes_2010_2019_MPO
102171874,2018-10-09,2018,,94.0,,,0,0,N,0.0,0.0,0.0,,,,,,,,36.03482,-86.79608,True,Crashes_2010_2019_MPO
102064786,2018-07-03,2018,,94.0,,,0,0,N,0.0,0.0,0.0,,,,,,,,36.017,-86.78638,True,Crashes_2010_2019_MPO
101709962,2017-07-23,2017,,94.0,,,0,0,N,0.0,0.0,0.0,,,,,,,,36.01546,-86.78568,True,Crashes_2010_2019_MPO
100710176,2014-12-20,2014,,94.0,,,0,0,N,0.0,0.0,0.0,,,,,,,,36.01189,-86.80151,True,Crashes_2010_2019_MPO
101706315,2017-07-20,2017,,19.0,,,0,0,N,0.0,0.0,0.0,,,,,,,,36.02012,-86.71014,False,Crashes_2010_2019_MPO
102312699,2019-02-22,2019,,94.0,,,0,0,N,0.0,0.0,0.0,,,,,,,,35.96146,-86.73833,True,Crashes_2010_2019_MPO
101771160,2017-09-25,2017,,94.0,,,0,0,N,0.0,0.0,0.0,,,,,,,,35.94823,-86.85997,False,Crashes_2010_2019_MPO
102104458,2018-08-10,2018,,19.0,,,0,0,N,0.0,0.0,0.0,,,,,,,,36.04704,-86.6793,False,Crashes_2010_2019_MPO
101042743,2015-12-04,2015,,94.0,,,0,0,N,0.0,0.0,0.0,,,,,,,,35.96692,-86.80323,True,Crashes_2010_2019_MPO
100806556,2015-04-11,2015,,19.0,,,0,0,N,0.0,0.0,0.0,,,,,,,,36.05028,-86.87469,False,Crashes_2010_2019_MPO
100847640,2015-05-20,2015,,19.0,,,0,0,N,0.0,0.0,0.0,,,,,,,,36.03293,-86.77249,False,Crashes_2010_2019_MPO
100374045,2013-09-01,2013,,94.0,,,0,0,N,0.0,0.0,0.0,,,,,,,,35.96049,-86.81518,False,Crashes_2010_2019_MPO
101821630,2017-11-10,2017,,19.0,,,0,0,N,0.0,0.0,0.0,,,,,,,,36.05035,-86.87539,False,Crashes_2010_2019_MPO
101428496,2016-11-01,2016,,94.0,,,0,0,N,0.0,0.0,0.0,,,,,,,,35.9462,-86.80876,False,Crashes_2010_2019_MPO
101625264,2017-04-25,2017,,19.0,,,0,0,N,0.0,0.0,0.0,,,,,,,,36.03738,-86.79781,True,Crashes_2010_2019_MPO
102143874,2018-09-13,2018,,94.0,,,0,0,N,0.0,0.0,0.0,,,,,,,,35.92738,-86.8687,False,Crashes_2010_2019_MPO
100716748,2015-01-03,2015,,19.0,,,0,0,N,0.0,0.0,0.0,,,,,,,,36.04207,-86.78234,False,Crashes_2010_2019_MPO
101531168,2017-01-21,2017,,94.0,,,0,0,N,0.0,0.0,0.0,,,,,,,,35.96312,-86.81897,True,Crashes_2010_2019_MPO
101677926,2017-06-19,2017,,19.0,,,0,0,N,0.0,0.0,0.0,,,,,,,,36.03489,-86.76872,False,Crashes_2010_2019_MPO
102505857,2019-09-10,2019,,94.0,,,0,0,N,0.0,0.0,0.0,,,,,,,,35.92926,-86.83968,False,Crashes_2010_2019_MPO
101164601,2016-04-15,2016,,94.0,,,0,0,N,0.0,0.0,0.0,,,,,,,,35.92673,-86.87005,False,Crashes_2010_2019_MPO
100395023,2013-10-21,2013,,94.0,,,0,0,N,0.0,0.0,0.0,,,,,,,,36.01295,-86.80104,True,Crashes_2010_2019_MPO
100657521,2014-10-22,2014,,94.0,,,0,0,N,0.0,0.0,0.0,,,,,,,,35.94843,-86.80784,False,Crashes_2010_2019_MPO
101574479,2017-03-04,2017,,94.0,,,0,0,N,0.0,0.0,0.0,,,,,,,,35.97803,-86.77681,True,Crashes_2010_2019_MPO
101842799,2017-11-29,2017,,94.0,,,0,0,N,0.0,0.0,0.0,,,,,,,,35.9264,-86.8244,False,Crashes_2010_2019_MPO
101801207,2017-10-23,2017,,94.0,,,0,0,N,0.0,0.0,0.0,,,,,,,,36.02008,-86.77878,True,Crashes_2010_2019_MPO
101886267,2018-01-13,2018,,19.0,,,0,0,N,0.0,0.0,0.0,,,,,,,,36.03761,-86.78512,False,Crashes_2010_2019_MPO
100271517,2012-12-26,2012,,94.0,,,0,0,N,0.0,0.0,0.0,,,,,,,,35.93911,-86.81724,False,Crashes_2010_2019_MPO
100319348,2013-04-21,2013,,94.0,,,0,0,N,0.0,0.0,0.0,,,,,,,,35.9373,-86.8224,False,Crashes_2010_2019_MPO
100977820,2015-10-12,2015,,94.0,,,0,0,N,0.0,0.0,0.0,,,,,,,,35.97734,-86.72553,True,Crashes_2010_2019_MPO
102028036,2018-05-30,2018,,19.0,,,0,1,N,0.0,1.0,0.0,,,,,,,,35.9973,-86.69049,False,Crashes_2010_2019_MPO
101355618,2016-09-07,2016,,94.0,,,0,0,N,0.0,0.0,0.0,,,,,,,,36.03314,-86.78247,True,Crashes_2010_2019_MPO
102150638,2018-09-19,2018,,19.0,,,0,0,N,0.0,0.0,0.0,,,,,,,,36.04998,-86.77518,False,Crashes_2010_2019_MPO
101429013,2016-11-02,2016,,94.0,,,0,0,N,0.0,0.0,0.0,,,,,,,,36.01532,-86.81616,True,Crashes_2010_2019_MPO
101742917,2017-08-25,2017,,94.0,,,0,0,N,0.0,0.0,0.0,,,,,,,,35.98883,-86.70458,True,Crashes_2010_2019_MPO
101038635,2015-11-29,2015,,19.0,,,0,0,N,0.0,0.0,0.0,,,,,,,,36.03969,-86.7827,False,Crashes_2010_2019_MPO
101883468,2018-01-10,2018,,94.0,,,0,0,N,0.0,0.0,0.0,,,,,,,,35.98596,-86.77794,True,Crashes_2010_2019_MPO
102602166,2019-12-19,2019,,94.0,,,0,0,N,0.0,0.0,0.0,,,,,,,,35.99047,-86.70273,True,Crashes_2010_2019_MPO
101653337,2017-05-24,2017,,19.0,,,0,0,N,0.0,0.0,0.0,,,,,,,,36.0406,-86.78259,False,Crashes_2010_2019_MPO
102594837,2019-12-11,2019,,94.0,,,0,0,N,0.0,0.0,0.0,,,,,,,,36.03441,-86.78312,True,Crashes_2010_2019_MPO
100481241,2014-04-02,2014,,94.0,,,0,0,N,0.0,0.0,0.0,,,,,,,,35.94632,-86.8236,False,Crashes_2010_2019_MPO
102286134,2019-01-24,2019,,94.0,,,0,0,N,0.0,0.0,0.0,,,,,,,,35.93639,-86.81819,False,Crashes_2010_2019_MPO
100716283,2015-01-02,2015,,19.0,,,0,0,N,0.0,0.0,0.0,,,,,,,,36.04597,-86.71343,False,Crashes_2010_2019_MPO
102608268,2019-12-27,2019,,94.0,,,0,0,N,0.0,0.0,0.0,,,,,,,,35.95547,-86.73874,True,Crashes_2010_2019_MPO
102152402,2018-09-21,2018,,19.0,,,0,0,N,0.0,0.0,0.0,,,,,,,,36.01538,-86.70566,False,Crashes_2010_2019_MPO
102012247,2018-05-16,2018,,94.0,,,0,0,N,0.0,0.0,0.0,,,,,,,,35.96665,-86.80932,True,Crashes_2010_2019_MPO
101302493,2016-07-20,2016,,94.0,,,0,0,N,0.0,0.0,0.0,,,,,,,,35.95821,-86.80268,False,Crashes_2010_2019_MPO
100997461,2015-10-27,2015,,94.0,,,0,0,Y,0.0,0.0,1.0,,,,,,,,35.96798,-86.81833,True,Crashes_2010_2019_MPO
101808747,2017-10-30,2017,,19.0,,,0,1,N,0.0,1.0,0.0,,,,,,,,36.04405,-86.76223,False,Crashes_2010_2019_MPO
101624017,2017-04-24,2017,,94.0,,,0,0,Y,0.0,0.0,1.0,,,,,,,,35.96096,-86.82183,False,Crashes_2010_2019_MPO
102297489,2019-02-05,2019,,94.0,,,0,0,N,0.0,0.0,0.0,,,,,,,,36.02101,-86.8479,True,Crashes_2010_2019_MPO
101731289,2017-08-15,2017,,19.0,,,0,0,N,0.0,0.0,0.0,,,,,,,,36.04114,-86.77621,False,Crashes_2010_2019_MPO
100394840,2013-10-22,2013,,94.0,,,0,0,N,0.0,0.0,0.0,,,,,,,,35.96287,-86.81148,False,Crashes_2010_2019_MPO
101824566,2017-11-13,2017,,94.0,,,0,0,N,0.0,0.0,0.0,,,,,,,,35.9712,-86.8056,True,Crashes_2010_2019_MPO
101065644,2015-12-23,2015,,94.0,,,0,0,N,0.0,0.0,0.0,,,,,,,,35.99163,-86.79879,True,Crashes_2010_2019_MPO
101654021,2017-05-25,2017,,94.0,,,0,0,N,0.0,0.0,0.0,,,,,,,,35.981,-86.72493,True,Crashes_2010_2019_MPO
102212680,2018-11-16,2018,,19.0,,,0,0,N,0.0,0.0,0.0,,,,,,,,36.03961,-86.78165,False,Crashes_2010_2019_MPO
102408998,2019-06-03,2019,,19.0,,,0,0,N,0.0,0.0,0.0,,,,,,,,36.05316,-86.71487,False,Crashes_2010_2019_MPO
100225708,2012-09-11,2012,,94.0,,,0,0,N,0.0,0.0,0.0,,,,,,,,36.02123,-86.78735,True,Crashes_2010_2019_MPO
100731306,2015-02-02,2015,,94.0,,,0,0,N,0.0,0.0,0.0,,,,,,,,35.94804,-86.80964,False,Crashes_2010_2019_MPO
100718990,2015-01-07,2015,,94.0,,,0,0,N,0.0,0.0,0.0,,,,,,,,35.93461,-86.82012,False,Crashes_2010_2019_MPO
101166632,2016-04-18,2016,,94.0,,,0,0,N,0.0,0.0,0.0,,,,,,,,35.92652,-86.82559,False,Crashes_2010_2019_MPO
102276637,2019-01-14,2019,,19.0,,,0,0,N,0.0,0.0,0.0,,,,,,,,36.03716,-86.78308,False,Crashes_2010_2019_MPO
100154157,2012-03-03,2012,,94.0,,,0,0,N,0.0,0.0,0.0,,,,,,,,35.98067,-86.84317,False,Crashes_2010_2019_MPO
101361952,2016-09-15,2016,,94.0,,,0,0,N,0.0,0.0,0.0,,,,,,,,35.93446,-86.81991,False,Crashes_2010_2019_MPO
101407168,2016-10-18,2016,,94.0,,,0,0,N,0.0,0.0,0.0,,,,,,,,35.94631,-86.8236,False,Crashes_2010_2019_MPO
102354046,2019-04-08,2019,,94.0,,,0,0,N,0.0,0.0,0.0,,,,,,,,35.96705,-86.81355,True,Crashes_2010_2019_MPO
100335450,2013-05-29,2013,,94.0,,,0,0,N,0.0,0.0,0.0,,,,,,,,35.96074,-86.81286,False,Crashes_2010_2019_MPO
100752953,2015-02-25,2015,,19.0,,,0,0,N,0.0,0.0,0.0,,,,,,,,36.04611,-86.77835,False,Crashes_2010_2019_MPO
100308016,2013-03-26,2013,,94.0,,,0,0,N,0.0,0.0,0.0,,,,,,,,35.94725,-86.81324,False,Crashes_2010_2019_MPO
100937203,2015-08-21,2015,,94.0,,,0,0,N,0.0,0.0,0.0,,,,,,,,35.99183,-86.79872,True,Crashes_2010_2019_MPO
100940047,2015-08-26,2015,,19.0,,,0,0,N,0.0,0.0,0.0,,,,,,,,36.0522,-86.74309,False,Crashes_2010_2019_MPO
100504263,2014-05-03,2014,,94.0,,,0,0,N,0.0,0.0,0.0,,,,,,,,35.94573,-86.81945,False,Crashes_2010_2019_MPO
101151808,2016-03-27,2016,,94.0,,,0,0,N,0.0,0.0,0.0,,,,,,,,36.01503,-86.84216,False,Crashes_2010_2019_MPO
101121638,2016-02-24,2016,,94.0,,,0,0,N,0.0,0.0,0.0,,,,,,,,36.033314,-86.783928,True,Crashes_2010_2019_MPO
102174218,2018-10-10,2018,,94.0,,,0,0,N,0.0,0.0,0.0,,,,,,,,35.9234,-86.767,False,Crashes_2010_2019_MPO
101811413,2017-10-31,2017,,94.0,,,0,0,N,0.0,0.0,0.0,,,,,,,,35.98587,-86.73449,True,Crashes_2010_2019_MPO
100642837,2014-10-13,2014,,94.0,,,0,0,N,0.0,0.0,0.0,,,,,,,,35.93222,-86.79404,False,Crashes_2010_2019_MPO
100937504,2015-08-21,2015,,94.0,,,0,0,N,0.0,0.0,0.0,,,,,,,,35.93561,-86.82388,False,Crashes_2010_2019_MPO
102511739,2019-09-17,2019,,19.0,,,0,0,N,0.0,0.0,0.0,,,,,,,,36.03951,-86.78348,False,Crashes_2010_2019_MPO
101356079,2016-09-07,2016,,19.0,,,0,0,N,0.0,0.0,0.0,,,,,,,,36.04324,-86.70432,False,Crashes_2010_2019_MPO
102475237,2019-08-11,2019,,94.0,,,0,0,N,0.0,0.0,0.0,,,,,,,,35.99064,-86.75045,True,Crashes_2010_2019_MPO
102350455,2019-04-04,2019,,94.0,,,0,0,N,0.0,0.0,0.0,,,,,,,,36.02989,-86.78972,True,Crashes_2010_2019_MPO
100655808,2014-10-19,2014,,19.0,,,0,0,N,0.0,0.0,0.0,,,,,,,,36.04545,-86.7036,False,Crashes_2010_2019_MPO
101040194,2015-11-29,2015,,19.0,,,0,0,N,0.0,0.0,0.0,,,,,,,,36.04994,-86.69232,False,Crashes_2010_2019_MPO
100963230,2015-09-19,2015,,94.0,,,0,0,N,0.0,0.0,0.0,,,,,,,,35.93206,-86.87864,False,Crashes_2010_2019_MPO
101006619,2015-11-10,2015,,19.0,,,0,0,N,0.0,0.0,0.0,,,,,,,,36.02865,-86.71258,False,Crashes_2010_2019_MPO
101272626,2016-06-24,2016,,94.0,,,0,0,N,0.0,0.0,0.0,,,,,,,,36.036166,-86.787125,True,Crashes_2010_2019_MPO
100442027,2014-02-12,2014,,94.0,,,0,0,N,0.0,0.0,0.0,,,,,,,,35.9294,-86.84078,False,Crashes_2010_2019_MPO
100805285,2015-04-09,2015,,94.0,,,0,0,N,0.0,0.0,0.0,,,,,,,,35.92849,-86.76741,False,Crashes_2010_2019_MPO
100715450,2014-12-31,2014,,94.0,,,0,0,N,0.0,0.0,0.0,,,,,,,,35.95078,-86.81845,False,Crashes_2010_2019_MPO
101929698,2018-02-28,2018,,19.0,,,0,0,N,0.0,0.0,0.0,,,,,,,,36.04537,-86.71326,False,Crashes_2010_2019_MPO
102286307,2019-01-22,2019,,94.0,,,0,0,Y,0.0,0.0,1.0,,,,,,,,35.97298,-86.77533,True,Crashes_2010_2019_MPO
101104301,2016-02-12,2016,,94.0,,,0,0,N,0.0,0.0,0.0,,,,,,,,35.96681,-86.81119,True,Crashes_2010_2019_MPO
100697775,2014-11-27,2014,,19.0,,,0,0,N,0.0,0.0,0.0,,,,,,,,36.03716,-86.7032,False,Crashes_2010_2019_MPO
100728293,2015-01-27,2015,,19.0,,,0,0,Y,0.0,0.0,1.0,,,,,,,,36.01012,-86.68122,False,Crashes_2010_2019_MPO
102036066,2018-06-07,2018,,94.0,,,0,0,N,0.0,0.0,0.0,,,,,,,,35.92515,-86.87337,False,Crashes_2010_2019_MPO
102369789,2019-04-23,2019,,94.0,,,0,0,N,0.0,0.0,0.0,,,,,,,,36.00374,-86.80688,True,Crashes_2010_2019_MPO
101653819,2017-05-24,2017,,19.0,,,0,0,N,0.0,0.0,0.0,,,,,,,,36.03502,-86.76872,False,Crashes_2010_2019_MPO
101478725,2016-12-16,2016,,19.0,,,0,0,N,0.0,0.0,0.0,,,,,,,,36.04751,-86.86348,False,Crashes_2010_2019_MPO
101665277,2017-06-05,2017,,19.0,,,0,0,N,0.0,0.0,0.0,,,,,,,,36.05088,-86.69822,False,Crashes_2010_2019_MPO
100862107,2015-06-17,2015,,94.0,,,0,0,N,0.0,0.0,0.0,,,,,,,,35.94647,-86.8098,False,Crashes_2010_2019_MPO
101743121,2017-08-27,2017,,94.0,,,0,0,N,0.0,0.0,0.0,,,,,,,,35.96264,-86.80907,False,Crashes_2010_2019_MPO
101132434,2016-03-12,2016,,19.0,,,0,0,N,0.0,0.0,0.0,,,,,,,,36.03995,-86.78093,False,Crashes_2010_2019_MPO
102366401,2019-04-20,2019,,19.0,,,0,0,N,0.0,0.0,0.0,,,,,,,,36.04978,-86.71388,False,Crashes_2010_2019_MPO
101657280,2017-05-27,2017,,94.0,,,0,0,N,0.0,0.0,0.0,,,,,,,,36.03628,-86.79085,True,Crashes_2010_2019_MPO
102560642,2019-11-06,2019,,94.0,,,0,0,N,0.0,0.0,0.0,,,,,,,,35.93413,-86.82058,False,Crashes_2010_2019_MPO
100717665,2015-01-05,2015,,94.0,,,0,0,N,0.0,0.0,0.0,,,,,,,,35.94688,-86.85233,False,Crashes_2010_2019_MPO
102125158,2018-08-28,2018,,94.0,,,0,0,N,0.0,0.0,0.0,,,,,,,,35.99734,-86.79486,True,Crashes_2010_2019_MPO
100405475,2013-11-15,2013,,94.0,,,0,0,N,0.0,0.0,0.0,,,,,,,,36.03322,-86.78532,True,Crashes_2010_2019_MPO
101494761,2017-01-03,2017,,19.0,,,0,0,N,0.0,0.0,0.0,,,,,,,,36.04098,-86.78265,False,Crashes_2010_2019_MPO
101236115,2016-05-31,2016,,19.0,,,0,0,N,0.0,0.0,0.0,,,,,,,,36.03832,-86.78631,False,Crashes_2010_2019_MPO
100172319,2012-04-23,2012,,94.0,,,0,0,N,0.0,0.0,0.0,,,,,,,,36.01701,-86.78612,True,Crashes_2010_2019_MPO
100567818,2014-06-24,2014,,94.0,,,0,0,N,0.0,0.0,0.0,,,,,,,,35.99286,-86.82876,True,Crashes_2010_2019_MPO
102084263,2018-07-23,2018,,19.0,,,0,0,N,0.0,0.0,0.0,,,,,,,,35.99701,-86.69008,False,Crashes_2010_2019_MPO
100278184,2013-01-12,2013,,94.0,,,0,0,N,0.0,0.0,0.0,,,,,,,,35.94662,-86.85136,False,Crashes_2010_2019_MPO
100820896,2015-04-20,2015,,94.0,,,0,0,N,0.0,0.0,0.0,,,,,,,,35.95554,-86.76357,True,Crashes_2010_2019_MPO
100876773,2015-06-26,2015,,19.0,,,0,0,N,0.0,0.0,0.0,,,,,,,,36.04067,-86.77966,False,Crashes_2010_2019_MPO
100389578,2013-10-09,2013,,94.0,,,0,0,N,0.0,0.0,0.0,,,,,,,,35.95105,-86.80653,False,Crashes_2010_2019_MPO
101870381,2017-12-27,2017,,94.0,,,0,0,N,0.0,0.0,0.0,,,,,,,,35.94764,-86.81433,False,Crashes_2010_2019_MPO
100861226,2015-06-15,2015,,94.0,,,0,0,N,0.0,0.0,0.0,,,,,,,,35.92645,-86.82488,False,Crashes_2010_2019_MPO
100411351,2013-11-26,2013,,94.0,,,0,0,N,0.0,0.0,0.0,,,,,,,,35.94467,-86.82831,False,Crashes_2010_2019_MPO
100460659,2014-03-05,2014,,94.0,,,0,0,N,0.0,0.0,0.0,,,,,,,,35.92953,-86.8647,False,Crashes_2010_2019_MPO
102179553,2018-10-16,2018,,94.0,,,0,0,N,0.0,0.0,0.0,,,,,,,,35.97329,-86.83309,True,Crashes_2010_2019_MPO
102545179,2019-10-22,2019,,94.0,,,0,0,N,0.0,0.0,0.0,,,,,,,,35.93756,-86.76809,False,Crashes_2010_2019_MPO
101127447,2016-03-04,2016,,19.0,,,0,0,N,0.0,0.0,0.0,,,,,,,,36.04001,-86.74347,False,Crashes_2010_2019_MPO
100998867,2015-10-29,2015,,19.0,,,0,0,N,0.0,0.0,0.0,,,,,,,,36.04075,-86.72781,False,Crashes_2010_2019_MPO
101008529,2015-11-13,2015,,19.0,,,0,0,N,0.0,0.0,0.0,,,,,,,,36.03784,-86.78477,False,Crashes_2010_2019_MPO
102014347,2018-05-17,2018,,19.0,,,0,0,N,0.0,0.0,0.0,,,,,,,,36.03421,-86.78338,True,Crashes_2010_2019_MPO
101033961,2015-11-20,2015,,19.0,,,0,0,N,0.0,0.0,0.0,,,,,,,,36.05141,-86.71433,False,Crashes_2010_2019_MPO
101814994,2017-11-04,2017,,94.0,,,0,0,N,0.0,0.0,0.0,,,,,,,,35.97878,-86.75282,True,Crashes_2010_2019_MPO
101240894,2016-06-07,2016,,94.0,,,0,0,N,0.0,0.0,0.0,,,,,,,,35.94558,-86.80876,False,Crashes_2010_2019_MPO
101685667,2017-06-28,2017,,94.0,,,0,0,N,0.0,0.0,0.0,,,,,,,,35.95051,-86.76622,True,Crashes_2010_2019_MPO
101402808,2016-10-13,2016,,94.0,,,0,0,N,0.0,0.0,0.0,,,,,,,,35.93132,-86.85808,False,Crashes_2010_2019_MPO
100349734,2013-07-03,2013,,94.0,,,0,0,N,0.0,0.0,0.0,,,,,,,,35.92333,-86.87506,False,Crashes_2010_2019_MPO
100974442,2015-10-06,2015,,94.0,,,0,0,N,0.0,0.0,0.0,,,,,,,,35.92957,-86.84187,False,Crashes_2010_2019_MPO
102580709,2019-11-26,2019,,19.0,,,0,0,N,0.0,0.0,0.0,,,,,,,,36.04145,-86.82293,False,Crashes_2010_2019_MPO
102258735,2018-12-27,2018,,94.0,,,0,0,N,0.0,0.0,0.0,,,,,,,,36.0326,-86.7837,True,Crashes_2010_2019_MPO
101003215,2015-10-24,2015,,19.0,,,0,0,N,0.0,0.0,0.0,,,,,,,,36.02571,-86.71301,False,Crashes_2010_2019_MPO
101003583,2015-10-31,2015,,94.0,,,0,0,N,0.0,0.0,0.0,,,,,,,,35.99165,-86.79878,True,Crashes_2010_2019_MPO
100187061,2012-06-01,2012,,94.0,,,0,0,N,0.0,0.0,0.0,,,,,,,,35.964764,-86.81665,True,Crashes_2010_2019_MPO
100654100,2014-10-15,2014,,94.0,,,0,0,N,0.0,0.0,0.0,,,,,,,,35.94822,-86.81118,False,Crashes_2010_2019_MPO
101598293,2017-03-30,2017,,19.0,,,0,0,N,0.0,0.0,0.0,,,,,,,,36.04026,-86.8164,False,Crashes_2010_2019_MPO
100300723,2013-03-07,2013,,94.0,,,0,0,N,0.0,0.0,0.0,,,,,,,,35.94683,-86.83189,False,Crashes_2010_2019_MPO
101668822,2017-06-09,2017,,94.0,,,0,0,N,0.0,0.0,0.0,,,,,,,,35.95526,-86.82588,False,Crashes_2010_2019_MPO
100585286,2014-07-18,2014,,94.0,,,0,0,N,0.0,0.0,0.0,,,,,,,,35.947,-86.81148,False,Crashes_2010_2019_MPO
102162024,2018-09-25,2018,,94.0,,,0,0,N,0.0,0.0,0.0,,,,,,,,35.95078,-86.80672,False,Crashes_2010_2019_MPO
100683208,2014-11-19,2014,,94.0,,,0,0,N,0.0,0.0,0.0,,,,,,,,35.97455,-86.83586,False,Crashes_2010_2019_MPO
102077611,2018-07-17,2018,,94.0,,,0,0,N,0.0,0.0,0.0,,,,,,,,36.0278,-86.7839,True,Crashes_2010_2019_MPO
101930953,2018-03-02,2018,,94.0,,,0,0,N,0.0,0.0,0.0,,,,,,,,35.98532,-86.73074,True,Crashes_2010_2019_MPO
102475305,2019-08-12,2019,,19.0,,,0,0,N,0.0,0.0,0.0,,,,,,,,36.04665,-86.86329,False,Crashes_2010_2019_MPO
101050427,2015-12-16,2015,,19.0,,,0,0,N,0.0,0.0,0.0,,,,,,,,36.04059,-86.77107,False,Crashes_2010_2019_MPO
102482921,2019-08-17,2019,,94.0,,,0,0,N,0.0,0.0,0.0,,,,,,,,35.9462,-86.80876,False,Crashes_2010_2019_MPO
100875359,2015-06-23,2015,,94.0,,,0,0,N,0.0,0.0,0.0,,,,,,,,35.94003,-86.83114,False,Crashes_2010_2019_MPO
102492122,2019-08-24,2019,,94.0,,,0,0,N,0.0,0.0,0.0,,,,,,,,35.95783,-86.81244,False,Crashes_2010_2019_MPO
10441695,2010-08-18,2010,,19.0,,,0,0, ,0.0,0.0,0.0,,,,,,,,36.048418,-86.77572,False,Crashes_2010_2019_MPO
101598794,2017-03-30,2017,,94.0,,,0,0,N,0.0,0.0,0.0,,,,,,,,35.97558,-86.79114,True,Crashes_2010_2019_MPO
100299578,2013-03-04,2013,,94.0,,,0,1,N,0.0,1.0,0.0,,,,,,,,35.96499,-86.80227,True,Crashes_2010_2019_MPO
100683186,2014-11-19,2014,,94.0,,,0,0,N,0.0,0.0,0.0,,,,,,,,35.97776,-86.80359,True,Crashes_2010_2019_MPO
101997291,2018-05-02,2018,,94.0,,,0,0,N,0.0,0.0,0.0,,,,,,,,35.99734,-86.79486,True,Crashes_2010_2019_MPO
100460816,2014-03-05,2014,,94.0,,,0,0,Y,0.0,0.0,1.0,,,,,,,,35.97709,-86.76291,True,Crashes_2010_2019_MPO
101319385,2016-08-02,2016,,94.0,,,0,0,N,0.0,0.0,0.0,,,,,,,,35.98673,-86.7091,True,Crashes_2010_2019_MPO
101945004,2018-03-15,2018,,19.0,,,0,0,N,0.0,0.0,0.0,,,,,,,,36.0409,-86.77938,False,Crashes_2010_2019_MPO
102577786,2019-11-23,2019,,94.0,,,0,0,N,0.0,0.0,0.0,,,,,,,,35.96705,-86.81355,True,Crashes_2010_2019_MPO
101725601,2017-08-09,2017,,19.0,,,0,0,N,0.0,0.0,0.0,,,,,,,,36.03761,-86.78512,False,Crashes_2010_2019_MPO
101387159,2016-09-22,2016,,94.0,,,0,0,N,0.0,0.0,0.0,,,,,,,,35.94847,-86.81133,False,Crashes_2010_2019_MPO
100353003,2013-07-11,2013,,94.0,,,0,0,N,0.0,0.0,0.0,,,,,,,,35.98403,-86.72286,True,Crashes_2010_2019_MPO
100725795,2015-01-22,2015,,19.0,,,0,0,N,0.0,0.0,0.0,,,,,,,,36.05322,-86.71496,False,Crashes_2010_2019_MPO
100415509,2013-12-05,2013,,94.0,,,0,0,N,0.0,0.0,0.0,,,,,,,,35.99306,-86.79829,True,Crashes_2010_2019_MPO
101869559,2017-12-26,2017,,94.0,,,0,0,N,0.0,0.0,0.0,,,,,,,,36.03383,-86.78845,True,Crashes_2010_2019_MPO
101194302,2016-05-13,2016,,19.0,,,0,0,N,0.0,0.0,0.0,,,,,,,,36.04214,-86.77845,False,Crashes_2010_2019_MPO
102027074,2018-05-29,2018,,94.0,,,0,0,N,0.0,0.0,0.0,,,,,,,,35.98152,-86.84528,False,Crashes_2010_2019_MPO
102430495,2019-06-27,2019,,94.0,,,0,0,N,0.0,0.0,0.0,,,,,,,,35.9669,-86.80734,True,Crashes_2010_2019_MPO
102160046,2018-09-28,2018,,94.0,,,0,0,N,0.0,0.0,0.0,,,,,,,,35.96688,-86.81117,True,Crashes_2010_2019_MPO
100619798,2014-09-16,2014,,94.0,,,0,0,N,0.0,0.0,0.0,,,,,,,,35.96518,-86.80021,True,Crashes_2010_2019_MPO
101068780,2015-12-29,2015,,94.0,,,0,0,N,0.0,0.0,0.0,,,,,,,,35.92738,-86.8687,False,Crashes_2010_2019_MPO
100401943,2013-11-07,2013,,94.0,,,0,0,N,0.0,0.0,0.0,,,,,,,,35.95411,-86.81776,False,Crashes_2010_2019_MPO
102366522,2019-04-20,2019,,94.0,,,0,0,N,0.0,0.0,0.0,,,,,,,,35.95049,-86.766,True,Crashes_2010_2019_MPO
100268294,2012-12-18,2012,,94.0,,,0,0,N,0.0,0.0,0.0,,,,,,,,35.979,-86.80315,True,Crashes_2010_2019_MPO
102247608,2018-12-15,2018,,94.0,,,0,0,N,0.0,0.0,0.0,,,,,,,,35.93132,-86.87725,False,Crashes_2010_2019_MPO
100925360,2015-08-18,2015,,19.0,,,0,0,N,0.0,0.0,0.0,,,,,,,,36.03327,-86.77683,False,Crashes_2010_2019_MPO
101685574,2017-06-28,2017,,19.0,,,0,0,N,0.0,0.0,0.0,,,,,,,,36.04128,-86.77806,False,Crashes_2010_2019_MPO
101594055,2017-03-26,2017,,19.0,,,0,0,N,0.0,0.0,0.0,,,,,,,,36.04537,-86.71326,False,Crashes_2010_2019_MPO
100662066,2014-10-30,2014,,94.0,,,0,0,N,0.0,0.0,0.0,,,,,,,,35.92974,-86.85584,False,Crashes_2010_2019_MPO
102513541,2019-09-19,2019,,94.0,,,0,0,N,0.0,0.0,0.0,,,,,,,,36.03523,-86.80248,True,Crashes_2010_2019_MPO
102411477,2019-06-06,2019,,94.0,,,0,0,N,0.0,0.0,0.0,,,,,,,,36.01392,-86.73837,False,Crashes_2010_2019_MPO
102594363,2019-12-11,2019,,19.0,,,0,0,N,0.0,0.0,0.0,,,,,,,,36.00016,-86.68931,False,Crashes_2010_2019_MPO
100630502,2014-09-18,2014,,94.0,,,0,0,N,0.0,0.0,0.0,,,,,,,,35.92732,-86.83866,False,Crashes_2010_2019_MPO
100800394,2015-03-31,2015,,19.0,,,0,0,N,0.0,0.0,0.0,,,,,,,,36.04544,-86.71293,False,Crashes_2010_2019_MPO
101745891,2017-08-25,2017,,94.0,,,0,0,N,0.0,0.0,0.0,,,,,,,,35.93549,-86.82393,False,Crashes_2010_2019_MPO