mstrrecnbr,collision_ts,year,county,countystat,crash,crash_type,fatalities,non_motorists,commercial,fatal_c,nonmotor_c,truck_c,fatalc,serious_injuries,ped,bike,lighting,weather,first_harmful_event,latitude,longitude,in_city,src_layer
102007726,2018-05-11,2018,,19.0,,,0,0,N,0.0,0.0,0.0,,,,,,,,36.02776,-86.78432,True,Crashes_2010_2019_MPO
100510886,2014-05-19,2014,,94.0,,,0,0,N,0.0,0.0,0.0,,,,,,,,36.03243,-86.80283,True,Crashes_2010_2019_MPO
101456441,2016-11-21,2016,,94.0,,,0,0,N,0.0,0.0,0.0,,,,,,,,35.98381,-86.71661,True,Crashes_2010_2019_MPO
100486136,2014-04-14,2014,,94.0,,,0,0,N,0.0,0.0,0.0,,,,,,,,35.986,-86.73529,True,Crashes_2010_2019_MPO
101426581,2016-10-30,2016,,19.0,,,0,0,N,0.0,0.0,0.0,,,,,,,,36.048,-86.71674,False,Crashes_2010_2019_MPO
101431352,2016-11-04,2016,,94.0,,,0,0,Y,0.0,0.0,1.0,,,,,,,,35.92522,-86.76712,False,Crashes_2010_2019_MPO
102117733,2018-08-21,2018,,19.0,,,0,0,N,0.0,0.0,0.0,,,,,,,,36.0374,-86.78657,False,Crashes_2010_2019_MPO
102187695,2018-10-24,2018,,19.0,,,0,0,N,0.0,0.0,0.0,,,,,,,,36.04012,-86.78074,False,Crashes_2010_2019_MPO
101045804,2015-12-09,2015,,19.0,,,0,0,N,0.0,0.0,0.0,,,,,,,,36.05041,-86.87595,False,Crashes_2010_2019_MPO
100252400,2012-11-13,2012,,94.0,,,0,0,N,0.0,0.0,0.0,,,,,,,,35.95184,-86.74151,True,Crashes_2010_2019_MPO
100303066,2013-03-14,2013,,94.0,,,0,0,N,0.0,0.0,0.0,,,,,,,,35.92878,-86.75409,False,Crashes_2010_2019_MPO
101420217,2016-10-22,2016,,19.0,,,0,0,N,0.0,0.0,0.0,,,,,,,,36.04124,-86.77841,False,Crashes_2010_2019_MPO
102277958,2019-01-15,2019,,19.0,,,0,0,N,0.0,0.0,0.0,,,,,,,,36.0405,-86.74548,False,Crashes_2010_2019_MPO
101032666,2015-11-19,2015,,19.0,,,0,0,N,0.0,0.0,0.0,,,,,,,,36.03519,-86.78304,False,Crashes_2010_2019_MPO
100409935,2013-11-17,2013,,94.0,,,0,0,N,0.0,0.0,0.0,,,,,,,,35.97217,-86.86561,False,Crashes_2010_2019_MPO
102554098,2019-10-31,2019,,94.0,,,0,0,N,0.0,0.0,0.0,,,,,,,,35.96161,-86.81528,False,Crashes_2010_2019_MPO
102151781,2018-09-20,2018,,19.0,,,0,0,N,0.0,0.0,0.0,,,,,,,,36.04747,-86.86331,False,Crashes_2010_2019_MPO
102280072,2019-01-17,2019,,94.0,,,0,0,N,0.0,0.0,0.0,,,,,,,,35.92641,-86.82446,False,Crashes_2010_2019_MPO
100702941,2014-12-07,2014,,94.0,,,0,0,N,0.0,0.0,0.0,,,,,,,,35.96107,-86.81556,False,Crashes_2010_2019_MPO
101862356,2017-12-18,2017,,94.0,,,0,0,N,0.0,0.0,0.0,,,,,,,,35.92641,-86.82447,False,Crashes_2010_2019_MPO
100942540,2015-08-31,2015,,19.0,,,0,0,N,0.0,0.0,0.0,,,,,,,,36.04345,-86.74414,False,Crashes_2010_2019_MPO
102240062,2018-12-08,2018,,19.0,,,0,0,N,0.0,0.0,0.0,,,,,,,,36.03511,-86.6775,False,Crashes_2010_2019_MPO
101819921,2017-11-09,2017,,94.0,,,0,0,N,0.0,0.0,0.0,,,,,,,,36.01541,-86.81715,True,Crashes_2010_2019_MPO
102389095,2019-05-13,2019,,94.0,,,0,0,Y,0.0,0.0,1.0,,,,,,,,36.01115,-86.78491,True,Crashes_2010_2019_MPO
102397317,2019-05-23,2019,,19.0,,,0,0,N,0.0,0.0,0.0,,,,,,,,36.05141,-86.71472,False,Crashes_2010_2019_MPO
100702994,2014-12-07,2014,,19.0,,,0,0,N,0.0,0.0,0.0,,,,,,,,36.03358,-86.71296,False,Crashes_2010_2019_MPO
101655978,2017-05-26,2017,,94.0,,,0,0,N,0.0,0.0,0.0,,,,,,,,36.0189,-86.72569,False,Crashes_2010_2019_MPO
101099323,2016-02-04,2016,,94.0,,,0,0,N,0.0,0.0,0.0,,,,,,,,35.93581,-86.81814,False,Crashes_2010_2019_MPO
102596139,2019-12-13,2019,,19.0,,,0,0,N,0.0,0.0,0.0,,,,,,,,36.03806,-86.78415,False,Crashes_2010_2019_MPO
102418037,2019-06-13,2019,,94.0,,,0,0,N,0.0,0.0,0.0,,,,,,,,36.01803,-86.77028,True,Crashes_2010_2019_MPO
102253370,2018-12-21,2018,,19.0,,,0,0,N,0.0,0.0,0.0,,,,,,,,36.03528,-86.74987,False,Crashes_2010_2019_MPO
101425388,2016-10-28,2016,,19.0,,,0,0,N,0.0,0.0,0.0,,,,,,,,36.04074,-86.77967,False,Crashes_2010_2019_MPO
102306547,2019-02-15,2019,,94.0,,,0,0,N,0.0,0.0,0.0,,,,,,,,35.97834,-86.77684,True,Crashes_2010_2019_MPO
101146584,2016-03-18,2016,,19.0,,,0,0,N,0.0,0.0,0.0,,,,,,,,36.03826,-86.80159,False,Crashes_2010_2019_MPO
101361799,2016-09-15,2016,,94.0,,,0,0,N,0.0,0.0,0.0,,,,,,,,35.94992,-86.81924,False,Crashes_2010_2019_MPO
100836347,2015-05-18,2015,,19.0,,,0,0,N,0.0,0.0,0.0,,,,,,,,36.04568,-86.85515,False,Crashes_2010_2019_MPO
102135353,2018-09-06,2018,,94.0,,,0,0,N,0.0,0.0,0.0,,,,,,,,36.00729,-86.78025,True,Crashes_2010_2019_MPO
100722309,2015-01-15,2015,,94.0,,,0,0,N,0.0,0.0,0.0,,,,,,,,35.96071,-86.807,False,Crashes_2010_2019_MPO
100654083,2014-10-15,2014,,19.0,,,0,0,N,0.0,0.0,0.0,,,,,,,,36.03996,-86.76535,False,Crashes_2010_2019_MPO
102205249,2018-11-09,2018,,94.0,,,0,0,N,0.0,0.0,0.0,,,,,,,,35.97795,-86.80352,True,Crashes_2010_2019_MPO
101394076,2016-10-01,2016,,94.0,,,0,0,N,0.0,0.0,0.0,,,,,,,,35.9507,-86.80099,False,Crashes_2010_2019_MPO
101009477,2015-11-14,2015,,94.0,,,0,0,N,0.0,0.0,0.0,,,,,,,,36.00155,-86.72207,True,Crashes_2010_2019_MPO
100998389,2015-10-27,2015,,19.0,,,0,0,N,0.0,0.0,0.0,,,,,,,,35.99631,-86.69046,False,Crashes_2010_2019_MPO
100666902,2014-11-07,2014,,94.0,,,0,0,N,0.0,0.0,0.0,,,,,,,,35.94146,-86.81621,False,Crashes_2010_2019_MPO
100249168,2012-11-06,2012,,94.0,,,0,0,N,0.0,0.0,0.0,,,,,,,,35.95584,-86.81728,False,Crashes_2010_2019_MPO
102188958,2018-10-25,2018,,19.0,,,0,0,N,0.0,0.0,0.0,,,,,,,,36.05214,-86.74281,False,Crashes_2010_2019_MPO
100974874,2015-10-06,2015,,94.0,,,0,0,N,0.0,0.0,0.0,,,,,,,,35.9295,-86.85299,False,Crashes_2010_2019_MPO
100721029,2015-01-12,2015,,94.0,,,0,0,N,0.0,0.0,0.0,,,,,,,,35.93112,-86.8635,False,Crashes_2010_2019_MPO
101884503,2018-01-11,2018,,94.0,,,0,0,N,0.0,0.0,0.0,,,,,,,,35.99618,-86.78576,True,Crashes_2010_2019_MPO
102533627,2019-10-09,2019,,19.0,,,0,0,N,0.0,0.0,0.0,,,,,,,,36.03772,-86.79475,False,Crashes_2010_2019_MPO
102350039,2019-04-04,2019,,94.0,,,0,0,N,0.0,0.0,0.0,,,,,,,,35.97763,-86.80364,True,Crashes_2010_2019_MPO
101032584,2015-11-19,2015,,94.0,,,0,0,N,0.0,0.0,0.0,,,,,,,,35.9475,-86.86605,False,Crashes_2010_2019_MPO
100755656,2015-03-02,2015,,19.0,,,0,0,N,0.0,0.0,0.0,,,,,,,,36.0373,-86.78689,False,Crashes_2010_2019_MPO
100367582,2013-08-16,2013,,94.0,,,0,0,Y,0.0,0.0,1.0,,,,,,,,35.94793,-86.86163,False,Crashes_2010_2019_MPO
102303301,2019-02-11,2019,,94.0,,,0,0,N,0.0,0.0,0.0,,,,,,,,36.0363,-86.784,False,Crashes_2010_2019_MPO
101039112,2015-11-29,2015,,94.0,,,0,0,N,0.0,0.0,0.0,,,,,,,,35.94683,-86.85172,False,Crashes_2010_2019_MPO
102497587,2019-08-30,2019,,94.0,,,0,0,N,0.0,0.0,0.0,,,,,,,,35.99518,-86.77545,True,Crashes_2010_2019_MPO
100947628,2015-09-09,2015,,19.0,,,0,0,N,0.0,0.0,0.0,,,,,,,,36.04073,-86.78273,False,Crashes_2010_2019_MPO
100480799,2014-04-01,2014,,94.0,,,0,0,N,0.0,0.0,0.0,,,,,,,,35.99742,-86.79455,True,Crashes_2010_2019_MPO
100572861,2014-07-14,2014,,94.0,,,0,0,N,0.0,0.0,0.0,,,,,,,,35.95078,-86.80645,False,Crashes_2010_2019_MPO
100219946,2012-08-28,2012,,94.0,,,0,0,N,0.0,0.0,0.0,,,,,,,,35.98664,-86.7371,True,Crashes_2010_2019_MPO
101623524,2017-04-23,2017,,19.0,,,0,0,N,0.0,0.0,0.0,,,,,,,,36.0268,-86.71285,False,Crashes_2010_2019_MPO
10805440,2012-03-13,2012,,19.0,,,0,0, ,0.0,0.0,0.0,,,,,,,,36.026395,-86.753462,False,Crashes_2010_2019_MPO
102399282,2019-04-20,2019,,94.0,,,0,0,N,0.0,0.0,0.0,,,,,,,,35.997442,-86.794625,True,Crashes_2010_2019_MPO
101605758,2017-04-06,2017,,19.0,,,0,0,N,0.0,0.0,0.0,,,,,,,,36.03916,-86.78231,False,Crashes_2010_2019_MPO
101843778,2017-11-30,2017,,94.0,,,0,0,N,0.0,0.0,0.0,,,,,,,,36.0343,-86.80211,True,Crashes_2010_2019_MPO
100387289,2013-10-04,2013,,94.0,,,0,0,N,0.0,0.0,0.0,,,,,,,,35.93559,-86.82433,False,Crashes_2010_2019_MPO
101434655,2016-11-08,2016,,19.0,,,0,0,N,0.0,0.0,0.0,,,,,,,,36.03799,-86.79807,False,Crashes_2010_2019_MPO
102113588,2018-08-17,2018,,19.0,,,0,0,N,0.0,0.0,0.0,,,,,,,,36.0454,-86.70315,False,Crashes_2010_2019_MPO
101912942,2018-02-11,2018,,94.0,,,0,0,N,0.0,0.0,0.0,,,,,,,,35.97804,-86.76141,True,Crashes_2010_2019_MPO
101281803,2016-07-08,2016,,19.0,,,0,0,N,0.0,0.0,0.0,,,,,,,,36.04214,-86.77265,False,Crashes_2010_2019_MPO
101239800,2016-06-05,2016,,19.0,,,0,0,N,0.0,0.0,0.0,,,,,,,,36.04656,-86.6781,False,Crashes_2010_2019_MPO
100833207,2015-05-13,2015,,94.0,,,0,0,N,0.0,0.0,0.0,,,,,,,,36.02173,-86.74267,False,Crashes_2010_2019_MPO
101927178,2018-02-25,2018,,19.0,,,0,0,N,0.0,0.0,0.0,,,,,,,,36.04654,-86.70071,False,Crashes_2010_2019_MPO
102005920,2018-05-10,2018,,94.0,,,0,0,N,0.0,0.0,0.0,,,,,,,,35.93374,-86.81767,False,Crashes_2010_2019_MPO
102350292,2019-04-04,2019,,94.0,,,0,0,N,0.0,0.0,0.0,,,,,,,,35.9667,-86.81121,True,Crashes_2010_2019_MPO
102343735,2019-03-27,2019,,94.0,,,0,0,N,0.0,0.0,0.0,,,,,,,,35.95524,-86.84497,False,Crashes_2010_2019_MPO
100354724,2013-07-15,2013,,94.0,,,0,0,N,0.0,0.0,0.0,,,,,,,,35.94713,-86.82172,False,Crashes_2010_2019_MPO
100755482,2015-03-02,2015,,94.0,,,0,0,N,0.0,0.0,0.0,,,,,,,,35.94689,-86.85175,False,Crashes_2010_2019_MPO
100433076,2014-01-20,2014,,94.0,,,0,0,N,0.0,0.0,0.0,,,,,,,,35.95565,-86.8295,False,Crashes_2010_2019_MPO
100859174,2015-06-11,2015,,94.0,,,0,0,N,0.0,0.0,0.0,,,,,,,,35.9664,-86.80794,True,Crashes_2010_2019_MPO
100970337,2015-09-30,2015,,19.0,,,0,0,N,0.0,0.0,0.0,,,,,,,,36.0488,-86.71367,False,Crashes_2010_2019_MPO
101693269,2017-07-05,2017,,94.0,,,0,0,N,0.0,0.0,0.0,,,,,,,,35.93697,-86.69292,False,Crashes_2010_2019_MPO
100365991,2013-08-08,2013,,94.0,,,0,0,N,0.0,0.0,0.0,,,,,,,,35.962,-86.81517,False,Crashes_2010_2019_MPO
102228507,2018-11-29,2018,,94.0,,,0,0,N,0.0,0.0,0.0,,,,,,,,36.03643,-86.79084,True,Crashes_2010_2019_MPO
100310783,2013-04-01,2013,,94.0,,,0,0,N,0.0,0.0,0.0,,,,,,,,35.99795,-86.79655,True,Crashes_2010_2019_MPO
101062236,2015-12-18,2015,,94.0,,,0,0,N,0.0,0.0,0.0,,,,,,,,35.96312,-86.81897,True,Crashes_2010_2019_MPO
101002511,2015-11-03,2015,,19.0,,,0,0,N,0.0,0.0,0.0,,,,,,,,36.04426,-86.78091,False,Crashes_2010_2019_MPO
102390596,2019-05-15,2019,,94.0,,,0,0,N,0.0,0.0,0.0,,,,,,,,35.93127,-86.86338,False,Crashes_2010_2019_MPO
101742068,2017-08-25,2017,,19.0,,,0,0,N,0.0,0.0,0.0,,,,,,,,36.04513,-86.69918,False,Crashes_2010_2019_MPO
102082302,2018-07-21,2018,,19.0,,,0,0,N,0.0,0.0,0.0,,,,,,,,36.04529,-86.71404,False,Crashes_2010_2019_MPO
102125177,2018-08-27,2018,,94.0,,,0,0,N,0.0,0.0,0.0,,,,,,,,35.96534,-86.83861,False,Crashes_2010_2019_MPO
102249004,2018-12-17,2018,,19.0,,,0,0,N,0.0,0.0,0.0,,,,,,,,36.05165,-86.7756,False,Crashes_2010_2019_MPO
102532330,2019-10-07,2019,,94.0,,,0,0,N,0.0,0.0,0.0,,,,,,,,35.96089,-86.80943,False,Crashes_2010_2019_MPO
101572462,2017-03-03,2017,,19.0,,,0,0,N,0.0,0.0,0.0,,,,,,,,36.03118,-86.75211,False,Crashes_2010_2019_MPO
101326336,2016-08-12,2016,,94.0,,,0,0,N,0.0,0.0,0.0,,,,,,,,35.94433,-86.82003,False,Crashes_2010_2019_MPO
102335231,2019-03-19,2019,,19.0,,,0,0,N,0.0,0.0,0.0,,,,,,,,36.04446,-86.68713,False,Crashes_2010_2019_MPO
100820041,2015-04-18,2015,,94.0,,,0,0,N,0.0,0.0,0.0,,,,,,,,35.97758,-86.77552,True,Crashes_2010_2019_MPO
102290073,2019-01-28,2019,,94.0,,,0,0,N,0.0,0.0,0.0,,,,,,,,36.01231,-86.82802,True,Crashes_2010_2019_MPO
100270151,2012-12-21,2012,,94.0,,,0,0,N,0.0,0.0,0.0,,,,,,,,35.92381,-86.87141,False,Crashes_2010_2019_MPO
100907134,2015-07-14,2015,,94.0,,,0,0,N,0.0,0.0,0.0,,,,,,,,35.9261,-86.8714,False,Crashes_2010_2019_MPO
101653362,2017-05-24,2017,,94.0,,,0,0,N,0.0,0.0,0.0,,,,,,,,35.95228,-86.76626,True,Crashes_2010_2019_MPO
101315336,2016-07-26,2016,,19.0,,,0,0,N,0.0,0.0,0.0,,,,,,,,36.03261,-86.76932,False,Crashes_2010_2019_MPO
101347447,2016-08-21,2016,,19.0,,,0,0,N,0.0,0.0,0.0,,,,,,,,36.0298,-86.67897,False,Crashes_2010_2019_MPO
100873392,2015-06-19,2015,,94.0,,,0,0,N,0.0,0.0,0.0,,,,,,,,35.94068,-86.83938,False,Crashes_2010_2019_MPO
101195392,2016-05-15,2016,,94.0,,,0,0,N,0.0,0.0,0.0,,,,,,,,36.029646,-86.79127,True,Crashes_2010_2019_MPO
101818386,2017-11-08,2017,,94.0,,,0,0,N,0.0,0.0,0.0,,,,,,,,35.966662,-86.809188,True,Crashes_2010_2019_MPO
102559510,2019-11-05,2019,,94.0,,,0,0,N,0.0,0.0,0.0,,,,,,,,35.94809,-86.81826,False,Crashes_2010_2019_MPO
100367777,2013-08-16,2013,,94.0,,,0,0,N,0.0,0.0,0.0,,,,,,,,35.96725,-86.81465,True,Crashes_2010_2019_MPO
102602803,2019-12-20,2019,,19.0,,,0,0,N,0.0,0.0,0.0,,,,,,,,36.04537,-86.71326,False,Crashes_2010_2019_MPO
101576602,2017-03-07,2017,,94.0,,,0,0,N,0.0,0.0,0.0,,,,,,,,35.93787,-86.7075,False,Crashes_2010_2019_MPO
101620502,2017-04-20,2017,,94.0,,,0,0,N,0.0,0.0,0.0,,,,,,,,35.95775,-86.80192,False,Crashes_2010_2019_MPO
101483765,2016-12-21,2016,,94.0,,,0,0,N,0.0,0.0,0.0,,,,,,,,35.99088,-86.68321,False,Crashes_2010_2019_MPO
100851703,2015-05-28,2015,,94.0,,,0,0,N,0.0,0.0,0.0,,,,,,,,35.96312,-86.81899,True,Crashes_2010_2019_MPO
101966994,2018-04-04,2018,,94.0,,,0,0,N,0.0,0.0,0.0,,,,,,,,35.99279,-86.79839,True,Crashes_2010_2019_MPO
100750342,2015-02-20,2015,,19.0,,,0,0,N,0.0,0.0,0.0,,,,,,,,36.01329,-86.70152,False,Crashes_2010_2019_MPO
102214900,2018-11-17,2018,,94.0,,,0,0,N,0.0,0.0,0.0,,,,,,,,35.93527,-86.81897,False,Crashes_2010_2019_MPO
100873205,2015-06-15,2015,,94.0,,,0,0,N,0.0,0.0,0.0,,,,,,,,36.00542,-86.78954,True,Crashes_2010_2019_MPO
101622880,2017-04-22,2017,,19.0,,,0,0,N,0.0,0.0,0.0,,,,,,,,36.04809,-86.76001,False,Crashes_2010_2019_MPO
102350394,2019-03-29,2019,,94.0,,,0,0,N,0.0,0.0,0.0,,,,,,,,35.9638,-86.80842,False,Crashes_2010_2019_MPO
102389999,2019-05-14,2019,,94.0,,,0,0,N,0.0,0.0,0.0,,,,,,,,35.94119,-86.83642,False,Crashes_2010_2019_MPO
101937920,2018-03-09,2018,,94.0,,,0,0,N,0.0,0.0,0.0,,,,,,,,35.99878,-86.79863,True,Crashes_2010_2019_MPO
101720017,2017-08-04,2017,,19.0,,,0,0,N,0.0,0.0,0.0,,,,,,,,36.0414,-86.78225,False,Crashes_2010_2019_MPO
101155472,2016-03-31,2016,,19.0,,,0,0,N,0.0,0.0,0.0,,,,,,,,36.04159,-86.78244,False,Crashes_2010_2019_MPO
101743499,2017-08-27,2017,,94.0,,,0,0,N,0.0,0.0,0.0,,,,,,,,35.99551,-86.77887,True,Crashes_2010_2019_MPO
102381527,2019-05-06,2019,,19.0,,,0,0,N,0.0,0.0,0.0,,,,,,,,36.0399,-86.7419,False,Crashes_2010_2019_MPO
102088918,2018-07-27,2018,,94.0,,,0,0,N,0.0,0.0,0.0,,,,,,,,35.9673,-86.81493,True,Crashes_2010_2019_MPO
101997261,2018-05-02,2018,,19.0,,,0,0,N,0.0,0.0,0.0,,,,,,,,36.03048,-86.78317,True,Crashes_2010_2019_MPO
101149983,2016-03-23,2016,,94.0,,,0,0,N,0.0,0.0,0.0,,,,,,,,35.93526,-86.86041,False,Crashes_2010_2019_MPO
101974880,2018-04-12,2018,,94.0,,,0,0,N,0.0,0.0,0.0,,,,,,,,35.92847,-86.76152,False,Crashes_2010_2019_MPO
100340687,2013-06-11,2013,,94.0,,,0,0,N,0.0,0.0,0.0,,,,,,,,35.95796,-86.80256,False,Crashes_2010_2019_MPO
100266873,2012-12-14,2012,,94.0,,,0,0,N,0.0,0.0,0.0,,,,,,,,35.98307,-86.80198,True,Crashes_2010_2019_MPO
100755108,2015-03-01,2015,,19.0,,,0,0,N,0.0,0.0,0.0,,,,,,,,36.04095,-86.78231,False,Crashes_2010_2019_MPO
100800578,2015-03-31,2015,,19.0,,,0,0,N,0.0,0.0,0.0,,,,,,,,36.04226,-86.72647,False,Crashes_2010_2019_MPO
102426245,2019-06-22,2019,,94.0,,,0,0,N,0.0,0.0,0.0,,,,,,,,35.97776,-86.80359,True,Crashes_2010_2019_MPO
101598342,2017-03-30,2017,,19.0,,,0,0,N,0.0,0.0,0.0,,,,,,,,36.04521,-86.74394,False,Crashes_2010_2019_MPO
101923243,2018-02-22,2018,,19.0,,,0,0,N,0.0,0.0,0.0,,,,,,,,36.0473,-86.86274,False,Crashes_2010_2019_MPO
100663534,2014-11-02,2014,,19.0,,,0,0,N,0.0,0.0,0.0,,,,,,,,36.03089,-86.71256,False,Crashes_2010_2019_MPO
102256648,2018-12-24,2018,,19.0,,,0,0,N,0.0,0.0,0.0,,,,,,,,36.02465,-86.68892,False,Crashes_2010_2019_MPO
101850615,2017-12-07,2017,,94.0,,,0,0,N,0.0,0.0,0.0,,,,,,,,35.92862,-86.84207,False,Crashes_2010_2019_MPO
101049103,2015-12-14,2015,,94.0,,,0,0,N,0.0,0.0,0.0,,,,,,,,35.99551,-86.77887,True,Crashes_2010_2019_MPO
101075350,2016-01-11,2016,,19.0,,,0,0,N,0.0,0.0,0.0,,,,,,,,36.04542,-86.71835,False,Crashes_2010_2019_MPO
101928365,2018-02-27,2018,,94.0,,,0,0,N,0.0,0.0,0.0,,,,,,,,35.92316,-86.81661,False,Crashes_2010_2019_MPO
101595319,2017-03-21,2017,,94.0,,,0,0,N,0.0,0.0,0.0,,,,,,,,35.99328,-86.79822,True,Crashes_2010_2019_MPO
100378773,2013-09-13,2013,,94.0,,,0,0,N,0.0,0.0,0.0,,,,,,,,35.95992,-86.80184,False,Crashes_2010_2019_MPO
101703851,2017-07-17,2017,,94.0,,,0,0,N,0.0,0.0,0.0,,,,,,,,35.95721,-86.84339,False,Crashes_2010_2019_MPO
102469425,2019-08-06,2019,,94.0,,,0,0,N,0.0,0.0,0.0,,,,,,,,36.03522,-86.78691,True,Crashes_2010_2019_MPO
100433321,2014-01-16,2014,,94.0,,,0,0,Y,0.0,0.0,1.0,,,,,,,,35.98184,-86.80216,True,Crashes_2010_2019_MPO
101832155,2017-11-20,2017,,19.0,,,0,0,N,0.0,0.0,0.0,,,,,,,,36.04114,-86.77621,False,Crashes_2010_2019_MPO
101506947,2017-01-16,2017,,94.0,,,0,0,N,0.0,0.0,0.0,,,,,,,,35.92308,-86.86741,False,Crashes_2010_2019_MPO
101398784,2016-10-07,2016,,94.0,,,0,0,N,0.0,0.0,0.0,,,,,,,,35.95824,-86.80206,False,Crashes_2010_2019_MPO
100823415,2015-04-24,2015,,94.0,,,0,0,N,0.0,0.0,0.0,,,,,,,,35.9558,-86.8171,False,Crashes_2010_2019_MPO
100800073,2015-03-30,2015,,94.0,,,0,0,N,0.0,0.0,0.0,,,,,,,,36.02606,-86.87904,False,Crashes_2010_2019_MPO
102097455,2018-08-03,2018,,94.0,,,0,0,N,0.0,0.0,0.0,,,,,,,,36.02728,-86.78493,True,Crashes_2010_2019_MPO
100246912,2012-11-02,2012,,94.0,,,0,0,N,0.0,0.0,0.0,,,,,,,,35.96382,-86.80841,False,Crashes_2010_2019_MPO
101974865,2018-04-11,2018,,94.0,,,0,0,N,0.0,0.0,0.0,,,,,,,,35.9507,-86.81872,False,Crashes_2010_2019_MPO
101974738,2018-04-12,2018,,94.0,,,0,0,N,0.0,0.0,0.0,,,,,,,,35.96249,-86.77129,True,Crashes_2010_2019_MPO
101500822,2017-01-06,2017,,94.0,,,0,0,N,0.0,0.0,0.0,,,,,,,,35.98474,-86.72422,True,Crashes_2010_2019_MPO
102105131,2018-08-10,2018,,19.0,,,0,0,N,0.0,0.0,0.0,,,,,,,,36.03683,-86.78268,False,Crashes_2010_2019_MPO
101233984,2016-05-24,2016,,19.0,,,0,0,N,0.0,0.0,0.0,,,,,,,,36.04001,-86.74348,False,Crashes_2010_2019_MPO
100399185,2013-11-01,2013,,94.0,,,0,0,N,0.0,0.0,0.0,,,,,,,,35.9261,-86.8714,False,Crashes_2010_2019_MPO
102076185,2018-07-09,2018,,94.0,,,0,0,N,0.0,0.0,0.0,,,,,,,,35.92817,-86.8208,False,Crashes_2010_2019_MPO
102576625,2019-11-22,2019,,19.0,,,0,0,N,0.0,0.0,0.0,,,,,,,,36.03995,-86.74256,False,Crashes_2010_2019_MPO
102327199,2019-03-11,2019,,19.0,,,0,0,N,0.0,0.0,0.0,,,,,,,,36.04795,-86.75752,False,Crashes_2010_2019_MPO
102612857,2019-12-31,2019,,94.0,,,0,0,N,0.0,0.0,0.0,,,,,,,,35.95383,-86.80405,False,Crashes_2010_2019_MPO
101621793,2017-04-21,2017,,94.0,,,0,0,N,0.0,0.0,0.0,,,,,,,,36.01358,-86.78514,True,Crashes_2010_2019_MPO
100639045,2014-09-29,2014,,94.0,,,0,0,N,0.0,0.0,0.0,,,,,,,,35.95184,-86.81887,False,Crashes_2010_2019_MPO
101239669,2016-06-05,2016,,94.0,,,0,0,N,0.0,0.0,0.0,,,,,,,,35.99539,-86.81126,True,Crashes_2010_2019_MPO
102069723,2018-07-09,2018,,94.0,,,0,0,N,0.0,0.0,0.0,,,,,,,,35.94783,-86.81971,False,Crashes_2010_2019_MPO
101951973,2018-03-22,2018,,19.0,,,0,0,N,0.0,0.0,0.0,,,,,,,,36.05251,-86.77558,False,Crashes_2010_2019_MPO
100660138,2014-10-26,2014,,94.0,,,0,0,N,0.0,0.0,0.0,,,,,,,,35.99158,-86.79905,True,Crashes_2010_2019_MPO
100729703,2015-01-30,2015,,94.0,,,0,0,N,0.0,0.0,0.0,,,,,,,,35.98634,-86.70995,True,Crashes_2010_2019_MPO
100882180,2015-07-06,2015,,94.0,,,0,0,N,0.0,0.0,0.0,,,,,,,,35.96713,-86.81387,True,Crashes_2010_2019_MPO
101711981,2017-07-26,2017,,19.0,,,0,0,N,0.0,0.0,0.0,,,,,,,,35.99687,-86.68989,False,Crashes_2010_2019_MPO
101420984,2016-10-23,2016,,94.0,,,0,0,N,0.0,0.0,0.0,,,,,,,,35.93549,-86.86024,False,Crashes_2010_2019_MPO
102471904,2019-08-08,2019,,94.0,,,0,0,N,0.0,0.0,0.0,,,,,,,,35.93462,-86.82062,False,Crashes_2010_2019_MPO
102543501,2019-10-19,2019,,19.0,,,0,0,N,0.0,0.0,0.0,,,,,,,,36.0119,-86.70522,False,Crashes_2010_2019_MPO
101959737,2018-03-29,2018,,94.0,,,0,0,Y,0.0,0.0,1.0,,,,,,,,36.03482,-86.78331,True,Crashes_2010_2019_MPO
102488399,2019-08-25,2019,,94.0,,,0,0,N,0.0,0.0,0.0,,,,,,,,35.93453,-86.8196,False,Crashes_2010_2019_MPO
100907007,2015-07-14,2015,,94.0,,,0,0,N,0.0,0.0,0.0,,,,,,,,35.93314,-86.81159,False,Crashes_2010_2019_MPO
101146385,2016-03-18,2016,,94.0,,,0,0,N,0.0,0.0,0.0,,,,,,,,35.94056,-86.83303,False,Crashes_2010_2019_MPO
102090840,2018-07-29,2018,,19.0,,,0,0,N,0.0,0.0,0.0,,,,,,,,36.05462,-86.68072,False,Crashes_2010_2019_MPO
102029185,2018-05-31,2018,,19.0,,,0,0,N,0.0,0.0,0.0,,,,,,,,35.99809,-86.69159,False,Crashes_2010_2019_MPO
102602234,2019-12-19,2019,,94.0,,,0,0,N,0.0,0.0,0.0,,,,,,,,36.00123,-86.80816,True,Crashes_2010_2019_MPO
102417053,2019-06-12,2019,,94.0,,,0,0,N,0.0,0.0,0.0,,,,,,,,36.03016,-86.79048,True,Crashes_2010_2019_MPO
102399910,2019-05-25,2019,,94.0,,,0,0,N,0.0,0.0,0.0,,,,,,,,35.94729,-86.85135,False,Crashes_2010_2019_MPO
102140565,2018-09-10,2018,,19.0,,,0,0,N,0.0,0.0,0.0,,,,,,,,36.0374,-86.78657,False,Crashes_2010_2019_MPO
101429414,2016-11-02,2016,,94.0,,,0,0,N,0.0,0.0,0.0,,,,,,,,35.92945,-86.841,False,Crashes_2010_2019_MPO
102179564,2018-10-16,2018,,94.0,,,0,0,N,0.0,0.0,0.0,,,,,,,,36.03216,-86.81756,True,Crashes_2010_2019_MPO
102458977,2019-07-26,2019,,19.0,,,0,0,N,0.0,0.0,0.0,,,,,,,,36.04114,-86.77621,False,Crashes_2010_2019_MPO
102599590,2019-12-16,2019,,94.0,,,0,0,N,0.0,0.0,0.0,,,,,,,,35.94085,-86.83179,False,Crashes_2010_2019_MPO