mstrrecnbr,collision_ts,year,county,countystat,crash,crash_type,fatalities,non_motorists,commercial,fatal_c,nonmotor_c,truck_c,fatalc,serious_injuries,ped,bike,lighting,weather,first_harmful_event,latitude,longitude,in_city,src_layer
100361067,2013-07-31,2013,,94.0,,,0,0,N,0.0,0.0,0.0,,,,,,,,35.95508,-86.7387,True,Crashes_2010_2019_MPO
100573430,2014-07-15,2014,,94.0,,,0,0,N,0.0,0.0,0.0,,,,,,,,36.03314,-86.78599,True,Crashes_2010_2019_MPO
101278212,2016-07-02,2016,,19.0,,,0,0,N,0.0,0.0,0.0,,,,,,,,36.04769,-86.70909,False,Crashes_2010_2019_MPO
102600789,2019-12-18,2019,,19.0,,,0,0,N,0.0,0.0,0.0,,,,,,,,36.0409,-86.77938,False,Crashes_2010_2019_MPO
100176114,2012-05-03,2012,,19.0,,,0,0,N,0.0,0.0,0.0,,,,,,,,36.03383,-86.78343,True,Crashes_2010_2019_MPO
100836434,2015-05-14,2015,,94.0,,,0,0,N,0.0,0.0,0.0,,,,,,,,35.94798,-86.81715,False,Crashes_2010_2019_MPO
100340252,2013-06-10,2013,,94.0,,,0,0,N,0.0,0.0,0.0,,,,,,,,35.95261,-86.84708,False,Crashes_2010_2019_MPO
101822622,2017-11-11,2017,,19.0,,,0,0,Y,0.0,0.0,1.0,,,,,,,,36.0391,-86.71419,False,Crashes_2010_2019_MPO
102345420,2019-03-30,2019,,19.0,,,0,0,N,0.0,0.0,0.0,,,,,,,,36.03968,-86.76198,False,Crashes_2010_2019_MPO
100655061,2014-10-17,2014,,19.0,,,0,0,N,0.0,0.0,0.0,,,,,,,,36.04557,-86.71157,False,Crashes_2010_2019_MPO
101330591,2016-08-18,2016,,19.0,,,0,0,N,0.0,0.0,0.0,,,,,,,,36.04556,-86.71121,False,Crashes_2010_2019_MPO
101319310,2016-08-03,2016,,94.0,,,0,0,N,0.0,0.0,0.0,,,,,,,,35.96677,-86.81365,True,Crashes_2010_2019_MPO
100401682,2013-11-07,2013,,94.0,,,0,0,N,0.0,0.0,0.0,,,,,,,,35.93917,-86.68313,False,Crashes_2010_2019_MPO
100250451,2012-11-08,2012,,94.0,,,0,0,N,0.0,0.0,0.0,,,,,,,,36.03066,-86.78358,True,Crashes_2010_2019_MPO
102014681,2018-05-18,2018,,94.0,,,0,0,N,0.0,0.0,0.0,,,,,,,,36.01439,-86.73915,False,Crashes_2010_2019_MPO
102178506,2018-10-15,2018,,94.0,,,0,0,N,0.0,0.0,0.0,,,,,,,,35.96122,-86.81537,False,Crashes_2010_2019_MPO
101660231,2017-05-31,2017,,19.0,,,0,0,N,0.0,0.0,0.0,,,,,,,,36.04607,-86.71335,False,Crashes_2010_2019_MPO
101591294,2017-03-23,2017,,19.0,,,0,0,N,0.0,0.0,0.0,,,,,,,,36.03936,-86.78197,False,Crashes_2010_2019_MPO
101681481,2017-06-23,2017,,19.0,,,0,0,N,0.0,0.0,0.0,,,,,,,,36.02941,-86.74049,False,Crashes_2010_2019_MPO
101831581,2017-11-20,2017,,94.0,,,0,0,N,0.0,0.0,0.0,,,,,,,,35.96488,-86.79303,True,Crashes_2010_2019_MPO
101146408,2016-03-18,2016,,19.0,,,0,0,N,0.0,0.0,0.0,,,,,,,,36.03795,-86.71309,False,Crashes_2010_2019_MPO
100859578,2015-06-12,2015,,19.0,,,0,0,N,0.0,0.0,0.0,,,,,,,,36.03982,-86.78106,False,Crashes_2010_2019_MPO
101241999,2016-06-09,2016,,94.0,,,0,0,N,0.0,0.0,0.0,,,,,,,,35.94683,-86.85172,False,Crashes_2010_2019_MPO
100136730,2012-01-06,2012,,94.0,,,0,0,N,0.0,0.0,0.0,,,,,,,,35.9976,-86.79696,True,Crashes_2010_2019_MPO
101932737,2018-03-02,2018,,94.0,,,0,1,N,0.0,1.0,0.0,,,,,,,,35.9575,-86.81654,False,Crashes_2010_2019_MPO
102376239,2019-04-30,2019,,94.0,,,0,0,N,0.0,0.0,0.0,,,,,,,,35.9242,-86.87104,False,Crashes_2010_2019_MPO
102512244,2019-09-17,2019,,19.0,,,0,0,N,0.0,0.0,0.0,,,,,,,,36.03256,-86.7687,False,Crashes_2010_2019_MPO
101625271,2017-04-25,2017,,94.0,,,0,0,N,0.0,0.0,0.0,,,,,,,,35.96312,-86.81897,True,Crashes_2010_2019_MPO
102517148,2019-09-22,2019,,19.0,,,0,0,N,0.0,0.0,0.0,,,,,,,,36.05293,-86.69694,False,Crashes_2010_2019_MPO
101745709,2017-08-29,2017,,19.0,,,0,0,N,0.0,0.0,0.0,,,,,,,,35.98567,-86.67702,False,Crashes_2010_2019_MPO
102592459,2019-12-09,2019,,94.0,,,0,0,N,0.0,0.0,0.0,,,,,,,,35.95124,-86.80821,False,Crashes_2010_2019_MPO
102076207,2018-07-16,2018,,19.0,,,0,0,N,0.0,0.0,0.0,,,,,,,,36.04837,-86.8666,False,Crashes_2010_2019_MPO
102054849,2018-06-26,2018,,19.0,,,0,0,N,0.0,0.0,0.0,,,,,,,,36.04522,-86.71479,False,Crashes_2010_2019_MPO
102510197,2019-09-13,2019,,94.0,,,0,0,N,0.0,0.0,0.0,,,,,,,,35.96133,-86.81226,False,Crashes_2010_2019_MPO
101565182,2017-02-24,2017,,19.0,,,0,0,N,0.0,0.0,0.0,,,,,,,,36.04752,-86.71875,False,Crashes_2010_2019_MPO
102071858,2018-07-12,2018,,94.0,,,0,0,N,0.0,0.0,0.0,,,,,,,,35.96629,-86.80755,True,Crashes_2010_2019_MPO
101658301,2017-05-29,2017,,94.0,,,0,0,N,0.0,0.0,0.0,,,,,,,,35.97969,-86.86552,False,Crashes_2010_2019_MPO
101167854,2016-04-17,2016,,19.0,,,0,0,N,0.0,0.0,0.0,,,,,,,,36.0268,-86.71285,False,Crashes_2010_2019_MPO
100584950,2014-07-18,2014,,94.0,,,0,0,N,0.0,0.0,0.0,,,,,,,,35.93126,-86.87663,False,Crashes_2010_2019_MPO
102241974,2018-12-07,2018,,94.0,,,0,0,N,0.0,0.0,0.0,,,,,,,,35.94616,-86.80856,False,Crashes_2010_2019_MPO
100568545,2014-07-02,2014,,94.0,,,0,0,N,0.0,0.0,0.0,,,,,,,,35.93588,-86.81838,False,Crashes_2010_2019_MPO
100769800,2015-03-10,2015,,94.0,,,0,0,N,0.0,0.0,0.0,,,,,,,,35.96689,-86.81126,True,Crashes_2010_2019_MPO
101150103,2016-03-24,2016,,94.0,,,0,0,N,0.0,0.0,0.0,,,,,,,,35.96785,-86.81841,True,Crashes_2010_2019_MPO
100116127,2011-11-16,2011,,94.0,,,0,0,N,0.0,0.0,0.0,,,,,,,,36.02824,-86.8488,True,Crashes_2010_2019_MPO
101468586,2016-12-04,2016,,94.0,,,0,0,N,0.0,0.0,0.0,,,,,,,,35.95972,-86.67823,False,Crashes_2010_2019_MPO
101478119,2016-12-15,2016,,19.0,,,0,0,N,0.0,0.0,0.0,,,,,,,,36.04408,-86.84533,False,Crashes_2010_2019_MPO
101011302,2015-11-17,2015,,94.0,,,0,0,N,0.0,0.0,0.0,,,,,,,,35.95358,-86.81221,False,Crashes_2010_2019_MPO
100993813,2015-10-22,2015,,94.0,,,0,0,N,0.0,0.0,0.0,,,,,,,,35.94179,-86.82163,False,Crashes_2010_2019_MPO
100999442,2015-10-30,2015,,94.0,,,0,0,N,0.0,0.0,0.0,,,,,,,,35.93374,-86.81767,False,Crashes_2010_2019_MPO
100543470,2014-05-26,2014,,94.0,,,0,0,N,0.0,0.0,0.0,,,,,,,,35.94811,-86.81956,False,Crashes_2010_2019_MPO
100375566,2013-09-05,2013,,94.0,,,0,0,N,0.0,0.0,0.0,,,,,,,,35.93546,-86.82377,False,Crashes_2010_2019_MPO
102182121,2018-10-19,2018,,19.0,,,0,0,N,0.0,0.0,0.0,,,,,,,,36.04059,-86.74564,False,Crashes_2010_2019_MPO
102078168,2018-07-12,2018,,94.0,,,0,0,N,0.0,0.0,0.0,,,,,,,,35.92811,-86.74667,False,Crashes_2010_2019_MPO
100946943,2015-09-08,2015,,19.0,,,0,0,N,0.0,0.0,0.0,,,,,,,,36.03743,-86.78636,False,Crashes_2010_2019_MPO
101853403,2017-12-08,2017,,94.0,,,0,0,N,0.0,0.0,0.0,,,,,,,,35.99652,-86.78878,True,Crashes_2010_2019_MPO
100638075,2014-10-04,2014,,94.0,,,0,0,N,0.0,0.0,0.0,,,,,,,,35.9262,-86.8245,False,Crashes_2010_2019_MPO
101188235,2016-05-05,2016,,94.0,,,0,0,N,0.0,0.0,0.0,,,,,,,,35.94005,-86.83114,False,Crashes_2010_2019_MPO
102101449,2018-08-07,2018,,19.0,,,0,0,N,0.0,0.0,0.0,,,,,,,,36.03742,-86.79045,False,Crashes_2010_2019_MPO
102011708,2018-05-15,2018,,94.0,,,0,0,N,0.0,0.0,0.0,,,,,,,,35.92919,-86.82044,False,Crashes_2010_2019_MPO
101469823,2016-12-07,2016,,94.0,,,0,0,N,0.0,0.0,0.0,,,,,,,,35.96534,-86.83861,False,Crashes_2010_2019_MPO
102069225,2018-07-09,2018,,19.0,,,0,0,N,0.0,0.0,0.0,,,,,,,,36.04535,-86.70251,False,Crashes_2010_2019_MPO
102003031,2018-05-07,2018,,94.0,,,0,0,N,0.0,0.0,0.0,,,,,,,,36.03326,-86.78489,True,Crashes_2010_2019_MPO
100162377,2012-03-27,2012,,94.0,,,0,0,N,0.0,0.0,0.0,,,,,,,,35.99807,-86.80111,True,Crashes_2010_2019_MPO
102238118,2018-12-06,2018,,94.0,,,0,0,N,0.0,0.0,0.0,,,,,,,,35.92366,-86.86782,False,Crashes_2010_2019_MPO
101712959,2017-07-27,2017,,94.0,,,0,0,N,0.0,0.0,0.0,,,,,,,,35.99544,-86.79747,True,Crashes_2010_2019_MPO
101935083,2018-03-06,2018,,94.0,,,0,0,N,0.0,0.0,0.0,,,,,,,,36.01733,-86.78621,True,Crashes_2010_2019_MPO
100948342,2015-09-10,2015,,94.0,,,0,0,N,0.0,0.0,0.0,,,,,,,,35.96834,-86.81891,True,Crashes_2010_2019_MPO
102279603,2019-01-15,2019,,94.0,,,0,0,N,0.0,0.0,0.0,,,,,,,,35.96057,-86.80981,False,Crashes_2010_2019_MPO
100936644,2015-08-20,2015,,94.0,,,0,0,N,0.0,0.0,0.0,,,,,,,,35.96595,-86.80698,True,Crashes_2010_2019_MPO
102478546,2019-08-15,2019,,19.0,,,0,0,N,0.0,0.0,0.0,,,,,,,,36.04447,-86.6871,False,Crashes_2010_2019_MPO
100377867,2013-09-11,2013,,94.0,,,0,0,N,0.0,0.0,0.0,,,,,,,,35.94296,-86.82069,False,Crashes_2010_2019_MPO
102133788,2018-09-04,2018,,19.0,,,0,0,N,0.0,0.0,0.0,,,,,,,,36.03726,-86.788,False,Crashes_2010_2019_MPO
100387853,2013-10-06,2013,,94.0,,,0,0,N,0.0,0.0,0.0,,,,,,,,35.97117,-86.72648,True,Crashes_2010_2019_MPO
101151119,2016-03-25,2016,,19.0,,,0,0,N,0.0,0.0,0.0,,,,,,,,36.03236,-86.68454,False,Crashes_2010_2019_MPO
101645155,2017-05-15,2017,,94.0,,,0,0,N,0.0,0.0,0.0,,,,,,,,35.92838,-86.87161,False,Crashes_2010_2019_MPO
100483780,2014-04-07,2014,,94.0,,,0,0,N,0.0,0.0,0.0,,,,,,,,35.97303,-86.83015,True,Crashes_2010_2019_MPO
100705215,2014-12-11,2014,,94.0,,,0,0,N,0.0,0.0,0.0,,,,,,,,36.03329,-86.78454,True,Crashes_2010_2019_MPO
100330023,2013-05-14,2013,,94.0,,,0,0,N,0.0,0.0,0.0,,,,,,,,36.0099,-86.78532,True,Crashes_2010_2019_MPO
101282681,2016-07-08,2016,,94.0,,,0,0,N,0.0,0.0,0.0,,,,,,,,35.99781,-86.79886,True,Crashes_2010_2019_MPO
100384759,2013-09-28,2013,,94.0,,,0,0,N,0.0,0.0,0.0,,,,,,,,35.93554,-86.82375,False,Crashes_2010_2019_MPO
101596602,2017-03-28,2017,,19.0,,,0,0,N,0.0,0.0,0.0,,,,,,,,36.04255,-86.74405,False,Crashes_2010_2019_MPO
102407158,2019-06-01,2019,,94.0,,,0,0,N,0.0,0.0,0.0,,,,,,,,35.96603,-86.8114,False,Crashes_2010_2019_MPO
101049887,2015-12-15,2015,,94.0,,,0,0,N,0.0,0.0,0.0,,,,,,,,35.92743,-86.86577,False,Crashes_2010_2019_MPO
101167657,2016-04-20,2016,,94.0,,,0,0,N,0.0,0.0,0.0,,,,,,,,35.97914,-86.74946,True,Crashes_2010_2019_MPO
101231366,2016-05-22,2016,,94.0,,,0,0,N,0.0,0.0,0.0,,,,,,,,35.97725,-86.85383,False,Crashes_2010_2019_MPO
102473147,2019-08-09,2019,,94.0,,,0,0,N,0.0,0.0,0.0,,,,,,,,35.96133,-86.81226,False,Crashes_2010_2019_MPO
100327046,2013-05-10,2013,,94.0,,,0,0,N,0.0,0.0,0.0,,,,,,,,35.94811,-86.81673,False,Crashes_2010_2019_MPO
101405951,2016-10-17,2016,,19.0,,,0,0,N,0.0,0.0,0.0,,,,,,,,36.03899,-86.78258,False,Crashes_2010_2019_MPO
101049001,2015-12-06,2015,,94.0,,,0,0,N,0.0,0.0,0.0,,,,,,,,36.00447,-86.79083,True,Crashes_2010_2019_MPO
102555198,2019-11-01,2019,,94.0,,,0,0,N,0.0,0.0,0.0,,,,,,,,35.93689,-86.82093,False,Crashes_2010_2019_MPO
102360143,2019-04-13,2019,,19.0,,,0,0,N,0.0,0.0,0.0,,,,,,,,36.0095,-86.70166,False,Crashes_2010_2019_MPO
101537640,2017-01-28,2017,,94.0,,,0,0,N,0.0,0.0,0.0,,,,,,,,35.92366,-86.86782,False,Crashes_2010_2019_MPO
100312578,2013-04-05,2013,,94.0,,,0,0,N,0.0,0.0,0.0,,,,,,,,35.9667,-86.81117,True,Crashes_2010_2019_MPO
100666730,2014-11-05,2014,,19.0,,,0,0,N,0.0,0.0,0.0,,,,,,,,36.03787,-86.7847,False,Crashes_2010_2019_MPO
101007906,2015-11-11,2015,,94.0,,,0,0,N,0.0,0.0,0.0,,,,,,,,35.9723,-86.8366,False,Crashes_2010_2019_MPO
100353328,2013-07-10,2013,,94.0,,,0,0,N,0.0,0.0,0.0,,,,,,,,35.92648,-86.82524,False,Crashes_2010_2019_MPO
101187593,2016-05-04,2016,,94.0,,,0,0,N,0.0,0.0,0.0,,,,,,,,35.95296,-86.81792,False,Crashes_2010_2019_MPO
102444988,2019-07-11,2019,,94.0,,,0,0,N,0.0,0.0,0.0,,,,,,,,35.95255,-86.6832,False,Crashes_2010_2019_MPO
102163543,2018-10-01,2018,,94.0,,,0,0,N,0.0,0.0,0.0,,,,,,,,35.98718,-86.8164,True,Crashes_2010_2019_MPO
102117059,2018-08-21,2018,,94.0,,,0,0,N,0.0,0.0,0.0,,,,,,,,35.97137,-86.8058,True,Crashes_2010_2019_MPO
100728137,2015-01-26,2015,,19.0,,,0,0,N,0.0,0.0,0.0,,,,,,,,36.04025,-86.81639,False,Crashes_2010_2019_MPO
100127881,2011-12-16,2011,,94.0,,,0,0,N,0.0,0.0,0.0,,,,,,,,35.97102,-86.72644,True,Crashes_2010_2019_MPO
102444210,2019-07-11,2019,,94.0,,,0,0,N,0.0,0.0,0.0,,,,,,,,35.92456,-86.87028,False,Crashes_2010_2019_MPO
102123610,2018-08-18,2018,,94.0,,,0,0,N,0.0,0.0,0.0,,,,,,,,35.9462,-86.80876,False,Crashes_2010_2019_MPO
900113884,2010-07-29,2010,,94.0,,,0,0, ,0.0,0.0,0.0,,,,,,,,35.98962,-86.828979,False,Crashes_2010_2019_MPO
101288945,2016-07-19,2016,,19.0,,,0,0,N,0.0,0.0,0.0,,,,,,,,36.04352,-86.68879,False,Crashes_2010_2019_MPO
101482824,2016-12-20,2016,,94.0,,,0,0,N,0.0,0.0,0.0,,,,,,,,35.98514,-86.80102,True,Crashes_2010_2019_MPO
101269384,2016-06-20,2016,,94.0,,,0,0,N,0.0,0.0,0.0,,,,,,,,35.9744,-86.71464,True,Crashes_2010_2019_MPO
101103862,2016-02-11,2016,,94.0,,,0,0,N,0.0,0.0,0.0,,,,,,,,36.01381,-86.80527,True,Crashes_2010_2019_MPO
100971854,2015-10-02,2015,,94.0,,,0,0,N,0.0,0.0,0.0,,,,,,,,36.00625,-86.78868,True,Crashes_2010_2019_MPO
100693788,2014-11-20,2014,,94.0,,,0,0,N,0.0,0.0,0.0,,,,,,,,35.97314,-86.85966,False,Crashes_2010_2019_MPO
101568910,2017-02-27,2017,,94.0,,,0,0,N,0.0,0.0,0.0,,,,,,,,35.93155,-86.87678,False,Crashes_2010_2019_MPO
101390265,2016-09-26,2016,,19.0,,,0,0,Y,0.0,0.0,1.0,,,,,,,,36.04002,-86.74358,False,Crashes_2010_2019_MPO
100255425,2012-11-20,2012,,94.0,,,0,0,N,0.0,0.0,0.0,,,,,,,,36.03552,-86.78747,True,Crashes_2010_2019_MPO
100910243,2015-07-22,2015,,94.0,,,0,0,N,0.0,0.0,0.0,,,,,,,,36.03552,-86.78747,True,Crashes_2010_2019_MPO
101880194,2018-01-06,2018,,94.0,,,0,0,N,0.0,0.0,0.0,,,,,,,,35.94687,-86.85168,False,Crashes_2010_2019_MPO
102333717,2019-03-17,2019,,19.0,,,0,0,N,0.0,0.0,0.0,,,,,,,,35.99937,-86.69334,False,Crashes_2010_2019_MPO
101078127,2016-01-15,2016,,19.0,,,0,0,N,0.0,0.0,0.0,,,,,,,,36.03979,-86.76374,False,Crashes_2010_2019_MPO
100273528,2012-12-31,2012,,94.0,,,0,0,N,0.0,0.0,0.0,,,,,,,,35.9572,-86.81647,False,Crashes_2010_2019_MPO
100358420,2013-07-24,2013,,94.0,,,0,0,N,0.0,0.0,0.0,,,,,,,,35.96649,-86.80966,True,Crashes_2010_2019_MPO
101064487,2015-12-21,2015,,19.0,,,0,0,N,0.0,0.0,0.0,,,,,,,,36.04344,-86.78135,False,Crashes_2010_2019_MPO
100708549,2014-12-17,2014,,94.0,,,0,0,N,0.0,0.0,0.0,,,,,,,,35.94838,-86.81128,False,Crashes_2010_2019_MPO
101726072,2017-08-09,2017,,94.0,,,0,0,N,0.0,0.0,0.0,,,,,,,,36.01286,-86.80081,True,Crashes_2010_2019_MPO
101430676,2016-11-03,2016,,19.0,,,0,0,N,0.0,0.0,0.0,,,,,,,,36.04114,-86.77621,False,Crashes_2010_2019_MPO
100338062,2013-06-05,2013,,94.0,,,0,0,N,0.0,0.0,0.0,,,,,,,,35.95739,-86.75506,True,Crashes_2010_2019_MPO
102502044,2019-09-07,2019,,19.0,,,0,0,N,0.0,0.0,0.0,,,,,,,,36.03976,-86.75441,False,Crashes_2010_2019_MPO
101500700,2017-01-06,2017,,19.0,,,0,1,N,0.0,1.0,0.0,,,,,,,,36.01195,-86.68422,False,Crashes_2010_2019_MPO
101321647,2016-08-04,2016,,94.0,,,0,0,N,0.0,0.0,0.0,,,,,,,,35.95212,-86.81784,False,Crashes_2010_2019_MPO
101670955,2017-06-11,2017,,94.0,,,0,0,N,0.0,0.0,0.0,,,,,,,,35.94114,-86.83623,False,Crashes_2010_2019_MPO
101731160,2017-08-15,2017,,19.0,,,0,0,N,0.0,0.0,0.0,,,,,,,,36.04171,-86.74838,False,Crashes_2010_2019_MPO
102386790,2019-05-11,2019,,94.0,,,0,0,N,0.0,0.0,0.0,,,,,,,,35.94686,-86.85223,False,Crashes_2010_2019_MPO
102384519,2019-05-09,2019,,19.0,,,0,0,N,0.0,0.0,0.0,,,,,,,,36.04528,-86.71419,False,Crashes_2010_2019_MPO
100973100,2015-10-04,2015,,94.0,,,0,0,N,0.0,0.0,0.0,,,,,,,,35.968952,-86.809349,True,Crashes_2010_2019_MPO
101560016,2017-02-19,2017,,19.0,,,0,0,N,0.0,0.0,0.0,,,,,,,,36.03681,-86.7133,False,Crashes_2010_2019_MPO
100937162,2015-08-21,2015,,94.0,,,0,0,N,0.0,0.0,0.0,,,,,,,,35.9337,-86.81764,False,Crashes_2010_2019_MPO
100772350,2015-03-15,2015,,19.0,,,0,0,N,0.0,0.0,0.0,,,,,,,,36.04954,-86.71368,False,Crashes_2010_2019_MPO
100767712,2015-03-06,2015,,94.0,,,0,0,N,0.0,0.0,0.0,,,,,,,,35.95024,-86.84898,False,Crashes_2010_2019_MPO
102423002,2019-06-19,2019,,94.0,,,0,0,N,0.0,0.0,0.0,,,,,,,,35.98101,-86.71478,True,Crashes_2010_2019_MPO
101006129,2015-11-09,2015,,94.0,,,0,0,N,0.0,0.0,0.0,,,,,,,,35.96844,-86.83712,False,Crashes_2010_2019_MPO
102473106,2019-08-09,2019,,94.0,,,0,0,N,0.0,0.0,0.0,,,,,,,,35.93298,-86.78238,False,Crashes_2010_2019_MPO
100584932,2014-07-18,2014,,94.0,,,0,0,N,0.0,0.0,0.0,,,,,,,,35.9667,-86.6957,False,Crashes_2010_2019_MPO
102463116,2019-07-30,2019,,19.0,,,0,0,N,0.0,0.0,0.0,,,,,,,,36.00972,-86.69274,False,Crashes_2010_2019_MPO
102490331,2019-08-27,2019,,94.0,,,0,0,N,0.0,0.0,0.0,,,,,,,,36.03328,-86.78418,True,Crashes_2010_2019_MPO
100035090,2011-02-16,2011,,94.0,,,0,0,N,0.0,0.0,0.0,,,,,,,,36.0302,-86.8691,False,Crashes_2010_2019_MPO
100697917,2014-11-28,2014,,94.0,,,0,0,N,0.0,0.0,0.0,,,,,,,,35.95656,-86.81169,False,Crashes_2010_2019_MPO
102047399,2018-06-18,2018,,19.0,,,0,0,N,0.0,0.0,0.0,,,,,,,,36.03797,-86.79777,False,Crashes_2010_2019_MPO
100730138,2015-01-31,2015,,94.0,,,0,0,N,0.0,0.0,0.0,,,,,,,,35.96708,-86.81356,True,Crashes_2010_2019_MPO
101781242,2017-10-04,2017,,94.0,,,0,0,N,0.0,0.0,0.0,,,,,,,,36.0343,-86.79174,True,Crashes_2010_2019_MPO
100332634,2013-05-23,2013,,94.0,,,0,0,N,0.0,0.0,0.0,,,,,,,,35.94008,-86.67837,False,Crashes_2010_2019_MPO
100718863,2015-01-07,2015,,94.0,,,0,0,N,0.0,0.0,0.0,,,,,,,,35.94573,-86.81945,False,Crashes_2010_2019_MPO
101184506,2016-04-30,2016,,19.0,,,0,0,N,0.0,0.0,0.0,,,,,,,,36.04112,-86.78253,False,Crashes_2010_2019_MPO
101008738,2015-11-13,2015,,94.0,,,0,0,N,0.0,0.0,0.0,,,,,,,,35.93963,-86.82013,False,Crashes_2010_2019_MPO
101810762,2017-10-31,2017,,94.0,,,0,0,N,0.0,0.0,0.0,,,,,,,,35.99706,-86.79716,True,Crashes_2010_2019_MPO
101879959,2018-01-06,2018,,94.0,,,0,0,N,0.0,0.0,0.0,,,,,,,,36.02726,-86.87758,False,Crashes_2010_2019_MPO
100310238,2013-03-31,2013,,94.0,,,0,0,N,0.0,0.0,0.0,,,,,,,,35.93094,-86.87646,False,Crashes_2010_2019_MPO
102229152,2018-11-30,2018,,94.0,,,0,0,N,0.0,0.0,0.0,,,,,,,,35.9835,-86.72444,True,Crashes_2010_2019_MPO
102463741,2019-07-30,2019,,94.0,,,0,0,N,0.0,0.0,0.0,,,,,,,,35.98221,-86.82115,True,Crashes_2010_2019_MPO
101191004,2016-05-09,2016,,94.0,,,0,0,N,0.0,0.0,0.0,,,,,,,,35.93419,-86.81965,False,Crashes_2010_2019_MPO
102346402,2019-03-31,2019,,94.0,,,0,0,N,0.0,0.0,0.0,,,,,,,,35.96198,-86.81518,False,Crashes_2010_2019_MPO
101103733,2016-02-11,2016,,19.0,,,0,0,N,0.0,0.0,0.0,,,,,,,,36.05244,-86.75907,False,Crashes_2010_2019_MPO
100803961,2015-04-07,2015,,19.0,,,0,0,N,0.0,0.0,0.0,,,,,,,,36.04728,-86.86258,False,Crashes_2010_2019_MPO
100875779,2015-06-24,2015,,19.0,,,0,0,N,0.0,0.0,0.0,,,,,,,,36.03764,-86.78649,False,Crashes_2010_2019_MPO
101064193,2015-12-21,2015,,94.0,,,0,0,N,0.0,0.0,0.0,,,,,,,,35.96496,-86.72778,True,Crashes_2010_2019_MPO
101536696,2017-01-27,2017,,19.0,,,0,0,N,0.0,0.0,0.0,,,,,,,,36.0411,-86.82025,False,Crashes_2010_2019_MPO
102318262,2019-03-01,2019,,19.0,,,0,0,N,0.0,0.0,0.0,,,,,,,,36.04882,-86.86826,False,Crashes_2010_2019_MPO
101165916,2016-04-16,2016,,94.0,,,0,0,N,0.0,0.0,0.0,,,,,,,,35.95936,-86.81463,False,Crashes_2010_2019_MPO
101646219,2017-05-16,2017,,19.0,,,0,0,N,0.0,0.0,0.0,,,,,,,,36.04263,-86.83919,False,Crashes_2010_2019_MPO
100328958,2013-05-14,2013,,94.0,,,0,0,N,0.0,0.0,0.0,,,,,,,,35.95681,-86.8184,False,Crashes_2010_2019_MPO
102587823,2019-12-04,2019,,94.0,,,0,0,N,0.0,0.0,0.0,,,,,,,,35.94917,-86.75182,True,Crashes_2010_2019_MPO
100545506,2014-05-31,2014,,94.0,,,0,0,N,0.0,0.0,0.0,,,,,,,,35.9498,-86.8648,False,Crashes_2010_2019_MPO
101793067,2017-10-15,2017,,94.0,,,0,0,N,0.0,0.0,0.0,,,,,,,,35.96683,-86.81134,True,Crashes_2010_2019_MPO
101233624,2016-05-27,2016,,94.0,,,0,0,N,0.0,0.0,0.0,,,,,,,,35.95846,-86.8315,False,Crashes_2010_2019_MPO
101134960,2016-03-16,2016,,19.0,,,0,0,N,0.0,0.0,0.0,,,,,,,,36.03256,-86.7687,False,Crashes_2010_2019_MPO
101647200,2017-05-17,2017,,94.0,,,0,0,N,0.0,0.0,0.0,,,,,,,,35.94933,-86.81939,False,Crashes_2010_2019_MPO
101061993,2015-12-18,2015,,94.0,,,0,0,N,0.0,0.0,0.0,,,,,,,,35.93554,-86.82375,False,Crashes_2010_2019_MPO
101484534,2016-12-20,2016,,94.0,,,0,0,N,0.0,0.0,0.0,,,,,,,,35.93535,-86.82397,False,Crashes_2010_2019_MPO
102404831,2019-05-30,2019,,19.0,,,0,0,N,0.0,0.0,0.0,,,,,,,,35.98598,-86.68004,False,Crashes_2010_2019_MPO
100211041,2012-07-31,2012,,94.0,,,0,0,N,0.0,0.0,0.0,,,,,,,,36.0361,-86.78714,True,Crashes_2010_2019_MPO
100401462,2013-11-06,2013,,94.0,,,0,0,N,0.0,0.0,0.0,,,,,,,,36.00176,-86.79363,True,Crashes_2010_2019_MPO
100877539,2015-06-27,2015,,19.0,,,0,0,N,0.0,0.0,0.0,,,,,,,,35.99745,-86.69073,False,Crashes_2010_2019_MPO
100966300,2015-09-24,2015,,94.0,,,0,0,N,0.0,0.0,0.0,,,,,,,,35.93607,-86.82633,False,Crashes_2010_2019_MPO
100640286,2014-10-08,2014,,19.0,,,0,0,N,0.0,0.0,0.0,,,,,,,,35.99686,-86.68989,False,Crashes_2010_2019_MPO
102385638,2019-05-10,2019,,94.0,,,0,0,N,0.0,0.0,0.0,,,,,,,,35.93327,-86.81473,False,Crashes_2010_2019_MPO
101612743,2017-04-13,2017,,94.0,,,0,0,N,0.0,0.0,0.0,,,,,,,,35.93399,-86.86136,False,Crashes_2010_2019_MPO
101564473,2017-02-23,2017,,94.0,,,0,0,N,0.0,0.0,0.0,,,,,,,,35.92981,-86.84181,False,Crashes_2010_2019_MPO
101648268,2017-05-18,2017,,19.0,,,0,0,N,0.0,0.0,0.0,,,,,,,,36.03244,-86.70818,False,Crashes_2010_2019_MPO
102074319,2018-07-14,2018,,94.0,,,0,0,N,0.0,0.0,0.0,,,,,,,,35.96706,-86.81357,True,Crashes_2010_2019_MPO
101936646,2018-03-07,2018,,94.0,,,0,0,N,0.0,0.0,0.0,,,,,,,,35.99543,-86.77806,True,Crashes_2010_2019_MPO
101162949,2016-04-12,2016,,94.0,,,0,0,N,0.0,0.0,0.0,,,,,,,,35.97813,-86.75837,True,Crashes_2010_2019_MPO
100756032,2015-03-03,2015,,94.0,,,0,0,N,0.0,0.0,0.0,,,,,,,,35.96482,-86.81527,True,Crashes_2010_2019_MPO
100117902,2011-11-16,2011,,94.0,,,0,0,N,0.0,0.0,0.0,,,,,,,,36.00874,-86.78614,True,Crashes_2010_2019_MPO