mstrrecnbr,collision_ts,year,county,countystat,crash,crash_type,fatalities,non_motorists,commercial,fatal_c,nonmotor_c,truck_c,fatalc,serious_injuries,ped,bike,lighting,weather,first_harmful_event,latitude,longitude,in_city,src_layer
101348013,2016-08-27,2016,,94.0,,,0,0,N,0.0,0.0,0.0,,,,,,,,35.96133,-86.81226,False,Crashes_2010_2019_MPO
101648219,2017-05-18,2017,,94.0,,,0,0,N,0.0,0.0,0.0,,,,,,,,35.95151,-86.81014,False,Crashes_2010_2019_MPO
101853242,2017-12-09,2017,,94.0,,,0,0,N,0.0,0.0,0.0,,,,,,,,35.93292,-86.81159,False,Crashes_2010_2019_MPO
101073726,2016-01-07,2016,,19.0,,,0,0,N,0.0,0.0,0.0,,,,,,,,36.02204,-86.72986,False,Crashes_2010_2019_MPO
100946451,2015-09-07,2015,,19.0,,,0,0,N,0.0,0.0,0.0,,,,,,,,36.04001,-86.74347,False,Crashes_2010_2019_MPO
102317633,2019-02-28,2019,,94.0,,,0,0,N,0.0,0.0,0.0,,,,,,,,35.95078,-86.80647,False,Crashes_2010_2019_MPO
100877979,2015-06-28,2015,,94.0,,,0,0,N,0.0,0.0,0.0,,,,,,,,35.93189,-86.79438,False,Crashes_2010_2019_MPO
101571932,2017-03-03,2017,,19.0,,,0,0,N,0.0,0.0,0.0,,,,,,,,36.05151,-86.71436,False,Crashes_2010_2019_MPO
102544175,2019-10-20,2019,,19.0,,,0,0,N,0.0,0.0,0.0,,,,,,,,36.04188,-86.70339,False,Crashes_2010_2019_MPO
102176045,2018-10-12,2018,,19.0,,,0,0,N,0.0,0.0,0.0,,,,,,,,36.04022,-86.74487,False,Crashes_2010_2019_MPO
101284310,2016-07-12,2016,,94.0,,,0,0,N,0.0,0.0,0.0,,,,,,,,35.92254,-86.86702,False,Crashes_2010_2019_MPO
100767572,2015-03-06,2015,,19.0,,,0,0,N,0.0,0.0,0.0,,,,,,,,36.04582,-86.77807,False,Crashes_2010_2019_MPO
100736503,2015-02-13,2015,,19.0,,,0,0,N,0.0,0.0,0.0,,,,,,,,36.03796,-86.78641,False,Crashes_2010_2019_MPO
102377262,2019-05-01,2019,,19.0,,,0,0,N,0.0,0.0,0.0,,,,,,,,36.0411,-86.81635,False,Crashes_2010_2019_MPO
100608734,2014-08-14,2014,,94.0,,,0,0,N,0.0,0.0,0.0,,,,,,,,36.01689,-86.78609,True,Crashes_2010_2019_MPO
100428637,2014-01-08,2014,,94.0,,,0,0,N,0.0,0.0,0.0,,,,,,,,35.93492,-86.79474,False,Crashes_2010_2019_MPO
100590175,2014-07-28,2014,,94.0,,,0,0,N,0.0,0.0,0.0,,,,,,,,35.93898,-86.68448,False,Crashes_2010_2019_MPO
100587442,2014-07-25,2014,,94.0,,,0,0,N,0.0,0.0,0.0,,,,,,,,35.97317,-86.83101,True,Crashes_2010_2019_MPO
102392560,2019-05-17,2019,,94.0,,,0,0,N,0.0,0.0,0.0,,,,,,,,35.93714,-86.69911,False,Crashes_2010_2019_MPO
101617735,2017-04-17,2017,,94.0,,,0,0,N,0.0,0.0,0.0,,,,,,,,35.94616,-86.80856,False,Crashes_2010_2019_MPO
100368129,2013-08-17,2013,,94.0,,,0,0,N,0.0,0.0,0.0,,,,,,,,35.96062,-86.8138,False,Crashes_2010_2019_MPO
100971992,2015-10-02,2015,,19.0,,,0,0,N,0.0,0.0,0.0,,,,,,,,36.03815,-86.784,False,Crashes_2010_2019_MPO
100878274,2015-06-29,2015,,94.0,,,0,0,Y,0.0,0.0,1.0,,,,,,,,36.03613,-86.79791,True,Crashes_2010_2019_MPO
100404820,2013-11-13,2013,,94.0,,,0,0,N,0.0,0.0,0.0,,,,,,,,35.99545,-86.77821,True,Crashes_2010_2019_MPO
102489904,2019-08-27,2019,,19.0,,,0,0,N,0.0,0.0,0.0,,,,,,,,35.99079,-86.68312,False,Crashes_2010_2019_MPO
101007793,2015-11-11,2015,,94.0,,,0,0,N,0.0,0.0,0.0,,,,,,,,35.94111,-86.83983,False,Crashes_2010_2019_MPO
100376118,2013-09-06,2013,,94.0,,,0,0,N,0.0,0.0,0.0,,,,,,,,35.99503,-86.77324,True,Crashes_2010_2019_MPO
102195571,2018-10-30,2018,,94.0,,,0,0,N,0.0,0.0,0.0,,,,,,,,35.97716,-86.67813,False,Crashes_2010_2019_MPO
102303604,2019-02-07,2019,,94.0,,,0,1,N,0.0,1.0,0.0,,,,,,,,36.00667,-86.80582,True,Crashes_2010_2019_MPO
100697050,2014-11-26,2014,,94.0,,,0,0,N,0.0,0.0,0.0,,,,,,,,35.96665,-86.80921,True,Crashes_2010_2019_MPO
101609685,2017-04-10,2017,,94.0,,,0,0,N,0.0,0.0,0.0,,,,,,,,36.03319,-86.7876,True,Crashes_2010_2019_MPO
101681998,2017-06-24,2017,,19.0,,,0,0,N,0.0,0.0,0.0,,,,,,,,36.04159,-86.74457,False,Crashes_2010_2019_MPO
101973209,2018-04-10,2018,,94.0,,,0,0,N,0.0,0.0,0.0,,,,,,,,35.94297,-86.82976,False,Crashes_2010_2019_MPO
101000660,2015-10-31,2015,,19.0,,,0,0,N,0.0,0.0,0.0,,,,,,,,36.04218,-86.78229,False,Crashes_2010_2019_MPO
100418506,2013-12-12,2013,,94.0,,,0,0,N,0.0,0.0,0.0,,,,,,,,35.95872,-86.82469,False,Crashes_2010_2019_MPO
102566245,2019-11-11,2019,,94.0,,,0,0,N,0.0,0.0,0.0,,,,,,,,36.0299,-86.78368,True,Crashes_2010_2019_MPO
100219069,2012-08-25,2012,,94.0,,,0,0,N,0.0,0.0,0.0,,,,,,,,35.99604,-86.78454,True,Crashes_2010_2019_MPO
101315810,2016-07-29,2016,,19.0,,,0,0,N,0.0,0.0,0.0,,,,,,,,36.03934,-86.78566,False,Crashes_2010_2019_MPO
102503441,2019-09-08,2019,,94.0,,,0,0,N,0.0,0.0,0.0,,,,,,,,35.96193,-86.81489,False,Crashes_2010_2019_MPO
100735254,2015-02-10,2015,,94.0,,,0,0,N,0.0,0.0,0.0,,,,,,,,35.9498,-86.81328,False,Crashes_2010_2019_MPO
100996321,2015-10-26,2015,,19.0,,,0,0,N,0.0,0.0,0.0,,,,,,,,36.0268,-86.71285,False,Crashes_2010_2019_MPO
101193327,2016-05-12,2016,,94.0,,,0,0,N,0.0,0.0,0.0,,,,,,,,35.92945,-86.84102,False,Crashes_2010_2019_MPO
101064908,2015-12-18,2015,,94.0,,,0,0,N,0.0,0.0,0.0,,,,,,,,35.94817,-86.81749,False,Crashes_2010_2019_MPO
101303428,2016-07-26,2016,,94.0,,,0,0,Y,0.0,0.0,1.0,,,,,,,,35.94429,-86.81291,False,Crashes_2010_2019_MPO
101126587,2016-03-03,2016,,94.0,,,0,0,N,0.0,0.0,0.0,,,,,,,,35.96988,-86.72474,True,Crashes_2010_2019_MPO
100567757,2014-07-01,2014,,94.0,,,0,0,N,0.0,0.0,0.0,,,,,,,,35.99644,-86.788,True,Crashes_2010_2019_MPO
101716505,2017-07-31,2017,,94.0,,,0,0,N,0.0,0.0,0.0,,,,,,,,35.9583,-86.8023,False,Crashes_2010_2019_MPO
100613954,2014-09-03,2014,,94.0,,,0,0,N,0.0,0.0,0.0,,,,,,,,36.00574,-86.78921,True,Crashes_2010_2019_MPO
102375751,2019-04-29,2019,,19.0,,,0,0,N,0.0,0.0,0.0,,,,,,,,36.04543,-86.70361,False,Crashes_2010_2019_MPO
101353014,2016-09-03,2016,,94.0,,,0,0,N,0.0,0.0,0.0,,,,,,,,35.9609,-86.81358,False,Crashes_2010_2019_MPO
101894926,2018-01-23,2018,,94.0,,,0,0,N,0.0,0.0,0.0,,,,,,,,35.92333,-86.81686,False,Crashes_2010_2019_MPO
101285405,2016-07-14,2016,,94.0,,,0,0,N,0.0,0.0,0.0,,,,,,,,36.03428,-86.78337,True,Crashes_2010_2019_MPO
101270555,2016-06-21,2016,,94.0,,,0,0,N,0.0,0.0,0.0,,,,,,,,35.9838,-86.8295,False,Crashes_2010_2019_MPO
101064186,2015-12-21,2015,,19.0,,,0,0,N,0.0,0.0,0.0,,,,,,,,36.03312,-86.77428,False,Crashes_2010_2019_MPO
102353719,2019-04-08,2019,,94.0,,,0,0,N,0.0,0.0,0.0,,,,,,,,36.02715,-86.79215,True,Crashes_2010_2019_MPO
101987358,2018-04-23,2018,,19.0,,,0,0,N,0.0,0.0,0.0,,,,,,,,36.0473,-86.86274,False,Crashes_2010_2019_MPO
101704587,2017-07-17,2017,,94.0,,,0,0,N,0.0,0.0,0.0,,,,,,,,35.94417,-86.81978,False,Crashes_2010_2019_MPO
100370391,2013-08-23,2013,,94.0,,,0,0,N,0.0,0.0,0.0,,,,,,,,35.93483,-86.82095,False,Crashes_2010_2019_MPO
102352861,2019-04-07,2019,,94.0,,,0,0,N,0.0,0.0,0.0,,,,,,,,35.96767,-86.81741,True,Crashes_2010_2019_MPO
102540065,2019-10-17,2019,,94.0,,,0,0,N,0.0,0.0,0.0,,,,,,,,35.93374,-86.81767,False,Crashes_2010_2019_MPO
101039480,2015-11-30,2015,,94.0,,,0,0,N,0.0,0.0,0.0,,,,,,,,35.96729,-86.81458,True,Crashes_2010_2019_MPO
102567485,2019-11-14,2019,,94.0,,,0,0,N,0.0,0.0,0.0,,,,,,,,36.01978,-86.74213,False,Crashes_2010_2019_MPO
100694939,2014-11-20,2014,,19.0,,,0,0,N,0.0,0.0,0.0,,,,,,,,36.03258,-86.76886,False,Crashes_2010_2019_MPO
102152464,2018-09-21,2018,,94.0,,,0,0,N,0.0,0.0,0.0,,,,,,,,35.96652,-86.81373,True,Crashes_2010_2019_MPO
101103486,2016-02-11,2016,,94.0,,,0,0,N,0.0,0.0,0.0,,,,,,,,36.01668,-86.74101,False,Crashes_2010_2019_MPO
102364838,2019-04-18,2019,,19.0,,,0,0,N,0.0,0.0,0.0,,,,,,,,36.04431,-86.69396,False,Crashes_2010_2019_MPO
102231894,2018-12-01,2018,,94.0,,,0,0,N,0.0,0.0,0.0,,,,,,,,35.96447,-86.81404,False,Crashes_2010_2019_MPO
102425178,2019-06-21,2019,,94.0,,,0,0,N,0.0,0.0,0.0,,,,,,,,35.99833,-86.8097,True,Crashes_2010_2019_MPO
100199799,2012-07-08,2012,,19.0,,,0,0,N,0.0,0.0,0.0,,,,,,,,36.023949,-86.819641,True,Crashes_2010_2019_MPO
101189636,2016-05-01,2016,,94.0,,,0,0,N,0.0,0.0,0.0,,,,,,,,35.96324,-86.80102,True,Crashes_2010_2019_MPO
102199879,2018-11-03,2018,,19.0,,,0,0,N,0.0,0.0,0.0,,,,,,,,36.02547,-86.71312,False,Crashes_2010_2019_MPO
100377941,2013-09-11,2013,,94.0,,,0,0,N,0.0,0.0,0.0,,,,,,,,35.93346,-86.86174,False,Crashes_2010_2019_MPO
101781806,2017-10-05,2017,,19.0,,,0,0,N,0.0,0.0,0.0,,,,,,,,36.04549,-86.71195,False,Crashes_2010_2019_MPO
102522421,2019-09-27,2019,,94.0,,,0,0,N,0.0,0.0,0.0,,,,,,,,35.99734,-86.79486,True,Crashes_2010_2019_MPO
101648571,2017-05-18,2017,,94.0,,,0,0,N,0.0,0.0,0.0,,,,,,,,36.03313,-86.78706,True,Crashes_2010_2019_MPO
100397733,2013-10-29,2013,,94.0,,,0,0,N,0.0,0.0,0.0,,,,,,,,35.96539,-86.81404,False,Crashes_2010_2019_MPO
102043075,2018-06-13,2018,,94.0,,,0,0,N,0.0,0.0,0.0,,,,,,,,35.94369,-86.76708,True,Crashes_2010_2019_MPO
100504247,2014-05-03,2014,,94.0,,,0,0,N,0.0,0.0,0.0,,,,,,,,35.96518,-86.80021,True,Crashes_2010_2019_MPO
101704478,2017-07-18,2017,,19.0,,,0,0,N,0.0,0.0,0.0,,,,,,,,36.03277,-86.70897,False,Crashes_2010_2019_MPO
100632163,2014-09-22,2014,,94.0,,,0,0,N,0.0,0.0,0.0,,,,,,,,36.02177,-86.78729,True,Crashes_2010_2019_MPO
102224585,2018-11-12,2018,,94.0,,,0,0,N,0.0,0.0,0.0,,,,,,,,35.96455,-86.80716,False,Crashes_2010_2019_MPO
100736240,2015-02-12,2015,,94.0,,,0,0,N,0.0,0.0,0.0,,,,,,,,35.95902,-86.81609,False,Crashes_2010_2019_MPO
102450025,2019-07-17,2019,,94.0,,,0,0,N,0.0,0.0,0.0,,,,,,,,36.03435,-86.81721,True,Crashes_2010_2019_MPO
102362868,2019-04-10,2019,,94.0,,,0,0,N,0.0,0.0,0.0,,,,,,,,36.01899,-86.78694,True,Crashes_2010_2019_MPO
100551404,2014-06-14,2014,,94.0,,,0,0,N,0.0,0.0,0.0,,,,,,,,35.93781,-86.70615,False,Crashes_2010_2019_MPO
100918220,2015-08-05,2015,,94.0,,,0,0,N,0.0,0.0,0.0,,,,,,,,35.947,-86.82207,False,Crashes_2010_2019_MPO
101723168,2017-08-05,2017,,94.0,,,0,0,Y,0.0,0.0,1.0,,,,,,,,36.00306,-86.79198,True,Crashes_2010_2019_MPO
100854033,2015-06-02,2015,,94.0,,,0,0,N,0.0,0.0,0.0,,,,,,,,36.03652,-86.80099,True,Crashes_2010_2019_MPO
101993810,2018-04-29,2018,,94.0,,,0,0,N,0.0,0.0,0.0,,,,,,,,35.96707,-86.81255,True,Crashes_2010_2019_MPO
101101296,2016-02-07,2016,,94.0,,,0,0,N,0.0,0.0,0.0,,,,,,,,35.9264,-86.8244,False,Crashes_2010_2019_MPO
102164552,2018-10-02,2018,,94.0,,,0,0,N,0.0,0.0,0.0,,,,,,,,35.93423,-86.81894,False,Crashes_2010_2019_MPO
101913068,2018-02-11,2018,,94.0,,,0,0,N,0.0,0.0,0.0,,,,,,,,35.9524,-86.6818,False,Crashes_2010_2019_MPO
102253849,2018-12-21,2018,,94.0,,,0,0,Y,0.0,0.0,1.0,,,,,,,,36.02644,-86.79255,True,Crashes_2010_2019_MPO
101887759,2018-01-15,2018,,94.0,,,0,0,N,0.0,0.0,0.0,,,,,,,,36.00477,-86.79053,True,Crashes_2010_2019_MPO
101768637,2017-09-22,2017,,94.0,,,0,0,N,0.0,0.0,0.0,,,,,,,,35.92296,-86.8158,False,Crashes_2010_2019_MPO
100723315,2015-01-16,2015,,94.0,,,0,1,N,0.0,1.0,0.0,,,,,,,,35.94531,-86.82307,False,Crashes_2010_2019_MPO
100850508,2015-05-26,2015,,19.0,,,0,0,N,0.0,0.0,0.0,,,,,,,,36.04084,-86.77935,False,Crashes_2010_2019_MPO
101436580,2016-11-10,2016,,19.0,,,0,0,N,0.0,0.0,0.0,,,,,,,,36.0467,-86.71342,False,Crashes_2010_2019_MPO
101824529,2017-11-13,2017,,19.0,,,0,0,N,0.0,0.0,0.0,,,,,,,,35.99171,-86.68397,False,Crashes_2010_2019_MPO
101860514,2017-12-15,2017,,94.0,,,0,0,N,0.0,0.0,0.0,,,,,,,,35.9652,-86.79624,True,Crashes_2010_2019_MPO
101000058,2015-10-30,2015,,19.0,,,0,0,N,0.0,0.0,0.0,,,,,,,,36.05161,-86.69762,False,Crashes_2010_2019_MPO
101529524,2017-01-19,2017,,94.0,,,0,0,N,0.0,0.0,0.0,,,,,,,,36.03587,-86.87244,False,Crashes_2010_2019_MPO
101181390,2016-04-23,2016,,94.0,,,0,0,N,0.0,0.0,0.0,,,,,,,,35.96955,-86.8095,True,Crashes_2010_2019_MPO
101032702,2015-11-19,2015,,94.0,,,0,0,N,0.0,0.0,0.0,,,,,,,,35.92882,-86.83667,False,Crashes_2010_2019_MPO
102361361,2019-04-15,2019,,94.0,,,0,0,N,0.0,0.0,0.0,,,,,,,,35.96326,-86.80861,False,Crashes_2010_2019_MPO
101533835,2017-01-23,2017,,94.0,,,0,0,N,0.0,0.0,0.0,,,,,,,,35.93575,-86.81085,False,Crashes_2010_2019_MPO
102076589,2018-07-15,2018,,94.0,,,0,0,N,0.0,0.0,0.0,,,,,,,,35.97995,-86.84812,False,Crashes_2010_2019_MPO
102606688,2019-12-24,2019,,94.0,,,0,1,N,0.0,1.0,0.0,,,,,,,,35.94782,-86.81975,False,Crashes_2010_2019_MPO
102130176,2018-09-01,2018,,94.0,,,0,0,N,0.0,0.0,0.0,,,,,,,,35.96824,-86.67751,False,Crashes_2010_2019_MPO
101184662,2016-04-30,2016,,94.0,,,0,0,N,0.0,0.0,0.0,,,,,,,,35.96495,-86.81562,True,Crashes_2010_2019_MPO
102570140,2019-11-16,2019,,19.0,,,0,0,N,0.0,0.0,0.0,,,,,,,,36.05225,-86.68175,False,Crashes_2010_2019_MPO
101165275,2016-04-16,2016,,94.0,,,0,0,N,0.0,0.0,0.0,,,,,,,,35.99645,-86.78816,True,Crashes_2010_2019_MPO
101630520,2017-04-30,2017,,94.0,,,0,0,N,0.0,0.0,0.0,,,,,,,,35.92391,-86.87162,False,Crashes_2010_2019_MPO
102144104,2018-08-30,2018,,94.0,,,0,0,N,0.0,0.0,0.0,,,,,,,,35.98642,-86.80058,True,Crashes_2010_2019_MPO
100303276,2013-03-14,2013,,94.0,,,0,0,N,0.0,0.0,0.0,,,,,,,,35.95678,-86.83208,False,Crashes_2010_2019_MPO
101323725,2016-08-09,2016,,19.0,,,0,0,N,0.0,0.0,0.0,,,,,,,,36.04574,-86.70902,False,Crashes_2010_2019_MPO
101645485,2017-05-15,2017,,19.0,,,0,0,N,0.0,0.0,0.0,,,,,,,,36.05085,-86.71417,False,Crashes_2010_2019_MPO
102375206,2019-04-29,2019,,19.0,,,0,0,N,0.0,0.0,0.0,,,,,,,,36.03669,-86.79086,True,Crashes_2010_2019_MPO
101973019,2018-04-10,2018,,19.0,,,0,0,N,0.0,0.0,0.0,,,,,,,,36.04243,-86.71237,False,Crashes_2010_2019_MPO
100429468,2014-01-10,2014,,94.0,,,0,0,N,0.0,0.0,0.0,,,,,,,,36.02198,-86.79508,True,Crashes_2010_2019_MPO
100466739,2014-03-20,2014,,94.0,,,0,0,N,0.0,0.0,0.0,,,,,,,,35.9475,-86.8197,False,Crashes_2010_2019_MPO
101757992,2017-09-11,2017,,19.0,,,0,0,N,0.0,0.0,0.0,,,,,,,,36.04526,-86.71434,False,Crashes_2010_2019_MPO
101776216,2017-09-29,2017,,94.0,,,0,0,N,0.0,0.0,0.0,,,,,,,,35.95025,-86.8188,False,Crashes_2010_2019_MPO
101643982,2017-05-13,2017,,94.0,,,0,0,N,0.0,0.0,0.0,,,,,,,,35.94612,-86.82346,False,Crashes_2010_2019_MPO
102181035,2018-10-17,2018,,94.0,,,0,0,N,0.0,0.0,0.0,,,,,,,,35.96458,-86.81449,False,Crashes_2010_2019_MPO
101274757,2016-06-28,2016,,94.0,,,0,0,N,0.0,0.0,0.0,,,,,,,,35.93019,-86.87601,False,Crashes_2010_2019_MPO
101096331,2016-01-30,2016,,19.0,,,0,0,N,0.0,0.0,0.0,,,,,,,,36.04559,-86.71139,False,Crashes_2010_2019_MPO
101045256,2015-12-08,2015,,94.0,,,0,0,N,0.0,0.0,0.0,,,,,,,,36.03599,-86.7872,True,Crashes_2010_2019_MPO
102222634,2018-11-24,2018,,19.0,,,0,0,N,0.0,0.0,0.0,,,,,,,,36.04537,-86.71326,False,Crashes_2010_2019_MPO
100308364,2013-03-27,2013,,94.0,,,0,0,Y,0.0,0.0,1.0,,,,,,,,35.96647,-86.80949,True,Crashes_2010_2019_MPO
100254167,2012-11-16,2012,,94.0,,,0,0,N,0.0,0.0,0.0,,,,,,,,36.01724,-86.79778,True,Crashes_2010_2019_MPO
100381064,2013-09-19,2013,,94.0,,,0,0,N,0.0,0.0,0.0,,,,,,,,36.03026,-86.86886,False,Crashes_2010_2019_MPO
100719623,2015-01-09,2015,,94.0,,,0,0,N,0.0,0.0,0.0,,,,,,,,35.97776,-86.80359,True,Crashes_2010_2019_MPO
100966593,2015-09-24,2015,,19.0,,,0,0,N,0.0,0.0,0.0,,,,,,,,36.0473,-86.86274,False,Crashes_2010_2019_MPO
100298498,2013-03-01,2013,,94.0,,,0,0,N,0.0,0.0,0.0,,,,,,,,35.94068,-86.83938,False,Crashes_2010_2019_MPO
101986300,2018-04-22,2018,,94.0,,,0,0,N,0.0,0.0,0.0,,,,,,,,36.01362,-86.73834,False,Crashes_2010_2019_MPO
101469288,2016-12-06,2016,,19.0,,,0,0,N,0.0,0.0,0.0,,,,,,,,36.04001,-86.74347,False,Crashes_2010_2019_MPO
102610259,2019-12-28,2019,,19.0,,,0,0,N,0.0,0.0,0.0,,,,,,,,36.02378,-86.71221,False,Crashes_2010_2019_MPO
100714694,2014-12-29,2014,,94.0,,,0,0,N,0.0,0.0,0.0,,,,,,,,35.94716,-86.81219,False,Crashes_2010_2019_MPO
100803705,2015-04-06,2015,,19.0,,,0,0,N,0.0,0.0,0.0,,,,,,,,36.05192,-86.71436,False,Crashes_2010_2019_MPO
100355090,2013-07-16,2013,,94.0,,,0,0,N,0.0,0.0,0.0,,,,,,,,35.93546,-86.82377,False,Crashes_2010_2019_MPO
102212122,2018-11-15,2018,,94.0,,,0,0,N,0.0,0.0,0.0,,,,,,,,35.9584,-86.80226,False,Crashes_2010_2019_MPO
102448556,2019-07-15,2019,,94.0,,,0,0,N,0.0,0.0,0.0,,,,,,,,36.0374,-86.79781,True,Crashes_2010_2019_MPO
101478129,2016-12-15,2016,,94.0,,,0,0,N,0.0,0.0,0.0,,,,,,,,35.94925,-86.81967,False,Crashes_2010_2019_MPO
100658058,2014-10-23,2014,,19.0,,,0,0,N,0.0,0.0,0.0,,,,,,,,36.03311,-86.77405,False,Crashes_2010_2019_MPO
100401557,2013-11-05,2013,,94.0,,,0,0,N,0.0,0.0,0.0,,,,,,,,35.95051,-86.76621,True,Crashes_2010_2019_MPO
102190819,2018-10-26,2018,,94.0,,,0,0,N,0.0,0.0,0.0,,,,,,,,35.95228,-86.81922,False,Crashes_2010_2019_MPO
100709600,2014-12-19,2014,,94.0,,,0,0,N,0.0,0.0,0.0,,,,,,,,35.9912,-86.68349,False,Crashes_2010_2019_MPO
101879089,2018-01-05,2018,,19.0,,,0,0,N,0.0,0.0,0.0,,,,,,,,35.99191,-86.68415,False,Crashes_2010_2019_MPO
102265178,2019-01-03,2019,,94.0,,,0,0,N,0.0,0.0,0.0,,,,,,,,35.99265,-86.81267,True,Crashes_2010_2019_MPO
102525513,2019-09-30,2019,,94.0,,,0,0,N,0.0,0.0,0.0,,,,,,,,35.94797,-86.81907,False,Crashes_2010_2019_MPO
101664695,2017-06-05,2017,,94.0,,,0,0,N,0.0,0.0,0.0,,,,,,,,35.94794,-86.8625,False,Crashes_2010_2019_MPO
100268171,2012-12-18,2012,,94.0,,,0,0,N,0.0,0.0,0.0,,,,,,,,35.96452,-86.78931,True,Crashes_2010_2019_MPO
101274097,2016-06-27,2016,,94.0,,,0,0,N,0.0,0.0,0.0,,,,,,,,35.9511,-86.80648,False,Crashes_2010_2019_MPO
100615504,2014-09-05,2014,,94.0,,,0,0,N,0.0,0.0,0.0,,,,,,,,35.95873,-86.81602,False,Crashes_2010_2019_MPO
102367681,2019-04-21,2019,,94.0,,,0,0,N,0.0,0.0,0.0,,,,,,,,36.03611,-86.78713,True,Crashes_2010_2019_MPO
102186375,2018-10-23,2018,,94.0,,,0,0,N,0.0,0.0,0.0,,,,,,,,36.00374,-86.80688,True,Crashes_2010_2019_MPO
101062244,2015-12-18,2015,,19.0,,,0,0,N,0.0,0.0,0.0,,,,,,,,36.0344,-86.74356,False,Crashes_2010_2019_MPO
100643300,2014-10-14,2014,,19.0,,,0,0,N,0.0,0.0,0.0,,,,,,,,36.04094,-86.71273,False,Crashes_2010_2019_MPO
101481617,2016-12-19,2016,,94.0,,,0,0,N,0.0,0.0,0.0,,,,,,,,35.95424,-86.81754,False,Crashes_2010_2019_MPO
100711003,2014-12-22,2014,,19.0,,,0,0,N,0.0,0.0,0.0,,,,,,,,36.0384,-86.78417,False,Crashes_2010_2019_MPO
101063267,2015-12-19,2015,,94.0,,,0,0,N,0.0,0.0,0.0,,,,,,,,35.94741,-86.82039,False,Crashes_2010_2019_MPO
100921877,2015-08-12,2015,,94.0,,,0,0,N,0.0,0.0,0.0,,,,,,,,35.99688,-86.79697,True,Crashes_2010_2019_MPO
100614254,2014-09-03,2014,,94.0,,,0,0,N,0.0,0.0,0.0,,,,,,,,35.99616,-86.78563,True,Crashes_2010_2019_MPO
102343200,2019-03-27,2019,,94.0,,,0,0,N,0.0,0.0,0.0,,,,,,,,35.94457,-86.82787,False,Crashes_2010_2019_MPO
102538645,2019-10-15,2019,,94.0,,,0,0,N,0.0,0.0,0.0,,,,,,,,36.01286,-86.80081,True,Crashes_2010_2019_MPO
100291437,2013-02-11,2013,,94.0,,,0,0,N,0.0,0.0,0.0,,,,,,,,36.03456,-86.80282,True,Crashes_2010_2019_MPO
101682109,2017-06-24,2017,,94.0,,,0,0,N,0.0,0.0,0.0,,,,,,,,35.99781,-86.79886,True,Crashes_2010_2019_MPO
100385394,2013-09-30,2013,,94.0,,,0,0,N,0.0,0.0,0.0,,,,,,,,35.94654,-86.8506,False,Crashes_2010_2019_MPO
100609657,2014-08-23,2014,,94.0,,,0,0,N,0.0,0.0,0.0,,,,,,,,35.94686,-86.85162,False,Crashes_2010_2019_MPO
101552811,2017-02-12,2017,,94.0,,,0,0,N,0.0,0.0,0.0,,,,,,,,35.92635,-86.83719,False,Crashes_2010_2019_MPO
102167157,2018-10-04,2018,,19.0,,,0,0,N,0.0,0.0,0.0,,,,,,,,36.04062,-86.7713,False,Crashes_2010_2019_MPO
101586091,2017-03-17,2017,,19.0,,,0,0,N,0.0,0.0,0.0,,,,,,,,36.04584,-86.70354,False,Crashes_2010_2019_MPO
101499070,2017-01-08,2017,,19.0,,,0,0,N,0.0,0.0,0.0,,,,,,,,36.04537,-86.71326,False,Crashes_2010_2019_MPO
101708929,2017-07-21,2017,,94.0,,,0,0,N,0.0,0.0,0.0,,,,,,,,35.94778,-86.81994,False,Crashes_2010_2019_MPO
102484398,2019-08-21,2019,,19.0,,,0,0,N,0.0,0.0,0.0,,,,,,,,36.03291,-86.7724,False,Crashes_2010_2019_MPO
101634421,2017-05-04,2017,,94.0,,,0,0,N,0.0,0.0,0.0,,,,,,,,35.98653,-86.79899,True,Crashes_2010_2019_MPO
102412790,2019-06-07,2019,,19.0,,,0,0,N,0.0,0.0,0.0,,,,,,,,36.04519,-86.7159,False,Crashes_2010_2019_MPO
101454565,2016-11-19,2016,,94.0,,,0,0,N,0.0,0.0,0.0,,,,,,,,35.96733,-86.81492,True,Crashes_2010_2019_MPO
101351509,2016-09-01,2016,,19.0,,,0,0,N,0.0,0.0,0.0,,,,,,,,36.04245,-86.71294,False,Crashes_2010_2019_MPO
100939718,2015-08-25,2015,,94.0,,,0,0,N,0.0,0.0,0.0,,,,,,,,36.03547,-86.78429,False,Crashes_2010_2019_MPO
100357254,2013-07-21,2013,,94.0,,,0,0,N,0.0,0.0,0.0,,,,,,,,35.94702,-86.85137,False,Crashes_2010_2019_MPO
101034378,2015-11-21,2015,,94.0,,,0,0,N,0.0,0.0,0.0,,,,,,,,36.02994,-86.87606,False,Crashes_2010_2019_MPO
100586527,2014-07-23,2014,,94.0,,,0,0,N,0.0,0.0,0.0,,,,,,,,35.92539,-86.86896,False,Crashes_2010_2019_MPO
102390594,2019-05-15,2019,,94.0,,,0,0,N,0.0,0.0,0.0,,,,,,,,35.93902,-86.80975,False,Crashes_2010_2019_MPO
102251918,2018-12-19,2018,,94.0,,,0,0,N,0.0,0.0,0.0,,,,,,,,35.92326,-86.8363,False,Crashes_2010_2019_MPO
900138987,2012-07-22,2012,,94.0,,,0,0, ,0.0,0.0,0.0,,,,,,,,35.960419,-86.8116,False,Crashes_2010_2019_MPO
102407831,2019-06-02,2019,,19.0,,,0,0,N,0.0,0.0,0.0,,,,,,,,36.01315,-86.70414,False,Crashes_2010_2019_MPO
100859060,2015-06-11,2015,,19.0,,,0,0,N,0.0,0.0,0.0,,,,,,,,35.9959,-86.69087,False,Crashes_2010_2019_MPO
101183263,2016-04-28,2016,,94.0,,,0,0,N,0.0,0.0,0.0,,,,,,,,35.99771,-86.79794,True,Crashes_2010_2019_MPO
102003671,2018-05-01,2018,,94.0,,,0,0,N,0.0,0.0,0.0,,,,,,,,35.93455,-86.81883,False,Crashes_2010_2019_MPO