mstrrecnbr,collision_ts,year,county,countystat,crash,crash_type,fatalities,non_motorists,commercial,fatal_c,nonmotor_c,truck_c,fatalc,serious_injuries,ped,bike,lighting,weather,first_harmful_event,latitude,longitude,in_city,src_layer
100547466,2014-06-05,2014,,94.0,,,0,0,N,0.0,0.0,0.0,,,,,,,,35.93488,-86.77716,False,Crashes_2010_2019_MPO
101003555,2015-11-05,2015,,94.0,,,0,0,N,0.0,0.0,0.0,,,,,,,,35.98326,-86.71737,True,Crashes_2010_2019_MPO
102144606,2018-09-13,2018,,94.0,,,0,0,N,0.0,0.0,0.0,,,,,,,,35.97273,-86.79612,True,Crashes_2010_2019_MPO
101704488,2017-07-18,2017,,94.0,,,0,0,N,0.0,0.0,0.0,,,,,,,,35.9583,-86.8023,False,Crashes_2010_2019_MPO
102470888,2019-08-07,2019,,19.0,,,0,0,N,0.0,0.0,0.0,,,,,,,,36.04996,-86.87247,False,Crashes_2010_2019_MPO
100834063,2015-05-14,2015,,94.0,,,0,0,N,0.0,0.0,0.0,,,,,,,,36.03296,-86.79897,True,Crashes_2010_2019_MPO
100709199,2014-12-18,2014,,19.0,,,0,0,N,0.0,0.0,0.0,,,,,,,,36.03127,-86.70073,False,Crashes_2010_2019_MPO
102079233,2018-07-19,2018,,94.0,,,0,0,N,0.0,0.0,0.0,,,,,,,,35.96977,-86.72422,True,Crashes_2010_2019_MPO
102522854,2019-09-27,2019,,94.0,,,0,0,N,0.0,0.0,0.0,,,,,,,,35.99302,-86.79855,True,Crashes_2010_2019_MPO
102168798,2018-10-06,2018,,19.0,,,0,0,Y,0.0,0.0,1.0,,,,,,,,36.05151,-86.71436,False,Crashes_2010_2019_MPO
101245526,2016-06-14,2016,,94.0,,,0,0,N,0.0,0.0,0.0,,,,,,,,35.96481,-86.81523,True,Crashes_2010_2019_MPO
101418534,2016-10-20,2016,,94.0,,,0,0,N,0.0,0.0,0.0,,,,,,,,35.94683,-86.85172,False,Crashes_2010_2019_MPO
102415953,2019-06-11,2019,,94.0,,,0,0,N,0.0,0.0,0.0,,,,,,,,36.03302,-86.79687,True,Crashes_2010_2019_MPO
102491719,2019-08-29,2019,,19.0,,,0,0,N,0.0,0.0,0.0,,,,,,,,36.04039,-86.752,False,Crashes_2010_2019_MPO
102596312,2019-12-12,2019,,94.0,,,0,0,N,0.0,0.0,0.0,,,,,,,,36.03282,-86.80905,True,Crashes_2010_2019_MPO
101985777,2018-04-21,2018,,19.0,,,0,0,N,0.0,0.0,0.0,,,,,,,,36.0374,-86.78657,False,Crashes_2010_2019_MPO
100709157,2014-12-18,2014,,94.0,,,0,0,N,0.0,0.0,0.0,,,,,,,,35.99767,-86.79468,True,Crashes_2010_2019_MPO
100699710,2014-12-02,2014,,94.0,,,0,0,N,0.0,0.0,0.0,,,,,,,,35.97043,-86.72568,True,Crashes_2010_2019_MPO
101189315,2016-05-06,2016,,94.0,,,0,0,N,0.0,0.0,0.0,,,,,,,,35.97102,-86.67835,False,Crashes_2010_2019_MPO
100979691,2015-10-15,2015,,19.0,,,0,0,N,0.0,0.0,0.0,,,,,,,,36.04479,-86.72487,False,Crashes_2010_2019_MPO
10417112,2011-03-25,2011,,19.0,,,0,0, ,0.0,0.0,0.0,,,,,,,,36.044747,-86.713559,False,Crashes_2010_2019_MPO
100309598,2013-03-29,2013,,94.0,,,0,0,N,0.0,0.0,0.0,,,,,,,,35.95163,-86.80643,False,Crashes_2010_2019_MPO
100830041,2015-05-07,2015,,19.0,,,0,0,N,0.0,0.0,0.0,,,,,,,,35.99808,-86.69162,False,Crashes_2010_2019_MPO
102531373,2019-10-04,2019,,94.0,,,0,0,N,0.0,0.0,0.0,,,,,,,,35.95772,-86.84356,False,Crashes_2010_2019_MPO
100943324,2015-09-02,2015,,19.0,,,0,0,N,0.0,0.0,0.0,,,,,,,,36.01238,-86.70361,False,Crashes_2010_2019_MPO
100971230,2015-10-02,2015,,94.0,,,0,0,N,0.0,0.0,0.0,,,,,,,,35.94723,-86.85527,False,Crashes_2010_2019_MPO
101418592,2016-10-20,2016,,19.0,,,0,0,N,0.0,0.0,0.0,,,,,,,,36.04035,-86.76897,False,Crashes_2010_2019_MPO
101421700,2016-10-24,2016,,94.0,,,0,0,N,0.0,0.0,0.0,,,,,,,,35.9584,-86.80226,False,Crashes_2010_2019_MPO
100728360,2015-01-27,2015,,19.0,,,0,0,N,0.0,0.0,0.0,,,,,,,,36.03751,-86.78652,False,Crashes_2010_2019_MPO
101389946,2016-09-26,2016,,19.0,,,0,0,N,0.0,0.0,0.0,,,,,,,,36.04542,-86.71835,False,Crashes_2010_2019_MPO
100381430,2013-09-20,2013,,94.0,,,0,0,N,0.0,0.0,0.0,,,,,,,,35.9572,-86.81647,False,Crashes_2010_2019_MPO
102043710,2018-06-15,2018,,94.0,,,0,0,N,0.0,0.0,0.0,,,,,,,,35.94643,-86.80904,False,Crashes_2010_2019_MPO
102145148,2018-09-14,2018,,94.0,,,0,0,N,0.0,0.0,0.0,,,,,,,,35.92547,-86.82201,False,Crashes_2010_2019_MPO
100311566,2013-04-03,2013,,94.0,,,0,0,N,0.0,0.0,0.0,,,,,,,,35.96132,-86.81219,False,Crashes_2010_2019_MPO
101784194,2017-10-06,2017,,94.0,,,0,0,N,0.0,0.0,0.0,,,,,,,,35.95868,-86.80218,False,Crashes_2010_2019_MPO
101321521,2016-08-06,2016,,94.0,,,0,0,N,0.0,0.0,0.0,,,,,,,,35.97773,-86.80384,True,Crashes_2010_2019_MPO
101407484,2016-10-18,2016,,94.0,,,0,0,N,0.0,0.0,0.0,,,,,,,,35.96419,-86.78544,True,Crashes_2010_2019_MPO
101357753,2016-09-08,2016,,94.0,,,0,1,N,0.0,1.0,0.0,,,,,,,,35.9977,-86.77915,True,Crashes_2010_2019_MPO
102036899,2018-06-08,2018,,94.0,,,0,0,N,0.0,0.0,0.0,,,,,,,,35.94133,-86.83806,False,Crashes_2010_2019_MPO
101037772,2015-11-27,2015,,19.0,,,0,0,N,0.0,0.0,0.0,,,,,,,,36.0409,-86.77938,False,Crashes_2010_2019_MPO
101639636,2017-05-09,2017,,19.0,,,0,0,N,0.0,0.0,0.0,,,,,,,,36.0455,-86.71188,False,Crashes_2010_2019_MPO
100326464,2013-05-08,2013,,94.0,,,0,0,N,0.0,0.0,0.0,,,,,,,,35.96432,-86.81441,False,Crashes_2010_2019_MPO
102483219,2019-08-20,2019,,19.0,,,0,0,N,0.0,0.0,0.0,,,,,,,,36.03528,-86.78303,False,Crashes_2010_2019_MPO
102205961,2018-11-07,2018,,94.0,,,0,0,N,0.0,0.0,0.0,,,,,,,,35.96133,-86.81226,False,Crashes_2010_2019_MPO
100402428,2013-11-08,2013,,94.0,,,0,0,N,0.0,0.0,0.0,,,,,,,,36.00432,-86.79099,True,Crashes_2010_2019_MPO
101207879,2016-05-18,2016,,94.0,,,0,0,N,0.0,0.0,0.0,,,,,,,,35.96035,-86.81559,False,Crashes_2010_2019_MPO
102435758,2019-07-03,2019,,94.0,,,0,0,N,0.0,0.0,0.0,,,,,,,,35.98403,-86.72279,True,Crashes_2010_2019_MPO
101396158,2016-10-04,2016,,94.0,,,0,0,N,0.0,0.0,0.0,,,,,,,,35.96458,-86.81444,False,Crashes_2010_2019_MPO
101804699,2017-10-26,2017,,94.0,,,0,0,N,0.0,0.0,0.0,,,,,,,,35.93004,-86.86445,False,Crashes_2010_2019_MPO
101431766,2016-11-05,2016,,19.0,,,0,0,N,0.0,0.0,0.0,,,,,,,,36.04537,-86.71326,False,Crashes_2010_2019_MPO
100379916,2013-09-16,2013,,94.0,,,0,0,N,0.0,0.0,0.0,,,,,,,,36.03324,-86.78506,True,Crashes_2010_2019_MPO
100736818,2015-02-13,2015,,19.0,,,0,0,N,0.0,0.0,0.0,,,,,,,,36.04715,-86.86209,False,Crashes_2010_2019_MPO
102275891,2019-01-11,2019,,94.0,,,0,0,N,0.0,0.0,0.0,,,,,,,,35.95209,-86.81805,False,Crashes_2010_2019_MPO
100739263,2015-02-18,2015,,19.0,,,0,0,N,0.0,0.0,0.0,,,,,,,,36.03449,-86.67987,False,Crashes_2010_2019_MPO
102435765,2019-07-03,2019,,19.0,,,0,0,N,0.0,0.0,0.0,,,,,,,,36.0417,-86.7481,False,Crashes_2010_2019_MPO
101274361,2016-06-27,2016,,94.0,,,0,0,N,0.0,0.0,0.0,,,,,,,,35.99404,-86.79795,True,Crashes_2010_2019_MPO
100588267,2014-07-27,2014,,94.0,,,0,0,N,0.0,0.0,0.0,,,,,,,,35.97795,-86.85247,False,Crashes_2010_2019_MPO
100751419,2015-02-22,2015,,94.0,,,0,0,N,0.0,0.0,0.0,,,,,,,,36.03097,-86.835691,True,Crashes_2010_2019_MPO
102557794,2019-11-04,2019,,19.0,,,0,0,N,0.0,0.0,0.0,,,,,,,,36.04069,-86.69966,False,Crashes_2010_2019_MPO
102602746,2019-12-19,2019,,94.0,,,0,0,N,0.0,0.0,0.0,,,,,,,,36.03613,-86.78712,True,Crashes_2010_2019_MPO
102054340,2018-06-26,2018,,94.0,,,0,0,N,0.0,0.0,0.0,,,,,,,,35.966652,-86.809118,True,Crashes_2010_2019_MPO
101269079,2016-06-18,2016,,94.0,,,0,0,N,0.0,0.0,0.0,,,,,,,,36.0136,-86.78124,True,Crashes_2010_2019_MPO
101005475,2015-11-08,2015,,19.0,,,0,0,N,0.0,0.0,0.0,,,,,,,,36.0473,-86.86274,False,Crashes_2010_2019_MPO
102305018,2019-02-13,2019,,94.0,,,0,0,N,0.0,0.0,0.0,,,,,,,,35.94687,-86.85168,False,Crashes_2010_2019_MPO
101904937,2018-02-02,2018,,19.0,,,0,0,N,0.0,0.0,0.0,,,,,,,,36.0374,-86.78657,False,Crashes_2010_2019_MPO
101325093,2016-08-10,2016,,94.0,,,0,0,N,0.0,0.0,0.0,,,,,,,,35.94681,-86.85202,False,Crashes_2010_2019_MPO
101323500,2016-08-09,2016,,94.0,,,0,0,N,0.0,0.0,0.0,,,,,,,,36.00418,-86.79114,True,Crashes_2010_2019_MPO
100392067,2013-10-16,2013,,94.0,,,0,0,N,0.0,0.0,0.0,,,,,,,,35.93117,-86.82395,False,Crashes_2010_2019_MPO
101193335,2016-05-12,2016,,94.0,,,0,0,N,0.0,0.0,0.0,,,,,,,,35.92937,-86.84044,False,Crashes_2010_2019_MPO
102123666,2018-08-26,2018,,94.0,,,0,0,N,0.0,0.0,0.0,,,,,,,,35.95722,-86.81646,False,Crashes_2010_2019_MPO
101568690,2017-02-28,2017,,94.0,,,0,0,N,0.0,0.0,0.0,,,,,,,,35.94927,-86.81943,False,Crashes_2010_2019_MPO
101727569,2017-08-11,2017,,94.0,,,0,0,N,0.0,0.0,0.0,,,,,,,,36.03505,-86.80567,True,Crashes_2010_2019_MPO
102285837,2019-01-23,2019,,94.0,,,0,0,N,0.0,0.0,0.0,,,,,,,,35.95658,-86.80403,False,Crashes_2010_2019_MPO
101345219,2016-08-23,2016,,94.0,,,0,0,N,0.0,0.0,0.0,,,,,,,,35.93446,-86.81991,False,Crashes_2010_2019_MPO
100312484,2013-04-05,2013,,94.0,,,0,0,N,0.0,0.0,0.0,,,,,,,,35.9896,-86.7995,True,Crashes_2010_2019_MPO
101421648,2016-10-24,2016,,19.0,,,0,0,N,0.0,0.0,0.0,,,,,,,,36.02614,-86.7345,False,Crashes_2010_2019_MPO
100323546,2013-05-01,2013,,94.0,,,0,0,N,0.0,0.0,0.0,,,,,,,,35.96062,-86.81551,False,Crashes_2010_2019_MPO
102085619,2018-07-24,2018,,19.0,,,0,0,N,0.0,0.0,0.0,,,,,,,,36.03512,-86.70686,False,Crashes_2010_2019_MPO
101540372,2017-01-31,2017,,19.0,,,0,0,N,0.0,0.0,0.0,,,,,,,,36.04627,-86.85806,False,Crashes_2010_2019_MPO
100319607,2013-04-21,2013,,94.0,,,0,0,N,0.0,0.0,0.0,,,,,,,,35.94558,-86.84852,False,Crashes_2010_2019_MPO
100942151,2015-08-28,2015,,94.0,,,0,0,N,0.0,0.0,0.0,,,,,,,,35.94683,-86.85172,False,Crashes_2010_2019_MPO
102142610,2018-09-12,2018,,19.0,,,0,0,N,0.0,0.0,0.0,,,,,,,,36.0452,-86.71612,False,Crashes_2010_2019_MPO
100422271,2013-12-20,2013,,94.0,,,0,0,N,0.0,0.0,0.0,,,,,,,,35.92365,-86.76698,False,Crashes_2010_2019_MPO
100326274,2013-05-08,2013,,94.0,,,0,0,N,0.0,0.0,0.0,,,,,,,,35.94646,-86.8233,False,Crashes_2010_2019_MPO
100808540,2015-04-15,2015,,94.0,,,0,0,N,0.0,0.0,0.0,,,,,,,,35.94452,-86.82058,False,Crashes_2010_2019_MPO
100407240,2013-11-18,2013,,94.0,,,0,0,N,0.0,0.0,0.0,,,,,,,,35.96086,-86.6805,False,Crashes_2010_2019_MPO
100707746,2014-12-16,2014,,94.0,,,0,0,Y,0.0,0.0,1.0,,,,,,,,35.96722,-86.81353,True,Crashes_2010_2019_MPO
102336867,2019-03-20,2019,,94.0,,,0,0,N,0.0,0.0,0.0,,,,,,,,36.02193,-86.7951,True,Crashes_2010_2019_MPO
102463364,2019-07-30,2019,,94.0,,,0,0,N,0.0,0.0,0.0,,,,,,,,35.92644,-86.82481,False,Crashes_2010_2019_MPO
101616889,2017-04-16,2017,,94.0,,,0,0,N,0.0,0.0,0.0,,,,,,,,35.93423,-86.81894,False,Crashes_2010_2019_MPO
102320945,2019-03-04,2019,,19.0,,,0,0,N,0.0,0.0,0.0,,,,,,,,36.03969,-86.73917,False,Crashes_2010_2019_MPO
101164194,2016-04-14,2016,,19.0,,,0,0,N,0.0,0.0,0.0,,,,,,,,36.03751,-86.78575,False,Crashes_2010_2019_MPO
100462792,2014-03-10,2014,,94.0,,,0,0,N,0.0,0.0,0.0,,,,,,,,35.94613,-86.82881,False,Crashes_2010_2019_MPO
101123709,2016-02-26,2016,,94.0,,,0,0,N,0.0,0.0,0.0,,,,,,,,35.94697,-86.82201,False,Crashes_2010_2019_MPO
101209744,2016-05-20,2016,,94.0,,,0,0,N,0.0,0.0,0.0,,,,,,,,35.94055,-86.83309,False,Crashes_2010_2019_MPO
101918261,2018-02-16,2018,,94.0,,,0,0,N,0.0,0.0,0.0,,,,,,,,35.9325,-86.86247,False,Crashes_2010_2019_MPO
100104263,2011-10-16,2011,,94.0,,,0,0,N,0.0,0.0,0.0,,,,,,,,36.0122,-86.8458,False,Crashes_2010_2019_MPO
102511576,2019-09-17,2019,,94.0,,,0,0,N,0.0,0.0,0.0,,,,,,,,35.93018,-86.82011,False,Crashes_2010_2019_MPO
102195256,2018-10-26,2018,,94.0,,,0,0,N,0.0,0.0,0.0,,,,,,,,35.93722,-86.87879,False,Crashes_2010_2019_MPO
101949909,2018-03-16,2018,,94.0,,,0,0,N,0.0,0.0,0.0,,,,,,,,35.96167,-86.81526,False,Crashes_2010_2019_MPO
102369572,2019-04-23,2019,,19.0,,,0,0,N,0.0,0.0,0.0,,,,,,,,36.04547,-86.71216,False,Crashes_2010_2019_MPO
100773259,2015-03-16,2015,,94.0,,,0,0,N,0.0,0.0,0.0,,,,,,,,35.97332,-86.83308,True,Crashes_2010_2019_MPO
101005926,2015-11-07,2015,,19.0,,,0,0,N,0.0,0.0,0.0,,,,,,,,36.04728,-86.67678,False,Crashes_2010_2019_MPO
101266810,2016-06-16,2016,,94.0,,,0,0,N,0.0,0.0,0.0,,,,,,,,35.92356,-86.87002,False,Crashes_2010_2019_MPO
102380298,2019-05-04,2019,,94.0,,,0,0,N,0.0,0.0,0.0,,,,,,,,35.9578,-86.81606,False,Crashes_2010_2019_MPO
102286854,2019-01-25,2019,,94.0,,,0,0,N,0.0,0.0,0.0,,,,,,,,36.01239,-86.80116,True,Crashes_2010_2019_MPO
101645280,2017-05-15,2017,,19.0,,,0,0,N,0.0,0.0,0.0,,,,,,,,36.03617,-86.79565,True,Crashes_2010_2019_MPO
102314925,2019-02-25,2019,,94.0,,,0,0,N,0.0,0.0,0.0,,,,,,,,36.01985,-86.74187,False,Crashes_2010_2019_MPO
101106294,2016-02-15,2016,,94.0,,,0,0,N,0.0,0.0,0.0,,,,,,,,35.93669,-86.77336,False,Crashes_2010_2019_MPO
101621878,2017-04-21,2017,,94.0,,,0,0,N,0.0,0.0,0.0,,,,,,,,36.03351,-86.78323,True,Crashes_2010_2019_MPO
100768977,2015-03-08,2015,,19.0,,,0,0,N,0.0,0.0,0.0,,,,,,,,36.04519,-86.71569,False,Crashes_2010_2019_MPO
100497531,2014-04-17,2014,,94.0,,,0,0,N,0.0,0.0,0.0,,,,,,,,35.94825,-86.80872,False,Crashes_2010_2019_MPO
101546405,2017-02-06,2017,,19.0,,,0,0,N,0.0,0.0,0.0,,,,,,,,36.03264,-86.76965,False,Crashes_2010_2019_MPO
102195708,2018-10-31,2018,,19.0,,,0,0,N,0.0,0.0,0.0,,,,,,,,36.04012,-86.78074,False,Crashes_2010_2019_MPO
100709519,2014-12-19,2014,,19.0,,,0,0,N,0.0,0.0,0.0,,,,,,,,36.03696,-86.78594,False,Crashes_2010_2019_MPO
100416333,2013-12-08,2013,,94.0,,,0,0,N,0.0,0.0,0.0,,,,,,,,35.97046,-86.72573,True,Crashes_2010_2019_MPO
100710747,2014-12-21,2014,,19.0,,,0,0,N,0.0,0.0,0.0,,,,,,,,36.05405,-86.68296,False,Crashes_2010_2019_MPO
102070671,2018-07-11,2018,,94.0,,,0,0,N,0.0,0.0,0.0,,,,,,,,35.92684,-86.86656,False,Crashes_2010_2019_MPO
102089620,2018-07-28,2018,,19.0,,,0,0,N,0.0,0.0,0.0,,,,,,,,36.03058,-86.706,False,Crashes_2010_2019_MPO
102030281,2018-06-01,2018,,94.0,,,0,0,N,0.0,0.0,0.0,,,,,,,,35.96198,-86.81518,False,Crashes_2010_2019_MPO
101106573,2016-02-16,2016,,94.0,,,0,0,Y,0.0,0.0,1.0,,,,,,,,35.97598,-86.82947,True,Crashes_2010_2019_MPO
101604698,2017-04-05,2017,,19.0,,,0,0,N,0.0,0.0,0.0,,,,,,,,36.0374,-86.78657,False,Crashes_2010_2019_MPO
101945663,2018-03-16,2018,,19.0,,,0,0,N,0.0,0.0,0.0,,,,,,,,36.01436,-86.67937,False,Crashes_2010_2019_MPO
101819274,2017-11-09,2017,,19.0,,,0,0,N,0.0,0.0,0.0,,,,,,,,36.04116,-86.77647,False,Crashes_2010_2019_MPO
101039041,2015-11-29,2015,,19.0,,,0,0,N,0.0,0.0,0.0,,,,,,,,36.04043,-86.7826,False,Crashes_2010_2019_MPO
100696003,2014-11-24,2014,,19.0,,,0,0,N,0.0,0.0,0.0,,,,,,,,36.03321,-86.78318,True,Crashes_2010_2019_MPO
102450578,2019-07-18,2019,,94.0,,,0,0,N,0.0,0.0,0.0,,,,,,,,35.99922,-86.80923,True,Crashes_2010_2019_MPO
100127510,2011-12-15,2011,,94.0,,,0,0,Y,0.0,0.0,1.0,,,,,,,,35.96441,-86.82292,True,Crashes_2010_2019_MPO
101696940,2017-07-09,2017,,94.0,,,0,0,N,0.0,0.0,0.0,,,,,,,,35.92254,-86.87194,False,Crashes_2010_2019_MPO
100212737,2012-08-08,2012,,94.0,,,0,0,N,0.0,0.0,0.0,,,,,,,,35.97184,-86.82582,True,Crashes_2010_2019_MPO
100336101,2013-05-31,2013,,94.0,,,0,0,N,0.0,0.0,0.0,,,,,,,,35.99511,-86.79758,True,Crashes_2010_2019_MPO
100708389,2014-12-03,2014,,94.0,,,0,0,N,0.0,0.0,0.0,,,,,,,,35.94204,-86.816,False,Crashes_2010_2019_MPO
101975536,2018-04-12,2018,,94.0,,,0,0,N,0.0,0.0,0.0,,,,,,,,35.94584,-86.82549,False,Crashes_2010_2019_MPO
102341054,2019-03-25,2019,,94.0,,,0,0,N,0.0,0.0,0.0,,,,,,,,35.98388,-86.8017,True,Crashes_2010_2019_MPO
100948731,2015-09-11,2015,,94.0,,,0,0,N,0.0,0.0,0.0,,,,,,,,35.93485,-86.8126,False,Crashes_2010_2019_MPO
102131240,2018-09-02,2018,,94.0,,,0,0,N,0.0,0.0,0.0,,,,,,,,35.95816,-86.81113,False,Crashes_2010_2019_MPO
100830820,2015-05-08,2015,,94.0,,,0,0,N,0.0,0.0,0.0,,,,,,,,36.030385,-86.791311,True,Crashes_2010_2019_MPO
100268757,2012-12-19,2012,,94.0,,,0,0,N,0.0,0.0,0.0,,,,,,,,35.93841,-86.8277,False,Crashes_2010_2019_MPO
101277218,2016-07-01,2016,,19.0,,,0,0,N,0.0,0.0,0.0,,,,,,,,36.05234,-86.73878,False,Crashes_2010_2019_MPO
101475578,2016-12-13,2016,,94.0,,,0,0,N,0.0,0.0,0.0,,,,,,,,35.96599,-86.80461,True,Crashes_2010_2019_MPO
101079421,2016-01-18,2016,,94.0,,,0,0,N,0.0,0.0,0.0,,,,,,,,35.97628,-86.80434,True,Crashes_2010_2019_MPO
101361777,2016-09-15,2016,,94.0,,,0,0,N,0.0,0.0,0.0,,,,,,,,35.97713,-86.77161,True,Crashes_2010_2019_MPO
100510156,2014-05-17,2014,,94.0,,,0,0,N,0.0,0.0,0.0,,,,,,,,35.9295,-86.85274,False,Crashes_2010_2019_MPO
101802574,2017-10-24,2017,,19.0,,,0,0,N,0.0,0.0,0.0,,,,,,,,36.03352,-86.71298,False,Crashes_2010_2019_MPO
100591637,2014-08-05,2014,,94.0,,,0,0,N,0.0,0.0,0.0,,,,,,,,35.92947,-86.87556,False,Crashes_2010_2019_MPO
100589991,2014-08-01,2014,,94.0,,,0,0,N,0.0,0.0,0.0,,,,,,,,35.95228,-86.81915,False,Crashes_2010_2019_MPO
10882704,2012-08-21,2012,,19.0,,,0,0, ,0.0,0.0,0.0,,,,,,,,36.019199,-86.709351,False,Crashes_2010_2019_MPO
100593627,2014-08-09,2014,,94.0,,,0,0,N,0.0,0.0,0.0,,,,,,,,35.95276,-86.81225,False,Crashes_2010_2019_MPO
101048941,2015-12-14,2015,,94.0,,,0,0,N,0.0,0.0,0.0,,,,,,,,35.96463,-86.7904,True,Crashes_2010_2019_MPO
102479448,2019-08-16,2019,,94.0,,,0,0,N,0.0,0.0,0.0,,,,,,,,35.94838,-86.80772,False,Crashes_2010_2019_MPO
101715192,2017-07-28,2017,,94.0,,,0,0,N,0.0,0.0,0.0,,,,,,,,35.94187,-86.8208,False,Crashes_2010_2019_MPO
102469821,2019-08-06,2019,,19.0,,,0,0,N,0.0,0.0,0.0,,,,,,,,36.03821,-86.8009,False,Crashes_2010_2019_MPO
102477034,2019-08-14,2019,,19.0,,,0,0,N,0.0,0.0,0.0,,,,,,,,36.0458,-86.78316,False,Crashes_2010_2019_MPO
100980041,2015-10-15,2015,,94.0,,,0,0,N,0.0,0.0,0.0,,,,,,,,35.9324,-86.86253,False,Crashes_2010_2019_MPO
101127283,2016-03-03,2016,,94.0,,,0,0,N,0.0,0.0,0.0,,,,,,,,35.97781,-86.80357,True,Crashes_2010_2019_MPO
101495144,2017-01-03,2017,,19.0,,,0,0,N,0.0,0.0,0.0,,,,,,,,36.04242,-86.71165,False,Crashes_2010_2019_MPO
101927060,2018-02-25,2018,,94.0,,,0,0,N,0.0,0.0,0.0,,,,,,,,35.99004,-86.74528,True,Crashes_2010_2019_MPO
102071465,2018-07-11,2018,,19.0,,,0,0,N,0.0,0.0,0.0,,,,,,,,36.03313,-86.77438,False,Crashes_2010_2019_MPO
101435272,2016-11-09,2016,,94.0,,,0,0,N,0.0,0.0,0.0,,,,,,,,35.92389,-86.8698,False,Crashes_2010_2019_MPO
100857471,2015-06-08,2015,,19.0,,,0,0,N,0.0,0.0,0.0,,,,,,,,36.04732,-86.86273,False,Crashes_2010_2019_MPO
101103183,2016-02-10,2016,,94.0,,,0,0,N,0.0,0.0,0.0,,,,,,,,35.93651,-86.82794,False,Crashes_2010_2019_MPO
101161774,2016-04-09,2016,,94.0,,,0,0,N,0.0,0.0,0.0,,,,,,,,36.03599,-86.7872,True,Crashes_2010_2019_MPO
100797978,2015-03-26,2015,,94.0,,,0,0,N,0.0,0.0,0.0,,,,,,,,35.92978,-86.84176,False,Crashes_2010_2019_MPO
100337500,2013-06-03,2013,,94.0,,,0,0,N,0.0,0.0,0.0,,,,,,,,35.9334,-86.87762,False,Crashes_2010_2019_MPO
100572041,2014-07-11,2014,,94.0,,,0,0,N,0.0,0.0,0.0,,,,,,,,35.94778,-86.81995,False,Crashes_2010_2019_MPO
102094139,2018-08-01,2018,,94.0,,,0,0,N,0.0,0.0,0.0,,,,,,,,35.9638,-86.80842,False,Crashes_2010_2019_MPO
102191176,2018-10-26,2018,,19.0,,,0,0,N,0.0,0.0,0.0,,,,,,,,36.01978,-86.74213,False,Crashes_2010_2019_MPO
100381191,2013-09-20,2013,,94.0,,,0,0,N,0.0,0.0,0.0,,,,,,,,35.94467,-86.82831,False,Crashes_2010_2019_MPO
102578670,2019-11-25,2019,,94.0,,,0,0,N,0.0,0.0,0.0,,,,,,,,35.97262,-86.77517,True,Crashes_2010_2019_MPO
102052499,2018-06-24,2018,,94.0,,,0,0,N,0.0,0.0,0.0,,,,,,,,36.02749,-86.79196,True,Crashes_2010_2019_MPO
102084294,2018-07-23,2018,,94.0,,,0,0,N,0.0,0.0,0.0,,,,,,,,35.95524,-86.84497,False,Crashes_2010_2019_MPO
100803406,2015-04-04,2015,,94.0,,,0,0,N,0.0,0.0,0.0,,,,,,,,35.93435,-86.81911,False,Crashes_2010_2019_MPO
102457522,2019-07-25,2019,,94.0,,,0,0,N,0.0,0.0,0.0,,,,,,,,35.9667,-86.81121,True,Crashes_2010_2019_MPO
100979179,2015-10-14,2015,,19.0,,,0,0,N,0.0,0.0,0.0,,,,,,,,36.04545,-86.71243,False,Crashes_2010_2019_MPO
102454731,2019-07-22,2019,,94.0,,,0,0,N,0.0,0.0,0.0,,,,,,,,35.96647,-86.80949,True,Crashes_2010_2019_MPO
100949974,2015-09-13,2015,,94.0,,,0,0,N,0.0,0.0,0.0,,,,,,,,35.94683,-86.85172,False,Crashes_2010_2019_MPO
100243540,2012-10-26,2012,,94.0,,,0,0,N,0.0,0.0,0.0,,,,,,,,36.00271,-86.8074,True,Crashes_2010_2019_MPO
100430430,2014-01-13,2014,,94.0,,,0,0,N,0.0,0.0,0.0,,,,,,,,35.95879,-86.81551,False,Crashes_2010_2019_MPO
100937287,2015-08-20,2015,,94.0,,,0,0,N,0.0,0.0,0.0,,,,,,,,35.99914,-86.80898,True,Crashes_2010_2019_MPO
102428915,2019-06-25,2019,,19.0,,,0,0,N,0.0,0.0,0.0,,,,,,,,36.05151,-86.71436,False,Crashes_2010_2019_MPO
100459376,2014-02-27,2014,,94.0,,,0,0,N,0.0,0.0,0.0,,,,,,,,35.96852,-86.67763,False,Crashes_2010_2019_MPO
101767246,2017-09-21,2017,,94.0,,,0,0,N,0.0,0.0,0.0,,,,,,,,35.96419,-86.80025,True,Crashes_2010_2019_MPO
100976271,2015-10-09,2015,,19.0,,,0,0,N,0.0,0.0,0.0,,,,,,,,36.01506,-86.72547,False,Crashes_2010_2019_MPO
102034504,2018-06-06,2018,,94.0,,,0,0,N,0.0,0.0,0.0,,,,,,,,35.92373,-86.76683,False,Crashes_2010_2019_MPO
102337479,2019-03-21,2019,,94.0,,,0,0,N,0.0,0.0,0.0,,,,,,,,35.96198,-86.81518,False,Crashes_2010_2019_MPO
102309787,2019-02-19,2019,,19.0,,,0,0,N,0.0,0.0,0.0,,,,,,,,36.04125,-86.7783,False,Crashes_2010_2019_MPO
102196467,2018-10-31,2018,,19.0,,,0,0,N,0.0,0.0,0.0,,,,,,,,36.03658,-86.71331,False,Crashes_2010_2019_MPO
101632301,2017-05-02,2017,,94.0,,,0,0,N,0.0,0.0,0.0,,,,,,,,35.94677,-86.85185,False,Crashes_2010_2019_MPO
100822580,2015-04-23,2015,,94.0,,,0,0,N,0.0,0.0,0.0,,,,,,,,36.03323,-86.78523,True,Crashes_2010_2019_MPO
100313376,2013-04-06,2013,,94.0,,,0,0,N,0.0,0.0,0.0,,,,,,,,36.0082,-86.7871,True,Crashes_2010_2019_MPO