mstrrecnbr,collision_ts,year,county,countystat,crash,crash_type,fatalities,non_motorists,commercial,fatal_c,nonmotor_c,truck_c,fatalc,serious_injuries,ped,bike,lighting,weather,first_harmful_event,latitude,longitude,in_city,src_layer
100997585,2015-10-27,2015,,94.0,,,0,0,N,0.0,0.0,0.0,,,,,,,,35.96745,-86.69681,False,Crashes_2010_2019_MPO
100855953,2015-06-05,2015,,94.0,,,0,1,N,0.0,1.0,0.0,,,,,,,,35.96661,-86.81085,True,Crashes_2010_2019_MPO
101098320,2016-02-02,2016,,94.0,,,0,0,N,0.0,0.0,0.0,,,,,,,,35.95014,-86.80702,False,Crashes_2010_2019_MPO
100706914,2014-12-14,2014,,94.0,,,0,0,N,0.0,0.0,0.0,,,,,,,,36.02607,-86.78385,True,Crashes_2010_2019_MPO
100252415,2012-11-13,2012,,94.0,,,0,0,N,0.0,0.0,0.0,,,,,,,,35.99004,-86.74527,True,Crashes_2010_2019_MPO
102210097,2018-11-13,2018,,94.0,,,0,0,N,0.0,0.0,0.0,,,,,,,,35.98508,-86.72753,True,Crashes_2010_2019_MPO
100936623,2015-08-19,2015,,19.0,,,0,0,N,0.0,0.0,0.0,,,,,,,,36.04537,-86.71326,False,Crashes_2010_2019_MPO
100926150,2015-08-19,2015,,94.0,,,0,0,N,0.0,0.0,0.0,,,,,,,,35.96512,-86.80035,True,Crashes_2010_2019_MPO
100458234,2014-02-27,2014,,94.0,,,0,0,N,0.0,0.0,0.0,,,,,,,,35.97764,-86.77681,True,Crashes_2010_2019_MPO
100655122,2014-10-17,2014,,94.0,,,0,0,N,0.0,0.0,0.0,,,,,,,,35.95074,-86.81847,False,Crashes_2010_2019_MPO
100184851,2012-05-25,2012,,94.0,,,0,0,N,0.0,0.0,0.0,,,,,,,,35.96113,-86.75764,True,Crashes_2010_2019_MPO
100443921,2014-02-16,2014,,94.0,,,0,0,N,0.0,0.0,0.0,,,,,,,,35.92391,-86.87162,False,Crashes_2010_2019_MPO
102558645,2019-11-05,2019,,94.0,,,0,0,N,0.0,0.0,0.0,,,,,,,,35.98459,-86.72524,True,Crashes_2010_2019_MPO
101187856,2016-05-05,2016,,19.0,,,0,0,N,0.0,0.0,0.0,,,,,,,,36.04118,-86.77665,False,Crashes_2010_2019_MPO
101439415,2016-11-14,2016,,19.0,,,0,0,N,0.0,0.0,0.0,,,,,,,,36.03804,-86.79868,False,Crashes_2010_2019_MPO
100970702,2015-10-01,2015,,94.0,,,0,0,N,0.0,0.0,0.0,,,,,,,,35.93446,-86.81991,False,Crashes_2010_2019_MPO
101744499,2017-08-28,2017,,19.0,,,0,0,N,0.0,0.0,0.0,,,,,,,,36.02341,-86.68785,False,Crashes_2010_2019_MPO
101864111,2017-12-20,2017,,19.0,,,0,0,N,0.0,0.0,0.0,,,,,,,,36.04588,-86.77794,False,Crashes_2010_2019_MPO
101530626,2017-01-20,2017,,94.0,,,0,0,N,0.0,0.0,0.0,,,,,,,,35.95276,-86.8126,False,Crashes_2010_2019_MPO
100830083,2015-05-07,2015,,94.0,,,0,0,N,0.0,0.0,0.0,,,,,,,,35.98878,-86.80002,True,Crashes_2010_2019_MPO
102500999,2019-09-06,2019,,94.0,,,0,0,N,0.0,0.0,0.0,,,,,,,,35.96473,-86.81506,True,Crashes_2010_2019_MPO
101315548,2016-07-29,2016,,94.0,,,0,0,Y,0.0,0.0,1.0,,,,,,,,36.03599,-86.7872,True,Crashes_2010_2019_MPO
102503820,2019-09-09,2019,,94.0,,,0,0,N,0.0,0.0,0.0,,,,,,,,35.93219,-86.79405,False,Crashes_2010_2019_MPO
101003599,2015-11-05,2015,,94.0,,,0,0,N,0.0,0.0,0.0,,,,,,,,35.97673,-86.76777,True,Crashes_2010_2019_MPO
100441499,2014-02-10,2014,,94.0,,,0,0,N,0.0,0.0,0.0,,,,,,,,35.94491,-86.84717,False,Crashes_2010_2019_MPO
102277695,2019-01-15,2019,,19.0,,,0,0,N,0.0,0.0,0.0,,,,,,,,36.04853,-86.77554,False,Crashes_2010_2019_MPO
101062352,2015-12-18,2015,,94.0,,,0,0,N,0.0,0.0,0.0,,,,,,,,35.96716,-86.81351,True,Crashes_2010_2019_MPO
100385093,2013-09-29,2013,,94.0,,,0,0,N,0.0,0.0,0.0,,,,,,,,35.96584,-86.80317,True,Crashes_2010_2019_MPO
102372999,2019-04-26,2019,,19.0,,,0,0,N,0.0,0.0,0.0,,,,,,,,36.03741,-86.76856,False,Crashes_2010_2019_MPO
100324295,2013-05-03,2013,,94.0,,,0,0,N,0.0,0.0,0.0,,,,,,,,36.01689,-86.78609,True,Crashes_2010_2019_MPO
102513059,2019-09-18,2019,,94.0,,,0,0,N,0.0,0.0,0.0,,,,,,,,35.93279,-86.86225,False,Crashes_2010_2019_MPO
102007356,2018-05-11,2018,,94.0,,,0,0,N,0.0,0.0,0.0,,,,,,,,35.92738,-86.8687,False,Crashes_2010_2019_MPO
102383480,2019-05-07,2019,,94.0,,,0,0,N,0.0,0.0,0.0,,,,,,,,35.94782,-86.81975,False,Crashes_2010_2019_MPO
100344212,2013-06-19,2013,,94.0,,,0,0,N,0.0,0.0,0.0,,,,,,,,35.96765,-86.81734,True,Crashes_2010_2019_MPO
101181322,2016-04-25,2016,,94.0,,,0,0,N,0.0,0.0,0.0,,,,,,,,36.01338,-86.78509,True,Crashes_2010_2019_MPO
100269271,2012-12-20,2012,,94.0,,,0,0,N,0.0,0.0,0.0,,,,,,,,35.96749,-86.8162,True,Crashes_2010_2019_MPO
101851357,2017-12-07,2017,,94.0,,,0,0,N,0.0,0.0,0.0,,,,,,,,35.94774,-86.85976,False,Crashes_2010_2019_MPO
100663510,2014-10-23,2014,,94.0,,,0,0,N,0.0,0.0,0.0,,,,,,,,36.03051,-86.87585,False,Crashes_2010_2019_MPO
101132258,2016-03-11,2016,,19.0,,,0,0,N,0.0,0.0,0.0,,,,,,,,36.04536,-86.71337,False,Crashes_2010_2019_MPO
101425496,2016-10-28,2016,,19.0,,,0,0,N,0.0,0.0,0.0,,,,,,,,36.0409,-86.77938,False,Crashes_2010_2019_MPO
102188704,2018-10-25,2018,,94.0,,,0,0,N,0.0,0.0,0.0,,,,,,,,35.95408,-86.81178,False,Crashes_2010_2019_MPO
102303772,2019-02-12,2019,,19.0,,,0,0,N,0.0,0.0,0.0,,,,,,,,36.04754,-86.86358,False,Crashes_2010_2019_MPO
101459249,2016-11-25,2016,,19.0,,,0,0,N,0.0,0.0,0.0,,,,,,,,36.05366,-86.71502,False,Crashes_2010_2019_MPO
101303225,2016-07-26,2016,,94.0,,,0,0,N,0.0,0.0,0.0,,,,,,,,35.93423,-86.81894,False,Crashes_2010_2019_MPO
100978657,2015-10-13,2015,,94.0,,,0,0,N,0.0,0.0,0.0,,,,,,,,36.035316,-86.792,True,Crashes_2010_2019_MPO
102356538,2019-04-10,2019,,94.0,,,0,0,N,0.0,0.0,0.0,,,,,,,,36.01286,-86.80081,True,Crashes_2010_2019_MPO
101670053,2017-06-10,2017,,94.0,,,0,0,N,0.0,0.0,0.0,,,,,,,,35.9253,-86.87308,False,Crashes_2010_2019_MPO
100968296,2015-09-27,2015,,19.0,,,0,0,N,0.0,0.0,0.0,,,,,,,,36.04231,-86.72652,False,Crashes_2010_2019_MPO
102380638,2019-05-03,2019,,94.0,,,0,0,N,0.0,0.0,0.0,,,,,,,,35.95526,-86.82588,False,Crashes_2010_2019_MPO
100924824,2015-08-17,2015,,94.0,,,0,0,N,0.0,0.0,0.0,,,,,,,,35.96585,-86.80322,True,Crashes_2010_2019_MPO
101130417,2016-03-09,2016,,94.0,,,0,0,N,0.0,0.0,0.0,,,,,,,,35.9583,-86.8023,False,Crashes_2010_2019_MPO
101481856,2016-12-19,2016,,94.0,,,0,0,N,0.0,0.0,0.0,,,,,,,,35.94587,-86.82589,False,Crashes_2010_2019_MPO
101396663,2016-10-05,2016,,94.0,,,0,0,N,0.0,0.0,0.0,,,,,,,,35.96124,-86.81187,False,Crashes_2010_2019_MPO
100708470,2014-12-17,2014,,94.0,,,0,0,N,0.0,0.0,0.0,,,,,,,,35.96943,-86.80704,True,Crashes_2010_2019_MPO
100700952,2014-12-04,2014,,19.0,,,0,0,N,0.0,0.0,0.0,,,,,,,,36.05062,-86.87803,False,Crashes_2010_2019_MPO
101042116,2015-12-03,2015,,94.0,,,0,0,N,0.0,0.0,0.0,,,,,,,,35.98837,-86.80016,True,Crashes_2010_2019_MPO
101497771,2017-01-06,2017,,19.0,,,0,0,N,0.0,0.0,0.0,,,,,,,,36.03902,-86.7838,False,Crashes_2010_2019_MPO
102498192,2019-09-03,2019,,19.0,,,0,0,N,0.0,0.0,0.0,,,,,,,,36.05,-86.69581,False,Crashes_2010_2019_MPO
101365987,2016-09-21,2016,,19.0,,,0,0,N,0.0,0.0,0.0,,,,,,,,36.0351,-86.78305,False,Crashes_2010_2019_MPO
100853066,2015-05-29,2015,,94.0,,,0,0,N,0.0,0.0,0.0,,,,,,,,35.94457,-86.82838,False,Crashes_2010_2019_MPO
101930111,2018-03-01,2018,,19.0,,,0,0,N,0.0,0.0,0.0,,,,,,,,36.04017,-86.76838,False,Crashes_2010_2019_MPO
101642148,2017-05-12,2017,,19.0,,,0,0,N,0.0,0.0,0.0,,,,,,,,36.02202,-86.69038,False,Crashes_2010_2019_MPO
101923491,2018-02-21,2018,,94.0,,,0,0,N,0.0,0.0,0.0,,,,,,,,36.01575,-86.82116,True,Crashes_2010_2019_MPO
102111012,2018-08-15,2018,,94.0,,,0,0,N,0.0,0.0,0.0,,,,,,,,36.01978,-86.74861,False,Crashes_2010_2019_MPO
100352830,2013-07-10,2013,,94.0,,,0,0,N,0.0,0.0,0.0,,,,,,,,35.94689,-86.85175,False,Crashes_2010_2019_MPO
100980768,2015-10-17,2015,,94.0,,,0,0,N,0.0,0.0,0.0,,,,,,,,36.01228,-86.82704,True,Crashes_2010_2019_MPO
100403136,2013-11-04,2013,,94.0,,,0,0,N,0.0,0.0,0.0,,,,,,,,35.99562,-86.7974,True,Crashes_2010_2019_MPO
100165186,2012-03-29,2012,,94.0,,,0,0,N,0.0,0.0,0.0,,,,,,,,35.96505,-86.69355,False,Crashes_2010_2019_MPO
100837516,2015-05-20,2015,,19.0,,,0,0,N,0.0,0.0,0.0,,,,,,,,36.03974,-86.75562,False,Crashes_2010_2019_MPO
102500057,2019-09-05,2019,,94.0,,,0,0,N,0.0,0.0,0.0,,,,,,,,35.97878,-86.75282,True,Crashes_2010_2019_MPO
100872600,2015-06-18,2015,,19.0,,,0,0,N,0.0,0.0,0.0,,,,,,,,36.02953,-86.79082,True,Crashes_2010_2019_MPO
101601935,2017-04-03,2017,,19.0,,,0,0,N,0.0,0.0,0.0,,,,,,,,36.04063,-86.78258,False,Crashes_2010_2019_MPO
101731352,2017-08-15,2017,,94.0,,,0,0,N,0.0,0.0,0.0,,,,,,,,36.03131,-86.78842,True,Crashes_2010_2019_MPO
100715420,2014-12-31,2014,,19.0,,,0,0,N,0.0,0.0,0.0,,,,,,,,36.02209,-86.74263,False,Crashes_2010_2019_MPO
100321807,2013-04-27,2013,,94.0,,,0,0,N,0.0,0.0,0.0,,,,,,,,35.94534,-86.84802,False,Crashes_2010_2019_MPO
101366396,2016-09-21,2016,,19.0,,,0,0,N,0.0,0.0,0.0,,,,,,,,36.04001,-86.74347,False,Crashes_2010_2019_MPO
102176001,2018-10-12,2018,,94.0,,,0,0,N,0.0,0.0,0.0,,,,,,,,35.99781,-86.79886,True,Crashes_2010_2019_MPO
100432740,2014-01-19,2014,,94.0,,,0,0,N,0.0,0.0,0.0,,,,,,,,35.94632,-86.8236,False,Crashes_2010_2019_MPO
100381022,2013-09-19,2013,,94.0,,,0,0,N,0.0,0.0,0.0,,,,,,,,35.95784,-86.80256,False,Crashes_2010_2019_MPO
100658922,2014-10-25,2014,,94.0,,,0,0,N,0.0,0.0,0.0,,,,,,,,35.99812,-86.79673,True,Crashes_2010_2019_MPO
102265761,2019-01-03,2019,,19.0,,,0,0,N,0.0,0.0,0.0,,,,,,,,35.99733,-86.69052,False,Crashes_2010_2019_MPO
100973453,2015-10-02,2015,,94.0,,,0,0,N,0.0,0.0,0.0,,,,,,,,36.01938,-86.76848,True,Crashes_2010_2019_MPO
102017450,2018-05-21,2018,,94.0,,,0,0,N,0.0,0.0,0.0,,,,,,,,35.95806,-86.76773,True,Crashes_2010_2019_MPO
101095478,2016-01-21,2016,,94.0,,,0,0,N,0.0,0.0,0.0,,,,,,,,35.99156,-86.79881,True,Crashes_2010_2019_MPO
100945479,2015-09-04,2015,,19.0,,,0,0,N,0.0,0.0,0.0,,,,,,,,36.04118,-86.7766,False,Crashes_2010_2019_MPO
101043635,2015-12-05,2015,,94.0,,,0,0,N,0.0,0.0,0.0,,,,,,,,35.96194,-86.81477,False,Crashes_2010_2019_MPO
100940951,2015-08-28,2015,,94.0,,,0,0,N,0.0,0.0,0.0,,,,,,,,36.0322,-86.80375,True,Crashes_2010_2019_MPO
102484911,2019-08-22,2019,,19.0,,,0,0,N,0.0,0.0,0.0,,,,,,,,36.0456,-86.7108,False,Crashes_2010_2019_MPO
102524999,2019-09-30,2019,,94.0,,,0,0,N,0.0,0.0,0.0,,,,,,,,35.99781,-86.79886,True,Crashes_2010_2019_MPO
101900798,2018-01-29,2018,,94.0,,,0,0,N,0.0,0.0,0.0,,,,,,,,35.92456,-86.80681,False,Crashes_2010_2019_MPO
100633530,2014-09-25,2014,,94.0,,,0,0,N,0.0,0.0,0.0,,,,,,,,35.9689,-86.71432,True,Crashes_2010_2019_MPO
102272459,2019-01-10,2019,,19.0,,,0,0,N,0.0,0.0,0.0,,,,,,,,36.0374,-86.78657,False,Crashes_2010_2019_MPO
101586642,2017-03-17,2017,,94.0,,,0,0,N,0.0,0.0,0.0,,,,,,,,35.96716,-86.81351,True,Crashes_2010_2019_MPO
101714434,2017-07-27,2017,,94.0,,,0,0,N,0.0,0.0,0.0,,,,,,,,35.94337,-86.80988,False,Crashes_2010_2019_MPO
100720960,2015-01-12,2015,,94.0,,,0,0,N,0.0,0.0,0.0,,,,,,,,36.01369,-86.80502,True,Crashes_2010_2019_MPO
100850337,2015-05-26,2015,,94.0,,,0,0,N,0.0,0.0,0.0,,,,,,,,36.03686,-86.80184,True,Crashes_2010_2019_MPO
101555614,2017-02-15,2017,,94.0,,,0,0,N,0.0,0.0,0.0,,,,,,,,35.99539,-86.77771,True,Crashes_2010_2019_MPO
102068764,2018-07-09,2018,,19.0,,,0,0,N,0.0,0.0,0.0,,,,,,,,36.0456,-86.71089,False,Crashes_2010_2019_MPO
101849169,2017-12-05,2017,,94.0,,,0,0,N,0.0,0.0,0.0,,,,,,,,35.96133,-86.81226,False,Crashes_2010_2019_MPO
101768844,2017-09-22,2017,,19.0,,,0,0,N,0.0,0.0,0.0,,,,,,,,36.04061,-86.77992,False,Crashes_2010_2019_MPO
100509218,2014-05-15,2014,,94.0,,,0,0,N,0.0,0.0,0.0,,,,,,,,36.02785,-86.79176,True,Crashes_2010_2019_MPO
102216277,2018-11-15,2018,,94.0,,,0,0,N,0.0,0.0,0.0,,,,,,,,35.99844,-86.85401,False,Crashes_2010_2019_MPO
102155665,2018-09-20,2018,,94.0,,,0,0,N,0.0,0.0,0.0,,,,,,,,35.9638,-86.80842,False,Crashes_2010_2019_MPO
102267670,2019-01-05,2019,,19.0,,,0,0,N,0.0,0.0,0.0,,,,,,,,36.03914,-86.74342,False,Crashes_2010_2019_MPO
102442973,2019-07-09,2019,,19.0,,,0,0,N,0.0,0.0,0.0,,,,,,,,36.0472,-86.71348,False,Crashes_2010_2019_MPO
100213318,2012-08-10,2012,,94.0,,,0,0,N,0.0,0.0,0.0,,,,,,,,35.96486,-86.7926,True,Crashes_2010_2019_MPO
101428191,2016-11-01,2016,,94.0,,,0,0,N,0.0,0.0,0.0,,,,,,,,36.02884,-86.7912,True,Crashes_2010_2019_MPO
101977398,2018-04-14,2018,,94.0,,,0,0,N,0.0,0.0,0.0,,,,,,,,35.99238,-86.75624,True,Crashes_2010_2019_MPO
102197069,2018-10-31,2018,,94.0,,,0,0,N,0.0,0.0,0.0,,,,,,,,36.03336,-86.78872,True,Crashes_2010_2019_MPO
101454050,2016-11-18,2016,,19.0,,,0,0,N,0.0,0.0,0.0,,,,,,,,36.03979,-86.7428,False,Crashes_2010_2019_MPO
101454008,2016-11-18,2016,,19.0,,,0,0,N,0.0,0.0,0.0,,,,,,,,36.00236,-86.69677,False,Crashes_2010_2019_MPO
102352099,2019-04-06,2019,,19.0,,,0,0,N,0.0,0.0,0.0,,,,,,,,36.0399,-86.71278,False,Crashes_2010_2019_MPO
102362912,2019-04-16,2019,,94.0,,,0,0,N,0.0,0.0,0.0,,,,,,,,35.97746,-86.77457,True,Crashes_2010_2019_MPO
102109945,2018-08-14,2018,,94.0,,,0,0,N,0.0,0.0,0.0,,,,,,,,35.98125,-86.84602,False,Crashes_2010_2019_MPO
101430403,2016-11-03,2016,,94.0,,,0,0,N,0.0,0.0,0.0,,,,,,,,35.98903,-86.77769,True,Crashes_2010_2019_MPO
101278296,2016-07-03,2016,,19.0,,,0,0,N,0.0,0.0,0.0,,,,,,,,36.04942,-86.7059,False,Crashes_2010_2019_MPO
100654526,2014-10-16,2014,,19.0,,,0,0,N,0.0,0.0,0.0,,,,,,,,36.04234,-86.78224,False,Crashes_2010_2019_MPO
102297092,2019-02-04,2019,,94.0,,,0,0,N,0.0,0.0,0.0,,,,,,,,35.95187,-86.74053,True,Crashes_2010_2019_MPO
101334138,2016-08-23,2016,,94.0,,,0,0,N,0.0,0.0,0.0,,,,,,,,36.03318,-86.78282,True,Crashes_2010_2019_MPO
100944087,2015-09-02,2015,,94.0,,,0,0,N,0.0,0.0,0.0,,,,,,,,35.94674,-86.85179,False,Crashes_2010_2019_MPO
101547612,2017-02-07,2017,,94.0,,,0,0,N,0.0,0.0,0.0,,,,,,,,35.96765,-86.81341,True,Crashes_2010_2019_MPO
100994370,2015-10-23,2015,,94.0,,,0,0,N,0.0,0.0,0.0,,,,,,,,36.02605,-86.79201,True,Crashes_2010_2019_MPO
102142630,2018-09-12,2018,,94.0,,,0,0,N,0.0,0.0,0.0,,,,,,,,35.99781,-86.79886,True,Crashes_2010_2019_MPO
101279375,2016-07-05,2016,,94.0,,,0,0,N,0.0,0.0,0.0,,,,,,,,35.92478,-86.87225,False,Crashes_2010_2019_MPO
101636600,2017-05-05,2017,,94.0,,,0,0,N,0.0,0.0,0.0,,,,,,,,35.98439,-86.72434,True,Crashes_2010_2019_MPO
102148892,2018-09-18,2018,,94.0,,,0,0,N,0.0,0.0,0.0,,,,,,,,35.9912,-86.68349,False,Crashes_2010_2019_MPO
100277477,2013-01-10,2013,,94.0,,,0,0,N,0.0,0.0,0.0,,,,,,,,35.96124,-86.73842,True,Crashes_2010_2019_MPO
101704728,2017-07-18,2017,,19.0,,,0,0,N,0.0,0.0,0.0,,,,,,,,36.0409,-86.77938,False,Crashes_2010_2019_MPO
101076295,2016-01-12,2016,,94.0,,,0,0,N,0.0,0.0,0.0,,,,,,,,35.96498,-86.79423,True,Crashes_2010_2019_MPO
100233795,2012-10-02,2012,,94.0,,,0,0,N,0.0,0.0,0.0,,,,,,,,36.02902,-86.86004,False,Crashes_2010_2019_MPO
102136152,2018-09-06,2018,,19.0,,,0,0,N,0.0,0.0,0.0,,,,,,,,36.0254,-86.71304,False,Crashes_2010_2019_MPO
100617236,2014-09-10,2014,,94.0,,,0,0,N,0.0,0.0,0.0,,,,,,,,35.93626,-86.82805,False,Crashes_2010_2019_MPO
100772884,2015-03-16,2015,,94.0,,,0,0,N,0.0,0.0,0.0,,,,,,,,35.98424,-86.72381,True,Crashes_2010_2019_MPO
102316062,2019-02-26,2019,,19.0,,,0,0,N,0.0,0.0,0.0,,,,,,,,36.01538,-86.70566,False,Crashes_2010_2019_MPO
101700421,2017-07-13,2017,,19.0,,,0,0,N,0.0,0.0,0.0,,,,,,,,36.04547,-86.71218,False,Crashes_2010_2019_MPO
100852245,2015-05-29,2015,,94.0,,,0,0,N,0.0,0.0,0.0,,,,,,,,35.92703,-86.86845,False,Crashes_2010_2019_MPO
101845331,2017-12-01,2017,,19.0,,,0,0,N,0.0,0.0,0.0,,,,,,,,36.04,-86.76839,False,Crashes_2010_2019_MPO
101697856,2017-07-10,2017,,94.0,,,0,0,N,0.0,0.0,0.0,,,,,,,,35.92668,-86.87016,False,Crashes_2010_2019_MPO
102419026,2019-06-14,2019,,19.0,,,0,0,N,0.0,0.0,0.0,,,,,,,,36.0473,-86.86274,False,Crashes_2010_2019_MPO
102061845,2018-07-02,2018,,94.0,,,0,0,N,0.0,0.0,0.0,,,,,,,,35.94082,-86.83944,False,Crashes_2010_2019_MPO
101121280,2016-02-23,2016,,94.0,,,0,0,N,0.0,0.0,0.0,,,,,,,,35.94559,-86.80541,False,Crashes_2010_2019_MPO
100552407,2014-06-18,2014,,94.0,,,0,0,N,0.0,0.0,0.0,,,,,,,,35.97111,-86.71485,True,Crashes_2010_2019_MPO
101157225,2016-04-04,2016,,94.0,,,0,0,N,0.0,0.0,0.0,,,,,,,,35.9967,-86.81058,True,Crashes_2010_2019_MPO
100259696,2012-11-30,2012,,94.0,,,0,0,Y,0.0,0.0,1.0,,,,,,,,35.99099,-86.75169,True,Crashes_2010_2019_MPO
100367417,2013-08-15,2013,,19.0,,,0,0,N,0.0,0.0,0.0,,,,,,,,36.03123,-86.87562,False,Crashes_2010_2019_MPO
101810438,2017-10-31,2017,,19.0,,,0,0,N,0.0,0.0,0.0,,,,,,,,36.04838,-86.86664,False,Crashes_2010_2019_MPO
102578856,2019-11-25,2019,,94.0,,,0,0,N,0.0,0.0,0.0,,,,,,,,36.03336,-86.78872,True,Crashes_2010_2019_MPO
102084101,2018-07-23,2018,,19.0,,,0,0,N,0.0,0.0,0.0,,,,,,,,36.03995,-86.78093,False,Crashes_2010_2019_MPO
100499610,2014-04-22,2014,,94.0,,,0,0,N,0.0,0.0,0.0,,,,,,,,35.96697,-86.67686,False,Crashes_2010_2019_MPO
100633559,2014-09-25,2014,,94.0,,,0,0,N,0.0,0.0,0.0,,,,,,,,35.92612,-86.7258,False,Crashes_2010_2019_MPO
101974832,2018-04-12,2018,,19.0,,,0,0,N,0.0,0.0,0.0,,,,,,,,36.0323,-86.71277,False,Crashes_2010_2019_MPO
101190357,2016-05-08,2016,,19.0,,,0,0,N,0.0,0.0,0.0,,,,,,,,36.04095,-86.78142,False,Crashes_2010_2019_MPO
102611138,2019-12-30,2019,,94.0,,,0,0,N,0.0,0.0,0.0,,,,,,,,35.92267,-86.87072,False,Crashes_2010_2019_MPO
102572462,2019-11-18,2019,,19.0,,,0,0,N,0.0,0.0,0.0,,,,,,,,36.04639,-86.71338,False,Crashes_2010_2019_MPO
101825307,2017-11-14,2017,,94.0,,,0,0,N,0.0,0.0,0.0,,,,,,,,35.93914,-86.79715,False,Crashes_2010_2019_MPO
101196225,2016-05-14,2016,,94.0,,,0,0,N,0.0,0.0,0.0,,,,,,,,35.96791,-86.81837,True,Crashes_2010_2019_MPO
102210966,2018-11-14,2018,,94.0,,,0,0,N,0.0,0.0,0.0,,,,,,,,36.03311,-86.78656,True,Crashes_2010_2019_MPO
102566905,2019-11-13,2019,,19.0,,,0,0,N,0.0,0.0,0.0,,,,,,,,36.05482,-86.77531,False,Crashes_2010_2019_MPO
101101196,2016-02-06,2016,,94.0,,,0,0,N,0.0,0.0,0.0,,,,,,,,35.94683,-86.85172,False,Crashes_2010_2019_MPO
101822084,2017-11-11,2017,,94.0,,,0,0,N,0.0,0.0,0.0,,,,,,,,35.94765,-86.81971,False,Crashes_2010_2019_MPO
101986434,2018-04-22,2018,,94.0,,,0,0,N,0.0,0.0,0.0,,,,,,,,35.97271,-86.77521,True,Crashes_2010_2019_MPO
101474261,2016-12-11,2016,,19.0,,,0,0,N,0.0,0.0,0.0,,,,,,,,36.02203,-86.73898,False,Crashes_2010_2019_MPO
101096345,2016-01-23,2016,,19.0,,,0,0,N,0.0,0.0,0.0,,,,,,,,36.0321,-86.71273,False,Crashes_2010_2019_MPO
101881397,2018-01-08,2018,,19.0,,,0,0,N,0.0,0.0,0.0,,,,,,,,36.04171,-86.74823,False,Crashes_2010_2019_MPO
100750056,2015-02-18,2015,,19.0,,,0,0,N,0.0,0.0,0.0,,,,,,,,36.03957,-86.71984,False,Crashes_2010_2019_MPO
101639227,2017-05-09,2017,,19.0,,,0,0,N,0.0,0.0,0.0,,,,,,,,36.05263,-86.71471,False,Crashes_2010_2019_MPO
101033703,2015-11-20,2015,,19.0,,,0,0,N,0.0,0.0,0.0,,,,,,,,36.03306,-86.77382,False,Crashes_2010_2019_MPO
101210188,2016-05-22,2016,,19.0,,,0,0,N,0.0,0.0,0.0,,,,,,,,36.02176,-86.70526,False,Crashes_2010_2019_MPO
100937985,2015-08-23,2015,,94.0,,,0,0,N,0.0,0.0,0.0,,,,,,,,35.9232,-86.767,False,Crashes_2010_2019_MPO
102253892,2018-12-21,2018,,94.0,,,0,0,N,0.0,0.0,0.0,,,,,,,,35.96559,-86.81146,False,Crashes_2010_2019_MPO
100435792,2014-01-27,2014,,94.0,,,0,0,N,0.0,0.0,0.0,,,,,,,,35.94677,-86.85185,False,Crashes_2010_2019_MPO
100721764,2015-01-14,2015,,19.0,,,0,0,N,0.0,0.0,0.0,,,,,,,,36.03522,-86.78294,False,Crashes_2010_2019_MPO
101649486,2017-05-19,2017,,94.0,,,0,0,N,0.0,0.0,0.0,,,,,,,,35.96681,-86.81119,True,Crashes_2010_2019_MPO
100421054,2013-12-18,2013,,94.0,,,0,0,N,0.0,0.0,0.0,,,,,,,,35.9787,-86.75365,True,Crashes_2010_2019_MPO
101597289,2017-03-29,2017,,94.0,,,0,0,N,0.0,0.0,0.0,,,,,,,,36.03639,-86.78697,False,Crashes_2010_2019_MPO
101911284,2018-02-09,2018,,19.0,,,0,0,N,0.0,0.0,0.0,,,,,,,,36.03971,-86.76279,False,Crashes_2010_2019_MPO
102017456,2018-05-21,2018,,94.0,,,0,0,N,0.0,0.0,0.0,,,,,,,,35.93697,-86.82269,False,Crashes_2010_2019_MPO
102106742,2018-08-11,2018,,19.0,,,0,0,N,0.0,0.0,0.0,,,,,,,,36.05347,-86.71497,False,Crashes_2010_2019_MPO
101184718,2016-04-30,2016,,94.0,,,0,0,N,0.0,0.0,0.0,,,,,,,,35.95963,-86.80184,False,Crashes_2010_2019_MPO
102137317,2018-09-07,2018,,19.0,,,0,0,N,0.0,0.0,0.0,,,,,,,,35.99601,-86.69076,False,Crashes_2010_2019_MPO
102095200,2018-08-02,2018,,94.0,,,0,0,N,0.0,0.0,0.0,,,,,,,,35.94782,-86.81975,False,Crashes_2010_2019_MPO
100425911,2013-12-31,2013,,94.0,,,0,0,N,0.0,0.0,0.0,,,,,,,,36.03066,-86.78358,True,Crashes_2010_2019_MPO
101648853,2017-05-18,2017,,94.0,,,0,0,N,0.0,0.0,0.0,,,,,,,,35.96681,-86.81119,True,Crashes_2010_2019_MPO
102021606,2018-05-25,2018,,19.0,,,0,0,N,0.0,0.0,0.0,,,,,,,,36.03892,-86.78274,False,Crashes_2010_2019_MPO
101710256,2017-07-20,2017,,94.0,,,0,0,N,0.0,0.0,0.0,,,,,,,,36.00492,-86.79005,True,Crashes_2010_2019_MPO
100752624,2015-02-24,2015,,19.0,,,0,0,N,0.0,0.0,0.0,,,,,,,,36.0367,-86.78266,False,Crashes_2010_2019_MPO
100942164,2015-08-19,2015,,19.0,,,0,0,N,0.0,0.0,0.0,,,,,,,,36.02247,-86.70742,False,Crashes_2010_2019_MPO
101077523,2016-01-14,2016,,19.0,,,0,0,N,0.0,0.0,0.0,,,,,,,,36.04004,-86.74391,False,Crashes_2010_2019_MPO
101741525,2017-08-23,2017,,94.0,,,0,0,N,0.0,0.0,0.0,,,,,,,,36.01689,-86.78609,True,Crashes_2010_2019_MPO
102145295,2018-09-14,2018,,19.0,,,0,0,N,0.0,0.0,0.0,,,,,,,,36.04114,-86.77621,False,Crashes_2010_2019_MPO
102019979,2018-05-23,2018,,94.0,,,0,0,N,0.0,0.0,0.0,,,,,,,,35.94587,-86.8233,False,Crashes_2010_2019_MPO