mstrrecnbr,collision_ts,year,county,countystat,crash,crash_type,fatalities,non_motorists,commercial,fatal_c,nonmotor_c,truck_c,fatalc,serious_injuries,ped,bike,lighting,weather,first_harmful_event,latitude,longitude,in_city,src_layer
102508321,2019-09-13,2019,,94.0,,,0,0,N,0.0,0.0,0.0,,,,,,,,36.01568,-86.84598,True,Crashes_2010_2019_MPO
100395774,2013-10-24,2013,,94.0,,,0,0,N,0.0,0.0,0.0,,,,,,,,36.00115,-86.79426,True,Crashes_2010_2019_MPO
102497325,2019-09-03,2019,,94.0,,,0,0,N,0.0,0.0,0.0,,,,,,,,35.997464,-86.794601,True,Crashes_2010_2019_MPO
101623854,2017-04-21,2017,,94.0,,,0,0,N,0.0,0.0,0.0,,,,,,,,35.93446,-86.81991,False,Crashes_2010_2019_MPO
100795001,2015-03-20,2015,,19.0,,,0,0,N,0.0,0.0,0.0,,,,,,,,35.99753,-86.69084,False,Crashes_2010_2019_MPO
102271530,2019-01-09,2019,,94.0,,,0,0,Y,0.0,0.0,1.0,,,,,,,,35.99368,-86.82906,True,Crashes_2010_2019_MPO
100704924,2014-12-11,2014,,94.0,,,0,0,N,0.0,0.0,0.0,,,,,,,,35.97044,-86.7738,True,Crashes_2010_2019_MPO
102462491,2019-07-30,2019,,94.0,,,0,0,N,0.0,0.0,0.0,,,,,,,,35.92609,-86.87139,False,Crashes_2010_2019_MPO
100431644,2014-01-10,2014,,94.0,,,0,0,N,0.0,0.0,0.0,,,,,,,,35.94948,-86.80721,False,Crashes_2010_2019_MPO
101602438,2017-04-03,2017,,19.0,,,0,0,N,0.0,0.0,0.0,,,,,,,,36.03164,-86.71266,False,Crashes_2010_2019_MPO
101333837,2016-08-22,2016,,94.0,,,0,0,N,0.0,0.0,0.0,,,,,,,,35.93967,-86.87745,False,Crashes_2010_2019_MPO
101980438,2018-04-16,2018,,94.0,,,0,0,N,0.0,0.0,0.0,,,,,,,,36.00297,-86.79206,True,Crashes_2010_2019_MPO
101877123,2018-01-03,2018,,94.0,,,0,0,N,0.0,0.0,0.0,,,,,,,,35.93506,-86.81865,False,Crashes_2010_2019_MPO
102298380,2019-02-06,2019,,94.0,,,0,0,N,0.0,0.0,0.0,,,,,,,,35.94738,-86.85502,False,Crashes_2010_2019_MPO
102276954,2019-01-14,2019,,19.0,,,0,0,N,0.0,0.0,0.0,,,,,,,,36.04888,-86.8614,False,Crashes_2010_2019_MPO
101230544,2016-05-23,2016,,94.0,,,0,0,N,0.0,0.0,0.0,,,,,,,,35.99782,-86.79661,True,Crashes_2010_2019_MPO
102522896,2019-09-27,2019,,94.0,,,0,0,N,0.0,0.0,0.0,,,,,,,,35.97419,-86.80507,True,Crashes_2010_2019_MPO
101072547,2016-01-04,2016,,19.0,,,0,0,N,0.0,0.0,0.0,,,,,,,,36.00097,-86.69185,False,Crashes_2010_2019_MPO
100803956,2015-04-07,2015,,19.0,,,0,0,N,0.0,0.0,0.0,,,,,,,,36.04001,-86.78124,False,Crashes_2010_2019_MPO
100543719,2014-05-27,2014,,94.0,,,0,0,N,0.0,0.0,0.0,,,,,,,,36.01724,-86.79778,True,Crashes_2010_2019_MPO
101080834,2016-01-20,2016,,94.0,,,0,0,N,0.0,0.0,0.0,,,,,,,,35.93666,-86.69463,False,Crashes_2010_2019_MPO
100945957,2015-09-06,2015,,94.0,,,0,0,N,0.0,0.0,0.0,,,,,,,,36.02925,-86.7691,True,Crashes_2010_2019_MPO
102541860,2019-10-18,2019,,94.0,,,0,0,N,0.0,0.0,0.0,,,,,,,,36.02662,-86.78481,True,Crashes_2010_2019_MPO
102162023,2018-09-29,2018,,19.0,,,0,0,N,0.0,0.0,0.0,,,,,,,,36.04024,-86.78053,False,Crashes_2010_2019_MPO
101159211,2016-04-07,2016,,94.0,,,0,0,N,0.0,0.0,0.0,,,,,,,,35.97195,-86.83427,False,Crashes_2010_2019_MPO
102347649,2019-04-01,2019,,19.0,,,0,0,N,0.0,0.0,0.0,,,,,,,,36.03113,-86.75141,False,Crashes_2010_2019_MPO
102160346,2018-09-28,2018,,94.0,,,0,0,N,0.0,0.0,0.0,,,,,,,,36.03522,-86.78765,True,Crashes_2010_2019_MPO
101006808,2015-11-09,2015,,94.0,,,0,0,N,0.0,0.0,0.0,,,,,,,,35.93979,-86.67971,False,Crashes_2010_2019_MPO
102168356,2018-10-05,2018,,94.0,,,0,0,N,0.0,0.0,0.0,,,,,,,,35.9505,-86.76617,True,Crashes_2010_2019_MPO
100678602,2014-11-06,2014,,94.0,,,0,0,N,0.0,0.0,0.0,,,,,,,,35.94046,-86.82126,False,Crashes_2010_2019_MPO
101679638,2017-06-21,2017,,94.0,,,0,0,N,0.0,0.0,0.0,,,,,,,,35.96699,-86.81237,True,Crashes_2010_2019_MPO
101995810,2018-05-01,2018,,19.0,,,0,0,N,0.0,0.0,0.0,,,,,,,,36.02534,-86.71304,False,Crashes_2010_2019_MPO
102174577,2018-10-11,2018,,94.0,,,0,0,Y,0.0,0.0,1.0,,,,,,,,35.95834,-86.80203,False,Crashes_2010_2019_MPO
100751862,2015-02-23,2015,,19.0,,,0,0,N,0.0,0.0,0.0,,,,,,,,36.0414,-86.77981,False,Crashes_2010_2019_MPO
100501868,2014-04-28,2014,,94.0,,,0,0,N,0.0,0.0,0.0,,,,,,,,35.93776,-86.82825,False,Crashes_2010_2019_MPO
101397122,2016-10-06,2016,,94.0,,,0,0,N,0.0,0.0,0.0,,,,,,,,35.98826,-86.8002,True,Crashes_2010_2019_MPO
102311268,2019-02-21,2019,,19.0,,,0,0,N,0.0,0.0,0.0,,,,,,,,36.0339,-86.69274,False,Crashes_2010_2019_MPO
101405689,2016-10-16,2016,,94.0,,,0,0,N,0.0,0.0,0.0,,,,,,,,36.01286,-86.80081,True,Crashes_2010_2019_MPO
101403651,2016-10-14,2016,,19.0,,,0,0,N,0.0,0.0,0.0,,,,,,,,36.03264,-86.76969,False,Crashes_2010_2019_MPO
100373815,2013-08-31,2013,,94.0,,,0,0,N,0.0,0.0,0.0,,,,,,,,35.93189,-86.79438,False,Crashes_2010_2019_MPO
100041392,2011-03-16,2011,,94.0,,,0,0,N,0.0,0.0,0.0,,,,,,,,36.0304,-86.8758,False,Crashes_2010_2019_MPO
102600339,2019-12-17,2019,,19.0,,,0,0,N,0.0,0.0,0.0,,,,,,,,35.99125,-86.6822,False,Crashes_2010_2019_MPO
101610109,2017-04-10,2017,,19.0,,,0,0,N,0.0,0.0,0.0,,,,,,,,36.02023,-86.71027,False,Crashes_2010_2019_MPO
10569347,2010-05-28,2010,,19.0,,,0,0, ,0.0,0.0,0.0,,,,,,,,36.039714,-86.781581,False,Crashes_2010_2019_MPO
101629789,2017-04-29,2017,,19.0,,,0,0,N,0.0,0.0,0.0,,,,,,,,36.04537,-86.71326,False,Crashes_2010_2019_MPO
102417348,2019-06-12,2019,,19.0,,,0,0,N,0.0,0.0,0.0,,,,,,,,36.04026,-86.8164,False,Crashes_2010_2019_MPO
102590374,2019-12-06,2019,,94.0,,,0,0,N,0.0,0.0,0.0,,,,,,,,35.9476,-86.81992,False,Crashes_2010_2019_MPO
101675437,2017-06-16,2017,,94.0,,,0,0,N,0.0,0.0,0.0,,,,,,,,36.033115,-86.782776,True,Crashes_2010_2019_MPO
101579350,2017-03-10,2017,,19.0,,,0,0,N,0.0,0.0,0.0,,,,,,,,36.04029,-86.78262,False,Crashes_2010_2019_MPO
100510742,2014-05-19,2014,,94.0,,,0,0,N,0.0,0.0,0.0,,,,,,,,35.95008,-86.8491,False,Crashes_2010_2019_MPO
100375692,2013-09-05,2013,,94.0,,,0,0,N,0.0,0.0,0.0,,,,,,,,35.92413,-86.87118,False,Crashes_2010_2019_MPO
101093493,2016-01-25,2016,,19.0,,,0,0,N,0.0,0.0,0.0,,,,,,,,36.015185,-86.736386,False,Crashes_2010_2019_MPO
100857276,2015-06-08,2015,,94.0,,,0,0,N,0.0,0.0,0.0,,,,,,,,35.98437,-86.72434,True,Crashes_2010_2019_MPO
101827813,2017-11-16,2017,,94.0,,,0,0,N,0.0,0.0,0.0,,,,,,,,35.96716,-86.81351,True,Crashes_2010_2019_MPO
100699764,2014-12-02,2014,,19.0,,,0,0,N,0.0,0.0,0.0,,,,,,,,36.04248,-86.71284,False,Crashes_2010_2019_MPO
100162538,2012-03-27,2012,,94.0,,,0,0,N,0.0,0.0,0.0,,,,,,,,36.01352,-86.80393,True,Crashes_2010_2019_MPO
102087674,2018-07-24,2018,,94.0,,,0,0,N,0.0,0.0,0.0,,,,,,,,35.94872,-86.83189,False,Crashes_2010_2019_MPO
102145990,2018-09-15,2018,,19.0,,,0,0,N,0.0,0.0,0.0,,,,,,,,36.0453,-86.70168,False,Crashes_2010_2019_MPO
100463757,2014-03-13,2014,,94.0,,,0,0,N,0.0,0.0,0.0,,,,,,,,35.99766,-86.79756,True,Crashes_2010_2019_MPO
100422053,2013-12-20,2013,,94.0,,,0,0,N,0.0,0.0,0.0,,,,,,,,35.99578,-86.78172,True,Crashes_2010_2019_MPO
102004215,2018-05-08,2018,,94.0,,,0,0,N,0.0,0.0,0.0,,,,,,,,35.92588,-86.86943,False,Crashes_2010_2019_MPO
101232284,2016-05-25,2016,,19.0,,,0,0,N,0.0,0.0,0.0,,,,,,,,36.03256,-86.7687,False,Crashes_2010_2019_MPO
100384285,2013-09-23,2013,,94.0,,,0,0,N,0.0,0.0,0.0,,,,,,,,35.93913,-86.68342,False,Crashes_2010_2019_MPO
101301605,2016-07-23,2016,,94.0,,,0,0,N,0.0,0.0,0.0,,,,,,,,35.97278,-86.80531,True,Crashes_2010_2019_MPO
101840456,2017-11-27,2017,,94.0,,,0,0,N,0.0,0.0,0.0,,,,,,,,36.02653,-86.79254,True,Crashes_2010_2019_MPO
102129908,2018-09-01,2018,,19.0,,,0,0,N,0.0,0.0,0.0,,,,,,,,36.04206,-86.74949,False,Crashes_2010_2019_MPO
100351343,2013-07-06,2013,,94.0,,,0,0,N,0.0,0.0,0.0,,,,,,,,35.93561,-86.82388,False,Crashes_2010_2019_MPO
102209002,2018-11-12,2018,,94.0,,,0,0,N,0.0,0.0,0.0,,,,,,,,36.03501,-86.80582,True,Crashes_2010_2019_MPO
101356541,2016-08-26,2016,,94.0,,,0,0,N,0.0,0.0,0.0,,,,,,,,35.96448,-86.80013,True,Crashes_2010_2019_MPO
101560171,2017-02-19,2017,,94.0,,,0,0,N,0.0,0.0,0.0,,,,,,,,36.01133,-86.76641,True,Crashes_2010_2019_MPO
100571481,2014-07-10,2014,,94.0,,,0,0,N,0.0,0.0,0.0,,,,,,,,36.01724,-86.79778,True,Crashes_2010_2019_MPO
101304301,2016-07-27,2016,,94.0,,,0,0,N,0.0,0.0,0.0,,,,,,,,35.95008,-86.81892,False,Crashes_2010_2019_MPO
101323126,2016-08-08,2016,,94.0,,,0,0,N,0.0,0.0,0.0,,,,,,,,35.92953,-86.84158,False,Crashes_2010_2019_MPO
100511236,2014-05-20,2014,,94.0,,,0,0,N,0.0,0.0,0.0,,,,,,,,35.92514,-86.8707,False,Crashes_2010_2019_MPO
101767801,2017-09-21,2017,,94.0,,,0,0,N,0.0,0.0,0.0,,,,,,,,36.03689,-86.81684,True,Crashes_2010_2019_MPO
100309166,2013-03-28,2013,,94.0,,,0,0,N,0.0,0.0,0.0,,,,,,,,35.962,-86.81517,False,Crashes_2010_2019_MPO
101093027,2016-01-24,2016,,94.0,,,0,0,N,0.0,0.0,0.0,,,,,,,,36.00992,-86.78532,True,Crashes_2010_2019_MPO
101096917,2016-01-30,2016,,94.0,,,0,0,N,0.0,0.0,0.0,,,,,,,,35.94164,-86.85584,False,Crashes_2010_2019_MPO
100346593,2013-06-18,2013,,94.0,,,0,0,N,0.0,0.0,0.0,,,,,,,,36.00256,-86.79249,True,Crashes_2010_2019_MPO
101479191,2016-12-16,2016,,94.0,,,0,0,N,0.0,0.0,0.0,,,,,,,,35.99275,-86.7984,True,Crashes_2010_2019_MPO
100999207,2015-10-26,2015,,94.0,,,0,0,N,0.0,0.0,0.0,,,,,,,,35.97294,-86.86789,False,Crashes_2010_2019_MPO
100697101,2014-11-26,2014,,19.0,,,0,0,N,0.0,0.0,0.0,,,,,,,,36.03988,-86.78084,False,Crashes_2010_2019_MPO
101242696,2016-06-10,2016,,94.0,,,0,0,N,0.0,0.0,0.0,,,,,,,,35.99079,-86.75111,True,Crashes_2010_2019_MPO
100499523,2014-04-21,2014,,94.0,,,0,0,N,0.0,0.0,0.0,,,,,,,,35.93841,-86.8277,False,Crashes_2010_2019_MPO
102595769,2019-12-12,2019,,94.0,,,0,0,N,0.0,0.0,0.0,,,,,,,,35.93556,-86.82359,False,Crashes_2010_2019_MPO
100372592,2013-08-27,2013,,94.0,,,0,0,N,0.0,0.0,0.0,,,,,,,,35.96595,-86.80696,True,Crashes_2010_2019_MPO
100431698,2014-01-16,2014,,94.0,,,0,0,N,0.0,0.0,0.0,,,,,,,,36.0226,-86.78679,True,Crashes_2010_2019_MPO
100408498,2013-11-21,2013,,94.0,,,0,0,N,0.0,0.0,0.0,,,,,,,,35.96729,-86.84247,False,Crashes_2010_2019_MPO
101324318,2016-08-10,2016,,19.0,,,0,0,N,0.0,0.0,0.0,,,,,,,,36.0459,-86.70353,False,Crashes_2010_2019_MPO
100879300,2015-07-01,2015,,94.0,,,0,0,N,0.0,0.0,0.0,,,,,,,,35.95615,-86.86978,False,Crashes_2010_2019_MPO
101474125,2016-12-11,2016,,94.0,,,0,0,N,0.0,0.0,0.0,,,,,,,,35.92649,-86.72303,False,Crashes_2010_2019_MPO
101932073,2018-03-02,2018,,19.0,,,0,0,N,0.0,0.0,0.0,,,,,,,,36.05366,-86.71502,False,Crashes_2010_2019_MPO
100907285,2015-07-16,2015,,94.0,,,0,0,N,0.0,0.0,0.0,,,,,,,,35.96203,-86.81531,False,Crashes_2010_2019_MPO
100240364,2012-10-19,2012,,94.0,,,0,0,N,0.0,0.0,0.0,,,,,,,,36.03557,-86.79102,True,Crashes_2010_2019_MPO
101066788,2015-12-25,2015,,19.0,,,0,0,N,0.0,0.0,0.0,,,,,,,,36.03938,-86.78274,False,Crashes_2010_2019_MPO
101620175,2017-04-20,2017,,19.0,,,0,0,N,0.0,0.0,0.0,,,,,,,,36.04007,-86.78122,False,Crashes_2010_2019_MPO
101746223,2017-08-30,2017,,94.0,,,0,0,N,0.0,0.0,0.0,,,,,,,,36.03361,-86.78747,True,Crashes_2010_2019_MPO
100304983,2013-03-18,2013,,94.0,,,0,0,N,0.0,0.0,0.0,,,,,,,,36.01202,-86.78484,True,Crashes_2010_2019_MPO
100886341,2015-07-14,2015,,94.0,,,0,0,N,0.0,0.0,0.0,,,,,,,,35.95201,-86.73319,True,Crashes_2010_2019_MPO
102326032,2019-03-09,2019,,19.0,,,0,0,N,0.0,0.0,0.0,,,,,,,,36.04995,-86.69229,False,Crashes_2010_2019_MPO
100312266,2013-04-05,2013,,94.0,,,0,0,Y,0.0,0.0,1.0,,,,,,,,36.01689,-86.78609,True,Crashes_2010_2019_MPO
100752146,2015-02-23,2015,,94.0,,,0,0,N,0.0,0.0,0.0,,,,,,,,35.94816,-86.81962,False,Crashes_2010_2019_MPO
100705287,2014-12-11,2014,,19.0,,,0,0,N,0.0,0.0,0.0,,,,,,,,36.03748,-86.76853,False,Crashes_2010_2019_MPO
101532317,2017-01-23,2017,,94.0,,,0,0,N,0.0,0.0,0.0,,,,,,,,35.99642,-86.79713,True,Crashes_2010_2019_MPO
100823901,2015-04-25,2015,,94.0,,,0,0,N,0.0,0.0,0.0,,,,,,,,35.96667,-86.81096,True,Crashes_2010_2019_MPO
101618817,2017-04-18,2017,,94.0,,,0,0,N,0.0,0.0,0.0,,,,,,,,35.94736,-86.81967,False,Crashes_2010_2019_MPO
101464075,2016-11-29,2016,,94.0,,,0,0,N,0.0,0.0,0.0,,,,,,,,35.96676,-86.80904,True,Crashes_2010_2019_MPO
101126736,2016-03-03,2016,,94.0,,,0,0,N,0.0,0.0,0.0,,,,,,,,35.92829,-86.76661,False,Crashes_2010_2019_MPO
100637862,2014-10-03,2014,,94.0,,,0,0,N,0.0,0.0,0.0,,,,,,,,35.93619,-86.85972,False,Crashes_2010_2019_MPO
101755236,2017-09-08,2017,,94.0,,,0,0,N,0.0,0.0,0.0,,,,,,,,36.03388,-86.795,True,Crashes_2010_2019_MPO
100261014,2012-12-03,2012,,94.0,,,0,0,Y,0.0,0.0,1.0,,,,,,,,35.95807,-86.85097,False,Crashes_2010_2019_MPO
100463875,2014-03-13,2014,,94.0,,,0,0,N,0.0,0.0,0.0,,,,,,,,35.95078,-86.80645,False,Crashes_2010_2019_MPO
100926098,2015-08-19,2015,,94.0,,,0,0,N,0.0,0.0,0.0,,,,,,,,35.93461,-86.81942,False,Crashes_2010_2019_MPO
101666253,2017-06-06,2017,,19.0,,,0,0,N,0.0,0.0,0.0,,,,,,,,36.04612,-86.74386,False,Crashes_2010_2019_MPO
102592993,2019-12-09,2019,,19.0,,,0,0,N,0.0,0.0,0.0,,,,,,,,36.04522,-86.71664,False,Crashes_2010_2019_MPO
100937972,2015-08-22,2015,,94.0,,,0,0,N,0.0,0.0,0.0,,,,,,,,35.97607,-86.8292,True,Crashes_2010_2019_MPO
101129582,2016-03-07,2016,,19.0,,,0,0,N,0.0,0.0,0.0,,,,,,,,36.03934,-86.78566,False,Crashes_2010_2019_MPO
100979498,2015-10-14,2015,,94.0,,,0,0,N,0.0,0.0,0.0,,,,,,,,35.96718,-86.81374,True,Crashes_2010_2019_MPO
101233076,2016-05-20,2016,,19.0,,,0,0,N,0.0,0.0,0.0,,,,,,,,36.03115,-86.75165,False,Crashes_2010_2019_MPO
101121796,2016-02-24,2016,,94.0,,,0,0,N,0.0,0.0,0.0,,,,,,,,35.9261,-86.8714,False,Crashes_2010_2019_MPO
101684694,2017-06-27,2017,,19.0,,,0,0,N,0.0,0.0,0.0,,,,,,,,35.99623,-86.68896,False,Crashes_2010_2019_MPO
101553478,2017-02-13,2017,,19.0,,,0,0,N,0.0,0.0,0.0,,,,,,,,36.04035,-86.75659,False,Crashes_2010_2019_MPO
100412051,2013-11-27,2013,,94.0,,,0,0,N,0.0,0.0,0.0,,,,,,,,35.98139,-86.84411,False,Crashes_2010_2019_MPO
102512598,2019-08-05,2019,,94.0,,,0,0,N,0.0,0.0,0.0,,,,,,,,35.94954,-86.75545,True,Crashes_2010_2019_MPO
101277087,2016-06-29,2016,,19.0,,,0,0,N,0.0,0.0,0.0,,,,,,,,36.05291,-86.68747,False,Crashes_2010_2019_MPO
101954071,2018-03-23,2018,,19.0,,,0,0,N,0.0,0.0,0.0,,,,,,,,36.00761,-86.70086,False,Crashes_2010_2019_MPO
102202579,2018-11-06,2018,,19.0,,,0,0,N,0.0,0.0,0.0,,,,,,,,36.04499,-86.69702,False,Crashes_2010_2019_MPO
101718334,2017-08-02,2017,,19.0,,,0,0,N,0.0,0.0,0.0,,,,,,,,36.04041,-86.81687,False,Crashes_2010_2019_MPO
101190077,2016-05-08,2016,,19.0,,,0,0,N,0.0,0.0,0.0,,,,,,,,36.04531,-86.72704,False,Crashes_2010_2019_MPO
102135493,2018-09-06,2018,,94.0,,,0,0,N,0.0,0.0,0.0,,,,,,,,35.94604,-86.80739,False,Crashes_2010_2019_MPO
102232236,2018-11-30,2018,,19.0,,,0,0,N,0.0,0.0,0.0,,,,,,,,36.0375,-86.78584,False,Crashes_2010_2019_MPO
101764488,2017-09-17,2017,,94.0,,,0,0,N,0.0,0.0,0.0,,,,,,,,35.95721,-86.84339,False,Crashes_2010_2019_MPO
101798460,2017-10-20,2017,,19.0,,,0,0,N,0.0,0.0,0.0,,,,,,,,36.03748,-86.76855,False,Crashes_2010_2019_MPO
101279352,2016-07-05,2016,,19.0,,,0,0,N,0.0,0.0,0.0,,,,,,,,36.04101,-86.78265,False,Crashes_2010_2019_MPO
101280392,2016-07-06,2016,,94.0,,,0,0,N,0.0,0.0,0.0,,,,,,,,35.99156,-86.79881,True,Crashes_2010_2019_MPO
102529316,2019-10-04,2019,,19.0,,,0,0,N,0.0,0.0,0.0,,,,,,,,36.04537,-86.71326,False,Crashes_2010_2019_MPO
101396767,2016-10-05,2016,,19.0,,,0,0,N,0.0,0.0,0.0,,,,,,,,36.04061,-86.77128,False,Crashes_2010_2019_MPO
101080647,2016-01-20,2016,,19.0,,,0,0,N,0.0,0.0,0.0,,,,,,,,36.0372,-86.77693,False,Crashes_2010_2019_MPO
101488342,2016-12-27,2016,,94.0,,,0,0,N,0.0,0.0,0.0,,,,,,,,35.96617,-86.81137,False,Crashes_2010_2019_MPO
101808163,2017-10-29,2017,,19.0,,,0,0,N,0.0,0.0,0.0,,,,,,,,36.01009,-86.70202,False,Crashes_2010_2019_MPO
101038331,2015-11-28,2015,,19.0,,,0,0,N,0.0,0.0,0.0,,,,,,,,36.04105,-86.78253,False,Crashes_2010_2019_MPO
100912085,2015-07-25,2015,,94.0,,,0,1,N,0.0,1.0,0.0,,,,,,,,36.03119,-86.79058,True,Crashes_2010_2019_MPO
101328040,2016-08-15,2016,,94.0,,,0,0,N,0.0,0.0,0.0,,,,,,,,36.03318,-86.78282,True,Crashes_2010_2019_MPO
102100575,2018-08-06,2018,,94.0,,,0,0,N,0.0,0.0,0.0,,,,,,,,35.95078,-86.80672,False,Crashes_2010_2019_MPO
100587809,2014-07-26,2014,,94.0,,,0,0,N,0.0,0.0,0.0,,,,,,,,35.94708,-86.82186,False,Crashes_2010_2019_MPO
100395193,2013-10-23,2013,,94.0,,,0,0,N,0.0,0.0,0.0,,,,,,,,35.95457,-86.82343,False,Crashes_2010_2019_MPO
100824051,2015-04-25,2015,,94.0,,,0,0,N,0.0,0.0,0.0,,,,,,,,35.9806,-86.80259,True,Crashes_2010_2019_MPO
101864811,2017-12-20,2017,,19.0,,,0,0,N,0.0,0.0,0.0,,,,,,,,36.04643,-86.71339,False,Crashes_2010_2019_MPO
102197531,2018-11-01,2018,,94.0,,,0,0,N,0.0,0.0,0.0,,,,,,,,35.94869,-86.83613,False,Crashes_2010_2019_MPO
101902284,2018-01-30,2018,,94.0,,,0,0,N,0.0,0.0,0.0,,,,,,,,36.01328,-86.80049,True,Crashes_2010_2019_MPO
102016014,2018-05-19,2018,,94.0,,,0,0,N,0.0,0.0,0.0,,,,,,,,35.92391,-86.87162,False,Crashes_2010_2019_MPO
101068424,2015-12-23,2015,,94.0,,,0,0,N,0.0,0.0,0.0,,,,,,,,35.97288,-86.80552,True,Crashes_2010_2019_MPO
10611752,2010-03-18,2010,,19.0,,,0,0, ,0.0,0.0,0.0,,,,,,,,36.01482,-86.72556,False,Crashes_2010_2019_MPO
100594411,2014-08-11,2014,,94.0,,,0,0,N,0.0,0.0,0.0,,,,,,,,35.94873,-86.83188,False,Crashes_2010_2019_MPO
100168307,2012-04-11,2012,,94.0,,,0,0,N,0.0,0.0,0.0,,,,,,,,35.9921,-86.7987,True,Crashes_2010_2019_MPO
101003921,2015-11-06,2015,,94.0,,,0,0,N,0.0,0.0,0.0,,,,,,,,36.01338,-86.80041,True,Crashes_2010_2019_MPO
101602502,2017-03-31,2017,,94.0,,,0,0,N,0.0,0.0,0.0,,,,,,,,35.94789,-86.69538,False,Crashes_2010_2019_MPO
100662567,2014-10-31,2014,,94.0,,,0,0,N,0.0,0.0,0.0,,,,,,,,35.99567,-86.7805,True,Crashes_2010_2019_MPO
101352972,2016-09-03,2016,,19.0,,,0,0,N,0.0,0.0,0.0,,,,,,,,36.04193,-86.7129,False,Crashes_2010_2019_MPO
102020170,2018-05-23,2018,,19.0,,,0,0,N,0.0,0.0,0.0,,,,,,,,36.03729,-86.79099,False,Crashes_2010_2019_MPO
101049918,2015-12-15,2015,,94.0,,,0,0,N,0.0,0.0,0.0,,,,,,,,35.94702,-86.85336,False,Crashes_2010_2019_MPO
101755672,2017-09-09,2017,,19.0,,,0,0,N,0.0,0.0,0.0,,,,,,,,36.05459,-86.68078,False,Crashes_2010_2019_MPO
102184922,2018-10-21,2018,,19.0,,,0,0,N,0.0,0.0,0.0,,,,,,,,36.04778,-86.71355,False,Crashes_2010_2019_MPO
100731490,2015-02-01,2015,,94.0,,,0,0,N,0.0,0.0,0.0,,,,,,,,35.92598,-86.82046,False,Crashes_2010_2019_MPO
100995640,2015-10-24,2015,,94.0,,,0,0,N,0.0,0.0,0.0,,,,,,,,35.96629,-86.79049,True,Crashes_2010_2019_MPO
101753447,2017-09-07,2017,,19.0,,,0,0,N,0.0,0.0,0.0,,,,,,,,36.03131,-86.7835,True,Crashes_2010_2019_MPO
102020997,2018-05-21,2018,,94.0,,,0,0,N,0.0,0.0,0.0,,,,,,,,35.93426,-86.86005,False,Crashes_2010_2019_MPO
100977852,2015-10-12,2015,,19.0,,,0,0,N,0.0,0.0,0.0,,,,,,,,36.04552,-86.71169,False,Crashes_2010_2019_MPO
100591196,2014-08-04,2014,,94.0,,,0,0,N,0.0,0.0,0.0,,,,,,,,35.95365,-86.80196,False,Crashes_2010_2019_MPO
101812520,2017-11-02,2017,,94.0,,,0,0,N,0.0,0.0,0.0,,,,,,,,35.94116,-86.83846,False,Crashes_2010_2019_MPO
100339771,2013-06-09,2013,,94.0,,,0,0,N,0.0,0.0,0.0,,,,,,,,36.00671,-86.78853,True,Crashes_2010_2019_MPO
102202232,2018-11-06,2018,,19.0,,,0,0,N,0.0,0.0,0.0,,,,,,,,36.03768,-86.78488,False,Crashes_2010_2019_MPO
102503745,2019-09-09,2019,,19.0,,,0,0,N,0.0,0.0,0.0,,,,,,,,36.0536,-86.715,False,Crashes_2010_2019_MPO
102404167,2019-05-26,2019,,94.0,,,0,0,N,0.0,0.0,0.0,,,,,,,,35.98,-86.80304,True,Crashes_2010_2019_MPO
100856666,2015-06-07,2015,,94.0,,,0,0,N,0.0,0.0,0.0,,,,,,,,35.94554,-86.8732,False,Crashes_2010_2019_MPO
102203865,2018-11-04,2018,,94.0,,,0,0,N,0.0,0.0,0.0,,,,,,,,35.93504,-86.82658,False,Crashes_2010_2019_MPO
101464092,2016-11-30,2016,,94.0,,,0,0,N,0.0,0.0,0.0,,,,,,,,35.94429,-86.81993,False,Crashes_2010_2019_MPO
101706925,2017-07-20,2017,,94.0,,,0,0,N,0.0,0.0,0.0,,,,,,,,35.96191,-86.82718,False,Crashes_2010_2019_MPO
102405759,2019-05-31,2019,,19.0,,,0,0,N,0.0,0.0,0.0,,,,,,,,36.03992,-86.74215,False,Crashes_2010_2019_MPO
101045210,2015-12-08,2015,,94.0,,,0,0,N,0.0,0.0,0.0,,,,,,,,35.99004,-86.74528,True,Crashes_2010_2019_MPO
101832658,2017-11-20,2017,,94.0,,,0,0,N,0.0,0.0,0.0,,,,,,,,36.03422,-86.78822,True,Crashes_2010_2019_MPO
101423976,2016-10-27,2016,,94.0,,,0,0,N,0.0,0.0,0.0,,,,,,,,35.95051,-86.76622,True,Crashes_2010_2019_MPO
102006520,2018-05-10,2018,,19.0,,,0,0,N,0.0,0.0,0.0,,,,,,,,36.05064,-86.69078,False,Crashes_2010_2019_MPO
101393526,2016-09-30,2016,,94.0,,,0,0,N,0.0,0.0,0.0,,,,,,,,35.9467,-86.85183,False,Crashes_2010_2019_MPO
101857116,2017-12-13,2017,,19.0,,,0,0,N,0.0,0.0,0.0,,,,,,,,36.04009,-86.76655,False,Crashes_2010_2019_MPO
101148252,2016-03-21,2016,,19.0,,,0,0,N,0.0,0.0,0.0,,,,,,,,36.03488,-86.78307,True,Crashes_2010_2019_MPO
102308305,2019-02-08,2019,,94.0,,,0,0,N,0.0,0.0,0.0,,,,,,,,35.95519,-86.81215,False,Crashes_2010_2019_MPO
100336915,2013-06-02,2013,,94.0,,,0,0,N,0.0,0.0,0.0,,,,,,,,35.95292,-86.84683,False,Crashes_2010_2019_MPO
102075323,2018-07-15,2018,,94.0,,,0,0,N,0.0,0.0,0.0,,,,,,,,35.97241,-86.67846,False,Crashes_2010_2019_MPO
101179280,2016-04-22,2016,,94.0,,,0,0,N,0.0,0.0,0.0,,,,,,,,35.93374,-86.81767,False,Crashes_2010_2019_MPO
100148441,2012-02-16,2012,,94.0,,,0,0,N,0.0,0.0,0.0,,,,,,,,36.03557,-86.78744,True,Crashes_2010_2019_MPO