mstrrecnbr,collision_ts,year,county,countystat,crash,crash_type,fatalities,non_motorists,commercial,fatal_c,nonmotor_c,truck_c,fatalc,serious_injuries,ped,bike,lighting,weather,first_harmful_event,latitude,longitude,in_city,src_layer
101093913,2016-01-26,2016,,94.0,,,0,0,N,0.0,0.0,0.0,,,,,,,,36.02527,-86.78531,True,Crashes_2010_2019_MPO
100409005,2013-11-22,2013,,94.0,,,0,0,N,0.0,0.0,0.0,,,,,,,,35.94893,-86.81962,False,Crashes_2010_2019_MPO
101271584,2016-06-23,2016,,94.0,,,0,0,N,0.0,0.0,0.0,,,,,,,,35.94612,-86.82346,False,Crashes_2010_2019_MPO
101712888,2017-07-27,2017,,94.0,,,0,0,N,0.0,0.0,0.0,,,,,,,,36.01978,-86.74213,False,Crashes_2010_2019_MPO
100979655,2015-10-15,2015,,94.0,,,0,0,N,0.0,0.0,0.0,,,,,,,,35.97475,-86.8317,True,Crashes_2010_2019_MPO
101564598,2017-02-24,2017,,94.0,,,0,0,N,0.0,0.0,0.0,,,,,,,,35.96028,-86.80964,False,Crashes_2010_2019_MPO
100654834,2014-10-17,2014,,19.0,,,0,0,N,0.0,0.0,0.0,,,,,,,,36.03753,-86.79096,False,Crashes_2010_2019_MPO
101744875,2017-08-29,2017,,94.0,,,0,0,N,0.0,0.0,0.0,,,,,,,,35.95701,-86.81076,False,Crashes_2010_2019_MPO
101592696,2017-03-24,2017,,94.0,,,0,0,Y,0.0,0.0,1.0,,,,,,,,35.94866,-86.80851,False,Crashes_2010_2019_MPO
101821696,2017-11-10,2017,,94.0,,,0,0,N,0.0,0.0,0.0,,,,,,,,35.9924,-86.7986,True,Crashes_2010_2019_MPO
100884915,2015-07-11,2015,,19.0,,,0,0,N,0.0,0.0,0.0,,,,,,,,36.03803,-86.79765,False,Crashes_2010_2019_MPO
102464320,2019-08-01,2019,,19.0,,,0,0,N,0.0,0.0,0.0,,,,,,,,36.04475,-86.71319,False,Crashes_2010_2019_MPO
102579231,2019-11-25,2019,,94.0,,,0,0,N,0.0,0.0,0.0,,,,,,,,35.966703,-86.80913,True,Crashes_2010_2019_MPO
101321882,2016-08-06,2016,,94.0,,,0,0,N,0.0,0.0,0.0,,,,,,,,35.96659,-86.80971,True,Crashes_2010_2019_MPO
100354517,2013-07-15,2013,,94.0,,,0,0,N,0.0,0.0,0.0,,,,,,,,35.92962,-86.84185,False,Crashes_2010_2019_MPO
101272712,2016-06-24,2016,,94.0,,,0,0,N,0.0,0.0,0.0,,,,,,,,35.9688,-86.80889,True,Crashes_2010_2019_MPO
100428650,2014-01-08,2014,,94.0,,,0,0,N,0.0,0.0,0.0,,,,,,,,35.9521,-86.81836,False,Crashes_2010_2019_MPO
100915323,2015-07-31,2015,,94.0,,,0,0,N,0.0,0.0,0.0,,,,,,,,35.93539,-86.82315,False,Crashes_2010_2019_MPO
101780684,2017-10-03,2017,,94.0,,,0,0,N,0.0,0.0,0.0,,,,,,,,35.97102,-86.67835,False,Crashes_2010_2019_MPO
102142488,2018-09-12,2018,,94.0,,,0,0,N,0.0,0.0,0.0,,,,,,,,36.022188,-86.786846,True,Crashes_2010_2019_MPO
100572862,2014-07-14,2014,,94.0,,,0,0,N,0.0,0.0,0.0,,,,,,,,35.95201,-86.81786,False,Crashes_2010_2019_MPO
102133889,2018-09-04,2018,,94.0,,,0,0,N,0.0,0.0,0.0,,,,,,,,35.99551,-86.77887,True,Crashes_2010_2019_MPO
100981082,2015-10-17,2015,,19.0,,,0,0,N,0.0,0.0,0.0,,,,,,,,36.04123,-86.77706,False,Crashes_2010_2019_MPO
101873567,2017-12-30,2017,,19.0,,,0,0,N,0.0,0.0,0.0,,,,,,,,36.04525,-86.7145,False,Crashes_2010_2019_MPO
101876697,2018-01-02,2018,,94.0,,,0,0,N,0.0,0.0,0.0,,,,,,,,35.96716,-86.81351,True,Crashes_2010_2019_MPO
102278514,2019-01-16,2019,,94.0,,,0,0,N,0.0,0.0,0.0,,,,,,,,35.94628,-86.80909,False,Crashes_2010_2019_MPO
100662501,2014-10-31,2014,,19.0,,,0,0,N,0.0,0.0,0.0,,,,,,,,35.99113,-86.68342,False,Crashes_2010_2019_MPO
102456469,2019-07-24,2019,,94.0,,,0,0,Y,0.0,0.0,1.0,,,,,,,,35.96562,-86.70619,True,Crashes_2010_2019_MPO
100565079,2014-06-24,2014,,94.0,,,0,0,N,0.0,0.0,0.0,,,,,,,,35.9667,-86.6957,False,Crashes_2010_2019_MPO
102478035,2019-08-15,2019,,19.0,,,0,0,N,0.0,0.0,0.0,,,,,,,,36.05286,-86.77516,False,Crashes_2010_2019_MPO
100679594,2014-11-12,2014,,94.0,,,0,0,N,0.0,0.0,0.0,,,,,,,,35.92361,-86.86959,False,Crashes_2010_2019_MPO
101196226,2016-05-14,2016,,94.0,,,0,0,N,0.0,0.0,0.0,,,,,,,,35.96667,-86.81368,True,Crashes_2010_2019_MPO
102423505,2019-06-19,2019,,19.0,,,0,0,N,0.0,0.0,0.0,,,,,,,,36.04537,-86.71326,False,Crashes_2010_2019_MPO
102566977,2019-11-13,2019,,94.0,,,0,0,N,0.0,0.0,0.0,,,,,,,,35.94085,-86.80494,False,Crashes_2010_2019_MPO
100587404,2014-07-25,2014,,94.0,,,0,0,N,0.0,0.0,0.0,,,,,,,,35.94467,-86.82949,False,Crashes_2010_2019_MPO
100701450,2014-12-04,2014,,94.0,,,0,0,N,0.0,0.0,0.0,,,,,,,,35.93459,-86.81855,False,Crashes_2010_2019_MPO
100736615,2015-02-13,2015,,94.0,,,0,0,N,0.0,0.0,0.0,,,,,,,,36.03328,-86.7846,True,Crashes_2010_2019_MPO
101618815,2017-04-18,2017,,19.0,,,0,0,N,0.0,0.0,0.0,,,,,,,,36.04535,-86.71338,False,Crashes_2010_2019_MPO
101624324,2017-04-24,2017,,94.0,,,0,0,N,0.0,0.0,0.0,,,,,,,,35.93209,-86.8237,False,Crashes_2010_2019_MPO
101471725,2016-12-09,2016,,94.0,,,0,0,N,0.0,0.0,0.0,,,,,,,,35.99922,-86.80923,True,Crashes_2010_2019_MPO
100699071,2014-12-01,2014,,94.0,,,0,0,N,0.0,0.0,0.0,,,,,,,,35.93213,-86.86274,False,Crashes_2010_2019_MPO
101805397,2017-10-27,2017,,19.0,,,0,0,N,0.0,0.0,0.0,,,,,,,,36.03905,-86.74342,False,Crashes_2010_2019_MPO
101899205,2018-01-28,2018,,19.0,,,0,0,N,0.0,0.0,0.0,,,,,,,,36.04797,-86.86515,False,Crashes_2010_2019_MPO
101186764,2016-05-03,2016,,94.0,,,0,0,N,0.0,0.0,0.0,,,,,,,,35.96716,-86.81351,True,Crashes_2010_2019_MPO
100907177,2015-07-16,2015,,19.0,,,0,0,N,0.0,0.0,0.0,,,,,,,,36.03635,-86.78699,False,Crashes_2010_2019_MPO
101770060,2017-09-23,2017,,19.0,,,0,0,N,0.0,0.0,0.0,,,,,,,,36.03683,-86.75745,False,Crashes_2010_2019_MPO
100385542,2013-09-30,2013,,94.0,,,0,0,N,0.0,0.0,0.0,,,,,,,,35.97332,-86.83308,True,Crashes_2010_2019_MPO
101281604,2016-07-07,2016,,94.0,,,0,0,N,0.0,0.0,0.0,,,,,,,,35.92674,-86.82158,False,Crashes_2010_2019_MPO
100945746,2015-09-06,2015,,94.0,,,0,0,N,0.0,0.0,0.0,,,,,,,,35.92755,-86.71772,False,Crashes_2010_2019_MPO
101579718,2017-03-10,2017,,94.0,,,0,0,N,0.0,0.0,0.0,,,,,,,,35.98894,-86.74107,True,Crashes_2010_2019_MPO
100265477,2012-12-12,2012,,94.0,,,0,0,N,0.0,0.0,0.0,,,,,,,,35.9265,-86.82553,False,Crashes_2010_2019_MPO
102295342,2019-02-02,2019,,94.0,,,0,0,N,0.0,0.0,0.0,,,,,,,,36.02744,-86.7905,True,Crashes_2010_2019_MPO
100230932,2012-09-24,2012,,94.0,,,0,0,N,0.0,0.0,0.0,,,,,,,,35.98128,-86.84596,False,Crashes_2010_2019_MPO
100344457,2013-06-20,2013,,94.0,,,0,0,N,0.0,0.0,0.0,,,,,,,,35.94068,-86.83938,False,Crashes_2010_2019_MPO
102564916,2019-11-11,2019,,19.0,,,0,0,N,0.0,0.0,0.0,,,,,,,,36.03748,-86.79098,False,Crashes_2010_2019_MPO
100803916,2015-04-07,2015,,94.0,,,0,0,N,0.0,0.0,0.0,,,,,,,,35.99924,-86.80919,True,Crashes_2010_2019_MPO
102569651,2019-11-15,2019,,94.0,,,0,0,N,0.0,0.0,0.0,,,,,,,,35.93168,-86.86308,False,Crashes_2010_2019_MPO
101118210,2016-01-29,2016,,94.0,,,0,0,N,0.0,0.0,0.0,,,,,,,,35.96387,-86.81089,False,Crashes_2010_2019_MPO
101355795,2016-09-07,2016,,94.0,,,0,0,N,0.0,0.0,0.0,,,,,,,,35.93731,-86.87881,False,Crashes_2010_2019_MPO
100872797,2015-06-18,2015,,94.0,,,0,0,N,0.0,0.0,0.0,,,,,,,,35.93398,-86.81979,False,Crashes_2010_2019_MPO
102571795,2019-11-18,2019,,94.0,,,0,0,N,0.0,0.0,0.0,,,,,,,,35.99551,-86.77887,True,Crashes_2010_2019_MPO
101133374,2016-03-13,2016,,94.0,,,0,0,N,0.0,0.0,0.0,,,,,,,,35.96133,-86.81226,False,Crashes_2010_2019_MPO
102600068,2019-12-11,2019,,94.0,,,0,0,N,0.0,0.0,0.0,,,,,,,,35.96475,-86.7832,True,Crashes_2010_2019_MPO
101909991,2018-02-08,2018,,94.0,,,0,0,N,0.0,0.0,0.0,,,,,,,,35.93374,-86.81767,False,Crashes_2010_2019_MPO
102550793,2019-10-27,2019,,94.0,,,0,0,N,0.0,0.0,0.0,,,,,,,,36.03322,-86.78531,True,Crashes_2010_2019_MPO
101032459,2015-11-19,2015,,19.0,,,0,0,N,0.0,0.0,0.0,,,,,,,,36.04029,-86.76852,False,Crashes_2010_2019_MPO
100380285,2013-09-17,2013,,94.0,,,0,0,N,0.0,0.0,0.0,,,,,,,,35.92459,-86.824,False,Crashes_2010_2019_MPO
101132650,2016-03-12,2016,,94.0,,,0,0,N,0.0,0.0,0.0,,,,,,,,35.96431,-86.81605,True,Crashes_2010_2019_MPO
101831369,2017-11-20,2017,,19.0,,,0,0,N,0.0,0.0,0.0,,,,,,,,36.0243,-86.74239,False,Crashes_2010_2019_MPO
100302352,2013-03-11,2013,,94.0,,,0,0,N,0.0,0.0,0.0,,,,,,,,35.97102,-86.72644,True,Crashes_2010_2019_MPO
102492012,2019-08-29,2019,,94.0,,,0,0,N,0.0,0.0,0.0,,,,,,,,35.94634,-86.80938,False,Crashes_2010_2019_MPO
102540919,2019-10-17,2019,,94.0,,,0,0,N,0.0,0.0,0.0,,,,,,,,35.93986,-86.87951,False,Crashes_2010_2019_MPO
101165404,2016-04-15,2016,,94.0,,,0,0,N,0.0,0.0,0.0,,,,,,,,35.96725,-86.81349,True,Crashes_2010_2019_MPO
102510887,2019-09-16,2019,,94.0,,,0,0,N,0.0,0.0,0.0,,,,,,,,35.94992,-86.80451,False,Crashes_2010_2019_MPO
102441589,2019-07-08,2019,,94.0,,,0,0,N,0.0,0.0,0.0,,,,,,,,36.02561,-86.78512,True,Crashes_2010_2019_MPO
101332256,2016-08-19,2016,,19.0,,,0,0,N,0.0,0.0,0.0,,,,,,,,36.04059,-86.77107,False,Crashes_2010_2019_MPO
100701945,2014-12-04,2014,,94.0,,,0,0,N,0.0,0.0,0.0,,,,,,,,35.98304,-86.80199,True,Crashes_2010_2019_MPO
101008763,2015-11-13,2015,,94.0,,,0,0,N,0.0,0.0,0.0,,,,,,,,35.96681,-86.81119,True,Crashes_2010_2019_MPO
102406282,2019-05-31,2019,,94.0,,,0,0,N,0.0,0.0,0.0,,,,,,,,35.9667,-86.81121,True,Crashes_2010_2019_MPO
101482735,2016-12-20,2016,,19.0,,,0,0,N,0.0,0.0,0.0,,,,,,,,36.04063,-86.77987,False,Crashes_2010_2019_MPO
102300266,2019-02-08,2019,,19.0,,,0,0,N,0.0,0.0,0.0,,,,,,,,36.0463,-86.86358,False,Crashes_2010_2019_MPO
102356695,2019-04-10,2019,,19.0,,,0,0,N,0.0,0.0,0.0,,,,,,,,36.0464,-86.71966,False,Crashes_2010_2019_MPO
102504314,2019-09-08,2019,,94.0,,,0,0,N,0.0,0.0,0.0,,,,,,,,35.93549,-86.82393,False,Crashes_2010_2019_MPO
101638823,2017-05-09,2017,,94.0,,,0,0,N,0.0,0.0,0.0,,,,,,,,35.99837,-86.80968,True,Crashes_2010_2019_MPO
101728878,2017-08-12,2017,,94.0,,,0,0,N,0.0,0.0,0.0,,,,,,,,35.95834,-86.80203,False,Crashes_2010_2019_MPO
100939259,2015-08-25,2015,,94.0,,,0,0,N,0.0,0.0,0.0,,,,,,,,35.96716,-86.81351,True,Crashes_2010_2019_MPO
101038288,2015-11-28,2015,,19.0,,,0,0,N,0.0,0.0,0.0,,,,,,,,36.03922,-86.73586,False,Crashes_2010_2019_MPO
102142194,2018-09-11,2018,,94.0,,,0,0,N,0.0,0.0,0.0,,,,,,,,35.95684,-86.82559,False,Crashes_2010_2019_MPO
101713753,2017-07-28,2017,,94.0,,,0,0,N,0.0,0.0,0.0,,,,,,,,35.93446,-86.81991,False,Crashes_2010_2019_MPO
102395291,2019-05-18,2019,,94.0,,,1,0,N,1.0,0.0,0.0,,,,,,,,35.97363,-86.70315,True,Crashes_2010_2019_MPO
102203486,2018-11-07,2018,,94.0,,,0,0,N,0.0,0.0,0.0,,,,,,,,35.92978,-86.82433,False,Crashes_2010_2019_MPO
102394441,2019-05-20,2019,,94.0,,,0,0,N,0.0,0.0,0.0,,,,,,,,35.99624,-86.78631,True,Crashes_2010_2019_MPO
100979045,2015-10-13,2015,,94.0,,,0,0,N,0.0,0.0,0.0,,,,,,,,35.93446,-86.81991,False,Crashes_2010_2019_MPO
101968136,2018-04-05,2018,,19.0,,,0,0,N,0.0,0.0,0.0,,,,,,,,36.03887,-86.78284,False,Crashes_2010_2019_MPO
101730543,2017-08-14,2017,,19.0,,,0,0,N,0.0,0.0,0.0,,,,,,,,36.03771,-86.78482,False,Crashes_2010_2019_MPO
101988323,2018-04-24,2018,,19.0,,,0,0,N,0.0,0.0,0.0,,,,,,,,36.02547,-86.71305,False,Crashes_2010_2019_MPO
100770976,2015-03-12,2015,,19.0,,,0,0,N,0.0,0.0,0.0,,,,,,,,36.04029,-86.78114,False,Crashes_2010_2019_MPO
102054917,2018-06-21,2018,,94.0,,,0,0,N,0.0,0.0,0.0,,,,,,,,35.96657,-86.81372,True,Crashes_2010_2019_MPO
100425489,2013-12-30,2013,,94.0,,,0,0,N,0.0,0.0,0.0,,,,,,,,35.99755,-86.79662,True,Crashes_2010_2019_MPO
101622093,2017-04-21,2017,,19.0,,,0,0,N,0.0,0.0,0.0,,,,,,,,36.03906,-86.78257,False,Crashes_2010_2019_MPO
100395228,2013-10-23,2013,,94.0,,,0,0,N,0.0,0.0,0.0,,,,,,,,35.98875,-86.73018,True,Crashes_2010_2019_MPO
101501310,2017-01-10,2017,,19.0,,,0,0,N,0.0,0.0,0.0,,,,,,,,36.04582,-86.71693,False,Crashes_2010_2019_MPO
101766557,2017-09-20,2017,,94.0,,,0,0,N,0.0,0.0,0.0,,,,,,,,35.94005,-86.83114,False,Crashes_2010_2019_MPO
100436828,2014-01-30,2014,,94.0,,,0,0,N,0.0,0.0,0.0,,,,,,,,36.03507,-86.80877,True,Crashes_2010_2019_MPO
100972593,2015-10-03,2015,,94.0,,,0,0,N,0.0,0.0,0.0,,,,,,,,36.025024,-86.789276,True,Crashes_2010_2019_MPO
101240756,2016-06-07,2016,,94.0,,,0,0,N,0.0,0.0,0.0,,,,,,,,35.96786,-86.81019,True,Crashes_2010_2019_MPO
101582728,2017-03-14,2017,,94.0,,,0,0,N,0.0,0.0,0.0,,,,,,,,35.99922,-86.80923,True,Crashes_2010_2019_MPO
102290639,2019-01-28,2019,,94.0,,,0,0,N,0.0,0.0,0.0,,,,,,,,35.94979,-86.81231,False,Crashes_2010_2019_MPO
101579878,2017-03-11,2017,,19.0,,,0,0,N,0.0,0.0,0.0,,,,,,,,36.04105,-86.78254,False,Crashes_2010_2019_MPO
101955977,2018-03-25,2018,,19.0,,,0,0,N,0.0,0.0,0.0,,,,,,,,36.04537,-86.71326,False,Crashes_2010_2019_MPO
101732042,2017-08-16,2017,,94.0,,,0,0,N,0.0,0.0,0.0,,,,,,,,36.01392,-86.71935,False,Crashes_2010_2019_MPO
101491507,2016-12-30,2016,,94.0,,,0,0,N,0.0,0.0,0.0,,,,,,,,35.96679,-86.81108,True,Crashes_2010_2019_MPO
101744178,2017-08-28,2017,,94.0,,,0,0,N,0.0,0.0,0.0,,,,,,,,35.9243,-86.86648,False,Crashes_2010_2019_MPO
100429032,2014-01-09,2014,,94.0,,,0,0,N,0.0,0.0,0.0,,,,,,,,35.95243,-86.82008,False,Crashes_2010_2019_MPO
100338057,2013-05-23,2013,,94.0,,,0,0,N,0.0,0.0,0.0,,,,,,,,35.95651,-86.81095,False,Crashes_2010_2019_MPO
102246657,2018-12-14,2018,,19.0,,,0,0,N,0.0,0.0,0.0,,,,,,,,36.04544,-86.70384,False,Crashes_2010_2019_MPO
101360004,2016-09-13,2016,,94.0,,,0,0,N,0.0,0.0,0.0,,,,,,,,35.99101,-86.799,True,Crashes_2010_2019_MPO
100858908,2015-06-11,2015,,94.0,,,0,0,N,0.0,0.0,0.0,,,,,,,,35.92399,-86.87368,False,Crashes_2010_2019_MPO
101131615,2016-03-10,2016,,19.0,,,0,0,N,0.0,0.0,0.0,,,,,,,,36.04041,-86.74533,False,Crashes_2010_2019_MPO
101102878,2016-02-06,2016,,19.0,,,0,0,N,0.0,0.0,0.0,,,,,,,,36.04389,-86.78128,False,Crashes_2010_2019_MPO
100728813,2015-01-28,2015,,94.0,,,0,0,N,0.0,0.0,0.0,,,,,,,,35.94523,-86.8772,False,Crashes_2010_2019_MPO
100723939,2015-01-18,2015,,19.0,,,0,0,N,0.0,0.0,0.0,,,,,,,,36.04177,-86.81624,False,Crashes_2010_2019_MPO
102035340,2018-06-06,2018,,19.0,,,0,0,N,0.0,0.0,0.0,,,,,,,,36.05285,-86.68593,False,Crashes_2010_2019_MPO
102336411,2019-03-20,2019,,19.0,,,0,0,N,0.0,0.0,0.0,,,,,,,,36.05394,-86.71511,False,Crashes_2010_2019_MPO
100426976,2014-01-03,2014,,94.0,,,0,0,N,0.0,0.0,0.0,,,,,,,,35.96687,-86.81113,True,Crashes_2010_2019_MPO
100818637,2015-04-15,2015,,94.0,,,0,0,N,0.0,0.0,0.0,,,,,,,,35.99639,-86.78765,True,Crashes_2010_2019_MPO
102487228,2019-08-24,2019,,19.0,,,0,0,N,0.0,0.0,0.0,,,,,,,,36.03757,-86.78529,False,Crashes_2010_2019_MPO
100457986,2014-02-27,2014,,94.0,,,0,0,N,0.0,0.0,0.0,,,,,,,,36.03446,-86.79319,True,Crashes_2010_2019_MPO
101066944,2015-12-26,2015,,19.0,,,0,0,N,0.0,0.0,0.0,,,,,,,,36.04602,-86.77771,False,Crashes_2010_2019_MPO
101610620,2017-04-11,2017,,94.0,,,0,0,N,0.0,0.0,0.0,,,,,,,,35.92649,-86.82536,False,Crashes_2010_2019_MPO
900091149,2010-03-31,2010,,94.0,,,0,0, ,0.0,0.0,0.0,,,,,,,,35.927765,-86.717583,False,Crashes_2010_2019_MPO
102583121,2019-11-29,2019,,19.0,,,0,0,N,0.0,0.0,0.0,,,,,,,,36.04029,-86.76833,False,Crashes_2010_2019_MPO
101844640,2017-12-01,2017,,19.0,,,0,0,N,0.0,0.0,0.0,,,,,,,,36.04191,-86.82481,False,Crashes_2010_2019_MPO
102374678,2019-04-28,2019,,19.0,,,0,0,N,0.0,0.0,0.0,,,,,,,,36.0453,-86.71394,False,Crashes_2010_2019_MPO
101000259,2015-10-31,2015,,19.0,,,0,0,N,0.0,0.0,0.0,,,,,,,,36.05366,-86.71502,False,Crashes_2010_2019_MPO
101485954,2016-12-23,2016,,19.0,,,0,0,N,0.0,0.0,0.0,,,,,,,,36.04171,-86.71288,False,Crashes_2010_2019_MPO
101889637,2018-01-18,2018,,94.0,,,0,0,N,0.0,0.0,0.0,,,,,,,,35.92302,-86.8166,False,Crashes_2010_2019_MPO
101008143,2015-11-12,2015,,94.0,,,0,0,N,0.0,0.0,0.0,,,,,,,,35.93311,-86.78093,False,Crashes_2010_2019_MPO
100998145,2015-10-28,2015,,94.0,,,0,0,N,0.0,0.0,0.0,,,,,,,,36.033639,-86.781038,True,Crashes_2010_2019_MPO
101970818,2018-04-08,2018,,94.0,,,0,0,N,0.0,0.0,0.0,,,,,,,,35.92627,-86.82449,False,Crashes_2010_2019_MPO
101576389,2017-03-08,2017,,94.0,,,0,0,N,0.0,0.0,0.0,,,,,,,,35.99454,-86.76729,True,Crashes_2010_2019_MPO
100749451,2015-02-19,2015,,19.0,,,0,0,N,0.0,0.0,0.0,,,,,,,,36.03861,-86.73205,False,Crashes_2010_2019_MPO
102388749,2019-05-14,2019,,94.0,,,0,0,N,0.0,0.0,0.0,,,,,,,,36.02175,-86.74267,False,Crashes_2010_2019_MPO
100948951,2015-09-11,2015,,19.0,,,0,0,N,0.0,0.0,0.0,,,,,,,,35.99674,-86.68969,False,Crashes_2010_2019_MPO
101146164,2016-03-18,2016,,19.0,,,0,0,N,0.0,0.0,0.0,,,,,,,,36.04545,-86.70394,False,Crashes_2010_2019_MPO
100305641,2013-03-19,2013,,94.0,,,0,0,N,0.0,0.0,0.0,,,,,,,,35.94638,-86.8087,False,Crashes_2010_2019_MPO
102303766,2019-02-12,2019,,94.0,,,0,0,N,0.0,0.0,0.0,,,,,,,,35.96589,-86.80316,True,Crashes_2010_2019_MPO
101397064,2016-10-05,2016,,19.0,,,0,0,N,0.0,0.0,0.0,,,,,,,,36.0377,-86.79444,False,Crashes_2010_2019_MPO
100979156,2015-10-14,2015,,19.0,,,0,0,N,0.0,0.0,0.0,,,,,,,,36.03745,-86.79074,False,Crashes_2010_2019_MPO
101427823,2016-10-31,2016,,94.0,,,0,0,N,0.0,0.0,0.0,,,,,,,,36.03501,-86.80528,True,Crashes_2010_2019_MPO
102398783,2019-05-23,2019,,94.0,,,0,0,N,0.0,0.0,0.0,,,,,,,,35.94798,-86.81714,False,Crashes_2010_2019_MPO
102046149,2018-06-17,2018,,94.0,,,0,0,N,0.0,0.0,0.0,,,,,,,,35.93446,-86.81991,False,Crashes_2010_2019_MPO
100860373,2015-06-13,2015,,19.0,,,0,0,N,0.0,0.0,0.0,,,,,,,,36.04526,-86.71709,False,Crashes_2010_2019_MPO
100737481,2015-02-14,2015,,94.0,,,0,0,N,0.0,0.0,0.0,,,,,,,,35.969124,-86.807989,True,Crashes_2010_2019_MPO
101855343,2017-12-11,2017,,19.0,,,0,0,N,0.0,0.0,0.0,,,,,,,,35.99687,-86.68989,False,Crashes_2010_2019_MPO
101931145,2018-02-28,2018,,94.0,,,0,0,N,0.0,0.0,0.0,,,,,,,,36.0086,-86.78039,True,Crashes_2010_2019_MPO
101119125,2016-02-20,2016,,19.0,,,0,0,N,0.0,0.0,0.0,,,,,,,,36.02406,-86.70747,False,Crashes_2010_2019_MPO
101245886,2016-06-14,2016,,19.0,,,0,0,N,0.0,0.0,0.0,,,,,,,,36.03924,-86.81648,True,Crashes_2010_2019_MPO
100584328,2014-07-15,2014,,94.0,,,0,0,N,0.0,0.0,0.0,,,,,,,,35.93036,-86.82029,False,Crashes_2010_2019_MPO
102556165,2019-11-02,2019,,19.0,,,0,0,N,0.0,0.0,0.0,,,,,,,,36.04083,-86.77951,False,Crashes_2010_2019_MPO
101574216,2017-03-05,2017,,19.0,,,0,0,N,0.0,0.0,0.0,,,,,,,,36.04534,-86.70236,False,Crashes_2010_2019_MPO
100265025,2012-12-11,2012,,94.0,,,0,0,N,0.0,0.0,0.0,,,,,,,,35.94549,-86.82782,False,Crashes_2010_2019_MPO
101078225,2016-01-15,2016,,94.0,,,0,0,N,0.0,0.0,0.0,,,,,,,,35.93953,-86.87942,False,Crashes_2010_2019_MPO
102377956,2019-05-01,2019,,94.0,,,0,0,N,0.0,0.0,0.0,,,,,,,,35.94808,-86.86337,False,Crashes_2010_2019_MPO
100832163,2015-05-08,2015,,94.0,,,0,0,N,0.0,0.0,0.0,,,,,,,,35.96384,-86.80041,True,Crashes_2010_2019_MPO
102209538,2018-11-12,2018,,94.0,,,0,0,N,0.0,0.0,0.0,,,,,,,,36.03284,-86.79705,True,Crashes_2010_2019_MPO
101362672,2016-09-16,2016,,19.0,,,0,0,N,0.0,0.0,0.0,,,,,,,,36.04245,-86.71294,False,Crashes_2010_2019_MPO
101767044,2017-09-21,2017,,94.0,,,0,0,N,0.0,0.0,0.0,,,,,,,,35.94543,-86.8148,False,Crashes_2010_2019_MPO
100570472,2014-07-08,2014,,94.0,,,0,0,N,0.0,0.0,0.0,,,,,,,,35.95931,-86.82403,False,Crashes_2010_2019_MPO
101914832,2018-02-12,2018,,19.0,,,0,0,N,0.0,0.0,0.0,,,,,,,,36.04245,-86.71294,False,Crashes_2010_2019_MPO
100718972,2015-01-08,2015,,19.0,,,0,0,N,0.0,0.0,0.0,,,,,,,,36.04127,-86.77871,False,Crashes_2010_2019_MPO
101896698,2018-01-25,2018,,94.0,,,0,0,N,0.0,0.0,0.0,,,,,,,,36.00347,-86.81342,True,Crashes_2010_2019_MPO
101986849,2018-04-12,2018,,94.0,,,0,0,N,0.0,0.0,0.0,,,,,,,,35.99499,-86.81897,True,Crashes_2010_2019_MPO
101005575,2015-11-08,2015,,94.0,,,0,0,N,0.0,0.0,0.0,,,,,,,,35.94212,-86.8162,False,Crashes_2010_2019_MPO
101692970,2017-07-05,2017,,19.0,,,0,0,N,0.0,0.0,0.0,,,,,,,,36.04245,-86.71294,False,Crashes_2010_2019_MPO
102244716,2018-12-13,2018,,19.0,,,0,0,N,0.0,0.0,0.0,,,,,,,,36.04396,-86.71311,False,Crashes_2010_2019_MPO
100424256,2013-12-19,2013,,94.0,,,0,0,N,0.0,0.0,0.0,,,,,,,,35.95895,-86.81581,False,Crashes_2010_2019_MPO
101670391,2017-06-09,2017,,94.0,,,0,0,N,0.0,0.0,0.0,,,,,,,,35.93446,-86.81991,False,Crashes_2010_2019_MPO
100981521,2015-10-18,2015,,94.0,,,0,0,N,0.0,0.0,0.0,,,,,,,,35.94096,-86.80462,False,Crashes_2010_2019_MPO
102172829,2018-10-10,2018,,19.0,,,0,0,N,0.0,0.0,0.0,,,,,,,,36.04521,-86.71489,False,Crashes_2010_2019_MPO
100298138,2013-02-28,2013,,94.0,,,0,0,N,0.0,0.0,0.0,,,,,,,,36.00651,-86.74354,True,Crashes_2010_2019_MPO
100823330,2015-04-24,2015,,94.0,,,0,1,N,0.0,1.0,0.0,,,,,,,,35.95053,-86.80028,False,Crashes_2010_2019_MPO
100914306,2015-07-29,2015,,94.0,,,0,0,N,0.0,0.0,0.0,,,,,,,,35.93852,-86.82162,False,Crashes_2010_2019_MPO
101007059,2015-11-11,2015,,94.0,,,0,0,N,0.0,0.0,0.0,,,,,,,,35.96565,-86.81233,False,Crashes_2010_2019_MPO
102556390,2019-11-02,2019,,94.0,,,0,0,N,0.0,0.0,0.0,,,,,,,,35.94475,-86.82827,False,Crashes_2010_2019_MPO
101542668,2017-02-03,2017,,19.0,,,0,0,N,0.0,0.0,0.0,,,,,,,,36.04537,-86.71326,False,Crashes_2010_2019_MPO
101101707,2016-02-08,2016,,19.0,,,0,0,N,0.0,0.0,0.0,,,,,,,,36.03786,-86.78468,False,Crashes_2010_2019_MPO
101907152,2018-02-05,2018,,94.0,,,0,0,N,0.0,0.0,0.0,,,,,,,,35.9311,-86.79415,False,Crashes_2010_2019_MPO
101714039,2017-07-28,2017,,19.0,,,0,0,N,0.0,0.0,0.0,,,,,,,,36.04402,-86.71311,False,Crashes_2010_2019_MPO
101905810,2018-02-03,2018,,19.0,,,0,0,N,0.0,0.0,0.0,,,,,,,,36.04067,-86.77183,False,Crashes_2010_2019_MPO
102385507,2019-05-10,2019,,94.0,,,0,0,N,0.0,0.0,0.0,,,,,,,,35.997513,-86.795045,True,Crashes_2010_2019_MPO