mstrrecnbr,collision_ts,year,county,countystat,crash,crash_type,fatalities,non_motorists,commercial,fatal_c,nonmotor_c,truck_c,fatalc,serious_injuries,ped,bike,lighting,weather,first_harmful_event,latitude,longitude,in_city,src_layer
101557896,2017-02-17,2017,,94.0,,,0,0,N,0.0,0.0,0.0,,,,,,,,35.97313,-86.83067,True,Crashes_2010_2019_MPO
101626683,2017-04-26,2017,,94.0,,,0,0,N,0.0,0.0,0.0,,,,,,,,35.92923,-86.84511,False,Crashes_2010_2019_MPO
101948376,2018-03-18,2018,,94.0,,,0,0,N,0.0,0.0,0.0,,,,,,,,35.93446,-86.81991,False,Crashes_2010_2019_MPO
102328444,2019-03-12,2019,,94.0,,,0,0,N,0.0,0.0,0.0,,,,,,,,35.98635,-86.73664,True,Crashes_2010_2019_MPO
101639186,2017-05-09,2017,,94.0,,,0,0,N,0.0,0.0,0.0,,,,,,,,35.96458,-86.8144,False,Crashes_2010_2019_MPO
100396429,2013-10-26,2013,,94.0,,,0,0,N,0.0,0.0,0.0,,,,,,,,35.96615,-86.80532,True,Crashes_2010_2019_MPO
101579389,2017-03-10,2017,,19.0,,,0,0,N,0.0,0.0,0.0,,,,,,,,36.0473,-86.86274,False,Crashes_2010_2019_MPO
102389018,2019-05-14,2019,,94.0,,,0,0,N,0.0,0.0,0.0,,,,,,,,35.93222,-86.86198,False,Crashes_2010_2019_MPO
101266875,2016-06-16,2016,,94.0,,,0,0,N,0.0,0.0,0.0,,,,,,,,35.99467,-86.76863,True,Crashes_2010_2019_MPO
101453045,2016-11-18,2016,,94.0,,,0,0,N,0.0,0.0,0.0,,,,,,,,35.94052,-86.83916,False,Crashes_2010_2019_MPO
100570089,2014-07-07,2014,,94.0,,,0,0,N,0.0,0.0,0.0,,,,,,,,35.92442,-86.86925,False,Crashes_2010_2019_MPO
101772852,2017-09-22,2017,,94.0,,,0,0,N,0.0,0.0,0.0,,,,,,,,35.92641,-86.82447,False,Crashes_2010_2019_MPO
101609674,2017-04-10,2017,,19.0,,,0,0,N,0.0,0.0,0.0,,,,,,,,36.04612,-86.71335,False,Crashes_2010_2019_MPO
101739267,2017-08-23,2017,,94.0,,,0,0,N,0.0,0.0,0.0,,,,,,,,35.92801,-86.86553,False,Crashes_2010_2019_MPO
100978943,2015-10-14,2015,,94.0,,,0,0,N,0.0,0.0,0.0,,,,,,,,36.00135,-86.79025,True,Crashes_2010_2019_MPO
100752704,2015-02-24,2015,,94.0,,,0,0,N,0.0,0.0,0.0,,,,,,,,35.96616,-86.85953,False,Crashes_2010_2019_MPO
102506004,2019-09-11,2019,,94.0,,,0,0,N,0.0,0.0,0.0,,,,,,,,35.94675,-86.85178,False,Crashes_2010_2019_MPO
102157239,2018-09-25,2018,,94.0,,,0,0,N,0.0,0.0,0.0,,,,,,,,35.93733,-86.81787,False,Crashes_2010_2019_MPO
101762764,2017-09-16,2017,,94.0,,,0,0,N,0.0,0.0,0.0,,,,,,,,35.94036,-86.83304,False,Crashes_2010_2019_MPO
100974380,2015-10-05,2015,,19.0,,,0,0,N,0.0,0.0,0.0,,,,,,,,36.03047,-86.74398,False,Crashes_2010_2019_MPO
101973399,2018-04-10,2018,,94.0,,,0,0,N,0.0,0.0,0.0,,,,,,,,35.92771,-86.82097,False,Crashes_2010_2019_MPO
102449719,2019-07-17,2019,,94.0,,,0,0,N,0.0,0.0,0.0,,,,,,,,35.9584,-86.80226,False,Crashes_2010_2019_MPO
100922778,2015-08-14,2015,,19.0,,,0,0,N,0.0,0.0,0.0,,,,,,,,36.04697,-86.68013,False,Crashes_2010_2019_MPO
101648860,2017-05-18,2017,,94.0,,,0,0,N,0.0,0.0,0.0,,,,,,,,35.95526,-86.82588,False,Crashes_2010_2019_MPO
102137353,2018-09-07,2018,,94.0,,,0,0,N,0.0,0.0,0.0,,,,,,,,35.96174,-86.80191,True,Crashes_2010_2019_MPO
101627544,2017-04-28,2017,,19.0,,,0,0,N,0.0,0.0,0.0,,,,,,,,36.04973,-86.7051,False,Crashes_2010_2019_MPO
102240657,2018-12-09,2018,,19.0,,,0,0,N,0.0,0.0,0.0,,,,,,,,36.03283,-86.71285,False,Crashes_2010_2019_MPO
101318163,2016-08-01,2016,,94.0,,,0,0,N,0.0,0.0,0.0,,,,,,,,35.9325,-86.86247,False,Crashes_2010_2019_MPO
102417463,2019-06-12,2019,,19.0,,,0,0,Y,0.0,0.0,1.0,,,,,,,,36.03474,-86.78332,True,Crashes_2010_2019_MPO
101468790,2016-12-06,2016,,94.0,,,0,0,N,0.0,0.0,0.0,,,,,,,,36.01978,-86.74213,False,Crashes_2010_2019_MPO
101534516,2017-01-25,2017,,19.0,,,0,0,N,0.0,0.0,0.0,,,,,,,,36.03478,-86.71318,False,Crashes_2010_2019_MPO
102291658,2019-01-25,2019,,94.0,,,0,0,N,0.0,0.0,0.0,,,,,,,,36.02837,-86.81817,True,Crashes_2010_2019_MPO
100459242,2014-03-02,2014,,94.0,,,0,0,N,0.0,0.0,0.0,,,,,,,,35.92282,-86.82284,False,Crashes_2010_2019_MPO
102562243,2019-11-08,2019,,94.0,,,0,0,N,0.0,0.0,0.0,,,,,,,,36.03336,-86.78872,True,Crashes_2010_2019_MPO
100770520,2015-03-11,2015,,94.0,,,0,0,N,0.0,0.0,0.0,,,,,,,,35.95576,-86.76557,True,Crashes_2010_2019_MPO
102334042,2019-03-18,2019,,19.0,,,0,0,N,0.0,0.0,0.0,,,,,,,,36.04414,-86.70182,False,Crashes_2010_2019_MPO
102170803,2018-10-07,2018,,94.0,,,0,0,N,0.0,0.0,0.0,,,,,,,,35.96902,-86.7155,True,Crashes_2010_2019_MPO
100564277,2014-06-22,2014,,94.0,,,0,0,N,0.0,0.0,0.0,,,,,,,,35.98325,-86.71739,True,Crashes_2010_2019_MPO
101119894,2016-02-21,2016,,94.0,,,0,0,N,0.0,0.0,0.0,,,,,,,,35.93079,-86.82014,False,Crashes_2010_2019_MPO
101638102,2017-05-08,2017,,94.0,,,0,0,N,0.0,0.0,0.0,,,,,,,,35.966682,-86.80918,True,Crashes_2010_2019_MPO
101645884,2017-05-13,2017,,94.0,,,0,0,N,0.0,0.0,0.0,,,,,,,,35.9912,-86.68349,False,Crashes_2010_2019_MPO
101150917,2016-03-25,2016,,19.0,,,0,0,N,0.0,0.0,0.0,,,,,,,,36.04556,-86.71131,False,Crashes_2010_2019_MPO
101317877,2016-08-01,2016,,94.0,,,0,0,N,0.0,0.0,0.0,,,,,,,,35.96109,-86.80936,False,Crashes_2010_2019_MPO
100752091,2015-02-23,2015,,19.0,,,0,0,N,0.0,0.0,0.0,,,,,,,,36.04569,-86.7134,False,Crashes_2010_2019_MPO
101237714,2016-05-30,2016,,19.0,,,0,0,N,0.0,0.0,0.0,,,,,,,,36.04537,-86.71326,False,Crashes_2010_2019_MPO
100375259,2013-09-04,2013,,94.0,,,0,0,N,0.0,0.0,0.0,,,,,,,,35.96364,-86.81067,False,Crashes_2010_2019_MPO
100396010,2013-10-25,2013,,94.0,,,0,0,N,0.0,0.0,0.0,,,,,,,,36.01317,-86.80172,True,Crashes_2010_2019_MPO
101332124,2016-08-20,2016,,19.0,,,0,0,N,0.0,0.0,0.0,,,,,,,,36.0406,-86.77117,False,Crashes_2010_2019_MPO
102001362,2018-05-05,2018,,94.0,,,0,0,N,0.0,0.0,0.0,,,,,,,,36.0265,-86.79252,True,Crashes_2010_2019_MPO
100352848,2013-07-10,2013,,94.0,,,0,0,N,0.0,0.0,0.0,,,,,,,,35.99782,-86.7989,True,Crashes_2010_2019_MPO
101549280,2017-02-09,2017,,19.0,,,0,0,N,0.0,0.0,0.0,,,,,,,,36.03538,-86.78301,False,Crashes_2010_2019_MPO
100979052,2015-10-14,2015,,94.0,,,0,0,N,0.0,0.0,0.0,,,,,,,,36.03599,-86.7872,True,Crashes_2010_2019_MPO
100340449,2013-06-10,2013,,94.0,,,0,0,N,0.0,0.0,0.0,,,,,,,,35.92674,-86.87005,False,Crashes_2010_2019_MPO
101497942,2017-01-06,2017,,19.0,,,0,0,N,0.0,0.0,0.0,,,,,,,,36.0449,-86.72497,False,Crashes_2010_2019_MPO
100288572,2013-01-28,2013,,94.0,,,0,0,N,0.0,0.0,0.0,,,,,,,,35.99156,-86.79881,True,Crashes_2010_2019_MPO
102604810,2019-12-20,2019,,94.0,,,0,0,N,0.0,0.0,0.0,,,,,,,,36.03618,-86.78709,True,Crashes_2010_2019_MPO
102308302,2019-02-14,2019,,94.0,,,0,0,N,0.0,0.0,0.0,,,,,,,,35.93215,-86.79441,False,Crashes_2010_2019_MPO
100979306,2015-10-15,2015,,19.0,,,0,0,N,0.0,0.0,0.0,,,,,,,,36.04519,-86.71588,False,Crashes_2010_2019_MPO
100738966,2015-02-14,2015,,94.0,,,0,0,N,0.0,0.0,0.0,,,,,,,,36.01488,-86.7298,False,Crashes_2010_2019_MPO
102492437,2019-08-29,2019,,19.0,,,0,0,N,0.0,0.0,0.0,,,,,,,,36.02547,-86.71305,False,Crashes_2010_2019_MPO
100826852,2015-05-01,2015,,94.0,,,0,0,N,0.0,0.0,0.0,,,,,,,,35.96667,-86.81096,True,Crashes_2010_2019_MPO
100946257,2015-09-04,2015,,94.0,,,0,0,N,0.0,0.0,0.0,,,,,,,,35.93961,-86.8214,False,Crashes_2010_2019_MPO
101357290,2016-09-09,2016,,94.0,,,0,0,N,0.0,0.0,0.0,,,,,,,,35.92421,-86.87003,False,Crashes_2010_2019_MPO
101002646,2015-11-01,2015,,19.0,,,0,0,N,0.0,0.0,0.0,,,,,,,,36.02763,-86.70355,False,Crashes_2010_2019_MPO
101131307,2016-03-09,2016,,94.0,,,0,0,N,0.0,0.0,0.0,,,,,,,,35.96632,-86.80543,True,Crashes_2010_2019_MPO
100711025,2014-12-22,2014,,94.0,,,0,0,N,0.0,0.0,0.0,,,,,,,,35.96495,-86.72804,True,Crashes_2010_2019_MPO
101097886,2016-02-01,2016,,94.0,,,0,0,N,0.0,0.0,0.0,,,,,,,,35.93785,-86.85851,False,Crashes_2010_2019_MPO
101196860,2016-05-17,2016,,19.0,,,0,0,N,0.0,0.0,0.0,,,,,,,,36.03225,-86.75725,False,Crashes_2010_2019_MPO
101914214,2018-02-12,2018,,94.0,,,0,0,N,0.0,0.0,0.0,,,,,,,,36.03426,-86.7882,True,Crashes_2010_2019_MPO
100914526,2015-07-30,2015,,94.0,,,0,0,N,0.0,0.0,0.0,,,,,,,,36.02619,-86.7927,True,Crashes_2010_2019_MPO
102295774,2019-02-01,2019,,94.0,,,0,0,N,0.0,0.0,0.0,,,,,,,,35.96174,-86.80191,True,Crashes_2010_2019_MPO
102526551,2019-10-02,2019,,94.0,,,0,0,N,0.0,0.0,0.0,,,,,,,,35.97446,-86.74679,True,Crashes_2010_2019_MPO
101102517,2016-02-09,2016,,94.0,,,0,0,N,0.0,0.0,0.0,,,,,,,,35.93126,-86.87693,False,Crashes_2010_2019_MPO
100737635,2015-02-15,2015,,94.0,,,0,0,N,0.0,0.0,0.0,,,,,,,,35.99612,-86.78525,True,Crashes_2010_2019_MPO
102400873,2019-05-26,2019,,94.0,,,0,0,N,0.0,0.0,0.0,,,,,,,,35.9464,-86.8087,False,Crashes_2010_2019_MPO
101270955,2016-06-22,2016,,94.0,,,0,0,N,0.0,0.0,0.0,,,,,,,,35.94814,-86.81735,False,Crashes_2010_2019_MPO
100825754,2015-04-29,2015,,94.0,,,0,0,N,0.0,0.0,0.0,,,,,,,,35.98137,-86.80232,True,Crashes_2010_2019_MPO
100976833,2015-10-10,2015,,94.0,,,0,0,N,0.0,0.0,0.0,,,,,,,,35.96656,-86.81952,True,Crashes_2010_2019_MPO
101771045,2017-09-25,2017,,94.0,,,0,0,N,0.0,0.0,0.0,,,,,,,,35.965845,-86.804705,True,Crashes_2010_2019_MPO
102409314,2019-06-04,2019,,94.0,,,0,0,N,0.0,0.0,0.0,,,,,,,,35.99821,-86.79642,True,Crashes_2010_2019_MPO
101321820,2016-08-05,2016,,94.0,,,0,0,N,0.0,0.0,0.0,,,,,,,,35.94778,-86.81994,False,Crashes_2010_2019_MPO
102577533,2019-11-23,2019,,19.0,,,0,0,N,0.0,0.0,0.0,,,,,,,,36.05412,-86.69103,False,Crashes_2010_2019_MPO
102197465,2018-11-01,2018,,19.0,,,0,0,N,0.0,0.0,0.0,,,,,,,,36.04016,-86.78076,False,Crashes_2010_2019_MPO
101695116,2017-07-07,2017,,19.0,,,0,0,N,0.0,0.0,0.0,,,,,,,,36.04216,-86.78229,False,Crashes_2010_2019_MPO
101128271,2016-03-04,2016,,94.0,,,0,0,N,0.0,0.0,0.0,,,,,,,,35.93127,-86.87663,False,Crashes_2010_2019_MPO
101157104,2016-04-01,2016,,94.0,,,0,0,N,0.0,0.0,0.0,,,,,,,,35.92364,-86.76698,False,Crashes_2010_2019_MPO
101976951,2018-04-13,2018,,94.0,,,0,0,N,0.0,0.0,0.0,,,,,,,,35.9982,-86.79668,True,Crashes_2010_2019_MPO
102041842,2018-06-06,2018,,94.0,,,0,0,N,0.0,0.0,0.0,,,,,,,,35.94807,-86.8635,False,Crashes_2010_2019_MPO
100753963,2015-02-27,2015,,94.0,,,0,0,N,0.0,0.0,0.0,,,,,,,,35.93277,-86.80933,False,Crashes_2010_2019_MPO
102129456,2018-08-31,2018,,94.0,,,0,0,N,0.0,0.0,0.0,,,,,,,,35.96071,-86.80246,False,Crashes_2010_2019_MPO
102163542,2018-09-29,2018,,94.0,,,0,0,N,0.0,0.0,0.0,,,,,,,,35.97752,-86.77505,True,Crashes_2010_2019_MPO
102551518,2019-10-28,2019,,94.0,,,0,0,N,0.0,0.0,0.0,,,,,,,,36.01344,-86.80342,True,Crashes_2010_2019_MPO
102127107,2018-08-29,2018,,94.0,,,0,0,N,0.0,0.0,0.0,,,,,,,,35.96795,-86.67737,False,Crashes_2010_2019_MPO
101703787,2017-07-17,2017,,94.0,,,0,0,N,0.0,0.0,0.0,,,,,,,,35.95899,-86.81594,False,Crashes_2010_2019_MPO
101185060,2016-04-30,2016,,94.0,,,0,0,N,0.0,0.0,0.0,,,,,,,,36.036153,-86.789465,True,Crashes_2010_2019_MPO
100313001,2013-04-06,2013,,94.0,,,0,0,N,0.0,0.0,0.0,,,,,,,,35.98729,-86.70795,True,Crashes_2010_2019_MPO
101907709,2018-02-05,2018,,19.0,,,0,0,N,0.0,0.0,0.0,,,,,,,,36.04178,-86.78365,False,Crashes_2010_2019_MPO
102353838,2019-04-08,2019,,19.0,,,0,0,N,0.0,0.0,0.0,,,,,,,,36.03291,-86.71287,False,Crashes_2010_2019_MPO
101909111,2018-02-07,2018,,94.0,,,0,0,N,0.0,0.0,0.0,,,,,,,,35.93485,-86.68733,False,Crashes_2010_2019_MPO
101910699,2018-02-08,2018,,94.0,,,0,0,N,0.0,0.0,0.0,,,,,,,,35.96356,-86.81052,False,Crashes_2010_2019_MPO
101096911,2016-01-29,2016,,94.0,,,0,0,N,0.0,0.0,0.0,,,,,,,,35.95802,-86.80259,False,Crashes_2010_2019_MPO
101064351,2015-12-21,2015,,94.0,,,0,0,N,0.0,0.0,0.0,,,,,,,,35.94677,-86.85185,False,Crashes_2010_2019_MPO
102217046,2018-11-19,2018,,19.0,,,0,0,N,0.0,0.0,0.0,,,,,,,,36.04083,-86.77934,False,Crashes_2010_2019_MPO
102579371,2019-11-25,2019,,19.0,,,0,0,N,0.0,0.0,0.0,,,,,,,,36.03066,-86.78358,True,Crashes_2010_2019_MPO
101954338,2018-03-18,2018,,94.0,,,0,0,N,0.0,0.0,0.0,,,,,,,,36.0346,-86.78333,True,Crashes_2010_2019_MPO
102077076,2018-07-17,2018,,94.0,,,0,0,N,0.0,0.0,0.0,,,,,,,,35.9772,-86.77221,True,Crashes_2010_2019_MPO
100480646,2014-03-31,2014,,94.0,,,0,0,N,0.0,0.0,0.0,,,,,,,,35.96382,-86.80841,False,Crashes_2010_2019_MPO
102436966,2019-07-04,2019,,94.0,,,0,0,N,0.0,0.0,0.0,,,,,,,,35.99397,-86.75464,True,Crashes_2010_2019_MPO
101923202,2018-02-22,2018,,94.0,,,0,0,N,0.0,0.0,0.0,,,,,,,,35.94838,-86.80772,False,Crashes_2010_2019_MPO
100279044,2012-12-27,2012,,19.0,,,0,0,N,0.0,0.0,0.0,,,,,,,,36.05366,-86.7149,False,Crashes_2010_2019_MPO
101093748,2016-01-25,2016,,94.0,,,0,0,N,0.0,0.0,0.0,,,,,,,,35.93446,-86.81991,False,Crashes_2010_2019_MPO
101894365,2018-01-23,2018,,19.0,,,0,0,N,0.0,0.0,0.0,,,,,,,,36.0394,-86.74343,False,Crashes_2010_2019_MPO
101008260,2015-11-12,2015,,94.0,,,0,0,N,0.0,0.0,0.0,,,,,,,,35.98345,-86.80185,True,Crashes_2010_2019_MPO
101939218,2018-03-09,2018,,19.0,,,0,0,N,0.0,0.0,0.0,,,,,,,,36.04422,-86.71313,False,Crashes_2010_2019_MPO
100509365,2014-05-15,2014,,94.0,,,0,0,N,0.0,0.0,0.0,,,,,,,,36.02788,-86.78402,True,Crashes_2010_2019_MPO
101686024,2017-06-28,2017,,94.0,,,0,0,N,0.0,0.0,0.0,,,,,,,,35.95637,-86.75414,True,Crashes_2010_2019_MPO
102294627,2019-02-01,2019,,19.0,,,0,0,N,0.0,0.0,0.0,,,,,,,,36.02971,-86.76219,False,Crashes_2010_2019_MPO
101165918,2016-04-16,2016,,94.0,,,0,0,N,0.0,0.0,0.0,,,,,,,,35.92957,-86.84187,False,Crashes_2010_2019_MPO
100429360,2014-01-09,2014,,94.0,,,0,0,N,0.0,0.0,0.0,,,,,,,,36.01746,-86.75962,True,Crashes_2010_2019_MPO
100654451,2014-10-16,2014,,94.0,,,0,0,N,0.0,0.0,0.0,,,,,,,,35.98548,-86.71429,True,Crashes_2010_2019_MPO
100179611,2012-05-12,2012,,94.0,,,0,0,N,0.0,0.0,0.0,,,,,,,,35.97084,-86.72628,True,Crashes_2010_2019_MPO
100352068,2013-07-08,2013,,94.0,,,0,0,N,0.0,0.0,0.0,,,,,,,,35.95846,-86.80194,False,Crashes_2010_2019_MPO
102438502,2019-07-05,2019,,94.0,,,0,0,N,0.0,0.0,0.0,,,,,,,,35.96174,-86.80191,True,Crashes_2010_2019_MPO
100640167,2014-10-08,2014,,94.0,,,0,0,N,0.0,0.0,0.0,,,,,,,,35.93546,-86.82377,False,Crashes_2010_2019_MPO
101437588,2016-11-11,2016,,94.0,,,0,0,N,0.0,0.0,0.0,,,,,,,,35.98909,-86.79966,True,Crashes_2010_2019_MPO
101760187,2017-09-13,2017,,94.0,,,0,0,N,0.0,0.0,0.0,,,,,,,,35.93223,-86.86267,False,Crashes_2010_2019_MPO
102295283,2019-02-02,2019,,19.0,,,0,0,N,0.0,0.0,0.0,,,,,,,,36.0453,-86.70168,False,Crashes_2010_2019_MPO
101616834,2017-04-16,2017,,19.0,,,0,0,N,0.0,0.0,0.0,,,,,,,,36.04493,-86.71321,False,Crashes_2010_2019_MPO
100804889,2015-04-09,2015,,94.0,,,0,0,N,0.0,0.0,0.0,,,,,,,,35.95968,-86.84148,False,Crashes_2010_2019_MPO
101595957,2017-03-28,2017,,19.0,,,0,0,N,0.0,0.0,0.0,,,,,,,,36.03986,-86.7684,False,Crashes_2010_2019_MPO
101808250,2017-10-29,2017,,19.0,,,0,0,N,0.0,0.0,0.0,,,,,,,,36.03754,-86.78509,False,Crashes_2010_2019_MPO
101010669,2015-11-16,2015,,94.0,,,0,0,N,0.0,0.0,0.0,,,,,,,,36.01923,-86.82078,True,Crashes_2010_2019_MPO
101231664,2016-05-24,2016,,19.0,,,0,0,N,0.0,0.0,0.0,,,,,,,,36.01216,-86.70404,False,Crashes_2010_2019_MPO
102215713,2018-11-18,2018,,94.0,,,0,0,N,0.0,0.0,0.0,,,,,,,,35.9743,-86.8046,True,Crashes_2010_2019_MPO
100236969,2012-10-10,2012,,94.0,,,0,0,N,0.0,0.0,0.0,,,,,,,,35.96979,-86.72447,True,Crashes_2010_2019_MPO
100909356,2015-07-20,2015,,94.0,,,0,0,N,0.0,0.0,0.0,,,,,,,,35.96099,-86.81076,False,Crashes_2010_2019_MPO
100610066,2014-08-24,2014,,94.0,,,0,0,Y,0.0,0.0,1.0,,,,,,,,35.99169,-86.79876,True,Crashes_2010_2019_MPO
102064710,2018-07-05,2018,,94.0,,,0,0,N,0.0,0.0,0.0,,,,,,,,35.96477,-86.82594,False,Crashes_2010_2019_MPO
101546123,2017-02-06,2017,,19.0,,,0,0,N,0.0,0.0,0.0,,,,,,,,36.04537,-86.71326,False,Crashes_2010_2019_MPO
102069447,2018-07-09,2018,,19.0,,,0,0,N,0.0,0.0,0.0,,,,,,,,36.03971,-86.7814,False,Crashes_2010_2019_MPO
102443390,2019-07-09,2019,,94.0,,,0,0,N,0.0,0.0,0.0,,,,,,,,35.95494,-86.81175,False,Crashes_2010_2019_MPO
100829994,2015-05-07,2015,,19.0,,,0,0,N,0.0,0.0,0.0,,,,,,,,36.05241,-86.70792,False,Crashes_2010_2019_MPO
102523777,2019-09-27,2019,,94.0,,,0,0,N,0.0,0.0,0.0,,,,,,,,35.96459,-86.81114,False,Crashes_2010_2019_MPO
102422156,2019-06-18,2019,,19.0,,,0,0,N,0.0,0.0,0.0,,,,,,,,36.03899,-86.78258,False,Crashes_2010_2019_MPO
102045989,2018-06-17,2018,,19.0,,,0,0,N,0.0,0.0,0.0,,,,,,,,36.05102,-86.68989,False,Crashes_2010_2019_MPO
101883612,2018-01-10,2018,,19.0,,,0,0,N,0.0,0.0,0.0,,,,,,,,36.04906,-86.71389,False,Crashes_2010_2019_MPO
100544175,2014-05-28,2014,,94.0,,,0,0,N,0.0,0.0,0.0,,,,,,,,35.92539,-86.87269,False,Crashes_2010_2019_MPO
102131077,2018-08-31,2018,,94.0,,,0,0,N,0.0,0.0,0.0,,,,,,,,35.95234,-86.70555,True,Crashes_2010_2019_MPO
101467305,2016-12-04,2016,,19.0,,,0,0,N,0.0,0.0,0.0,,,,,,,,36.04152,-86.78249,False,Crashes_2010_2019_MPO
102383311,2019-05-08,2019,,19.0,,,0,0,N,0.0,0.0,0.0,,,,,,,,36.03933,-86.78203,False,Crashes_2010_2019_MPO
100116249,2011-11-10,2011,,94.0,,,0,0,N,0.0,0.0,0.0,,,,,,,,36.01416,-86.78556,True,Crashes_2010_2019_MPO
101164893,2016-04-15,2016,,19.0,,,0,0,N,0.0,0.0,0.0,,,,,,,,36.03987,-86.78102,False,Crashes_2010_2019_MPO
101156508,2016-04-02,2016,,19.0,,,0,0,N,0.0,0.0,0.0,,,,,,,,36.02547,-86.71305,False,Crashes_2010_2019_MPO
100305635,2013-03-20,2013,,94.0,,,0,0,N,0.0,0.0,0.0,,,,,,,,35.9816,-86.84488,False,Crashes_2010_2019_MPO
101124035,2016-02-23,2016,,19.0,,,0,0,N,0.0,0.0,0.0,,,,,,,,36.03948,-86.78161,False,Crashes_2010_2019_MPO
101665868,2017-06-06,2017,,19.0,,,0,0,N,0.0,0.0,0.0,,,,,,,,36.0525,-86.71467,False,Crashes_2010_2019_MPO
101501313,2017-01-10,2017,,94.0,,,0,0,N,0.0,0.0,0.0,,,,,,,,35.9751,-86.83122,True,Crashes_2010_2019_MPO
101998193,2018-05-02,2018,,94.0,,,0,0,N,0.0,0.0,0.0,,,,,,,,36.034332,-86.791779,True,Crashes_2010_2019_MPO
101681228,2017-06-23,2017,,19.0,,,0,0,N,0.0,0.0,0.0,,,,,,,,36.04549,-86.7252,False,Crashes_2010_2019_MPO
101069760,2015-12-31,2015,,94.0,,,0,0,N,0.0,0.0,0.0,,,,,,,,35.92728,-86.73964,False,Crashes_2010_2019_MPO
101720383,2017-08-03,2017,,94.0,,,0,0,N,0.0,0.0,0.0,,,,,,,,35.97765,-86.77678,True,Crashes_2010_2019_MPO
101073018,2016-01-06,2016,,19.0,,,0,0,N,0.0,0.0,0.0,,,,,,,,36.03529,-86.78303,False,Crashes_2010_2019_MPO
101808621,2017-10-30,2017,,19.0,,,0,0,N,0.0,0.0,0.0,,,,,,,,36.04402,-86.78184,False,Crashes_2010_2019_MPO
102237850,2018-12-06,2018,,19.0,,,0,0,N,0.0,0.0,0.0,,,,,,,,36.0529,-86.6874,False,Crashes_2010_2019_MPO
101148161,2016-03-21,2016,,94.0,,,0,0,N,0.0,0.0,0.0,,,,,,,,35.9263,-86.87336,False,Crashes_2010_2019_MPO
100944720,2015-09-04,2015,,94.0,,,0,0,N,0.0,0.0,0.0,,,,,,,,36.028,-86.79167,True,Crashes_2010_2019_MPO
100994409,2015-10-22,2015,,94.0,,,0,0,Y,0.0,0.0,1.0,,,,,,,,35.96655,-86.80943,True,Crashes_2010_2019_MPO
100884089,2015-07-05,2015,,94.0,,,0,0,N,0.0,0.0,0.0,,,,,,,,36.00801,-86.72023,True,Crashes_2010_2019_MPO
101639140,2017-05-09,2017,,94.0,,,0,0,N,0.0,0.0,0.0,,,,,,,,35.92936,-86.87549,False,Crashes_2010_2019_MPO
100356440,2013-07-19,2013,,94.0,,,0,0,N,0.0,0.0,0.0,,,,,,,,35.96532,-86.81138,False,Crashes_2010_2019_MPO
101923238,2018-02-19,2018,,94.0,,,0,0,N,0.0,0.0,0.0,,,,,,,,35.94788,-86.81951,False,Crashes_2010_2019_MPO
101670179,2017-06-10,2017,,19.0,,,0,0,N,0.0,0.0,0.0,,,,,,,,36.04001,-86.74347,False,Crashes_2010_2019_MPO
101589092,2017-03-21,2017,,19.0,,,0,0,N,0.0,0.0,0.0,,,,,,,,36.03376,-86.74361,False,Crashes_2010_2019_MPO
102041294,2018-06-12,2018,,94.0,,,0,0,N,0.0,0.0,0.0,,,,,,,,35.93696,-86.78891,False,Crashes_2010_2019_MPO
101406283,2016-10-13,2016,,94.0,,,0,0,N,0.0,0.0,0.0,,,,,,,,35.93459,-86.81946,False,Crashes_2010_2019_MPO
101196515,2016-05-17,2016,,19.0,,,0,0,N,0.0,0.0,0.0,,,,,,,,36.04007,-86.78265,False,Crashes_2010_2019_MPO
101725632,2017-08-09,2017,,94.0,,,0,0,N,0.0,0.0,0.0,,,,,,,,35.92399,-86.79448,False,Crashes_2010_2019_MPO
102574627,2019-11-20,2019,,94.0,,,0,0,N,0.0,0.0,0.0,,,,,,,,35.9478,-86.81111,False,Crashes_2010_2019_MPO
101441808,2016-11-16,2016,,19.0,,,0,0,N,0.0,0.0,0.0,,,,,,,,36.03636,-86.8107,True,Crashes_2010_2019_MPO
101046102,2015-12-09,2015,,94.0,,,0,0,N,0.0,0.0,0.0,,,,,,,,35.97334,-86.83305,True,Crashes_2010_2019_MPO
101904076,2018-02-02,2018,,19.0,,,0,0,N,0.0,0.0,0.0,,,,,,,,36.03997,-86.74281,False,Crashes_2010_2019_MPO
100584692,2014-07-18,2014,,94.0,,,0,0,N,0.0,0.0,0.0,,,,,,,,36.03402,-86.78835,True,Crashes_2010_2019_MPO
101501649,2017-01-11,2017,,19.0,,,0,0,N,0.0,0.0,0.0,,,,,,,,36.04094,-86.77342,False,Crashes_2010_2019_MPO
101299554,2016-07-20,2016,,19.0,,,0,0,N,0.0,0.0,0.0,,,,,,,,36.04534,-86.71348,False,Crashes_2010_2019_MPO
102037548,2018-06-08,2018,,94.0,,,0,0,N,0.0,0.0,0.0,,,,,,,,35.94782,-86.81975,False,Crashes_2010_2019_MPO
100479625,2014-03-28,2014,,94.0,,,0,0,N,0.0,0.0,0.0,,,,,,,,35.93557,-86.83926,False,Crashes_2010_2019_MPO
101064350,2015-12-21,2015,,94.0,,,0,0,N,0.0,0.0,0.0,,,,,,,,35.93215,-86.79441,False,Crashes_2010_2019_MPO
101968582,2018-04-06,2018,,94.0,,,0,0,N,0.0,0.0,0.0,,,,,,,,35.94818,-86.80787,False,Crashes_2010_2019_MPO
100372704,2013-08-27,2013,,94.0,,,0,0,N,0.0,0.0,0.0,,,,,,,,35.92642,-86.82458,False,Crashes_2010_2019_MPO
100181365,2012-05-16,2012,,94.0,,,0,0,N,0.0,0.0,0.0,,,,,,,,35.96312,-86.81899,True,Crashes_2010_2019_MPO