mstrrecnbr,collision_ts,year,county,countystat,crash,crash_type,fatalities,non_motorists,commercial,fatal_c,nonmotor_c,truck_c,fatalc,serious_injuries,ped,bike,lighting,weather,first_harmful_event,latitude,longitude,in_city,src_layer
101709396,2017-07-22,2017,,94.0,,,0,0,N,0.0,0.0,0.0,,,,,,,,35.96716,-86.81351,True,Crashes_2010_2019_MPO
102348543,2019-04-02,2019,,19.0,,,0,0,N,0.0,0.0,0.0,,,,,,,,36.04447,-86.6871,False,Crashes_2010_2019_MPO
100918816,2015-08-06,2015,,19.0,,,0,0,N,0.0,0.0,0.0,,,,,,,,36.0454,-86.71336,False,Crashes_2010_2019_MPO
101073522,2016-01-06,2016,,19.0,,,0,0,N,0.0,0.0,0.0,,,,,,,,36.04549,-86.71227,False,Crashes_2010_2019_MPO
101366070,2016-09-21,2016,,19.0,,,0,0,N,0.0,0.0,0.0,,,,,,,,36.04596,-86.7778,False,Crashes_2010_2019_MPO
100835106,2015-05-15,2015,,19.0,,,0,0,N,0.0,0.0,0.0,,,,,,,,36.03735,-86.78656,False,Crashes_2010_2019_MPO
102493085,2019-08-30,2019,,94.0,,,0,0,N,0.0,0.0,0.0,,,,,,,,36.03335,-86.77792,True,Crashes_2010_2019_MPO
100825433,2015-04-29,2015,,94.0,,,0,0,N,0.0,0.0,0.0,,,,,,,,35.97137,-86.8058,True,Crashes_2010_2019_MPO
101330199,2016-08-18,2016,,19.0,,,0,0,N,0.0,0.0,0.0,,,,,,,,36.03727,-86.78841,False,Crashes_2010_2019_MPO
100998543,2015-10-28,2015,,19.0,,,0,0,N,0.0,0.0,0.0,,,,,,,,36.02038,-86.71043,False,Crashes_2010_2019_MPO
102373756,2019-04-27,2019,,19.0,,,0,0,N,0.0,0.0,0.0,,,,,,,,36.05389,-86.7394,False,Crashes_2010_2019_MPO
101284709,2016-07-12,2016,,19.0,,,0,0,N,0.0,0.0,0.0,,,,,,,,36.0488,-86.71367,False,Crashes_2010_2019_MPO
100659906,2014-10-13,2014,,94.0,,,0,0,N,0.0,0.0,0.0,,,,,,,,35.99156,-86.79881,True,Crashes_2010_2019_MPO
100501048,2014-04-26,2014,,94.0,,,0,0,N,0.0,0.0,0.0,,,,,,,,35.92547,-86.87275,False,Crashes_2010_2019_MPO
101100570,2016-02-05,2016,,94.0,,,0,0,N,0.0,0.0,0.0,,,,,,,,35.92298,-86.81955,False,Crashes_2010_2019_MPO
100511604,2014-05-21,2014,,94.0,,,0,0,N,0.0,0.0,0.0,,,,,,,,35.99684,-86.79698,True,Crashes_2010_2019_MPO
102022925,2018-05-25,2018,,94.0,,,0,0,N,0.0,0.0,0.0,,,,,,,,35.95277,-86.84695,False,Crashes_2010_2019_MPO
101302430,2016-07-25,2016,,94.0,,,0,0,N,0.0,0.0,0.0,,,,,,,,35.99752,-86.79667,True,Crashes_2010_2019_MPO
101038744,2015-11-28,2015,,94.0,,,0,0,N,0.0,0.0,0.0,,,,,,,,35.92349,-86.8695,False,Crashes_2010_2019_MPO
100382166,2013-09-22,2013,,94.0,,,0,0,N,0.0,0.0,0.0,,,,,,,,35.97738,-86.77378,True,Crashes_2010_2019_MPO
100680755,2014-11-15,2014,,94.0,,,0,0,N,0.0,0.0,0.0,,,,,,,,35.95993,-86.80204,False,Crashes_2010_2019_MPO
100308431,2013-03-27,2013,,94.0,,,0,0,N,0.0,0.0,0.0,,,,,,,,35.94069,-86.8316,False,Crashes_2010_2019_MPO
101430927,2016-11-02,2016,,94.0,,,0,0,N,0.0,0.0,0.0,,,,,,,,35.92439,-86.82478,False,Crashes_2010_2019_MPO
102171960,2018-10-09,2018,,94.0,,,0,0,N,0.0,0.0,0.0,,,,,,,,35.97784,-86.80356,True,Crashes_2010_2019_MPO
100461938,2014-03-08,2014,,94.0,,,0,0,N,0.0,0.0,0.0,,,,,,,,35.95211,-86.81841,False,Crashes_2010_2019_MPO
100818794,2015-04-16,2015,,94.0,,,0,0,N,0.0,0.0,0.0,,,,,,,,36.02581,-86.78501,True,Crashes_2010_2019_MPO
101504287,2017-01-13,2017,,19.0,,,0,0,N,0.0,0.0,0.0,,,,,,,,36.03992,-86.78096,False,Crashes_2010_2019_MPO
100346536,2013-06-25,2013,,94.0,,,0,0,N,0.0,0.0,0.0,,,,,,,,35.9326,-86.80743,False,Crashes_2010_2019_MPO
102434655,2019-07-02,2019,,94.0,,,0,1,N,0.0,1.0,0.0,,,,,,,,35.94877,-86.74755,True,Crashes_2010_2019_MPO
102307434,2019-02-16,2019,,94.0,,,0,0,N,0.0,0.0,0.0,,,,,,,,36.03327,-86.7839,True,Crashes_2010_2019_MPO
101346469,2016-08-26,2016,,94.0,,,0,0,N,0.0,0.0,0.0,,,,,,,,35.93378,-86.81859,False,Crashes_2010_2019_MPO
100640035,2014-10-08,2014,,94.0,,,0,0,N,0.0,0.0,0.0,,,,,,,,35.92493,-86.82472,False,Crashes_2010_2019_MPO
101698750,2017-07-11,2017,,94.0,,,0,0,N,0.0,0.0,0.0,,,,,,,,35.998639,-86.806395,True,Crashes_2010_2019_MPO
101181334,2016-04-25,2016,,94.0,,,0,0,N,0.0,0.0,0.0,,,,,,,,35.94612,-86.82346,False,Crashes_2010_2019_MPO
101182396,2016-04-27,2016,,19.0,,,0,0,N,0.0,0.0,0.0,,,,,,,,36.0374,-86.78657,False,Crashes_2010_2019_MPO
102444648,2019-07-11,2019,,19.0,,,0,0,N,0.0,0.0,0.0,,,,,,,,36.03771,-86.79779,False,Crashes_2010_2019_MPO
101396052,2016-10-04,2016,,94.0,,,0,0,N,0.0,0.0,0.0,,,,,,,,36.03057,-86.87204,False,Crashes_2010_2019_MPO
100851564,2015-05-28,2015,,94.0,,,0,0,N,0.0,0.0,0.0,,,,,,,,35.98564,-86.77782,True,Crashes_2010_2019_MPO
102230926,2018-11-30,2018,,94.0,,,0,0,N,0.0,0.0,0.0,,,,,,,,35.96622,-86.81136,False,Crashes_2010_2019_MPO
101506050,2017-01-16,2017,,19.0,,,0,0,N,0.0,0.0,0.0,,,,,,,,36.0523,-86.75168,False,Crashes_2010_2019_MPO
102586832,2019-12-03,2019,,94.0,,,0,0,N,0.0,0.0,0.0,,,,,,,,35.94547,-86.80493,False,Crashes_2010_2019_MPO
101903657,2018-02-01,2018,,94.0,,,0,0,N,0.0,0.0,0.0,,,,,,,,36.03471,-86.78332,True,Crashes_2010_2019_MPO
101188113,2016-05-05,2016,,94.0,,,0,0,N,0.0,0.0,0.0,,,,,,,,36.01223,-86.80127,True,Crashes_2010_2019_MPO
102548188,2019-10-24,2019,,94.0,,,0,0,N,0.0,0.0,0.0,,,,,,,,35.96839,-86.80751,True,Crashes_2010_2019_MPO
100631422,2014-09-20,2014,,19.0,,,0,0,N,0.0,0.0,0.0,,,,,,,,36.04878,-86.71374,False,Crashes_2010_2019_MPO
102586398,2019-12-02,2019,,94.0,,,0,0,N,0.0,0.0,0.0,,,,,,,,35.96477,-86.81514,True,Crashes_2010_2019_MPO
101274551,2016-06-27,2016,,94.0,,,0,0,N,0.0,0.0,0.0,,,,,,,,35.9509,-86.80665,False,Crashes_2010_2019_MPO
102601215,2019-12-18,2019,,94.0,,,0,0,N,0.0,0.0,0.0,,,,,,,,35.96727,-86.81884,True,Crashes_2010_2019_MPO
100980536,2015-10-16,2015,,94.0,,,0,0,N,0.0,0.0,0.0,,,,,,,,35.95527,-86.84515,False,Crashes_2010_2019_MPO
101601937,2017-04-03,2017,,94.0,,,0,0,N,0.0,0.0,0.0,,,,,,,,35.94675,-86.85178,False,Crashes_2010_2019_MPO
102575119,2019-11-21,2019,,94.0,,,0,0,N,0.0,0.0,0.0,,,,,,,,35.96757,-86.81343,True,Crashes_2010_2019_MPO
102107343,2018-08-08,2018,,94.0,,,0,0,N,0.0,0.0,0.0,,,,,,,,35.95046,-86.81306,False,Crashes_2010_2019_MPO
101963037,2018-04-01,2018,,19.0,,,0,0,N,0.0,0.0,0.0,,,,,,,,36.03877,-86.71977,False,Crashes_2010_2019_MPO
100682352,2014-11-18,2014,,19.0,,,0,0,N,0.0,0.0,0.0,,,,,,,,36.04381,-86.78135,False,Crashes_2010_2019_MPO
100395308,2013-10-23,2013,,94.0,,,0,0,N,0.0,0.0,0.0,,,,,,,,35.93918,-86.79687,False,Crashes_2010_2019_MPO
102325450,2019-03-09,2019,,94.0,,,0,0,N,0.0,0.0,0.0,,,,,,,,35.94672,-86.85109,False,Crashes_2010_2019_MPO
100417363,2013-12-10,2013,,94.0,,,0,0,N,0.0,0.0,0.0,,,,,,,,35.94053,-86.83924,False,Crashes_2010_2019_MPO
101008803,2015-11-13,2015,,94.0,,,0,0,N,0.0,0.0,0.0,,,,,,,,35.99,-86.74492,True,Crashes_2010_2019_MPO
101575079,2017-03-06,2017,,19.0,,,0,0,N,0.0,0.0,0.0,,,,,,,,36.02591,-86.71298,False,Crashes_2010_2019_MPO
102325777,2019-03-09,2019,,94.0,,,0,0,N,0.0,0.0,0.0,,,,,,,,36.01759,-86.76312,True,Crashes_2010_2019_MPO
100368915,2013-08-19,2013,,94.0,,,0,0,N,0.0,0.0,0.0,,,,,,,,35.94556,-86.80877,False,Crashes_2010_2019_MPO
100822619,2015-04-23,2015,,94.0,,,0,0,N,0.0,0.0,0.0,,,,,,,,35.99781,-86.79885,True,Crashes_2010_2019_MPO
100643063,2014-10-14,2014,,94.0,,,0,0,N,0.0,0.0,0.0,,,,,,,,35.98491,-86.72659,True,Crashes_2010_2019_MPO
102548179,2019-10-25,2019,,94.0,,,0,0,N,0.0,0.0,0.0,,,,,,,,35.92256,-86.81373,False,Crashes_2010_2019_MPO
101828328,2017-11-17,2017,,94.0,,,0,0,N,0.0,0.0,0.0,,,,,,,,35.93446,-86.81991,False,Crashes_2010_2019_MPO
101066146,2015-12-23,2015,,19.0,,,0,0,N,0.0,0.0,0.0,,,,,,,,36.04521,-86.71653,False,Crashes_2010_2019_MPO
102126098,2018-08-29,2018,,94.0,,,0,0,N,0.0,0.0,0.0,,,,,,,,35.93541,-86.82372,False,Crashes_2010_2019_MPO
101427281,2016-10-31,2016,,94.0,,,0,0,N,0.0,0.0,0.0,,,,,,,,36.01889,-86.78691,True,Crashes_2010_2019_MPO
102156934,2018-09-25,2018,,94.0,,,0,0,N,0.0,0.0,0.0,,,,,,,,35.94777,-86.698,False,Crashes_2010_2019_MPO
101934382,2018-03-05,2018,,94.0,,,0,0,N,0.0,0.0,0.0,,,,,,,,36.03328,-86.78818,True,Crashes_2010_2019_MPO
100232295,2012-09-28,2012,,94.0,,,0,0,N,0.0,0.0,0.0,,,,,,,,35.96382,-86.80841,False,Crashes_2010_2019_MPO
101938846,2018-03-09,2018,,94.0,,,0,0,N,0.0,0.0,0.0,,,,,,,,36.03287,-86.78899,True,Crashes_2010_2019_MPO
101697820,2017-07-10,2017,,94.0,,,0,0,N,0.0,0.0,0.0,,,,,,,,35.97334,-86.83305,True,Crashes_2010_2019_MPO
100460285,2014-03-04,2014,,94.0,,,0,0,N,0.0,0.0,0.0,,,,,,,,35.99669,-86.79704,True,Crashes_2010_2019_MPO
101700372,2017-07-13,2017,,94.0,,,0,0,N,0.0,0.0,0.0,,,,,,,,35.94976,-86.81909,False,Crashes_2010_2019_MPO
101128183,2016-03-05,2016,,19.0,,,0,0,N,0.0,0.0,0.0,,,,,,,,36.0379,-86.78441,False,Crashes_2010_2019_MPO
102324288,2019-03-08,2019,,19.0,,,0,0,N,0.0,0.0,0.0,,,,,,,,36.03983,-86.74099,False,Crashes_2010_2019_MPO
101914338,2018-02-12,2018,,19.0,,,0,0,N,0.0,0.0,0.0,,,,,,,,36.03256,-86.7687,False,Crashes_2010_2019_MPO
100463288,2014-03-12,2014,,94.0,,,0,0,N,0.0,0.0,0.0,,,,,,,,35.9507,-86.76616,True,Crashes_2010_2019_MPO
101819345,2017-11-08,2017,,94.0,,,0,0,N,0.0,0.0,0.0,,,,,,,,35.96518,-86.80029,True,Crashes_2010_2019_MPO
101235440,2016-05-30,2016,,19.0,,,0,0,N,0.0,0.0,0.0,,,,,,,,36.04548,-86.71208,False,Crashes_2010_2019_MPO
102015863,2018-05-16,2018,,94.0,,,0,0,N,0.0,0.0,0.0,,,,,,,,35.966705,-86.809129,True,Crashes_2010_2019_MPO
101817950,2017-11-07,2017,,19.0,,,0,0,N,0.0,0.0,0.0,,,,,,,,36.04114,-86.77621,False,Crashes_2010_2019_MPO
102284037,2019-01-22,2019,,94.0,,,0,0,N,0.0,0.0,0.0,,,,,,,,35.97765,-86.77678,True,Crashes_2010_2019_MPO
100698177,2014-11-28,2014,,94.0,,,0,0,N,0.0,0.0,0.0,,,,,,,,35.9618,-86.83317,False,Crashes_2010_2019_MPO
102570634,2019-11-17,2019,,94.0,,,0,0,N,0.0,0.0,0.0,,,,,,,,35.98277,-86.80184,True,Crashes_2010_2019_MPO
101045492,2015-12-08,2015,,19.0,,,0,0,N,0.0,0.0,0.0,,,,,,,,36.03986,-86.78134,False,Crashes_2010_2019_MPO
100665914,2014-11-06,2014,,94.0,,,0,0,N,0.0,0.0,0.0,,,,,,,,35.92365,-86.86963,False,Crashes_2010_2019_MPO
101468130,2016-11-30,2016,,94.0,,,0,0,N,0.0,0.0,0.0,,,,,,,,35.99079,-86.75111,True,Crashes_2010_2019_MPO
102378905,2019-05-03,2019,,94.0,,,0,0,N,0.0,0.0,0.0,,,,,,,,35.96713,-86.80867,True,Crashes_2010_2019_MPO
102602329,2019-12-19,2019,,19.0,,,0,0,N,0.0,0.0,0.0,,,,,,,,36.02581,-86.70866,False,Crashes_2010_2019_MPO
100970362,2015-09-30,2015,,94.0,,,0,0,N,0.0,0.0,0.0,,,,,,,,35.99847,-86.80452,True,Crashes_2010_2019_MPO
102071625,2018-07-11,2018,,94.0,,,0,0,N,0.0,0.0,0.0,,,,,,,,35.93273,-86.82388,False,Crashes_2010_2019_MPO
102446284,2019-07-13,2019,,19.0,,,0,0,N,0.0,0.0,0.0,,,,,,,,36.03951,-86.74343,False,Crashes_2010_2019_MPO
102462890,2019-07-30,2019,,94.0,,,0,0,N,0.0,0.0,0.0,,,,,,,,35.99838,-86.80377,True,Crashes_2010_2019_MPO
100965842,2015-09-23,2015,,94.0,,,0,0,N,0.0,0.0,0.0,,,,,,,,35.95921,-86.83114,False,Crashes_2010_2019_MPO
100849949,2015-05-25,2015,,19.0,,,0,0,N,0.0,0.0,0.0,,,,,,,,36.0404,-86.7826,False,Crashes_2010_2019_MPO
101694168,2017-07-06,2017,,94.0,,,0,0,N,0.0,0.0,0.0,,,,,,,,35.96275,-86.80142,True,Crashes_2010_2019_MPO
102477050,2019-08-14,2019,,94.0,,,0,0,N,0.0,0.0,0.0,,,,,,,,35.94001,-86.81666,False,Crashes_2010_2019_MPO
101497640,2017-01-06,2017,,19.0,,,0,0,N,0.0,0.0,0.0,,,,,,,,36.04595,-86.72525,False,Crashes_2010_2019_MPO
101039903,2015-11-30,2015,,19.0,,,0,0,N,0.0,0.0,0.0,,,,,,,,36.02932,-86.74337,False,Crashes_2010_2019_MPO
100642204,2014-10-12,2014,,19.0,,,0,0,N,0.0,0.0,0.0,,,,,,,,36.04277,-86.72639,False,Crashes_2010_2019_MPO
101972400,2018-04-09,2018,,94.0,,,0,0,N,0.0,0.0,0.0,,,,,,,,35.96845,-86.81905,True,Crashes_2010_2019_MPO
101270292,2016-06-18,2016,,94.0,,,0,0,N,0.0,0.0,0.0,,,,,,,,35.98635,-86.73664,True,Crashes_2010_2019_MPO
102294588,2019-02-01,2019,,19.0,,,0,0,N,0.0,0.0,0.0,,,,,,,,36.04537,-86.71326,False,Crashes_2010_2019_MPO
100341607,2013-06-13,2013,,94.0,,,0,0,N,0.0,0.0,0.0,,,,,,,,36.02866,-86.78409,True,Crashes_2010_2019_MPO
102182228,2018-10-19,2018,,19.0,,,0,0,N,0.0,0.0,0.0,,,,,,,,36.05093,-86.74032,False,Crashes_2010_2019_MPO
101752348,2017-09-06,2017,,94.0,,,0,0,N,0.0,0.0,0.0,,,,,,,,35.92689,-86.82126,False,Crashes_2010_2019_MPO
101842175,2017-11-29,2017,,94.0,,,0,0,N,0.0,0.0,0.0,,,,,,,,35.93117,-86.79415,False,Crashes_2010_2019_MPO
101563339,2017-02-23,2017,,94.0,,,0,0,N,0.0,0.0,0.0,,,,,,,,35.9638,-86.80842,False,Crashes_2010_2019_MPO
102512858,2019-09-18,2019,,94.0,,,0,0,N,0.0,0.0,0.0,,,,,,,,36.03513,-86.8058,True,Crashes_2010_2019_MPO
102189940,2018-10-25,2018,,94.0,,,0,0,N,0.0,0.0,0.0,,,,,,,,35.92313,-86.87326,False,Crashes_2010_2019_MPO
102455576,2019-07-23,2019,,94.0,,,0,0,N,0.0,0.0,0.0,,,,,,,,35.92508,-86.8715,False,Crashes_2010_2019_MPO
102358248,2019-04-12,2019,,19.0,,,0,0,N,0.0,0.0,0.0,,,,,,,,36.0522,-86.74309,False,Crashes_2010_2019_MPO
100340612,2013-06-11,2013,,94.0,,,0,0,N,0.0,0.0,0.0,,,,,,,,36.00871,-86.78649,True,Crashes_2010_2019_MPO
101234306,2016-05-27,2016,,94.0,,,0,0,N,0.0,0.0,0.0,,,,,,,,35.93562,-86.82387,False,Crashes_2010_2019_MPO
101654566,2017-05-25,2017,,19.0,,,0,0,N,0.0,0.0,0.0,,,,,,,,36.04551,-86.71173,False,Crashes_2010_2019_MPO
101569435,2017-03-01,2017,,19.0,,,0,0,N,0.0,0.0,0.0,,,,,,,,36.0496,-86.87108,False,Crashes_2010_2019_MPO
101502165,2017-01-11,2017,,19.0,,,0,0,N,0.0,0.0,0.0,,,,,,,,36.04573,-86.70912,False,Crashes_2010_2019_MPO
100655310,2014-10-18,2014,,19.0,,,0,0,N,0.0,0.0,0.0,,,,,,,,36.03751,-86.78652,False,Crashes_2010_2019_MPO
101000791,2015-11-01,2015,,94.0,,,0,0,N,0.0,0.0,0.0,,,,,,,,36.03522,-86.78425,True,Crashes_2010_2019_MPO
102164016,2018-10-01,2018,,19.0,,,0,0,N,0.0,0.0,0.0,,,,,,,,36.04522,-86.71483,False,Crashes_2010_2019_MPO
101278507,2016-07-03,2016,,94.0,,,0,0,N,0.0,0.0,0.0,,,,,,,,35.97813,-86.75834,True,Crashes_2010_2019_MPO
101894568,2018-01-23,2018,,19.0,,,0,0,N,0.0,0.0,0.0,,,,,,,,35.99961,-86.69362,False,Crashes_2010_2019_MPO
101762652,2017-09-16,2017,,94.0,,,0,0,N,0.0,0.0,0.0,,,,,,,,35.96133,-86.81226,False,Crashes_2010_2019_MPO
101078454,2016-01-16,2016,,94.0,,,0,0,N,0.0,0.0,0.0,,,,,,,,35.97072,-86.72675,True,Crashes_2010_2019_MPO
100166433,2012-04-06,2012,,94.0,,,0,0,N,0.0,0.0,0.0,,,,,,,,35.9667,-86.81117,True,Crashes_2010_2019_MPO
102253181,2018-12-20,2018,,94.0,,,0,0,N,0.0,0.0,0.0,,,,,,,,35.9834,-86.8019,True,Crashes_2010_2019_MPO
101618468,2017-04-18,2017,,94.0,,,0,0,N,0.0,0.0,0.0,,,,,,,,35.93456,-86.82115,False,Crashes_2010_2019_MPO
102511131,2019-09-16,2019,,94.0,,,0,0,N,0.0,0.0,0.0,,,,,,,,35.999,-86.80851,True,Crashes_2010_2019_MPO
100502954,2014-04-30,2014,,94.0,,,0,0,N,0.0,0.0,0.0,,,,,,,,35.94248,-86.79976,False,Crashes_2010_2019_MPO
101791231,2017-10-13,2017,,19.0,,,0,0,N,0.0,0.0,0.0,,,,,,,,36.04476,-86.7811,False,Crashes_2010_2019_MPO
102523487,2019-09-28,2019,,94.0,,,0,0,N,0.0,0.0,0.0,,,,,,,,35.94778,-86.81994,False,Crashes_2010_2019_MPO
101429430,2016-11-02,2016,,19.0,,,0,0,N,0.0,0.0,0.0,,,,,,,,36.03804,-86.67728,False,Crashes_2010_2019_MPO
100417164,2013-12-09,2013,,94.0,,,0,0,N,0.0,0.0,0.0,,,,,,,,35.96688,-86.80391,True,Crashes_2010_2019_MPO
101678947,2017-06-20,2017,,19.0,,,0,0,N,0.0,0.0,0.0,,,,,,,,36.04715,-86.86286,False,Crashes_2010_2019_MPO
102550062,2019-10-18,2019,,19.0,,,0,0,N,0.0,0.0,0.0,,,,,,,,36.02487,-86.78554,True,Crashes_2010_2019_MPO
100705802,2014-12-12,2014,,94.0,,,0,0,N,0.0,0.0,0.0,,,,,,,,36.0212,-86.78875,True,Crashes_2010_2019_MPO
101890808,2018-01-19,2018,,94.0,,,0,0,N,0.0,0.0,0.0,,,,,,,,35.92611,-86.72577,False,Crashes_2010_2019_MPO
101035132,2015-11-23,2015,,94.0,,,0,0,N,0.0,0.0,0.0,,,,,,,,35.94631,-86.80922,False,Crashes_2010_2019_MPO
101850180,2017-12-06,2017,,94.0,,,0,0,N,0.0,0.0,0.0,,,,,,,,35.9824,-86.77068,True,Crashes_2010_2019_MPO
100466027,2014-03-19,2014,,94.0,,,0,0,N,0.0,0.0,0.0,,,,,,,,35.96117,-86.80194,True,Crashes_2010_2019_MPO
101547528,2017-02-07,2017,,19.0,,,0,0,N,0.0,0.0,0.0,,,,,,,,35.99618,-86.69058,False,Crashes_2010_2019_MPO
101646862,2017-05-17,2017,,19.0,,,0,0,N,0.0,0.0,0.0,,,,,,,,36.03897,-86.78264,False,Crashes_2010_2019_MPO
101749188,2017-09-01,2017,,94.0,,,0,1,N,0.0,1.0,0.0,,,,,,,,35.94583,-86.81985,False,Crashes_2010_2019_MPO
102241034,2018-12-09,2018,,19.0,,,0,0,N,0.0,0.0,0.0,,,,,,,,36.04668,-86.72506,False,Crashes_2010_2019_MPO
102301002,2019-02-08,2019,,19.0,,,0,0,N,0.0,0.0,0.0,,,,,,,,36.05044,-86.77564,False,Crashes_2010_2019_MPO
102031259,2018-06-02,2018,,94.0,,,0,0,N,0.0,0.0,0.0,,,,,,,,35.96589,-86.80316,True,Crashes_2010_2019_MPO
101764622,2017-09-18,2017,,94.0,,,0,0,N,0.0,0.0,0.0,,,,,,,,36.0242,-86.7862,True,Crashes_2010_2019_MPO
102125252,2018-08-28,2018,,94.0,,,0,0,N,0.0,0.0,0.0,,,,,,,,35.96534,-86.79757,True,Crashes_2010_2019_MPO
100948959,2015-09-11,2015,,19.0,,,0,0,N,0.0,0.0,0.0,,,,,,,,36.03229,-86.76588,False,Crashes_2010_2019_MPO
100430153,2014-01-13,2014,,94.0,,,0,0,N,0.0,0.0,0.0,,,,,,,,35.94686,-86.85162,False,Crashes_2010_2019_MPO
102357059,2019-04-10,2019,,94.0,,,0,0,N,0.0,0.0,0.0,,,,,,,,35.95209,-86.81805,False,Crashes_2010_2019_MPO
101008477,2015-11-13,2015,,19.0,,,0,0,N,0.0,0.0,0.0,,,,,,,,36.04062,-86.77134,False,Crashes_2010_2019_MPO
100705796,2014-12-12,2014,,19.0,,,0,0,N,0.0,0.0,0.0,,,,,,,,36.04014,-86.78088,False,Crashes_2010_2019_MPO
101940948,2018-03-11,2018,,19.0,,,0,0,N,0.0,0.0,0.0,,,,,,,,36.03474,-86.74354,False,Crashes_2010_2019_MPO
101388344,2016-09-24,2016,,19.0,,,0,0,N,0.0,0.0,0.0,,,,,,,,36.01407,-86.68158,False,Crashes_2010_2019_MPO
101462380,2016-11-28,2016,,94.0,,,0,0,N,0.0,0.0,0.0,,,,,,,,35.9263,-86.82448,False,Crashes_2010_2019_MPO
101596957,2017-03-28,2017,,19.0,,,0,0,Y,0.0,0.0,1.0,,,,,,,,36.04679,-86.71343,False,Crashes_2010_2019_MPO
100318676,2013-04-18,2013,,94.0,,,0,0,N,0.0,0.0,0.0,,,,,,,,35.9486,-86.81972,False,Crashes_2010_2019_MPO
101559537,2017-02-19,2017,,94.0,,,0,0,N,0.0,0.0,0.0,,,,,,,,35.93537,-86.82356,False,Crashes_2010_2019_MPO
101359472,2016-09-10,2016,,94.0,,,0,0,N,0.0,0.0,0.0,,,,,,,,35.9355,-86.82399,False,Crashes_2010_2019_MPO
101971654,2018-04-06,2018,,94.0,,,0,0,N,0.0,0.0,0.0,,,,,,,,36.00999,-86.80956,True,Crashes_2010_2019_MPO
102405129,2019-05-30,2019,,94.0,,,0,0,N,0.0,0.0,0.0,,,,,,,,35.93298,-86.86211,False,Crashes_2010_2019_MPO
101549542,2017-02-09,2017,,19.0,,,0,0,N,0.0,0.0,0.0,,,,,,,,36.02689,-86.70295,False,Crashes_2010_2019_MPO
102313546,2019-02-15,2019,,94.0,,,0,0,N,0.0,0.0,0.0,,,,,,,,35.93371,-86.81752,False,Crashes_2010_2019_MPO
100695940,2014-11-23,2014,,19.0,,,0,0,N,0.0,0.0,0.0,,,,,,,,36.0404,-86.7826,False,Crashes_2010_2019_MPO
101744102,2017-08-28,2017,,19.0,,,0,0,N,0.0,0.0,0.0,,,,,,,,36.04097,-86.74371,False,Crashes_2010_2019_MPO
102038387,2018-06-09,2018,,94.0,,,0,0,N,0.0,0.0,0.0,,,,,,,,35.96263,-86.70664,True,Crashes_2010_2019_MPO
102379741,2019-05-04,2019,,19.0,,,0,0,N,0.0,0.0,0.0,,,,,,,,36.05449,-86.68102,False,Crashes_2010_2019_MPO
101125639,2016-03-01,2016,,94.0,,,0,0,N,0.0,0.0,0.0,,,,,,,,35.96502,-86.79461,True,Crashes_2010_2019_MPO
101803200,2017-10-25,2017,,94.0,,,0,0,N,0.0,0.0,0.0,,,,,,,,35.9394,-86.81689,False,Crashes_2010_2019_MPO
102284697,2019-01-22,2019,,94.0,,,0,0,N,0.0,0.0,0.0,,,,,,,,36.03327,-86.7839,True,Crashes_2010_2019_MPO
101350154,2016-08-31,2016,,94.0,,,0,0,N,0.0,0.0,0.0,,,,,,,,36.03318,-86.78282,True,Crashes_2010_2019_MPO
101396345,2016-10-04,2016,,19.0,,,0,0,N,0.0,0.0,0.0,,,,,,,,36.04494,-86.72451,False,Crashes_2010_2019_MPO
101498332,2017-01-07,2017,,19.0,,,0,0,N,0.0,0.0,0.0,,,,,,,,36.01402,-86.72011,False,Crashes_2010_2019_MPO
101418666,2016-10-20,2016,,19.0,,,0,0,N,0.0,0.0,0.0,,,,,,,,35.99673,-86.69003,False,Crashes_2010_2019_MPO
101278856,2016-07-03,2016,,94.0,,,0,0,N,0.0,0.0,0.0,,,,,,,,35.96117,-86.808,False,Crashes_2010_2019_MPO
102494233,2019-08-31,2019,,94.0,,,0,0,N,0.0,0.0,0.0,,,,,,,,36.01224,-86.80127,True,Crashes_2010_2019_MPO
100995770,2015-10-24,2015,,19.0,,,0,0,N,0.0,0.0,0.0,,,,,,,,36.05037,-86.7434,False,Crashes_2010_2019_MPO
100950570,2015-09-13,2015,,94.0,,,0,0,N,0.0,0.0,0.0,,,,,,,,35.92514,-86.86743,False,Crashes_2010_2019_MPO
102519175,2019-09-13,2019,,94.0,,,0,0,N,0.0,0.0,0.0,,,,,,,,35.96654,-86.81006,True,Crashes_2010_2019_MPO
102606022,2019-12-23,2019,,94.0,,,0,0,N,0.0,0.0,0.0,,,,,,,,35.967377,-86.808451,True,Crashes_2010_2019_MPO
102343021,2019-03-27,2019,,19.0,,,0,0,N,0.0,0.0,0.0,,,,,,,,35.99651,-86.69025,False,Crashes_2010_2019_MPO
100420557,2013-12-17,2013,,94.0,,,0,0,N,0.0,0.0,0.0,,,,,,,,36.00977,-86.78539,True,Crashes_2010_2019_MPO
102493605,2019-08-30,2019,,19.0,,,0,0,N,0.0,0.0,0.0,,,,,,,,36.04521,-86.71639,False,Crashes_2010_2019_MPO
100769094,2015-03-08,2015,,94.0,,,0,0,N,0.0,0.0,0.0,,,,,,,,36.0296,-86.83049,True,Crashes_2010_2019_MPO
100976894,2015-10-10,2015,,94.0,,,0,0,N,0.0,0.0,0.0,,,,,,,,36.030678,-86.790878,True,Crashes_2010_2019_MPO
100177719,2012-05-06,2012,,94.0,,,0,0,N,0.0,0.0,0.0,,,,,,,,35.99458,-86.76767,True,Crashes_2010_2019_MPO
102298838,2019-02-06,2019,,94.0,,,0,0,N,0.0,0.0,0.0,,,,,,,,35.96312,-86.81897,True,Crashes_2010_2019_MPO
102557782,2019-11-04,2019,,19.0,,,0,0,N,0.0,0.0,0.0,,,,,,,,36.02573,-86.70271,False,Crashes_2010_2019_MPO