mstrrecnbr,collision_ts,year,county,countystat,crash,crash_type,fatalities,non_motorists,commercial,fatal_c,nonmotor_c,truck_c,fatalc,serious_injuries,ped,bike,lighting,weather,first_harmful_event,latitude,longitude,in_city,src_layer
100755014,2015-03-01,2015,,19.0,,,0,0,N,0.0,0.0,0.0,,,,,,,,36.03809,-86.7844,False,Crashes_2010_2019_MPO
101532603,2017-01-23,2017,,94.0,,,0,0,N,0.0,0.0,0.0,,,,,,,,35.94485,-86.82873,False,Crashes_2010_2019_MPO
100726516,2015-01-23,2015,,94.0,,,0,0,N,0.0,0.0,0.0,,,,,,,,35.96572,-86.80097,True,Crashes_2010_2019_MPO
101122301,2016-02-22,2016,,94.0,,,0,0,N,0.0,0.0,0.0,,,,,,,,35.9583,-86.8023,False,Crashes_2010_2019_MPO
102522112,2019-09-27,2019,,19.0,,,0,0,N,0.0,0.0,0.0,,,,,,,,36.04415,-86.71419,False,Crashes_2010_2019_MPO
101002457,2015-11-03,2015,,94.0,,,0,0,N,0.0,0.0,0.0,,,,,,,,35.93446,-86.81991,False,Crashes_2010_2019_MPO
101935104,2018-03-06,2018,,94.0,,,0,0,N,0.0,0.0,0.0,,,,,,,,35.94789,-86.85677,False,Crashes_2010_2019_MPO
102423770,2019-06-20,2019,,94.0,,,0,0,N,0.0,0.0,0.0,,,,,,,,35.93405,-86.81901,False,Crashes_2010_2019_MPO
101941431,2018-03-12,2018,,19.0,,,0,0,N,0.0,0.0,0.0,,,,,,,,36.03956,-86.86945,False,Crashes_2010_2019_MPO
101773559,2017-09-27,2017,,94.0,,,0,0,N,0.0,0.0,0.0,,,,,,,,36.0351,-86.78668,True,Crashes_2010_2019_MPO
101789287,2017-10-10,2017,,94.0,,,0,0,N,0.0,0.0,0.0,,,,,,,,35.94626,-86.82315,False,Crashes_2010_2019_MPO
101744985,2017-08-29,2017,,94.0,,,0,0,N,0.0,0.0,0.0,,,,,,,,36.0136,-86.785,True,Crashes_2010_2019_MPO
101101450,2016-02-07,2016,,19.0,,,0,0,N,0.0,0.0,0.0,,,,,,,,36.04758,-86.7134,False,Crashes_2010_2019_MPO
101167750,2016-04-20,2016,,19.0,,,0,0,N,0.0,0.0,0.0,,,,,,,,36.04537,-86.71326,False,Crashes_2010_2019_MPO
101744079,2017-08-28,2017,,19.0,,,0,0,N,0.0,0.0,0.0,,,,,,,,36.04028,-86.76837,False,Crashes_2010_2019_MPO
102203589,2018-11-07,2018,,19.0,,,0,1,N,0.0,1.0,0.0,,,,,,,,36.05227,-86.70631,False,Crashes_2010_2019_MPO
101693865,2017-07-05,2017,,94.0,,,0,0,N,0.0,0.0,0.0,,,,,,,,35.99375,-86.82907,True,Crashes_2010_2019_MPO
100483065,2014-04-06,2014,,94.0,,,0,0,Y,0.0,0.0,1.0,,,,,,,,35.97764,-86.77681,True,Crashes_2010_2019_MPO
101009415,2015-11-14,2015,,19.0,,,0,0,N,0.0,0.0,0.0,,,,,,,,35.99647,-86.69029,False,Crashes_2010_2019_MPO
102395684,2019-05-21,2019,,94.0,,,0,0,N,0.0,0.0,0.0,,,,,,,,36.03572,-86.78793,True,Crashes_2010_2019_MPO
100252885,2012-11-14,2012,,94.0,,,0,0,N,0.0,0.0,0.0,,,,,,,,35.95162,-86.74169,True,Crashes_2010_2019_MPO
101965206,2018-04-03,2018,,94.0,,,0,0,N,0.0,0.0,0.0,,,,,,,,35.95383,-86.80405,False,Crashes_2010_2019_MPO
102588293,2019-12-04,2019,,94.0,,,0,0,N,0.0,0.0,0.0,,,,,,,,36.02332,-86.7425,False,Crashes_2010_2019_MPO
102152054,2018-09-20,2018,,19.0,,,0,0,N,0.0,0.0,0.0,,,,,,,,36.03799,-86.79812,False,Crashes_2010_2019_MPO
102605188,2019-12-22,2019,,94.0,,,0,0,N,0.0,0.0,0.0,,,,,,,,36.01749,-86.76061,True,Crashes_2010_2019_MPO
101595837,2017-03-28,2017,,94.0,,,0,0,N,0.0,0.0,0.0,,,,,,,,35.97776,-86.80359,True,Crashes_2010_2019_MPO
101329745,2016-08-17,2016,,94.0,,,0,0,N,0.0,0.0,0.0,,,,,,,,35.96656,-86.80949,True,Crashes_2010_2019_MPO
100312533,2013-04-05,2013,,94.0,,,0,0,N,0.0,0.0,0.0,,,,,,,,35.99498,-86.77258,True,Crashes_2010_2019_MPO
100925429,2015-08-18,2015,,94.0,,,0,0,N,0.0,0.0,0.0,,,,,,,,35.94803,-86.81877,False,Crashes_2010_2019_MPO
102307880,2019-02-16,2019,,94.0,,,0,0,N,0.0,0.0,0.0,,,,,,,,35.9578,-86.80259,False,Crashes_2010_2019_MPO
101829361,2017-11-16,2017,,94.0,,,0,0,N,0.0,0.0,0.0,,,,,,,,35.9351,-86.80574,False,Crashes_2010_2019_MPO
100753604,2015-02-26,2015,,19.0,,,0,0,N,0.0,0.0,0.0,,,,,,,,36.01191,-86.68944,False,Crashes_2010_2019_MPO
100479025,2014-03-27,2014,,94.0,,,0,0,N,0.0,0.0,0.0,,,,,,,,35.94629,-86.84992,False,Crashes_2010_2019_MPO
102136352,2018-09-07,2018,,94.0,,,0,0,N,0.0,0.0,0.0,,,,,,,,35.95381,-86.80417,False,Crashes_2010_2019_MPO
102451351,2019-07-17,2019,,94.0,,,0,0,N,0.0,0.0,0.0,,,,,,,,35.95312,-86.74025,True,Crashes_2010_2019_MPO
100467813,2014-03-24,2014,,94.0,,,0,0,N,0.0,0.0,0.0,,,,,,,,35.98256,-86.8207,True,Crashes_2010_2019_MPO
100497641,2014-04-17,2014,,94.0,,,0,0,N,0.0,0.0,0.0,,,,,,,,35.94147,-86.82109,False,Crashes_2010_2019_MPO
102598278,2019-12-15,2019,,94.0,,,0,0,N,0.0,0.0,0.0,,,,,,,,35.92551,-86.86735,False,Crashes_2010_2019_MPO
102220622,2018-11-22,2018,,94.0,,,0,0,N,0.0,0.0,0.0,,,,,,,,35.96125,-86.81228,False,Crashes_2010_2019_MPO
102133428,2018-09-04,2018,,94.0,,,0,0,N,0.0,0.0,0.0,,,,,,,,35.996,-86.79728,True,Crashes_2010_2019_MPO
101044515,2015-12-07,2015,,94.0,,,0,0,N,0.0,0.0,0.0,,,,,,,,35.93314,-86.83487,False,Crashes_2010_2019_MPO
101881795,2018-01-09,2018,,94.0,,,0,0,N,0.0,0.0,0.0,,,,,,,,35.93374,-86.81767,False,Crashes_2010_2019_MPO
101719855,2017-08-03,2017,,19.0,,,0,0,N,0.0,0.0,0.0,,,,,,,,36.03522,-86.78303,False,Crashes_2010_2019_MPO
100568277,2014-07-02,2014,,94.0,,,0,0,N,0.0,0.0,0.0,,,,,,,,35.96689,-86.81126,True,Crashes_2010_2019_MPO
101667644,2017-06-07,2017,,94.0,,,0,0,N,0.0,0.0,0.0,,,,,,,,35.966669,-86.809184,True,Crashes_2010_2019_MPO
100389474,2013-10-09,2013,,94.0,,,0,0,N,0.0,0.0,0.0,,,,,,,,35.94737,-86.85507,False,Crashes_2010_2019_MPO
102370451,2019-04-24,2019,,94.0,,,0,0,N,0.0,0.0,0.0,,,,,,,,35.93506,-86.82191,False,Crashes_2010_2019_MPO
101802604,2017-10-24,2017,,94.0,,,0,0,N,0.0,0.0,0.0,,,,,,,,35.99296,-86.7577,True,Crashes_2010_2019_MPO
102291857,2019-01-30,2019,,94.0,,,0,0,N,0.0,0.0,0.0,,,,,,,,36.01568,-86.84598,True,Crashes_2010_2019_MPO
100914837,2015-07-30,2015,,19.0,,,0,0,N,0.0,0.0,0.0,,,,,,,,36.03072,-86.71051,False,Crashes_2010_2019_MPO
101388063,2016-09-23,2016,,19.0,,,0,0,N,0.0,0.0,0.0,,,,,,,,36.04573,-86.70912,False,Crashes_2010_2019_MPO
101478040,2016-12-14,2016,,94.0,,,0,0,N,0.0,0.0,0.0,,,,,,,,35.95638,-86.81703,False,Crashes_2010_2019_MPO
101867003,2017-12-22,2017,,19.0,,,0,0,N,0.0,0.0,0.0,,,,,,,,36.04245,-86.71294,False,Crashes_2010_2019_MPO
10387494,2012-11-27,2012,,19.0,,,0,0, ,0.0,0.0,0.0,,,,,,,,36.047125,-86.688271,False,Crashes_2010_2019_MPO
10417101,2011-03-17,2011,,19.0,,,0,0, ,0.0,0.0,0.0,,,,,,,,36.045248,-86.744006,False,Crashes_2010_2019_MPO
101485860,2016-12-23,2016,,94.0,,,0,0,N,0.0,0.0,0.0,,,,,,,,35.96628,-86.81134,False,Crashes_2010_2019_MPO
101092240,2016-01-22,2016,,19.0,,,0,0,N,0.0,0.0,0.0,,,,,,,,36.04333,-86.78141,False,Crashes_2010_2019_MPO
102068617,2018-07-09,2018,,19.0,,,0,0,N,0.0,0.0,0.0,,,,,,,,36.05122,-86.73566,False,Crashes_2010_2019_MPO
100964441,2015-09-21,2015,,94.0,,,0,0,N,0.0,0.0,0.0,,,,,,,,36.034549,-86.792311,True,Crashes_2010_2019_MPO
100728284,2015-01-27,2015,,94.0,,,0,0,N,0.0,0.0,0.0,,,,,,,,35.93461,-86.82007,False,Crashes_2010_2019_MPO
10817254,2011-09-08,2011,,19.0,,,0,0, ,0.0,0.0,0.0,,,,,,,,36.040914,-86.74608,False,Crashes_2010_2019_MPO
101035114,2015-11-23,2015,,94.0,,,0,0,Y,0.0,0.0,1.0,,,,,,,,35.99781,-86.79886,True,Crashes_2010_2019_MPO
100719761,2015-01-09,2015,,94.0,,,0,0,N,0.0,0.0,0.0,,,,,,,,35.96533,-86.81151,False,Crashes_2010_2019_MPO
101241971,2016-06-09,2016,,94.0,,,0,0,N,0.0,0.0,0.0,,,,,,,,36.01692,-86.7861,True,Crashes_2010_2019_MPO
102429590,2019-06-26,2019,,94.0,,,0,0,N,0.0,0.0,0.0,,,,,,,,35.94596,-86.80862,False,Crashes_2010_2019_MPO
101180973,2016-04-21,2016,,94.0,,,0,0,N,0.0,0.0,0.0,,,,,,,,35.92826,-86.87112,False,Crashes_2010_2019_MPO
102279858,2019-01-17,2019,,94.0,,,0,0,N,0.0,0.0,0.0,,,,,,,,35.966718,-86.809115,True,Crashes_2010_2019_MPO
101100679,2016-02-06,2016,,19.0,,,0,0,N,0.0,0.0,0.0,,,,,,,,36.01285,-86.70073,False,Crashes_2010_2019_MPO
102567104,2019-11-13,2019,,94.0,,,0,0,N,0.0,0.0,0.0,,,,,,,,36.00273,-86.83883,False,Crashes_2010_2019_MPO
100679630,2014-11-13,2014,,94.0,,,0,0,N,0.0,0.0,0.0,,,,,,,,35.96608,-86.80615,True,Crashes_2010_2019_MPO
102524234,2019-09-29,2019,,19.0,,,0,0,N,0.0,0.0,0.0,,,,,,,,36.03966,-86.7816,False,Crashes_2010_2019_MPO
101155573,2016-04-01,2016,,94.0,,,0,0,N,0.0,0.0,0.0,,,,,,,,35.92609,-86.87139,False,Crashes_2010_2019_MPO
101867620,2017-12-20,2017,,94.0,,,0,0,N,0.0,0.0,0.0,,,,,,,,35.99795,-86.8001,True,Crashes_2010_2019_MPO
101696114,2017-07-07,2017,,94.0,,,0,0,N,0.0,0.0,0.0,,,,,,,,35.96133,-86.81226,False,Crashes_2010_2019_MPO
101847340,2017-11-30,2017,,94.0,,,0,0,N,0.0,0.0,0.0,,,,,,,,35.92639,-86.82426,False,Crashes_2010_2019_MPO
100266365,2012-12-14,2012,,94.0,,,0,0,N,0.0,0.0,0.0,,,,,,,,36.01481,-86.78575,True,Crashes_2010_2019_MPO
101315958,2016-07-29,2016,,94.0,,,0,0,N,0.0,0.0,0.0,,,,,,,,35.95223,-86.81627,False,Crashes_2010_2019_MPO
102431389,2019-06-28,2019,,19.0,,,0,0,N,0.0,0.0,0.0,,,,,,,,36.04001,-86.74347,False,Crashes_2010_2019_MPO
102562200,2019-11-08,2019,,94.0,,,0,0,N,0.0,0.0,0.0,,,,,,,,35.99574,-86.78125,True,Crashes_2010_2019_MPO
102540301,2019-10-17,2019,,94.0,,,0,0,N,0.0,0.0,0.0,,,,,,,,35.92569,-86.87291,False,Crashes_2010_2019_MPO
101550773,2017-02-10,2017,,94.0,,,0,0,N,0.0,0.0,0.0,,,,,,,,36.01377,-86.80013,True,Crashes_2010_2019_MPO
101346069,2016-08-25,2016,,94.0,,,0,0,N,0.0,0.0,0.0,,,,,,,,35.92892,-86.8374,False,Crashes_2010_2019_MPO
101396017,2016-10-04,2016,,19.0,,,0,0,N,0.0,0.0,0.0,,,,,,,,36.04123,-86.74377,False,Crashes_2010_2019_MPO
101959453,2018-03-29,2018,,19.0,,,0,0,Y,0.0,0.0,1.0,,,,,,,,36.04027,-86.78262,False,Crashes_2010_2019_MPO
101942125,2018-03-03,2018,,19.0,,,0,0,N,0.0,0.0,0.0,,,,,,,,36.03379,-86.78343,True,Crashes_2010_2019_MPO
102489800,2019-08-27,2019,,19.0,,,0,0,N,0.0,0.0,0.0,,,,,,,,36.03747,-86.79098,False,Crashes_2010_2019_MPO
101824368,2017-11-13,2017,,94.0,,,0,0,N,0.0,0.0,0.0,,,,,,,,35.9311,-86.82397,False,Crashes_2010_2019_MPO
100998774,2015-10-29,2015,,19.0,,,0,0,N,0.0,0.0,0.0,,,,,,,,36.03716,-86.76386,False,Crashes_2010_2019_MPO
102174260,2018-10-08,2018,,94.0,,,0,0,N,0.0,0.0,0.0,,,,,,,,35.93292,-86.81185,False,Crashes_2010_2019_MPO
102569614,2019-11-15,2019,,19.0,,,0,0,N,0.0,0.0,0.0,,,,,,,,36.04114,-86.77621,False,Crashes_2010_2019_MPO
101007759,2015-11-12,2015,,94.0,,,0,0,N,0.0,0.0,0.0,,,,,,,,36.01793,-86.76878,True,Crashes_2010_2019_MPO
102477565,2019-08-14,2019,,94.0,,,0,0,N,0.0,0.0,0.0,,,,,,,,35.95004,-86.84915,False,Crashes_2010_2019_MPO
100608735,2014-08-13,2014,,94.0,,,0,0,N,0.0,0.0,0.0,,,,,,,,35.93133,-86.79294,False,Crashes_2010_2019_MPO
101104733,2016-02-12,2016,,94.0,,,0,0,N,0.0,0.0,0.0,,,,,,,,35.95778,-86.80258,False,Crashes_2010_2019_MPO
100705523,2014-12-12,2014,,19.0,,,0,0,N,0.0,0.0,0.0,,,,,,,,36.05484,-86.71526,False,Crashes_2010_2019_MPO
100772872,2015-03-16,2015,,94.0,,,0,0,N,0.0,0.0,0.0,,,,,,,,36.01986,-86.74311,False,Crashes_2010_2019_MPO
102398859,2019-05-24,2019,,94.0,,,0,0,N,0.0,0.0,0.0,,,,,,,,35.95037,-86.81894,False,Crashes_2010_2019_MPO
10417109,2011-03-24,2011,,19.0,,,0,0, ,0.0,0.0,0.0,,,,,,,,36.045146,-86.714708,False,Crashes_2010_2019_MPO
102526155,2019-10-01,2019,,19.0,,,0,0,N,0.0,0.0,0.0,,,,,,,,36.04669,-86.71342,False,Crashes_2010_2019_MPO
101981213,2018-04-18,2018,,94.0,,,0,0,N,0.0,0.0,0.0,,,,,,,,36.01567,-86.8215,True,Crashes_2010_2019_MPO
101902261,2018-01-31,2018,,19.0,,,0,0,N,0.0,0.0,0.0,,,,,,,,36.03527,-86.78303,False,Crashes_2010_2019_MPO
102119626,2018-08-23,2018,,94.0,,,0,0,N,0.0,0.0,0.0,,,,,,,,35.95001,-86.81898,False,Crashes_2010_2019_MPO
101867073,2017-12-22,2017,,94.0,,,0,0,N,0.0,0.0,0.0,,,,,,,,35.96518,-86.80029,True,Crashes_2010_2019_MPO
101597935,2017-03-30,2017,,19.0,,,0,0,N,0.0,0.0,0.0,,,,,,,,36.0374,-86.79025,False,Crashes_2010_2019_MPO
102504743,2019-09-10,2019,,19.0,,,0,0,N,0.0,0.0,0.0,,,,,,,,36.04024,-86.75235,False,Crashes_2010_2019_MPO
102394733,2019-05-20,2019,,94.0,,,0,0,Y,0.0,0.0,1.0,,,,,,,,36.01097,-86.75207,True,Crashes_2010_2019_MPO
101481788,2016-12-19,2016,,94.0,,,0,0,N,0.0,0.0,0.0,,,,,,,,36.0085,-86.78038,True,Crashes_2010_2019_MPO
101483723,2016-12-21,2016,,94.0,,,0,0,N,0.0,0.0,0.0,,,,,,,,35.96133,-86.80927,False,Crashes_2010_2019_MPO
102526960,2019-10-02,2019,,94.0,,,0,0,N,0.0,0.0,0.0,,,,,,,,35.9521,-86.81814,False,Crashes_2010_2019_MPO
100995764,2015-10-24,2015,,19.0,,,0,0,N,0.0,0.0,0.0,,,,,,,,36.05065,-86.87817,False,Crashes_2010_2019_MPO
100994221,2015-10-22,2015,,19.0,,,0,0,N,0.0,0.0,0.0,,,,,,,,36.03846,-86.74416,False,Crashes_2010_2019_MPO
101484339,2016-12-20,2016,,19.0,,,0,0,N,0.0,0.0,0.0,,,,,,,,36.02637,-86.78469,True,Crashes_2010_2019_MPO
101712618,2017-07-26,2017,,19.0,,,0,0,N,0.0,0.0,0.0,,,,,,,,36.04531,-86.71386,False,Crashes_2010_2019_MPO
100679579,2014-11-13,2014,,19.0,,,0,0,N,0.0,0.0,0.0,,,,,,,,35.99944,-86.69345,False,Crashes_2010_2019_MPO
100415791,2013-12-07,2013,,94.0,,,0,0,N,0.0,0.0,0.0,,,,,,,,35.94508,-86.72975,False,Crashes_2010_2019_MPO
100943101,2015-09-01,2015,,94.0,,,0,0,N,0.0,0.0,0.0,,,,,,,,35.92654,-86.82582,False,Crashes_2010_2019_MPO
100697342,2014-11-19,2014,,94.0,,,0,0,N,0.0,0.0,0.0,,,,,,,,36.01689,-86.78609,True,Crashes_2010_2019_MPO
102070044,2018-07-10,2018,,19.0,,,0,0,N,0.0,0.0,0.0,,,,,,,,36.04528,-86.70143,False,Crashes_2010_2019_MPO
101941599,2018-03-12,2018,,94.0,,,0,0,N,0.0,0.0,0.0,,,,,,,,36.03684,-86.81624,True,Crashes_2010_2019_MPO
101789592,2017-10-12,2017,,94.0,,,0,0,N,0.0,0.0,0.0,,,,,,,,35.95212,-86.81784,False,Crashes_2010_2019_MPO
101546255,2017-02-06,2017,,94.0,,,0,0,N,0.0,0.0,0.0,,,,,,,,36.02368,-86.74246,False,Crashes_2010_2019_MPO
100806216,2015-04-11,2015,,19.0,,,0,0,N,0.0,0.0,0.0,,,,,,,,36.02274,-86.6997,False,Crashes_2010_2019_MPO
101695080,2017-07-07,2017,,94.0,,,0,0,N,0.0,0.0,0.0,,,,,,,,35.99004,-86.74528,True,Crashes_2010_2019_MPO
100330836,2013-05-19,2013,,94.0,,,0,0,N,0.0,0.0,0.0,,,,,,,,35.98742,-86.70768,True,Crashes_2010_2019_MPO
101657715,2017-05-28,2017,,19.0,,,0,0,N,0.0,0.0,0.0,,,,,,,,36.01641,-86.70133,False,Crashes_2010_2019_MPO
101422763,2016-10-25,2016,,94.0,,,0,0,N,0.0,0.0,0.0,,,,,,,,35.93731,-86.87881,False,Crashes_2010_2019_MPO
100827324,2015-05-01,2015,,94.0,,,0,0,N,0.0,0.0,0.0,,,,,,,,35.99924,-86.80919,True,Crashes_2010_2019_MPO
100767745,2015-03-06,2015,,94.0,,,0,0,N,0.0,0.0,0.0,,,,,,,,36.01558,-86.74047,False,Crashes_2010_2019_MPO
101094927,2016-01-27,2016,,19.0,,,0,0,N,0.0,0.0,0.0,,,,,,,,36.03881,-86.78271,False,Crashes_2010_2019_MPO
100236397,2012-09-19,2012,,19.0,,,0,0,N,0.0,0.0,0.0,,,,,,,,36.04057,-86.7416,False,Crashes_2010_2019_MPO
101590882,2017-03-21,2017,,94.0,,,0,0,N,0.0,0.0,0.0,,,,,,,,35.94813,-86.81682,False,Crashes_2010_2019_MPO
102496610,2019-09-02,2019,,19.0,,,0,0,N,0.0,0.0,0.0,,,,,,,,35.99125,-86.67863,False,Crashes_2010_2019_MPO
101035273,2015-11-23,2015,,94.0,,,0,0,N,0.0,0.0,0.0,,,,,,,,35.96007,-86.82301,False,Crashes_2010_2019_MPO
100728412,2015-01-27,2015,,94.0,,,0,0,N,0.0,0.0,0.0,,,,,,,,35.92923,-86.82442,False,Crashes_2010_2019_MPO
100635950,2014-09-25,2014,,94.0,,,0,0,N,0.0,0.0,0.0,,,,,,,,35.96665,-86.80932,True,Crashes_2010_2019_MPO
100699302,2014-12-01,2014,,19.0,,,0,0,N,0.0,0.0,0.0,,,,,,,,36.04224,-86.83168,False,Crashes_2010_2019_MPO
102213060,2018-11-14,2018,,94.0,,,0,0,N,0.0,0.0,0.0,,,,,,,,35.9687,-86.8073,True,Crashes_2010_2019_MPO
102237628,2018-12-06,2018,,19.0,,,0,0,N,0.0,0.0,0.0,,,,,,,,36.04048,-86.7826,False,Crashes_2010_2019_MPO
100184062,2012-05-23,2012,,94.0,,,0,0,N,0.0,0.0,0.0,,,,,,,,35.96118,-86.75984,True,Crashes_2010_2019_MPO
102346250,2019-03-31,2019,,19.0,,,0,0,N,0.0,0.0,0.0,,,,,,,,36.03963,-86.78162,False,Crashes_2010_2019_MPO
100660437,2014-10-28,2014,,19.0,,,0,0,N,0.0,0.0,0.0,,,,,,,,36.04162,-86.74921,False,Crashes_2010_2019_MPO
102502017,2019-09-07,2019,,94.0,,,0,0,N,0.0,0.0,0.0,,,,,,,,35.99759,-86.79684,True,Crashes_2010_2019_MPO
102412837,2019-06-07,2019,,19.0,,,0,0,N,0.0,0.0,0.0,,,,,,,,36.0409,-86.77938,False,Crashes_2010_2019_MPO
101806476,2017-10-27,2017,,19.0,,,0,0,N,0.0,0.0,0.0,,,,,,,,36.0409,-86.77938,False,Crashes_2010_2019_MPO
101197346,2016-05-18,2016,,94.0,,,0,0,N,0.0,0.0,0.0,,,,,,,,35.94653,-86.85081,False,Crashes_2010_2019_MPO
102048408,2018-06-19,2018,,94.0,,,0,0,N,0.0,0.0,0.0,,,,,,,,35.96677,-86.81177,True,Crashes_2010_2019_MPO
100950092,2015-09-13,2015,,94.0,,,0,0,N,0.0,0.0,0.0,,,,,,,,35.96214,-86.809,False,Crashes_2010_2019_MPO
101796419,2017-10-18,2017,,19.0,,,0,0,N,0.0,0.0,0.0,,,,,,,,36.03756,-86.78253,False,Crashes_2010_2019_MPO
10601213,2010-11-29,2010,,19.0,,,0,0, ,0.0,0.0,0.0,,,,,,,,36.045294,-86.699327,False,Crashes_2010_2019_MPO
101813894,2017-11-03,2017,,19.0,,,0,0,N,0.0,0.0,0.0,,,,,,,,36.04114,-86.77621,False,Crashes_2010_2019_MPO
102470825,2019-08-07,2019,,94.0,,,0,0,N,0.0,0.0,0.0,,,,,,,,36.03412,-86.81343,True,Crashes_2010_2019_MPO
101184709,2016-04-30,2016,,19.0,,,0,0,N,0.0,0.0,0.0,,,,,,,,36.04441,-86.78039,False,Crashes_2010_2019_MPO
102248419,2018-12-16,2018,,94.0,,,0,0,N,0.0,0.0,0.0,,,,,,,,35.94175,-86.82119,False,Crashes_2010_2019_MPO
100665732,2014-11-06,2014,,19.0,,,0,0,N,0.0,0.0,0.0,,,,,,,,36.01108,-86.70267,False,Crashes_2010_2019_MPO
101604866,2017-04-05,2017,,94.0,,,0,0,N,0.0,0.0,0.0,,,,,,,,35.93505,-86.82525,False,Crashes_2010_2019_MPO
101911952,2018-02-09,2018,,94.0,,,0,0,N,0.0,0.0,0.0,,,,,,,,35.92643,-86.82479,False,Crashes_2010_2019_MPO
100572211,2014-07-12,2014,,94.0,,,0,0,N,0.0,0.0,0.0,,,,,,,,35.94803,-86.86369,False,Crashes_2010_2019_MPO
100334817,2013-05-22,2013,,94.0,,,0,0,N,0.0,0.0,0.0,,,,,,,,35.95031,-86.81876,False,Crashes_2010_2019_MPO
102528305,2019-10-03,2019,,94.0,,,0,0,N,0.0,0.0,0.0,,,,,,,,35.94097,-86.82132,False,Crashes_2010_2019_MPO
101809218,2017-10-30,2017,,19.0,,,0,0,N,0.0,0.0,0.0,,,,,,,,36.03797,-86.79777,False,Crashes_2010_2019_MPO
100377714,2013-09-11,2013,,94.0,,,0,0,N,0.0,0.0,0.0,,,,,,,,35.94592,-86.80683,False,Crashes_2010_2019_MPO
100837433,2015-05-14,2015,,19.0,,,0,0,N,0.0,0.0,0.0,,,,,,,,36.04472,-86.78111,False,Crashes_2010_2019_MPO
102403086,2019-05-28,2019,,19.0,,,0,0,N,0.0,0.0,0.0,,,,,,,,36.04057,-86.74561,False,Crashes_2010_2019_MPO
101724598,2017-08-08,2017,,94.0,,,0,0,N,0.0,0.0,0.0,,,,,,,,35.94686,-86.85225,False,Crashes_2010_2019_MPO
102158789,2018-09-27,2018,,94.0,,,0,0,N,0.0,0.0,0.0,,,,,,,,35.99783,-86.80997,True,Crashes_2010_2019_MPO
101794220,2017-10-16,2017,,19.0,,,0,0,N,0.0,0.0,0.0,,,,,,,,36.03911,-86.70879,False,Crashes_2010_2019_MPO
101781984,2017-10-05,2017,,19.0,,,0,0,N,0.0,0.0,0.0,,,,,,,,36.03156,-86.71265,False,Crashes_2010_2019_MPO
102344414,2019-03-29,2019,,94.0,,,0,0,Y,0.0,0.0,1.0,,,,,,,,35.99735,-86.79486,True,Crashes_2010_2019_MPO
102483361,2019-08-20,2019,,94.0,,,0,0,N,0.0,0.0,0.0,,,,,,,,36.01939,-86.82076,True,Crashes_2010_2019_MPO
102198501,2018-11-02,2018,,19.0,,,0,0,N,0.0,0.0,0.0,,,,,,,,36.0326,-86.76923,False,Crashes_2010_2019_MPO
100243787,2012-10-27,2012,,94.0,,,0,0,N,0.0,0.0,0.0,,,,,,,,35.96789,-86.80972,True,Crashes_2010_2019_MPO
101663007,2017-06-03,2017,,19.0,,,0,0,N,0.0,0.0,0.0,,,,,,,,36.04545,-86.704,False,Crashes_2010_2019_MPO
101700285,2017-07-07,2017,,94.0,,,0,0,N,0.0,0.0,0.0,,,,,,,,35.9407,-86.8316,False,Crashes_2010_2019_MPO
102504914,2019-09-04,2019,,94.0,,,0,0,N,0.0,0.0,0.0,,,,,,,,35.99156,-86.79881,True,Crashes_2010_2019_MPO
100859787,2015-06-12,2015,,94.0,,,0,0,N,0.0,0.0,0.0,,,,,,,,35.9667,-86.81114,True,Crashes_2010_2019_MPO
100303013,2013-03-13,2013,,94.0,,,0,0,N,0.0,0.0,0.0,,,,,,,,35.96798,-86.81832,True,Crashes_2010_2019_MPO
102374628,2019-04-28,2019,,94.0,,,0,0,N,0.0,0.0,0.0,,,,,,,,35.96312,-86.81897,True,Crashes_2010_2019_MPO
101479234,2016-12-16,2016,,19.0,,,0,0,N,0.0,0.0,0.0,,,,,,,,35.99077,-86.68311,False,Crashes_2010_2019_MPO
101932581,2018-03-02,2018,,94.0,,,0,0,N,0.0,0.0,0.0,,,,,,,,35.94642,-86.80869,False,Crashes_2010_2019_MPO
100344005,2013-06-18,2013,,94.0,,,0,0,N,0.0,0.0,0.0,,,,,,,,35.94623,-86.80879,False,Crashes_2010_2019_MPO
101479189,2016-12-16,2016,,94.0,,,0,0,N,0.0,0.0,0.0,,,,,,,,35.95754,-86.84313,False,Crashes_2010_2019_MPO
100597907,2014-08-19,2014,,94.0,,,0,0,N,0.0,0.0,0.0,,,,,,,,35.99107,-86.77834,True,Crashes_2010_2019_MPO
100851521,2015-05-27,2015,,94.0,,,0,0,N,0.0,0.0,0.0,,,,,,,,35.93476,-86.81928,False,Crashes_2010_2019_MPO
101772331,2017-09-26,2017,,19.0,,,0,0,N,0.0,0.0,0.0,,,,,,,,36.02803,-86.71265,False,Crashes_2010_2019_MPO
100852280,2015-05-29,2015,,19.0,,,0,0,N,0.0,0.0,0.0,,,,,,,,36.04028,-86.78065,False,Crashes_2010_2019_MPO
100387886,2013-10-04,2013,,94.0,,,0,0,N,0.0,0.0,0.0,,,,,,,,35.92649,-86.82445,False,Crashes_2010_2019_MPO
100433010,2014-01-20,2014,,94.0,,,0,0,N,0.0,0.0,0.0,,,,,,,,35.95008,-86.81318,False,Crashes_2010_2019_MPO
100363575,2013-08-06,2013,,94.0,,,0,0,N,0.0,0.0,0.0,,,,,,,,35.9261,-86.8714,False,Crashes_2010_2019_MPO
100126573,2011-12-12,2011,,94.0,,,0,0,N,0.0,0.0,0.0,,,,,,,,35.97822,-86.75737,True,Crashes_2010_2019_MPO
101938978,2018-03-09,2018,,19.0,,,0,0,N,0.0,0.0,0.0,,,,,,,,36.05145,-86.72305,False,Crashes_2010_2019_MPO
100545501,2014-05-31,2014,,94.0,,,0,0,N,0.0,0.0,0.0,,,,,,,,36.03322,-86.78532,True,Crashes_2010_2019_MPO