mstrrecnbr,collision_ts,year,county,countystat,crash,crash_type,fatalities,non_motorists,commercial,fatal_c,nonmotor_c,truck_c,fatalc,serious_injuries,ped,bike,lighting,weather,first_harmful_event,latitude,longitude,in_city,src_layer
102586606,2019-12-02,2019,,19.0,,,0,0,N,0.0,0.0,0.0,,,,,,,,36.04799,-86.71358,False,Crashes_2010_2019_MPO
101062403,2015-12-18,2015,,19.0,,,0,0,N,0.0,0.0,0.0,,,,,,,,36.04537,-86.71326,False,Crashes_2010_2019_MPO
100713800,2014-12-26,2014,,94.0,,,0,0,N,0.0,0.0,0.0,,,,,,,,35.97709,-86.76291,True,Crashes_2010_2019_MPO
100442413,2014-02-13,2014,,94.0,,,0,0,N,0.0,0.0,0.0,,,,,,,,36.0008,-86.7943,True,Crashes_2010_2019_MPO
100948357,2015-09-10,2015,,19.0,,,0,0,N,0.0,0.0,0.0,,,,,,,,36.0417,-86.74862,False,Crashes_2010_2019_MPO
100246217,2012-11-01,2012,,94.0,,,0,0,N,0.0,0.0,0.0,,,,,,,,35.93718,-86.72344,False,Crashes_2010_2019_MPO
101850704,2017-12-07,2017,,94.0,,,0,0,N,0.0,0.0,0.0,,,,,,,,35.9731,-86.8306,True,Crashes_2010_2019_MPO
100586166,2014-07-22,2014,,94.0,,,0,0,N,0.0,0.0,0.0,,,,,,,,36.02381,-86.78642,True,Crashes_2010_2019_MPO
100885410,2015-07-12,2015,,19.0,,,0,0,N,0.0,0.0,0.0,,,,,,,,36.04094,-86.77342,False,Crashes_2010_2019_MPO
100910655,2015-07-23,2015,,19.0,,,0,0,N,0.0,0.0,0.0,,,,,,,,36.04004,-86.78265,False,Crashes_2010_2019_MPO
100254022,2012-11-15,2012,,94.0,,,0,0,N,0.0,0.0,0.0,,,,,,,,35.9724,-86.86029,False,Crashes_2010_2019_MPO
101288704,2016-07-19,2016,,94.0,,,0,0,N,0.0,0.0,0.0,,,,,,,,36.01378,-86.73829,False,Crashes_2010_2019_MPO
100972607,2015-10-03,2015,,19.0,,,0,0,N,0.0,0.0,0.0,,,,,,,,36.04042,-86.78261,False,Crashes_2010_2019_MPO
10417085,2011-03-11,2011,,19.0,,,0,0, ,0.0,0.0,0.0,,,,,,,,36.023633,-86.719674,False,Crashes_2010_2019_MPO
100962187,2015-09-17,2015,,94.0,,,0,0,N,0.0,0.0,0.0,,,,,,,,35.96749,-86.80979,True,Crashes_2010_2019_MPO
102328420,2019-03-12,2019,,19.0,,,0,0,N,0.0,0.0,0.0,,,,,,,,36.03047,-86.74398,False,Crashes_2010_2019_MPO
102194551,2018-10-30,2018,,94.0,,,0,0,N,0.0,0.0,0.0,,,,,,,,36.00131,-86.79378,True,Crashes_2010_2019_MPO
101732509,2017-08-16,2017,,19.0,,,0,0,N,0.0,0.0,0.0,,,,,,,,35.99667,-86.69009,False,Crashes_2010_2019_MPO
101673869,2017-06-15,2017,,94.0,,,0,0,N,0.0,0.0,0.0,,,,,,,,35.95004,-86.84915,False,Crashes_2010_2019_MPO
101793567,2017-10-13,2017,,94.0,,,0,0,N,0.0,0.0,0.0,,,,,,,,36.01761,-86.76289,True,Crashes_2010_2019_MPO
100937024,2015-08-19,2015,,94.0,,,0,0,N,0.0,0.0,0.0,,,,,,,,35.92391,-86.87162,False,Crashes_2010_2019_MPO
101074703,2016-01-09,2016,,94.0,,,0,0,N,0.0,0.0,0.0,,,,,,,,35.9954,-86.77773,True,Crashes_2010_2019_MPO
101097657,2016-02-01,2016,,19.0,,,0,0,N,0.0,0.0,0.0,,,,,,,,36.04294,-86.84189,False,Crashes_2010_2019_MPO
102319860,2019-03-02,2019,,94.0,,,0,0,N,0.0,0.0,0.0,,,,,,,,35.9652,-86.81141,False,Crashes_2010_2019_MPO
101069504,2015-12-29,2015,,19.0,,,0,0,N,0.0,0.0,0.0,,,,,,,,36.04519,-86.71602,False,Crashes_2010_2019_MPO
100301994,2013-03-08,2013,,94.0,,,0,0,N,0.0,0.0,0.0,,,,,,,,35.95271,-86.847,False,Crashes_2010_2019_MPO
102522373,2019-09-27,2019,,19.0,,,0,0,N,0.0,0.0,0.0,,,,,,,,36.00145,-86.69575,False,Crashes_2010_2019_MPO
101004829,2015-11-07,2015,,94.0,,,0,0,N,0.0,0.0,0.0,,,,,,,,35.93187,-86.79403,False,Crashes_2010_2019_MPO
101997286,2018-05-02,2018,,94.0,,,0,0,N,0.0,0.0,0.0,,,,,,,,36.01625,-86.78591,True,Crashes_2010_2019_MPO
100656728,2014-10-21,2014,,19.0,,,0,0,N,0.0,0.0,0.0,,,,,,,,36.04053,-86.7705,False,Crashes_2010_2019_MPO
102489216,2019-08-26,2019,,94.0,,,0,0,N,0.0,0.0,0.0,,,,,,,,35.93495,-86.77685,False,Crashes_2010_2019_MPO
101077364,2016-01-14,2016,,19.0,,,0,0,N,0.0,0.0,0.0,,,,,,,,36.04028,-86.76837,False,Crashes_2010_2019_MPO
100388210,2013-10-07,2013,,94.0,,,0,0,N,0.0,0.0,0.0,,,,,,,,35.96247,-86.80917,False,Crashes_2010_2019_MPO
101656866,2017-05-27,2017,,94.0,,,0,0,N,0.0,0.0,0.0,,,,,,,,35.95081,-86.84855,False,Crashes_2010_2019_MPO
100239774,2012-10-16,2012,,94.0,,,0,0,N,0.0,0.0,0.0,,,,,,,,36.02198,-86.79508,True,Crashes_2010_2019_MPO
101847142,2017-12-03,2017,,19.0,,,0,0,N,0.0,0.0,0.0,,,,,,,,36.05366,-86.71502,False,Crashes_2010_2019_MPO
100345708,2013-06-22,2013,,94.0,,,0,0,N,0.0,0.0,0.0,,,,,,,,35.93499,-86.84706,False,Crashes_2010_2019_MPO
100466658,2014-03-18,2014,,94.0,,,0,0,N,0.0,0.0,0.0,,,,,,,,35.92954,-86.84187,False,Crashes_2010_2019_MPO
102377217,2019-05-01,2019,,94.0,,,0,0,N,0.0,0.0,0.0,,,,,,,,35.94872,-86.83189,False,Crashes_2010_2019_MPO
101968399,2018-04-03,2018,,94.0,,,0,1,N,0.0,1.0,0.0,,,,,,,,35.97614,-86.80415,True,Crashes_2010_2019_MPO
101556280,2017-02-16,2017,,19.0,,,0,0,N,0.0,0.0,0.0,,,,,,,,36.02338,-86.69078,False,Crashes_2010_2019_MPO
102258167,2018-12-21,2018,,19.0,,,0,0,Y,0.0,0.0,1.0,,,,,,,,36.04537,-86.71326,False,Crashes_2010_2019_MPO
102381961,2019-05-06,2019,,94.0,,,0,0,N,0.0,0.0,0.0,,,,,,,,35.93374,-86.81767,False,Crashes_2010_2019_MPO
101428035,2016-10-31,2016,,19.0,,,0,0,N,0.0,0.0,0.0,,,,,,,,36.02728,-86.78493,True,Crashes_2010_2019_MPO
100264234,2012-12-10,2012,,94.0,,,0,0,N,0.0,0.0,0.0,,,,,,,,35.94686,-86.85162,False,Crashes_2010_2019_MPO
100662208,2014-10-31,2014,,94.0,,,0,0,N,0.0,0.0,0.0,,,,,,,,36.0343,-86.79174,True,Crashes_2010_2019_MPO
101724803,2017-08-08,2017,,94.0,,,0,0,N,0.0,0.0,0.0,,,,,,,,35.96691,-86.81185,True,Crashes_2010_2019_MPO
101078690,2016-01-16,2016,,94.0,,,0,0,N,0.0,0.0,0.0,,,,,,,,35.94677,-86.82197,False,Crashes_2010_2019_MPO
100695338,2014-11-23,2014,,19.0,,,0,0,N,0.0,0.0,0.0,,,,,,,,36.03893,-86.78289,False,Crashes_2010_2019_MPO
101001765,2015-11-02,2015,,94.0,,,0,0,N,0.0,0.0,0.0,,,,,,,,35.94102,-86.83525,False,Crashes_2010_2019_MPO
100752512,2015-02-24,2015,,94.0,,,0,0,N,0.0,0.0,0.0,,,,,,,,35.94618,-86.80856,False,Crashes_2010_2019_MPO
100586787,2014-07-11,2014,,94.0,,,0,0,N,0.0,0.0,0.0,,,,,,,,35.9512,-86.80147,False,Crashes_2010_2019_MPO
100819431,2015-04-17,2015,,19.0,,,0,0,N,0.0,0.0,0.0,,,,,,,,36.04685,-86.67941,False,Crashes_2010_2019_MPO
102396712,2019-05-22,2019,,94.0,,,0,0,N,0.0,0.0,0.0,,,,,,,,35.96665,-86.80937,True,Crashes_2010_2019_MPO
101573335,2017-03-04,2017,,19.0,,,0,0,N,0.0,0.0,0.0,,,,,,,,36.03047,-86.74398,False,Crashes_2010_2019_MPO
101462598,2016-11-29,2016,,19.0,,,0,0,N,0.0,0.0,0.0,,,,,,,,36.03196,-86.76284,False,Crashes_2010_2019_MPO
100593938,2014-08-10,2014,,94.0,,,0,0,N,0.0,0.0,0.0,,,,,,,,35.99038,-86.77823,True,Crashes_2010_2019_MPO
100325900,2013-05-07,2013,,94.0,,,0,0,N,0.0,0.0,0.0,,,,,,,,35.93554,-86.82375,False,Crashes_2010_2019_MPO
101435989,2016-11-10,2016,,19.0,,,0,0,N,0.0,0.0,0.0,,,,,,,,36.04562,-86.70643,False,Crashes_2010_2019_MPO
101325651,2016-08-11,2016,,94.0,,,0,0,N,0.0,0.0,0.0,,,,,,,,35.9407,-86.83934,False,Crashes_2010_2019_MPO
900112326,2010-07-10,2010,,94.0,,,0,0, ,0.0,0.0,0.0,,,,,,,,35.965424,-86.80761,False,Crashes_2010_2019_MPO
101046427,2015-12-10,2015,,94.0,,,0,0,N,0.0,0.0,0.0,,,,,,,,35.93338,-86.81899,False,Crashes_2010_2019_MPO
100506993,2014-05-10,2014,,94.0,,,0,0,N,0.0,0.0,0.0,,,,,,,,35.93189,-86.79438,False,Crashes_2010_2019_MPO
101897875,2018-01-26,2018,,19.0,,,0,0,N,0.0,0.0,0.0,,,,,,,,36.04956,-86.71382,False,Crashes_2010_2019_MPO
101039153,2015-11-29,2015,,94.0,,,0,0,N,0.0,0.0,0.0,,,,,,,,35.95899,-86.81594,False,Crashes_2010_2019_MPO
100331580,2013-05-20,2013,,94.0,,,0,0,N,0.0,0.0,0.0,,,,,,,,35.92669,-86.82442,False,Crashes_2010_2019_MPO
101423955,2016-10-26,2016,,94.0,,,0,0,N,0.0,0.0,0.0,,,,,,,,35.94167,-86.81611,False,Crashes_2010_2019_MPO
101396578,2016-10-04,2016,,94.0,,,0,0,N,0.0,0.0,0.0,,,,,,,,36.01364,-86.80416,True,Crashes_2010_2019_MPO
101506354,2017-01-16,2017,,19.0,,,0,0,N,0.0,0.0,0.0,,,,,,,,36.03772,-86.79475,False,Crashes_2010_2019_MPO
101285061,2016-07-12,2016,,94.0,,,0,0,N,0.0,0.0,0.0,,,,,,,,35.964,-86.81013,False,Crashes_2010_2019_MPO
101813057,2017-10-24,2017,,19.0,,,0,0,N,0.0,0.0,0.0,,,,,,,,36.02191,-86.71034,False,Crashes_2010_2019_MPO
101661569,2017-06-01,2017,,94.0,,,0,0,N,0.0,0.0,0.0,,,,,,,,35.986235,-86.678183,False,Crashes_2010_2019_MPO
102443724,2019-07-10,2019,,94.0,,,0,0,N,0.0,0.0,0.0,,,,,,,,35.92366,-86.86782,False,Crashes_2010_2019_MPO
100549909,2014-06-11,2014,,94.0,,,0,0,N,0.0,0.0,0.0,,,,,,,,35.96281,-86.81153,False,Crashes_2010_2019_MPO
100851898,2015-05-28,2015,,94.0,,,0,0,N,0.0,0.0,0.0,,,,,,,,36.03321,-86.7854,True,Crashes_2010_2019_MPO
100711313,2014-12-22,2014,,94.0,,,0,0,N,0.0,0.0,0.0,,,,,,,,35.93789,-86.79883,False,Crashes_2010_2019_MPO
101635338,2017-05-04,2017,,94.0,,,0,0,N,0.0,0.0,0.0,,,,,,,,36.01575,-86.82116,True,Crashes_2010_2019_MPO
100828850,2015-05-05,2015,,19.0,,,0,0,N,0.0,0.0,0.0,,,,,,,,36.04025,-86.74495,False,Crashes_2010_2019_MPO
102435983,2019-07-03,2019,,94.0,,,0,0,N,0.0,0.0,0.0,,,,,,,,35.97039,-86.85913,False,Crashes_2010_2019_MPO
100861559,2015-06-16,2015,,94.0,,,0,0,N,0.0,0.0,0.0,,,,,,,,35.962,-86.81517,False,Crashes_2010_2019_MPO
100964892,2015-09-22,2015,,94.0,,,0,0,N,0.0,0.0,0.0,,,,,,,,35.99469,-86.76887,True,Crashes_2010_2019_MPO
101273478,2016-06-26,2016,,19.0,,,0,0,N,0.0,0.0,0.0,,,,,,,,36.02547,-86.71305,False,Crashes_2010_2019_MPO
101092457,2016-01-22,2016,,94.0,,,0,0,N,0.0,0.0,0.0,,,,,,,,35.9547,-86.7135,False,Crashes_2010_2019_MPO
100619733,2014-09-16,2014,,94.0,,,0,0,N,0.0,0.0,0.0,,,,,,,,35.96782,-86.81024,True,Crashes_2010_2019_MPO
101545145,2017-02-05,2017,,19.0,,,0,0,N,0.0,0.0,0.0,,,,,,,,36.0399,-86.74188,False,Crashes_2010_2019_MPO
101622055,2017-04-21,2017,,19.0,,,0,0,N,0.0,0.0,0.0,,,,,,,,36.04272,-86.70061,False,Crashes_2010_2019_MPO
101130874,2016-03-09,2016,,19.0,,,0,0,N,0.0,0.0,0.0,,,,,,,,35.99945,-86.69343,False,Crashes_2010_2019_MPO
102301692,2019-02-09,2019,,94.0,,,0,0,N,0.0,0.0,0.0,,,,,,,,35.99551,-86.77887,True,Crashes_2010_2019_MPO
101080563,2016-01-20,2016,,94.0,,,0,0,N,0.0,0.0,0.0,,,,,,,,35.97274,-86.80557,True,Crashes_2010_2019_MPO
102590403,2019-12-06,2019,,94.0,,,0,0,N,0.0,0.0,0.0,,,,,,,,35.97066,-86.83646,False,Crashes_2010_2019_MPO
100547443,2014-06-05,2014,,94.0,,,0,0,N,0.0,0.0,0.0,,,,,,,,35.98411,-86.72438,True,Crashes_2010_2019_MPO
100331400,2013-05-20,2013,,94.0,,,0,0,N,0.0,0.0,0.0,,,,,,,,35.94704,-86.85351,False,Crashes_2010_2019_MPO
101330212,2016-08-18,2016,,94.0,,,0,0,N,0.0,0.0,0.0,,,,,,,,36.01763,-86.8467,True,Crashes_2010_2019_MPO
102146429,2018-09-14,2018,,94.0,,,0,0,N,0.0,0.0,0.0,,,,,,,,35.94543,-86.85283,False,Crashes_2010_2019_MPO
101730654,2017-08-14,2017,,94.0,,,0,0,N,0.0,0.0,0.0,,,,,,,,35.9375,-86.82972,False,Crashes_2010_2019_MPO
100821232,2015-04-20,2015,,19.0,,,0,0,N,0.0,0.0,0.0,,,,,,,,36.03641,-86.78696,False,Crashes_2010_2019_MPO
102075805,2018-07-12,2018,,94.0,,,0,0,N,0.0,0.0,0.0,,,,,,,,36.0295,-86.78397,True,Crashes_2010_2019_MPO
100564443,2014-06-22,2014,,94.0,,,0,0,N,0.0,0.0,0.0,,,,,,,,35.93126,-86.87663,False,Crashes_2010_2019_MPO
102005028,2018-05-09,2018,,94.0,,,0,0,N,0.0,0.0,0.0,,,,,,,,35.93446,-86.81991,False,Crashes_2010_2019_MPO
101319889,2016-08-04,2016,,19.0,,,0,0,N,0.0,0.0,0.0,,,,,,,,36.04544,-86.73913,False,Crashes_2010_2019_MPO
101049596,2015-12-15,2015,,94.0,,,0,0,N,0.0,0.0,0.0,,,,,,,,35.98423,-86.72367,True,Crashes_2010_2019_MPO
101245816,2016-06-14,2016,,94.0,,,0,0,N,0.0,0.0,0.0,,,,,,,,35.95579,-86.87491,False,Crashes_2010_2019_MPO
101686198,2017-06-28,2017,,94.0,,,0,0,N,0.0,0.0,0.0,,,,,,,,35.99667,-86.79704,True,Crashes_2010_2019_MPO
101005735,2015-11-09,2015,,94.0,,,0,0,N,0.0,0.0,0.0,,,,,,,,35.93255,-86.78776,False,Crashes_2010_2019_MPO
100282358,2013-01-21,2013,,94.0,,,0,0,N,0.0,0.0,0.0,,,,,,,,35.96665,-86.80941,True,Crashes_2010_2019_MPO
101810422,2017-10-31,2017,,94.0,,,0,0,N,0.0,0.0,0.0,,,,,,,,35.95064,-86.8068,False,Crashes_2010_2019_MPO
101128273,2016-03-05,2016,,94.0,,,0,0,N,0.0,0.0,0.0,,,,,,,,35.94646,-86.82367,False,Crashes_2010_2019_MPO
100379419,2013-09-15,2013,,94.0,,,0,0,N,0.0,0.0,0.0,,,,,,,,36.0343,-86.79174,True,Crashes_2010_2019_MPO
101807590,2017-10-29,2017,,19.0,,,0,0,N,0.0,0.0,0.0,,,,,,,,36.04546,-86.717,False,Crashes_2010_2019_MPO
100911023,2015-07-23,2015,,19.0,,,0,0,N,0.0,0.0,0.0,,,,,,,,36.03517,-86.76869,False,Crashes_2010_2019_MPO
102424115,2019-06-19,2019,,94.0,,,0,0,N,0.0,0.0,0.0,,,,,,,,35.99769,-86.79667,True,Crashes_2010_2019_MPO
101189625,2016-05-07,2016,,94.0,,,0,0,N,0.0,0.0,0.0,,,,,,,,35.96507,-86.79501,True,Crashes_2010_2019_MPO
101121242,2016-02-23,2016,,94.0,,,0,0,N,0.0,0.0,0.0,,,,,,,,36.01527,-86.81565,True,Crashes_2010_2019_MPO
100156154,2012-03-09,2012,,94.0,,,0,0,N,0.0,0.0,0.0,,,,,,,,36.03652,-86.80099,True,Crashes_2010_2019_MPO
100360603,2013-07-30,2013,,94.0,,,0,0,N,0.0,0.0,0.0,,,,,,,,35.93487,-86.82114,False,Crashes_2010_2019_MPO
102589156,2019-12-05,2019,,19.0,,,0,0,N,0.0,0.0,0.0,,,,,,,,36.05151,-86.71436,False,Crashes_2010_2019_MPO
101157922,2016-04-05,2016,,94.0,,,0,0,N,0.0,0.0,0.0,,,,,,,,35.99781,-86.79886,True,Crashes_2010_2019_MPO
100464995,2014-03-16,2014,,94.0,,,0,0,N,0.0,0.0,0.0,,,,,,,,35.94534,-86.81962,False,Crashes_2010_2019_MPO
100315540,2013-04-13,2013,,94.0,,,0,0,N,0.0,0.0,0.0,,,,,,,,35.94649,-86.85207,False,Crashes_2010_2019_MPO
10685424,2013-05-01,2013,,19.0,,,0,0, ,0.0,0.0,0.0,,,,,,,,36.04106,-86.746282,False,Crashes_2010_2019_MPO
100998141,2015-10-28,2015,,19.0,,,0,0,N,0.0,0.0,0.0,,,,,,,,36.04,-86.78087,False,Crashes_2010_2019_MPO
100228241,2012-09-17,2012,,94.0,,,0,0,N,0.0,0.0,0.0,,,,,,,,36.03499,-86.80443,True,Crashes_2010_2019_MPO
101398217,2016-10-07,2016,,19.0,,,0,0,N,0.0,0.0,0.0,,,,,,,,36.03761,-86.78512,False,Crashes_2010_2019_MPO
102130174,2018-09-01,2018,,19.0,,,0,0,N,0.0,0.0,0.0,,,,,,,,36.04509,-86.74396,False,Crashes_2010_2019_MPO
101074659,2016-01-09,2016,,94.0,,,0,0,N,0.0,0.0,0.0,,,,,,,,35.93446,-86.81991,False,Crashes_2010_2019_MPO
101769347,2017-09-23,2017,,94.0,,,0,0,N,0.0,0.0,0.0,,,,,,,,35.9505,-86.76611,True,Crashes_2010_2019_MPO
100926020,2015-08-19,2015,,94.0,,,0,0,N,0.0,0.0,0.0,,,,,,,,35.9262,-86.82175,False,Crashes_2010_2019_MPO
102471603,2019-08-08,2019,,94.0,,,0,1,N,0.0,1.0,0.0,,,,,,,,35.92506,-86.87363,False,Crashes_2010_2019_MPO
102354221,2019-04-08,2019,,94.0,,,0,0,N,0.0,0.0,0.0,,,,,,,,35.93027,-86.82034,False,Crashes_2010_2019_MPO
100946574,2015-09-08,2015,,94.0,,,0,0,N,0.0,0.0,0.0,,,,,,,,35.99043,-86.74862,True,Crashes_2010_2019_MPO
100268880,2012-12-19,2012,,94.0,,,0,0,N,0.0,0.0,0.0,,,,,,,,35.93985,-86.879509,False,Crashes_2010_2019_MPO
100945359,2015-09-05,2015,,19.0,,,0,0,N,0.0,0.0,0.0,,,,,,,,36.05088,-86.71418,False,Crashes_2010_2019_MPO
100192317,2012-06-16,2012,,94.0,,,0,0,N,0.0,0.0,0.0,,,,,,,,35.9645,-86.80544,True,Crashes_2010_2019_MPO
101145383,2016-03-16,2016,,19.0,,,0,0,N,0.0,0.0,0.0,,,,,,,,36.03797,-86.79777,False,Crashes_2010_2019_MPO
102562079,2019-11-08,2019,,94.0,,,0,0,N,0.0,0.0,0.0,,,,,,,,35.97348,-86.83292,True,Crashes_2010_2019_MPO
101241823,2016-06-08,2016,,19.0,,,0,0,N,0.0,0.0,0.0,,,,,,,,36.04437,-86.69406,False,Crashes_2010_2019_MPO
102096861,2018-08-03,2018,,94.0,,,0,0,N,0.0,0.0,0.0,,,,,,,,35.96194,-86.81496,False,Crashes_2010_2019_MPO
101388643,2016-09-24,2016,,94.0,,,0,0,N,0.0,0.0,0.0,,,,,,,,35.94277,-86.81913,False,Crashes_2010_2019_MPO
100971852,2015-10-02,2015,,94.0,,,0,0,N,0.0,0.0,0.0,,,,,,,,35.96798,-86.81833,True,Crashes_2010_2019_MPO
100799008,2015-03-28,2015,,94.0,,,0,0,N,0.0,0.0,0.0,,,,,,,,35.93461,-86.82012,False,Crashes_2010_2019_MPO
100849594,2015-05-24,2015,,19.0,,,0,0,N,0.0,0.0,0.0,,,,,,,,36.04568,-86.85515,False,Crashes_2010_2019_MPO
101071124,2016-01-02,2016,,94.0,,,0,0,N,0.0,0.0,0.0,,,,,,,,35.92612,-86.867,False,Crashes_2010_2019_MPO
101862637,2017-12-18,2017,,19.0,,,0,0,N,0.0,0.0,0.0,,,,,,,,36.0365,-86.70365,False,Crashes_2010_2019_MPO
101356397,2016-09-08,2016,,19.0,,,0,0,N,0.0,0.0,0.0,,,,,,,,36.04811,-86.71904,False,Crashes_2010_2019_MPO
101967100,2018-04-04,2018,,19.0,,,0,0,N,0.0,0.0,0.0,,,,,,,,36.04801,-86.86531,False,Crashes_2010_2019_MPO
101963716,2018-03-24,2018,,19.0,,,0,0,N,0.0,0.0,0.0,,,,,,,,36.03483,-86.78331,True,Crashes_2010_2019_MPO
101159703,2016-04-07,2016,,94.0,,,0,0,N,0.0,0.0,0.0,,,,,,,,35.94761,-86.81992,False,Crashes_2010_2019_MPO
101268613,2016-06-18,2016,,94.0,,,0,0,N,0.0,0.0,0.0,,,,,,,,35.96727,-86.81439,True,Crashes_2010_2019_MPO
102594168,2019-12-11,2019,,94.0,,,0,0,N,0.0,0.0,0.0,,,,,,,,36.02495,-86.7855,True,Crashes_2010_2019_MPO
101804157,2017-10-26,2017,,94.0,,,0,0,N,0.0,0.0,0.0,,,,,,,,35.99667,-86.79704,True,Crashes_2010_2019_MPO
101640646,2017-05-10,2017,,94.0,,,0,0,N,0.0,0.0,0.0,,,,,,,,35.92957,-86.84187,False,Crashes_2010_2019_MPO
101344605,2016-08-23,2016,,94.0,,,0,0,N,0.0,0.0,0.0,,,,,,,,35.92365,-86.86792,False,Crashes_2010_2019_MPO
102456768,2019-07-24,2019,,94.0,,,0,0,N,0.0,0.0,0.0,,,,,,,,35.93776,-86.87894,False,Crashes_2010_2019_MPO
102573584,2019-11-19,2019,,94.0,,,0,0,N,0.0,0.0,0.0,,,,,,,,35.9638,-86.80842,False,Crashes_2010_2019_MPO
101286236,2016-07-15,2016,,19.0,,,0,0,N,0.0,0.0,0.0,,,,,,,,36.04886,-86.8684,False,Crashes_2010_2019_MPO
102330763,2019-03-13,2019,,94.0,,,0,0,N,0.0,0.0,0.0,,,,,,,,35.9358,-86.71131,False,Crashes_2010_2019_MPO
101568023,2017-02-27,2017,,94.0,,,0,0,N,0.0,0.0,0.0,,,,,,,,35.92703,-86.82445,False,Crashes_2010_2019_MPO
100916777,2015-08-03,2015,,19.0,,,0,0,N,0.0,0.0,0.0,,,,,,,,36.04652,-86.77707,False,Crashes_2010_2019_MPO
102565976,2019-11-12,2019,,19.0,,,0,0,N,0.0,0.0,0.0,,,,,,,,36.0455,-86.71186,False,Crashes_2010_2019_MPO
100728161,2015-01-27,2015,,94.0,,,0,0,N,0.0,0.0,0.0,,,,,,,,35.97362,-86.83288,True,Crashes_2010_2019_MPO
102434809,2019-07-02,2019,,94.0,,,0,0,N,0.0,0.0,0.0,,,,,,,,35.97304,-86.79607,True,Crashes_2010_2019_MPO
100978897,2015-10-14,2015,,94.0,,,0,0,N,0.0,0.0,0.0,,,,,,,,35.9264,-86.8244,False,Crashes_2010_2019_MPO
101118782,2016-02-19,2016,,94.0,,,0,0,N,0.0,0.0,0.0,,,,,,,,36.00131,-86.7902,True,Crashes_2010_2019_MPO
101506728,2017-01-16,2017,,94.0,,,0,0,N,0.0,0.0,0.0,,,,,,,,36.0076,-86.7424,True,Crashes_2010_2019_MPO
102412326,2019-06-07,2019,,94.0,,,0,0,N,0.0,0.0,0.0,,,,,,,,36.03016,-86.79048,True,Crashes_2010_2019_MPO
100377868,2013-09-11,2013,,94.0,,,0,0,N,0.0,0.0,0.0,,,,,,,,35.93536,-86.84696,False,Crashes_2010_2019_MPO
100836653,2015-05-19,2015,,94.0,,,0,0,N,0.0,0.0,0.0,,,,,,,,36.03327,-86.78389,True,Crashes_2010_2019_MPO
100885810,2015-07-13,2015,,94.0,,,0,0,N,0.0,0.0,0.0,,,,,,,,35.92547,-86.87275,False,Crashes_2010_2019_MPO
102515765,2019-09-21,2019,,19.0,,,0,0,N,0.0,0.0,0.0,,,,,,,,36.0453,-86.70168,False,Crashes_2010_2019_MPO
102470481,2019-08-07,2019,,19.0,,,0,0,N,0.0,0.0,0.0,,,,,,,,36.03675,-86.78678,False,Crashes_2010_2019_MPO
100413528,2013-12-01,2013,,94.0,,,0,0,N,0.0,0.0,0.0,,,,,,,,35.94632,-86.8236,False,Crashes_2010_2019_MPO
102062886,2018-07-03,2018,,94.0,,,0,0,Y,0.0,0.0,1.0,,,,,,,,36.00807,-86.78681,True,Crashes_2010_2019_MPO
101619009,2017-04-13,2017,,94.0,,,0,0,N,0.0,0.0,0.0,,,,,,,,36.01747,-86.78651,True,Crashes_2010_2019_MPO
102376244,2019-04-30,2019,,19.0,,,0,0,N,0.0,0.0,0.0,,,,,,,,36.0409,-86.77938,False,Crashes_2010_2019_MPO
100736135,2015-02-12,2015,,94.0,,,0,0,N,0.0,0.0,0.0,,,,,,,,35.9325,-86.86245,False,Crashes_2010_2019_MPO
100631118,2014-09-18,2014,,19.0,,,0,0,N,0.0,0.0,0.0,,,,,,,,36.03775,-86.79556,False,Crashes_2010_2019_MPO
102349350,2019-04-03,2019,,19.0,,,0,0,N,0.0,0.0,0.0,,,,,,,,36.04062,-86.77134,False,Crashes_2010_2019_MPO
100165868,2012-04-05,2012,,94.0,,,0,0,N,0.0,0.0,0.0,,,,,,,,35.9952,-86.7755,True,Crashes_2010_2019_MPO
102247039,2018-12-15,2018,,94.0,,,0,0,N,0.0,0.0,0.0,,,,,,,,36.01486,-86.73347,False,Crashes_2010_2019_MPO
102392274,2019-05-17,2019,,19.0,,,0,0,N,0.0,0.0,0.0,,,,,,,,36.03243,-86.70816,False,Crashes_2010_2019_MPO
100296492,2013-02-23,2013,,19.0,,,0,0,N,0.0,0.0,0.0,,,,,,,,36.03974,-86.78154,False,Crashes_2010_2019_MPO
101935796,2018-03-06,2018,,94.0,,,0,0,N,0.0,0.0,0.0,,,,,,,,35.93812,-86.82194,False,Crashes_2010_2019_MPO
100315083,2013-04-12,2013,,94.0,,,0,0,N,0.0,0.0,0.0,,,,,,,,35.97332,-86.83308,True,Crashes_2010_2019_MPO
102085230,2018-07-24,2018,,94.0,,,0,0,N,0.0,0.0,0.0,,,,,,,,35.96571,-86.69338,False,Crashes_2010_2019_MPO
102292672,2019-01-30,2019,,94.0,,,0,0,N,0.0,0.0,0.0,,,,,,,,36.03464,-86.80276,True,Crashes_2010_2019_MPO
101493232,2017-01-01,2017,,19.0,,,0,0,N,0.0,0.0,0.0,,,,,,,,36.04522,-86.71479,False,Crashes_2010_2019_MPO
101854001,2017-12-10,2017,,94.0,,,0,0,N,0.0,0.0,0.0,,,,,,,,35.95754,-86.84312,False,Crashes_2010_2019_MPO
100823465,2015-04-24,2015,,94.0,,,0,0,N,0.0,0.0,0.0,,,,,,,,35.97102,-86.72644,True,Crashes_2010_2019_MPO
100876763,2015-06-26,2015,,94.0,,,0,0,N,0.0,0.0,0.0,,,,,,,,35.92386,-86.86946,False,Crashes_2010_2019_MPO
101486861,2016-12-25,2016,,19.0,,,0,0,N,0.0,0.0,0.0,,,,,,,,36.04328,-86.7049,False,Crashes_2010_2019_MPO