mstrrecnbr,collision_ts,year,county,countystat,crash,crash_type,fatalities,non_motorists,commercial,fatal_c,nonmotor_c,truck_c,fatalc,serious_injuries,ped,bike,lighting,weather,first_harmful_event,latitude,longitude,in_city,src_layer
101786977,2017-10-09,2017,,94.0,,,0,0,N,0.0,0.0,0.0,,,,,,,,35.93101,-86.87649,False,Crashes_2010_2019_MPO
100915284,2015-07-31,2015,,94.0,,,0,0,N,0.0,0.0,0.0,,,,,,,,35.96578,-86.80132,True,Crashes_2010_2019_MPO
100641451,2014-10-10,2014,,94.0,,,0,0,N,0.0,0.0,0.0,,,,,,,,35.95227,-86.85666,False,Crashes_2010_2019_MPO
102030264,2018-06-01,2018,,19.0,,,0,0,N,0.0,0.0,0.0,,,,,,,,36.04434,-86.75562,False,Crashes_2010_2019_MPO
101208188,2016-05-19,2016,,94.0,,,0,0,N,0.0,0.0,0.0,,,,,,,,36.01138,-86.7493,True,Crashes_2010_2019_MPO
101386696,2016-09-21,2016,,94.0,,,0,0,N,0.0,0.0,0.0,,,,,,,,35.95368,-86.71967,False,Crashes_2010_2019_MPO
101475434,2016-12-13,2016,,94.0,,,0,0,N,0.0,0.0,0.0,,,,,,,,36.01689,-86.78609,True,Crashes_2010_2019_MPO
100442386,2014-02-13,2014,,94.0,,,0,0,N,0.0,0.0,0.0,,,,,,,,35.92366,-86.76697,False,Crashes_2010_2019_MPO
102391014,2019-05-16,2019,,19.0,,,0,0,N,0.0,0.0,0.0,,,,,,,,36.0411,-86.77621,False,Crashes_2010_2019_MPO
101268310,2016-06-17,2016,,94.0,,,0,0,N,0.0,0.0,0.0,,,,,,,,35.93601,-86.8237,False,Crashes_2010_2019_MPO
101080143,2016-01-19,2016,,94.0,,,0,0,N,0.0,0.0,0.0,,,,,,,,36.01371,-86.8046,True,Crashes_2010_2019_MPO
101764652,2017-09-18,2017,,19.0,,,0,0,N,0.0,0.0,0.0,,,,,,,,36.02287,-86.7124,False,Crashes_2010_2019_MPO
101005205,2015-11-08,2015,,94.0,,,0,0,N,0.0,0.0,0.0,,,,,,,,36.01724,-86.79777,True,Crashes_2010_2019_MPO
101064372,2015-12-21,2015,,94.0,,,0,1,N,0.0,1.0,0.0,,,,,,,,35.94736,-86.82105,False,Crashes_2010_2019_MPO
101407171,2016-10-19,2016,,94.0,,,0,0,N,0.0,0.0,0.0,,,,,,,,35.99563,-86.78011,True,Crashes_2010_2019_MPO
102052010,2018-06-23,2018,,94.0,,,0,0,N,0.0,0.0,0.0,,,,,,,,35.9478,-86.86395,False,Crashes_2010_2019_MPO
101424375,2016-10-27,2016,,19.0,,,0,0,N,0.0,0.0,0.0,,,,,,,,36.04296,-86.84194,False,Crashes_2010_2019_MPO
102291842,2019-01-30,2019,,94.0,,,0,0,N,0.0,0.0,0.0,,,,,,,,35.97535,-86.85881,False,Crashes_2010_2019_MPO
101315340,2016-07-19,2016,,19.0,,,0,0,N,0.0,0.0,0.0,,,,,,,,36.03786,-86.78646,False,Crashes_2010_2019_MPO
101826639,2017-11-15,2017,,94.0,,,0,0,N,0.0,0.0,0.0,,,,,,,,35.96671,-86.809127,True,Crashes_2010_2019_MPO
101660634,2017-05-31,2017,,94.0,,,0,0,N,0.0,0.0,0.0,,,,,,,,35.95771,-86.80262,False,Crashes_2010_2019_MPO
100771702,2015-03-13,2015,,19.0,,,0,0,N,0.0,0.0,0.0,,,,,,,,36.03741,-86.78585,False,Crashes_2010_2019_MPO
101407630,2016-10-19,2016,,94.0,,,0,0,N,0.0,0.0,0.0,,,,,,,,35.95164,-86.84787,False,Crashes_2010_2019_MPO
100734725,2015-02-07,2015,,94.0,,,0,0,N,0.0,0.0,0.0,,,,,,,,35.97868,-86.8035,True,Crashes_2010_2019_MPO
101461010,2016-11-27,2016,,94.0,,,0,0,N,0.0,0.0,0.0,,,,,,,,36.0234,-86.78639,True,Crashes_2010_2019_MPO
101332833,2016-08-21,2016,,94.0,,,0,0,N,0.0,0.0,0.0,,,,,,,,35.92248,-86.86698,False,Crashes_2010_2019_MPO
101167827,2016-04-20,2016,,94.0,,,0,0,N,0.0,0.0,0.0,,,,,,,,35.94048,-86.83226,False,Crashes_2010_2019_MPO
101694274,2017-07-06,2017,,19.0,,,0,0,N,0.0,0.0,0.0,,,,,,,,36.03899,-86.78258,False,Crashes_2010_2019_MPO
102234680,2018-12-04,2018,,94.0,,,0,0,N,0.0,0.0,0.0,,,,,,,,35.96202,-86.81533,False,Crashes_2010_2019_MPO
100321470,2013-04-26,2013,,94.0,,,0,0,N,0.0,0.0,0.0,,,,,,,,35.9348,-86.8208,False,Crashes_2010_2019_MPO
102360201,2019-04-13,2019,,19.0,,,0,0,N,0.0,0.0,0.0,,,,,,,,36.05491,-86.72995,False,Crashes_2010_2019_MPO
100643114,2014-10-14,2014,,19.0,,,0,0,N,0.0,0.0,0.0,,,,,,,,36.04419,-86.78063,False,Crashes_2010_2019_MPO
100188537,2012-06-06,2012,,94.0,,,0,0,N,0.0,0.0,0.0,,,,,,,,35.98284,-86.69857,True,Crashes_2010_2019_MPO
100696384,2014-11-25,2014,,19.0,,,0,0,N,0.0,0.0,0.0,,,,,,,,36.05364,-86.71508,False,Crashes_2010_2019_MPO
100681319,2014-11-16,2014,,94.0,,,0,0,N,0.0,0.0,0.0,,,,,,,,36.01349,-86.73838,False,Crashes_2010_2019_MPO
101040570,2015-12-01,2015,,19.0,,,0,0,N,0.0,0.0,0.0,,,,,,,,36.0423,-86.83139,False,Crashes_2010_2019_MPO
102377267,2019-05-01,2019,,19.0,,,0,0,N,0.0,0.0,0.0,,,,,,,,36.0452,-86.7152,False,Crashes_2010_2019_MPO
100272524,2012-12-28,2012,,94.0,,,0,0,N,0.0,0.0,0.0,,,,,,,,35.95077,-86.81845,False,Crashes_2010_2019_MPO
101130275,2016-03-07,2016,,94.0,,,0,0,N,0.0,0.0,0.0,,,,,,,,35.96798,-86.81833,True,Crashes_2010_2019_MPO
102534813,2019-10-08,2019,,94.0,,,0,0,N,0.0,0.0,0.0,,,,,,,,35.97694,-86.67813,False,Crashes_2010_2019_MPO
100882008,2015-07-06,2015,,94.0,,,0,0,N,0.0,0.0,0.0,,,,,,,,36.03319,-86.78761,True,Crashes_2010_2019_MPO
101284800,2016-07-13,2016,,94.0,,,0,0,N,0.0,0.0,0.0,,,,,,,,36.0045,-86.7906,True,Crashes_2010_2019_MPO
102213349,2018-11-16,2018,,19.0,,,0,0,N,0.0,0.0,0.0,,,,,,,,36.04142,-86.82279,False,Crashes_2010_2019_MPO
102087192,2018-07-25,2018,,94.0,,,0,0,N,0.0,0.0,0.0,,,,,,,,35.97264,-86.82862,True,Crashes_2010_2019_MPO
100186843,2012-06-01,2012,,94.0,,,0,0,N,0.0,0.0,0.0,,,,,,,,35.99672,-86.79051,True,Crashes_2010_2019_MPO
100722560,2015-01-15,2015,,19.0,,,0,0,N,0.0,0.0,0.0,,,,,,,,36.03202,-86.78341,True,Crashes_2010_2019_MPO
101045197,2015-12-08,2015,,94.0,,,0,0,N,0.0,0.0,0.0,,,,,,,,35.94477,-86.82853,False,Crashes_2010_2019_MPO
101187719,2016-05-04,2016,,19.0,,,0,0,Y,0.0,0.0,1.0,,,,,,,,36.02318,-86.68607,False,Crashes_2010_2019_MPO
102513553,2019-09-19,2019,,19.0,,,0,0,N,0.0,0.0,0.0,,,,,,,,36.04915,-86.86979,False,Crashes_2010_2019_MPO
102347552,2019-03-23,2019,,94.0,,,0,0,N,0.0,0.0,0.0,,,,,,,,35.94709,-86.82118,False,Crashes_2010_2019_MPO
101458954,2016-11-16,2016,,94.0,,,0,0,N,0.0,0.0,0.0,,,,,,,,35.94148,-86.81643,False,Crashes_2010_2019_MPO
102576208,2019-11-22,2019,,19.0,,,0,0,N,0.0,0.0,0.0,,,,,,,,36.04012,-86.78074,False,Crashes_2010_2019_MPO
102267676,2019-01-05,2019,,19.0,,,0,0,Y,0.0,0.0,1.0,,,,,,,,36.03969,-86.73917,False,Crashes_2010_2019_MPO
101426590,2016-10-29,2016,,94.0,,,0,0,N,0.0,0.0,0.0,,,,,,,,35.94677,-86.85185,False,Crashes_2010_2019_MPO
101425462,2016-10-28,2016,,94.0,,,0,0,N,0.0,0.0,0.0,,,,,,,,36.031943,-86.789546,True,Crashes_2010_2019_MPO
101041595,2015-12-01,2015,,94.0,,,0,0,N,0.0,0.0,0.0,,,,,,,,35.92641,-86.82446,False,Crashes_2010_2019_MPO
100919714,2015-08-07,2015,,94.0,,,0,0,N,0.0,0.0,0.0,,,,,,,,35.945,-86.87921,False,Crashes_2010_2019_MPO
100718577,2015-01-07,2015,,19.0,,,0,0,N,0.0,0.0,0.0,,,,,,,,36.03595,-86.78315,False,Crashes_2010_2019_MPO
100738954,2015-02-17,2015,,94.0,,,0,0,N,0.0,0.0,0.0,,,,,,,,35.99924,-86.80919,True,Crashes_2010_2019_MPO
101689879,2017-07-02,2017,,19.0,,,0,0,N,0.0,0.0,0.0,,,,,,,,36.03767,-86.78651,False,Crashes_2010_2019_MPO
100875362,2015-06-23,2015,,94.0,,,0,0,N,0.0,0.0,0.0,,,,,,,,35.96575,-86.8114,False,Crashes_2010_2019_MPO
101595959,2017-03-28,2017,,19.0,,,0,0,N,0.0,0.0,0.0,,,,,,,,36.04022,-86.78301,False,Crashes_2010_2019_MPO
100587973,2014-07-26,2014,,94.0,,,0,0,N,0.0,0.0,0.0,,,,,,,,35.94817,-86.70063,False,Crashes_2010_2019_MPO
101324906,2016-08-10,2016,,19.0,,,0,0,N,0.0,0.0,0.0,,,,,,,,36.03934,-86.78566,False,Crashes_2010_2019_MPO
101431250,2016-11-04,2016,,94.0,,,0,0,N,0.0,0.0,0.0,,,,,,,,36.03506,-86.80247,True,Crashes_2010_2019_MPO
101278011,2016-06-27,2016,,94.0,,,0,0,N,0.0,0.0,0.0,,,,,,,,35.94191,-86.79913,False,Crashes_2010_2019_MPO
102380853,2019-05-05,2019,,94.0,,,0,0,N,0.0,0.0,0.0,,,,,,,,35.99183,-86.79872,True,Crashes_2010_2019_MPO
102359187,2019-04-12,2019,,19.0,,,0,0,N,0.0,0.0,0.0,,,,,,,,36.01006,-86.71972,False,Crashes_2010_2019_MPO
100586157,2014-07-22,2014,,94.0,,,0,0,N,0.0,0.0,0.0,,,,,,,,35.96722,-86.81353,True,Crashes_2010_2019_MPO
101006429,2015-11-10,2015,,19.0,,,0,0,N,0.0,0.0,0.0,,,,,,,,36.04,-86.81564,False,Crashes_2010_2019_MPO
102422997,2019-06-18,2019,,94.0,,,0,0,N,0.0,0.0,0.0,,,,,,,,36.01689,-86.78609,True,Crashes_2010_2019_MPO
100640059,2014-10-07,2014,,94.0,,,0,0,N,0.0,0.0,0.0,,,,,,,,35.96714,-86.81392,True,Crashes_2010_2019_MPO
101611130,2017-04-10,2017,,94.0,,,0,0,N,0.0,0.0,0.0,,,,,,,,35.94433,-86.8199,False,Crashes_2010_2019_MPO
101731291,2017-08-15,2017,,19.0,,,0,0,N,0.0,0.0,0.0,,,,,,,,36.0374,-86.78657,False,Crashes_2010_2019_MPO
101243638,2016-06-04,2016,,19.0,,,0,0,N,0.0,0.0,0.0,,,,,,,,36.03716,-86.78307,False,Crashes_2010_2019_MPO
102215103,2018-11-18,2018,,19.0,,,0,0,N,0.0,0.0,0.0,,,,,,,,36.046,-86.71689,False,Crashes_2010_2019_MPO
101333952,2016-08-22,2016,,19.0,,,0,0,N,0.0,0.0,0.0,,,,,,,,36.02015,-86.74731,False,Crashes_2010_2019_MPO
101990546,2018-04-26,2018,,19.0,,,0,0,N,0.0,0.0,0.0,,,,,,,,36.01584,-86.70526,False,Crashes_2010_2019_MPO
101398023,2016-10-06,2016,,94.0,,,0,0,N,0.0,0.0,0.0,,,,,,,,35.93215,-86.79441,False,Crashes_2010_2019_MPO
102601216,2019-12-18,2019,,19.0,,,0,0,N,0.0,0.0,0.0,,,,,,,,36.03751,-86.78571,False,Crashes_2010_2019_MPO
102472418,2019-08-09,2019,,94.0,,,0,0,N,0.0,0.0,0.0,,,,,,,,35.94665,-86.82227,False,Crashes_2010_2019_MPO
101904616,2018-02-02,2018,,94.0,,,0,0,N,0.0,0.0,0.0,,,,,,,,36.00495,-86.78044,True,Crashes_2010_2019_MPO
101871450,2017-12-28,2017,,19.0,,,0,0,N,0.0,0.0,0.0,,,,,,,,36.03444,-86.75851,False,Crashes_2010_2019_MPO
102102605,2018-08-08,2018,,19.0,,,0,0,N,0.0,0.0,0.0,,,,,,,,36.03487,-86.80447,True,Crashes_2010_2019_MPO
101744073,2017-08-28,2017,,94.0,,,0,0,N,0.0,0.0,0.0,,,,,,,,35.95051,-86.76622,True,Crashes_2010_2019_MPO
100717626,2015-01-05,2015,,94.0,,,0,0,N,0.0,0.0,0.0,,,,,,,,35.92796,-86.74602,False,Crashes_2010_2019_MPO
100715026,2014-12-30,2014,,94.0,,,0,0,N,0.0,0.0,0.0,,,,,,,,35.92396,-86.86985,False,Crashes_2010_2019_MPO
100731235,2015-02-02,2015,,94.0,,,0,0,N,0.0,0.0,0.0,,,,,,,,35.95979,-86.76094,True,Crashes_2010_2019_MPO
101668571,2017-06-09,2017,,94.0,,,0,0,N,0.0,0.0,0.0,,,,,,,,35.94279,-86.80027,False,Crashes_2010_2019_MPO
101619455,2017-04-14,2017,,94.0,,,0,0,N,0.0,0.0,0.0,,,,,,,,35.96435,-86.81337,False,Crashes_2010_2019_MPO
101547051,2017-02-07,2017,,19.0,,,0,0,N,0.0,0.0,0.0,,,,,,,,36.04032,-86.74514,False,Crashes_2010_2019_MPO
100829310,2015-05-06,2015,,94.0,,,0,0,N,0.0,0.0,0.0,,,,,,,,35.93916,-86.83844,False,Crashes_2010_2019_MPO
101819925,2017-11-07,2017,,94.0,,,0,0,N,0.0,0.0,0.0,,,,,,,,35.94644,-86.80907,False,Crashes_2010_2019_MPO
102119878,2018-08-23,2018,,19.0,,,0,0,N,0.0,0.0,0.0,,,,,,,,36.04685,-86.71732,False,Crashes_2010_2019_MPO
101863757,2017-12-19,2017,,94.0,,,0,2,N,0.0,1.0,0.0,,,,,,,,36.031555,-86.790703,True,Crashes_2010_2019_MPO
100971562,2015-10-02,2015,,94.0,,,0,0,N,0.0,0.0,0.0,,,,,,,,35.96655,-86.80932,True,Crashes_2010_2019_MPO
101344684,2016-08-23,2016,,19.0,,,0,0,N,0.0,0.0,0.0,,,,,,,,36.03352,-86.71298,False,Crashes_2010_2019_MPO
101857952,2017-12-14,2017,,19.0,,,0,0,N,0.0,0.0,0.0,,,,,,,,36.03984,-86.76422,False,Crashes_2010_2019_MPO
101565503,2017-02-24,2017,,94.0,,,0,0,N,0.0,0.0,0.0,,,,,,,,36.03741,-86.79781,True,Crashes_2010_2019_MPO
102077687,2018-07-16,2018,,94.0,,,0,0,N,0.0,0.0,0.0,,,,,,,,35.93495,-86.77684,False,Crashes_2010_2019_MPO
101533400,2017-01-23,2017,,94.0,,,0,0,N,0.0,0.0,0.0,,,,,,,,36.01286,-86.80081,True,Crashes_2010_2019_MPO
101463101,2016-11-28,2016,,94.0,,,0,0,N,0.0,0.0,0.0,,,,,,,,35.99675,-86.79076,True,Crashes_2010_2019_MPO
100801706,2015-04-03,2015,,19.0,,,0,0,N,0.0,0.0,0.0,,,,,,,,36.04941,-86.85009,False,Crashes_2010_2019_MPO
101066360,2015-12-24,2015,,19.0,,,0,0,N,0.0,0.0,0.0,,,,,,,,36.04631,-86.67697,False,Crashes_2010_2019_MPO
102463629,2019-07-30,2019,,19.0,,,0,0,N,0.0,0.0,0.0,,,,,,,,36.0488,-86.71367,False,Crashes_2010_2019_MPO
100549869,2014-06-11,2014,,94.0,,,0,0,N,0.0,0.0,0.0,,,,,,,,35.9258,-86.87,False,Crashes_2010_2019_MPO
101279241,2016-07-04,2016,,94.0,,,0,0,Y,0.0,0.0,1.0,,,,,,,,35.93127,-86.87663,False,Crashes_2010_2019_MPO
101815061,2017-11-04,2017,,19.0,,,0,0,N,0.0,0.0,0.0,,,,,,,,36.047,-86.68054,False,Crashes_2010_2019_MPO
101946335,2018-03-16,2018,,94.0,,,0,0,N,0.0,0.0,0.0,,,,,,,,35.94782,-86.81975,False,Crashes_2010_2019_MPO
101006529,2015-11-10,2015,,19.0,,,0,0,N,0.0,0.0,0.0,,,,,,,,36.04026,-86.8164,False,Crashes_2010_2019_MPO
102350609,2019-04-04,2019,,19.0,,,0,0,N,0.0,0.0,0.0,,,,,,,,36.0351,-86.78305,False,Crashes_2010_2019_MPO
101909113,2018-02-07,2018,,19.0,,,0,0,N,0.0,0.0,0.0,,,,,,,,36.03989,-86.74182,False,Crashes_2010_2019_MPO
101331680,2016-08-19,2016,,19.0,,,0,0,N,0.0,0.0,0.0,,,,,,,,36.02676,-86.72617,False,Crashes_2010_2019_MPO
100436067,2014-01-28,2014,,94.0,,,0,0,N,0.0,0.0,0.0,,,,,,,,35.95257,-86.6841,False,Crashes_2010_2019_MPO
102371902,2019-04-25,2019,,94.0,,,0,0,N,0.0,0.0,0.0,,,,,,,,35.96798,-86.87856,False,Crashes_2010_2019_MPO
100729367,2015-01-29,2015,,19.0,,,0,0,N,0.0,0.0,0.0,,,,,,,,36.01053,-86.7023,False,Crashes_2010_2019_MPO
102151883,2018-09-20,2018,,94.0,,,0,0,N,0.0,0.0,0.0,,,,,,,,35.92944,-86.84093,False,Crashes_2010_2019_MPO
101571812,2017-03-03,2017,,19.0,,,0,0,N,0.0,0.0,0.0,,,,,,,,36.03752,-86.78564,False,Crashes_2010_2019_MPO
100728789,2015-01-28,2015,,94.0,,,0,0,N,0.0,0.0,0.0,,,,,,,,35.99144,-86.68372,False,Crashes_2010_2019_MPO
100587755,2014-07-25,2014,,94.0,,,0,0,N,0.0,0.0,0.0,,,,,,,,35.92641,-86.82446,False,Crashes_2010_2019_MPO
100399499,2013-11-02,2013,,94.0,,,0,0,N,0.0,0.0,0.0,,,,,,,,35.96607,-86.85947,False,Crashes_2010_2019_MPO
101563452,2017-02-23,2017,,19.0,,,0,0,N,0.0,0.0,0.0,,,,,,,,36.04526,-86.71704,False,Crashes_2010_2019_MPO
101080208,2016-01-19,2016,,94.0,,,0,0,N,0.0,0.0,0.0,,,,,,,,35.93564,-86.82451,False,Crashes_2010_2019_MPO
101407247,2016-10-19,2016,,94.0,,,0,0,N,0.0,0.0,0.0,,,,,,,,35.93193,-86.79399,False,Crashes_2010_2019_MPO
101636791,2017-05-06,2017,,19.0,,,0,0,N,0.0,0.0,0.0,,,,,,,,36.05366,-86.71502,False,Crashes_2010_2019_MPO
100463290,2014-03-12,2014,,94.0,,,0,0,N,0.0,0.0,0.0,,,,,,,,35.97,-86.72496,True,Crashes_2010_2019_MPO
101267169,2016-06-16,2016,,94.0,,,0,0,N,0.0,0.0,0.0,,,,,,,,35.92609,-86.87139,False,Crashes_2010_2019_MPO
100436297,2014-01-29,2014,,94.0,,,0,0,N,0.0,0.0,0.0,,,,,,,,35.95922,-86.76766,True,Crashes_2010_2019_MPO
100724518,2015-01-19,2015,,94.0,,,0,0,N,0.0,0.0,0.0,,,,,,,,35.92388,-86.87863,False,Crashes_2010_2019_MPO
101010395,2015-11-16,2015,,94.0,,,0,0,N,0.0,0.0,0.0,,,,,,,,35.95072,-86.81848,False,Crashes_2010_2019_MPO
102369877,2019-04-23,2019,,19.0,,,0,0,N,0.0,0.0,0.0,,,,,,,,36.03699,-86.78483,False,Crashes_2010_2019_MPO
102484396,2019-08-21,2019,,19.0,,,0,0,N,0.0,0.0,0.0,,,,,,,,36.0417,-86.74862,False,Crashes_2010_2019_MPO
102158798,2018-09-27,2018,,94.0,,,0,0,N,0.0,0.0,0.0,,,,,,,,35.94988,-86.75902,True,Crashes_2010_2019_MPO
100236912,2012-10-10,2012,,94.0,,,0,0,N,0.0,0.0,0.0,,,,,,,,35.99644,-86.788,True,Crashes_2010_2019_MPO
100411237,2013-11-26,2013,,94.0,,,0,0,N,0.0,0.0,0.0,,,,,,,,35.99782,-86.7989,True,Crashes_2010_2019_MPO
101929437,2018-02-28,2018,,94.0,,,0,0,N,0.0,0.0,0.0,,,,,,,,35.94794,-86.81925,False,Crashes_2010_2019_MPO
101231369,2016-05-24,2016,,94.0,,,0,0,N,0.0,0.0,0.0,,,,,,,,36.03671,-86.79087,True,Crashes_2010_2019_MPO
100915043,2015-07-31,2015,,19.0,,,0,0,N,0.0,0.0,0.0,,,,,,,,36.03442,-86.74355,False,Crashes_2010_2019_MPO
100807431,2015-04-13,2015,,94.0,,,0,0,N,0.0,0.0,0.0,,,,,,,,35.98637,-86.7523,True,Crashes_2010_2019_MPO
101815482,2017-10-30,2017,,94.0,,,0,0,N,0.0,0.0,0.0,,,,,,,,35.97039,-86.77379,True,Crashes_2010_2019_MPO
100567942,2014-07-01,2014,,94.0,,,0,0,N,0.0,0.0,0.0,,,,,,,,35.94152,-86.8191,False,Crashes_2010_2019_MPO
101347118,2016-08-24,2016,,94.0,,,0,0,N,0.0,0.0,0.0,,,,,,,,35.97763,-86.80364,True,Crashes_2010_2019_MPO
101363503,2016-09-17,2016,,94.0,,,0,0,N,0.0,0.0,0.0,,,,,,,,35.93439,-86.77795,False,Crashes_2010_2019_MPO
100701403,2014-12-04,2014,,94.0,,,0,0,N,0.0,0.0,0.0,,,,,,,,36.00869,-86.7865,True,Crashes_2010_2019_MPO
102293473,2019-01-31,2019,,19.0,,,0,0,N,0.0,0.0,0.0,,,,,,,,36.02138,-86.71138,False,Crashes_2010_2019_MPO
102016795,2018-05-19,2018,,94.0,,,0,0,N,0.0,0.0,0.0,,,,,,,,35.96416,-86.81224,False,Crashes_2010_2019_MPO
100857597,2015-06-08,2015,,94.0,,,0,0,N,0.0,0.0,0.0,,,,,,,,35.9786,-86.6782,False,Crashes_2010_2019_MPO
102202728,2018-11-06,2018,,19.0,,,0,0,N,0.0,0.0,0.0,,,,,,,,36.04538,-86.70361,False,Crashes_2010_2019_MPO
100356987,2013-07-21,2013,,94.0,,,0,0,N,0.0,0.0,0.0,,,,,,,,35.99004,-86.74527,True,Crashes_2010_2019_MPO
102572899,2019-11-19,2019,,94.0,,,0,0,N,0.0,0.0,0.0,,,,,,,,35.94778,-86.81994,False,Crashes_2010_2019_MPO
101697858,2017-07-10,2017,,19.0,,,0,0,N,0.0,0.0,0.0,,,,,,,,36.05131,-86.7143,False,Crashes_2010_2019_MPO
101537605,2017-01-28,2017,,94.0,,,0,0,N,0.0,0.0,0.0,,,,,,,,35.95899,-86.81594,False,Crashes_2010_2019_MPO
101766542,2017-09-20,2017,,19.0,,,0,0,N,0.0,0.0,0.0,,,,,,,,36.04158,-86.74937,False,Crashes_2010_2019_MPO
102337756,2019-03-21,2019,,94.0,,,0,0,N,0.0,0.0,0.0,,,,,,,,35.92891,-86.87519,False,Crashes_2010_2019_MPO
101178383,2016-04-21,2016,,19.0,,,0,0,N,0.0,0.0,0.0,,,,,,,,36.04228,-86.74399,False,Crashes_2010_2019_MPO
100409632,2013-11-23,2013,,94.0,,,0,0,N,0.0,0.0,0.0,,,,,,,,35.97391,-86.83251,True,Crashes_2010_2019_MPO
100837545,2015-05-20,2015,,19.0,,,0,0,N,0.0,0.0,0.0,,,,,,,,36.05192,-86.71436,False,Crashes_2010_2019_MPO
100755757,2015-03-03,2015,,94.0,,,0,0,N,0.0,0.0,0.0,,,,,,,,35.97738,-86.82443,True,Crashes_2010_2019_MPO
101894310,2018-01-23,2018,,94.0,,,0,0,N,0.0,0.0,0.0,,,,,,,,35.95754,-86.7676,True,Crashes_2010_2019_MPO
100638332,2014-10-03,2014,,19.0,,,0,0,N,0.0,0.0,0.0,,,,,,,,36.04149,-86.78247,False,Crashes_2010_2019_MPO
101781003,2017-10-04,2017,,94.0,,,0,0,N,0.0,0.0,0.0,,,,,,,,35.94636,-86.80871,False,Crashes_2010_2019_MPO
100246640,2012-10-31,2012,,94.0,,,0,0,Y,0.0,0.0,1.0,,,,,,,,36.01398,-86.78551,True,Crashes_2010_2019_MPO
102029427,2018-05-31,2018,,19.0,,,0,0,N,0.0,0.0,0.0,,,,,,,,36.04114,-86.77621,False,Crashes_2010_2019_MPO
102532955,2019-10-08,2019,,94.0,,,0,0,N,0.0,0.0,0.0,,,,,,,,36.03322,-86.78531,True,Crashes_2010_2019_MPO
101762760,2017-09-14,2017,,94.0,,,0,0,N,0.0,0.0,0.0,,,,,,,,35.96682,-86.81363,True,Crashes_2010_2019_MPO
100965803,2015-09-23,2015,,19.0,,,0,0,N,0.0,0.0,0.0,,,,,,,,36.04602,-86.72073,False,Crashes_2010_2019_MPO
102011227,2018-05-15,2018,,94.0,,,0,0,N,0.0,0.0,0.0,,,,,,,,35.99635,-86.79715,True,Crashes_2010_2019_MPO
100699993,2014-12-02,2014,,19.0,,,0,0,N,0.0,0.0,0.0,,,,,,,,36.03986,-86.74082,False,Crashes_2010_2019_MPO
100548595,2014-06-07,2014,,94.0,,,0,0,N,0.0,0.0,0.0,,,,,,,,35.92432,-86.80115,False,Crashes_2010_2019_MPO
102280126,2019-01-17,2019,,19.0,,,0,0,N,0.0,0.0,0.0,,,,,,,,36.03202,-86.75661,False,Crashes_2010_2019_MPO
100712207,2014-12-24,2014,,94.0,,,0,0,N,0.0,0.0,0.0,,,,,,,,35.93686,-86.81828,False,Crashes_2010_2019_MPO
101091991,2016-01-22,2016,,94.0,,,0,0,N,0.0,0.0,0.0,,,,,,,,35.96685,-86.70991,True,Crashes_2010_2019_MPO
100702684,2014-12-01,2014,,94.0,,,0,0,N,0.0,0.0,0.0,,,,,,,,35.97216,-86.86354,False,Crashes_2010_2019_MPO
102398969,2019-05-24,2019,,94.0,,,0,0,N,0.0,0.0,0.0,,,,,,,,35.99762,-86.79669,True,Crashes_2010_2019_MPO
102414200,2019-06-09,2019,,19.0,,,0,0,N,0.0,0.0,0.0,,,,,,,,36.04114,-86.77621,False,Crashes_2010_2019_MPO
101197144,2016-05-13,2016,,94.0,,,0,0,N,0.0,0.0,0.0,,,,,,,,35.9938,-86.79804,True,Crashes_2010_2019_MPO
101182371,2016-04-27,2016,,19.0,,,0,0,N,0.0,0.0,0.0,,,,,,,,36.00955,-86.69961,False,Crashes_2010_2019_MPO
100313528,2013-04-08,2013,,94.0,,,0,0,N,0.0,0.0,0.0,,,,,,,,35.97316,-86.72625,True,Crashes_2010_2019_MPO
101049124,2015-12-14,2015,,19.0,,,0,0,N,0.0,0.0,0.0,,,,,,,,36.04079,-86.77933,False,Crashes_2010_2019_MPO
102303601,2019-02-11,2019,,94.0,,,0,0,N,0.0,0.0,0.0,,,,,,,,36.00014,-86.79497,True,Crashes_2010_2019_MPO
101863189,2017-12-19,2017,,94.0,,,0,0,N,0.0,0.0,0.0,,,,,,,,35.96733,-86.72758,True,Crashes_2010_2019_MPO
101288324,2016-07-18,2016,,94.0,,,0,0,N,0.0,0.0,0.0,,,,,,,,35.95035,-86.81896,False,Crashes_2010_2019_MPO
102441247,2019-07-07,2019,,19.0,,,0,0,N,0.0,0.0,0.0,,,,,,,,36.04114,-86.77621,False,Crashes_2010_2019_MPO
102052902,2018-06-24,2018,,19.0,,,0,0,N,0.0,0.0,0.0,,,,,,,,36.04754,-86.86355,False,Crashes_2010_2019_MPO
101568799,2017-02-28,2017,,94.0,,,0,0,N,0.0,0.0,0.0,,,,,,,,35.99352,-86.74447,True,Crashes_2010_2019_MPO
101837876,2017-11-25,2017,,94.0,,,0,0,N,0.0,0.0,0.0,,,,,,,,35.94675,-86.85178,False,Crashes_2010_2019_MPO
102045043,2018-06-15,2018,,94.0,,,0,0,N,0.0,0.0,0.0,,,,,,,,35.99734,-86.79486,True,Crashes_2010_2019_MPO
101538169,2017-01-29,2017,,19.0,,,0,0,N,0.0,0.0,0.0,,,,,,,,36.01232,-86.68797,False,Crashes_2010_2019_MPO
101700174,2017-07-12,2017,,19.0,,,0,0,N,0.0,0.0,0.0,,,,,,,,36.01351,-86.70439,False,Crashes_2010_2019_MPO
102226843,2018-11-28,2018,,94.0,,,0,0,N,0.0,0.0,0.0,,,,,,,,35.92957,-86.84187,False,Crashes_2010_2019_MPO
102494776,2019-08-31,2019,,19.0,,,0,0,N,0.0,0.0,0.0,,,,,,,,36.04085,-86.77948,False,Crashes_2010_2019_MPO