mstrrecnbr,collision_ts,year,county,countystat,crash,crash_type,fatalities,non_motorists,commercial,fatal_c,nonmotor_c,truck_c,fatalc,serious_injuries,ped,bike,lighting,weather,first_harmful_event,latitude,longitude,in_city,src_layer
101396715,2016-10-05,2016,,19.0,,,0,0,N,0.0,0.0,0.0,,,,,,,,36.03899,-86.78258,False,Crashes_2010_2019_MPO
100397991,2013-10-30,2013,,19.0,,,0,0,N,0.0,0.0,0.0,,,,,,,,36.03644,-86.79994,True,Crashes_2010_2019_MPO
100885290,2015-07-12,2015,,19.0,,,0,0,N,0.0,0.0,0.0,,,,,,,,36.04226,-86.72647,False,Crashes_2010_2019_MPO
101714418,2017-07-28,2017,,19.0,,,0,0,N,0.0,0.0,0.0,,,,,,,,36.04002,-86.7436,False,Crashes_2010_2019_MPO
102580288,2019-11-26,2019,,94.0,,,0,0,N,0.0,0.0,0.0,,,,,,,,35.98093,-86.80272,True,Crashes_2010_2019_MPO
100805235,2015-04-09,2015,,19.0,,,0,0,N,0.0,0.0,0.0,,,,,,,,36.04675,-86.68271,False,Crashes_2010_2019_MPO
102386964,2019-05-11,2019,,19.0,,,0,0,N,0.0,0.0,0.0,,,,,,,,36.0241,-86.74241,False,Crashes_2010_2019_MPO
100972574,2015-10-02,2015,,19.0,,,0,0,N,0.0,0.0,0.0,,,,,,,,36.04526,-86.71704,False,Crashes_2010_2019_MPO
100773740,2015-03-17,2015,,94.0,,,0,0,N,0.0,0.0,0.0,,,,,,,,35.92641,-86.82446,False,Crashes_2010_2019_MPO
100735068,2015-02-10,2015,,94.0,,,0,0,N,0.0,0.0,0.0,,,,,,,,35.9455,-86.80504,False,Crashes_2010_2019_MPO
101587856,2017-03-19,2017,,94.0,,,0,0,N,0.0,0.0,0.0,,,,,,,,35.94684,-86.8218,False,Crashes_2010_2019_MPO
102520133,2019-09-25,2019,,94.0,,,0,0,N,0.0,0.0,0.0,,,,,,,,35.94782,-86.81975,False,Crashes_2010_2019_MPO
101035512,2015-11-24,2015,,94.0,,,0,0,N,0.0,0.0,0.0,,,,,,,,35.92954,-86.84187,False,Crashes_2010_2019_MPO
100946312,2015-09-07,2015,,94.0,,,0,0,N,0.0,0.0,0.0,,,,,,,,35.94429,-86.81993,False,Crashes_2010_2019_MPO
100717864,2015-01-05,2015,,94.0,,,0,0,N,0.0,0.0,0.0,,,,,,,,35.96584,-86.81236,False,Crashes_2010_2019_MPO
101590025,2017-03-20,2017,,94.0,,,0,0,N,0.0,0.0,0.0,,,,,,,,35.95209,-86.81805,False,Crashes_2010_2019_MPO
101700227,2017-07-12,2017,,94.0,,,0,0,Y,0.0,0.0,1.0,,,,,,,,35.97103,-86.80616,True,Crashes_2010_2019_MPO
101495206,2017-01-03,2017,,94.0,,,0,0,N,0.0,0.0,0.0,,,,,,,,35.95615,-86.83419,False,Crashes_2010_2019_MPO
102493705,2019-08-30,2019,,94.0,,,0,0,N,0.0,0.0,0.0,,,,,,,,35.99922,-86.80923,True,Crashes_2010_2019_MPO
100974262,2015-10-05,2015,,94.0,,,0,0,N,0.0,0.0,0.0,,,,,,,,35.97492,-86.80456,True,Crashes_2010_2019_MPO
100658600,2014-10-24,2014,,19.0,,,0,0,N,0.0,0.0,0.0,,,,,,,,36.05222,-86.7431,False,Crashes_2010_2019_MPO
100114265,2011-11-08,2011,,94.0,,,0,0,N,0.0,0.0,0.0,,,,,,,,35.99618,-86.79721,True,Crashes_2010_2019_MPO
101828131,2017-11-16,2017,,94.0,,,0,0,N,0.0,0.0,0.0,,,,,,,,36.03336,-86.78872,True,Crashes_2010_2019_MPO
100595734,2014-08-14,2014,,94.0,,,0,0,N,0.0,0.0,0.0,,,,,,,,35.9976,-86.81008,True,Crashes_2010_2019_MPO
100969025,2015-09-28,2015,,19.0,,,0,0,N,0.0,0.0,0.0,,,,,,,,36.04582,-86.70354,False,Crashes_2010_2019_MPO
100982896,2015-10-21,2015,,94.0,,,0,0,N,0.0,0.0,0.0,,,,,,,,35.93519,-86.82239,False,Crashes_2010_2019_MPO
101439712,2016-11-14,2016,,94.0,,,0,0,N,0.0,0.0,0.0,,,,,,,,35.94644,-86.80869,False,Crashes_2010_2019_MPO
100339063,2013-06-07,2013,,94.0,,,0,0,N,0.0,0.0,0.0,,,,,,,,35.92391,-86.87162,False,Crashes_2010_2019_MPO
101397752,2016-10-05,2016,,19.0,,,0,0,N,0.0,0.0,0.0,,,,,,,,36.04698,-86.71345,False,Crashes_2010_2019_MPO
102538314,2019-10-14,2019,,19.0,,,0,0,N,0.0,0.0,0.0,,,,,,,,36.03991,-86.74211,False,Crashes_2010_2019_MPO
102591317,2019-12-07,2019,,94.0,,,0,0,N,0.0,0.0,0.0,,,,,,,,35.99781,-86.79886,True,Crashes_2010_2019_MPO
100694327,2014-11-21,2014,,94.0,,,0,0,N,0.0,0.0,0.0,,,,,,,,35.96653,-86.80997,True,Crashes_2010_2019_MPO
101033511,2015-11-20,2015,,94.0,,,0,0,N,0.0,0.0,0.0,,,,,,,,35.96716,-86.81351,True,Crashes_2010_2019_MPO
101244413,2016-06-12,2016,,94.0,,,0,0,N,0.0,0.0,0.0,,,,,,,,35.9623,-86.82585,True,Crashes_2010_2019_MPO
100707886,2014-12-16,2014,,94.0,,,0,0,N,0.0,0.0,0.0,,,,,,,,35.93435,-86.81911,False,Crashes_2010_2019_MPO
102402153,2019-05-27,2019,,19.0,,,0,0,N,0.0,0.0,0.0,,,,,,,,36.04099,-86.74621,False,Crashes_2010_2019_MPO
102125967,2018-08-29,2018,,19.0,,,0,0,N,0.0,0.0,0.0,,,,,,,,35.99361,-86.68573,False,Crashes_2010_2019_MPO
101315880,2016-07-29,2016,,94.0,,,0,0,N,0.0,0.0,0.0,,,,,,,,35.95445,-86.81628,False,Crashes_2010_2019_MPO
101402363,2016-10-12,2016,,94.0,,,0,0,N,0.0,0.0,0.0,,,,,,,,35.94121,-86.83581,False,Crashes_2010_2019_MPO
102257501,2018-12-26,2018,,19.0,,,0,0,N,0.0,0.0,0.0,,,,,,,,36.04004,-86.74398,False,Crashes_2010_2019_MPO
102155668,2018-09-24,2018,,94.0,,,0,0,N,0.0,0.0,0.0,,,,,,,,35.93215,-86.79441,False,Crashes_2010_2019_MPO
100824815,2015-04-27,2015,,94.0,,,0,0,N,0.0,0.0,0.0,,,,,,,,36.0264,-86.7903,True,Crashes_2010_2019_MPO
100997542,2015-10-27,2015,,94.0,,,0,0,N,0.0,0.0,0.0,,,,,,,,36.01286,-86.80081,True,Crashes_2010_2019_MPO
100709760,2014-12-19,2014,,19.0,,,0,0,N,0.0,0.0,0.0,,,,,,,,36.01248,-86.70365,False,Crashes_2010_2019_MPO
102298950,2019-01-17,2019,,19.0,,,0,0,N,0.0,0.0,0.0,,,,,,,,36.04527,-86.71427,False,Crashes_2010_2019_MPO
100945126,2015-09-04,2015,,19.0,,,0,0,N,0.0,0.0,0.0,,,,,,,,36.04574,-86.70907,False,Crashes_2010_2019_MPO
101240215,2016-06-05,2016,,94.0,,,0,0,N,0.0,0.0,0.0,,,,,,,,35.95212,-86.81784,False,Crashes_2010_2019_MPO
100481874,2014-04-03,2014,,94.0,,,0,0,N,0.0,0.0,0.0,,,,,,,,35.94589,-86.80866,False,Crashes_2010_2019_MPO
900103304,2010-05-23,2010,,94.0,,,0,0, ,0.0,0.0,0.0,,,,,,,,35.939999,-86.817009,False,Crashes_2010_2019_MPO
101833819,2017-11-21,2017,,94.0,,,0,0,N,0.0,0.0,0.0,,,,,,,,35.95721,-86.87366,False,Crashes_2010_2019_MPO
101970710,2018-04-01,2018,,94.0,,,0,0,N,0.0,0.0,0.0,,,,,,,,35.9257,-86.82458,False,Crashes_2010_2019_MPO
102599350,2019-12-16,2019,,94.0,,,0,0,N,0.0,0.0,0.0,,,,,,,,35.94899,-86.81958,False,Crashes_2010_2019_MPO
101478083,2016-12-15,2016,,94.0,,,0,0,N,0.0,0.0,0.0,,,,,,,,35.95044,-86.81868,False,Crashes_2010_2019_MPO
102533302,2019-10-09,2019,,19.0,,,0,0,N,0.0,0.0,0.0,,,,,,,,36.03928,-86.71284,False,Crashes_2010_2019_MPO
100549797,2014-06-11,2014,,94.0,,,0,0,N,0.0,0.0,0.0,,,,,,,,36.03311,-86.78656,True,Crashes_2010_2019_MPO
102454997,2019-07-22,2019,,94.0,,,0,0,N,0.0,0.0,0.0,,,,,,,,36.03343,-86.7959,True,Crashes_2010_2019_MPO
101639198,2017-05-09,2017,,94.0,,,0,0,N,0.0,0.0,0.0,,,,,,,,36.01408,-86.80705,True,Crashes_2010_2019_MPO
100326308,2013-05-07,2013,,94.0,,,0,0,N,0.0,0.0,0.0,,,,,,,,35.94762,-86.85116,False,Crashes_2010_2019_MPO
102006782,2018-05-10,2018,,94.0,,,0,0,N,0.0,0.0,0.0,,,,,,,,35.94668,-86.82221,False,Crashes_2010_2019_MPO
102183188,2018-10-19,2018,,19.0,,,0,0,N,0.0,0.0,0.0,,,,,,,,36.02614,-86.74333,False,Crashes_2010_2019_MPO
100412014,2013-11-18,2013,,94.0,,,0,0,N,0.0,0.0,0.0,,,,,,,,35.999,-86.79622,True,Crashes_2010_2019_MPO
100270593,2012-12-23,2012,,94.0,,,0,0,N,0.0,0.0,0.0,,,,,,,,35.99551,-86.77889,True,Crashes_2010_2019_MPO
100124902,2011-12-07,2011,,94.0,,,0,0,N,0.0,0.0,0.0,,,,,,,,35.96672,-86.8113,True,Crashes_2010_2019_MPO
101885537,2018-01-12,2018,,94.0,,,0,0,N,0.0,0.0,0.0,,,,,,,,35.94464,-86.82802,False,Crashes_2010_2019_MPO
101756409,2017-09-09,2017,,19.0,,,0,0,N,0.0,0.0,0.0,,,,,,,,36.04199,-86.70277,False,Crashes_2010_2019_MPO
101505677,2017-01-15,2017,,19.0,,,0,0,N,0.0,0.0,0.0,,,,,,,,36.04504,-86.71322,False,Crashes_2010_2019_MPO
100834946,2015-05-16,2015,,19.0,,,0,0,N,0.0,0.0,0.0,,,,,,,,36.02502,-86.74239,False,Crashes_2010_2019_MPO
101611538,2017-04-11,2017,,94.0,,,0,0,N,0.0,0.0,0.0,,,,,,,,35.99572,-86.78112,True,Crashes_2010_2019_MPO
101943640,2018-03-14,2018,,94.0,,,0,0,N,0.0,0.0,0.0,,,,,,,,35.96202,-86.81533,False,Crashes_2010_2019_MPO
100285011,2013-01-28,2013,,94.0,,,0,0,N,0.0,0.0,0.0,,,,,,,,35.99407,-86.69293,True,Crashes_2010_2019_MPO
101438171,2016-11-12,2016,,19.0,,,0,0,N,0.0,0.0,0.0,,,,,,,,36.04323,-86.74413,False,Crashes_2010_2019_MPO
101272691,2016-06-19,2016,,19.0,,,0,0,N,0.0,0.0,0.0,,,,,,,,36.04537,-86.71326,False,Crashes_2010_2019_MPO
101363307,2016-09-17,2016,,19.0,,,0,0,N,0.0,0.0,0.0,,,,,,,,36.04178,-86.7824,False,Crashes_2010_2019_MPO
102142524,2018-09-12,2018,,94.0,,,0,0,N,0.0,0.0,0.0,,,,,,,,36.03626,-86.81693,True,Crashes_2010_2019_MPO
102088301,2018-07-27,2018,,19.0,,,0,0,N,0.0,0.0,0.0,,,,,,,,36.00934,-86.70159,False,Crashes_2010_2019_MPO
100993945,2015-10-22,2015,,19.0,,,0,0,N,0.0,0.0,0.0,,,,,,,,36.04301,-86.84231,False,Crashes_2010_2019_MPO
101071321,2016-01-03,2016,,19.0,,,0,0,N,0.0,0.0,0.0,,,,,,,,36.04028,-86.76837,False,Crashes_2010_2019_MPO
100354661,2013-07-14,2013,,94.0,,,0,0,N,0.0,0.0,0.0,,,,,,,,35.94778,-86.81995,False,Crashes_2010_2019_MPO
101601782,2017-04-03,2017,,19.0,,,0,0,N,0.0,0.0,0.0,,,,,,,,36.02973,-86.7837,True,Crashes_2010_2019_MPO
101915793,2018-02-14,2018,,94.0,,,0,0,N,0.0,0.0,0.0,,,,,,,,36.034101,-86.795285,True,Crashes_2010_2019_MPO
100981717,2015-10-19,2015,,94.0,,,0,0,N,0.0,0.0,0.0,,,,,,,,35.99356,-86.81446,True,Crashes_2010_2019_MPO
102414967,2019-06-10,2019,,94.0,,,0,0,N,0.0,0.0,0.0,,,,,,,,35.95054,-86.81883,False,Crashes_2010_2019_MPO
102071840,2018-07-12,2018,,94.0,,,0,0,N,0.0,0.0,0.0,,,,,,,,36.02661,-86.78481,True,Crashes_2010_2019_MPO
101420049,2016-10-22,2016,,19.0,,,0,0,N,0.0,0.0,0.0,,,,,,,,36.03957,-86.78168,False,Crashes_2010_2019_MPO
101320844,2016-08-04,2016,,94.0,,,0,0,N,0.0,0.0,0.0,,,,,,,,35.99336,-86.75871,True,Crashes_2010_2019_MPO
102241378,2018-12-04,2018,,94.0,,,0,0,N,0.0,0.0,0.0,,,,,,,,36.02964,-86.86376,False,Crashes_2010_2019_MPO
102525782,2019-10-01,2019,,94.0,,,0,0,N,0.0,0.0,0.0,,,,,,,,35.9261,-86.82155,False,Crashes_2010_2019_MPO
102411470,2019-06-05,2019,,94.0,,,0,0,N,0.0,0.0,0.0,,,,,,,,35.92546,-86.87275,False,Crashes_2010_2019_MPO
101846070,2017-12-02,2017,,19.0,,,0,0,N,0.0,0.0,0.0,,,,,,,,36.01238,-86.70361,False,Crashes_2010_2019_MPO
100418504,2013-12-12,2013,,94.0,,,0,0,N,0.0,0.0,0.0,,,,,,,,35.93287,-86.86127,False,Crashes_2010_2019_MPO
101612458,2017-04-12,2017,,94.0,,,0,0,N,0.0,0.0,0.0,,,,,,,,36.03336,-86.78872,True,Crashes_2010_2019_MPO
100964606,2015-09-21,2015,,94.0,,,0,0,N,0.0,0.0,0.0,,,,,,,,35.96798,-86.81833,True,Crashes_2010_2019_MPO
101902621,2018-01-31,2018,,94.0,,,0,0,N,0.0,0.0,0.0,,,,,,,,35.92551,-86.79385,False,Crashes_2010_2019_MPO
101401409,2016-10-11,2016,,94.0,,,0,0,N,0.0,0.0,0.0,,,,,,,,35.9583,-86.8023,False,Crashes_2010_2019_MPO
100358431,2013-07-24,2013,,94.0,,,0,0,N,0.0,0.0,0.0,,,,,,,,35.96687,-86.81113,True,Crashes_2010_2019_MPO
100967344,2015-09-25,2015,,94.0,,,0,0,N,0.0,0.0,0.0,,,,,,,,35.93493,-86.77705,False,Crashes_2010_2019_MPO
101361415,2016-09-15,2016,,19.0,,,0,0,N,0.0,0.0,0.0,,,,,,,,36.03911,-86.73528,False,Crashes_2010_2019_MPO
101612737,2017-04-13,2017,,94.0,,,0,0,Y,0.0,0.0,1.0,,,,,,,,36.0205,-86.78268,True,Crashes_2010_2019_MPO
102173752,2018-10-11,2018,,19.0,,,0,0,N,0.0,0.0,0.0,,,,,,,,36.03514,-86.77452,False,Crashes_2010_2019_MPO
102608962,2019-12-27,2019,,94.0,,,0,0,N,0.0,0.0,0.0,,,,,,,,35.92669,-86.82704,False,Crashes_2010_2019_MPO
101984248,2018-04-20,2018,,19.0,,,0,0,N,0.0,0.0,0.0,,,,,,,,36.05483,-86.84948,False,Crashes_2010_2019_MPO
100803874,2015-04-07,2015,,19.0,,,0,0,N,0.0,0.0,0.0,,,,,,,,36.03971,-86.76267,False,Crashes_2010_2019_MPO
100271368,2012-12-25,2012,,94.0,,,0,0,N,0.0,0.0,0.0,,,,,,,,35.99644,-86.788,True,Crashes_2010_2019_MPO
102006455,2018-05-10,2018,,94.0,,,0,0,N,0.0,0.0,0.0,,,,,,,,35.96202,-86.81533,False,Crashes_2010_2019_MPO
101712074,2017-07-25,2017,,94.0,,,0,0,N,0.0,0.0,0.0,,,,,,,,35.966717,-86.809135,True,Crashes_2010_2019_MPO
101452552,2016-11-17,2016,,94.0,,,0,0,N,0.0,0.0,0.0,,,,,,,,35.94042,-86.8106,False,Crashes_2010_2019_MPO
100938280,2015-08-23,2015,,94.0,,,0,0,N,0.0,0.0,0.0,,,,,,,,35.97996,-86.73291,True,Crashes_2010_2019_MPO
100356002,2013-07-11,2013,,94.0,,,0,0,N,0.0,0.0,0.0,,,,,,,,35.94823,-86.81997,False,Crashes_2010_2019_MPO
100713592,2014-12-20,2014,,94.0,,,0,0,N,0.0,0.0,0.0,,,,,,,,36.02765,-86.87723,False,Crashes_2010_2019_MPO
102009154,2018-05-12,2018,,94.0,,,0,0,N,0.0,0.0,0.0,,,,,,,,35.94114,-86.83623,False,Crashes_2010_2019_MPO
102097784,2018-08-03,2018,,94.0,,,0,0,N,0.0,0.0,0.0,,,,,,,,35.95548,-86.81206,False,Crashes_2010_2019_MPO
100732839,2015-02-05,2015,,94.0,,,0,0,N,0.0,0.0,0.0,,,,,,,,35.95102,-86.80785,False,Crashes_2010_2019_MPO
101639829,2017-05-10,2017,,19.0,,,0,0,N,0.0,0.0,0.0,,,,,,,,36.05029,-86.74341,False,Crashes_2010_2019_MPO
101502579,2017-01-11,2017,,94.0,,,0,0,N,0.0,0.0,0.0,,,,,,,,35.99101,-86.75171,True,Crashes_2010_2019_MPO
102547879,2019-10-24,2019,,94.0,,,0,0,N,0.0,0.0,0.0,,,,,,,,35.9518,-86.81259,False,Crashes_2010_2019_MPO
102466250,2019-08-02,2019,,94.0,,,0,0,N,0.0,0.0,0.0,,,,,,,,35.92512,-86.7671,False,Crashes_2010_2019_MPO
100498104,2014-04-18,2014,,94.0,,,0,0,N,0.0,0.0,0.0,,,,,,,,35.9343,-86.82196,False,Crashes_2010_2019_MPO
100854602,2015-05-30,2015,,94.0,,,0,0,N,0.0,0.0,0.0,,,,,,,,35.96486,-86.81536,True,Crashes_2010_2019_MPO
101399240,2016-10-08,2016,,19.0,,,0,0,N,0.0,0.0,0.0,,,,,,,,36.0374,-86.78657,False,Crashes_2010_2019_MPO
101979903,2018-04-13,2018,,19.0,,,0,0,N,0.0,0.0,0.0,,,,,,,,36.0453,-86.81587,False,Crashes_2010_2019_MPO
100861222,2015-06-15,2015,,94.0,,,0,0,N,0.0,0.0,0.0,,,,,,,,35.93513,-86.82215,False,Crashes_2010_2019_MPO
100828968,2015-05-05,2015,,94.0,,,0,0,N,0.0,0.0,0.0,,,,,,,,35.93549,-86.82394,False,Crashes_2010_2019_MPO
100948424,2015-09-10,2015,,94.0,,,0,0,N,0.0,0.0,0.0,,,,,,,,35.92391,-86.87162,False,Crashes_2010_2019_MPO
101931944,2018-03-02,2018,,94.0,,,0,0,N,0.0,0.0,0.0,,,,,,,,35.92999,-86.82044,False,Crashes_2010_2019_MPO
100716932,2015-01-03,2015,,94.0,,,0,0,N,0.0,0.0,0.0,,,,,,,,36.00333,-86.79169,True,Crashes_2010_2019_MPO
100804618,2015-04-08,2015,,94.0,,,0,0,N,0.0,0.0,0.0,,,,,,,,35.94613,-86.82347,False,Crashes_2010_2019_MPO
102368693,2019-04-22,2019,,94.0,,,0,0,N,0.0,0.0,0.0,,,,,,,,35.92912,-86.80823,False,Crashes_2010_2019_MPO
101392686,2016-09-29,2016,,94.0,,,0,0,N,0.0,0.0,0.0,,,,,,,,35.96471,-86.80012,True,Crashes_2010_2019_MPO
100831377,2015-05-09,2015,,94.0,,,0,0,N,0.0,0.0,0.0,,,,,,,,36.03318,-86.78284,True,Crashes_2010_2019_MPO
101922087,2018-02-20,2018,,19.0,,,0,0,N,0.0,0.0,0.0,,,,,,,,36.03897,-86.78264,False,Crashes_2010_2019_MPO
100727898,2015-01-24,2015,,94.0,,,0,0,N,0.0,0.0,0.0,,,,,,,,35.93662,-86.6949,False,Crashes_2010_2019_MPO
102430493,2019-06-27,2019,,94.0,,,0,0,N,0.0,0.0,0.0,,,,,,,,35.95015,-86.84906,False,Crashes_2010_2019_MPO
101810981,2017-10-31,2017,,94.0,,,0,0,N,0.0,0.0,0.0,,,,,,,,35.99781,-86.79886,True,Crashes_2010_2019_MPO
102048693,2018-06-20,2018,,19.0,,,0,0,N,0.0,0.0,0.0,,,,,,,,36.04074,-86.77968,False,Crashes_2010_2019_MPO
102286129,2019-01-24,2019,,94.0,,,0,0,N,0.0,0.0,0.0,,,,,,,,35.96461,-86.81465,True,Crashes_2010_2019_MPO
100568103,2014-07-02,2014,,94.0,,,0,0,N,0.0,0.0,0.0,,,,,,,,35.9452,-86.82938,False,Crashes_2010_2019_MPO
101500411,2017-01-09,2017,,94.0,,,0,0,N,0.0,0.0,0.0,,,,,,,,35.9285,-86.82512,False,Crashes_2010_2019_MPO
100635588,2014-09-27,2014,,94.0,,,0,0,N,0.0,0.0,0.0,,,,,,,,35.99156,-86.79881,True,Crashes_2010_2019_MPO
100665169,2014-11-04,2014,,19.0,,,0,1,N,0.0,1.0,0.0,,,,,,,,36.04556,-86.7137,False,Crashes_2010_2019_MPO
101934199,2018-03-05,2018,,94.0,,,0,0,N,0.0,0.0,0.0,,,,,,,,36.03319,-86.7876,True,Crashes_2010_2019_MPO
101362168,2016-09-16,2016,,19.0,,,0,0,N,0.0,0.0,0.0,,,,,,,,36.03905,-86.74342,False,Crashes_2010_2019_MPO
100343715,2013-06-18,2013,,94.0,,,0,0,N,0.0,0.0,0.0,,,,,,,,35.99061,-86.82904,False,Crashes_2010_2019_MPO
102312681,2019-02-22,2019,,19.0,,,0,0,N,0.0,0.0,0.0,,,,,,,,36.04569,-86.7133,False,Crashes_2010_2019_MPO
101094017,2016-01-26,2016,,19.0,,,0,0,Y,0.0,0.0,1.0,,,,,,,,35.99337,-86.6855,False,Crashes_2010_2019_MPO
100205300,2012-07-21,2012,,94.0,,,0,0,N,0.0,0.0,0.0,,,,,,,,35.98023,-86.72505,True,Crashes_2010_2019_MPO
102533631,2019-10-09,2019,,94.0,,,0,0,N,0.0,0.0,0.0,,,,,,,,35.95864,-86.73897,True,Crashes_2010_2019_MPO
100855408,2015-06-04,2015,,94.0,,,0,0,N,0.0,0.0,0.0,,,,,,,,36.01322,-86.80201,True,Crashes_2010_2019_MPO
102547671,2019-10-24,2019,,94.0,,,0,0,N,0.0,0.0,0.0,,,,,,,,35.9406,-86.81673,False,Crashes_2010_2019_MPO
100631461,2014-09-20,2014,,94.0,,,0,0,N,0.0,0.0,0.0,,,,,,,,35.92476,-86.87223,False,Crashes_2010_2019_MPO
100975326,2015-10-08,2015,,94.0,,,0,0,N,0.0,0.0,0.0,,,,,,,,35.99922,-86.80923,True,Crashes_2010_2019_MPO
101959221,2018-03-28,2018,,94.0,,,0,0,N,0.0,0.0,0.0,,,,,,,,35.93777,-86.70511,False,Crashes_2010_2019_MPO
102343696,2019-03-28,2019,,94.0,,,0,0,N,0.0,0.0,0.0,,,,,,,,36.0278,-86.7843,True,Crashes_2010_2019_MPO
100978588,2015-10-13,2015,,19.0,,,0,0,N,0.0,0.0,0.0,,,,,,,,36.03733,-86.70312,False,Crashes_2010_2019_MPO
102180527,2018-10-17,2018,,19.0,,,0,0,N,0.0,0.0,0.0,,,,,,,,36.01415,-86.70484,False,Crashes_2010_2019_MPO
100873940,2015-06-20,2015,,19.0,,,0,0,N,0.0,0.0,0.0,,,,,,,,36.05166,-86.71793,False,Crashes_2010_2019_MPO
101344475,2016-08-23,2016,,94.0,,,0,0,N,0.0,0.0,0.0,,,,,,,,36.03406,-86.79463,True,Crashes_2010_2019_MPO
101823961,2017-11-13,2017,,94.0,,,0,0,N,0.0,0.0,0.0,,,,,,,,35.9948,-86.77876,True,Crashes_2010_2019_MPO
100618394,2014-09-12,2014,,94.0,,,0,0,N,0.0,0.0,0.0,,,,,,,,35.93546,-86.82377,False,Crashes_2010_2019_MPO
102391106,2019-05-16,2019,,19.0,,,0,0,N,0.0,0.0,0.0,,,,,,,,36.04028,-86.76837,False,Crashes_2010_2019_MPO
101672927,2017-06-14,2017,,94.0,,,0,0,N,0.0,0.0,0.0,,,,,,,,36.02797,-86.83984,True,Crashes_2010_2019_MPO
101687705,2017-06-30,2017,,94.0,,,0,0,N,0.0,0.0,0.0,,,,,,,,35.93323,-86.71344,False,Crashes_2010_2019_MPO
102223614,2018-11-25,2018,,94.0,,,0,0,N,0.0,0.0,0.0,,,,,,,,36.03551,-86.78748,True,Crashes_2010_2019_MPO
101967021,2018-04-04,2018,,94.0,,,0,0,N,0.0,0.0,0.0,,,,,,,,35.96543,-86.80044,True,Crashes_2010_2019_MPO
100914739,2015-07-30,2015,,94.0,,,0,0,N,0.0,0.0,0.0,,,,,,,,35.92663,-86.82443,False,Crashes_2010_2019_MPO
101035100,2015-11-23,2015,,94.0,,,0,0,N,0.0,0.0,0.0,,,,,,,,36.03653,-86.801007,True,Crashes_2010_2019_MPO
100631660,2014-09-18,2014,,94.0,,,0,0,N,0.0,0.0,0.0,,,,,,,,35.94686,-86.85162,False,Crashes_2010_2019_MPO
102088293,2018-07-27,2018,,19.0,,,0,0,N,0.0,0.0,0.0,,,,,,,,36.03819,-86.78438,False,Crashes_2010_2019_MPO
101191554,2016-05-10,2016,,19.0,,,0,0,N,0.0,0.0,0.0,,,,,,,,36.05249,-86.71466,False,Crashes_2010_2019_MPO
101781629,2017-10-04,2017,,19.0,,,0,0,N,0.0,0.0,0.0,,,,,,,,36.04476,-86.7811,False,Crashes_2010_2019_MPO
101427995,2016-10-28,2016,,94.0,,,0,0,N,0.0,0.0,0.0,,,,,,,,35.96518,-86.80029,True,Crashes_2010_2019_MPO
102119521,2018-08-23,2018,,94.0,,,0,0,N,0.0,0.0,0.0,,,,,,,,35.96737,-86.81519,True,Crashes_2010_2019_MPO
101809764,2017-10-31,2017,,94.0,,,0,0,N,0.0,0.0,0.0,,,,,,,,35.99406,-86.77864,True,Crashes_2010_2019_MPO
102035074,2018-06-06,2018,,94.0,,,0,0,N,0.0,0.0,0.0,,,,,,,,35.96705,-86.81355,True,Crashes_2010_2019_MPO
102158338,2018-09-26,2018,,94.0,,,0,0,N,0.0,0.0,0.0,,,,,,,,35.99272,-86.82867,True,Crashes_2010_2019_MPO
101583338,2017-03-14,2017,,19.0,,,0,0,N,0.0,0.0,0.0,,,,,,,,36.04254,-86.83008,False,Crashes_2010_2019_MPO
102604361,2019-12-21,2019,,94.0,,,0,0,N,0.0,0.0,0.0,,,,,,,,35.99692,-86.81047,True,Crashes_2010_2019_MPO
101401456,2016-10-11,2016,,94.0,,,0,0,N,0.0,0.0,0.0,,,,,,,,35.93386,-86.79443,False,Crashes_2010_2019_MPO
102398552,2019-05-24,2019,,19.0,,,0,0,N,0.0,0.0,0.0,,,,,,,,36.0412,-86.74653,False,Crashes_2010_2019_MPO
101191229,2016-05-10,2016,,94.0,,,0,0,N,0.0,0.0,0.0,,,,,,,,35.93008,-86.82014,False,Crashes_2010_2019_MPO
101462795,2016-11-29,2016,,94.0,,,0,0,N,0.0,0.0,0.0,,,,,,,,35.98953,-86.74233,True,Crashes_2010_2019_MPO
101856828,2017-12-13,2017,,19.0,,,0,0,N,0.0,0.0,0.0,,,,,,,,36.03106,-86.70121,False,Crashes_2010_2019_MPO
100978825,2015-10-14,2015,,94.0,,,0,0,N,0.0,0.0,0.0,,,,,,,,35.99769,-86.79773,True,Crashes_2010_2019_MPO
100914514,2015-07-30,2015,,19.0,,,0,0,N,0.0,0.0,0.0,,,,,,,,36.01552,-86.73977,False,Crashes_2010_2019_MPO
101529918,2017-01-20,2017,,94.0,,,0,0,N,0.0,0.0,0.0,,,,,,,,36.03383,-86.78845,True,Crashes_2010_2019_MPO
100861772,2015-06-16,2015,,94.0,,,0,0,N,0.0,0.0,0.0,,,,,,,,35.92391,-86.87162,False,Crashes_2010_2019_MPO
102365233,2019-04-19,2019,,19.0,,,0,0,N,0.0,0.0,0.0,,,,,,,,36.02482,-86.74237,False,Crashes_2010_2019_MPO
102003520,2018-05-08,2018,,94.0,,,0,0,N,0.0,0.0,0.0,,,,,,,,35.9478,-86.81398,False,Crashes_2010_2019_MPO
101096269,2016-01-29,2016,,94.0,,,0,0,N,0.0,0.0,0.0,,,,,,,,35.97218,-86.80576,True,Crashes_2010_2019_MPO
101591194,2017-03-23,2017,,94.0,,,0,0,N,0.0,0.0,0.0,,,,,,,,35.99734,-86.79486,True,Crashes_2010_2019_MPO
100796573,2015-03-23,2015,,94.0,,,0,0,N,0.0,0.0,0.0,,,,,,,,35.99088,-86.79905,True,Crashes_2010_2019_MPO
100551739,2014-06-16,2014,,94.0,,,0,0,N,0.0,0.0,0.0,,,,,,,,36.01647,-86.79311,True,Crashes_2010_2019_MPO