mstrrecnbr,collision_ts,year,county,countystat,crash,crash_type,fatalities,non_motorists,commercial,fatal_c,nonmotor_c,truck_c,fatalc,serious_injuries,ped,bike,lighting,weather,first_harmful_event,latitude,longitude,in_city,src_layer
101386780,2016-09-21,2016,,94.0,,,0,0,N,0.0,0.0,0.0,,,,,,,,35.98112,-86.84623,False,Crashes_2010_2019_MPO
100829681,2015-05-05,2015,,94.0,,,0,0,N,0.0,0.0,0.0,,,,,,,,35.95828,-86.80171,False,Crashes_2010_2019_MPO
101003019,2015-10-31,2015,,94.0,,,0,0,N,0.0,0.0,0.0,,,,,,,,35.947,-86.85218,False,Crashes_2010_2019_MPO
101847650,2017-12-04,2017,,19.0,,,0,0,N,0.0,0.0,0.0,,,,,,,,36.05156,-86.72425,False,Crashes_2010_2019_MPO
102245900,2018-12-14,2018,,94.0,,,0,0,N,0.0,0.0,0.0,,,,,,,,35.95048,-86.76589,True,Crashes_2010_2019_MPO
102317015,2019-02-27,2019,,19.0,,,0,0,N,0.0,0.0,0.0,,,,,,,,36.04026,-86.8164,False,Crashes_2010_2019_MPO
102094096,2018-08-01,2018,,19.0,,,0,0,N,0.0,0.0,0.0,,,,,,,,36.05151,-86.71436,False,Crashes_2010_2019_MPO
100707395,2014-12-15,2014,,94.0,,,0,0,N,0.0,0.0,0.0,,,,,,,,35.93525,-86.77516,False,Crashes_2010_2019_MPO
100925963,2015-08-18,2015,,94.0,,,0,0,N,0.0,0.0,0.0,,,,,,,,35.93785,-86.70862,False,Crashes_2010_2019_MPO
101363514,2016-09-17,2016,,19.0,,,0,0,N,0.0,0.0,0.0,,,,,,,,36.04179,-86.7824,False,Crashes_2010_2019_MPO
100825747,2015-04-29,2015,,19.0,,,0,0,N,0.0,0.0,0.0,,,,,,,,36.0424,-86.71364,False,Crashes_2010_2019_MPO
101571762,2017-03-03,2017,,94.0,,,0,0,N,0.0,0.0,0.0,,,,,,,,35.94772,-86.85101,False,Crashes_2010_2019_MPO
102112563,2018-08-17,2018,,19.0,,,0,0,N,0.0,0.0,0.0,,,,,,,,36.04537,-86.71326,False,Crashes_2010_2019_MPO
100283037,2013-01-22,2013,,94.0,,,0,0,N,0.0,0.0,0.0,,,,,,,,36.02782,-86.79177,True,Crashes_2010_2019_MPO
101710614,2017-07-24,2017,,94.0,,,0,0,N,0.0,0.0,0.0,,,,,,,,35.95383,-86.80405,False,Crashes_2010_2019_MPO
102100022,2018-08-06,2018,,94.0,,,0,0,N,0.0,0.0,0.0,,,,,,,,35.99562,-86.79741,True,Crashes_2010_2019_MPO
102352413,2019-04-06,2019,,94.0,,,0,0,N,0.0,0.0,0.0,,,,,,,,35.96902,-86.71561,True,Crashes_2010_2019_MPO
101161419,2016-04-10,2016,,19.0,,,0,0,N,0.0,0.0,0.0,,,,,,,,36.0453,-86.70168,False,Crashes_2010_2019_MPO
102523354,2019-09-27,2019,,94.0,,,0,0,N,0.0,0.0,0.0,,,,,,,,36.02511,-86.77873,True,Crashes_2010_2019_MPO
101618787,2017-04-18,2017,,94.0,,,0,0,N,0.0,0.0,0.0,,,,,,,,35.94652,-86.80943,False,Crashes_2010_2019_MPO
100858076,2015-06-09,2015,,94.0,,,0,0,N,0.0,0.0,0.0,,,,,,,,35.95901,-86.80189,False,Crashes_2010_2019_MPO
101275447,2016-06-28,2016,,94.0,,,0,0,N,0.0,0.0,0.0,,,,,,,,35.94175,-86.82119,False,Crashes_2010_2019_MPO
102286056,2019-01-24,2019,,19.0,,,0,0,N,0.0,0.0,0.0,,,,,,,,36.04942,-86.7138,False,Crashes_2010_2019_MPO
101062349,2015-12-18,2015,,94.0,,,0,0,N,0.0,0.0,0.0,,,,,,,,35.95363,-86.81782,False,Crashes_2010_2019_MPO
101601073,2017-04-02,2017,,19.0,,,0,0,N,0.0,0.0,0.0,,,,,,,,36.04028,-86.76837,False,Crashes_2010_2019_MPO
100818940,2015-04-16,2015,,19.0,,,0,0,N,0.0,0.0,0.0,,,,,,,,36.04615,-86.85747,False,Crashes_2010_2019_MPO
102482087,2019-08-19,2019,,94.0,,,0,0,N,0.0,0.0,0.0,,,,,,,,35.99922,-86.80923,True,Crashes_2010_2019_MPO
102487383,2019-08-24,2019,,94.0,,,0,0,N,0.0,0.0,0.0,,,,,,,,36.02871,-86.78341,True,Crashes_2010_2019_MPO
101480602,2016-12-14,2016,,94.0,,,0,0,N,0.0,0.0,0.0,,,,,,,,35.9912,-86.68349,False,Crashes_2010_2019_MPO
101327039,2016-08-13,2016,,94.0,,,0,0,N,0.0,0.0,0.0,,,,,,,,35.94612,-86.82346,False,Crashes_2010_2019_MPO
101579719,2017-03-10,2017,,94.0,,,0,0,N,0.0,0.0,0.0,,,,,,,,36.02203,-86.79505,True,Crashes_2010_2019_MPO
100710082,2014-12-20,2014,,94.0,,,0,0,N,0.0,0.0,0.0,,,,,,,,35.96623,-86.8113,False,Crashes_2010_2019_MPO
101473956,2016-12-11,2016,,19.0,,,0,0,N,0.0,0.0,0.0,,,,,,,,36.02263,-86.68056,False,Crashes_2010_2019_MPO
100695810,2014-11-24,2014,,94.0,,,0,0,N,0.0,0.0,0.0,,,,,,,,35.96778,-86.80803,True,Crashes_2010_2019_MPO
100355980,2013-07-18,2013,,94.0,,,0,0,N,0.0,0.0,0.0,,,,,,,,35.97424,-86.8322,True,Crashes_2010_2019_MPO
102525893,2019-09-27,2019,,94.0,,,0,0,N,0.0,0.0,0.0,,,,,,,,35.94512,-86.87817,False,Crashes_2010_2019_MPO
101132645,2016-03-12,2016,,94.0,,,0,0,N,0.0,0.0,0.0,,,,,,,,35.93982,-86.67957,False,Crashes_2010_2019_MPO
101097719,2016-01-30,2016,,94.0,,,0,0,N,0.0,0.0,0.0,,,,,,,,35.96681,-86.81119,True,Crashes_2010_2019_MPO
102467522,2019-08-04,2019,,94.0,,,0,0,N,0.0,0.0,0.0,,,,,,,,35.95209,-86.81805,False,Crashes_2010_2019_MPO
102151997,2018-09-20,2018,,19.0,,,0,0,N,0.0,0.0,0.0,,,,,,,,36.04012,-86.78074,False,Crashes_2010_2019_MPO
100633503,2014-09-23,2014,,94.0,,,0,0,N,0.0,0.0,0.0,,,,,,,,35.93117,-86.79409,False,Crashes_2010_2019_MPO
100298495,2013-03-01,2013,,94.0,,,0,0,N,0.0,0.0,0.0,,,,,,,,35.9486,-86.81972,False,Crashes_2010_2019_MPO
102476619,2019-08-13,2019,,94.0,,,0,0,N,0.0,0.0,0.0,,,,,,,,35.95392,-86.81471,False,Crashes_2010_2019_MPO
102444613,2019-07-11,2019,,94.0,,,0,0,N,0.0,0.0,0.0,,,,,,,,36.03689,-86.81684,True,Crashes_2010_2019_MPO
100294835,2013-02-20,2013,,94.0,,,0,0,N,0.0,0.0,0.0,,,,,,,,35.95993,-86.80204,False,Crashes_2010_2019_MPO
101887860,2018-01-15,2018,,94.0,,,0,0,N,0.0,0.0,0.0,,,,,,,,36.03689,-86.8019,True,Crashes_2010_2019_MPO
102227367,2018-11-28,2018,,94.0,,,0,0,N,0.0,0.0,0.0,,,,,,,,35.95526,-86.82588,False,Crashes_2010_2019_MPO
101000749,2015-11-01,2015,,19.0,,,0,0,N,0.0,0.0,0.0,,,,,,,,36.04364,-86.78119,False,Crashes_2010_2019_MPO
102362866,2019-04-16,2019,,94.0,,,0,0,N,0.0,0.0,0.0,,,,,,,,35.99616,-86.78551,True,Crashes_2010_2019_MPO
102232734,2018-12-02,2018,,19.0,,,0,0,N,0.0,0.0,0.0,,,,,,,,36.0374,-86.78657,False,Crashes_2010_2019_MPO
100404371,2013-11-12,2013,,94.0,,,0,0,N,0.0,0.0,0.0,,,,,,,,36.03336,-86.78872,True,Crashes_2010_2019_MPO
100179650,2012-05-12,2012,,94.0,,,0,0,N,0.0,0.0,0.0,,,,,,,,36.0003,-86.83022,False,Crashes_2010_2019_MPO
10417088,2011-03-14,2011,,19.0,,,0,0, ,0.0,0.0,0.0,,,,,,,,36.032416,-86.768751,False,Crashes_2010_2019_MPO
100947584,2015-09-09,2015,,94.0,,,0,0,N,0.0,0.0,0.0,,,,,,,,35.99542,-86.77794,True,Crashes_2010_2019_MPO
101986768,2018-04-23,2018,,19.0,,,0,0,N,0.0,0.0,0.0,,,,,,,,36.04386,-86.71309,False,Crashes_2010_2019_MPO
100836925,2015-05-19,2015,,94.0,,,0,0,N,0.0,0.0,0.0,,,,,,,,36.03777,-86.81277,True,Crashes_2010_2019_MPO
101609652,2017-04-09,2017,,94.0,,,0,0,N,0.0,0.0,0.0,,,,,,,,35.97685,-86.76893,True,Crashes_2010_2019_MPO
101421967,2016-10-24,2016,,94.0,,,0,0,N,0.0,0.0,0.0,,,,,,,,35.95253,-86.80493,False,Crashes_2010_2019_MPO
101678768,2017-06-20,2017,,94.0,,,0,0,N,0.0,0.0,0.0,,,,,,,,35.94474,-86.81971,False,Crashes_2010_2019_MPO
100823445,2015-04-24,2015,,19.0,,,0,0,N,0.0,0.0,0.0,,,,,,,,36.04541,-86.70308,False,Crashes_2010_2019_MPO
102086794,2018-07-25,2018,,94.0,,,0,0,N,0.0,0.0,0.0,,,,,,,,35.93777,-86.705,False,Crashes_2010_2019_MPO
101775298,2017-09-27,2017,,94.0,,,0,0,N,0.0,0.0,0.0,,,,,,,,35.99017,-86.68255,False,Crashes_2010_2019_MPO
100859146,2015-06-11,2015,,19.0,,,0,0,N,0.0,0.0,0.0,,,,,,,,36.03999,-86.74292,False,Crashes_2010_2019_MPO
101421107,2016-10-22,2016,,19.0,,,0,0,N,0.0,0.0,0.0,,,,,,,,36.04001,-86.74347,False,Crashes_2010_2019_MPO
102427605,2019-06-24,2019,,19.0,,,0,0,N,0.0,0.0,0.0,,,,,,,,36.04546,-86.71224,False,Crashes_2010_2019_MPO
100573270,2014-07-14,2014,,94.0,,,0,0,N,0.0,0.0,0.0,,,,,,,,36.0335,-86.78921,True,Crashes_2010_2019_MPO
100164814,2012-03-31,2012,,94.0,,,0,0,N,0.0,0.0,0.0,,,,,,,,36.01138,-86.78487,True,Crashes_2010_2019_MPO
101648708,2017-05-19,2017,,94.0,,,0,0,N,0.0,0.0,0.0,,,,,,,,36.03,-86.876,False,Crashes_2010_2019_MPO
100503102,2014-05-01,2014,,94.0,,,0,0,N,0.0,0.0,0.0,,,,,,,,35.92884,-86.83681,False,Crashes_2010_2019_MPO
100154665,2012-03-05,2012,,94.0,,,0,0,N,0.0,0.0,0.0,,,,,,,,36.01769,-86.79956,True,Crashes_2010_2019_MPO
100442923,2014-02-14,2014,,94.0,,,0,0,N,0.0,0.0,0.0,,,,,,,,35.93461,-86.8196,False,Crashes_2010_2019_MPO
101940607,2018-03-09,2018,,94.0,,,0,0,N,0.0,0.0,0.0,,,,,,,,35.96173,-86.80941,False,Crashes_2010_2019_MPO
100432076,2014-01-17,2014,,94.0,,,0,0,N,0.0,0.0,0.0,,,,,,,,35.95077,-86.81845,False,Crashes_2010_2019_MPO
100738175,2015-02-16,2015,,94.0,,,0,0,N,0.0,0.0,0.0,,,,,,,,36.01723,-86.78619,True,Crashes_2010_2019_MPO
102330056,2019-03-14,2019,,94.0,,,0,0,N,0.0,0.0,0.0,,,,,,,,36.03614,-86.79515,True,Crashes_2010_2019_MPO
100417428,2013-12-09,2013,,94.0,,,0,0,N,0.0,0.0,0.0,,,,,,,,35.92451,-86.87478,False,Crashes_2010_2019_MPO
100306158,2013-03-21,2013,,94.0,,,0,0,N,0.0,0.0,0.0,,,,,,,,35.94358,-86.84456,False,Crashes_2010_2019_MPO
101457282,2016-11-21,2016,,94.0,,,0,0,N,0.0,0.0,0.0,,,,,,,,36.01401,-86.78527,True,Crashes_2010_2019_MPO
101073081,2016-01-06,2016,,19.0,,,0,0,N,0.0,0.0,0.0,,,,,,,,36.03753,-86.79096,False,Crashes_2010_2019_MPO
101390395,2016-09-26,2016,,19.0,,,0,0,N,0.0,0.0,0.0,,,,,,,,36.02289,-86.71241,False,Crashes_2010_2019_MPO
101155613,2016-04-01,2016,,94.0,,,0,0,N,0.0,0.0,0.0,,,,,,,,35.97765,-86.77678,True,Crashes_2010_2019_MPO
101075739,2016-01-11,2016,,94.0,,,0,0,N,0.0,0.0,0.0,,,,,,,,35.9395,-86.81023,False,Crashes_2010_2019_MPO
101710474,2017-07-24,2017,,94.0,,,0,0,N,0.0,0.0,0.0,,,,,,,,36.03249,-86.7892,True,Crashes_2010_2019_MPO
102397651,2019-05-23,2019,,94.0,,,0,0,N,0.0,0.0,0.0,,,,,,,,35.96668,-86.80964,True,Crashes_2010_2019_MPO
101165702,2016-04-16,2016,,94.0,,,0,0,N,0.0,0.0,0.0,,,,,,,,35.97057,-86.82204,True,Crashes_2010_2019_MPO
100286290,2013-01-31,2013,,94.0,,,0,0,N,0.0,0.0,0.0,,,,,,,,35.94483,-86.82867,False,Crashes_2010_2019_MPO
101179993,2016-04-23,2016,,19.0,,,0,0,N,0.0,0.0,0.0,,,,,,,,36.0374,-86.78657,False,Crashes_2010_2019_MPO
101180409,2016-04-23,2016,,94.0,,,0,0,N,0.0,0.0,0.0,,,,,,,,35.94988,-86.75902,True,Crashes_2010_2019_MPO
102198451,2018-11-02,2018,,19.0,,,0,0,N,0.0,0.0,0.0,,,,,,,,36.0409,-86.77938,False,Crashes_2010_2019_MPO
101096329,2016-01-29,2016,,19.0,,,0,0,N,0.0,0.0,0.0,,,,,,,,36.04209,-86.70333,False,Crashes_2010_2019_MPO
102564717,2019-11-08,2019,,94.0,,,0,0,N,0.0,0.0,0.0,,,,,,,,35.9595,-86.76859,True,Crashes_2010_2019_MPO
101997408,2018-05-02,2018,,19.0,,,0,0,N,0.0,0.0,0.0,,,,,,,,36.03245,-86.70822,False,Crashes_2010_2019_MPO
100318529,2013-04-19,2013,,94.0,,,0,0,Y,0.0,0.0,1.0,,,,,,,,35.92951,-86.84167,False,Crashes_2010_2019_MPO
101096102,2016-01-29,2016,,19.0,,,0,0,N,0.0,0.0,0.0,,,,,,,,36.03882,-86.73059,False,Crashes_2010_2019_MPO
100178017,2012-05-08,2012,,94.0,,,0,0,N,0.0,0.0,0.0,,,,,,,,35.96398,-86.80031,True,Crashes_2010_2019_MPO
100318041,2013-04-12,2013,,94.0,,,0,0,N,0.0,0.0,0.0,,,,,,,,35.94743,-86.85714,False,Crashes_2010_2019_MPO
101867033,2017-12-22,2017,,94.0,,,0,0,N,0.0,0.0,0.0,,,,,,,,35.94429,-86.81993,False,Crashes_2010_2019_MPO
101920795,2018-02-19,2018,,94.0,,,0,0,N,0.0,0.0,0.0,,,,,,,,35.97283,-86.82937,True,Crashes_2010_2019_MPO
100994367,2015-10-22,2015,,94.0,,,0,0,N,0.0,0.0,0.0,,,,,,,,35.9496,-86.68152,False,Crashes_2010_2019_MPO
102194841,2018-10-23,2018,,94.0,,,0,0,N,0.0,0.0,0.0,,,,,,,,35.93308,-86.81155,False,Crashes_2010_2019_MPO
100171639,2012-04-21,2012,,94.0,,,0,0,N,0.0,0.0,0.0,,,,,,,,36.01736,-86.79771,True,Crashes_2010_2019_MPO
101578599,2017-03-10,2017,,94.0,,,0,0,N,0.0,0.0,0.0,,,,,,,,35.94569,-86.83004,False,Crashes_2010_2019_MPO
101287079,2016-07-16,2016,,19.0,,,0,0,N,0.0,0.0,0.0,,,,,,,,35.9977,-86.69105,False,Crashes_2010_2019_MPO
100339036,2013-06-07,2013,,94.0,,,0,0,N,0.0,0.0,0.0,,,,,,,,35.97102,-86.72644,True,Crashes_2010_2019_MPO
100419279,2013-12-14,2013,,94.0,,,0,0,N,0.0,0.0,0.0,,,,,,,,35.97298,-86.86793,False,Crashes_2010_2019_MPO
102514603,2019-09-12,2019,,94.0,,,0,0,N,0.0,0.0,0.0,,,,,,,,35.97003,-86.80626,True,Crashes_2010_2019_MPO
101163236,2016-04-13,2016,,19.0,,,0,0,N,0.0,0.0,0.0,,,,,,,,36.03823,-86.80116,False,Crashes_2010_2019_MPO
101430206,2016-11-03,2016,,19.0,,,0,0,N,0.0,0.0,0.0,,,,,,,,36.03868,-86.80682,False,Crashes_2010_2019_MPO
102056725,2018-06-27,2018,,94.0,,,0,0,N,0.0,0.0,0.0,,,,,,,,35.95153,-86.80844,False,Crashes_2010_2019_MPO
100630660,2014-09-18,2014,,19.0,,,0,0,N,0.0,0.0,0.0,,,,,,,,36.04561,-86.71976,False,Crashes_2010_2019_MPO
100418006,2013-12-11,2013,,94.0,,,0,0,N,0.0,0.0,0.0,,,,,,,,35.9295,-86.82438,False,Crashes_2010_2019_MPO
101316024,2016-07-29,2016,,19.0,,,0,0,N,0.0,0.0,0.0,,,,,,,,36.03944,-86.81644,False,Crashes_2010_2019_MPO
100717376,2015-01-04,2015,,94.0,,,0,0,N,0.0,0.0,0.0,,,,,,,,35.96313,-86.81899,True,Crashes_2010_2019_MPO
100195045,2012-06-25,2012,,94.0,,,0,0,N,0.0,0.0,0.0,,,,,,,,35.96665,-86.80941,True,Crashes_2010_2019_MPO
101318818,2016-08-02,2016,,19.0,,,0,0,N,0.0,0.0,0.0,,,,,,,,36.04521,-86.71492,False,Crashes_2010_2019_MPO
101318711,2016-08-02,2016,,19.0,,,0,0,N,0.0,0.0,0.0,,,,,,,,36.02247,-86.70742,False,Crashes_2010_2019_MPO
100543847,2014-05-27,2014,,94.0,,,0,0,N,0.0,0.0,0.0,,,,,,,,36.03434,-86.78312,True,Crashes_2010_2019_MPO
100565757,2014-06-26,2014,,94.0,,,0,0,N,0.0,0.0,0.0,,,,,,,,35.96734,-86.81494,True,Crashes_2010_2019_MPO
101455163,2016-11-20,2016,,94.0,,,0,0,N,0.0,0.0,0.0,,,,,,,,36.03016,-86.79048,True,Crashes_2010_2019_MPO
102532329,2019-10-07,2019,,94.0,,,0,0,Y,0.0,0.0,1.0,,,,,,,,35.95867,-86.81018,False,Crashes_2010_2019_MPO
102171632,2018-10-08,2018,,19.0,,,0,0,N,0.0,0.0,0.0,,,,,,,,36.05167,-86.81178,False,Crashes_2010_2019_MPO
102397481,2019-05-23,2019,,94.0,,,0,0,N,0.0,0.0,0.0,,,,,,,,35.94787,-86.81866,False,Crashes_2010_2019_MPO
101486702,2016-12-24,2016,,19.0,,,0,0,N,0.0,0.0,0.0,,,,,,,,36.04657,-86.71341,False,Crashes_2010_2019_MPO
101125684,2016-03-01,2016,,94.0,,,0,0,N,0.0,0.0,0.0,,,,,,,,35.95049,-86.84879,False,Crashes_2010_2019_MPO
102180412,2018-10-17,2018,,94.0,,,0,0,N,0.0,0.0,0.0,,,,,,,,35.96509,-86.81623,True,Crashes_2010_2019_MPO
102409730,2019-06-04,2019,,19.0,,,0,0,N,0.0,0.0,0.0,,,,,,,,36.0409,-86.77938,False,Crashes_2010_2019_MPO
102557269,2019-11-03,2019,,94.0,,,0,0,N,0.0,0.0,0.0,,,,,,,,35.9407,-86.83934,False,Crashes_2010_2019_MPO
101004392,2015-11-06,2015,,19.0,,,0,0,N,0.0,0.0,0.0,,,,,,,,36.03916,-86.67752,False,Crashes_2010_2019_MPO
101102629,2016-02-09,2016,,94.0,,,0,0,N,0.0,0.0,0.0,,,,,,,,35.99758,-86.7968,True,Crashes_2010_2019_MPO
102305930,2019-02-14,2019,,19.0,,,0,0,N,0.0,0.0,0.0,,,,,,,,36.03553,-86.783,False,Crashes_2010_2019_MPO
101073438,2016-01-07,2016,,94.0,,,0,0,N,0.0,0.0,0.0,,,,,,,,35.94024,-86.81683,False,Crashes_2010_2019_MPO
102204285,2018-11-08,2018,,19.0,,,0,0,N,0.0,0.0,0.0,,,,,,,,36.03902,-86.78253,False,Crashes_2010_2019_MPO
100588456,2014-07-28,2014,,94.0,,,0,0,N,0.0,0.0,0.0,,,,,,,,35.94757,-86.81398,False,Crashes_2010_2019_MPO
101844423,2017-11-27,2017,,94.0,,,0,0,N,0.0,0.0,0.0,,,,,,,,35.95948,-86.80991,False,Crashes_2010_2019_MPO
102199428,2018-11-03,2018,,94.0,,,0,0,N,0.0,0.0,0.0,,,,,,,,35.93446,-86.81991,False,Crashes_2010_2019_MPO
102484944,2019-08-22,2019,,19.0,,,0,0,N,0.0,0.0,0.0,,,,,,,,36.04103,-86.74627,False,Crashes_2010_2019_MPO
101880821,2018-01-07,2018,,19.0,,,0,0,N,0.0,0.0,0.0,,,,,,,,36.03453,-86.71314,False,Crashes_2010_2019_MPO
101390568,2016-09-27,2016,,19.0,,,0,0,N,0.0,0.0,0.0,,,,,,,,36.03986,-86.71278,False,Crashes_2010_2019_MPO
102211202,2018-11-14,2018,,94.0,,,0,0,N,0.0,0.0,0.0,,,,,,,,35.9581,-86.8026,False,Crashes_2010_2019_MPO
100697027,2014-11-21,2014,,94.0,,,0,0,N,0.0,0.0,0.0,,,,,,,,35.93222,-86.7941,False,Crashes_2010_2019_MPO
101274129,2016-06-27,2016,,94.0,,,0,0,N,0.0,0.0,0.0,,,,,,,,36.0332,-86.79955,True,Crashes_2010_2019_MPO
101188026,2016-05-05,2016,,94.0,,,0,0,N,0.0,0.0,0.0,,,,,,,,35.938,-86.82201,False,Crashes_2010_2019_MPO
100796887,2015-03-24,2015,,94.0,,,0,0,N,0.0,0.0,0.0,,,,,,,,35.94075,-86.83945,False,Crashes_2010_2019_MPO
100423723,2013-12-23,2013,,94.0,,,0,0,N,0.0,0.0,0.0,,,,,,,,35.93003,-86.84077,False,Crashes_2010_2019_MPO
101008142,2015-11-12,2015,,94.0,,,0,0,N,0.0,0.0,0.0,,,,,,,,35.92874,-86.83611,False,Crashes_2010_2019_MPO
100771427,2015-03-12,2015,,94.0,,,0,0,N,0.0,0.0,0.0,,,,,,,,35.95902,-86.81609,False,Crashes_2010_2019_MPO
101603460,2017-04-04,2017,,94.0,,,0,0,N,0.0,0.0,0.0,,,,,,,,35.96788,-86.81839,True,Crashes_2010_2019_MPO
100265969,2012-12-13,2012,,94.0,,,0,0,N,0.0,0.0,0.0,,,,,,,,35.99727,-86.79683,True,Crashes_2010_2019_MPO
100924403,2015-08-17,2015,,19.0,,,0,0,N,0.0,0.0,0.0,,,,,,,,36.03187,-86.78368,True,Crashes_2010_2019_MPO
101275451,2016-06-29,2016,,19.0,,,0,0,N,0.0,0.0,0.0,,,,,,,,36.04541,-86.70337,False,Crashes_2010_2019_MPO
101896283,2018-01-24,2018,,94.0,,,0,0,N,0.0,0.0,0.0,,,,,,,,35.95512,-86.8249,False,Crashes_2010_2019_MPO
101843441,2017-11-30,2017,,19.0,,,0,0,N,0.0,0.0,0.0,,,,,,,,36.0374,-86.78657,False,Crashes_2010_2019_MPO
101043636,2015-12-05,2015,,94.0,,,0,0,N,0.0,0.0,0.0,,,,,,,,35.92504,-86.86927,False,Crashes_2010_2019_MPO
101980033,2018-04-14,2018,,94.0,,,0,0,N,0.0,0.0,0.0,,,,,,,,36.03326,-86.78164,True,Crashes_2010_2019_MPO
101535547,2017-01-26,2017,,19.0,,,0,0,N,0.0,0.0,0.0,,,,,,,,36.03844,-86.71315,False,Crashes_2010_2019_MPO
102513276,2019-09-18,2019,,94.0,,,0,0,N,0.0,0.0,0.0,,,,,,,,35.986729,-86.820217,True,Crashes_2010_2019_MPO
100856141,2015-06-05,2015,,19.0,,,0,0,N,0.0,0.0,0.0,,,,,,,,36.03894,-86.7825,False,Crashes_2010_2019_MPO
102479172,2019-08-16,2019,,19.0,,,0,0,N,0.0,0.0,0.0,,,,,,,,36.04653,-86.68335,False,Crashes_2010_2019_MPO
101530267,2017-01-20,2017,,19.0,,,0,0,N,0.0,0.0,0.0,,,,,,,,36.0452,-86.7151,False,Crashes_2010_2019_MPO
100363016,2013-08-05,2013,,94.0,,,0,0,N,0.0,0.0,0.0,,,,,,,,35.95407,-86.81263,False,Crashes_2010_2019_MPO
100916895,2015-08-03,2015,,94.0,,,0,1,N,0.0,1.0,0.0,,,,,,,,36.015167,-86.81431,True,Crashes_2010_2019_MPO
102022923,2018-05-25,2018,,94.0,,,0,0,N,0.0,0.0,0.0,,,,,,,,35.9583,-86.8023,False,Crashes_2010_2019_MPO
102580342,2019-11-26,2019,,94.0,,,0,0,N,0.0,0.0,0.0,,,,,,,,36.01719,-86.78643,True,Crashes_2010_2019_MPO
101162144,2016-04-11,2016,,94.0,,,0,0,N,0.0,0.0,0.0,,,,,,,,35.92978,-86.86277,False,Crashes_2010_2019_MPO
100729378,2015-01-29,2015,,94.0,,,0,0,N,0.0,0.0,0.0,,,,,,,,36.01999,-86.74223,False,Crashes_2010_2019_MPO
101743167,2017-08-26,2017,,94.0,,,0,0,N,0.0,0.0,0.0,,,,,,,,35.96598,-86.80548,True,Crashes_2010_2019_MPO
100997913,2015-10-27,2015,,94.0,,,0,0,N,0.0,0.0,0.0,,,,,,,,35.97716,-86.67813,False,Crashes_2010_2019_MPO
100699632,2014-12-01,2014,,94.0,,,0,0,N,0.0,0.0,0.0,,,,,,,,35.96499,-86.7275,True,Crashes_2010_2019_MPO
101649992,2017-05-20,2017,,19.0,,,0,0,N,0.0,0.0,0.0,,,,,,,,36.04084,-86.77347,False,Crashes_2010_2019_MPO
101048887,2015-12-11,2015,,94.0,,,0,0,N,0.0,0.0,0.0,,,,,,,,35.94813,-86.80763,False,Crashes_2010_2019_MPO
101770491,2017-09-24,2017,,19.0,,,0,0,N,0.0,0.0,0.0,,,,,,,,36.03978,-86.74345,False,Crashes_2010_2019_MPO
101149543,2016-03-23,2016,,19.0,,,0,0,N,0.0,0.0,0.0,,,,,,,,36.03745,-86.79079,False,Crashes_2010_2019_MPO
100829701,2015-04-20,2015,,19.0,,,0,0,N,0.0,0.0,0.0,,,,,,,,36.04083,-86.74366,False,Crashes_2010_2019_MPO
102027083,2018-05-29,2018,,19.0,,,0,0,N,0.0,0.0,0.0,,,,,,,,36.0374,-86.78657,False,Crashes_2010_2019_MPO
101428914,2016-11-01,2016,,19.0,,,0,0,N,0.0,0.0,0.0,,,,,,,,36.04537,-86.71326,False,Crashes_2010_2019_MPO
100368554,2013-08-18,2013,,94.0,,,0,0,N,0.0,0.0,0.0,,,,,,,,35.93206,-86.80172,False,Crashes_2010_2019_MPO
100431203,2014-01-11,2014,,94.0,,,0,0,N,0.0,0.0,0.0,,,,,,,,35.96136,-86.81234,False,Crashes_2010_2019_MPO
100668531,2014-11-11,2014,,19.0,,,0,0,N,0.0,0.0,0.0,,,,,,,,36.04001,-86.74349,False,Crashes_2010_2019_MPO
101562067,2017-02-21,2017,,94.0,,,0,0,N,0.0,0.0,0.0,,,,,,,,35.93562,-86.82387,False,Crashes_2010_2019_MPO
100338444,2013-06-06,2013,,94.0,,,0,0,N,0.0,0.0,0.0,,,,,,,,35.95796,-86.80221,False,Crashes_2010_2019_MPO
100850908,2015-05-27,2015,,19.0,,,0,0,N,0.0,0.0,0.0,,,,,,,,36.04315,-86.74412,False,Crashes_2010_2019_MPO
102155912,2018-09-24,2018,,19.0,,,0,0,N,0.0,0.0,0.0,,,,,,,,36.04567,-86.70714,False,Crashes_2010_2019_MPO
102532964,2019-10-08,2019,,94.0,,,0,0,Y,0.0,0.0,1.0,,,,,,,,35.93742,-86.81758,False,Crashes_2010_2019_MPO
100313256,2013-04-06,2013,,94.0,,,0,0,N,0.0,0.0,0.0,,,,,,,,35.96203,-86.81531,False,Crashes_2010_2019_MPO
100858651,2015-06-10,2015,,19.0,,,0,0,N,0.0,0.0,0.0,,,,,,,,36.05,-86.77564,False,Crashes_2010_2019_MPO
102149003,2018-09-18,2018,,94.0,,,0,0,N,0.0,0.0,0.0,,,,,,,,35.96587,-86.80293,True,Crashes_2010_2019_MPO
101659759,2017-05-30,2017,,94.0,,,0,0,N,0.0,0.0,0.0,,,,,,,,36.0354,-86.78754,True,Crashes_2010_2019_MPO
102489889,2019-08-26,2019,,94.0,,,0,0,N,0.0,0.0,0.0,,,,,,,,35.98626,-86.69697,True,Crashes_2010_2019_MPO
102611625,2019-12-30,2019,,94.0,,,0,0,N,0.0,0.0,0.0,,,,,,,,35.97071,-86.72677,True,Crashes_2010_2019_MPO
100235914,2012-10-06,2012,,94.0,,,0,0,N,0.0,0.0,0.0,,,,,,,,36.03759,-86.80118,True,Crashes_2010_2019_MPO
100387432,2013-10-04,2013,,94.0,,,0,0,N,0.0,0.0,0.0,,,,,,,,35.98288,-86.73106,True,Crashes_2010_2019_MPO