mstrrecnbr,collision_ts,year,county,countystat,crash,crash_type,fatalities,non_motorists,commercial,fatal_c,nonmotor_c,truck_c,fatalc,serious_injuries,ped,bike,lighting,weather,first_harmful_event,latitude,longitude,in_city,src_layer
102377676,2019-05-02,2019,,19.0,,,0,0,N,0.0,0.0,0.0,,,,,,,,36.0305,-86.74528,False,Crashes_2010_2019_MPO
100294352,2013-02-18,2013,,94.0,,,0,0,N,0.0,0.0,0.0,,,,,,,,35.94034,-86.82128,False,Crashes_2010_2019_MPO
100406077,2013-11-16,2013,,94.0,,,0,0,N,0.0,0.0,0.0,,,,,,,,35.9656,-86.72694,True,Crashes_2010_2019_MPO
102532900,2019-10-08,2019,,94.0,,,0,0,N,0.0,0.0,0.0,,,,,,,,35.92631,-86.87303,False,Crashes_2010_2019_MPO
102313311,2019-02-23,2019,,19.0,,,0,0,N,0.0,0.0,0.0,,,,,,,,36.04032,-86.76875,False,Crashes_2010_2019_MPO
100180075,2012-04-29,2012,,19.0,,,0,0,N,0.0,0.0,0.0,,,,,,,,36.02922,-86.79437,True,Crashes_2010_2019_MPO
101359469,2016-09-12,2016,,94.0,,,0,0,N,0.0,0.0,0.0,,,,,,,,35.93252,-86.81167,False,Crashes_2010_2019_MPO
100659475,2014-10-24,2014,,19.0,,,0,0,N,0.0,0.0,0.0,,,,,,,,36.01771,-86.70763,False,Crashes_2010_2019_MPO
102280029,2019-01-17,2019,,94.0,,,0,0,N,0.0,0.0,0.0,,,,,,,,35.9464,-86.80891,False,Crashes_2010_2019_MPO
102349943,2019-04-04,2019,,19.0,,,0,0,N,0.0,0.0,0.0,,,,,,,,36.04523,-86.71472,False,Crashes_2010_2019_MPO
102314570,2019-02-18,2019,,94.0,,,0,0,N,0.0,0.0,0.0,,,,,,,,36.03421,-86.78314,True,Crashes_2010_2019_MPO
101165523,2016-04-16,2016,,94.0,,,0,0,N,0.0,0.0,0.0,,,,,,,,35.9993,-86.80918,True,Crashes_2010_2019_MPO
101991535,2018-04-27,2018,,94.0,,,0,0,N,0.0,0.0,0.0,,,,,,,,35.92673,-86.87005,False,Crashes_2010_2019_MPO
100282875,2013-01-23,2013,,94.0,,,0,0,N,0.0,0.0,0.0,,,,,,,,36.015,-86.81263,True,Crashes_2010_2019_MPO
100819762,2015-04-17,2015,,94.0,,,0,0,N,0.0,0.0,0.0,,,,,,,,35.98435,-86.81864,True,Crashes_2010_2019_MPO
101270957,2016-06-22,2016,,94.0,,,0,0,N,0.0,0.0,0.0,,,,,,,,35.93446,-86.81991,False,Crashes_2010_2019_MPO
102588038,2019-12-04,2019,,19.0,,,0,0,N,0.0,0.0,0.0,,,,,,,,36.04519,-86.71584,False,Crashes_2010_2019_MPO
101463752,2016-11-27,2016,,94.0,,,0,0,N,0.0,0.0,0.0,,,,,,,,36.00134,-86.71558,True,Crashes_2010_2019_MPO
101157196,2016-04-01,2016,,94.0,,,0,0,N,0.0,0.0,0.0,,,,,,,,35.94087,-86.83904,False,Crashes_2010_2019_MPO
100585623,2014-07-17,2014,,94.0,,,0,0,N,0.0,0.0,0.0,,,,,,,,35.92433,-86.87193,False,Crashes_2010_2019_MPO
102390091,2019-05-15,2019,,94.0,,,0,0,N,0.0,0.0,0.0,,,,,,,,35.99487,-86.78803,True,Crashes_2010_2019_MPO
102160024,2018-09-28,2018,,19.0,,,0,0,N,0.0,0.0,0.0,,,,,,,,36.04342,-86.71304,False,Crashes_2010_2019_MPO
100799953,2015-03-30,2015,,94.0,,,0,0,N,0.0,0.0,0.0,,,,,,,,35.94838,-86.85041,False,Crashes_2010_2019_MPO
101980641,2018-04-17,2018,,94.0,,,0,0,N,0.0,0.0,0.0,,,,,,,,36.01296,-86.80073,True,Crashes_2010_2019_MPO
101849652,2017-12-06,2017,,19.0,,,0,0,N,0.0,0.0,0.0,,,,,,,,36.04483,-86.72476,False,Crashes_2010_2019_MPO
101713317,2017-07-27,2017,,19.0,,,0,0,N,0.0,0.0,0.0,,,,,,,,36.03066,-86.78358,True,Crashes_2010_2019_MPO
102586671,2019-12-02,2019,,94.0,,,0,0,N,0.0,0.0,0.0,,,,,,,,35.94164,-86.85584,False,Crashes_2010_2019_MPO
101848546,2017-12-05,2017,,94.0,,,0,0,N,0.0,0.0,0.0,,,,,,,,36.03628,-86.79085,True,Crashes_2010_2019_MPO
100639536,2014-10-07,2014,,19.0,,,0,0,N,0.0,0.0,0.0,,,,,,,,36.04753,-86.75034,False,Crashes_2010_2019_MPO
101272405,2016-06-24,2016,,94.0,,,0,0,N,0.0,0.0,0.0,,,,,,,,35.97286,-86.77166,True,Crashes_2010_2019_MPO
100768974,2015-03-08,2015,,19.0,,,0,0,N,0.0,0.0,0.0,,,,,,,,36.03785,-86.78475,False,Crashes_2010_2019_MPO
102233725,2018-12-03,2018,,19.0,,,0,0,N,0.0,0.0,0.0,,,,,,,,36.04536,-86.71789,False,Crashes_2010_2019_MPO
101621041,2017-04-20,2017,,94.0,,,0,0,N,0.0,0.0,0.0,,,,,,,,35.92734,-86.82693,False,Crashes_2010_2019_MPO
100400572,2013-11-03,2013,,94.0,,,0,0,N,0.0,0.0,0.0,,,,,,,,35.93546,-86.82377,False,Crashes_2010_2019_MPO
100175281,2012-05-02,2012,,94.0,,,0,0,N,0.0,0.0,0.0,,,,,,,,36.03249,-86.78292,True,Crashes_2010_2019_MPO
102565022,2019-11-11,2019,,94.0,,,0,0,N,0.0,0.0,0.0,,,,,,,,35.95436,-86.81753,False,Crashes_2010_2019_MPO
100407798,2013-11-18,2013,,94.0,,,0,0,N,0.0,0.0,0.0,,,,,,,,35.95723,-86.81662,False,Crashes_2010_2019_MPO
100433682,2014-01-22,2014,,94.0,,,0,0,N,0.0,0.0,0.0,,,,,,,,35.9261,-86.8714,False,Crashes_2010_2019_MPO
101154863,2016-03-31,2016,,94.0,,,0,0,N,0.0,0.0,0.0,,,,,,,,35.99684,-86.79698,True,Crashes_2010_2019_MPO
101237634,2016-06-02,2016,,94.0,,,0,0,N,0.0,0.0,0.0,,,,,,,,35.96677,-86.81094,True,Crashes_2010_2019_MPO
102417532,2019-06-13,2019,,19.0,,,0,0,N,0.0,0.0,0.0,,,,,,,,36.01232,-86.70357,False,Crashes_2010_2019_MPO
101072313,2016-01-05,2016,,94.0,,,0,0,N,0.0,0.0,0.0,,,,,,,,35.96203,-86.81531,False,Crashes_2010_2019_MPO
102429599,2019-06-26,2019,,94.0,,,0,0,N,0.0,0.0,0.0,,,,,,,,35.99587,-86.78264,True,Crashes_2010_2019_MPO
102006444,2018-05-10,2018,,94.0,,,0,0,N,0.0,0.0,0.0,,,,,,,,35.95944,-86.80185,False,Crashes_2010_2019_MPO
101422759,2016-10-25,2016,,94.0,,,0,0,N,0.0,0.0,0.0,,,,,,,,36.01491,-86.7298,False,Crashes_2010_2019_MPO
102159254,2018-09-27,2018,,19.0,,,0,0,N,0.0,0.0,0.0,,,,,,,,36.04663,-86.68343,False,Crashes_2010_2019_MPO
102296120,2019-02-03,2019,,94.0,,,0,0,N,0.0,0.0,0.0,,,,,,,,35.97039,-86.77379,True,Crashes_2010_2019_MPO
101285749,2016-07-14,2016,,94.0,,,0,0,N,0.0,0.0,0.0,,,,,,,,35.94652,-86.80946,False,Crashes_2010_2019_MPO
101745549,2017-08-29,2017,,19.0,,,0,0,N,0.0,0.0,0.0,,,,,,,,36.03708,-86.78592,False,Crashes_2010_2019_MPO
101866342,2017-12-22,2017,,94.0,,,0,0,N,0.0,0.0,0.0,,,,,,,,35.93127,-86.87663,False,Crashes_2010_2019_MPO
101505228,2017-01-13,2017,,94.0,,,0,0,N,0.0,0.0,0.0,,,,,,,,36.00268,-86.79268,True,Crashes_2010_2019_MPO
102010515,2018-05-14,2018,,94.0,,,0,0,N,0.0,0.0,0.0,,,,,,,,35.94568,-86.82317,False,Crashes_2010_2019_MPO
100712697,2014-12-24,2014,,94.0,,,0,0,Y,0.0,0.0,1.0,,,,,,,,35.95978,-86.81006,False,Crashes_2010_2019_MPO
101787571,2017-10-10,2017,,94.0,,,0,0,N,0.0,0.0,0.0,,,,,,,,35.96663,-86.80999,True,Crashes_2010_2019_MPO
101997532,2018-04-27,2018,,94.0,,,0,0,N,0.0,0.0,0.0,,,,,,,,35.968,-86.67739,False,Crashes_2010_2019_MPO
101502133,2017-01-11,2017,,94.0,,,0,0,N,0.0,0.0,0.0,,,,,,,,36.01409,-86.7999,True,Crashes_2010_2019_MPO
100819719,2015-04-17,2015,,94.0,,,0,0,N,0.0,0.0,0.0,,,,,,,,36.02782,-86.791013,True,Crashes_2010_2019_MPO
100333221,2013-05-22,2013,,94.0,,,0,0,N,0.0,0.0,0.0,,,,,,,,35.93278,-86.86225,False,Crashes_2010_2019_MPO
100798459,2015-03-27,2015,,94.0,,,0,0,N,0.0,0.0,0.0,,,,,,,,35.9815,-86.70812,True,Crashes_2010_2019_MPO
102009875,2018-05-13,2018,,19.0,,,0,0,N,0.0,0.0,0.0,,,,,,,,36.04528,-86.71416,False,Crashes_2010_2019_MPO
100805298,2015-04-09,2015,,94.0,,,0,0,N,0.0,0.0,0.0,,,,,,,,35.94633,-86.80851,False,Crashes_2010_2019_MPO
101942786,2018-03-13,2018,,94.0,,,0,0,N,0.0,0.0,0.0,,,,,,,,36.00593,-86.86266,False,Crashes_2010_2019_MPO
100718752,2015-01-07,2015,,94.0,,,0,0,N,0.0,0.0,0.0,,,,,,,,35.94482,-86.82866,False,Crashes_2010_2019_MPO
102076824,2018-07-16,2018,,19.0,,,0,0,N,0.0,0.0,0.0,,,,,,,,36.04575,-86.70889,False,Crashes_2010_2019_MPO
102488151,2019-08-25,2019,,19.0,,,0,0,N,0.0,0.0,0.0,,,,,,,,36.04032,-86.78089,False,Crashes_2010_2019_MPO
101105739,2016-02-14,2016,,94.0,,,0,0,N,0.0,0.0,0.0,,,,,,,,36.028902,-86.791312,True,Crashes_2010_2019_MPO
101278931,2016-07-03,2016,,94.0,,,0,0,N,0.0,0.0,0.0,,,,,,,,35.99939,-86.79565,True,Crashes_2010_2019_MPO
102416370,2019-06-11,2019,,94.0,,,0,0,N,0.0,0.0,0.0,,,,,,,,35.94912,-86.81951,False,Crashes_2010_2019_MPO
100319962,2013-04-21,2013,,94.0,,,0,0,N,0.0,0.0,0.0,,,,,,,,35.93932,-86.87937,False,Crashes_2010_2019_MPO
102510481,2019-09-09,2019,,94.0,,,0,0,N,0.0,0.0,0.0,,,,,,,,35.95198,-86.81788,False,Crashes_2010_2019_MPO
102090917,2018-07-27,2018,,94.0,,,0,0,N,0.0,0.0,0.0,,,,,,,,35.93374,-86.81767,False,Crashes_2010_2019_MPO
101011610,2015-11-18,2015,,19.0,,,0,0,N,0.0,0.0,0.0,,,,,,,,36.03993,-86.72764,False,Crashes_2010_2019_MPO
101881452,2018-01-08,2018,,94.0,,,0,0,N,0.0,0.0,0.0,,,,,,,,35.98527,-86.71495,True,Crashes_2010_2019_MPO
101434640,2016-11-08,2016,,94.0,,,0,0,N,0.0,0.0,0.0,,,,,,,,35.9941,-86.79793,True,Crashes_2010_2019_MPO
102310820,2019-02-20,2019,,94.0,,,0,0,N,0.0,0.0,0.0,,,,,,,,36.01255,-86.80104,True,Crashes_2010_2019_MPO
102068681,2018-07-09,2018,,94.0,,,0,0,N,0.0,0.0,0.0,,,,,,,,35.96761,-86.81053,True,Crashes_2010_2019_MPO
101704474,2017-07-17,2017,,94.0,,,0,0,N,0.0,0.0,0.0,,,,,,,,35.97701,-86.87498,False,Crashes_2010_2019_MPO
101916671,2018-02-15,2018,,19.0,,,0,0,N,0.0,0.0,0.0,,,,,,,,36.0409,-86.77938,False,Crashes_2010_2019_MPO
101190676,2016-05-07,2016,,19.0,,,0,0,N,0.0,0.0,0.0,,,,,,,,36.02873,-86.74409,False,Crashes_2010_2019_MPO
100770387,2015-03-06,2015,,19.0,,,0,0,N,0.0,0.0,0.0,,,,,,,,36.01197,-86.70468,False,Crashes_2010_2019_MPO
100995947,2015-10-25,2015,,94.0,,,0,0,N,0.0,0.0,0.0,,,,,,,,35.96798,-86.81833,True,Crashes_2010_2019_MPO
101329920,2016-08-17,2016,,94.0,,,0,0,N,0.0,0.0,0.0,,,,,,,,35.95309,-86.84671,False,Crashes_2010_2019_MPO
101423664,2016-10-26,2016,,19.0,,,0,0,N,0.0,0.0,0.0,,,,,,,,36.02835,-86.74406,False,Crashes_2010_2019_MPO
100982279,2015-10-19,2015,,94.0,,,0,0,N,0.0,0.0,0.0,,,,,,,,35.98823,-86.68118,False,Crashes_2010_2019_MPO
101499892,2017-01-09,2017,,19.0,,,0,0,N,0.0,0.0,0.0,,,,,,,,36.04561,-86.71977,False,Crashes_2010_2019_MPO
102023459,2018-05-26,2018,,94.0,,,0,0,N,0.0,0.0,0.0,,,,,,,,35.99433,-86.76552,True,Crashes_2010_2019_MPO
101074749,2016-01-09,2016,,19.0,,,0,0,N,0.0,0.0,0.0,,,,,,,,36.05201,-86.71459,False,Crashes_2010_2019_MPO
102062562,2018-07-03,2018,,94.0,,,0,0,N,0.0,0.0,0.0,,,,,,,,35.97367,-86.83275,True,Crashes_2010_2019_MPO
102446353,2019-07-13,2019,,94.0,,,0,0,N,0.0,0.0,0.0,,,,,,,,35.99502,-86.6873,False,Crashes_2010_2019_MPO
102373212,2019-04-26,2019,,19.0,,,0,0,N,0.0,0.0,0.0,,,,,,,,36.0353,-86.71326,False,Crashes_2010_2019_MPO
100617018,2014-09-09,2014,,94.0,,,0,0,N,0.0,0.0,0.0,,,,,,,,36.03493,-86.78781,True,Crashes_2010_2019_MPO
101000466,2015-10-31,2015,,94.0,,,0,0,N,0.0,0.0,0.0,,,,,,,,36.035021,-86.827681,True,Crashes_2010_2019_MPO
101156679,2016-04-02,2016,,94.0,,,0,0,N,0.0,0.0,0.0,,,,,,,,35.96605,-86.81388,False,Crashes_2010_2019_MPO
100828574,2015-05-04,2015,,19.0,,,0,0,N,0.0,0.0,0.0,,,,,,,,36.00177,-86.69007,False,Crashes_2010_2019_MPO
101877907,2018-01-04,2018,,94.0,,,0,0,N,0.0,0.0,0.0,,,,,,,,35.95217,-86.81857,False,Crashes_2010_2019_MPO
100708982,2014-12-18,2014,,94.0,,,0,0,N,0.0,0.0,0.0,,,,,,,,35.98608,-86.77797,True,Crashes_2010_2019_MPO
102489410,2019-08-26,2019,,94.0,,,0,0,N,0.0,0.0,0.0,,,,,,,,35.9266,-86.76722,False,Crashes_2010_2019_MPO
100727058,2015-01-24,2015,,94.0,,,0,0,N,0.0,0.0,0.0,,,,,,,,35.94428,-86.81993,False,Crashes_2010_2019_MPO
102388317,2019-05-13,2019,,94.0,,,0,0,N,0.0,0.0,0.0,,,,,,,,35.93355,-86.86168,False,Crashes_2010_2019_MPO
102162712,2018-09-29,2018,,94.0,,,0,0,N,0.0,0.0,0.0,,,,,,,,35.92317,-86.81685,False,Crashes_2010_2019_MPO
102248506,2018-12-16,2018,,19.0,,,0,0,N,0.0,0.0,0.0,,,,,,,,36.0405,-86.77028,False,Crashes_2010_2019_MPO
100664220,2014-11-03,2014,,19.0,,,0,0,N,0.0,0.0,0.0,,,,,,,,36.03971,-86.73923,False,Crashes_2010_2019_MPO
101075912,2016-01-12,2016,,19.0,,,0,0,N,0.0,0.0,0.0,,,,,,,,36.04424,-86.71313,False,Crashes_2010_2019_MPO
100733119,2015-02-06,2015,,19.0,,,0,0,N,0.0,0.0,0.0,,,,,,,,36.04224,-86.78228,False,Crashes_2010_2019_MPO
101671953,2017-06-12,2017,,94.0,,,0,0,N,0.0,0.0,0.0,,,,,,,,35.97334,-86.83305,True,Crashes_2010_2019_MPO
102445222,2019-07-12,2019,,19.0,,,0,0,N,0.0,0.0,0.0,,,,,,,,36.03173,-86.7473,False,Crashes_2010_2019_MPO
102456663,2019-07-24,2019,,19.0,,,0,0,N,0.0,0.0,0.0,,,,,,,,35.99829,-86.68193,False,Crashes_2010_2019_MPO
101469289,2016-12-06,2016,,19.0,,,0,0,N,0.0,0.0,0.0,,,,,,,,36.03314,-86.7745,False,Crashes_2010_2019_MPO
100726916,2015-01-24,2015,,19.0,,,0,0,N,0.0,0.0,0.0,,,,,,,,36.04455,-86.69268,False,Crashes_2010_2019_MPO
101831827,2017-11-19,2017,,94.0,,,0,0,N,0.0,0.0,0.0,,,,,,,,35.9367,-86.69578,False,Crashes_2010_2019_MPO
102110322,2018-08-13,2018,,94.0,,,0,0,N,0.0,0.0,0.0,,,,,,,,35.92426,-86.8709,False,Crashes_2010_2019_MPO
101627338,2017-04-26,2017,,19.0,,,0,0,N,0.0,0.0,0.0,,,,,,,,36.05264,-86.71471,False,Crashes_2010_2019_MPO
102201096,2018-11-05,2018,,19.0,,,0,0,N,0.0,0.0,0.0,,,,,,,,36.04537,-86.71326,False,Crashes_2010_2019_MPO
100882332,2015-07-06,2015,,19.0,,,0,0,N,0.0,0.0,0.0,,,,,,,,36.04024,-86.76787,False,Crashes_2010_2019_MPO
102237882,2018-12-07,2018,,19.0,,,0,0,N,0.0,0.0,0.0,,,,,,,,36.04922,-86.81614,False,Crashes_2010_2019_MPO
102604911,2019-12-22,2019,,94.0,,,0,0,N,0.0,0.0,0.0,,,,,,,,35.94675,-86.85178,False,Crashes_2010_2019_MPO
102092492,2018-07-30,2018,,94.0,,,0,0,N,0.0,0.0,0.0,,,,,,,,35.98563,-86.73291,True,Crashes_2010_2019_MPO
100722641,2015-01-15,2015,,19.0,,,0,0,N,0.0,0.0,0.0,,,,,,,,36.04705,-86.71354,False,Crashes_2010_2019_MPO
100876602,2015-06-26,2015,,94.0,,,0,0,N,0.0,0.0,0.0,,,,,,,,35.98492,-86.71573,True,Crashes_2010_2019_MPO
100860145,2015-06-13,2015,,94.0,,,0,0,N,0.0,0.0,0.0,,,,,,,,35.99924,-86.80919,True,Crashes_2010_2019_MPO
102185411,2018-10-22,2018,,19.0,,,0,0,N,0.0,0.0,0.0,,,,,,,,36.03122,-86.71261,False,Crashes_2010_2019_MPO
10390632,2012-08-19,2012,,19.0,,,0,0, ,0.0,0.0,0.0,,,,,,,,36.050152,-86.696388,False,Crashes_2010_2019_MPO
102134436,2018-09-04,2018,,94.0,,,0,0,N,0.0,0.0,0.0,,,,,,,,35.95526,-86.82588,False,Crashes_2010_2019_MPO
100662067,2014-10-28,2014,,94.0,,,0,0,N,0.0,0.0,0.0,,,,,,,,35.9482,-86.6949,False,Crashes_2010_2019_MPO
100631446,2014-09-19,2014,,94.0,,,0,0,N,0.0,0.0,0.0,,,,,,,,35.92934,-86.8244,False,Crashes_2010_2019_MPO
102187671,2018-10-24,2018,,94.0,,,0,0,N,0.0,0.0,0.0,,,,,,,,35.96412,-86.70646,False,Crashes_2010_2019_MPO
102260908,2018-12-29,2018,,94.0,,,0,0,N,0.0,0.0,0.0,,,,,,,,35.94678,-86.81959,False,Crashes_2010_2019_MPO
100860659,2015-06-13,2015,,94.0,,,0,0,N,0.0,0.0,0.0,,,,,,,,35.92687,-86.86657,False,Crashes_2010_2019_MPO
101068234,2015-12-28,2015,,94.0,,,0,0,N,0.0,0.0,0.0,,,,,,,,35.96462,-86.81473,True,Crashes_2010_2019_MPO
102503532,2019-09-08,2019,,19.0,,,0,0,N,0.0,0.0,0.0,,,,,,,,36.05315,-86.69003,False,Crashes_2010_2019_MPO
100510903,2014-05-19,2014,,94.0,,,0,0,N,0.0,0.0,0.0,,,,,,,,35.93189,-86.79438,False,Crashes_2010_2019_MPO
102454888,2019-07-22,2019,,19.0,,,0,0,N,0.0,0.0,0.0,,,,,,,,36.03823,-86.78434,False,Crashes_2010_2019_MPO
102068982,2018-07-09,2018,,94.0,,,0,0,N,0.0,0.0,0.0,,,,,,,,35.96133,-86.81226,False,Crashes_2010_2019_MPO
101349628,2016-08-30,2016,,94.0,,,0,0,N,0.0,0.0,0.0,,,,,,,,35.95147,-86.67941,False,Crashes_2010_2019_MPO
101329913,2016-08-17,2016,,94.0,,,0,0,N,0.0,0.0,0.0,,,,,,,,35.92302,-86.8166,False,Crashes_2010_2019_MPO
101279705,2016-07-05,2016,,94.0,,,0,0,N,0.0,0.0,0.0,,,,,,,,35.97924,-86.80543,True,Crashes_2010_2019_MPO
100366791,2013-08-13,2013,,94.0,,,0,0,N,0.0,0.0,0.0,,,,,,,,35.95784,-86.82529,False,Crashes_2010_2019_MPO
100402285,2013-11-08,2013,,94.0,,,0,0,N,0.0,0.0,0.0,,,,,,,,36.02224,-86.7876,True,Crashes_2010_2019_MPO
101441288,2016-11-16,2016,,19.0,,,0,0,N,0.0,0.0,0.0,,,,,,,,36.02175,-86.74267,False,Crashes_2010_2019_MPO
100546999,2014-06-04,2014,,94.0,,,0,0,N,0.0,0.0,0.0,,,,,,,,35.97172,-86.81369,True,Crashes_2010_2019_MPO
101783204,2017-10-06,2017,,94.0,,,0,0,N,0.0,0.0,0.0,,,,,,,,35.99922,-86.80923,True,Crashes_2010_2019_MPO
101361498,2016-09-14,2016,,94.0,,,0,0,N,0.0,0.0,0.0,,,,,,,,35.96198,-86.81518,False,Crashes_2010_2019_MPO
101692959,2017-06-28,2017,,94.0,,,0,0,N,0.0,0.0,0.0,,,,,,,,36.00707,-86.78816,True,Crashes_2010_2019_MPO
102537569,2019-10-14,2019,,19.0,,,0,0,N,0.0,0.0,0.0,,,,,,,,36.03747,-86.79098,False,Crashes_2010_2019_MPO
101811501,2017-11-01,2017,,19.0,,,0,0,N,0.0,0.0,0.0,,,,,,,,36.03111,-86.74391,False,Crashes_2010_2019_MPO
102246461,2018-12-14,2018,,94.0,,,0,0,N,0.0,0.0,0.0,,,,,,,,35.95669,-86.81687,False,Crashes_2010_2019_MPO
101553391,2017-02-13,2017,,19.0,,,0,0,N,0.0,0.0,0.0,,,,,,,,36.04231,-86.71272,False,Crashes_2010_2019_MPO
101161533,2016-04-10,2016,,94.0,,,0,0,N,0.0,0.0,0.0,,,,,,,,36.0135,-86.83663,True,Crashes_2010_2019_MPO
100332009,2013-05-21,2013,,94.0,,,0,0,N,0.0,0.0,0.0,,,,,,,,36.00771,-86.87879,False,Crashes_2010_2019_MPO
102057025,2018-06-27,2018,,94.0,,,0,0,N,0.0,0.0,0.0,,,,,,,,35.92391,-86.87162,False,Crashes_2010_2019_MPO
102164729,2018-10-02,2018,,94.0,,,0,0,N,0.0,0.0,0.0,,,,,,,,35.94678,-86.85131,False,Crashes_2010_2019_MPO
101103097,2016-02-10,2016,,19.0,,,0,0,N,0.0,0.0,0.0,,,,,,,,36.0367,-86.72338,False,Crashes_2010_2019_MPO
100756058,2015-03-03,2015,,94.0,,,0,0,N,0.0,0.0,0.0,,,,,,,,36.01373,-86.73827,False,Crashes_2010_2019_MPO
100572526,2014-07-12,2014,,94.0,,,0,0,N,0.0,0.0,0.0,,,,,,,,35.93471,-86.81935,False,Crashes_2010_2019_MPO
101095663,2016-01-28,2016,,94.0,,,0,0,N,0.0,0.0,0.0,,,,,,,,35.96798,-86.81833,True,Crashes_2010_2019_MPO
100855204,2015-05-30,2015,,94.0,,,0,0,N,0.0,0.0,0.0,,,,,,,,35.93493,-86.82137,False,Crashes_2010_2019_MPO
100701006,2014-12-04,2014,,94.0,,,0,0,N,0.0,0.0,0.0,,,,,,,,36.03514,-86.80579,True,Crashes_2010_2019_MPO
101098048,2016-02-02,2016,,94.0,,,0,0,N,0.0,0.0,0.0,,,,,,,,35.97735,-86.77677,True,Crashes_2010_2019_MPO
102234904,2018-12-04,2018,,94.0,,,0,0,N,0.0,0.0,0.0,,,,,,,,35.94765,-86.81971,False,Crashes_2010_2019_MPO
102446771,2019-07-13,2019,,19.0,,,0,0,N,0.0,0.0,0.0,,,,,,,,36.02593,-86.75857,False,Crashes_2010_2019_MPO
100910213,2015-07-22,2015,,94.0,,,0,0,N,0.0,0.0,0.0,,,,,,,,35.94784,-86.81975,False,Crashes_2010_2019_MPO
101439428,2016-11-14,2016,,94.0,,,0,0,N,0.0,0.0,0.0,,,,,,,,35.97429,-86.86937,False,Crashes_2010_2019_MPO
100993477,2015-10-21,2015,,19.0,,,0,0,N,0.0,0.0,0.0,,,,,,,,35.99785,-86.69126,False,Crashes_2010_2019_MPO
101032194,2015-11-19,2015,,19.0,,,0,0,N,0.0,0.0,0.0,,,,,,,,36.05174,-86.71278,False,Crashes_2010_2019_MPO
102049063,2018-06-20,2018,,94.0,,,0,0,N,0.0,0.0,0.0,,,,,,,,36.0029,-86.7919,True,Crashes_2010_2019_MPO
101779541,2017-10-02,2017,,19.0,,,0,0,N,0.0,0.0,0.0,,,,,,,,36.04539,-86.70312,False,Crashes_2010_2019_MPO
102209798,2018-11-13,2018,,19.0,,,0,0,N,0.0,0.0,0.0,,,,,,,,36.04048,-86.7436,False,Crashes_2010_2019_MPO
102486558,2019-08-23,2019,,94.0,,,0,0,N,0.0,0.0,0.0,,,,,,,,35.92584,-86.86759,False,Crashes_2010_2019_MPO
101688404,2017-07-01,2017,,19.0,,,0,0,N,0.0,0.0,0.0,,,,,,,,36.02138,-86.71138,False,Crashes_2010_2019_MPO
101326556,2016-08-13,2016,,19.0,,,0,0,N,0.0,0.0,0.0,,,,,,,,36.00175,-86.69263,False,Crashes_2010_2019_MPO
102140098,2018-09-10,2018,,94.0,,,0,0,N,0.0,0.0,0.0,,,,,,,,35.99715,-86.79371,True,Crashes_2010_2019_MPO
102230891,2018-11-30,2018,,94.0,,,0,0,N,0.0,0.0,0.0,,,,,,,,35.94978,-86.81329,False,Crashes_2010_2019_MPO
101131616,2016-03-10,2016,,19.0,,,0,0,N,0.0,0.0,0.0,,,,,,,,36.04194,-86.82492,False,Crashes_2010_2019_MPO
101687568,2017-06-30,2017,,19.0,,,0,0,N,0.0,0.0,0.0,,,,,,,,36.03847,-86.78345,False,Crashes_2010_2019_MPO
100424963,2013-12-28,2013,,94.0,,,0,0,N,0.0,0.0,0.0,,,,,,,,35.98383,-86.73358,True,Crashes_2010_2019_MPO
100976792,2015-10-10,2015,,94.0,,,0,0,N,0.0,0.0,0.0,,,,,,,,36.00786,-86.78734,True,Crashes_2010_2019_MPO
101195894,2016-05-16,2016,,94.0,,,0,0,N,0.0,0.0,0.0,,,,,,,,35.94782,-86.81975,False,Crashes_2010_2019_MPO
101616742,2017-04-16,2017,,19.0,,,0,0,N,0.0,0.0,0.0,,,,,,,,36.03951,-86.78172,False,Crashes_2010_2019_MPO
100825665,2015-04-29,2015,,94.0,,,0,0,N,0.0,0.0,0.0,,,,,,,,36.03635,-86.79512,True,Crashes_2010_2019_MPO
100717865,2015-01-05,2015,,94.0,,,0,0,Y,0.0,0.0,1.0,,,,,,,,35.92359,-86.87169,False,Crashes_2010_2019_MPO
101740116,2017-08-24,2017,,94.0,,,0,0,N,0.0,0.0,0.0,,,,,,,,36.00107,-86.79403,True,Crashes_2010_2019_MPO
102408982,2019-06-03,2019,,94.0,,,0,0,N,0.0,0.0,0.0,,,,,,,,35.99055,-86.74982,True,Crashes_2010_2019_MPO
101472553,2016-12-09,2016,,19.0,,,0,0,N,0.0,0.0,0.0,,,,,,,,36.04537,-86.71326,False,Crashes_2010_2019_MPO
100942261,2015-08-27,2015,,94.0,,,0,0,N,0.0,0.0,0.0,,,,,,,,35.94701,-86.82139,False,Crashes_2010_2019_MPO
100881747,2015-07-05,2015,,19.0,,,0,0,N,0.0,0.0,0.0,,,,,,,,36.05299,-86.71105,False,Crashes_2010_2019_MPO
102240952,2018-12-09,2018,,19.0,,,0,0,N,0.0,0.0,0.0,,,,,,,,36.0243,-86.74239,False,Crashes_2010_2019_MPO
102480450,2019-08-17,2019,,19.0,,,0,0,N,0.0,0.0,0.0,,,,,,,,35.99154,-86.68382,False,Crashes_2010_2019_MPO
100405837,2013-11-14,2013,,94.0,,,0,0,N,0.0,0.0,0.0,,,,,,,,35.98545,-86.82958,False,Crashes_2010_2019_MPO
100722180,2015-01-13,2015,,19.0,,,0,0,N,0.0,0.0,0.0,,,,,,,,36.04086,-86.74367,False,Crashes_2010_2019_MPO
102527215,2019-10-02,2019,,94.0,,,0,0,N,0.0,0.0,0.0,,,,,,,,36.03324,-86.78793,True,Crashes_2010_2019_MPO
100882587,2015-07-07,2015,,94.0,,,0,0,N,0.0,0.0,0.0,,,,,,,,35.99381,-86.76074,True,Crashes_2010_2019_MPO