mstrrecnbr,collision_ts,year,county,countystat,crash,crash_type,fatalities,non_motorists,commercial,fatal_c,nonmotor_c,truck_c,fatalc,serious_injuries,ped,bike,lighting,weather,first_harmful_event,latitude,longitude,in_city,src_layer
102045291,2018-06-16,2018,,19.0,,,0,0,N,0.0,0.0,0.0,,,,,,,,36.0384,-86.78421,False,Crashes_2010_2019_MPO
102144185,2018-09-14,2018,,19.0,,,0,0,N,0.0,0.0,0.0,,,,,,,,36.03961,-86.74344,False,Crashes_2010_2019_MPO
100824925,2015-04-27,2015,,94.0,,,0,0,N,0.0,0.0,0.0,,,,,,,,35.92743,-86.74125,False,Crashes_2010_2019_MPO
101901116,2018-01-30,2018,,19.0,,,0,0,N,0.0,0.0,0.0,,,,,,,,36.03779,-86.78475,False,Crashes_2010_2019_MPO
100484099,2014-04-04,2014,,94.0,,,0,0,N,0.0,0.0,0.0,,,,,,,,36.00195,-86.75473,True,Crashes_2010_2019_MPO
100172903,2012-04-25,2012,,94.0,,,0,0,N,0.0,0.0,0.0,,,,,,,,35.96496,-86.80331,True,Crashes_2010_2019_MPO
100856762,2015-06-06,2015,,94.0,,,0,0,N,0.0,0.0,0.0,,,,,,,,35.95956,-86.8309,False,Crashes_2010_2019_MPO
100460952,2014-03-06,2014,,94.0,,,0,0,N,0.0,0.0,0.0,,,,,,,,35.96708,-86.81356,True,Crashes_2010_2019_MPO
102114279,2018-08-18,2018,,19.0,,,0,0,N,0.0,0.0,0.0,,,,,,,,36.04549,-86.70456,False,Crashes_2010_2019_MPO
101902737,2018-01-31,2018,,94.0,,,0,0,N,0.0,0.0,0.0,,,,,,,,35.96651,-86.80916,True,Crashes_2010_2019_MPO
101864329,2017-12-13,2017,,19.0,,,0,0,N,0.0,0.0,0.0,,,,,,,,36.02613,-86.87893,False,Crashes_2010_2019_MPO
100861775,2015-06-16,2015,,19.0,,,0,0,N,0.0,0.0,0.0,,,,,,,,36.04557,-86.71952,False,Crashes_2010_2019_MPO
101969531,2018-04-06,2018,,94.0,,,0,0,N,0.0,0.0,0.0,,,,,,,,35.95939,-86.81372,False,Crashes_2010_2019_MPO
101891300,2018-01-19,2018,,94.0,,,0,0,N,0.0,0.0,0.0,,,,,,,,35.92738,-86.8687,False,Crashes_2010_2019_MPO
100916860,2015-08-03,2015,,94.0,,,0,0,N,0.0,0.0,0.0,,,,,,,,35.92323,-86.87031,False,Crashes_2010_2019_MPO
101885594,2018-01-12,2018,,19.0,,,0,0,N,0.0,0.0,0.0,,,,,,,,36.04367,-86.71264,False,Crashes_2010_2019_MPO
102314767,2019-02-25,2019,,94.0,,,0,0,N,0.0,0.0,0.0,,,,,,,,35.94821,-86.81995,False,Crashes_2010_2019_MPO
101897053,2018-01-26,2018,,94.0,,,0,0,N,0.0,0.0,0.0,,,,,,,,36.0341,-86.81344,True,Crashes_2010_2019_MPO
101152604,2016-03-28,2016,,19.0,,,0,0,N,0.0,0.0,0.0,,,,,,,,35.99653,-86.68939,False,Crashes_2010_2019_MPO
102051103,2018-06-22,2018,,94.0,,,0,0,N,0.0,0.0,0.0,,,,,,,,35.9264,-86.8244,False,Crashes_2010_2019_MPO
100981841,2015-10-19,2015,,94.0,,,0,0,N,0.0,0.0,0.0,,,,,,,,35.95526,-86.82588,False,Crashes_2010_2019_MPO
101478802,2016-12-16,2016,,94.0,,,0,0,N,0.0,0.0,0.0,,,,,,,,35.92641,-86.82447,False,Crashes_2010_2019_MPO
100710471,2014-12-20,2014,,19.0,,,0,0,N,0.0,0.0,0.0,,,,,,,,36.03166,-86.74379,False,Crashes_2010_2019_MPO
100391455,2013-08-23,2013,,94.0,,,0,0,N,0.0,0.0,0.0,,,,,,,,35.93912,-86.79713,False,Crashes_2010_2019_MPO
101735540,2017-08-19,2017,,94.0,,,0,0,N,0.0,0.0,0.0,,,,,,,,35.96312,-86.81897,True,Crashes_2010_2019_MPO
101646137,2017-05-16,2017,,19.0,,,0,0,N,0.0,0.0,0.0,,,,,,,,36.04811,-86.74366,False,Crashes_2010_2019_MPO
101599628,2017-03-31,2017,,19.0,,,0,0,N,0.0,0.0,0.0,,,,,,,,36.05277,-86.71475,False,Crashes_2010_2019_MPO
101997980,2018-05-03,2018,,19.0,,,0,0,N,0.0,0.0,0.0,,,,,,,,36.04012,-86.78074,False,Crashes_2010_2019_MPO
101034902,2015-11-20,2015,,94.0,,,0,0,N,0.0,0.0,0.0,,,,,,,,36.033016,-86.785265,True,Crashes_2010_2019_MPO
100947210,2015-09-09,2015,,94.0,,,0,0,N,0.0,0.0,0.0,,,,,,,,35.95384,-86.81212,False,Crashes_2010_2019_MPO
101651864,2017-05-17,2017,,94.0,,,0,0,N,0.0,0.0,0.0,,,,,,,,35.97553,-86.80435,True,Crashes_2010_2019_MPO
101861701,2017-12-17,2017,,94.0,,,0,0,N,0.0,0.0,0.0,,,,,,,,36.03313,-86.78237,True,Crashes_2010_2019_MPO
102518651,2019-09-24,2019,,94.0,,,0,0,N,0.0,0.0,0.0,,,,,,,,35.96729,-86.80328,True,Crashes_2010_2019_MPO
100429163,2014-01-09,2014,,94.0,,,0,0,N,0.0,0.0,0.0,,,,,,,,36.01568,-86.82015,True,Crashes_2010_2019_MPO
100221673,2012-09-02,2012,,94.0,,,0,0,N,0.0,0.0,0.0,,,,,,,,35.96664,-86.80305,True,Crashes_2010_2019_MPO
100376357,2013-09-06,2013,,94.0,,,0,0,N,0.0,0.0,0.0,,,,,,,,35.95523,-86.82587,False,Crashes_2010_2019_MPO
102441596,2019-07-08,2019,,94.0,,,0,0,N,0.0,0.0,0.0,,,,,,,,35.99398,-86.76232,True,Crashes_2010_2019_MPO
100795045,2015-03-20,2015,,94.0,,,0,0,N,0.0,0.0,0.0,,,,,,,,35.94561,-86.82766,False,Crashes_2010_2019_MPO
101896750,2018-01-25,2018,,94.0,,,0,0,N,0.0,0.0,0.0,,,,,,,,35.95856,-86.81607,False,Crashes_2010_2019_MPO
100506942,2014-05-10,2014,,94.0,,,0,0,N,0.0,0.0,0.0,,,,,,,,35.94803,-86.86369,False,Crashes_2010_2019_MPO
100756024,2015-03-03,2015,,19.0,,,0,0,N,0.0,0.0,0.0,,,,,,,,36.03872,-86.73094,False,Crashes_2010_2019_MPO
100714084,2014-12-28,2014,,19.0,,,0,0,N,0.0,0.0,0.0,,,,,,,,36.05246,-86.70267,False,Crashes_2010_2019_MPO
100850958,2015-05-26,2015,,19.0,,,0,0,N,0.0,0.0,0.0,,,,,,,,36.04116,-86.77898,False,Crashes_2010_2019_MPO
101154907,2016-03-31,2016,,94.0,,,0,0,N,0.0,0.0,0.0,,,,,,,,35.96202,-86.81533,False,Crashes_2010_2019_MPO
101281899,2016-07-08,2016,,94.0,,,0,0,N,0.0,0.0,0.0,,,,,,,,35.96498,-86.79425,True,Crashes_2010_2019_MPO
101011318,2015-11-17,2015,,94.0,,,0,0,N,0.0,0.0,0.0,,,,,,,,35.98829,-86.73968,True,Crashes_2010_2019_MPO
100702602,2014-12-06,2014,,94.0,,,0,0,N,0.0,0.0,0.0,,,,,,,,35.92768,-86.86809,False,Crashes_2010_2019_MPO
101101194,2016-02-05,2016,,94.0,,,0,0,N,0.0,0.0,0.0,,,,,,,,35.92609,-86.87139,False,Crashes_2010_2019_MPO
101095640,2016-01-29,2016,,94.0,,,0,0,N,0.0,0.0,0.0,,,,,,,,35.94638,-86.8087,False,Crashes_2010_2019_MPO
100696068,2014-11-24,2014,,94.0,,,0,0,N,0.0,0.0,0.0,,,,,,,,35.95204,-86.81806,False,Crashes_2010_2019_MPO
101208953,2016-05-20,2016,,94.0,,,0,0,N,0.0,0.0,0.0,,,,,,,,35.966,-86.8064,True,Crashes_2010_2019_MPO
100857006,2015-06-07,2015,,94.0,,,0,0,N,0.0,0.0,0.0,,,,,,,,35.92514,-86.84385,False,Crashes_2010_2019_MPO
100428625,2014-01-08,2014,,94.0,,,0,0,N,0.0,0.0,0.0,,,,,,,,35.94873,-86.83188,False,Crashes_2010_2019_MPO
100381011,2013-09-19,2013,,94.0,,,0,0,N,0.0,0.0,0.0,,,,,,,,35.97316,-86.83085,True,Crashes_2010_2019_MPO
102187127,2018-10-23,2018,,19.0,,,0,0,N,0.0,0.0,0.0,,,,,,,,36.0479,-86.71357,False,Crashes_2010_2019_MPO
101237616,2016-06-02,2016,,94.0,,,0,0,N,0.0,0.0,0.0,,,,,,,,35.92363,-86.86937,False,Crashes_2010_2019_MPO
101186362,2016-05-03,2016,,19.0,,,0,0,Y,0.0,0.0,1.0,,,,,,,,36.03985,-86.77884,False,Crashes_2010_2019_MPO
101919750,2018-02-18,2018,,94.0,,,0,0,N,0.0,0.0,0.0,,,,,,,,35.95599,-86.81639,False,Crashes_2010_2019_MPO
101364508,2016-09-19,2016,,19.0,,,0,0,N,0.0,0.0,0.0,,,,,,,,36.04089,-86.74607,False,Crashes_2010_2019_MPO
101734935,2017-08-14,2017,,94.0,,,0,0,N,0.0,0.0,0.0,,,,,,,,35.94616,-86.80856,False,Crashes_2010_2019_MPO
102543936,2019-10-16,2019,,19.0,,,0,0,N,0.0,0.0,0.0,,,,,,,,36.03122,-86.87558,False,Crashes_2010_2019_MPO
102181630,2018-10-18,2018,,94.0,,,0,0,N,0.0,0.0,0.0,,,,,,,,35.96198,-86.81518,False,Crashes_2010_2019_MPO
102570823,2019-11-17,2019,,19.0,,,0,0,N,0.0,0.0,0.0,,,,,,,,36.04809,-86.71359,False,Crashes_2010_2019_MPO
100666490,2014-11-07,2014,,19.0,,,0,0,N,0.0,0.0,0.0,,,,,,,,36.04084,-86.77935,False,Crashes_2010_2019_MPO
100703846,2014-12-09,2014,,94.0,,,0,0,N,0.0,0.0,0.0,,,,,,,,36.03385,-86.80881,True,Crashes_2010_2019_MPO
100458121,2014-02-27,2014,,94.0,,,0,0,N,0.0,0.0,0.0,,,,,,,,35.9561,-86.81716,False,Crashes_2010_2019_MPO
100251899,2012-11-12,2012,,94.0,,,0,0,N,0.0,0.0,0.0,,,,,,,,35.98317,-86.71757,True,Crashes_2010_2019_MPO
100458740,2014-03-01,2014,,94.0,,,0,0,N,0.0,0.0,0.0,,,,,,,,35.94069,-86.85653,False,Crashes_2010_2019_MPO
101182641,2016-04-27,2016,,94.0,,,0,0,N,0.0,0.0,0.0,,,,,,,,35.94656,-86.82311,False,Crashes_2010_2019_MPO
101694668,2017-07-07,2017,,19.0,,,0,0,N,0.0,0.0,0.0,,,,,,,,36.03994,-86.74244,False,Crashes_2010_2019_MPO
101562344,2017-02-22,2017,,19.0,,,0,0,N,0.0,0.0,0.0,,,,,,,,36.04489,-86.70173,False,Crashes_2010_2019_MPO
102511265,2019-09-16,2019,,19.0,,,0,0,N,0.0,0.0,0.0,,,,,,,,36.03755,-86.78539,False,Crashes_2010_2019_MPO
101180323,2016-04-23,2016,,94.0,,,0,0,N,0.0,0.0,0.0,,,,,,,,35.93399,-86.84724,False,Crashes_2010_2019_MPO
100925996,2015-08-19,2015,,94.0,,,0,0,N,0.0,0.0,0.0,,,,,,,,35.99855,-86.8052,True,Crashes_2010_2019_MPO
102536004,2019-10-11,2019,,94.0,,,0,0,N,0.0,0.0,0.0,,,,,,,,36.01385,-86.83768,True,Crashes_2010_2019_MPO
100975334,2015-10-08,2015,,94.0,,,0,0,N,0.0,0.0,0.0,,,,,,,,35.92321,-86.87307,False,Crashes_2010_2019_MPO
101752527,2017-09-06,2017,,94.0,,,0,0,N,0.0,0.0,0.0,,,,,,,,36.035548,-86.79098,True,Crashes_2010_2019_MPO
100659654,2014-10-26,2014,,94.0,,,0,0,N,0.0,0.0,0.0,,,,,,,,35.94796,-86.69938,False,Crashes_2010_2019_MPO
101955511,2018-03-25,2018,,19.0,,,0,0,N,0.0,0.0,0.0,,,,,,,,36.03731,-86.71606,False,Crashes_2010_2019_MPO
100679110,2014-11-12,2014,,19.0,,,0,0,N,0.0,0.0,0.0,,,,,,,,36.04561,-86.71976,False,Crashes_2010_2019_MPO
102304638,2019-02-13,2019,,19.0,,,0,0,N,0.0,0.0,0.0,,,,,,,,36.05473,-86.74162,False,Crashes_2010_2019_MPO
102562646,2019-11-08,2019,,94.0,,,0,0,N,0.0,0.0,0.0,,,,,,,,35.93536,-86.83964,False,Crashes_2010_2019_MPO
101685727,2017-06-28,2017,,94.0,,,0,0,N,0.0,0.0,0.0,,,,,,,,36.0332,-86.78554,True,Crashes_2010_2019_MPO
100725876,2015-01-22,2015,,19.0,,,0,0,N,0.0,0.0,0.0,,,,,,,,36.03187,-86.78343,True,Crashes_2010_2019_MPO
101889078,2018-01-17,2018,,94.0,,,0,0,N,0.0,0.0,0.0,,,,,,,,36.02002,-86.73063,False,Crashes_2010_2019_MPO
101719162,2017-08-03,2017,,94.0,,,0,0,N,0.0,0.0,0.0,,,,,,,,35.96653,-86.80932,True,Crashes_2010_2019_MPO
100185799,2012-05-23,2012,,94.0,,,0,0,N,0.0,0.0,0.0,,,,,,,,36.00761,-86.78728,True,Crashes_2010_2019_MPO
101462755,2016-11-28,2016,,94.0,,,0,0,N,0.0,0.0,0.0,,,,,,,,35.99564,-86.78028,True,Crashes_2010_2019_MPO
102568005,2019-11-14,2019,,94.0,,,0,0,N,0.0,0.0,0.0,,,,,,,,36.03356,-86.7839,True,Crashes_2010_2019_MPO
101301904,2016-07-24,2016,,19.0,,,0,0,N,0.0,0.0,0.0,,,,,,,,36.03996,-86.78131,False,Crashes_2010_2019_MPO
101776701,2017-09-29,2017,,19.0,,,0,0,N,0.0,0.0,0.0,,,,,,,,36.02513,-86.68924,False,Crashes_2010_2019_MPO
100728449,2015-01-27,2015,,94.0,,,0,0,N,0.0,0.0,0.0,,,,,,,,35.9529,-86.807,False,Crashes_2010_2019_MPO
100269621,2012-12-21,2012,,94.0,,,0,0,N,0.0,0.0,0.0,,,,,,,,35.9649,-86.79312,True,Crashes_2010_2019_MPO
102364631,2019-04-17,2019,,94.0,,,0,0,N,0.0,0.0,0.0,,,,,,,,35.94798,-86.81714,False,Crashes_2010_2019_MPO
102244180,2018-12-12,2018,,94.0,,,0,0,N,0.0,0.0,0.0,,,,,,,,35.93812,-86.82194,False,Crashes_2010_2019_MPO
100878885,2015-06-30,2015,,19.0,,,0,0,N,0.0,0.0,0.0,,,,,,,,36.04098,-86.77941,False,Crashes_2010_2019_MPO
100911088,2015-07-23,2015,,19.0,,,0,0,N,0.0,0.0,0.0,,,,,,,,36.01355,-86.71495,False,Crashes_2010_2019_MPO
101804357,2017-10-26,2017,,19.0,,,0,0,N,0.0,0.0,0.0,,,,,,,,36.03969,-86.76221,False,Crashes_2010_2019_MPO
101123129,2016-02-26,2016,,19.0,,,0,0,N,0.0,0.0,0.0,,,,,,,,36.04537,-86.71326,False,Crashes_2010_2019_MPO
100479518,2014-03-28,2014,,94.0,,,0,0,Y,0.0,0.0,1.0,,,,,,,,35.92699,-86.87384,False,Crashes_2010_2019_MPO
101502458,2017-01-12,2017,,94.0,,,0,0,N,0.0,0.0,0.0,,,,,,,,36.00008,-86.74304,True,Crashes_2010_2019_MPO
101424105,2016-10-26,2016,,94.0,,,0,0,N,0.0,0.0,0.0,,,,,,,,35.93587,-86.85995,False,Crashes_2010_2019_MPO
100127372,2011-12-14,2011,,94.0,,,0,0,N,0.0,0.0,0.0,,,,,,,,36.00454,-86.79044,True,Crashes_2010_2019_MPO
100773866,2015-03-18,2015,,94.0,,,0,0,N,0.0,0.0,0.0,,,,,,,,36.00288,-86.72859,True,Crashes_2010_2019_MPO
101889906,2018-01-18,2018,,94.0,,,0,0,N,0.0,0.0,0.0,,,,,,,,35.94872,-86.81967,False,Crashes_2010_2019_MPO
102088746,2018-07-27,2018,,94.0,,,0,0,N,0.0,0.0,0.0,,,,,,,,35.96753,-86.80826,True,Crashes_2010_2019_MPO
100643641,2014-10-15,2014,,19.0,,,0,0,N,0.0,0.0,0.0,,,,,,,,36.03856,-86.74346,False,Crashes_2010_2019_MPO
100254589,2012-11-17,2012,,94.0,,,0,0,N,0.0,0.0,0.0,,,,,,,,35.97211,-86.86426,False,Crashes_2010_2019_MPO
101363501,2016-09-16,2016,,94.0,,,0,0,N,0.0,0.0,0.0,,,,,,,,35.96133,-86.81226,False,Crashes_2010_2019_MPO
101079203,2016-01-15,2016,,94.0,,,0,0,N,0.0,0.0,0.0,,,,,,,,36.01512,-86.78584,True,Crashes_2010_2019_MPO
101496688,2017-01-05,2017,,94.0,,,0,0,N,0.0,0.0,0.0,,,,,,,,35.92577,-86.87297,False,Crashes_2010_2019_MPO
101232759,2016-05-21,2016,,19.0,,,0,0,N,0.0,0.0,0.0,,,,,,,,36.04648,-86.71339,False,Crashes_2010_2019_MPO
100357576,2013-07-22,2013,,94.0,,,0,0,N,0.0,0.0,0.0,,,,,,,,35.96716,-86.81405,True,Crashes_2010_2019_MPO
100737069,2015-02-14,2015,,19.0,,,0,0,N,0.0,0.0,0.0,,,,,,,,36.04047,-86.76997,False,Crashes_2010_2019_MPO
102520093,2019-09-25,2019,,19.0,,,0,0,N,0.0,0.0,0.0,,,,,,,,36.04621,-86.71336,False,Crashes_2010_2019_MPO
101660867,2017-05-31,2017,,94.0,,,0,0,N,0.0,0.0,0.0,,,,,,,,35.97709,-86.7629,True,Crashes_2010_2019_MPO
100331806,2013-05-21,2013,,19.0,,,0,0,N,0.0,0.0,0.0,,,,,,,,36.03521,-86.78691,True,Crashes_2010_2019_MPO
101505295,2017-01-14,2017,,94.0,,,0,0,N,0.0,0.0,0.0,,,,,,,,35.96512,-86.72717,True,Crashes_2010_2019_MPO
102550739,2019-10-27,2019,,19.0,,,0,0,N,0.0,0.0,0.0,,,,,,,,36.0411,-86.74373,False,Crashes_2010_2019_MPO
100280819,2013-01-17,2013,,94.0,,,0,0,N,0.0,0.0,0.0,,,,,,,,35.96539,-86.79781,True,Crashes_2010_2019_MPO
102254268,2018-12-21,2018,,94.0,,,0,0,N,0.0,0.0,0.0,,,,,,,,35.9583,-86.8023,False,Crashes_2010_2019_MPO
101825708,2017-11-10,2017,,94.0,,,0,0,N,0.0,0.0,0.0,,,,,,,,35.9974,-86.79678,True,Crashes_2010_2019_MPO
100382296,2013-09-22,2013,,94.0,,,0,0,N,0.0,0.0,0.0,,,,,,,,35.92556,-86.87281,False,Crashes_2010_2019_MPO
101528974,2017-01-19,2017,,94.0,,,0,0,N,0.0,0.0,0.0,,,,,,,,36.02806,-86.78422,True,Crashes_2010_2019_MPO
100723114,2015-01-16,2015,,94.0,,,0,0,N,0.0,0.0,0.0,,,,,,,,35.96654,-86.81,True,Crashes_2010_2019_MPO
101467463,2016-12-04,2016,,19.0,,,0,0,N,0.0,0.0,0.0,,,,,,,,36.04178,-86.7824,False,Crashes_2010_2019_MPO
101651032,2017-05-21,2017,,94.0,,,0,0,N,0.0,0.0,0.0,,,,,,,,35.99922,-86.80923,True,Crashes_2010_2019_MPO
101584440,2017-03-16,2017,,94.0,,,0,0,N,0.0,0.0,0.0,,,,,,,,35.96653,-86.80932,True,Crashes_2010_2019_MPO
102006807,2018-05-10,2018,,94.0,,,0,0,Y,0.0,0.0,1.0,,,,,,,,36.01896,-86.75172,True,Crashes_2010_2019_MPO
100668518,2014-11-11,2014,,94.0,,,0,0,N,0.0,0.0,0.0,,,,,,,,35.99004,-86.74527,True,Crashes_2010_2019_MPO
100854840,2015-05-30,2015,,94.0,,,0,0,N,0.0,0.0,0.0,,,,,,,,35.9261,-86.8714,False,Crashes_2010_2019_MPO
100465491,2014-03-17,2014,,94.0,,,0,0,N,0.0,0.0,0.0,,,,,,,,36.01289,-86.80078,True,Crashes_2010_2019_MPO
102501064,2019-09-05,2019,,94.0,,,0,0,N,0.0,0.0,0.0,,,,,,,,35.94005,-86.83114,False,Crashes_2010_2019_MPO
100015859,2010-11-15,2010,,94.0,,,0,0,N,0.0,0.0,0.0,,,,,,,,35.993151,-86.713661,True,Crashes_2010_2019_MPO
101737715,2017-08-21,2017,,19.0,,,0,0,N,0.0,0.0,0.0,,,,,,,,36.0358,-86.78319,False,Crashes_2010_2019_MPO
102589306,2019-12-05,2019,,19.0,,,0,0,N,0.0,0.0,0.0,,,,,,,,36.0374,-86.78657,False,Crashes_2010_2019_MPO
102395454,2019-05-21,2019,,94.0,,,0,0,N,0.0,0.0,0.0,,,,,,,,35.94288,-86.82094,False,Crashes_2010_2019_MPO
101182402,2016-04-26,2016,,94.0,,,0,0,N,0.0,0.0,0.0,,,,,,,,35.92416,-86.87111,False,Crashes_2010_2019_MPO
102404518,2019-05-30,2019,,19.0,,,0,0,N,0.0,0.0,0.0,,,,,,,,36.0456,-86.85477,False,Crashes_2010_2019_MPO
101690674,2017-07-03,2017,,19.0,,,0,0,N,0.0,0.0,0.0,,,,,,,,36.04561,-86.71977,False,Crashes_2010_2019_MPO
101397197,2016-10-06,2016,,19.0,,,0,0,N,0.0,0.0,0.0,,,,,,,,36.04102,-86.78231,False,Crashes_2010_2019_MPO
100361020,2013-07-31,2013,,94.0,,,0,0,N,0.0,0.0,0.0,,,,,,,,35.97322,-86.83318,True,Crashes_2010_2019_MPO
100509488,2014-05-15,2014,,94.0,,,0,0,N,0.0,0.0,0.0,,,,,,,,35.92846,-86.75676,False,Crashes_2010_2019_MPO
101732094,2017-08-16,2017,,94.0,,,0,0,N,0.0,0.0,0.0,,,,,,,,35.9736,-86.8048,True,Crashes_2010_2019_MPO
102040062,2018-06-11,2018,,94.0,,,0,0,N,0.0,0.0,0.0,,,,,,,,35.97182,-86.82584,True,Crashes_2010_2019_MPO
101824318,2017-11-09,2017,,94.0,,,0,0,N,0.0,0.0,0.0,,,,,,,,35.9879,-86.68101,False,Crashes_2010_2019_MPO
101002812,2015-11-04,2015,,19.0,,,0,0,N,0.0,0.0,0.0,,,,,,,,36.03164,-86.71266,False,Crashes_2010_2019_MPO
100631834,2014-09-21,2014,,19.0,,,0,0,N,0.0,0.0,0.0,,,,,,,,36.04529,-86.71438,False,Crashes_2010_2019_MPO
100664534,2014-11-04,2014,,94.0,,,0,0,N,0.0,0.0,0.0,,,,,,,,35.97727,-86.72555,True,Crashes_2010_2019_MPO
102243916,2018-12-12,2018,,19.0,,,0,0,N,0.0,0.0,0.0,,,,,,,,36.05116,-86.74077,False,Crashes_2010_2019_MPO
102013525,2018-05-17,2018,,19.0,,,0,0,N,0.0,0.0,0.0,,,,,,,,36.05335,-86.72482,False,Crashes_2010_2019_MPO
102179628,2018-10-16,2018,,19.0,,,0,0,N,0.0,0.0,0.0,,,,,,,,36.04142,-86.77996,False,Crashes_2010_2019_MPO
102224081,2018-11-20,2018,,94.0,,,0,0,N,0.0,0.0,0.0,,,,,,,,36.02002,-86.78697,True,Crashes_2010_2019_MPO
102576118,2019-11-13,2019,,94.0,,,0,0,Y,0.0,0.0,1.0,,,,,,,,36.00417,-86.79083,True,Crashes_2010_2019_MPO
101077689,2016-01-15,2016,,94.0,,,0,0,N,0.0,0.0,0.0,,,,,,,,35.92834,-86.76595,False,Crashes_2010_2019_MPO
100368772,2013-08-19,2013,,94.0,,,0,0,N,0.0,0.0,0.0,,,,,,,,35.9583,-86.80229,False,Crashes_2010_2019_MPO
100410484,2013-11-23,2013,,94.0,,,0,0,N,0.0,0.0,0.0,,,,,,,,35.94689,-86.85175,False,Crashes_2010_2019_MPO
102201672,2018-11-05,2018,,19.0,,,0,0,N,0.0,0.0,0.0,,,,,,,,36.04914,-86.71374,False,Crashes_2010_2019_MPO
101638805,2017-05-09,2017,,19.0,,,0,0,N,0.0,0.0,0.0,,,,,,,,36.05091,-86.77464,False,Crashes_2010_2019_MPO
100159866,2012-03-20,2012,,94.0,,,0,0,N,0.0,0.0,0.0,,,,,,,,35.99438,-86.79783,True,Crashes_2010_2019_MPO
100634773,2014-09-27,2014,,94.0,,,0,0,N,0.0,0.0,0.0,,,,,,,,35.98304,-86.80199,True,Crashes_2010_2019_MPO
101039864,2015-11-04,2015,,19.0,,,0,0,N,0.0,0.0,0.0,,,,,,,,36.03906,-86.78374,False,Crashes_2010_2019_MPO
100807213,2015-04-13,2015,,94.0,,,0,0,N,0.0,0.0,0.0,,,,,,,,36.01528,-86.8153,True,Crashes_2010_2019_MPO
101483546,2016-12-21,2016,,94.0,,,0,0,N,0.0,0.0,0.0,,,,,,,,35.96603,-86.81389,False,Crashes_2010_2019_MPO
101849294,2017-12-05,2017,,94.0,,,0,0,N,0.0,0.0,0.0,,,,,,,,36.01819,-86.77285,True,Crashes_2010_2019_MPO
100837393,2015-05-12,2015,,94.0,,,0,0,N,0.0,0.0,0.0,,,,,,,,35.9379,-86.82191,False,Crashes_2010_2019_MPO
102485443,2019-08-22,2019,,94.0,,,0,0,Y,0.0,0.0,1.0,,,,,,,,35.95298,-86.84679,False,Crashes_2010_2019_MPO
102350738,2019-04-05,2019,,19.0,,,0,0,N,0.0,0.0,0.0,,,,,,,,36.03742,-86.78301,False,Crashes_2010_2019_MPO
100700765,2014-12-03,2014,,94.0,,,0,0,N,0.0,0.0,0.0,,,,,,,,35.95211,-86.81841,False,Crashes_2010_2019_MPO
102548658,2019-10-25,2019,,19.0,,,0,0,N,0.0,0.0,0.0,,,,,,,,36.04353,-86.75275,False,Crashes_2010_2019_MPO
102044331,2018-06-15,2018,,94.0,,,0,1,N,0.0,1.0,0.0,,,,,,,,35.92448,-86.87022,False,Crashes_2010_2019_MPO
100314083,2013-04-09,2013,,94.0,,,0,0,N,0.0,0.0,0.0,,,,,,,,35.92405,-86.86991,False,Crashes_2010_2019_MPO
101064007,2015-12-21,2015,,19.0,,,0,0,N,0.0,0.0,0.0,,,,,,,,36.0269,-86.68083,False,Crashes_2010_2019_MPO
101998524,2018-05-03,2018,,19.0,,,0,0,N,0.0,0.0,0.0,,,,,,,,36.01651,-86.70656,False,Crashes_2010_2019_MPO
100200003,2012-07-10,2012,,94.0,,,0,0,Y,0.0,0.0,1.0,,,,,,,,35.95391,-86.72117,False,Crashes_2010_2019_MPO
102095724,2018-08-02,2018,,19.0,,,0,0,N,0.0,0.0,0.0,,,,,,,,36.0374,-86.79099,False,Crashes_2010_2019_MPO
101959215,2018-03-29,2018,,94.0,,,0,0,N,0.0,0.0,0.0,,,,,,,,35.92633,-86.82347,False,Crashes_2010_2019_MPO
102020114,2018-05-23,2018,,94.0,,,0,0,N,0.0,0.0,0.0,,,,,,,,35.95173,-86.80751,False,Crashes_2010_2019_MPO
102426418,2019-06-23,2019,,19.0,,,0,0,N,0.0,0.0,0.0,,,,,,,,36.05151,-86.71436,False,Crashes_2010_2019_MPO
101782072,2017-10-04,2017,,94.0,,,0,0,N,0.0,0.0,0.0,,,,,,,,35.92419,-86.824,False,Crashes_2010_2019_MPO
102115831,2018-08-20,2018,,94.0,,,0,0,N,0.0,0.0,0.0,,,,,,,,35.94896,-86.7496,True,Crashes_2010_2019_MPO
101764160,2017-09-18,2017,,94.0,,,0,0,N,0.0,0.0,0.0,,,,,,,,35.9638,-86.80842,False,Crashes_2010_2019_MPO
100858412,2015-06-10,2015,,94.0,,,0,0,N,0.0,0.0,0.0,,,,,,,,35.93634,-86.85961,False,Crashes_2010_2019_MPO
100694686,2014-11-22,2014,,19.0,,,0,0,N,0.0,0.0,0.0,,,,,,,,36.01947,-86.70387,False,Crashes_2010_2019_MPO
100913614,2015-07-28,2015,,19.0,,,0,0,N,0.0,0.0,0.0,,,,,,,,36.04048,-86.78099,False,Crashes_2010_2019_MPO
102283149,2019-01-21,2019,,19.0,,,0,0,N,0.0,0.0,0.0,,,,,,,,36.05174,-86.70501,False,Crashes_2010_2019_MPO
101331050,2016-08-19,2016,,94.0,,,0,0,N,0.0,0.0,0.0,,,,,,,,35.99781,-86.79886,True,Crashes_2010_2019_MPO
102477868,2019-08-14,2019,,19.0,,,0,0,N,0.0,0.0,0.0,,,,,,,,36.05476,-86.69407,False,Crashes_2010_2019_MPO
100996058,2015-10-25,2015,,19.0,,,0,0,N,0.0,0.0,0.0,,,,,,,,36.04028,-86.76837,False,Crashes_2010_2019_MPO
102453426,2019-07-20,2019,,94.0,,,0,0,N,0.0,0.0,0.0,,,,,,,,35.94663,-86.81439,False,Crashes_2010_2019_MPO