mstrrecnbr,collision_ts,year,county,countystat,crash,crash_type,fatalities,non_motorists,commercial,fatal_c,nonmotor_c,truck_c,fatalc,serious_injuries,ped,bike,lighting,weather,first_harmful_event,latitude,longitude,in_city,src_layer
102159883,2018-09-24,2018,,94.0,,,0,0,N,0.0,0.0,0.0,,,,,,,,35.94717,-86.82154,False,Crashes_2010_2019_MPO
101195159,2016-05-15,2016,,19.0,,,0,0,N,0.0,0.0,0.0,,,,,,,,36.04545,-86.704,False,Crashes_2010_2019_MPO
102304701,2019-02-13,2019,,19.0,,,0,1,N,0.0,1.0,0.0,,,,,,,,36.04424,-86.71313,False,Crashes_2010_2019_MPO
102124274,2018-08-26,2018,,94.0,,,0,0,N,0.0,0.0,0.0,,,,,,,,35.94687,-86.85168,False,Crashes_2010_2019_MPO
101067919,2015-12-28,2015,,94.0,,,0,0,N,0.0,0.0,0.0,,,,,,,,36.01286,-86.80081,True,Crashes_2010_2019_MPO
101775504,2017-09-29,2017,,94.0,,,0,0,N,0.0,0.0,0.0,,,,,,,,36.00821,-86.78035,True,Crashes_2010_2019_MPO
102614070,2019-12-28,2019,,94.0,,,0,0,N,0.0,0.0,0.0,,,,,,,,36.0326,-86.78359,True,Crashes_2010_2019_MPO
102211210,2018-11-14,2018,,94.0,,,0,0,N,0.0,0.0,0.0,,,,,,,,35.99849,-86.80471,True,Crashes_2010_2019_MPO
101750910,2017-09-03,2017,,94.0,,,0,0,N,0.0,0.0,0.0,,,,,,,,35.96713,-86.81336,True,Crashes_2010_2019_MPO
101071123,2016-01-01,2016,,94.0,,,0,0,N,0.0,0.0,0.0,,,,,,,,35.94688,-86.82184,False,Crashes_2010_2019_MPO
101180300,2016-04-23,2016,,19.0,,,0,0,N,0.0,0.0,0.0,,,,,,,,36.04436,-86.84649,False,Crashes_2010_2019_MPO
101908896,2018-02-06,2018,,94.0,,,0,0,N,0.0,0.0,0.0,,,,,,,,35.93377,-86.8196,False,Crashes_2010_2019_MPO
101008863,2015-11-13,2015,,94.0,,,0,0,N,0.0,0.0,0.0,,,,,,,,35.98567,-86.7378,True,Crashes_2010_2019_MPO
102072419,2018-07-12,2018,,19.0,,,0,0,N,0.0,0.0,0.0,,,,,,,,36.04089,-86.74369,False,Crashes_2010_2019_MPO
100884967,2015-07-10,2015,,94.0,,,0,0,N,0.0,0.0,0.0,,,,,,,,35.92547,-86.8728,False,Crashes_2010_2019_MPO
102534489,2019-10-03,2019,,94.0,,,0,0,N,0.0,0.0,0.0,,,,,,,,35.99156,-86.79881,True,Crashes_2010_2019_MPO
102299081,2019-02-06,2019,,19.0,,,0,0,N,0.0,0.0,0.0,,,,,,,,36.04417,-86.78067,False,Crashes_2010_2019_MPO
102446169,2019-07-13,2019,,19.0,,,0,0,N,0.0,0.0,0.0,,,,,,,,36.02579,-86.70271,False,Crashes_2010_2019_MPO
100402318,2013-11-08,2013,,94.0,,,0,0,N,0.0,0.0,0.0,,,,,,,,35.96513,-86.81645,True,Crashes_2010_2019_MPO
102375939,2019-04-30,2019,,19.0,,,0,0,N,0.0,0.0,0.0,,,,,,,,36.04114,-86.7826,False,Crashes_2010_2019_MPO
102041421,2018-06-12,2018,,94.0,,,0,0,N,0.0,0.0,0.0,,,,,,,,35.96074,-86.80181,False,Crashes_2010_2019_MPO
101043638,2015-12-05,2015,,94.0,,,0,0,N,0.0,0.0,0.0,,,,,,,,35.959,-86.8142,False,Crashes_2010_2019_MPO
101457180,2016-11-22,2016,,19.0,,,0,0,N,0.0,0.0,0.0,,,,,,,,36.03781,-86.79575,False,Crashes_2010_2019_MPO
101196402,2016-05-17,2016,,19.0,,,0,0,N,0.0,0.0,0.0,,,,,,,,35.9912,-86.68348,False,Crashes_2010_2019_MPO
102565156,2019-11-11,2019,,94.0,,,0,0,N,0.0,0.0,0.0,,,,,,,,35.99079,-86.75111,True,Crashes_2010_2019_MPO
100849408,2015-05-22,2015,,94.0,,,0,0,N,0.0,0.0,0.0,,,,,,,,35.96641,-86.81126,False,Crashes_2010_2019_MPO
102610855,2019-12-29,2019,,19.0,,,0,0,N,0.0,0.0,0.0,,,,,,,,36.01846,-86.7086,False,Crashes_2010_2019_MPO
101276637,2016-06-30,2016,,19.0,,,0,0,N,0.0,0.0,0.0,,,,,,,,35.99736,-86.69057,False,Crashes_2010_2019_MPO
101880149,2018-01-05,2018,,94.0,,,0,0,N,0.0,0.0,0.0,,,,,,,,35.962,-86.85378,False,Crashes_2010_2019_MPO
100396835,2013-10-27,2013,,94.0,,,0,0,N,0.0,0.0,0.0,,,,,,,,35.92254,-86.87194,False,Crashes_2010_2019_MPO
101848321,2017-12-03,2017,,94.0,,,0,1,N,0.0,1.0,0.0,,,,,,,,35.94755,-86.82104,False,Crashes_2010_2019_MPO
102431297,2019-06-27,2019,,94.0,,,0,0,N,0.0,0.0,0.0,,,,,,,,35.93256,-86.81953,False,Crashes_2010_2019_MPO
100819947,2015-04-18,2015,,19.0,,,0,0,N,0.0,0.0,0.0,,,,,,,,36.0118,-86.68295,False,Crashes_2010_2019_MPO
102080905,2018-07-20,2018,,94.0,,,0,0,N,0.0,0.0,0.0,,,,,,,,35.93453,-86.79986,False,Crashes_2010_2019_MPO
100938979,2015-08-24,2015,,94.0,,,0,0,N,0.0,0.0,0.0,,,,,,,,35.94338,-86.85448,False,Crashes_2010_2019_MPO
100431200,2014-01-14,2014,,94.0,,,0,0,N,0.0,0.0,0.0,,,,,,,,35.95739,-86.82547,False,Crashes_2010_2019_MPO
102498723,2019-09-04,2019,,94.0,,,0,0,N,0.0,0.0,0.0,,,,,,,,35.94017,-86.82131,False,Crashes_2010_2019_MPO
101588055,2017-03-19,2017,,94.0,,,0,0,N,0.0,0.0,0.0,,,,,,,,35.96549,-86.81407,False,Crashes_2010_2019_MPO
100423837,2013-12-24,2013,,94.0,,,0,0,N,0.0,0.0,0.0,,,,,,,,35.94873,-86.83188,False,Crashes_2010_2019_MPO
101793046,2017-10-15,2017,,94.0,,,0,0,N,0.0,0.0,0.0,,,,,,,,36.0223,-86.84837,True,Crashes_2010_2019_MPO
100421081,2013-12-16,2013,,94.0,,,0,0,N,0.0,0.0,0.0,,,,,,,,35.92261,-86.87223,False,Crashes_2010_2019_MPO
102371866,2019-04-25,2019,,94.0,,,0,0,N,0.0,0.0,0.0,,,,,,,,35.92903,-86.84707,False,Crashes_2010_2019_MPO
101942254,2018-03-09,2018,,94.0,,,0,0,N,0.0,0.0,0.0,,,,,,,,35.96136,-86.81234,False,Crashes_2010_2019_MPO
101990107,2018-04-26,2018,,19.0,,,0,0,N,0.0,0.0,0.0,,,,,,,,36.04739,-86.7135,False,Crashes_2010_2019_MPO
101399965,2016-10-09,2016,,94.0,,,0,0,N,0.0,0.0,0.0,,,,,,,,35.94908,-86.81974,False,Crashes_2010_2019_MPO
102212284,2018-11-15,2018,,19.0,,,0,0,N,0.0,0.0,0.0,,,,,,,,36.04012,-86.78074,False,Crashes_2010_2019_MPO
100614173,2014-09-03,2014,,94.0,,,0,0,N,0.0,0.0,0.0,,,,,,,,36.01262,-86.80097,True,Crashes_2010_2019_MPO
100682577,2014-11-18,2014,,94.0,,,0,0,N,0.0,0.0,0.0,,,,,,,,35.92529,-86.86916,False,Crashes_2010_2019_MPO
101695508,2017-07-08,2017,,19.0,,,0,0,N,0.0,0.0,0.0,,,,,,,,36.0252,-86.68018,False,Crashes_2010_2019_MPO
101400324,2016-10-10,2016,,19.0,,,0,0,N,0.0,0.0,0.0,,,,,,,,36.04737,-86.77622,False,Crashes_2010_2019_MPO
102566298,2019-11-12,2019,,19.0,,,0,0,N,0.0,0.0,0.0,,,,,,,,36.05304,-86.71101,False,Crashes_2010_2019_MPO
101364446,2016-09-10,2016,,19.0,,,0,0,N,0.0,0.0,0.0,,,,,,,,36.04002,-86.74348,False,Crashes_2010_2019_MPO
101178696,2016-04-21,2016,,94.0,,,0,0,N,0.0,0.0,0.0,,,,,,,,35.94769,-86.81402,False,Crashes_2010_2019_MPO
102364567,2019-04-18,2019,,94.0,,,0,0,N,0.0,0.0,0.0,,,,,,,,36.03319,-86.7876,True,Crashes_2010_2019_MPO
100916732,2015-08-03,2015,,94.0,,,0,0,N,0.0,0.0,0.0,,,,,,,,36.03451,-86.8027,True,Crashes_2010_2019_MPO
101530614,2017-01-20,2017,,94.0,,,0,0,N,0.0,0.0,0.0,,,,,,,,35.96978,-86.72443,True,Crashes_2010_2019_MPO
102078223,2018-07-17,2018,,94.0,,,0,0,N,0.0,0.0,0.0,,,,,,,,35.96845,-86.81905,True,Crashes_2010_2019_MPO
102542431,2019-10-19,2019,,19.0,,,0,0,N,0.0,0.0,0.0,,,,,,,,36.01585,-86.71538,False,Crashes_2010_2019_MPO
102506841,2019-09-12,2019,,19.0,,,0,0,N,0.0,0.0,0.0,,,,,,,,36.03605,-86.78716,True,Crashes_2010_2019_MPO
100608496,2014-08-21,2014,,94.0,,,0,0,N,0.0,0.0,0.0,,,,,,,,35.94864,-86.81971,False,Crashes_2010_2019_MPO
102004165,2018-05-08,2018,,94.0,,,0,0,N,0.0,0.0,0.0,,,,,,,,35.95209,-86.81805,False,Crashes_2010_2019_MPO
100679540,2014-11-13,2014,,94.0,,,0,0,N,0.0,0.0,0.0,,,,,,,,35.94825,-86.76637,True,Crashes_2010_2019_MPO
101098716,2016-02-03,2016,,19.0,,,0,0,N,0.0,0.0,0.0,,,,,,,,36.04475,-86.8481,False,Crashes_2010_2019_MPO
102018398,2018-05-22,2018,,94.0,,,0,0,N,0.0,0.0,0.0,,,,,,,,36.00492,-86.79005,True,Crashes_2010_2019_MPO
100349809,2013-07-03,2013,,94.0,,,0,0,N,0.0,0.0,0.0,,,,,,,,35.97332,-86.83308,True,Crashes_2010_2019_MPO
100718708,2014-12-29,2014,,94.0,,,0,0,N,0.0,0.0,0.0,,,,,,,,35.92701,-86.76726,False,Crashes_2010_2019_MPO
102264204,2018-12-24,2018,,94.0,,,0,0,N,0.0,0.0,0.0,,,,,,,,35.95554,-86.81127,False,Crashes_2010_2019_MPO
102409409,2019-06-04,2019,,19.0,,,0,0,N,0.0,0.0,0.0,,,,,,,,36.04023,-86.76797,False,Crashes_2010_2019_MPO
101164787,2016-04-15,2016,,94.0,,,0,0,N,0.0,0.0,0.0,,,,,,,,35.93854,-86.76799,False,Crashes_2010_2019_MPO
100486722,2014-04-14,2014,,94.0,,,0,0,N,0.0,0.0,0.0,,,,,,,,35.99644,-86.788,True,Crashes_2010_2019_MPO
101152145,2016-03-26,2016,,19.0,,,0,0,N,0.0,0.0,0.0,,,,,,,,36.04127,-86.77812,False,Crashes_2010_2019_MPO
102609833,2019-12-28,2019,,94.0,,,0,0,N,0.0,0.0,0.0,,,,,,,,35.98728,-86.75238,True,Crashes_2010_2019_MPO
102013068,2018-05-17,2018,,94.0,,,0,0,N,0.0,0.0,0.0,,,,,,,,35.94922,-86.68667,False,Crashes_2010_2019_MPO
101723586,2017-08-06,2017,,94.0,,,0,0,N,0.0,0.0,0.0,,,,,,,,35.92591,-86.87177,False,Crashes_2010_2019_MPO
102435207,2019-07-02,2019,,94.0,,,0,0,N,0.0,0.0,0.0,,,,,,,,35.96705,-86.81355,True,Crashes_2010_2019_MPO
101963715,2018-04-01,2018,,19.0,,,0,0,N,0.0,0.0,0.0,,,,,,,,36.0269,-86.68083,False,Crashes_2010_2019_MPO
100234257,2012-10-03,2012,,94.0,,,0,0,N,0.0,0.0,0.0,,,,,,,,35.96669,-86.80913,True,Crashes_2010_2019_MPO
101105318,2016-02-13,2016,,94.0,,,0,0,N,0.0,0.0,0.0,,,,,,,,35.95741,-86.81091,False,Crashes_2010_2019_MPO
102066191,2018-07-06,2018,,94.0,,,0,0,N,0.0,0.0,0.0,,,,,,,,35.9476,-86.81992,False,Crashes_2010_2019_MPO
102372691,2019-04-26,2019,,94.0,,,0,0,N,0.0,0.0,0.0,,,,,,,,35.96428,-86.77183,True,Crashes_2010_2019_MPO
101167987,2016-04-20,2016,,19.0,,,0,0,N,0.0,0.0,0.0,,,,,,,,36.03709,-86.79484,True,Crashes_2010_2019_MPO
100317202,2013-04-14,2013,,94.0,,,0,0,N,0.0,0.0,0.0,,,,,,,,35.96374,-86.8731,False,Crashes_2010_2019_MPO
100721446,2015-01-13,2015,,94.0,,,0,0,N,0.0,0.0,0.0,,,,,,,,35.9667,-86.81117,True,Crashes_2010_2019_MPO
102519599,2019-09-25,2019,,19.0,,,0,0,N,0.0,0.0,0.0,,,,,,,,36.02175,-86.74267,False,Crashes_2010_2019_MPO
102136886,2018-09-07,2018,,94.0,,,0,0,N,0.0,0.0,0.0,,,,,,,,35.95441,-86.81773,False,Crashes_2010_2019_MPO
101355736,2016-09-07,2016,,19.0,,,0,0,N,0.0,0.0,0.0,,,,,,,,36.03955,-86.7817,False,Crashes_2010_2019_MPO
100396035,2013-10-25,2013,,94.0,,,0,0,N,0.0,0.0,0.0,,,,,,,,35.94632,-86.8236,False,Crashes_2010_2019_MPO
101673668,2017-06-15,2017,,94.0,,,0,0,N,0.0,0.0,0.0,,,,,,,,35.92304,-86.81684,False,Crashes_2010_2019_MPO
100573196,2014-07-15,2014,,94.0,,,0,0,N,0.0,0.0,0.0,,,,,,,,35.97102,-86.72644,True,Crashes_2010_2019_MPO
102049578,2018-06-21,2018,,19.0,,,0,0,N,0.0,0.0,0.0,,,,,,,,36.03517,-86.76871,False,Crashes_2010_2019_MPO
101831081,2017-11-19,2017,,19.0,,,0,0,N,0.0,0.0,0.0,,,,,,,,36.04245,-86.71294,False,Crashes_2010_2019_MPO
102266634,2019-01-03,2019,,94.0,,,0,0,N,0.0,0.0,0.0,,,,,,,,35.92957,-86.84213,False,Crashes_2010_2019_MPO
100712345,2014-12-24,2014,,94.0,,,0,0,N,0.0,0.0,0.0,,,,,,,,35.94707,-86.8219,False,Crashes_2010_2019_MPO
101568650,2017-02-28,2017,,19.0,,,0,0,N,0.0,0.0,0.0,,,,,,,,36.04355,-86.78109,False,Crashes_2010_2019_MPO
100130315,2011-12-22,2011,,94.0,,,0,0,N,0.0,0.0,0.0,,,,,,,,35.99432,-86.69281,True,Crashes_2010_2019_MPO
101941075,2018-03-11,2018,,94.0,,,0,0,N,0.0,0.0,0.0,,,,,,,,35.94516,-86.87782,False,Crashes_2010_2019_MPO
101476627,2016-12-14,2016,,94.0,,,0,0,N,0.0,0.0,0.0,,,,,,,,36.01543,-86.81732,True,Crashes_2010_2019_MPO
100431643,2014-01-10,2014,,94.0,,,0,0,N,0.0,0.0,0.0,,,,,,,,35.94295,-86.80019,False,Crashes_2010_2019_MPO
100280720,2013-01-17,2013,,94.0,,,0,1,N,0.0,1.0,0.0,,,,,,,,35.96474,-86.81506,True,Crashes_2010_2019_MPO
101717446,2017-08-01,2017,,94.0,,,0,0,N,0.0,0.0,0.0,,,,,,,,36.00322,-86.78027,True,Crashes_2010_2019_MPO
101276264,2016-06-30,2016,,94.0,,,0,0,N,0.0,0.0,0.0,,,,,,,,36.04228,-86.86716,True,Crashes_2010_2019_MPO
102393040,2019-05-18,2019,,19.0,,,0,0,N,0.0,0.0,0.0,,,,,,,,36.04115,-86.8208,False,Crashes_2010_2019_MPO
101943199,2018-03-12,2018,,94.0,,,0,0,N,0.0,0.0,0.0,,,,,,,,35.96087,-86.68049,False,Crashes_2010_2019_MPO
100861339,2015-06-15,2015,,19.0,,,0,0,N,0.0,0.0,0.0,,,,,,,,36.05268,-86.69371,False,Crashes_2010_2019_MPO
102284640,2019-01-22,2019,,94.0,,,0,0,N,0.0,0.0,0.0,,,,,,,,35.92551,-86.87265,False,Crashes_2010_2019_MPO
100714997,2014-12-30,2014,,19.0,,,0,0,N,0.0,0.0,0.0,,,,,,,,36.04045,-86.7804,False,Crashes_2010_2019_MPO
101984137,2018-04-20,2018,,94.0,,,0,0,N,0.0,0.0,0.0,,,,,,,,35.9682,-86.82521,False,Crashes_2010_2019_MPO
101132405,2016-03-11,2016,,19.0,,,0,0,N,0.0,0.0,0.0,,,,,,,,36.0507,-86.71413,False,Crashes_2010_2019_MPO
101345640,2016-08-25,2016,,94.0,,,0,0,N,0.0,0.0,0.0,,,,,,,,35.9472,-86.76667,True,Crashes_2010_2019_MPO
102601749,2019-12-18,2019,,94.0,,,0,0,N,0.0,0.0,0.0,,,,,,,,36.03473,-86.78793,True,Crashes_2010_2019_MPO
102417181,2019-06-12,2019,,94.0,,,0,0,N,0.0,0.0,0.0,,,,,,,,35.9295,-86.84135,False,Crashes_2010_2019_MPO
102449914,2019-07-17,2019,,94.0,,,0,0,N,0.0,0.0,0.0,,,,,,,,35.94778,-86.81994,False,Crashes_2010_2019_MPO
100423404,2013-12-23,2013,,94.0,,,0,0,N,0.0,0.0,0.0,,,,,,,,35.9622,-86.8118,False,Crashes_2010_2019_MPO
102033890,2018-06-05,2018,,94.0,,,0,0,N,0.0,0.0,0.0,,,,,,,,35.93196,-86.87698,False,Crashes_2010_2019_MPO
101472307,2016-12-09,2016,,94.0,,,0,0,N,0.0,0.0,0.0,,,,,,,,35.94685,-86.85217,False,Crashes_2010_2019_MPO
101231562,2016-05-24,2016,,19.0,,,0,0,N,0.0,0.0,0.0,,,,,,,,36.04537,-86.71326,False,Crashes_2010_2019_MPO
101272137,2016-06-24,2016,,94.0,,,0,0,N,0.0,0.0,0.0,,,,,,,,35.95212,-86.81784,False,Crashes_2010_2019_MPO
102529719,2019-10-04,2019,,94.0,,,0,0,N,0.0,0.0,0.0,,,,,,,,35.95102,-86.80784,False,Crashes_2010_2019_MPO
100637261,2014-10-02,2014,,94.0,,,0,0,N,0.0,0.0,0.0,,,,,,,,35.95661,-86.84388,False,Crashes_2010_2019_MPO
100511320,2014-05-20,2014,,94.0,,,0,0,N,0.0,0.0,0.0,,,,,,,,36.02866,-86.79035,True,Crashes_2010_2019_MPO
100572298,2014-07-12,2014,,94.0,,,0,0,N,0.0,0.0,0.0,,,,,,,,35.92648,-86.86629,False,Crashes_2010_2019_MPO
102003274,2018-05-04,2018,,94.0,,,0,0,N,0.0,0.0,0.0,,,,,,,,35.96981,-86.80658,True,Crashes_2010_2019_MPO
100827211,2015-05-02,2015,,94.0,,,0,0,N,0.0,0.0,0.0,,,,,,,,35.996,-86.78482,True,Crashes_2010_2019_MPO
102189280,2018-10-25,2018,,94.0,,,0,0,N,0.0,0.0,0.0,,,,,,,,35.945,-86.87932,False,Crashes_2010_2019_MPO
101676110,2017-06-15,2017,,94.0,,,0,0,N,0.0,0.0,0.0,,,,,,,,35.99963,-86.79545,True,Crashes_2010_2019_MPO
102108476,2018-08-13,2018,,19.0,,,0,0,N,0.0,0.0,0.0,,,,,,,,36.04717,-86.77639,False,Crashes_2010_2019_MPO
101329435,2016-08-17,2016,,94.0,,,0,0,N,0.0,0.0,0.0,,,,,,,,35.9583,-86.8023,False,Crashes_2010_2019_MPO
101881807,2018-01-09,2018,,19.0,,,0,0,N,0.0,0.0,0.0,,,,,,,,36.0243,-86.74239,False,Crashes_2010_2019_MPO
100655154,2014-10-17,2014,,19.0,,,0,1,N,0.0,1.0,0.0,,,,,,,,36.04542,-86.71317,False,Crashes_2010_2019_MPO
101754240,2017-09-07,2017,,94.0,,,0,1,N,0.0,1.0,0.0,,,,,,,,35.92878,-86.87559,False,Crashes_2010_2019_MPO
102144371,2018-09-14,2018,,19.0,,,0,0,N,0.0,0.0,0.0,,,,,,,,36.01505,-86.70545,False,Crashes_2010_2019_MPO
101595585,2017-03-26,2017,,94.0,,,0,0,N,0.0,0.0,0.0,,,,,,,,35.97163,-86.82595,False,Crashes_2010_2019_MPO
101273399,2016-06-26,2016,,94.0,,,0,0,N,0.0,0.0,0.0,,,,,,,,35.93574,-86.80873,False,Crashes_2010_2019_MPO
100829810,2015-05-06,2015,,94.0,,,0,0,N,0.0,0.0,0.0,,,,,,,,35.92955,-86.84264,False,Crashes_2010_2019_MPO
101208739,2016-05-20,2016,,94.0,,,0,0,N,0.0,0.0,0.0,,,,,,,,35.96518,-86.80029,True,Crashes_2010_2019_MPO
101490441,2016-12-28,2016,,94.0,,,0,0,N,0.0,0.0,0.0,,,,,,,,35.94778,-86.81994,False,Crashes_2010_2019_MPO
101540168,2017-01-31,2017,,94.0,,,0,0,N,0.0,0.0,0.0,,,,,,,,35.93599,-86.768,False,Crashes_2010_2019_MPO
100027591,2011-01-11,2011,,94.0,,,0,0,N,0.0,0.0,0.0,,,,,,,,35.92957,-86.82055,False,Crashes_2010_2019_MPO
101758811,2017-09-08,2017,,94.0,,,0,0,N,0.0,0.0,0.0,,,,,,,,35.93446,-86.81991,False,Crashes_2010_2019_MPO
102135934,2018-09-06,2018,,94.0,,,0,0,N,0.0,0.0,0.0,,,,,,,,35.92848,-86.76162,False,Crashes_2010_2019_MPO
100594537,2014-08-11,2014,,94.0,,,0,0,N,0.0,0.0,0.0,,,,,,,,35.92641,-86.82446,False,Crashes_2010_2019_MPO
101094859,2016-01-27,2016,,94.0,,,0,0,N,0.0,0.0,0.0,,,,,,,,35.96619,-86.77827,True,Crashes_2010_2019_MPO
100663560,2014-11-02,2014,,19.0,,,0,0,N,0.0,0.0,0.0,,,,,,,,36.05144,-86.70183,False,Crashes_2010_2019_MPO
101477074,2016-12-14,2016,,94.0,,,0,0,N,0.0,0.0,0.0,,,,,,,,35.95853,-86.80382,False,Crashes_2010_2019_MPO
102343486,2019-03-28,2019,,19.0,,,0,0,N,0.0,0.0,0.0,,,,,,,,36.04022,-86.78242,False,Crashes_2010_2019_MPO
100972301,2015-10-03,2015,,94.0,,,0,0,N,0.0,0.0,0.0,,,,,,,,35.94694,-86.82157,False,Crashes_2010_2019_MPO
101564423,2017-02-24,2017,,19.0,,,0,0,Y,0.0,0.0,1.0,,,,,,,,36.04182,-86.716,False,Crashes_2010_2019_MPO
100966462,2015-09-24,2015,,94.0,,,0,0,Y,0.0,0.0,1.0,,,,,,,,35.93731,-86.87881,False,Crashes_2010_2019_MPO
102227239,2018-11-27,2018,,94.0,,,0,0,N,0.0,0.0,0.0,,,,,,,,36.03367,-86.78854,True,Crashes_2010_2019_MPO
102448323,2019-07-14,2019,,94.0,,,0,0,N,0.0,0.0,0.0,,,,,,,,35.93215,-86.79441,False,Crashes_2010_2019_MPO
101439443,2016-11-14,2016,,19.0,,,0,0,N,0.0,0.0,0.0,,,,,,,,35.99077,-86.68311,False,Crashes_2010_2019_MPO
100678742,2014-11-11,2014,,19.0,,,0,0,N,0.0,0.0,0.0,,,,,,,,36.04168,-86.74886,False,Crashes_2010_2019_MPO
100708149,2014-12-16,2014,,94.0,,,0,0,N,0.0,0.0,0.0,,,,,,,,35.94571,-86.81965,False,Crashes_2010_2019_MPO
101288796,2016-07-19,2016,,19.0,,,0,0,N,0.0,0.0,0.0,,,,,,,,36.03302,-86.71289,False,Crashes_2010_2019_MPO
102197602,2018-10-31,2018,,94.0,,,0,0,N,0.0,0.0,0.0,,,,,,,,36.00531,-86.866,False,Crashes_2010_2019_MPO
101733010,2017-08-17,2017,,19.0,,,0,0,N,0.0,0.0,0.0,,,,,,,,36.039,-86.78382,False,Crashes_2010_2019_MPO
101061903,2015-12-18,2015,,94.0,,,0,0,N,0.0,0.0,0.0,,,,,,,,35.99805,-86.79676,True,Crashes_2010_2019_MPO
100835217,2015-05-16,2015,,94.0,,,0,0,N,0.0,0.0,0.0,,,,,,,,35.96662,-86.8112,True,Crashes_2010_2019_MPO
100969284,2015-09-29,2015,,94.0,,,0,0,N,0.0,0.0,0.0,,,,,,,,35.96562,-86.70619,True,Crashes_2010_2019_MPO
101393502,2016-09-29,2016,,94.0,,,0,0,N,0.0,0.0,0.0,,,,,,,,35.94639,-86.80888,False,Crashes_2010_2019_MPO
102282249,2019-01-20,2019,,19.0,,,0,0,N,0.0,0.0,0.0,,,,,,,,36.05351,-86.70306,False,Crashes_2010_2019_MPO
101318582,2016-08-02,2016,,94.0,,,0,0,N,0.0,0.0,0.0,,,,,,,,35.94706,-86.82125,False,Crashes_2010_2019_MPO
101426234,2016-10-28,2016,,94.0,,,0,0,N,0.0,0.0,0.0,,,,,,,,35.95467,-86.81231,False,Crashes_2010_2019_MPO
102428671,2019-06-25,2019,,94.0,,,0,0,N,0.0,0.0,0.0,,,,,,,,35.98524,-86.7296,True,Crashes_2010_2019_MPO
101484160,2016-12-19,2016,,94.0,,,0,0,N,0.0,0.0,0.0,,,,,,,,36.01568,-86.786,True,Crashes_2010_2019_MPO
101275346,2016-06-29,2016,,19.0,,,0,0,N,0.0,0.0,0.0,,,,,,,,36.0253,-86.74262,False,Crashes_2010_2019_MPO
100874218,2015-06-21,2015,,19.0,,,0,0,N,0.0,0.0,0.0,,,,,,,,36.04238,-86.83093,False,Crashes_2010_2019_MPO
101036949,2015-11-25,2015,,94.0,,,0,0,N,0.0,0.0,0.0,,,,,,,,35.95243,-86.82008,False,Crashes_2010_2019_MPO
102461626,2019-07-29,2019,,19.0,,,0,0,N,0.0,0.0,0.0,,,,,,,,36.04037,-86.76918,False,Crashes_2010_2019_MPO
101167553,2016-04-18,2016,,19.0,,,0,0,N,0.0,0.0,0.0,,,,,,,,36.04968,-86.73122,False,Crashes_2010_2019_MPO
101404948,2016-10-16,2016,,19.0,,,0,0,Y,0.0,0.0,1.0,,,,,,,,36.02107,-86.72516,False,Crashes_2010_2019_MPO
100272880,2012-12-28,2012,,94.0,,,0,0,N,0.0,0.0,0.0,,,,,,,,35.94365,-86.821,False,Crashes_2010_2019_MPO
101622456,2017-04-22,2017,,19.0,,,0,0,N,0.0,0.0,0.0,,,,,,,,36.04062,-86.78259,False,Crashes_2010_2019_MPO
101243677,2016-06-10,2016,,94.0,,,0,0,N,0.0,0.0,0.0,,,,,,,,36.03562,-86.78582,True,Crashes_2010_2019_MPO
100708097,2014-12-16,2014,,94.0,,,0,0,N,0.0,0.0,0.0,,,,,,,,35.94641,-86.85024,False,Crashes_2010_2019_MPO
101159210,2016-04-07,2016,,19.0,,,0,0,N,0.0,0.0,0.0,,,,,,,,36.03051,-86.74449,False,Crashes_2010_2019_MPO
101344923,2016-08-24,2016,,94.0,,,0,0,N,0.0,0.0,0.0,,,,,,,,35.95554,-86.73875,True,Crashes_2010_2019_MPO
101324727,2016-08-10,2016,,19.0,,,0,0,N,0.0,0.0,0.0,,,,,,,,36.03787,-86.79653,False,Crashes_2010_2019_MPO
102281842,2019-01-19,2019,,19.0,,,0,0,N,0.0,0.0,0.0,,,,,,,,36.0471,-86.71335,False,Crashes_2010_2019_MPO
100344052,2013-06-18,2013,,94.0,,,0,0,N,0.0,0.0,0.0,,,,,,,,35.94441,-86.72956,False,Crashes_2010_2019_MPO
100876527,2015-06-25,2015,,94.0,,,0,0,N,0.0,0.0,0.0,,,,,,,,36.03336,-86.78872,True,Crashes_2010_2019_MPO
102237575,2018-12-06,2018,,94.0,,,0,0,N,0.0,0.0,0.0,,,,,,,,35.9295,-86.84135,False,Crashes_2010_2019_MPO
102352990,2019-04-07,2019,,94.0,,,0,0,N,0.0,0.0,0.0,,,,,,,,36.0207,-86.74249,False,Crashes_2010_2019_MPO
101269249,2016-06-20,2016,,94.0,,,0,0,N,0.0,0.0,0.0,,,,,,,,35.95078,-86.80672,False,Crashes_2010_2019_MPO
101191569,2016-05-10,2016,,19.0,,,0,0,N,0.0,0.0,0.0,,,,,,,,36.0453,-86.70168,False,Crashes_2010_2019_MPO
100769636,2015-03-09,2015,,94.0,,,0,0,N,0.0,0.0,0.0,,,,,,,,35.95225,-86.81623,False,Crashes_2010_2019_MPO
100826933,2015-05-01,2015,,94.0,,,0,0,N,0.0,0.0,0.0,,,,,,,,36.03155,-86.78972,True,Crashes_2010_2019_MPO
101774040,2017-09-27,2017,,19.0,,,0,0,N,0.0,0.0,0.0,,,,,,,,36.04566,-86.70643,False,Crashes_2010_2019_MPO
100662009,2014-10-30,2014,,19.0,,,0,0,N,0.0,0.0,0.0,,,,,,,,36.05222,-86.7431,False,Crashes_2010_2019_MPO
102298345,2019-02-03,2019,,19.0,,,0,0,N,0.0,0.0,0.0,,,,,,,,36.0266,-86.71288,False,Crashes_2010_2019_MPO
101881855,2018-01-09,2018,,94.0,,,0,0,N,0.0,0.0,0.0,,,,,,,,35.965814,-86.805795,True,Crashes_2010_2019_MPO