mstrrecnbr,collision_ts,year,county,countystat,crash,crash_type,fatalities,non_motorists,commercial,fatal_c,nonmotor_c,truck_c,fatalc,serious_injuries,ped,bike,lighting,weather,first_harmful_event,latitude,longitude,in_city,src_layer
102551384,2019-10-28,2019,,19.0,,,0,0,N,0.0,0.0,0.0,,,,,,,,36.04134,-86.74998,False,Crashes_2010_2019_MPO
101345873,2016-08-25,2016,,19.0,,,0,0,N,0.0,0.0,0.0,,,,,,,,36.03627,-86.78704,True,Crashes_2010_2019_MPO
100462285,2014-03-09,2014,,94.0,,,0,0,N,0.0,0.0,0.0,,,,,,,,35.962,-86.81517,False,Crashes_2010_2019_MPO
101597094,2017-03-29,2017,,94.0,,,0,0,N,0.0,0.0,0.0,,,,,,,,35.96518,-86.80029,True,Crashes_2010_2019_MPO
101484722,2016-12-22,2016,,94.0,,,0,0,N,0.0,0.0,0.0,,,,,,,,35.96325,-86.81068,False,Crashes_2010_2019_MPO
100276939,2013-01-09,2013,,94.0,,,0,0,N,0.0,0.0,0.0,,,,,,,,36.03313,-86.78328,True,Crashes_2010_2019_MPO
100584966,2014-07-19,2014,,94.0,,,0,0,N,0.0,0.0,0.0,,,,,,,,35.99813,-86.74341,True,Crashes_2010_2019_MPO
101867943,2017-12-23,2017,,19.0,,,0,0,N,0.0,0.0,0.0,,,,,,,,36.04487,-86.7132,False,Crashes_2010_2019_MPO
102346477,2019-03-31,2019,,94.0,,,0,0,N,0.0,0.0,0.0,,,,,,,,35.98999,-86.74484,True,Crashes_2010_2019_MPO
102178003,2018-10-14,2018,,94.0,,,0,0,N,0.0,0.0,0.0,,,,,,,,36.02173,-86.78729,True,Crashes_2010_2019_MPO
100382706,2013-09-23,2013,,19.0,,,0,0,N,0.0,0.0,0.0,,,,,,,,36.03461,-86.7831,True,Crashes_2010_2019_MPO
102533133,2019-10-08,2019,,94.0,,,0,0,N,0.0,0.0,0.0,,,,,,,,35.94753,-86.8201,False,Crashes_2010_2019_MPO
101952537,2018-03-22,2018,,19.0,,,0,0,N,0.0,0.0,0.0,,,,,,,,36.0409,-86.77938,False,Crashes_2010_2019_MPO
100909757,2015-07-20,2015,,94.0,,,0,0,N,0.0,0.0,0.0,,,,,,,,35.94613,-86.82347,False,Crashes_2010_2019_MPO
100637620,2014-10-03,2014,,94.0,,,0,0,N,0.0,0.0,0.0,,,,,,,,35.94475,-86.80963,False,Crashes_2010_2019_MPO
101833024,2017-11-21,2017,,19.0,,,0,0,N,0.0,0.0,0.0,,,,,,,,36.04114,-86.77621,False,Crashes_2010_2019_MPO
101846915,2017-12-03,2017,,94.0,,,0,0,N,0.0,0.0,0.0,,,,,,,,35.93722,-86.87879,False,Crashes_2010_2019_MPO
100276583,2013-01-09,2013,,94.0,,,0,0,N,0.0,0.0,0.0,,,,,,,,35.92618,-86.72673,False,Crashes_2010_2019_MPO
101668549,2017-06-08,2017,,94.0,,,0,0,N,0.0,0.0,0.0,,,,,,,,36.01698,-86.78612,True,Crashes_2010_2019_MPO
100374376,2013-09-02,2013,,94.0,,,0,0,N,0.0,0.0,0.0,,,,,,,,35.96665,-86.80931,True,Crashes_2010_2019_MPO
101193337,2016-05-12,2016,,94.0,,,0,0,N,0.0,0.0,0.0,,,,,,,,36.025856,-86.789795,True,Crashes_2010_2019_MPO
101586778,2017-03-17,2017,,94.0,,,0,0,N,0.0,0.0,0.0,,,,,,,,35.94687,-86.85168,False,Crashes_2010_2019_MPO
101741033,2017-08-25,2017,,19.0,,,0,0,N,0.0,0.0,0.0,,,,,,,,36.04051,-86.71277,False,Crashes_2010_2019_MPO
100233230,2012-10-01,2012,,94.0,,,0,0,N,0.0,0.0,0.0,,,,,,,,36.03165,-86.78967,True,Crashes_2010_2019_MPO
100443889,2014-01-24,2014,,19.0,,,0,0,N,0.0,0.0,0.0,,,,,,,,36.03919,-86.7825,False,Crashes_2010_2019_MPO
101972063,2018-04-09,2018,,94.0,,,0,0,N,0.0,0.0,0.0,,,,,,,,36.0339,-86.79497,True,Crashes_2010_2019_MPO
100564853,2014-06-24,2014,,94.0,,,0,0,N,0.0,0.0,0.0,,,,,,,,35.93407,-86.8191,False,Crashes_2010_2019_MPO
102300656,2019-02-07,2019,,94.0,,,0,0,N,0.0,0.0,0.0,,,,,,,,35.99552,-86.77904,True,Crashes_2010_2019_MPO
102194219,2018-10-29,2018,,19.0,,,0,0,N,0.0,0.0,0.0,,,,,,,,36.04526,-86.71704,False,Crashes_2010_2019_MPO
101949066,2018-03-19,2018,,94.0,,,0,0,N,0.0,0.0,0.0,,,,,,,,35.95014,-86.76186,True,Crashes_2010_2019_MPO
101282274,2016-07-08,2016,,94.0,,,0,0,N,0.0,0.0,0.0,,,,,,,,35.92946,-86.84336,False,Crashes_2010_2019_MPO
102240102,2018-12-08,2018,,94.0,,,0,0,N,0.0,0.0,0.0,,,,,,,,35.96518,-86.80029,True,Crashes_2010_2019_MPO
100998469,2015-10-28,2015,,94.0,,,0,0,N,0.0,0.0,0.0,,,,,,,,35.95918,-86.81362,False,Crashes_2010_2019_MPO
101502168,2017-01-11,2017,,19.0,,,0,0,N,0.0,0.0,0.0,,,,,,,,36.04575,-86.70888,False,Crashes_2010_2019_MPO
102250342,2018-12-18,2018,,94.0,,,0,0,N,0.0,0.0,0.0,,,,,,,,35.95689,-86.80329,False,Crashes_2010_2019_MPO
101829127,2017-11-17,2017,,94.0,,,0,0,N,0.0,0.0,0.0,,,,,,,,35.92697,-86.82445,False,Crashes_2010_2019_MPO
100719694,2015-01-05,2015,,94.0,,,0,0,N,0.0,0.0,0.0,,,,,,,,35.98788,-86.80008,True,Crashes_2010_2019_MPO
102542301,2019-10-19,2019,,19.0,,,0,0,N,0.0,0.0,0.0,,,,,,,,36.04372,-86.7798,False,Crashes_2010_2019_MPO
102550505,2019-10-27,2019,,94.0,,,0,0,N,0.0,0.0,0.0,,,,,,,,35.96747,-86.81598,True,Crashes_2010_2019_MPO
102412536,2019-06-06,2019,,94.0,,,0,0,N,0.0,0.0,0.0,,,,,,,,35.94104,-86.81633,False,Crashes_2010_2019_MPO
101650603,2017-05-20,2017,,94.0,,,0,0,N,0.0,0.0,0.0,,,,,,,,35.94934,-86.68655,False,Crashes_2010_2019_MPO
102535926,2019-10-12,2019,,19.0,,,0,0,N,0.0,0.0,0.0,,,,,,,,36.04994,-86.87237,False,Crashes_2010_2019_MPO
100304984,2013-03-18,2013,,94.0,,,0,0,N,0.0,0.0,0.0,,,,,,,,35.94955,-86.83069,False,Crashes_2010_2019_MPO
101852518,2017-12-08,2017,,94.0,,,0,0,N,0.0,0.0,0.0,,,,,,,,35.96126,-86.8124,False,Crashes_2010_2019_MPO
100663042,2014-11-01,2014,,94.0,,,0,0,N,0.0,0.0,0.0,,,,,,,,35.96675,-86.81149,True,Crashes_2010_2019_MPO
102235382,2018-12-04,2018,,19.0,,,0,0,N,0.0,0.0,0.0,,,,,,,,36.04138,-86.72662,False,Crashes_2010_2019_MPO
100727201,2015-01-24,2015,,19.0,,,0,0,N,0.0,0.0,0.0,,,,,,,,36.04205,-86.83497,False,Crashes_2010_2019_MPO
101428491,2016-11-01,2016,,19.0,,,0,0,N,0.0,0.0,0.0,,,,,,,,36.04537,-86.71326,False,Crashes_2010_2019_MPO
101118778,2016-02-19,2016,,94.0,,,0,0,N,0.0,0.0,0.0,,,,,,,,35.95123,-86.81839,False,Crashes_2010_2019_MPO
101985930,2018-04-22,2018,,19.0,,,0,0,N,0.0,0.0,0.0,,,,,,,,36.03108,-86.87564,False,Crashes_2010_2019_MPO
101781889,2017-10-05,2017,,94.0,,,0,0,N,0.0,0.0,0.0,,,,,,,,35.99334,-86.69969,True,Crashes_2010_2019_MPO
102537129,2019-10-13,2019,,19.0,,,0,0,N,0.0,0.0,0.0,,,,,,,,36.03047,-86.74398,False,Crashes_2010_2019_MPO
101726542,2017-08-10,2017,,94.0,,,0,0,N,0.0,0.0,0.0,,,,,,,,35.94189,-86.81628,False,Crashes_2010_2019_MPO
100825616,2015-04-23,2015,,94.0,,,0,0,N,0.0,0.0,0.0,,,,,,,,35.92652,-86.82563,False,Crashes_2010_2019_MPO
102457796,2019-07-25,2019,,94.0,,,0,0,N,0.0,0.0,0.0,,,,,,,,35.92957,-86.84213,False,Crashes_2010_2019_MPO
101344973,2016-08-24,2016,,19.0,,,0,0,N,0.0,0.0,0.0,,,,,,,,36.02003,-86.74517,False,Crashes_2010_2019_MPO
101955556,2018-03-25,2018,,94.0,,,0,0,N,0.0,0.0,0.0,,,,,,,,35.95021,-86.81905,False,Crashes_2010_2019_MPO
102502096,2019-09-07,2019,,19.0,,,0,0,N,0.0,0.0,0.0,,,,,,,,36.04813,-86.71359,False,Crashes_2010_2019_MPO
101965368,2018-04-03,2018,,94.0,,,0,0,N,0.0,0.0,0.0,,,,,,,,35.99769,-86.79776,True,Crashes_2010_2019_MPO
101913814,2018-02-12,2018,,94.0,,,0,0,N,0.0,0.0,0.0,,,,,,,,35.9509,-86.80665,False,Crashes_2010_2019_MPO
100662260,2014-10-31,2014,,94.0,,,0,0,N,0.0,0.0,0.0,,,,,,,,35.9677,-86.71105,True,Crashes_2010_2019_MPO
101619404,2017-04-18,2017,,94.0,,,0,0,N,0.0,0.0,0.0,,,,,,,,35.99938,-86.79566,True,Crashes_2010_2019_MPO
101244157,2016-06-11,2016,,94.0,,,0,0,N,0.0,0.0,0.0,,,,,,,,35.99631,-86.78689,True,Crashes_2010_2019_MPO
101376467,2016-09-21,2016,,94.0,,,0,0,N,0.0,0.0,0.0,,,,,,,,35.94813,-86.81682,False,Crashes_2010_2019_MPO
100311972,2013-04-04,2013,,94.0,,,0,0,N,0.0,0.0,0.0,,,,,,,,36.022,-86.783,True,Crashes_2010_2019_MPO
100301424,2013-03-09,2013,,94.0,,,0,0,N,0.0,0.0,0.0,,,,,,,,35.94793,-86.81933,False,Crashes_2010_2019_MPO
100724020,2015-01-18,2015,,94.0,,,0,0,N,0.0,0.0,0.0,,,,,,,,36.00257,-86.77249,True,Crashes_2010_2019_MPO
101500511,2017-01-09,2017,,19.0,,,0,0,N,0.0,0.0,0.0,,,,,,,,36.04543,-86.71256,False,Crashes_2010_2019_MPO
101987270,2018-04-23,2018,,94.0,,,0,0,N,0.0,0.0,0.0,,,,,,,,36.03336,-86.78872,True,Crashes_2010_2019_MPO
100301929,2013-03-11,2013,,94.0,,,0,0,N,0.0,0.0,0.0,,,,,,,,35.9771,-86.77135,True,Crashes_2010_2019_MPO
100698323,2014-11-29,2014,,19.0,,,0,0,N,0.0,0.0,0.0,,,,,,,,36.04097,-86.75754,False,Crashes_2010_2019_MPO
101152344,2016-03-28,2016,,19.0,,,0,0,N,0.0,0.0,0.0,,,,,,,,36.04361,-86.78121,False,Crashes_2010_2019_MPO
100420622,2013-12-17,2013,,94.0,,,0,0,N,0.0,0.0,0.0,,,,,,,,35.95226,-86.81915,False,Crashes_2010_2019_MPO
100295668,2013-02-21,2013,,94.0,,,0,0,Y,0.0,0.0,1.0,,,,,,,,36.02268,-86.78675,True,Crashes_2010_2019_MPO
100659001,2014-10-25,2014,,19.0,,,0,0,N,0.0,0.0,0.0,,,,,,,,36.03822,-86.80002,False,Crashes_2010_2019_MPO
100298510,2013-03-01,2013,,94.0,,,0,0,N,0.0,0.0,0.0,,,,,,,,35.94285,-86.82097,False,Crashes_2010_2019_MPO
101562913,2017-02-14,2017,,94.0,,,0,0,N,0.0,0.0,0.0,,,,,,,,36.01419,-86.80777,True,Crashes_2010_2019_MPO
101104500,2016-02-12,2016,,94.0,,,0,0,N,0.0,0.0,0.0,,,,,,,,35.96619,-86.80376,True,Crashes_2010_2019_MPO
100714339,2014-12-22,2014,,94.0,,,0,0,N,0.0,0.0,0.0,,,,,,,,35.93978,-86.82138,False,Crashes_2010_2019_MPO
101969404,2018-04-06,2018,,19.0,,,0,0,N,0.0,0.0,0.0,,,,,,,,36.02497,-86.74239,False,Crashes_2010_2019_MPO
102010481,2018-05-04,2018,,94.0,,,0,0,N,0.0,0.0,0.0,,,,,,,,36.03484,-86.7833,True,Crashes_2010_2019_MPO
102052518,2018-06-24,2018,,94.0,,,0,0,N,0.0,0.0,0.0,,,,,,,,35.93454,-86.82107,False,Crashes_2010_2019_MPO
101816418,2017-11-06,2017,,94.0,,,0,0,N,0.0,0.0,0.0,,,,,,,,35.94755,-86.81407,False,Crashes_2010_2019_MPO
101706376,2017-07-20,2017,,19.0,,,0,0,N,0.0,0.0,0.0,,,,,,,,36.04559,-86.7109,False,Crashes_2010_2019_MPO
100854643,2015-06-03,2015,,94.0,,,0,0,N,0.0,0.0,0.0,,,,,,,,35.96707,-86.80875,True,Crashes_2010_2019_MPO
101079240,2016-01-17,2016,,19.0,,,0,0,N,0.0,0.0,0.0,,,,,,,,36.04552,-86.70462,False,Crashes_2010_2019_MPO
100706239,2014-12-13,2014,,94.0,,,0,0,N,0.0,0.0,0.0,,,,,,,,35.96017,-86.81579,False,Crashes_2010_2019_MPO
100507920,2014-05-12,2014,,94.0,,,0,0,N,0.0,0.0,0.0,,,,,,,,35.9459,-86.80673,False,Crashes_2010_2019_MPO
102448444,2019-07-15,2019,,94.0,,,0,0,N,0.0,0.0,0.0,,,,,,,,35.94578,-86.81493,False,Crashes_2010_2019_MPO
102560433,2019-11-07,2019,,94.0,,,0,0,N,0.0,0.0,0.0,,,,,,,,35.98044,-86.80265,True,Crashes_2010_2019_MPO
102185992,2018-10-22,2018,,19.0,,,0,0,N,0.0,0.0,0.0,,,,,,,,36.04063,-86.7714,False,Crashes_2010_2019_MPO
102434067,2019-07-01,2019,,19.0,,,0,0,N,0.0,0.0,0.0,,,,,,,,36.04393,-86.6933,False,Crashes_2010_2019_MPO
101575612,2017-03-07,2017,,19.0,,,0,0,N,0.0,0.0,0.0,,,,,,,,36.0375,-86.78584,False,Crashes_2010_2019_MPO
100858690,2015-06-10,2015,,19.0,,,0,0,N,0.0,0.0,0.0,,,,,,,,36.0514,-86.7142,False,Crashes_2010_2019_MPO
101497844,2017-01-06,2017,,94.0,,,0,0,N,0.0,0.0,0.0,,,,,,,,35.94477,-86.82853,False,Crashes_2010_2019_MPO
101933070,2018-03-03,2018,,19.0,,,0,0,N,0.0,0.0,0.0,,,,,,,,36.04543,-86.70361,False,Crashes_2010_2019_MPO
100424610,2013-12-27,2013,,94.0,,,0,0,N,0.0,0.0,0.0,,,,,,,,35.97803,-86.80373,True,Crashes_2010_2019_MPO
102377955,2019-04-30,2019,,94.0,,,0,0,N,0.0,0.0,0.0,,,,,,,,35.93191,-86.79441,False,Crashes_2010_2019_MPO
100308082,2013-03-21,2013,,94.0,,,0,0,Y,0.0,0.0,1.0,,,,,,,,35.95119,-86.80354,False,Crashes_2010_2019_MPO
102167047,2018-10-04,2018,,94.0,,,0,0,Y,0.0,0.0,1.0,,,,,,,,35.97835,-86.77684,True,Crashes_2010_2019_MPO
102211394,2018-11-14,2018,,19.0,,,0,0,N,0.0,0.0,0.0,,,,,,,,36.04075,-86.78126,False,Crashes_2010_2019_MPO
101135225,2016-03-15,2016,,94.0,,,0,0,N,0.0,0.0,0.0,,,,,,,,35.93287,-86.78346,False,Crashes_2010_2019_MPO
102161117,2018-09-28,2018,,19.0,,,0,0,N,0.0,0.0,0.0,,,,,,,,36.04449,-86.68707,False,Crashes_2010_2019_MPO
100368172,2013-08-17,2013,,94.0,,,0,0,N,0.0,0.0,0.0,,,,,,,,35.94766,-86.81973,False,Crashes_2010_2019_MPO
101609606,2017-04-10,2017,,19.0,,,0,0,N,0.0,0.0,0.0,,,,,,,,36.04112,-86.77602,False,Crashes_2010_2019_MPO
100883473,2015-07-08,2015,,19.0,,,0,0,N,0.0,0.0,0.0,,,,,,,,36.04098,-86.77941,False,Crashes_2010_2019_MPO
10702571,2012-06-13,2012,,19.0,,,0,0, ,0.0,0.0,0.0,,,,,,,,36.041402,-86.77972,False,Crashes_2010_2019_MPO
101712259,2017-07-25,2017,,94.0,,,0,0,N,0.0,0.0,0.0,,,,,,,,35.96588,-86.80316,True,Crashes_2010_2019_MPO
102548487,2019-10-23,2019,,94.0,,,0,0,N,0.0,0.0,0.0,,,,,,,,35.92641,-86.82447,False,Crashes_2010_2019_MPO
100771981,2015-03-14,2015,,94.0,,,0,0,Y,0.0,0.0,1.0,,,,,,,,35.95008,-86.8491,False,Crashes_2010_2019_MPO
101433330,2016-11-06,2016,,94.0,,,0,0,N,0.0,0.0,0.0,,,,,,,,35.93077,-86.86375,False,Crashes_2010_2019_MPO
102291101,2019-01-28,2019,,94.0,,,0,0,N,0.0,0.0,0.0,,,,,,,,35.94782,-86.81975,False,Crashes_2010_2019_MPO
100370347,2013-08-23,2013,,94.0,,,0,0,N,0.0,0.0,0.0,,,,,,,,35.92474,-86.87429,False,Crashes_2010_2019_MPO
101797968,2017-10-20,2017,,94.0,,,0,0,N,0.0,0.0,0.0,,,,,,,,35.93573,-86.82494,False,Crashes_2010_2019_MPO
100639164,2014-10-06,2014,,94.0,,,0,0,N,0.0,0.0,0.0,,,,,,,,35.94899,-86.81566,False,Crashes_2010_2019_MPO
100382196,2013-09-22,2013,,94.0,,,0,0,N,0.0,0.0,0.0,,,,,,,,35.93915,-86.82004,False,Crashes_2010_2019_MPO
101880084,2018-01-06,2018,,94.0,,,0,0,N,0.0,0.0,0.0,,,,,,,,36.03451,-86.78334,True,Crashes_2010_2019_MPO
101105454,2016-02-14,2016,,94.0,,,0,0,N,0.0,0.0,0.0,,,,,,,,35.96681,-86.81119,True,Crashes_2010_2019_MPO
102477563,2019-08-14,2019,,94.0,,,0,0,N,0.0,0.0,0.0,,,,,,,,35.99291,-86.81254,True,Crashes_2010_2019_MPO
100498811,2014-04-20,2014,,94.0,,,0,0,N,0.0,0.0,0.0,,,,,,,,36.01289,-86.80078,True,Crashes_2010_2019_MPO
100417768,2013-12-10,2013,,94.0,,,0,0,N,0.0,0.0,0.0,,,,,,,,36.03209,-86.78942,True,Crashes_2010_2019_MPO
100506000,2014-05-08,2014,,94.0,,,0,0,N,0.0,0.0,0.0,,,,,,,,36.00417,-86.79083,True,Crashes_2010_2019_MPO
100421591,2013-12-19,2013,,94.0,,,0,0,N,0.0,0.0,0.0,,,,,,,,35.97131,-86.7265,True,Crashes_2010_2019_MPO
101545954,2017-02-06,2017,,19.0,,,0,0,N,0.0,0.0,0.0,,,,,,,,36.04415,-86.78103,False,Crashes_2010_2019_MPO
102098152,2018-08-04,2018,,94.0,,,0,0,N,0.0,0.0,0.0,,,,,,,,36.02127,-86.74264,False,Crashes_2010_2019_MPO
102219406,2018-11-21,2018,,94.0,,,0,0,N,0.0,0.0,0.0,,,,,,,,35.9479,-86.81976,False,Crashes_2010_2019_MPO
100637871,2014-10-03,2014,,19.0,,,0,0,N,0.0,0.0,0.0,,,,,,,,36.05222,-86.7431,False,Crashes_2010_2019_MPO
101767787,2017-09-21,2017,,19.0,,,0,0,N,0.0,0.0,0.0,,,,,,,,36.04543,-86.70361,False,Crashes_2010_2019_MPO
100403907,2013-11-12,2013,,94.0,,,0,0,N,0.0,0.0,0.0,,,,,,,,35.99604,-86.78454,True,Crashes_2010_2019_MPO
102524941,2019-09-30,2019,,19.0,,,0,0,N,0.0,0.0,0.0,,,,,,,,36.04561,-86.71076,False,Crashes_2010_2019_MPO
102093663,2018-07-31,2018,,19.0,,,0,0,N,0.0,0.0,0.0,,,,,,,,36.03739,-86.7867,False,Crashes_2010_2019_MPO
100393038,2013-10-18,2013,,94.0,,,0,0,N,0.0,0.0,0.0,,,,,,,,35.96166,-86.8792,False,Crashes_2010_2019_MPO
102258248,2018-12-27,2018,,19.0,,,0,0,N,0.0,0.0,0.0,,,,,,,,36.05058,-86.7141,False,Crashes_2010_2019_MPO
101425610,2016-10-28,2016,,19.0,,,0,0,N,0.0,0.0,0.0,,,,,,,,36.04614,-86.85742,False,Crashes_2010_2019_MPO
101245102,2016-06-13,2016,,94.0,,,0,0,N,0.0,0.0,0.0,,,,,,,,35.95517,-86.81756,False,Crashes_2010_2019_MPO
100730788,2015-02-01,2015,,19.0,,,0,0,N,0.0,0.0,0.0,,,,,,,,36.0319,-86.76026,False,Crashes_2010_2019_MPO
102162302,2018-09-29,2018,,94.0,,,0,0,N,0.0,0.0,0.0,,,,,,,,36.03496,-86.7878,True,Crashes_2010_2019_MPO
101275011,2016-06-28,2016,,19.0,,,0,0,N,0.0,0.0,0.0,,,,,,,,36.04221,-86.78202,False,Crashes_2010_2019_MPO
100152788,2012-02-29,2012,,94.0,,,0,0,N,0.0,0.0,0.0,,,,,,,,35.96518,-86.7271,True,Crashes_2010_2019_MPO
102543736,2019-10-20,2019,,94.0,,,0,0,N,0.0,0.0,0.0,,,,,,,,35.9955,-86.77881,True,Crashes_2010_2019_MPO
102476652,2019-08-13,2019,,94.0,,,0,0,N,0.0,0.0,0.0,,,,,,,,36.02003,-86.74517,False,Crashes_2010_2019_MPO
100914525,2015-07-30,2015,,19.0,,,0,0,N,0.0,0.0,0.0,,,,,,,,36.0469,-86.86307,False,Crashes_2010_2019_MPO
101243875,2016-06-11,2016,,19.0,,,0,0,N,0.0,0.0,0.0,,,,,,,,36.03663,-86.78684,False,Crashes_2010_2019_MPO
101805892,2017-10-27,2017,,94.0,,,0,0,N,0.0,0.0,0.0,,,,,,,,35.96716,-86.81351,True,Crashes_2010_2019_MPO
102594229,2019-12-11,2019,,94.0,,,0,0,N,0.0,0.0,0.0,,,,,,,,35.92879,-86.82059,False,Crashes_2010_2019_MPO
101040297,2015-12-01,2015,,94.0,,,0,0,N,0.0,0.0,0.0,,,,,,,,35.95448,-86.804,False,Crashes_2010_2019_MPO
101621727,2017-04-21,2017,,94.0,,,0,0,N,0.0,0.0,0.0,,,,,,,,35.98572,-86.73348,True,Crashes_2010_2019_MPO
101954616,2018-03-24,2018,,19.0,,,0,0,N,0.0,0.0,0.0,,,,,,,,36.03836,-86.78424,False,Crashes_2010_2019_MPO
101134896,2016-03-16,2016,,94.0,,,0,0,N,0.0,0.0,0.0,,,,,,,,35.9692,-86.80679,True,Crashes_2010_2019_MPO
100195103,2012-06-25,2012,,94.0,,,0,0,Y,0.0,0.0,1.0,,,,,,,,35.96733,-86.79674,True,Crashes_2010_2019_MPO
101639041,2017-05-09,2017,,94.0,,,0,0,N,0.0,0.0,0.0,,,,,,,,35.94832,-86.81994,False,Crashes_2010_2019_MPO
101347065,2016-08-26,2016,,19.0,,,0,0,N,0.0,0.0,0.0,,,,,,,,36.04068,-86.74221,False,Crashes_2010_2019_MPO
102052709,2018-06-24,2018,,94.0,,,0,0,N,0.0,0.0,0.0,,,,,,,,35.93541,-86.82372,False,Crashes_2010_2019_MPO
102169876,2018-10-07,2018,,19.0,,,0,0,N,0.0,0.0,0.0,,,,,,,,36.04957,-86.7136,False,Crashes_2010_2019_MPO
102284019,2019-01-22,2019,,94.0,,,0,0,N,0.0,0.0,0.0,,,,,,,,35.94641,-86.87044,False,Crashes_2010_2019_MPO
101794195,2017-10-16,2017,,19.0,,,0,0,N,0.0,0.0,0.0,,,,,,,,36.04531,-86.71743,False,Crashes_2010_2019_MPO
101207696,2016-05-19,2016,,19.0,,,0,0,N,0.0,0.0,0.0,,,,,,,,36.01402,-86.72006,False,Crashes_2010_2019_MPO
100708064,2014-12-16,2014,,94.0,,,0,0,N,0.0,0.0,0.0,,,,,,,,35.95517,-86.82529,False,Crashes_2010_2019_MPO
101990120,2018-04-26,2018,,94.0,,,0,0,N,0.0,0.0,0.0,,,,,,,,35.95078,-86.80647,False,Crashes_2010_2019_MPO
101284260,2016-07-12,2016,,94.0,,,0,0,N,0.0,0.0,0.0,,,,,,,,36.032,-86.7837,True,Crashes_2010_2019_MPO
102557317,2019-11-03,2019,,94.0,,,0,0,N,0.0,0.0,0.0,,,,,,,,35.98435,-86.72415,True,Crashes_2010_2019_MPO
101864845,2017-12-20,2017,,94.0,,,0,0,N,0.0,0.0,0.0,,,,,,,,35.95863,-86.80444,False,Crashes_2010_2019_MPO
100395824,2013-10-24,2013,,94.0,,,0,0,N,0.0,0.0,0.0,,,,,,,,36.03589,-86.78727,True,Crashes_2010_2019_MPO
101973686,2018-04-11,2018,,19.0,,,0,0,N,0.0,0.0,0.0,,,,,,,,36.04576,-86.72528,False,Crashes_2010_2019_MPO
102174354,2018-10-11,2018,,94.0,,,0,0,N,0.0,0.0,0.0,,,,,,,,36.01936,-86.73817,False,Crashes_2010_2019_MPO
101001901,2015-11-02,2015,,94.0,,,0,0,N,0.0,0.0,0.0,,,,,,,,35.9708,-86.8403,False,Crashes_2010_2019_MPO
102219463,2018-11-21,2018,,94.0,,,0,0,N,0.0,0.0,0.0,,,,,,,,35.97607,-86.8292,True,Crashes_2010_2019_MPO
102064785,2018-07-05,2018,,94.0,,,0,0,N,0.0,0.0,0.0,,,,,,,,36.00348,-86.79186,True,Crashes_2010_2019_MPO
101387613,2016-09-21,2016,,94.0,,,0,0,N,0.0,0.0,0.0,,,,,,,,35.97916,-86.82308,True,Crashes_2010_2019_MPO
102587003,2019-11-22,2019,,94.0,,,0,0,N,0.0,0.0,0.0,,,,,,,,35.92831,-86.76739,False,Crashes_2010_2019_MPO
100982945,2015-10-21,2015,,94.0,,,0,0,N,0.0,0.0,0.0,,,,,,,,35.9759,-86.82972,True,Crashes_2010_2019_MPO
102509173,2019-09-13,2019,,19.0,,,0,0,N,0.0,0.0,0.0,,,,,,,,36.02964,-86.86376,False,Crashes_2010_2019_MPO
101394074,2016-09-30,2016,,94.0,,,0,0,N,0.0,0.0,0.0,,,,,,,,35.9476,-86.81992,False,Crashes_2010_2019_MPO
102098626,2018-08-04,2018,,19.0,,,0,0,N,0.0,0.0,0.0,,,,,,,,36.03336,-86.78872,True,Crashes_2010_2019_MPO
102571816,2019-11-18,2019,,19.0,,,0,0,N,0.0,0.0,0.0,,,,,,,,36.04566,-86.71025,False,Crashes_2010_2019_MPO
101619247,2017-04-19,2017,,94.0,,,0,0,N,0.0,0.0,0.0,,,,,,,,35.934,-86.81878,False,Crashes_2010_2019_MPO
100982341,2015-10-20,2015,,94.0,,,0,0,N,0.0,0.0,0.0,,,,,,,,35.92472,-86.87428,False,Crashes_2010_2019_MPO
100922590,2015-08-13,2015,,94.0,,,0,0,N,0.0,0.0,0.0,,,,,,,,36.017,-86.81604,True,Crashes_2010_2019_MPO
101391302,2016-09-28,2016,,94.0,,,0,0,N,0.0,0.0,0.0,,,,,,,,35.9944,-86.77869,True,Crashes_2010_2019_MPO
101481033,2016-12-18,2016,,94.0,,,0,0,N,0.0,0.0,0.0,,,,,,,,35.95882,-86.81549,False,Crashes_2010_2019_MPO
100484814,2014-04-10,2014,,94.0,,,0,0,N,0.0,0.0,0.0,,,,,,,,35.94087,-86.83171,False,Crashes_2010_2019_MPO
102486769,2019-08-23,2019,,19.0,,,0,0,N,0.0,0.0,0.0,,,,,,,,36.04149,-86.71098,False,Crashes_2010_2019_MPO
100641596,2014-10-11,2014,,94.0,,,0,0,N,0.0,0.0,0.0,,,,,,,,35.96717,-86.81319,True,Crashes_2010_2019_MPO
101076512,2016-01-13,2016,,94.0,,,0,0,N,0.0,0.0,0.0,,,,,,,,35.96119,-86.76044,True,Crashes_2010_2019_MPO
101763007,2017-09-16,2017,,94.0,,,0,0,N,0.0,0.0,0.0,,,,,,,,35.96086,-86.80944,False,Crashes_2010_2019_MPO
100803274,2015-04-06,2015,,19.0,,,0,0,N,0.0,0.0,0.0,,,,,,,,36.03954,-86.78189,False,Crashes_2010_2019_MPO
101100171,2016-02-05,2016,,94.0,,,0,0,N,0.0,0.0,0.0,,,,,,,,36.03599,-86.7872,True,Crashes_2010_2019_MPO
101944782,2018-03-15,2018,,19.0,,,0,0,N,0.0,0.0,0.0,,,,,,,,36.03735,-86.78705,False,Crashes_2010_2019_MPO
100713382,2014-12-27,2014,,19.0,,,0,0,N,0.0,0.0,0.0,,,,,,,,36.02491,-86.71882,False,Crashes_2010_2019_MPO
100951729,2015-09-16,2015,,94.0,,,0,0,N,0.0,0.0,0.0,,,,,,,,36.034057,-86.844156,True,Crashes_2010_2019_MPO
102605927,2019-12-23,2019,,94.0,,,0,0,N,0.0,0.0,0.0,,,,,,,,35.99922,-86.80923,True,Crashes_2010_2019_MPO