mstrrecnbr,collision_ts,year,county,countystat,crash,crash_type,fatalities,non_motorists,commercial,fatal_c,nonmotor_c,truck_c,fatalc,serious_injuries,ped,bike,lighting,weather,first_harmful_event,latitude,longitude,in_city,src_layer
102384745,2019-05-09,2019,,19.0,,,0,0,N,0.0,0.0,0.0,,,,,,,,36.03939,-86.74342,False,Crashes_2010_2019_MPO
100420621,2013-12-17,2013,,94.0,,,0,0,N,0.0,0.0,0.0,,,,,,,,35.9483,-86.80754,False,Crashes_2010_2019_MPO
102422434,2019-06-17,2019,,19.0,,,0,0,N,0.0,0.0,0.0,,,,,,,,36.04114,-86.77621,False,Crashes_2010_2019_MPO
102283310,2019-01-20,2019,,94.0,,,0,0,N,0.0,0.0,0.0,,,,,,,,35.95191,-86.81683,False,Crashes_2010_2019_MPO
102092953,2018-07-31,2018,,19.0,,,0,0,N,0.0,0.0,0.0,,,,,,,,36.04544,-86.70383,False,Crashes_2010_2019_MPO
101073599,2016-01-07,2016,,94.0,,,0,0,N,0.0,0.0,0.0,,,,,,,,35.95993,-86.82321,False,Crashes_2010_2019_MPO
101617933,2017-04-17,2017,,94.0,,,0,0,N,0.0,0.0,0.0,,,,,,,,35.94838,-86.80772,False,Crashes_2010_2019_MPO
100508640,2014-05-14,2014,,94.0,,,0,0,N,0.0,0.0,0.0,,,,,,,,35.96561,-86.70619,True,Crashes_2010_2019_MPO
102429706,2019-06-26,2019,,19.0,,,0,0,N,0.0,0.0,0.0,,,,,,,,36.03052,-86.74459,False,Crashes_2010_2019_MPO
100723613,2015-01-17,2015,,94.0,,,0,0,N,0.0,0.0,0.0,,,,,,,,35.95219,-86.81863,False,Crashes_2010_2019_MPO
101429952,2016-11-03,2016,,94.0,,,0,0,N,0.0,0.0,0.0,,,,,,,,36.01372,-86.80472,True,Crashes_2010_2019_MPO
100875851,2015-06-24,2015,,94.0,,,0,0,N,0.0,0.0,0.0,,,,,,,,35.92491,-86.8674,False,Crashes_2010_2019_MPO
101737277,2017-08-21,2017,,94.0,,,0,0,N,0.0,0.0,0.0,,,,,,,,35.96616,-86.80462,True,Crashes_2010_2019_MPO
101648858,2017-05-17,2017,,94.0,,,0,0,N,0.0,0.0,0.0,,,,,,,,35.99042,-86.79921,True,Crashes_2010_2019_MPO
101671627,2017-06-12,2017,,94.0,,,0,0,N,0.0,0.0,0.0,,,,,,,,35.95872,-86.84219,False,Crashes_2010_2019_MPO
101069748,2015-12-31,2015,,19.0,,,0,0,N,0.0,0.0,0.0,,,,,,,,36.0429,-86.72635,False,Crashes_2010_2019_MPO
102054919,2018-06-25,2018,,94.0,,,0,0,N,0.0,0.0,0.0,,,,,,,,35.94631,-86.8236,False,Crashes_2010_2019_MPO
102526878,2019-10-01,2019,,94.0,,,0,0,N,0.0,0.0,0.0,,,,,,,,35.96198,-86.81518,False,Crashes_2010_2019_MPO
102185026,2018-10-21,2018,,94.0,,,0,0,N,0.0,0.0,0.0,,,,,,,,35.93127,-86.87663,False,Crashes_2010_2019_MPO
101556928,2017-02-17,2017,,94.0,,,0,0,N,0.0,0.0,0.0,,,,,,,,35.9583,-86.8023,False,Crashes_2010_2019_MPO
101427927,2016-10-31,2016,,19.0,,,0,0,N,0.0,0.0,0.0,,,,,,,,36.04039,-86.78094,False,Crashes_2010_2019_MPO
10379049,2011-02-14,2011,,19.0,,,0,0, ,0.0,0.0,0.0,,,,,,,,36.039232,-86.782283,False,Crashes_2010_2019_MPO
101661688,2017-06-01,2017,,19.0,,,0,0,N,0.0,0.0,0.0,,,,,,,,36.04381,-86.84497,False,Crashes_2010_2019_MPO
100656364,2014-10-20,2014,,94.0,,,0,0,N,0.0,0.0,0.0,,,,,,,,35.98142,-86.71043,True,Crashes_2010_2019_MPO
101676972,2017-06-17,2017,,94.0,,,0,0,N,0.0,0.0,0.0,,,,,,,,35.93446,-86.81991,False,Crashes_2010_2019_MPO
101151518,2016-03-26,2016,,19.0,,,0,0,N,0.0,0.0,0.0,,,,,,,,36.03256,-86.7687,False,Crashes_2010_2019_MPO
102448065,2019-07-15,2019,,94.0,,,0,0,N,0.0,0.0,0.0,,,,,,,,35.9476,-86.81992,False,Crashes_2010_2019_MPO
100125296,2011-12-08,2011,,94.0,,,0,0,N,0.0,0.0,0.0,,,,,,,,35.9321,-86.8474,False,Crashes_2010_2019_MPO
101181393,2016-04-25,2016,,94.0,,,0,0,N,0.0,0.0,0.0,,,,,,,,35.97121,-86.77417,True,Crashes_2010_2019_MPO
102012465,2018-05-16,2018,,19.0,,,0,0,N,0.0,0.0,0.0,,,,,,,,36.03685,-86.78674,False,Crashes_2010_2019_MPO
102435092,2019-07-02,2019,,94.0,,,0,0,N,0.0,0.0,0.0,,,,,,,,35.96705,-86.81355,True,Crashes_2010_2019_MPO
101766140,2017-09-18,2017,,94.0,,,0,0,N,0.0,0.0,0.0,,,,,,,,35.96458,-86.8144,False,Crashes_2010_2019_MPO
100819007,2015-04-16,2015,,94.0,,,0,0,N,0.0,0.0,0.0,,,,,,,,35.93561,-86.82388,False,Crashes_2010_2019_MPO
101923957,2018-02-23,2018,,19.0,,,0,0,N,0.0,0.0,0.0,,,,,,,,36.04479,-86.77983,False,Crashes_2010_2019_MPO
101802555,2017-10-23,2017,,94.0,,,0,0,N,0.0,0.0,0.0,,,,,,,,35.93606,-86.82365,False,Crashes_2010_2019_MPO
100860051,2015-06-13,2015,,19.0,,,0,0,N,0.0,0.0,0.0,,,,,,,,36.05241,-86.71472,False,Crashes_2010_2019_MPO
101427863,2016-10-31,2016,,94.0,,,0,0,N,0.0,0.0,0.0,,,,,,,,36.01483,-86.72755,False,Crashes_2010_2019_MPO
102248417,2018-12-16,2018,,94.0,,,0,0,N,0.0,0.0,0.0,,,,,,,,35.96133,-86.81226,False,Crashes_2010_2019_MPO
101152701,2016-03-28,2016,,94.0,,,0,0,N,0.0,0.0,0.0,,,,,,,,35.96949,-86.81206,True,Crashes_2010_2019_MPO
100267912,2012-12-17,2012,,94.0,,,0,0,N,0.0,0.0,0.0,,,,,,,,35.96722,-86.81353,True,Crashes_2010_2019_MPO
102013787,2018-05-17,2018,,94.0,,,0,0,N,0.0,0.0,0.0,,,,,,,,35.95577,-86.83065,False,Crashes_2010_2019_MPO
102301426,2019-02-09,2019,,19.0,,,0,0,N,0.0,0.0,0.0,,,,,,,,36.04428,-86.71313,False,Crashes_2010_2019_MPO
100328176,2013-05-12,2013,,94.0,,,0,0,N,0.0,0.0,0.0,,,,,,,,35.97728,-86.72554,True,Crashes_2010_2019_MPO
102270352,2019-01-08,2019,,94.0,,,0,0,N,0.0,0.0,0.0,,,,,,,,36.00877,-86.81654,True,Crashes_2010_2019_MPO
102475302,2019-08-12,2019,,19.0,,,0,0,N,0.0,0.0,0.0,,,,,,,,36.05151,-86.71436,False,Crashes_2010_2019_MPO
102383681,2019-05-07,2019,,94.0,,,0,0,N,0.0,0.0,0.0,,,,,,,,35.9462,-86.80876,False,Crashes_2010_2019_MPO
101822343,2017-11-11,2017,,94.0,,,0,0,N,0.0,0.0,0.0,,,,,,,,35.9412,-86.81653,False,Crashes_2010_2019_MPO
101704486,2017-07-14,2017,,94.0,,,0,0,N,0.0,0.0,0.0,,,,,,,,35.96637,-86.81112,False,Crashes_2010_2019_MPO
101046400,2015-12-10,2015,,94.0,,,0,0,N,0.0,0.0,0.0,,,,,,,,36.01941,-86.78245,True,Crashes_2010_2019_MPO
102267685,2019-01-05,2019,,94.0,,,0,0,N,0.0,0.0,0.0,,,,,,,,35.93894,-86.83838,False,Crashes_2010_2019_MPO
101319946,2016-08-03,2016,,94.0,,,0,0,N,0.0,0.0,0.0,,,,,,,,35.95292,-86.81792,False,Crashes_2010_2019_MPO
102363835,2019-04-17,2019,,19.0,,,0,0,N,0.0,0.0,0.0,,,,,,,,36.04021,-86.76768,False,Crashes_2010_2019_MPO
100875111,2015-06-23,2015,,94.0,,,0,0,N,0.0,0.0,0.0,,,,,,,,35.95523,-86.82587,False,Crashes_2010_2019_MPO
100584906,2014-07-07,2014,,19.0,,,0,0,N,0.0,0.0,0.0,,,,,,,,36.02546,-86.7852,True,Crashes_2010_2019_MPO
101878561,2018-01-05,2018,,94.0,,,0,0,N,0.0,0.0,0.0,,,,,,,,36.00417,-86.79083,True,Crashes_2010_2019_MPO
101045514,2015-12-08,2015,,19.0,,,0,0,N,0.0,0.0,0.0,,,,,,,,36.04014,-86.78088,False,Crashes_2010_2019_MPO
101568523,2017-02-28,2017,,94.0,,,0,0,N,0.0,0.0,0.0,,,,,,,,35.97945,-86.77695,True,Crashes_2010_2019_MPO
101583425,2017-03-10,2017,,94.0,,,0,0,Y,0.0,0.0,1.0,,,,,,,,35.96588,-86.80316,True,Crashes_2010_2019_MPO
100299869,2013-03-05,2013,,94.0,,,0,0,N,0.0,0.0,0.0,,,,,,,,35.92988,-86.82046,False,Crashes_2010_2019_MPO
100966405,2015-09-24,2015,,19.0,,,0,0,N,0.0,0.0,0.0,,,,,,,,36.04362,-86.70162,False,Crashes_2010_2019_MPO
101978049,2018-04-14,2018,,19.0,,,0,0,N,0.0,0.0,0.0,,,,,,,,36.04534,-86.71352,False,Crashes_2010_2019_MPO
100849099,2015-05-23,2015,,94.0,,,0,0,N,0.0,0.0,0.0,,,,,,,,35.92289,-86.87186,False,Crashes_2010_2019_MPO
101697904,2017-07-10,2017,,94.0,,,0,0,N,0.0,0.0,0.0,,,,,,,,35.96681,-86.81119,True,Crashes_2010_2019_MPO
101354280,2016-09-05,2016,,19.0,,,0,0,N,0.0,0.0,0.0,,,,,,,,35.99985,-86.69306,False,Crashes_2010_2019_MPO
101238729,2016-06-04,2016,,19.0,,,0,0,N,0.0,0.0,0.0,,,,,,,,36.03487,-86.76872,False,Crashes_2010_2019_MPO
101158220,2016-04-05,2016,,94.0,,,0,0,N,0.0,0.0,0.0,,,,,,,,35.92487,-86.85698,False,Crashes_2010_2019_MPO
102013281,2018-05-17,2018,,19.0,,,0,0,N,0.0,0.0,0.0,,,,,,,,36.03934,-86.78566,False,Crashes_2010_2019_MPO
101240552,2016-06-06,2016,,94.0,,,0,0,N,0.0,0.0,0.0,,,,,,,,35.97334,-86.83305,True,Crashes_2010_2019_MPO
100698626,2014-11-29,2014,,19.0,,,0,0,N,0.0,0.0,0.0,,,,,,,,36.03725,-86.70315,False,Crashes_2010_2019_MPO
101080961,2016-01-20,2016,,19.0,,,0,0,N,0.0,0.0,0.0,,,,,,,,36.03408,-86.71307,False,Crashes_2010_2019_MPO
101881417,2018-01-08,2018,,94.0,,,0,0,N,0.0,0.0,0.0,,,,,,,,35.99579,-86.77891,True,Crashes_2010_2019_MPO
101765736,2017-09-19,2017,,19.0,,,0,0,N,0.0,0.0,0.0,,,,,,,,36.04075,-86.77964,False,Crashes_2010_2019_MPO
101184789,2016-04-30,2016,,94.0,,,0,0,N,0.0,0.0,0.0,,,,,,,,35.96888,-86.80942,True,Crashes_2010_2019_MPO
101978013,2018-04-14,2018,,94.0,,,0,0,N,0.0,0.0,0.0,,,,,,,,36.035174,-86.78329,False,Crashes_2010_2019_MPO
100398327,2013-10-31,2013,,94.0,,,0,0,N,0.0,0.0,0.0,,,,,,,,35.96076,-86.80972,False,Crashes_2010_2019_MPO
101096525,2016-01-30,2016,,19.0,,,0,0,N,0.0,0.0,0.0,,,,,,,,36.03352,-86.71298,False,Crashes_2010_2019_MPO
101973724,2018-04-11,2018,,94.0,,,0,0,N,0.0,0.0,0.0,,,,,,,,35.94782,-86.81975,False,Crashes_2010_2019_MPO
101562414,2017-02-22,2017,,19.0,,,0,0,N,0.0,0.0,0.0,,,,,,,,36.0472,-86.77637,False,Crashes_2010_2019_MPO
100753811,2015-02-27,2015,,94.0,,,0,0,N,0.0,0.0,0.0,,,,,,,,35.98909,-86.79966,True,Crashes_2010_2019_MPO
101821664,2017-11-10,2017,,94.0,,,0,0,N,0.0,0.0,0.0,,,,,,,,35.9476,-86.81992,False,Crashes_2010_2019_MPO
101577770,2017-03-09,2017,,19.0,,,0,0,N,0.0,0.0,0.0,,,,,,,,36.03731,-86.78749,False,Crashes_2010_2019_MPO
102595697,2019-11-29,2019,,94.0,,,0,0,N,0.0,0.0,0.0,,,,,,,,35.95968,-86.81384,False,Crashes_2010_2019_MPO
102365164,2019-04-18,2019,,94.0,,,0,0,N,0.0,0.0,0.0,,,,,,,,35.93756,-86.76809,False,Crashes_2010_2019_MPO
101285060,2016-07-13,2016,,19.0,,,0,0,N,0.0,0.0,0.0,,,,,,,,36.04569,-86.72058,False,Crashes_2010_2019_MPO
100951501,2015-09-16,2015,,94.0,,,0,0,Y,0.0,0.0,1.0,,,,,,,,36.00257,-86.77249,True,Crashes_2010_2019_MPO
100832849,2015-05-12,2015,,19.0,,,0,0,N,0.0,0.0,0.0,,,,,,,,36.03987,-86.74096,False,Crashes_2010_2019_MPO
102298882,2019-02-02,2019,,94.0,,,0,1,N,0.0,1.0,0.0,,,,,,,,35.93127,-86.87663,False,Crashes_2010_2019_MPO
102506105,2019-09-11,2019,,94.0,,,0,0,N,0.0,0.0,0.0,,,,,,,,36.00107,-86.80824,True,Crashes_2010_2019_MPO
101648594,2017-05-19,2017,,19.0,,,0,0,N,0.0,0.0,0.0,,,,,,,,36.00525,-86.7037,False,Crashes_2010_2019_MPO
101429985,2016-11-02,2016,,94.0,,,0,0,N,0.0,0.0,0.0,,,,,,,,35.92641,-86.82453,False,Crashes_2010_2019_MPO
100859376,2015-06-12,2015,,19.0,,,0,0,N,0.0,0.0,0.0,,,,,,,,36.0444,-86.78038,False,Crashes_2010_2019_MPO
100698907,2014-11-30,2014,,19.0,,,0,0,N,0.0,0.0,0.0,,,,,,,,36.04011,-86.74443,False,Crashes_2010_2019_MPO
100349131,2013-07-02,2013,,94.0,,,0,0,Y,0.0,0.0,1.0,,,,,,,,35.92704,-86.87388,False,Crashes_2010_2019_MPO
101531625,2017-01-22,2017,,19.0,,,0,0,N,0.0,0.0,0.0,,,,,,,,36.04048,-86.7826,False,Crashes_2010_2019_MPO
101742493,2017-08-26,2017,,94.0,,,0,0,N,0.0,0.0,0.0,,,,,,,,35.96497,-86.81573,True,Crashes_2010_2019_MPO
101007294,2015-11-11,2015,,94.0,,,0,0,N,0.0,0.0,0.0,,,,,,,,35.95984,-86.81588,False,Crashes_2010_2019_MPO
102362420,2019-04-15,2019,,94.0,,,0,0,N,0.0,0.0,0.0,,,,,,,,35.92472,-86.87428,False,Crashes_2010_2019_MPO
101237622,2016-06-02,2016,,94.0,,,0,0,N,0.0,0.0,0.0,,,,,,,,35.94019,-86.83646,False,Crashes_2010_2019_MPO
101502176,2017-01-11,2017,,94.0,,,0,0,N,0.0,0.0,0.0,,,,,,,,36.0333,-86.78835,True,Crashes_2010_2019_MPO
101102551,2016-02-03,2016,,94.0,,,0,0,N,0.0,0.0,0.0,,,,,,,,36.01704,-86.78639,True,Crashes_2010_2019_MPO
101595554,2017-03-27,2017,,19.0,,,0,0,N,0.0,0.0,0.0,,,,,,,,36.03517,-86.76871,False,Crashes_2010_2019_MPO
101478041,2016-12-15,2016,,94.0,,,0,0,N,0.0,0.0,0.0,,,,,,,,35.96173,-86.80183,True,Crashes_2010_2019_MPO
101964498,2018-04-02,2018,,94.0,,,0,0,N,0.0,0.0,0.0,,,,,,,,35.92639,-86.82421,False,Crashes_2010_2019_MPO
100654552,2014-10-16,2014,,94.0,,,0,0,N,0.0,0.0,0.0,,,,,,,,35.97332,-86.83308,True,Crashes_2010_2019_MPO
101853548,2017-12-09,2017,,19.0,,,0,0,N,0.0,0.0,0.0,,,,,,,,36.04543,-86.70361,False,Crashes_2010_2019_MPO
102033711,2018-06-05,2018,,19.0,,,0,0,N,0.0,0.0,0.0,,,,,,,,36.04117,-86.74648,False,Crashes_2010_2019_MPO
102414953,2019-06-09,2019,,19.0,,,0,0,N,0.0,0.0,0.0,,,,,,,,36.05071,-86.67789,False,Crashes_2010_2019_MPO
101655932,2017-05-26,2017,,19.0,,,0,0,N,0.0,0.0,0.0,,,,,,,,36.03336,-86.78872,True,Crashes_2010_2019_MPO
100633834,2014-09-23,2014,,19.0,,,0,0,N,0.0,0.0,0.0,,,,,,,,36.02963,-86.86375,False,Crashes_2010_2019_MPO
102365968,2019-04-19,2019,,19.0,,,0,0,N,0.0,0.0,0.0,,,,,,,,36.04626,-86.71337,False,Crashes_2010_2019_MPO
100417168,2013-12-10,2013,,94.0,,,0,0,N,0.0,0.0,0.0,,,,,,,,35.96202,-86.84005,False,Crashes_2010_2019_MPO
102243030,2018-12-11,2018,,94.0,,,0,0,N,0.0,0.0,0.0,,,,,,,,35.96369,-86.83927,False,Crashes_2010_2019_MPO
100257749,2012-11-26,2012,,94.0,,,0,0,N,0.0,0.0,0.0,,,,,,,,35.9492,-86.80707,False,Crashes_2010_2019_MPO
102232136,2018-12-01,2018,,94.0,,,0,0,N,0.0,0.0,0.0,,,,,,,,35.9583,-86.8023,False,Crashes_2010_2019_MPO
101422327,2016-10-25,2016,,94.0,,,0,0,N,0.0,0.0,0.0,,,,,,,,35.92655,-86.8259,False,Crashes_2010_2019_MPO
101890438,2018-01-18,2018,,94.0,,,0,0,N,0.0,0.0,0.0,,,,,,,,35.96751,-86.81634,True,Crashes_2010_2019_MPO
101466598,2016-12-03,2016,,94.0,,,0,0,N,0.0,0.0,0.0,,,,,,,,35.92786,-86.86769,False,Crashes_2010_2019_MPO
100705333,2014-12-11,2014,,94.0,,,0,0,N,0.0,0.0,0.0,,,,,,,,35.99004,-86.74527,True,Crashes_2010_2019_MPO
101844431,2017-11-30,2017,,94.0,,,0,0,N,0.0,0.0,0.0,,,,,,,,35.94524,-86.877,False,Crashes_2010_2019_MPO
101561752,2017-02-21,2017,,19.0,,,0,0,N,0.0,0.0,0.0,,,,,,,,36.04482,-86.71319,False,Crashes_2010_2019_MPO
102430093,2019-06-26,2019,,94.0,,,0,0,N,0.0,0.0,0.0,,,,,,,,35.92951,-86.87559,False,Crashes_2010_2019_MPO
102326622,2019-03-10,2019,,94.0,,,0,0,N,0.0,0.0,0.0,,,,,,,,36.00676,-86.81116,True,Crashes_2010_2019_MPO
102189613,2018-10-25,2018,,94.0,,,0,0,N,0.0,0.0,0.0,,,,,,,,35.92376,-86.86971,False,Crashes_2010_2019_MPO
102576598,2019-11-22,2019,,19.0,,,0,0,N,0.0,0.0,0.0,,,,,,,,36.01871,-86.70293,False,Crashes_2010_2019_MPO
102389658,2019-05-15,2019,,94.0,,,0,0,N,0.0,0.0,0.0,,,,,,,,35.99101,-86.799,True,Crashes_2010_2019_MPO
101302803,2016-07-25,2016,,94.0,,,0,0,N,0.0,0.0,0.0,,,,,,,,35.95591,-86.81142,False,Crashes_2010_2019_MPO
101441772,2016-11-16,2016,,94.0,,,0,0,N,0.0,0.0,0.0,,,,,,,,35.96731,-86.79037,True,Crashes_2010_2019_MPO
102324961,2019-03-08,2019,,94.0,,,0,0,N,0.0,0.0,0.0,,,,,,,,36.01529,-86.84319,False,Crashes_2010_2019_MPO
100736292,2015-02-12,2015,,94.0,,,0,0,N,0.0,0.0,0.0,,,,,,,,36.031303,-86.790381,True,Crashes_2010_2019_MPO
100738481,2015-02-17,2015,,19.0,,,0,0,N,0.0,0.0,0.0,,,,,,,,36.04896,-86.77587,False,Crashes_2010_2019_MPO
101638656,2017-05-08,2017,,19.0,,,0,0,N,0.0,0.0,0.0,,,,,,,,36.04125,-86.82181,False,Crashes_2010_2019_MPO
102121848,2018-08-24,2018,,94.0,,,0,0,N,0.0,0.0,0.0,,,,,,,,35.94778,-86.81994,False,Crashes_2010_2019_MPO
102201060,2018-11-05,2018,,19.0,,,0,0,N,0.0,0.0,0.0,,,,,,,,36.03969,-86.76238,False,Crashes_2010_2019_MPO
100272883,2012-12-29,2012,,94.0,,,0,0,N,0.0,0.0,0.0,,,,,,,,35.93296,-86.78254,False,Crashes_2010_2019_MPO
102209990,2018-11-13,2018,,94.0,,,0,0,N,0.0,0.0,0.0,,,,,,,,35.92648,-86.8663,False,Crashes_2010_2019_MPO
101074199,2016-01-08,2016,,94.0,,,0,0,N,0.0,0.0,0.0,,,,,,,,35.95214,-86.81839,False,Crashes_2010_2019_MPO
102584332,2019-11-30,2019,,94.0,,,0,0,N,0.0,0.0,0.0,,,,,,,,35.96883,-86.71274,True,Crashes_2010_2019_MPO
102094641,2018-07-31,2018,,94.0,,,0,0,N,0.0,0.0,0.0,,,,,,,,36.03662,-86.81293,True,Crashes_2010_2019_MPO
101128262,2016-03-05,2016,,94.0,,,0,0,N,0.0,0.0,0.0,,,,,,,,36.02922,-86.78994,True,Crashes_2010_2019_MPO
102196670,2018-11-01,2018,,94.0,,,0,0,N,0.0,0.0,0.0,,,,,,,,35.94627,-86.80906,False,Crashes_2010_2019_MPO
101454257,2016-11-19,2016,,94.0,,,0,0,N,0.0,0.0,0.0,,,,,,,,35.96722,-86.81402,True,Crashes_2010_2019_MPO
101102306,2016-02-09,2016,,19.0,,,0,0,N,0.0,0.0,0.0,,,,,,,,36.00909,-86.70146,False,Crashes_2010_2019_MPO
100661939,2014-10-30,2014,,94.0,,,0,0,N,0.0,0.0,0.0,,,,,,,,35.94772,-86.81943,False,Crashes_2010_2019_MPO
101289128,2016-07-20,2016,,19.0,,,0,0,N,0.0,0.0,0.0,,,,,,,,36.04815,-86.86582,False,Crashes_2010_2019_MPO
100980775,2015-10-16,2015,,94.0,,,0,0,N,0.0,0.0,0.0,,,,,,,,35.95497,-86.81178,False,Crashes_2010_2019_MPO
102181611,2018-10-18,2018,,19.0,,,0,0,N,0.0,0.0,0.0,,,,,,,,36.04026,-86.8164,False,Crashes_2010_2019_MPO
101463236,2016-11-29,2016,,94.0,,,0,0,N,0.0,0.0,0.0,,,,,,,,36.02554,-86.81862,True,Crashes_2010_2019_MPO
101119394,2016-02-20,2016,,94.0,,,0,0,N,0.0,0.0,0.0,,,,,,,,35.99764,-86.79669,True,Crashes_2010_2019_MPO
100722356,2015-01-14,2015,,94.0,,,0,0,N,0.0,0.0,0.0,,,,,,,,35.95807,-86.76774,True,Crashes_2010_2019_MPO
102554106,2019-10-31,2019,,94.0,,,0,0,N,0.0,0.0,0.0,,,,,,,,36.00799,-86.78689,True,Crashes_2010_2019_MPO
101002559,2015-11-03,2015,,94.0,,,0,0,N,0.0,0.0,0.0,,,,,,,,35.94709,-86.823,False,Crashes_2010_2019_MPO
101271179,2016-06-23,2016,,94.0,,,0,0,N,0.0,0.0,0.0,,,,,,,,36.00063,-86.81077,True,Crashes_2010_2019_MPO
100633846,2014-09-25,2014,,94.0,,,0,0,N,0.0,0.0,0.0,,,,,,,,35.95614,-86.80458,False,Crashes_2010_2019_MPO
100797552,2015-03-25,2015,,94.0,,,0,0,N,0.0,0.0,0.0,,,,,,,,35.94689,-86.85175,False,Crashes_2010_2019_MPO
100860836,2015-06-14,2015,,94.0,,,0,0,N,0.0,0.0,0.0,,,,,,,,35.92462,-86.87015,False,Crashes_2010_2019_MPO
101045535,2015-12-08,2015,,19.0,,,0,0,N,0.0,0.0,0.0,,,,,,,,36.03948,-86.78161,False,Crashes_2010_2019_MPO
100683019,2014-11-19,2014,,19.0,,,0,0,N,0.0,0.0,0.0,,,,,,,,36.02551,-86.71302,False,Crashes_2010_2019_MPO
102403035,2019-05-28,2019,,94.0,,,0,0,N,0.0,0.0,0.0,,,,,,,,35.95721,-86.84339,False,Crashes_2010_2019_MPO
100369177,2013-08-19,2013,,94.0,,,0,0,N,0.0,0.0,0.0,,,,,,,,35.94553,-86.82775,False,Crashes_2010_2019_MPO
100571515,2014-07-10,2014,,94.0,,,0,0,N,0.0,0.0,0.0,,,,,,,,35.92648,-86.82518,False,Crashes_2010_2019_MPO
100128423,2011-12-17,2011,,94.0,,,0,0,N,0.0,0.0,0.0,,,,,,,,35.96316,-86.85396,False,Crashes_2010_2019_MPO
101819883,2017-11-09,2017,,94.0,,,0,0,N,0.0,0.0,0.0,,,,,,,,35.95218,-86.76623,True,Crashes_2010_2019_MPO
102291515,2019-01-29,2019,,94.0,,,0,0,N,0.0,0.0,0.0,,,,,,,,35.93508,-86.81096,False,Crashes_2010_2019_MPO
101761188,2017-09-15,2017,,19.0,,,0,0,Y,0.0,0.0,1.0,,,,,,,,36.03951,-86.67763,False,Crashes_2010_2019_MPO
101880931,2018-01-08,2018,,94.0,,,0,0,N,0.0,0.0,0.0,,,,,,,,35.93374,-86.81767,False,Crashes_2010_2019_MPO
100820441,2015-04-19,2015,,94.0,,,0,0,N,0.0,0.0,0.0,,,,,,,,35.96136,-86.81234,False,Crashes_2010_2019_MPO
101886786,2018-01-10,2018,,94.0,,,0,0,N,0.0,0.0,0.0,,,,,,,,35.99734,-86.79486,True,Crashes_2010_2019_MPO
102532547,2019-10-08,2019,,94.0,,,0,0,N,0.0,0.0,0.0,,,,,,,,35.99531,-86.77687,True,Crashes_2010_2019_MPO
100726559,2015-01-20,2015,,19.0,,,0,0,N,0.0,0.0,0.0,,,,,,,,36.03142,-86.78349,True,Crashes_2010_2019_MPO
101187486,2016-05-03,2016,,19.0,,,0,0,N,0.0,0.0,0.0,,,,,,,,36.04121,-86.77955,False,Crashes_2010_2019_MPO
101722986,2017-08-06,2017,,94.0,,,0,0,N,0.0,0.0,0.0,,,,,,,,35.9342,-86.86121,False,Crashes_2010_2019_MPO
100353400,2013-07-11,2013,,94.0,,,0,0,N,0.0,0.0,0.0,,,,,,,,36.03039,-86.87019,False,Crashes_2010_2019_MPO
102534176,2019-10-10,2019,,19.0,,,0,0,N,0.0,0.0,0.0,,,,,,,,36.04561,-86.71076,False,Crashes_2010_2019_MPO
101966980,2018-04-04,2018,,19.0,,,0,0,N,0.0,0.0,0.0,,,,,,,,36.04428,-86.78089,False,Crashes_2010_2019_MPO
100805070,2015-04-09,2015,,94.0,,,0,0,N,0.0,0.0,0.0,,,,,,,,35.93566,-86.81413,False,Crashes_2010_2019_MPO
101393737,2016-10-01,2016,,19.0,,,0,0,N,0.0,0.0,0.0,,,,,,,,36.04117,-86.75036,False,Crashes_2010_2019_MPO
100364820,2013-08-08,2013,,94.0,,,0,0,N,0.0,0.0,0.0,,,,,,,,35.9288,-86.76743,False,Crashes_2010_2019_MPO
101546186,2017-02-06,2017,,19.0,,,0,0,N,0.0,0.0,0.0,,,,,,,,36.03983,-86.74095,False,Crashes_2010_2019_MPO
102510855,2019-09-12,2019,,94.0,,,0,0,N,0.0,0.0,0.0,,,,,,,,35.94854,-86.81992,False,Crashes_2010_2019_MPO
101325783,2016-08-11,2016,,94.0,,,0,0,N,0.0,0.0,0.0,,,,,,,,36.01782,-86.78661,True,Crashes_2010_2019_MPO
100720719,2015-01-09,2015,,19.0,,,0,0,Y,0.0,0.0,1.0,,,,,,,,36.03842,-86.78259,False,Crashes_2010_2019_MPO
101348048,2016-08-27,2016,,19.0,,,0,0,N,0.0,0.0,0.0,,,,,,,,36.04537,-86.71326,False,Crashes_2010_2019_MPO
101594519,2017-03-26,2017,,19.0,,,0,0,N,0.0,0.0,0.0,,,,,,,,36.04543,-86.70361,False,Crashes_2010_2019_MPO
100756004,2015-03-03,2015,,94.0,,,0,0,N,0.0,0.0,0.0,,,,,,,,35.96589,-86.80358,True,Crashes_2010_2019_MPO
102595966,2019-12-12,2019,,94.0,,,0,0,Y,0.0,0.0,1.0,,,,,,,,36.03451,-86.78311,True,Crashes_2010_2019_MPO
101429563,2016-11-02,2016,,94.0,,,0,0,N,0.0,0.0,0.0,,,,,,,,35.9325,-86.86247,False,Crashes_2010_2019_MPO
101583586,2017-03-15,2017,,19.0,,,0,0,N,0.0,0.0,0.0,,,,,,,,36.03256,-86.7687,False,Crashes_2010_2019_MPO
100402336,2013-11-08,2013,,94.0,,,0,0,N,0.0,0.0,0.0,,,,,,,,35.94637,-86.80943,False,Crashes_2010_2019_MPO
101539323,2017-01-30,2017,,19.0,,,0,0,N,0.0,0.0,0.0,,,,,,,,36.04655,-86.67806,False,Crashes_2010_2019_MPO
102075673,2018-07-15,2018,,19.0,,,0,0,N,0.0,0.0,0.0,,,,,,,,36.0409,-86.77938,False,Crashes_2010_2019_MPO
101047123,2015-12-11,2015,,19.0,,,0,0,N,0.0,0.0,0.0,,,,,,,,36.0332,-86.77534,False,Crashes_2010_2019_MPO