mstrrecnbr,collision_ts,year,county,countystat,crash,crash_type,fatalities,non_motorists,commercial,fatal_c,nonmotor_c,truck_c,fatalc,serious_injuries,ped,bike,lighting,weather,first_harmful_event,latitude,longitude,in_city,src_layer
101717498,2017-08-01,2017,,19.0,,,0,0,N,0.0,0.0,0.0,,,,,,,,36.04139,-86.77982,False,Crashes_2010_2019_MPO
102502035,2019-09-07,2019,,19.0,,,0,0,N,0.0,0.0,0.0,,,,,,,,35.99126,-86.682,False,Crashes_2010_2019_MPO
100834691,2015-05-15,2015,,19.0,,,0,0,N,0.0,0.0,0.0,,,,,,,,36.0455,-86.70434,False,Crashes_2010_2019_MPO
101323823,2016-08-09,2016,,19.0,,,0,0,N,0.0,0.0,0.0,,,,,,,,36.00838,-86.70115,False,Crashes_2010_2019_MPO
101579623,2017-03-10,2017,,94.0,,,0,0,N,0.0,0.0,0.0,,,,,,,,35.95797,-86.82524,False,Crashes_2010_2019_MPO
102328679,2019-03-12,2019,,19.0,,,0,0,N,0.0,0.0,0.0,,,,,,,,36.04088,-86.77381,False,Crashes_2010_2019_MPO
102597783,2019-12-13,2019,,19.0,,,0,0,Y,0.0,0.0,1.0,,,,,,,,36.04055,-86.78259,False,Crashes_2010_2019_MPO
101490491,2016-12-29,2016,,94.0,,,0,0,N,0.0,0.0,0.0,,,,,,,,35.97729,-86.80399,True,Crashes_2010_2019_MPO
100635219,2014-09-28,2014,,19.0,,,0,0,N,0.0,0.0,0.0,,,,,,,,36.03932,-86.7856,False,Crashes_2010_2019_MPO
100227645,2012-09-15,2012,,94.0,,,0,0,N,0.0,0.0,0.0,,,,,,,,36.03093,-86.78699,True,Crashes_2010_2019_MPO
100255733,2012-11-20,2012,,94.0,,,0,0,N,0.0,0.0,0.0,,,,,,,,35.98067,-86.84317,False,Crashes_2010_2019_MPO
102002637,2018-05-07,2018,,19.0,,,0,0,N,0.0,0.0,0.0,,,,,,,,36.03821,-86.8009,False,Crashes_2010_2019_MPO
101832882,2017-11-20,2017,,94.0,,,0,0,N,0.0,0.0,0.0,,,,,,,,35.98154,-86.84521,False,Crashes_2010_2019_MPO
100700815,2014-12-03,2014,,19.0,,,0,0,N,0.0,0.0,0.0,,,,,,,,36.04482,-86.84894,False,Crashes_2010_2019_MPO
102518687,2019-09-24,2019,,94.0,,,0,0,N,0.0,0.0,0.0,,,,,,,,35.9291,-86.75015,False,Crashes_2010_2019_MPO
102180979,2018-10-18,2018,,94.0,,,0,0,N,0.0,0.0,0.0,,,,,,,,35.95201,-86.74153,True,Crashes_2010_2019_MPO
100950369,2015-09-14,2015,,94.0,,,0,0,N,0.0,0.0,0.0,,,,,,,,35.99753,-86.79465,True,Crashes_2010_2019_MPO
100431667,2014-01-16,2014,,94.0,,,0,0,N,0.0,0.0,0.0,,,,,,,,35.94778,-86.81995,False,Crashes_2010_2019_MPO
100833396,2015-05-09,2015,,94.0,,,0,0,N,0.0,0.0,0.0,,,,,,,,35.93526,-86.86041,False,Crashes_2010_2019_MPO
100661936,2014-10-30,2014,,94.0,,,0,0,N,0.0,0.0,0.0,,,,,,,,35.95862,-86.81605,False,Crashes_2010_2019_MPO
100131356,2011-12-19,2011,,94.0,,,0,0,N,0.0,0.0,0.0,,,,,,,,36.01453,-86.78541,True,Crashes_2010_2019_MPO
101774843,2017-09-28,2017,,19.0,,,0,0,N,0.0,0.0,0.0,,,,,,,,36.03797,-86.79777,False,Crashes_2010_2019_MPO
101067151,2015-12-26,2015,,19.0,,,0,0,N,0.0,0.0,0.0,,,,,,,,35.99742,-86.69068,False,Crashes_2010_2019_MPO
102311008,2019-02-20,2019,,94.0,,,0,0,N,0.0,0.0,0.0,,,,,,,,35.93292,-86.81159,False,Crashes_2010_2019_MPO
102251161,2018-12-19,2018,,94.0,,,0,0,N,0.0,0.0,0.0,,,,,,,,36.03066,-86.78358,True,Crashes_2010_2019_MPO
101350571,2016-08-31,2016,,94.0,,,0,0,N,0.0,0.0,0.0,,,,,,,,35.97182,-86.82584,True,Crashes_2010_2019_MPO
102389650,2019-05-13,2019,,94.0,,,0,0,N,0.0,0.0,0.0,,,,,,,,35.966539,-86.809973,True,Crashes_2010_2019_MPO
101472319,2016-12-09,2016,,94.0,,,0,0,N,0.0,0.0,0.0,,,,,,,,35.97359,-86.83283,True,Crashes_2010_2019_MPO
101071042,2016-01-03,2016,,19.0,,,0,0,N,0.0,0.0,0.0,,,,,,,,36.05038,-86.69725,False,Crashes_2010_2019_MPO
100369370,2013-08-20,2013,,94.0,,,0,0,N,0.0,0.0,0.0,,,,,,,,35.94463,-86.84661,False,Crashes_2010_2019_MPO
102539548,2019-10-16,2019,,19.0,,,0,0,N,0.0,0.0,0.0,,,,,,,,36.04004,-86.76609,False,Crashes_2010_2019_MPO
102237527,2018-12-06,2018,,94.0,,,0,0,N,0.0,0.0,0.0,,,,,,,,35.95209,-86.81805,False,Crashes_2010_2019_MPO
100408598,2013-11-21,2013,,94.0,,,0,0,N,0.0,0.0,0.0,,,,,,,,35.9322,-86.86188,False,Crashes_2010_2019_MPO
101533137,2017-01-24,2017,,94.0,,,0,0,N,0.0,0.0,0.0,,,,,,,,36.02608,-86.79276,True,Crashes_2010_2019_MPO
100319710,2013-04-22,2013,,94.0,,,0,0,N,0.0,0.0,0.0,,,,,,,,35.97814,-86.75854,True,Crashes_2010_2019_MPO
100736336,2015-02-12,2015,,94.0,,,0,0,N,0.0,0.0,0.0,,,,,,,,35.92928,-86.87582,False,Crashes_2010_2019_MPO
100241953,2012-10-23,2012,,94.0,,,0,0,N,0.0,0.0,0.0,,,,,,,,36.00721,-86.8559,False,Crashes_2010_2019_MPO
101744206,2017-08-28,2017,,94.0,,,0,0,N,0.0,0.0,0.0,,,,,,,,36.03336,-86.78148,True,Crashes_2010_2019_MPO
102266761,2019-01-04,2019,,94.0,,,0,0,N,0.0,0.0,0.0,,,,,,,,35.94727,-86.80838,False,Crashes_2010_2019_MPO
101300265,2016-07-21,2016,,19.0,,,0,0,N,0.0,0.0,0.0,,,,,,,,36.0453,-86.70165,False,Crashes_2010_2019_MPO
101693444,2017-07-05,2017,,94.0,,,0,0,N,0.0,0.0,0.0,,,,,,,,35.94036,-86.83304,False,Crashes_2010_2019_MPO
101852773,2017-12-08,2017,,94.0,,,0,0,N,0.0,0.0,0.0,,,,,,,,35.97776,-86.80359,True,Crashes_2010_2019_MPO
900105782,2010-06-15,2010,,94.0,,,0,0, ,0.0,0.0,0.0,,,,,,,,35.973,-86.867897,False,Crashes_2010_2019_MPO
101404569,2016-10-14,2016,,94.0,,,0,0,N,0.0,0.0,0.0,,,,,,,,35.94526,-86.81942,False,Crashes_2010_2019_MPO
100982717,2015-10-20,2015,,94.0,,,0,0,N,0.0,0.0,0.0,,,,,,,,35.96423,-86.81452,False,Crashes_2010_2019_MPO
101830445,2017-11-19,2017,,19.0,,,0,0,N,0.0,0.0,0.0,,,,,,,,36.0457,-86.71695,False,Crashes_2010_2019_MPO
100245221,2012-10-30,2012,,94.0,,,0,0,N,0.0,0.0,0.0,,,,,,,,35.99088,-86.75141,True,Crashes_2010_2019_MPO
102165912,2018-10-03,2018,,19.0,,,0,0,N,0.0,0.0,0.0,,,,,,,,36.04296,-86.84191,False,Crashes_2010_2019_MPO
102003526,2018-05-08,2018,,19.0,,,0,0,N,0.0,0.0,0.0,,,,,,,,36.04003,-86.78126,False,Crashes_2010_2019_MPO
100735166,2015-02-09,2015,,94.0,,,0,0,N,0.0,0.0,0.0,,,,,,,,35.99782,-86.7989,True,Crashes_2010_2019_MPO
101950657,2018-03-20,2018,,94.0,,,0,0,N,0.0,0.0,0.0,,,,,,,,35.99291,-86.81254,True,Crashes_2010_2019_MPO
102233480,2018-12-03,2018,,94.0,,,0,0,N,0.0,0.0,0.0,,,,,,,,35.94055,-86.83919,False,Crashes_2010_2019_MPO
101601676,2017-03-03,2017,,94.0,,,0,0,N,0.0,0.0,0.0,,,,,,,,36.03016,-86.79048,True,Crashes_2010_2019_MPO
102104420,2018-08-10,2018,,94.0,,,0,0,N,0.0,0.0,0.0,,,,,,,,35.97277,-86.83354,False,Crashes_2010_2019_MPO
101766215,2017-09-01,2017,,94.0,,,0,0,N,0.0,0.0,0.0,,,,,,,,35.92456,-86.87028,False,Crashes_2010_2019_MPO
101863191,2017-12-19,2017,,94.0,,,0,0,N,0.0,0.0,0.0,,,,,,,,35.97902,-86.75041,True,Crashes_2010_2019_MPO
102387685,2019-05-12,2019,,94.0,,,0,0,N,0.0,0.0,0.0,,,,,,,,35.99781,-86.79886,True,Crashes_2010_2019_MPO
101861648,2017-12-17,2017,,94.0,,,0,0,N,0.0,0.0,0.0,,,,,,,,36.00063,-86.83056,False,Crashes_2010_2019_MPO
102593665,2019-12-10,2019,,94.0,,,0,0,N,0.0,0.0,0.0,,,,,,,,35.96705,-86.81355,True,Crashes_2010_2019_MPO
100977747,2015-10-12,2015,,94.0,,,0,0,N,0.0,0.0,0.0,,,,,,,,35.95201,-86.74153,True,Crashes_2010_2019_MPO
102282451,2019-01-20,2019,,94.0,,,0,0,N,0.0,0.0,0.0,,,,,,,,35.99086,-86.75136,True,Crashes_2010_2019_MPO
101582262,2017-03-13,2017,,19.0,,,0,0,N,0.0,0.0,0.0,,,,,,,,36.03488,-86.76872,False,Crashes_2010_2019_MPO
102376910,2019-05-01,2019,,94.0,,,0,0,N,0.0,0.0,0.0,,,,,,,,35.97766,-86.71749,True,Crashes_2010_2019_MPO
101962712,2018-03-31,2018,,94.0,,,0,0,N,0.0,0.0,0.0,,,,,,,,35.92738,-86.8687,False,Crashes_2010_2019_MPO
101818594,2017-11-08,2017,,94.0,,,0,0,N,0.0,0.0,0.0,,,,,,,,35.93698,-86.80842,False,Crashes_2010_2019_MPO
100434793,2014-01-25,2014,,94.0,,,0,0,N,0.0,0.0,0.0,,,,,,,,35.99551,-86.77889,True,Crashes_2010_2019_MPO
100394171,2013-10-21,2013,,94.0,,,0,0,N,0.0,0.0,0.0,,,,,,,,35.97211,-86.71254,True,Crashes_2010_2019_MPO
100641439,2014-10-10,2014,,94.0,,,0,0,N,0.0,0.0,0.0,,,,,,,,35.94689,-86.85175,False,Crashes_2010_2019_MPO
100772329,2015-03-14,2015,,19.0,,,0,0,N,0.0,0.0,0.0,,,,,,,,36.0352,-86.78324,False,Crashes_2010_2019_MPO
101388374,2016-09-21,2016,,94.0,,,0,0,N,0.0,0.0,0.0,,,,,,,,35.98525,-86.72839,True,Crashes_2010_2019_MPO
102383008,2019-05-07,2019,,19.0,,,0,0,N,0.0,0.0,0.0,,,,,,,,36.05272,-86.71473,False,Crashes_2010_2019_MPO
102018723,2018-05-22,2018,,94.0,,,0,0,N,0.0,0.0,0.0,,,,,,,,35.94291,-86.82002,False,Crashes_2010_2019_MPO
100634446,2014-09-26,2014,,94.0,,,0,0,N,0.0,0.0,0.0,,,,,,,,35.93735,-86.77128,False,Crashes_2010_2019_MPO
102270637,2019-01-08,2019,,94.0,,,0,0,N,0.0,0.0,0.0,,,,,,,,35.97318,-86.83242,True,Crashes_2010_2019_MPO
100414942,2013-12-04,2013,,94.0,,,0,0,N,0.0,0.0,0.0,,,,,,,,35.99115,-86.79895,True,Crashes_2010_2019_MPO
101191996,2016-05-11,2016,,19.0,,,0,0,N,0.0,0.0,0.0,,,,,,,,36.03881,-86.78292,False,Crashes_2010_2019_MPO
101644799,2017-05-15,2017,,94.0,,,0,0,N,0.0,0.0,0.0,,,,,,,,35.99543,-86.77814,True,Crashes_2010_2019_MPO
100613826,2014-09-02,2014,,94.0,,,0,0,N,0.0,0.0,0.0,,,,,,,,35.92355,-86.86804,False,Crashes_2010_2019_MPO
101345653,2016-08-25,2016,,94.0,,,0,0,N,0.0,0.0,0.0,,,,,,,,36.02672,-86.79239,True,Crashes_2010_2019_MPO
101472299,2016-12-09,2016,,19.0,,,0,0,N,0.0,0.0,0.0,,,,,,,,36.03841,-86.713,False,Crashes_2010_2019_MPO
101880073,2018-01-06,2018,,19.0,,,0,0,N,0.0,0.0,0.0,,,,,,,,36.04741,-86.75031,False,Crashes_2010_2019_MPO
100310205,2013-03-30,2013,,94.0,,,0,0,N,0.0,0.0,0.0,,,,,,,,36.03076,-86.78381,True,Crashes_2010_2019_MPO
101708430,2017-07-21,2017,,19.0,,,0,0,N,0.0,0.0,0.0,,,,,,,,36.03933,-86.78275,False,Crashes_2010_2019_MPO
101646284,2017-05-16,2017,,19.0,,,0,0,N,0.0,0.0,0.0,,,,,,,,36.0473,-86.86274,False,Crashes_2010_2019_MPO
101347215,2016-08-27,2016,,19.0,,,0,0,N,0.0,0.0,0.0,,,,,,,,36.04537,-86.71326,False,Crashes_2010_2019_MPO
100394540,2013-10-21,2013,,94.0,,,0,0,N,0.0,0.0,0.0,,,,,,,,35.9912,-86.68349,False,Crashes_2010_2019_MPO
101841735,2017-11-28,2017,,19.0,,,0,0,N,0.0,0.0,0.0,,,,,,,,36.04493,-86.78005,False,Crashes_2010_2019_MPO
102110007,2018-08-14,2018,,94.0,,,0,0,N,0.0,0.0,0.0,,,,,,,,35.96569,-86.81393,False,Crashes_2010_2019_MPO
100497475,2014-04-16,2014,,94.0,,,0,0,N,0.0,0.0,0.0,,,,,,,,35.9368,-86.69649,False,Crashes_2010_2019_MPO
101591084,2017-03-23,2017,,19.0,,,0,0,N,0.0,0.0,0.0,,,,,,,,36.04758,-86.73484,False,Crashes_2010_2019_MPO
102390607,2019-05-16,2019,,94.0,,,0,0,N,0.0,0.0,0.0,,,,,,,,35.99156,-86.79881,True,Crashes_2010_2019_MPO
101821587,2017-11-10,2017,,19.0,,,0,0,N,0.0,0.0,0.0,,,,,,,,36.01263,-86.70868,False,Crashes_2010_2019_MPO
102442549,2019-07-09,2019,,19.0,,,0,0,N,0.0,0.0,0.0,,,,,,,,36.02535,-86.69647,False,Crashes_2010_2019_MPO
101729021,2017-08-11,2017,,94.0,,,0,0,N,0.0,0.0,0.0,,,,,,,,35.93779,-86.68892,False,Crashes_2010_2019_MPO
101900769,2018-01-29,2018,,94.0,,,0,0,N,0.0,0.0,0.0,,,,,,,,36.04253,-86.86686,True,Crashes_2010_2019_MPO
100186213,2012-05-30,2012,,94.0,,,0,0,N,0.0,0.0,0.0,,,,,,,,36.03315,-86.7873,True,Crashes_2010_2019_MPO
101107564,2016-02-17,2016,,94.0,,,0,0,N,0.0,0.0,0.0,,,,,,,,35.95887,-86.83133,False,Crashes_2010_2019_MPO
102131491,2018-09-02,2018,,19.0,,,0,0,N,0.0,0.0,0.0,,,,,,,,36.04639,-86.71338,False,Crashes_2010_2019_MPO
101398494,2016-10-07,2016,,94.0,,,0,0,N,0.0,0.0,0.0,,,,,,,,35.92383,-86.86976,False,Crashes_2010_2019_MPO
100981341,2015-10-18,2015,,19.0,,,0,0,N,0.0,0.0,0.0,,,,,,,,36.05366,-86.71502,False,Crashes_2010_2019_MPO
100667156,2014-11-06,2014,,19.0,,,0,0,N,0.0,0.0,0.0,,,,,,,,36.03918,-86.71287,False,Crashes_2010_2019_MPO
100310748,2013-04-01,2013,,94.0,,,0,0,N,0.0,0.0,0.0,,,,,,,,35.92354,-86.79252,False,Crashes_2010_2019_MPO
102121564,2018-08-24,2018,,94.0,,,0,0,N,0.0,0.0,0.0,,,,,,,,35.96891,-86.72953,True,Crashes_2010_2019_MPO
100460229,2014-03-04,2014,,94.0,,,0,0,N,0.0,0.0,0.0,,,,,,,,35.9626,-86.81514,False,Crashes_2010_2019_MPO
101119024,2016-02-19,2016,,19.0,,,0,0,N,0.0,0.0,0.0,,,,,,,,36.02138,-86.71138,False,Crashes_2010_2019_MPO
101128124,2016-03-05,2016,,94.0,,,0,0,N,0.0,0.0,0.0,,,,,,,,35.99922,-86.80923,True,Crashes_2010_2019_MPO
101425123,2016-10-28,2016,,19.0,,,0,0,N,0.0,0.0,0.0,,,,,,,,36.04125,-86.77724,False,Crashes_2010_2019_MPO
102046815,2018-06-18,2018,,19.0,,,0,0,N,0.0,0.0,0.0,,,,,,,,36.0417,-86.74862,False,Crashes_2010_2019_MPO
101328975,2016-08-16,2016,,94.0,,,0,0,N,0.0,0.0,0.0,,,,,,,,35.96173,-86.80183,True,Crashes_2010_2019_MPO
100883330,2015-07-07,2015,,94.0,,,0,0,N,0.0,0.0,0.0,,,,,,,,35.93219,-86.79437,False,Crashes_2010_2019_MPO
100805686,2015-04-10,2015,,94.0,,,0,0,N,0.0,0.0,0.0,,,,,,,,36.02951,-86.79082,True,Crashes_2010_2019_MPO
101365736,2016-09-20,2016,,94.0,,,0,0,N,0.0,0.0,0.0,,,,,,,,35.99309,-86.75802,True,Crashes_2010_2019_MPO
102061577,2018-07-02,2018,,94.0,,,0,0,N,0.0,0.0,0.0,,,,,,,,36.02719,-86.79213,True,Crashes_2010_2019_MPO
100215217,2012-08-15,2012,,94.0,,,0,0,Y,0.0,0.0,1.0,,,,,,,,35.9668,-86.8118,True,Crashes_2010_2019_MPO
101456723,2016-11-22,2016,,19.0,,,0,0,N,0.0,0.0,0.0,,,,,,,,36.03977,-86.74025,False,Crashes_2010_2019_MPO
100833258,2015-05-13,2015,,94.0,,,0,0,N,0.0,0.0,0.0,,,,,,,,36.02173,-86.74267,False,Crashes_2010_2019_MPO
101810418,2017-10-30,2017,,94.0,,,0,0,N,0.0,0.0,0.0,,,,,,,,35.93278,-86.81161,False,Crashes_2010_2019_MPO
102512092,2019-09-17,2019,,94.0,,,0,0,N,0.0,0.0,0.0,,,,,,,,35.98731,-86.73793,True,Crashes_2010_2019_MPO
101900616,2018-01-29,2018,,94.0,,,0,0,N,0.0,0.0,0.0,,,,,,,,35.92673,-86.87005,False,Crashes_2010_2019_MPO
101004112,2015-11-06,2015,,19.0,,,0,0,N,0.0,0.0,0.0,,,,,,,,36.04009,-86.71277,False,Crashes_2010_2019_MPO
101406764,2016-10-18,2016,,94.0,,,0,0,N,0.0,0.0,0.0,,,,,,,,35.99781,-86.79886,True,Crashes_2010_2019_MPO
101865919,2017-12-21,2017,,94.0,,,0,0,N,0.0,0.0,0.0,,,,,,,,35.94838,-86.80772,False,Crashes_2010_2019_MPO
101910904,2018-02-09,2018,,19.0,,,0,0,N,0.0,0.0,0.0,,,,,,,,36.03944,-86.73731,False,Crashes_2010_2019_MPO
101629065,2017-04-28,2017,,94.0,,,0,0,N,0.0,0.0,0.0,,,,,,,,35.93308,-86.81155,False,Crashes_2010_2019_MPO
102597715,2019-12-14,2019,,94.0,,,0,0,N,0.0,0.0,0.0,,,,,,,,35.96316,-86.77755,True,Crashes_2010_2019_MPO
101388682,2016-09-24,2016,,94.0,,,0,0,N,0.0,0.0,0.0,,,,,,,,35.94218,-86.80417,False,Crashes_2010_2019_MPO
101616585,2017-04-12,2017,,94.0,,,0,0,N,0.0,0.0,0.0,,,,,,,,35.92832,-86.76615,False,Crashes_2010_2019_MPO
102567000,2019-11-13,2019,,94.0,,,0,0,N,0.0,0.0,0.0,,,,,,,,35.99047,-86.79943,True,Crashes_2010_2019_MPO
101601767,2017-04-02,2017,,94.0,,,0,0,N,0.0,0.0,0.0,,,,,,,,35.9983,-86.80309,True,Crashes_2010_2019_MPO
101270070,2016-06-21,2016,,94.0,,,0,0,N,0.0,0.0,0.0,,,,,,,,35.96518,-86.81418,False,Crashes_2010_2019_MPO
101786213,2017-10-09,2017,,94.0,,,0,0,N,0.0,0.0,0.0,,,,,,,,36.03358,-86.78045,True,Crashes_2010_2019_MPO
100345660,2013-06-23,2013,,94.0,,,0,0,N,0.0,0.0,0.0,,,,,,,,35.99831,-86.80315,True,Crashes_2010_2019_MPO
101665862,2017-06-06,2017,,19.0,,,0,0,N,0.0,0.0,0.0,,,,,,,,36.04817,-86.77626,False,Crashes_2010_2019_MPO
101621632,2017-04-21,2017,,19.0,,,0,0,N,0.0,0.0,0.0,,,,,,,,36.04829,-86.86631,False,Crashes_2010_2019_MPO
100267861,2012-12-17,2012,,94.0,,,0,0,N,0.0,0.0,0.0,,,,,,,,35.95226,-86.81906,False,Crashes_2010_2019_MPO
102051681,2018-06-23,2018,,19.0,,,0,0,N,0.0,0.0,0.0,,,,,,,,36.04479,-86.72487,False,Crashes_2010_2019_MPO
100431204,2014-01-14,2014,,94.0,,,0,0,N,0.0,0.0,0.0,,,,,,,,35.96158,-86.81529,False,Crashes_2010_2019_MPO
102137786,2018-09-07,2018,,94.0,,,0,0,N,0.0,0.0,0.0,,,,,,,,35.94397,-86.82247,False,Crashes_2010_2019_MPO
102482916,2019-08-20,2019,,94.0,,,0,0,N,0.0,0.0,0.0,,,,,,,,36.03651,-86.80087,True,Crashes_2010_2019_MPO
102265933,2019-01-03,2019,,94.0,,,0,0,N,0.0,0.0,0.0,,,,,,,,35.93541,-86.82372,False,Crashes_2010_2019_MPO
100304690,2013-03-16,2013,,94.0,,,0,0,N,0.0,0.0,0.0,,,,,,,,35.94761,-86.81992,False,Crashes_2010_2019_MPO
102179858,2018-10-16,2018,,94.0,,,0,0,N,0.0,0.0,0.0,,,,,,,,35.92891,-86.87519,False,Crashes_2010_2019_MPO
101155461,2016-04-01,2016,,19.0,,,0,0,N,0.0,0.0,0.0,,,,,,,,36.03954,-86.78172,False,Crashes_2010_2019_MPO
100678747,2014-11-11,2014,,94.0,,,0,0,N,0.0,0.0,0.0,,,,,,,,35.98492,-86.81816,True,Crashes_2010_2019_MPO
101120325,2016-02-22,2016,,94.0,,,0,0,N,0.0,0.0,0.0,,,,,,,,35.97205,-86.82649,True,Crashes_2010_2019_MPO
101567791,2017-02-25,2017,,94.0,,,0,0,N,0.0,0.0,0.0,,,,,,,,35.96746,-86.81592,True,Crashes_2010_2019_MPO
101745789,2017-08-26,2017,,94.0,,,0,0,N,0.0,0.0,0.0,,,,,,,,36.01648,-86.78623,True,Crashes_2010_2019_MPO
100657431,2014-10-22,2014,,19.0,,,0,0,N,0.0,0.0,0.0,,,,,,,,36.0417,-86.74862,False,Crashes_2010_2019_MPO
101770993,2017-09-24,2017,,94.0,,,0,0,N,0.0,0.0,0.0,,,,,,,,35.96183,-86.70835,True,Crashes_2010_2019_MPO
101332360,2016-08-20,2016,,19.0,,,0,0,N,0.0,0.0,0.0,,,,,,,,36.04084,-86.77347,False,Crashes_2010_2019_MPO
100460657,2014-03-05,2014,,94.0,,,0,0,N,0.0,0.0,0.0,,,,,,,,35.94555,-86.82774,False,Crashes_2010_2019_MPO
101401772,2016-10-12,2016,,94.0,,,0,0,N,0.0,0.0,0.0,,,,,,,,35.96661,-86.80923,True,Crashes_2010_2019_MPO
102118471,2018-08-22,2018,,94.0,,,0,0,N,0.0,0.0,0.0,,,,,,,,35.95931,-86.81841,True,Crashes_2010_2019_MPO
101719715,2017-08-03,2017,,94.0,,,0,0,N,0.0,0.0,0.0,,,,,,,,35.93192,-86.79784,False,Crashes_2010_2019_MPO
100192011,2012-06-14,2012,,94.0,,,0,0,N,0.0,0.0,0.0,,,,,,,,36.00738,-86.78752,True,Crashes_2010_2019_MPO
102585205,2019-12-01,2019,,19.0,,,0,0,N,0.0,0.0,0.0,,,,,,,,36.0409,-86.77938,False,Crashes_2010_2019_MPO
102545056,2019-10-22,2019,,94.0,,,0,0,N,0.0,0.0,0.0,,,,,,,,35.93405,-86.81901,False,Crashes_2010_2019_MPO
101104509,2016-02-12,2016,,19.0,,,0,0,N,0.0,0.0,0.0,,,,,,,,36.04001,-86.74347,False,Crashes_2010_2019_MPO
101423179,2016-10-25,2016,,94.0,,,0,0,N,0.0,0.0,0.0,,,,,,,,35.95529,-86.82619,False,Crashes_2010_2019_MPO
102248283,2018-12-16,2018,,94.0,,,0,0,N,0.0,0.0,0.0,,,,,,,,36.02701,-86.79223,True,Crashes_2010_2019_MPO
100874228,2015-06-21,2015,,94.0,,,0,0,N,0.0,0.0,0.0,,,,,,,,36.0216,-86.74143,False,Crashes_2010_2019_MPO
101245608,2016-06-13,2016,,94.0,,,0,0,N,0.0,0.0,0.0,,,,,,,,35.94686,-86.81163,False,Crashes_2010_2019_MPO
101674245,2017-06-15,2017,,94.0,,,0,0,N,0.0,0.0,0.0,,,,,,,,35.93511,-86.77591,False,Crashes_2010_2019_MPO
100186115,2012-05-30,2012,,94.0,,,0,0,N,0.0,0.0,0.0,,,,,,,,36.00645,-86.75844,True,Crashes_2010_2019_MPO
101493033,2017-01-01,2017,,19.0,,,0,0,N,0.0,0.0,0.0,,,,,,,,36.04093,-86.78255,False,Crashes_2010_2019_MPO
102135244,2018-09-05,2018,,94.0,,,0,0,N,0.0,0.0,0.0,,,,,,,,35.95203,-86.81781,False,Crashes_2010_2019_MPO
102269322,2019-01-07,2019,,94.0,,,0,0,N,0.0,0.0,0.0,,,,,,,,35.92663,-86.82471,False,Crashes_2010_2019_MPO
101319472,2016-08-03,2016,,94.0,,,0,0,N,0.0,0.0,0.0,,,,,,,,36.03457,-86.80273,True,Crashes_2010_2019_MPO
101148016,2016-03-21,2016,,19.0,,,0,0,N,0.0,0.0,0.0,,,,,,,,36.04479,-86.72487,False,Crashes_2010_2019_MPO
100422323,2013-12-18,2013,,94.0,,,0,0,N,0.0,0.0,0.0,,,,,,,,35.92402,-86.86908,False,Crashes_2010_2019_MPO
102530418,2019-10-05,2019,,19.0,,,0,0,N,0.0,0.0,0.0,,,,,,,,36.03113,-86.75141,False,Crashes_2010_2019_MPO
101043555,2015-12-05,2015,,19.0,,,0,0,N,0.0,0.0,0.0,,,,,,,,36.02799,-86.71266,False,Crashes_2010_2019_MPO
100658377,2014-10-23,2014,,94.0,,,0,0,N,0.0,0.0,0.0,,,,,,,,36.01747,-86.78651,True,Crashes_2010_2019_MPO
100350188,2013-07-04,2013,,94.0,,,0,0,N,0.0,0.0,0.0,,,,,,,,35.95211,-86.81783,False,Crashes_2010_2019_MPO
102194861,2018-10-30,2018,,19.0,,,0,0,N,0.0,0.0,0.0,,,,,,,,36.05479,-86.72846,False,Crashes_2010_2019_MPO
101331264,2016-08-19,2016,,19.0,,,0,0,N,0.0,0.0,0.0,,,,,,,,36.04084,-86.77347,False,Crashes_2010_2019_MPO
100854115,2015-06-02,2015,,19.0,,,0,0,N,0.0,0.0,0.0,,,,,,,,36.05411,-86.68184,False,Crashes_2010_2019_MPO
101771693,2017-09-25,2017,,94.0,,,0,0,N,0.0,0.0,0.0,,,,,,,,36.03689,-86.8019,True,Crashes_2010_2019_MPO
101269370,2016-06-19,2016,,94.0,,,0,0,N,0.0,0.0,0.0,,,,,,,,35.96486,-86.80311,True,Crashes_2010_2019_MPO
101064574,2015-12-21,2015,,94.0,,,0,0,N,0.0,0.0,0.0,,,,,,,,36.033094,-86.78679,True,Crashes_2010_2019_MPO
100695559,2014-11-22,2014,,19.0,,,0,0,N,0.0,0.0,0.0,,,,,,,,36.04392,-86.69328,False,Crashes_2010_2019_MPO
101440941,2016-11-15,2016,,19.0,,,0,0,N,0.0,0.0,0.0,,,,,,,,36.04001,-86.74347,False,Crashes_2010_2019_MPO
101639219,2017-05-09,2017,,94.0,,,0,0,N,0.0,0.0,0.0,,,,,,,,35.94782,-86.81975,False,Crashes_2010_2019_MPO
102349299,2019-04-03,2019,,94.0,,,0,0,N,0.0,0.0,0.0,,,,,,,,35.93865,-86.87919,False,Crashes_2010_2019_MPO
102246314,2018-12-14,2018,,19.0,,,0,0,N,0.0,0.0,0.0,,,,,,,,36.03793,-86.78645,False,Crashes_2010_2019_MPO
101743606,2017-08-27,2017,,19.0,,,0,0,N,0.0,0.0,0.0,,,,,,,,36.02414,-86.74241,False,Crashes_2010_2019_MPO
102251798,2018-12-19,2018,,94.0,,,0,0,N,0.0,0.0,0.0,,,,,,,,35.99616,-86.78551,True,Crashes_2010_2019_MPO
101633017,2017-05-03,2017,,19.0,,,0,0,N,0.0,0.0,0.0,,,,,,,,36.0374,-86.78657,False,Crashes_2010_2019_MPO
100833502,2015-05-13,2015,,94.0,,,0,0,N,0.0,0.0,0.0,,,,,,,,36.03322,-86.78532,True,Crashes_2010_2019_MPO
101843198,2017-11-30,2017,,94.0,,,0,0,N,0.0,0.0,0.0,,,,,,,,35.93374,-86.81767,False,Crashes_2010_2019_MPO
101230853,2016-05-19,2016,,19.0,,,0,0,N,0.0,0.0,0.0,,,,,,,,36.04699,-86.68127,False,Crashes_2010_2019_MPO