mstrrecnbr,collision_ts,year,county,countystat,crash,crash_type,fatalities,non_motorists,commercial,fatal_c,nonmotor_c,truck_c,fatalc,serious_injuries,ped,bike,lighting,weather,first_harmful_event,latitude,longitude,in_city,src_layer
102267907,2019-01-05,2019,,94.0,,,0,0,N,0.0,0.0,0.0,,,,,,,,35.94675,-86.85178,False,Crashes_2010_2019_MPO
101655597,2017-05-26,2017,,94.0,,,0,0,N,0.0,0.0,0.0,,,,,,,,35.94877,-86.8075,False,Crashes_2010_2019_MPO
102299354,2019-02-07,2019,,94.0,,,0,0,N,0.0,0.0,0.0,,,,,,,,35.97672,-86.76765,True,Crashes_2010_2019_MPO
101094154,2016-01-26,2016,,94.0,,,0,0,N,0.0,0.0,0.0,,,,,,,,35.95745,-86.81857,False,Crashes_2010_2019_MPO
101479190,2016-12-16,2016,,94.0,,,0,0,N,0.0,0.0,0.0,,,,,,,,35.9583,-86.8163,False,Crashes_2010_2019_MPO
101556029,2017-02-16,2017,,94.0,,,0,0,N,0.0,0.0,0.0,,,,,,,,35.96681,-86.81119,True,Crashes_2010_2019_MPO
101102688,2016-02-09,2016,,94.0,,,0,0,N,0.0,0.0,0.0,,,,,,,,35.93418,-86.81871,False,Crashes_2010_2019_MPO
101041027,2015-12-02,2015,,94.0,,,0,0,N,0.0,0.0,0.0,,,,,,,,35.96361,-86.8393,False,Crashes_2010_2019_MPO
102355587,2019-04-09,2019,,19.0,,,0,0,N,0.0,0.0,0.0,,,,,,,,36.00451,-86.69925,False,Crashes_2010_2019_MPO
102482589,2019-08-19,2019,,94.0,,,0,0,N,0.0,0.0,0.0,,,,,,,,35.96564,-86.81146,False,Crashes_2010_2019_MPO
101394115,2016-10-01,2016,,19.0,,,0,0,N,0.0,0.0,0.0,,,,,,,,36.05225,-86.70266,False,Crashes_2010_2019_MPO
102491081,2019-08-28,2019,,94.0,,,0,0,N,0.0,0.0,0.0,,,,,,,,35.96773,-86.81026,True,Crashes_2010_2019_MPO
102151918,2018-09-20,2018,,94.0,,,0,0,N,0.0,0.0,0.0,,,,,,,,35.9509,-86.80665,False,Crashes_2010_2019_MPO
100699254,2014-12-01,2014,,19.0,,,0,0,N,0.0,0.0,0.0,,,,,,,,36.05222,-86.7431,False,Crashes_2010_2019_MPO
102398770,2019-05-24,2019,,19.0,,,0,0,N,0.0,0.0,0.0,,,,,,,,36.04028,-86.76837,False,Crashes_2010_2019_MPO
101440600,2016-11-15,2016,,94.0,,,0,0,N,0.0,0.0,0.0,,,,,,,,35.94978,-86.81329,False,Crashes_2010_2019_MPO
101572865,2017-03-04,2017,,19.0,,,0,0,N,0.0,0.0,0.0,,,,,,,,36.04301,-86.84231,False,Crashes_2010_2019_MPO
101742364,2017-08-14,2017,,94.0,,,0,0,N,0.0,0.0,0.0,,,,,,,,35.98421,-86.80134,True,Crashes_2010_2019_MPO
100486451,2014-04-14,2014,,94.0,,,0,0,N,0.0,0.0,0.0,,,,,,,,35.96077,-86.8126,False,Crashes_2010_2019_MPO
100981340,2015-10-18,2015,,19.0,,,0,0,N,0.0,0.0,0.0,,,,,,,,35.99687,-86.68989,False,Crashes_2010_2019_MPO
102266951,2019-01-05,2019,,19.0,,,0,0,N,0.0,0.0,0.0,,,,,,,,36.02583,-86.69295,False,Crashes_2010_2019_MPO
100270652,2012-12-21,2012,,94.0,,,0,0,N,0.0,0.0,0.0,,,,,,,,35.93789,-86.7081,False,Crashes_2010_2019_MPO
100480624,2014-03-31,2014,,94.0,,,0,0,N,0.0,0.0,0.0,,,,,,,,36.02395,-86.81964,True,Crashes_2010_2019_MPO
102111354,2018-08-13,2018,,94.0,,,0,0,N,0.0,0.0,0.0,,,,,,,,35.93374,-86.81767,False,Crashes_2010_2019_MPO
100392020,2013-10-15,2013,,19.0,,,0,0,N,0.0,0.0,0.0,,,,,,,,36.04017,-86.74467,False,Crashes_2010_2019_MPO
100978001,2015-10-12,2015,,19.0,,,0,0,N,0.0,0.0,0.0,,,,,,,,36.02493,-86.71901,False,Crashes_2010_2019_MPO
102238597,2018-12-07,2018,,94.0,,,0,0,N,0.0,0.0,0.0,,,,,,,,35.92391,-86.87162,False,Crashes_2010_2019_MPO
100347906,2013-06-28,2013,,94.0,,,0,0,N,0.0,0.0,0.0,,,,,,,,35.9506,-86.80045,False,Crashes_2010_2019_MPO
102275016,2019-01-12,2019,,94.0,,,0,0,N,0.0,0.0,0.0,,,,,,,,36.02274,-86.71734,False,Crashes_2010_2019_MPO
100826656,2015-05-01,2015,,94.0,,,0,0,N,0.0,0.0,0.0,,,,,,,,35.99924,-86.80919,True,Crashes_2010_2019_MPO
100878492,2015-06-29,2015,,94.0,,,0,0,N,0.0,0.0,0.0,,,,,,,,35.92955,-86.84264,False,Crashes_2010_2019_MPO
101737292,2017-08-21,2017,,19.0,,,0,0,N,0.0,0.0,0.0,,,,,,,,36.04513,-86.72683,False,Crashes_2010_2019_MPO
100751611,2015-02-22,2015,,19.0,,,0,0,N,0.0,0.0,0.0,,,,,,,,36.03124,-86.71663,False,Crashes_2010_2019_MPO
101800547,2017-10-22,2017,,19.0,,,0,0,N,0.0,0.0,0.0,,,,,,,,36.05122,-86.71519,False,Crashes_2010_2019_MPO
100750403,2015-02-20,2015,,19.0,,,0,0,N,0.0,0.0,0.0,,,,,,,,36.03862,-86.78284,False,Crashes_2010_2019_MPO
101392856,2016-09-29,2016,,94.0,,,0,0,N,0.0,0.0,0.0,,,,,,,,35.9862,-86.81711,True,Crashes_2010_2019_MPO
100663062,2014-10-31,2014,,94.0,,,0,0,N,0.0,0.0,0.0,,,,,,,,35.93434,-86.8184,False,Crashes_2010_2019_MPO
101322051,2016-08-07,2016,,94.0,,,0,0,N,0.0,0.0,0.0,,,,,,,,35.96716,-86.81351,True,Crashes_2010_2019_MPO
101046943,2015-12-10,2015,,94.0,,,0,0,N,0.0,0.0,0.0,,,,,,,,35.94636,-86.80871,False,Crashes_2010_2019_MPO
101687315,2017-06-30,2017,,19.0,,,0,0,N,0.0,0.0,0.0,,,,,,,,36.03772,-86.79475,False,Crashes_2010_2019_MPO
101097463,2016-02-01,2016,,94.0,,,0,0,N,0.0,0.0,0.0,,,,,,,,35.9653,-86.727,True,Crashes_2010_2019_MPO
102354329,2019-04-08,2019,,19.0,,,0,0,N,0.0,0.0,0.0,,,,,,,,36.04522,-86.71479,False,Crashes_2010_2019_MPO
101734467,2017-08-18,2017,,19.0,,,0,0,N,0.0,0.0,0.0,,,,,,,,36.03991,-86.78136,False,Crashes_2010_2019_MPO
101461520,2016-11-27,2016,,19.0,,,0,0,N,0.0,0.0,0.0,,,,,,,,36.0417,-86.74863,False,Crashes_2010_2019_MPO
100295572,2013-02-22,2013,,94.0,,,0,0,N,0.0,0.0,0.0,,,,,,,,35.96569,-86.72695,True,Crashes_2010_2019_MPO
100853795,2015-06-01,2015,,19.0,,,0,0,N,0.0,0.0,0.0,,,,,,,,36.0455,-86.71215,False,Crashes_2010_2019_MPO
100402166,2013-11-08,2013,,19.0,,,0,0,N,0.0,0.0,0.0,,,,,,,,36.04052,-86.86864,True,Crashes_2010_2019_MPO
102343797,2019-03-28,2019,,19.0,,,0,0,N,0.0,0.0,0.0,,,,,,,,36.05375,-86.74288,False,Crashes_2010_2019_MPO
101951510,2018-03-21,2018,,94.0,,,0,0,N,0.0,0.0,0.0,,,,,,,,36.01329,-86.80205,True,Crashes_2010_2019_MPO
102422634,2019-06-18,2019,,19.0,,,0,0,N,0.0,0.0,0.0,,,,,,,,36.05028,-86.87474,False,Crashes_2010_2019_MPO
101050500,2015-12-16,2015,,94.0,,,0,0,N,0.0,0.0,0.0,,,,,,,,35.96586,-86.80284,True,Crashes_2010_2019_MPO
101680963,2017-06-23,2017,,94.0,,,0,0,N,0.0,0.0,0.0,,,,,,,,36.00272,-86.79233,True,Crashes_2010_2019_MPO
100617775,2014-09-11,2014,,94.0,,,0,0,N,0.0,0.0,0.0,,,,,,,,35.96687,-86.81113,True,Crashes_2010_2019_MPO
101155764,2016-03-31,2016,,94.0,,,0,0,N,0.0,0.0,0.0,,,,,,,,35.94896,-86.7496,True,Crashes_2010_2019_MPO
102106220,2018-08-11,2018,,19.0,,,0,0,N,0.0,0.0,0.0,,,,,,,,36.00562,-86.70006,False,Crashes_2010_2019_MPO
100243214,2012-10-26,2012,,94.0,,,0,0,Y,0.0,0.0,1.0,,,,,,,,35.97776,-86.80359,True,Crashes_2010_2019_MPO
102219143,2018-11-21,2018,,94.0,,,0,0,N,0.0,0.0,0.0,,,,,,,,35.99564,-86.78031,True,Crashes_2010_2019_MPO
101729720,2017-08-13,2017,,94.0,,,0,0,N,0.0,0.0,0.0,,,,,,,,35.94631,-86.8236,False,Crashes_2010_2019_MPO
100585567,2014-07-20,2014,,94.0,,,0,0,N,0.0,0.0,0.0,,,,,,,,35.99665,-86.78982,True,Crashes_2010_2019_MPO
102162616,2018-09-30,2018,,94.0,,,0,0,N,0.0,0.0,0.0,,,,,,,,35.92647,-86.82509,False,Crashes_2010_2019_MPO
100201365,2012-07-12,2012,,94.0,,,0,0,N,0.0,0.0,0.0,,,,,,,,36.03357,-86.78122,True,Crashes_2010_2019_MPO
100172316,2012-04-16,2012,,94.0,,,0,0,N,0.0,0.0,0.0,,,,,,,,35.96677,-86.81365,True,Crashes_2010_2019_MPO
101737215,2017-08-21,2017,,19.0,,,0,0,N,0.0,0.0,0.0,,,,,,,,35.99676,-86.68973,False,Crashes_2010_2019_MPO
102230653,2018-11-30,2018,,94.0,,,0,0,N,0.0,0.0,0.0,,,,,,,,35.94967,-86.8194,False,Crashes_2010_2019_MPO
100665155,2014-11-05,2014,,19.0,,,0,0,N,0.0,0.0,0.0,,,,,,,,36.04299,-86.84232,False,Crashes_2010_2019_MPO
101838220,2017-11-25,2017,,19.0,,,0,0,N,0.0,0.0,0.0,,,,,,,,36.04658,-86.71341,False,Crashes_2010_2019_MPO
101914867,2018-01-18,2018,,94.0,,,0,0,N,0.0,0.0,0.0,,,,,,,,35.97152,-86.82512,True,Crashes_2010_2019_MPO
101508585,2017-01-18,2017,,94.0,,,0,0,N,0.0,0.0,0.0,,,,,,,,35.94675,-86.85178,False,Crashes_2010_2019_MPO
101151523,2016-03-25,2016,,94.0,,,0,0,N,0.0,0.0,0.0,,,,,,,,35.92412,-86.87826,False,Crashes_2010_2019_MPO
102173424,2018-10-10,2018,,19.0,,,0,0,N,0.0,0.0,0.0,,,,,,,,36.04543,-86.70361,False,Crashes_2010_2019_MPO
101453412,2016-11-18,2016,,19.0,,,0,0,N,0.0,0.0,0.0,,,,,,,,36.04656,-86.67808,False,Crashes_2010_2019_MPO
101756160,2017-09-09,2017,,94.0,,,0,0,N,0.0,0.0,0.0,,,,,,,,35.95997,-86.80215,False,Crashes_2010_2019_MPO
101403239,2016-10-14,2016,,94.0,,,0,0,N,0.0,0.0,0.0,,,,,,,,35.99156,-86.79881,True,Crashes_2010_2019_MPO
101817245,2017-11-06,2017,,94.0,,,0,0,N,0.0,0.0,0.0,,,,,,,,36.01074,-86.78527,True,Crashes_2010_2019_MPO
100317584,2013-04-17,2013,,94.0,,,0,0,N,0.0,0.0,0.0,,,,,,,,35.96378,-86.81047,False,Crashes_2010_2019_MPO
101482883,2016-12-20,2016,,94.0,,,0,0,N,0.0,0.0,0.0,,,,,,,,35.99954,-86.78901,True,Crashes_2010_2019_MPO
101713199,2017-07-27,2017,,94.0,,,0,0,N,0.0,0.0,0.0,,,,,,,,35.984,-86.72265,True,Crashes_2010_2019_MPO
101067012,2015-12-26,2015,,19.0,,,0,0,N,0.0,0.0,0.0,,,,,,,,36.03732,-86.71322,False,Crashes_2010_2019_MPO
102587231,2019-12-03,2019,,94.0,,,0,0,N,0.0,0.0,0.0,,,,,,,,35.94258,-86.8214,False,Crashes_2010_2019_MPO
102280166,2019-01-17,2019,,19.0,,,0,0,N,0.0,0.0,0.0,,,,,,,,36.0433,-86.78175,False,Crashes_2010_2019_MPO
101739329,2017-08-23,2017,,94.0,,,0,0,N,0.0,0.0,0.0,,,,,,,,35.93764,-86.81751,False,Crashes_2010_2019_MPO
101973381,2018-04-10,2018,,19.0,,,0,0,N,0.0,0.0,0.0,,,,,,,,36.04653,-86.74382,False,Crashes_2010_2019_MPO
102394291,2019-05-20,2019,,94.0,,,0,0,Y,0.0,0.0,1.0,,,,,,,,35.96665,-86.80937,True,Crashes_2010_2019_MPO
102138357,2018-09-08,2018,,94.0,,,0,0,N,0.0,0.0,0.0,,,,,,,,36.03317,-86.78577,True,Crashes_2010_2019_MPO
100148078,2012-02-15,2012,,94.0,,,0,0,N,0.0,0.0,0.0,,,,,,,,35.96687,-86.81113,True,Crashes_2010_2019_MPO
102000671,2018-05-05,2018,,94.0,,,0,0,N,0.0,0.0,0.0,,,,,,,,35.92641,-86.82447,False,Crashes_2010_2019_MPO
101990849,2018-04-22,2018,,19.0,,,0,0,N,0.0,0.0,0.0,,,,,,,,36.03339,-86.78348,True,Crashes_2010_2019_MPO
100277856,2013-01-11,2013,,94.0,,,0,0,N,0.0,0.0,0.0,,,,,,,,35.95816,-86.80212,False,Crashes_2010_2019_MPO
100712363,2014-12-24,2014,,19.0,,,0,0,N,0.0,0.0,0.0,,,,,,,,36.0417,-86.74862,False,Crashes_2010_2019_MPO
101930108,2018-03-01,2018,,19.0,,,0,0,N,0.0,0.0,0.0,,,,,,,,36.0269,-86.68083,False,Crashes_2010_2019_MPO
101237840,2016-06-02,2016,,94.0,,,0,0,N,0.0,0.0,0.0,,,,,,,,35.96681,-86.81119,True,Crashes_2010_2019_MPO
100732543,2015-02-04,2015,,94.0,,,0,0,N,0.0,0.0,0.0,,,,,,,,35.93342,-86.81563,False,Crashes_2010_2019_MPO
101812501,2017-11-02,2017,,94.0,,,0,0,N,0.0,0.0,0.0,,,,,,,,35.94876,-86.74515,True,Crashes_2010_2019_MPO
101718270,2017-08-01,2017,,94.0,,,0,0,N,0.0,0.0,0.0,,,,,,,,35.93541,-86.82372,False,Crashes_2010_2019_MPO
100200055,2012-07-10,2012,,94.0,,,0,0,N,0.0,0.0,0.0,,,,,,,,36.02198,-86.79508,True,Crashes_2010_2019_MPO
101811406,2017-11-01,2017,,94.0,,,0,0,N,0.0,0.0,0.0,,,,,,,,35.94884,-86.81162,False,Crashes_2010_2019_MPO
100639124,2014-10-06,2014,,19.0,,,0,0,N,0.0,0.0,0.0,,,,,,,,36.03155,-86.7556,False,Crashes_2010_2019_MPO
100543585,2014-04-28,2014,,19.0,,,0,0,N,0.0,0.0,0.0,,,,,,,,36.0156,-86.70514,False,Crashes_2010_2019_MPO
100196595,2012-06-29,2012,,94.0,,,0,0,N,0.0,0.0,0.0,,,,,,,,35.96066,-86.80197,False,Crashes_2010_2019_MPO
100348080,2013-06-29,2013,,94.0,,,0,0,N,0.0,0.0,0.0,,,,,,,,35.94498,-86.82835,False,Crashes_2010_2019_MPO
101732935,2017-08-17,2017,,94.0,,,0,0,N,0.0,0.0,0.0,,,,,,,,36.03066,-86.78358,True,Crashes_2010_2019_MPO
101452687,2016-11-17,2016,,94.0,,,0,0,N,0.0,0.0,0.0,,,,,,,,36.00655,-86.80537,True,Crashes_2010_2019_MPO
100749403,2015-02-19,2015,,19.0,,,0,0,N,0.0,0.0,0.0,,,,,,,,36.01479,-86.72728,False,Crashes_2010_2019_MPO
100176241,2012-05-04,2012,,94.0,,,0,0,N,0.0,0.0,0.0,,,,,,,,35.99644,-86.788,True,Crashes_2010_2019_MPO
100726864,2015-01-24,2015,,94.0,,,0,0,N,0.0,0.0,0.0,,,,,,,,35.93745,-86.77001,False,Crashes_2010_2019_MPO
102129249,2018-08-31,2018,,94.0,,,0,0,N,0.0,0.0,0.0,,,,,,,,35.966717,-86.809129,True,Crashes_2010_2019_MPO
101236447,2016-05-31,2016,,94.0,,,0,0,N,0.0,0.0,0.0,,,,,,,,35.94765,-86.81971,False,Crashes_2010_2019_MPO
100697856,2014-11-27,2014,,19.0,,,0,0,N,0.0,0.0,0.0,,,,,,,,36.04526,-86.71704,False,Crashes_2010_2019_MPO
102329171,2019-03-13,2019,,94.0,,,0,0,N,0.0,0.0,0.0,,,,,,,,35.966824,-86.808877,True,Crashes_2010_2019_MPO
101329017,2016-08-16,2016,,94.0,,,0,0,N,0.0,0.0,0.0,,,,,,,,35.96532,-86.70293,False,Crashes_2010_2019_MPO
102072893,2018-07-12,2018,,94.0,,,0,0,N,0.0,0.0,0.0,,,,,,,,35.93455,-86.80398,False,Crashes_2010_2019_MPO
102406325,2019-05-31,2019,,19.0,,,0,0,N,0.0,0.0,0.0,,,,,,,,36.03311,-86.7742,False,Crashes_2010_2019_MPO
101653331,2017-05-24,2017,,19.0,,,0,0,N,0.0,0.0,0.0,,,,,,,,36.04157,-86.78245,False,Crashes_2010_2019_MPO
100272033,2012-12-27,2012,,94.0,,,0,0,N,0.0,0.0,0.0,,,,,,,,35.96655,-86.80996,True,Crashes_2010_2019_MPO
101194100,2016-05-13,2016,,94.0,,,0,0,N,0.0,0.0,0.0,,,,,,,,36.01614,-86.78587,True,Crashes_2010_2019_MPO
100727310,2015-01-24,2015,,94.0,,,0,0,N,0.0,0.0,0.0,,,,,,,,35.95932,-86.8187,True,Crashes_2010_2019_MPO
102004732,2018-05-09,2018,,19.0,,,0,0,N,0.0,0.0,0.0,,,,,,,,36.03747,-86.79098,False,Crashes_2010_2019_MPO
102538949,2019-10-16,2019,,19.0,,,0,0,N,0.0,0.0,0.0,,,,,,,,36.0403,-86.7451,False,Crashes_2010_2019_MPO
102239928,2018-12-07,2018,,94.0,,,0,0,N,0.0,0.0,0.0,,,,,,,,35.96019,-86.80994,False,Crashes_2010_2019_MPO
102177303,2018-10-13,2018,,94.0,,,0,0,N,0.0,0.0,0.0,,,,,,,,35.94416,-86.82029,False,Crashes_2010_2019_MPO
101065986,2015-12-21,2015,,19.0,,,0,0,N,0.0,0.0,0.0,,,,,,,,36.04353,-86.78127,False,Crashes_2010_2019_MPO
101011286,2015-11-17,2015,,19.0,,,0,0,N,0.0,0.0,0.0,,,,,,,,36.04655,-86.85944,False,Crashes_2010_2019_MPO
101077752,2016-01-15,2016,,94.0,,,0,0,N,0.0,0.0,0.0,,,,,,,,35.9931,-86.79852,True,Crashes_2010_2019_MPO
102042394,2018-06-11,2018,,94.0,,,0,0,N,0.0,0.0,0.0,,,,,,,,35.93219,-86.79405,False,Crashes_2010_2019_MPO
101333840,2016-08-22,2016,,94.0,,,0,0,N,0.0,0.0,0.0,,,,,,,,35.94809,-86.81647,False,Crashes_2010_2019_MPO
100458514,2014-02-28,2014,,94.0,,,0,0,N,0.0,0.0,0.0,,,,,,,,35.92682,-86.8244,False,Crashes_2010_2019_MPO
102012036,2018-05-15,2018,,94.0,,,0,0,N,0.0,0.0,0.0,,,,,,,,35.96705,-86.81355,True,Crashes_2010_2019_MPO
100941328,2015-08-28,2015,,94.0,,,0,0,N,0.0,0.0,0.0,,,,,,,,35.9522,-86.81868,False,Crashes_2010_2019_MPO
100284006,2013-01-25,2013,,94.0,,,0,0,N,0.0,0.0,0.0,,,,,,,,35.96708,-86.81356,True,Crashes_2010_2019_MPO
101419914,2016-10-21,2016,,94.0,,,0,0,N,0.0,0.0,0.0,,,,,,,,36.015497,-86.814324,True,Crashes_2010_2019_MPO
101763635,2017-09-17,2017,,19.0,,,0,0,N,0.0,0.0,0.0,,,,,,,,36.04028,-86.76837,False,Crashes_2010_2019_MPO
101105388,2016-02-12,2016,,94.0,,,0,0,N,0.0,0.0,0.0,,,,,,,,35.94429,-86.81993,False,Crashes_2010_2019_MPO
102012740,2018-05-16,2018,,19.0,,,0,0,N,0.0,0.0,0.0,,,,,,,,36.04119,-86.77669,False,Crashes_2010_2019_MPO
102382420,2019-05-07,2019,,94.0,,,0,0,N,0.0,0.0,0.0,,,,,,,,36.01787,-86.76765,True,Crashes_2010_2019_MPO
100544609,2014-05-28,2014,,94.0,,,0,0,N,0.0,0.0,0.0,,,,,,,,35.94676,-86.82205,False,Crashes_2010_2019_MPO
101421223,2016-10-23,2016,,94.0,,,0,0,N,0.0,0.0,0.0,,,,,,,,35.9786,-86.8031,True,Crashes_2010_2019_MPO
101321837,2016-08-06,2016,,94.0,,,0,0,N,0.0,0.0,0.0,,,,,,,,36.035547,-86.787462,True,Crashes_2010_2019_MPO
101195444,2016-05-15,2016,,19.0,,,0,0,N,0.0,0.0,0.0,,,,,,,,36.04039,-86.76932,False,Crashes_2010_2019_MPO
102403617,2019-05-29,2019,,19.0,,,0,0,N,0.0,0.0,0.0,,,,,,,,36.04366,-86.74412,False,Crashes_2010_2019_MPO
101068954,2015-12-29,2015,,94.0,,,0,0,N,0.0,0.0,0.0,,,,,,,,36.00467,-86.79031,True,Crashes_2010_2019_MPO
100679101,2014-11-11,2014,,94.0,,,0,0,N,0.0,0.0,0.0,,,,,,,,36.01366,-86.83711,True,Crashes_2010_2019_MPO
100322576,2013-04-29,2013,,94.0,,,0,0,N,0.0,0.0,0.0,,,,,,,,35.96176,-86.80191,True,Crashes_2010_2019_MPO
101664310,2017-06-04,2017,,19.0,,,0,0,N,0.0,0.0,0.0,,,,,,,,36.04663,-86.85984,False,Crashes_2010_2019_MPO
102177383,2018-10-13,2018,,94.0,,,0,0,N,0.0,0.0,0.0,,,,,,,,35.96766,-86.81341,True,Crashes_2010_2019_MPO
102244346,2018-12-12,2018,,19.0,,,0,0,N,0.0,0.0,0.0,,,,,,,,36.04537,-86.71326,False,Crashes_2010_2019_MPO
102517465,2019-09-23,2019,,94.0,,,0,0,N,0.0,0.0,0.0,,,,,,,,35.94763,-86.81404,False,Crashes_2010_2019_MPO
100264911,2012-11-20,2012,,94.0,,,0,0,N,0.0,0.0,0.0,,,,,,,,35.97616,-86.80439,True,Crashes_2010_2019_MPO
101675661,2017-06-17,2017,,94.0,,,0,0,N,0.0,0.0,0.0,,,,,,,,35.95895,-86.80186,False,Crashes_2010_2019_MPO
102173350,2018-10-10,2018,,19.0,,,0,0,N,0.0,0.0,0.0,,,,,,,,36.05145,-86.70271,False,Crashes_2010_2019_MPO
100996665,2015-10-26,2015,,94.0,,,0,0,N,0.0,0.0,0.0,,,,,,,,35.96502,-86.7274,True,Crashes_2010_2019_MPO
101709011,2017-07-22,2017,,19.0,,,0,0,N,0.0,0.0,0.0,,,,,,,,36.04063,-86.77987,False,Crashes_2010_2019_MPO
101819388,2017-11-09,2017,,19.0,,,0,0,N,0.0,0.0,0.0,,,,,,,,36.0375,-86.78584,False,Crashes_2010_2019_MPO
100917989,2015-08-05,2015,,19.0,,,0,0,N,0.0,0.0,0.0,,,,,,,,35.99686,-86.68989,False,Crashes_2010_2019_MPO
100878087,2015-06-28,2015,,94.0,,,0,0,N,0.0,0.0,0.0,,,,,,,,36.03479,-86.79214,True,Crashes_2010_2019_MPO
102303265,2019-02-11,2019,,94.0,,,0,0,N,0.0,0.0,0.0,,,,,,,,35.96133,-86.81226,False,Crashes_2010_2019_MPO
100882572,2015-07-07,2015,,94.0,,,0,0,N,0.0,0.0,0.0,,,,,,,,36.02654,-86.7925,True,Crashes_2010_2019_MPO
100595481,2014-08-14,2014,,94.0,,,0,1,N,0.0,1.0,0.0,,,,,,,,35.95635,-86.76731,True,Crashes_2010_2019_MPO
102588226,2019-12-04,2019,,19.0,,,0,0,N,0.0,0.0,0.0,,,,,,,,36.04527,-86.71423,False,Crashes_2010_2019_MPO
100920020,2015-08-08,2015,,94.0,,,0,0,N,0.0,0.0,0.0,,,,,,,,35.9912,-86.68349,False,Crashes_2010_2019_MPO
101402283,2016-10-12,2016,,19.0,,,0,0,N,0.0,0.0,0.0,,,,,,,,36.04492,-86.71321,False,Crashes_2010_2019_MPO
100369003,2013-08-19,2013,,94.0,,,0,0,N,0.0,0.0,0.0,,,,,,,,35.94686,-86.85162,False,Crashes_2010_2019_MPO
102323544,2019-03-07,2019,,94.0,,,0,0,N,0.0,0.0,0.0,,,,,,,,35.96671,-86.809125,True,Crashes_2010_2019_MPO
101068905,2015-12-29,2015,,19.0,,,0,0,N,0.0,0.0,0.0,,,,,,,,36.04557,-86.71952,False,Crashes_2010_2019_MPO
100383957,2013-09-26,2013,,94.0,,,0,0,N,0.0,0.0,0.0,,,,,,,,35.95769,-86.81648,False,Crashes_2010_2019_MPO
102561068,2019-11-06,2019,,94.0,,,0,0,N,0.0,0.0,0.0,,,,,,,,35.92618,-86.79251,False,Crashes_2010_2019_MPO
102017778,2018-05-21,2018,,94.0,,,0,0,N,0.0,0.0,0.0,,,,,,,,35.94736,-86.82103,False,Crashes_2010_2019_MPO
100807676,2015-04-14,2015,,94.0,,,0,0,N,0.0,0.0,0.0,,,,,,,,35.99011,-86.74592,True,Crashes_2010_2019_MPO
100309017,2013-03-26,2013,,94.0,,,0,0,N,0.0,0.0,0.0,,,,,,,,35.92432,-86.80748,False,Crashes_2010_2019_MPO
101076050,2016-01-12,2016,,94.0,,,0,0,Y,0.0,0.0,1.0,,,,,,,,35.99645,-86.78812,True,Crashes_2010_2019_MPO
100276101,2013-01-07,2013,,94.0,,,0,0,N,0.0,0.0,0.0,,,,,,,,35.99417,-86.76405,True,Crashes_2010_2019_MPO
102145002,2018-09-14,2018,,94.0,,,0,0,N,0.0,0.0,0.0,,,,,,,,35.96472,-86.81503,True,Crashes_2010_2019_MPO
100417161,2013-12-06,2013,,94.0,,,0,0,N,0.0,0.0,0.0,,,,,,,,35.93008,-86.82428,False,Crashes_2010_2019_MPO
100335134,2013-05-29,2013,,94.0,,,0,0,N,0.0,0.0,0.0,,,,,,,,35.93486,-86.82108,False,Crashes_2010_2019_MPO
102302052,2019-02-10,2019,,19.0,,,0,0,N,0.0,0.0,0.0,,,,,,,,36.04001,-86.74347,False,Crashes_2010_2019_MPO
102061214,2018-07-02,2018,,94.0,,,0,0,N,0.0,0.0,0.0,,,,,,,,35.96466,-86.81485,True,Crashes_2010_2019_MPO
101476305,2016-12-13,2016,,94.0,,,0,0,N,0.0,0.0,0.0,,,,,,,,35.99704,-86.79309,True,Crashes_2010_2019_MPO
102445753,2019-07-12,2019,,94.0,,,0,0,N,0.0,0.0,0.0,,,,,,,,35.94114,-86.83623,False,Crashes_2010_2019_MPO
101540557,2017-01-31,2017,,19.0,,,0,0,N,0.0,0.0,0.0,,,,,,,,36.05265,-86.67934,False,Crashes_2010_2019_MPO
102553769,2019-10-30,2019,,94.0,,,0,0,N,0.0,0.0,0.0,,,,,,,,35.97716,-86.67813,False,Crashes_2010_2019_MPO
101531088,2017-01-21,2017,,94.0,,,0,0,N,0.0,0.0,0.0,,,,,,,,36.00734,-86.78787,True,Crashes_2010_2019_MPO
100976244,2015-10-09,2015,,19.0,,,0,0,N,0.0,0.0,0.0,,,,,,,,36.03306,-86.77382,False,Crashes_2010_2019_MPO
102415028,2019-06-10,2019,,94.0,,,0,0,N,0.0,0.0,0.0,,,,,,,,35.99781,-86.79886,True,Crashes_2010_2019_MPO
101182215,2016-04-26,2016,,94.0,,,0,0,N,0.0,0.0,0.0,,,,,,,,35.94875,-86.81154,False,Crashes_2010_2019_MPO
100610844,2014-08-22,2014,,94.0,,,0,0,N,0.0,0.0,0.0,,,,,,,,35.94839,-86.80774,False,Crashes_2010_2019_MPO
102383093,2019-05-07,2019,,19.0,,,0,0,N,0.0,0.0,0.0,,,,,,,,35.99687,-86.68989,False,Crashes_2010_2019_MPO
100402483,2013-11-08,2013,,94.0,,,0,0,N,0.0,0.0,0.0,,,,,,,,35.9318,-86.81979,False,Crashes_2010_2019_MPO
102198212,2018-11-02,2018,,94.0,,,0,0,N,0.0,0.0,0.0,,,,,,,,35.98999,-86.77803,True,Crashes_2010_2019_MPO
102331647,2019-03-15,2019,,94.0,,,0,0,N,0.0,0.0,0.0,,,,,,,,35.99733,-86.7968,True,Crashes_2010_2019_MPO
100351821,2013-07-05,2013,,94.0,,,0,0,N,0.0,0.0,0.0,,,,,,,,35.96203,-86.80928,False,Crashes_2010_2019_MPO
102600363,2019-12-16,2019,,94.0,,,0,0,N,0.0,0.0,0.0,,,,,,,,35.94622,-86.82091,False,Crashes_2010_2019_MPO