mstrrecnbr,collision_ts,year,county,countystat,crash,crash_type,fatalities,non_motorists,commercial,fatal_c,nonmotor_c,truck_c,fatalc,serious_injuries,ped,bike,lighting,weather,first_harmful_event,latitude,longitude,in_city,src_layer
101050096,2015-12-10,2015,,94.0,,,0,0,N,0.0,0.0,0.0,,,,,,,,35.9462,-86.80876,False,Crashes_2010_2019_MPO
102440204,2019-07-06,2019,,94.0,,,0,0,N,0.0,0.0,0.0,,,,,,,,35.9442,-86.81977,False,Crashes_2010_2019_MPO
100734014,2015-02-06,2015,,94.0,,,0,0,N,0.0,0.0,0.0,,,,,,,,35.9583,-86.80229,False,Crashes_2010_2019_MPO
100338441,2013-06-06,2013,,94.0,,,0,0,N,0.0,0.0,0.0,,,,,,,,35.94822,-86.81997,False,Crashes_2010_2019_MPO
101560232,2017-02-18,2017,,94.0,,,0,0,N,0.0,0.0,0.0,,,,,,,,35.96716,-86.81351,True,Crashes_2010_2019_MPO
101333437,2016-08-22,2016,,94.0,,,0,0,N,0.0,0.0,0.0,,,,,,,,35.92648,-86.8663,False,Crashes_2010_2019_MPO
100875375,2015-06-23,2015,,94.0,,,0,0,N,0.0,0.0,0.0,,,,,,,,35.9524,-86.84725,False,Crashes_2010_2019_MPO
102606582,2019-12-24,2019,,94.0,,,0,0,N,0.0,0.0,0.0,,,,,,,,35.94055,-86.83919,False,Crashes_2010_2019_MPO
102256841,2018-12-24,2018,,19.0,,,0,0,N,0.0,0.0,0.0,,,,,,,,36.02814,-86.70371,False,Crashes_2010_2019_MPO
101685565,2017-06-21,2017,,94.0,,,0,0,N,0.0,0.0,0.0,,,,,,,,35.93112,-86.85955,False,Crashes_2010_2019_MPO
102089027,2018-07-27,2018,,94.0,,,0,0,N,0.0,0.0,0.0,,,,,,,,35.94872,-86.83189,False,Crashes_2010_2019_MPO
102562903,2019-11-09,2019,,19.0,,,0,0,N,0.0,0.0,0.0,,,,,,,,36.04546,-86.70417,False,Crashes_2010_2019_MPO
101467414,2016-12-04,2016,,94.0,,,0,0,N,0.0,0.0,0.0,,,,,,,,35.96977,-86.72425,True,Crashes_2010_2019_MPO
101687072,2017-06-30,2017,,19.0,,,0,0,N,0.0,0.0,0.0,,,,,,,,36.03517,-86.76871,False,Crashes_2010_2019_MPO
102368562,2019-04-22,2019,,94.0,,,0,0,N,0.0,0.0,0.0,,,,,,,,35.97982,-86.80311,True,Crashes_2010_2019_MPO
100857610,2015-06-08,2015,,19.0,,,0,0,N,0.0,0.0,0.0,,,,,,,,36.04563,-86.71092,False,Crashes_2010_2019_MPO
100795745,2015-03-21,2015,,19.0,,,0,0,N,0.0,0.0,0.0,,,,,,,,36.04505,-86.71312,False,Crashes_2010_2019_MPO
102146348,2018-09-15,2018,,94.0,,,0,0,N,0.0,0.0,0.0,,,,,,,,36.03037,-86.79036,True,Crashes_2010_2019_MPO
100797436,2015-03-25,2015,,94.0,,,0,0,N,0.0,0.0,0.0,,,,,,,,35.99473,-86.76944,True,Crashes_2010_2019_MPO
102069724,2018-07-09,2018,,94.0,,,0,0,N,0.0,0.0,0.0,,,,,,,,35.94599,-86.82337,False,Crashes_2010_2019_MPO
100416242,2013-12-08,2013,,94.0,,,0,0,N,0.0,0.0,0.0,,,,,,,,35.9912,-86.68349,False,Crashes_2010_2019_MPO
100770965,2015-03-12,2015,,94.0,,,0,0,N,0.0,0.0,0.0,,,,,,,,35.95234,-86.81598,False,Crashes_2010_2019_MPO
100428076,2014-01-07,2014,,94.0,,,0,0,N,0.0,0.0,0.0,,,,,,,,35.9479,-86.81949,False,Crashes_2010_2019_MPO
101986133,2018-04-22,2018,,94.0,,,0,0,N,0.0,0.0,0.0,,,,,,,,35.941,-86.83836,False,Crashes_2010_2019_MPO
100587834,2014-07-26,2014,,94.0,,,0,0,N,0.0,0.0,0.0,,,,,,,,35.93253,-86.78788,False,Crashes_2010_2019_MPO
101549315,2017-02-09,2017,,94.0,,,0,0,N,0.0,0.0,0.0,,,,,,,,35.97666,-86.8266,True,Crashes_2010_2019_MPO
102598430,2019-12-15,2019,,19.0,,,0,0,N,0.0,0.0,0.0,,,,,,,,36.04805,-86.86544,False,Crashes_2010_2019_MPO
101623458,2017-04-23,2017,,94.0,,,0,0,N,0.0,0.0,0.0,,,,,,,,35.94743,-86.82087,False,Crashes_2010_2019_MPO
102513545,2019-09-19,2019,,94.0,,,0,0,N,0.0,0.0,0.0,,,,,,,,35.97738,-86.72552,True,Crashes_2010_2019_MPO
100277326,2013-01-10,2013,,94.0,,,0,0,N,0.0,0.0,0.0,,,,,,,,35.92365,-86.86783,False,Crashes_2010_2019_MPO
101068204,2015-12-28,2015,,94.0,,,0,0,N,0.0,0.0,0.0,,,,,,,,35.94114,-86.83623,False,Crashes_2010_2019_MPO
101010431,2015-11-16,2015,,19.0,,,0,0,N,0.0,0.0,0.0,,,,,,,,36.03961,-86.73856,False,Crashes_2010_2019_MPO
102505620,2019-09-11,2019,,94.0,,,0,0,N,0.0,0.0,0.0,,,,,,,,35.93024,-86.82008,False,Crashes_2010_2019_MPO
100309467,2013-03-29,2013,,94.0,,,0,0,N,0.0,0.0,0.0,,,,,,,,35.94068,-86.83938,False,Crashes_2010_2019_MPO
100925345,2015-08-18,2015,,94.0,,,0,0,N,0.0,0.0,0.0,,,,,,,,35.97334,-86.83305,True,Crashes_2010_2019_MPO
101863712,2017-12-19,2017,,94.0,,,0,0,N,0.0,0.0,0.0,,,,,,,,35.97088,-86.8232,True,Crashes_2010_2019_MPO
101472821,2016-12-10,2016,,19.0,,,0,0,N,0.0,0.0,0.0,,,,,,,,36.04615,-86.73108,False,Crashes_2010_2019_MPO
101079110,2016-01-17,2016,,19.0,,,0,0,N,0.0,0.0,0.0,,,,,,,,36.04899,-86.71628,False,Crashes_2010_2019_MPO
101621430,2017-04-21,2017,,19.0,,,0,0,N,0.0,0.0,0.0,,,,,,,,36.05449,-86.7248,False,Crashes_2010_2019_MPO
101879298,2018-01-05,2018,,19.0,,,0,0,N,0.0,0.0,0.0,,,,,,,,36.04001,-86.74347,False,Crashes_2010_2019_MPO
100302547,2013-03-12,2013,,94.0,,,0,0,N,0.0,0.0,0.0,,,,,,,,35.92553,-86.82461,False,Crashes_2010_2019_MPO
101768071,2017-09-22,2017,,94.0,,,0,0,N,0.0,0.0,0.0,,,,,,,,36.0157,-86.82038,True,Crashes_2010_2019_MPO
101419645,2016-10-21,2016,,19.0,,,0,0,N,0.0,0.0,0.0,,,,,,,,36.04084,-86.74368,False,Crashes_2010_2019_MPO
101969251,2018-04-06,2018,,94.0,,,0,0,N,0.0,0.0,0.0,,,,,,,,35.96711,-86.81318,True,Crashes_2010_2019_MPO
100542397,2014-05-23,2014,,94.0,,,0,0,Y,0.0,0.0,1.0,,,,,,,,35.99735,-86.79484,True,Crashes_2010_2019_MPO
102460024,2019-07-27,2019,,94.0,,,0,0,N,0.0,0.0,0.0,,,,,,,,35.96213,-86.81384,False,Crashes_2010_2019_MPO
100380282,2013-09-17,2013,,94.0,,,0,0,N,0.0,0.0,0.0,,,,,,,,36.03307,-86.78195,True,Crashes_2010_2019_MPO
102034072,2018-06-05,2018,,19.0,,,0,0,N,0.0,0.0,0.0,,,,,,,,36.04537,-86.71326,False,Crashes_2010_2019_MPO
102382474,2019-05-07,2019,,94.0,,,0,0,N,0.0,0.0,0.0,,,,,,,,35.96678,-86.808796,True,Crashes_2010_2019_MPO
100825746,2015-04-29,2015,,94.0,,,0,0,N,0.0,0.0,0.0,,,,,,,,35.92299,-86.86922,False,Crashes_2010_2019_MPO
100886904,2015-07-15,2015,,19.0,,,0,0,N,0.0,0.0,0.0,,,,,,,,36.0005,-86.69465,False,Crashes_2010_2019_MPO
101878411,2017-12-28,2017,,94.0,,,0,0,N,0.0,0.0,0.0,,,,,,,,36.00417,-86.79083,True,Crashes_2010_2019_MPO
102312817,2019-02-22,2019,,19.0,,,0,0,N,0.0,0.0,0.0,,,,,,,,36.0425,-86.82682,False,Crashes_2010_2019_MPO
101323041,2016-08-08,2016,,94.0,,,0,0,N,0.0,0.0,0.0,,,,,,,,35.93215,-86.79441,False,Crashes_2010_2019_MPO
102593197,2019-12-09,2019,,94.0,,,0,0,N,0.0,0.0,0.0,,,,,,,,35.95957,-86.8064,False,Crashes_2010_2019_MPO
102113923,2018-08-18,2018,,19.0,,,0,0,N,0.0,0.0,0.0,,,,,,,,36.04064,-86.77986,False,Crashes_2010_2019_MPO
100718338,2015-01-06,2015,,94.0,,,0,0,N,0.0,0.0,0.0,,,,,,,,35.93554,-86.82375,False,Crashes_2010_2019_MPO
100853114,2015-05-30,2015,,94.0,,,0,0,N,0.0,0.0,0.0,,,,,,,,35.94588,-86.82757,False,Crashes_2010_2019_MPO
101441789,2016-11-16,2016,,94.0,,,0,0,N,0.0,0.0,0.0,,,,,,,,35.9247,-86.87219,False,Crashes_2010_2019_MPO
100433820,2014-01-22,2014,,94.0,,,0,0,N,0.0,0.0,0.0,,,,,,,,35.94366,-86.84471,False,Crashes_2010_2019_MPO
100551253,2014-06-14,2014,,94.0,,,0,0,N,0.0,0.0,0.0,,,,,,,,35.94331,-86.82161,False,Crashes_2010_2019_MPO
101479703,2016-12-17,2016,,19.0,,,0,0,N,0.0,0.0,0.0,,,,,,,,36.04045,-86.7826,False,Crashes_2010_2019_MPO
102389888,2019-05-15,2019,,94.0,,,0,0,N,0.0,0.0,0.0,,,,,,,,35.94782,-86.81975,False,Crashes_2010_2019_MPO
101470386,2016-12-07,2016,,19.0,,,0,0,N,0.0,0.0,0.0,,,,,,,,36.04542,-86.71835,False,Crashes_2010_2019_MPO
102164203,2018-09-30,2018,,94.0,,,0,0,N,0.0,0.0,0.0,,,,,,,,36.01973,-86.78715,True,Crashes_2010_2019_MPO
101163448,2016-04-12,2016,,94.0,,,0,0,N,0.0,0.0,0.0,,,,,,,,35.98496,-86.81806,True,Crashes_2010_2019_MPO
102498033,2019-09-03,2019,,94.0,,,0,0,N,0.0,0.0,0.0,,,,,,,,36.01979,-86.74209,False,Crashes_2010_2019_MPO
102536287,2019-10-11,2019,,94.0,,,0,0,N,0.0,0.0,0.0,,,,,,,,35.92957,-86.84213,False,Crashes_2010_2019_MPO
100221227,2012-08-30,2012,,94.0,,,0,0,N,0.0,0.0,0.0,,,,,,,,36.03327,-86.7995,True,Crashes_2010_2019_MPO
102586400,2019-12-02,2019,,94.0,,,0,0,N,0.0,0.0,0.0,,,,,,,,35.92684,-86.82433,False,Crashes_2010_2019_MPO
101231168,2016-05-24,2016,,94.0,,,0,0,N,0.0,0.0,0.0,,,,,,,,36.01286,-86.80081,True,Crashes_2010_2019_MPO
100639609,2014-10-07,2014,,19.0,,,0,0,N,0.0,0.0,0.0,,,,,,,,36.03214,-86.76423,False,Crashes_2010_2019_MPO
101459842,2016-11-25,2016,,94.0,,,0,0,N,0.0,0.0,0.0,,,,,,,,35.9665,-86.81127,False,Crashes_2010_2019_MPO
100422722,2013-12-22,2013,,94.0,,,0,0,N,0.0,0.0,0.0,,,,,,,,35.98284,-86.71098,True,Crashes_2010_2019_MPO
100805472,2015-04-10,2015,,19.0,,,0,0,N,0.0,0.0,0.0,,,,,,,,36.03426,-86.79423,True,Crashes_2010_2019_MPO
102355159,2019-04-09,2019,,94.0,,,0,0,N,0.0,0.0,0.0,,,,,,,,36.00551,-86.78976,True,Crashes_2010_2019_MPO
102027259,2018-05-29,2018,,94.0,,,0,0,N,0.0,0.0,0.0,,,,,,,,35.92505,-86.81485,False,Crashes_2010_2019_MPO
100376175,2013-09-06,2013,,94.0,,,0,0,N,0.0,0.0,0.0,,,,,,,,35.9235,-86.86952,False,Crashes_2010_2019_MPO
102534320,2019-10-10,2019,,94.0,,,0,0,N,0.0,0.0,0.0,,,,,,,,35.97765,-86.77678,True,Crashes_2010_2019_MPO
101716189,2017-07-30,2017,,19.0,,,0,0,N,0.0,0.0,0.0,,,,,,,,35.99651,-86.69025,False,Crashes_2010_2019_MPO
100964951,2015-09-22,2015,,94.0,,,0,0,N,0.0,0.0,0.0,,,,,,,,35.9581,-86.8026,False,Crashes_2010_2019_MPO
101569480,2017-03-01,2017,,19.0,,,0,0,N,0.0,0.0,0.0,,,,,,,,36.04222,-86.71292,False,Crashes_2010_2019_MPO
102519563,2019-09-25,2019,,19.0,,,0,0,N,0.0,0.0,0.0,,,,,,,,36.04114,-86.77621,False,Crashes_2010_2019_MPO
100542028,2014-05-22,2014,,94.0,,,0,0,N,0.0,0.0,0.0,,,,,,,,35.96532,-86.70293,False,Crashes_2010_2019_MPO
100918480,2015-08-06,2015,,94.0,,,0,0,N,0.0,0.0,0.0,,,,,,,,36.03327,-86.7995,True,Crashes_2010_2019_MPO
102018595,2018-05-22,2018,,19.0,,,0,0,N,0.0,0.0,0.0,,,,,,,,36.03789,-86.78466,False,Crashes_2010_2019_MPO
102003966,2018-05-08,2018,,19.0,,,0,0,N,0.0,0.0,0.0,,,,,,,,36.05031,-86.87502,False,Crashes_2010_2019_MPO
101131503,2016-03-10,2016,,94.0,,,0,0,N,0.0,0.0,0.0,,,,,,,,35.94674,-86.8514,False,Crashes_2010_2019_MPO
101197489,2016-05-15,2016,,19.0,,,0,0,N,0.0,0.0,0.0,,,,,,,,36.03991,-86.74205,False,Crashes_2010_2019_MPO
101764875,2017-09-18,2017,,19.0,,,0,0,N,0.0,0.0,0.0,,,,,,,,36.05262,-86.7147,False,Crashes_2010_2019_MPO
102536159,2019-10-12,2019,,19.0,,,0,0,N,0.0,0.0,0.0,,,,,,,,36.04245,-86.71294,False,Crashes_2010_2019_MPO
101194237,2016-05-11,2016,,94.0,,,0,0,N,0.0,0.0,0.0,,,,,,,,35.96151,-86.80147,True,Crashes_2010_2019_MPO
100754255,2015-02-27,2015,,19.0,,,0,0,N,0.0,0.0,0.0,,,,,,,,36.01019,-86.70207,False,Crashes_2010_2019_MPO
101288225,2016-07-18,2016,,94.0,,,0,0,N,0.0,0.0,0.0,,,,,,,,35.96742,-86.81346,True,Crashes_2010_2019_MPO
100421339,2013-12-17,2013,,94.0,,,0,0,N,0.0,0.0,0.0,,,,,,,,35.95912,-86.8159,False,Crashes_2010_2019_MPO
102384523,2019-05-07,2019,,94.0,,,0,0,N,0.0,0.0,0.0,,,,,,,,35.93446,-86.81991,False,Crashes_2010_2019_MPO
101758848,2017-09-12,2017,,19.0,,,0,0,N,0.0,0.0,0.0,,,,,,,,36.04024,-86.76806,False,Crashes_2010_2019_MPO
100234629,2012-10-04,2012,,94.0,,,0,0,N,0.0,0.0,0.0,,,,,,,,35.99657,-86.78919,True,Crashes_2010_2019_MPO
101236521,2016-06-01,2016,,19.0,,,0,0,N,0.0,0.0,0.0,,,,,,,,36.04366,-86.68853,False,Crashes_2010_2019_MPO
101767206,2017-09-21,2017,,19.0,,,0,0,N,0.0,0.0,0.0,,,,,,,,36.03963,-86.78162,False,Crashes_2010_2019_MPO
101959316,2018-03-29,2018,,19.0,,,0,0,N,0.0,0.0,0.0,,,,,,,,36.0473,-86.86274,False,Crashes_2010_2019_MPO
100708599,2014-12-17,2014,,19.0,,,0,0,N,0.0,0.0,0.0,,,,,,,,36.0454,-86.71336,False,Crashes_2010_2019_MPO
102529344,2019-10-04,2019,,94.0,,,0,0,N,0.0,0.0,0.0,,,,,,,,35.94878,-86.81965,False,Crashes_2010_2019_MPO
100636587,2014-10-01,2014,,94.0,,,0,0,N,0.0,0.0,0.0,,,,,,,,35.95523,-86.82587,False,Crashes_2010_2019_MPO
101533100,2017-01-23,2017,,94.0,,,0,0,N,0.0,0.0,0.0,,,,,,,,35.95209,-86.81805,False,Crashes_2010_2019_MPO
100592387,2014-08-07,2014,,94.0,,,0,0,N,0.0,0.0,0.0,,,,,,,,35.96272,-86.80132,True,Crashes_2010_2019_MPO
100482019,2014-04-04,2014,,94.0,,,0,0,N,0.0,0.0,0.0,,,,,,,,35.92355,-86.82261,False,Crashes_2010_2019_MPO
101595459,2017-03-27,2017,,94.0,,,0,0,N,0.0,0.0,0.0,,,,,,,,35.93834,-86.81751,False,Crashes_2010_2019_MPO
102090918,2018-07-27,2018,,94.0,,,0,1,N,0.0,1.0,0.0,,,,,,,,35.92844,-86.83378,False,Crashes_2010_2019_MPO
101640227,2017-05-10,2017,,19.0,,,0,0,N,0.0,0.0,0.0,,,,,,,,36.02979,-86.74401,False,Crashes_2010_2019_MPO
101103182,2016-02-10,2016,,94.0,,,0,0,N,0.0,0.0,0.0,,,,,,,,35.93249,-86.80616,False,Crashes_2010_2019_MPO
100994142,2015-10-22,2015,,19.0,,,0,0,N,0.0,0.0,0.0,,,,,,,,36.02444,-86.68885,False,Crashes_2010_2019_MPO
100711699,2014-12-23,2014,,94.0,,,0,0,N,0.0,0.0,0.0,,,,,,,,35.93,-86.8243,False,Crashes_2010_2019_MPO
101958948,2018-03-28,2018,,94.0,,,0,0,N,0.0,0.0,0.0,,,,,,,,36.01688,-86.7351,False,Crashes_2010_2019_MPO
101717937,2017-07-30,2017,,94.0,,,0,0,N,0.0,0.0,0.0,,,,,,,,36.0263,-86.79263,True,Crashes_2010_2019_MPO
101721950,2017-08-04,2017,,94.0,,,0,0,N,0.0,0.0,0.0,,,,,,,,35.93374,-86.81767,False,Crashes_2010_2019_MPO
102572689,2019-11-19,2019,,19.0,,,0,0,N,0.0,0.0,0.0,,,,,,,,36.05364,-86.71508,False,Crashes_2010_2019_MPO
101044815,2015-12-07,2015,,19.0,,,0,0,N,0.0,0.0,0.0,,,,,,,,36.04279,-86.8406,False,Crashes_2010_2019_MPO
100664176,2014-11-03,2014,,94.0,,,0,0,N,0.0,0.0,0.0,,,,,,,,35.9851,-86.818,True,Crashes_2010_2019_MPO
101993782,2018-04-29,2018,,94.0,,,0,0,N,0.0,0.0,0.0,,,,,,,,35.95008,-86.8491,False,Crashes_2010_2019_MPO
101986035,2018-04-22,2018,,19.0,,,0,0,N,0.0,0.0,0.0,,,,,,,,36.05167,-86.7144,False,Crashes_2010_2019_MPO
101274514,2016-06-28,2016,,94.0,,,0,0,N,0.0,0.0,0.0,,,,,,,,35.9604,-86.80815,False,Crashes_2010_2019_MPO
101607109,2017-04-07,2017,,94.0,,,0,0,N,0.0,0.0,0.0,,,,,,,,35.96408,-86.81457,False,Crashes_2010_2019_MPO
102116387,2018-08-20,2018,,94.0,,,0,0,N,0.0,0.0,0.0,,,,,,,,35.94926,-86.81966,False,Crashes_2010_2019_MPO
100805538,2015-04-09,2015,,19.0,,,0,0,Y,0.0,0.0,1.0,,,,,,,,36.04023,-86.76781,False,Crashes_2010_2019_MPO
100729560,2015-01-28,2015,,94.0,,,0,0,N,0.0,0.0,0.0,,,,,,,,35.95373,-86.84618,False,Crashes_2010_2019_MPO
100395675,2013-10-24,2013,,94.0,,,0,0,N,0.0,0.0,0.0,,,,,,,,35.92613,-86.87268,False,Crashes_2010_2019_MPO
100883683,2015-07-09,2015,,19.0,,,0,0,N,0.0,0.0,0.0,,,,,,,,36.04732,-86.86273,False,Crashes_2010_2019_MPO
100979641,2015-10-15,2015,,94.0,,,0,0,N,0.0,0.0,0.0,,,,,,,,35.99456,-86.79777,True,Crashes_2010_2019_MPO
101002509,2015-10-29,2015,,19.0,,,0,0,N,0.0,0.0,0.0,,,,,,,,36.04014,-86.7446,False,Crashes_2010_2019_MPO
101990740,2018-04-27,2018,,19.0,,,0,0,N,0.0,0.0,0.0,,,,,,,,36.05151,-86.71436,False,Crashes_2010_2019_MPO
100732091,2015-01-28,2015,,94.0,,,0,0,N,0.0,0.0,0.0,,,,,,,,36.03066,-86.78358,True,Crashes_2010_2019_MPO
101101369,2016-02-07,2016,,94.0,,,0,0,N,0.0,0.0,0.0,,,,,,,,35.9469,-86.85178,False,Crashes_2010_2019_MPO
101350344,2016-08-31,2016,,94.0,,,0,0,N,0.0,0.0,0.0,,,,,,,,36.00989,-86.80301,True,Crashes_2010_2019_MPO
102042393,2018-06-06,2018,,94.0,,,0,0,N,0.0,0.0,0.0,,,,,,,,35.92954,-86.82032,False,Crashes_2010_2019_MPO
101193326,2016-05-12,2016,,94.0,,,0,0,N,0.0,0.0,0.0,,,,,,,,35.9462,-86.80805,False,Crashes_2010_2019_MPO
102599085,2019-12-16,2019,,94.0,,,0,0,N,0.0,0.0,0.0,,,,,,,,35.99684,-86.79159,True,Crashes_2010_2019_MPO
102054920,2018-06-25,2018,,94.0,,,0,0,N,0.0,0.0,0.0,,,,,,,,35.93217,-86.79398,False,Crashes_2010_2019_MPO
101702659,2017-07-15,2017,,94.0,,,0,0,N,0.0,0.0,0.0,,,,,,,,35.96593,-86.78616,True,Crashes_2010_2019_MPO
101941600,2018-03-12,2018,,19.0,,,0,0,N,0.0,0.0,0.0,,,,,,,,36.0511,-86.74065,False,Crashes_2010_2019_MPO
101131134,2016-03-10,2016,,94.0,,,0,0,N,0.0,0.0,0.0,,,,,,,,36.015,-86.81338,True,Crashes_2010_2019_MPO
102372053,2019-04-25,2019,,94.0,,,0,0,N,0.0,0.0,0.0,,,,,,,,35.99853,-86.77925,True,Crashes_2010_2019_MPO
100360938,2013-07-31,2013,,94.0,,,0,0,N,0.0,0.0,0.0,,,,,,,,35.952,-86.81699,False,Crashes_2010_2019_MPO
101267908,2016-06-15,2016,,94.0,,,0,0,N,0.0,0.0,0.0,,,,,,,,35.95114,-86.80778,False,Crashes_2010_2019_MPO
100973309,2015-09-29,2015,,19.0,,,0,0,N,0.0,0.0,0.0,,,,,,,,36.02283,-86.71238,False,Crashes_2010_2019_MPO
101009364,2015-11-14,2015,,19.0,,,0,0,N,0.0,0.0,0.0,,,,,,,,36.03873,-86.78305,False,Crashes_2010_2019_MPO
100407790,2013-11-19,2013,,94.0,,,0,0,N,0.0,0.0,0.0,,,,,,,,35.98158,-86.67843,False,Crashes_2010_2019_MPO
102071783,2018-07-12,2018,,94.0,,,0,0,N,0.0,0.0,0.0,,,,,,,,36.01758,-86.76221,True,Crashes_2010_2019_MPO
101301177,2016-07-22,2016,,19.0,,,0,0,N,0.0,0.0,0.0,,,,,,,,36.04701,-86.71346,False,Crashes_2010_2019_MPO
102498991,2019-09-04,2019,,94.0,,,0,0,N,0.0,0.0,0.0,,,,,,,,35.978,-86.77681,True,Crashes_2010_2019_MPO
101039932,2015-11-30,2015,,19.0,,,0,0,N,0.0,0.0,0.0,,,,,,,,36.04888,-86.74358,False,Crashes_2010_2019_MPO
100914737,2015-07-30,2015,,94.0,,,0,0,N,0.0,0.0,0.0,,,,,,,,35.94749,-86.82027,False,Crashes_2010_2019_MPO
102008047,2018-05-11,2018,,94.0,,,0,0,N,0.0,0.0,0.0,,,,,,,,35.93778,-86.82832,False,Crashes_2010_2019_MPO
100635906,2014-09-30,2014,,94.0,,,0,0,N,0.0,0.0,0.0,,,,,,,,35.98437,-86.72434,True,Crashes_2010_2019_MPO
101754118,2017-09-07,2017,,94.0,,,0,0,N,0.0,0.0,0.0,,,,,,,,36.0172,-86.786,True,Crashes_2010_2019_MPO
101424629,2016-10-26,2016,,94.0,,,0,0,N,0.0,0.0,0.0,,,,,,,,35.93629,-86.81798,False,Crashes_2010_2019_MPO
101731995,2017-08-14,2017,,94.0,,,0,0,N,0.0,0.0,0.0,,,,,,,,35.94993,-86.81902,False,Crashes_2010_2019_MPO
100920806,2015-08-10,2015,,94.0,,,0,0,N,0.0,0.0,0.0,,,,,,,,35.93126,-86.87663,False,Crashes_2010_2019_MPO
101470841,2016-12-08,2016,,94.0,,,0,0,N,0.0,0.0,0.0,,,,,,,,36.02394,-86.81964,True,Crashes_2010_2019_MPO
102193401,2018-10-29,2018,,94.0,,,0,0,N,0.0,0.0,0.0,,,,,,,,36.04144,-86.86782,True,Crashes_2010_2019_MPO
101748825,2017-09-02,2017,,19.0,,,0,0,N,0.0,0.0,0.0,,,,,,,,36.04328,-86.68929,False,Crashes_2010_2019_MPO
100510588,2014-05-18,2014,,94.0,,,0,0,N,0.0,0.0,0.0,,,,,,,,35.95201,-86.81786,False,Crashes_2010_2019_MPO
102111080,2018-08-15,2018,,94.0,,,0,0,N,0.0,0.0,0.0,,,,,,,,35.94429,-86.81993,False,Crashes_2010_2019_MPO
101073519,2016-01-07,2016,,19.0,,,0,0,N,0.0,0.0,0.0,,,,,,,,36.03994,-86.78129,False,Crashes_2010_2019_MPO
100592479,2014-08-07,2014,,94.0,,,0,0,N,0.0,0.0,0.0,,,,,,,,35.95401,-86.82647,False,Crashes_2010_2019_MPO
102024897,2018-05-27,2018,,94.0,,,0,0,N,0.0,0.0,0.0,,,,,,,,36.0347,-86.7834,True,Crashes_2010_2019_MPO
102470354,2019-08-07,2019,,19.0,,,0,0,N,0.0,0.0,0.0,,,,,,,,36.04569,-86.70983,False,Crashes_2010_2019_MPO
102036338,2018-06-07,2018,,19.0,,,0,0,N,0.0,0.0,0.0,,,,,,,,36.04023,-86.76788,False,Crashes_2010_2019_MPO
101267488,2016-06-16,2016,,94.0,,,0,0,N,0.0,0.0,0.0,,,,,,,,35.94699,-86.81153,False,Crashes_2010_2019_MPO
102336142,2019-03-20,2019,,19.0,,,0,0,N,0.0,0.0,0.0,,,,,,,,36.05294,-86.69696,False,Crashes_2010_2019_MPO
100917871,2015-08-05,2015,,94.0,,,0,0,N,0.0,0.0,0.0,,,,,,,,35.96141,-86.80178,True,Crashes_2010_2019_MPO
100914477,2015-07-30,2015,,94.0,,,0,0,N,0.0,0.0,0.0,,,,,,,,35.96665,-86.80941,True,Crashes_2010_2019_MPO
100318858,2013-04-20,2013,,94.0,,,0,0,N,0.0,0.0,0.0,,,,,,,,35.92919,-86.83931,False,Crashes_2010_2019_MPO
102003365,2018-05-07,2018,,94.0,,,0,0,N,0.0,0.0,0.0,,,,,,,,35.97625,-86.82846,True,Crashes_2010_2019_MPO
101273879,2016-06-27,2016,,19.0,,,0,0,Y,0.0,0.0,1.0,,,,,,,,36.04028,-86.75771,False,Crashes_2010_2019_MPO
100292404,2013-02-14,2013,,94.0,,,0,0,N,0.0,0.0,0.0,,,,,,,,35.99551,-86.77889,True,Crashes_2010_2019_MPO
100915361,2015-07-31,2015,,94.0,,,0,0,Y,0.0,0.0,1.0,,,,,,,,35.96806,-86.72783,True,Crashes_2010_2019_MPO
102310361,2019-02-19,2019,,19.0,,,0,0,N,0.0,0.0,0.0,,,,,,,,36.04507,-86.71322,False,Crashes_2010_2019_MPO
102612539,2019-12-31,2019,,19.0,,,0,0,N,0.0,0.0,0.0,,,,,,,,36.04111,-86.77889,False,Crashes_2010_2019_MPO
102385793,2019-05-10,2019,,19.0,,,0,0,N,0.0,0.0,0.0,,,,,,,,36.04558,-86.7196,False,Crashes_2010_2019_MPO
101869352,2017-12-25,2017,,94.0,,,0,0,N,0.0,0.0,0.0,,,,,,,,35.98342,-86.67887,False,Crashes_2010_2019_MPO
101289255,2016-07-20,2016,,19.0,,,0,0,N,0.0,0.0,0.0,,,,,,,,36.03331,-86.67855,False,Crashes_2010_2019_MPO
100159767,2012-03-20,2012,,94.0,,,0,0,N,0.0,0.0,0.0,,,,,,,,36.02592,-86.87886,False,Crashes_2010_2019_MPO
100949526,2015-09-12,2015,,94.0,,,0,0,N,0.0,0.0,0.0,,,,,,,,35.96133,-86.81226,False,Crashes_2010_2019_MPO
101324390,2016-08-09,2016,,94.0,,,0,0,N,0.0,0.0,0.0,,,,,,,,36.03614,-86.79498,True,Crashes_2010_2019_MPO
101128740,2016-03-06,2016,,19.0,,,0,0,N,0.0,0.0,0.0,,,,,,,,36.04548,-86.71207,False,Crashes_2010_2019_MPO
101456990,2016-11-22,2016,,94.0,,,0,0,N,0.0,0.0,0.0,,,,,,,,35.92738,-86.71791,False,Crashes_2010_2019_MPO
102362426,2019-04-16,2019,,94.0,,,0,0,N,0.0,0.0,0.0,,,,,,,,35.93323,-86.71344,False,Crashes_2010_2019_MPO
101990205,2018-04-26,2018,,94.0,,,0,0,N,0.0,0.0,0.0,,,,,,,,35.96156,-86.73827,True,Crashes_2010_2019_MPO
101045485,2015-12-08,2015,,94.0,,,0,0,N,0.0,0.0,0.0,,,,,,,,35.92936,-86.87549,False,Crashes_2010_2019_MPO
100858516,2015-06-10,2015,,19.0,,,0,0,N,0.0,0.0,0.0,,,,,,,,36.04487,-86.68639,False,Crashes_2010_2019_MPO