mstrrecnbr,collision_ts,year,county,countystat,crash,crash_type,fatalities,non_motorists,commercial,fatal_c,nonmotor_c,truck_c,fatalc,serious_injuries,ped,bike,lighting,weather,first_harmful_event,latitude,longitude,in_city,src_layer
101401975,2016-10-12,2016,,19.0,,,0,0,N,0.0,0.0,0.0,,,,,,,,36.0409,-86.77938,False,Crashes_2010_2019_MPO
100338406,2013-06-06,2013,,94.0,,,0,0,N,0.0,0.0,0.0,,,,,,,,36.0346,-86.80132,True,Crashes_2010_2019_MPO
101760958,2017-09-14,2017,,19.0,,,0,0,N,0.0,0.0,0.0,,,,,,,,36.03671,-86.78285,False,Crashes_2010_2019_MPO
101440137,2016-11-14,2016,,19.0,,,0,0,N,0.0,0.0,0.0,,,,,,,,36.04101,-86.74624,False,Crashes_2010_2019_MPO
102455682,2019-07-23,2019,,19.0,,,0,0,N,0.0,0.0,0.0,,,,,,,,35.99228,-86.68449,False,Crashes_2010_2019_MPO
101627318,2017-04-25,2017,,94.0,,,0,0,N,0.0,0.0,0.0,,,,,,,,35.99562,-86.81114,True,Crashes_2010_2019_MPO
100320103,2013-04-23,2013,,94.0,,,0,0,N,0.0,0.0,0.0,,,,,,,,35.92862,-86.83529,False,Crashes_2010_2019_MPO
102368045,2019-04-21,2019,,94.0,,,0,0,N,0.0,0.0,0.0,,,,,,,,35.956661,-86.730091,True,Crashes_2010_2019_MPO
10651508,2014-06-20,2014,,19.0,,,0,0, ,0.0,0.0,0.0,,,,,,,,36.040715,-86.779267,False,Crashes_2010_2019_MPO
100919168,2015-08-07,2015,,19.0,,,0,0,N,0.0,0.0,0.0,,,,,,,,36.04121,-86.7761,False,Crashes_2010_2019_MPO
101245767,2016-06-13,2016,,19.0,,,0,0,N,0.0,0.0,0.0,,,,,,,,36.02563,-86.71133,False,Crashes_2010_2019_MPO
101167751,2016-04-20,2016,,19.0,,,0,0,N,0.0,0.0,0.0,,,,,,,,36.04167,-86.74388,False,Crashes_2010_2019_MPO
101491378,2016-12-30,2016,,19.0,,,0,0,N,0.0,0.0,0.0,,,,,,,,36.04001,-86.74347,False,Crashes_2010_2019_MPO
101903166,2018-02-01,2018,,94.0,,,0,0,N,0.0,0.0,0.0,,,,,,,,35.97734,-86.72553,True,Crashes_2010_2019_MPO
100227369,2012-09-15,2012,,94.0,,,0,0,N,0.0,0.0,0.0,,,,,,,,35.98525,-86.72827,True,Crashes_2010_2019_MPO
101948397,2018-03-18,2018,,19.0,,,0,0,N,0.0,0.0,0.0,,,,,,,,36.04066,-86.77982,False,Crashes_2010_2019_MPO
102144641,2018-09-04,2018,,94.0,,,0,0,N,0.0,0.0,0.0,,,,,,,,36.01842,-86.78678,True,Crashes_2010_2019_MPO
101677829,2017-06-18,2017,,94.0,,,0,0,N,0.0,0.0,0.0,,,,,,,,35.92609,-86.87139,False,Crashes_2010_2019_MPO
102280688,2019-01-18,2019,,19.0,,,0,0,N,0.0,0.0,0.0,,,,,,,,36.03948,-86.78177,False,Crashes_2010_2019_MPO
101191374,2016-05-10,2016,,19.0,,,0,0,N,0.0,0.0,0.0,,,,,,,,36.02661,-86.74358,False,Crashes_2010_2019_MPO
101418447,2016-10-20,2016,,94.0,,,0,0,N,0.0,0.0,0.0,,,,,,,,36.01409,-86.73862,False,Crashes_2010_2019_MPO
102212379,2018-11-15,2018,,19.0,,,0,0,N,0.0,0.0,0.0,,,,,,,,36.04114,-86.77621,False,Crashes_2010_2019_MPO
102585240,2019-12-01,2019,,19.0,,,0,0,N,0.0,0.0,0.0,,,,,,,,36.02423,-86.70214,False,Crashes_2010_2019_MPO
102209869,2018-11-12,2018,,94.0,,,0,0,N,0.0,0.0,0.0,,,,,,,,36.02614,-86.79272,True,Crashes_2010_2019_MPO
101964244,2018-04-02,2018,,19.0,,,0,0,N,0.0,0.0,0.0,,,,,,,,36.01854,-86.70852,False,Crashes_2010_2019_MPO
101288807,2016-07-19,2016,,94.0,,,0,0,N,0.0,0.0,0.0,,,,,,,,35.94588,-86.81042,False,Crashes_2010_2019_MPO
101453514,2016-11-18,2016,,94.0,,,0,0,N,0.0,0.0,0.0,,,,,,,,35.99687,-86.68989,False,Crashes_2010_2019_MPO
101846101,2017-12-01,2017,,94.0,,,0,0,N,0.0,0.0,0.0,,,,,,,,35.93586,-86.82373,False,Crashes_2010_2019_MPO
102204801,2018-11-07,2018,,94.0,,,0,0,N,0.0,0.0,0.0,,,,,,,,35.92957,-86.84213,False,Crashes_2010_2019_MPO
100739112,2015-02-18,2015,,94.0,,,0,0,N,0.0,0.0,0.0,,,,,,,,35.96512,-86.80035,True,Crashes_2010_2019_MPO
100354820,2013-07-15,2013,,94.0,,,0,0,N,0.0,0.0,0.0,,,,,,,,35.95092,-86.81919,False,Crashes_2010_2019_MPO
102482004,2019-08-18,2019,,94.0,,,0,0,N,0.0,0.0,0.0,,,,,,,,35.99279,-86.79839,True,Crashes_2010_2019_MPO
100709697,2014-12-14,2014,,94.0,,,0,0,N,0.0,0.0,0.0,,,,,,,,35.92649,-86.73059,False,Crashes_2010_2019_MPO
101939622,2018-03-07,2018,,94.0,,,0,0,N,0.0,0.0,0.0,,,,,,,,35.97708,-86.82497,True,Crashes_2010_2019_MPO
100914721,2015-07-30,2015,,94.0,,,0,0,N,0.0,0.0,0.0,,,,,,,,35.95743,-86.84322,False,Crashes_2010_2019_MPO
102320473,2019-03-03,2019,,19.0,,,0,0,N,0.0,0.0,0.0,,,,,,,,36.05474,-86.71535,False,Crashes_2010_2019_MPO
100503172,2014-05-01,2014,,94.0,,,0,0,N,0.0,0.0,0.0,,,,,,,,35.94202,-86.82058,False,Crashes_2010_2019_MPO
100421401,2013-12-14,2013,,94.0,,,0,0,Y,0.0,0.0,1.0,,,,,,,,35.96654,-86.80789,True,Crashes_2010_2019_MPO
101784637,2017-10-07,2017,,94.0,,,0,0,N,0.0,0.0,0.0,,,,,,,,35.98074,-86.85564,False,Crashes_2010_2019_MPO
102275445,2019-01-12,2019,,94.0,,,0,0,N,0.0,0.0,0.0,,,,,,,,36.00462,-86.79068,True,Crashes_2010_2019_MPO
101301414,2016-07-23,2016,,19.0,,,0,0,N,0.0,0.0,0.0,,,,,,,,36.03926,-86.7825,False,Crashes_2010_2019_MPO
102513608,2019-09-18,2019,,94.0,,,0,0,N,0.0,0.0,0.0,,,,,,,,35.92317,-86.81685,False,Crashes_2010_2019_MPO
100462486,2014-03-10,2014,,94.0,,,0,0,N,0.0,0.0,0.0,,,,,,,,36.01476,-86.81102,True,Crashes_2010_2019_MPO
101007398,2015-11-11,2015,,94.0,,,0,0,N,0.0,0.0,0.0,,,,,,,,36.01244,-86.82917,True,Crashes_2010_2019_MPO
100595573,2014-08-14,2014,,94.0,,,0,0,N,0.0,0.0,0.0,,,,,,,,35.95953,-86.80634,False,Crashes_2010_2019_MPO
101734946,2017-08-18,2017,,94.0,,,0,0,N,0.0,0.0,0.0,,,,,,,,35.93215,-86.79441,False,Crashes_2010_2019_MPO
100941745,2015-08-30,2015,,19.0,,,0,0,N,0.0,0.0,0.0,,,,,,,,36.04098,-86.77941,False,Crashes_2010_2019_MPO
102600317,2019-12-17,2019,,19.0,,,0,0,N,0.0,0.0,0.0,,,,,,,,36.04679,-86.71343,False,Crashes_2010_2019_MPO
100725478,2015-01-21,2015,,94.0,,,0,0,N,0.0,0.0,0.0,,,,,,,,35.95214,-86.81803,False,Crashes_2010_2019_MPO
101004287,2015-11-06,2015,,94.0,,,0,0,N,0.0,0.0,0.0,,,,,,,,35.97332,-86.83065,True,Crashes_2010_2019_MPO
101941865,2018-03-11,2018,,94.0,,,0,0,N,0.0,0.0,0.0,,,,,,,,35.96681,-86.81119,True,Crashes_2010_2019_MPO
101815243,2017-11-05,2017,,94.0,,,0,0,N,0.0,0.0,0.0,,,,,,,,35.95439,-86.81194,False,Crashes_2010_2019_MPO
101152579,2016-03-28,2016,,94.0,,,0,0,N,0.0,0.0,0.0,,,,,,,,35.95337,-86.76655,True,Crashes_2010_2019_MPO
102489218,2019-08-26,2019,,94.0,,,0,0,N,0.0,0.0,0.0,,,,,,,,35.93505,-86.77603,False,Crashes_2010_2019_MPO
100632832,2014-09-23,2014,,94.0,,,0,0,N,0.0,0.0,0.0,,,,,,,,35.95646,-86.83708,False,Crashes_2010_2019_MPO
100873390,2015-06-19,2015,,94.0,,,0,0,N,0.0,0.0,0.0,,,,,,,,35.94442,-86.81986,False,Crashes_2010_2019_MPO
101702838,2017-07-16,2017,,19.0,,,0,0,N,0.0,0.0,0.0,,,,,,,,36.04523,-86.71675,False,Crashes_2010_2019_MPO
101708380,2017-07-21,2017,,19.0,,,0,0,N,0.0,0.0,0.0,,,,,,,,36.04191,-86.82481,False,Crashes_2010_2019_MPO
100836135,2015-05-16,2015,,94.0,,,0,0,N,0.0,0.0,0.0,,,,,,,,35.93532,-86.77559,False,Crashes_2010_2019_MPO
100936762,2015-08-20,2015,,94.0,,,0,0,N,0.0,0.0,0.0,,,,,,,,35.95259,-86.84711,False,Crashes_2010_2019_MPO
101455848,2016-11-21,2016,,94.0,,,0,0,N,0.0,0.0,0.0,,,,,,,,35.998027,-86.798717,True,Crashes_2010_2019_MPO
100729702,2015-01-29,2015,,19.0,,,0,0,Y,0.0,0.0,1.0,,,,,,,,36.04002,-86.78091,False,Crashes_2010_2019_MPO
102489388,2019-08-26,2019,,19.0,,,0,0,N,0.0,0.0,0.0,,,,,,,,36.04519,-86.71589,False,Crashes_2010_2019_MPO
101573016,2017-03-03,2017,,94.0,,,0,0,N,0.0,0.0,0.0,,,,,,,,36.01775,-86.76547,True,Crashes_2010_2019_MPO
100164926,2012-04-02,2012,,94.0,,,0,1,N,0.0,1.0,0.0,,,,,,,,35.98823,-86.84682,False,Crashes_2010_2019_MPO
101349415,2016-08-30,2016,,94.0,,,0,0,N,0.0,0.0,0.0,,,,,,,,36.0064,-86.78853,True,Crashes_2010_2019_MPO
100285717,2013-01-26,2013,,94.0,,,0,0,N,0.0,0.0,0.0,,,,,,,,35.92744,-86.82431,False,Crashes_2010_2019_MPO
102045498,2018-06-16,2018,,19.0,,,0,0,N,0.0,0.0,0.0,,,,,,,,36.04562,-86.71989,False,Crashes_2010_2019_MPO
101773234,2017-09-26,2017,,94.0,,,0,0,N,0.0,0.0,0.0,,,,,,,,35.9477,-86.82016,False,Crashes_2010_2019_MPO
101953039,2018-03-22,2018,,94.0,,,0,0,N,0.0,0.0,0.0,,,,,,,,35.96749,-86.81344,True,Crashes_2010_2019_MPO
100657222,2014-10-22,2014,,19.0,,,0,0,N,0.0,0.0,0.0,,,,,,,,36.04118,-86.77581,False,Crashes_2010_2019_MPO
101698795,2017-07-11,2017,,94.0,,,0,0,N,0.0,0.0,0.0,,,,,,,,35.94676,-86.80696,False,Crashes_2010_2019_MPO
102368862,2019-04-22,2019,,94.0,,,0,0,N,0.0,0.0,0.0,,,,,,,,35.966815,-86.808972,True,Crashes_2010_2019_MPO
102343682,2019-03-27,2019,,94.0,,,0,0,N,0.0,0.0,0.0,,,,,,,,35.92356,-86.87236,False,Crashes_2010_2019_MPO
100402305,2013-11-08,2013,,94.0,,,0,0,N,0.0,0.0,0.0,,,,,,,,35.95814,-86.80262,False,Crashes_2010_2019_MPO
101151974,2016-03-27,2016,,19.0,,,0,0,N,0.0,0.0,0.0,,,,,,,,36.03548,-86.71329,False,Crashes_2010_2019_MPO
100298478,2013-03-01,2013,,94.0,,,0,0,N,0.0,0.0,0.0,,,,,,,,35.96611,-86.80466,True,Crashes_2010_2019_MPO
100618728,2014-09-13,2014,,94.0,,,0,0,N,0.0,0.0,0.0,,,,,,,,35.94817,-86.81756,False,Crashes_2010_2019_MPO
101436173,2016-11-10,2016,,94.0,,,0,0,N,0.0,0.0,0.0,,,,,,,,36.02416,-86.82023,True,Crashes_2010_2019_MPO
101345929,2016-08-25,2016,,94.0,,,0,0,N,0.0,0.0,0.0,,,,,,,,35.94427,-86.82052,False,Crashes_2010_2019_MPO
101192049,2016-05-11,2016,,19.0,,,0,0,N,0.0,0.0,0.0,,,,,,,,36.03687,-86.78673,False,Crashes_2010_2019_MPO
101500796,2017-01-09,2017,,94.0,,,0,0,Y,0.0,0.0,1.0,,,,,,,,35.98109,-86.77713,True,Crashes_2010_2019_MPO
100925990,2015-08-18,2015,,94.0,,,0,0,N,0.0,0.0,0.0,,,,,,,,35.96404,-86.70646,False,Crashes_2010_2019_MPO
101180043,2016-04-22,2016,,94.0,,,0,0,N,0.0,0.0,0.0,,,,,,,,35.94658,-86.82302,False,Crashes_2010_2019_MPO
101685921,2017-06-28,2017,,19.0,,,0,0,N,0.0,0.0,0.0,,,,,,,,36.04419,-86.78098,False,Crashes_2010_2019_MPO
102269784,2019-01-07,2019,,19.0,,,0,0,N,0.0,0.0,0.0,,,,,,,,36.04001,-86.74347,False,Crashes_2010_2019_MPO
100769606,2015-03-08,2015,,19.0,,,0,0,N,0.0,0.0,0.0,,,,,,,,36.04561,-86.71976,False,Crashes_2010_2019_MPO
101761777,2017-09-15,2017,,94.0,,,0,0,N,0.0,0.0,0.0,,,,,,,,35.98524,-86.7298,True,Crashes_2010_2019_MPO
102171651,2018-10-08,2018,,19.0,,,0,0,N,0.0,0.0,0.0,,,,,,,,36.05151,-86.71436,False,Crashes_2010_2019_MPO
101430548,2016-11-03,2016,,94.0,,,0,0,N,0.0,0.0,0.0,,,,,,,,35.9874,-86.70769,True,Crashes_2010_2019_MPO
100262141,2012-12-05,2012,,94.0,,,0,0,N,0.0,0.0,0.0,,,,,,,,35.92847,-86.76153,False,Crashes_2010_2019_MPO
100506589,2014-05-09,2014,,94.0,,,0,0,N,0.0,0.0,0.0,,,,,,,,35.9647,-86.81498,True,Crashes_2010_2019_MPO
101543627,2017-02-03,2017,,19.0,,,0,0,N,0.0,0.0,0.0,,,,,,,,36.03866,-86.74344,False,Crashes_2010_2019_MPO
102010422,2018-05-14,2018,,19.0,,,0,0,N,0.0,0.0,0.0,,,,,,,,36.04168,-86.71122,False,Crashes_2010_2019_MPO
101582555,2017-03-14,2017,,19.0,,,0,0,N,0.0,0.0,0.0,,,,,,,,36.04525,-86.72386,False,Crashes_2010_2019_MPO
100832707,2015-05-12,2015,,19.0,,,0,0,N,0.0,0.0,0.0,,,,,,,,36.05081,-86.71608,False,Crashes_2010_2019_MPO
101572234,2017-03-03,2017,,94.0,,,0,0,N,0.0,0.0,0.0,,,,,,,,35.9406,-86.83185,False,Crashes_2010_2019_MPO
101350538,2016-08-31,2016,,94.0,,,0,0,N,0.0,0.0,0.0,,,,,,,,36.01978,-86.74213,False,Crashes_2010_2019_MPO
100549001,2014-06-09,2014,,94.0,,,0,0,N,0.0,0.0,0.0,,,,,,,,35.93949,-86.81688,False,Crashes_2010_2019_MPO
100713050,2014-12-26,2014,,94.0,,,0,0,N,0.0,0.0,0.0,,,,,,,,35.99315,-86.69646,True,Crashes_2010_2019_MPO
100568037,2014-07-01,2014,,94.0,,,0,0,N,0.0,0.0,0.0,,,,,,,,35.94698,-86.8115,False,Crashes_2010_2019_MPO
101232773,2016-05-26,2016,,94.0,,,0,0,N,0.0,0.0,0.0,,,,,,,,35.93295,-86.78268,False,Crashes_2010_2019_MPO
100738816,2015-02-17,2015,,19.0,,,0,0,N,0.0,0.0,0.0,,,,,,,,36.0455,-86.71212,False,Crashes_2010_2019_MPO
102321679,2019-03-01,2019,,94.0,,,0,0,N,0.0,0.0,0.0,,,,,,,,35.95229,-86.80103,False,Crashes_2010_2019_MPO
101419362,2016-10-21,2016,,94.0,,,0,0,N,0.0,0.0,0.0,,,,,,,,35.94023,-86.83127,False,Crashes_2010_2019_MPO
102583124,2019-11-29,2019,,94.0,,,0,0,N,0.0,0.0,0.0,,,,,,,,35.96426,-86.81558,True,Crashes_2010_2019_MPO
101909877,2018-02-08,2018,,19.0,,,0,0,N,0.0,0.0,0.0,,,,,,,,36.04314,-86.69167,False,Crashes_2010_2019_MPO
100431458,2014-01-15,2014,,94.0,,,0,0,N,0.0,0.0,0.0,,,,,,,,35.97361,-86.85947,False,Crashes_2010_2019_MPO
102456400,2019-07-23,2019,,94.0,,,0,0,N,0.0,0.0,0.0,,,,,,,,35.94041,-86.82127,False,Crashes_2010_2019_MPO
102282389,2019-01-18,2019,,94.0,,,0,0,N,0.0,0.0,0.0,,,,,,,,35.94164,-86.85584,False,Crashes_2010_2019_MPO
102022418,2018-05-25,2018,,94.0,,,0,0,N,0.0,0.0,0.0,,,,,,,,35.94687,-86.85168,False,Crashes_2010_2019_MPO
101157352,2016-04-04,2016,,19.0,,,0,0,N,0.0,0.0,0.0,,,,,,,,35.99481,-86.687,False,Crashes_2010_2019_MPO
102485354,2019-08-22,2019,,94.0,,,0,0,N,0.0,0.0,0.0,,,,,,,,35.95524,-86.84497,False,Crashes_2010_2019_MPO
101274144,2016-06-27,2016,,94.0,,,0,0,N,0.0,0.0,0.0,,,,,,,,35.96206,-86.81557,True,Crashes_2010_2019_MPO
102091403,2018-07-29,2018,,19.0,,,0,0,N,0.0,0.0,0.0,,,,,,,,36.02406,-86.70747,False,Crashes_2010_2019_MPO
101738778,2017-08-22,2017,,94.0,,,0,0,N,0.0,0.0,0.0,,,,,,,,36.03175,-86.78961,True,Crashes_2010_2019_MPO
101007061,2015-11-11,2015,,19.0,,,0,0,N,0.0,0.0,0.0,,,,,,,,36.04135,-86.78249,False,Crashes_2010_2019_MPO
100257748,2012-11-26,2012,,94.0,,,0,0,N,0.0,0.0,0.0,,,,,,,,35.94942,-86.80699,False,Crashes_2010_2019_MPO
102045470,2018-06-16,2018,,19.0,,,0,0,N,0.0,0.0,0.0,,,,,,,,36.04021,-86.76777,False,Crashes_2010_2019_MPO
101770935,2017-09-24,2017,,19.0,,,0,0,N,0.0,0.0,0.0,,,,,,,,36.04884,-86.71425,False,Crashes_2010_2019_MPO
102142658,2018-09-12,2018,,19.0,,,0,0,N,0.0,0.0,0.0,,,,,,,,36.03818,-86.78636,False,Crashes_2010_2019_MPO
101883307,2018-01-10,2018,,94.0,,,0,0,N,0.0,0.0,0.0,,,,,,,,35.96681,-86.81119,True,Crashes_2010_2019_MPO
100950782,2015-09-15,2015,,19.0,,,0,0,N,0.0,0.0,0.0,,,,,,,,36.03971,-86.76279,False,Crashes_2010_2019_MPO
100983314,2015-10-21,2015,,94.0,,,0,0,N,0.0,0.0,0.0,,,,,,,,36.01784,-86.84677,True,Crashes_2010_2019_MPO
100414060,2013-12-03,2013,,94.0,,,0,0,N,0.0,0.0,0.0,,,,,,,,35.92685,-86.81962,False,Crashes_2010_2019_MPO
102039872,2018-06-11,2018,,19.0,,,0,0,N,0.0,0.0,0.0,,,,,,,,36.0373,-86.78913,False,Crashes_2010_2019_MPO
102413582,2019-06-08,2019,,94.0,,,0,0,N,0.0,0.0,0.0,,,,,,,,35.97039,-86.77379,True,Crashes_2010_2019_MPO
102144475,2018-09-14,2018,,19.0,,,0,0,N,0.0,0.0,0.0,,,,,,,,36.0488,-86.71367,False,Crashes_2010_2019_MPO
102195351,2018-10-30,2018,,19.0,,,0,0,Y,0.0,0.0,1.0,,,,,,,,36.04067,-86.7798,False,Crashes_2010_2019_MPO
101832172,2017-11-20,2017,,94.0,,,0,0,N,0.0,0.0,0.0,,,,,,,,35.96312,-86.81897,True,Crashes_2010_2019_MPO
101011866,2015-11-18,2015,,94.0,,,0,0,N,0.0,0.0,0.0,,,,,,,,35.97639,-86.83988,False,Crashes_2010_2019_MPO
102391100,2019-05-16,2019,,94.0,,,0,0,N,0.0,0.0,0.0,,,,,,,,35.92943,-86.82063,False,Crashes_2010_2019_MPO
102199143,2018-11-03,2018,,19.0,,,0,0,N,0.0,0.0,0.0,,,,,,,,36.04026,-86.8164,False,Crashes_2010_2019_MPO
102278488,2019-01-15,2019,,94.0,,,0,0,N,0.0,0.0,0.0,,,,,,,,35.95841,-86.76716,True,Crashes_2010_2019_MPO
102041843,2018-06-06,2018,,94.0,,,0,0,N,0.0,0.0,0.0,,,,,,,,35.93215,-86.79441,False,Crashes_2010_2019_MPO
102348504,2019-04-02,2019,,19.0,,,0,0,N,0.0,0.0,0.0,,,,,,,,36.04537,-86.71326,False,Crashes_2010_2019_MPO
102085428,2018-07-24,2018,,94.0,,,0,0,N,0.0,0.0,0.0,,,,,,,,35.94504,-86.82561,False,Crashes_2010_2019_MPO
102190843,2018-10-26,2018,,94.0,,,0,0,N,0.0,0.0,0.0,,,,,,,,35.9407,-86.83934,False,Crashes_2010_2019_MPO
100819644,2015-04-17,2015,,19.0,,,0,0,N,0.0,0.0,0.0,,,,,,,,36.04643,-86.67752,False,Crashes_2010_2019_MPO
101352683,2016-09-03,2016,,19.0,,,0,0,N,0.0,0.0,0.0,,,,,,,,36.04479,-86.72487,False,Crashes_2010_2019_MPO
101547603,2017-02-07,2017,,94.0,,,0,0,Y,0.0,0.0,1.0,,,,,,,,35.93256,-86.78771,False,Crashes_2010_2019_MPO
100570058,2014-07-07,2014,,94.0,,,0,0,N,0.0,0.0,0.0,,,,,,,,36.00652,-86.78873,True,Crashes_2010_2019_MPO
102195193,2018-10-30,2018,,94.0,,,0,0,N,0.0,0.0,0.0,,,,,,,,35.94708,-86.83267,False,Crashes_2010_2019_MPO
101556790,2017-02-17,2017,,94.0,,,0,0,N,0.0,0.0,0.0,,,,,,,,35.95689,-86.80329,False,Crashes_2010_2019_MPO
101923107,2018-02-22,2018,,94.0,,,0,0,N,0.0,0.0,0.0,,,,,,,,35.93469,-86.80176,False,Crashes_2010_2019_MPO
102391128,2019-05-16,2019,,94.0,,,0,0,N,0.0,0.0,0.0,,,,,,,,35.92924,-86.85316,False,Crashes_2010_2019_MPO
101012007,2015-11-17,2015,,94.0,,,0,0,N,0.0,0.0,0.0,,,,,,,,35.95384,-86.70945,True,Crashes_2010_2019_MPO
102238111,2018-12-04,2018,,94.0,,,0,0,N,0.0,0.0,0.0,,,,,,,,35.98258,-86.8019,True,Crashes_2010_2019_MPO
102532199,2019-10-07,2019,,94.0,,,0,0,N,0.0,0.0,0.0,,,,,,,,35.99725,-86.79427,True,Crashes_2010_2019_MPO
100876392,2015-06-25,2015,,94.0,,,0,0,N,0.0,0.0,0.0,,,,,,,,35.93581,-86.81814,False,Crashes_2010_2019_MPO
101061293,2015-12-17,2015,,19.0,,,0,0,N,0.0,0.0,0.0,,,,,,,,36.04044,-86.78288,False,Crashes_2010_2019_MPO
100358005,2013-07-23,2013,,94.0,,,0,0,N,0.0,0.0,0.0,,,,,,,,35.95522,-86.84498,False,Crashes_2010_2019_MPO
101597296,2017-03-29,2017,,19.0,,,0,0,N,0.0,0.0,0.0,,,,,,,,36.04114,-86.77621,False,Crashes_2010_2019_MPO
102101474,2018-08-07,2018,,94.0,,,0,0,N,0.0,0.0,0.0,,,,,,,,35.9671,-86.81383,True,Crashes_2010_2019_MPO
100486300,2014-04-13,2014,,94.0,,,0,0,N,0.0,0.0,0.0,,,,,,,,35.93227,-86.87713,False,Crashes_2010_2019_MPO
101799218,2017-10-21,2017,,19.0,,,0,0,N,0.0,0.0,0.0,,,,,,,,36.04028,-86.77387,False,Crashes_2010_2019_MPO
101242929,2016-06-10,2016,,94.0,,,0,0,N,0.0,0.0,0.0,,,,,,,,35.97421,-86.83225,True,Crashes_2010_2019_MPO
102190445,2018-10-26,2018,,19.0,,,0,0,N,0.0,0.0,0.0,,,,,,,,36.0374,-86.78657,False,Crashes_2010_2019_MPO
101359163,2016-09-12,2016,,19.0,,,0,0,N,0.0,0.0,0.0,,,,,,,,36.0395,-86.78175,False,Crashes_2010_2019_MPO
100392691,2013-10-17,2013,,94.0,,,0,0,N,0.0,0.0,0.0,,,,,,,,36.03514,-86.80579,True,Crashes_2010_2019_MPO
101616399,2017-04-16,2017,,19.0,,,0,0,N,0.0,0.0,0.0,,,,,,,,36.04616,-86.71823,False,Crashes_2010_2019_MPO
102564962,2019-11-11,2019,,94.0,,,0,0,N,0.0,0.0,0.0,,,,,,,,35.93473,-86.8216,False,Crashes_2010_2019_MPO
101933743,2018-03-04,2018,,19.0,,,0,0,N,0.0,0.0,0.0,,,,,,,,36.03088,-86.71258,False,Crashes_2010_2019_MPO
102241597,2018-12-10,2018,,19.0,,,0,0,N,0.0,0.0,0.0,,,,,,,,36.03904,-86.7825,False,Crashes_2010_2019_MPO
101434140,2016-11-08,2016,,94.0,,,0,0,N,0.0,0.0,0.0,,,,,,,,35.95672,-86.81086,False,Crashes_2010_2019_MPO
101281658,2016-07-08,2016,,19.0,,,0,0,N,0.0,0.0,0.0,,,,,,,,36.04333,-86.69221,False,Crashes_2010_2019_MPO
102244204,2018-12-12,2018,,94.0,,,0,0,N,0.0,0.0,0.0,,,,,,,,35.93557,-86.82364,False,Crashes_2010_2019_MPO
100733736,2015-02-07,2015,,94.0,,,0,0,N,0.0,0.0,0.0,,,,,,,,36.02819,-86.79157,True,Crashes_2010_2019_MPO
102222612,2018-11-24,2018,,94.0,,,0,0,N,0.0,0.0,0.0,,,,,,,,35.93446,-86.81991,False,Crashes_2010_2019_MPO
101067098,2015-12-24,2015,,94.0,,,0,0,N,0.0,0.0,0.0,,,,,,,,35.94683,-86.82187,False,Crashes_2010_2019_MPO
100656442,2014-10-20,2014,,94.0,,,0,0,N,0.0,0.0,0.0,,,,,,,,35.94774,-86.82009,False,Crashes_2010_2019_MPO
101727745,2017-08-11,2017,,94.0,,,0,0,N,0.0,0.0,0.0,,,,,,,,35.92738,-86.8687,False,Crashes_2010_2019_MPO
102429552,2019-06-26,2019,,94.0,,,0,0,N,0.0,0.0,0.0,,,,,,,,36.03614,-86.79515,True,Crashes_2010_2019_MPO
100264776,2012-12-11,2012,,94.0,,,0,0,N,0.0,0.0,0.0,,,,,,,,36.03559,-86.80852,True,Crashes_2010_2019_MPO
101402873,2016-10-13,2016,,94.0,,,0,0,N,0.0,0.0,0.0,,,,,,,,35.95781,-86.80258,False,Crashes_2010_2019_MPO
102377182,2019-05-01,2019,,94.0,,,0,0,N,0.0,0.0,0.0,,,,,,,,35.96509,-86.81627,True,Crashes_2010_2019_MPO
101994169,2018-04-29,2018,,19.0,,,0,0,N,0.0,0.0,0.0,,,,,,,,36.04012,-86.78074,False,Crashes_2010_2019_MPO
101810964,2017-10-30,2017,,94.0,,,0,0,N,0.0,0.0,0.0,,,,,,,,35.94455,-86.8284,False,Crashes_2010_2019_MPO
101192802,2016-05-12,2016,,94.0,,,0,0,N,0.0,0.0,0.0,,,,,,,,35.97653,-86.76591,True,Crashes_2010_2019_MPO
102313364,2019-02-23,2019,,19.0,,,0,0,N,0.0,0.0,0.0,,,,,,,,36.04537,-86.71326,False,Crashes_2010_2019_MPO
100437828,2014-01-31,2014,,94.0,,,0,0,N,0.0,0.0,0.0,,,,,,,,35.9912,-86.68349,False,Crashes_2010_2019_MPO
102547288,2019-10-24,2019,,94.0,,,0,0,N,0.0,0.0,0.0,,,,,,,,35.9666,-86.8092,True,Crashes_2010_2019_MPO
100325103,2013-05-05,2013,,94.0,,,0,0,N,0.0,0.0,0.0,,,,,,,,35.92738,-86.86871,False,Crashes_2010_2019_MPO
100258022,2012-11-26,2012,,94.0,,,0,0,N,0.0,0.0,0.0,,,,,,,,35.98124,-86.852,False,Crashes_2010_2019_MPO
100594898,2014-08-12,2014,,94.0,,,0,0,N,0.0,0.0,0.0,,,,,,,,35.93117,-86.79409,False,Crashes_2010_2019_MPO
101391880,2016-09-28,2016,,19.0,,,0,0,N,0.0,0.0,0.0,,,,,,,,35.99687,-86.68989,False,Crashes_2010_2019_MPO
100801981,2015-04-03,2015,,94.0,,,0,0,N,0.0,0.0,0.0,,,,,,,,35.94315,-86.82081,False,Crashes_2010_2019_MPO
102412156,2019-06-07,2019,,19.0,,,0,0,N,0.0,0.0,0.0,,,,,,,,36.03761,-86.78512,False,Crashes_2010_2019_MPO
102228503,2018-11-29,2018,,19.0,,,0,0,N,0.0,0.0,0.0,,,,,,,,36.0454,-86.71294,False,Crashes_2010_2019_MPO
101676154,2017-06-15,2017,,94.0,,,0,0,N,0.0,0.0,0.0,,,,,,,,35.97853,-86.80064,True,Crashes_2010_2019_MPO
100432214,2014-01-17,2014,,94.0,,,0,0,N,0.0,0.0,0.0,,,,,,,,35.94689,-86.85175,False,Crashes_2010_2019_MPO