mstrrecnbr,collision_ts,year,county,countystat,crash,crash_type,fatalities,non_motorists,commercial,fatal_c,nonmotor_c,truck_c,fatalc,serious_injuries,ped,bike,lighting,weather,first_harmful_event,latitude,longitude,in_city,src_layer
101754268,2017-09-05,2017,,94.0,,,0,0,Y,0.0,0.0,1.0,,,,,,,,35.94369,-86.81577,False,Crashes_2010_2019_MPO
100774050,2015-03-18,2015,,19.0,,,0,0,N,0.0,0.0,0.0,,,,,,,,36.03683,-86.78673,False,Crashes_2010_2019_MPO
101128984,2016-03-06,2016,,19.0,,,0,0,N,0.0,0.0,0.0,,,,,,,,36.04147,-86.70367,False,Crashes_2010_2019_MPO
101300698,2016-07-21,2016,,94.0,,,0,0,N,0.0,0.0,0.0,,,,,,,,35.9631,-86.80114,True,Crashes_2010_2019_MPO
100795056,2015-03-20,2015,,19.0,,,0,0,N,0.0,0.0,0.0,,,,,,,,36.04574,-86.7087,False,Crashes_2010_2019_MPO
102101166,2018-08-07,2018,,94.0,,,0,0,N,0.0,0.0,0.0,,,,,,,,35.96735,-86.81505,True,Crashes_2010_2019_MPO
100723923,2015-01-18,2015,,94.0,,,0,0,N,0.0,0.0,0.0,,,,,,,,35.95639,-86.84405,False,Crashes_2010_2019_MPO
101855340,2017-12-09,2017,,94.0,,,0,0,N,0.0,0.0,0.0,,,,,,,,36.01286,-86.80081,True,Crashes_2010_2019_MPO
101771050,2017-09-24,2017,,19.0,,,0,0,N,0.0,0.0,0.0,,,,,,,,36.05447,-86.71215,False,Crashes_2010_2019_MPO
101095180,2016-01-28,2016,,19.0,,,0,0,N,0.0,0.0,0.0,,,,,,,,36.04559,-86.71138,False,Crashes_2010_2019_MPO
101039853,2015-11-30,2015,,94.0,,,0,0,N,0.0,0.0,0.0,,,,,,,,35.95939,-86.83102,False,Crashes_2010_2019_MPO
101625031,2017-04-25,2017,,19.0,,,0,0,N,0.0,0.0,0.0,,,,,,,,35.99945,-86.69343,False,Crashes_2010_2019_MPO
100464849,2014-03-16,2014,,94.0,,,0,0,N,0.0,0.0,0.0,,,,,,,,35.92342,-86.82247,False,Crashes_2010_2019_MPO
102052277,2018-06-17,2018,,94.0,,,0,0,N,0.0,0.0,0.0,,,,,,,,36.0112,-86.78516,True,Crashes_2010_2019_MPO
101507660,2017-01-17,2017,,19.0,,,0,0,N,0.0,0.0,0.0,,,,,,,,36.02643,-86.71291,False,Crashes_2010_2019_MPO
101957207,2018-03-24,2018,,94.0,,,0,0,N,0.0,0.0,0.0,,,,,,,,36.03469,-86.78332,True,Crashes_2010_2019_MPO
101955726,2018-03-25,2018,,94.0,,,0,0,N,0.0,0.0,0.0,,,,,,,,35.95649,-86.86719,False,Crashes_2010_2019_MPO
102043172,2018-06-14,2018,,19.0,,,0,0,N,0.0,0.0,0.0,,,,,,,,36.03256,-86.7687,False,Crashes_2010_2019_MPO
101616368,2017-04-16,2017,,19.0,,,0,0,N,0.0,0.0,0.0,,,,,,,,36.04695,-86.68182,False,Crashes_2010_2019_MPO
100150099,2012-02-16,2012,,94.0,,,0,0,N,0.0,0.0,0.0,,,,,,,,35.92315,-86.82274,False,Crashes_2010_2019_MPO
102314789,2019-02-25,2019,,94.0,,,0,0,N,0.0,0.0,0.0,,,,,,,,35.99922,-86.80923,True,Crashes_2010_2019_MPO
101492313,2016-12-30,2016,,94.0,,,0,0,N,0.0,0.0,0.0,,,,,,,,35.94654,-86.82374,False,Crashes_2010_2019_MPO
101918218,2018-02-16,2018,,94.0,,,0,0,N,0.0,0.0,0.0,,,,,,,,35.98466,-86.71596,True,Crashes_2010_2019_MPO
101482347,2016-12-19,2016,,19.0,,,0,0,N,0.0,0.0,0.0,,,,,,,,36.03948,-86.78177,False,Crashes_2010_2019_MPO
101704165,2017-07-17,2017,,94.0,,,0,0,N,0.0,0.0,0.0,,,,,,,,35.94801,-86.86385,False,Crashes_2010_2019_MPO
102526757,2019-10-02,2019,,94.0,,,0,0,N,0.0,0.0,0.0,,,,,,,,35.92609,-86.87139,False,Crashes_2010_2019_MPO
101104166,2016-02-11,2016,,19.0,,,0,0,N,0.0,0.0,0.0,,,,,,,,36.03797,-86.79777,False,Crashes_2010_2019_MPO
102336308,2019-03-20,2019,,19.0,,,0,0,N,0.0,0.0,0.0,,,,,,,,36.04124,-86.77839,False,Crashes_2010_2019_MPO
101711571,2017-07-25,2017,,94.0,,,0,0,N,0.0,0.0,0.0,,,,,,,,35.93133,-86.79293,False,Crashes_2010_2019_MPO
102544286,2019-10-20,2019,,94.0,,,0,0,N,0.0,0.0,0.0,,,,,,,,35.95862,-86.78223,True,Crashes_2010_2019_MPO
100875200,2015-06-23,2015,,94.0,,,0,0,N,0.0,0.0,0.0,,,,,,,,35.96386,-86.8004,True,Crashes_2010_2019_MPO
100750013,2015-02-19,2015,,94.0,,,0,0,N,0.0,0.0,0.0,,,,,,,,36.01839,-86.83883,True,Crashes_2010_2019_MPO
100835005,2015-05-16,2015,,19.0,,,0,0,N,0.0,0.0,0.0,,,,,,,,36.04013,-86.78264,False,Crashes_2010_2019_MPO
102163566,2018-10-01,2018,,19.0,,,0,0,N,0.0,0.0,0.0,,,,,,,,36.04005,-86.74409,False,Crashes_2010_2019_MPO
102342987,2019-03-27,2019,,19.0,,,0,0,N,0.0,0.0,0.0,,,,,,,,36.04519,-86.71576,False,Crashes_2010_2019_MPO
101717044,2017-07-31,2017,,94.0,,,0,0,N,0.0,0.0,0.0,,,,,,,,35.95084,-86.81864,False,Crashes_2010_2019_MPO
102210890,2018-11-14,2018,,19.0,,,0,0,N,0.0,0.0,0.0,,,,,,,,36.04114,-86.77621,False,Crashes_2010_2019_MPO
102561064,2019-11-07,2019,,94.0,,,0,0,N,0.0,0.0,0.0,,,,,,,,36.01797,-86.76941,True,Crashes_2010_2019_MPO
102152905,2018-09-20,2018,,94.0,,,0,0,N,0.0,0.0,0.0,,,,,,,,35.92316,-86.81661,False,Crashes_2010_2019_MPO
102576838,2019-11-22,2019,,94.0,,,0,0,N,0.0,0.0,0.0,,,,,,,,35.94936,-86.81939,False,Crashes_2010_2019_MPO
102358262,2019-04-12,2019,,19.0,,,0,0,N,0.0,0.0,0.0,,,,,,,,36.03073,-86.68302,False,Crashes_2010_2019_MPO
101427105,2016-10-30,2016,,19.0,,,0,0,N,0.0,0.0,0.0,,,,,,,,36.04526,-86.71704,False,Crashes_2010_2019_MPO
101896726,2018-01-25,2018,,94.0,,,0,0,N,0.0,0.0,0.0,,,,,,,,36.00273,-86.79232,True,Crashes_2010_2019_MPO
100941831,2015-08-29,2015,,94.0,,,0,0,N,0.0,0.0,0.0,,,,,,,,36.03495,-86.78329,True,Crashes_2010_2019_MPO
100613582,2014-09-02,2014,,94.0,,,0,0,N,0.0,0.0,0.0,,,,,,,,35.92413,-86.8674,False,Crashes_2010_2019_MPO
101038793,2015-11-29,2015,,19.0,,,0,0,N,0.0,0.0,0.0,,,,,,,,36.04141,-86.78249,False,Crashes_2010_2019_MPO
102369384,2019-04-23,2019,,19.0,,,0,0,N,0.0,0.0,0.0,,,,,,,,36.04657,-86.86336,False,Crashes_2010_2019_MPO
100331835,2013-05-21,2013,,94.0,,,0,0,N,0.0,0.0,0.0,,,,,,,,35.97309,-86.86803,False,Crashes_2010_2019_MPO
101239158,2016-06-04,2016,,19.0,,,0,0,N,0.0,0.0,0.0,,,,,,,,36.04543,-86.70361,False,Crashes_2010_2019_MPO
101403027,2016-10-13,2016,,19.0,,,0,0,N,0.0,0.0,0.0,,,,,,,,36.0375,-86.78584,False,Crashes_2010_2019_MPO
100657989,2014-10-23,2014,,19.0,,,0,0,Y,0.0,0.0,1.0,,,,,,,,36.04566,-86.7105,False,Crashes_2010_2019_MPO
102364305,2019-04-17,2019,,94.0,,,0,0,N,0.0,0.0,0.0,,,,,,,,35.9476,-86.81992,False,Crashes_2010_2019_MPO
101863171,2017-12-19,2017,,19.0,,,0,0,N,0.0,0.0,0.0,,,,,,,,36.02983,-86.74401,False,Crashes_2010_2019_MPO
102084485,2018-07-23,2018,,19.0,,,0,0,N,0.0,0.0,0.0,,,,,,,,35.99663,-86.68953,False,Crashes_2010_2019_MPO
102044327,2018-06-15,2018,,94.0,,,0,0,N,0.0,0.0,0.0,,,,,,,,36.01378,-86.80012,True,Crashes_2010_2019_MPO
100327604,2013-05-10,2013,,94.0,,,0,0,N,0.0,0.0,0.0,,,,,,,,35.92731,-86.87227,False,Crashes_2010_2019_MPO
100918383,2015-08-06,2015,,19.0,,,0,0,N,0.0,0.0,0.0,,,,,,,,36.02837,-86.69728,False,Crashes_2010_2019_MPO
100277423,2013-01-10,2013,,94.0,,,0,0,N,0.0,0.0,0.0,,,,,,,,35.93189,-86.79438,False,Crashes_2010_2019_MPO
101564472,2017-02-23,2017,,94.0,,,0,0,N,0.0,0.0,0.0,,,,,,,,35.93344,-86.81922,False,Crashes_2010_2019_MPO
101773336,2017-09-27,2017,,19.0,,,0,0,N,0.0,0.0,0.0,,,,,,,,36.03818,-86.78375,False,Crashes_2010_2019_MPO
101184297,2016-04-29,2016,,94.0,,,0,0,N,0.0,0.0,0.0,,,,,,,,36.00176,-86.72256,True,Crashes_2010_2019_MPO
102567918,2019-11-13,2019,,94.0,,,0,0,Y,0.0,0.0,1.0,,,,,,,,36.02299,-86.78689,True,Crashes_2010_2019_MPO
101467499,2016-12-04,2016,,19.0,,,0,0,N,0.0,0.0,0.0,,,,,,,,36.04178,-86.7824,False,Crashes_2010_2019_MPO
101729460,2017-08-12,2017,,94.0,,,0,0,N,0.0,0.0,0.0,,,,,,,,35.98121,-86.8461,False,Crashes_2010_2019_MPO
100508144,2014-05-13,2014,,94.0,,,0,0,N,0.0,0.0,0.0,,,,,,,,35.97745,-86.7768,True,Crashes_2010_2019_MPO
100404125,2013-11-12,2013,,94.0,,,0,0,N,0.0,0.0,0.0,,,,,,,,35.96516,-86.81665,True,Crashes_2010_2019_MPO
100981468,2015-10-18,2015,,94.0,,,0,0,N,0.0,0.0,0.0,,,,,,,,35.95309,-86.81238,False,Crashes_2010_2019_MPO
101155509,2016-04-01,2016,,19.0,,,0,0,N,0.0,0.0,0.0,,,,,,,,36.03957,-86.78168,False,Crashes_2010_2019_MPO
101246240,2016-06-13,2016,,19.0,,,0,0,N,0.0,0.0,0.0,,,,,,,,36.02478,-86.74973,False,Crashes_2010_2019_MPO
102017994,2018-05-21,2018,,19.0,,,0,0,N,0.0,0.0,0.0,,,,,,,,36.04031,-86.78088,False,Crashes_2010_2019_MPO
100300733,2013-03-07,2013,,94.0,,,0,0,N,0.0,0.0,0.0,,,,,,,,35.93694,-86.87873,False,Crashes_2010_2019_MPO
100545216,2014-05-30,2014,,94.0,,,0,0,N,0.0,0.0,0.0,,,,,,,,35.98672,-86.8167,True,Crashes_2010_2019_MPO
101705434,2017-07-18,2017,,94.0,,,0,0,N,0.0,0.0,0.0,,,,,,,,35.96681,-86.81119,True,Crashes_2010_2019_MPO
101819916,2017-11-09,2017,,19.0,,,0,0,N,0.0,0.0,0.0,,,,,,,,36.04476,-86.7811,False,Crashes_2010_2019_MPO
101270288,2016-06-20,2016,,19.0,,,0,0,N,0.0,0.0,0.0,,,,,,,,36.04023,-86.75234,False,Crashes_2010_2019_MPO
101804675,2017-10-26,2017,,94.0,,,0,0,N,0.0,0.0,0.0,,,,,,,,35.95534,-86.82586,False,Crashes_2010_2019_MPO
100565388,2014-06-25,2014,,94.0,,,0,0,N,0.0,0.0,0.0,,,,,,,,35.94491,-86.82885,False,Crashes_2010_2019_MPO
100924352,2015-08-17,2015,,94.0,,,0,0,N,0.0,0.0,0.0,,,,,,,,36.03093,-86.78699,True,Crashes_2010_2019_MPO
100344773,2013-06-20,2013,,94.0,,,0,0,N,0.0,0.0,0.0,,,,,,,,35.92924,-86.83968,False,Crashes_2010_2019_MPO
100726567,2015-01-19,2015,,94.0,,,0,0,N,0.0,0.0,0.0,,,,,,,,35.96812,-86.80773,True,Crashes_2010_2019_MPO
100403708,2013-11-11,2013,,94.0,,,0,0,N,0.0,0.0,0.0,,,,,,,,35.95533,-86.80391,False,Crashes_2010_2019_MPO
101918094,2018-02-16,2018,,19.0,,,0,0,N,0.0,0.0,0.0,,,,,,,,36.04641,-86.67742,False,Crashes_2010_2019_MPO
100141010,2012-01-25,2012,,94.0,,,0,0,N,0.0,0.0,0.0,,,,,,,,35.9862,-86.71035,True,Crashes_2010_2019_MPO
100570651,2014-07-08,2014,,94.0,,,0,0,N,0.0,0.0,0.0,,,,,,,,36.0167,-86.78188,True,Crashes_2010_2019_MPO
100950502,2015-09-14,2015,,94.0,,,0,0,N,0.0,0.0,0.0,,,,,,,,36.00801,-86.78032,True,Crashes_2010_2019_MPO
101942123,2018-03-12,2018,,19.0,,,0,0,N,0.0,0.0,0.0,,,,,,,,36.01238,-86.70361,False,Crashes_2010_2019_MPO
100973472,2015-10-05,2015,,94.0,,,0,0,N,0.0,0.0,0.0,,,,,,,,36.02044,-86.78208,True,Crashes_2010_2019_MPO
101427110,2016-10-30,2016,,19.0,,,0,0,N,0.0,0.0,0.0,,,,,,,,36.03975,-86.75457,False,Crashes_2010_2019_MPO
102365945,2019-04-19,2019,,94.0,,,0,0,Y,0.0,0.0,1.0,,,,,,,,36.03617,-86.79573,True,Crashes_2010_2019_MPO
102538317,2019-10-15,2019,,94.0,,,0,0,N,0.0,0.0,0.0,,,,,,,,35.97334,-86.83305,True,Crashes_2010_2019_MPO
100412072,2013-11-28,2013,,94.0,,,0,0,N,0.0,0.0,0.0,,,,,,,,35.9302,-86.84537,False,Crashes_2010_2019_MPO
100120158,2011-11-23,2011,,94.0,,,0,0,N,0.0,0.0,0.0,,,,,,,,35.94782,-86.8221,False,Crashes_2010_2019_MPO
101973677,2018-04-11,2018,,94.0,,,0,0,N,0.0,0.0,0.0,,,,,,,,35.9776,-86.8035,True,Crashes_2010_2019_MPO
101552597,2017-02-12,2017,,94.0,,,0,0,N,0.0,0.0,0.0,,,,,,,,36.03318,-86.78282,True,Crashes_2010_2019_MPO
102415411,2019-06-10,2019,,94.0,,,0,0,N,0.0,0.0,0.0,,,,,,,,35.92641,-86.82453,False,Crashes_2010_2019_MPO
101978363,2018-04-15,2018,,94.0,,,0,0,N,0.0,0.0,0.0,,,,,,,,35.9407,-86.83934,False,Crashes_2010_2019_MPO
100443995,2014-02-17,2014,,94.0,,,0,0,N,0.0,0.0,0.0,,,,,,,,35.94766,-86.81973,False,Crashes_2010_2019_MPO
101003734,2015-11-03,2015,,94.0,,,0,0,N,0.0,0.0,0.0,,,,,,,,35.96511,-86.80797,False,Crashes_2010_2019_MPO
102223591,2018-11-25,2018,,94.0,,,0,0,N,0.0,0.0,0.0,,,,,,,,36.03047,-86.79031,True,Crashes_2010_2019_MPO
100876959,2015-06-26,2015,,94.0,,,0,0,N,0.0,0.0,0.0,,,,,,,,35.96595,-86.80315,True,Crashes_2010_2019_MPO
102572844,2019-11-18,2019,,94.0,,,0,1,N,0.0,1.0,0.0,,,,,,,,35.94811,-86.82077,False,Crashes_2010_2019_MPO
102427083,2019-06-23,2019,,19.0,,,0,0,N,0.0,0.0,0.0,,,,,,,,36.05452,-86.7252,False,Crashes_2010_2019_MPO
101775456,2017-09-29,2017,,94.0,,,0,0,N,0.0,0.0,0.0,,,,,,,,35.99728,-86.79451,True,Crashes_2010_2019_MPO
102049944,2018-06-21,2018,,94.0,,,0,0,N,0.0,0.0,0.0,,,,,,,,35.92648,-86.8663,False,Crashes_2010_2019_MPO
102051100,2018-06-22,2018,,94.0,,,0,0,N,0.0,0.0,0.0,,,,,,,,35.94831,-86.80752,False,Crashes_2010_2019_MPO
100769430,2015-03-09,2015,,94.0,,,0,0,N,0.0,0.0,0.0,,,,,,,,35.97037,-86.80657,True,Crashes_2010_2019_MPO
102110905,2018-08-15,2018,,94.0,,,0,0,N,0.0,0.0,0.0,,,,,,,,35.96705,-86.81355,True,Crashes_2010_2019_MPO
100460954,2014-03-06,2014,,94.0,,,0,0,N,0.0,0.0,0.0,,,,,,,,35.93503,-86.82175,False,Crashes_2010_2019_MPO
101620548,2017-04-20,2017,,94.0,,,0,0,N,0.0,0.0,0.0,,,,,,,,35.93964,-86.8214,False,Crashes_2010_2019_MPO
101927464,2018-02-26,2018,,94.0,,,0,0,N,0.0,0.0,0.0,,,,,,,,36.033262,-86.799439,True,Crashes_2010_2019_MPO
100590649,2014-08-01,2014,,94.0,,,0,0,N,0.0,0.0,0.0,,,,,,,,35.93283,-86.8774,False,Crashes_2010_2019_MPO
100922731,2015-08-14,2015,,94.0,,,0,0,N,0.0,0.0,0.0,,,,,,,,35.9974,-86.82853,True,Crashes_2010_2019_MPO
102411479,2019-06-06,2019,,94.0,,,0,0,N,0.0,0.0,0.0,,,,,,,,36.02398,-86.81961,True,Crashes_2010_2019_MPO
101911924,2018-02-09,2018,,19.0,,,0,0,N,0.0,0.0,0.0,,,,,,,,36.04014,-86.74459,False,Crashes_2010_2019_MPO
101035787,2015-11-24,2015,,94.0,,,0,0,N,0.0,0.0,0.0,,,,,,,,35.9583,-86.8023,False,Crashes_2010_2019_MPO
101008723,2015-11-13,2015,,94.0,,,0,0,N,0.0,0.0,0.0,,,,,,,,35.96455,-86.7896,True,Crashes_2010_2019_MPO
102216786,2018-11-19,2018,,94.0,,,0,0,N,0.0,0.0,0.0,,,,,,,,35.99339,-86.69914,True,Crashes_2010_2019_MPO
101534619,2017-01-25,2017,,94.0,,,0,0,N,0.0,0.0,0.0,,,,,,,,35.97334,-86.83305,True,Crashes_2010_2019_MPO
102152773,2018-09-21,2018,,94.0,,,0,0,N,0.0,0.0,0.0,,,,,,,,35.99649,-86.78854,True,Crashes_2010_2019_MPO
101858110,2017-12-14,2017,,19.0,,,0,0,N,0.0,0.0,0.0,,,,,,,,36.03971,-86.76279,False,Crashes_2010_2019_MPO
100924793,2015-08-17,2015,,94.0,,,0,0,N,0.0,0.0,0.0,,,,,,,,35.95785,-86.80256,False,Crashes_2010_2019_MPO
100328862,2013-05-14,2013,,94.0,,,0,0,N,0.0,0.0,0.0,,,,,,,,35.93324,-86.84055,False,Crashes_2010_2019_MPO
100393281,2013-10-18,2013,,94.0,,,0,0,N,0.0,0.0,0.0,,,,,,,,35.94592,-86.8724,False,Crashes_2010_2019_MPO
101010608,2015-11-16,2015,,19.0,,,0,0,N,0.0,0.0,0.0,,,,,,,,36.03977,-86.78129,False,Crashes_2010_2019_MPO
100131514,2011-12-26,2011,,94.0,,,0,0,N,0.0,0.0,0.0,,,,,,,,35.96674,-86.80992,True,Crashes_2010_2019_MPO
102353052,2019-04-07,2019,,19.0,,,0,0,N,0.0,0.0,0.0,,,,,,,,36.05303,-86.67672,False,Crashes_2010_2019_MPO
100568238,2014-07-02,2014,,94.0,,,0,0,N,0.0,0.0,0.0,,,,,,,,35.92322,-86.87308,False,Crashes_2010_2019_MPO
100386386,2013-10-02,2013,,94.0,,,0,0,N,0.0,0.0,0.0,,,,,,,,35.99644,-86.788,True,Crashes_2010_2019_MPO
101065425,2015-12-22,2015,,94.0,,,0,0,N,0.0,0.0,0.0,,,,,,,,35.99734,-86.79486,True,Crashes_2010_2019_MPO
101556976,2017-02-17,2017,,19.0,,,0,0,N,0.0,0.0,0.0,,,,,,,,36.03246,-86.71279,False,Crashes_2010_2019_MPO
100487043,2014-04-15,2014,,94.0,,,0,0,N,0.0,0.0,0.0,,,,,,,,35.94563,-86.80627,False,Crashes_2010_2019_MPO
102180400,2018-10-17,2018,,94.0,,,0,0,N,0.0,0.0,0.0,,,,,,,,36.01192,-86.84567,False,Crashes_2010_2019_MPO
100883609,2015-07-09,2015,,94.0,,,0,0,N,0.0,0.0,0.0,,,,,,,,35.98841,-86.73995,True,Crashes_2010_2019_MPO
100967145,2015-09-25,2015,,94.0,,,0,0,N,0.0,0.0,0.0,,,,,,,,35.934,-86.77882,False,Crashes_2010_2019_MPO
100795474,2015-03-21,2015,,19.0,,,0,0,N,0.0,0.0,0.0,,,,,,,,36.00074,-86.69492,False,Crashes_2010_2019_MPO
102553367,2019-10-30,2019,,94.0,,,0,0,N,0.0,0.0,0.0,,,,,,,,36.02652,-86.79251,True,Crashes_2010_2019_MPO
101178732,2016-04-21,2016,,19.0,,,0,0,N,0.0,0.0,0.0,,,,,,,,36.04112,-86.78253,False,Crashes_2010_2019_MPO
101062868,2015-12-19,2015,,94.0,,,0,0,N,0.0,0.0,0.0,,,,,,,,35.95217,-86.81643,False,Crashes_2010_2019_MPO
101285207,2016-07-13,2016,,94.0,,,0,0,Y,0.0,0.0,1.0,,,,,,,,35.97573,-86.80453,True,Crashes_2010_2019_MPO
101756693,2017-09-08,2017,,94.0,,,0,0,N,0.0,0.0,0.0,,,,,,,,35.96949,-86.80669,True,Crashes_2010_2019_MPO
101694371,2017-07-06,2017,,19.0,,,0,0,N,0.0,0.0,0.0,,,,,,,,36.02419,-86.7424,False,Crashes_2010_2019_MPO
101595378,2017-03-27,2017,,19.0,,,0,0,Y,0.0,0.0,1.0,,,,,,,,36.04749,-86.71352,False,Crashes_2010_2019_MPO
100661653,2014-10-29,2014,,94.0,,,0,0,N,0.0,0.0,0.0,,,,,,,,36.02559,-86.79303,True,Crashes_2010_2019_MPO
102153910,2018-09-22,2018,,94.0,,,0,0,N,0.0,0.0,0.0,,,,,,,,35.96705,-86.81355,True,Crashes_2010_2019_MPO
100717863,2015-01-05,2015,,94.0,,,0,0,N,0.0,0.0,0.0,,,,,,,,35.93233,-86.86258,False,Crashes_2010_2019_MPO
101399932,2016-10-08,2016,,19.0,,,0,0,N,0.0,0.0,0.0,,,,,,,,36.02587,-86.85272,False,Crashes_2010_2019_MPO
101780333,2017-10-03,2017,,94.0,,,0,0,N,0.0,0.0,0.0,,,,,,,,35.9552,-86.80393,False,Crashes_2010_2019_MPO
100432365,2014-01-18,2014,,94.0,,,0,0,N,0.0,0.0,0.0,,,,,,,,35.96695,-86.82545,False,Crashes_2010_2019_MPO
102501697,2019-09-06,2019,,19.0,,,0,0,N,0.0,0.0,0.0,,,,,,,,36.01538,-86.70566,False,Crashes_2010_2019_MPO
101863875,2017-12-19,2017,,19.0,,,0,0,N,0.0,0.0,0.0,,,,,,,,36.0484,-86.74363,False,Crashes_2010_2019_MPO
102463400,2019-07-31,2019,,19.0,,,0,0,N,0.0,0.0,0.0,,,,,,,,36.04687,-86.67952,False,Crashes_2010_2019_MPO
100924101,2015-08-16,2015,,94.0,,,0,0,N,0.0,0.0,0.0,,,,,,,,35.98573,-86.67992,False,Crashes_2010_2019_MPO
101350962,2016-09-01,2016,,94.0,,,0,0,N,0.0,0.0,0.0,,,,,,,,35.94307,-86.82063,False,Crashes_2010_2019_MPO
101233266,2016-05-27,2016,,94.0,,,0,0,N,0.0,0.0,0.0,,,,,,,,35.95834,-86.80203,False,Crashes_2010_2019_MPO
101903540,2018-01-31,2018,,94.0,,,0,0,N,0.0,0.0,0.0,,,,,,,,35.9285,-86.76023,False,Crashes_2010_2019_MPO
100666572,2014-11-07,2014,,94.0,,,0,0,N,0.0,0.0,0.0,,,,,,,,35.93083,-86.86372,False,Crashes_2010_2019_MPO
102245744,2018-12-14,2018,,94.0,,,0,0,N,0.0,0.0,0.0,,,,,,,,35.99525,-86.70156,True,Crashes_2010_2019_MPO
102204083,2018-11-08,2018,,94.0,,,0,0,N,0.0,0.0,0.0,,,,,,,,36.03413,-86.80168,True,Crashes_2010_2019_MPO
100660169,2014-10-27,2014,,94.0,,,0,0,N,0.0,0.0,0.0,,,,,,,,35.94476,-86.82852,False,Crashes_2010_2019_MPO
101500791,2017-01-10,2017,,19.0,,,0,0,N,0.0,0.0,0.0,,,,,,,,36.03821,-86.8009,False,Crashes_2010_2019_MPO
101006686,2015-11-10,2015,,19.0,,,0,0,N,0.0,0.0,0.0,,,,,,,,36.04573,-86.7133,False,Crashes_2010_2019_MPO
100328738,2013-05-14,2013,,94.0,,,0,0,N,0.0,0.0,0.0,,,,,,,,35.99458,-86.76767,True,Crashes_2010_2019_MPO
101458179,2016-11-23,2016,,94.0,,,0,0,N,0.0,0.0,0.0,,,,,,,,35.99542,-86.79772,True,Crashes_2010_2019_MPO
100923867,2015-08-14,2015,,94.0,,,0,0,N,0.0,0.0,0.0,,,,,,,,35.95574,-86.84717,False,Crashes_2010_2019_MPO
101987929,2018-04-23,2018,,94.0,,,0,0,N,0.0,0.0,0.0,,,,,,,,35.94844,-86.80769,False,Crashes_2010_2019_MPO
100502916,2014-04-30,2014,,19.0,,,0,0,N,0.0,0.0,0.0,,,,,,,,36.03798,-86.79898,False,Crashes_2010_2019_MPO
101350823,2016-08-31,2016,,19.0,,,0,0,N,0.0,0.0,0.0,,,,,,,,36.04987,-86.70965,False,Crashes_2010_2019_MPO
101916624,2018-02-06,2018,,94.0,,,0,0,N,0.0,0.0,0.0,,,,,,,,35.94743,-86.82034,False,Crashes_2010_2019_MPO
102442491,2019-07-09,2019,,19.0,,,0,0,N,0.0,0.0,0.0,,,,,,,,36.04529,-86.70156,False,Crashes_2010_2019_MPO
101712523,2017-07-26,2017,,94.0,,,0,0,N,0.0,0.0,0.0,,,,,,,,35.97607,-86.8292,True,Crashes_2010_2019_MPO
102216934,2018-11-19,2018,,19.0,,,0,0,N,0.0,0.0,0.0,,,,,,,,36.03771,-86.79473,False,Crashes_2010_2019_MPO
100682672,2014-11-14,2014,,19.0,,,0,0,N,0.0,0.0,0.0,,,,,,,,36.02239,-86.70942,False,Crashes_2010_2019_MPO
100657419,2014-10-22,2014,,19.0,,,0,0,N,0.0,0.0,0.0,,,,,,,,36.03089,-86.74892,False,Crashes_2010_2019_MPO
100715587,2014-12-31,2014,,94.0,,,0,0,N,0.0,0.0,0.0,,,,,,,,35.94428,-86.81993,False,Crashes_2010_2019_MPO
100640605,2014-10-09,2014,,94.0,,,0,0,N,0.0,0.0,0.0,,,,,,,,35.99524,-86.77886,True,Crashes_2010_2019_MPO
100212037,2012-08-06,2012,,94.0,,,0,0,N,0.0,0.0,0.0,,,,,,,,35.9667,-86.81117,True,Crashes_2010_2019_MPO
100835081,2015-05-16,2015,,94.0,,,0,0,N,0.0,0.0,0.0,,,,,,,,36.03521,-86.79129,True,Crashes_2010_2019_MPO
101461632,2016-11-27,2016,,94.0,,,0,0,N,0.0,0.0,0.0,,,,,,,,35.97728,-86.84042,False,Crashes_2010_2019_MPO
102411550,2019-06-06,2019,,94.0,,,0,0,N,0.0,0.0,0.0,,,,,,,,35.92641,-86.82453,False,Crashes_2010_2019_MPO
100392415,2013-10-15,2013,,19.0,,,0,0,N,0.0,0.0,0.0,,,,,,,,36.03719,-86.78817,False,Crashes_2010_2019_MPO
102526302,2019-10-01,2019,,94.0,,,0,0,N,0.0,0.0,0.0,,,,,,,,35.99645,-86.78812,True,Crashes_2010_2019_MPO
101469348,2016-12-06,2016,,94.0,,,0,0,N,0.0,0.0,0.0,,,,,,,,35.99096,-86.75162,True,Crashes_2010_2019_MPO
100377164,2013-09-03,2013,,94.0,,,0,0,N,0.0,0.0,0.0,,,,,,,,35.94727,-86.82136,False,Crashes_2010_2019_MPO
102351363,2019-04-05,2019,,19.0,,,0,0,N,0.0,0.0,0.0,,,,,,,,36.0389,-86.67744,False,Crashes_2010_2019_MPO
100797447,2015-03-25,2015,,94.0,,,0,0,N,0.0,0.0,0.0,,,,,,,,35.97611,-86.82906,True,Crashes_2010_2019_MPO
100405827,2013-11-16,2013,,94.0,,,0,0,N,0.0,0.0,0.0,,,,,,,,36.005,-86.78998,True,Crashes_2010_2019_MPO
101284855,2016-07-13,2016,,94.0,,,0,0,N,0.0,0.0,0.0,,,,,,,,35.93285,-86.87739,False,Crashes_2010_2019_MPO
101482790,2016-12-20,2016,,94.0,,,0,0,N,0.0,0.0,0.0,,,,,,,,36.00984,-86.84524,False,Crashes_2010_2019_MPO
101548466,2017-02-08,2017,,19.0,,,0,0,N,0.0,0.0,0.0,,,,,,,,36.03944,-86.78558,False,Crashes_2010_2019_MPO
100861874,2015-06-16,2015,,94.0,,,0,0,N,0.0,0.0,0.0,,,,,,,,35.9346,-86.82002,False,Crashes_2010_2019_MPO
102475750,2019-08-09,2019,,19.0,,,0,0,N,0.0,0.0,0.0,,,,,,,,35.99806,-86.69154,False,Crashes_2010_2019_MPO