mstrrecnbr,collision_ts,year,county,countystat,crash,crash_type,fatalities,non_motorists,commercial,fatal_c,nonmotor_c,truck_c,fatalc,serious_injuries,ped,bike,lighting,weather,first_harmful_event,latitude,longitude,in_city,src_layer
101268314,2016-06-18,2016,,94.0,,,0,0,N,0.0,0.0,0.0,,,,,,,,35.94675,-86.85178,False,Crashes_2010_2019_MPO
101819602,2017-11-09,2017,,19.0,,,0,0,N,0.0,0.0,0.0,,,,,,,,36.0374,-86.78657,False,Crashes_2010_2019_MPO
101037960,2015-11-28,2015,,19.0,,,0,0,N,0.0,0.0,0.0,,,,,,,,36.03227,-86.75786,False,Crashes_2010_2019_MPO
102544285,2019-10-21,2019,,19.0,,,0,0,N,0.0,0.0,0.0,,,,,,,,36.03983,-86.74097,False,Crashes_2010_2019_MPO
101426259,2016-10-29,2016,,19.0,,,0,0,N,0.0,0.0,0.0,,,,,,,,36.03971,-86.78141,False,Crashes_2010_2019_MPO
100925754,2015-08-19,2015,,19.0,,,0,0,N,0.0,0.0,0.0,,,,,,,,36.038,-86.78449,False,Crashes_2010_2019_MPO
102356638,2019-04-10,2019,,19.0,,,0,0,N,0.0,0.0,0.0,,,,,,,,36.03799,-86.78643,False,Crashes_2010_2019_MPO
101208187,2016-05-19,2016,,94.0,,,0,0,N,0.0,0.0,0.0,,,,,,,,35.98997,-86.74463,True,Crashes_2010_2019_MPO
100172573,2012-04-24,2012,,19.0,,,0,0,N,0.0,0.0,0.0,,,,,,,,36.033218,-86.785316,True,Crashes_2010_2019_MPO
101506666,2017-01-16,2017,,94.0,,,0,0,N,0.0,0.0,0.0,,,,,,,,35.92709,-86.72053,False,Crashes_2010_2019_MPO
100754262,2015-02-27,2015,,94.0,,,0,0,N,0.0,0.0,0.0,,,,,,,,36.01395,-86.71936,False,Crashes_2010_2019_MPO
102265360,2019-01-03,2019,,19.0,,,0,0,N,0.0,0.0,0.0,,,,,,,,36.04562,-86.7199,False,Crashes_2010_2019_MPO
100634139,2014-09-26,2014,,94.0,,,0,0,N,0.0,0.0,0.0,,,,,,,,36.03096,-86.78354,True,Crashes_2010_2019_MPO
101475479,2016-12-13,2016,,19.0,,,0,0,Y,0.0,0.0,1.0,,,,,,,,36.01927,-86.70925,False,Crashes_2010_2019_MPO
101358979,2016-09-11,2016,,94.0,,,0,0,N,0.0,0.0,0.0,,,,,,,,35.92957,-86.84187,False,Crashes_2010_2019_MPO
102195247,2018-10-30,2018,,94.0,,,0,0,N,0.0,0.0,0.0,,,,,,,,35.94787,-86.81866,False,Crashes_2010_2019_MPO
101774586,2017-09-28,2017,,19.0,,,0,0,N,0.0,0.0,0.0,,,,,,,,36.03761,-86.78512,False,Crashes_2010_2019_MPO
101329723,2016-08-17,2016,,94.0,,,0,0,N,0.0,0.0,0.0,,,,,,,,35.97704,-86.82506,True,Crashes_2010_2019_MPO
101580645,2017-03-11,2017,,19.0,,,0,0,N,0.0,0.0,0.0,,,,,,,,36.05049,-86.87668,False,Crashes_2010_2019_MPO
101362962,2016-09-16,2016,,94.0,,,0,0,N,0.0,0.0,0.0,,,,,,,,35.95752,-86.7676,True,Crashes_2010_2019_MPO
100831381,2015-05-09,2015,,19.0,,,0,0,N,0.0,0.0,0.0,,,,,,,,36.04671,-86.7093,False,Crashes_2010_2019_MPO
101067368,2015-12-27,2015,,94.0,,,0,0,N,0.0,0.0,0.0,,,,,,,,36.00987,-86.74136,True,Crashes_2010_2019_MPO
101436517,2016-11-10,2016,,94.0,,,0,0,N,0.0,0.0,0.0,,,,,,,,36.01416,-86.78556,True,Crashes_2010_2019_MPO
100361685,2013-08-02,2013,,94.0,,,0,0,N,0.0,0.0,0.0,,,,,,,,35.9667,-86.81117,True,Crashes_2010_2019_MPO
102493817,2019-08-30,2019,,19.0,,,0,0,N,0.0,0.0,0.0,,,,,,,,36.03747,-86.79098,False,Crashes_2010_2019_MPO
102120881,2018-08-24,2018,,94.0,,,0,0,N,0.0,0.0,0.0,,,,,,,,35.93549,-86.82393,False,Crashes_2010_2019_MPO
102508313,2019-09-13,2019,,94.0,,,0,0,N,0.0,0.0,0.0,,,,,,,,35.96666,-86.80917,True,Crashes_2010_2019_MPO
102253617,2018-12-18,2018,,94.0,,,0,0,N,0.0,0.0,0.0,,,,,,,,35.95212,-86.81784,False,Crashes_2010_2019_MPO
101327227,2016-08-14,2016,,19.0,,,0,0,N,0.0,0.0,0.0,,,,,,,,36.04082,-86.77952,False,Crashes_2010_2019_MPO
101811565,2017-10-29,2017,,94.0,,,0,0,N,0.0,0.0,0.0,,,,,,,,35.92796,-86.74609,False,Crashes_2010_2019_MPO
101299626,2016-07-20,2016,,19.0,,,0,0,N,0.0,0.0,0.0,,,,,,,,36.04012,-86.78074,False,Crashes_2010_2019_MPO
102104158,2018-08-09,2018,,94.0,,,0,0,N,0.0,0.0,0.0,,,,,,,,35.93586,-86.81813,False,Crashes_2010_2019_MPO
101061035,2015-12-16,2015,,94.0,,,0,0,N,0.0,0.0,0.0,,,,,,,,35.92949,-86.85959,False,Crashes_2010_2019_MPO
102335748,2019-03-19,2019,,94.0,,,0,0,N,0.0,0.0,0.0,,,,,,,,35.95078,-86.80647,False,Crashes_2010_2019_MPO
100773478,2015-03-17,2015,,94.0,,,0,0,N,0.0,0.0,0.0,,,,,,,,35.96606,-86.80731,True,Crashes_2010_2019_MPO
102467028,2019-08-02,2019,,19.0,,,0,0,N,0.0,0.0,0.0,,,,,,,,36.03551,-86.78748,True,Crashes_2010_2019_MPO
100591736,2014-08-05,2014,,94.0,,,0,0,N,0.0,0.0,0.0,,,,,,,,36.03447,-86.79266,True,Crashes_2010_2019_MPO
101043637,2015-12-05,2015,,94.0,,,0,0,N,0.0,0.0,0.0,,,,,,,,35.94683,-86.85172,False,Crashes_2010_2019_MPO
101009299,2015-11-14,2015,,19.0,,,0,0,N,0.0,0.0,0.0,,,,,,,,36.03517,-86.76871,False,Crashes_2010_2019_MPO
100415197,2013-12-05,2013,,94.0,,,0,0,N,0.0,0.0,0.0,,,,,,,,35.94471,-86.81973,False,Crashes_2010_2019_MPO
101400363,2016-10-09,2016,,94.0,,,0,0,N,0.0,0.0,0.0,,,,,,,,35.95053,-86.81883,False,Crashes_2010_2019_MPO
102198653,2018-11-02,2018,,94.0,,,0,0,N,0.0,0.0,0.0,,,,,,,,36.03158,-86.7897,True,Crashes_2010_2019_MPO
102142738,2018-09-12,2018,,19.0,,,0,0,N,0.0,0.0,0.0,,,,,,,,36.04114,-86.77621,False,Crashes_2010_2019_MPO
101007161,2015-11-10,2015,,19.0,,,0,0,N,0.0,0.0,0.0,,,,,,,,35.99687,-86.68989,False,Crashes_2010_2019_MPO
101190668,2016-05-09,2016,,94.0,,,0,0,N,0.0,0.0,0.0,,,,,,,,36.01727,-86.74635,True,Crashes_2010_2019_MPO
102288330,2019-01-26,2019,,94.0,,,0,0,N,0.0,0.0,0.0,,,,,,,,35.96705,-86.81355,True,Crashes_2010_2019_MPO
101230900,2016-05-23,2016,,19.0,,,0,0,N,0.0,0.0,0.0,,,,,,,,36.04744,-86.71351,False,Crashes_2010_2019_MPO
101847339,2017-11-29,2017,,94.0,,,0,0,N,0.0,0.0,0.0,,,,,,,,35.92252,-86.87182,False,Crashes_2010_2019_MPO
102209061,2018-11-12,2018,,19.0,,,0,0,N,0.0,0.0,0.0,,,,,,,,36.04537,-86.71326,False,Crashes_2010_2019_MPO
100401944,2013-11-07,2013,,94.0,,,0,0,N,0.0,0.0,0.0,,,,,,,,35.95859,-86.80414,False,Crashes_2010_2019_MPO
101597243,2017-03-28,2017,,94.0,,,0,0,N,0.0,0.0,0.0,,,,,,,,35.97182,-86.82584,True,Crashes_2010_2019_MPO
101949530,2018-03-18,2018,,94.0,,,0,0,N,0.0,0.0,0.0,,,,,,,,36.02094,-86.78735,True,Crashes_2010_2019_MPO
100874262,2015-06-21,2015,,19.0,,,0,0,N,0.0,0.0,0.0,,,,,,,,36.02754,-86.71272,False,Crashes_2010_2019_MPO
101867210,2017-12-17,2017,,94.0,,,0,0,N,0.0,0.0,0.0,,,,,,,,35.99935,-86.79597,True,Crashes_2010_2019_MPO
101194067,2016-05-13,2016,,94.0,,,0,1,N,0.0,1.0,0.0,,,,,,,,35.98439,-86.72434,True,Crashes_2010_2019_MPO
100499089,2014-04-21,2014,,94.0,,,0,0,N,0.0,0.0,0.0,,,,,,,,35.95257,-86.6841,False,Crashes_2010_2019_MPO
100983283,2015-10-21,2015,,19.0,,,0,0,N,0.0,0.0,0.0,,,,,,,,36.03786,-86.71311,False,Crashes_2010_2019_MPO
101126966,2016-03-03,2016,,94.0,,,0,0,N,0.0,0.0,0.0,,,,,,,,35.96498,-86.7285,True,Crashes_2010_2019_MPO
102593452,2019-12-09,2019,,94.0,,,0,0,N,0.0,0.0,0.0,,,,,,,,35.95279,-86.87569,False,Crashes_2010_2019_MPO
102369433,2019-04-23,2019,,94.0,,,0,0,N,0.0,0.0,0.0,,,,,,,,35.92615,-86.86693,False,Crashes_2010_2019_MPO
101986902,2018-04-23,2018,,94.0,,,0,0,N,0.0,0.0,0.0,,,,,,,,35.997521,-86.794589,True,Crashes_2010_2019_MPO
100875696,2015-06-24,2015,,94.0,,,0,0,N,0.0,0.0,0.0,,,,,,,,35.94687,-86.82178,False,Crashes_2010_2019_MPO
102397684,2019-05-22,2019,,94.0,,,0,0,N,0.0,0.0,0.0,,,,,,,,35.93793,-86.81765,False,Crashes_2010_2019_MPO
101786825,2017-10-08,2017,,94.0,,,0,0,N,0.0,0.0,0.0,,,,,,,,36.03175,-86.78961,True,Crashes_2010_2019_MPO
100697051,2014-11-26,2014,,19.0,,,0,0,N,0.0,0.0,0.0,,,,,,,,35.99617,-86.68892,False,Crashes_2010_2019_MPO
101178832,2016-04-21,2016,,94.0,,,0,0,N,0.0,0.0,0.0,,,,,,,,35.97102,-86.67835,False,Crashes_2010_2019_MPO
102493629,2019-08-30,2019,,94.0,,,0,0,N,0.0,0.0,0.0,,,,,,,,35.93123,-86.824,False,Crashes_2010_2019_MPO
100876893,2015-06-26,2015,,94.0,,,0,0,N,0.0,0.0,0.0,,,,,,,,36.01756,-86.78654,True,Crashes_2010_2019_MPO
101425498,2016-10-28,2016,,19.0,,,0,0,N,0.0,0.0,0.0,,,,,,,,36.04545,-86.70402,False,Crashes_2010_2019_MPO
102599926,2019-12-17,2019,,94.0,,,0,0,N,0.0,0.0,0.0,,,,,,,,35.96628,-86.81989,True,Crashes_2010_2019_MPO
101583991,2017-03-15,2017,,94.0,,,0,0,N,0.0,0.0,0.0,,,,,,,,35.9407,-86.8343,False,Crashes_2010_2019_MPO
101388455,2016-09-24,2016,,94.0,,,0,0,N,0.0,0.0,0.0,,,,,,,,35.9584,-86.80226,False,Crashes_2010_2019_MPO
100861572,2015-06-16,2015,,19.0,,,0,0,N,0.0,0.0,0.0,,,,,,,,36.05278,-86.68251,False,Crashes_2010_2019_MPO
100722005,2015-01-14,2015,,94.0,,,0,0,N,0.0,0.0,0.0,,,,,,,,36.03106,-86.79,True,Crashes_2010_2019_MPO
102149128,2018-09-18,2018,,19.0,,,0,0,N,0.0,0.0,0.0,,,,,,,,36.04108,-86.76824,False,Crashes_2010_2019_MPO
100380949,2013-09-19,2013,,94.0,,,0,0,N,0.0,0.0,0.0,,,,,,,,35.96583,-86.81389,False,Crashes_2010_2019_MPO
101278877,2016-07-04,2016,,94.0,,,0,1,N,0.0,1.0,0.0,,,,,,,,35.96732,-86.79673,True,Crashes_2010_2019_MPO
102347942,2019-04-02,2019,,94.0,,,0,0,N,0.0,0.0,0.0,,,,,,,,35.98789,-86.73888,True,Crashes_2010_2019_MPO
101358699,2016-09-11,2016,,94.0,,,0,0,N,0.0,0.0,0.0,,,,,,,,35.96902,-86.67783,False,Crashes_2010_2019_MPO
101153991,2016-03-30,2016,,19.0,,,0,0,N,0.0,0.0,0.0,,,,,,,,36.04012,-86.78074,False,Crashes_2010_2019_MPO
101569578,2017-03-01,2017,,94.0,,,0,0,N,0.0,0.0,0.0,,,,,,,,35.96716,-86.81351,True,Crashes_2010_2019_MPO
100975273,2015-10-07,2015,,94.0,,,0,0,N,0.0,0.0,0.0,,,,,,,,35.96681,-86.81119,True,Crashes_2010_2019_MPO
101323559,2016-08-09,2016,,19.0,,,0,0,N,0.0,0.0,0.0,,,,,,,,36.03747,-86.78608,False,Crashes_2010_2019_MPO
101186133,2016-05-02,2016,,19.0,,,0,0,N,0.0,0.0,0.0,,,,,,,,36.04128,-86.82199,False,Crashes_2010_2019_MPO
101128259,2016-03-05,2016,,19.0,,,0,0,N,0.0,0.0,0.0,,,,,,,,36.01014,-86.70205,False,Crashes_2010_2019_MPO
100411143,2013-11-26,2013,,94.0,,,0,0,N,0.0,0.0,0.0,,,,,,,,35.94911,-86.74334,True,Crashes_2010_2019_MPO
102430338,2019-06-27,2019,,19.0,,,0,0,N,0.0,0.0,0.0,,,,,,,,36.01923,-86.72852,False,Crashes_2010_2019_MPO
100937446,2015-08-21,2015,,94.0,,,0,0,N,0.0,0.0,0.0,,,,,,,,35.95889,-86.81548,False,Crashes_2010_2019_MPO
101323116,2016-08-08,2016,,94.0,,,0,0,N,0.0,0.0,0.0,,,,,,,,35.939,-86.87929,False,Crashes_2010_2019_MPO
100417002,2013-12-10,2013,,94.0,,,0,0,N,0.0,0.0,0.0,,,,,,,,35.92931,-86.81598,False,Crashes_2010_2019_MPO
101431273,2016-11-04,2016,,19.0,,,0,0,N,0.0,0.0,0.0,,,,,,,,36.05151,-86.71436,False,Crashes_2010_2019_MPO
101077141,2016-01-14,2016,,19.0,,,0,0,N,0.0,0.0,0.0,,,,,,,,36.05158,-86.71402,False,Crashes_2010_2019_MPO
102174249,2018-10-11,2018,,94.0,,,0,0,N,0.0,0.0,0.0,,,,,,,,35.99307,-86.75798,True,Crashes_2010_2019_MPO
101988111,2018-04-24,2018,,94.0,,,0,0,N,0.0,0.0,0.0,,,,,,,,35.96645,-86.80749,True,Crashes_2010_2019_MPO
101355600,2016-09-02,2016,,94.0,,,0,0,N,0.0,0.0,0.0,,,,,,,,35.97111,-86.80589,True,Crashes_2010_2019_MPO
101845172,2017-11-30,2017,,94.0,,,0,0,N,0.0,0.0,0.0,,,,,,,,35.99265,-86.79844,True,Crashes_2010_2019_MPO
100400315,2013-11-02,2013,,94.0,,,0,0,N,0.0,0.0,0.0,,,,,,,,35.924,-86.86987,False,Crashes_2010_2019_MPO
101035086,2015-11-23,2015,,94.0,,,0,0,N,0.0,0.0,0.0,,,,,,,,35.96666,-86.80918,True,Crashes_2010_2019_MPO
100853733,2015-06-01,2015,,19.0,,,0,0,N,0.0,0.0,0.0,,,,,,,,36.04897,-86.71631,False,Crashes_2010_2019_MPO
100805653,2015-04-10,2015,,94.0,,,0,0,N,0.0,0.0,0.0,,,,,,,,35.96518,-86.80021,True,Crashes_2010_2019_MPO
100205587,2012-07-18,2012,,94.0,,,0,0,N,0.0,0.0,0.0,,,,,,,,35.97341,-86.80533,True,Crashes_2010_2019_MPO
100323318,2013-04-30,2013,,94.0,,,0,0,N,0.0,0.0,0.0,,,,,,,,35.92391,-86.87162,False,Crashes_2010_2019_MPO
101097868,2016-02-01,2016,,94.0,,,0,0,Y,0.0,0.0,1.0,,,,,,,,35.92913,-86.82047,False,Crashes_2010_2019_MPO
100732413,2015-02-04,2015,,94.0,,,0,0,N,0.0,0.0,0.0,,,,,,,,35.97107,-86.67836,False,Crashes_2010_2019_MPO
102376399,2019-04-30,2019,,19.0,,,0,0,N,0.0,0.0,0.0,,,,,,,,36.0317,-86.74385,False,Crashes_2010_2019_MPO
100361346,2013-08-01,2013,,94.0,,,0,0,N,0.0,0.0,0.0,,,,,,,,35.96708,-86.81356,True,Crashes_2010_2019_MPO
102389543,2019-05-14,2019,,19.0,,,0,0,N,0.0,0.0,0.0,,,,,,,,36.01051,-86.68737,False,Crashes_2010_2019_MPO
101860513,2017-12-15,2017,,94.0,,,0,0,N,0.0,0.0,0.0,,,,,,,,36.01405,-86.80685,True,Crashes_2010_2019_MPO
101050482,2015-12-15,2015,,94.0,,,0,0,N,0.0,0.0,0.0,,,,,,,,36.01975,-86.77562,True,Crashes_2010_2019_MPO
102351386,2019-04-05,2019,,19.0,,,0,0,N,0.0,0.0,0.0,,,,,,,,36.04114,-86.77621,False,Crashes_2010_2019_MPO
101887369,2018-01-15,2018,,19.0,,,0,0,N,0.0,0.0,0.0,,,,,,,,36.0346,-86.69438,False,Crashes_2010_2019_MPO
101600876,2017-03-31,2017,,94.0,,,0,0,N,0.0,0.0,0.0,,,,,,,,35.96716,-86.81351,True,Crashes_2010_2019_MPO
101091679,2016-01-21,2016,,94.0,,,0,0,N,0.0,0.0,0.0,,,,,,,,35.93605,-86.82368,False,Crashes_2010_2019_MPO
100404108,2013-11-12,2013,,94.0,,,0,0,N,0.0,0.0,0.0,,,,,,,,35.96255,-86.80885,False,Crashes_2010_2019_MPO
100635719,2014-09-29,2014,,94.0,,,0,0,N,0.0,0.0,0.0,,,,,,,,35.925,-86.86895,False,Crashes_2010_2019_MPO
101787151,2017-10-10,2017,,94.0,,,0,0,N,0.0,0.0,0.0,,,,,,,,35.97682,-86.82586,True,Crashes_2010_2019_MPO
102447569,2019-07-14,2019,,94.0,,,0,0,N,0.0,0.0,0.0,,,,,,,,35.96198,-86.81518,False,Crashes_2010_2019_MPO
100820851,2015-04-19,2015,,19.0,,,0,0,N,0.0,0.0,0.0,,,,,,,,36.04179,-86.74388,False,Crashes_2010_2019_MPO
101566105,2017-02-25,2017,,94.0,,,0,0,N,0.0,0.0,0.0,,,,,,,,35.95721,-86.84339,False,Crashes_2010_2019_MPO
101042370,2015-12-04,2015,,19.0,,,0,0,N,0.0,0.0,0.0,,,,,,,,36.03105,-86.70123,False,Crashes_2010_2019_MPO
102164593,2018-10-02,2018,,94.0,,,0,0,N,0.0,0.0,0.0,,,,,,,,35.96705,-86.81355,True,Crashes_2010_2019_MPO
100710055,2014-12-20,2014,,19.0,,,0,0,N,0.0,0.0,0.0,,,,,,,,36.04029,-86.76833,False,Crashes_2010_2019_MPO
100702150,2014-12-05,2014,,19.0,,,0,0,N,0.0,0.0,0.0,,,,,,,,36.02051,-86.67703,False,Crashes_2010_2019_MPO
101924704,2018-02-23,2018,,19.0,,,0,0,N,0.0,0.0,0.0,,,,,,,,36.04069,-86.772,False,Crashes_2010_2019_MPO
101162966,2016-04-11,2016,,19.0,,,0,0,N,0.0,0.0,0.0,,,,,,,,36.04561,-86.71977,False,Crashes_2010_2019_MPO
100383817,2013-09-24,2013,,94.0,,,0,0,N,0.0,0.0,0.0,,,,,,,,35.96075,-86.80937,False,Crashes_2010_2019_MPO
102043216,2018-06-14,2018,,19.0,,,0,0,N,0.0,0.0,0.0,,,,,,,,36.04236,-86.83738,False,Crashes_2010_2019_MPO
100374881,2013-09-03,2013,,94.0,,,0,0,N,0.0,0.0,0.0,,,,,,,,35.93384,-86.87778,False,Crashes_2010_2019_MPO
100586414,2014-07-22,2014,,94.0,,,0,0,N,0.0,0.0,0.0,,,,,,,,35.96165,-86.81222,False,Crashes_2010_2019_MPO
102028725,2018-05-31,2018,,94.0,,,0,0,N,0.0,0.0,0.0,,,,,,,,36.04081,-86.86838,True,Crashes_2010_2019_MPO
102575409,2019-11-21,2019,,19.0,,,0,0,N,0.0,0.0,0.0,,,,,,,,36.03775,-86.78649,False,Crashes_2010_2019_MPO
101538404,2017-01-29,2017,,19.0,,,0,0,N,0.0,0.0,0.0,,,,,,,,36.03987,-86.75346,False,Crashes_2010_2019_MPO
102158436,2018-09-26,2018,,19.0,,,0,0,N,0.0,0.0,0.0,,,,,,,,36.04536,-86.74393,False,Crashes_2010_2019_MPO
101493088,2017-01-01,2017,,19.0,,,0,0,N,0.0,0.0,0.0,,,,,,,,36.04136,-86.78249,False,Crashes_2010_2019_MPO
101304090,2016-07-26,2016,,94.0,,,0,0,N,0.0,0.0,0.0,,,,,,,,35.96592,-86.80354,True,Crashes_2010_2019_MPO
101323501,2016-08-09,2016,,94.0,,,0,0,N,0.0,0.0,0.0,,,,,,,,35.9975,-86.79618,True,Crashes_2010_2019_MPO
101157731,2016-04-04,2016,,19.0,,,0,0,Y,0.0,0.0,1.0,,,,,,,,35.9912,-86.68348,False,Crashes_2010_2019_MPO
100344790,2013-06-21,2013,,94.0,,,0,0,N,0.0,0.0,0.0,,,,,,,,35.96192,-86.81483,False,Crashes_2010_2019_MPO
100354785,2013-07-11,2013,,94.0,,,0,0,N,0.0,0.0,0.0,,,,,,,,35.94797,-86.81914,False,Crashes_2010_2019_MPO
100403932,2013-11-12,2013,,94.0,,,0,0,N,0.0,0.0,0.0,,,,,,,,35.96182,-86.81436,False,Crashes_2010_2019_MPO
100949319,2015-09-12,2015,,19.0,,,0,0,N,0.0,0.0,0.0,,,,,,,,36.03633,-86.78576,False,Crashes_2010_2019_MPO
102539044,2019-10-16,2019,,19.0,,,0,0,N,0.0,0.0,0.0,,,,,,,,36.05088,-86.69822,False,Crashes_2010_2019_MPO
101153362,2016-03-29,2016,,94.0,,,0,0,N,0.0,0.0,0.0,,,,,,,,36.01568,-86.84598,True,Crashes_2010_2019_MPO
101748441,2017-09-01,2017,,19.0,,,0,0,N,0.0,0.0,0.0,,,,,,,,36.01239,-86.70361,False,Crashes_2010_2019_MPO
101505397,2017-01-14,2017,,94.0,,,0,0,N,0.0,0.0,0.0,,,,,,,,35.96359,-86.81953,True,Crashes_2010_2019_MPO
100854092,2015-06-01,2015,,94.0,,,0,0,N,0.0,0.0,0.0,,,,,,,,35.97778,-86.80358,True,Crashes_2010_2019_MPO
102072357,2018-07-12,2018,,19.0,,,0,0,N,0.0,0.0,0.0,,,,,,,,36.03934,-86.78566,False,Crashes_2010_2019_MPO
101095274,2016-01-28,2016,,94.0,,,0,0,N,0.0,0.0,0.0,,,,,,,,35.94848,-86.81973,False,Crashes_2010_2019_MPO
101072891,2016-01-06,2016,,94.0,,,0,0,N,0.0,0.0,0.0,,,,,,,,35.99781,-86.79886,True,Crashes_2010_2019_MPO
101062926,2015-12-19,2015,,94.0,,,0,0,N,0.0,0.0,0.0,,,,,,,,35.99784,-86.79915,True,Crashes_2010_2019_MPO
101722646,2017-08-02,2017,,94.0,,,0,0,N,0.0,0.0,0.0,,,,,,,,36.02717,-86.78382,True,Crashes_2010_2019_MPO
102017106,2018-05-20,2018,,94.0,,,0,0,N,0.0,0.0,0.0,,,,,,,,35.95842,-86.80311,False,Crashes_2010_2019_MPO
101134619,2016-03-15,2016,,94.0,,,0,0,N,0.0,0.0,0.0,,,,,,,,35.932,-86.84231,False,Crashes_2010_2019_MPO
101957093,2018-03-23,2018,,94.0,,,0,0,N,0.0,0.0,0.0,,,,,,,,35.97994,-86.84237,False,Crashes_2010_2019_MPO
102388601,2019-05-13,2019,,94.0,,,0,0,N,0.0,0.0,0.0,,,,,,,,35.95334,-86.8123,False,Crashes_2010_2019_MPO
102361838,2019-04-15,2019,,94.0,,,0,0,N,0.0,0.0,0.0,,,,,,,,36.03133,-86.83263,True,Crashes_2010_2019_MPO
100855515,2015-06-04,2015,,19.0,,,0,0,N,0.0,0.0,0.0,,,,,,,,36.04008,-86.76643,False,Crashes_2010_2019_MPO
100591692,2014-08-05,2014,,94.0,,,0,0,N,0.0,0.0,0.0,,,,,,,,36.00105,-86.70284,True,Crashes_2010_2019_MPO
101427567,2016-10-31,2016,,94.0,,,0,0,N,0.0,0.0,0.0,,,,,,,,35.92371,-86.76684,False,Crashes_2010_2019_MPO
102568537,2019-11-14,2019,,94.0,,,0,0,N,0.0,0.0,0.0,,,,,,,,35.94055,-86.83919,False,Crashes_2010_2019_MPO
100662500,2014-10-31,2014,,94.0,,,0,1,N,0.0,1.0,0.0,,,,,,,,36.03149,-86.81765,True,Crashes_2010_2019_MPO
101731159,2017-08-15,2017,,94.0,,,0,0,N,0.0,0.0,0.0,,,,,,,,36.01726,-86.74124,False,Crashes_2010_2019_MPO
100950872,2015-09-15,2015,,19.0,,,0,0,N,0.0,0.0,0.0,,,,,,,,36.0443,-86.78086,False,Crashes_2010_2019_MPO
101935678,2018-03-06,2018,,94.0,,,0,0,N,0.0,0.0,0.0,,,,,,,,35.99273,-86.75713,True,Crashes_2010_2019_MPO
101811522,2017-11-01,2017,,94.0,,,0,0,N,0.0,0.0,0.0,,,,,,,,36.01286,-86.80081,True,Crashes_2010_2019_MPO
101105131,2016-02-13,2016,,19.0,,,0,0,N,0.0,0.0,0.0,,,,,,,,36.04546,-86.71267,False,Crashes_2010_2019_MPO
101672467,2017-06-13,2017,,19.0,,,0,0,N,0.0,0.0,0.0,,,,,,,,36.03745,-86.7908,False,Crashes_2010_2019_MPO
101162308,2016-04-06,2016,,94.0,,,0,0,N,0.0,0.0,0.0,,,,,,,,35.92624,-86.72348,False,Crashes_2010_2019_MPO
100586346,2014-07-22,2014,,94.0,,,0,0,N,0.0,0.0,0.0,,,,,,,,35.92464,-86.8712,False,Crashes_2010_2019_MPO
101063500,2015-12-20,2015,,94.0,,,0,0,N,0.0,0.0,0.0,,,,,,,,35.96508,-86.80024,True,Crashes_2010_2019_MPO
102031130,2018-06-02,2018,,94.0,,,0,0,N,0.0,0.0,0.0,,,,,,,,35.96124,-86.81229,False,Crashes_2010_2019_MPO
102269633,2019-01-03,2019,,94.0,,,0,0,N,0.0,0.0,0.0,,,,,,,,35.98038,-86.87403,False,Crashes_2010_2019_MPO
102364683,2019-04-18,2019,,94.0,,,0,0,N,0.0,0.0,0.0,,,,,,,,35.92281,-86.86958,False,Crashes_2010_2019_MPO
102173884,2018-10-09,2018,,94.0,,,0,0,N,0.0,0.0,0.0,,,,,,,,35.93586,-86.81813,False,Crashes_2010_2019_MPO
102237247,2018-12-06,2018,,19.0,,,0,0,N,0.0,0.0,0.0,,,,,,,,36.03742,-86.78645,False,Crashes_2010_2019_MPO
101355083,2016-09-06,2016,,94.0,,,0,0,N,0.0,0.0,0.0,,,,,,,,35.93215,-86.79441,False,Crashes_2010_2019_MPO
101285739,2016-07-14,2016,,19.0,,,0,0,N,0.0,0.0,0.0,,,,,,,,36.04873,-86.76093,False,Crashes_2010_2019_MPO
101744357,2017-08-28,2017,,19.0,,,0,0,N,0.0,0.0,0.0,,,,,,,,36.05214,-86.69113,False,Crashes_2010_2019_MPO
101151968,2016-03-22,2016,,94.0,,,0,0,N,0.0,0.0,0.0,,,,,,,,35.96518,-86.80029,True,Crashes_2010_2019_MPO
101807024,2017-10-28,2017,,94.0,,,0,0,N,0.0,0.0,0.0,,,,,,,,35.9243,-86.86648,False,Crashes_2010_2019_MPO
101623032,2017-04-22,2017,,19.0,,,0,0,N,0.0,0.0,0.0,,,,,,,,36.04172,-86.78242,False,Crashes_2010_2019_MPO
101879130,2018-01-05,2018,,94.0,,,0,0,N,0.0,0.0,0.0,,,,,,,,36.032,-86.7832,True,Crashes_2010_2019_MPO
100504015,2014-05-03,2014,,94.0,,,0,0,N,0.0,0.0,0.0,,,,,,,,35.95036,-86.84888,False,Crashes_2010_2019_MPO
100924353,2015-08-17,2015,,94.0,,,0,0,N,0.0,0.0,0.0,,,,,,,,35.97323,-86.83244,True,Crashes_2010_2019_MPO
100616368,2014-09-08,2014,,94.0,,,0,0,N,0.0,0.0,0.0,,,,,,,,35.95259,-86.81795,False,Crashes_2010_2019_MPO
102422537,2019-06-18,2019,,94.0,,,0,0,N,0.0,0.0,0.0,,,,,,,,35.96742,-86.81558,True,Crashes_2010_2019_MPO
101531240,2017-01-21,2017,,94.0,,,0,0,N,0.0,0.0,0.0,,,,,,,,36.00106,-86.79403,True,Crashes_2010_2019_MPO
101148909,2016-03-22,2016,,94.0,,,0,0,N,0.0,0.0,0.0,,,,,,,,35.95724,-86.81662,False,Crashes_2010_2019_MPO
100550050,2014-06-12,2014,,94.0,,,0,0,N,0.0,0.0,0.0,,,,,,,,35.98958,-86.74243,True,Crashes_2010_2019_MPO
100704658,2014-12-10,2014,,94.0,,,0,0,N,0.0,0.0,0.0,,,,,,,,35.94531,-86.82307,False,Crashes_2010_2019_MPO
102395098,2019-05-20,2019,,94.0,,,0,0,N,0.0,0.0,0.0,,,,,,,,35.9505,-86.76617,True,Crashes_2010_2019_MPO