mstrrecnbr,collision_ts,year,county,countystat,crash,crash_type,fatalities,non_motorists,commercial,fatal_c,nonmotor_c,truck_c,fatalc,serious_injuries,ped,bike,lighting,weather,first_harmful_event,latitude,longitude,in_city,src_layer
102391828,2019-05-17,2019,,94.0,,,0,0,N,0.0,0.0,0.0,,,,,,,,35.96198,-86.81518,False,Crashes_2010_2019_MPO
101674689,2017-06-16,2017,,94.0,,,0,0,N,0.0,0.0,0.0,,,,,,,,35.96657,-86.80929,True,Crashes_2010_2019_MPO
100182414,2012-05-14,2012,,94.0,,,0,0,N,0.0,0.0,0.0,,,,,,,,35.93186,-86.81977,False,Crashes_2010_2019_MPO
102285575,2019-01-23,2019,,94.0,,,0,0,N,0.0,0.0,0.0,,,,,,,,36.03319,-86.7876,True,Crashes_2010_2019_MPO
101740337,2017-08-24,2017,,19.0,,,0,0,N,0.0,0.0,0.0,,,,,,,,36.0448,-86.71319,False,Crashes_2010_2019_MPO
101431563,2016-11-04,2016,,19.0,,,0,0,N,0.0,0.0,0.0,,,,,,,,36.03214,-86.76456,False,Crashes_2010_2019_MPO
102527139,2019-10-02,2019,,19.0,,,0,0,N,0.0,0.0,0.0,,,,,,,,36.03746,-86.78611,False,Crashes_2010_2019_MPO
101989928,2018-04-26,2018,,19.0,,,0,0,N,0.0,0.0,0.0,,,,,,,,36.03104,-86.69984,False,Crashes_2010_2019_MPO
100587380,2014-07-24,2014,,94.0,,,0,0,N,0.0,0.0,0.0,,,,,,,,35.94951,-86.81931,False,Crashes_2010_2019_MPO
100344464,2013-06-19,2013,,94.0,,,0,0,N,0.0,0.0,0.0,,,,,,,,35.92414,-86.87116,False,Crashes_2010_2019_MPO
10601086,2011-02-01,2011,,19.0,,,0,0, ,0.0,0.0,0.0,,,,,,,,36.0446,-86.70352,False,Crashes_2010_2019_MPO
102381315,2019-05-05,2019,,94.0,,,0,0,N,0.0,0.0,0.0,,,,,,,,35.96721,-86.69948,False,Crashes_2010_2019_MPO
102553843,2019-10-31,2019,,94.0,,,0,0,N,0.0,0.0,0.0,,,,,,,,35.93112,-86.81978,False,Crashes_2010_2019_MPO
100969613,2015-09-28,2015,,94.0,,,0,0,N,0.0,0.0,0.0,,,,,,,,35.9508,-86.74991,True,Crashes_2010_2019_MPO
101440533,2016-11-15,2016,,19.0,,,0,0,N,0.0,0.0,0.0,,,,,,,,36.0409,-86.77938,False,Crashes_2010_2019_MPO
101359409,2016-09-12,2016,,94.0,,,0,0,N,0.0,0.0,0.0,,,,,,,,35.92425,-86.86958,False,Crashes_2010_2019_MPO
102539398,2019-10-16,2019,,94.0,,,0,0,N,0.0,0.0,0.0,,,,,,,,35.94037,-86.83288,False,Crashes_2010_2019_MPO
102344615,2019-03-29,2019,,94.0,,,0,0,N,0.0,0.0,0.0,,,,,,,,36.00017,-86.70254,True,Crashes_2010_2019_MPO
100908033,2015-07-17,2015,,19.0,,,0,0,N,0.0,0.0,0.0,,,,,,,,36.04104,-86.71279,False,Crashes_2010_2019_MPO
101533329,2017-01-24,2017,,19.0,,,0,0,N,0.0,0.0,0.0,,,,,,,,36.04479,-86.72487,False,Crashes_2010_2019_MPO
102251449,2018-12-19,2018,,19.0,,,0,0,N,0.0,0.0,0.0,,,,,,,,36.04472,-86.72487,False,Crashes_2010_2019_MPO
101653661,2017-05-24,2017,,94.0,,,0,0,N,0.0,0.0,0.0,,,,,,,,35.92398,-86.81572,False,Crashes_2010_2019_MPO
102002922,2018-05-07,2018,,19.0,,,0,0,N,0.0,0.0,0.0,,,,,,,,36.04585,-86.71332,False,Crashes_2010_2019_MPO
102488966,2019-08-26,2019,,94.0,,,0,0,N,0.0,0.0,0.0,,,,,,,,35.95584,-86.81117,False,Crashes_2010_2019_MPO
101938858,2018-03-09,2018,,19.0,,,0,0,N,0.0,0.0,0.0,,,,,,,,36.04519,-86.71555,False,Crashes_2010_2019_MPO
100431201,2014-01-14,2014,,94.0,,,0,0,N,0.0,0.0,0.0,,,,,,,,35.96132,-86.81219,False,Crashes_2010_2019_MPO
102460218,2019-07-27,2019,,19.0,,,0,0,N,0.0,0.0,0.0,,,,,,,,36.0291,-86.74405,False,Crashes_2010_2019_MPO
101992695,2018-04-28,2018,,94.0,,,0,0,N,0.0,0.0,0.0,,,,,,,,36.029159,-86.84188,True,Crashes_2010_2019_MPO
102594546,2019-12-11,2019,,94.0,,,0,0,N,0.0,0.0,0.0,,,,,,,,35.92989,-86.81364,False,Crashes_2010_2019_MPO
101618713,2017-04-18,2017,,94.0,,,0,0,N,0.0,0.0,0.0,,,,,,,,35.96702,-86.80876,True,Crashes_2010_2019_MPO
101404385,2016-10-15,2016,,94.0,,,0,0,N,0.0,0.0,0.0,,,,,,,,35.99035,-86.73185,True,Crashes_2010_2019_MPO
101602637,2017-04-03,2017,,19.0,,,0,0,N,0.0,0.0,0.0,,,,,,,,36.04065,-86.74458,False,Crashes_2010_2019_MPO
100589050,2014-07-30,2014,,94.0,,,0,0,N,0.0,0.0,0.0,,,,,,,,36.03402,-86.79489,True,Crashes_2010_2019_MPO
101888256,2018-01-16,2018,,94.0,,,0,0,N,0.0,0.0,0.0,,,,,,,,35.96731,-86.81348,True,Crashes_2010_2019_MPO
102379694,2019-05-04,2019,,94.0,,,0,0,N,0.0,0.0,0.0,,,,,,,,36.01162,-86.80895,True,Crashes_2010_2019_MPO
101965984,2018-04-03,2018,,94.0,,,0,0,N,0.0,0.0,0.0,,,,,,,,35.95177,-86.76613,True,Crashes_2010_2019_MPO
101761145,2017-09-15,2017,,94.0,,,0,0,N,0.0,0.0,0.0,,,,,,,,36.03322,-86.78531,True,Crashes_2010_2019_MPO
101034306,2015-11-21,2015,,94.0,,,0,0,N,0.0,0.0,0.0,,,,,,,,35.95595,-86.8444,False,Crashes_2010_2019_MPO
102414414,2019-06-07,2019,,94.0,,,0,0,N,0.0,0.0,0.0,,,,,,,,36.00651,-86.78874,True,Crashes_2010_2019_MPO
101358419,2016-09-10,2016,,94.0,,,0,0,N,0.0,0.0,0.0,,,,,,,,35.95628,-86.81101,False,Crashes_2010_2019_MPO
101044215,2015-12-02,2015,,94.0,,,0,0,N,0.0,0.0,0.0,,,,,,,,35.99418,-86.7979,True,Crashes_2010_2019_MPO
102169146,2018-10-06,2018,,19.0,,,0,0,N,0.0,0.0,0.0,,,,,,,,36.02962,-86.70382,False,Crashes_2010_2019_MPO
101712520,2017-07-26,2017,,94.0,,,0,0,N,0.0,0.0,0.0,,,,,,,,35.96464,-86.81437,False,Crashes_2010_2019_MPO
102202652,2018-11-06,2018,,19.0,,,0,0,N,0.0,0.0,0.0,,,,,,,,36.04114,-86.77621,False,Crashes_2010_2019_MPO
100280840,2013-01-17,2013,,94.0,,,0,0,N,0.0,0.0,0.0,,,,,,,,35.93477,-86.82389,False,Crashes_2010_2019_MPO
102574857,2019-11-20,2019,,94.0,,,0,0,N,0.0,0.0,0.0,,,,,,,,35.99768,-86.79769,True,Crashes_2010_2019_MPO
100349509,2013-07-02,2013,,94.0,,,0,0,N,0.0,0.0,0.0,,,,,,,,35.94632,-86.8236,False,Crashes_2010_2019_MPO
101319709,2016-08-03,2016,,19.0,,,0,1,N,0.0,1.0,0.0,,,,,,,,36.05226,-86.68152,False,Crashes_2010_2019_MPO
100664978,2014-11-05,2014,,94.0,,,0,0,N,0.0,0.0,0.0,,,,,,,,35.99644,-86.788,True,Crashes_2010_2019_MPO
100208290,2012-07-20,2012,,94.0,,,0,0,N,0.0,0.0,0.0,,,,,,,,35.97776,-86.80359,True,Crashes_2010_2019_MPO
101947103,2018-03-17,2018,,94.0,,,0,0,N,0.0,0.0,0.0,,,,,,,,35.96669,-86.81043,True,Crashes_2010_2019_MPO
101978502,2018-04-15,2018,,94.0,,,0,0,N,0.0,0.0,0.0,,,,,,,,35.96715,-86.69621,False,Crashes_2010_2019_MPO
102028866,2018-05-31,2018,,19.0,,,0,0,N,0.0,0.0,0.0,,,,,,,,36.05373,-86.7145,False,Crashes_2010_2019_MPO
102130936,2018-09-01,2018,,94.0,,,0,0,N,0.0,0.0,0.0,,,,,,,,35.93549,-86.82393,False,Crashes_2010_2019_MPO
100921707,2015-08-12,2015,,94.0,,,0,0,Y,0.0,0.0,1.0,,,,,,,,36.03327,-86.78818,True,Crashes_2010_2019_MPO
100735168,2015-02-04,2015,,19.0,,,0,0,N,0.0,0.0,0.0,,,,,,,,36.03922,-86.78243,False,Crashes_2010_2019_MPO
102244229,2018-12-12,2018,,19.0,,,0,0,N,0.0,0.0,0.0,,,,,,,,36.03985,-86.7684,False,Crashes_2010_2019_MPO
100795493,2015-03-21,2015,,94.0,,,0,0,N,0.0,0.0,0.0,,,,,,,,35.92941,-86.87552,False,Crashes_2010_2019_MPO
101610207,2017-04-10,2017,,94.0,,,0,0,N,0.0,0.0,0.0,,,,,,,,35.93446,-86.81991,False,Crashes_2010_2019_MPO
100850840,2015-05-20,2015,,94.0,,,0,0,N,0.0,0.0,0.0,,,,,,,,35.94463,-86.80908,False,Crashes_2010_2019_MPO
100657246,2014-10-21,2014,,94.0,,,0,0,N,0.0,0.0,0.0,,,,,,,,36.03335,-86.78325,True,Crashes_2010_2019_MPO
100737982,2015-02-16,2015,,94.0,,,0,0,Y,0.0,0.0,1.0,,,,,,,,35.92588,-86.82162,False,Crashes_2010_2019_MPO
101908562,2018-02-06,2018,,94.0,,,0,0,N,0.0,0.0,0.0,,,,,,,,35.94689,-86.82168,False,Crashes_2010_2019_MPO
100971221,2015-10-01,2015,,19.0,,,0,0,N,0.0,0.0,0.0,,,,,,,,36.02942,-86.71254,False,Crashes_2010_2019_MPO
101698039,2017-07-10,2017,,19.0,,,0,0,N,0.0,0.0,0.0,,,,,,,,36.04537,-86.71326,False,Crashes_2010_2019_MPO
101246490,2016-06-15,2016,,94.0,,,0,0,N,0.0,0.0,0.0,,,,,,,,35.94791,-86.81938,False,Crashes_2010_2019_MPO
100128607,2011-12-16,2011,,94.0,,,0,0,N,0.0,0.0,0.0,,,,,,,,35.92368,-86.7669,False,Crashes_2010_2019_MPO
102565209,2019-11-11,2019,,94.0,,,0,0,N,0.0,0.0,0.0,,,,,,,,35.97014,-86.80912,True,Crashes_2010_2019_MPO
100348665,2013-06-26,2013,,94.0,,,0,0,N,0.0,0.0,0.0,,,,,,,,35.94633,-86.80851,False,Crashes_2010_2019_MPO
101889361,2018-01-17,2018,,94.0,,,0,0,N,0.0,0.0,0.0,,,,,,,,35.96599,-86.80461,True,Crashes_2010_2019_MPO
100836452,2015-05-18,2015,,94.0,,,0,0,N,0.0,0.0,0.0,,,,,,,,35.94003,-86.83114,False,Crashes_2010_2019_MPO
100801845,2015-04-03,2015,,19.0,,,0,0,N,0.0,0.0,0.0,,,,,,,,36.03735,-86.7865,False,Crashes_2010_2019_MPO
100434688,2014-01-24,2014,,94.0,,,0,0,N,0.0,0.0,0.0,,,,,,,,35.96395,-86.8147,False,Crashes_2010_2019_MPO
101102981,2016-02-10,2016,,94.0,,,0,0,N,0.0,0.0,0.0,,,,,,,,35.96382,-86.82676,False,Crashes_2010_2019_MPO
101166322,2016-04-17,2016,,19.0,,,0,0,N,0.0,0.0,0.0,,,,,,,,36.04526,-86.71704,False,Crashes_2010_2019_MPO
100573143,2014-07-15,2014,,94.0,,,0,0,N,0.0,0.0,0.0,,,,,,,,35.92547,-86.87275,False,Crashes_2010_2019_MPO
102389446,2019-05-14,2019,,19.0,,,0,0,N,0.0,0.0,0.0,,,,,,,,36.04274,-86.70748,False,Crashes_2010_2019_MPO
101274231,2016-06-27,2016,,19.0,,,0,0,N,0.0,0.0,0.0,,,,,,,,36.04711,-86.7178,False,Crashes_2010_2019_MPO
100408333,2013-11-21,2013,,94.0,,,0,0,N,0.0,0.0,0.0,,,,,,,,36.03552,-86.78747,True,Crashes_2010_2019_MPO
100249344,2012-11-06,2012,,94.0,,,0,0,N,0.0,0.0,0.0,,,,,,,,35.98998,-86.74452,True,Crashes_2010_2019_MPO
102425690,2019-06-22,2019,,19.0,,,0,0,N,0.0,0.0,0.0,,,,,,,,36.04028,-86.76837,False,Crashes_2010_2019_MPO
100825615,2015-04-23,2015,,94.0,,,0,0,N,0.0,0.0,0.0,,,,,,,,35.92738,-86.86871,False,Crashes_2010_2019_MPO
101794418,2017-10-17,2017,,94.0,,,0,0,N,0.0,0.0,0.0,,,,,,,,35.94711,-86.81895,False,Crashes_2010_2019_MPO
100389147,2013-10-09,2013,,94.0,,,0,0,N,0.0,0.0,0.0,,,,,,,,35.94624,-86.80883,False,Crashes_2010_2019_MPO
102004810,2018-04-23,2018,,94.0,,,0,0,N,0.0,0.0,0.0,,,,,,,,35.94173,-86.82104,False,Crashes_2010_2019_MPO
102298739,2019-02-06,2019,,94.0,,,0,0,N,0.0,0.0,0.0,,,,,,,,36.03522,-86.78691,True,Crashes_2010_2019_MPO
101609884,2017-04-10,2017,,94.0,,,0,0,N,0.0,0.0,0.0,,,,,,,,35.95209,-86.81805,False,Crashes_2010_2019_MPO
101350112,2016-08-31,2016,,94.0,,,0,0,N,0.0,0.0,0.0,,,,,,,,35.94928,-86.81347,False,Crashes_2010_2019_MPO
102584114,2019-11-30,2019,,19.0,,,0,0,N,0.0,0.0,0.0,,,,,,,,36.04537,-86.71326,False,Crashes_2010_2019_MPO
101040645,2015-12-01,2015,,94.0,,,0,0,N,0.0,0.0,0.0,,,,,,,,35.95874,-86.76725,True,Crashes_2010_2019_MPO
100754647,2015-02-28,2015,,19.0,,,0,0,N,0.0,0.0,0.0,,,,,,,,36.04526,-86.70087,False,Crashes_2010_2019_MPO
101825001,2017-11-14,2017,,94.0,,,0,0,N,0.0,0.0,0.0,,,,,,,,36.00133,-86.79024,True,Crashes_2010_2019_MPO
101548542,2017-02-08,2017,,19.0,,,0,0,N,0.0,0.0,0.0,,,,,,,,36.03741,-86.7865,False,Crashes_2010_2019_MPO
100638040,2014-10-04,2014,,19.0,,,0,0,N,0.0,0.0,0.0,,,,,,,,36.03804,-86.78437,False,Crashes_2010_2019_MPO
102388350,2019-05-13,2019,,94.0,,,0,0,N,0.0,0.0,0.0,,,,,,,,35.99554,-86.77926,True,Crashes_2010_2019_MPO
102075333,2018-07-15,2018,,19.0,,,0,0,N,0.0,0.0,0.0,,,,,,,,36.03473,-86.7072,False,Crashes_2010_2019_MPO
100720693,2015-01-12,2015,,19.0,,,0,0,N,0.0,0.0,0.0,,,,,,,,36.04299,-86.84232,False,Crashes_2010_2019_MPO
101493095,2017-01-01,2017,,19.0,,,0,0,Y,0.0,0.0,1.0,,,,,,,,36.04172,-86.78242,False,Crashes_2010_2019_MPO
102165381,2018-10-03,2018,,94.0,,,0,0,N,0.0,0.0,0.0,,,,,,,,35.92722,-86.73881,False,Crashes_2010_2019_MPO
102352000,2019-04-06,2019,,19.0,,,0,0,N,0.0,0.0,0.0,,,,,,,,36.04542,-86.71833,False,Crashes_2010_2019_MPO
100210316,2012-08-01,2012,,94.0,,,0,0,N,0.0,0.0,0.0,,,,,,,,35.99458,-86.76767,True,Crashes_2010_2019_MPO
102490386,2019-08-27,2019,,19.0,,,0,0,N,0.0,0.0,0.0,,,,,,,,35.99997,-86.69404,False,Crashes_2010_2019_MPO
100975957,2015-10-06,2015,,94.0,,,0,0,N,0.0,0.0,0.0,,,,,,,,35.99751,-86.79674,True,Crashes_2010_2019_MPO
101333575,2016-08-22,2016,,19.0,,,0,0,N,0.0,0.0,0.0,,,,,,,,36.04535,-86.70242,False,Crashes_2010_2019_MPO
101583109,2017-03-14,2017,,94.0,,,0,0,N,0.0,0.0,0.0,,,,,,,,35.93446,-86.81991,False,Crashes_2010_2019_MPO
100257825,2012-11-26,2012,,94.0,,,0,0,N,0.0,0.0,0.0,,,,,,,,36.02654,-86.7925,True,Crashes_2010_2019_MPO
101578029,2017-03-08,2017,,94.0,,,0,0,N,0.0,0.0,0.0,,,,,,,,35.93561,-86.81846,False,Crashes_2010_2019_MPO
101067635,2015-12-27,2015,,94.0,,,0,0,N,0.0,0.0,0.0,,,,,,,,35.95034,-86.81873,False,Crashes_2010_2019_MPO
101846415,2017-12-02,2017,,19.0,,,0,0,N,0.0,0.0,0.0,,,,,,,,35.9995,-86.69338,False,Crashes_2010_2019_MPO
100407251,2013-11-15,2013,,94.0,,,0,0,N,0.0,0.0,0.0,,,,,,,,35.94761,-86.81992,False,Crashes_2010_2019_MPO
101973564,2018-04-11,2018,,94.0,,,0,0,N,0.0,0.0,0.0,,,,,,,,35.95966,-86.81067,False,Crashes_2010_2019_MPO
102153743,2018-09-17,2018,,94.0,,,0,0,N,0.0,0.0,0.0,,,,,,,,35.93331,-86.81492,False,Crashes_2010_2019_MPO
101483722,2016-12-21,2016,,94.0,,,0,0,N,0.0,0.0,0.0,,,,,,,,35.95526,-86.82588,False,Crashes_2010_2019_MPO
100966805,2015-09-25,2015,,94.0,,,0,0,N,0.0,0.0,0.0,,,,,,,,36.03599,-86.7872,True,Crashes_2010_2019_MPO
100977191,2015-10-11,2015,,94.0,,,0,0,N,0.0,0.0,0.0,,,,,,,,35.92556,-86.79108,False,Crashes_2010_2019_MPO
100175118,2012-05-01,2012,,94.0,,,0,0,N,0.0,0.0,0.0,,,,,,,,36.03414,-86.78731,True,Crashes_2010_2019_MPO
102113611,2018-08-17,2018,,19.0,,,0,0,N,0.0,0.0,0.0,,,,,,,,36.04195,-86.71474,False,Crashes_2010_2019_MPO
101793276,2017-10-15,2017,,94.0,,,0,0,N,0.0,0.0,0.0,,,,,,,,35.93555,-86.82356,False,Crashes_2010_2019_MPO
101179492,2016-04-22,2016,,94.0,,,0,0,N,0.0,0.0,0.0,,,,,,,,35.99759,-86.79691,True,Crashes_2010_2019_MPO
100913695,2015-07-28,2015,,19.0,,,0,0,N,0.0,0.0,0.0,,,,,,,,36.04732,-86.86273,False,Crashes_2010_2019_MPO
101478093,2016-12-15,2016,,94.0,,,0,0,N,0.0,0.0,0.0,,,,,,,,36.03311,-86.78656,True,Crashes_2010_2019_MPO
100860159,2015-06-13,2015,,94.0,,,0,0,N,0.0,0.0,0.0,,,,,,,,35.94707,-86.8219,False,Crashes_2010_2019_MPO
101506991,2017-01-17,2017,,94.0,,,0,0,N,0.0,0.0,0.0,,,,,,,,35.96734,-86.80719,True,Crashes_2010_2019_MPO
102558389,2019-11-04,2019,,94.0,,,0,0,N,0.0,0.0,0.0,,,,,,,,35.93983,-86.85712,False,Crashes_2010_2019_MPO
102185315,2018-10-21,2018,,94.0,,,0,0,N,0.0,0.0,0.0,,,,,,,,35.95557,-86.81437,False,Crashes_2010_2019_MPO
101045055,2015-12-08,2015,,19.0,,,0,0,N,0.0,0.0,0.0,,,,,,,,36.03747,-86.78604,False,Crashes_2010_2019_MPO
100636988,2014-10-02,2014,,19.0,,,0,0,N,0.0,0.0,0.0,,,,,,,,36.04634,-86.85836,False,Crashes_2010_2019_MPO
100937569,2015-08-22,2015,,94.0,,,0,0,N,0.0,0.0,0.0,,,,,,,,36.00242,-86.77568,True,Crashes_2010_2019_MPO
100826226,2015-04-25,2015,,94.0,,,0,0,N,0.0,0.0,0.0,,,,,,,,35.94662,-86.85133,False,Crashes_2010_2019_MPO
101492318,2016-12-29,2016,,94.0,,,0,0,Y,0.0,0.0,1.0,,,,,,,,35.92825,-86.76739,False,Crashes_2010_2019_MPO
102403725,2019-05-29,2019,,94.0,,,0,0,N,0.0,0.0,0.0,,,,,,,,35.93446,-86.81991,False,Crashes_2010_2019_MPO
100711070,2014-12-22,2014,,94.0,,,0,0,N,0.0,0.0,0.0,,,,,,,,35.94653,-86.80938,False,Crashes_2010_2019_MPO
101473457,2016-12-10,2016,,19.0,,,0,0,N,0.0,0.0,0.0,,,,,,,,36.04575,-86.70865,False,Crashes_2010_2019_MPO
100294771,2013-02-20,2013,,94.0,,,0,0,N,0.0,0.0,0.0,,,,,,,,35.94854,-86.76634,True,Crashes_2010_2019_MPO
102195859,2018-10-31,2018,,19.0,,,0,0,N,0.0,0.0,0.0,,,,,,,,36.04553,-86.71159,False,Crashes_2010_2019_MPO
101242661,2016-06-10,2016,,94.0,,,0,0,N,0.0,0.0,0.0,,,,,,,,35.99551,-86.77887,True,Crashes_2010_2019_MPO
102372336,2019-04-26,2019,,19.0,,,0,0,N,0.0,0.0,0.0,,,,,,,,36.01832,-86.70831,False,Crashes_2010_2019_MPO
101876937,2018-01-03,2018,,94.0,,,0,0,N,0.0,0.0,0.0,,,,,,,,35.92611,-86.86699,False,Crashes_2010_2019_MPO
101304140,2016-07-27,2016,,19.0,,,0,0,N,0.0,0.0,0.0,,,,,,,,36.04479,-86.72487,False,Crashes_2010_2019_MPO
102597999,2019-12-12,2019,,94.0,,,0,0,N,0.0,0.0,0.0,,,,,,,,35.96158,-86.80919,False,Crashes_2010_2019_MPO
101764264,2017-09-18,2017,,94.0,,,0,0,N,0.0,0.0,0.0,,,,,,,,35.92957,-86.84187,False,Crashes_2010_2019_MPO
101764657,2017-09-18,2017,,94.0,,,0,0,N,0.0,0.0,0.0,,,,,,,,36.0338,-86.78542,True,Crashes_2010_2019_MPO
101078169,2016-01-15,2016,,94.0,,,0,0,N,0.0,0.0,0.0,,,,,,,,35.99246,-86.82848,True,Crashes_2010_2019_MPO
101390634,2016-09-27,2016,,94.0,,,0,0,N,0.0,0.0,0.0,,,,,,,,35.998371,-86.805904,True,Crashes_2010_2019_MPO
102167783,2018-10-05,2018,,94.0,,,0,0,N,0.0,0.0,0.0,,,,,,,,35.99922,-86.80923,True,Crashes_2010_2019_MPO
101878560,2018-01-05,2018,,94.0,,,0,0,N,0.0,0.0,0.0,,,,,,,,35.99734,-86.79486,True,Crashes_2010_2019_MPO
102034385,2018-06-06,2018,,19.0,,,0,0,N,0.0,0.0,0.0,,,,,,,,36.0409,-86.77938,False,Crashes_2010_2019_MPO
101834822,2017-11-22,2017,,19.0,,,0,0,N,0.0,0.0,0.0,,,,,,,,36.04859,-86.74361,False,Crashes_2010_2019_MPO
101911484,2018-02-09,2018,,94.0,,,0,0,N,0.0,0.0,0.0,,,,,,,,35.95898,-86.81624,True,Crashes_2010_2019_MPO
101737244,2017-08-21,2017,,94.0,,,0,0,N,0.0,0.0,0.0,,,,,,,,35.99215,-86.79861,True,Crashes_2010_2019_MPO
100694148,2014-11-21,2014,,94.0,,,0,0,N,0.0,0.0,0.0,,,,,,,,35.93116,-86.79419,False,Crashes_2010_2019_MPO
101156442,2016-04-02,2016,,94.0,,,0,0,N,0.0,0.0,0.0,,,,,,,,35.96706,-86.81286,True,Crashes_2010_2019_MPO
101046917,2015-12-10,2015,,94.0,,,0,0,N,0.0,0.0,0.0,,,,,,,,35.98883,-86.70458,True,Crashes_2010_2019_MPO
101165181,2016-04-15,2016,,94.0,,,0,0,N,0.0,0.0,0.0,,,,,,,,36.029983,-86.790531,True,Crashes_2010_2019_MPO
101010205,2015-11-15,2015,,19.0,,,0,0,N,0.0,0.0,0.0,,,,,,,,36.05268,-86.67916,False,Crashes_2010_2019_MPO
101467461,2016-12-04,2016,,94.0,,,0,0,N,0.0,0.0,0.0,,,,,,,,35.96372,-86.81053,False,Crashes_2010_2019_MPO
102316975,2019-02-27,2019,,94.0,,,0,0,N,0.0,0.0,0.0,,,,,,,,35.95209,-86.81805,False,Crashes_2010_2019_MPO
101607925,2017-04-07,2017,,94.0,,,0,0,N,0.0,0.0,0.0,,,,,,,,35.99287,-86.72289,True,Crashes_2010_2019_MPO
102057638,2018-06-29,2018,,94.0,,,0,0,N,0.0,0.0,0.0,,,,,,,,35.96141,-86.81259,False,Crashes_2010_2019_MPO
102005595,2018-05-09,2018,,94.0,,,0,0,N,0.0,0.0,0.0,,,,,,,,35.98288,-86.71919,True,Crashes_2010_2019_MPO
101162613,2016-04-12,2016,,19.0,,,0,0,N,0.0,0.0,0.0,,,,,,,,36.04565,-86.72017,False,Crashes_2010_2019_MPO
100636933,2014-10-01,2014,,19.0,,,0,0,N,0.0,0.0,0.0,,,,,,,,36.05373,-86.74287,False,Crashes_2010_2019_MPO
101721297,2017-08-05,2017,,94.0,,,0,0,N,0.0,0.0,0.0,,,,,,,,35.97364,-86.86859,False,Crashes_2010_2019_MPO
101788095,2017-10-11,2017,,19.0,,,0,0,N,0.0,0.0,0.0,,,,,,,,36.0374,-86.78657,False,Crashes_2010_2019_MPO
102528433,2019-10-03,2019,,94.0,,,0,0,N,0.0,0.0,0.0,,,,,,,,35.96019,-86.80994,False,Crashes_2010_2019_MPO
102078710,2018-07-18,2018,,94.0,,,0,0,N,0.0,0.0,0.0,,,,,,,,36.03311,-86.78656,True,Crashes_2010_2019_MPO
102270764,2019-01-08,2019,,94.0,,,0,0,N,0.0,0.0,0.0,,,,,,,,35.93215,-86.79441,False,Crashes_2010_2019_MPO
100822479,2015-04-23,2015,,19.0,,,0,0,N,0.0,0.0,0.0,,,,,,,,36.05017,-86.87369,False,Crashes_2010_2019_MPO
100544347,2014-05-28,2014,,94.0,,,0,0,N,0.0,0.0,0.0,,,,,,,,35.95051,-86.76621,True,Crashes_2010_2019_MPO
100698397,2014-11-29,2014,,19.0,,,0,0,N,0.0,0.0,0.0,,,,,,,,36.0465,-86.71349,False,Crashes_2010_2019_MPO
100386366,2013-10-01,2013,,94.0,,,0,0,N,0.0,0.0,0.0,,,,,,,,35.97125,-86.80584,True,Crashes_2010_2019_MPO
100975045,2015-10-07,2015,,19.0,,,0,0,N,0.0,0.0,0.0,,,,,,,,36.03869,-86.78312,False,Crashes_2010_2019_MPO
101538858,2017-01-30,2017,,19.0,,,0,0,N,0.0,0.0,0.0,,,,,,,,36.04485,-86.77972,False,Crashes_2010_2019_MPO
102552457,2019-10-29,2019,,94.0,,,0,0,N,0.0,0.0,0.0,,,,,,,,35.99583,-86.78225,True,Crashes_2010_2019_MPO
102351516,2019-04-05,2019,,94.0,,,0,0,N,0.0,0.0,0.0,,,,,,,,35.92601,-86.82158,False,Crashes_2010_2019_MPO
100263621,2012-12-08,2012,,94.0,,,0,0,N,0.0,0.0,0.0,,,,,,,,35.95921,-86.81558,False,Crashes_2010_2019_MPO
102032105,2018-06-03,2018,,19.0,,,0,0,N,0.0,0.0,0.0,,,,,,,,36.0374,-86.78657,False,Crashes_2010_2019_MPO
101007475,2015-11-11,2015,,94.0,,,0,0,N,0.0,0.0,0.0,,,,,,,,35.96719,-86.81382,True,Crashes_2010_2019_MPO
100633104,2014-09-23,2014,,94.0,,,0,0,N,0.0,0.0,0.0,,,,,,,,35.9987,-86.80649,True,Crashes_2010_2019_MPO
100974083,2015-10-05,2015,,19.0,,,0,0,N,0.0,0.0,0.0,,,,,,,,36.04543,-86.70361,False,Crashes_2010_2019_MPO
101071828,2016-01-01,2016,,94.0,,,0,0,N,0.0,0.0,0.0,,,,,,,,35.99608,-86.78484,True,Crashes_2010_2019_MPO
101913435,2018-02-11,2018,,19.0,,,0,0,N,0.0,0.0,0.0,,,,,,,,36.04863,-86.7436,False,Crashes_2010_2019_MPO
100595187,2014-08-05,2014,,94.0,,,0,0,N,0.0,0.0,0.0,,,,,,,,35.93825,-86.82865,False,Crashes_2010_2019_MPO
101987025,2018-04-23,2018,,94.0,,,0,0,N,0.0,0.0,0.0,,,,,,,,35.96705,-86.81355,True,Crashes_2010_2019_MPO
101399533,2016-10-09,2016,,19.0,,,0,0,N,0.0,0.0,0.0,,,,,,,,36.03774,-86.7848,False,Crashes_2010_2019_MPO
100819609,2015-04-17,2015,,94.0,,,0,0,N,0.0,0.0,0.0,,,,,,,,35.96391,-86.80675,True,Crashes_2010_2019_MPO
101128960,2016-03-06,2016,,94.0,,,0,0,N,0.0,0.0,0.0,,,,,,,,35.94742,-86.81278,False,Crashes_2010_2019_MPO
101703469,2017-07-16,2017,,19.0,,,0,0,N,0.0,0.0,0.0,,,,,,,,35.99793,-86.69137,False,Crashes_2010_2019_MPO
101717005,2017-07-31,2017,,94.0,,,0,0,N,0.0,0.0,0.0,,,,,,,,35.96599,-86.80461,True,Crashes_2010_2019_MPO
101123716,2016-02-27,2016,,94.0,,,0,0,N,0.0,0.0,0.0,,,,,,,,35.94175,-86.82119,False,Crashes_2010_2019_MPO