mstrrecnbr,collision_ts,year,county,countystat,crash,crash_type,fatalities,non_motorists,commercial,fatal_c,nonmotor_c,truck_c,fatalc,serious_injuries,ped,bike,lighting,weather,first_harmful_event,latitude,longitude,in_city,src_layer
102505260,2019-09-09,2019,,94.0,,,0,0,N,0.0,0.0,0.0,,,,,,,,35.96717,-86.67697,False,Crashes_2010_2019_MPO
102212610,2018-11-16,2018,,94.0,,,0,0,N,0.0,0.0,0.0,,,,,,,,35.95492,-86.76695,True,Crashes_2010_2019_MPO
100588503,2014-07-28,2014,,94.0,,,0,0,N,0.0,0.0,0.0,,,,,,,,35.95133,-86.80629,False,Crashes_2010_2019_MPO
100698623,2014-11-29,2014,,94.0,,,0,0,N,0.0,0.0,0.0,,,,,,,,35.95969,-86.75527,True,Crashes_2010_2019_MPO
102055388,2018-06-27,2018,,94.0,,,0,0,N,0.0,0.0,0.0,,,,,,,,35.92254,-86.87194,False,Crashes_2010_2019_MPO
102248602,2018-12-09,2018,,94.0,,,0,0,N,0.0,0.0,0.0,,,,,,,,35.95212,-86.81784,False,Crashes_2010_2019_MPO
101791741,2017-10-13,2017,,19.0,,,0,0,N,0.0,0.0,0.0,,,,,,,,36.036,-86.78863,True,Crashes_2010_2019_MPO
101423165,2016-10-26,2016,,94.0,,,0,0,N,0.0,0.0,0.0,,,,,,,,35.95007,-86.76099,True,Crashes_2010_2019_MPO
102600254,2019-12-16,2019,,94.0,,,0,0,N,0.0,0.0,0.0,,,,,,,,35.93378,-86.81961,False,Crashes_2010_2019_MPO
101718897,2017-08-02,2017,,19.0,,,0,0,N,0.0,0.0,0.0,,,,,,,,36.03828,-86.78378,False,Crashes_2010_2019_MPO
102088972,2018-07-27,2018,,19.0,,,0,0,N,0.0,0.0,0.0,,,,,,,,36.03812,-86.76851,False,Crashes_2010_2019_MPO
100950569,2015-09-14,2015,,94.0,,,0,0,N,0.0,0.0,0.0,,,,,,,,35.96372,-86.81053,False,Crashes_2010_2019_MPO
101404505,2016-10-15,2016,,19.0,,,0,0,N,0.0,0.0,0.0,,,,,,,,36.04239,-86.71364,False,Crashes_2010_2019_MPO
102127567,2018-08-30,2018,,94.0,,,0,0,N,0.0,0.0,0.0,,,,,,,,35.93541,-86.82372,False,Crashes_2010_2019_MPO
100464168,2014-03-14,2014,,94.0,,,0,0,N,0.0,0.0,0.0,,,,,,,,35.94594,-86.82334,False,Crashes_2010_2019_MPO
10805922,2012-02-29,2012,,19.0,,,0,0, ,0.0,0.0,0.0,,,,,,,,36.0529,-86.685852,False,Crashes_2010_2019_MPO
102322484,2019-03-06,2019,,19.0,,,0,0,N,0.0,0.0,0.0,,,,,,,,36.04022,-86.78056,False,Crashes_2010_2019_MPO
102202610,2018-11-06,2018,,94.0,,,0,0,N,0.0,0.0,0.0,,,,,,,,35.94489,-86.82843,False,Crashes_2010_2019_MPO
101644797,2017-05-14,2017,,94.0,,,0,0,N,0.0,0.0,0.0,,,,,,,,35.9258,-86.82456,False,Crashes_2010_2019_MPO
101969265,2018-04-06,2018,,94.0,,,0,0,N,0.0,0.0,0.0,,,,,,,,35.92644,-86.82481,False,Crashes_2010_2019_MPO
100265952,2012-12-13,2012,,94.0,,,0,0,N,0.0,0.0,0.0,,,,,,,,35.94965,-86.8069,False,Crashes_2010_2019_MPO
101426092,2016-10-29,2016,,94.0,,,0,0,N,0.0,0.0,0.0,,,,,,,,35.94683,-86.85172,False,Crashes_2010_2019_MPO
100389846,2013-10-10,2013,,94.0,,,0,0,N,0.0,0.0,0.0,,,,,,,,35.92491,-86.82471,False,Crashes_2010_2019_MPO
100543749,2014-05-27,2014,,94.0,,,0,1,N,0.0,1.0,0.0,,,,,,,,35.93199,-86.8763,False,Crashes_2010_2019_MPO
101870372,2017-12-27,2017,,94.0,,,0,0,N,0.0,0.0,0.0,,,,,,,,35.93552,-86.82345,False,Crashes_2010_2019_MPO
101359775,2016-09-12,2016,,94.0,,,0,0,N,0.0,0.0,0.0,,,,,,,,35.95604,-86.81493,False,Crashes_2010_2019_MPO
100713081,2014-12-26,2014,,19.0,,,0,0,N,0.0,0.0,0.0,,,,,,,,36.0454,-86.71336,False,Crashes_2010_2019_MPO
101583980,2017-03-15,2017,,94.0,,,0,0,N,0.0,0.0,0.0,,,,,,,,35.99553,-86.77909,True,Crashes_2010_2019_MPO
100269296,2012-12-20,2012,,94.0,,,0,0,N,0.0,0.0,0.0,,,,,,,,35.94761,-86.81992,False,Crashes_2010_2019_MPO
100704893,2014-12-11,2014,,94.0,,,0,0,N,0.0,0.0,0.0,,,,,,,,35.94048,-86.8392,False,Crashes_2010_2019_MPO
102167112,2018-10-04,2018,,94.0,,,0,0,N,0.0,0.0,0.0,,,,,,,,35.92912,-86.83867,False,Crashes_2010_2019_MPO
102306184,2019-02-15,2019,,94.0,,,0,0,N,0.0,0.0,0.0,,,,,,,,35.97334,-86.83305,True,Crashes_2010_2019_MPO
101548872,2017-02-09,2017,,94.0,,,0,0,N,0.0,0.0,0.0,,,,,,,,35.9842,-86.72352,True,Crashes_2010_2019_MPO
101105576,2016-02-14,2016,,19.0,,,0,0,N,0.0,0.0,0.0,,,,,,,,36.04083,-86.74366,False,Crashes_2010_2019_MPO
101855124,2017-12-11,2017,,94.0,,,0,0,N,0.0,0.0,0.0,,,,,,,,35.92314,-86.87106,False,Crashes_2010_2019_MPO
101913459,2018-02-11,2018,,94.0,,,0,0,N,0.0,0.0,0.0,,,,,,,,35.92522,-86.87621,False,Crashes_2010_2019_MPO
100657040,2014-10-21,2014,,19.0,,,0,0,N,0.0,0.0,0.0,,,,,,,,36.04674,-86.71351,False,Crashes_2010_2019_MPO
101463001,2016-11-29,2016,,94.0,,,0,0,N,0.0,0.0,0.0,,,,,,,,35.99381,-86.76074,True,Crashes_2010_2019_MPO
101278633,2016-07-03,2016,,19.0,,,0,0,N,0.0,0.0,0.0,,,,,,,,36.03387,-86.69132,False,Crashes_2010_2019_MPO
101653327,2017-05-24,2017,,19.0,,,0,0,N,0.0,0.0,0.0,,,,,,,,36.0425,-86.72645,False,Crashes_2010_2019_MPO
100388835,2013-10-08,2013,,94.0,,,0,0,N,0.0,0.0,0.0,,,,,,,,35.93756,-86.76808,False,Crashes_2010_2019_MPO
101359898,2016-09-12,2016,,94.0,,,0,0,N,0.0,0.0,0.0,,,,,,,,35.97404,-86.83241,True,Crashes_2010_2019_MPO
101989020,2018-04-25,2018,,94.0,,,0,0,N,0.0,0.0,0.0,,,,,,,,35.93446,-86.81991,False,Crashes_2010_2019_MPO
101390354,2016-09-23,2016,,94.0,,,0,0,N,0.0,0.0,0.0,,,,,,,,35.96328,-86.80099,True,Crashes_2010_2019_MPO
100808281,2015-04-15,2015,,94.0,,,0,0,N,0.0,0.0,0.0,,,,,,,,35.97058,-86.77392,True,Crashes_2010_2019_MPO
102528329,2019-10-03,2019,,94.0,,,0,0,N,0.0,0.0,0.0,,,,,,,,35.93191,-86.79441,False,Crashes_2010_2019_MPO
102114414,2018-08-18,2018,,94.0,,,0,0,N,0.0,0.0,0.0,,,,,,,,35.92512,-86.7671,False,Crashes_2010_2019_MPO
101164126,2016-04-14,2016,,94.0,,,0,0,N,0.0,0.0,0.0,,,,,,,,35.94564,-86.87381,False,Crashes_2010_2019_MPO
101996298,2018-04-30,2018,,19.0,,,0,0,N,0.0,0.0,0.0,,,,,,,,36.03794,-86.78644,False,Crashes_2010_2019_MPO
100713681,2014-12-27,2014,,94.0,,,0,0,N,0.0,0.0,0.0,,,,,,,,35.92317,-86.81685,False,Crashes_2010_2019_MPO
101766203,2017-09-20,2017,,94.0,,,0,0,N,0.0,0.0,0.0,,,,,,,,35.99004,-86.74528,True,Crashes_2010_2019_MPO
101752548,2017-09-05,2017,,94.0,,,0,0,N,0.0,0.0,0.0,,,,,,,,35.96202,-86.81533,False,Crashes_2010_2019_MPO
102250707,2018-12-14,2018,,94.0,,,0,0,N,0.0,0.0,0.0,,,,,,,,35.94786,-86.8187,False,Crashes_2010_2019_MPO
102489949,2019-08-27,2019,,94.0,,,0,0,N,0.0,0.0,0.0,,,,,,,,35.97537,-86.83081,True,Crashes_2010_2019_MPO
102452797,2019-07-20,2019,,94.0,,,0,0,N,0.0,0.0,0.0,,,,,,,,35.96261,-86.87318,False,Crashes_2010_2019_MPO
100947558,2015-09-09,2015,,94.0,,,0,0,N,0.0,0.0,0.0,,,,,,,,35.9662,-86.81282,False,Crashes_2010_2019_MPO
100921142,2015-08-10,2015,,94.0,,,0,0,N,0.0,0.0,0.0,,,,,,,,36.00755,-86.74242,True,Crashes_2010_2019_MPO
101788938,2017-10-12,2017,,19.0,,,0,0,N,0.0,0.0,0.0,,,,,,,,36.0417,-86.72113,False,Crashes_2010_2019_MPO
100948570,2015-09-11,2015,,94.0,,,0,0,N,0.0,0.0,0.0,,,,,,,,35.99004,-86.74528,True,Crashes_2010_2019_MPO
100872794,2015-06-18,2015,,94.0,,,0,0,N,0.0,0.0,0.0,,,,,,,,35.9268,-86.78177,False,Crashes_2010_2019_MPO
102025915,2018-05-28,2018,,19.0,,,0,0,N,0.0,0.0,0.0,,,,,,,,36.03664,-86.70606,False,Crashes_2010_2019_MPO
101817909,2017-11-06,2017,,94.0,,,0,0,N,0.0,0.0,0.0,,,,,,,,35.93598,-86.82689,False,Crashes_2010_2019_MPO
101582278,2017-03-13,2017,,19.0,,,0,0,N,0.0,0.0,0.0,,,,,,,,36.04075,-86.77256,False,Crashes_2010_2019_MPO
101814266,2017-11-01,2017,,94.0,,,0,0,Y,0.0,0.0,1.0,,,,,,,,35.99349,-86.79838,True,Crashes_2010_2019_MPO
100940244,2015-08-27,2015,,94.0,,,0,0,N,0.0,0.0,0.0,,,,,,,,35.94673,-86.81107,False,Crashes_2010_2019_MPO
101553044,2017-02-10,2017,,94.0,,,0,0,N,0.0,0.0,0.0,,,,,,,,35.97643,-86.80405,True,Crashes_2010_2019_MPO
101866979,2017-12-22,2017,,19.0,,,0,0,N,0.0,0.0,0.0,,,,,,,,36.04026,-86.8164,False,Crashes_2010_2019_MPO
101187650,2016-05-04,2016,,19.0,,,0,0,N,0.0,0.0,0.0,,,,,,,,36.00212,-86.69651,False,Crashes_2010_2019_MPO
100975292,2015-10-06,2015,,94.0,,,0,0,N,0.0,0.0,0.0,,,,,,,,35.93421,-86.81974,False,Crashes_2010_2019_MPO
101713956,2017-07-28,2017,,94.0,,,0,0,Y,0.0,0.0,1.0,,,,,,,,36.02505,-86.79334,True,Crashes_2010_2019_MPO
100377165,2013-09-09,2013,,94.0,,,0,0,N,0.0,0.0,0.0,,,,,,,,35.94113,-86.83624,False,Crashes_2010_2019_MPO
101977600,2018-04-14,2018,,94.0,,,0,0,N,0.0,0.0,0.0,,,,,,,,35.94782,-86.81975,False,Crashes_2010_2019_MPO
101162658,2016-04-12,2016,,19.0,,,0,0,N,0.0,0.0,0.0,,,,,,,,36.03797,-86.79777,False,Crashes_2010_2019_MPO
100416135,2013-12-05,2013,,94.0,,,0,0,N,0.0,0.0,0.0,,,,,,,,35.94676,-86.76682,True,Crashes_2010_2019_MPO
101683453,2017-06-26,2017,,94.0,,,0,0,N,0.0,0.0,0.0,,,,,,,,36.02359,-86.78655,True,Crashes_2010_2019_MPO
100703850,2014-12-09,2014,,94.0,,,0,0,N,0.0,0.0,0.0,,,,,,,,35.96841,-86.80313,True,Crashes_2010_2019_MPO
102228332,2018-11-29,2018,,94.0,,,0,0,N,0.0,0.0,0.0,,,,,,,,35.95353,-86.81783,False,Crashes_2010_2019_MPO
100942032,2015-08-30,2015,,94.0,,,0,0,N,0.0,0.0,0.0,,,,,,,,35.94673,-86.82063,False,Crashes_2010_2019_MPO
100998219,2015-10-28,2015,,94.0,,,0,0,N,0.0,0.0,0.0,,,,,,,,35.9698,-86.72452,True,Crashes_2010_2019_MPO
101705330,2017-07-19,2017,,19.0,,,0,0,N,0.0,0.0,0.0,,,,,,,,36.01434,-86.67918,False,Crashes_2010_2019_MPO
101764415,2017-09-18,2017,,19.0,,,0,0,N,0.0,0.0,0.0,,,,,,,,36.05366,-86.71502,False,Crashes_2010_2019_MPO
101544869,2017-02-04,2017,,94.0,,,0,0,N,0.0,0.0,0.0,,,,,,,,35.92316,-86.81661,False,Crashes_2010_2019_MPO
101747820,2017-09-01,2017,,94.0,,,0,0,N,0.0,0.0,0.0,,,,,,,,35.96689,-86.80889,True,Crashes_2010_2019_MPO
102538540,2019-10-15,2019,,94.0,,,0,0,N,0.0,0.0,0.0,,,,,,,,35.96043,-86.81526,False,Crashes_2010_2019_MPO
101122871,2016-02-26,2016,,94.0,,,0,0,Y,0.0,0.0,1.0,,,,,,,,36.00669,-86.78822,True,Crashes_2010_2019_MPO
100948862,2015-09-11,2015,,94.0,,,0,0,N,0.0,0.0,0.0,,,,,,,,35.95986,-86.80184,False,Crashes_2010_2019_MPO
101354844,2016-09-06,2016,,94.0,,,0,0,N,0.0,0.0,0.0,,,,,,,,35.9832,-86.80194,True,Crashes_2010_2019_MPO
101661278,2017-06-01,2017,,94.0,,,0,0,N,0.0,0.0,0.0,,,,,,,,35.99991,-86.7952,True,Crashes_2010_2019_MPO
100351889,2013-07-08,2013,,94.0,,,0,0,N,0.0,0.0,0.0,,,,,,,,36.03336,-86.78872,True,Crashes_2010_2019_MPO
101456573,2016-11-22,2016,,94.0,,,0,0,Y,0.0,0.0,1.0,,,,,,,,35.96716,-86.81351,True,Crashes_2010_2019_MPO
100643255,2014-10-12,2014,,19.0,,,0,0,N,0.0,0.0,0.0,,,,,,,,36.04299,-86.84232,False,Crashes_2010_2019_MPO
100851614,2015-05-28,2015,,94.0,,,0,0,N,0.0,0.0,0.0,,,,,,,,35.95864,-86.83143,False,Crashes_2010_2019_MPO
102104388,2018-08-10,2018,,94.0,,,0,0,N,0.0,0.0,0.0,,,,,,,,36.01572,-86.82063,True,Crashes_2010_2019_MPO
102579690,2019-11-25,2019,,94.0,,,0,0,N,0.0,0.0,0.0,,,,,,,,35.9584,-86.80226,False,Crashes_2010_2019_MPO
101001764,2015-11-02,2015,,94.0,,,0,0,N,0.0,0.0,0.0,,,,,,,,35.92738,-86.8687,False,Crashes_2010_2019_MPO
100709069,2014-12-18,2014,,19.0,,,0,0,N,0.0,0.0,0.0,,,,,,,,36.04526,-86.71475,False,Crashes_2010_2019_MPO
101987658,2018-04-24,2018,,94.0,,,0,0,N,0.0,0.0,0.0,,,,,,,,35.99043,-86.74862,True,Crashes_2010_2019_MPO
100405906,2013-11-16,2013,,94.0,,,0,0,N,0.0,0.0,0.0,,,,,,,,36.00817,-86.78702,True,Crashes_2010_2019_MPO
101049926,2015-12-15,2015,,19.0,,,0,0,N,0.0,0.0,0.0,,,,,,,,36.04476,-86.7811,False,Crashes_2010_2019_MPO
100348696,2013-07-01,2013,,94.0,,,0,0,N,0.0,0.0,0.0,,,,,,,,35.96512,-86.80035,True,Crashes_2010_2019_MPO
101183288,2016-04-28,2016,,94.0,,,0,0,N,0.0,0.0,0.0,,,,,,,,35.94417,-86.82038,False,Crashes_2010_2019_MPO
101286310,2016-07-15,2016,,94.0,,,0,0,N,0.0,0.0,0.0,,,,,,,,35.95214,-86.81248,False,Crashes_2010_2019_MPO
102154552,2018-09-22,2018,,94.0,,,0,0,N,0.0,0.0,0.0,,,,,,,,35.92957,-86.84229,False,Crashes_2010_2019_MPO
100767662,2015-03-06,2015,,19.0,,,0,0,N,0.0,0.0,0.0,,,,,,,,36.03147,-86.7685,False,Crashes_2010_2019_MPO
101073559,2016-01-07,2016,,94.0,,,0,0,N,0.0,0.0,0.0,,,,,,,,36.01628,-86.74715,True,Crashes_2010_2019_MPO
101289500,2016-07-20,2016,,94.0,,,0,0,N,0.0,0.0,0.0,,,,,,,,35.95383,-86.80405,False,Crashes_2010_2019_MPO
101732273,2017-08-16,2017,,19.0,,,0,0,N,0.0,0.0,0.0,,,,,,,,36.0234,-86.68782,False,Crashes_2010_2019_MPO
101998909,2018-05-04,2018,,19.0,,,0,0,N,0.0,0.0,0.0,,,,,,,,36.04075,-86.74366,False,Crashes_2010_2019_MPO
101286741,2016-07-15,2016,,94.0,,,0,0,N,0.0,0.0,0.0,,,,,,,,35.94559,-86.82312,False,Crashes_2010_2019_MPO
102163505,2018-10-01,2018,,94.0,,,0,0,N,0.0,0.0,0.0,,,,,,,,35.96562,-86.80083,True,Crashes_2010_2019_MPO
100707773,2014-12-16,2014,,94.0,,,0,0,N,0.0,0.0,0.0,,,,,,,,35.96717,-86.80865,True,Crashes_2010_2019_MPO
101463480,2016-11-30,2016,,19.0,,,0,0,N,0.0,0.0,0.0,,,,,,,,36.03982,-86.78268,False,Crashes_2010_2019_MPO
102292757,2019-01-26,2019,,94.0,,,0,0,N,0.0,0.0,0.0,,,,,,,,35.95708,-86.84963,False,Crashes_2010_2019_MPO
102257753,2018-12-26,2018,,94.0,,,0,0,N,0.0,0.0,0.0,,,,,,,,35.95198,-86.81788,False,Crashes_2010_2019_MPO
101926424,2018-02-24,2018,,94.0,,,0,0,N,0.0,0.0,0.0,,,,,,,,35.97832,-86.80363,True,Crashes_2010_2019_MPO
100848455,2015-05-22,2015,,94.0,,,0,0,N,0.0,0.0,0.0,,,,,,,,36.03562,-86.78742,True,Crashes_2010_2019_MPO
101303089,2016-07-26,2016,,19.0,,,0,0,N,0.0,0.0,0.0,,,,,,,,36.04026,-86.8164,False,Crashes_2010_2019_MPO
102388892,2019-05-14,2019,,94.0,,,0,0,N,0.0,0.0,0.0,,,,,,,,36.03282,-86.80905,True,Crashes_2010_2019_MPO
100734639,2015-02-09,2015,,94.0,,,0,0,N,0.0,0.0,0.0,,,,,,,,35.96671,-86.80985,True,Crashes_2010_2019_MPO
101495978,2017-01-04,2017,,19.0,,,0,0,N,0.0,0.0,0.0,,,,,,,,36.03899,-86.78258,False,Crashes_2010_2019_MPO
101033514,2015-11-19,2015,,19.0,,,0,0,N,0.0,0.0,0.0,,,,,,,,36.03836,-86.67734,False,Crashes_2010_2019_MPO
100563416,2014-06-20,2014,,94.0,,,0,0,N,0.0,0.0,0.0,,,,,,,,35.98623,-86.77802,True,Crashes_2010_2019_MPO
102135696,2018-09-06,2018,,19.0,,,0,0,N,0.0,0.0,0.0,,,,,,,,36.03772,-86.79475,False,Crashes_2010_2019_MPO
102385255,2019-05-10,2019,,94.0,,,0,0,N,0.0,0.0,0.0,,,,,,,,36.03342,-86.78535,True,Crashes_2010_2019_MPO
101127077,2016-03-03,2016,,94.0,,,0,0,N,0.0,0.0,0.0,,,,,,,,35.94429,-86.81993,False,Crashes_2010_2019_MPO
101798107,2017-10-20,2017,,19.0,,,0,0,N,0.0,0.0,0.0,,,,,,,,36.0458,-86.72078,False,Crashes_2010_2019_MPO
100397732,2013-10-29,2013,,94.0,,,0,0,N,0.0,0.0,0.0,,,,,,,,35.92315,-86.87106,False,Crashes_2010_2019_MPO
100837219,2015-05-19,2015,,94.0,,,0,0,N,0.0,0.0,0.0,,,,,,,,35.99464,-86.7684,True,Crashes_2010_2019_MPO
102010164,2018-05-14,2018,,94.0,,,0,0,N,0.0,0.0,0.0,,,,,,,,35.98392,-86.72226,True,Crashes_2010_2019_MPO
102426611,2019-06-22,2019,,94.0,,,0,0,N,0.0,0.0,0.0,,,,,,,,35.97636,-86.82798,True,Crashes_2010_2019_MPO
101590745,2017-03-22,2017,,19.0,,,0,0,N,0.0,0.0,0.0,,,,,,,,36.04542,-86.71835,False,Crashes_2010_2019_MPO
101489065,2016-12-28,2016,,19.0,,,0,0,N,0.0,0.0,0.0,,,,,,,,36.04034,-86.74517,False,Crashes_2010_2019_MPO
101396821,2016-10-05,2016,,19.0,,,0,0,N,0.0,0.0,0.0,,,,,,,,36.03973,-86.75669,False,Crashes_2010_2019_MPO
101780340,2017-10-03,2017,,19.0,,,0,0,N,0.0,0.0,0.0,,,,,,,,36.04573,-86.85543,False,Crashes_2010_2019_MPO
101005810,2015-11-09,2015,,19.0,,,0,0,N,0.0,0.0,0.0,,,,,,,,36.04078,-86.78271,False,Crashes_2010_2019_MPO
101929876,2018-02-28,2018,,19.0,,,0,0,N,0.0,0.0,0.0,,,,,,,,36.03529,-86.78303,False,Crashes_2010_2019_MPO
101047151,2015-12-11,2015,,94.0,,,0,0,N,0.0,0.0,0.0,,,,,,,,36.01319,-86.73873,True,Crashes_2010_2019_MPO
102599740,2019-12-16,2019,,94.0,,,0,0,N,0.0,0.0,0.0,,,,,,,,35.97717,-86.87639,False,Crashes_2010_2019_MPO
101935689,2018-03-06,2018,,19.0,,,0,0,N,0.0,0.0,0.0,,,,,,,,36.03066,-86.78358,True,Crashes_2010_2019_MPO
102494075,2019-08-31,2019,,19.0,,,0,0,N,0.0,0.0,0.0,,,,,,,,36.0374,-86.78657,False,Crashes_2010_2019_MPO
101428126,2016-11-01,2016,,19.0,,,0,0,N,0.0,0.0,0.0,,,,,,,,36.0409,-86.77938,False,Crashes_2010_2019_MPO
101400787,2016-10-10,2016,,94.0,,,0,0,N,0.0,0.0,0.0,,,,,,,,36.0435,-86.866,True,Crashes_2010_2019_MPO
102150725,2018-09-19,2018,,94.0,,,0,0,N,0.0,0.0,0.0,,,,,,,,35.93299,-86.85005,False,Crashes_2010_2019_MPO
101288079,2016-07-18,2016,,94.0,,,0,0,N,0.0,0.0,0.0,,,,,,,,35.9962,-86.78593,True,Crashes_2010_2019_MPO
100709855,2014-12-20,2014,,94.0,,,0,0,N,0.0,0.0,0.0,,,,,,,,35.96523,-86.80844,False,Crashes_2010_2019_MPO
102435182,2019-07-02,2019,,94.0,,,0,0,N,0.0,0.0,0.0,,,,,,,,35.96688,-86.81117,True,Crashes_2010_2019_MPO
100462578,2014-03-10,2014,,94.0,,,0,0,N,0.0,0.0,0.0,,,,,,,,36.03307,-86.78195,True,Crashes_2010_2019_MPO
100215894,2012-08-17,2012,,94.0,,,0,0,N,0.0,0.0,0.0,,,,,,,,35.96512,-86.80035,True,Crashes_2010_2019_MPO
100425934,2013-12-31,2013,,94.0,,,0,0,N,0.0,0.0,0.0,,,,,,,,35.95674,-86.81437,False,Crashes_2010_2019_MPO
101552608,2017-02-12,2017,,94.0,,,0,0,N,0.0,0.0,0.0,,,,,,,,35.98432,-86.72402,True,Crashes_2010_2019_MPO
101163673,2016-04-13,2016,,19.0,,,0,0,N,0.0,0.0,0.0,,,,,,,,36.04481,-86.72489,False,Crashes_2010_2019_MPO
102168279,2018-10-04,2018,,94.0,,,0,0,N,0.0,0.0,0.0,,,,,,,,35.9476,-86.81992,False,Crashes_2010_2019_MPO
100826410,2015-04-30,2015,,19.0,,,0,0,N,0.0,0.0,0.0,,,,,,,,36.04203,-86.83296,False,Crashes_2010_2019_MPO
101497595,2017-01-06,2017,,94.0,,,0,0,N,0.0,0.0,0.0,,,,,,,,35.96518,-86.80029,True,Crashes_2010_2019_MPO
100981491,2015-10-16,2015,,94.0,,,0,0,Y,0.0,0.0,1.0,,,,,,,,35.95366,-86.81218,False,Crashes_2010_2019_MPO
101694438,2017-07-06,2017,,19.0,,,0,0,N,0.0,0.0,0.0,,,,,,,,36.04728,-86.86264,False,Crashes_2010_2019_MPO
100853340,2015-06-01,2015,,94.0,,,0,0,N,0.0,0.0,0.0,,,,,,,,35.99149,-86.79883,True,Crashes_2010_2019_MPO
101922829,2018-02-21,2018,,19.0,,,0,0,N,0.0,0.0,0.0,,,,,,,,36.0374,-86.78657,False,Crashes_2010_2019_MPO
101928005,2018-02-26,2018,,94.0,,,0,0,N,0.0,0.0,0.0,,,,,,,,35.94531,-86.87665,False,Crashes_2010_2019_MPO
100709141,2014-12-18,2014,,94.0,,,0,0,N,0.0,0.0,0.0,,,,,,,,35.96687,-86.81113,True,Crashes_2010_2019_MPO
101711912,2017-07-25,2017,,19.0,,,0,1,N,0.0,1.0,0.0,,,,,,,,36.04503,-86.69766,False,Crashes_2010_2019_MPO
101075722,2016-01-11,2016,,94.0,,,0,0,N,0.0,0.0,0.0,,,,,,,,35.93564,-86.81095,False,Crashes_2010_2019_MPO
101977146,2018-04-13,2018,,19.0,,,0,0,N,0.0,0.0,0.0,,,,,,,,36.0522,-86.74309,False,Crashes_2010_2019_MPO
101398215,2016-10-06,2016,,19.0,,,0,0,N,0.0,0.0,0.0,,,,,,,,36.05001,-86.71394,False,Crashes_2010_2019_MPO
101460753,2016-11-26,2016,,94.0,,,0,0,N,0.0,0.0,0.0,,,,,,,,35.96992,-86.80872,True,Crashes_2010_2019_MPO
101665879,2017-06-06,2017,,94.0,,,0,0,N,0.0,0.0,0.0,,,,,,,,35.96562,-86.83849,False,Crashes_2010_2019_MPO
102078159,2018-07-16,2018,,94.0,,,0,0,N,0.0,0.0,0.0,,,,,,,,35.95712,-86.84347,False,Crashes_2010_2019_MPO
101569851,2017-03-01,2017,,94.0,,,0,0,N,0.0,0.0,0.0,,,,,,,,35.96565,-86.81401,False,Crashes_2010_2019_MPO
101648733,2017-05-19,2017,,19.0,,,0,0,N,0.0,0.0,0.0,,,,,,,,36.04368,-86.69286,False,Crashes_2010_2019_MPO
101151358,2016-03-26,2016,,94.0,,,0,0,N,0.0,0.0,0.0,,,,,,,,35.96009,-86.80998,False,Crashes_2010_2019_MPO
101714200,2017-07-28,2017,,94.0,,,0,0,N,0.0,0.0,0.0,,,,,,,,35.96681,-86.81119,True,Crashes_2010_2019_MPO
102482112,2019-08-19,2019,,19.0,,,0,0,N,0.0,0.0,0.0,,,,,,,,36.04685,-86.67941,False,Crashes_2010_2019_MPO
101660710,2017-05-30,2017,,94.0,,,0,0,N,0.0,0.0,0.0,,,,,,,,35.99922,-86.80923,True,Crashes_2010_2019_MPO
101329036,2016-08-16,2016,,19.0,,,0,0,N,0.0,0.0,0.0,,,,,,,,36.03652,-86.7869,False,Crashes_2010_2019_MPO
100880120,2015-07-02,2015,,19.0,,,0,0,N,0.0,0.0,0.0,,,,,,,,36.03894,-86.7825,False,Crashes_2010_2019_MPO
100511647,2014-05-21,2014,,94.0,,,0,0,N,0.0,0.0,0.0,,,,,,,,35.94954,-86.81928,False,Crashes_2010_2019_MPO
101761610,2017-09-15,2017,,19.0,,,0,0,N,0.0,0.0,0.0,,,,,,,,36.04819,-86.86594,False,Crashes_2010_2019_MPO
102071116,2018-07-11,2018,,94.0,,,0,0,N,0.0,0.0,0.0,,,,,,,,35.9667,-86.8091,True,Crashes_2010_2019_MPO
101779622,2017-10-02,2017,,19.0,,,0,0,N,0.0,0.0,0.0,,,,,,,,36.04393,-86.6933,False,Crashes_2010_2019_MPO
102195949,2018-10-31,2018,,94.0,,,0,0,N,0.0,0.0,0.0,,,,,,,,35.96321,-86.82458,True,Crashes_2010_2019_MPO
101405551,2016-10-17,2016,,94.0,,,0,0,N,0.0,0.0,0.0,,,,,,,,35.97334,-86.83305,True,Crashes_2010_2019_MPO
101878621,2018-01-05,2018,,19.0,,,0,0,N,0.0,0.0,0.0,,,,,,,,36.03921,-86.78577,False,Crashes_2010_2019_MPO
102549603,2019-10-26,2019,,94.0,,,0,0,N,0.0,0.0,0.0,,,,,,,,35.92609,-86.87139,False,Crashes_2010_2019_MPO
101919527,2018-02-18,2018,,94.0,,,0,0,N,0.0,0.0,0.0,,,,,,,,35.93465,-86.86087,False,Crashes_2010_2019_MPO
100299208,2013-03-03,2013,,94.0,,,0,0,Y,0.0,0.0,1.0,,,,,,,,35.92391,-86.87162,False,Crashes_2010_2019_MPO
102291516,2019-01-29,2019,,94.0,,,0,0,N,0.0,0.0,0.0,,,,,,,,35.93667,-86.76804,False,Crashes_2010_2019_MPO
100966540,2015-09-24,2015,,19.0,,,0,0,N,0.0,0.0,0.0,,,,,,,,36.05038,-86.71405,False,Crashes_2010_2019_MPO
101365612,2016-09-20,2016,,94.0,,,0,0,N,0.0,0.0,0.0,,,,,,,,35.94798,-86.81903,False,Crashes_2010_2019_MPO
100402605,2013-11-09,2013,,94.0,,,0,0,N,0.0,0.0,0.0,,,,,,,,35.95919,-86.81079,False,Crashes_2010_2019_MPO
101968627,2018-04-06,2018,,94.0,,,0,0,N,0.0,0.0,0.0,,,,,,,,35.93557,-86.82364,False,Crashes_2010_2019_MPO
100084102,2011-08-19,2011,,94.0,,,0,0,N,0.0,0.0,0.0,,,,,,,,36.027961,-86.856559,False,Crashes_2010_2019_MPO