mstrrecnbr,collision_ts,year,county,countystat,crash,crash_type,fatalities,non_motorists,commercial,fatal_c,nonmotor_c,truck_c,fatalc,serious_injuries,ped,bike,lighting,weather,first_harmful_event,latitude,longitude,in_city,src_layer
102478549,2019-08-15,2019,,94.0,,,0,0,N,0.0,0.0,0.0,,,,,,,,35.99551,-86.77887,True,Crashes_2010_2019_MPO
100326465,2013-05-08,2013,,94.0,,,0,0,N,0.0,0.0,0.0,,,,,,,,35.94096,-86.83954,False,Crashes_2010_2019_MPO
102289839,2019-01-25,2019,,94.0,,,0,0,N,0.0,0.0,0.0,,,,,,,,35.93764,-86.68961,False,Crashes_2010_2019_MPO
101240320,2016-06-06,2016,,94.0,,,0,0,N,0.0,0.0,0.0,,,,,,,,35.99497,-86.77879,True,Crashes_2010_2019_MPO
100294865,2013-02-19,2013,,94.0,,,0,0,N,0.0,0.0,0.0,,,,,,,,35.94133,-86.84019,False,Crashes_2010_2019_MPO
101983928,2018-04-20,2018,,94.0,,,0,0,N,0.0,0.0,0.0,,,,,,,,35.94271,-86.82081,False,Crashes_2010_2019_MPO
101529172,2017-01-19,2017,,19.0,,,0,0,N,0.0,0.0,0.0,,,,,,,,36.04235,-86.83733,False,Crashes_2010_2019_MPO
101129273,2016-03-05,2016,,94.0,,,0,0,N,0.0,0.0,0.0,,,,,,,,35.94643,-86.85029,False,Crashes_2010_2019_MPO
100739098,2015-02-18,2015,,94.0,,,0,0,N,0.0,0.0,0.0,,,,,,,,35.99913,-86.80888,True,Crashes_2010_2019_MPO
101038386,2015-11-28,2015,,94.0,,,0,0,N,0.0,0.0,0.0,,,,,,,,35.99421,-86.69287,True,Crashes_2010_2019_MPO
101766728,2017-09-20,2017,,19.0,,,0,0,N,0.0,0.0,0.0,,,,,,,,36.03471,-86.78309,True,Crashes_2010_2019_MPO
100711767,2014-12-23,2014,,19.0,,,0,0,N,0.0,0.0,0.0,,,,,,,,36.04121,-86.7761,False,Crashes_2010_2019_MPO
102590250,2019-12-06,2019,,94.0,,,0,0,N,0.0,0.0,0.0,,,,,,,,35.99744,-86.79524,True,Crashes_2010_2019_MPO
101971753,2018-04-09,2018,,94.0,,,0,0,N,0.0,0.0,0.0,,,,,,,,35.97821,-86.80343,True,Crashes_2010_2019_MPO
101320154,2016-08-04,2016,,19.0,,,0,0,N,0.0,0.0,0.0,,,,,,,,36.04114,-86.77621,False,Crashes_2010_2019_MPO
100735277,2015-02-10,2015,,94.0,,,0,0,N,0.0,0.0,0.0,,,,,,,,36.03409,-86.7883,True,Crashes_2010_2019_MPO
101208405,2016-05-20,2016,,19.0,,,0,0,N,0.0,0.0,0.0,,,,,,,,36.03972,-86.7827,False,Crashes_2010_2019_MPO
100699182,2014-12-01,2014,,94.0,,,0,0,N,0.0,0.0,0.0,,,,,,,,35.92451,-86.82228,False,Crashes_2010_2019_MPO
101066851,2015-12-26,2015,,94.0,,,0,0,N,0.0,0.0,0.0,,,,,,,,35.9229,-86.87375,False,Crashes_2010_2019_MPO
102606185,2019-12-23,2019,,94.0,,,0,0,N,0.0,0.0,0.0,,,,,,,,35.94191,-86.82265,False,Crashes_2010_2019_MPO
102585977,2019-12-02,2019,,94.0,,,0,0,N,0.0,0.0,0.0,,,,,,,,35.92791,-86.8209,False,Crashes_2010_2019_MPO
102403544,2019-05-29,2019,,94.0,,,0,0,N,0.0,0.0,0.0,,,,,,,,36.01553,-86.74006,False,Crashes_2010_2019_MPO
100728030,2015-01-25,2015,,94.0,,,0,0,N,0.0,0.0,0.0,,,,,,,,35.94477,-86.82295,False,Crashes_2010_2019_MPO
101282004,2016-07-08,2016,,19.0,,,0,0,N,0.0,0.0,0.0,,,,,,,,36.0374,-86.78657,False,Crashes_2010_2019_MPO
100655062,2014-10-17,2014,,19.0,,,0,0,N,0.0,0.0,0.0,,,,,,,,36.05364,-86.71508,False,Crashes_2010_2019_MPO
102097043,2018-08-03,2018,,94.0,,,0,0,N,0.0,0.0,0.0,,,,,,,,35.97102,-86.67835,False,Crashes_2010_2019_MPO
100970548,2015-09-30,2015,,94.0,,,0,0,N,0.0,0.0,0.0,,,,,,,,35.9479,-86.69536,False,Crashes_2010_2019_MPO
102276812,2019-01-14,2019,,94.0,,,0,0,N,0.0,0.0,0.0,,,,,,,,35.95781,-86.80254,False,Crashes_2010_2019_MPO
100917677,2015-08-04,2015,,94.0,,,0,0,Y,0.0,0.0,1.0,,,,,,,,35.94119,-86.81653,False,Crashes_2010_2019_MPO
102130124,2018-08-31,2018,,94.0,,,0,0,N,0.0,0.0,0.0,,,,,,,,35.96055,-86.75568,True,Crashes_2010_2019_MPO
10722690,2014-03-05,2014,,19.0,,,0,0, ,0.0,0.0,0.0,,,,,,,,36.045707,-86.706323,False,Crashes_2010_2019_MPO
101153340,2016-03-28,2016,,94.0,,,0,0,N,0.0,0.0,0.0,,,,,,,,35.99551,-86.77887,True,Crashes_2010_2019_MPO
102383636,2019-05-08,2019,,94.0,,,0,0,N,0.0,0.0,0.0,,,,,,,,35.966748,-86.809085,True,Crashes_2010_2019_MPO
100261174,2012-12-03,2012,,94.0,,,0,0,N,0.0,0.0,0.0,,,,,,,,35.98803,-86.75221,True,Crashes_2010_2019_MPO
102323823,2019-03-07,2019,,94.0,,,0,0,N,0.0,0.0,0.0,,,,,,,,35.962797,-86.800298,True,Crashes_2010_2019_MPO
101792357,2017-10-14,2017,,94.0,,,0,0,N,0.0,0.0,0.0,,,,,,,,35.93054,-86.82421,False,Crashes_2010_2019_MPO
100755561,2015-03-02,2015,,94.0,,,0,0,N,0.0,0.0,0.0,,,,,,,,35.94761,-86.85878,False,Crashes_2010_2019_MPO
101317710,2016-07-29,2016,,19.0,,,0,0,N,0.0,0.0,0.0,,,,,,,,36.05412,-86.68267,False,Crashes_2010_2019_MPO
101479796,2016-12-17,2016,,94.0,,,0,0,N,0.0,0.0,0.0,,,,,,,,35.96716,-86.81351,True,Crashes_2010_2019_MPO
101314816,2016-07-28,2016,,19.0,,,0,0,N,0.0,0.0,0.0,,,,,,,,36.03773,-86.67726,False,Crashes_2010_2019_MPO
100360453,2013-07-30,2013,,94.0,,,0,0,N,0.0,0.0,0.0,,,,,,,,35.9583,-86.80229,False,Crashes_2010_2019_MPO
101570924,2017-03-02,2017,,94.0,,,0,0,N,0.0,0.0,0.0,,,,,,,,35.95111,-86.84829,False,Crashes_2010_2019_MPO
101080407,2016-01-20,2016,,94.0,,,0,0,N,0.0,0.0,0.0,,,,,,,,35.96531,-86.80814,False,Crashes_2010_2019_MPO
100543738,2014-05-27,2014,,94.0,,,0,0,N,0.0,0.0,0.0,,,,,,,,35.92902,-86.84902,False,Crashes_2010_2019_MPO
100668565,2014-11-11,2014,,94.0,,,0,0,N,0.0,0.0,0.0,,,,,,,,35.94625,-86.80816,False,Crashes_2010_2019_MPO
101849911,2017-12-06,2017,,94.0,,,0,0,N,0.0,0.0,0.0,,,,,,,,35.92957,-86.84187,False,Crashes_2010_2019_MPO
100824991,2015-04-28,2015,,94.0,,,0,0,N,0.0,0.0,0.0,,,,,,,,35.99455,-86.76741,True,Crashes_2010_2019_MPO
101543955,2017-01-30,2017,,94.0,,,0,0,N,0.0,0.0,0.0,,,,,,,,35.94749,-86.8144,False,Crashes_2010_2019_MPO
102538676,2019-10-15,2019,,19.0,,,0,0,N,0.0,0.0,0.0,,,,,,,,36.04705,-86.71346,False,Crashes_2010_2019_MPO
102138089,2018-09-08,2018,,19.0,,,0,0,N,0.0,0.0,0.0,,,,,,,,36.02656,-86.70278,False,Crashes_2010_2019_MPO
102496726,2019-09-01,2019,,19.0,,,0,0,N,0.0,0.0,0.0,,,,,,,,36.04005,-86.74404,False,Crashes_2010_2019_MPO
100857278,2015-06-08,2015,,94.0,,,0,0,N,0.0,0.0,0.0,,,,,,,,35.9698,-86.72403,True,Crashes_2010_2019_MPO
102496456,2019-09-02,2019,,94.0,,,0,0,N,0.0,0.0,0.0,,,,,,,,35.94005,-86.85697,False,Crashes_2010_2019_MPO
101079461,2016-01-18,2016,,19.0,,,0,0,N,0.0,0.0,0.0,,,,,,,,36.03797,-86.79777,False,Crashes_2010_2019_MPO
100909276,2015-07-20,2015,,94.0,,,0,0,N,0.0,0.0,0.0,,,,,,,,35.96683,-86.81196,True,Crashes_2010_2019_MPO
101392550,2016-09-29,2016,,19.0,,,0,0,N,0.0,0.0,0.0,,,,,,,,36.04744,-86.86322,False,Crashes_2010_2019_MPO
100608375,2014-08-20,2014,,94.0,,,0,0,N,0.0,0.0,0.0,,,,,,,,35.99645,-86.78815,True,Crashes_2010_2019_MPO
100734061,2015-02-08,2015,,94.0,,,0,0,N,0.0,0.0,0.0,,,,,,,,35.94713,-86.85163,False,Crashes_2010_2019_MPO
102577407,2019-11-23,2019,,94.0,,,0,0,N,0.0,0.0,0.0,,,,,,,,35.97948,-86.77094,True,Crashes_2010_2019_MPO
102580340,2019-11-26,2019,,94.0,,,0,0,N,0.0,0.0,0.0,,,,,,,,35.98749,-86.81617,True,Crashes_2010_2019_MPO
102264061,2019-01-02,2019,,94.0,,,0,0,N,0.0,0.0,0.0,,,,,,,,35.92382,-86.87164,False,Crashes_2010_2019_MPO
100962751,2015-09-18,2015,,19.0,,,0,0,N,0.0,0.0,0.0,,,,,,,,36.04993,-86.69303,False,Crashes_2010_2019_MPO
101398852,2016-10-08,2016,,19.0,,,0,0,N,0.0,0.0,0.0,,,,,,,,36.04543,-86.70361,False,Crashes_2010_2019_MPO
102348438,2019-04-02,2019,,94.0,,,0,0,N,0.0,0.0,0.0,,,,,,,,35.96743,-86.77752,True,Crashes_2010_2019_MPO
101888267,2018-01-16,2018,,94.0,,,0,0,N,0.0,0.0,0.0,,,,,,,,35.95078,-86.80647,False,Crashes_2010_2019_MPO
100972105,2015-10-02,2015,,19.0,,,0,0,N,0.0,0.0,0.0,,,,,,,,35.99859,-86.69229,False,Crashes_2010_2019_MPO
102012648,2018-05-16,2018,,94.0,,,0,0,N,0.0,0.0,0.0,,,,,,,,35.96518,-86.80029,True,Crashes_2010_2019_MPO
100923092,2015-08-14,2015,,94.0,,,0,0,N,0.0,0.0,0.0,,,,,,,,35.97298,-86.80524,True,Crashes_2010_2019_MPO
102587730,2019-12-04,2019,,19.0,,,0,0,N,0.0,0.0,0.0,,,,,,,,36.03972,-86.73956,False,Crashes_2010_2019_MPO
102463365,2019-07-31,2019,,94.0,,,0,0,N,0.0,0.0,0.0,,,,,,,,35.94681,-86.85199,False,Crashes_2010_2019_MPO
101010563,2015-11-15,2015,,94.0,,,0,0,N,0.0,0.0,0.0,,,,,,,,35.94728,-86.82185,False,Crashes_2010_2019_MPO
102338463,2019-03-22,2019,,94.0,,,0,0,N,0.0,0.0,0.0,,,,,,,,35.96798,-86.81833,True,Crashes_2010_2019_MPO
102440687,2019-07-07,2019,,19.0,,,0,0,N,0.0,0.0,0.0,,,,,,,,36.03772,-86.79475,False,Crashes_2010_2019_MPO
100187915,2012-05-31,2012,,94.0,,,0,0,N,0.0,0.0,0.0,,,,,,,,35.98627,-86.80063,True,Crashes_2010_2019_MPO
100660321,2014-10-27,2014,,19.0,,,0,0,N,0.0,0.0,0.0,,,,,,,,36.04115,-86.72668,False,Crashes_2010_2019_MPO
100857705,2015-06-09,2015,,19.0,,,0,0,N,0.0,0.0,0.0,,,,,,,,36.05155,-86.71425,False,Crashes_2010_2019_MPO
100730368,2015-01-30,2015,,94.0,,,0,0,N,0.0,0.0,0.0,,,,,,,,36.01708,-86.78614,True,Crashes_2010_2019_MPO
101684075,2017-06-26,2017,,19.0,,,0,0,N,0.0,0.0,0.0,,,,,,,,36.04658,-86.71341,False,Crashes_2010_2019_MPO
101484645,2016-12-22,2016,,94.0,,,0,0,N,0.0,0.0,0.0,,,,,,,,36.01286,-86.80081,True,Crashes_2010_2019_MPO
100941082,2015-08-28,2015,,94.0,,,0,0,N,0.0,0.0,0.0,,,,,,,,35.95595,-86.7672,True,Crashes_2010_2019_MPO
102174248,2018-10-11,2018,,94.0,,,0,0,N,0.0,0.0,0.0,,,,,,,,35.96705,-86.81355,True,Crashes_2010_2019_MPO
100694544,2014-11-21,2014,,19.0,,,0,0,N,0.0,0.0,0.0,,,,,,,,36.04392,-86.69328,False,Crashes_2010_2019_MPO
101730138,2017-08-14,2017,,94.0,,,0,0,N,0.0,0.0,0.0,,,,,,,,35.95044,-86.76539,True,Crashes_2010_2019_MPO
100398667,2013-10-31,2013,,94.0,,,0,0,N,0.0,0.0,0.0,,,,,,,,35.97102,-86.72644,True,Crashes_2010_2019_MPO
101958317,2018-03-28,2018,,19.0,,,0,0,N,0.0,0.0,0.0,,,,,,,,36.05453,-86.72533,False,Crashes_2010_2019_MPO
102323040,2019-03-06,2019,,19.0,,,0,0,N,0.0,0.0,0.0,,,,,,,,36.04525,-86.71442,False,Crashes_2010_2019_MPO
102326930,2019-03-10,2019,,94.0,,,0,0,N,0.0,0.0,0.0,,,,,,,,35.95587,-86.81725,False,Crashes_2010_2019_MPO
100642640,2014-10-13,2014,,94.0,,,0,0,N,0.0,0.0,0.0,,,,,,,,35.94924,-86.84972,False,Crashes_2010_2019_MPO
101928467,2018-02-22,2018,,94.0,,,0,0,N,0.0,0.0,0.0,,,,,,,,35.92963,-86.84185,False,Crashes_2010_2019_MPO
100403931,2013-11-12,2013,,94.0,,,0,0,N,0.0,0.0,0.0,,,,,,,,35.93407,-86.8613,False,Crashes_2010_2019_MPO
101584187,2017-03-15,2017,,94.0,,,0,0,N,0.0,0.0,0.0,,,,,,,,35.94695,-86.82154,False,Crashes_2010_2019_MPO
102539440,2019-10-16,2019,,94.0,,,0,0,N,0.0,0.0,0.0,,,,,,,,35.94699,-86.81153,False,Crashes_2010_2019_MPO
900093096,2010-04-15,2010,,94.0,,,0,0, ,0.0,0.0,0.0,,,,,,,,35.980598,-86.855698,False,Crashes_2010_2019_MPO
101583397,2017-03-14,2017,,94.0,,,0,0,N,0.0,0.0,0.0,,,,,,,,36.01756,-86.78654,True,Crashes_2010_2019_MPO
100730012,2015-01-30,2015,,19.0,,,0,0,N,0.0,0.0,0.0,,,,,,,,36.05364,-86.71508,False,Crashes_2010_2019_MPO
100699506,2014-12-01,2014,,19.0,,,0,0,N,0.0,0.0,0.0,,,,,,,,36.04151,-86.78247,False,Crashes_2010_2019_MPO
101601341,2017-04-02,2017,,94.0,,,0,0,N,0.0,0.0,0.0,,,,,,,,35.999111,-86.779343,True,Crashes_2010_2019_MPO
101318845,2016-08-02,2016,,94.0,,,0,0,N,0.0,0.0,0.0,,,,,,,,35.94765,-86.81971,False,Crashes_2010_2019_MPO
101870570,2017-12-27,2017,,94.0,,,0,0,N,0.0,0.0,0.0,,,,,,,,36.0268,-86.81867,True,Crashes_2010_2019_MPO
100915314,2015-07-31,2015,,94.0,,,0,0,N,0.0,0.0,0.0,,,,,,,,35.93068,-86.86383,False,Crashes_2010_2019_MPO
100700950,2014-12-04,2014,,94.0,,,0,0,N,0.0,0.0,0.0,,,,,,,,35.95992,-86.80184,False,Crashes_2010_2019_MPO
102110980,2018-08-15,2018,,19.0,,,0,0,N,0.0,0.0,0.0,,,,,,,,36.04246,-86.70037,False,Crashes_2010_2019_MPO
101982271,2018-04-19,2018,,94.0,,,0,0,N,0.0,0.0,0.0,,,,,,,,36.00108,-86.79402,True,Crashes_2010_2019_MPO
101622057,2017-04-21,2017,,19.0,,,0,0,N,0.0,0.0,0.0,,,,,,,,36.04124,-86.78251,False,Crashes_2010_2019_MPO
100768407,2015-03-07,2015,,94.0,,,0,0,N,0.0,0.0,0.0,,,,,,,,35.96781,-86.81844,True,Crashes_2010_2019_MPO
101390105,2016-09-26,2016,,94.0,,,0,0,N,0.0,0.0,0.0,,,,,,,,35.96978,-86.72439,True,Crashes_2010_2019_MPO
101752710,2017-09-06,2017,,94.0,,,0,0,N,0.0,0.0,0.0,,,,,,,,35.93998,-86.81695,False,Crashes_2010_2019_MPO
102000244,2018-05-05,2018,,94.0,,,0,0,N,0.0,0.0,0.0,,,,,,,,35.93901,-86.82166,False,Crashes_2010_2019_MPO
101365177,2016-09-17,2016,,19.0,,,0,0,N,0.0,0.0,0.0,,,,,,,,36.04537,-86.71326,False,Crashes_2010_2019_MPO
101776270,2017-09-29,2017,,19.0,,,0,0,N,0.0,0.0,0.0,,,,,,,,36.04102,-86.74625,False,Crashes_2010_2019_MPO
101758737,2017-09-12,2017,,94.0,,,0,0,N,0.0,0.0,0.0,,,,,,,,36.01504,-86.72553,False,Crashes_2010_2019_MPO
102253038,2018-12-20,2018,,94.0,,,0,0,N,0.0,0.0,0.0,,,,,,,,35.9699,-86.80631,True,Crashes_2010_2019_MPO
100910576,2015-07-22,2015,,94.0,,,0,0,N,0.0,0.0,0.0,,,,,,,,35.9581,-86.83164,False,Crashes_2010_2019_MPO
102370948,2019-04-23,2019,,94.0,,,0,0,N,0.0,0.0,0.0,,,,,,,,35.96612,-86.80488,True,Crashes_2010_2019_MPO
100331373,2013-05-17,2013,,94.0,,,0,0,N,0.0,0.0,0.0,,,,,,,,35.98242,-86.84628,False,Crashes_2010_2019_MPO
102610843,2019-12-27,2019,,19.0,,,0,0,N,0.0,0.0,0.0,,,,,,,,36.04614,-86.72165,False,Crashes_2010_2019_MPO
100996306,2015-10-26,2015,,19.0,,,0,0,N,0.0,0.0,0.0,,,,,,,,36.04112,-86.78253,False,Crashes_2010_2019_MPO
102095855,2018-08-02,2018,,19.0,,,0,0,N,0.0,0.0,0.0,,,,,,,,36.05196,-86.77559,False,Crashes_2010_2019_MPO
101879155,2018-01-05,2018,,94.0,,,0,0,N,0.0,0.0,0.0,,,,,,,,35.98863,-86.79982,True,Crashes_2010_2019_MPO
100375642,2013-09-05,2013,,94.0,,,0,0,N,0.0,0.0,0.0,,,,,,,,35.95084,-86.81864,False,Crashes_2010_2019_MPO
101101683,2016-02-07,2016,,94.0,,,0,0,N,0.0,0.0,0.0,,,,,,,,35.92387,-86.79613,False,Crashes_2010_2019_MPO
102312030,2019-02-21,2019,,94.0,,,0,0,N,0.0,0.0,0.0,,,,,,,,36.01756,-86.79759,True,Crashes_2010_2019_MPO
102010006,2018-05-13,2018,,94.0,,,0,0,N,0.0,0.0,0.0,,,,,,,,36.0146,-86.7858,True,Crashes_2010_2019_MPO
102070566,2018-07-10,2018,,19.0,,,0,0,N,0.0,0.0,0.0,,,,,,,,36.034,-86.69044,False,Crashes_2010_2019_MPO
102554396,2019-10-31,2019,,94.0,,,0,0,N,0.0,0.0,0.0,,,,,,,,35.99939,-86.85581,False,Crashes_2010_2019_MPO
101065761,2015-12-23,2015,,94.0,,,0,0,N,0.0,0.0,0.0,,,,,,,,35.94543,-86.82308,False,Crashes_2010_2019_MPO
101073905,2016-01-08,2016,,19.0,,,0,0,N,0.0,0.0,0.0,,,,,,,,36.03797,-86.79777,False,Crashes_2010_2019_MPO
100948106,2015-09-10,2015,,19.0,,,0,0,N,0.0,0.0,0.0,,,,,,,,36.04231,-86.72652,False,Crashes_2010_2019_MPO
101665457,2017-06-05,2017,,19.0,,,0,0,N,0.0,0.0,0.0,,,,,,,,36.04436,-86.81581,False,Crashes_2010_2019_MPO
100438113,2014-02-02,2014,,94.0,,,0,0,N,0.0,0.0,0.0,,,,,,,,35.92254,-86.82293,False,Crashes_2010_2019_MPO
102062610,2018-07-03,2018,,19.0,,,0,0,N,0.0,0.0,0.0,,,,,,,,36.04522,-86.71479,False,Crashes_2010_2019_MPO
101626819,2017-04-26,2017,,94.0,,,0,0,N,0.0,0.0,0.0,,,,,,,,35.92641,-86.82453,False,Crashes_2010_2019_MPO
101710265,2017-07-24,2017,,94.0,,,0,0,N,0.0,0.0,0.0,,,,,,,,35.94866,-86.80989,False,Crashes_2010_2019_MPO
10689160,2012-10-04,2012,,19.0,,,0,0, ,0.0,0.0,0.0,,,,,,,,36.041672,-86.720734,False,Crashes_2010_2019_MPO
101319584,2016-08-03,2016,,94.0,,,0,0,N,0.0,0.0,0.0,,,,,,,,35.9574,-86.84323,False,Crashes_2010_2019_MPO
101464509,2016-11-28,2016,,19.0,,,0,0,N,0.0,0.0,0.0,,,,,,,,36.02914,-86.78377,True,Crashes_2010_2019_MPO
100971724,2015-10-02,2015,,94.0,,,0,0,N,0.0,0.0,0.0,,,,,,,,35.93496,-86.77669,False,Crashes_2010_2019_MPO
102124024,2018-08-27,2018,,19.0,,,0,0,N,0.0,0.0,0.0,,,,,,,,36.04194,-86.74394,False,Crashes_2010_2019_MPO
102389705,2019-05-14,2019,,94.0,,,0,0,N,0.0,0.0,0.0,,,,,,,,35.93446,-86.81991,False,Crashes_2010_2019_MPO
101303904,2016-07-26,2016,,94.0,,,0,0,N,0.0,0.0,0.0,,,,,,,,35.99783,-86.80997,True,Crashes_2010_2019_MPO
101437978,2016-11-12,2016,,19.0,,,0,0,Y,0.0,0.0,1.0,,,,,,,,36.03845,-86.71322,False,Crashes_2010_2019_MPO
101948930,2018-03-19,2018,,94.0,,,0,0,N,0.0,0.0,0.0,,,,,,,,35.93374,-86.81767,False,Crashes_2010_2019_MPO
101331094,2016-08-19,2016,,94.0,,,0,0,N,0.0,0.0,0.0,,,,,,,,35.97318,-86.83239,True,Crashes_2010_2019_MPO
102577342,2019-11-23,2019,,19.0,,,0,0,N,0.0,0.0,0.0,,,,,,,,36.00592,-86.68826,False,Crashes_2010_2019_MPO
101621728,2017-04-21,2017,,94.0,,,0,0,N,0.0,0.0,0.0,,,,,,,,35.98572,-86.73348,True,Crashes_2010_2019_MPO
101135263,2016-03-15,2016,,94.0,,,0,0,N,0.0,0.0,0.0,,,,,,,,35.94114,-86.83623,False,Crashes_2010_2019_MPO
100874047,2015-06-20,2015,,94.0,,,0,0,N,0.0,0.0,0.0,,,,,,,,35.94757,-86.81473,False,Crashes_2010_2019_MPO
102545019,2019-10-22,2019,,94.0,,,0,0,N,0.0,0.0,0.0,,,,,,,,35.9282,-86.76738,False,Crashes_2010_2019_MPO
102513502,2019-09-19,2019,,94.0,,,0,0,N,0.0,0.0,0.0,,,,,,,,35.96531,-86.79995,True,Crashes_2010_2019_MPO
102007596,2018-05-11,2018,,19.0,,,0,0,N,0.0,0.0,0.0,,,,,,,,36.0359,-86.78288,False,Crashes_2010_2019_MPO
100325892,2013-05-07,2013,,94.0,,,0,0,N,0.0,0.0,0.0,,,,,,,,35.96665,-86.80923,True,Crashes_2010_2019_MPO
101551114,2017-02-11,2017,,19.0,,,0,0,N,0.0,0.0,0.0,,,,,,,,36.0395,-86.73766,False,Crashes_2010_2019_MPO
102188260,2018-10-24,2018,,94.0,,,0,0,N,0.0,0.0,0.0,,,,,,,,35.96172,-86.80176,True,Crashes_2010_2019_MPO
101452737,2016-11-17,2016,,19.0,,,0,0,N,0.0,0.0,0.0,,,,,,,,36.05018,-86.69634,False,Crashes_2010_2019_MPO
100136427,2012-01-11,2012,,94.0,,,0,0,Y,0.0,0.0,1.0,,,,,,,,35.96672,-86.8113,True,Crashes_2010_2019_MPO
101469307,2016-12-06,2016,,19.0,,,0,0,N,0.0,0.0,0.0,,,,,,,,36.04078,-86.77959,False,Crashes_2010_2019_MPO
100709309,2014-12-19,2014,,19.0,,,0,0,N,0.0,0.0,0.0,,,,,,,,36.03821,-86.78633,False,Crashes_2010_2019_MPO
100853243,2015-05-30,2015,,19.0,,,0,0,N,0.0,0.0,0.0,,,,,,,,36.03492,-86.78566,True,Crashes_2010_2019_MPO
101774971,2017-09-28,2017,,94.0,,,0,0,N,0.0,0.0,0.0,,,,,,,,35.98564,-86.73301,True,Crashes_2010_2019_MPO
100678776,2014-11-11,2014,,19.0,,,0,0,N,0.0,0.0,0.0,,,,,,,,36.04838,-86.74365,False,Crashes_2010_2019_MPO
100753997,2015-02-26,2015,,94.0,,,0,0,N,0.0,0.0,0.0,,,,,,,,35.94341,-86.81488,False,Crashes_2010_2019_MPO
102105690,2018-08-10,2018,,94.0,,,0,0,N,0.0,0.0,0.0,,,,,,,,35.94972,-86.81915,False,Crashes_2010_2019_MPO
100405921,2013-11-16,2013,,94.0,,,0,0,Y,0.0,0.0,1.0,,,,,,,,35.96614,-86.80766,True,Crashes_2010_2019_MPO
101955621,2018-03-20,2018,,94.0,,,0,0,N,0.0,0.0,0.0,,,,,,,,35.92665,-86.82161,False,Crashes_2010_2019_MPO
100964806,2015-09-20,2015,,19.0,,,0,0,N,0.0,0.0,0.0,,,,,,,,36.0443,-86.84631,False,Crashes_2010_2019_MPO
102612186,2019-12-31,2019,,94.0,,,0,0,N,0.0,0.0,0.0,,,,,,,,35.965,-86.80016,True,Crashes_2010_2019_MPO
100178539,2012-05-08,2012,,94.0,,,0,0,N,0.0,0.0,0.0,,,,,,,,36.03958,-86.86944,False,Crashes_2010_2019_MPO
100177256,2012-05-04,2012,,94.0,,,0,0,Y,0.0,0.0,1.0,,,,,,,,35.99662,-86.79706,True,Crashes_2010_2019_MPO
101801978,2017-10-24,2017,,94.0,,,0,0,N,0.0,0.0,0.0,,,,,,,,36.03127,-86.78351,True,Crashes_2010_2019_MPO
100755948,2015-03-03,2015,,94.0,,,0,0,N,0.0,0.0,0.0,,,,,,,,36.00387,-86.79114,True,Crashes_2010_2019_MPO
100285894,2013-01-23,2013,,94.0,,,0,0,N,0.0,0.0,0.0,,,,,,,,36.03351,-86.78322,True,Crashes_2010_2019_MPO
102306161,2019-02-14,2019,,19.0,,,0,0,N,0.0,0.0,0.0,,,,,,,,36.0409,-86.77938,False,Crashes_2010_2019_MPO
100584927,2014-07-18,2014,,94.0,,,0,0,N,0.0,0.0,0.0,,,,,,,,35.97776,-86.80359,True,Crashes_2010_2019_MPO
101134931,2016-03-16,2016,,19.0,,,0,0,N,0.0,0.0,0.0,,,,,,,,36.05217,-86.77516,False,Crashes_2010_2019_MPO
102264496,2019-01-02,2019,,94.0,,,0,0,N,0.0,0.0,0.0,,,,,,,,35.94648,-86.80925,False,Crashes_2010_2019_MPO
101721952,2017-08-05,2017,,94.0,,,0,0,N,0.0,0.0,0.0,,,,,,,,35.94677,-86.82195,False,Crashes_2010_2019_MPO
100771175,2015-03-12,2015,,19.0,,,0,0,N,0.0,0.0,0.0,,,,,,,,36.03429,-86.67992,False,Crashes_2010_2019_MPO
102572374,2019-11-18,2019,,19.0,,,0,0,N,0.0,0.0,0.0,,,,,,,,36.0514,-86.69005,False,Crashes_2010_2019_MPO
100919751,2015-08-08,2015,,19.0,,,0,0,N,0.0,0.0,0.0,,,,,,,,36.04573,-86.70793,False,Crashes_2010_2019_MPO
102387044,2019-05-11,2019,,19.0,,,0,0,N,0.0,0.0,0.0,,,,,,,,36.04708,-86.70309,False,Crashes_2010_2019_MPO
100286661,2013-02-01,2013,,94.0,,,0,0,N,0.0,0.0,0.0,,,,,,,,35.95653,-86.81495,False,Crashes_2010_2019_MPO
101074025,2016-01-08,2016,,94.0,,,0,0,N,0.0,0.0,0.0,,,,,,,,35.9486,-86.81972,False,Crashes_2010_2019_MPO
101273647,2016-06-26,2016,,94.0,,,0,0,N,0.0,0.0,0.0,,,,,,,,35.99119,-86.68355,False,Crashes_2010_2019_MPO
101554481,2017-02-14,2017,,19.0,,,0,0,N,0.0,0.0,0.0,,,,,,,,36.04252,-86.82694,False,Crashes_2010_2019_MPO
101072252,2016-01-05,2016,,94.0,,,0,0,Y,0.0,0.0,1.0,,,,,,,,35.93206,-86.80172,False,Crashes_2010_2019_MPO
101427311,2016-10-31,2016,,19.0,,,0,0,N,0.0,0.0,0.0,,,,,,,,36.04018,-86.70512,False,Crashes_2010_2019_MPO
101796217,2017-10-18,2017,,19.0,,,0,0,N,0.0,0.0,0.0,,,,,,,,36.03643,-86.786958,False,Crashes_2010_2019_MPO
101890270,2018-01-18,2018,,94.0,,,0,0,N,0.0,0.0,0.0,,,,,,,,36.03689,-86.81684,True,Crashes_2010_2019_MPO
102192404,2018-10-28,2018,,94.0,,,0,0,N,0.0,0.0,0.0,,,,,,,,35.9463,-86.8085,False,Crashes_2010_2019_MPO
102498006,2019-09-03,2019,,19.0,,,0,0,N,0.0,0.0,0.0,,,,,,,,36.04595,-86.68448,False,Crashes_2010_2019_MPO
100660556,2014-10-28,2014,,94.0,,,0,0,N,0.0,0.0,0.0,,,,,,,,35.99782,-86.79885,True,Crashes_2010_2019_MPO