mstrrecnbr,collision_ts,year,county,countystat,crash,crash_type,fatalities,non_motorists,commercial,fatal_c,nonmotor_c,truck_c,fatalc,serious_injuries,ped,bike,lighting,weather,first_harmful_event,latitude,longitude,in_city,src_layer
102273857,2019-01-10,2019,,94.0,,,0,0,N,0.0,0.0,0.0,,,,,,,,35.9976,-86.79699,True,Crashes_2010_2019_MPO
101794830,2017-10-12,2017,,94.0,,,0,0,N,0.0,0.0,0.0,,,,,,,,36.03319,-86.7876,True,Crashes_2010_2019_MPO
100705425,2014-12-11,2014,,94.0,,,0,0,N,0.0,0.0,0.0,,,,,,,,36.01689,-86.78609,True,Crashes_2010_2019_MPO
100391843,2013-10-16,2013,,94.0,,,0,0,N,0.0,0.0,0.0,,,,,,,,35.9667,-86.81117,True,Crashes_2010_2019_MPO
102388828,2019-05-14,2019,,94.0,,,0,0,N,0.0,0.0,0.0,,,,,,,,35.92645,-86.76721,False,Crashes_2010_2019_MPO
102311901,2019-02-21,2019,,94.0,,,0,0,N,0.0,0.0,0.0,,,,,,,,36.03219,-86.81755,True,Crashes_2010_2019_MPO
100654093,2014-10-13,2014,,94.0,,,0,0,N,0.0,0.0,0.0,,,,,,,,35.96645,-86.80749,True,Crashes_2010_2019_MPO
101730570,2017-08-14,2017,,94.0,,,0,0,N,0.0,0.0,0.0,,,,,,,,35.94978,-86.81329,False,Crashes_2010_2019_MPO
101931979,2018-03-02,2018,,19.0,,,0,0,N,0.0,0.0,0.0,,,,,,,,36.05367,-86.7149,False,Crashes_2010_2019_MPO
100563418,2014-06-20,2014,,94.0,,,0,0,N,0.0,0.0,0.0,,,,,,,,35.9261,-86.8714,False,Crashes_2010_2019_MPO
102313556,2019-02-22,2019,,94.0,,,0,0,N,0.0,0.0,0.0,,,,,,,,35.95062,-86.81855,False,Crashes_2010_2019_MPO
101874276,2017-12-31,2017,,19.0,,,0,0,N,0.0,0.0,0.0,,,,,,,,36.04543,-86.70361,False,Crashes_2010_2019_MPO
102195276,2018-10-30,2018,,19.0,,,0,0,N,0.0,0.0,0.0,,,,,,,,36.04071,-86.77222,False,Crashes_2010_2019_MPO
10417096,2011-03-16,2011,,19.0,,,0,0, ,0.0,0.0,0.0,,,,,,,,36.041155,-86.677768,False,Crashes_2010_2019_MPO
101364647,2016-09-19,2016,,19.0,,,0,0,N,0.0,0.0,0.0,,,,,,,,36.04635,-86.67714,False,Crashes_2010_2019_MPO
100924794,2015-08-17,2015,,94.0,,,0,0,N,0.0,0.0,0.0,,,,,,,,35.95256,-86.82077,False,Crashes_2010_2019_MPO
100335694,2013-05-30,2013,,94.0,,,0,0,N,0.0,0.0,0.0,,,,,,,,35.9452,-86.84772,False,Crashes_2010_2019_MPO
101684764,2017-06-26,2017,,94.0,,,0,0,N,0.0,0.0,0.0,,,,,,,,35.92646,-86.82507,False,Crashes_2010_2019_MPO
101964204,2018-04-02,2018,,94.0,,,0,0,N,0.0,0.0,0.0,,,,,,,,35.99748,-86.79602,True,Crashes_2010_2019_MPO
100548851,2014-06-09,2014,,94.0,,,0,0,N,0.0,0.0,0.0,,,,,,,,35.99551,-86.77889,True,Crashes_2010_2019_MPO
101060873,2015-12-14,2015,,94.0,,,0,0,N,0.0,0.0,0.0,,,,,,,,35.92775,-86.82122,False,Crashes_2010_2019_MPO
102520907,2019-09-26,2019,,19.0,,,0,0,N,0.0,0.0,0.0,,,,,,,,36.03991,-86.76486,False,Crashes_2010_2019_MPO
101998295,2018-05-02,2018,,94.0,,,0,0,N,0.0,0.0,0.0,,,,,,,,35.93311,-86.81301,False,Crashes_2010_2019_MPO
101765496,2017-09-19,2017,,94.0,,,0,0,N,0.0,0.0,0.0,,,,,,,,35.95048,-86.76596,True,Crashes_2010_2019_MPO
100971553,2015-10-02,2015,,19.0,,,0,0,N,0.0,0.0,0.0,,,,,,,,36.03991,-86.74202,False,Crashes_2010_2019_MPO
102217153,2018-11-20,2018,,94.0,,,0,0,N,0.0,0.0,0.0,,,,,,,,35.95159,-86.73424,True,Crashes_2010_2019_MPO
100195794,2012-06-27,2012,,94.0,,,0,0,N,0.0,0.0,0.0,,,,,,,,36.03322,-86.78532,True,Crashes_2010_2019_MPO
101079682,2016-01-18,2016,,19.0,,,0,0,N,0.0,0.0,0.0,,,,,,,,36.03854,-86.78411,False,Crashes_2010_2019_MPO
101453680,2016-11-17,2016,,94.0,,,0,0,N,0.0,0.0,0.0,,,,,,,,35.96534,-86.79757,True,Crashes_2010_2019_MPO
101834801,2017-11-22,2017,,19.0,,,0,0,N,0.0,0.0,0.0,,,,,,,,36.05403,-86.71514,False,Crashes_2010_2019_MPO
100773934,2015-03-16,2015,,19.0,,,0,0,N,0.0,0.0,0.0,,,,,,,,36.0514,-86.7142,False,Crashes_2010_2019_MPO
101244182,2016-06-11,2016,,94.0,,,0,0,N,0.0,0.0,0.0,,,,,,,,35.96675,-86.81082,True,Crashes_2010_2019_MPO
102389869,2019-05-15,2019,,19.0,,,0,0,N,0.0,0.0,0.0,,,,,,,,36.05366,-86.71502,False,Crashes_2010_2019_MPO
101503030,2017-01-12,2017,,19.0,,,0,0,N,0.0,0.0,0.0,,,,,,,,36.04231,-86.72652,False,Crashes_2010_2019_MPO
101147172,2016-03-19,2016,,19.0,,,0,0,N,0.0,0.0,0.0,,,,,,,,36.04039,-86.76932,False,Crashes_2010_2019_MPO
100499541,2014-04-22,2014,,19.0,,,0,0,N,0.0,0.0,0.0,,,,,,,,36.03742,-86.7873,False,Crashes_2010_2019_MPO
101854443,2017-12-10,2017,,94.0,,,0,0,N,0.0,0.0,0.0,,,,,,,,35.94782,-86.81975,False,Crashes_2010_2019_MPO
100966353,2015-09-24,2015,,19.0,,,0,0,N,0.0,0.0,0.0,,,,,,,,36.03987,-86.74157,False,Crashes_2010_2019_MPO
100348851,2013-07-01,2013,,94.0,,,0,0,N,0.0,0.0,0.0,,,,,,,,35.94548,-86.87509,False,Crashes_2010_2019_MPO
101701003,2017-07-13,2017,,94.0,,,0,0,N,0.0,0.0,0.0,,,,,,,,36.0332,-86.79955,True,Crashes_2010_2019_MPO
100853494,2015-06-01,2015,,94.0,,,0,0,N,0.0,0.0,0.0,,,,,,,,35.96722,-86.81353,True,Crashes_2010_2019_MPO
102269813,2019-01-07,2019,,19.0,,,0,0,N,0.0,0.0,0.0,,,,,,,,36.03985,-86.78113,False,Crashes_2010_2019_MPO
102053895,2018-06-25,2018,,94.0,,,0,0,N,0.0,0.0,0.0,,,,,,,,36.03649,-86.80208,True,Crashes_2010_2019_MPO
102122301,2018-08-25,2018,,94.0,,,0,0,N,0.0,0.0,0.0,,,,,,,,35.9407,-86.83934,False,Crashes_2010_2019_MPO
101748592,2017-09-01,2017,,94.0,,,0,0,N,0.0,0.0,0.0,,,,,,,,35.99876,-86.79637,True,Crashes_2010_2019_MPO
102071088,2018-07-11,2018,,94.0,,,0,0,N,0.0,0.0,0.0,,,,,,,,35.99922,-86.80923,True,Crashes_2010_2019_MPO
102181072,2018-10-16,2018,,94.0,,,0,0,N,0.0,0.0,0.0,,,,,,,,35.95875,-86.80502,False,Crashes_2010_2019_MPO
101832272,2017-11-20,2017,,94.0,,,0,0,N,0.0,0.0,0.0,,,,,,,,36.02741,-86.792,True,Crashes_2010_2019_MPO
101284073,2016-07-12,2016,,19.0,,,0,0,N,0.0,0.0,0.0,,,,,,,,36.04012,-86.76685,False,Crashes_2010_2019_MPO
102292700,2019-01-31,2019,,19.0,,,0,0,N,0.0,0.0,0.0,,,,,,,,36.0397,-86.75982,False,Crashes_2010_2019_MPO
101320495,2016-08-01,2016,,94.0,,,0,0,N,0.0,0.0,0.0,,,,,,,,35.95361,-86.73168,True,Crashes_2010_2019_MPO
100639405,2014-10-07,2014,,94.0,,,0,0,N,0.0,0.0,0.0,,,,,,,,35.96505,-86.72731,True,Crashes_2010_2019_MPO
100875944,2015-06-24,2015,,19.0,,,0,0,N,0.0,0.0,0.0,,,,,,,,36.04247,-86.71301,False,Crashes_2010_2019_MPO
101801305,2017-10-23,2017,,94.0,,,0,0,N,0.0,0.0,0.0,,,,,,,,35.93024,-86.82008,False,Crashes_2010_2019_MPO
102095216,2018-08-01,2018,,94.0,,,0,0,N,0.0,0.0,0.0,,,,,,,,35.95684,-86.83965,False,Crashes_2010_2019_MPO
100632865,2014-09-18,2014,,94.0,,,0,0,N,0.0,0.0,0.0,,,,,,,,35.94452,-86.82057,False,Crashes_2010_2019_MPO
101810406,2017-10-31,2017,,19.0,,,0,0,N,0.0,0.0,0.0,,,,,,,,36.04567,-86.70643,False,Crashes_2010_2019_MPO
100806022,2015-04-11,2015,,94.0,,,0,0,N,0.0,0.0,0.0,,,,,,,,35.99668,-86.7523,True,Crashes_2010_2019_MPO
101830354,2017-11-18,2017,,94.0,,,0,0,N,0.0,0.0,0.0,,,,,,,,35.9509,-86.81668,False,Crashes_2010_2019_MPO
101558516,2017-02-18,2017,,19.0,,,0,0,N,0.0,0.0,0.0,,,,,,,,36.04263,-86.82732,False,Crashes_2010_2019_MPO
101674826,2017-06-16,2017,,19.0,,,0,0,N,0.0,0.0,0.0,,,,,,,,36.04549,-86.71194,False,Crashes_2010_2019_MPO
102315043,2019-02-25,2019,,94.0,,,0,0,N,0.0,0.0,0.0,,,,,,,,35.9899,-86.7441,True,Crashes_2010_2019_MPO
102599597,2019-12-16,2019,,94.0,,,0,0,N,0.0,0.0,0.0,,,,,,,,35.99762,-86.79712,True,Crashes_2010_2019_MPO
102345418,2019-03-30,2019,,19.0,,,0,0,N,0.0,0.0,0.0,,,,,,,,36.0453,-86.71741,False,Crashes_2010_2019_MPO
100711311,2014-12-17,2014,,94.0,,,0,0,N,0.0,0.0,0.0,,,,,,,,35.94532,-86.87645,False,Crashes_2010_2019_MPO
102376909,2019-05-01,2019,,94.0,,,0,0,N,0.0,0.0,0.0,,,,,,,,36.01449,-86.81038,True,Crashes_2010_2019_MPO
101574017,2017-03-05,2017,,94.0,,,0,1,N,0.0,1.0,0.0,,,,,,,,36.00066,-86.74293,True,Crashes_2010_2019_MPO
101047551,2015-12-11,2015,,19.0,,,0,0,N,0.0,0.0,0.0,,,,,,,,36.02569,-86.7132,False,Crashes_2010_2019_MPO
102469847,2019-08-06,2019,,94.0,,,0,0,N,0.0,0.0,0.0,,,,,,,,36.0185,-86.78226,True,Crashes_2010_2019_MPO
100347421,2013-06-27,2013,,94.0,,,0,0,N,0.0,0.0,0.0,,,,,,,,35.92826,-86.8208,False,Crashes_2010_2019_MPO
102339556,2019-03-23,2019,,94.0,,,0,0,N,0.0,0.0,0.0,,,,,,,,35.92641,-86.82447,False,Crashes_2010_2019_MPO
102291928,2019-01-30,2019,,19.0,,,0,0,N,0.0,0.0,0.0,,,,,,,,36.04071,-86.77973,False,Crashes_2010_2019_MPO
101541338,2017-02-01,2017,,94.0,,,0,0,N,0.0,0.0,0.0,,,,,,,,35.95055,-86.8487,False,Crashes_2010_2019_MPO
101725102,2017-08-09,2017,,94.0,,,0,0,N,0.0,0.0,0.0,,,,,,,,36.01689,-86.78609,True,Crashes_2010_2019_MPO
100728842,2015-01-28,2015,,19.0,,,0,0,N,0.0,0.0,0.0,,,,,,,,36.03872,-86.73094,False,Crashes_2010_2019_MPO
100612444,2014-08-30,2014,,94.0,,,0,0,N,0.0,0.0,0.0,,,,,,,,35.95778,-86.81439,False,Crashes_2010_2019_MPO
101939915,2018-03-10,2018,,19.0,,,0,0,N,0.0,0.0,0.0,,,,,,,,35.99687,-86.68989,False,Crashes_2010_2019_MPO
100753266,2015-02-26,2015,,94.0,,,0,0,N,0.0,0.0,0.0,,,,,,,,35.96885,-86.71384,True,Crashes_2010_2019_MPO
101132659,2016-03-12,2016,,94.0,,,0,0,N,0.0,0.0,0.0,,,,,,,,35.94683,-86.85172,False,Crashes_2010_2019_MPO
101106946,2016-02-16,2016,,94.0,,,0,0,N,0.0,0.0,0.0,,,,,,,,35.92371,-86.86967,False,Crashes_2010_2019_MPO
102188445,2018-10-24,2018,,94.0,,,0,0,N,0.0,0.0,0.0,,,,,,,,35.94758,-86.85678,False,Crashes_2010_2019_MPO
101392207,2016-09-29,2016,,19.0,,,0,0,N,0.0,0.0,0.0,,,,,,,,36.04561,-86.71977,False,Crashes_2010_2019_MPO
102085378,2018-07-24,2018,,94.0,,,0,0,N,0.0,0.0,0.0,,,,,,,,35.95609,-86.81639,False,Crashes_2010_2019_MPO
102284038,2019-01-22,2019,,19.0,,,0,0,N,0.0,0.0,0.0,,,,,,,,36.04396,-86.71311,False,Crashes_2010_2019_MPO
102173800,2018-10-11,2018,,19.0,,,0,0,N,0.0,0.0,0.0,,,,,,,,36.03992,-86.78134,False,Crashes_2010_2019_MPO
101570286,2017-03-02,2017,,94.0,,,0,0,N,0.0,0.0,0.0,,,,,,,,35.93307,-86.81137,False,Crashes_2010_2019_MPO
102013939,2018-05-17,2018,,19.0,,,0,0,N,0.0,0.0,0.0,,,,,,,,36.03484,-86.76873,False,Crashes_2010_2019_MPO
101643824,2017-05-13,2017,,94.0,,,0,0,N,0.0,0.0,0.0,,,,,,,,35.97096,-86.72653,True,Crashes_2010_2019_MPO
100501943,2014-04-27,2014,,94.0,,,0,0,N,0.0,0.0,0.0,,,,,,,,35.96501,-86.72745,True,Crashes_2010_2019_MPO
100617200,2014-09-10,2014,,94.0,,,0,0,N,0.0,0.0,0.0,,,,,,,,35.96705,-86.81339,True,Crashes_2010_2019_MPO
100825725,2015-04-29,2015,,94.0,,,0,0,N,0.0,0.0,0.0,,,,,,,,36.01979,-86.74215,False,Crashes_2010_2019_MPO
101129138,2016-03-07,2016,,94.0,,,0,0,N,0.0,0.0,0.0,,,,,,,,35.96716,-86.81351,True,Crashes_2010_2019_MPO
101464440,2016-12-01,2016,,94.0,,,0,0,N,0.0,0.0,0.0,,,,,,,,35.966,-86.80588,True,Crashes_2010_2019_MPO
100172148,2012-04-21,2012,,94.0,,,0,0,Y,0.0,0.0,1.0,,,,,,,,35.92903,-86.84803,False,Crashes_2010_2019_MPO
100771625,2015-03-13,2015,,19.0,,,0,0,N,0.0,0.0,0.0,,,,,,,,36.04526,-86.71475,False,Crashes_2010_2019_MPO
101322494,2016-08-07,2016,,19.0,,,0,0,N,0.0,0.0,0.0,,,,,,,,35.99687,-86.68989,False,Crashes_2010_2019_MPO
101843071,2017-11-29,2017,,94.0,,,0,0,N,0.0,0.0,0.0,,,,,,,,36.0172,-86.78618,True,Crashes_2010_2019_MPO
102425961,2019-06-22,2019,,94.0,,,0,0,N,0.0,0.0,0.0,,,,,,,,35.97176,-86.67843,False,Crashes_2010_2019_MPO
100663136,2014-11-01,2014,,94.0,,,0,0,N,0.0,0.0,0.0,,,,,,,,35.94456,-86.82838,False,Crashes_2010_2019_MPO
102323985,2019-03-07,2019,,19.0,,,0,0,N,0.0,0.0,0.0,,,,,,,,36.03899,-86.74342,False,Crashes_2010_2019_MPO
102177670,2018-10-13,2018,,94.0,,,0,0,N,0.0,0.0,0.0,,,,,,,,35.97014,-86.80912,True,Crashes_2010_2019_MPO
101891308,2018-01-19,2018,,19.0,,,0,0,N,0.0,0.0,0.0,,,,,,,,36.04424,-86.71313,False,Crashes_2010_2019_MPO
102198595,2018-11-02,2018,,94.0,,,0,0,N,0.0,0.0,0.0,,,,,,,,35.96058,-86.77033,True,Crashes_2010_2019_MPO
101999712,2018-05-04,2018,,19.0,,,0,0,N,0.0,0.0,0.0,,,,,,,,36.03716,-86.78308,False,Crashes_2010_2019_MPO
102489217,2019-08-26,2019,,94.0,,,0,0,N,0.0,0.0,0.0,,,,,,,,35.93517,-86.77582,False,Crashes_2010_2019_MPO
102427267,2019-06-24,2019,,94.0,,,0,0,N,0.0,0.0,0.0,,,,,,,,36.03054,-86.87585,False,Crashes_2010_2019_MPO
101478095,2016-12-14,2016,,94.0,,,0,0,N,0.0,0.0,0.0,,,,,,,,35.95533,-86.82659,False,Crashes_2010_2019_MPO
100732850,2015-02-05,2015,,19.0,,,0,0,N,0.0,0.0,0.0,,,,,,,,36.04559,-86.71142,False,Crashes_2010_2019_MPO
102237094,2018-12-05,2018,,94.0,,,0,0,N,0.0,0.0,0.0,,,,,,,,35.96518,-86.80029,True,Crashes_2010_2019_MPO
101818764,2017-11-08,2017,,94.0,,,0,0,N,0.0,0.0,0.0,,,,,,,,36.03441,-86.81721,True,Crashes_2010_2019_MPO
100883898,2015-07-09,2015,,19.0,,,0,0,N,0.0,0.0,0.0,,,,,,,,36.03258,-86.76886,False,Crashes_2010_2019_MPO
101869079,2017-12-26,2017,,19.0,,,0,0,N,0.0,0.0,0.0,,,,,,,,36.01651,-86.69541,False,Crashes_2010_2019_MPO
100407926,2013-11-20,2013,,94.0,,,0,0,N,0.0,0.0,0.0,,,,,,,,35.93275,-86.78515,False,Crashes_2010_2019_MPO
101499894,2017-01-07,2017,,94.0,,,0,0,N,0.0,0.0,0.0,,,,,,,,36.02606,-86.87904,False,Crashes_2010_2019_MPO
101842708,2017-11-28,2017,,94.0,,,0,0,N,0.0,0.0,0.0,,,,,,,,35.967248,-86.814904,True,Crashes_2010_2019_MPO
101407361,2016-10-19,2016,,94.0,,,0,0,N,0.0,0.0,0.0,,,,,,,,36.01529,-86.81588,True,Crashes_2010_2019_MPO
101319941,2016-08-04,2016,,94.0,,,0,0,N,0.0,0.0,0.0,,,,,,,,35.97814,-86.80345,True,Crashes_2010_2019_MPO
101046443,2015-12-10,2015,,19.0,,,0,0,N,0.0,0.0,0.0,,,,,,,,36.04693,-86.86305,False,Crashes_2010_2019_MPO
101351171,2016-09-01,2016,,94.0,,,0,0,N,0.0,0.0,0.0,,,,,,,,35.92396,-86.86953,False,Crashes_2010_2019_MPO
102201540,2018-11-05,2018,,94.0,,,0,0,N,0.0,0.0,0.0,,,,,,,,36.0239,-86.7859,True,Crashes_2010_2019_MPO
101273669,2016-06-24,2016,,19.0,,,0,0,Y,0.0,0.0,1.0,,,,,,,,36.044979,-86.712493,False,Crashes_2010_2019_MPO
101345673,2016-08-25,2016,,19.0,,,0,0,N,0.0,0.0,0.0,,,,,,,,36.03973,-86.75664,False,Crashes_2010_2019_MPO
100426489,2014-01-02,2014,,94.0,,,0,0,N,0.0,0.0,0.0,,,,,,,,35.93474,-86.82061,False,Crashes_2010_2019_MPO
100619963,2014-09-17,2014,,94.0,,,0,0,N,0.0,0.0,0.0,,,,,,,,35.96668,-86.80915,True,Crashes_2010_2019_MPO
101784861,2017-10-07,2017,,19.0,,,0,0,N,0.0,0.0,0.0,,,,,,,,36.0236,-86.68845,False,Crashes_2010_2019_MPO
102403722,2019-05-29,2019,,19.0,,,0,0,N,0.0,0.0,0.0,,,,,,,,36.04003,-86.74376,False,Crashes_2010_2019_MPO
101167833,2016-04-20,2016,,19.0,,,0,0,N,0.0,0.0,0.0,,,,,,,,36.04013,-86.78075,False,Crashes_2010_2019_MPO
101832402,2017-11-20,2017,,94.0,,,0,0,N,0.0,0.0,0.0,,,,,,,,36.0233,-86.7868,True,Crashes_2010_2019_MPO
101095381,2016-01-28,2016,,19.0,,,0,0,N,0.0,0.0,0.0,,,,,,,,36.04025,-86.81639,False,Crashes_2010_2019_MPO
100168826,2012-04-13,2012,,94.0,,,0,0,N,0.0,0.0,0.0,,,,,,,,35.96117,-86.76657,True,Crashes_2010_2019_MPO
101283563,2016-07-11,2016,,94.0,,,0,0,N,0.0,0.0,0.0,,,,,,,,36.02583,-86.7929,True,Crashes_2010_2019_MPO
101846890,2017-12-03,2017,,19.0,,,0,0,N,0.0,0.0,0.0,,,,,,,,36.04286,-86.84111,False,Crashes_2010_2019_MPO
100732269,2015-02-04,2015,,94.0,,,0,0,N,0.0,0.0,0.0,,,,,,,,35.98398,-86.69814,True,Crashes_2010_2019_MPO
100390877,2013-10-12,2013,,94.0,,,0,0,N,0.0,0.0,0.0,,,,,,,,35.93549,-86.82394,False,Crashes_2010_2019_MPO
100332320,2013-05-21,2013,,94.0,,,0,0,N,0.0,0.0,0.0,,,,,,,,35.92421,-86.87184,False,Crashes_2010_2019_MPO
101685304,2017-06-28,2017,,94.0,,,0,0,N,0.0,0.0,0.0,,,,,,,,36.02587,-86.79287,True,Crashes_2010_2019_MPO
101990897,2018-04-27,2018,,94.0,,,0,0,N,0.0,0.0,0.0,,,,,,,,36.02717,-86.78382,True,Crashes_2010_2019_MPO
101331627,2016-08-19,2016,,94.0,,,0,0,N,0.0,0.0,0.0,,,,,,,,36.01334,-86.80233,True,Crashes_2010_2019_MPO
100920131,2015-08-07,2015,,94.0,,,0,0,N,0.0,0.0,0.0,,,,,,,,35.95772,-86.8026,False,Crashes_2010_2019_MPO
101164207,2016-04-14,2016,,94.0,,,0,0,N,0.0,0.0,0.0,,,,,,,,36.01014,-86.87857,False,Crashes_2010_2019_MPO
102471544,2019-08-08,2019,,94.0,,,0,0,N,0.0,0.0,0.0,,,,,,,,35.94266,-86.82971,False,Crashes_2010_2019_MPO
102252498,2018-12-20,2018,,94.0,,,0,0,N,0.0,0.0,0.0,,,,,,,,35.94175,-86.82119,False,Crashes_2010_2019_MPO
102173141,2018-10-09,2018,,94.0,,,0,0,N,0.0,0.0,0.0,,,,,,,,35.95383,-86.80405,False,Crashes_2010_2019_MPO
102177505,2018-10-14,2018,,94.0,,,0,0,N,0.0,0.0,0.0,,,,,,,,35.94804,-86.86368,False,Crashes_2010_2019_MPO
100982780,2015-10-20,2015,,94.0,,,0,0,N,0.0,0.0,0.0,,,,,,,,35.9892,-86.73017,True,Crashes_2010_2019_MPO
101861857,2017-12-14,2017,,94.0,,,0,0,N,0.0,0.0,0.0,,,,,,,,35.94662,-86.80988,False,Crashes_2010_2019_MPO
100501970,2014-04-27,2014,,94.0,,,0,0,N,0.0,0.0,0.0,,,,,,,,35.96681,-86.81364,True,Crashes_2010_2019_MPO
100411602,2013-11-27,2013,,94.0,,,0,0,N,0.0,0.0,0.0,,,,,,,,35.95165,-86.8015,False,Crashes_2010_2019_MPO
100909469,2015-07-20,2015,,94.0,,,0,0,N,0.0,0.0,0.0,,,,,,,,35.99604,-86.78454,True,Crashes_2010_2019_MPO
102248048,2018-12-16,2018,,19.0,,,0,0,N,0.0,0.0,0.0,,,,,,,,36.04629,-86.71337,False,Crashes_2010_2019_MPO
101106609,2016-02-16,2016,,94.0,,,0,0,N,0.0,0.0,0.0,,,,,,,,35.97334,-86.83305,True,Crashes_2010_2019_MPO
100417937,2013-12-04,2013,,94.0,,,0,1,N,0.0,1.0,0.0,,,,,,,,35.92381,-86.86974,False,Crashes_2010_2019_MPO
101280524,2016-07-06,2016,,19.0,,,0,0,N,0.0,0.0,0.0,,,,,,,,36.01339,-86.7385,True,Crashes_2010_2019_MPO
100943504,2015-09-02,2015,,94.0,,,0,0,N,0.0,0.0,0.0,,,,,,,,35.9433,-86.82954,False,Crashes_2010_2019_MPO
100150471,2012-02-22,2012,,94.0,,,0,0,N,0.0,0.0,0.0,,,,,,,,35.96512,-86.80035,True,Crashes_2010_2019_MPO
102334788,2019-03-19,2019,,19.0,,,0,0,N,0.0,0.0,0.0,,,,,,,,36.05379,-86.77515,False,Crashes_2010_2019_MPO
102021124,2018-05-24,2018,,94.0,,,0,0,N,0.0,0.0,0.0,,,,,,,,35.95721,-86.84339,False,Crashes_2010_2019_MPO
102048179,2018-06-19,2018,,94.0,,,0,0,N,0.0,0.0,0.0,,,,,,,,35.98768,-86.69638,True,Crashes_2010_2019_MPO
101622045,2017-04-21,2017,,19.0,,,0,0,N,0.0,0.0,0.0,,,,,,,,36.04065,-86.78258,False,Crashes_2010_2019_MPO
102354204,2019-04-08,2019,,94.0,,,0,0,N,0.0,0.0,0.0,,,,,,,,35.93308,-86.81935,False,Crashes_2010_2019_MPO
102005880,2018-05-07,2018,,94.0,,,0,0,N,0.0,0.0,0.0,,,,,,,,36.00395,-86.7188,True,Crashes_2010_2019_MPO
100828211,2015-05-04,2015,,19.0,,,0,0,N,0.0,0.0,0.0,,,,,,,,36.04032,-86.78237,False,Crashes_2010_2019_MPO
100330216,2013-05-17,2013,,94.0,,,0,0,N,0.0,0.0,0.0,,,,,,,,35.94797,-86.81918,False,Crashes_2010_2019_MPO
101099319,2016-02-04,2016,,19.0,,,0,0,N,0.0,0.0,0.0,,,,,,,,36.01538,-86.70566,False,Crashes_2010_2019_MPO
101953081,2018-03-23,2018,,19.0,,,0,0,N,0.0,0.0,0.0,,,,,,,,36.04038,-86.74429,False,Crashes_2010_2019_MPO
100572042,2014-07-11,2014,,94.0,,,0,0,N,0.0,0.0,0.0,,,,,,,,35.96508,-86.80845,False,Crashes_2010_2019_MPO
101347116,2016-08-25,2016,,19.0,,,0,0,N,0.0,0.0,0.0,,,,,,,,36.03064,-86.78383,True,Crashes_2010_2019_MPO
101712156,2017-07-26,2017,,94.0,,,0,0,Y,0.0,0.0,1.0,,,,,,,,36.03342,-86.78535,True,Crashes_2010_2019_MPO
101724561,2017-08-07,2017,,94.0,,,0,0,N,0.0,0.0,0.0,,,,,,,,35.95016,-86.81909,False,Crashes_2010_2019_MPO
102476620,2019-08-13,2019,,19.0,,,0,0,N,0.0,0.0,0.0,,,,,,,,36.04393,-86.6933,False,Crashes_2010_2019_MPO
100875643,2015-06-24,2015,,94.0,,,0,0,N,0.0,0.0,0.0,,,,,,,,35.95977,-86.80205,False,Crashes_2010_2019_MPO
101924104,2018-02-23,2018,,19.0,,,0,0,N,0.0,0.0,0.0,,,,,,,,36.03124,-86.75279,False,Crashes_2010_2019_MPO
101828539,2017-11-17,2017,,94.0,,,0,0,N,0.0,0.0,0.0,,,,,,,,35.966657,-86.809166,True,Crashes_2010_2019_MPO
101102327,2016-02-09,2016,,19.0,,,0,0,N,0.0,0.0,0.0,,,,,,,,35.99778,-86.68548,False,Crashes_2010_2019_MPO
100636043,2014-09-30,2014,,94.0,,,0,0,N,0.0,0.0,0.0,,,,,,,,36.03611,-86.78714,True,Crashes_2010_2019_MPO
100738395,2015-02-16,2015,,94.0,,,0,0,N,0.0,0.0,0.0,,,,,,,,35.92758,-86.82104,False,Crashes_2010_2019_MPO
102095852,2018-08-02,2018,,94.0,,,0,0,N,0.0,0.0,0.0,,,,,,,,35.97331,-86.80513,True,Crashes_2010_2019_MPO
102298021,2019-02-05,2019,,19.0,,,0,0,N,0.0,0.0,0.0,,,,,,,,36.03899,-86.78258,False,Crashes_2010_2019_MPO
102002657,2018-05-07,2018,,19.0,,,0,0,N,0.0,0.0,0.0,,,,,,,,36.03842,-86.78354,False,Crashes_2010_2019_MPO
102009377,2018-05-13,2018,,19.0,,,0,0,N,0.0,0.0,0.0,,,,,,,,36.04715,-86.71468,False,Crashes_2010_2019_MPO
101861851,2017-12-13,2017,,94.0,,,0,0,N,0.0,0.0,0.0,,,,,,,,35.94648,-86.80867,False,Crashes_2010_2019_MPO
100979279,2015-10-15,2015,,94.0,,,0,0,N,0.0,0.0,0.0,,,,,,,,36.01673,-86.79809,True,Crashes_2010_2019_MPO
10432500,2010-11-10,2010,,19.0,,,0,0, ,0.0,0.0,0.0,,,,,,,,36.041785,-86.720596,False,Crashes_2010_2019_MPO
100547044,2014-06-04,2014,,94.0,,,0,0,N,0.0,0.0,0.0,,,,,,,,36.01289,-86.80078,True,Crashes_2010_2019_MPO
102160220,2018-09-28,2018,,19.0,,,0,0,N,0.0,0.0,0.0,,,,,,,,36.05286,-86.71478,False,Crashes_2010_2019_MPO
101317012,2016-07-30,2016,,94.0,,,0,0,N,0.0,0.0,0.0,,,,,,,,35.95198,-86.81788,False,Crashes_2010_2019_MPO
101081072,2016-01-20,2016,,94.0,,,0,0,N,0.0,0.0,0.0,,,,,,,,35.96281,-86.81153,False,Crashes_2010_2019_MPO
102302360,2019-02-10,2019,,19.0,,,0,0,N,0.0,0.0,0.0,,,,,,,,35.99697,-86.69003,False,Crashes_2010_2019_MPO
102202578,2018-11-06,2018,,94.0,,,0,0,N,0.0,0.0,0.0,,,,,,,,35.94334,-86.82951,False,Crashes_2010_2019_MPO
100434639,2014-01-24,2014,,94.0,,,0,0,Y,0.0,0.0,1.0,,,,,,,,35.98589,-86.81052,True,Crashes_2010_2019_MPO