mstrrecnbr,collision_ts,year,county,countystat,crash,crash_type,fatalities,non_motorists,commercial,fatal_c,nonmotor_c,truck_c,fatalc,serious_injuries,ped,bike,lighting,weather,first_harmful_event,latitude,longitude,in_city,src_layer
100393790,2013-10-17,2013,,94.0,,,0,0,N,0.0,0.0,0.0,,,,,,,,36.0159,-86.78171,True,Crashes_2010_2019_MPO
101703678,2017-07-17,2017,,19.0,,,0,0,N,0.0,0.0,0.0,,,,,,,,35.99872,-86.68945,False,Crashes_2010_2019_MPO
102271822,2019-01-09,2019,,94.0,,,0,0,N,0.0,0.0,0.0,,,,,,,,35.98839,-86.81552,True,Crashes_2010_2019_MPO
100874420,2015-06-21,2015,,94.0,,,0,0,N,0.0,0.0,0.0,,,,,,,,36.03666,-86.79084,True,Crashes_2010_2019_MPO
100483090,2013-04-05,2013,,94.0,,,0,0,N,0.0,0.0,0.0,,,,,,,,35.95523,-86.82587,False,Crashes_2010_2019_MPO
102375487,2019-04-29,2019,,19.0,,,0,0,N,0.0,0.0,0.0,,,,,,,,36.0334,-86.78348,True,Crashes_2010_2019_MPO
102322531,2019-03-06,2019,,94.0,,,0,0,N,0.0,0.0,0.0,,,,,,,,35.9872,-86.82892,False,Crashes_2010_2019_MPO
101352979,2016-09-02,2016,,94.0,,,0,0,N,0.0,0.0,0.0,,,,,,,,35.94575,-86.82744,False,Crashes_2010_2019_MPO
100826506,2015-04-30,2015,,19.0,,,0,0,N,0.0,0.0,0.0,,,,,,,,36.05455,-86.7243,False,Crashes_2010_2019_MPO
100404025,2013-11-12,2013,,94.0,,,0,0,N,0.0,0.0,0.0,,,,,,,,36.03408,-86.80157,True,Crashes_2010_2019_MPO
102067416,2018-07-04,2018,,94.0,,,0,0,N,0.0,0.0,0.0,,,,,,,,35.99449,-86.79804,True,Crashes_2010_2019_MPO
101943478,2018-03-13,2018,,94.0,,,0,0,N,0.0,0.0,0.0,,,,,,,,36.00799,-86.78557,True,Crashes_2010_2019_MPO
102214483,2018-11-16,2018,,94.0,,,0,0,N,0.0,0.0,0.0,,,,,,,,36.02629,-86.87869,False,Crashes_2010_2019_MPO
100738072,2015-02-16,2015,,19.0,,,0,0,N,0.0,0.0,0.0,,,,,,,,36.03872,-86.78255,False,Crashes_2010_2019_MPO
100716146,2014-12-31,2014,,94.0,,,0,0,N,0.0,0.0,0.0,,,,,,,,36.00375,-86.81763,True,Crashes_2010_2019_MPO
102504915,2019-09-10,2019,,19.0,,,0,0,N,0.0,0.0,0.0,,,,,,,,36.03066,-86.78358,True,Crashes_2010_2019_MPO
102463671,2019-07-31,2019,,94.0,,,0,0,N,0.0,0.0,0.0,,,,,,,,36.03329,-86.77717,True,Crashes_2010_2019_MPO
100637031,2014-10-02,2014,,19.0,,,0,0,Y,0.0,0.0,1.0,,,,,,,,36.04897,-86.71631,False,Crashes_2010_2019_MPO
102373205,2019-04-26,2019,,19.0,,,0,0,N,0.0,0.0,0.0,,,,,,,,36.0456,-86.72238,False,Crashes_2010_2019_MPO
101011065,2015-11-17,2015,,94.0,,,0,0,N,0.0,0.0,0.0,,,,,,,,35.96212,-86.80926,False,Crashes_2010_2019_MPO
101942835,2018-03-13,2018,,94.0,,,0,0,N,0.0,0.0,0.0,,,,,,,,35.9964,-86.7969,True,Crashes_2010_2019_MPO
101134427,2016-03-15,2016,,94.0,,,0,0,N,0.0,0.0,0.0,,,,,,,,35.92506,-86.86926,False,Crashes_2010_2019_MPO
101043472,2015-11-30,2015,,94.0,,,0,0,N,0.0,0.0,0.0,,,,,,,,36.01701,-86.78612,True,Crashes_2010_2019_MPO
100375667,2013-09-05,2013,,94.0,,,0,0,N,0.0,0.0,0.0,,,,,,,,35.93202,-86.79444,False,Crashes_2010_2019_MPO
101979668,2018-04-16,2018,,19.0,,,0,0,N,0.0,0.0,0.0,,,,,,,,36.0409,-86.77938,False,Crashes_2010_2019_MPO
100861018,2015-06-15,2015,,94.0,,,0,0,N,0.0,0.0,0.0,,,,,,,,35.99807,-86.80111,True,Crashes_2010_2019_MPO
100936251,2015-08-19,2015,,94.0,,,0,0,N,0.0,0.0,0.0,,,,,,,,35.94636,-86.80871,False,Crashes_2010_2019_MPO
101583316,2017-03-14,2017,,19.0,,,0,0,N,0.0,0.0,0.0,,,,,,,,36.04244,-86.83062,False,Crashes_2010_2019_MPO
102353737,2019-04-08,2019,,94.0,,,0,0,N,0.0,0.0,0.0,,,,,,,,36.01485,-86.81161,True,Crashes_2010_2019_MPO
100945264,2015-09-05,2015,,19.0,,,0,0,N,0.0,0.0,0.0,,,,,,,,36.04088,-86.74369,False,Crashes_2010_2019_MPO
101939691,2018-03-08,2018,,94.0,,,0,0,N,0.0,0.0,0.0,,,,,,,,35.96623,-86.81996,True,Crashes_2010_2019_MPO
101283204,2016-07-10,2016,,19.0,,,0,0,N,0.0,0.0,0.0,,,,,,,,36.05222,-86.68262,False,Crashes_2010_2019_MPO
101760191,2017-09-14,2017,,19.0,,,0,0,N,0.0,0.0,0.0,,,,,,,,36.04295,-86.78195,False,Crashes_2010_2019_MPO
102061704,2018-07-03,2018,,19.0,,,0,0,N,0.0,0.0,0.0,,,,,,,,36.03713,-86.77707,False,Crashes_2010_2019_MPO
102588228,2019-12-04,2019,,94.0,,,0,0,N,0.0,0.0,0.0,,,,,,,,35.95102,-86.80784,False,Crashes_2010_2019_MPO
100354570,2013-07-15,2013,,94.0,,,0,0,N,0.0,0.0,0.0,,,,,,,,35.93459,-86.81988,False,Crashes_2010_2019_MPO
102366019,2019-04-19,2019,,94.0,,,0,0,N,0.0,0.0,0.0,,,,,,,,35.93231,-86.80614,False,Crashes_2010_2019_MPO
101070576,2016-01-01,2016,,94.0,,,0,0,N,0.0,0.0,0.0,,,,,,,,35.96941,-86.67797,False,Crashes_2010_2019_MPO
101577967,2017-03-09,2017,,94.0,,,0,0,N,0.0,0.0,0.0,,,,,,,,35.93133,-86.86334,False,Crashes_2010_2019_MPO
100974441,2015-10-06,2015,,94.0,,,0,0,N,0.0,0.0,0.0,,,,,,,,35.9507,-86.81568,False,Crashes_2010_2019_MPO
100907706,2015-07-16,2015,,94.0,,,0,0,N,0.0,0.0,0.0,,,,,,,,35.95931,-86.82403,False,Crashes_2010_2019_MPO
100568831,2014-06-20,2014,,94.0,,,0,0,N,0.0,0.0,0.0,,,,,,,,35.97764,-86.77681,True,Crashes_2010_2019_MPO
102159509,2018-09-27,2018,,94.0,,,0,0,N,0.0,0.0,0.0,,,,,,,,35.96763,-86.81033,True,Crashes_2010_2019_MPO
101072312,2016-01-05,2016,,19.0,,,0,0,N,0.0,0.0,0.0,,,,,,,,36.04537,-86.71326,False,Crashes_2010_2019_MPO
100413221,2013-12-01,2013,,94.0,,,0,0,N,0.0,0.0,0.0,,,,,,,,35.96672,-86.8113,True,Crashes_2010_2019_MPO
100965358,2015-09-21,2015,,19.0,,,0,0,N,0.0,0.0,0.0,,,,,,,,36.0456,-86.81589,False,Crashes_2010_2019_MPO
102337248,2019-03-21,2019,,19.0,,,0,0,N,0.0,0.0,0.0,,,,,,,,36.04718,-86.86223,False,Crashes_2010_2019_MPO
100829616,2015-05-06,2015,,94.0,,,0,0,N,0.0,0.0,0.0,,,,,,,,36.02545,-86.79311,True,Crashes_2010_2019_MPO
102594099,2019-12-11,2019,,94.0,,,0,0,N,0.0,0.0,0.0,,,,,,,,36.02568,-86.78377,True,Crashes_2010_2019_MPO
100937658,2015-08-01,2015,,94.0,,,0,0,N,0.0,0.0,0.0,,,,,,,,36.02961,-86.79077,True,Crashes_2010_2019_MPO
102596918,2019-12-13,2019,,94.0,,,0,0,N,0.0,0.0,0.0,,,,,,,,36.01351,-86.8039,True,Crashes_2010_2019_MPO
101424219,2016-10-27,2016,,94.0,,,0,0,N,0.0,0.0,0.0,,,,,,,,36.03473,-86.78793,True,Crashes_2010_2019_MPO
101126377,2016-03-02,2016,,94.0,,,0,0,N,0.0,0.0,0.0,,,,,,,,35.93446,-86.81991,False,Crashes_2010_2019_MPO
100416202,2013-12-02,2013,,94.0,,,0,0,N,0.0,0.0,0.0,,,,,,,,36.00418,-86.79114,True,Crashes_2010_2019_MPO
102141443,2018-09-11,2018,,19.0,,,0,0,N,0.0,0.0,0.0,,,,,,,,36.05484,-86.71539,False,Crashes_2010_2019_MPO
101355756,2016-09-07,2016,,94.0,,,0,0,N,0.0,0.0,0.0,,,,,,,,35.9951,-86.77444,True,Crashes_2010_2019_MPO
100883561,2015-07-09,2015,,94.0,,,0,0,N,0.0,0.0,0.0,,,,,,,,35.9498,-86.81328,False,Crashes_2010_2019_MPO
102366086,2019-04-19,2019,,94.0,,,0,0,N,0.0,0.0,0.0,,,,,,,,35.96454,-86.81434,False,Crashes_2010_2019_MPO
100441771,2014-02-05,2014,,94.0,,,0,0,N,0.0,0.0,0.0,,,,,,,,35.98488,-86.80111,True,Crashes_2010_2019_MPO
100752600,2015-02-24,2015,,94.0,,,0,0,N,0.0,0.0,0.0,,,,,,,,35.95256,-86.81795,False,Crashes_2010_2019_MPO
101840734,2017-11-27,2017,,19.0,,,0,0,N,0.0,0.0,0.0,,,,,,,,36.04114,-86.77621,False,Crashes_2010_2019_MPO
100508080,2014-05-13,2014,,94.0,,,0,0,N,0.0,0.0,0.0,,,,,,,,36.01831,-86.75518,True,Crashes_2010_2019_MPO
100826883,2015-05-01,2015,,94.0,,,0,0,N,0.0,0.0,0.0,,,,,,,,35.99785,-86.79923,True,Crashes_2010_2019_MPO
102286906,2019-01-25,2019,,94.0,,,0,0,N,0.0,0.0,0.0,,,,,,,,35.94899,-86.81357,False,Crashes_2010_2019_MPO
100395907,2013-10-24,2013,,94.0,,,0,0,N,0.0,0.0,0.0,,,,,,,,36.00094,-86.79461,True,Crashes_2010_2019_MPO
100856745,2015-06-05,2015,,94.0,,,0,0,N,0.0,0.0,0.0,,,,,,,,35.94698,-86.8115,False,Crashes_2010_2019_MPO
101950625,2018-03-20,2018,,94.0,,,0,0,N,0.0,0.0,0.0,,,,,,,,35.94998,-86.86567,False,Crashes_2010_2019_MPO
100352487,2013-07-06,2013,,94.0,,,0,0,N,0.0,0.0,0.0,,,,,,,,35.92264,-86.8229,False,Crashes_2010_2019_MPO
100725659,2015-01-22,2015,,94.0,,,0,0,N,0.0,0.0,0.0,,,,,,,,35.97088,-86.77404,True,Crashes_2010_2019_MPO
100681004,2014-11-15,2014,,94.0,,,0,0,N,0.0,0.0,0.0,,,,,,,,35.94116,-86.83788,False,Crashes_2010_2019_MPO
101009244,2015-11-14,2015,,19.0,,,0,0,N,0.0,0.0,0.0,,,,,,,,36.0413,-86.7825,False,Crashes_2010_2019_MPO
101075978,2016-01-10,2016,,19.0,,,0,0,N,0.0,0.0,0.0,,,,,,,,36.02841,-86.71261,False,Crashes_2010_2019_MPO
102416987,2019-06-11,2019,,94.0,,,0,0,N,0.0,0.0,0.0,,,,,,,,35.97841,-86.77685,True,Crashes_2010_2019_MPO
101620929,2017-04-20,2017,,94.0,,,0,0,N,0.0,0.0,0.0,,,,,,,,35.93772,-86.87893,False,Crashes_2010_2019_MPO
101537341,2017-01-28,2017,,19.0,,,0,0,N,0.0,0.0,0.0,,,,,,,,36.03997,-86.76539,False,Crashes_2010_2019_MPO
100118597,2011-11-22,2011,,94.0,,,0,0,N,0.0,0.0,0.0,,,,,,,,35.97102,-86.72644,True,Crashes_2010_2019_MPO
101800803,2017-10-22,2017,,94.0,,,0,0,N,0.0,0.0,0.0,,,,,,,,35.97136,-86.80604,True,Crashes_2010_2019_MPO
101314875,2016-07-28,2016,,94.0,,,0,0,N,0.0,0.0,0.0,,,,,,,,35.9608,-86.80973,False,Crashes_2010_2019_MPO
100573356,2014-07-15,2014,,94.0,,,0,0,N,0.0,0.0,0.0,,,,,,,,35.96553,-86.79907,True,Crashes_2010_2019_MPO
101577968,2017-03-08,2017,,94.0,,,0,0,N,0.0,0.0,0.0,,,,,,,,35.93417,-86.81953,False,Crashes_2010_2019_MPO
101567919,2017-02-27,2017,,94.0,,,0,0,N,0.0,0.0,0.0,,,,,,,,35.9407,-86.83934,False,Crashes_2010_2019_MPO
102499489,2019-09-05,2019,,19.0,,,0,0,N,0.0,0.0,0.0,,,,,,,,36.03938,-86.78195,False,Crashes_2010_2019_MPO
100508315,2014-05-11,2014,,94.0,,,0,0,N,0.0,0.0,0.0,,,,,,,,36.02904,-86.79108,True,Crashes_2010_2019_MPO
100937801,2015-08-20,2015,,19.0,,,0,0,N,0.0,0.0,0.0,,,,,,,,36.04978,-86.7752,False,Crashes_2010_2019_MPO
101766816,2017-09-20,2017,,19.0,,,0,0,N,0.0,0.0,0.0,,,,,,,,36.04001,-86.74347,False,Crashes_2010_2019_MPO
102173069,2018-10-10,2018,,94.0,,,0,0,N,0.0,0.0,0.0,,,,,,,,35.95099,-86.84839,False,Crashes_2010_2019_MPO
102331032,2019-03-15,2019,,94.0,,,0,0,N,0.0,0.0,0.0,,,,,,,,35.92738,-86.8687,False,Crashes_2010_2019_MPO
101237626,2016-06-02,2016,,94.0,,,0,0,N,0.0,0.0,0.0,,,,,,,,35.94757,-86.81402,False,Crashes_2010_2019_MPO
102612375,2019-12-31,2019,,19.0,,,0,0,N,0.0,0.0,0.0,,,,,,,,36.04432,-86.71314,False,Crashes_2010_2019_MPO
100413954,2013-11-30,2013,,94.0,,,0,0,N,0.0,0.0,0.0,,,,,,,,35.96237,-86.81185,False,Crashes_2010_2019_MPO
100944681,2015-09-03,2015,,94.0,,,0,0,N,0.0,0.0,0.0,,,,,,,,35.93389,-86.84909,False,Crashes_2010_2019_MPO
101832797,2017-11-21,2017,,19.0,,,0,0,N,0.0,0.0,0.0,,,,,,,,36.03727,-86.78859,False,Crashes_2010_2019_MPO
102415410,2019-06-10,2019,,94.0,,,0,0,N,0.0,0.0,0.0,,,,,,,,35.96444,-86.81363,False,Crashes_2010_2019_MPO
100454941,2014-02-19,2014,,94.0,,,0,0,N,0.0,0.0,0.0,,,,,,,,35.99156,-86.68383,False,Crashes_2010_2019_MPO
101357219,2016-09-09,2016,,94.0,,,0,0,N,0.0,0.0,0.0,,,,,,,,35.96588,-86.80316,True,Crashes_2010_2019_MPO
102594640,2019-12-11,2019,,94.0,,,0,0,N,0.0,0.0,0.0,,,,,,,,35.92957,-86.84213,False,Crashes_2010_2019_MPO
100822025,2015-04-21,2015,,94.0,,,0,0,N,0.0,0.0,0.0,,,,,,,,35.94019,-86.81664,False,Crashes_2010_2019_MPO
102254619,2018-12-21,2018,,19.0,,,0,0,N,0.0,0.0,0.0,,,,,,,,36.04012,-86.78074,False,Crashes_2010_2019_MPO
100300163,2013-03-04,2013,,94.0,,,0,0,N,0.0,0.0,0.0,,,,,,,,35.9267,-86.82156,False,Crashes_2010_2019_MPO
101499119,2017-01-06,2017,,94.0,,,0,0,N,0.0,0.0,0.0,,,,,,,,35.98875,-86.7048,True,Crashes_2010_2019_MPO
101192371,2016-05-11,2016,,94.0,,,0,0,N,0.0,0.0,0.0,,,,,,,,35.96551,-86.80584,False,Crashes_2010_2019_MPO
101397447,2016-10-06,2016,,94.0,,,0,0,N,0.0,0.0,0.0,,,,,,,,35.95225,-86.72544,True,Crashes_2010_2019_MPO
100325896,2013-05-07,2013,,94.0,,,0,0,N,0.0,0.0,0.0,,,,,,,,35.98118,-86.84616,False,Crashes_2010_2019_MPO
100699139,2014-12-01,2014,,19.0,,,0,0,N,0.0,0.0,0.0,,,,,,,,36.04542,-86.71317,False,Crashes_2010_2019_MPO
101867032,2017-12-22,2017,,94.0,,,0,0,N,0.0,0.0,0.0,,,,,,,,35.96716,-86.81351,True,Crashes_2010_2019_MPO
102533607,2019-10-09,2019,,94.0,,,0,0,N,0.0,0.0,0.0,,,,,,,,36.02398,-86.81961,True,Crashes_2010_2019_MPO
101404427,2016-10-15,2016,,19.0,,,0,0,N,0.0,0.0,0.0,,,,,,,,36.04521,-86.74394,False,Crashes_2010_2019_MPO
101132470,2016-03-12,2016,,94.0,,,0,0,N,0.0,0.0,0.0,,,,,,,,35.95032,-86.76625,True,Crashes_2010_2019_MPO
100416864,2013-12-09,2013,,94.0,,,0,0,N,0.0,0.0,0.0,,,,,,,,35.96608,-86.80615,True,Crashes_2010_2019_MPO
100402468,2013-11-08,2013,,94.0,,,0,0,N,0.0,0.0,0.0,,,,,,,,36.00537,-86.78991,True,Crashes_2010_2019_MPO
100369182,2013-08-20,2013,,94.0,,,0,0,N,0.0,0.0,0.0,,,,,,,,35.98437,-86.72434,True,Crashes_2010_2019_MPO
101490483,2016-12-29,2016,,94.0,,,0,0,N,0.0,0.0,0.0,,,,,,,,35.96179,-86.81523,False,Crashes_2010_2019_MPO
101851765,2017-12-08,2017,,19.0,,,0,0,N,0.0,0.0,0.0,,,,,,,,36.03956,-86.78344,False,Crashes_2010_2019_MPO
102181387,2018-10-18,2018,,19.0,,,0,0,N,0.0,0.0,0.0,,,,,,,,36.0445,-86.71316,False,Crashes_2010_2019_MPO
102055939,2018-06-27,2018,,94.0,,,0,0,N,0.0,0.0,0.0,,,,,,,,35.93006,-86.82042,False,Crashes_2010_2019_MPO
102445493,2019-07-12,2019,,94.0,,,0,0,N,0.0,0.0,0.0,,,,,,,,35.96572,-86.81146,False,Crashes_2010_2019_MPO
100800960,2015-04-01,2015,,19.0,,,0,0,N,0.0,0.0,0.0,,,,,,,,36.03732,-86.79037,False,Crashes_2010_2019_MPO
100245100,2012-10-30,2012,,94.0,,,0,0,N,0.0,0.0,0.0,,,,,,,,35.96454,-86.78946,True,Crashes_2010_2019_MPO
102225854,2018-11-27,2018,,94.0,,,0,0,N,0.0,0.0,0.0,,,,,,,,35.99551,-86.77887,True,Crashes_2010_2019_MPO
100886346,2015-07-14,2015,,19.0,,,0,0,N,0.0,0.0,0.0,,,,,,,,36.03972,-86.75734,False,Crashes_2010_2019_MPO
102237626,2018-12-06,2018,,19.0,,,0,0,N,0.0,0.0,0.0,,,,,,,,36.04231,-86.7139,False,Crashes_2010_2019_MPO
102271027,2019-01-08,2019,,19.0,,,0,0,N,0.0,0.0,0.0,,,,,,,,36.03737,-86.78692,False,Crashes_2010_2019_MPO
101470395,2016-12-07,2016,,94.0,,,0,0,N,0.0,0.0,0.0,,,,,,,,35.96681,-86.81119,True,Crashes_2010_2019_MPO
102192784,2018-10-28,2018,,19.0,,,0,0,N,0.0,0.0,0.0,,,,,,,,35.99687,-86.68989,False,Crashes_2010_2019_MPO
101577475,2017-03-09,2017,,94.0,,,0,0,N,0.0,0.0,0.0,,,,,,,,35.96218,-86.80924,False,Crashes_2010_2019_MPO
101582553,2017-03-14,2017,,19.0,,,0,0,N,0.0,0.0,0.0,,,,,,,,36.04394,-86.72577,False,Crashes_2010_2019_MPO
100712476,2014-12-24,2014,,19.0,,,0,0,N,0.0,0.0,0.0,,,,,,,,36.04697,-86.68013,False,Crashes_2010_2019_MPO
100595748,2014-08-14,2014,,94.0,,,0,0,N,0.0,0.0,0.0,,,,,,,,35.94615,-86.80778,False,Crashes_2010_2019_MPO
100347106,2013-06-27,2013,,94.0,,,0,0,N,0.0,0.0,0.0,,,,,,,,35.94757,-86.81398,False,Crashes_2010_2019_MPO
101996016,2018-05-01,2018,,94.0,,,0,0,N,0.0,0.0,0.0,,,,,,,,36.001859,-86.720155,True,Crashes_2010_2019_MPO
100885580,2015-07-12,2015,,19.0,,,0,0,N,0.0,0.0,0.0,,,,,,,,36.03199,-86.75966,False,Crashes_2010_2019_MPO
101969386,2018-04-06,2018,,94.0,,,0,0,N,0.0,0.0,0.0,,,,,,,,35.95039,-86.81893,False,Crashes_2010_2019_MPO
101534804,2017-01-26,2017,,19.0,,,0,0,N,0.0,0.0,0.0,,,,,,,,36.04507,-86.69828,False,Crashes_2010_2019_MPO
101431095,2016-11-04,2016,,94.0,,,0,0,N,0.0,0.0,0.0,,,,,,,,35.96688,-86.81165,True,Crashes_2010_2019_MPO
101329683,2016-08-17,2016,,94.0,,,0,0,N,0.0,0.0,0.0,,,,,,,,35.99621,-86.78598,True,Crashes_2010_2019_MPO
101956734,2018-03-26,2018,,19.0,,,0,0,N,0.0,0.0,0.0,,,,,,,,36.03331,-86.74365,False,Crashes_2010_2019_MPO
101751768,2017-09-05,2017,,94.0,,,0,0,N,0.0,0.0,0.0,,,,,,,,36.01764,-86.75887,True,Crashes_2010_2019_MPO
102493018,2019-08-30,2019,,19.0,,,0,0,N,0.0,0.0,0.0,,,,,,,,36.0423,-86.71272,False,Crashes_2010_2019_MPO
101240283,2016-06-06,2016,,94.0,,,0,0,N,0.0,0.0,0.0,,,,,,,,35.95595,-86.81611,False,Crashes_2010_2019_MPO
101180625,2016-04-24,2016,,19.0,,,0,0,N,0.0,0.0,0.0,,,,,,,,36.05291,-86.68747,False,Crashes_2010_2019_MPO
10838694,2010-11-11,2010,,19.0,,,0,0, ,0.0,0.0,0.0,,,,,,,,36.04256,-86.72645,False,Crashes_2010_2019_MPO
102258710,2018-12-27,2018,,94.0,,,0,0,N,0.0,0.0,0.0,,,,,,,,36.03397,-86.80164,True,Crashes_2010_2019_MPO
101563886,2017-02-23,2017,,94.0,,,0,0,N,0.0,0.0,0.0,,,,,,,,35.92577,-86.8085,False,Crashes_2010_2019_MPO
100296211,2013-02-23,2013,,94.0,,,0,0,N,0.0,0.0,0.0,,,,,,,,35.94421,-86.81975,False,Crashes_2010_2019_MPO
101399141,2016-10-08,2016,,94.0,,,0,0,N,0.0,0.0,0.0,,,,,,,,35.95209,-86.81805,False,Crashes_2010_2019_MPO
101004779,2015-11-07,2015,,94.0,,,0,0,N,0.0,0.0,0.0,,,,,,,,35.96376,-86.81589,True,Crashes_2010_2019_MPO
100480507,2014-03-30,2014,,94.0,,,0,0,N,0.0,0.0,0.0,,,,,,,,35.93985,-86.87951,False,Crashes_2010_2019_MPO
100720331,2015-01-10,2015,,94.0,,,0,0,N,0.0,0.0,0.0,,,,,,,,35.95546,-86.84479,False,Crashes_2010_2019_MPO
100883100,2015-07-08,2015,,94.0,,,0,0,N,0.0,0.0,0.0,,,,,,,,35.94686,-86.85162,False,Crashes_2010_2019_MPO
100749662,2015-02-19,2015,,94.0,,,0,0,N,0.0,0.0,0.0,,,,,,,,35.96734,-86.8135,True,Crashes_2010_2019_MPO
100726544,2015-01-23,2015,,94.0,,,0,0,N,0.0,0.0,0.0,,,,,,,,35.96654,-86.80461,True,Crashes_2010_2019_MPO
102591359,2019-12-07,2019,,94.0,,,0,0,N,0.0,0.0,0.0,,,,,,,,35.99821,-86.80233,True,Crashes_2010_2019_MPO
101747012,2017-08-31,2017,,94.0,,,0,0,N,0.0,0.0,0.0,,,,,,,,35.98584,-86.75209,True,Crashes_2010_2019_MPO
102533399,2019-10-09,2019,,94.0,,,0,0,N,0.0,0.0,0.0,,,,,,,,35.93875,-86.83564,False,Crashes_2010_2019_MPO
100803889,2015-04-07,2015,,19.0,,,0,0,N,0.0,0.0,0.0,,,,,,,,36.04001,-86.74349,False,Crashes_2010_2019_MPO
100701897,2014-12-05,2014,,94.0,,,0,0,N,0.0,0.0,0.0,,,,,,,,35.9673,-86.80851,True,Crashes_2010_2019_MPO
101971603,2018-04-09,2018,,94.0,,,0,0,N,0.0,0.0,0.0,,,,,,,,35.93756,-86.76809,False,Crashes_2010_2019_MPO
102116813,2018-08-20,2018,,94.0,,,0,0,N,0.0,0.0,0.0,,,,,,,,35.93331,-86.78036,False,Crashes_2010_2019_MPO
101462023,2016-11-28,2016,,19.0,,,0,0,N,0.0,0.0,0.0,,,,,,,,36.04149,-86.78246,False,Crashes_2010_2019_MPO
101983759,2018-04-19,2018,,94.0,,,0,0,N,0.0,0.0,0.0,,,,,,,,35.96721,-86.8135,True,Crashes_2010_2019_MPO
101302531,2016-07-25,2016,,94.0,,,0,0,N,0.0,0.0,0.0,,,,,,,,35.96716,-86.81351,True,Crashes_2010_2019_MPO
101062966,2015-12-19,2015,,94.0,,,0,0,N,0.0,0.0,0.0,,,,,,,,36.00225,-86.79282,True,Crashes_2010_2019_MPO
100369159,2013-08-20,2013,,94.0,,,0,0,N,0.0,0.0,0.0,,,,,,,,36.03273,-86.81114,True,Crashes_2010_2019_MPO
101130231,2016-03-06,2016,,94.0,,,0,0,N,0.0,0.0,0.0,,,,,,,,35.98488,-86.87748,False,Crashes_2010_2019_MPO
100981791,2015-10-19,2015,,94.0,,,0,0,N,0.0,0.0,0.0,,,,,,,,35.9579,-86.80257,False,Crashes_2010_2019_MPO
102248236,2018-12-16,2018,,94.0,,,0,0,N,0.0,0.0,0.0,,,,,,,,35.93292,-86.81159,False,Crashes_2010_2019_MPO
102467929,2019-08-04,2019,,19.0,,,0,0,N,0.0,0.0,0.0,,,,,,,,36.05237,-86.68373,False,Crashes_2010_2019_MPO
102377845,2019-05-02,2019,,19.0,,,0,0,N,0.0,0.0,0.0,,,,,,,,36.02404,-86.78602,True,Crashes_2010_2019_MPO
101755228,2017-09-08,2017,,94.0,,,0,0,N,0.0,0.0,0.0,,,,,,,,35.92538,-86.87269,False,Crashes_2010_2019_MPO
101271712,2016-06-23,2016,,94.0,,,0,0,N,0.0,0.0,0.0,,,,,,,,36.02437,-86.78583,True,Crashes_2010_2019_MPO
102600676,2019-12-16,2019,,94.0,,,0,0,N,0.0,0.0,0.0,,,,,,,,35.92568,-86.87291,False,Crashes_2010_2019_MPO
101686818,2017-06-29,2017,,19.0,,,0,0,N,0.0,0.0,0.0,,,,,,,,36.04434,-86.72538,False,Crashes_2010_2019_MPO
100873367,2015-06-19,2015,,94.0,,,0,0,N,0.0,0.0,0.0,,,,,,,,35.94783,-86.83249,False,Crashes_2010_2019_MPO
100859698,2015-06-12,2015,,94.0,,,0,0,N,0.0,0.0,0.0,,,,,,,,35.95644,-86.83689,False,Crashes_2010_2019_MPO
100730180,2015-01-31,2015,,94.0,,,0,0,N,0.0,0.0,0.0,,,,,,,,35.96498,-86.8038,True,Crashes_2010_2019_MPO
101440915,2016-11-15,2016,,94.0,,,0,0,N,0.0,0.0,0.0,,,,,,,,36.01301,-86.83509,True,Crashes_2010_2019_MPO
102471848,2019-08-08,2019,,94.0,,,0,0,N,0.0,0.0,0.0,,,,,,,,35.94964,-86.84947,False,Crashes_2010_2019_MPO
101751693,2017-09-05,2017,,94.0,,,0,0,N,0.0,0.0,0.0,,,,,,,,35.94687,-86.85168,False,Crashes_2010_2019_MPO
101978342,2018-04-14,2018,,19.0,,,0,0,N,0.0,0.0,0.0,,,,,,,,36.03469,-86.78332,True,Crashes_2010_2019_MPO
101861545,2017-12-17,2017,,94.0,,,0,0,N,0.0,0.0,0.0,,,,,,,,35.96074,-86.81286,False,Crashes_2010_2019_MPO
101797967,2017-10-20,2017,,19.0,,,0,0,N,0.0,0.0,0.0,,,,,,,,36.0409,-86.77938,False,Crashes_2010_2019_MPO
100668396,2014-11-11,2014,,19.0,,,0,0,N,0.0,0.0,0.0,,,,,,,,36.03813,-86.80082,False,Crashes_2010_2019_MPO
102313293,2019-02-23,2019,,94.0,,,0,0,N,0.0,0.0,0.0,,,,,,,,35.9325,-86.86247,False,Crashes_2010_2019_MPO
10704455,2013-02-10,2013,,19.0,,,0,0, ,0.0,0.0,0.0,,,,,,,,36.0,-86.81,True,Crashes_2010_2019_MPO
100294674,2013-02-19,2013,,94.0,,,0,0,N,0.0,0.0,0.0,,,,,,,,35.9691,-86.80714,True,Crashes_2010_2019_MPO
100633932,2014-09-25,2014,,19.0,,,0,0,N,0.0,0.0,0.0,,,,,,,,36.03496,-86.78306,True,Crashes_2010_2019_MPO
101917278,2018-02-15,2018,,19.0,,,0,0,N,0.0,0.0,0.0,,,,,,,,36.04586,-86.71692,False,Crashes_2010_2019_MPO
102154357,2018-09-22,2018,,19.0,,,0,0,N,0.0,0.0,0.0,,,,,,,,36.04079,-86.77959,False,Crashes_2010_2019_MPO
101050753,2015-12-16,2015,,94.0,,,0,0,N,0.0,0.0,0.0,,,,,,,,36.034118,-86.788319,True,Crashes_2010_2019_MPO
101419021,2016-10-21,2016,,94.0,,,0,0,N,0.0,0.0,0.0,,,,,,,,35.92625,-86.82449,False,Crashes_2010_2019_MPO
101767617,2017-09-21,2017,,94.0,,,0,0,N,0.0,0.0,0.0,,,,,,,,36.03614,-86.79498,True,Crashes_2010_2019_MPO