mstrrecnbr,collision_ts,year,county,countystat,crash,crash_type,fatalities,non_motorists,commercial,fatal_c,nonmotor_c,truck_c,fatalc,serious_injuries,ped,bike,lighting,weather,first_harmful_event,latitude,longitude,in_city,src_layer
102608981,2019-12-26,2019,,94.0,,,0,0,N,0.0,0.0,0.0,,,,,,,,35.95578,-86.8058,False,Crashes_2010_2019_MPO
100923910,2015-08-16,2015,,94.0,,,0,0,N,0.0,0.0,0.0,,,,,,,,35.96585,-86.80567,True,Crashes_2010_2019_MPO
102568335,2019-11-14,2019,,19.0,,,0,0,N,0.0,0.0,0.0,,,,,,,,36.04743,-86.72859,False,Crashes_2010_2019_MPO
102397147,2019-05-23,2019,,19.0,,,0,0,Y,0.0,0.0,1.0,,,,,,,,36.04565,-86.71033,False,Crashes_2010_2019_MPO
100948276,2015-09-10,2015,,94.0,,,0,0,N,0.0,0.0,0.0,,,,,,,,35.94683,-86.85172,False,Crashes_2010_2019_MPO
101701002,2017-07-13,2017,,94.0,,,0,0,N,0.0,0.0,0.0,,,,,,,,35.99438,-86.79783,True,Crashes_2010_2019_MPO
102284228,2019-01-22,2019,,19.0,,,0,0,N,0.0,0.0,0.0,,,,,,,,35.9976,-86.69091,False,Crashes_2010_2019_MPO
100242952,2012-10-25,2012,,94.0,,,0,0,N,0.0,0.0,0.0,,,,,,,,35.96537,-86.79978,True,Crashes_2010_2019_MPO
101592708,2017-03-24,2017,,19.0,,,0,0,N,0.0,0.0,0.0,,,,,,,,36.04477,-86.7811,False,Crashes_2010_2019_MPO
101061159,2015-12-16,2015,,94.0,,,0,0,N,0.0,0.0,0.0,,,,,,,,35.92441,-86.82477,False,Crashes_2010_2019_MPO
102308488,2019-02-17,2019,,94.0,,,0,0,N,0.0,0.0,0.0,,,,,,,,35.94616,-86.80856,False,Crashes_2010_2019_MPO
101691042,2017-07-03,2017,,19.0,,,0,0,N,0.0,0.0,0.0,,,,,,,,35.9927,-86.68488,False,Crashes_2010_2019_MPO
100632176,2014-09-22,2014,,94.0,,,0,0,N,0.0,0.0,0.0,,,,,,,,35.99444,-86.79806,True,Crashes_2010_2019_MPO
102508007,2019-09-13,2019,,94.0,,,0,0,N,0.0,0.0,0.0,,,,,,,,35.97182,-86.82584,True,Crashes_2010_2019_MPO
100979285,2015-10-15,2015,,94.0,,,0,0,N,0.0,0.0,0.0,,,,,,,,36.00668,-86.78856,True,Crashes_2010_2019_MPO
101240415,2016-06-06,2016,,94.0,,,0,0,N,0.0,0.0,0.0,,,,,,,,35.93206,-86.8628,False,Crashes_2010_2019_MPO
100973979,2015-10-05,2015,,94.0,,,0,0,N,0.0,0.0,0.0,,,,,,,,35.94682,-86.68386,False,Crashes_2010_2019_MPO
100509763,2014-05-16,2014,,94.0,,,0,0,N,0.0,0.0,0.0,,,,,,,,35.96132,-86.81219,False,Crashes_2010_2019_MPO
101569476,2017-03-01,2017,,94.0,,,0,0,N,0.0,0.0,0.0,,,,,,,,35.9842,-86.72353,True,Crashes_2010_2019_MPO
100937912,2015-08-22,2015,,19.0,,,0,0,N,0.0,0.0,0.0,,,,,,,,36.05227,-86.69899,False,Crashes_2010_2019_MPO
100723712,2015-01-16,2015,,19.0,,,0,0,N,0.0,0.0,0.0,,,,,,,,36.04345,-86.74539,False,Crashes_2010_2019_MPO
100374312,2013-08-30,2013,,94.0,,,0,0,N,0.0,0.0,0.0,,,,,,,,36.00417,-86.79083,True,Crashes_2010_2019_MPO
101489300,2016-12-28,2016,,94.0,,,0,0,N,0.0,0.0,0.0,,,,,,,,35.93374,-86.81767,False,Crashes_2010_2019_MPO
102572086,2019-11-18,2019,,94.0,,,0,0,N,0.0,0.0,0.0,,,,,,,,35.96705,-86.81355,True,Crashes_2010_2019_MPO
101397265,2016-10-06,2016,,19.0,,,0,0,N,0.0,0.0,0.0,,,,,,,,36.01559,-86.7406,False,Crashes_2010_2019_MPO
102083348,2018-07-22,2018,,19.0,,,0,0,N,0.0,0.0,0.0,,,,,,,,36.02511,-86.71779,False,Crashes_2010_2019_MPO
101401015,2016-10-10,2016,,19.0,,,0,0,N,0.0,0.0,0.0,,,,,,,,36.03323,-86.71135,False,Crashes_2010_2019_MPO
100733379,2015-02-06,2015,,94.0,,,0,0,N,0.0,0.0,0.0,,,,,,,,36.03336,-86.78872,True,Crashes_2010_2019_MPO
102322049,2019-03-05,2019,,19.0,,,0,0,N,0.0,0.0,0.0,,,,,,,,36.03755,-86.79217,False,Crashes_2010_2019_MPO
102026616,2018-05-29,2018,,19.0,,,0,0,N,0.0,0.0,0.0,,,,,,,,36.04752,-86.86351,False,Crashes_2010_2019_MPO
100951164,2015-09-15,2015,,19.0,,,0,0,N,0.0,0.0,0.0,,,,,,,,36.04522,-86.71479,False,Crashes_2010_2019_MPO
101479225,2016-12-16,2016,,94.0,,,0,0,N,0.0,0.0,0.0,,,,,,,,35.96726,-86.8143,True,Crashes_2010_2019_MPO
101287048,2016-07-16,2016,,94.0,,,0,0,N,0.0,0.0,0.0,,,,,,,,35.95661,-86.81119,False,Crashes_2010_2019_MPO
102078404,2018-07-18,2018,,94.0,,,0,0,N,0.0,0.0,0.0,,,,,,,,35.94687,-86.85168,False,Crashes_2010_2019_MPO
102179368,2018-10-16,2018,,94.0,,,0,0,N,0.0,0.0,0.0,,,,,,,,35.99922,-86.80923,True,Crashes_2010_2019_MPO
102014125,2018-05-17,2018,,94.0,,,0,0,N,0.0,0.0,0.0,,,,,,,,35.95293,-86.81219,False,Crashes_2010_2019_MPO
100858557,2015-06-10,2015,,94.0,,,0,0,N,0.0,0.0,0.0,,,,,,,,35.97317,-86.83099,True,Crashes_2010_2019_MPO
101128698,2016-03-06,2016,,94.0,,,0,0,N,0.0,0.0,0.0,,,,,,,,36.025515,-86.789443,True,Crashes_2010_2019_MPO
102021082,2018-05-24,2018,,94.0,,,0,0,N,0.0,0.0,0.0,,,,,,,,35.94621,-86.8268,False,Crashes_2010_2019_MPO
100415980,2013-12-07,2013,,94.0,,,0,0,Y,0.0,0.0,1.0,,,,,,,,35.95598,-86.81842,False,Crashes_2010_2019_MPO
102467455,2019-08-03,2019,,94.0,,,0,0,N,0.0,0.0,0.0,,,,,,,,35.99781,-86.79886,True,Crashes_2010_2019_MPO
100281295,2013-01-17,2013,,94.0,,,1,0,N,1.0,0.0,0.0,,,,,,,,35.946739,-86.813438,False,Crashes_2010_2019_MPO
100548276,2014-06-06,2014,,94.0,,,0,0,N,0.0,0.0,0.0,,,,,,,,35.98448,-86.6892,True,Crashes_2010_2019_MPO
100285306,2013-01-29,2013,,94.0,,,0,0,Y,0.0,0.0,1.0,,,,,,,,35.94173,-86.82105,False,Crashes_2010_2019_MPO
101643426,2017-05-13,2017,,19.0,,,0,0,N,0.0,0.0,0.0,,,,,,,,36.04469,-86.84743,False,Crashes_2010_2019_MPO
101046706,2015-12-10,2015,,19.0,,,0,0,N,0.0,0.0,0.0,,,,,,,,36.03261,-86.76925,False,Crashes_2010_2019_MPO
100922666,2015-08-13,2015,,94.0,,,0,0,N,0.0,0.0,0.0,,,,,,,,35.9349,-86.82125,False,Crashes_2010_2019_MPO
102383009,2019-05-07,2019,,19.0,,,0,0,N,0.0,0.0,0.0,,,,,,,,36.04055,-86.7707,False,Crashes_2010_2019_MPO
102390536,2019-05-16,2019,,94.0,,,0,0,N,0.0,0.0,0.0,,,,,,,,35.93446,-86.81991,False,Crashes_2010_2019_MPO
102516507,2019-09-21,2019,,19.0,,,0,0,N,0.0,0.0,0.0,,,,,,,,36.05366,-86.71502,False,Crashes_2010_2019_MPO
100971816,2015-10-02,2015,,19.0,,,0,0,N,0.0,0.0,0.0,,,,,,,,36.0422,-86.78228,False,Crashes_2010_2019_MPO
101469124,2016-12-06,2016,,19.0,,,0,0,N,0.0,0.0,0.0,,,,,,,,36.05224,-86.74309,False,Crashes_2010_2019_MPO
101986877,2018-04-23,2018,,94.0,,,0,0,N,0.0,0.0,0.0,,,,,,,,35.98103,-86.72493,True,Crashes_2010_2019_MPO
102610588,2019-12-29,2019,,94.0,,,0,0,N,0.0,0.0,0.0,,,,,,,,35.92844,-86.82071,False,Crashes_2010_2019_MPO
100967171,2015-09-25,2015,,19.0,,,0,0,N,0.0,0.0,0.0,,,,,,,,36.04622,-86.71336,False,Crashes_2010_2019_MPO
102300071,2019-02-02,2019,,94.0,,,0,0,N,0.0,0.0,0.0,,,,,,,,35.9267,-86.76723,False,Crashes_2010_2019_MPO
101737094,2017-08-21,2017,,94.0,,,0,0,N,0.0,0.0,0.0,,,,,,,,36.03386,-86.79027,True,Crashes_2010_2019_MPO
100460459,2014-03-05,2014,,94.0,,,0,0,N,0.0,0.0,0.0,,,,,,,,35.92788,-86.71754,False,Crashes_2010_2019_MPO
102024904,2018-05-27,2018,,19.0,,,0,0,N,0.0,0.0,0.0,,,,,,,,36.03076,-86.74395,False,Crashes_2010_2019_MPO
102273858,2019-01-11,2019,,94.0,,,0,0,N,0.0,0.0,0.0,,,,,,,,35.97334,-86.83305,True,Crashes_2010_2019_MPO
101002730,2015-10-27,2015,,94.0,,,0,0,N,0.0,0.0,0.0,,,,,,,,35.99934,-86.79569,True,Crashes_2010_2019_MPO
101208628,2016-05-20,2016,,19.0,,,0,0,N,0.0,0.0,0.0,,,,,,,,36.03735,-86.78712,False,Crashes_2010_2019_MPO
101317731,2016-07-29,2016,,94.0,,,0,0,N,0.0,0.0,0.0,,,,,,,,35.94679,-86.82393,False,Crashes_2010_2019_MPO
102553446,2019-10-30,2019,,94.0,,,0,0,N,0.0,0.0,0.0,,,,,,,,35.96998,-86.836,False,Crashes_2010_2019_MPO
102304044,2019-02-12,2019,,19.0,,,0,0,N,0.0,0.0,0.0,,,,,,,,36.04393,-86.6933,False,Crashes_2010_2019_MPO
102155538,2018-09-23,2018,,94.0,,,0,0,N,0.0,0.0,0.0,,,,,,,,35.93018,-86.8492,False,Crashes_2010_2019_MPO
102105840,2018-08-10,2018,,94.0,,,0,0,N,0.0,0.0,0.0,,,,,,,,35.92609,-86.87139,False,Crashes_2010_2019_MPO
102239143,2018-11-30,2018,,94.0,,,0,0,N,0.0,0.0,0.0,,,,,,,,35.99059,-86.79915,True,Crashes_2010_2019_MPO
100398379,2013-10-30,2013,,94.0,,,0,0,N,0.0,0.0,0.0,,,,,,,,35.99662,-86.78963,True,Crashes_2010_2019_MPO
101992905,2018-04-28,2018,,94.0,,,0,0,N,0.0,0.0,0.0,,,,,,,,35.94778,-86.81994,False,Crashes_2010_2019_MPO
100419735,2013-12-15,2013,,94.0,,,0,0,N,0.0,0.0,0.0,,,,,,,,35.94632,-86.8236,False,Crashes_2010_2019_MPO
100387892,2013-10-06,2013,,94.0,,,0,0,N,0.0,0.0,0.0,,,,,,,,35.95328,-86.81208,False,Crashes_2010_2019_MPO
100416994,2013-12-10,2013,,94.0,,,0,0,N,0.0,0.0,0.0,,,,,,,,35.97343,-86.80508,True,Crashes_2010_2019_MPO
100510226,2014-05-17,2014,,94.0,,,0,0,N,0.0,0.0,0.0,,,,,,,,35.94089,-86.83939,False,Crashes_2010_2019_MPO
101953855,2018-03-23,2018,,94.0,,,0,0,N,0.0,0.0,0.0,,,,,,,,35.93477,-86.80423,False,Crashes_2010_2019_MPO
102127589,2018-08-29,2018,,94.0,,,0,0,N,0.0,0.0,0.0,,,,,,,,36.01286,-86.80081,True,Crashes_2010_2019_MPO
102018379,2018-05-22,2018,,94.0,,,0,0,N,0.0,0.0,0.0,,,,,,,,36.01785,-86.84677,True,Crashes_2010_2019_MPO
101036092,2015-11-24,2015,,19.0,,,0,0,N,0.0,0.0,0.0,,,,,,,,36.05121,-86.81623,False,Crashes_2010_2019_MPO
100389331,2013-10-09,2013,,94.0,,,0,0,N,0.0,0.0,0.0,,,,,,,,35.94591,-86.80683,False,Crashes_2010_2019_MPO
101826109,2017-11-15,2017,,94.0,,,0,0,N,0.0,0.0,0.0,,,,,,,,35.94782,-86.81975,False,Crashes_2010_2019_MPO
102421235,2019-06-17,2019,,19.0,,,0,0,N,0.0,0.0,0.0,,,,,,,,36.04615,-86.71336,False,Crashes_2010_2019_MPO
100827623,2015-05-02,2015,,94.0,,,0,0,N,0.0,0.0,0.0,,,,,,,,35.99549,-86.77872,True,Crashes_2010_2019_MPO
100181105,2012-05-15,2012,,94.0,,,0,0,N,0.0,0.0,0.0,,,,,,,,35.96702,-86.81325,True,Crashes_2010_2019_MPO
101904385,2018-02-02,2018,,94.0,,,0,0,N,0.0,0.0,0.0,,,,,,,,35.99781,-86.79886,True,Crashes_2010_2019_MPO
101754094,2017-09-07,2017,,94.0,,,0,0,N,0.0,0.0,0.0,,,,,,,,35.9968,-86.797,True,Crashes_2010_2019_MPO
102320196,2019-03-03,2019,,94.0,,,0,0,N,0.0,0.0,0.0,,,,,,,,35.95046,-86.81888,False,Crashes_2010_2019_MPO
100835310,2015-05-16,2015,,94.0,,,0,0,N,0.0,0.0,0.0,,,,,,,,35.99125,-86.69637,True,Crashes_2010_2019_MPO
100188366,2012-06-05,2012,,94.0,,,0,0,N,0.0,0.0,0.0,,,,,,,,35.98624,-86.73643,True,Crashes_2010_2019_MPO
100995912,2015-10-25,2015,,94.0,,,0,0,N,0.0,0.0,0.0,,,,,,,,35.99914,-86.80899,True,Crashes_2010_2019_MPO
102037509,2018-06-08,2018,,19.0,,,0,0,N,0.0,0.0,0.0,,,,,,,,36.05239,-86.77601,False,Crashes_2010_2019_MPO
100191716,2012-06-14,2012,,94.0,,,0,0,N,0.0,0.0,0.0,,,,,,,,35.99315,-86.69646,True,Crashes_2010_2019_MPO
100980908,2015-10-17,2015,,19.0,,,0,0,N,0.0,0.0,0.0,,,,,,,,36.0409,-86.77938,False,Crashes_2010_2019_MPO
101490489,2016-12-29,2016,,94.0,,,0,0,N,0.0,0.0,0.0,,,,,,,,35.98554,-86.80113,True,Crashes_2010_2019_MPO
102452253,2019-07-18,2019,,94.0,,,0,0,N,0.0,0.0,0.0,,,,,,,,35.94089,-86.72999,False,Crashes_2010_2019_MPO
102180537,2018-10-17,2018,,94.0,,,0,0,N,0.0,0.0,0.0,,,,,,,,35.94421,-86.81976,False,Crashes_2010_2019_MPO
100862267,2015-06-17,2015,,94.0,,,0,0,N,0.0,0.0,0.0,,,,,,,,35.95698,-86.84358,False,Crashes_2010_2019_MPO
101764515,2017-09-16,2017,,94.0,,,0,0,N,0.0,0.0,0.0,,,,,,,,36.03141,-86.78979,True,Crashes_2010_2019_MPO
101808041,2017-10-29,2017,,94.0,,,0,0,N,0.0,0.0,0.0,,,,,,,,35.94708,-86.83267,False,Crashes_2010_2019_MPO
101079556,2016-01-18,2016,,94.0,,,0,0,N,0.0,0.0,0.0,,,,,,,,35.9941,-86.76334,True,Crashes_2010_2019_MPO
100564582,2014-06-23,2014,,94.0,,,0,0,N,0.0,0.0,0.0,,,,,,,,35.94718,-86.81965,False,Crashes_2010_2019_MPO
101388717,2016-09-23,2016,,94.0,,,0,0,N,0.0,0.0,0.0,,,,,,,,36.0247,-86.78564,True,Crashes_2010_2019_MPO
101700425,2017-07-13,2017,,19.0,,,0,0,N,0.0,0.0,0.0,,,,,,,,36.02371,-86.71273,False,Crashes_2010_2019_MPO
101919353,2018-02-18,2018,,19.0,,,0,0,N,0.0,0.0,0.0,,,,,,,,35.99687,-86.68989,False,Crashes_2010_2019_MPO
101274216,2016-06-27,2016,,94.0,,,0,0,N,0.0,0.0,0.0,,,,,,,,36.03689,-86.81684,True,Crashes_2010_2019_MPO
102310916,2019-02-20,2019,,94.0,,,0,0,N,0.0,0.0,0.0,,,,,,,,35.98542,-86.73156,True,Crashes_2010_2019_MPO
100384445,2013-09-27,2013,,94.0,,,0,0,N,0.0,0.0,0.0,,,,,,,,35.92979,-86.85586,False,Crashes_2010_2019_MPO
102550239,2019-10-25,2019,,94.0,,,0,0,N,0.0,0.0,0.0,,,,,,,,35.97438,-86.83209,True,Crashes_2010_2019_MPO
101076607,2016-01-13,2016,,19.0,,,0,0,N,0.0,0.0,0.0,,,,,,,,36.04485,-86.72472,False,Crashes_2010_2019_MPO
101153360,2016-03-29,2016,,94.0,,,0,0,N,0.0,0.0,0.0,,,,,,,,36.00375,-86.8158,True,Crashes_2010_2019_MPO
100132371,2011-12-22,2011,,19.0,,,0,0,N,0.0,0.0,0.0,,,,,,,,36.03473,-86.87335,False,Crashes_2010_2019_MPO
102557846,2019-11-04,2019,,94.0,,,0,0,N,0.0,0.0,0.0,,,,,,,,35.92372,-86.86968,False,Crashes_2010_2019_MPO
102456545,2019-07-24,2019,,19.0,,,0,0,N,0.0,0.0,0.0,,,,,,,,36.03743,-86.71594,False,Crashes_2010_2019_MPO
102445551,2019-07-12,2019,,19.0,,,0,0,N,0.0,0.0,0.0,,,,,,,,35.99635,-86.68913,False,Crashes_2010_2019_MPO
101760236,2017-09-13,2017,,94.0,,,0,0,N,0.0,0.0,0.0,,,,,,,,35.966741,-86.809123,True,Crashes_2010_2019_MPO
101941780,2018-03-12,2018,,94.0,,,0,0,N,0.0,0.0,0.0,,,,,,,,35.9781,-86.8523,False,Crashes_2010_2019_MPO
102477382,2019-08-14,2019,,94.0,,,0,0,N,0.0,0.0,0.0,,,,,,,,35.93325,-86.86191,False,Crashes_2010_2019_MPO
101006974,2015-11-10,2015,,94.0,,,0,0,N,0.0,0.0,0.0,,,,,,,,35.97022,-86.80619,True,Crashes_2010_2019_MPO
101122864,2016-02-26,2016,,19.0,,,0,0,N,0.0,0.0,0.0,,,,,,,,36.03776,-86.78477,False,Crashes_2010_2019_MPO
102532154,2019-10-07,2019,,19.0,,,0,0,N,0.0,0.0,0.0,,,,,,,,36.04503,-86.72508,False,Crashes_2010_2019_MPO
102539887,2019-10-16,2019,,94.0,,,0,0,N,0.0,0.0,0.0,,,,,,,,35.93374,-86.81767,False,Crashes_2010_2019_MPO
100997114,2015-10-23,2015,,19.0,,,0,0,N,0.0,0.0,0.0,,,,,,,,36.02341,-86.69809,False,Crashes_2010_2019_MPO
101042280,2015-12-03,2015,,94.0,,,0,0,N,0.0,0.0,0.0,,,,,,,,35.93877,-86.68537,False,Crashes_2010_2019_MPO
102424128,2019-06-19,2019,,94.0,,,0,0,N,0.0,0.0,0.0,,,,,,,,36.02435,-86.8194,True,Crashes_2010_2019_MPO
102421105,2019-06-16,2019,,19.0,,,0,0,N,0.0,0.0,0.0,,,,,,,,36.05366,-86.71502,False,Crashes_2010_2019_MPO
102160615,2018-09-28,2018,,94.0,,,0,0,N,0.0,0.0,0.0,,,,,,,,35.9946,-86.76779,True,Crashes_2010_2019_MPO
101102958,2016-02-10,2016,,19.0,,,0,0,N,0.0,0.0,0.0,,,,,,,,36.02229,-86.68615,False,Crashes_2010_2019_MPO
100997268,2015-10-27,2015,,19.0,,,0,0,N,0.0,0.0,0.0,,,,,,,,36.0431,-86.8429,False,Crashes_2010_2019_MPO
100444851,2014-02-19,2014,,94.0,,,0,0,N,0.0,0.0,0.0,,,,,,,,35.96586,-86.81404,False,Crashes_2010_2019_MPO
100636180,2014-09-30,2014,,19.0,,,0,0,N,0.0,0.0,0.0,,,,,,,,36.04577,-86.74389,False,Crashes_2010_2019_MPO
100438560,2014-02-03,2014,,94.0,,,0,0,N,0.0,0.0,0.0,,,,,,,,35.93874,-86.80965,False,Crashes_2010_2019_MPO
101716957,2017-07-31,2017,,19.0,,,0,0,N,0.0,0.0,0.0,,,,,,,,36.04582,-86.85588,False,Crashes_2010_2019_MPO
102435226,2019-07-02,2019,,19.0,,,0,0,N,0.0,0.0,0.0,,,,,,,,36.03899,-86.78258,False,Crashes_2010_2019_MPO
102285627,2019-01-23,2019,,94.0,,,0,0,N,0.0,0.0,0.0,,,,,,,,35.99734,-86.79486,True,Crashes_2010_2019_MPO
101781548,2017-10-04,2017,,19.0,,,0,0,N,0.0,0.0,0.0,,,,,,,,36.03926,-86.78213,False,Crashes_2010_2019_MPO
101345437,2016-08-23,2016,,19.0,,,0,0,N,0.0,0.0,0.0,,,,,,,,36.04561,-86.71977,False,Crashes_2010_2019_MPO
100294776,2013-02-19,2013,,94.0,,,0,0,N,0.0,0.0,0.0,,,,,,,,35.96312,-86.81899,True,Crashes_2010_2019_MPO
101048017,2015-12-11,2015,,94.0,,,0,0,N,0.0,0.0,0.0,,,,,,,,35.9447,-86.80928,False,Crashes_2010_2019_MPO
101664086,2017-06-01,2017,,94.0,,,0,0,N,0.0,0.0,0.0,,,,,,,,36.00132,-86.79378,True,Crashes_2010_2019_MPO
102596963,2019-12-13,2019,,94.0,,,0,0,N,0.0,0.0,0.0,,,,,,,,35.93557,-86.82364,False,Crashes_2010_2019_MPO
100465813,2014-03-18,2014,,94.0,,,0,0,N,0.0,0.0,0.0,,,,,,,,35.94489,-86.82843,False,Crashes_2010_2019_MPO
101642089,2017-05-12,2017,,19.0,,,0,0,N,0.0,0.0,0.0,,,,,,,,36.03953,-86.78173,False,Crashes_2010_2019_MPO
101930981,2018-03-02,2018,,19.0,,,0,0,N,0.0,0.0,0.0,,,,,,,,36.04751,-86.86347,False,Crashes_2010_2019_MPO
101281730,2016-07-07,2016,,19.0,,,0,0,N,0.0,0.0,0.0,,,,,,,,36.04123,-86.77851,False,Crashes_2010_2019_MPO
100402270,2013-11-08,2013,,94.0,,,0,0,N,0.0,0.0,0.0,,,,,,,,35.95826,-86.80208,False,Crashes_2010_2019_MPO
100301017,2013-03-08,2013,,94.0,,,0,0,N,0.0,0.0,0.0,,,,,,,,36.03642,-86.87199,False,Crashes_2010_2019_MPO
100855397,2015-06-04,2015,,94.0,,,0,0,N,0.0,0.0,0.0,,,,,,,,36.03297,-86.78894,True,Crashes_2010_2019_MPO
102385596,2019-05-10,2019,,19.0,,,0,0,N,0.0,0.0,0.0,,,,,,,,36.0408,-86.77347,False,Crashes_2010_2019_MPO
102417186,2019-06-11,2019,,94.0,,,0,0,N,0.0,0.0,0.0,,,,,,,,35.95395,-86.81484,False,Crashes_2010_2019_MPO
100613142,2014-09-01,2014,,94.0,,,0,0,N,0.0,0.0,0.0,,,,,,,,35.99924,-86.80919,True,Crashes_2010_2019_MPO
102302797,2019-02-06,2019,,94.0,,,0,0,N,0.0,0.0,0.0,,,,,,,,35.93556,-86.82358,False,Crashes_2010_2019_MPO
102198311,2018-11-01,2018,,94.0,,,0,0,N,0.0,0.0,0.0,,,,,,,,35.92891,-86.87519,False,Crashes_2010_2019_MPO
100656756,2014-10-20,2014,,94.0,,,0,0,N,0.0,0.0,0.0,,,,,,,,35.99735,-86.7968,True,Crashes_2010_2019_MPO
101664184,2017-06-04,2017,,19.0,,,0,0,N,0.0,0.0,0.0,,,,,,,,36.04302,-86.69075,False,Crashes_2010_2019_MPO
101784066,2017-10-06,2017,,94.0,,,0,0,N,0.0,0.0,0.0,,,,,,,,35.99695,-86.7972,True,Crashes_2010_2019_MPO
100334506,2013-05-22,2013,,94.0,,,0,0,N,0.0,0.0,0.0,,,,,,,,35.96016,-86.81579,False,Crashes_2010_2019_MPO
101736763,2017-08-16,2017,,94.0,,,0,0,N,0.0,0.0,0.0,,,,,,,,35.94699,-86.82143,False,Crashes_2010_2019_MPO
101711214,2017-07-25,2017,,94.0,,,0,0,N,0.0,0.0,0.0,,,,,,,,35.94675,-86.85178,False,Crashes_2010_2019_MPO
102364629,2019-04-18,2019,,94.0,,,0,0,N,0.0,0.0,0.0,,,,,,,,35.96772,-86.81338,True,Crashes_2010_2019_MPO
101800103,2017-10-21,2017,,94.0,,,0,0,N,0.0,0.0,0.0,,,,,,,,35.98885,-86.70732,True,Crashes_2010_2019_MPO
101417755,2016-10-19,2016,,94.0,,,0,0,N,0.0,0.0,0.0,,,,,,,,35.94195,-86.82297,False,Crashes_2010_2019_MPO
101978556,2018-04-14,2018,,94.0,,,0,0,N,0.0,0.0,0.0,,,,,,,,35.99136,-86.71001,True,Crashes_2010_2019_MPO
101532711,2017-01-23,2017,,94.0,,,0,0,N,0.0,0.0,0.0,,,,,,,,36.03318,-86.78282,True,Crashes_2010_2019_MPO
101036696,2015-11-25,2015,,94.0,,,0,0,N,0.0,0.0,0.0,,,,,,,,35.96646,-86.81129,False,Crashes_2010_2019_MPO
100964343,2015-09-21,2015,,19.0,,,0,0,N,0.0,0.0,0.0,,,,,,,,36.01108,-86.70269,False,Crashes_2010_2019_MPO
100665673,2014-11-06,2014,,94.0,,,0,0,N,0.0,0.0,0.0,,,,,,,,35.97682,-86.82589,True,Crashes_2010_2019_MPO
100052543,2011-04-29,2011,,94.0,,,0,0,N,0.0,0.0,0.0,,,,,,,,36.030792,-86.875816,False,Crashes_2010_2019_MPO
100919600,2015-08-07,2015,,19.0,,,0,0,N,0.0,0.0,0.0,,,,,,,,36.04185,-86.82445,False,Crashes_2010_2019_MPO
102556850,2019-11-03,2019,,19.0,,,0,0,N,0.0,0.0,0.0,,,,,,,,36.03122,-86.87558,False,Crashes_2010_2019_MPO
101153009,2016-03-29,2016,,94.0,,,0,0,N,0.0,0.0,0.0,,,,,,,,35.99101,-86.799,True,Crashes_2010_2019_MPO
101070291,2016-01-01,2016,,19.0,,,0,0,N,0.0,0.0,0.0,,,,,,,,36.0454,-86.71306,False,Crashes_2010_2019_MPO
100585627,2014-07-18,2014,,94.0,,,0,0,N,0.0,0.0,0.0,,,,,,,,35.94603,-86.8234,False,Crashes_2010_2019_MPO
101767525,2017-09-21,2017,,94.0,,,0,0,N,0.0,0.0,0.0,,,,,,,,35.97393,-86.80516,True,Crashes_2010_2019_MPO
101133550,2016-03-14,2016,,19.0,,,0,0,N,0.0,0.0,0.0,,,,,,,,36.04537,-86.71326,False,Crashes_2010_2019_MPO
100832272,2015-05-11,2015,,19.0,,,0,0,N,0.0,0.0,0.0,,,,,,,,36.0453,-86.71315,False,Crashes_2010_2019_MPO
101478491,2016-12-16,2016,,94.0,,,0,0,N,0.0,0.0,0.0,,,,,,,,35.93768,-86.87618,False,Crashes_2010_2019_MPO
101420299,2016-10-22,2016,,19.0,,,0,0,N,0.0,0.0,0.0,,,,,,,,36.04526,-86.71704,False,Crashes_2010_2019_MPO
102506010,2019-09-11,2019,,94.0,,,0,0,N,0.0,0.0,0.0,,,,,,,,35.96312,-86.81897,True,Crashes_2010_2019_MPO
101548352,2016-12-22,2016,,94.0,,,0,0,N,0.0,0.0,0.0,,,,,,,,35.95399,-86.7103,True,Crashes_2010_2019_MPO
101005732,2015-11-09,2015,,94.0,,,0,0,N,0.0,0.0,0.0,,,,,,,,35.99734,-86.79486,True,Crashes_2010_2019_MPO
101848157,2017-12-04,2017,,94.0,,,0,0,N,0.0,0.0,0.0,,,,,,,,36.03324,-86.78338,True,Crashes_2010_2019_MPO
101776539,2017-09-29,2017,,19.0,,,0,0,N,0.0,0.0,0.0,,,,,,,,36.04208,-86.83518,False,Crashes_2010_2019_MPO
102178677,2018-10-15,2018,,19.0,,,0,0,N,0.0,0.0,0.0,,,,,,,,36.03768,-86.7865,False,Crashes_2010_2019_MPO
102058063,2018-06-29,2018,,94.0,,,0,0,N,0.0,0.0,0.0,,,,,,,,35.9584,-86.80226,False,Crashes_2010_2019_MPO
101348012,2016-08-27,2016,,94.0,,,0,0,N,0.0,0.0,0.0,,,,,,,,35.92957,-86.84187,False,Crashes_2010_2019_MPO
101365019,2016-09-19,2016,,19.0,,,0,0,N,0.0,0.0,0.0,,,,,,,,36.04528,-86.70146,False,Crashes_2010_2019_MPO
101245555,2016-06-14,2016,,19.0,,,0,0,N,0.0,0.0,0.0,,,,,,,,36.04529,-86.72374,False,Crashes_2010_2019_MPO
101435464,2016-11-07,2016,,94.0,,,0,0,N,0.0,0.0,0.0,,,,,,,,36.03593,-86.78724,True,Crashes_2010_2019_MPO
101072185,2016-01-04,2016,,94.0,,,0,0,N,0.0,0.0,0.0,,,,,,,,35.93081,-86.86373,False,Crashes_2010_2019_MPO
100914065,2015-07-29,2015,,94.0,,,0,0,N,0.0,0.0,0.0,,,,,,,,35.94816,-86.81833,False,Crashes_2010_2019_MPO
101933307,2018-03-04,2018,,94.0,,,0,0,N,0.0,0.0,0.0,,,,,,,,35.99714,-86.79366,True,Crashes_2010_2019_MPO
100976620,2015-10-10,2015,,94.0,,,0,0,N,0.0,0.0,0.0,,,,,,,,35.93215,-86.79441,False,Crashes_2010_2019_MPO