mstrrecnbr,collision_ts,year,county,countystat,crash,crash_type,fatalities,non_motorists,commercial,fatal_c,nonmotor_c,truck_c,fatalc,serious_injuries,ped,bike,lighting,weather,first_harmful_event,latitude,longitude,in_city,src_layer
102286530,2019-01-24,2019,,19.0,,,0,0,N,0.0,0.0,0.0,,,,,,,,36.04245,-86.71294,False,Crashes_2010_2019_MPO
100615217,2014-09-05,2014,,94.0,,,0,0,N,0.0,0.0,0.0,,,,,,,,35.94315,-86.82081,False,Crashes_2010_2019_MPO
100721990,2015-01-14,2015,,19.0,,,0,0,N,0.0,0.0,0.0,,,,,,,,36.04732,-86.86273,False,Crashes_2010_2019_MPO
101595481,2017-03-27,2017,,94.0,,,0,0,N,0.0,0.0,0.0,,,,,,,,36.03311,-86.78656,True,Crashes_2010_2019_MPO
101953847,2018-03-23,2018,,19.0,,,0,0,N,0.0,0.0,0.0,,,,,,,,36.03777,-86.74347,False,Crashes_2010_2019_MPO
101040623,2015-12-01,2015,,19.0,,,0,0,N,0.0,0.0,0.0,,,,,,,,36.04522,-86.71479,False,Crashes_2010_2019_MPO
101127840,2016-03-04,2016,,94.0,,,0,0,N,0.0,0.0,0.0,,,,,,,,35.97125,-86.80608,True,Crashes_2010_2019_MPO
100913692,2015-07-28,2015,,94.0,,,0,0,N,0.0,0.0,0.0,,,,,,,,35.92423,-86.86921,False,Crashes_2010_2019_MPO
101468993,2016-12-05,2016,,94.0,,,0,0,N,0.0,0.0,0.0,,,,,,,,36.01575,-86.82116,True,Crashes_2010_2019_MPO
102111538,2018-08-14,2018,,94.0,,,0,0,N,0.0,0.0,0.0,,,,,,,,35.95534,-86.82586,False,Crashes_2010_2019_MPO
100726233,2015-01-23,2015,,94.0,,,0,0,N,0.0,0.0,0.0,,,,,,,,35.95084,-86.81864,False,Crashes_2010_2019_MPO
102246089,2018-12-10,2018,,94.0,,,0,0,N,0.0,0.0,0.0,,,,,,,,36.03557,-86.78745,True,Crashes_2010_2019_MPO
101045811,2015-12-08,2015,,19.0,,,0,0,N,0.0,0.0,0.0,,,,,,,,36.04299,-86.84232,False,Crashes_2010_2019_MPO
100159682,2012-03-19,2012,,94.0,,,0,0,N,0.0,0.0,0.0,,,,,,,,35.96665,-86.8094,True,Crashes_2010_2019_MPO
101896740,2018-01-25,2018,,94.0,,,0,0,N,0.0,0.0,0.0,,,,,,,,35.9267,-86.82714,False,Crashes_2010_2019_MPO
102487836,2019-08-24,2019,,94.0,,,0,0,N,0.0,0.0,0.0,,,,,,,,35.96669,-86.81113,True,Crashes_2010_2019_MPO
100408059,2013-11-19,2013,,94.0,,,0,0,N,0.0,0.0,0.0,,,,,,,,35.99739,-86.79488,True,Crashes_2010_2019_MPO
102567016,2019-11-13,2019,,94.0,,,0,0,N,0.0,0.0,0.0,,,,,,,,35.92648,-86.82527,False,Crashes_2010_2019_MPO
102509749,2019-09-14,2019,,94.0,,,0,0,N,0.0,0.0,0.0,,,,,,,,35.94173,-86.82104,False,Crashes_2010_2019_MPO
100919733,2015-08-08,2015,,94.0,,,0,0,N,0.0,0.0,0.0,,,,,,,,35.92706,-86.82443,False,Crashes_2010_2019_MPO
102429556,2019-06-26,2019,,94.0,,,0,0,N,0.0,0.0,0.0,,,,,,,,35.93526,-86.81112,False,Crashes_2010_2019_MPO
100485322,2014-04-10,2014,,94.0,,,0,0,N,0.0,0.0,0.0,,,,,,,,35.9987,-86.80651,True,Crashes_2010_2019_MPO
100856294,2015-06-05,2015,,94.0,,,0,0,N,0.0,0.0,0.0,,,,,,,,35.96136,-86.81234,False,Crashes_2010_2019_MPO
102418786,2019-06-14,2019,,94.0,,,0,0,N,0.0,0.0,0.0,,,,,,,,35.92598,-86.87162,False,Crashes_2010_2019_MPO
100481779,2014-04-02,2014,,94.0,,,0,0,N,0.0,0.0,0.0,,,,,,,,35.96671,-86.80985,True,Crashes_2010_2019_MPO
101954033,2018-03-23,2018,,94.0,,,0,0,N,0.0,0.0,0.0,,,,,,,,35.92297,-86.8736,False,Crashes_2010_2019_MPO
100735799,2015-02-11,2015,,94.0,,,0,0,N,0.0,0.0,0.0,,,,,,,,35.9649,-86.81421,False,Crashes_2010_2019_MPO
100739017,2015-02-16,2015,,19.0,,,0,0,N,0.0,0.0,0.0,,,,,,,,36.04766,-86.77603,False,Crashes_2010_2019_MPO
100288287,2013-02-01,2013,,94.0,,,0,0,N,0.0,0.0,0.0,,,,,,,,35.9242,-86.869,False,Crashes_2010_2019_MPO
101573689,2017-03-03,2017,,94.0,,,0,0,N,0.0,0.0,0.0,,,,,,,,35.94656,-86.81441,False,Crashes_2010_2019_MPO
100967275,2015-09-25,2015,,19.0,,,0,0,N,0.0,0.0,0.0,,,,,,,,36.04134,-86.7438,False,Crashes_2010_2019_MPO
101080507,2016-01-20,2016,,94.0,,,0,0,N,0.0,0.0,0.0,,,,,,,,35.99813,-86.82891,True,Crashes_2010_2019_MPO
101061634,2015-12-16,2015,,94.0,,,0,0,N,0.0,0.0,0.0,,,,,,,,35.97467,-86.87747,False,Crashes_2010_2019_MPO
102515848,2019-09-21,2019,,94.0,,,0,0,Y,0.0,0.0,1.0,,,,,,,,35.92884,-86.82057,False,Crashes_2010_2019_MPO
101984418,2018-04-20,2018,,94.0,,,0,0,N,0.0,0.0,0.0,,,,,,,,35.95435,-86.73891,True,Crashes_2010_2019_MPO
100464160,2014-03-14,2014,,94.0,,,0,0,N,0.0,0.0,0.0,,,,,,,,35.94536,-86.84805,False,Crashes_2010_2019_MPO
101935795,2018-03-06,2018,,94.0,,,0,0,N,0.0,0.0,0.0,,,,,,,,35.94675,-86.85178,False,Crashes_2010_2019_MPO
102392256,2019-05-17,2019,,19.0,,,0,0,N,0.0,0.0,0.0,,,,,,,,36.04748,-86.71659,False,Crashes_2010_2019_MPO
100714206,2014-12-28,2014,,19.0,,,0,0,N,0.0,0.0,0.0,,,,,,,,36.02542,-86.71493,False,Crashes_2010_2019_MPO
101242861,2016-06-10,2016,,19.0,,,0,0,N,0.0,0.0,0.0,,,,,,,,36.03971,-86.75824,False,Crashes_2010_2019_MPO
101841231,2017-11-28,2017,,19.0,,,0,0,N,0.0,0.0,0.0,,,,,,,,36.03888,-86.74343,False,Crashes_2010_2019_MPO
101665140,2017-06-05,2017,,94.0,,,0,0,N,0.0,0.0,0.0,,,,,,,,36.00742,-86.7199,True,Crashes_2010_2019_MPO
100857264,2015-06-08,2015,,19.0,,,0,0,N,0.0,0.0,0.0,,,,,,,,36.05047,-86.87669,False,Crashes_2010_2019_MPO
101207880,2016-05-18,2016,,94.0,,,0,0,N,0.0,0.0,0.0,,,,,,,,35.93191,-86.79441,False,Crashes_2010_2019_MPO
101188135,2016-05-05,2016,,19.0,,,0,0,N,0.0,0.0,0.0,,,,,,,,36.0395,-86.73769,False,Crashes_2010_2019_MPO
100875619,2015-06-24,2015,,19.0,,,0,0,N,0.0,0.0,0.0,,,,,,,,36.04286,-86.72636,False,Crashes_2010_2019_MPO
101579019,2017-03-10,2017,,94.0,,,0,0,N,0.0,0.0,0.0,,,,,,,,35.93374,-86.81767,False,Crashes_2010_2019_MPO
101044039,2015-12-06,2015,,94.0,,,0,0,N,0.0,0.0,0.0,,,,,,,,35.94285,-86.8157,False,Crashes_2010_2019_MPO
100211811,2012-08-03,2012,,94.0,,,0,0,Y,0.0,0.0,1.0,,,,,,,,35.93328,-86.81487,False,Crashes_2010_2019_MPO
101440578,2016-11-15,2016,,19.0,,,0,0,N,0.0,0.0,0.0,,,,,,,,35.99137,-86.68366,False,Crashes_2010_2019_MPO
100420336,2013-12-13,2013,,94.0,,,0,0,N,0.0,0.0,0.0,,,,,,,,35.95011,-86.8189,False,Crashes_2010_2019_MPO
100982800,2015-10-20,2015,,19.0,,,0,0,N,0.0,0.0,0.0,,,,,,,,36.0433,-86.71303,False,Crashes_2010_2019_MPO
101781461,2017-10-04,2017,,94.0,,,0,0,N,0.0,0.0,0.0,,,,,,,,36.01978,-86.74213,False,Crashes_2010_2019_MPO
101786743,2017-10-09,2017,,19.0,,,0,0,N,0.0,0.0,0.0,,,,,,,,36.0095,-86.70166,False,Crashes_2010_2019_MPO
100821747,2015-04-21,2015,,19.0,,,0,0,N,0.0,0.0,0.0,,,,,,,,36.04001,-86.74349,False,Crashes_2010_2019_MPO
100994358,2015-10-23,2015,,19.0,,,0,0,N,0.0,0.0,0.0,,,,,,,,36.04363,-86.72596,False,Crashes_2010_2019_MPO
100858411,2015-06-10,2015,,94.0,,,0,0,N,0.0,0.0,0.0,,,,,,,,35.9389,-86.76793,False,Crashes_2010_2019_MPO
100583980,2014-07-17,2014,,94.0,,,0,0,N,0.0,0.0,0.0,,,,,,,,35.94756,-86.80797,False,Crashes_2010_2019_MPO
100548612,2014-06-06,2014,,94.0,,,0,0,N,0.0,0.0,0.0,,,,,,,,35.93314,-86.81159,False,Crashes_2010_2019_MPO
100971986,2015-10-02,2015,,94.0,,,0,0,N,0.0,0.0,0.0,,,,,,,,35.94505,-86.85314,False,Crashes_2010_2019_MPO
102570905,2019-11-17,2019,,94.0,,,0,0,N,0.0,0.0,0.0,,,,,,,,35.9295,-86.84135,False,Crashes_2010_2019_MPO
102370399,2019-04-24,2019,,19.0,,,0,0,N,0.0,0.0,0.0,,,,,,,,36.04531,-86.71386,False,Crashes_2010_2019_MPO
101046765,2015-12-10,2015,,94.0,,,0,0,N,0.0,0.0,0.0,,,,,,,,35.96599,-86.80463,True,Crashes_2010_2019_MPO
100220609,2012-08-30,2012,,94.0,,,0,0,N,0.0,0.0,0.0,,,,,,,,35.96665,-86.80941,True,Crashes_2010_2019_MPO
100298864,2013-03-02,2013,,94.0,,,0,0,N,0.0,0.0,0.0,,,,,,,,35.94659,-86.80965,False,Crashes_2010_2019_MPO
101153156,2016-03-29,2016,,19.0,,,0,0,N,0.0,0.0,0.0,,,,,,,,36.04533,-86.7022,False,Crashes_2010_2019_MPO
101428022,2016-10-31,2016,,94.0,,,0,0,N,0.0,0.0,0.0,,,,,,,,36.01385,-86.71849,False,Crashes_2010_2019_MPO
100374420,2013-09-02,2013,,94.0,,,0,0,N,0.0,0.0,0.0,,,,,,,,35.94714,-86.81985,False,Crashes_2010_2019_MPO
101906686,2018-02-04,2018,,94.0,,,0,0,N,0.0,0.0,0.0,,,,,,,,35.94675,-86.85178,False,Crashes_2010_2019_MPO
101346654,2016-08-26,2016,,19.0,,,0,0,N,0.0,0.0,0.0,,,,,,,,36.0374,-86.78657,False,Crashes_2010_2019_MPO
101854350,2017-12-07,2017,,94.0,,,0,0,N,0.0,0.0,0.0,,,,,,,,35.92653,-86.76722,False,Crashes_2010_2019_MPO
101190657,2016-05-09,2016,,19.0,,,0,0,Y,0.0,0.0,1.0,,,,,,,,36.03773,-86.78479,False,Crashes_2010_2019_MPO
100340251,2013-06-10,2013,,94.0,,,0,0,N,0.0,0.0,0.0,,,,,,,,35.99639,-86.78763,True,Crashes_2010_2019_MPO
102151612,2018-09-19,2018,,94.0,,,0,0,N,0.0,0.0,0.0,,,,,,,,35.95874,-86.80293,False,Crashes_2010_2019_MPO
102559175,2019-11-05,2019,,94.0,,,0,0,N,0.0,0.0,0.0,,,,,,,,35.9584,-86.80226,False,Crashes_2010_2019_MPO
102543917,2019-10-20,2019,,19.0,,,0,0,N,0.0,0.0,0.0,,,,,,,,36.04512,-86.699,False,Crashes_2010_2019_MPO
100733821,2015-02-07,2015,,94.0,,,0,0,N,0.0,0.0,0.0,,,,,,,,35.97531,-86.80468,True,Crashes_2010_2019_MPO
101914441,2018-02-12,2018,,19.0,,,0,0,N,0.0,0.0,0.0,,,,,,,,36.03899,-86.78258,False,Crashes_2010_2019_MPO
101921336,2018-02-20,2018,,94.0,,,0,0,N,0.0,0.0,0.0,,,,,,,,35.98993,-86.74438,True,Crashes_2010_2019_MPO
100976253,2015-10-09,2015,,94.0,,,0,0,N,0.0,0.0,0.0,,,,,,,,35.9963,-86.76776,True,Crashes_2010_2019_MPO
100980731,2015-10-17,2015,,94.0,,,0,0,N,0.0,0.0,0.0,,,,,,,,35.96518,-86.80029,True,Crashes_2010_2019_MPO
100942048,2015-08-30,2015,,19.0,,,0,0,N,0.0,0.0,0.0,,,,,,,,36.0374,-86.78657,False,Crashes_2010_2019_MPO
102534111,2019-10-10,2019,,19.0,,,0,0,N,0.0,0.0,0.0,,,,,,,,36.0429,-86.74412,False,Crashes_2010_2019_MPO
100875353,2015-06-23,2015,,19.0,,,0,0,N,0.0,0.0,0.0,,,,,,,,36.04103,-86.74371,False,Crashes_2010_2019_MPO
101280382,2016-07-06,2016,,94.0,,,0,0,N,0.0,0.0,0.0,,,,,,,,35.97616,-86.80439,True,Crashes_2010_2019_MPO
100712169,2014-12-24,2014,,19.0,,,0,0,N,0.0,0.0,0.0,,,,,,,,36.02496,-86.74236,False,Crashes_2010_2019_MPO
101552607,2017-02-12,2017,,94.0,,,0,0,N,0.0,0.0,0.0,,,,,,,,36.00336,-86.73682,True,Crashes_2010_2019_MPO
100228920,2012-09-18,2012,,94.0,,,0,0,N,0.0,0.0,0.0,,,,,,,,35.99532,-86.77687,True,Crashes_2010_2019_MPO
101712861,2017-07-27,2017,,94.0,,,0,0,N,0.0,0.0,0.0,,,,,,,,36.01689,-86.78609,True,Crashes_2010_2019_MPO
100976747,2015-10-10,2015,,19.0,,,0,0,N,0.0,0.0,0.0,,,,,,,,36.01793,-86.69867,False,Crashes_2010_2019_MPO
100917489,2015-08-04,2015,,19.0,,,0,0,N,0.0,0.0,0.0,,,,,,,,36.03987,-86.74088,False,Crashes_2010_2019_MPO
101848612,2017-12-01,2017,,94.0,,,0,0,N,0.0,0.0,0.0,,,,,,,,35.96865,-86.81929,True,Crashes_2010_2019_MPO
101122046,2016-02-24,2016,,94.0,,,0,0,N,0.0,0.0,0.0,,,,,,,,35.93971,-86.79699,False,Crashes_2010_2019_MPO
102021185,2018-05-24,2018,,19.0,,,0,0,N,0.0,0.0,0.0,,,,,,,,36.04543,-86.70361,False,Crashes_2010_2019_MPO
101321366,2016-08-04,2016,,19.0,,,0,0,N,0.0,0.0,0.0,,,,,,,,36.03047,-86.74398,False,Crashes_2010_2019_MPO
101839242,2017-11-26,2017,,19.0,,,0,0,N,0.0,0.0,0.0,,,,,,,,36.04079,-86.77959,False,Crashes_2010_2019_MPO
100349063,2013-06-29,2013,,94.0,,,0,0,N,0.0,0.0,0.0,,,,,,,,35.94292,-86.85485,False,Crashes_2010_2019_MPO
102516261,2019-09-21,2019,,94.0,,,0,0,N,0.0,0.0,0.0,,,,,,,,35.94692,-86.82219,False,Crashes_2010_2019_MPO
101441786,2016-11-16,2016,,19.0,,,0,0,N,0.0,0.0,0.0,,,,,,,,36.0472,-86.71348,False,Crashes_2010_2019_MPO
101568465,2017-02-27,2017,,94.0,,,1,0,N,1.0,0.0,0.0,,,,,,,,35.99691,-86.79696,True,Crashes_2010_2019_MPO
100615557,2014-09-06,2014,,94.0,,,0,0,N,0.0,0.0,0.0,,,,,,,,35.93494,-86.77684,False,Crashes_2010_2019_MPO
100421749,2013-12-19,2013,,94.0,,,0,0,N,0.0,0.0,0.0,,,,,,,,35.94173,-86.82105,False,Crashes_2010_2019_MPO
100837597,2015-05-19,2015,,94.0,,,0,0,Y,0.0,0.0,1.0,,,,,,,,35.98443,-86.80151,True,Crashes_2010_2019_MPO
100854669,2015-06-03,2015,,19.0,,,0,0,N,0.0,0.0,0.0,,,,,,,,36.03815,-86.78635,False,Crashes_2010_2019_MPO
101803839,2017-10-25,2017,,94.0,,,0,0,N,0.0,0.0,0.0,,,,,,,,35.93446,-86.81991,False,Crashes_2010_2019_MPO
101346263,2016-08-21,2016,,19.0,,,0,0,N,0.0,0.0,0.0,,,,,,,,36.0478,-86.71355,False,Crashes_2010_2019_MPO
101165971,2016-04-17,2016,,19.0,,,0,0,N,0.0,0.0,0.0,,,,,,,,36.04588,-86.85615,False,Crashes_2010_2019_MPO
101161052,2016-04-09,2016,,19.0,,,0,0,N,0.0,0.0,0.0,,,,,,,,36.0374,-86.78657,False,Crashes_2010_2019_MPO
102383616,2019-05-06,2019,,94.0,,,0,0,N,0.0,0.0,0.0,,,,,,,,35.92395,-86.79692,False,Crashes_2010_2019_MPO
102095943,2018-08-02,2018,,19.0,,,0,0,N,0.0,0.0,0.0,,,,,,,,35.99687,-86.68989,False,Crashes_2010_2019_MPO
101469864,2016-12-06,2016,,94.0,,,0,0,N,0.0,0.0,0.0,,,,,,,,35.98439,-86.72434,True,Crashes_2010_2019_MPO
102138016,2018-09-08,2018,,19.0,,,0,0,N,0.0,0.0,0.0,,,,,,,,36.04739,-86.86303,False,Crashes_2010_2019_MPO
101118688,2016-02-19,2016,,94.0,,,0,0,N,0.0,0.0,0.0,,,,,,,,35.93666,-86.69462,False,Crashes_2010_2019_MPO
100066542,2011-06-20,2011,,94.0,,,0,0,N,0.0,0.0,0.0,,,,,,,,35.926208,-86.761619,False,Crashes_2010_2019_MPO
100972958,2015-10-04,2015,,19.0,,,0,0,N,0.0,0.0,0.0,,,,,,,,36.03127,-86.70031,False,Crashes_2010_2019_MPO
100290274,2013-02-02,2013,,94.0,,,0,0,N,0.0,0.0,0.0,,,,,,,,36.01302,-86.78498,True,Crashes_2010_2019_MPO
102084120,2018-07-13,2018,,94.0,,,0,0,Y,0.0,0.0,1.0,,,,,,,,36.01351,-86.78512,True,Crashes_2010_2019_MPO
101671157,2017-06-12,2017,,94.0,,,0,0,N,0.0,0.0,0.0,,,,,,,,35.97637,-86.8279,True,Crashes_2010_2019_MPO
100507028,2014-05-10,2014,,94.0,,,0,0,N,0.0,0.0,0.0,,,,,,,,35.94478,-86.8195,False,Crashes_2010_2019_MPO
101765349,2017-09-19,2017,,94.0,,,0,0,N,0.0,0.0,0.0,,,,,,,,36.03286,-86.7974,True,Crashes_2010_2019_MPO
100822196,2015-04-22,2015,,94.0,,,0,0,N,0.0,0.0,0.0,,,,,,,,35.99551,-86.77889,True,Crashes_2010_2019_MPO
101134809,2016-03-10,2016,,94.0,,,0,0,N,0.0,0.0,0.0,,,,,,,,36.02165,-86.77076,True,Crashes_2010_2019_MPO
100385902,2013-09-30,2013,,94.0,,,0,0,N,0.0,0.0,0.0,,,,,,,,35.92547,-86.87275,False,Crashes_2010_2019_MPO
101127079,2016-03-03,2016,,94.0,,,0,0,N,0.0,0.0,0.0,,,,,,,,35.9449,-86.80266,False,Crashes_2010_2019_MPO
101266729,2016-06-15,2016,,94.0,,,0,0,N,0.0,0.0,0.0,,,,,,,,35.94751,-86.82014,False,Crashes_2010_2019_MPO
101684623,2017-06-27,2017,,19.0,,,0,0,N,0.0,0.0,0.0,,,,,,,,36.04196,-86.72652,False,Crashes_2010_2019_MPO
102155163,2018-09-23,2018,,19.0,,,0,0,N,0.0,0.0,0.0,,,,,,,,36.04547,-86.71214,False,Crashes_2010_2019_MPO
101166235,2016-04-17,2016,,19.0,,,0,0,N,0.0,0.0,0.0,,,,,,,,36.04017,-86.70512,False,Crashes_2010_2019_MPO
100221830,2012-09-02,2012,,94.0,,,0,0,Y,0.0,0.0,1.0,,,,,,,,35.98603,-86.71123,True,Crashes_2010_2019_MPO
100619332,2014-09-15,2014,,94.0,,,0,0,N,0.0,0.0,0.0,,,,,,,,35.95585,-86.83138,False,Crashes_2010_2019_MPO
102329519,2019-03-13,2019,,19.0,,,0,0,N,0.0,0.0,0.0,,,,,,,,36.04522,-86.71479,False,Crashes_2010_2019_MPO
100613536,2014-09-02,2014,,94.0,,,0,0,N,0.0,0.0,0.0,,,,,,,,35.92641,-86.82446,False,Crashes_2010_2019_MPO
101861366,2017-12-17,2017,,19.0,,,0,0,N,0.0,0.0,0.0,,,,,,,,36.03665,-86.78352,False,Crashes_2010_2019_MPO
101094269,2016-01-26,2016,,94.0,,,0,0,N,0.0,0.0,0.0,,,,,,,,36.03743,-86.79781,True,Crashes_2010_2019_MPO
101099101,2016-02-03,2016,,19.0,,,0,0,N,0.0,0.0,0.0,,,,,,,,36.0399,-86.78099,False,Crashes_2010_2019_MPO
100635420,2014-09-26,2014,,94.0,,,0,0,N,0.0,0.0,0.0,,,,,,,,35.94173,-86.82105,False,Crashes_2010_2019_MPO
100367363,2013-08-15,2013,,94.0,,,0,0,Y,0.0,0.0,1.0,,,,,,,,35.9667,-86.80978,True,Crashes_2010_2019_MPO
101010929,2015-11-16,2015,,94.0,,,0,0,N,0.0,0.0,0.0,,,,,,,,35.94631,-86.83099,False,Crashes_2010_2019_MPO
101562418,2017-02-21,2017,,94.0,,,0,0,N,0.0,0.0,0.0,,,,,,,,35.92986,-86.76753,False,Crashes_2010_2019_MPO
100291637,2013-02-12,2013,,94.0,,,0,0,N,0.0,0.0,0.0,,,,,,,,35.96437,-86.78789,True,Crashes_2010_2019_MPO
100595715,2014-08-14,2014,,94.0,,,0,0,N,0.0,0.0,0.0,,,,,,,,35.929,-86.8243,False,Crashes_2010_2019_MPO
102557731,2019-11-04,2019,,19.0,,,0,0,N,0.0,0.0,0.0,,,,,,,,35.99349,-86.68562,False,Crashes_2010_2019_MPO
102065522,2018-07-06,2018,,19.0,,,0,0,N,0.0,0.0,0.0,,,,,,,,36.02158,-86.71156,False,Crashes_2010_2019_MPO
100966224,2015-09-24,2015,,94.0,,,0,0,N,0.0,0.0,0.0,,,,,,,,35.99735,-86.79489,True,Crashes_2010_2019_MPO
101719033,2017-08-02,2017,,94.0,,,0,0,N,0.0,0.0,0.0,,,,,,,,35.96601,-86.80653,True,Crashes_2010_2019_MPO
100729561,2015-01-28,2015,,94.0,,,0,0,N,0.0,0.0,0.0,,,,,,,,35.94827,-86.80756,False,Crashes_2010_2019_MPO
100547107,2014-06-05,2014,,94.0,,,0,0,N,0.0,0.0,0.0,,,,,,,,35.9424,-86.8161,False,Crashes_2010_2019_MPO
101963496,2018-03-06,2018,,94.0,,,0,0,N,0.0,0.0,0.0,,,,,,,,35.9669,-86.80887,True,Crashes_2010_2019_MPO
100821877,2015-04-21,2015,,19.0,,,0,0,N,0.0,0.0,0.0,,,,,,,,36.04105,-86.77612,False,Crashes_2010_2019_MPO
102069163,2018-07-09,2018,,94.0,,,0,0,N,0.0,0.0,0.0,,,,,,,,35.97328,-86.83282,True,Crashes_2010_2019_MPO
100380566,2013-09-18,2013,,94.0,,,0,0,Y,0.0,0.0,1.0,,,,,,,,36.03336,-86.78872,True,Crashes_2010_2019_MPO
102039484,2018-06-10,2018,,19.0,,,0,0,N,0.0,0.0,0.0,,,,,,,,36.04128,-86.77779,False,Crashes_2010_2019_MPO
101159320,2016-04-07,2016,,19.0,,,0,0,N,0.0,0.0,0.0,,,,,,,,36.04468,-86.68673,False,Crashes_2010_2019_MPO
101978691,2018-04-14,2018,,94.0,,,0,0,N,0.0,0.0,0.0,,,,,,,,35.94683,-86.85172,False,Crashes_2010_2019_MPO
102412518,2019-06-07,2019,,94.0,,,0,0,N,0.0,0.0,0.0,,,,,,,,35.95874,-86.81045,False,Crashes_2010_2019_MPO
102182720,2018-10-19,2018,,94.0,,,0,0,N,0.0,0.0,0.0,,,,,,,,35.94782,-86.81975,False,Crashes_2010_2019_MPO
101288304,2016-07-18,2016,,19.0,,,0,0,N,0.0,0.0,0.0,,,,,,,,36.02547,-86.71305,False,Crashes_2010_2019_MPO
101241956,2016-06-08,2016,,94.0,,,0,0,N,0.0,0.0,0.0,,,,,,,,35.99734,-86.79486,True,Crashes_2010_2019_MPO
102237019,2018-12-06,2018,,94.0,,,0,0,N,0.0,0.0,0.0,,,,,,,,35.97831,-86.72537,True,Crashes_2010_2019_MPO
101505806,2017-01-15,2017,,94.0,,,0,0,N,0.0,0.0,0.0,,,,,,,,36.01442,-86.72335,False,Crashes_2010_2019_MPO
101117895,2016-02-18,2016,,19.0,,,0,0,N,0.0,0.0,0.0,,,,,,,,36.04697,-86.68012,False,Crashes_2010_2019_MPO
102152481,2018-09-20,2018,,94.0,,,0,0,N,0.0,0.0,0.0,,,,,,,,35.9411,-86.81656,False,Crashes_2010_2019_MPO
101281430,2016-07-07,2016,,94.0,,,0,0,N,0.0,0.0,0.0,,,,,,,,35.9569,-86.84365,False,Crashes_2010_2019_MPO
102113946,2018-08-18,2018,,19.0,,,0,0,N,0.0,0.0,0.0,,,,,,,,35.99934,-86.6933,False,Crashes_2010_2019_MPO
100848107,2015-05-21,2015,,94.0,,,0,0,N,0.0,0.0,0.0,,,,,,,,35.96698,-86.81359,True,Crashes_2010_2019_MPO
101686315,2017-06-29,2017,,19.0,,,0,0,N,0.0,0.0,0.0,,,,,,,,36.03352,-86.78924,True,Crashes_2010_2019_MPO
100457487,2014-02-26,2014,,94.0,,,0,0,N,0.0,0.0,0.0,,,,,,,,36.03319,-86.78761,True,Crashes_2010_2019_MPO
102054024,2018-06-25,2018,,94.0,,,0,0,N,0.0,0.0,0.0,,,,,,,,35.94354,-86.82028,False,Crashes_2010_2019_MPO
101798002,2017-10-20,2017,,94.0,,,0,0,N,0.0,0.0,0.0,,,,,,,,36.01978,-86.74213,False,Crashes_2010_2019_MPO
101072377,2016-01-05,2016,,94.0,,,0,0,N,0.0,0.0,0.0,,,,,,,,35.9584,-86.80226,False,Crashes_2010_2019_MPO
101795202,2017-10-17,2017,,94.0,,,0,0,N,0.0,0.0,0.0,,,,,,,,35.92641,-86.82453,False,Crashes_2010_2019_MPO
101555658,2017-02-15,2017,,19.0,,,0,0,N,0.0,0.0,0.0,,,,,,,,36.04439,-86.71314,False,Crashes_2010_2019_MPO
102357415,2019-04-08,2019,,94.0,,,0,0,N,0.0,0.0,0.0,,,,,,,,35.92867,-86.82063,False,Crashes_2010_2019_MPO
100948334,2015-09-10,2015,,94.0,,,0,0,N,0.0,0.0,0.0,,,,,,,,35.92743,-86.74131,False,Crashes_2010_2019_MPO
100876938,2015-06-26,2015,,94.0,,,0,0,N,0.0,0.0,0.0,,,,,,,,35.99694,-86.7972,True,Crashes_2010_2019_MPO
100563336,2014-06-20,2014,,94.0,,,0,0,N,0.0,0.0,0.0,,,,,,,,35.94721,-86.82153,False,Crashes_2010_2019_MPO
100940978,2015-08-27,2015,,94.0,,,0,0,N,0.0,0.0,0.0,,,,,,,,36.033395,-86.77918,True,Crashes_2010_2019_MPO
100827617,2015-05-03,2015,,19.0,,,0,0,N,0.0,0.0,0.0,,,,,,,,36.05154,-86.71424,False,Crashes_2010_2019_MPO
100389651,2013-10-10,2013,,94.0,,,0,0,N,0.0,0.0,0.0,,,,,,,,35.94954,-86.81928,False,Crashes_2010_2019_MPO
101884541,2018-01-11,2018,,94.0,,,0,0,N,0.0,0.0,0.0,,,,,,,,35.95051,-86.76622,True,Crashes_2010_2019_MPO
102411982,2019-06-07,2019,,19.0,,,0,0,N,0.0,0.0,0.0,,,,,,,,36.04028,-86.76837,False,Crashes_2010_2019_MPO
100808399,2015-04-15,2015,,94.0,,,0,0,N,0.0,0.0,0.0,,,,,,,,35.93812,-86.82868,False,Crashes_2010_2019_MPO
102033327,2018-06-04,2018,,94.0,,,0,0,N,0.0,0.0,0.0,,,,,,,,35.97697,-86.76311,True,Crashes_2010_2019_MPO
101782550,2017-10-05,2017,,94.0,,,0,0,N,0.0,0.0,0.0,,,,,,,,35.96173,-86.80183,True,Crashes_2010_2019_MPO
102404716,2019-05-30,2019,,19.0,,,0,0,N,0.0,0.0,0.0,,,,,,,,36.05189,-86.71447,False,Crashes_2010_2019_MPO
101713433,2017-07-27,2017,,19.0,,,0,0,N,0.0,0.0,0.0,,,,,,,,36.04771,-86.86417,False,Crashes_2010_2019_MPO
101118458,2016-02-18,2016,,19.0,,,0,0,N,0.0,0.0,0.0,,,,,,,,36.02138,-86.71138,False,Crashes_2010_2019_MPO
101657526,2017-05-27,2017,,94.0,,,0,0,N,0.0,0.0,0.0,,,,,,,,35.99795,-86.78801,True,Crashes_2010_2019_MPO
100735104,2015-02-10,2015,,19.0,,,0,0,N,0.0,0.0,0.0,,,,,,,,36.04568,-86.7101,False,Crashes_2010_2019_MPO
101721741,2017-08-05,2017,,94.0,,,0,0,N,0.0,0.0,0.0,,,,,,,,35.966638,-86.809175,True,Crashes_2010_2019_MPO
101863456,2017-12-19,2017,,19.0,,,0,0,N,0.0,0.0,0.0,,,,,,,,36.04602,-86.85683,False,Crashes_2010_2019_MPO