mstrrecnbr,collision_ts,year,county,countystat,crash,crash_type,fatalities,non_motorists,commercial,fatal_c,nonmotor_c,truck_c,fatalc,serious_injuries,ped,bike,lighting,weather,first_harmful_event,latitude,longitude,in_city,src_layer
102343690,2019-03-28,2019,,94.0,,,0,0,N,0.0,0.0,0.0,,,,,,,,35.94534,-86.87474,False,Crashes_2010_2019_MPO
101246476,2016-06-15,2016,,94.0,,,0,0,N,0.0,0.0,0.0,,,,,,,,35.97241,-86.83386,False,Crashes_2010_2019_MPO
100752792,2015-02-25,2015,,94.0,,,0,0,N,0.0,0.0,0.0,,,,,,,,36.01415,-86.7213,False,Crashes_2010_2019_MPO
100181515,2012-05-16,2012,,94.0,,,0,0,N,0.0,0.0,0.0,,,,,,,,35.99694,-86.7972,True,Crashes_2010_2019_MPO
102348686,2019-04-02,2019,,94.0,,,0,0,N,0.0,0.0,0.0,,,,,,,,36.01731,-86.78647,True,Crashes_2010_2019_MPO
100918233,2015-08-06,2015,,94.0,,,0,0,N,0.0,0.0,0.0,,,,,,,,35.93021,-86.82011,False,Crashes_2010_2019_MPO
100728085,2015-01-26,2015,,94.0,,,0,0,N,0.0,0.0,0.0,,,,,,,,35.97176,-86.67843,False,Crashes_2010_2019_MPO
102027160,2018-05-29,2018,,94.0,,,0,0,N,0.0,0.0,0.0,,,,,,,,35.992,-86.82832,True,Crashes_2010_2019_MPO
100458556,2014-02-28,2014,,94.0,,,0,0,N,0.0,0.0,0.0,,,,,,,,35.92762,-86.84229,False,Crashes_2010_2019_MPO
102391876,2019-05-17,2019,,94.0,,,0,0,N,0.0,0.0,0.0,,,,,,,,35.93446,-86.81991,False,Crashes_2010_2019_MPO
102588280,2019-12-04,2019,,94.0,,,0,0,N,0.0,0.0,0.0,,,,,,,,35.94178,-86.8303,False,Crashes_2010_2019_MPO
102113084,2018-08-17,2018,,94.0,,,0,0,N,0.0,0.0,0.0,,,,,,,,36.01538,-86.81675,True,Crashes_2010_2019_MPO
101878347,2018-01-05,2018,,94.0,,,0,0,N,0.0,0.0,0.0,,,,,,,,36.03066,-86.78358,True,Crashes_2010_2019_MPO
100420448,2013-12-17,2013,,94.0,,,0,0,N,0.0,0.0,0.0,,,,,,,,35.96682,-86.8119,True,Crashes_2010_2019_MPO
101072241,2016-01-04,2016,,94.0,,,0,0,N,0.0,0.0,0.0,,,,,,,,35.95164,-86.80592,False,Crashes_2010_2019_MPO
102116819,2018-08-21,2018,,19.0,,,0,0,N,0.0,0.0,0.0,,,,,,,,36.04552,-86.77856,False,Crashes_2010_2019_MPO
100430148,2014-01-13,2014,,94.0,,,0,0,N,0.0,0.0,0.0,,,,,,,,35.93313,-86.81153,False,Crashes_2010_2019_MPO
102445664,2019-07-12,2019,,94.0,,,0,0,N,0.0,0.0,0.0,,,,,,,,35.93784,-86.7067,False,Crashes_2010_2019_MPO
100951564,2015-09-16,2015,,19.0,,,0,0,N,0.0,0.0,0.0,,,,,,,,36.05464,-86.71539,False,Crashes_2010_2019_MPO
101281382,2016-07-07,2016,,94.0,,,0,0,N,0.0,0.0,0.0,,,,,,,,35.97334,-86.71144,True,Crashes_2010_2019_MPO
100616587,2014-09-06,2014,,94.0,,,0,0,N,0.0,0.0,0.0,,,,,,,,35.9395,-86.82143,False,Crashes_2010_2019_MPO
100886896,2015-07-15,2015,,19.0,,,0,0,N,0.0,0.0,0.0,,,,,,,,35.99833,-86.68947,False,Crashes_2010_2019_MPO
100367372,2013-08-15,2013,,94.0,,,0,0,N,0.0,0.0,0.0,,,,,,,,35.93335,-86.86182,False,Crashes_2010_2019_MPO
101281449,2016-07-07,2016,,94.0,,,0,0,N,0.0,0.0,0.0,,,,,,,,35.966702,-86.809242,True,Crashes_2010_2019_MPO
102017395,2018-05-21,2018,,19.0,,,0,0,N,0.0,0.0,0.0,,,,,,,,36.044,-86.69342,False,Crashes_2010_2019_MPO
100027573,2011-01-11,2011,,94.0,,,0,0,N,0.0,0.0,0.0,,,,,,,,35.97224,-86.86058,False,Crashes_2010_2019_MPO
100753850,2015-02-27,2015,,94.0,,,0,0,N,0.0,0.0,0.0,,,,,,,,35.97688,-86.76941,True,Crashes_2010_2019_MPO
101469117,2016-12-06,2016,,94.0,,,0,0,N,0.0,0.0,0.0,,,,,,,,35.93846,-86.80985,False,Crashes_2010_2019_MPO
100967179,2015-09-25,2015,,94.0,,,0,0,N,0.0,0.0,0.0,,,,,,,,35.97103,-86.72644,True,Crashes_2010_2019_MPO
100439703,2014-02-06,2014,,94.0,,,0,0,N,0.0,0.0,0.0,,,,,,,,36.02728,-86.78493,True,Crashes_2010_2019_MPO
101935716,2018-03-06,2018,,19.0,,,0,0,N,0.0,0.0,0.0,,,,,,,,36.03753,-86.78654,False,Crashes_2010_2019_MPO
101858562,2017-12-14,2017,,19.0,,,0,0,N,0.0,0.0,0.0,,,,,,,,36.03803,-86.71308,False,Crashes_2010_2019_MPO
100723623,2015-01-17,2015,,94.0,,,0,0,N,0.0,0.0,0.0,,,,,,,,35.95617,-86.78077,True,Crashes_2010_2019_MPO
100703693,2014-12-08,2014,,19.0,,,0,0,N,0.0,0.0,0.0,,,,,,,,36.03757,-86.78503,False,Crashes_2010_2019_MPO
100209275,2012-07-29,2012,,94.0,,,0,0,N,0.0,0.0,0.0,,,,,,,,35.96708,-86.81356,True,Crashes_2010_2019_MPO
102071880,2018-07-10,2018,,94.0,,,0,0,N,0.0,0.0,0.0,,,,,,,,35.92647,-86.82514,False,Crashes_2010_2019_MPO
101888696,2018-01-16,2018,,94.0,,,0,0,N,0.0,0.0,0.0,,,,,,,,35.95,-86.87602,False,Crashes_2010_2019_MPO
102058072,2018-06-24,2018,,94.0,,,0,0,N,0.0,0.0,0.0,,,,,,,,36.02084,-86.78735,True,Crashes_2010_2019_MPO
100924122,2015-08-16,2015,,94.0,,,0,0,N,0.0,0.0,0.0,,,,,,,,35.93931,-86.82161,False,Crashes_2010_2019_MPO
101190967,2016-05-09,2016,,94.0,,,0,0,N,0.0,0.0,0.0,,,,,,,,35.95526,-86.82588,False,Crashes_2010_2019_MPO
102171793,2018-10-08,2018,,94.0,,,0,0,N,0.0,0.0,0.0,,,,,,,,35.9541,-86.70202,False,Crashes_2010_2019_MPO
102375172,2019-04-29,2019,,94.0,,,0,0,N,0.0,0.0,0.0,,,,,,,,35.9549,-86.76694,True,Crashes_2010_2019_MPO
101284745,2016-07-12,2016,,94.0,,,0,0,N,0.0,0.0,0.0,,,,,,,,36.03326,-86.78489,True,Crashes_2010_2019_MPO
100505861,2014-05-06,2014,,94.0,,,0,0,N,0.0,0.0,0.0,,,,,,,,35.9976,-86.7967,True,Crashes_2010_2019_MPO
102403693,2019-05-29,2019,,19.0,,,0,0,N,0.0,0.0,0.0,,,,,,,,36.05151,-86.71436,False,Crashes_2010_2019_MPO
101583982,2017-03-15,2017,,19.0,,,0,0,N,0.0,0.0,0.0,,,,,,,,36.03329,-86.79602,True,Crashes_2010_2019_MPO
100611105,2014-08-26,2014,,94.0,,,0,0,N,0.0,0.0,0.0,,,,,,,,35.97151,-86.80617,True,Crashes_2010_2019_MPO
100854736,2015-05-29,2015,,94.0,,,0,0,N,0.0,0.0,0.0,,,,,,,,35.97332,-86.83308,True,Crashes_2010_2019_MPO
100317201,2013-04-12,2013,,94.0,,,0,0,N,0.0,0.0,0.0,,,,,,,,35.95369,-86.80275,False,Crashes_2010_2019_MPO
102384932,2019-05-09,2019,,19.0,,,0,0,N,0.0,0.0,0.0,,,,,,,,36.04065,-86.78118,False,Crashes_2010_2019_MPO
102053836,2018-06-25,2018,,19.0,,,0,0,N,0.0,0.0,0.0,,,,,,,,36.03611,-86.78293,False,Crashes_2010_2019_MPO
101079555,2016-01-18,2016,,19.0,,,0,0,N,0.0,0.0,0.0,,,,,,,,36.04551,-86.71178,False,Crashes_2010_2019_MPO
101489587,2016-12-28,2016,,94.0,,,0,0,N,0.0,0.0,0.0,,,,,,,,35.97892,-86.80342,True,Crashes_2010_2019_MPO
101674277,2017-06-15,2017,,19.0,,,0,0,N,0.0,0.0,0.0,,,,,,,,36.04655,-86.85943,False,Crashes_2010_2019_MPO
101304141,2016-07-27,2016,,19.0,,,0,0,N,0.0,0.0,0.0,,,,,,,,36.03256,-86.7687,False,Crashes_2010_2019_MPO
100923996,2015-08-16,2015,,94.0,,,0,0,N,0.0,0.0,0.0,,,,,,,,35.95661,-86.84902,False,Crashes_2010_2019_MPO
101161734,2016-04-10,2016,,19.0,,,0,0,N,0.0,0.0,0.0,,,,,,,,36.02691,-86.74367,False,Crashes_2010_2019_MPO
102235749,2018-12-04,2018,,94.0,,,0,0,Y,0.0,0.0,1.0,,,,,,,,35.92648,-86.8663,False,Crashes_2010_2019_MPO
100936415,2015-08-20,2015,,19.0,,,0,0,N,0.0,0.0,0.0,,,,,,,,36.0323,-86.76593,False,Crashes_2010_2019_MPO
102563326,2019-11-09,2019,,19.0,,,0,0,N,0.0,0.0,0.0,,,,,,,,36.0409,-86.77938,False,Crashes_2010_2019_MPO
100589099,2014-07-30,2014,,94.0,,,0,0,N,0.0,0.0,0.0,,,,,,,,35.92395,-86.86983,False,Crashes_2010_2019_MPO
102233012,2018-12-02,2018,,94.0,,,0,0,N,0.0,0.0,0.0,,,,,,,,35.96527,-86.81424,False,Crashes_2010_2019_MPO
101489080,2016-12-28,2016,,19.0,,,0,0,N,0.0,0.0,0.0,,,,,,,,36.04112,-86.74641,False,Crashes_2010_2019_MPO
101606407,2017-04-07,2017,,94.0,,,0,0,N,0.0,0.0,0.0,,,,,,,,35.99302,-86.82885,True,Crashes_2010_2019_MPO
100855353,2015-06-04,2015,,19.0,,,0,0,N,0.0,0.0,0.0,,,,,,,,36.03756,-86.79334,False,Crashes_2010_2019_MPO
101966064,2018-04-03,2018,,94.0,,,0,0,N,0.0,0.0,0.0,,,,,,,,35.99715,-86.775,True,Crashes_2010_2019_MPO
101390353,2016-09-26,2016,,94.0,,,0,0,N,0.0,0.0,0.0,,,,,,,,35.99232,-86.82837,True,Crashes_2010_2019_MPO
101619350,2017-04-18,2017,,94.0,,,0,0,N,0.0,0.0,0.0,,,,,,,,35.92987,-86.86443,False,Crashes_2010_2019_MPO
101272173,2016-06-20,2016,,19.0,,,0,0,N,0.0,0.0,0.0,,,,,,,,36.0249,-86.69697,False,Crashes_2010_2019_MPO
102566459,2019-11-12,2019,,94.0,,,0,0,N,0.0,0.0,0.0,,,,,,,,35.93125,-86.8374,False,Crashes_2010_2019_MPO
102226441,2018-11-27,2018,,19.0,,,0,0,N,0.0,0.0,0.0,,,,,,,,36.04084,-86.77347,False,Crashes_2010_2019_MPO
101997943,2018-05-01,2018,,94.0,,,0,0,Y,0.0,0.0,1.0,,,,,,,,35.93979,-86.67971,False,Crashes_2010_2019_MPO
102019255,2018-05-22,2018,,19.0,,,0,1,N,0.0,1.0,0.0,,,,,,,,36.04543,-86.70361,False,Crashes_2010_2019_MPO
102263943,2019-01-01,2019,,19.0,,,0,0,N,0.0,0.0,0.0,,,,,,,,36.04887,-86.71801,False,Crashes_2010_2019_MPO
101989105,2018-04-25,2018,,94.0,,,0,0,N,0.0,0.0,0.0,,,,,,,,35.94799,-86.81976,False,Crashes_2010_2019_MPO
100723201,2015-01-16,2015,,94.0,,,0,0,N,0.0,0.0,0.0,,,,,,,,35.99723,-86.79684,True,Crashes_2010_2019_MPO
101011345,2015-11-16,2015,,94.0,,,0,0,N,0.0,0.0,0.0,,,,,,,,35.93539,-86.82366,False,Crashes_2010_2019_MPO
101914609,2018-02-12,2018,,94.0,,,0,0,N,0.0,0.0,0.0,,,,,,,,35.93442,-86.86104,False,Crashes_2010_2019_MPO
101441837,2016-11-16,2016,,19.0,,,0,0,N,0.0,0.0,0.0,,,,,,,,35.99508,-86.69187,False,Crashes_2010_2019_MPO
102380557,2019-05-03,2019,,94.0,,,0,0,N,0.0,0.0,0.0,,,,,,,,35.9247,-86.87219,False,Crashes_2010_2019_MPO
101317520,2016-07-31,2016,,94.0,,,0,0,N,0.0,0.0,0.0,,,,,,,,35.9693,-86.80651,True,Crashes_2010_2019_MPO
100875697,2015-06-24,2015,,94.0,,,0,0,N,0.0,0.0,0.0,,,,,,,,36.03368,-86.78854,True,Crashes_2010_2019_MPO
101935973,2018-03-06,2018,,19.0,,,0,0,N,0.0,0.0,0.0,,,,,,,,36.02365,-86.7101,False,Crashes_2010_2019_MPO
101004833,2015-11-07,2015,,94.0,,,0,0,N,0.0,0.0,0.0,,,,,,,,35.94791,-86.81937,False,Crashes_2010_2019_MPO
100696069,2014-11-24,2014,,94.0,,,0,0,N,0.0,0.0,0.0,,,,,,,,35.93546,-86.82344,False,Crashes_2010_2019_MPO
100269398,2012-12-17,2012,,94.0,,,0,0,N,0.0,0.0,0.0,,,,,,,,36.03151,-86.87546,False,Crashes_2010_2019_MPO
100421465,2013-12-19,2013,,94.0,,,0,0,N,0.0,0.0,0.0,,,,,,,,35.97317,-86.83093,True,Crashes_2010_2019_MPO
101049337,2015-12-14,2015,,94.0,,,0,0,N,0.0,0.0,0.0,,,,,,,,35.96161,-86.81528,False,Crashes_2010_2019_MPO
102209313,2018-11-13,2018,,94.0,,,0,0,N,0.0,0.0,0.0,,,,,,,,35.94329,-86.8207,False,Crashes_2010_2019_MPO
100400201,2013-11-03,2013,,94.0,,,0,0,N,0.0,0.0,0.0,,,,,,,,36.0205,-86.78268,True,Crashes_2010_2019_MPO
101901179,2018-01-30,2018,,19.0,,,0,0,N,0.0,0.0,0.0,,,,,,,,36.04084,-86.77347,False,Crashes_2010_2019_MPO
102521238,2019-09-26,2019,,94.0,,,0,0,N,0.0,0.0,0.0,,,,,,,,35.94794,-86.81996,False,Crashes_2010_2019_MPO
102361723,2019-04-15,2019,,94.0,,,0,0,N,0.0,0.0,0.0,,,,,,,,35.93613,-86.8236,False,Crashes_2010_2019_MPO
101435369,2016-11-09,2016,,19.0,,,0,0,N,0.0,0.0,0.0,,,,,,,,36.04153,-86.74959,False,Crashes_2010_2019_MPO
100768228,2015-03-06,2015,,19.0,,,0,0,N,0.0,0.0,0.0,,,,,,,,36.05093,-86.69006,False,Crashes_2010_2019_MPO
101493043,2017-01-01,2017,,19.0,,,0,0,N,0.0,0.0,0.0,,,,,,,,36.03716,-86.78307,False,Crashes_2010_2019_MPO
101808289,2017-10-29,2017,,19.0,,,0,0,N,0.0,0.0,0.0,,,,,,,,36.05151,-86.71436,False,Crashes_2010_2019_MPO
102154592,2018-09-22,2018,,94.0,,,0,0,N,0.0,0.0,0.0,,,,,,,,35.96589,-86.80316,True,Crashes_2010_2019_MPO
102048360,2018-06-19,2018,,19.0,,,0,0,N,0.0,0.0,0.0,,,,,,,,36.04022,-86.76782,False,Crashes_2010_2019_MPO
101464202,2016-11-30,2016,,19.0,,,0,0,N,0.0,0.0,0.0,,,,,,,,36.04231,-86.72652,False,Crashes_2010_2019_MPO
101440542,2016-11-15,2016,,19.0,,,0,0,N,0.0,0.0,0.0,,,,,,,,36.04537,-86.71326,False,Crashes_2010_2019_MPO
100406199,2013-11-16,2013,,94.0,,,0,0,N,0.0,0.0,0.0,,,,,,,,35.94529,-86.81323,False,Crashes_2010_2019_MPO
100432457,2014-01-18,2014,,94.0,,,0,0,N,0.0,0.0,0.0,,,,,,,,35.94557,-86.82313,False,Crashes_2010_2019_MPO
102146427,2018-09-13,2018,,94.0,,,0,0,N,0.0,0.0,0.0,,,,,,,,35.93374,-86.81767,False,Crashes_2010_2019_MPO
100936746,2015-08-19,2015,,19.0,,,0,0,N,0.0,0.0,0.0,,,,,,,,36.04546,-86.71224,False,Crashes_2010_2019_MPO
102095009,2018-07-31,2018,,19.0,,,0,0,N,0.0,0.0,0.0,,,,,,,,36.04743,-86.77678,False,Crashes_2010_2019_MPO
101891278,2018-01-19,2018,,19.0,,,0,0,N,0.0,0.0,0.0,,,,,,,,36.05076,-86.7192,False,Crashes_2010_2019_MPO
101865922,2017-12-21,2017,,94.0,,,0,0,N,0.0,0.0,0.0,,,,,,,,35.97634,-86.80408,True,Crashes_2010_2019_MPO
102523520,2019-09-28,2019,,94.0,,,0,0,N,0.0,0.0,0.0,,,,,,,,35.99564,-86.78022,True,Crashes_2010_2019_MPO
102574708,2019-11-21,2019,,94.0,,,0,0,N,0.0,0.0,0.0,,,,,,,,35.92825,-86.7673,False,Crashes_2010_2019_MPO
101236080,2016-05-31,2016,,19.0,,,0,0,N,0.0,0.0,0.0,,,,,,,,36.0374,-86.78657,False,Crashes_2010_2019_MPO
100796078,2015-03-22,2015,,94.0,,,0,0,N,0.0,0.0,0.0,,,,,,,,35.96658,-86.81062,True,Crashes_2010_2019_MPO
102295227,2019-02-02,2019,,94.0,,,0,0,N,0.0,0.0,0.0,,,,,,,,35.95198,-86.81788,False,Crashes_2010_2019_MPO
100459417,2014-03-03,2014,,94.0,,,0,0,N,0.0,0.0,0.0,,,,,,,,36.00565,-86.74282,True,Crashes_2010_2019_MPO
102102004,2018-08-08,2018,,19.0,,,0,0,N,0.0,0.0,0.0,,,,,,,,36.03971,-86.76279,False,Crashes_2010_2019_MPO
100462635,2014-03-10,2014,,94.0,,,0,0,N,0.0,0.0,0.0,,,,,,,,35.94689,-86.85175,False,Crashes_2010_2019_MPO
101950626,2018-03-20,2018,,94.0,,,0,0,N,0.0,0.0,0.0,,,,,,,,35.93287,-86.78346,False,Crashes_2010_2019_MPO
101493561,2017-01-02,2017,,19.0,,,0,0,N,0.0,0.0,0.0,,,,,,,,36.03488,-86.69471,False,Crashes_2010_2019_MPO
100509292,2014-05-15,2014,,94.0,,,0,0,N,0.0,0.0,0.0,,,,,,,,35.9524,-86.68201,False,Crashes_2010_2019_MPO
100724404,2015-01-19,2015,,94.0,,,0,0,N,0.0,0.0,0.0,,,,,,,,35.96701,-86.8111,True,Crashes_2010_2019_MPO
100925860,2015-08-19,2015,,19.0,,,0,0,N,0.0,0.0,0.0,,,,,,,,36.04542,-86.71317,False,Crashes_2010_2019_MPO
100945717,2015-09-05,2015,,19.0,,,0,0,N,0.0,0.0,0.0,,,,,,,,36.04597,-86.71333,False,Crashes_2010_2019_MPO
100639123,2014-10-06,2014,,19.0,,,0,0,N,0.0,0.0,0.0,,,,,,,,36.03273,-86.77054,False,Crashes_2010_2019_MPO
100586716,2014-07-23,2014,,94.0,,,0,0,N,0.0,0.0,0.0,,,,,,,,35.96665,-86.81078,True,Crashes_2010_2019_MPO
100796993,2015-03-24,2015,,94.0,,,0,0,N,0.0,0.0,0.0,,,,,,,,35.99581,-86.78203,True,Crashes_2010_2019_MPO
100805701,2015-04-10,2015,,94.0,,,0,0,N,0.0,0.0,0.0,,,,,,,,35.95396,-86.80427,False,Crashes_2010_2019_MPO
102071468,2018-07-11,2018,,19.0,,,0,0,N,0.0,0.0,0.0,,,,,,,,36.03254,-86.76856,False,Crashes_2010_2019_MPO
101824531,2017-11-13,2017,,94.0,,,0,0,N,0.0,0.0,0.0,,,,,,,,35.92935,-86.84418,False,Crashes_2010_2019_MPO
101467634,2016-12-04,2016,,94.0,,,0,0,N,0.0,0.0,0.0,,,,,,,,35.9348,-86.87814,False,Crashes_2010_2019_MPO
102598544,2019-12-15,2019,,94.0,,,0,0,N,0.0,0.0,0.0,,,,,,,,36.031019,-86.788857,True,Crashes_2010_2019_MPO
101048888,2015-12-09,2015,,94.0,,,0,0,N,0.0,0.0,0.0,,,,,,,,35.9407,-86.83934,False,Crashes_2010_2019_MPO
100616197,2014-09-07,2014,,94.0,,,0,0,N,0.0,0.0,0.0,,,,,,,,35.9236,-86.76701,False,Crashes_2010_2019_MPO
101150984,2016-03-25,2016,,94.0,,,0,0,N,0.0,0.0,0.0,,,,,,,,35.92392,-86.87921,False,Crashes_2010_2019_MPO
102201501,2018-11-04,2018,,94.0,,,0,0,N,0.0,0.0,0.0,,,,,,,,35.94612,-86.82346,False,Crashes_2010_2019_MPO
101033215,2015-11-20,2015,,19.0,,,0,0,N,0.0,0.0,0.0,,,,,,,,36.03821,-86.8009,False,Crashes_2010_2019_MPO
100973174,2015-10-04,2015,,19.0,,,0,0,N,0.0,0.0,0.0,,,,,,,,36.04537,-86.71326,False,Crashes_2010_2019_MPO
101406525,2016-10-18,2016,,94.0,,,0,0,Y,0.0,0.0,1.0,,,,,,,,35.94703,-86.81425,False,Crashes_2010_2019_MPO
100613294,2014-09-01,2014,,94.0,,,0,1,N,0.0,1.0,0.0,,,,,,,,35.94999,-86.81575,False,Crashes_2010_2019_MPO
102091918,2018-07-30,2018,,19.0,,,0,0,N,0.0,0.0,0.0,,,,,,,,36.04538,-86.7131,False,Crashes_2010_2019_MPO
101582225,2017-03-13,2017,,94.0,,,0,0,N,0.0,0.0,0.0,,,,,,,,36.01786,-86.84678,True,Crashes_2010_2019_MPO
101050240,2015-12-16,2015,,19.0,,,0,0,N,0.0,0.0,0.0,,,,,,,,36.0389,-86.67745,False,Crashes_2010_2019_MPO
100441995,2014-02-12,2014,,94.0,,,0,0,N,0.0,0.0,0.0,,,,,,,,35.96743,-86.69724,False,Crashes_2010_2019_MPO
101743503,2017-08-27,2017,,19.0,,,0,0,N,0.0,0.0,0.0,,,,,,,,36.04409,-86.70343,False,Crashes_2010_2019_MPO
100943432,2015-09-01,2015,,94.0,,,0,0,N,0.0,0.0,0.0,,,,,,,,35.92407,-86.86813,False,Crashes_2010_2019_MPO
102406970,2019-06-01,2019,,94.0,,,0,0,N,0.0,0.0,0.0,,,,,,,,35.93436,-86.8204,False,Crashes_2010_2019_MPO
101103152,2016-02-10,2016,,19.0,,,0,0,N,0.0,0.0,0.0,,,,,,,,36.04029,-86.76833,False,Crashes_2010_2019_MPO
100614705,2014-09-04,2014,,94.0,,,0,0,N,0.0,0.0,0.0,,,,,,,,35.93099,-86.86359,False,Crashes_2010_2019_MPO
102053514,2018-06-25,2018,,94.0,,,0,0,N,0.0,0.0,0.0,,,,,,,,35.94036,-86.81655,False,Crashes_2010_2019_MPO
100702464,2014-12-06,2014,,94.0,,,0,0,N,0.0,0.0,0.0,,,,,,,,35.96704,-86.80772,True,Crashes_2010_2019_MPO
101694720,2017-07-07,2017,,19.0,,,0,0,Y,0.0,0.0,1.0,,,,,,,,36.03821,-86.8009,False,Crashes_2010_2019_MPO
100800939,2015-04-01,2015,,19.0,,,0,0,N,0.0,0.0,0.0,,,,,,,,36.04652,-86.71349,False,Crashes_2010_2019_MPO
100466178,2014-03-19,2014,,94.0,,,0,0,N,0.0,0.0,0.0,,,,,,,,35.93291,-86.84741,False,Crashes_2010_2019_MPO
102588439,2019-12-04,2019,,19.0,,,0,0,N,0.0,0.0,0.0,,,,,,,,36.04095,-86.77926,False,Crashes_2010_2019_MPO
101351399,2016-09-01,2016,,94.0,,,0,0,N,0.0,0.0,0.0,,,,,,,,35.93215,-86.79441,False,Crashes_2010_2019_MPO
101240395,2016-06-06,2016,,19.0,,,0,0,N,0.0,0.0,0.0,,,,,,,,36.0409,-86.77938,False,Crashes_2010_2019_MPO
101977326,2018-04-13,2018,,94.0,,,0,0,N,0.0,0.0,0.0,,,,,,,,36.00432,-86.79099,True,Crashes_2010_2019_MPO
101626234,2017-04-26,2017,,19.0,,,0,0,N,0.0,0.0,0.0,,,,,,,,36.04001,-86.76839,False,Crashes_2010_2019_MPO
101916132,2018-02-14,2018,,94.0,,,0,0,N,0.0,0.0,0.0,,,,,,,,35.9952,-86.77565,True,Crashes_2010_2019_MPO
100774055,2015-03-18,2015,,94.0,,,0,0,N,0.0,0.0,0.0,,,,,,,,35.95214,-86.81803,False,Crashes_2010_2019_MPO
101793107,2017-10-15,2017,,19.0,,,0,0,N,0.0,0.0,0.0,,,,,,,,36.04094,-86.7437,False,Crashes_2010_2019_MPO
101420157,2016-10-22,2016,,19.0,,,0,0,N,0.0,0.0,0.0,,,,,,,,36.03047,-86.74398,False,Crashes_2010_2019_MPO
10824264,2011-11-10,2011,,19.0,,,0,0, ,0.0,0.0,0.0,,,,,,,,35.99431,-86.68648,False,Crashes_2010_2019_MPO
101856511,2017-12-12,2017,,94.0,,,0,0,N,0.0,0.0,0.0,,,,,,,,35.92671,-86.82448,False,Crashes_2010_2019_MPO
102421593,2019-06-17,2019,,94.0,,,0,0,N,0.0,0.0,0.0,,,,,,,,35.93369,-86.81913,False,Crashes_2010_2019_MPO
101433196,2016-11-07,2016,,94.0,,,0,0,N,0.0,0.0,0.0,,,,,,,,35.93778,-86.70522,False,Crashes_2010_2019_MPO
101397165,2016-10-06,2016,,19.0,,,0,0,Y,0.0,0.0,1.0,,,,,,,,36.04647,-86.7771,False,Crashes_2010_2019_MPO
102098736,2018-08-04,2018,,94.0,,,0,0,N,0.0,0.0,0.0,,,,,,,,35.95588,-86.81745,False,Crashes_2010_2019_MPO
101124707,2016-02-24,2016,,94.0,,,0,0,N,0.0,0.0,0.0,,,,,,,,36.02193,-86.7951,True,Crashes_2010_2019_MPO
100968240,2015-09-27,2015,,19.0,,,0,0,N,0.0,0.0,0.0,,,,,,,,36.02263,-86.68056,False,Crashes_2010_2019_MPO
101439448,2016-11-14,2016,,94.0,,,0,0,N,0.0,0.0,0.0,,,,,,,,35.99224,-86.79858,True,Crashes_2010_2019_MPO
101238788,2016-06-04,2016,,94.0,,,0,0,N,0.0,0.0,0.0,,,,,,,,35.96943,-86.80637,True,Crashes_2010_2019_MPO
102545241,2019-10-22,2019,,94.0,,,0,0,N,0.0,0.0,0.0,,,,,,,,35.99618,-86.79721,True,Crashes_2010_2019_MPO
102551497,2019-10-28,2019,,94.0,,,0,0,N,0.0,0.0,0.0,,,,,,,,35.94123,-86.83833,False,Crashes_2010_2019_MPO
101427774,2016-10-31,2016,,94.0,,,0,0,N,0.0,0.0,0.0,,,,,,,,35.96534,-86.79757,True,Crashes_2010_2019_MPO
101896564,2018-01-25,2018,,94.0,,,0,0,N,0.0,0.0,0.0,,,,,,,,35.96914,-86.82694,False,Crashes_2010_2019_MPO
100750495,2015-02-20,2015,,19.0,,,0,0,N,0.0,0.0,0.0,,,,,,,,36.03919,-86.72044,False,Crashes_2010_2019_MPO
101467337,2016-12-04,2016,,19.0,,,0,0,N,0.0,0.0,0.0,,,,,,,,36.04063,-86.78278,False,Crashes_2010_2019_MPO
102226776,2018-11-28,2018,,94.0,,,0,0,N,0.0,0.0,0.0,,,,,,,,35.966718,-86.809102,True,Crashes_2010_2019_MPO
101481863,2016-12-19,2016,,19.0,,,0,0,N,0.0,0.0,0.0,,,,,,,,36.04077,-86.77962,False,Crashes_2010_2019_MPO
101783922,2017-10-06,2017,,94.0,,,0,0,N,0.0,0.0,0.0,,,,,,,,36.00212,-86.79294,True,Crashes_2010_2019_MPO
101735659,2017-08-19,2017,,19.0,,,0,0,N,0.0,0.0,0.0,,,,,,,,36.04773,-86.71355,False,Crashes_2010_2019_MPO
100882650,2015-07-07,2015,,94.0,,,0,0,N,0.0,0.0,0.0,,,,,,,,35.93313,-86.81153,False,Crashes_2010_2019_MPO
102101994,2018-08-08,2018,,94.0,,,0,0,N,0.0,0.0,0.0,,,,,,,,35.96577,-86.80165,True,Crashes_2010_2019_MPO
100885715,2015-07-13,2015,,94.0,,,0,0,N,0.0,0.0,0.0,,,,,,,,35.93434,-86.81904,False,Crashes_2010_2019_MPO
101588514,2017-03-20,2017,,94.0,,,0,0,N,0.0,0.0,0.0,,,,,,,,35.95089,-86.80724,False,Crashes_2010_2019_MPO
101274751,2016-06-28,2016,,19.0,,,0,0,N,0.0,0.0,0.0,,,,,,,,36.01805,-86.70802,False,Crashes_2010_2019_MPO
100282695,2013-01-22,2013,,94.0,,,0,0,N,0.0,0.0,0.0,,,,,,,,35.99743,-86.79556,True,Crashes_2010_2019_MPO
101993846,2018-04-27,2018,,94.0,,,0,0,N,0.0,0.0,0.0,,,,,,,,35.99579,-86.77891,True,Crashes_2010_2019_MPO
100939690,2015-08-26,2015,,19.0,,,0,0,N,0.0,0.0,0.0,,,,,,,,36.04226,-86.72647,False,Crashes_2010_2019_MPO
101282269,2016-07-08,2016,,19.0,,,0,0,N,0.0,0.0,0.0,,,,,,,,36.0374,-86.78657,False,Crashes_2010_2019_MPO
101953342,2018-03-20,2018,,94.0,,,0,0,N,0.0,0.0,0.0,,,,,,,,36.03479,-86.78331,True,Crashes_2010_2019_MPO