mstrrecnbr,collision_ts,year,county,countystat,crash,crash_type,fatalities,non_motorists,commercial,fatal_c,nonmotor_c,truck_c,fatalc,serious_injuries,ped,bike,lighting,weather,first_harmful_event,latitude,longitude,in_city,src_layer
102360487,2019-04-12,2019,,94.0,,,0,0,N,0.0,0.0,0.0,,,,,,,,35.96372,-86.81053,False,Crashes_2010_2019_MPO
102241571,2018-12-10,2018,,94.0,,,0,0,N,0.0,0.0,0.0,,,,,,,,36.03583,-86.78729,True,Crashes_2010_2019_MPO
101763361,2017-09-17,2017,,94.0,,,0,0,N,0.0,0.0,0.0,,,,,,,,35.96198,-86.81518,False,Crashes_2010_2019_MPO
101943517,2018-03-14,2018,,94.0,,,0,0,N,0.0,0.0,0.0,,,,,,,,35.997806,-86.794888,True,Crashes_2010_2019_MPO
102310646,2019-02-19,2019,,94.0,,,0,0,N,0.0,0.0,0.0,,,,,,,,36.01286,-86.80081,True,Crashes_2010_2019_MPO
101360009,2016-09-10,2016,,94.0,,,0,0,N,0.0,0.0,0.0,,,,,,,,35.93687,-86.8787,False,Crashes_2010_2019_MPO
100971723,2015-10-02,2015,,94.0,,,0,0,N,0.0,0.0,0.0,,,,,,,,35.94666,-86.85186,False,Crashes_2010_2019_MPO
102129686,2018-08-31,2018,,19.0,,,0,0,N,0.0,0.0,0.0,,,,,,,,36.04627,-86.67679,False,Crashes_2010_2019_MPO
101655109,2017-05-25,2017,,94.0,,,0,0,N,0.0,0.0,0.0,,,,,,,,35.94636,-86.80871,False,Crashes_2010_2019_MPO
101405217,2016-10-16,2016,,19.0,,,0,0,N,0.0,0.0,0.0,,,,,,,,35.99753,-86.69081,False,Crashes_2010_2019_MPO
102538351,2019-10-15,2019,,94.0,,,0,0,N,0.0,0.0,0.0,,,,,,,,36.0345,-86.78806,True,Crashes_2010_2019_MPO
102376453,2019-04-30,2019,,19.0,,,0,0,N,0.0,0.0,0.0,,,,,,,,36.03661,-86.74349,False,Crashes_2010_2019_MPO
102335614,2019-03-19,2019,,94.0,,,0,0,N,0.0,0.0,0.0,,,,,,,,35.98864,-86.6814,False,Crashes_2010_2019_MPO
100636772,2014-10-01,2014,,94.0,,,0,0,N,0.0,0.0,0.0,,,,,,,,36.03437,-86.80238,True,Crashes_2010_2019_MPO
100407119,2013-11-15,2013,,94.0,,,0,0,N,0.0,0.0,0.0,,,,,,,,35.99541,-86.77779,True,Crashes_2010_2019_MPO
100735715,2015-02-11,2015,,94.0,,,0,0,N,0.0,0.0,0.0,,,,,,,,35.9568,-86.80337,False,Crashes_2010_2019_MPO
101797955,2017-10-19,2017,,19.0,,,0,0,N,0.0,0.0,0.0,,,,,,,,36.04802,-86.71358,False,Crashes_2010_2019_MPO
101873154,2017-12-29,2017,,94.0,,,0,0,N,0.0,0.0,0.0,,,,,,,,36.01358,-86.78124,True,Crashes_2010_2019_MPO
101350617,2016-08-31,2016,,94.0,,,0,0,N,0.0,0.0,0.0,,,,,,,,35.95286,-86.81214,False,Crashes_2010_2019_MPO
102389786,2019-05-15,2019,,94.0,,,0,0,N,0.0,0.0,0.0,,,,,,,,35.95779,-86.80256,False,Crashes_2010_2019_MPO
102191648,2018-10-26,2018,,94.0,,,0,0,N,0.0,0.0,0.0,,,,,,,,35.92584,-86.86759,False,Crashes_2010_2019_MPO
101125279,2016-03-01,2016,,94.0,,,0,0,N,0.0,0.0,0.0,,,,,,,,35.9509,-86.80665,False,Crashes_2010_2019_MPO
101396138,2016-10-04,2016,,94.0,,,0,0,N,0.0,0.0,0.0,,,,,,,,35.96716,-86.81351,True,Crashes_2010_2019_MPO
102013714,2018-05-17,2018,,94.0,,,0,0,N,0.0,0.0,0.0,,,,,,,,35.92356,-86.81869,False,Crashes_2010_2019_MPO
101321261,2016-08-05,2016,,19.0,,,0,0,N,0.0,0.0,0.0,,,,,,,,36.04146,-86.78019,False,Crashes_2010_2019_MPO
102592856,2019-12-09,2019,,94.0,,,0,0,N,0.0,0.0,0.0,,,,,,,,35.94717,-86.82154,False,Crashes_2010_2019_MPO
102498721,2019-09-04,2019,,94.0,,,0,0,N,0.0,0.0,0.0,,,,,,,,35.9471,-86.81963,False,Crashes_2010_2019_MPO
101909238,2018-02-07,2018,,94.0,,,0,0,N,0.0,0.0,0.0,,,,,,,,35.9407,-86.83934,False,Crashes_2010_2019_MPO
102451103,2019-07-18,2019,,94.0,,,0,0,N,0.0,0.0,0.0,,,,,,,,35.94117,-86.81653,False,Crashes_2010_2019_MPO
100595970,2014-08-15,2014,,94.0,,,0,0,N,0.0,0.0,0.0,,,,,,,,35.99652,-86.78879,True,Crashes_2010_2019_MPO
101167405,2016-04-19,2016,,19.0,,,0,0,N,0.0,0.0,0.0,,,,,,,,36.03789,-86.74347,False,Crashes_2010_2019_MPO
101898419,2018-01-27,2018,,19.0,,,0,0,N,0.0,0.0,0.0,,,,,,,,36.04526,-86.71704,False,Crashes_2010_2019_MPO
102068051,2018-07-08,2018,,19.0,,,0,0,N,0.0,0.0,0.0,,,,,,,,36.05142,-86.6997,False,Crashes_2010_2019_MPO
102471729,2019-08-07,2019,,94.0,,,0,0,Y,0.0,0.0,1.0,,,,,,,,36.00199,-86.79308,True,Crashes_2010_2019_MPO
101631763,2017-05-02,2017,,94.0,,,0,0,N,0.0,0.0,0.0,,,,,,,,35.96562,-86.70619,True,Crashes_2010_2019_MPO
100639975,2014-10-08,2014,,94.0,,,0,0,N,0.0,0.0,0.0,,,,,,,,35.97102,-86.72644,True,Crashes_2010_2019_MPO
102256602,2018-12-24,2018,,94.0,,,0,0,N,0.0,0.0,0.0,,,,,,,,35.96612,-86.80488,True,Crashes_2010_2019_MPO
100508507,2014-05-14,2014,,94.0,,,0,0,N,0.0,0.0,0.0,,,,,,,,35.92402,-86.82245,False,Crashes_2010_2019_MPO
102340627,2019-03-25,2019,,94.0,,,0,0,N,0.0,0.0,0.0,,,,,,,,35.97318,-86.86813,False,Crashes_2010_2019_MPO
101779153,2017-10-01,2017,,94.0,,,0,0,N,0.0,0.0,0.0,,,,,,,,35.96511,-86.79535,True,Crashes_2010_2019_MPO
101884819,2018-01-11,2018,,94.0,,,0,0,N,0.0,0.0,0.0,,,,,,,,35.92641,-86.82453,False,Crashes_2010_2019_MPO
100403569,2013-11-11,2013,,94.0,,,0,0,N,0.0,0.0,0.0,,,,,,,,35.96678,-86.81038,True,Crashes_2010_2019_MPO
102564005,2019-11-10,2019,,19.0,,,0,0,N,0.0,0.0,0.0,,,,,,,,36.03384,-86.71303,False,Crashes_2010_2019_MPO
100384418,2013-09-27,2013,,94.0,,,0,0,N,0.0,0.0,0.0,,,,,,,,35.99174,-86.79875,True,Crashes_2010_2019_MPO
101719712,2017-08-03,2017,,94.0,,,0,0,N,0.0,0.0,0.0,,,,,,,,35.92957,-86.84187,False,Crashes_2010_2019_MPO
100547449,2014-06-05,2014,,94.0,,,0,0,N,0.0,0.0,0.0,,,,,,,,35.96362,-86.81464,False,Crashes_2010_2019_MPO
100593823,2014-08-09,2014,,94.0,,,0,0,N,0.0,0.0,0.0,,,,,,,,35.93286,-86.71373,False,Crashes_2010_2019_MPO
100616873,2014-09-09,2014,,94.0,,,0,0,N,0.0,0.0,0.0,,,,,,,,36.01284,-86.80082,True,Crashes_2010_2019_MPO
100720582,2015-01-11,2015,,94.0,,,0,0,N,0.0,0.0,0.0,,,,,,,,35.94687,-86.82178,False,Crashes_2010_2019_MPO
100679862,2014-11-13,2014,,94.0,,,0,0,N,0.0,0.0,0.0,,,,,,,,35.99635,-86.79715,True,Crashes_2010_2019_MPO
101434602,2016-11-08,2016,,94.0,,,0,0,N,0.0,0.0,0.0,,,,,,,,36.03614,-86.79498,True,Crashes_2010_2019_MPO
101582316,2017-03-13,2017,,19.0,,,0,0,N,0.0,0.0,0.0,,,,,,,,36.01538,-86.70566,False,Crashes_2010_2019_MPO
102103527,2018-08-09,2018,,94.0,,,0,0,N,0.0,0.0,0.0,,,,,,,,35.96646,-86.80948,True,Crashes_2010_2019_MPO
100681573,2014-11-16,2014,,19.0,,,0,0,N,0.0,0.0,0.0,,,,,,,,36.04545,-86.7036,False,Crashes_2010_2019_MPO
101468762,2016-12-06,2016,,19.0,,,0,0,N,0.0,0.0,0.0,,,,,,,,35.99599,-86.68862,False,Crashes_2010_2019_MPO
100283159,2013-01-23,2013,,94.0,,,0,0,N,0.0,0.0,0.0,,,,,,,,35.97776,-86.80359,True,Crashes_2010_2019_MPO
101752881,2017-09-06,2017,,19.0,,,0,0,N,0.0,0.0,0.0,,,,,,,,36.02051,-86.71057,False,Crashes_2010_2019_MPO
101601969,2017-04-03,2017,,19.0,,,0,0,N,0.0,0.0,0.0,,,,,,,,36.03244,-86.76748,False,Crashes_2010_2019_MPO
102113316,2018-08-17,2018,,94.0,,,0,0,N,0.0,0.0,0.0,,,,,,,,36.03551,-86.78748,True,Crashes_2010_2019_MPO
102579193,2019-11-25,2019,,94.0,,,0,0,N,0.0,0.0,0.0,,,,,,,,35.93191,-86.794,False,Crashes_2010_2019_MPO
100141768,2012-01-26,2012,,94.0,,,0,0,N,0.0,0.0,0.0,,,,,,,,35.92557,-86.87448,False,Crashes_2010_2019_MPO
101441080,2016-11-15,2016,,94.0,,,0,0,N,0.0,0.0,0.0,,,,,,,,35.98191,-86.82149,True,Crashes_2010_2019_MPO
101568609,2017-02-28,2017,,94.0,,,0,0,N,0.0,0.0,0.0,,,,,,,,35.96524,-86.72705,True,Crashes_2010_2019_MPO
100303538,2013-03-14,2013,,94.0,,,0,0,N,0.0,0.0,0.0,,,,,,,,35.94061,-86.8107,False,Crashes_2010_2019_MPO
101617941,2017-04-17,2017,,94.0,,,0,0,N,0.0,0.0,0.0,,,,,,,,35.97391,-86.83253,True,Crashes_2010_2019_MPO
100738604,2015-02-17,2015,,19.0,,,0,0,N,0.0,0.0,0.0,,,,,,,,36.03808,-86.78291,False,Crashes_2010_2019_MPO
101067568,2015-12-23,2015,,19.0,,,0,0,N,0.0,0.0,0.0,,,,,,,,36.04287,-86.78172,False,Crashes_2010_2019_MPO
100701098,2014-12-04,2014,,94.0,,,0,0,N,0.0,0.0,0.0,,,,,,,,35.9648,-86.73142,True,Crashes_2010_2019_MPO
101492891,2017-01-01,2017,,19.0,,,0,0,N,0.0,0.0,0.0,,,,,,,,35.9958,-86.69099,False,Crashes_2010_2019_MPO
102561103,2019-11-06,2019,,94.0,,,0,0,N,0.0,0.0,0.0,,,,,,,,35.95661,-86.81119,False,Crashes_2010_2019_MPO
101587223,2017-03-19,2017,,19.0,,,0,0,Y,0.0,0.0,1.0,,,,,,,,36.03718,-86.70324,False,Crashes_2010_2019_MPO
101333838,2016-08-22,2016,,94.0,,,0,0,N,0.0,0.0,0.0,,,,,,,,35.92563,-86.87287,False,Crashes_2010_2019_MPO
102347648,2019-04-01,2019,,19.0,,,0,0,N,0.0,0.0,0.0,,,,,,,,36.04301,-86.84231,False,Crashes_2010_2019_MPO
100708959,2014-12-18,2014,,94.0,,,0,0,N,0.0,0.0,0.0,,,,,,,,35.9277,-86.86805,False,Crashes_2010_2019_MPO
101731130,2017-08-15,2017,,94.0,,,0,0,N,0.0,0.0,0.0,,,,,,,,36.01257,-86.78489,True,Crashes_2010_2019_MPO
100317518,2013-04-17,2013,,94.0,,,0,0,N,0.0,0.0,0.0,,,,,,,,35.94603,-86.85229,False,Crashes_2010_2019_MPO
100982725,2015-10-20,2015,,94.0,,,0,0,N,0.0,0.0,0.0,,,,,,,,35.92742,-86.86576,False,Crashes_2010_2019_MPO
100357607,2013-07-22,2013,,94.0,,,0,0,N,0.0,0.0,0.0,,,,,,,,35.99404,-86.7982,True,Crashes_2010_2019_MPO
102419181,2019-06-14,2019,,19.0,,,0,0,N,0.0,0.0,0.0,,,,,,,,36.04599,-86.70351,False,Crashes_2010_2019_MPO
102254341,2018-12-21,2018,,19.0,,,0,0,N,0.0,0.0,0.0,,,,,,,,36.0465,-86.7134,False,Crashes_2010_2019_MPO
100463523,2014-03-12,2014,,94.0,,,0,0,N,0.0,0.0,0.0,,,,,,,,35.94222,-86.84184,False,Crashes_2010_2019_MPO
102480901,2019-08-16,2019,,94.0,,,0,0,N,0.0,0.0,0.0,,,,,,,,35.95254,-86.81796,False,Crashes_2010_2019_MPO
101738611,2017-08-22,2017,,94.0,,,0,0,N,0.0,0.0,0.0,,,,,,,,35.94515,-86.82303,False,Crashes_2010_2019_MPO
101151524,2016-03-25,2016,,94.0,,,0,0,N,0.0,0.0,0.0,,,,,,,,35.92641,-86.82447,False,Crashes_2010_2019_MPO
101475948,2016-12-13,2016,,94.0,,,0,0,N,0.0,0.0,0.0,,,,,,,,35.94518,-86.80366,False,Crashes_2010_2019_MPO
101540433,2017-01-31,2017,,94.0,,,0,0,N,0.0,0.0,0.0,,,,,,,,35.93196,-86.78955,False,Crashes_2010_2019_MPO
102091198,2018-07-28,2018,,94.0,,,0,0,N,0.0,0.0,0.0,,,,,,,,35.94687,-86.85168,False,Crashes_2010_2019_MPO
102596843,2019-12-13,2019,,94.0,,,0,0,N,0.0,0.0,0.0,,,,,,,,35.9667,-86.81121,True,Crashes_2010_2019_MPO
100966737,2015-09-25,2015,,19.0,,,0,0,N,0.0,0.0,0.0,,,,,,,,36.04031,-86.78241,False,Crashes_2010_2019_MPO
101119783,2016-02-20,2016,,94.0,,,0,0,N,0.0,0.0,0.0,,,,,,,,35.92413,-86.87902,False,Crashes_2010_2019_MPO
100681371,2014-11-16,2014,,19.0,,,0,0,N,0.0,0.0,0.0,,,,,,,,36.02354,-86.68839,False,Crashes_2010_2019_MPO
101845097,2017-12-01,2017,,94.0,,,0,0,N,0.0,0.0,0.0,,,,,,,,36.03424,-86.87377,False,Crashes_2010_2019_MPO
101387158,2016-09-22,2016,,94.0,,,0,0,N,0.0,0.0,0.0,,,,,,,,35.95198,-86.81788,False,Crashes_2010_2019_MPO
101617858,2017-04-17,2017,,94.0,,,0,0,N,0.0,0.0,0.0,,,,,,,,35.97902,-86.81818,True,Crashes_2010_2019_MPO
100716573,2015-01-03,2015,,19.0,,,0,0,N,0.0,0.0,0.0,,,,,,,,36.04386,-86.78096,False,Crashes_2010_2019_MPO
101365000,2016-09-15,2016,,19.0,,,0,0,N,0.0,0.0,0.0,,,,,,,,36.04536,-86.70255,False,Crashes_2010_2019_MPO
102165699,2018-10-03,2018,,19.0,,,0,0,N,0.0,0.0,0.0,,,,,,,,36.03259,-86.76872,False,Crashes_2010_2019_MPO
100483881,2014-04-08,2014,,94.0,,,0,0,N,0.0,0.0,0.0,,,,,,,,35.94808,-86.82207,False,Crashes_2010_2019_MPO
101456096,2016-11-21,2016,,19.0,,,0,0,N,0.0,0.0,0.0,,,,,,,,36.04893,-86.71544,False,Crashes_2010_2019_MPO
100461100,2014-03-06,2014,,94.0,,,0,0,N,0.0,0.0,0.0,,,,,,,,35.92616,-86.86781,False,Crashes_2010_2019_MPO
102296639,2019-02-04,2019,,94.0,,,0,0,N,0.0,0.0,0.0,,,,,,,,35.95994,-86.75235,True,Crashes_2010_2019_MPO
100998413,2015-10-28,2015,,19.0,,,0,0,N,0.0,0.0,0.0,,,,,,,,36.04514,-86.85238,False,Crashes_2010_2019_MPO
100702001,2014-12-05,2014,,94.0,,,0,0,N,0.0,0.0,0.0,,,,,,,,35.96108,-86.80936,False,Crashes_2010_2019_MPO
100312565,2013-04-05,2013,,94.0,,,0,0,N,0.0,0.0,0.0,,,,,,,,35.92946,-86.82438,False,Crashes_2010_2019_MPO
102390175,2019-05-15,2019,,94.0,,,0,0,N,0.0,0.0,0.0,,,,,,,,35.94115,-86.83125,False,Crashes_2010_2019_MPO
100709173,2014-12-18,2014,,94.0,,,0,0,N,0.0,0.0,0.0,,,,,,,,35.96479,-86.79185,True,Crashes_2010_2019_MPO
101774676,2017-09-28,2017,,94.0,,,0,0,N,0.0,0.0,0.0,,,,,,,,35.94995,-86.81324,False,Crashes_2010_2019_MPO
102016962,2018-05-20,2018,,94.0,,,0,0,N,0.0,0.0,0.0,,,,,,,,36.00644,-86.78849,True,Crashes_2010_2019_MPO
102128108,2018-08-30,2018,,19.0,,,0,0,N,0.0,0.0,0.0,,,,,,,,36.04056,-86.70469,False,Crashes_2010_2019_MPO
100411289,2013-11-26,2013,,94.0,,,0,0,N,0.0,0.0,0.0,,,,,,,,35.97102,-86.72644,True,Crashes_2010_2019_MPO
102429995,2019-06-27,2019,,19.0,,,0,0,N,0.0,0.0,0.0,,,,,,,,36.04086,-86.77367,False,Crashes_2010_2019_MPO
102197188,2018-11-01,2018,,94.0,,,0,0,N,0.0,0.0,0.0,,,,,,,,35.94441,-86.82022,False,Crashes_2010_2019_MPO
102609921,2019-12-28,2019,,94.0,,,0,0,N,0.0,0.0,0.0,,,,,,,,35.98635,-86.73664,True,Crashes_2010_2019_MPO
102271452,2019-01-09,2019,,19.0,,,0,0,N,0.0,0.0,0.0,,,,,,,,36.03735,-86.78713,False,Crashes_2010_2019_MPO
102560169,2019-11-06,2019,,19.0,,,0,0,N,0.0,0.0,0.0,,,,,,,,36.05232,-86.68336,False,Crashes_2010_2019_MPO
101643660,2017-05-13,2017,,19.0,,,0,0,N,0.0,0.0,0.0,,,,,,,,36.04172,-86.71288,False,Crashes_2010_2019_MPO
102555502,2019-11-01,2019,,94.0,,,0,0,N,0.0,0.0,0.0,,,,,,,,35.92641,-86.82453,False,Crashes_2010_2019_MPO
100265481,2012-12-12,2012,,94.0,,,0,0,N,0.0,0.0,0.0,,,,,,,,35.94686,-86.85162,False,Crashes_2010_2019_MPO
101043035,2015-12-04,2015,,94.0,,,0,0,N,0.0,0.0,0.0,,,,,,,,35.92641,-86.82446,False,Crashes_2010_2019_MPO
101094478,2016-01-27,2016,,94.0,,,0,0,N,0.0,0.0,0.0,,,,,,,,35.94683,-86.85172,False,Crashes_2010_2019_MPO
100388556,2013-10-06,2013,,94.0,,,0,0,N,0.0,0.0,0.0,,,,,,,,35.94053,-86.83924,False,Crashes_2010_2019_MPO
102470820,2019-08-07,2019,,19.0,,,0,0,N,0.0,0.0,0.0,,,,,,,,36.04891,-86.86857,False,Crashes_2010_2019_MPO
102366036,2019-04-19,2019,,19.0,,,0,0,N,0.0,0.0,0.0,,,,,,,,36.03239,-86.78361,True,Crashes_2010_2019_MPO
101001241,2015-11-02,2015,,94.0,,,0,0,N,0.0,0.0,0.0,,,,,,,,36.03223,-86.784605,True,Crashes_2010_2019_MPO
101693145,2017-07-03,2017,,94.0,,,0,0,N,0.0,0.0,0.0,,,,,,,,35.92479,-86.87226,False,Crashes_2010_2019_MPO
100567998,2014-07-01,2014,,94.0,,,0,0,N,0.0,0.0,0.0,,,,,,,,35.95725,-86.84337,False,Crashes_2010_2019_MPO
101609886,2017-04-10,2017,,19.0,,,0,0,N,0.0,0.0,0.0,,,,,,,,36.0061,-86.68823,False,Crashes_2010_2019_MPO
101000302,2015-09-16,2015,,19.0,,,0,0,N,0.0,0.0,0.0,,,,,,,,36.0415,-86.78247,False,Crashes_2010_2019_MPO
100252572,2012-11-13,2012,,94.0,,,0,0,N,0.0,0.0,0.0,,,,,,,,35.97402,-86.80513,True,Crashes_2010_2019_MPO
100197814,2012-07-03,2012,,94.0,,,0,0,Y,0.0,0.0,1.0,,,,,,,,35.9932,-86.79825,True,Crashes_2010_2019_MPO
100851064,2015-05-27,2015,,19.0,,,0,0,N,0.0,0.0,0.0,,,,,,,,36.04039,-86.78216,False,Crashes_2010_2019_MPO
100121452,2011-11-29,2011,,94.0,,,0,0,Y,0.0,0.0,1.0,,,,,,,,35.92261,-86.87224,False,Crashes_2010_2019_MPO
102017852,2018-05-20,2018,,94.0,,,0,0,N,0.0,0.0,0.0,,,,,,,,36.01662,-86.78627,True,Crashes_2010_2019_MPO
100504110,2014-05-03,2014,,94.0,,,0,0,N,0.0,0.0,0.0,,,,,,,,36.01249,-86.80111,True,Crashes_2010_2019_MPO
101867805,2017-12-23,2017,,94.0,,,0,0,Y,0.0,0.0,1.0,,,,,,,,35.93256,-86.8239,False,Crashes_2010_2019_MPO
102342789,2019-03-27,2019,,19.0,,,0,0,N,0.0,0.0,0.0,,,,,,,,36.03786,-86.67726,False,Crashes_2010_2019_MPO
100707378,2014-12-15,2014,,94.0,,,0,0,N,0.0,0.0,0.0,,,,,,,,36.01575,-86.82117,True,Crashes_2010_2019_MPO
101123538,2016-02-27,2016,,94.0,,,0,0,N,0.0,0.0,0.0,,,,,,,,35.98072,-86.80279,True,Crashes_2010_2019_MPO
102261560,2018-12-30,2018,,19.0,,,0,0,N,0.0,0.0,0.0,,,,,,,,36.01238,-86.70361,False,Crashes_2010_2019_MPO
101345967,2016-08-25,2016,,94.0,,,0,0,N,0.0,0.0,0.0,,,,,,,,36.03689,-86.81684,True,Crashes_2010_2019_MPO
100441618,2014-02-11,2014,,94.0,,,0,0,N,0.0,0.0,0.0,,,,,,,,35.962,-86.81517,False,Crashes_2010_2019_MPO
102125842,2018-08-29,2018,,94.0,,,0,0,N,0.0,0.0,0.0,,,,,,,,36.0011,-86.7937,True,Crashes_2010_2019_MPO
102371954,2019-04-25,2019,,19.0,,,0,0,N,0.0,0.0,0.0,,,,,,,,36.0415,-86.74862,False,Crashes_2010_2019_MPO
101948411,2018-03-18,2018,,94.0,,,0,0,N,0.0,0.0,0.0,,,,,,,,36.00323,-86.73923,True,Crashes_2010_2019_MPO
102542160,2019-10-18,2019,,94.0,,,0,0,N,0.0,0.0,0.0,,,,,,,,35.98941,-86.74207,True,Crashes_2010_2019_MPO
101732103,2017-08-16,2017,,94.0,,,0,0,N,0.0,0.0,0.0,,,,,,,,35.99357,-86.82904,True,Crashes_2010_2019_MPO
100833922,2015-05-14,2015,,94.0,,,0,0,N,0.0,0.0,0.0,,,,,,,,35.94818,-86.81682,False,Crashes_2010_2019_MPO
102241266,2018-12-10,2018,,94.0,,,0,0,N,0.0,0.0,0.0,,,,,,,,35.94814,-86.81749,False,Crashes_2010_2019_MPO
101434139,2016-11-08,2016,,94.0,,,0,0,N,0.0,0.0,0.0,,,,,,,,35.93994,-86.81669,False,Crashes_2010_2019_MPO
100409700,2013-11-22,2013,,94.0,,,0,0,Y,0.0,0.0,1.0,,,,,,,,35.94761,-86.81992,False,Crashes_2010_2019_MPO
101675340,2017-06-16,2017,,94.0,,,0,0,N,0.0,0.0,0.0,,,,,,,,35.92637,-86.82399,False,Crashes_2010_2019_MPO
100284920,2013-01-28,2013,,94.0,,,0,0,N,0.0,0.0,0.0,,,,,,,,35.96665,-86.80933,True,Crashes_2010_2019_MPO
100921682,2015-08-11,2015,,94.0,,,0,0,Y,0.0,0.0,1.0,,,,,,,,35.96708,-86.81356,True,Crashes_2010_2019_MPO
102226891,2018-11-28,2018,,19.0,,,0,0,N,0.0,0.0,0.0,,,,,,,,35.99675,-86.68972,False,Crashes_2010_2019_MPO
102317707,2019-02-28,2019,,94.0,,,0,0,N,0.0,0.0,0.0,,,,,,,,35.94228,-86.85535,False,Crashes_2010_2019_MPO
101597285,2017-03-29,2017,,94.0,,,0,0,N,0.0,0.0,0.0,,,,,,,,35.94989,-86.81926,False,Crashes_2010_2019_MPO
100659417,2014-10-25,2014,,94.0,,,0,0,N,0.0,0.0,0.0,,,,,,,,35.93113,-86.8198,False,Crashes_2010_2019_MPO
101231435,2016-05-24,2016,,19.0,,,0,0,N,0.0,0.0,0.0,,,,,,,,36.00975,-86.70181,False,Crashes_2010_2019_MPO
100072967,2011-07-12,2011,,94.0,,,0,0,N,0.0,0.0,0.0,,,,,,,,35.9281,-86.7673,False,Crashes_2010_2019_MPO
102234270,2018-12-03,2018,,19.0,,,0,0,N,0.0,0.0,0.0,,,,,,,,36.05366,-86.71502,False,Crashes_2010_2019_MPO
100825078,2015-04-28,2015,,94.0,,,0,0,N,0.0,0.0,0.0,,,,,,,,35.92947,-86.84135,False,Crashes_2010_2019_MPO
101043991,2015-12-05,2015,,94.0,,,0,0,N,0.0,0.0,0.0,,,,,,,,35.96716,-86.81351,True,Crashes_2010_2019_MPO
100852609,2015-05-30,2015,,19.0,,,0,0,N,0.0,0.0,0.0,,,,,,,,36.04131,-86.78249,False,Crashes_2010_2019_MPO
100272743,2012-12-28,2012,,94.0,,,0,0,N,0.0,0.0,0.0,,,,,,,,35.94091,-86.83944,False,Crashes_2010_2019_MPO
101118071,2016-02-18,2016,,94.0,,,0,0,N,0.0,0.0,0.0,,,,,,,,35.95178,-86.81794,False,Crashes_2010_2019_MPO
101818561,2017-11-08,2017,,94.0,,,0,0,N,0.0,0.0,0.0,,,,,,,,35.99922,-86.80923,True,Crashes_2010_2019_MPO
102163669,2018-10-01,2018,,94.0,,,0,0,N,0.0,0.0,0.0,,,,,,,,36.02283,-86.78317,True,Crashes_2010_2019_MPO
101236897,2016-05-31,2016,,94.0,,,0,0,N,0.0,0.0,0.0,,,,,,,,35.94183,-86.82196,False,Crashes_2010_2019_MPO
100155207,2012-03-06,2012,,94.0,,,0,0,N,0.0,0.0,0.0,,,,,,,,36.0053,-86.78967,True,Crashes_2010_2019_MPO
101240021,2016-06-06,2016,,19.0,,,0,0,N,0.0,0.0,0.0,,,,,,,,36.04479,-86.72487,False,Crashes_2010_2019_MPO
102508633,2019-09-13,2019,,19.0,,,0,0,N,0.0,0.0,0.0,,,,,,,,36.0269,-86.68083,False,Crashes_2010_2019_MPO
101870946,2017-12-28,2017,,19.0,,,0,0,N,0.0,0.0,0.0,,,,,,,,36.04528,-86.71718,False,Crashes_2010_2019_MPO
102124405,2018-08-27,2018,,19.0,,,0,0,N,0.0,0.0,0.0,,,,,,,,36.01238,-86.70361,False,Crashes_2010_2019_MPO
101737512,2017-08-21,2017,,19.0,,,0,0,N,0.0,0.0,0.0,,,,,,,,36.04796,-86.86512,False,Crashes_2010_2019_MPO
102136484,2018-09-04,2018,,94.0,,,0,0,N,0.0,0.0,0.0,,,,,,,,35.94978,-86.81329,False,Crashes_2010_2019_MPO
100642864,2014-10-13,2014,,94.0,,,0,0,N,0.0,0.0,0.0,,,,,,,,36.03234,-86.78337,True,Crashes_2010_2019_MPO
100388282,2013-10-07,2013,,94.0,,,0,0,N,0.0,0.0,0.0,,,,,,,,35.99529,-86.77648,True,Crashes_2010_2019_MPO
101852992,2017-12-09,2017,,94.0,,,0,0,N,0.0,0.0,0.0,,,,,,,,35.92825,-86.76739,False,Crashes_2010_2019_MPO
100369258,2013-08-14,2013,,94.0,,,0,0,N,0.0,0.0,0.0,,,,,,,,35.93116,-86.79419,False,Crashes_2010_2019_MPO
101667571,2017-06-08,2017,,19.0,,,0,0,N,0.0,0.0,0.0,,,,,,,,36.03456,-86.74355,False,Crashes_2010_2019_MPO
100978211,2015-10-13,2015,,19.0,,,0,0,N,0.0,0.0,0.0,,,,,,,,36.04424,-86.71313,False,Crashes_2010_2019_MPO
101187417,2016-05-04,2016,,94.0,,,0,0,N,0.0,0.0,0.0,,,,,,,,35.96408,-86.81603,True,Crashes_2010_2019_MPO
102379049,2019-05-03,2019,,19.0,,,0,0,N,0.0,0.0,0.0,,,,,,,,36.04553,-86.71159,False,Crashes_2010_2019_MPO
101426008,2016-10-29,2016,,19.0,,,0,0,N,0.0,0.0,0.0,,,,,,,,36.03906,-86.78246,False,Crashes_2010_2019_MPO
101005906,2015-11-09,2015,,94.0,,,0,0,N,0.0,0.0,0.0,,,,,,,,36.02515,-86.7892,True,Crashes_2010_2019_MPO
101103054,2016-02-10,2016,,19.0,,,0,0,N,0.0,0.0,0.0,,,,,,,,36.03994,-86.74246,False,Crashes_2010_2019_MPO
102531768,2019-10-07,2019,,94.0,,,0,0,N,0.0,0.0,0.0,,,,,,,,36.03321,-86.7888,True,Crashes_2010_2019_MPO
100770157,2015-03-10,2015,,94.0,,,0,0,N,0.0,0.0,0.0,,,,,,,,35.99156,-86.79881,True,Crashes_2010_2019_MPO
102560772,2019-11-07,2019,,94.0,,,0,0,N,0.0,0.0,0.0,,,,,,,,35.9969,-86.77906,True,Crashes_2010_2019_MPO
101316034,2016-07-29,2016,,94.0,,,0,0,N,0.0,0.0,0.0,,,,,,,,36.03287,-86.79835,True,Crashes_2010_2019_MPO