mstrrecnbr,collision_ts,year,county,countystat,crash,crash_type,fatalities,non_motorists,commercial,fatal_c,nonmotor_c,truck_c,fatalc,serious_injuries,ped,bike,lighting,weather,first_harmful_event,latitude,longitude,in_city,src_layer
101003677,2015-11-05,2015,,94.0,,,0,0,N,0.0,0.0,0.0,,,,,,,,36.01463,-86.74271,True,Crashes_2010_2019_MPO
100425216,2013-12-27,2013,,19.0,,,0,0,N,0.0,0.0,0.0,,,,,,,,36.02641,-86.87851,False,Crashes_2010_2019_MPO
101273817,2016-06-27,2016,,94.0,,,0,0,N,0.0,0.0,0.0,,,,,,,,35.97285,-86.83664,False,Crashes_2010_2019_MPO
101859579,2017-12-15,2017,,94.0,,,0,0,N,0.0,0.0,0.0,,,,,,,,35.9247,-86.87219,False,Crashes_2010_2019_MPO
101927845,2018-02-26,2018,,94.0,,,0,0,N,0.0,0.0,0.0,,,,,,,,35.95107,-86.81826,False,Crashes_2010_2019_MPO
100589731,2014-07-31,2014,,94.0,,,0,0,N,0.0,0.0,0.0,,,,,,,,35.93769,-86.70336,False,Crashes_2010_2019_MPO
102425398,2019-06-21,2019,,94.0,,,0,0,N,0.0,0.0,0.0,,,,,,,,36.0151,-86.7358,False,Crashes_2010_2019_MPO
102033488,2018-06-01,2018,,94.0,,,0,0,N,0.0,0.0,0.0,,,,,,,,35.946,-86.81949,False,Crashes_2010_2019_MPO
100376154,2013-09-06,2013,,94.0,,,0,0,Y,0.0,0.0,1.0,,,,,,,,35.97735,-86.75226,True,Crashes_2010_2019_MPO
101004131,2015-11-06,2015,,19.0,,,0,0,N,0.0,0.0,0.0,,,,,,,,36.03994,-86.74242,False,Crashes_2010_2019_MPO
10430152,2010-09-13,2010,,19.0,,,0,0, ,0.0,0.0,0.0,,,,,,,,36.052594,-86.77505,False,Crashes_2010_2019_MPO
101107461,2016-02-17,2016,,19.0,,,0,0,N,0.0,0.0,0.0,,,,,,,,36.02186,-86.71179,False,Crashes_2010_2019_MPO
100872747,2015-06-18,2015,,19.0,,,0,0,N,0.0,0.0,0.0,,,,,,,,36.04519,-86.71592,False,Crashes_2010_2019_MPO
100882223,2015-07-06,2015,,94.0,,,0,0,N,0.0,0.0,0.0,,,,,,,,35.94979,-86.79975,False,Crashes_2010_2019_MPO
101704243,2017-07-17,2017,,94.0,,,0,0,N,0.0,0.0,0.0,,,,,,,,35.99004,-86.74528,True,Crashes_2010_2019_MPO
101890078,2018-01-18,2018,,94.0,,,0,0,N,0.0,0.0,0.0,,,,,,,,35.96738,-86.8084,True,Crashes_2010_2019_MPO
101181974,2016-04-26,2016,,94.0,,,0,0,N,0.0,0.0,0.0,,,,,,,,35.964138,-86.816315,True,Crashes_2010_2019_MPO
100920819,2015-08-10,2015,,94.0,,,0,0,N,0.0,0.0,0.0,,,,,,,,35.93206,-86.86279,False,Crashes_2010_2019_MPO
10817804,2013-01-12,2013,,19.0,,,0,0, ,0.0,0.0,0.0,,,,,,,,36.04473,-86.68665,False,Crashes_2010_2019_MPO
102398888,2019-05-24,2019,,94.0,,,0,0,N,0.0,0.0,0.0,,,,,,,,35.94612,-86.82346,False,Crashes_2010_2019_MPO
100154320,2012-03-03,2012,,94.0,,,0,0,N,0.0,0.0,0.0,,,,,,,,36.03093,-86.78699,True,Crashes_2010_2019_MPO
101071121,2015-12-31,2015,,94.0,,,0,0,N,0.0,0.0,0.0,,,,,,,,35.95005,-86.81905,False,Crashes_2010_2019_MPO
101844268,2017-12-01,2017,,94.0,,,0,0,N,0.0,0.0,0.0,,,,,,,,35.94631,-86.8236,False,Crashes_2010_2019_MPO
102475779,2019-08-12,2019,,19.0,,,0,0,N,0.0,0.0,0.0,,,,,,,,36.0473,-86.86273,False,Crashes_2010_2019_MPO
102570499,2019-11-16,2019,,19.0,,,0,0,N,0.0,0.0,0.0,,,,,,,,36.04021,-86.78058,False,Crashes_2010_2019_MPO
101934064,2018-03-04,2018,,94.0,,,0,0,N,0.0,0.0,0.0,,,,,,,,35.93055,-86.8537,False,Crashes_2010_2019_MPO
100545163,2014-05-30,2014,,94.0,,,0,0,N,0.0,0.0,0.0,,,,,,,,36.0143,-86.7856,True,Crashes_2010_2019_MPO
100752492,2015-02-24,2015,,94.0,,,0,0,N,0.0,0.0,0.0,,,,,,,,35.94875,-86.81988,False,Crashes_2010_2019_MPO
102477683,2019-08-14,2019,,19.0,,,0,0,N,0.0,0.0,0.0,,,,,,,,36.03407,-86.78316,True,Crashes_2010_2019_MPO
100591189,2014-08-04,2014,,94.0,,,0,0,N,0.0,0.0,0.0,,,,,,,,35.97311,-86.83047,True,Crashes_2010_2019_MPO
102180745,2018-10-16,2018,,94.0,,,0,0,N,0.0,0.0,0.0,,,,,,,,35.9625,-86.80167,True,Crashes_2010_2019_MPO
100373975,2013-08-30,2013,,94.0,,,0,0,N,0.0,0.0,0.0,,,,,,,,35.94403,-86.81256,False,Crashes_2010_2019_MPO
100734197,2015-02-07,2015,,94.0,,,0,0,N,0.0,0.0,0.0,,,,,,,,35.94632,-86.8236,False,Crashes_2010_2019_MPO
100996601,2015-10-26,2015,,94.0,,,0,0,Y,0.0,0.0,1.0,,,,,,,,35.93497,-86.7765,False,Crashes_2010_2019_MPO
102559123,2019-11-05,2019,,94.0,,,0,0,N,0.0,0.0,0.0,,,,,,,,35.94585,-86.80867,False,Crashes_2010_2019_MPO
101802004,2017-10-24,2017,,94.0,,,0,0,N,0.0,0.0,0.0,,,,,,,,35.95386,-86.81186,False,Crashes_2010_2019_MPO
102293422,2019-01-31,2019,,19.0,,,0,0,N,0.0,0.0,0.0,,,,,,,,36.04393,-86.6933,False,Crashes_2010_2019_MPO
101315195,2016-07-28,2016,,94.0,,,0,0,N,0.0,0.0,0.0,,,,,,,,35.94703,-86.82191,False,Crashes_2010_2019_MPO
101130608,2016-03-09,2016,,19.0,,,0,0,Y,0.0,0.0,1.0,,,,,,,,36.03772,-86.79475,False,Crashes_2010_2019_MPO
102119739,2018-08-23,2018,,19.0,,,0,0,N,0.0,0.0,0.0,,,,,,,,36.03948,-86.78177,False,Crashes_2010_2019_MPO
102305095,2019-02-13,2019,,94.0,,,0,0,N,0.0,0.0,0.0,,,,,,,,35.92417,-86.8757,False,Crashes_2010_2019_MPO
100594366,2014-08-11,2014,,94.0,,,0,0,N,0.0,0.0,0.0,,,,,,,,36.02954,-86.79081,True,Crashes_2010_2019_MPO
101234307,2016-05-27,2016,,94.0,,,0,0,N,0.0,0.0,0.0,,,,,,,,35.94172,-86.82131,False,Crashes_2010_2019_MPO
102016202,2018-05-19,2018,,19.0,,,0,0,N,0.0,0.0,0.0,,,,,,,,36.03996,-86.78092,False,Crashes_2010_2019_MPO
101633511,2017-05-03,2017,,19.0,,,0,0,N,0.0,0.0,0.0,,,,,,,,36.03907,-86.78246,False,Crashes_2010_2019_MPO
101362677,2016-09-16,2016,,19.0,,,0,0,N,0.0,0.0,0.0,,,,,,,,36.04028,-86.76837,False,Crashes_2010_2019_MPO
101149156,2016-03-23,2016,,19.0,,,0,0,N,0.0,0.0,0.0,,,,,,,,36.03942,-86.74343,False,Crashes_2010_2019_MPO
101196757,2016-05-17,2016,,94.0,,,0,0,N,0.0,0.0,0.0,,,,,,,,35.98524,-86.72912,True,Crashes_2010_2019_MPO
102579338,2019-11-25,2019,,19.0,,,0,0,Y,0.0,0.0,1.0,,,,,,,,36.054,-86.77514,False,Crashes_2010_2019_MPO
102230861,2018-11-30,2018,,94.0,,,0,0,N,0.0,0.0,0.0,,,,,,,,35.96753,-86.81648,True,Crashes_2010_2019_MPO
100941444,2015-08-29,2015,,94.0,,,0,0,N,0.0,0.0,0.0,,,,,,,,35.97156,-86.82597,False,Crashes_2010_2019_MPO
101269627,2016-06-20,2016,,19.0,,,0,0,N,0.0,0.0,0.0,,,,,,,,36.04521,-86.70364,False,Crashes_2010_2019_MPO
100468040,2014-03-24,2014,,94.0,,,0,0,N,0.0,0.0,0.0,,,,,,,,35.93749,-86.7692,False,Crashes_2010_2019_MPO
102266180,2018-12-17,2018,,94.0,,,0,0,N,0.0,0.0,0.0,,,,,,,,36.03122,-86.87558,False,Crashes_2010_2019_MPO
101272433,2016-06-22,2016,,19.0,,,0,0,N,0.0,0.0,0.0,,,,,,,,36.01032,-86.70216,False,Crashes_2010_2019_MPO
101895285,2018-01-23,2018,,94.0,,,0,0,N,0.0,0.0,0.0,,,,,,,,35.97765,-86.77678,True,Crashes_2010_2019_MPO
101269691,2016-06-20,2016,,94.0,,,0,0,N,0.0,0.0,0.0,,,,,,,,35.97747,-86.82425,True,Crashes_2010_2019_MPO
100666002,2014-11-06,2014,,94.0,,,0,0,N,0.0,0.0,0.0,,,,,,,,35.94882,-86.80748,False,Crashes_2010_2019_MPO
101759679,2017-09-13,2017,,94.0,,,0,0,N,0.0,0.0,0.0,,,,,,,,35.94687,-86.85168,False,Crashes_2010_2019_MPO
101774857,2017-09-28,2017,,19.0,,,0,0,N,0.0,0.0,0.0,,,,,,,,36.03821,-86.8009,False,Crashes_2010_2019_MPO
100346245,2013-06-24,2013,,94.0,,,0,0,N,0.0,0.0,0.0,,,,,,,,35.99617,-86.82861,True,Crashes_2010_2019_MPO
101612739,2017-04-13,2017,,94.0,,,0,0,N,0.0,0.0,0.0,,,,,,,,35.99473,-86.77875,True,Crashes_2010_2019_MPO
101033504,2015-11-20,2015,,19.0,,,0,0,N,0.0,0.0,0.0,,,,,,,,36.03085,-86.74826,False,Crashes_2010_2019_MPO
101438306,2016-11-11,2016,,94.0,,,0,0,N,0.0,0.0,0.0,,,,,,,,35.94612,-86.82346,False,Crashes_2010_2019_MPO
101121944,2016-02-24,2016,,94.0,,,0,0,N,0.0,0.0,0.0,,,,,,,,35.95531,-86.8264,False,Crashes_2010_2019_MPO
102327986,2019-03-12,2019,,19.0,,,0,0,N,0.0,0.0,0.0,,,,,,,,36.01563,-86.70585,False,Crashes_2010_2019_MPO
101320947,2016-08-05,2016,,94.0,,,0,0,N,0.0,0.0,0.0,,,,,,,,35.9361,-86.87851,False,Crashes_2010_2019_MPO
101576650,2017-03-08,2017,,94.0,,,0,0,N,0.0,0.0,0.0,,,,,,,,36.03384,-86.78845,True,Crashes_2010_2019_MPO
100818961,2015-04-16,2015,,19.0,,,0,0,N,0.0,0.0,0.0,,,,,,,,36.0391,-86.72967,False,Crashes_2010_2019_MPO
101472714,2016-11-29,2016,,94.0,,,0,0,N,0.0,0.0,0.0,,,,,,,,36.01575,-86.82116,True,Crashes_2010_2019_MPO
100433059,2014-01-20,2014,,94.0,,,0,0,N,0.0,0.0,0.0,,,,,,,,36.0315,-86.79012,True,Crashes_2010_2019_MPO
101468690,2016-12-05,2016,,94.0,,,0,0,N,0.0,0.0,0.0,,,,,,,,35.95594,-86.83223,False,Crashes_2010_2019_MPO
100239079,2012-10-15,2012,,94.0,,,0,1,N,0.0,1.0,0.0,,,,,,,,35.99781,-86.79885,True,Crashes_2010_2019_MPO
102575803,2019-11-22,2019,,94.0,,,0,0,N,0.0,0.0,0.0,,,,,,,,35.99638,-86.78756,True,Crashes_2010_2019_MPO
102472689,2019-08-09,2019,,94.0,,,0,0,N,0.0,0.0,0.0,,,,,,,,35.965,-86.79436,True,Crashes_2010_2019_MPO
101903527,2018-02-01,2018,,94.0,,,0,0,N,0.0,0.0,0.0,,,,,,,,36.03479,-86.78331,True,Crashes_2010_2019_MPO
102241852,2018-12-10,2018,,94.0,,,0,0,N,0.0,0.0,0.0,,,,,,,,36.00522,-86.79007,True,Crashes_2010_2019_MPO
101457751,2016-11-19,2016,,94.0,,,0,0,N,0.0,0.0,0.0,,,,,,,,35.93841,-86.81749,False,Crashes_2010_2019_MPO
101390368,2016-09-18,2016,,94.0,,,0,0,N,0.0,0.0,0.0,,,,,,,,35.99655,-86.78902,True,Crashes_2010_2019_MPO
102380640,2019-05-03,2019,,94.0,,,0,0,N,0.0,0.0,0.0,,,,,,,,35.94295,-86.8002,False,Crashes_2010_2019_MPO
102458960,2019-07-26,2019,,19.0,,,0,0,N,0.0,0.0,0.0,,,,,,,,36.0243,-86.74239,False,Crashes_2010_2019_MPO
101819617,2017-11-09,2017,,94.0,,,0,0,N,0.0,0.0,0.0,,,,,,,,35.92673,-86.87005,False,Crashes_2010_2019_MPO
101704783,2017-07-18,2017,,94.0,,,0,0,N,0.0,0.0,0.0,,,,,,,,35.93065,-86.86384,False,Crashes_2010_2019_MPO
100755675,2015-02-26,2015,,94.0,,,0,0,N,0.0,0.0,0.0,,,,,,,,35.93206,-86.80172,False,Crashes_2010_2019_MPO
102473716,2019-08-10,2019,,19.0,,,0,0,N,0.0,0.0,0.0,,,,,,,,36.04114,-86.77621,False,Crashes_2010_2019_MPO
101234993,2016-05-23,2016,,19.0,,,0,0,N,0.0,0.0,0.0,,,,,,,,36.03991,-86.74207,False,Crashes_2010_2019_MPO
101452071,2016-11-16,2016,,94.0,,,0,0,N,0.0,0.0,0.0,,,,,,,,35.95505,-86.76698,True,Crashes_2010_2019_MPO
100771591,2015-03-13,2015,,19.0,,,0,0,N,0.0,0.0,0.0,,,,,,,,36.04143,-86.71276,False,Crashes_2010_2019_MPO
101567381,2017-02-25,2017,,94.0,,,0,0,Y,0.0,0.0,1.0,,,,,,,,35.96716,-86.81351,True,Crashes_2010_2019_MPO
101128056,2016-03-05,2016,,94.0,,,0,0,N,0.0,0.0,0.0,,,,,,,,36.01574,-86.82082,True,Crashes_2010_2019_MPO
101486727,2016-12-24,2016,,94.0,,,0,0,N,0.0,0.0,0.0,,,,,,,,35.94631,-86.8236,False,Crashes_2010_2019_MPO
100696259,2014-11-23,2014,,19.0,,,0,0,N,0.0,0.0,0.0,,,,,,,,36.00862,-86.69424,False,Crashes_2010_2019_MPO
101601621,2017-04-02,2017,,19.0,,,0,0,N,0.0,0.0,0.0,,,,,,,,36.04068,-86.72693,False,Crashes_2010_2019_MPO
100640643,2014-10-09,2014,,94.0,,,0,0,N,0.0,0.0,0.0,,,,,,,,35.94775,-86.81934,False,Crashes_2010_2019_MPO
101810506,2017-10-31,2017,,19.0,,,0,0,N,0.0,0.0,0.0,,,,,,,,36.0398,-86.74345,False,Crashes_2010_2019_MPO
101636383,2017-05-06,2017,,19.0,,,0,0,N,0.0,0.0,0.0,,,,,,,,36.00016,-86.68931,False,Crashes_2010_2019_MPO
101155517,2016-04-01,2016,,19.0,,,0,0,N,0.0,0.0,0.0,,,,,,,,36.04519,-86.71541,False,Crashes_2010_2019_MPO
101690196,2017-07-02,2017,,19.0,,,0,0,N,0.0,0.0,0.0,,,,,,,,36.04226,-86.83154,False,Crashes_2010_2019_MPO
100712949,2014-12-26,2014,,94.0,,,0,0,N,0.0,0.0,0.0,,,,,,,,35.96761,-86.81343,True,Crashes_2010_2019_MPO
102161620,2018-09-29,2018,,19.0,,,0,0,N,0.0,0.0,0.0,,,,,,,,36.04476,-86.7811,False,Crashes_2010_2019_MPO
100918451,2015-08-06,2015,,19.0,,,0,0,N,0.0,0.0,0.0,,,,,,,,36.05087,-86.69813,False,Crashes_2010_2019_MPO
101754527,2017-09-08,2017,,19.0,,,0,0,N,0.0,0.0,0.0,,,,,,,,36.01613,-86.68127,False,Crashes_2010_2019_MPO
101920487,2018-02-19,2018,,94.0,,,0,0,N,0.0,0.0,0.0,,,,,,,,35.966703,-86.80913,True,Crashes_2010_2019_MPO
101480182,2016-12-17,2016,,94.0,,,0,0,N,0.0,0.0,0.0,,,,,,,,35.96529,-86.79705,True,Crashes_2010_2019_MPO
100826634,2015-05-01,2015,,19.0,,,0,0,N,0.0,0.0,0.0,,,,,,,,36.03863,-86.7324,False,Crashes_2010_2019_MPO
101990335,2018-04-26,2018,,94.0,,,0,0,N,0.0,0.0,0.0,,,,,,,,35.96133,-86.81226,False,Crashes_2010_2019_MPO
101610634,2017-04-11,2017,,19.0,,,0,0,N,0.0,0.0,0.0,,,,,,,,36.04298,-86.8421,False,Crashes_2010_2019_MPO
102521009,2019-09-26,2019,,94.0,,,0,0,N,0.0,0.0,0.0,,,,,,,,35.94044,-86.83142,False,Crashes_2010_2019_MPO
100796994,2015-03-24,2015,,94.0,,,0,0,N,0.0,0.0,0.0,,,,,,,,36.03614,-86.79516,True,Crashes_2010_2019_MPO
100296156,2013-02-23,2013,,94.0,,,0,0,N,0.0,0.0,0.0,,,,,,,,35.9265,-86.82535,False,Crashes_2010_2019_MPO
102323475,2019-03-06,2019,,94.0,,,0,0,N,0.0,0.0,0.0,,,,,,,,35.96662,-86.80919,True,Crashes_2010_2019_MPO
100710861,2014-12-21,2014,,19.0,,,0,0,N,0.0,0.0,0.0,,,,,,,,36.04146,-86.74381,False,Crashes_2010_2019_MPO
100973512,2015-10-05,2015,,19.0,,,0,0,N,0.0,0.0,0.0,,,,,,,,36.03768,-86.78489,False,Crashes_2010_2019_MPO
101570744,2017-03-02,2017,,94.0,,,0,0,N,0.0,0.0,0.0,,,,,,,,35.96176,-86.81209,False,Crashes_2010_2019_MPO
101928468,2018-02-22,2018,,94.0,,,0,0,N,0.0,0.0,0.0,,,,,,,,35.94742,-86.81968,False,Crashes_2010_2019_MPO
101986927,2018-04-23,2018,,94.0,,,0,0,N,0.0,0.0,0.0,,,,,,,,36.01489,-86.79933,True,Crashes_2010_2019_MPO
100564583,2014-06-23,2014,,94.0,,,0,0,N,0.0,0.0,0.0,,,,,,,,35.9261,-86.8714,False,Crashes_2010_2019_MPO
100694975,2014-11-22,2014,,19.0,,,0,0,N,0.0,0.0,0.0,,,,,,,,36.04762,-86.7524,False,Crashes_2010_2019_MPO
101398250,2016-10-07,2016,,94.0,,,0,0,N,0.0,0.0,0.0,,,,,,,,36.03327,-86.7839,True,Crashes_2010_2019_MPO
101500979,2017-01-10,2017,,19.0,,,0,0,N,0.0,0.0,0.0,,,,,,,,36.04546,-86.71227,False,Crashes_2010_2019_MPO
101831650,2017-11-20,2017,,19.0,,,0,0,N,0.0,0.0,0.0,,,,,,,,36.0481,-86.73169,False,Crashes_2010_2019_MPO
100311039,2013-04-02,2013,,94.0,,,0,0,N,0.0,0.0,0.0,,,,,,,,35.99743,-86.79551,True,Crashes_2010_2019_MPO
101675147,2017-06-16,2017,,19.0,,,0,0,N,0.0,0.0,0.0,,,,,,,,36.04581,-86.71331,False,Crashes_2010_2019_MPO
100753993,2015-02-26,2015,,94.0,,,0,0,N,0.0,0.0,0.0,,,,,,,,35.9512,-86.8126,False,Crashes_2010_2019_MPO
100936759,2015-08-20,2015,,94.0,,,0,0,N,0.0,0.0,0.0,,,,,,,,35.94978,-86.81329,False,Crashes_2010_2019_MPO
102208184,2018-11-11,2018,,19.0,,,0,0,N,0.0,0.0,0.0,,,,,,,,35.99687,-86.68989,False,Crashes_2010_2019_MPO
102477527,2019-08-14,2019,,19.0,,,0,0,N,0.0,0.0,0.0,,,,,,,,36.05075,-86.87919,False,Crashes_2010_2019_MPO
101649164,2017-05-19,2017,,19.0,,,0,0,N,0.0,0.0,0.0,,,,,,,,36.04,-86.74331,False,Crashes_2010_2019_MPO
101621215,2017-04-21,2017,,94.0,,,0,0,N,0.0,0.0,0.0,,,,,,,,35.93549,-86.82393,False,Crashes_2010_2019_MPO
100435176,2014-01-26,2014,,94.0,,,0,0,N,0.0,0.0,0.0,,,,,,,,35.99456,-86.76751,True,Crashes_2010_2019_MPO
101457826,2016-11-23,2016,,94.0,,,0,0,N,0.0,0.0,0.0,,,,,,,,35.96588,-86.80316,True,Crashes_2010_2019_MPO
102592696,2019-12-09,2019,,94.0,,,0,0,N,0.0,0.0,0.0,,,,,,,,36.03016,-86.79048,True,Crashes_2010_2019_MPO
101468444,2016-12-05,2016,,94.0,,,0,0,N,0.0,0.0,0.0,,,,,,,,36.02219,-86.78304,True,Crashes_2010_2019_MPO
100752629,2015-02-24,2015,,94.0,,,0,0,N,0.0,0.0,0.0,,,,,,,,35.99508,-86.8114,True,Crashes_2010_2019_MPO
101553057,2017-02-13,2017,,94.0,,,0,0,N,0.0,0.0,0.0,,,,,,,,35.93306,-86.81126,False,Crashes_2010_2019_MPO
101358611,2016-09-10,2016,,94.0,,,0,0,N,0.0,0.0,0.0,,,,,,,,35.93681,-86.87869,False,Crashes_2010_2019_MPO
102408981,2019-06-03,2019,,94.0,,,0,0,N,0.0,0.0,0.0,,,,,,,,36.03327,-86.7839,True,Crashes_2010_2019_MPO
100403902,2013-11-12,2013,,94.0,,,0,0,N,0.0,0.0,0.0,,,,,,,,36.03093,-86.78699,True,Crashes_2010_2019_MPO
101496351,2017-01-05,2017,,94.0,,,0,0,N,0.0,0.0,0.0,,,,,,,,35.93171,-86.86305,False,Crashes_2010_2019_MPO
102085155,2018-07-24,2018,,94.0,,,0,0,N,0.0,0.0,0.0,,,,,,,,36.01392,-86.71935,False,Crashes_2010_2019_MPO
102330545,2019-03-14,2019,,19.0,,,0,0,N,0.0,0.0,0.0,,,,,,,,36.0385,-86.72398,False,Crashes_2010_2019_MPO
102169748,2018-10-07,2018,,19.0,,,0,0,N,0.0,0.0,0.0,,,,,,,,36.04537,-86.71326,False,Crashes_2010_2019_MPO
101838743,2017-11-25,2017,,94.0,,,0,0,N,0.0,0.0,0.0,,,,,,,,35.9912,-86.68349,False,Crashes_2010_2019_MPO
100326454,2013-05-08,2013,,94.0,,,0,0,N,0.0,0.0,0.0,,,,,,,,35.9261,-86.8714,False,Crashes_2010_2019_MPO
101633793,2017-05-03,2017,,94.0,,,0,0,N,0.0,0.0,0.0,,,,,,,,35.92972,-86.82026,False,Crashes_2010_2019_MPO
101491242,2016-12-30,2016,,94.0,,,0,0,N,0.0,0.0,0.0,,,,,,,,36.03336,-86.78872,True,Crashes_2010_2019_MPO
101569947,2017-02-28,2017,,94.0,,,0,0,N,0.0,0.0,0.0,,,,,,,,35.95813,-86.80261,False,Crashes_2010_2019_MPO
100126766,2011-12-13,2011,,94.0,,,0,0,N,0.0,0.0,0.0,,,,,,,,36.0343,-86.79174,True,Crashes_2010_2019_MPO
100351658,2013-07-07,2013,,94.0,,,0,0,N,0.0,0.0,0.0,,,,,,,,35.93315,-86.85254,False,Crashes_2010_2019_MPO
100753374,2015-02-26,2015,,19.0,,,0,0,N,0.0,0.0,0.0,,,,,,,,36.01201,-86.70455,False,Crashes_2010_2019_MPO
100879012,2015-06-29,2015,,94.0,,,0,0,N,0.0,0.0,0.0,,,,,,,,35.93769,-86.82135,False,Crashes_2010_2019_MPO
101805146,2017-10-27,2017,,94.0,,,0,0,N,0.0,0.0,0.0,,,,,,,,36.01806,-86.75664,True,Crashes_2010_2019_MPO
100802897,2015-04-05,2015,,19.0,,,0,0,N,0.0,0.0,0.0,,,,,,,,36.05364,-86.71508,False,Crashes_2010_2019_MPO
100364304,2013-08-08,2013,,94.0,,,0,0,N,0.0,0.0,0.0,,,,,,,,35.96131,-86.80179,True,Crashes_2010_2019_MPO
102430214,2019-06-27,2019,,19.0,,,0,0,N,0.0,0.0,0.0,,,,,,,,36.04059,-86.77107,False,Crashes_2010_2019_MPO
102191838,2018-10-27,2018,,19.0,,,0,0,N,0.0,0.0,0.0,,,,,,,,36.04057,-86.77091,False,Crashes_2010_2019_MPO
100923831,2015-08-15,2015,,19.0,,,0,0,N,0.0,0.0,0.0,,,,,,,,36.05107,-86.71982,False,Crashes_2010_2019_MPO
102470968,2019-08-07,2019,,19.0,,,0,0,N,0.0,0.0,0.0,,,,,,,,36.04685,-86.67941,False,Crashes_2010_2019_MPO
101197104,2016-05-18,2016,,19.0,,,0,0,N,0.0,0.0,0.0,,,,,,,,36.01108,-86.70269,False,Crashes_2010_2019_MPO
102346807,2019-03-29,2019,,94.0,,,0,0,N,0.0,0.0,0.0,,,,,,,,35.97692,-86.84025,False,Crashes_2010_2019_MPO
102042631,2018-06-14,2018,,94.0,,,0,0,N,0.0,0.0,0.0,,,,,,,,35.9961,-86.7976,True,Crashes_2010_2019_MPO
100799212,2015-03-29,2015,,94.0,,,0,0,N,0.0,0.0,0.0,,,,,,,,35.97962,-86.8622,False,Crashes_2010_2019_MPO
101480137,2016-12-17,2016,,94.0,,,0,0,N,0.0,0.0,0.0,,,,,,,,35.93219,-86.79405,False,Crashes_2010_2019_MPO
100940770,2015-08-28,2015,,19.0,,,0,0,N,0.0,0.0,0.0,,,,,,,,36.05151,-86.71436,False,Crashes_2010_2019_MPO
102521215,2019-09-26,2019,,94.0,,,0,0,N,0.0,0.0,0.0,,,,,,,,36.03405,-86.79084,True,Crashes_2010_2019_MPO
101944206,2018-03-14,2018,,19.0,,,0,0,N,0.0,0.0,0.0,,,,,,,,36.04319,-86.84323,False,Crashes_2010_2019_MPO
100882765,2015-07-07,2015,,19.0,,,0,0,N,0.0,0.0,0.0,,,,,,,,36.04333,-86.6892,False,Crashes_2010_2019_MPO
101720849,2017-08-04,2017,,94.0,,,0,0,N,0.0,0.0,0.0,,,,,,,,35.99249,-86.82849,True,Crashes_2010_2019_MPO
101915005,2018-02-07,2018,,94.0,,,0,0,N,0.0,0.0,0.0,,,,,,,,35.9516,-86.73792,True,Crashes_2010_2019_MPO
101612162,2017-04-12,2017,,19.0,,,0,0,N,0.0,0.0,0.0,,,,,,,,36.0465,-86.67783,False,Crashes_2010_2019_MPO
102308010,2019-02-10,2019,,94.0,,,0,0,N,0.0,0.0,0.0,,,,,,,,35.94336,-86.82064,False,Crashes_2010_2019_MPO
102564413,2019-11-10,2019,,19.0,,,0,0,N,0.0,0.0,0.0,,,,,,,,36.04597,-86.71638,False,Crashes_2010_2019_MPO
100925659,2015-08-18,2015,,94.0,,,0,0,N,0.0,0.0,0.0,,,,,,,,35.94632,-86.8236,False,Crashes_2010_2019_MPO
100410995,2013-11-25,2013,,94.0,,,0,0,N,0.0,0.0,0.0,,,,,,,,35.97776,-86.80359,True,Crashes_2010_2019_MPO
102215549,2018-11-18,2018,,94.0,,,0,0,N,0.0,0.0,0.0,,,,,,,,35.966696,-86.80916,True,Crashes_2010_2019_MPO
100385020,2013-09-28,2013,,94.0,,,0,0,N,0.0,0.0,0.0,,,,,,,,35.96074,-86.81286,False,Crashes_2010_2019_MPO
100427313,2014-01-04,2014,,94.0,,,0,0,N,0.0,0.0,0.0,,,,,,,,36.02435,-86.78611,True,Crashes_2010_2019_MPO
101663886,2017-06-03,2017,,19.0,,,0,0,N,0.0,0.0,0.0,,,,,,,,36.05062,-86.73782,False,Crashes_2010_2019_MPO
101469377,2016-12-06,2016,,94.0,,,0,0,N,0.0,0.0,0.0,,,,,,,,35.94773,-86.81934,False,Crashes_2010_2019_MPO
100885171,2015-07-12,2015,,94.0,,,0,0,N,0.0,0.0,0.0,,,,,,,,35.99323,-86.69732,True,Crashes_2010_2019_MPO
100596079,2014-08-15,2014,,94.0,,,0,0,N,0.0,0.0,0.0,,,,,,,,35.93224,-86.79418,False,Crashes_2010_2019_MPO
100374792,2013-09-03,2013,,94.0,,,0,0,N,0.0,0.0,0.0,,,,,,,,35.96536,-86.79757,True,Crashes_2010_2019_MPO
101193400,2016-05-12,2016,,19.0,,,0,0,N,0.0,0.0,0.0,,,,,,,,36.05135,-86.68912,False,Crashes_2010_2019_MPO
100769527,2015-03-09,2015,,94.0,,,0,0,N,0.0,0.0,0.0,,,,,,,,36.03239,-86.78196,True,Crashes_2010_2019_MPO
101896776,2018-01-25,2018,,94.0,,,0,0,Y,0.0,0.0,1.0,,,,,,,,36.00789,-86.787,True,Crashes_2010_2019_MPO
102170431,2018-10-07,2018,,94.0,,,0,0,N,0.0,0.0,0.0,,,,,,,,35.9478,-86.69553,False,Crashes_2010_2019_MPO
101533671,2017-01-18,2017,,94.0,,,0,0,N,0.0,0.0,0.0,,,,,,,,35.98579,-86.67995,False,Crashes_2010_2019_MPO
101332974,2016-08-21,2016,,94.0,,,0,0,N,0.0,0.0,0.0,,,,,,,,35.93405,-86.81901,False,Crashes_2010_2019_MPO
101486884,2016-12-25,2016,,19.0,,,0,0,N,0.0,0.0,0.0,,,,,,,,36.04432,-86.78033,False,Crashes_2010_2019_MPO
100925430,2015-08-18,2015,,94.0,,,0,0,N,0.0,0.0,0.0,,,,,,,,35.95669,-86.83926,False,Crashes_2010_2019_MPO
100768702,2015-03-07,2015,,19.0,,,0,0,N,0.0,0.0,0.0,,,,,,,,36.04001,-86.74349,False,Crashes_2010_2019_MPO