mstrrecnbr,collision_ts,year,county,countystat,crash,crash_type,fatalities,non_motorists,commercial,fatal_c,nonmotor_c,truck_c,fatalc,serious_injuries,ped,bike,lighting,weather,first_harmful_event,latitude,longitude,in_city,src_layer
101387679,2016-09-23,2016,,94.0,,,0,0,N,0.0,0.0,0.0,,,,,,,,35.92755,-86.87423,False,Crashes_2010_2019_MPO
102058670,2018-06-30,2018,,19.0,,,0,0,N,0.0,0.0,0.0,,,,,,,,36.04336,-86.70141,False,Crashes_2010_2019_MPO
100228993,2012-09-13,2012,,94.0,,,0,0,N,0.0,0.0,0.0,,,,,,,,36.02156,-86.78706,True,Crashes_2010_2019_MPO
101638476,2017-05-08,2017,,94.0,,,0,0,N,0.0,0.0,0.0,,,,,,,,36.03322,-86.78531,True,Crashes_2010_2019_MPO
101123708,2016-02-26,2016,,94.0,,,0,0,N,0.0,0.0,0.0,,,,,,,,35.95724,-86.81662,False,Crashes_2010_2019_MPO
101994172,2018-04-29,2018,,19.0,,,0,0,N,0.0,0.0,0.0,,,,,,,,36.04046,-86.78017,False,Crashes_2010_2019_MPO
100214402,2012-08-13,2012,,94.0,,,0,0,N,0.0,0.0,0.0,,,,,,,,36.01628,-86.74716,True,Crashes_2010_2019_MPO
101277930,2016-07-01,2016,,94.0,,,0,0,N,0.0,0.0,0.0,,,,,,,,35.96164,-86.80163,True,Crashes_2010_2019_MPO
102142591,2018-09-12,2018,,19.0,,,0,0,N,0.0,0.0,0.0,,,,,,,,36.04887,-86.86846,False,Crashes_2010_2019_MPO
101365994,2016-09-21,2016,,19.0,,,0,0,N,0.0,0.0,0.0,,,,,,,,36.04982,-86.73797,False,Crashes_2010_2019_MPO
101506502,2017-01-16,2017,,94.0,,,0,0,N,0.0,0.0,0.0,,,,,,,,36.03636,-86.8107,True,Crashes_2010_2019_MPO
101970871,2018-04-08,2018,,19.0,,,0,0,N,0.0,0.0,0.0,,,,,,,,36.04542,-86.71835,False,Crashes_2010_2019_MPO
101826680,2017-11-15,2017,,19.0,,,0,0,N,0.0,0.0,0.0,,,,,,,,36.03352,-86.71298,False,Crashes_2010_2019_MPO
101304092,2016-07-26,2016,,94.0,,,0,0,N,0.0,0.0,0.0,,,,,,,,35.96683,-86.81362,True,Crashes_2010_2019_MPO
102380245,2019-05-04,2019,,19.0,,,0,0,N,0.0,0.0,0.0,,,,,,,,36.04002,-86.7436,False,Crashes_2010_2019_MPO
101246479,2016-06-15,2016,,94.0,,,0,0,N,0.0,0.0,0.0,,,,,,,,35.97232,-86.83392,False,Crashes_2010_2019_MPO
101606735,2017-04-07,2017,,19.0,,,0,0,N,0.0,0.0,0.0,,,,,,,,36.04122,-86.77698,False,Crashes_2010_2019_MPO
101468520,2016-12-05,2016,,19.0,,,0,0,N,0.0,0.0,0.0,,,,,,,,36.04441,-86.78039,False,Crashes_2010_2019_MPO
101991969,2018-04-27,2018,,19.0,,,0,0,N,0.0,0.0,0.0,,,,,,,,36.03755,-86.78542,False,Crashes_2010_2019_MPO
100796767,2015-03-24,2015,,19.0,,,0,0,N,0.0,0.0,0.0,,,,,,,,36.0417,-86.74862,False,Crashes_2010_2019_MPO
101484366,2016-12-19,2016,,94.0,,,0,0,N,0.0,0.0,0.0,,,,,,,,35.96544,-86.81409,False,Crashes_2010_2019_MPO
101159229,2016-04-07,2016,,19.0,,,0,0,N,0.0,0.0,0.0,,,,,,,,36.05154,-86.74154,False,Crashes_2010_2019_MPO
102267605,2019-01-05,2019,,19.0,,,0,0,N,0.0,0.0,0.0,,,,,,,,36.03948,-86.78177,False,Crashes_2010_2019_MPO
100949888,2015-09-13,2015,,19.0,,,0,0,N,0.0,0.0,0.0,,,,,,,,36.05048,-86.69935,False,Crashes_2010_2019_MPO
101231990,2016-05-24,2016,,19.0,,,0,0,N,0.0,0.0,0.0,,,,,,,,36.04542,-86.71266,False,Crashes_2010_2019_MPO
100434861,2014-01-25,2014,,94.0,,,0,0,N,0.0,0.0,0.0,,,,,,,,35.95269,-86.81794,False,Crashes_2010_2019_MPO
101802595,2017-10-24,2017,,19.0,,,0,0,N,0.0,0.0,0.0,,,,,,,,36.01925,-86.69913,False,Crashes_2010_2019_MPO
102277473,2019-01-15,2019,,94.0,,,0,0,N,0.0,0.0,0.0,,,,,,,,35.97168,-86.67843,False,Crashes_2010_2019_MPO
100856882,2015-06-07,2015,,94.0,,,0,0,N,0.0,0.0,0.0,,,,,,,,35.99025,-86.79281,True,Crashes_2010_2019_MPO
102492797,2019-08-30,2019,,19.0,,,0,0,N,0.0,0.0,0.0,,,,,,,,36.0454,-86.68545,False,Crashes_2010_2019_MPO
100722009,2015-01-14,2015,,94.0,,,0,0,N,0.0,0.0,0.0,,,,,,,,35.96586,-86.80565,True,Crashes_2010_2019_MPO
101882126,2018-01-09,2018,,94.0,,,0,0,N,0.0,0.0,0.0,,,,,,,,35.96312,-86.81897,True,Crashes_2010_2019_MPO
100880114,2015-07-02,2015,,94.0,,,0,0,N,0.0,0.0,0.0,,,,,,,,36.00222,-86.80765,True,Crashes_2010_2019_MPO
100290413,2013-02-09,2013,,94.0,,,0,0,N,0.0,0.0,0.0,,,,,,,,35.95842,-86.80225,False,Crashes_2010_2019_MPO
101699533,2017-07-12,2017,,94.0,,,0,0,N,0.0,0.0,0.0,,,,,,,,35.96312,-86.81897,True,Crashes_2010_2019_MPO
101564317,2017-02-10,2017,,94.0,,,0,0,N,0.0,0.0,0.0,,,,,,,,35.97137,-86.8058,True,Crashes_2010_2019_MPO
101649142,2017-05-19,2017,,94.0,,,0,0,N,0.0,0.0,0.0,,,,,,,,36.0379,-86.79776,False,Crashes_2010_2019_MPO
100850725,2015-05-26,2015,,94.0,,,0,0,N,0.0,0.0,0.0,,,,,,,,35.98543,-86.73154,True,Crashes_2010_2019_MPO
102250709,2018-12-18,2018,,94.0,,,0,0,N,0.0,0.0,0.0,,,,,,,,35.94583,-86.82453,False,Crashes_2010_2019_MPO
100340828,2013-06-11,2013,,94.0,,,0,0,N,0.0,0.0,0.0,,,,,,,,35.92259,-86.78026,False,Crashes_2010_2019_MPO
102534121,2019-10-10,2019,,94.0,,,0,0,N,0.0,0.0,0.0,,,,,,,,35.94801,-86.81884,False,Crashes_2010_2019_MPO
101074812,2016-01-09,2016,,94.0,,,0,0,N,0.0,0.0,0.0,,,,,,,,36.0068,-86.78027,True,Crashes_2010_2019_MPO
101120611,2016-02-22,2016,,19.0,,,0,0,N,0.0,0.0,0.0,,,,,,,,36.0468,-86.67918,False,Crashes_2010_2019_MPO
100937391,2015-08-21,2015,,94.0,,,0,0,N,0.0,0.0,0.0,,,,,,,,35.96716,-86.81351,True,Crashes_2010_2019_MPO
100595542,2014-08-13,2014,,94.0,,,0,0,N,0.0,0.0,0.0,,,,,,,,35.96708,-86.81356,True,Crashes_2010_2019_MPO
102266539,2019-01-04,2019,,94.0,,,0,0,N,0.0,0.0,0.0,,,,,,,,35.99734,-86.79486,True,Crashes_2010_2019_MPO
101497913,2017-01-06,2017,,19.0,,,0,0,Y,0.0,0.0,1.0,,,,,,,,36.05423,-86.70371,False,Crashes_2010_2019_MPO
101464888,2016-12-01,2016,,19.0,,,0,0,N,0.0,0.0,0.0,,,,,,,,36.04899,-86.71628,False,Crashes_2010_2019_MPO
100353461,2013-07-12,2013,,94.0,,,0,0,N,0.0,0.0,0.0,,,,,,,,35.99666,-86.78991,True,Crashes_2010_2019_MPO
101079470,2016-01-18,2016,,94.0,,,0,0,N,0.0,0.0,0.0,,,,,,,,35.96797,-86.80782,True,Crashes_2010_2019_MPO
101045057,2015-12-08,2015,,19.0,,,0,0,N,0.0,0.0,0.0,,,,,,,,36.04093,-86.77325,False,Crashes_2010_2019_MPO
101881911,2018-01-09,2018,,94.0,,,0,0,N,0.0,0.0,0.0,,,,,,,,35.94358,-86.82047,False,Crashes_2010_2019_MPO
102353247,2019-04-07,2019,,94.0,,,0,0,N,0.0,0.0,0.0,,,,,,,,35.94776,-86.81919,False,Crashes_2010_2019_MPO
100733701,2015-02-07,2015,,19.0,,,0,0,N,0.0,0.0,0.0,,,,,,,,36.05256,-86.68748,False,Crashes_2010_2019_MPO
100939124,2015-08-25,2015,,94.0,,,0,0,N,0.0,0.0,0.0,,,,,,,,35.9518,-86.81259,False,Crashes_2010_2019_MPO
101626681,2017-04-26,2017,,94.0,,,0,0,N,0.0,0.0,0.0,,,,,,,,35.9404,-86.81653,False,Crashes_2010_2019_MPO
101046624,2015-12-10,2015,,94.0,,,0,0,N,0.0,0.0,0.0,,,,,,,,35.96756,-86.81672,True,Crashes_2010_2019_MPO
102463205,2019-07-30,2019,,94.0,,,0,0,N,0.0,0.0,0.0,,,,,,,,35.966737,-86.809116,True,Crashes_2010_2019_MPO
102603515,2019-12-20,2019,,19.0,,,0,0,N,0.0,0.0,0.0,,,,,,,,36.0419,-86.7129,False,Crashes_2010_2019_MPO
100830367,2015-05-08,2015,,19.0,,,0,0,N,0.0,0.0,0.0,,,,,,,,36.04651,-86.68337,False,Crashes_2010_2019_MPO
102241547,2018-12-10,2018,,94.0,,,0,0,N,0.0,0.0,0.0,,,,,,,,35.96562,-86.81146,False,Crashes_2010_2019_MPO
100916536,2015-08-02,2015,,19.0,,,0,0,N,0.0,0.0,0.0,,,,,,,,36.04283,-86.71305,False,Crashes_2010_2019_MPO
102471365,2019-08-08,2019,,94.0,,,0,0,N,0.0,0.0,0.0,,,,,,,,36.03589,-86.78726,True,Crashes_2010_2019_MPO
100426930,2014-01-03,2014,,94.0,,,0,0,N,0.0,0.0,0.0,,,,,,,,35.93707,-86.82279,False,Crashes_2010_2019_MPO
101315929,2016-07-29,2016,,19.0,,,0,0,N,0.0,0.0,0.0,,,,,,,,36.0374,-86.78657,False,Crashes_2010_2019_MPO
101675676,2017-06-16,2017,,94.0,,,0,0,N,0.0,0.0,0.0,,,,,,,,35.93756,-86.76809,False,Crashes_2010_2019_MPO
100854815,2015-06-03,2015,,94.0,,,0,0,N,0.0,0.0,0.0,,,,,,,,36.02969,-86.7882,True,Crashes_2010_2019_MPO
100317624,2013-04-17,2013,,94.0,,,0,0,N,0.0,0.0,0.0,,,,,,,,35.96501,-86.80061,True,Crashes_2010_2019_MPO
101917690,2018-02-16,2018,,94.0,,,0,0,N,0.0,0.0,0.0,,,,,,,,35.9646,-86.80815,False,Crashes_2010_2019_MPO
101561418,2017-02-21,2017,,19.0,,,0,0,N,0.0,0.0,0.0,,,,,,,,36.0399,-86.74188,False,Crashes_2010_2019_MPO
101638429,2017-05-08,2017,,19.0,,,0,0,N,0.0,0.0,0.0,,,,,,,,36.03302,-86.71289,False,Crashes_2010_2019_MPO
100485370,2014-04-12,2014,,94.0,,,0,0,N,0.0,0.0,0.0,,,,,,,,35.92923,-86.84511,False,Crashes_2010_2019_MPO
101626313,2017-04-26,2017,,94.0,,,0,0,N,0.0,0.0,0.0,,,,,,,,35.96461,-86.81464,True,Crashes_2010_2019_MPO
101488798,2016-12-27,2016,,19.0,,,0,0,N,0.0,0.0,0.0,,,,,,,,36.04732,-86.7135,False,Crashes_2010_2019_MPO
101928861,2018-02-27,2018,,94.0,,,0,0,N,0.0,0.0,0.0,,,,,,,,36.031985,-86.8176,True,Crashes_2010_2019_MPO
101491958,2016-12-31,2016,,19.0,,,0,0,N,0.0,0.0,0.0,,,,,,,,36.04479,-86.77982,False,Crashes_2010_2019_MPO
100310951,2013-04-02,2013,,94.0,,,0,0,N,0.0,0.0,0.0,,,,,,,,35.97316,-86.83089,True,Crashes_2010_2019_MPO
102073820,2018-07-11,2018,,94.0,,,0,0,N,0.0,0.0,0.0,,,,,,,,35.99787,-86.79658,True,Crashes_2010_2019_MPO
100388926,2013-10-08,2013,,94.0,,,0,0,N,0.0,0.0,0.0,,,,,,,,35.93461,-86.82012,False,Crashes_2010_2019_MPO
100386688,2013-10-03,2013,,94.0,,,0,0,N,0.0,0.0,0.0,,,,,,,,35.94531,-86.82307,False,Crashes_2010_2019_MPO
101501102,2017-01-09,2017,,94.0,,,0,0,N,0.0,0.0,0.0,,,,,,,,36.01286,-86.80081,True,Crashes_2010_2019_MPO
102503844,2019-09-09,2019,,19.0,,,0,0,N,0.0,0.0,0.0,,,,,,,,36.03734,-86.78715,False,Crashes_2010_2019_MPO
102553904,2019-10-31,2019,,19.0,,,0,0,N,0.0,0.0,0.0,,,,,,,,36.04481,-86.84894,False,Crashes_2010_2019_MPO
102478763,2019-08-15,2019,,19.0,,,0,0,N,0.0,0.0,0.0,,,,,,,,36.04115,-86.77877,False,Crashes_2010_2019_MPO
100936761,2015-08-20,2015,,94.0,,,0,0,N,0.0,0.0,0.0,,,,,,,,35.92546,-86.87275,False,Crashes_2010_2019_MPO
101406180,2016-10-17,2016,,19.0,,,0,0,N,0.0,0.0,0.0,,,,,,,,36.03299,-86.77316,False,Crashes_2010_2019_MPO
101429197,2016-11-01,2016,,94.0,,,0,0,N,0.0,0.0,0.0,,,,,,,,35.98914,-86.70395,True,Crashes_2010_2019_MPO
100833924,2015-05-14,2015,,94.0,,,0,0,N,0.0,0.0,0.0,,,,,,,,35.95388,-86.80428,False,Crashes_2010_2019_MPO
101315650,2016-07-29,2016,,94.0,,,0,0,N,0.0,0.0,0.0,,,,,,,,35.94908,-86.75095,True,Crashes_2010_2019_MPO
101007800,2015-11-12,2015,,94.0,,,0,0,N,0.0,0.0,0.0,,,,,,,,36.04489,-86.86476,True,Crashes_2010_2019_MPO
102065623,2018-07-06,2018,,94.0,,,0,0,N,0.0,0.0,0.0,,,,,,,,35.95914,-86.81542,False,Crashes_2010_2019_MPO
101064361,2015-12-21,2015,,19.0,,,0,0,N,0.0,0.0,0.0,,,,,,,,36.03201,-86.76343,False,Crashes_2010_2019_MPO
101354185,2016-09-05,2016,,94.0,,,0,0,N,0.0,0.0,0.0,,,,,,,,35.96657,-86.8093,True,Crashes_2010_2019_MPO
101462124,2016-11-28,2016,,94.0,,,0,0,N,0.0,0.0,0.0,,,,,,,,35.93544,-86.77542,False,Crashes_2010_2019_MPO
101985997,2018-04-21,2018,,94.0,,,0,0,N,0.0,0.0,0.0,,,,,,,,35.92609,-86.87139,False,Crashes_2010_2019_MPO
100879212,2015-07-01,2015,,94.0,,,0,0,N,0.0,0.0,0.0,,,,,,,,35.99735,-86.79484,True,Crashes_2010_2019_MPO
101806980,2017-10-28,2017,,94.0,,,0,0,N,0.0,0.0,0.0,,,,,,,,35.93756,-86.76809,False,Crashes_2010_2019_MPO
100545276,2014-05-30,2014,,94.0,,,0,0,N,0.0,0.0,0.0,,,,,,,,35.93393,-86.81752,False,Crashes_2010_2019_MPO
101330068,2016-08-18,2016,,94.0,,,0,0,N,0.0,0.0,0.0,,,,,,,,35.93374,-86.81767,False,Crashes_2010_2019_MPO
102534946,2019-10-11,2019,,94.0,,,0,0,N,0.0,0.0,0.0,,,,,,,,35.9969,-86.79213,True,Crashes_2010_2019_MPO
102395683,2019-05-21,2019,,94.0,,,0,0,N,0.0,0.0,0.0,,,,,,,,36.03419,-86.78315,True,Crashes_2010_2019_MPO
101687951,2017-06-30,2017,,94.0,,,0,0,N,0.0,0.0,0.0,,,,,,,,35.93127,-86.86338,False,Crashes_2010_2019_MPO
101036693,2015-11-25,2015,,94.0,,,0,0,N,0.0,0.0,0.0,,,,,,,,35.9264,-86.8244,False,Crashes_2010_2019_MPO
102109441,2018-08-13,2018,,94.0,,,0,0,N,0.0,0.0,0.0,,,,,,,,36.03066,-86.78358,True,Crashes_2010_2019_MPO
102444787,2019-07-11,2019,,94.0,,,0,0,N,0.0,0.0,0.0,,,,,,,,35.94668,-86.82342,False,Crashes_2010_2019_MPO
102210717,2018-11-12,2018,,94.0,,,0,0,N,0.0,0.0,0.0,,,,,,,,35.93994,-86.81669,False,Crashes_2010_2019_MPO
102229972,2018-11-30,2018,,19.0,,,0,0,N,0.0,0.0,0.0,,,,,,,,36.04237,-86.71166,False,Crashes_2010_2019_MPO
100723153,2015-01-16,2015,,94.0,,,0,0,N,0.0,0.0,0.0,,,,,,,,35.94113,-86.83624,False,Crashes_2010_2019_MPO
101497345,2017-01-06,2017,,94.0,,,0,0,N,0.0,0.0,0.0,,,,,,,,35.98969,-86.82912,False,Crashes_2010_2019_MPO
101716938,2017-07-31,2017,,94.0,,,0,0,N,0.0,0.0,0.0,,,,,,,,35.94676,-86.8518,False,Crashes_2010_2019_MPO
102149032,2018-09-18,2018,,19.0,,,0,0,N,0.0,0.0,0.0,,,,,,,,36.04776,-86.86435,False,Crashes_2010_2019_MPO
100300292,2013-03-06,2013,,94.0,,,0,0,N,0.0,0.0,0.0,,,,,,,,35.94328,-86.80958,False,Crashes_2010_2019_MPO
101424473,2016-10-27,2016,,94.0,,,0,0,N,0.0,0.0,0.0,,,,,,,,35.98512,-86.72769,True,Crashes_2010_2019_MPO
100802511,2015-04-04,2015,,94.0,,,0,0,N,0.0,0.0,0.0,,,,,,,,36.03748,-86.79853,True,Crashes_2010_2019_MPO
102385538,2019-05-10,2019,,19.0,,,0,0,N,0.0,0.0,0.0,,,,,,,,36.0434,-86.74414,False,Crashes_2010_2019_MPO
102141396,2018-09-11,2018,,94.0,,,0,0,N,0.0,0.0,0.0,,,,,,,,35.96717,-86.81892,True,Crashes_2010_2019_MPO
100608670,2014-08-21,2014,,94.0,,,0,0,N,0.0,0.0,0.0,,,,,,,,35.9337,-86.81761,False,Crashes_2010_2019_MPO
101964719,2018-04-02,2018,,94.0,,,0,0,N,0.0,0.0,0.0,,,,,,,,35.94998,-86.80519,False,Crashes_2010_2019_MPO
102523527,2019-09-28,2019,,94.0,,,0,0,N,0.0,0.0,0.0,,,,,,,,35.94778,-86.81994,False,Crashes_2010_2019_MPO
101950560,2018-03-20,2018,,94.0,,,0,0,N,0.0,0.0,0.0,,,,,,,,35.95041,-86.81869,False,Crashes_2010_2019_MPO
102255490,2018-12-22,2018,,19.0,,,0,0,N,0.0,0.0,0.0,,,,,,,,36.04031,-86.69952,False,Crashes_2010_2019_MPO
102107235,2018-08-10,2018,,94.0,,,0,0,N,0.0,0.0,0.0,,,,,,,,35.99815,-86.79616,True,Crashes_2010_2019_MPO
102233981,2018-12-03,2018,,94.0,,,0,0,N,0.0,0.0,0.0,,,,,,,,35.9667,-86.81121,True,Crashes_2010_2019_MPO
101489328,2016-12-28,2016,,19.0,,,0,0,N,0.0,0.0,0.0,,,,,,,,36.03971,-86.76279,False,Crashes_2010_2019_MPO
101842884,2017-11-29,2017,,19.0,,,0,0,N,0.0,0.0,0.0,,,,,,,,36.0374,-86.78657,False,Crashes_2010_2019_MPO
100286240,2013-01-31,2013,,94.0,,,0,0,N,0.0,0.0,0.0,,,,,,,,35.99518,-86.77522,True,Crashes_2010_2019_MPO
102124847,2018-08-28,2018,,94.0,,,0,0,N,0.0,0.0,0.0,,,,,,,,35.96798,-86.81833,True,Crashes_2010_2019_MPO
101100829,2016-02-02,2016,,19.0,,,0,0,N,0.0,0.0,0.0,,,,,,,,36.0409,-86.77938,False,Crashes_2010_2019_MPO
102432223,2019-06-29,2019,,19.0,,,0,0,N,0.0,0.0,0.0,,,,,,,,36.05343,-86.69254,False,Crashes_2010_2019_MPO
100913214,2015-07-27,2015,,94.0,,,0,0,N,0.0,0.0,0.0,,,,,,,,35.95243,-86.82004,False,Crashes_2010_2019_MPO
101958890,2018-03-28,2018,,19.0,,,0,0,N,0.0,0.0,0.0,,,,,,,,36.04053,-86.74361,False,Crashes_2010_2019_MPO
101242068,2016-06-09,2016,,94.0,,,0,0,N,0.0,0.0,0.0,,,,,,,,35.96449,-86.87451,False,Crashes_2010_2019_MPO
101391538,2016-09-27,2016,,94.0,,,0,0,N,0.0,0.0,0.0,,,,,,,,35.93465,-86.81936,False,Crashes_2010_2019_MPO
102336828,2019-03-21,2019,,19.0,,,0,0,N,0.0,0.0,0.0,,,,,,,,36.03229,-86.78363,True,Crashes_2010_2019_MPO
100197225,2012-07-01,2012,,94.0,,,0,0,N,0.0,0.0,0.0,,,,,,,,35.99309,-86.84787,False,Crashes_2010_2019_MPO
102555799,2019-11-02,2019,,19.0,,,0,0,N,0.0,0.0,0.0,,,,,,,,36.04561,-86.71977,False,Crashes_2010_2019_MPO
102360488,2019-04-12,2019,,94.0,,,0,0,N,0.0,0.0,0.0,,,,,,,,35.93197,-86.80616,False,Crashes_2010_2019_MPO
101100272,2016-02-05,2016,,94.0,,,0,0,N,0.0,0.0,0.0,,,,,,,,35.92373,-86.79452,False,Crashes_2010_2019_MPO
101454590,2016-11-19,2016,,19.0,,,0,0,N,0.0,0.0,0.0,,,,,,,,36.03831,-86.78266,False,Crashes_2010_2019_MPO
101637291,2017-05-03,2017,,94.0,,,0,0,N,0.0,0.0,0.0,,,,,,,,36.033204,-86.787603,True,Crashes_2010_2019_MPO
102291070,2019-01-29,2019,,94.0,,,0,0,N,0.0,0.0,0.0,,,,,,,,35.966739,-86.80909,True,Crashes_2010_2019_MPO
101829449,2017-11-10,2017,,94.0,,,0,0,N,0.0,0.0,0.0,,,,,,,,35.92426,-86.86941,False,Crashes_2010_2019_MPO
102572843,2019-11-18,2019,,94.0,,,0,0,N,0.0,0.0,0.0,,,,,,,,35.95338,-86.81203,False,Crashes_2010_2019_MPO
100332711,2013-05-23,2013,,94.0,,,0,0,N,0.0,0.0,0.0,,,,,,,,35.95785,-86.81643,False,Crashes_2010_2019_MPO
100772650,2015-03-15,2015,,19.0,,,0,0,N,0.0,0.0,0.0,,,,,,,,35.99606,-86.6907,False,Crashes_2010_2019_MPO
102526468,2019-10-01,2019,,94.0,,,0,0,N,0.0,0.0,0.0,,,,,,,,36.03551,-86.78748,True,Crashes_2010_2019_MPO
101758735,2017-09-12,2017,,94.0,,,0,0,N,0.0,0.0,0.0,,,,,,,,36.00721,-86.78025,True,Crashes_2010_2019_MPO
102532295,2019-10-05,2019,,19.0,,,0,0,N,0.0,0.0,0.0,,,,,,,,36.0378,-86.73082,False,Crashes_2010_2019_MPO
101155047,2016-03-31,2016,,19.0,,,0,0,N,0.0,0.0,0.0,,,,,,,,36.03317,-86.77502,False,Crashes_2010_2019_MPO
102134892,2018-09-05,2018,,94.0,,,0,0,N,0.0,0.0,0.0,,,,,,,,36.03311,-86.78675,True,Crashes_2010_2019_MPO
101191705,2016-05-10,2016,,94.0,,,0,0,N,0.0,0.0,0.0,,,,,,,,36.032467,-86.788109,True,Crashes_2010_2019_MPO
102466422,2019-08-02,2019,,94.0,,,0,0,N,0.0,0.0,0.0,,,,,,,,35.99273,-86.82844,True,Crashes_2010_2019_MPO
102385375,2019-05-09,2019,,94.0,,,0,0,N,0.0,0.0,0.0,,,,,,,,35.93383,-86.78197,False,Crashes_2010_2019_MPO
102068997,2018-07-09,2018,,94.0,,,0,0,N,0.0,0.0,0.0,,,,,,,,35.99922,-86.80923,True,Crashes_2010_2019_MPO
101433141,2016-11-06,2016,,94.0,,,0,0,N,0.0,0.0,0.0,,,,,,,,35.93446,-86.81991,False,Crashes_2010_2019_MPO
102361369,2019-04-15,2019,,94.0,,,0,0,N,0.0,0.0,0.0,,,,,,,,36.03318,-86.78282,True,Crashes_2010_2019_MPO
100251855,2012-11-12,2012,,94.0,,,0,0,N,0.0,0.0,0.0,,,,,,,,35.9592,-86.82389,False,Crashes_2010_2019_MPO
101004110,2015-11-06,2015,,94.0,,,0,0,N,0.0,0.0,0.0,,,,,,,,35.96798,-86.81833,True,Crashes_2010_2019_MPO
102200879,2018-11-04,2018,,94.0,,,0,0,N,0.0,0.0,0.0,,,,,,,,35.93374,-86.77939,False,Crashes_2010_2019_MPO
100682643,2014-11-18,2014,,19.0,,,0,0,N,0.0,0.0,0.0,,,,,,,,36.04551,-86.71205,False,Crashes_2010_2019_MPO
100333280,2013-05-21,2013,,19.0,,,0,0,N,0.0,0.0,0.0,,,,,,,,36.02975,-86.7837,True,Crashes_2010_2019_MPO
102533134,2019-10-08,2019,,94.0,,,0,0,N,0.0,0.0,0.0,,,,,,,,35.92396,-86.86947,False,Crashes_2010_2019_MPO
100409859,2013-11-23,2013,,94.0,,,0,0,N,0.0,0.0,0.0,,,,,,,,35.93074,-86.84164,False,Crashes_2010_2019_MPO
102500656,2019-09-06,2019,,94.0,,,0,0,N,0.0,0.0,0.0,,,,,,,,36.0299,-86.78368,True,Crashes_2010_2019_MPO
100331547,2013-05-20,2013,,94.0,,,0,0,N,0.0,0.0,0.0,,,,,,,,35.94529,-86.84791,False,Crashes_2010_2019_MPO
101777569,2017-09-30,2017,,94.0,,,0,0,N,0.0,0.0,0.0,,,,,,,,36.00874,-86.78613,True,Crashes_2010_2019_MPO
100660510,2014-10-25,2014,,94.0,,,0,0,N,0.0,0.0,0.0,,,,,,,,35.97215,-86.80553,True,Crashes_2010_2019_MPO
102265932,2019-01-03,2019,,94.0,,,0,0,N,0.0,0.0,0.0,,,,,,,,35.94517,-86.81513,False,Crashes_2010_2019_MPO
100979632,2015-10-14,2015,,94.0,,,0,0,N,0.0,0.0,0.0,,,,,,,,35.99492,-86.77187,True,Crashes_2010_2019_MPO
102351334,2019-04-05,2019,,94.0,,,0,0,N,0.0,0.0,0.0,,,,,,,,36.03063,-86.87581,False,Crashes_2010_2019_MPO
100977945,2015-10-12,2015,,94.0,,,0,0,N,0.0,0.0,0.0,,,,,,,,35.92389,-86.87728,False,Crashes_2010_2019_MPO
100420683,2013-12-17,2013,,94.0,,,0,0,N,0.0,0.0,0.0,,,,,,,,35.99332,-86.69301,True,Crashes_2010_2019_MPO
101352305,2016-09-02,2016,,94.0,,,0,0,N,0.0,0.0,0.0,,,,,,,,35.95899,-86.81594,False,Crashes_2010_2019_MPO
900088220,2010-03-21,2010,,94.0,,,0,0, ,0.0,0.0,0.0,,,,,,,,35.9618,-86.853699,False,Crashes_2010_2019_MPO
102402576,2019-05-28,2019,,94.0,,,0,0,N,0.0,0.0,0.0,,,,,,,,35.92534,-86.86758,False,Crashes_2010_2019_MPO
102503736,2019-09-08,2019,,94.0,,,0,0,N,0.0,0.0,0.0,,,,,,,,35.97334,-86.83305,True,Crashes_2010_2019_MPO
101455483,2016-11-20,2016,,94.0,,,0,0,N,0.0,0.0,0.0,,,,,,,,35.92373,-86.79452,False,Crashes_2010_2019_MPO
100994071,2015-10-22,2015,,94.0,,,0,0,N,0.0,0.0,0.0,,,,,,,,35.94612,-86.82346,False,Crashes_2010_2019_MPO
101862672,2017-12-18,2017,,94.0,,,0,0,N,0.0,0.0,0.0,,,,,,,,36.02077,-86.78708,True,Crashes_2010_2019_MPO
102291021,2019-01-28,2019,,94.0,,,0,0,N,0.0,0.0,0.0,,,,,,,,35.93696,-86.77281,False,Crashes_2010_2019_MPO
101389333,2016-09-25,2016,,19.0,,,0,0,N,0.0,0.0,0.0,,,,,,,,36.03675,-86.7133,False,Crashes_2010_2019_MPO
101148401,2016-03-21,2016,,19.0,,,0,0,Y,0.0,0.0,1.0,,,,,,,,36.04578,-86.71331,False,Crashes_2010_2019_MPO
100949334,2015-09-12,2015,,94.0,,,0,0,N,0.0,0.0,0.0,,,,,,,,35.96634,-86.81379,False,Crashes_2010_2019_MPO
101422324,2016-10-25,2016,,94.0,,,0,0,N,0.0,0.0,0.0,,,,,,,,36.00805,-86.78683,True,Crashes_2010_2019_MPO
101285056,2016-07-13,2016,,19.0,,,0,0,N,0.0,0.0,0.0,,,,,,,,36.04563,-86.71058,False,Crashes_2010_2019_MPO
100972475,2015-10-03,2015,,94.0,,,0,0,N,0.0,0.0,0.0,,,,,,,,35.99781,-86.79886,True,Crashes_2010_2019_MPO
101875550,2018-01-02,2018,,19.0,,,0,0,N,0.0,0.0,0.0,,,,,,,,36.04645,-86.71339,False,Crashes_2010_2019_MPO
101601540,2017-04-02,2017,,19.0,,,0,0,N,0.0,0.0,0.0,,,,,,,,36.04486,-86.74398,False,Crashes_2010_2019_MPO
101602391,2017-03-31,2017,,19.0,,,0,0,N,0.0,0.0,0.0,,,,,,,,36.03556,-86.78745,True,Crashes_2010_2019_MPO
101148018,2016-03-21,2016,,94.0,,,0,0,N,0.0,0.0,0.0,,,,,,,,35.94334,-86.80977,False,Crashes_2010_2019_MPO
101942293,2018-03-13,2018,,94.0,,,0,0,N,0.0,0.0,0.0,,,,,,,,35.92832,-86.76612,False,Crashes_2010_2019_MPO