mstrrecnbr,collision_ts,year,county,countystat,crash,crash_type,fatalities,non_motorists,commercial,fatal_c,nonmotor_c,truck_c,fatalc,serious_injuries,ped,bike,lighting,weather,first_harmful_event,latitude,longitude,in_city,src_layer
101491098,2016-12-30,2016,,94.0,,,0,0,N,0.0,0.0,0.0,,,,,,,,36.01339,-86.80041,True,Crashes_2010_2019_MPO
102428131,2019-06-25,2019,,94.0,,,0,0,N,0.0,0.0,0.0,,,,,,,,36.0173,-86.7862,True,Crashes_2010_2019_MPO
100231134,2012-09-24,2012,,94.0,,,0,0,N,0.0,0.0,0.0,,,,,,,,35.93989,-86.67926,False,Crashes_2010_2019_MPO
101753509,2017-08-29,2017,,19.0,,,1,0,N,1.0,0.0,0.0,,,,,,,,36.00648,-86.70323,False,Crashes_2010_2019_MPO
100832069,2015-05-09,2015,,94.0,,,0,3,N,0.0,1.0,0.0,,,,,,,,35.95866,-86.80195,False,Crashes_2010_2019_MPO
102320195,2019-03-03,2019,,19.0,,,0,0,N,0.0,0.0,0.0,,,,,,,,36.03896,-86.81084,False,Crashes_2010_2019_MPO
100365878,2013-08-12,2013,,94.0,,,0,0,N,0.0,0.0,0.0,,,,,,,,35.94428,-86.81993,False,Crashes_2010_2019_MPO
102468535,2019-08-05,2019,,19.0,,,0,0,N,0.0,0.0,0.0,,,,,,,,36.04522,-86.71664,False,Crashes_2010_2019_MPO
100190596,2012-06-11,2012,,94.0,,,0,0,N,0.0,0.0,0.0,,,,,,,,35.96513,-86.72716,True,Crashes_2010_2019_MPO
101076854,2016-01-13,2016,,94.0,,,0,0,N,0.0,0.0,0.0,,,,,,,,35.94323,-86.85461,False,Crashes_2010_2019_MPO
101973656,2018-04-10,2018,,94.0,,,0,0,N,0.0,0.0,0.0,,,,,,,,35.95298,-86.82075,False,Crashes_2010_2019_MPO
101163439,2016-04-13,2016,,19.0,,,0,0,N,0.0,0.0,0.0,,,,,,,,36.04805,-86.67875,False,Crashes_2010_2019_MPO
100242616,2012-10-24,2012,,94.0,,,0,0,N,0.0,0.0,0.0,,,,,,,,35.9667,-86.81117,True,Crashes_2010_2019_MPO
102554571,2019-11-01,2019,,19.0,,,0,0,N,0.0,0.0,0.0,,,,,,,,36.04123,-86.72666,False,Crashes_2010_2019_MPO
102310185,2019-02-18,2019,,94.0,,,0,0,N,0.0,0.0,0.0,,,,,,,,35.97705,-86.87528,False,Crashes_2010_2019_MPO
101625881,2017-04-25,2017,,94.0,,,0,0,N,0.0,0.0,0.0,,,,,,,,35.92509,-86.86876,False,Crashes_2010_2019_MPO
101286840,2016-07-16,2016,,94.0,,,0,0,N,0.0,0.0,0.0,,,,,,,,35.96498,-86.72757,True,Crashes_2010_2019_MPO
101654486,2017-05-25,2017,,19.0,,,0,0,N,0.0,0.0,0.0,,,,,,,,36.04161,-86.74925,False,Crashes_2010_2019_MPO
101912631,2018-02-04,2018,,94.0,,,0,0,N,0.0,0.0,0.0,,,,,,,,36.01856,-86.72321,False,Crashes_2010_2019_MPO
101880558,2018-01-06,2018,,94.0,,,0,0,N,0.0,0.0,0.0,,,,,,,,35.96716,-86.81351,True,Crashes_2010_2019_MPO
101178153,2016-04-20,2016,,19.0,,,0,0,N,0.0,0.0,0.0,,,,,,,,36.04168,-86.74801,False,Crashes_2010_2019_MPO
100213696,2012-08-09,2012,,94.0,,,0,0,N,0.0,0.0,0.0,,,,,,,,36.02972,-86.783699,True,Crashes_2010_2019_MPO
102510221,2019-09-15,2019,,94.0,,,0,0,N,0.0,0.0,0.0,,,,,,,,35.98635,-86.73664,True,Crashes_2010_2019_MPO
101333257,2016-08-21,2016,,94.0,,,0,0,N,0.0,0.0,0.0,,,,,,,,35.92509,-86.86873,False,Crashes_2010_2019_MPO
100971954,2015-10-02,2015,,94.0,,,0,0,N,0.0,0.0,0.0,,,,,,,,35.95521,-86.80393,False,Crashes_2010_2019_MPO
102220649,2018-11-22,2018,,19.0,,,0,0,N,0.0,0.0,0.0,,,,,,,,36.05268,-86.68571,False,Crashes_2010_2019_MPO
101285620,2016-07-14,2016,,94.0,,,0,0,N,0.0,0.0,0.0,,,,,,,,35.92413,-86.87177,False,Crashes_2010_2019_MPO
101685103,2017-06-28,2017,,94.0,,,0,0,N,0.0,0.0,0.0,,,,,,,,36.01956,-86.79645,True,Crashes_2010_2019_MPO
101617733,2017-04-17,2017,,94.0,,,0,0,N,0.0,0.0,0.0,,,,,,,,35.97272,-86.83359,False,Crashes_2010_2019_MPO
101604772,2017-04-05,2017,,94.0,,,0,0,N,0.0,0.0,0.0,,,,,,,,36.03322,-86.78531,True,Crashes_2010_2019_MPO
102567450,2019-11-14,2019,,19.0,,,0,0,N,0.0,0.0,0.0,,,,,,,,36.05203,-86.7425,False,Crashes_2010_2019_MPO
100414365,2013-12-03,2013,,94.0,,,0,0,N,0.0,0.0,0.0,,,,,,,,35.92994,-86.82431,False,Crashes_2010_2019_MPO
100950292,2015-09-14,2015,,94.0,,,0,0,N,0.0,0.0,0.0,,,,,,,,35.9673,-86.80329,True,Crashes_2010_2019_MPO
101613477,2017-04-12,2017,,94.0,,,0,0,N,0.0,0.0,0.0,,,,,,,,35.92546,-86.87275,False,Crashes_2010_2019_MPO
102071466,2018-07-11,2018,,19.0,,,0,0,N,0.0,0.0,0.0,,,,,,,,36.04011,-86.74447,False,Crashes_2010_2019_MPO
100551977,2014-06-16,2014,,94.0,,,0,0,N,0.0,0.0,0.0,,,,,,,,35.94946,-86.81687,False,Crashes_2010_2019_MPO
102484751,2019-08-22,2019,,94.0,,,0,0,N,0.0,0.0,0.0,,,,,,,,35.95806,-86.76773,True,Crashes_2010_2019_MPO
101486615,2016-12-23,2016,,94.0,,,0,0,N,0.0,0.0,0.0,,,,,,,,35.96716,-86.81351,True,Crashes_2010_2019_MPO
102428356,2019-06-25,2019,,94.0,,,0,0,Y,0.0,0.0,1.0,,,,,,,,35.99119,-86.79919,True,Crashes_2010_2019_MPO
101629536,2017-04-29,2017,,94.0,,,0,0,N,0.0,0.0,0.0,,,,,,,,35.97057,-86.82204,True,Crashes_2010_2019_MPO
102316070,2019-02-26,2019,,94.0,,,0,0,N,0.0,0.0,0.0,,,,,,,,36.0135,-86.80382,True,Crashes_2010_2019_MPO
101845224,2017-12-01,2017,,19.0,,,0,0,N,0.0,0.0,0.0,,,,,,,,36.04171,-86.74846,False,Crashes_2010_2019_MPO
102299732,2019-02-06,2019,,94.0,,,0,0,N,0.0,0.0,0.0,,,,,,,,35.96757,-86.69528,False,Crashes_2010_2019_MPO
100610564,2014-08-26,2014,,94.0,,,0,0,Y,0.0,0.0,1.0,,,,,,,,35.92725,-86.81544,False,Crashes_2010_2019_MPO
101850840,2017-12-07,2017,,19.0,,,0,1,N,0.0,1.0,0.0,,,,,,,,36.04622,-86.71479,False,Crashes_2010_2019_MPO
100721265,2015-01-12,2015,,94.0,,,0,0,N,0.0,0.0,0.0,,,,,,,,35.99546,-86.77831,True,Crashes_2010_2019_MPO
100699473,2014-12-01,2014,,94.0,,,0,0,N,0.0,0.0,0.0,,,,,,,,35.97102,-86.72644,True,Crashes_2010_2019_MPO
100716867,2015-01-03,2015,,19.0,,,0,0,N,0.0,0.0,0.0,,,,,,,,36.03358,-86.71296,False,Crashes_2010_2019_MPO
100394557,2013-10-22,2013,,94.0,,,0,0,N,0.0,0.0,0.0,,,,,,,,35.94618,-86.80856,False,Crashes_2010_2019_MPO
101154970,2016-03-31,2016,,94.0,,,0,0,N,0.0,0.0,0.0,,,,,,,,35.99226,-86.82834,True,Crashes_2010_2019_MPO
100458907,2014-02-28,2014,,94.0,,,0,0,N,0.0,0.0,0.0,,,,,,,,35.97776,-86.80359,True,Crashes_2010_2019_MPO
101697166,2017-07-09,2017,,19.0,,,0,0,N,0.0,0.0,0.0,,,,,,,,36.04623,-86.77821,False,Crashes_2010_2019_MPO
102327252,2019-03-11,2019,,19.0,,,0,0,N,0.0,0.0,0.0,,,,,,,,36.03821,-86.8009,False,Crashes_2010_2019_MPO
101764263,2017-09-18,2017,,94.0,,,0,0,N,0.0,0.0,0.0,,,,,,,,35.92317,-86.81685,False,Crashes_2010_2019_MPO
101562705,2017-02-22,2017,,94.0,,,0,0,N,0.0,0.0,0.0,,,,,,,,35.92884,-86.82057,False,Crashes_2010_2019_MPO
101611683,2017-04-12,2017,,94.0,,,0,0,N,0.0,0.0,0.0,,,,,,,,35.97007,-86.77365,True,Crashes_2010_2019_MPO
101329092,2016-08-16,2016,,94.0,,,0,0,N,0.0,0.0,0.0,,,,,,,,35.99004,-86.74528,True,Crashes_2010_2019_MPO
102597544,2019-12-13,2019,,19.0,,,0,0,N,0.0,0.0,0.0,,,,,,,,36.01978,-86.74213,False,Crashes_2010_2019_MPO
102475667,2019-08-12,2019,,94.0,,,0,0,N,0.0,0.0,0.0,,,,,,,,36.0087,-86.78649,True,Crashes_2010_2019_MPO
102478536,2019-08-15,2019,,94.0,,,0,0,N,0.0,0.0,0.0,,,,,,,,35.92373,-86.79452,False,Crashes_2010_2019_MPO
101644056,2017-05-10,2017,,94.0,,,0,0,N,0.0,0.0,0.0,,,,,,,,35.95165,-86.8101,False,Crashes_2010_2019_MPO
102296934,2019-02-04,2019,,94.0,,,0,0,N,0.0,0.0,0.0,,,,,,,,35.94144,-86.85599,False,Crashes_2010_2019_MPO
101048015,2015-12-11,2015,,94.0,,,0,0,N,0.0,0.0,0.0,,,,,,,,35.92493,-86.86519,False,Crashes_2010_2019_MPO
100938573,2015-08-24,2015,,94.0,,,0,0,N,0.0,0.0,0.0,,,,,,,,35.94791,-86.81937,False,Crashes_2010_2019_MPO
101041994,2015-12-03,2015,,94.0,,,0,0,N,0.0,0.0,0.0,,,,,,,,35.9638,-86.80842,False,Crashes_2010_2019_MPO
101907196,2018-02-05,2018,,94.0,,,0,0,N,0.0,0.0,0.0,,,,,,,,35.92466,-86.87217,False,Crashes_2010_2019_MPO
102594449,2019-12-11,2019,,94.0,,,0,0,N,0.0,0.0,0.0,,,,,,,,35.93283,-86.81918,False,Crashes_2010_2019_MPO
100134044,2012-01-03,2012,,94.0,,,0,0,Y,0.0,0.0,1.0,,,,,,,,35.92698,-86.86593,False,Crashes_2010_2019_MPO
101547083,2017-02-07,2017,,19.0,,,0,0,N,0.0,0.0,0.0,,,,,,,,36.04567,-86.7133,False,Crashes_2010_2019_MPO
101556901,2017-02-17,2017,,19.0,,,0,0,N,0.0,0.0,0.0,,,,,,,,36.04543,-86.70361,False,Crashes_2010_2019_MPO
102517156,2019-09-22,2019,,19.0,,,0,0,N,0.0,0.0,0.0,,,,,,,,36.05241,-86.68389,False,Crashes_2010_2019_MPO
100114712,2011-11-12,2011,,19.0,,,0,0,N,0.0,0.0,0.0,,,,,,,,36.02739,-86.78419,True,Crashes_2010_2019_MPO
102173946,2018-10-10,2018,,94.0,,,0,0,N,0.0,0.0,0.0,,,,,,,,35.93191,-86.794,False,Crashes_2010_2019_MPO
102383330,2019-05-08,2019,,19.0,,,0,0,N,0.0,0.0,0.0,,,,,,,,36.03948,-86.78177,False,Crashes_2010_2019_MPO
100284151,2013-01-25,2013,,94.0,,,0,0,N,0.0,0.0,0.0,,,,,,,,35.94638,-86.8087,False,Crashes_2010_2019_MPO
101235956,2016-05-31,2016,,19.0,,,0,0,N,0.0,0.0,0.0,,,,,,,,36.04956,-86.71382,False,Crashes_2010_2019_MPO
101277953,2016-07-02,2016,,94.0,,,0,0,N,0.0,0.0,0.0,,,,,,,,36.03403,-86.80162,True,Crashes_2010_2019_MPO
100655995,2014-10-19,2014,,19.0,,,0,0,N,0.0,0.0,0.0,,,,,,,,36.04226,-86.72647,False,Crashes_2010_2019_MPO
100679472,2014-11-12,2014,,94.0,,,0,0,N,0.0,0.0,0.0,,,,,,,,35.99612,-86.78519,True,Crashes_2010_2019_MPO
101319384,2016-08-03,2016,,94.0,,,0,0,N,0.0,0.0,0.0,,,,,,,,35.9355,-86.82334,False,Crashes_2010_2019_MPO
101326784,2016-08-13,2016,,19.0,,,0,0,N,0.0,0.0,0.0,,,,,,,,36.03988,-86.78107,False,Crashes_2010_2019_MPO
100705569,2014-12-12,2014,,19.0,,,0,0,N,0.0,0.0,0.0,,,,,,,,36.03899,-86.78252,False,Crashes_2010_2019_MPO
100739289,2015-02-18,2015,,94.0,,,0,0,N,0.0,0.0,0.0,,,,,,,,35.92947,-86.87556,False,Crashes_2010_2019_MPO
100437743,2014-02-01,2014,,94.0,,,0,0,N,0.0,0.0,0.0,,,,,,,,35.94951,-86.81931,False,Crashes_2010_2019_MPO
102477782,2019-08-14,2019,,19.0,,,0,0,N,0.0,0.0,0.0,,,,,,,,36.04535,-86.71341,False,Crashes_2010_2019_MPO
100848548,2015-05-22,2015,,94.0,,,0,0,N,0.0,0.0,0.0,,,,,,,,36.00293,-86.80729,True,Crashes_2010_2019_MPO
102371562,2019-04-25,2019,,94.0,,,0,0,N,0.0,0.0,0.0,,,,,,,,35.98635,-86.73664,True,Crashes_2010_2019_MPO
101717485,2017-08-01,2017,,94.0,,,0,0,N,0.0,0.0,0.0,,,,,,,,35.99763,-86.79724,True,Crashes_2010_2019_MPO
100909355,2015-07-20,2015,,94.0,,,0,0,N,0.0,0.0,0.0,,,,,,,,35.94695,-86.82047,False,Crashes_2010_2019_MPO
100996829,2015-10-26,2015,,94.0,,,0,0,N,0.0,0.0,0.0,,,,,,,,36.00297,-86.80728,True,Crashes_2010_2019_MPO
102386911,2019-05-11,2019,,94.0,,,0,0,N,0.0,0.0,0.0,,,,,,,,35.92546,-86.87275,False,Crashes_2010_2019_MPO
100266487,2012-12-14,2012,,94.0,,,0,0,N,0.0,0.0,0.0,,,,,,,,35.96477,-86.81133,False,Crashes_2010_2019_MPO
100323022,2013-04-30,2013,,94.0,,,0,0,N,0.0,0.0,0.0,,,,,,,,35.94813,-86.81868,False,Crashes_2010_2019_MPO
101494465,2016-12-19,2016,,94.0,,,0,0,N,0.0,0.0,0.0,,,,,,,,35.97182,-86.82584,True,Crashes_2010_2019_MPO
102176957,2018-10-13,2018,,19.0,,,0,0,N,0.0,0.0,0.0,,,,,,,,35.9912,-86.68349,False,Crashes_2010_2019_MPO
100859595,2015-06-12,2015,,94.0,,,0,0,N,0.0,0.0,0.0,,,,,,,,35.99784,-86.79913,True,Crashes_2010_2019_MPO
102525332,2019-09-30,2019,,94.0,,,0,0,N,0.0,0.0,0.0,,,,,,,,35.97316,-86.83128,True,Crashes_2010_2019_MPO
101604083,2017-04-05,2017,,19.0,,,0,0,N,0.0,0.0,0.0,,,,,,,,36.04373,-86.71308,False,Crashes_2010_2019_MPO
102315796,2019-02-26,2019,,94.0,,,0,0,N,0.0,0.0,0.0,,,,,,,,36.02644,-86.78491,True,Crashes_2010_2019_MPO
100821813,2015-04-21,2015,,19.0,,,0,0,N,0.0,0.0,0.0,,,,,,,,36.04162,-86.74921,False,Crashes_2010_2019_MPO
102291727,2019-01-28,2019,,94.0,,,0,0,N,0.0,0.0,0.0,,,,,,,,35.99301,-86.75782,True,Crashes_2010_2019_MPO
101040607,2015-12-01,2015,,94.0,,,0,0,N,0.0,0.0,0.0,,,,,,,,35.96681,-86.81119,True,Crashes_2010_2019_MPO
102313852,2019-02-24,2019,,19.0,,,0,0,N,0.0,0.0,0.0,,,,,,,,36.04231,-86.72652,False,Crashes_2010_2019_MPO
100703340,2014-12-03,2014,,94.0,,,0,0,N,0.0,0.0,0.0,,,,,,,,35.9459,-86.80673,False,Crashes_2010_2019_MPO
100942476,2015-08-31,2015,,94.0,,,0,0,N,0.0,0.0,0.0,,,,,,,,35.94365,-86.82042,False,Crashes_2010_2019_MPO
100374333,2013-09-01,2013,,94.0,,,0,0,N,0.0,0.0,0.0,,,,,,,,35.92365,-86.86783,False,Crashes_2010_2019_MPO
101867038,2017-12-22,2017,,19.0,,,0,0,N,0.0,0.0,0.0,,,,,,,,36.04544,-86.71249,False,Crashes_2010_2019_MPO
101842772,2017-11-29,2017,,94.0,,,0,0,N,0.0,0.0,0.0,,,,,,,,35.93215,-86.79441,False,Crashes_2010_2019_MPO
100397939,2013-10-30,2013,,94.0,,,0,0,N,0.0,0.0,0.0,,,,,,,,35.92486,-86.87231,False,Crashes_2010_2019_MPO
101073863,2016-01-08,2016,,19.0,,,0,0,N,0.0,0.0,0.0,,,,,,,,36.0406,-86.77115,False,Crashes_2010_2019_MPO
101105349,2016-02-13,2016,,94.0,,,0,0,N,0.0,0.0,0.0,,,,,,,,35.97616,-86.80439,True,Crashes_2010_2019_MPO
101185521,2016-05-01,2016,,94.0,,,0,0,N,0.0,0.0,0.0,,,,,,,,35.96743,-86.69894,False,Crashes_2010_2019_MPO
101551787,2017-02-11,2017,,94.0,,,0,0,N,0.0,0.0,0.0,,,,,,,,35.96474,-86.81508,True,Crashes_2010_2019_MPO
100279573,2013-01-15,2013,,94.0,,,0,0,N,0.0,0.0,0.0,,,,,,,,35.96665,-86.80941,True,Crashes_2010_2019_MPO
101245891,2016-06-14,2016,,94.0,,,0,0,N,0.0,0.0,0.0,,,,,,,,35.94621,-86.83072,False,Crashes_2010_2019_MPO
101277482,2016-07-01,2016,,94.0,,,0,0,N,0.0,0.0,0.0,,,,,,,,35.96486,-86.7557,True,Crashes_2010_2019_MPO
101721535,2017-08-05,2017,,94.0,,,0,0,N,0.0,0.0,0.0,,,,,,,,35.94687,-86.85168,False,Crashes_2010_2019_MPO
101813219,2017-11-03,2017,,19.0,,,0,0,N,0.0,0.0,0.0,,,,,,,,36.04541,-86.71284,False,Crashes_2010_2019_MPO
100701507,2014-12-03,2014,,94.0,,,0,0,N,0.0,0.0,0.0,,,,,,,,35.94795,-86.80803,False,Crashes_2010_2019_MPO
102250032,2018-12-17,2018,,94.0,,,0,0,N,0.0,0.0,0.0,,,,,,,,36.03319,-86.7876,True,Crashes_2010_2019_MPO
101575859,2017-02-28,2017,,94.0,,,0,0,N,0.0,0.0,0.0,,,,,,,,36.02791,-86.85631,False,Crashes_2010_2019_MPO
102071117,2018-07-11,2018,,94.0,,,0,0,N,0.0,0.0,0.0,,,,,,,,36.03328,-86.7841,True,Crashes_2010_2019_MPO
100754049,2015-02-27,2015,,19.0,,,0,0,N,0.0,0.0,0.0,,,,,,,,36.04561,-86.71339,False,Crashes_2010_2019_MPO
101317827,2016-08-01,2016,,94.0,,,0,0,N,0.0,0.0,0.0,,,,,,,,36.02519,-86.79326,True,Crashes_2010_2019_MPO
102302857,2019-02-11,2019,,94.0,,,0,0,N,0.0,0.0,0.0,,,,,,,,35.9228,-86.87188,False,Crashes_2010_2019_MPO
101506539,2017-01-16,2017,,94.0,,,0,0,N,0.0,0.0,0.0,,,,,,,,35.94556,-86.82775,False,Crashes_2010_2019_MPO
101771783,2017-09-25,2017,,94.0,,,0,0,N,0.0,0.0,0.0,,,,,,,,35.96547,-86.82631,False,Crashes_2010_2019_MPO
100418854,2013-12-13,2013,,94.0,,,0,0,N,0.0,0.0,0.0,,,,,,,,35.9865,-86.73688,True,Crashes_2010_2019_MPO
101929765,2018-02-28,2018,,94.0,,,0,0,N,0.0,0.0,0.0,,,,,,,,36.03292,-86.78354,True,Crashes_2010_2019_MPO
101764196,2017-09-18,2017,,19.0,,,0,0,N,0.0,0.0,0.0,,,,,,,,36.04122,-86.77696,False,Crashes_2010_2019_MPO
100856818,2015-06-07,2015,,19.0,,,0,0,N,0.0,0.0,0.0,,,,,,,,35.99683,-86.68985,False,Crashes_2010_2019_MPO
100801401,2015-04-02,2015,,94.0,,,0,0,N,0.0,0.0,0.0,,,,,,,,35.93116,-86.79419,False,Crashes_2010_2019_MPO
101470165,2016-12-07,2016,,19.0,,,0,0,N,0.0,0.0,0.0,,,,,,,,36.04552,-86.71165,False,Crashes_2010_2019_MPO
100417936,2013-12-09,2013,,94.0,,,0,0,N,0.0,0.0,0.0,,,,,,,,35.95093,-86.81858,False,Crashes_2010_2019_MPO
101743951,2017-08-28,2017,,94.0,,,0,0,N,0.0,0.0,0.0,,,,,,,,35.92368,-86.76687,False,Crashes_2010_2019_MPO
101284758,2016-07-13,2016,,94.0,,,0,0,N,0.0,0.0,0.0,,,,,,,,36.0205,-86.78268,True,Crashes_2010_2019_MPO
101133895,2016-03-14,2016,,94.0,,,0,0,N,0.0,0.0,0.0,,,,,,,,35.92921,-86.85266,False,Crashes_2010_2019_MPO
102137327,2018-09-07,2018,,94.0,,,0,0,N,0.0,0.0,0.0,,,,,,,,36.01755,-86.74135,False,Crashes_2010_2019_MPO
102049598,2018-06-21,2018,,94.0,,,0,0,N,0.0,0.0,0.0,,,,,,,,35.94379,-86.82008,False,Crashes_2010_2019_MPO
102518758,2019-09-24,2019,,94.0,,,0,0,N,0.0,0.0,0.0,,,,,,,,36.03291,-86.7975,True,Crashes_2010_2019_MPO
100455176,2014-02-19,2014,,94.0,,,0,0,N,0.0,0.0,0.0,,,,,,,,35.93071,-86.86381,False,Crashes_2010_2019_MPO
102090007,2018-07-28,2018,,94.0,,,0,0,N,0.0,0.0,0.0,,,,,,,,35.95863,-86.80444,False,Crashes_2010_2019_MPO
100819150,2015-04-16,2015,,19.0,,,0,0,N,0.0,0.0,0.0,,,,,,,,36.04681,-86.7774,False,Crashes_2010_2019_MPO
101760387,2017-09-14,2017,,19.0,,,0,0,N,0.0,0.0,0.0,,,,,,,,36.04541,-86.70331,False,Crashes_2010_2019_MPO
101868692,2017-12-24,2017,,94.0,,,0,0,N,0.0,0.0,0.0,,,,,,,,35.96599,-86.80471,True,Crashes_2010_2019_MPO
102576784,2019-11-22,2019,,94.0,,,0,0,N,0.0,0.0,0.0,,,,,,,,35.93691,-86.69326,False,Crashes_2010_2019_MPO
102311820,2019-02-21,2019,,94.0,,,0,0,N,0.0,0.0,0.0,,,,,,,,36.01333,-86.80271,True,Crashes_2010_2019_MPO
101555613,2017-02-14,2017,,94.0,,,0,0,N,0.0,0.0,0.0,,,,,,,,36.03233,-86.78337,True,Crashes_2010_2019_MPO
101474528,2016-12-12,2016,,94.0,,,0,0,N,0.0,0.0,0.0,,,,,,,,35.96512,-86.72717,True,Crashes_2010_2019_MPO
102359003,2019-04-12,2019,,19.0,,,0,0,N,0.0,0.0,0.0,,,,,,,,36.03972,-86.75726,False,Crashes_2010_2019_MPO
100730642,2015-02-01,2015,,19.0,,,0,0,N,0.0,0.0,0.0,,,,,,,,36.04376,-86.78088,False,Crashes_2010_2019_MPO
100751662,2015-02-22,2015,,19.0,,,0,0,N,0.0,0.0,0.0,,,,,,,,36.0169,-86.70685,False,Crashes_2010_2019_MPO
101558455,2017-02-18,2017,,19.0,,,0,0,N,0.0,0.0,0.0,,,,,,,,36.04922,-86.81614,False,Crashes_2010_2019_MPO
102110422,2018-08-06,2018,,94.0,,,0,0,N,0.0,0.0,0.0,,,,,,,,35.95293,-86.81219,False,Crashes_2010_2019_MPO
102326516,2019-03-10,2019,,94.0,,,0,0,N,0.0,0.0,0.0,,,,,,,,36.03193,-86.783666,True,Crashes_2010_2019_MPO
100404986,2013-11-11,2013,,94.0,,,0,0,N,0.0,0.0,0.0,,,,,,,,35.94761,-86.81992,False,Crashes_2010_2019_MPO
100391820,2013-10-16,2013,,94.0,,,0,0,N,0.0,0.0,0.0,,,,,,,,35.98288,-86.71857,True,Crashes_2010_2019_MPO
102299949,2019-02-07,2019,,19.0,,,0,0,N,0.0,0.0,0.0,,,,,,,,36.04109,-86.77577,False,Crashes_2010_2019_MPO
102022148,2018-05-25,2018,,19.0,,,0,0,N,0.0,0.0,0.0,,,,,,,,36.04028,-86.78047,False,Crashes_2010_2019_MPO
100910076,2015-07-22,2015,,94.0,,,0,0,N,0.0,0.0,0.0,,,,,,,,35.99937,-86.80903,True,Crashes_2010_2019_MPO
100826017,2015-04-30,2015,,94.0,,,0,0,N,0.0,0.0,0.0,,,,,,,,36.03169,-86.78964,True,Crashes_2010_2019_MPO
100397300,2013-10-28,2013,,94.0,,,0,0,N,0.0,0.0,0.0,,,,,,,,35.95775,-86.80259,False,Crashes_2010_2019_MPO
102257071,2018-12-21,2018,,94.0,,,0,0,N,0.0,0.0,0.0,,,,,,,,35.96162,-86.71068,True,Crashes_2010_2019_MPO
101075391,2016-01-11,2016,,19.0,,,0,0,N,0.0,0.0,0.0,,,,,,,,36.04248,-86.71284,False,Crashes_2010_2019_MPO
101127875,2016-03-03,2016,,19.0,,,0,0,N,0.0,0.0,0.0,,,,,,,,36.0403,-86.75841,False,Crashes_2010_2019_MPO
100767303,2015-03-05,2015,,94.0,,,0,0,N,0.0,0.0,0.0,,,,,,,,36.01482,-86.7855,True,Crashes_2010_2019_MPO
100659714,2014-10-26,2014,,19.0,,,0,0,N,0.0,0.0,0.0,,,,,,,,36.04617,-86.85759,False,Crashes_2010_2019_MPO
102232925,2018-12-02,2018,,94.0,,,0,0,N,0.0,0.0,0.0,,,,,,,,35.94798,-86.819,False,Crashes_2010_2019_MPO
101036091,2015-11-24,2015,,19.0,,,0,0,N,0.0,0.0,0.0,,,,,,,,36.03948,-86.78177,False,Crashes_2010_2019_MPO
101641493,2017-05-11,2017,,19.0,,,0,0,N,0.0,0.0,0.0,,,,,,,,36.04561,-86.71977,False,Crashes_2010_2019_MPO
102020571,2018-05-24,2018,,94.0,,,0,0,N,0.0,0.0,0.0,,,,,,,,35.934,-86.81878,False,Crashes_2010_2019_MPO
100346960,2013-06-27,2013,,94.0,,,0,0,N,0.0,0.0,0.0,,,,,,,,35.95522,-86.84498,False,Crashes_2010_2019_MPO
100708143,2014-12-16,2014,,94.0,,,0,0,N,0.0,0.0,0.0,,,,,,,,35.95457,-86.71367,False,Crashes_2010_2019_MPO
102277061,2019-01-14,2019,,19.0,,,0,0,N,0.0,0.0,0.0,,,,,,,,36.03064,-86.78383,True,Crashes_2010_2019_MPO
100922853,2015-08-13,2015,,19.0,,,0,0,Y,0.0,0.0,1.0,,,,,,,,35.99558,-86.68805,False,Crashes_2010_2019_MPO
102362422,2019-04-15,2019,,94.0,,,0,0,N,0.0,0.0,0.0,,,,,,,,35.93704,-86.82263,False,Crashes_2010_2019_MPO
100924779,2015-08-17,2015,,94.0,,,0,0,N,0.0,0.0,0.0,,,,,,,,35.93445,-86.86101,False,Crashes_2010_2019_MPO
100417408,2013-12-10,2013,,94.0,,,0,0,N,0.0,0.0,0.0,,,,,,,,35.973,-86.80548,True,Crashes_2010_2019_MPO
101669892,2017-06-10,2017,,19.0,,,0,0,N,0.0,0.0,0.0,,,,,,,,36.04908,-86.72511,False,Crashes_2010_2019_MPO
101849185,2017-12-05,2017,,19.0,,,0,0,N,0.0,0.0,0.0,,,,,,,,36.04785,-86.8647,False,Crashes_2010_2019_MPO
101912081,2018-02-10,2018,,94.0,,,0,0,N,0.0,0.0,0.0,,,,,,,,36.03034,-86.87592,False,Crashes_2010_2019_MPO
100436496,2014-01-30,2014,,94.0,,,0,0,N,0.0,0.0,0.0,,,,,,,,36.036781,-86.814629,True,Crashes_2010_2019_MPO
100662632,2014-10-31,2014,,19.0,,,0,0,N,0.0,0.0,0.0,,,,,,,,36.04001,-86.74349,False,Crashes_2010_2019_MPO
100800533,2015-03-31,2015,,19.0,,,0,0,N,0.0,0.0,0.0,,,,,,,,36.04533,-86.71294,False,Crashes_2010_2019_MPO
101834566,2017-11-22,2017,,19.0,,,0,0,N,0.0,0.0,0.0,,,,,,,,36.05491,-86.67817,False,Crashes_2010_2019_MPO
101243276,2016-06-08,2016,,19.0,,,0,0,N,0.0,0.0,0.0,,,,,,,,36.04306,-86.8427,False,Crashes_2010_2019_MPO
101679234,2017-06-21,2017,,19.0,,,0,0,N,0.0,0.0,0.0,,,,,,,,36.04084,-86.77347,False,Crashes_2010_2019_MPO
100909393,2015-07-20,2015,,94.0,,,0,0,N,0.0,0.0,0.0,,,,,,,,36.01317,-86.80172,True,Crashes_2010_2019_MPO
102291634,2019-01-29,2019,,19.0,,,0,0,N,0.0,0.0,0.0,,,,,,,,36.04015,-86.74465,False,Crashes_2010_2019_MPO
102044218,2018-06-15,2018,,94.0,,,0,0,N,0.0,0.0,0.0,,,,,,,,35.9658,-86.81275,False,Crashes_2010_2019_MPO
102101941,2018-08-06,2018,,94.0,,,0,1,N,0.0,1.0,0.0,,,,,,,,35.95859,-86.81559,False,Crashes_2010_2019_MPO