mstrrecnbr,collision_ts,year,county,countystat,crash,crash_type,fatalities,non_motorists,commercial,fatal_c,nonmotor_c,truck_c,fatalc,serious_injuries,ped,bike,lighting,weather,first_harmful_event,latitude,longitude,in_city,src_layer
102226311,2018-11-27,2018,,94.0,,,0,0,N,0.0,0.0,0.0,,,,,,,,35.94608,-86.80754,False,Crashes_2010_2019_MPO
100909326,2015-07-20,2015,,19.0,,,0,0,N,0.0,0.0,0.0,,,,,,,,36.03887,-86.78298,False,Crashes_2010_2019_MPO
100617428,2014-09-11,2014,,94.0,,,0,0,N,0.0,0.0,0.0,,,,,,,,35.94816,-86.81784,False,Crashes_2010_2019_MPO
101406114,2016-10-17,2016,,19.0,,,0,1,N,0.0,1.0,0.0,,,,,,,,36.0477,-86.71354,False,Crashes_2010_2019_MPO
102070313,2018-07-10,2018,,94.0,,,0,0,N,0.0,0.0,0.0,,,,,,,,35.92974,-86.85585,False,Crashes_2010_2019_MPO
100234256,2012-10-03,2012,,94.0,,,0,0,N,0.0,0.0,0.0,,,,,,,,35.99551,-86.77889,True,Crashes_2010_2019_MPO
102323548,2019-03-07,2019,,94.0,,,0,0,N,0.0,0.0,0.0,,,,,,,,35.96705,-86.81355,True,Crashes_2010_2019_MPO
101708290,2017-07-21,2017,,19.0,,,0,0,N,0.0,0.0,0.0,,,,,,,,36.04749,-86.68766,False,Crashes_2010_2019_MPO
101954774,2018-03-24,2018,,94.0,,,0,0,N,0.0,0.0,0.0,,,,,,,,35.96876,-86.80728,True,Crashes_2010_2019_MPO
100389791,2013-10-10,2013,,94.0,,,0,0,N,0.0,0.0,0.0,,,,,,,,35.97406,-86.83504,False,Crashes_2010_2019_MPO
102568027,2019-11-14,2019,,19.0,,,0,0,N,0.0,0.0,0.0,,,,,,,,36.04921,-86.86971,False,Crashes_2010_2019_MPO
101529070,2017-01-19,2017,,94.0,,,0,0,N,0.0,0.0,0.0,,,,,,,,35.97651,-86.8273,True,Crashes_2010_2019_MPO
100704680,2014-12-05,2014,,94.0,,,0,0,N,0.0,0.0,0.0,,,,,,,,35.93581,-86.81814,False,Crashes_2010_2019_MPO
100773787,2015-03-17,2015,,94.0,,,0,0,N,0.0,0.0,0.0,,,,,,,,35.92553,-86.78661,False,Crashes_2010_2019_MPO
101816544,2017-11-06,2017,,19.0,,,0,0,N,0.0,0.0,0.0,,,,,,,,36.04027,-86.74503,False,Crashes_2010_2019_MPO
101693420,2017-06-29,2017,,94.0,,,0,0,N,0.0,0.0,0.0,,,,,,,,36.00171,-86.79368,True,Crashes_2010_2019_MPO
100941380,2015-08-29,2015,,94.0,,,0,0,N,0.0,0.0,0.0,,,,,,,,35.95037,-86.84888,False,Crashes_2010_2019_MPO
101564192,2017-02-24,2017,,19.0,,,0,0,N,0.0,0.0,0.0,,,,,,,,36.02935,-86.71254,False,Crashes_2010_2019_MPO
100252667,2012-11-13,2012,,94.0,,,0,0,N,0.0,0.0,0.0,,,,,,,,35.92743,-86.74134,False,Crashes_2010_2019_MPO
100966335,2015-09-24,2015,,94.0,,,0,0,N,0.0,0.0,0.0,,,,,,,,35.98229,-86.72468,True,Crashes_2010_2019_MPO
101964250,2018-04-02,2018,,94.0,,,0,0,N,0.0,0.0,0.0,,,,,,,,35.97734,-86.72553,True,Crashes_2010_2019_MPO
100965941,2015-09-23,2015,,94.0,,,0,0,N,0.0,0.0,0.0,,,,,,,,35.93852,-86.87916,False,Crashes_2010_2019_MPO
101716663,2017-07-31,2017,,94.0,,,0,0,N,0.0,0.0,0.0,,,,,,,,36.0343,-86.79174,True,Crashes_2010_2019_MPO
101240056,2016-06-06,2016,,94.0,,,0,0,N,0.0,0.0,0.0,,,,,,,,35.966676,-86.809157,True,Crashes_2010_2019_MPO
101798633,2017-10-20,2017,,94.0,,,0,0,N,0.0,0.0,0.0,,,,,,,,35.967441,-86.80836,True,Crashes_2010_2019_MPO
101917034,2018-02-15,2018,,94.0,,,0,0,N,0.0,0.0,0.0,,,,,,,,35.96756,-86.81671,True,Crashes_2010_2019_MPO
101739224,2017-08-21,2017,,19.0,,,0,0,N,0.0,0.0,0.0,,,,,,,,36.03808,-86.78241,False,Crashes_2010_2019_MPO
101653646,2017-05-24,2017,,94.0,,,0,0,N,0.0,0.0,0.0,,,,,,,,35.96573,-86.77235,True,Crashes_2010_2019_MPO
101867301,2017-12-22,2017,,94.0,,,0,0,N,0.0,0.0,0.0,,,,,,,,35.9967,-86.81058,True,Crashes_2010_2019_MPO
101864039,2017-12-19,2017,,94.0,,,0,0,N,0.0,0.0,0.0,,,,,,,,36.00812,-86.80431,True,Crashes_2010_2019_MPO
100199619,2012-07-09,2012,,94.0,,,0,0,N,0.0,0.0,0.0,,,,,,,,36.00663,-86.80533,True,Crashes_2010_2019_MPO
100397547,2013-10-29,2013,,94.0,,,0,0,N,0.0,0.0,0.0,,,,,,,,35.94707,-86.8219,False,Crashes_2010_2019_MPO
102443814,2019-07-10,2019,,19.0,,,0,0,N,0.0,0.0,0.0,,,,,,,,36.04667,-86.86001,False,Crashes_2010_2019_MPO
101163142,2016-04-13,2016,,19.0,,,0,0,N,0.0,0.0,0.0,,,,,,,,36.04302,-86.69087,False,Crashes_2010_2019_MPO
100661427,2014-10-29,2014,,19.0,,,0,0,N,0.0,0.0,0.0,,,,,,,,35.99686,-86.68989,False,Crashes_2010_2019_MPO
101037709,2015-11-27,2015,,19.0,,,0,0,Y,0.0,0.0,1.0,,,,,,,,36.04802,-86.71358,False,Crashes_2010_2019_MPO
100486545,2014-04-15,2014,,94.0,,,0,0,N,0.0,0.0,0.0,,,,,,,,35.94294,-86.84328,False,Crashes_2010_2019_MPO
102472750,2019-08-09,2019,,19.0,,,0,0,N,0.0,0.0,0.0,,,,,,,,36.03948,-86.78177,False,Crashes_2010_2019_MPO
102027657,2018-05-30,2018,,19.0,,,0,0,N,0.0,0.0,0.0,,,,,,,,36.03517,-86.76871,False,Crashes_2010_2019_MPO
100382565,2013-09-23,2013,,94.0,,,0,0,Y,0.0,0.0,1.0,,,,,,,,35.92508,-86.87357,False,Crashes_2010_2019_MPO
101840244,2017-11-27,2017,,94.0,,,0,0,N,0.0,0.0,0.0,,,,,,,,35.9295,-86.84135,False,Crashes_2010_2019_MPO
101796251,2017-10-18,2017,,94.0,,,0,0,N,0.0,0.0,0.0,,,,,,,,35.92304,-86.81684,False,Crashes_2010_2019_MPO
102177181,2018-10-13,2018,,19.0,,,0,0,N,0.0,0.0,0.0,,,,,,,,36.0522,-86.74309,False,Crashes_2010_2019_MPO
102286419,2019-01-24,2019,,19.0,,,0,0,N,0.0,0.0,0.0,,,,,,,,36.04086,-86.77367,False,Crashes_2010_2019_MPO
102438618,2019-07-05,2019,,94.0,,,0,0,N,0.0,0.0,0.0,,,,,,,,35.96458,-86.81449,False,Crashes_2010_2019_MPO
101357093,2016-09-08,2016,,19.0,,,0,0,N,0.0,0.0,0.0,,,,,,,,36.01238,-86.70361,False,Crashes_2010_2019_MPO
101289356,2016-07-20,2016,,94.0,,,0,0,N,0.0,0.0,0.0,,,,,,,,35.93218,-86.79403,False,Crashes_2010_2019_MPO
102601108,2019-12-18,2019,,94.0,,,0,0,N,0.0,0.0,0.0,,,,,,,,35.92577,-86.87297,False,Crashes_2010_2019_MPO
101694804,2017-07-07,2017,,19.0,,,0,0,N,0.0,0.0,0.0,,,,,,,,36.04558,-86.85469,False,Crashes_2010_2019_MPO
101431693,2016-11-04,2016,,94.0,,,0,0,N,0.0,0.0,0.0,,,,,,,,35.92957,-86.84187,False,Crashes_2010_2019_MPO
101037167,2015-11-26,2015,,94.0,,,0,0,N,0.0,0.0,0.0,,,,,,,,35.99338,-86.69895,True,Crashes_2010_2019_MPO
102190794,2018-10-26,2018,,94.0,,,0,0,N,0.0,0.0,0.0,,,,,,,,35.97607,-86.8292,True,Crashes_2010_2019_MPO
100499740,2014-04-23,2014,,94.0,,,0,0,N,0.0,0.0,0.0,,,,,,,,35.99772,-86.79469,True,Crashes_2010_2019_MPO
101189114,2016-05-06,2016,,94.0,,,0,0,N,0.0,0.0,0.0,,,,,,,,35.94788,-86.8195,False,Crashes_2010_2019_MPO
101671608,2017-06-12,2017,,19.0,,,0,0,N,0.0,0.0,0.0,,,,,,,,36.04097,-86.74371,False,Crashes_2010_2019_MPO
101431953,2016-11-04,2016,,94.0,,,0,0,N,0.0,0.0,0.0,,,,,,,,35.99597,-86.78377,True,Crashes_2010_2019_MPO
101503436,2017-01-12,2017,,94.0,,,0,0,N,0.0,0.0,0.0,,,,,,,,35.97716,-86.67813,False,Crashes_2010_2019_MPO
102581356,2019-11-26,2019,,94.0,,,0,0,N,0.0,0.0,0.0,,,,,,,,35.9675,-86.81626,True,Crashes_2010_2019_MPO
101152674,2016-03-28,2016,,19.0,,,0,0,N,0.0,0.0,0.0,,,,,,,,36.03924,-86.81648,True,Crashes_2010_2019_MPO
102599648,2019-12-16,2019,,94.0,,,0,0,N,0.0,0.0,0.0,,,,,,,,35.96312,-86.81897,True,Crashes_2010_2019_MPO
101746880,2017-08-31,2017,,19.0,,,0,0,N,0.0,0.0,0.0,,,,,,,,36.04475,-86.8481,False,Crashes_2010_2019_MPO
101902634,2018-01-31,2018,,19.0,,,0,0,N,0.0,0.0,0.0,,,,,,,,36.03969,-86.76007,False,Crashes_2010_2019_MPO
102183665,2018-10-20,2018,,94.0,,,0,0,N,0.0,0.0,0.0,,,,,,,,35.97345,-86.83295,True,Crashes_2010_2019_MPO
101535675,2017-01-26,2017,,19.0,,,0,0,N,0.0,0.0,0.0,,,,,,,,36.0387,-86.73097,False,Crashes_2010_2019_MPO
102175661,2018-10-10,2018,,94.0,,,0,0,N,0.0,0.0,0.0,,,,,,,,35.92999,-86.86435,False,Crashes_2010_2019_MPO
101329815,2016-08-17,2016,,94.0,,,0,0,N,0.0,0.0,0.0,,,,,,,,35.94807,-86.81114,False,Crashes_2010_2019_MPO
101565422,2017-02-24,2017,,94.0,,,0,0,N,0.0,0.0,0.0,,,,,,,,35.94878,-86.80885,False,Crashes_2010_2019_MPO
102151919,2018-09-20,2018,,94.0,,,0,0,N,0.0,0.0,0.0,,,,,,,,35.95223,-86.80522,False,Crashes_2010_2019_MPO
102254282,2018-12-21,2018,,94.0,,,0,0,N,0.0,0.0,0.0,,,,,,,,36.01379,-86.83749,True,Crashes_2010_2019_MPO
102047338,2018-06-18,2018,,94.0,,,0,0,N,0.0,0.0,0.0,,,,,,,,35.95829,-86.7678,True,Crashes_2010_2019_MPO
101653987,2017-05-25,2017,,94.0,,,0,0,N,0.0,0.0,0.0,,,,,,,,35.94916,-86.75172,True,Crashes_2010_2019_MPO
101648604,2017-05-19,2017,,19.0,,,0,0,N,0.0,0.0,0.0,,,,,,,,36.0408,-86.77957,False,Crashes_2010_2019_MPO
102057049,2018-06-28,2018,,94.0,,,0,0,N,0.0,0.0,0.0,,,,,,,,36.01082,-86.81566,True,Crashes_2010_2019_MPO
100665438,2014-11-05,2014,,94.0,,,0,0,N,0.0,0.0,0.0,,,,,,,,35.97494,-86.83142,True,Crashes_2010_2019_MPO
100909261,2015-07-20,2015,,19.0,,,0,0,N,0.0,0.0,0.0,,,,,,,,36.04646,-86.85897,False,Crashes_2010_2019_MPO
101471267,2016-12-08,2016,,94.0,,,0,0,N,0.0,0.0,0.0,,,,,,,,36.01217,-86.78511,True,Crashes_2010_2019_MPO
101955200,2018-03-24,2018,,19.0,,,0,0,N,0.0,0.0,0.0,,,,,,,,36.0399,-86.71278,False,Crashes_2010_2019_MPO
101098692,2016-02-03,2016,,94.0,,,0,0,N,0.0,0.0,0.0,,,,,,,,35.99751,-86.79624,True,Crashes_2010_2019_MPO
102432147,2019-06-28,2019,,19.0,,,1,1,N,1.0,1.0,0.0,,,,,,,,36.0452,-86.71621,False,Crashes_2010_2019_MPO
102059545,2018-06-28,2018,,94.0,,,0,0,N,0.0,0.0,0.0,,,,,,,,35.99109,-86.81401,True,Crashes_2010_2019_MPO
102084314,2018-07-23,2018,,19.0,,,0,0,N,0.0,0.0,0.0,,,,,,,,36.04522,-86.71479,False,Crashes_2010_2019_MPO
100982728,2015-10-20,2015,,94.0,,,0,0,N,0.0,0.0,0.0,,,,,,,,35.93446,-86.81991,False,Crashes_2010_2019_MPO
101126494,2016-03-02,2016,,19.0,,,0,0,N,0.0,0.0,0.0,,,,,,,,36.04244,-86.71184,False,Crashes_2010_2019_MPO
102116300,2018-08-20,2018,,94.0,,,0,0,N,0.0,0.0,0.0,,,,,,,,35.99073,-86.75085,True,Crashes_2010_2019_MPO
101441835,2016-11-15,2016,,94.0,,,0,0,N,0.0,0.0,0.0,,,,,,,,35.93273,-86.86229,False,Crashes_2010_2019_MPO
102195534,2018-10-30,2018,,94.0,,,0,0,N,0.0,0.0,0.0,,,,,,,,35.92333,-86.84421,False,Crashes_2010_2019_MPO
100875670,2015-06-23,2015,,94.0,,,0,0,N,0.0,0.0,0.0,,,,,,,,35.92256,-86.87012,False,Crashes_2010_2019_MPO
100441555,2014-02-11,2014,,94.0,,,0,0,N,0.0,0.0,0.0,,,,,,,,35.97694,-86.82541,True,Crashes_2010_2019_MPO
100733301,2015-02-06,2015,,94.0,,,0,0,N,0.0,0.0,0.0,,,,,,,,35.94691,-86.8525,False,Crashes_2010_2019_MPO
102467885,2019-08-04,2019,,19.0,,,0,3,N,0.0,1.0,0.0,,,,,,,,36.0413,-86.77856,False,Crashes_2010_2019_MPO
102427973,2019-06-24,2019,,19.0,,,0,0,N,0.0,0.0,0.0,,,,,,,,36.03995,-86.7426,False,Crashes_2010_2019_MPO
102188444,2018-10-24,2018,,19.0,,,0,0,N,0.0,0.0,0.0,,,,,,,,36.04697,-86.68012,False,Crashes_2010_2019_MPO
101950004,2018-03-20,2018,,94.0,,,0,0,N,0.0,0.0,0.0,,,,,,,,35.99734,-86.79486,True,Crashes_2010_2019_MPO
102544601,2019-10-21,2019,,94.0,,,0,0,N,0.0,0.0,0.0,,,,,,,,36.03689,-86.81684,True,Crashes_2010_2019_MPO
100357065,2013-07-21,2013,,94.0,,,0,0,N,0.0,0.0,0.0,,,,,,,,35.97625,-86.82846,True,Crashes_2010_2019_MPO
101390276,2016-09-26,2016,,94.0,,,0,0,N,0.0,0.0,0.0,,,,,,,,35.96798,-86.81833,True,Crashes_2010_2019_MPO
102530641,2019-10-05,2019,,19.0,,,0,0,N,0.0,0.0,0.0,,,,,,,,36.04549,-86.7045,False,Crashes_2010_2019_MPO
101453316,2016-11-18,2016,,19.0,,,0,0,N,0.0,0.0,0.0,,,,,,,,36.03795,-86.79752,False,Crashes_2010_2019_MPO
102264956,2018-12-31,2018,,94.0,,,0,0,N,0.0,0.0,0.0,,,,,,,,35.92427,-86.78919,False,Crashes_2010_2019_MPO
102255059,2018-12-19,2018,,94.0,,,0,1,N,0.0,1.0,0.0,,,,,,,,35.93773,-86.82098,False,Crashes_2010_2019_MPO
100404057,2013-11-12,2013,,94.0,,,0,0,N,0.0,0.0,0.0,,,,,,,,35.93034,-86.82424,False,Crashes_2010_2019_MPO
102388159,2019-05-10,2019,,94.0,,,0,0,N,0.0,0.0,0.0,,,,,,,,35.97334,-86.83305,True,Crashes_2010_2019_MPO
101746760,2017-08-31,2017,,94.0,,,0,0,N,0.0,0.0,0.0,,,,,,,,35.96114,-86.80934,False,Crashes_2010_2019_MPO
100823190,2015-04-24,2015,,94.0,,,0,0,N,0.0,0.0,0.0,,,,,,,,36.02828,-86.79151,True,Crashes_2010_2019_MPO
100413414,2013-11-21,2013,,94.0,,,0,0,N,0.0,0.0,0.0,,,,,,,,35.94066,-86.83419,False,Crashes_2010_2019_MPO
102539380,2019-10-16,2019,,19.0,,,0,0,N,0.0,0.0,0.0,,,,,,,,36.03258,-86.78915,True,Crashes_2010_2019_MPO
101318685,2016-08-01,2016,,19.0,,,0,0,N,0.0,0.0,0.0,,,,,,,,36.04127,-86.78251,False,Crashes_2010_2019_MPO
102486574,2019-08-22,2019,,94.0,,,0,0,N,0.0,0.0,0.0,,,,,,,,35.92641,-86.82453,False,Crashes_2010_2019_MPO
102152971,2018-09-20,2018,,94.0,,,0,0,N,0.0,0.0,0.0,,,,,,,,35.94675,-86.85178,False,Crashes_2010_2019_MPO
100278073,2013-01-12,2013,,94.0,,,0,0,N,0.0,0.0,0.0,,,,,,,,36.01389,-86.78523,True,Crashes_2010_2019_MPO
100885269,2015-07-05,2015,,94.0,,,0,0,N,0.0,0.0,0.0,,,,,,,,35.99465,-86.79774,True,Crashes_2010_2019_MPO
101888509,2018-01-16,2018,,19.0,,,0,0,N,0.0,0.0,0.0,,,,,,,,36.04518,-86.73219,False,Crashes_2010_2019_MPO
100336350,2013-05-30,2013,,94.0,,,0,0,N,0.0,0.0,0.0,,,,,,,,36.02945,-86.87625,False,Crashes_2010_2019_MPO
101789291,2017-10-12,2017,,19.0,,,0,0,N,0.0,0.0,0.0,,,,,,,,36.0417,-86.82395,False,Crashes_2010_2019_MPO
101934306,2018-03-05,2018,,19.0,,,0,0,N,0.0,0.0,0.0,,,,,,,,35.99841,-86.69204,False,Crashes_2010_2019_MPO
100548949,2014-06-09,2014,,94.0,,,0,0,N,0.0,0.0,0.0,,,,,,,,35.93048,-86.86398,False,Crashes_2010_2019_MPO
101182966,2016-04-28,2016,,19.0,,,0,0,N,0.0,0.0,0.0,,,,,,,,36.04226,-86.77766,False,Crashes_2010_2019_MPO
101331698,2016-08-19,2016,,94.0,,,0,0,N,0.0,0.0,0.0,,,,,,,,35.94683,-86.82183,False,Crashes_2010_2019_MPO
101185345,2016-05-01,2016,,94.0,,,0,0,N,0.0,0.0,0.0,,,,,,,,35.93446,-86.81991,False,Crashes_2010_2019_MPO
101077627,2016-01-14,2016,,19.0,,,0,0,N,0.0,0.0,0.0,,,,,,,,36.0382,-86.78636,False,Crashes_2010_2019_MPO
101924999,2018-02-23,2018,,94.0,,,0,0,N,0.0,0.0,0.0,,,,,,,,36.00079,-86.79431,True,Crashes_2010_2019_MPO
100571131,2014-07-09,2014,,94.0,,,0,0,N,0.0,0.0,0.0,,,,,,,,35.92707,-86.82444,False,Crashes_2010_2019_MPO
101602532,2017-04-03,2017,,19.0,,,0,0,N,0.0,0.0,0.0,,,,,,,,36.04546,-86.70403,False,Crashes_2010_2019_MPO
102282283,2019-01-20,2019,,19.0,,,0,0,N,0.0,0.0,0.0,,,,,,,,36.05364,-86.70321,False,Crashes_2010_2019_MPO
100344791,2013-06-21,2013,,94.0,,,0,0,N,0.0,0.0,0.0,,,,,,,,35.99004,-86.74527,True,Crashes_2010_2019_MPO
101714295,2017-07-28,2017,,94.0,,,0,0,N,0.0,0.0,0.0,,,,,,,,35.97334,-86.83305,True,Crashes_2010_2019_MPO
101990019,2018-04-26,2018,,94.0,,,0,0,N,0.0,0.0,0.0,,,,,,,,35.93962,-86.83084,False,Crashes_2010_2019_MPO
10417107,2011-03-23,2011,,19.0,,,0,0, ,0.0,0.0,0.0,,,,,,,,36.040287,-86.744894,False,Crashes_2010_2019_MPO
102576522,2019-11-22,2019,,94.0,,,0,0,N,0.0,0.0,0.0,,,,,,,,35.93808,-86.8218,False,Crashes_2010_2019_MPO
102455296,2019-07-22,2019,,94.0,,,0,0,N,0.0,0.0,0.0,,,,,,,,35.95439,-86.81194,False,Crashes_2010_2019_MPO
102555456,2019-11-01,2019,,19.0,,,0,0,N,0.0,0.0,0.0,,,,,,,,36.03761,-86.78512,False,Crashes_2010_2019_MPO
101968798,2018-04-06,2018,,94.0,,,0,0,N,0.0,0.0,0.0,,,,,,,,35.94272,-86.82081,False,Crashes_2010_2019_MPO
101453940,2016-11-18,2016,,19.0,,,0,0,N,0.0,0.0,0.0,,,,,,,,36.04682,-86.67924,False,Crashes_2010_2019_MPO
102165810,2018-10-03,2018,,94.0,,,0,0,N,0.0,0.0,0.0,,,,,,,,35.93285,-86.86221,False,Crashes_2010_2019_MPO
102245944,2018-12-14,2018,,94.0,,,0,0,N,0.0,0.0,0.0,,,,,,,,36.01511,-86.73575,False,Crashes_2010_2019_MPO
100767725,2015-03-06,2015,,19.0,,,0,0,N,0.0,0.0,0.0,,,,,,,,36.01416,-86.67916,False,Crashes_2010_2019_MPO
101925989,2018-02-24,2018,,94.0,,,0,0,N,0.0,0.0,0.0,,,,,,,,35.96716,-86.81351,True,Crashes_2010_2019_MPO
100881492,2015-07-04,2015,,19.0,,,0,0,N,0.0,0.0,0.0,,,,,,,,36.04001,-86.74349,False,Crashes_2010_2019_MPO
100862043,2015-06-17,2015,,19.0,,,0,0,N,0.0,0.0,0.0,,,,,,,,36.04392,-86.69328,False,Crashes_2010_2019_MPO
102119157,2018-08-23,2018,,19.0,,,0,0,N,0.0,0.0,0.0,,,,,,,,36.0452,-86.71518,False,Crashes_2010_2019_MPO
100321808,2013-04-26,2013,,94.0,,,0,0,N,0.0,0.0,0.0,,,,,,,,35.94595,-86.81638,False,Crashes_2010_2019_MPO
101127800,2016-03-04,2016,,94.0,,,0,0,N,0.0,0.0,0.0,,,,,,,,35.93093,-86.87645,False,Crashes_2010_2019_MPO
102140826,2018-09-06,2018,,19.0,,,0,0,N,0.0,0.0,0.0,,,,,,,,36.0453,-86.70168,False,Crashes_2010_2019_MPO
101498470,2017-01-06,2017,,94.0,,,0,0,N,0.0,0.0,0.0,,,,,,,,35.9292,-86.6808,False,Crashes_2010_2019_MPO
100418593,2013-12-09,2013,,94.0,,,0,0,N,0.0,0.0,0.0,,,,,,,,35.94761,-86.81992,False,Crashes_2010_2019_MPO
102174247,2018-10-11,2018,,94.0,,,0,0,N,0.0,0.0,0.0,,,,,,,,35.99643,-86.78798,True,Crashes_2010_2019_MPO
101940454,2018-03-10,2018,,19.0,,,0,0,N,0.0,0.0,0.0,,,,,,,,36.04144,-86.78247,False,Crashes_2010_2019_MPO
101563119,2017-02-22,2017,,19.0,,,0,0,N,0.0,0.0,0.0,,,,,,,,36.03743,-86.78634,False,Crashes_2010_2019_MPO
102035452,2018-06-07,2018,,19.0,,,0,0,N,0.0,0.0,0.0,,,,,,,,36.04573,-86.85543,False,Crashes_2010_2019_MPO
101948777,2018-03-18,2018,,94.0,,,0,0,N,0.0,0.0,0.0,,,,,,,,35.9783,-86.7498,True,Crashes_2010_2019_MPO
101562091,2017-02-21,2017,,19.0,,,0,0,N,0.0,0.0,0.0,,,,,,,,36.03979,-86.74045,False,Crashes_2010_2019_MPO
101777824,2017-09-30,2017,,94.0,,,0,0,N,0.0,0.0,0.0,,,,,,,,35.94699,-86.81151,False,Crashes_2010_2019_MPO
100500337,2014-04-24,2014,,94.0,,,0,0,N,0.0,0.0,0.0,,,,,,,,35.96515,-86.81413,False,Crashes_2010_2019_MPO
100916351,2015-08-02,2015,,19.0,,,0,0,N,0.0,0.0,0.0,,,,,,,,36.042,-86.83452,False,Crashes_2010_2019_MPO
102200456,2018-11-04,2018,,94.0,,,0,0,N,0.0,0.0,0.0,,,,,,,,35.97791,-86.77113,True,Crashes_2010_2019_MPO
101758618,2017-09-12,2017,,94.0,,,0,0,N,0.0,0.0,0.0,,,,,,,,35.94675,-86.85178,False,Crashes_2010_2019_MPO
101564380,2017-02-23,2017,,94.0,,,0,0,N,0.0,0.0,0.0,,,,,,,,35.96663,-86.80999,True,Crashes_2010_2019_MPO
102607790,2019-12-26,2019,,94.0,,,0,0,N,0.0,0.0,0.0,,,,,,,,35.96705,-86.81355,True,Crashes_2010_2019_MPO
102253621,2018-12-20,2018,,94.0,,,0,0,N,0.0,0.0,0.0,,,,,,,,35.95411,-86.81203,False,Crashes_2010_2019_MPO
101066004,2015-12-22,2015,,94.0,,,0,0,N,0.0,0.0,0.0,,,,,,,,35.95368,-86.71968,False,Crashes_2010_2019_MPO
100831631,2015-05-07,2015,,94.0,,,0,0,N,0.0,0.0,0.0,,,,,,,,35.96396,-86.80861,False,Crashes_2010_2019_MPO
100442924,2014-02-14,2014,,94.0,,,0,0,N,0.0,0.0,0.0,,,,,,,,35.92443,-86.80252,False,Crashes_2010_2019_MPO
101330973,2016-08-19,2016,,94.0,,,0,0,N,0.0,0.0,0.0,,,,,,,,35.97817,-86.75898,True,Crashes_2010_2019_MPO
101003034,2015-11-04,2015,,94.0,,,0,0,N,0.0,0.0,0.0,,,,,,,,35.94749,-86.8197,False,Crashes_2010_2019_MPO
100136841,2012-01-12,2012,,94.0,,,0,0,N,0.0,0.0,0.0,,,,,,,,36.03066,-86.78358,True,Crashes_2010_2019_MPO
100830544,2015-05-08,2015,,94.0,,,0,0,N,0.0,0.0,0.0,,,,,,,,35.93314,-86.81159,False,Crashes_2010_2019_MPO
101067130,2015-12-25,2015,,94.0,,,0,0,N,0.0,0.0,0.0,,,,,,,,35.96515,-86.72714,True,Crashes_2010_2019_MPO
101285371,2016-07-11,2016,,19.0,,,0,0,N,0.0,0.0,0.0,,,,,,,,36.03122,-86.87558,False,Crashes_2010_2019_MPO
101035133,2015-11-23,2015,,94.0,,,0,0,N,0.0,0.0,0.0,,,,,,,,35.94598,-86.82378,False,Crashes_2010_2019_MPO
100750199,2015-02-20,2015,,94.0,,,0,0,N,0.0,0.0,0.0,,,,,,,,35.9393,-86.76788,False,Crashes_2010_2019_MPO
100679895,2014-11-13,2014,,19.0,,,0,0,N,0.0,0.0,0.0,,,,,,,,36.04522,-86.71644,False,Crashes_2010_2019_MPO
100658307,2014-10-24,2014,,19.0,,,0,0,N,0.0,0.0,0.0,,,,,,,,36.04045,-86.76977,False,Crashes_2010_2019_MPO
101951082,2018-03-21,2018,,19.0,,,0,0,N,0.0,0.0,0.0,,,,,,,,36.04175,-86.7439,False,Crashes_2010_2019_MPO
101602710,2017-04-04,2017,,94.0,,,0,0,N,0.0,0.0,0.0,,,,,,,,35.94804,-86.86368,False,Crashes_2010_2019_MPO
102423089,2019-06-19,2019,,19.0,,,0,0,N,0.0,0.0,0.0,,,,,,,,36.04171,-86.74844,False,Crashes_2010_2019_MPO
102466711,2019-08-03,2019,,94.0,,,0,0,N,0.0,0.0,0.0,,,,,,,,35.95842,-86.80311,False,Crashes_2010_2019_MPO
102062376,2018-06-28,2018,,94.0,,,0,0,N,0.0,0.0,0.0,,,,,,,,35.99291,-86.81254,True,Crashes_2010_2019_MPO
101548909,2017-02-09,2017,,19.0,,,0,0,N,0.0,0.0,0.0,,,,,,,,36.04038,-86.74526,False,Crashes_2010_2019_MPO
101850257,2017-12-06,2017,,94.0,,,0,0,N,0.0,0.0,0.0,,,,,,,,35.95639,-86.83217,False,Crashes_2010_2019_MPO
100998783,2015-10-29,2015,,94.0,,,0,0,N,0.0,0.0,0.0,,,,,,,,35.97932,-86.80304,True,Crashes_2010_2019_MPO
102554612,2019-11-01,2019,,94.0,,,0,0,N,0.0,0.0,0.0,,,,,,,,35.93871,-86.81753,False,Crashes_2010_2019_MPO
100963514,2015-09-19,2015,,94.0,,,0,0,N,0.0,0.0,0.0,,,,,,,,35.96671,-86.81055,True,Crashes_2010_2019_MPO
102514971,2019-09-20,2019,,94.0,,,0,0,N,0.0,0.0,0.0,,,,,,,,35.93215,-86.79441,False,Crashes_2010_2019_MPO
101784191,2017-10-06,2017,,94.0,,,0,0,N,0.0,0.0,0.0,,,,,,,,36.00344,-86.71836,True,Crashes_2010_2019_MPO
102478911,2019-08-14,2019,,94.0,,,0,0,N,0.0,0.0,0.0,,,,,,,,36.03311,-86.78656,True,Crashes_2010_2019_MPO
100911384,2015-07-22,2015,,94.0,,,0,0,N,0.0,0.0,0.0,,,,,,,,36.00114,-86.79392,True,Crashes_2010_2019_MPO
100383536,2013-09-24,2013,,94.0,,,0,0,N,0.0,0.0,0.0,,,,,,,,35.9498,-86.81328,False,Crashes_2010_2019_MPO
101950034,2018-03-20,2018,,94.0,,,0,0,N,0.0,0.0,0.0,,,,,,,,35.96215,-86.694,False,Crashes_2010_2019_MPO
100365382,2013-07-31,2013,,94.0,,,0,0,N,0.0,0.0,0.0,,,,,,,,35.94707,-86.8219,False,Crashes_2010_2019_MPO
100144136,2012-01-30,2012,,94.0,,,1,0,N,1.0,0.0,0.0,,,,,,,,36.00816,-86.78672,True,Crashes_2010_2019_MPO