mstrrecnbr,collision_ts,year,county,countystat,crash,crash_type,fatalities,non_motorists,commercial,fatal_c,nonmotor_c,truck_c,fatalc,serious_injuries,ped,bike,lighting,weather,first_harmful_event,latitude,longitude,in_city,src_layer
101003648,2015-11-05,2015,,94.0,,,0,0,N,0.0,0.0,0.0,,,,,,,,35.92936,-86.84416,False,Crashes_2010_2019_MPO
101620772,2017-04-20,2017,,94.0,,,0,0,N,0.0,0.0,0.0,,,,,,,,35.99808,-86.8012,True,Crashes_2010_2019_MPO
101105283,2016-02-13,2016,,19.0,,,0,0,N,0.0,0.0,0.0,,,,,,,,36.05286,-86.70139,False,Crashes_2010_2019_MPO
101347791,2016-08-27,2016,,94.0,,,0,0,N,0.0,0.0,0.0,,,,,,,,35.92854,-86.82094,False,Crashes_2010_2019_MPO
100166290,2012-04-06,2012,,94.0,,,0,0,Y,0.0,0.0,1.0,,,,,,,,35.99315,-86.69646,True,Crashes_2010_2019_MPO
101334151,2016-08-23,2016,,94.0,,,0,0,N,0.0,0.0,0.0,,,,,,,,35.98308,-86.80173,True,Crashes_2010_2019_MPO
100850734,2015-05-26,2015,,94.0,,,0,0,N,0.0,0.0,0.0,,,,,,,,36.00244,-86.79261,True,Crashes_2010_2019_MPO
102534452,2019-10-10,2019,,94.0,,,0,0,N,0.0,0.0,0.0,,,,,,,,35.93331,-86.81492,False,Crashes_2010_2019_MPO
100632885,2014-09-23,2014,,94.0,,,0,0,N,0.0,0.0,0.0,,,,,,,,36.00153,-86.79387,True,Crashes_2010_2019_MPO
102519678,2019-09-25,2019,,94.0,,,0,0,N,0.0,0.0,0.0,,,,,,,,35.9655,-86.8058,False,Crashes_2010_2019_MPO
100511073,2014-05-16,2014,,94.0,,,0,0,N,0.0,0.0,0.0,,,,,,,,35.93756,-86.76808,False,Crashes_2010_2019_MPO
100382445,2013-09-23,2013,,94.0,,,0,0,N,0.0,0.0,0.0,,,,,,,,35.99474,-86.76961,True,Crashes_2010_2019_MPO
101048995,2015-12-14,2015,,19.0,,,0,0,N,0.0,0.0,0.0,,,,,,,,36.03256,-86.7687,False,Crashes_2010_2019_MPO
100307544,2013-03-14,2013,,94.0,,,0,0,N,0.0,0.0,0.0,,,,,,,,35.92474,-86.87429,False,Crashes_2010_2019_MPO
100401001,2013-11-05,2013,,94.0,,,0,0,N,0.0,0.0,0.0,,,,,,,,35.9346,-86.81972,False,Crashes_2010_2019_MPO
101631291,2017-05-01,2017,,19.0,,,0,0,N,0.0,0.0,0.0,,,,,,,,36.0417,-86.78243,False,Crashes_2010_2019_MPO
101184892,2016-04-29,2016,,94.0,,,0,0,N,0.0,0.0,0.0,,,,,,,,35.9823,-86.846,False,Crashes_2010_2019_MPO
101468348,2016-12-05,2016,,94.0,,,0,0,N,0.0,0.0,0.0,,,,,,,,35.93412,-86.81159,False,Crashes_2010_2019_MPO
102350593,2019-04-04,2019,,19.0,,,0,0,N,0.0,0.0,0.0,,,,,,,,36.04479,-86.72487,False,Crashes_2010_2019_MPO
101931848,2018-03-02,2018,,19.0,,,0,0,N,0.0,0.0,0.0,,,,,,,,36.04053,-86.77052,False,Crashes_2010_2019_MPO
100380083,2013-09-17,2013,,94.0,,,0,0,N,0.0,0.0,0.0,,,,,,,,35.99758,-86.79685,True,Crashes_2010_2019_MPO
101758412,2017-09-12,2017,,94.0,,,0,0,N,0.0,0.0,0.0,,,,,,,,35.9583,-86.8023,False,Crashes_2010_2019_MPO
102280448,2019-01-18,2019,,94.0,,,0,0,N,0.0,0.0,0.0,,,,,,,,35.94877,-86.74755,True,Crashes_2010_2019_MPO
100245097,2012-10-30,2012,,94.0,,,0,0,N,0.0,0.0,0.0,,,,,,,,35.9968,-86.79114,True,Crashes_2010_2019_MPO
101148917,2016-03-22,2016,,94.0,,,0,0,N,0.0,0.0,0.0,,,,,,,,35.93439,-86.8144,False,Crashes_2010_2019_MPO
101131015,2016-02-16,2016,,19.0,,,0,0,N,0.0,0.0,0.0,,,,,,,,36.0335,-86.71335,False,Crashes_2010_2019_MPO
100662323,2014-10-30,2014,,94.0,,,0,0,N,0.0,0.0,0.0,,,,,,,,35.92954,-86.84187,False,Crashes_2010_2019_MPO
100769489,2015-03-09,2015,,94.0,,,0,0,N,0.0,0.0,0.0,,,,,,,,35.96615,-86.81075,False,Crashes_2010_2019_MPO
100643401,2014-10-14,2014,,94.0,,,0,0,N,0.0,0.0,0.0,,,,,,,,35.94468,-86.80929,False,Crashes_2010_2019_MPO
101937357,2018-03-08,2018,,94.0,,,0,0,N,0.0,0.0,0.0,,,,,,,,35.92584,-86.86759,False,Crashes_2010_2019_MPO
101098235,2016-02-02,2016,,94.0,,,0,0,N,0.0,0.0,0.0,,,,,,,,35.96962,-86.80831,True,Crashes_2010_2019_MPO
102609827,2019-12-28,2019,,19.0,,,0,0,N,0.0,0.0,0.0,,,,,,,,36.04454,-86.68698,False,Crashes_2010_2019_MPO
101894371,2018-01-22,2018,,94.0,,,0,0,N,0.0,0.0,0.0,,,,,,,,35.95299,-86.81791,False,Crashes_2010_2019_MPO
100224910,2012-09-09,2012,,94.0,,,0,0,N,0.0,0.0,0.0,,,,,,,,35.96708,-86.81356,True,Crashes_2010_2019_MPO
101638410,2017-05-05,2017,,94.0,,,0,0,N,0.0,0.0,0.0,,,,,,,,35.95572,-86.83012,False,Crashes_2010_2019_MPO
101797238,2017-10-19,2017,,94.0,,,0,0,N,0.0,0.0,0.0,,,,,,,,35.998262,-86.803453,True,Crashes_2010_2019_MPO
100393164,2013-10-18,2013,,94.0,,,0,0,N,0.0,0.0,0.0,,,,,,,,35.95223,-86.81887,False,Crashes_2010_2019_MPO
101560400,2017-02-16,2017,,94.0,,,0,0,N,0.0,0.0,0.0,,,,,,,,35.94685,-86.81092,False,Crashes_2010_2019_MPO
102034869,2018-06-06,2018,,94.0,,,0,0,N,0.0,0.0,0.0,,,,,,,,35.96845,-86.81905,True,Crashes_2010_2019_MPO
100590263,2014-08-02,2014,,94.0,,,0,0,N,0.0,0.0,0.0,,,,,,,,35.9486,-86.81972,False,Crashes_2010_2019_MPO
101507733,2017-01-17,2017,,94.0,,,0,0,N,0.0,0.0,0.0,,,,,,,,35.94586,-86.82579,False,Crashes_2010_2019_MPO
102211672,2018-11-15,2018,,94.0,,,0,0,N,0.0,0.0,0.0,,,,,,,,36.02226,-86.87808,False,Crashes_2010_2019_MPO
100355091,2013-07-11,2013,,94.0,,,0,0,N,0.0,0.0,0.0,,,,,,,,35.93033,-86.86409,False,Crashes_2010_2019_MPO
100208378,2012-07-26,2012,,94.0,,,0,0,N,0.0,0.0,0.0,,,,,,,,35.96669,-86.80913,True,Crashes_2010_2019_MPO
101798257,2017-10-20,2017,,94.0,,,0,0,N,0.0,0.0,0.0,,,,,,,,35.96716,-86.81351,True,Crashes_2010_2019_MPO
100500252,2014-04-24,2014,,94.0,,,0,0,N,0.0,0.0,0.0,,,,,,,,35.92278,-86.87401,False,Crashes_2010_2019_MPO
100656085,2014-09-28,2014,,94.0,,,0,0,N,0.0,0.0,0.0,,,,,,,,35.948,-86.6992,False,Crashes_2010_2019_MPO
102026692,2018-05-29,2018,,94.0,,,0,0,N,0.0,0.0,0.0,,,,,,,,36.03347,-86.78908,True,Crashes_2010_2019_MPO
102364316,2019-04-18,2019,,19.0,,,0,0,N,0.0,0.0,0.0,,,,,,,,36.03983,-86.74099,False,Crashes_2010_2019_MPO
102203727,2018-11-06,2018,,94.0,,,0,0,N,0.0,0.0,0.0,,,,,,,,35.94871,-86.8638,False,Crashes_2010_2019_MPO
100572980,2014-07-14,2014,,94.0,,,0,0,N,0.0,0.0,0.0,,,,,,,,35.93494,-86.77692,False,Crashes_2010_2019_MPO
102479867,2019-08-16,2019,,19.0,,,0,0,N,0.0,0.0,0.0,,,,,,,,36.03716,-86.78307,False,Crashes_2010_2019_MPO
101879235,2018-01-05,2018,,19.0,,,0,0,N,0.0,0.0,0.0,,,,,,,,36.04231,-86.72652,False,Crashes_2010_2019_MPO
101880981,2018-01-08,2018,,19.0,,,0,0,N,0.0,0.0,0.0,,,,,,,,36.03129,-86.7534,False,Crashes_2010_2019_MPO
101534038,2017-01-25,2017,,19.0,,,0,0,N,0.0,0.0,0.0,,,,,,,,36.05293,-86.77516,False,Crashes_2010_2019_MPO
101772146,2017-09-25,2017,,19.0,,,0,0,N,0.0,0.0,0.0,,,,,,,,36.03663,-86.78858,False,Crashes_2010_2019_MPO
101277441,2016-07-01,2016,,94.0,,,0,0,N,0.0,0.0,0.0,,,,,,,,35.93808,-86.8218,False,Crashes_2010_2019_MPO
101787884,2017-10-10,2017,,94.0,,,0,0,N,0.0,0.0,0.0,,,,,,,,35.95824,-86.80206,False,Crashes_2010_2019_MPO
100338446,2013-06-04,2013,,19.0,,,0,0,N,0.0,0.0,0.0,,,,,,,,36.02918,-86.78377,True,Crashes_2010_2019_MPO
100883064,2015-07-08,2015,,94.0,,,0,0,N,0.0,0.0,0.0,,,,,,,,35.96432,-86.78728,True,Crashes_2010_2019_MPO
101467630,2016-12-04,2016,,19.0,,,0,0,N,0.0,0.0,0.0,,,,,,,,36.04152,-86.78246,False,Crashes_2010_2019_MPO
101722269,2017-08-05,2017,,19.0,,,0,0,N,0.0,0.0,0.0,,,,,,,,36.03228,-86.78338,True,Crashes_2010_2019_MPO
102039390,2018-06-10,2018,,19.0,,,0,0,N,0.0,0.0,0.0,,,,,,,,36.04761,-86.71353,False,Crashes_2010_2019_MPO
101938889,2018-03-09,2018,,94.0,,,0,0,N,0.0,0.0,0.0,,,,,,,,35.99628,-86.79718,True,Crashes_2010_2019_MPO
102400755,2019-05-26,2019,,94.0,,,0,0,N,0.0,0.0,0.0,,,,,,,,35.9295,-86.84135,False,Crashes_2010_2019_MPO
101146874,2016-03-18,2016,,94.0,,,0,0,N,0.0,0.0,0.0,,,,,,,,35.95806,-86.76773,True,Crashes_2010_2019_MPO
100713059,2014-12-26,2014,,94.0,,,0,0,N,0.0,0.0,0.0,,,,,,,,35.9715,-86.80818,True,Crashes_2010_2019_MPO
102032954,2018-06-04,2018,,94.0,,,0,0,N,0.0,0.0,0.0,,,,,,,,35.93983,-86.82151,False,Crashes_2010_2019_MPO
100699742,2014-12-02,2014,,94.0,,,0,0,N,0.0,0.0,0.0,,,,,,,,35.92596,-86.82181,False,Crashes_2010_2019_MPO
101454354,2016-11-19,2016,,94.0,,,0,0,N,0.0,0.0,0.0,,,,,,,,35.95405,-86.81529,False,Crashes_2010_2019_MPO
101661507,2017-06-01,2017,,19.0,,,0,0,N,0.0,0.0,0.0,,,,,,,,36.0178,-86.70777,False,Crashes_2010_2019_MPO
101924888,2018-02-23,2018,,94.0,,,0,0,N,0.0,0.0,0.0,,,,,,,,35.94769,-86.81943,False,Crashes_2010_2019_MPO
100695355,2014-11-23,2014,,94.0,,,0,0,N,0.0,0.0,0.0,,,,,,,,35.96708,-86.81356,True,Crashes_2010_2019_MPO
102125942,2018-08-29,2018,,19.0,,,0,0,N,0.0,0.0,0.0,,,,,,,,36.0534,-86.69934,False,Crashes_2010_2019_MPO
101323086,2016-08-08,2016,,94.0,,,0,0,N,0.0,0.0,0.0,,,,,,,,35.96036,-86.83608,False,Crashes_2010_2019_MPO
100722616,2015-01-15,2015,,94.0,,,0,0,N,0.0,0.0,0.0,,,,,,,,36.00053,-86.8085,True,Crashes_2010_2019_MPO
100630690,2014-09-18,2014,,19.0,,,0,0,N,0.0,0.0,0.0,,,,,,,,36.03258,-86.76886,False,Crashes_2010_2019_MPO
101649906,2017-05-20,2017,,19.0,,,0,0,N,0.0,0.0,0.0,,,,,,,,36.04249,-86.71295,False,Crashes_2010_2019_MPO
101582656,2017-03-14,2017,,19.0,,,0,0,N,0.0,0.0,0.0,,,,,,,,36.04001,-86.78128,False,Crashes_2010_2019_MPO
101586316,2017-03-18,2017,,19.0,,,0,0,N,0.0,0.0,0.0,,,,,,,,36.04079,-86.78257,False,Crashes_2010_2019_MPO
101362980,2016-09-17,2016,,94.0,,,0,0,N,0.0,0.0,0.0,,,,,,,,35.9971,-86.70413,True,Crashes_2010_2019_MPO
102080581,2018-07-20,2018,,94.0,,,0,0,N,0.0,0.0,0.0,,,,,,,,35.97759,-86.7757,True,Crashes_2010_2019_MPO
102203599,2018-11-05,2018,,94.0,,,0,0,N,0.0,0.0,0.0,,,,,,,,35.98116,-86.84622,False,Crashes_2010_2019_MPO
101883862,2018-01-11,2018,,19.0,,,0,0,N,0.0,0.0,0.0,,,,,,,,36.05049,-86.87668,False,Crashes_2010_2019_MPO
100851851,2015-05-28,2015,,94.0,,,0,0,N,0.0,0.0,0.0,,,,,,,,36.03194,-86.78662,True,Crashes_2010_2019_MPO
100975620,2015-10-08,2015,,94.0,,,0,0,N,0.0,0.0,0.0,,,,,,,,35.95889,-86.81598,False,Crashes_2010_2019_MPO
101063002,2015-12-19,2015,,94.0,,,0,0,N,0.0,0.0,0.0,,,,,,,,35.96029,-86.81193,False,Crashes_2010_2019_MPO
101733454,2017-08-17,2017,,19.0,,,0,0,N,0.0,0.0,0.0,,,,,,,,36.05151,-86.71436,False,Crashes_2010_2019_MPO
100620068,2014-09-17,2014,,19.0,,,0,0,N,0.0,0.0,0.0,,,,,,,,36.04423,-86.71964,False,Crashes_2010_2019_MPO
101918908,2018-02-17,2018,,94.0,,,0,0,N,0.0,0.0,0.0,,,,,,,,35.94612,-86.82346,False,Crashes_2010_2019_MPO
100752424,2015-02-24,2015,,94.0,,,0,0,N,0.0,0.0,0.0,,,,,,,,36.03933,-86.82482,True,Crashes_2010_2019_MPO
100834672,2015-05-15,2015,,94.0,,,0,0,N,0.0,0.0,0.0,,,,,,,,35.96674,-86.80907,True,Crashes_2010_2019_MPO
101062880,2015-12-19,2015,,94.0,,,0,0,N,0.0,0.0,0.0,,,,,,,,35.98985,-86.77794,True,Crashes_2010_2019_MPO
101781941,2017-10-05,2017,,94.0,,,0,0,N,0.0,0.0,0.0,,,,,,,,35.96312,-86.81897,True,Crashes_2010_2019_MPO
100860430,2015-06-13,2015,,94.0,,,0,0,N,0.0,0.0,0.0,,,,,,,,35.97224,-86.67846,False,Crashes_2010_2019_MPO
102263949,2019-01-02,2019,,94.0,,,0,0,N,0.0,0.0,0.0,,,,,,,,35.98697,-86.71555,True,Crashes_2010_2019_MPO
101630234,2017-04-30,2017,,19.0,,,0,0,N,0.0,0.0,0.0,,,,,,,,36.04002,-86.74348,False,Crashes_2010_2019_MPO
101064726,2015-12-22,2015,,94.0,,,0,0,N,0.0,0.0,0.0,,,,,,,,35.92999,-86.86435,False,Crashes_2010_2019_MPO
101685207,2017-06-28,2017,,19.0,,,0,0,N,0.0,0.0,0.0,,,,,,,,36.04853,-86.73373,False,Crashes_2010_2019_MPO
100289506,2013-02-07,2013,,94.0,,,0,0,N,0.0,0.0,0.0,,,,,,,,35.95887,-86.81613,False,Crashes_2010_2019_MPO
101122797,2016-02-26,2016,,94.0,,,0,0,N,0.0,0.0,0.0,,,,,,,,35.99161,-86.79879,True,Crashes_2010_2019_MPO
101795123,2017-10-17,2017,,94.0,,,0,0,N,0.0,0.0,0.0,,,,,,,,36.033198,-86.785278,True,Crashes_2010_2019_MPO
100997209,2015-10-27,2015,,19.0,,,0,0,Y,0.0,0.0,1.0,,,,,,,,36.04102,-86.78254,False,Crashes_2010_2019_MPO
101556624,2017-02-16,2017,,94.0,,,0,0,N,0.0,0.0,0.0,,,,,,,,36.02383,-86.7206,False,Crashes_2010_2019_MPO
100657586,2014-10-22,2014,,19.0,,,0,0,N,0.0,0.0,0.0,,,,,,,,36.03255,-86.76842,False,Crashes_2010_2019_MPO
100727995,2015-01-26,2015,,94.0,,,0,0,N,0.0,0.0,0.0,,,,,,,,35.92974,-86.85584,False,Crashes_2010_2019_MPO
100619024,2014-09-14,2014,,94.0,,,0,0,N,0.0,0.0,0.0,,,,,,,,35.95667,-86.80348,False,Crashes_2010_2019_MPO
102432435,2019-06-29,2019,,94.0,,,0,0,N,0.0,0.0,0.0,,,,,,,,35.9264,-86.8244,False,Crashes_2010_2019_MPO
100947492,2015-09-09,2015,,19.0,,,0,0,N,0.0,0.0,0.0,,,,,,,,36.03772,-86.79475,False,Crashes_2010_2019_MPO
101795110,2017-10-14,2017,,19.0,,,0,0,N,0.0,0.0,0.0,,,,,,,,36.04546,-86.69345,False,Crashes_2010_2019_MPO
101363500,2016-09-16,2016,,94.0,,,0,0,N,0.0,0.0,0.0,,,,,,,,35.93172,-86.861,False,Crashes_2010_2019_MPO
101538309,2017-01-17,2017,,94.0,,,0,0,N,0.0,0.0,0.0,,,,,,,,35.92887,-86.83704,False,Crashes_2010_2019_MPO
102269196,2019-01-06,2019,,94.0,,,0,0,N,0.0,0.0,0.0,,,,,,,,35.93808,-86.8218,False,Crashes_2010_2019_MPO
10440843,2010-07-21,2010,,19.0,,,0,0, ,0.0,0.0,0.0,,,,,,,,36.054683,-86.726896,False,Crashes_2010_2019_MPO
102118564,2018-08-22,2018,,19.0,,,0,0,N,0.0,0.0,0.0,,,,,,,,36.03913,-86.78256,False,Crashes_2010_2019_MPO
101883640,2018-01-10,2018,,19.0,,,0,0,N,0.0,0.0,0.0,,,,,,,,36.04524,-86.7796,False,Crashes_2010_2019_MPO
100305988,2013-03-20,2013,,94.0,,,0,0,N,0.0,0.0,0.0,,,,,,,,35.95075,-86.84857,False,Crashes_2010_2019_MPO
100967195,2015-09-25,2015,,94.0,,,0,0,N,0.0,0.0,0.0,,,,,,,,35.99781,-86.79881,True,Crashes_2010_2019_MPO
100116349,2011-11-11,2011,,94.0,,,0,0,N,0.0,0.0,0.0,,,,,,,,35.99608,-86.79725,True,Crashes_2010_2019_MPO
101317558,2016-07-31,2016,,94.0,,,0,0,N,0.0,0.0,0.0,,,,,,,,35.96518,-86.80029,True,Crashes_2010_2019_MPO
100346898,2013-06-26,2013,,94.0,,,0,0,N,0.0,0.0,0.0,,,,,,,,35.92926,-86.71668,False,Crashes_2010_2019_MPO
101906245,2018-02-04,2018,,19.0,,,0,0,N,0.0,0.0,0.0,,,,,,,,36.0452,-86.70014,False,Crashes_2010_2019_MPO
102449925,2019-07-16,2019,,94.0,,,0,0,N,0.0,0.0,0.0,,,,,,,,35.95376,-86.72156,False,Crashes_2010_2019_MPO
101886228,2018-01-13,2018,,94.0,,,0,0,N,0.0,0.0,0.0,,,,,,,,35.93961,-86.82141,False,Crashes_2010_2019_MPO
100283143,2013-01-23,2013,,94.0,,,0,0,N,0.0,0.0,0.0,,,,,,,,35.947,-86.76677,True,Crashes_2010_2019_MPO
100154907,2012-03-05,2012,,94.0,,,0,0,N,0.0,0.0,0.0,,,,,,,,35.96172,-86.85377,False,Crashes_2010_2019_MPO
100416743,2013-12-09,2013,,94.0,,,0,0,N,0.0,0.0,0.0,,,,,,,,35.96197,-86.81502,False,Crashes_2010_2019_MPO
100315546,2013-04-13,2013,,94.0,,,0,0,N,0.0,0.0,0.0,,,,,,,,35.92909,-86.84657,False,Crashes_2010_2019_MPO
100821845,2015-04-21,2015,,94.0,,,0,0,N,0.0,0.0,0.0,,,,,,,,35.95408,-86.8459,False,Crashes_2010_2019_MPO
101889399,2018-01-17,2018,,19.0,,,0,0,N,0.0,0.0,0.0,,,,,,,,35.99687,-86.68989,False,Crashes_2010_2019_MPO
101703822,2017-07-17,2017,,94.0,,,0,0,N,0.0,0.0,0.0,,,,,,,,35.99532,-86.79596,True,Crashes_2010_2019_MPO
101156563,2016-04-03,2016,,19.0,,,0,0,N,0.0,0.0,0.0,,,,,,,,36.04623,-86.73514,False,Crashes_2010_2019_MPO
101782997,2017-10-06,2017,,19.0,,,0,0,N,0.0,0.0,0.0,,,,,,,,36.03211,-86.76433,False,Crashes_2010_2019_MPO
101549374,2017-02-09,2017,,19.0,,,0,0,N,0.0,0.0,0.0,,,,,,,,36.04084,-86.77347,False,Crashes_2010_2019_MPO
100428446,2014-01-07,2014,,94.0,,,0,0,N,0.0,0.0,0.0,,,,,,,,36.02465,-86.78594,True,Crashes_2010_2019_MPO
100346559,2013-06-25,2013,,94.0,,,0,0,N,0.0,0.0,0.0,,,,,,,,35.94645,-86.82369,False,Crashes_2010_2019_MPO
100444830,2014-02-19,2014,,94.0,,,0,0,N,0.0,0.0,0.0,,,,,,,,35.94804,-86.81931,False,Crashes_2010_2019_MPO
101104618,2016-02-11,2016,,94.0,,,0,0,N,0.0,0.0,0.0,,,,,,,,35.95187,-86.80862,False,Crashes_2010_2019_MPO
100500320,2014-04-24,2014,,94.0,,,0,0,N,0.0,0.0,0.0,,,,,,,,35.93546,-86.82377,False,Crashes_2010_2019_MPO
100873188,2015-06-19,2015,,94.0,,,0,0,N,0.0,0.0,0.0,,,,,,,,36.03594,-86.80233,True,Crashes_2010_2019_MPO
101129113,2016-03-07,2016,,94.0,,,0,0,N,0.0,0.0,0.0,,,,,,,,35.94678,-86.80857,False,Crashes_2010_2019_MPO
101789782,2017-10-12,2017,,19.0,,,0,0,N,0.0,0.0,0.0,,,,,,,,36.01228,-86.68783,False,Crashes_2010_2019_MPO
101725180,2017-08-09,2017,,94.0,,,0,0,N,0.0,0.0,0.0,,,,,,,,36.03614,-86.79516,True,Crashes_2010_2019_MPO
100734446,2015-02-09,2015,,94.0,,,0,0,N,0.0,0.0,0.0,,,,,,,,35.97789,-86.78731,True,Crashes_2010_2019_MPO
100160384,2012-03-21,2012,,94.0,,,0,0,N,0.0,0.0,0.0,,,,,,,,36.03357,-86.77967,True,Crashes_2010_2019_MPO
100425637,2013-12-30,2013,,94.0,,,0,0,N,0.0,0.0,0.0,,,,,,,,36.03694,-86.80194,True,Crashes_2010_2019_MPO
101462139,2016-11-28,2016,,94.0,,,0,0,N,0.0,0.0,0.0,,,,,,,,35.96597,-86.81391,False,Crashes_2010_2019_MPO
102381606,2019-05-06,2019,,19.0,,,0,0,N,0.0,0.0,0.0,,,,,,,,36.04519,-86.7158,False,Crashes_2010_2019_MPO
102136485,2018-09-04,2018,,94.0,,,0,0,N,0.0,0.0,0.0,,,,,,,,35.94833,-86.86375,False,Crashes_2010_2019_MPO
100415160,2013-12-05,2013,,94.0,,,0,0,N,0.0,0.0,0.0,,,,,,,,35.95947,-86.80185,False,Crashes_2010_2019_MPO
100272707,2012-12-29,2012,,94.0,,,0,0,N,0.0,0.0,0.0,,,,,,,,35.93756,-86.79638,False,Crashes_2010_2019_MPO
101660686,2017-05-26,2017,,94.0,,,0,0,N,0.0,0.0,0.0,,,,,,,,35.98154,-86.80226,True,Crashes_2010_2019_MPO
101122635,2016-02-25,2016,,19.0,,,0,0,N,0.0,0.0,0.0,,,,,,,,36.04537,-86.71326,False,Crashes_2010_2019_MPO
100799108,2015-03-27,2015,,94.0,,,0,0,N,0.0,0.0,0.0,,,,,,,,35.94655,-86.80943,False,Crashes_2010_2019_MPO
100855556,2015-06-04,2015,,19.0,,,0,0,N,0.0,0.0,0.0,,,,,,,,36.04162,-86.74921,False,Crashes_2010_2019_MPO
101049899,2015-12-15,2015,,94.0,,,0,0,N,0.0,0.0,0.0,,,,,,,,35.93454,-86.81957,False,Crashes_2010_2019_MPO
100975126,2015-10-07,2015,,19.0,,,0,0,N,0.0,0.0,0.0,,,,,,,,36.04539,-86.71297,False,Crashes_2010_2019_MPO
100737302,2015-02-14,2015,,94.0,,,0,0,N,0.0,0.0,0.0,,,,,,,,35.94618,-86.80856,False,Crashes_2010_2019_MPO
101439810,2016-11-14,2016,,94.0,,,0,0,N,0.0,0.0,0.0,,,,,,,,35.94831,-86.81994,False,Crashes_2010_2019_MPO
102343794,2019-03-28,2019,,19.0,,,0,0,N,0.0,0.0,0.0,,,,,,,,36.02966,-86.67896,False,Crashes_2010_2019_MPO
101755304,2017-09-08,2017,,19.0,,,0,0,N,0.0,0.0,0.0,,,,,,,,36.05151,-86.71436,False,Crashes_2010_2019_MPO
101714252,2017-07-28,2017,,94.0,,,0,0,N,0.0,0.0,0.0,,,,,,,,35.94872,-86.83189,False,Crashes_2010_2019_MPO
101815421,2017-11-05,2017,,94.0,,,0,0,N,0.0,0.0,0.0,,,,,,,,35.99852,-86.805745,True,Crashes_2010_2019_MPO
101157381,2016-04-04,2016,,94.0,,,0,0,N,0.0,0.0,0.0,,,,,,,,35.99859,-86.8055,True,Crashes_2010_2019_MPO
101801017,2017-10-22,2017,,94.0,,,0,0,N,0.0,0.0,0.0,,,,,,,,35.99079,-86.75111,True,Crashes_2010_2019_MPO
100281241,2013-01-18,2013,,94.0,,,0,0,N,0.0,0.0,0.0,,,,,,,,35.96706,-86.80876,True,Crashes_2010_2019_MPO
100355380,2013-07-17,2013,,94.0,,,0,0,N,0.0,0.0,0.0,,,,,,,,35.95211,-86.81783,False,Crashes_2010_2019_MPO
101742080,2017-08-25,2017,,94.0,,,0,0,N,0.0,0.0,0.0,,,,,,,,35.92616,-86.72373,False,Crashes_2010_2019_MPO
10824818,2011-09-02,2011,,19.0,,,0,0, ,0.0,0.0,0.0,,,,,,,,36.016378,-86.740973,False,Crashes_2010_2019_MPO
101774432,2017-09-28,2017,,19.0,,,0,0,N,0.0,0.0,0.0,,,,,,,,36.03883,-86.78289,False,Crashes_2010_2019_MPO
102020171,2018-05-23,2018,,19.0,,,0,0,N,0.0,0.0,0.0,,,,,,,,36.0387,-86.73097,False,Crashes_2010_2019_MPO
102048799,2018-06-20,2018,,19.0,,,0,0,N,0.0,0.0,0.0,,,,,,,,36.04036,-86.78092,False,Crashes_2010_2019_MPO
100798024,2015-03-26,2015,,19.0,,,0,1,N,0.0,1.0,0.0,,,,,,,,36.04421,-86.71322,False,Crashes_2010_2019_MPO
101237451,2016-06-02,2016,,94.0,,,0,0,N,0.0,0.0,0.0,,,,,,,,35.99616,-86.78558,True,Crashes_2010_2019_MPO
101184717,2016-04-29,2016,,94.0,,,0,0,N,0.0,0.0,0.0,,,,,,,,35.94683,-86.85172,False,Crashes_2010_2019_MPO
100706589,2014-12-13,2014,,94.0,,,0,0,N,0.0,0.0,0.0,,,,,,,,35.95892,-86.81612,False,Crashes_2010_2019_MPO
101103893,2016-02-11,2016,,94.0,,,0,0,N,0.0,0.0,0.0,,,,,,,,35.94073,-86.82121,False,Crashes_2010_2019_MPO
101122200,2016-02-25,2016,,19.0,,,0,0,N,0.0,0.0,0.0,,,,,,,,36.03258,-86.76893,False,Crashes_2010_2019_MPO
101679374,2017-06-21,2017,,94.0,,,0,0,N,0.0,0.0,0.0,,,,,,,,35.92609,-86.87139,False,Crashes_2010_2019_MPO
101899927,2018-01-28,2018,,94.0,,,0,0,N,0.0,0.0,0.0,,,,,,,,35.94828,-86.81976,False,Crashes_2010_2019_MPO
100457260,2014-02-25,2014,,94.0,,,0,0,Y,0.0,0.0,1.0,,,,,,,,35.98076,-86.67835,False,Crashes_2010_2019_MPO
100680475,2014-11-14,2014,,94.0,,,0,0,N,0.0,0.0,0.0,,,,,,,,36.02412,-86.78597,True,Crashes_2010_2019_MPO
101849376,2017-12-05,2017,,19.0,,,0,0,N,0.0,0.0,0.0,,,,,,,,36.0453,-86.70168,False,Crashes_2010_2019_MPO
102029167,2018-05-31,2018,,19.0,,,0,0,N,0.0,0.0,0.0,,,,,,,,35.99967,-86.69232,False,Crashes_2010_2019_MPO
101092328,2016-01-19,2016,,94.0,,,0,0,N,0.0,0.0,0.0,,,,,,,,36.02193,-86.7951,True,Crashes_2010_2019_MPO
100497750,2014-04-16,2014,,94.0,,,0,0,N,0.0,0.0,0.0,,,,,,,,36.01756,-86.78654,True,Crashes_2010_2019_MPO
101967477,2018-04-05,2018,,94.0,,,0,0,N,0.0,0.0,0.0,,,,,,,,36.01248,-86.74663,True,Crashes_2010_2019_MPO
101553711,2017-02-13,2017,,94.0,,,0,0,N,0.0,0.0,0.0,,,,,,,,35.93446,-86.81991,False,Crashes_2010_2019_MPO
101655916,2017-05-26,2017,,19.0,,,0,0,N,0.0,0.0,0.0,,,,,,,,36.04061,-86.77125,False,Crashes_2010_2019_MPO
102236210,2018-12-05,2018,,94.0,,,0,0,N,0.0,0.0,0.0,,,,,,,,35.9667,-86.81121,True,Crashes_2010_2019_MPO
102112067,2018-08-16,2018,,94.0,,,0,0,N,0.0,0.0,0.0,,,,,,,,35.99549,-86.77868,True,Crashes_2010_2019_MPO