mstrrecnbr,collision_ts,year,county,countystat,crash,crash_type,fatalities,non_motorists,commercial,fatal_c,nonmotor_c,truck_c,fatalc,serious_injuries,ped,bike,lighting,weather,first_harmful_event,latitude,longitude,in_city,src_layer
102539600,2019-10-16,2019,,19.0,,,0,0,N,0.0,0.0,0.0,,,,,,,,36.04301,-86.84231,False,Crashes_2010_2019_MPO
101483189,2016-12-20,2016,,94.0,,,0,0,N,0.0,0.0,0.0,,,,,,,,35.9616,-86.77101,True,Crashes_2010_2019_MPO
100433644,2014-01-22,2014,,94.0,,,0,0,N,0.0,0.0,0.0,,,,,,,,35.92304,-86.81684,False,Crashes_2010_2019_MPO
100925828,2015-08-19,2015,,94.0,,,0,0,N,0.0,0.0,0.0,,,,,,,,35.93494,-86.77686,False,Crashes_2010_2019_MPO
102533135,2019-10-08,2019,,94.0,,,0,0,N,0.0,0.0,0.0,,,,,,,,35.93757,-86.87889,False,Crashes_2010_2019_MPO
100508656,2014-05-14,2014,,94.0,,,0,0,N,0.0,0.0,0.0,,,,,,,,35.96843,-86.80313,True,Crashes_2010_2019_MPO
102362915,2019-04-16,2019,,94.0,,,0,0,N,0.0,0.0,0.0,,,,,,,,35.98622,-86.70903,True,Crashes_2010_2019_MPO
102532098,2019-10-07,2019,,19.0,,,0,0,N,0.0,0.0,0.0,,,,,,,,36.04318,-86.84319,False,Crashes_2010_2019_MPO
100723898,2015-01-17,2015,,19.0,,,0,0,N,0.0,0.0,0.0,,,,,,,,36.02586,-86.71299,False,Crashes_2010_2019_MPO
102469691,2019-08-06,2019,,94.0,,,0,0,N,0.0,0.0,0.0,,,,,,,,36.01584,-86.81387,True,Crashes_2010_2019_MPO
101680090,2017-06-21,2017,,94.0,,,0,0,N,0.0,0.0,0.0,,,,,,,,35.95697,-86.80322,False,Crashes_2010_2019_MPO
101349065,2016-08-29,2016,,94.0,,,0,0,N,0.0,0.0,0.0,,,,,,,,35.9297,-86.82054,False,Crashes_2010_2019_MPO
101268315,2016-06-18,2016,,94.0,,,0,0,N,0.0,0.0,0.0,,,,,,,,35.9536,-86.81378,False,Crashes_2010_2019_MPO
102599141,2019-12-16,2019,,94.0,,,0,0,Y,0.0,0.0,1.0,,,,,,,,35.94176,-86.81608,False,Crashes_2010_2019_MPO
101438319,2016-11-08,2016,,94.0,,,0,0,N,0.0,0.0,0.0,,,,,,,,35.99288,-86.79836,True,Crashes_2010_2019_MPO
101280364,2016-07-03,2016,,19.0,,,0,0,N,0.0,0.0,0.0,,,,,,,,36.05151,-86.71436,False,Crashes_2010_2019_MPO
102172349,2018-10-09,2018,,94.0,,,0,0,N,0.0,0.0,0.0,,,,,,,,35.92302,-86.8166,False,Crashes_2010_2019_MPO
100715404,2014-12-31,2014,,94.0,,,0,0,N,0.0,0.0,0.0,,,,,,,,35.9337,-86.81761,False,Crashes_2010_2019_MPO
100707283,2014-12-15,2014,,94.0,,,0,0,N,0.0,0.0,0.0,,,,,,,,35.96022,-86.76848,True,Crashes_2010_2019_MPO
100504764,2014-05-05,2014,,94.0,,,0,0,N,0.0,0.0,0.0,,,,,,,,36.02395,-86.81964,True,Crashes_2010_2019_MPO
100981868,2015-10-19,2015,,94.0,,,0,0,N,0.0,0.0,0.0,,,,,,,,36.034082,-86.801525,True,Crashes_2010_2019_MPO
101593159,2017-03-25,2017,,94.0,,,0,0,N,0.0,0.0,0.0,,,,,,,,35.92889,-86.82448,False,Crashes_2010_2019_MPO
102081707,2018-07-20,2018,,94.0,,,0,0,N,0.0,0.0,0.0,,,,,,,,35.9667,-86.81121,True,Crashes_2010_2019_MPO
102250624,2018-12-17,2018,,94.0,,,0,0,N,0.0,0.0,0.0,,,,,,,,35.96518,-86.80029,True,Crashes_2010_2019_MPO
101910995,2018-02-09,2018,,19.0,,,0,0,N,0.0,0.0,0.0,,,,,,,,36.03223,-86.76527,False,Crashes_2010_2019_MPO
100459287,2014-02-25,2014,,94.0,,,0,0,N,0.0,0.0,0.0,,,,,,,,36.01689,-86.78609,True,Crashes_2010_2019_MPO
100443812,2014-02-16,2014,,94.0,,,0,0,N,0.0,0.0,0.0,,,,,,,,35.93853,-86.82161,False,Crashes_2010_2019_MPO
101302379,2016-07-24,2016,,94.0,,,0,0,N,0.0,0.0,0.0,,,,,,,,35.95526,-86.82588,False,Crashes_2010_2019_MPO
102444591,2019-07-11,2019,,94.0,,,0,0,N,0.0,0.0,0.0,,,,,,,,35.965893,-86.805843,True,Crashes_2010_2019_MPO
100346818,2013-06-25,2013,,94.0,,,0,0,N,0.0,0.0,0.0,,,,,,,,35.92654,-86.86596,False,Crashes_2010_2019_MPO
102442828,2019-07-09,2019,,94.0,,,0,0,N,0.0,0.0,0.0,,,,,,,,35.95301,-86.81241,False,Crashes_2010_2019_MPO
101346416,2016-08-26,2016,,94.0,,,0,0,N,0.0,0.0,0.0,,,,,,,,36.03302,-86.78891,True,Crashes_2010_2019_MPO
102428402,2019-06-21,2019,,94.0,,,0,0,N,0.0,0.0,0.0,,,,,,,,36.03186,-86.78954,True,Crashes_2010_2019_MPO
102586665,2019-12-02,2019,,94.0,,,0,0,N,0.0,0.0,0.0,,,,,,,,35.99446,-86.79781,True,Crashes_2010_2019_MPO
102196947,2018-11-01,2018,,94.0,,,0,0,Y,0.0,0.0,1.0,,,,,,,,35.99263,-86.8286,True,Crashes_2010_2019_MPO
101490436,2016-12-29,2016,,19.0,,,0,0,N,0.0,0.0,0.0,,,,,,,,36.0458,-86.77808,False,Crashes_2010_2019_MPO
100735253,2015-02-10,2015,,94.0,,,0,0,N,0.0,0.0,0.0,,,,,,,,35.94746,-86.82035,False,Crashes_2010_2019_MPO
100835705,2015-05-17,2015,,94.0,,,0,0,N,0.0,0.0,0.0,,,,,,,,35.97029,-86.77408,True,Crashes_2010_2019_MPO
100393798,2013-10-19,2013,,94.0,,,0,0,N,0.0,0.0,0.0,,,,,,,,35.92919,-86.75137,False,Crashes_2010_2019_MPO
100751594,2015-02-22,2015,,19.0,,,0,0,N,0.0,0.0,0.0,,,,,,,,36.04897,-86.71631,False,Crashes_2010_2019_MPO
102237796,2018-12-06,2018,,94.0,,,0,0,N,0.0,0.0,0.0,,,,,,,,35.92546,-86.87275,False,Crashes_2010_2019_MPO
101126354,2016-03-02,2016,,94.0,,,0,0,N,0.0,0.0,0.0,,,,,,,,35.95211,-86.76621,True,Crashes_2010_2019_MPO
102547449,2019-10-24,2019,,19.0,,,0,0,N,0.0,0.0,0.0,,,,,,,,36.04222,-86.83169,False,Crashes_2010_2019_MPO
101553666,2017-02-13,2017,,19.0,,,0,0,N,0.0,0.0,0.0,,,,,,,,36.05147,-86.70303,False,Crashes_2010_2019_MPO
102048708,2018-06-20,2018,,19.0,,,0,0,N,0.0,0.0,0.0,,,,,,,,36.03976,-86.7815,False,Crashes_2010_2019_MPO
100749440,2015-02-19,2015,,19.0,,,0,0,N,0.0,0.0,0.0,,,,,,,,36.0447,-86.7804,False,Crashes_2010_2019_MPO
101353650,2016-09-04,2016,,19.0,,,0,0,N,0.0,0.0,0.0,,,,,,,,36.04293,-86.77687,False,Crashes_2010_2019_MPO
102291994,2019-01-30,2019,,94.0,,,0,0,N,0.0,0.0,0.0,,,,,,,,35.94612,-86.82346,False,Crashes_2010_2019_MPO
101186800,2016-04-29,2016,,19.0,,,0,0,N,0.0,0.0,0.0,,,,,,,,36.04245,-86.71294,False,Crashes_2010_2019_MPO
100945151,2015-09-04,2015,,94.0,,,0,0,N,0.0,0.0,0.0,,,,,,,,35.94175,-86.82119,False,Crashes_2010_2019_MPO
102350583,2019-04-02,2019,,94.0,,,0,0,N,0.0,0.0,0.0,,,,,,,,36.00649,-86.78843,True,Crashes_2010_2019_MPO
101404335,2016-10-15,2016,,19.0,,,0,0,N,0.0,0.0,0.0,,,,,,,,36.04493,-86.69615,False,Crashes_2010_2019_MPO
102396172,2019-05-21,2019,,94.0,,,0,0,N,0.0,0.0,0.0,,,,,,,,35.97,-86.80921,True,Crashes_2010_2019_MPO
100438282,2014-01-29,2014,,94.0,,,0,0,N,0.0,0.0,0.0,,,,,,,,35.9321,-86.87705,False,Crashes_2010_2019_MPO
101674685,2017-06-09,2017,,94.0,,,0,0,N,0.0,0.0,0.0,,,,,,,,35.99544,-86.77886,True,Crashes_2010_2019_MPO
100425687,2013-12-30,2013,,94.0,,,0,0,N,0.0,0.0,0.0,,,,,,,,35.95214,-86.81803,False,Crashes_2010_2019_MPO
102081020,2018-07-20,2018,,19.0,,,0,0,N,0.0,0.0,0.0,,,,,,,,36.00581,-86.68637,False,Crashes_2010_2019_MPO
100679758,2014-11-13,2014,,94.0,,,0,0,N,0.0,0.0,0.0,,,,,,,,35.92585,-86.86758,False,Crashes_2010_2019_MPO
100274950,2013-01-04,2013,,94.0,,,0,0,N,0.0,0.0,0.0,,,,,,,,35.96175,-86.80191,True,Crashes_2010_2019_MPO
100707823,2014-12-16,2014,,19.0,,,0,0,N,0.0,0.0,0.0,,,,,,,,36.04774,-86.86429,False,Crashes_2010_2019_MPO
102177920,2018-10-14,2018,,94.0,,,0,0,N,0.0,0.0,0.0,,,,,,,,35.96688,-86.81117,True,Crashes_2010_2019_MPO
101928466,2018-02-22,2018,,94.0,,,0,0,N,0.0,0.0,0.0,,,,,,,,35.92889,-86.83133,False,Crashes_2010_2019_MPO
100919909,2015-08-08,2015,,94.0,,,0,0,N,0.0,0.0,0.0,,,,,,,,35.95523,-86.82587,False,Crashes_2010_2019_MPO
101605413,2017-04-06,2017,,94.0,,,0,0,N,0.0,0.0,0.0,,,,,,,,35.99753,-86.79638,True,Crashes_2010_2019_MPO
102474394,2019-08-02,2019,,94.0,,,0,0,N,0.0,0.0,0.0,,,,,,,,35.92673,-86.86888,False,Crashes_2010_2019_MPO
101789560,2017-10-12,2017,,19.0,,,0,0,N,0.0,0.0,0.0,,,,,,,,36.03604,-86.71332,False,Crashes_2010_2019_MPO
100544881,2014-05-30,2014,,94.0,,,0,0,N,0.0,0.0,0.0,,,,,,,,35.95034,-86.81334,False,Crashes_2010_2019_MPO
101687611,2017-06-29,2017,,94.0,,,0,0,N,0.0,0.0,0.0,,,,,,,,36.03551,-86.78748,True,Crashes_2010_2019_MPO
102399637,2019-05-25,2019,,19.0,,,0,0,N,0.0,0.0,0.0,,,,,,,,35.99329,-86.68543,False,Crashes_2010_2019_MPO
101571598,2017-03-03,2017,,94.0,,,0,0,N,0.0,0.0,0.0,,,,,,,,35.94663,-86.82381,False,Crashes_2010_2019_MPO
102399037,2019-05-24,2019,,94.0,,,0,0,N,0.0,0.0,0.0,,,,,,,,35.93526,-86.81834,False,Crashes_2010_2019_MPO
100833216,2015-05-13,2015,,94.0,,,0,0,N,0.0,0.0,0.0,,,,,,,,35.92912,-86.84189,False,Crashes_2010_2019_MPO
100701090,2014-12-04,2014,,94.0,,,0,0,N,0.0,0.0,0.0,,,,,,,,36.03013,-86.87599,False,Crashes_2010_2019_MPO
101242335,2016-06-09,2016,,94.0,,,0,0,N,0.0,0.0,0.0,,,,,,,,35.95572,-86.81121,False,Crashes_2010_2019_MPO
100179422,2012-05-11,2012,,94.0,,,0,0,N,0.0,0.0,0.0,,,,,,,,35.97764,-86.77681,True,Crashes_2010_2019_MPO
101466485,2016-12-01,2016,,94.0,,,0,0,N,0.0,0.0,0.0,,,,,,,,35.96351,-86.68498,False,Crashes_2010_2019_MPO
101551655,2017-02-11,2017,,94.0,,,0,0,N,0.0,0.0,0.0,,,,,,,,35.96599,-86.81141,False,Crashes_2010_2019_MPO
101934901,2018-03-05,2018,,19.0,,,0,0,N,0.0,0.0,0.0,,,,,,,,36.04556,-86.71124,False,Crashes_2010_2019_MPO
100732915,2015-02-05,2015,,19.0,,,0,0,N,0.0,0.0,0.0,,,,,,,,36.02942,-86.74402,False,Crashes_2010_2019_MPO
101506718,2017-01-16,2017,,94.0,,,0,0,N,0.0,0.0,0.0,,,,,,,,35.93127,-86.87663,False,Crashes_2010_2019_MPO
101451860,2016-11-14,2016,,94.0,,,0,0,N,0.0,0.0,0.0,,,,,,,,36.03322,-86.78531,True,Crashes_2010_2019_MPO
102415237,2019-06-10,2019,,94.0,,,0,0,N,0.0,0.0,0.0,,,,,,,,35.92676,-86.81441,False,Crashes_2010_2019_MPO
102511821,2019-09-17,2019,,19.0,,,0,0,N,0.0,0.0,0.0,,,,,,,,36.0473,-86.86274,False,Crashes_2010_2019_MPO
101810433,2017-10-31,2017,,94.0,,,0,0,N,0.0,0.0,0.0,,,,,,,,35.99566,-86.78051,True,Crashes_2010_2019_MPO
101677697,2017-06-19,2017,,94.0,,,0,0,N,0.0,0.0,0.0,,,,,,,,35.96984,-86.72466,True,Crashes_2010_2019_MPO
101507859,2017-01-18,2017,,19.0,,,0,0,N,0.0,0.0,0.0,,,,,,,,36.03914,-86.71287,False,Crashes_2010_2019_MPO
101232946,2016-05-26,2016,,94.0,,,0,0,N,0.0,0.0,0.0,,,,,,,,35.97709,-86.7629,True,Crashes_2010_2019_MPO
100270397,2012-12-22,2012,,94.0,,,0,0,N,0.0,0.0,0.0,,,,,,,,35.95702,-86.81653,False,Crashes_2010_2019_MPO
100243612,2012-10-27,2012,,94.0,,,0,0,N,0.0,0.0,0.0,,,,,,,,36.00132,-86.79408,True,Crashes_2010_2019_MPO
102236502,2018-12-05,2018,,94.0,,,0,0,N,0.0,0.0,0.0,,,,,,,,36.02183,-86.78702,True,Crashes_2010_2019_MPO
100683003,2014-11-19,2014,,19.0,,,0,0,N,0.0,0.0,0.0,,,,,,,,36.04121,-86.7761,False,Crashes_2010_2019_MPO
101277015,2016-06-27,2016,,94.0,,,0,0,N,0.0,0.0,0.0,,,,,,,,35.92536,-86.82526,False,Crashes_2010_2019_MPO
102141438,2018-09-11,2018,,94.0,,,0,0,N,0.0,0.0,0.0,,,,,,,,35.99554,-86.77925,True,Crashes_2010_2019_MPO
100799697,2015-03-30,2015,,19.0,,,0,0,N,0.0,0.0,0.0,,,,,,,,36.02173,-86.74267,False,Crashes_2010_2019_MPO
101325962,2016-08-11,2016,,94.0,,,0,0,N,0.0,0.0,0.0,,,,,,,,35.93895,-86.82916,False,Crashes_2010_2019_MPO
100970679,2015-09-30,2015,,94.0,,,0,0,N,0.0,0.0,0.0,,,,,,,,36.03599,-86.7872,True,Crashes_2010_2019_MPO
102323087,2019-03-06,2019,,19.0,,,0,0,N,0.0,0.0,0.0,,,,,,,,36.04084,-86.77347,False,Crashes_2010_2019_MPO
102184788,2018-10-21,2018,,19.0,,,0,0,N,0.0,0.0,0.0,,,,,,,,36.04303,-86.71299,False,Crashes_2010_2019_MPO
100260296,2012-12-01,2012,,94.0,,,0,0,N,0.0,0.0,0.0,,,,,,,,35.9627,-86.8537,False,Crashes_2010_2019_MPO
101362252,2016-09-15,2016,,19.0,,,0,0,N,0.0,0.0,0.0,,,,,,,,36.03981,-86.74076,False,Crashes_2010_2019_MPO
100795739,2015-03-21,2015,,19.0,,,0,0,N,0.0,0.0,0.0,,,,,,,,36.02453,-86.74236,False,Crashes_2010_2019_MPO
101152131,2016-03-27,2016,,19.0,,,0,0,N,0.0,0.0,0.0,,,,,,,,36.04543,-86.70361,False,Crashes_2010_2019_MPO
102281297,2019-01-18,2019,,94.0,,,0,0,N,0.0,0.0,0.0,,,,,,,,35.95488,-86.87663,False,Crashes_2010_2019_MPO
101843288,2017-11-30,2017,,94.0,,,0,0,N,0.0,0.0,0.0,,,,,,,,36.03482,-86.78331,True,Crashes_2010_2019_MPO
101178810,2016-04-21,2016,,94.0,,,0,0,N,0.0,0.0,0.0,,,,,,,,36.03596,-86.78294,False,Crashes_2010_2019_MPO
101557871,2017-02-17,2017,,94.0,,,0,0,N,0.0,0.0,0.0,,,,,,,,35.99561,-86.77995,True,Crashes_2010_2019_MPO
100938475,2015-08-23,2015,,19.0,,,0,0,N,0.0,0.0,0.0,,,,,,,,36.04058,-86.77996,False,Crashes_2010_2019_MPO
101883061,2018-01-10,2018,,94.0,,,0,0,N,0.0,0.0,0.0,,,,,,,,35.96312,-86.81897,True,Crashes_2010_2019_MPO
101064423,2015-12-21,2015,,94.0,,,0,0,N,0.0,0.0,0.0,,,,,,,,35.95078,-86.80672,False,Crashes_2010_2019_MPO
101041408,2015-12-02,2015,,19.0,,,0,0,N,0.0,0.0,0.0,,,,,,,,36.043,-86.84229,False,Crashes_2010_2019_MPO
101328689,2016-08-15,2016,,94.0,,,0,0,N,0.0,0.0,0.0,,,,,,,,35.94437,-86.81517,False,Crashes_2010_2019_MPO
101032648,2015-11-19,2015,,94.0,,,0,0,N,0.0,0.0,0.0,,,,,,,,35.99744,-86.79676,True,Crashes_2010_2019_MPO
102505364,2019-09-10,2019,,19.0,,,0,0,N,0.0,0.0,0.0,,,,,,,,36.04522,-86.68578,False,Crashes_2010_2019_MPO
101610023,2017-04-10,2017,,94.0,,,0,0,N,0.0,0.0,0.0,,,,,,,,35.96481,-86.81431,False,Crashes_2010_2019_MPO
100230927,2012-09-24,2012,,94.0,,,0,0,N,0.0,0.0,0.0,,,,,,,,36.00567,-86.78928,True,Crashes_2010_2019_MPO
101133937,2016-03-14,2016,,94.0,,,0,0,N,0.0,0.0,0.0,,,,,,,,35.98337,-86.72059,True,Crashes_2010_2019_MPO
100483874,2014-04-08,2014,,94.0,,,0,0,N,0.0,0.0,0.0,,,,,,,,36.03679,-86.81486,True,Crashes_2010_2019_MPO
101792155,2017-10-14,2017,,94.0,,,0,0,N,0.0,0.0,0.0,,,,,,,,35.9658,-86.80569,True,Crashes_2010_2019_MPO
100406279,2013-11-17,2013,,94.0,,,0,0,N,0.0,0.0,0.0,,,,,,,,36.01511,-86.81353,True,Crashes_2010_2019_MPO
102183598,2018-10-20,2018,,19.0,,,0,0,N,0.0,0.0,0.0,,,,,,,,35.99812,-86.69164,False,Crashes_2010_2019_MPO
102355783,2019-04-10,2019,,94.0,,,0,0,N,0.0,0.0,0.0,,,,,,,,35.9336,-86.81892,False,Crashes_2010_2019_MPO
100824097,2015-04-26,2015,,94.0,,,0,0,N,0.0,0.0,0.0,,,,,,,,35.9975,-86.79616,True,Crashes_2010_2019_MPO
101091939,2016-01-22,2016,,94.0,,,0,0,N,0.0,0.0,0.0,,,,,,,,36.01569,-86.8459,True,Crashes_2010_2019_MPO
102035072,2018-06-06,2018,,94.0,,,0,0,N,0.0,0.0,0.0,,,,,,,,36.03311,-86.78656,True,Crashes_2010_2019_MPO
101733038,2017-08-17,2017,,94.0,,,0,0,N,0.0,0.0,0.0,,,,,,,,35.94612,-86.8307,False,Crashes_2010_2019_MPO
101232036,2016-05-25,2016,,94.0,,,0,0,N,0.0,0.0,0.0,,,,,,,,36.025466,-86.790041,True,Crashes_2010_2019_MPO
102113679,2018-08-18,2018,,19.0,,,0,0,N,0.0,0.0,0.0,,,,,,,,36.04537,-86.71326,False,Crashes_2010_2019_MPO
100276592,2013-01-09,2013,,94.0,,,0,0,N,0.0,0.0,0.0,,,,,,,,36.00807,-86.80435,True,Crashes_2010_2019_MPO
100433134,2014-01-20,2014,,94.0,,,0,0,N,0.0,0.0,0.0,,,,,,,,35.95934,-86.80186,False,Crashes_2010_2019_MPO
102089093,2018-07-27,2018,,19.0,,,0,0,N,0.0,0.0,0.0,,,,,,,,36.04166,-86.74895,False,Crashes_2010_2019_MPO
101832122,2017-11-20,2017,,94.0,,,0,0,N,0.0,0.0,0.0,,,,,,,,35.92495,-86.8247,False,Crashes_2010_2019_MPO
101613397,2017-04-13,2017,,94.0,,,0,0,N,0.0,0.0,0.0,,,,,,,,36.03386,-86.78843,True,Crashes_2010_2019_MPO
101323074,2016-08-07,2016,,94.0,,,0,0,N,0.0,0.0,0.0,,,,,,,,35.97334,-86.83305,True,Crashes_2010_2019_MPO
101128369,2016-03-05,2016,,19.0,,,0,0,N,0.0,0.0,0.0,,,,,,,,36.04899,-86.71628,False,Crashes_2010_2019_MPO
101804700,2017-10-26,2017,,94.0,,,0,0,N,0.0,0.0,0.0,,,,,,,,35.99334,-86.69969,True,Crashes_2010_2019_MPO
101493406,2017-01-01,2017,,19.0,,,0,0,N,0.0,0.0,0.0,,,,,,,,36.03906,-86.78278,False,Crashes_2010_2019_MPO
101782066,2017-10-04,2017,,94.0,,,0,0,N,0.0,0.0,0.0,,,,,,,,35.9921,-86.79862,True,Crashes_2010_2019_MPO
100573055,2014-07-14,2014,,94.0,,,0,0,N,0.0,0.0,0.0,,,,,,,,35.947,-86.81148,False,Crashes_2010_2019_MPO
101157771,2016-03-30,2016,,19.0,,,0,0,N,0.0,0.0,0.0,,,,,,,,36.04693,-86.71345,False,Crashes_2010_2019_MPO
100392152,2013-10-16,2013,,94.0,,,0,0,N,0.0,0.0,0.0,,,,,,,,35.9572,-86.81647,False,Crashes_2010_2019_MPO
100919161,2015-08-06,2015,,19.0,,,0,0,Y,0.0,0.0,1.0,,,,,,,,36.04054,-86.81728,False,Crashes_2010_2019_MPO
102070341,2018-07-10,2018,,94.0,,,0,0,N,0.0,0.0,0.0,,,,,,,,36.03611,-86.79483,True,Crashes_2010_2019_MPO
101930129,2018-03-01,2018,,19.0,,,0,0,N,0.0,0.0,0.0,,,,,,,,36.03771,-86.7825,False,Crashes_2010_2019_MPO
102043586,2018-06-15,2018,,19.0,,,0,0,N,0.0,0.0,0.0,,,,,,,,36.0409,-86.77938,False,Crashes_2010_2019_MPO
101003356,2015-11-05,2015,,19.0,,,0,0,N,0.0,0.0,0.0,,,,,,,,36.03142,-86.75506,False,Crashes_2010_2019_MPO
102184448,2018-10-20,2018,,94.0,,,0,0,N,0.0,0.0,0.0,,,,,,,,36.0214,-86.78733,True,Crashes_2010_2019_MPO
100587570,2014-07-25,2014,,94.0,,,0,0,N,0.0,0.0,0.0,,,,,,,,35.94763,-86.8222,False,Crashes_2010_2019_MPO
101848562,2017-12-05,2017,,94.0,,,0,0,N,0.0,0.0,0.0,,,,,,,,35.99551,-86.77887,True,Crashes_2010_2019_MPO
102481403,2019-08-18,2019,,19.0,,,0,0,N,0.0,0.0,0.0,,,,,,,,36.04744,-86.69299,False,Crashes_2010_2019_MPO
102594295,2019-12-11,2019,,94.0,,,0,0,N,0.0,0.0,0.0,,,,,,,,35.99411,-86.76343,True,Crashes_2010_2019_MPO
100721080,2015-01-12,2015,,19.0,,,0,0,N,0.0,0.0,0.0,,,,,,,,36.02609,-86.68027,False,Crashes_2010_2019_MPO
102259981,2018-12-28,2018,,19.0,,,0,0,N,0.0,0.0,0.0,,,,,,,,36.03846,-86.80411,False,Crashes_2010_2019_MPO
101127487,2016-03-04,2016,,94.0,,,0,0,N,0.0,0.0,0.0,,,,,,,,35.9642,-86.82743,False,Crashes_2010_2019_MPO
101103371,2016-02-10,2016,,19.0,,,0,0,N,0.0,0.0,0.0,,,,,,,,36.05158,-86.71663,False,Crashes_2010_2019_MPO
102358332,2019-04-12,2019,,19.0,,,0,0,N,0.0,0.0,0.0,,,,,,,,36.03294,-86.74369,False,Crashes_2010_2019_MPO
100854276,2015-06-02,2015,,94.0,,,0,0,N,0.0,0.0,0.0,,,,,,,,36.03156,-86.78907,True,Crashes_2010_2019_MPO
100380489,2013-09-18,2013,,94.0,,,0,0,N,0.0,0.0,0.0,,,,,,,,35.94689,-86.85175,False,Crashes_2010_2019_MPO
101558463,2017-02-18,2017,,19.0,,,0,0,N,0.0,0.0,0.0,,,,,,,,36.04173,-86.78242,False,Crashes_2010_2019_MPO
100713687,2014-12-26,2014,,94.0,,,0,0,N,0.0,0.0,0.0,,,,,,,,35.92642,-86.82454,False,Crashes_2010_2019_MPO
102013936,2018-05-17,2018,,19.0,,,0,0,N,0.0,0.0,0.0,,,,,,,,36.02547,-86.71305,False,Crashes_2010_2019_MPO
100592229,2014-08-06,2014,,94.0,,,0,0,Y,0.0,0.0,1.0,,,,,,,,36.00759,-86.72002,True,Crashes_2010_2019_MPO
101065934,2015-12-23,2015,,94.0,,,0,0,N,0.0,0.0,0.0,,,,,,,,35.92392,-86.79654,False,Crashes_2010_2019_MPO
102191720,2018-10-27,2018,,19.0,,,0,0,N,0.0,0.0,0.0,,,,,,,,36.04078,-86.77291,False,Crashes_2010_2019_MPO
101486589,2016-12-24,2016,,94.0,,,0,0,N,0.0,0.0,0.0,,,,,,,,35.92738,-86.8687,False,Crashes_2010_2019_MPO
102143518,2018-09-13,2018,,94.0,,,0,0,N,0.0,0.0,0.0,,,,,,,,35.95564,-86.81283,False,Crashes_2010_2019_MPO
102281847,2019-01-19,2019,,94.0,,,0,0,N,0.0,0.0,0.0,,,,,,,,35.95385,-86.81759,False,Crashes_2010_2019_MPO
101780620,2017-10-03,2017,,94.0,,,0,0,N,0.0,0.0,0.0,,,,,,,,36.0227,-86.78675,True,Crashes_2010_2019_MPO
100562807,2014-06-19,2014,,19.0,,,0,0,N,0.0,0.0,0.0,,,,,,,,36.03694,-86.80194,True,Crashes_2010_2019_MPO
100594444,2014-08-11,2014,,94.0,,,0,0,Y,0.0,0.0,1.0,,,,,,,,35.98989,-86.74361,True,Crashes_2010_2019_MPO
102234745,2018-12-04,2018,,94.0,,,0,0,N,0.0,0.0,0.0,,,,,,,,35.92957,-86.84213,False,Crashes_2010_2019_MPO
100417162,2013-12-07,2013,,94.0,,,0,1,N,0.0,1.0,0.0,,,,,,,,35.95842,-86.81358,False,Crashes_2010_2019_MPO
102345987,2019-03-30,2019,,94.0,,,0,0,N,0.0,0.0,0.0,,,,,,,,35.97765,-86.77678,True,Crashes_2010_2019_MPO
101452947,2016-11-17,2016,,19.0,,,0,0,N,0.0,0.0,0.0,,,,,,,,36.03954,-86.77102,False,Crashes_2010_2019_MPO
101766104,2017-09-20,2017,,94.0,,,0,0,N,0.0,0.0,0.0,,,,,,,,35.93219,-86.79404,False,Crashes_2010_2019_MPO
101585753,2017-03-17,2017,,94.0,,,0,0,N,0.0,0.0,0.0,,,,,,,,35.96497,-86.79408,True,Crashes_2010_2019_MPO
101869903,2017-12-27,2017,,94.0,,,0,0,N,0.0,0.0,0.0,,,,,,,,35.93215,-86.79441,False,Crashes_2010_2019_MPO
102099591,2018-08-05,2018,,19.0,,,0,0,N,0.0,0.0,0.0,,,,,,,,36.04001,-86.74348,False,Crashes_2010_2019_MPO
100436163,2014-01-28,2014,,94.0,,,0,0,N,0.0,0.0,0.0,,,,,,,,36.0022,-86.79287,True,Crashes_2010_2019_MPO
100339038,2013-06-07,2013,,94.0,,,0,0,N,0.0,0.0,0.0,,,,,,,,35.97102,-86.72644,True,Crashes_2010_2019_MPO
102464534,2019-08-01,2019,,94.0,,,0,0,N,0.0,0.0,0.0,,,,,,,,35.94765,-86.81971,False,Crashes_2010_2019_MPO
101010774,2015-11-16,2015,,94.0,,,0,0,N,0.0,0.0,0.0,,,,,,,,35.95923,-86.81,False,Crashes_2010_2019_MPO
101863753,2017-12-19,2017,,94.0,,,0,0,N,0.0,0.0,0.0,,,,,,,,35.94291,-86.82069,False,Crashes_2010_2019_MPO
101480088,2016-12-17,2016,,94.0,,,0,0,N,0.0,0.0,0.0,,,,,,,,35.96524,-86.80013,True,Crashes_2010_2019_MPO
100383841,2013-09-26,2013,,94.0,,,0,0,N,0.0,0.0,0.0,,,,,,,,35.93157,-86.87648,False,Crashes_2010_2019_MPO
102188257,2018-10-24,2018,,94.0,,,0,0,N,0.0,0.0,0.0,,,,,,,,35.98558,-86.73264,True,Crashes_2010_2019_MPO
102595684,2019-12-12,2019,,19.0,,,0,0,N,0.0,0.0,0.0,,,,,,,,36.05254,-86.6826,False,Crashes_2010_2019_MPO
100944309,2015-09-03,2015,,19.0,,,0,0,N,0.0,0.0,0.0,,,,,,,,36.03488,-86.78307,True,Crashes_2010_2019_MPO
102391567,2019-05-17,2019,,94.0,,,0,0,N,0.0,0.0,0.0,,,,,,,,35.9359,-86.81811,False,Crashes_2010_2019_MPO
101806291,2017-10-27,2017,,19.0,,,0,0,N,0.0,0.0,0.0,,,,,,,,36.04142,-86.77997,False,Crashes_2010_2019_MPO
100226797,2012-09-13,2012,,94.0,,,0,0,N,0.0,0.0,0.0,,,,,,,,35.96653,-86.80997,True,Crashes_2010_2019_MPO
100299263,2013-03-03,2013,,94.0,,,0,0,N,0.0,0.0,0.0,,,,,,,,35.98659,-86.70941,True,Crashes_2010_2019_MPO