mstrrecnbr,collision_ts,year,county,countystat,crash,crash_type,fatalities,non_motorists,commercial,fatal_c,nonmotor_c,truck_c,fatalc,serious_injuries,ped,bike,lighting,weather,first_harmful_event,latitude,longitude,in_city,src_layer
102600758,2019-12-18,2019,,19.0,,,0,0,N,0.0,0.0,0.0,,,,,,,,36.01203,-86.68403,False,Crashes_2010_2019_MPO
102140959,2018-09-07,2018,,94.0,,,0,0,N,0.0,0.0,0.0,,,,,,,,35.96133,-86.81226,False,Crashes_2010_2019_MPO
101915417,2018-02-12,2018,,94.0,,,0,0,N,0.0,0.0,0.0,,,,,,,,35.93066,-86.87629,False,Crashes_2010_2019_MPO
102246850,2018-12-14,2018,,94.0,,,0,0,N,0.0,0.0,0.0,,,,,,,,35.95209,-86.81805,False,Crashes_2010_2019_MPO
100267809,2012-12-17,2012,,94.0,,,0,0,N,0.0,0.0,0.0,,,,,,,,35.96174,-86.80177,True,Crashes_2010_2019_MPO
101808728,2017-10-30,2017,,19.0,,,0,0,N,0.0,0.0,0.0,,,,,,,,36.04383,-86.71309,False,Crashes_2010_2019_MPO
100944785,2015-09-04,2015,,94.0,,,0,0,N,0.0,0.0,0.0,,,,,,,,35.94429,-86.81993,False,Crashes_2010_2019_MPO
101121804,2016-02-24,2016,,94.0,,,0,0,N,0.0,0.0,0.0,,,,,,,,35.96451,-86.77191,True,Crashes_2010_2019_MPO
101103154,2016-02-10,2016,,94.0,,,0,0,N,0.0,0.0,0.0,,,,,,,,35.97399,-86.74352,True,Crashes_2010_2019_MPO
101729491,2017-08-13,2017,,19.0,,,0,0,N,0.0,0.0,0.0,,,,,,,,36.0415,-86.72659,False,Crashes_2010_2019_MPO
100855670,2015-06-04,2015,,94.0,,,0,0,N,0.0,0.0,0.0,,,,,,,,35.94682,-86.82191,False,Crashes_2010_2019_MPO
102214635,2018-11-17,2018,,94.0,,,0,0,N,0.0,0.0,0.0,,,,,,,,35.99313,-86.69997,True,Crashes_2010_2019_MPO
102171489,2018-10-08,2018,,94.0,,,0,0,N,0.0,0.0,0.0,,,,,,,,36.0338,-86.79497,True,Crashes_2010_2019_MPO
102400902,2019-05-26,2019,,94.0,,,0,0,N,0.0,0.0,0.0,,,,,,,,35.966539,-86.80994,True,Crashes_2010_2019_MPO
101288606,2016-07-19,2016,,94.0,,,0,0,N,0.0,0.0,0.0,,,,,,,,35.95792,-86.80256,False,Crashes_2010_2019_MPO
102508407,2019-09-13,2019,,94.0,,,0,1,N,0.0,1.0,0.0,,,,,,,,35.92607,-86.86708,False,Crashes_2010_2019_MPO
101581739,2017-03-13,2017,,94.0,,,0,0,N,0.0,0.0,0.0,,,,,,,,35.97672,-86.76771,True,Crashes_2010_2019_MPO
102063965,2018-07-04,2018,,19.0,,,0,0,N,0.0,0.0,0.0,,,,,,,,36.02296,-86.68411,False,Crashes_2010_2019_MPO
101671657,2017-06-12,2017,,19.0,,,0,0,N,0.0,0.0,0.0,,,,,,,,36.04817,-86.7757,False,Crashes_2010_2019_MPO
100313021,2013-04-07,2013,,94.0,,,0,0,N,0.0,0.0,0.0,,,,,,,,35.95214,-86.81803,False,Crashes_2010_2019_MPO
101092187,2016-01-22,2016,,94.0,,,0,0,N,0.0,0.0,0.0,,,,,,,,35.97383,-86.80494,True,Crashes_2010_2019_MPO
101595493,2017-03-27,2017,,94.0,,,0,0,N,0.0,0.0,0.0,,,,,,,,36.01486,-86.73081,False,Crashes_2010_2019_MPO
102189650,2018-10-26,2018,,19.0,,,0,0,N,0.0,0.0,0.0,,,,,,,,36.03978,-86.75405,False,Crashes_2010_2019_MPO
10722679,2014-02-17,2014,,19.0,,,0,0, ,0.0,0.0,0.0,,,,,,,,36.04049,-86.71275,False,Crashes_2010_2019_MPO
101693297,2017-07-05,2017,,19.0,,,0,0,N,0.0,0.0,0.0,,,,,,,,36.03317,-86.7749,False,Crashes_2010_2019_MPO
101684878,2017-06-27,2017,,94.0,,,0,0,N,0.0,0.0,0.0,,,,,,,,36.022,-86.74265,False,Crashes_2010_2019_MPO
102574866,2019-11-21,2019,,94.0,,,0,0,N,0.0,0.0,0.0,,,,,,,,36.0343,-86.79174,True,Crashes_2010_2019_MPO
100913506,2015-07-28,2015,,94.0,,,0,0,N,0.0,0.0,0.0,,,,,,,,35.9646,-86.79006,True,Crashes_2010_2019_MPO
100299470,2013-03-04,2013,,94.0,,,0,0,N,0.0,0.0,0.0,,,,,,,,35.93009,-86.82656,False,Crashes_2010_2019_MPO
100324664,2013-05-04,2013,,94.0,,,0,0,N,0.0,0.0,0.0,,,,,,,,35.96591,-86.80546,True,Crashes_2010_2019_MPO
102380604,2019-05-04,2019,,94.0,,,0,0,N,0.0,0.0,0.0,,,,,,,,35.96435,-86.81281,False,Crashes_2010_2019_MPO
101121895,2016-02-24,2016,,94.0,,,0,0,N,0.0,0.0,0.0,,,,,,,,36.01467,-86.72575,False,Crashes_2010_2019_MPO
102378065,2019-05-02,2019,,94.0,,,0,0,N,0.0,0.0,0.0,,,,,,,,35.923,-86.81684,False,Crashes_2010_2019_MPO
101044997,2015-12-07,2015,,94.0,,,0,0,N,0.0,0.0,0.0,,,,,,,,35.96171,-86.80183,True,Crashes_2010_2019_MPO
102523418,2019-09-28,2019,,94.0,,,0,0,N,0.0,0.0,0.0,,,,,,,,35.96679,-86.81048,True,Crashes_2010_2019_MPO
101470152,2016-12-07,2016,,94.0,,,0,0,N,0.0,0.0,0.0,,,,,,,,36.03614,-86.78711,True,Crashes_2010_2019_MPO
102441273,2019-07-07,2019,,94.0,,,0,0,N,0.0,0.0,0.0,,,,,,,,35.94612,-86.82346,False,Crashes_2010_2019_MPO
102496775,2019-09-02,2019,,94.0,,,0,0,N,0.0,0.0,0.0,,,,,,,,35.92958,-86.84267,False,Crashes_2010_2019_MPO
101603466,2017-04-03,2017,,94.0,,,0,0,N,0.0,0.0,0.0,,,,,,,,36.00917,-86.7778,True,Crashes_2010_2019_MPO
101208976,2016-05-20,2016,,19.0,,,0,0,N,0.0,0.0,0.0,,,,,,,,36.04545,-86.71237,False,Crashes_2010_2019_MPO
102601879,2019-12-19,2019,,94.0,,,0,0,N,0.0,0.0,0.0,,,,,,,,35.96488,-86.7931,True,Crashes_2010_2019_MPO
100750657,2015-02-20,2015,,19.0,,,0,0,N,0.0,0.0,0.0,,,,,,,,36.03872,-86.8067,False,Crashes_2010_2019_MPO
102218644,2018-11-21,2018,,94.0,,,0,0,N,0.0,0.0,0.0,,,,,,,,35.9666,-86.8092,True,Crashes_2010_2019_MPO
100298054,2013-02-28,2013,,94.0,,,0,0,N,0.0,0.0,0.0,,,,,,,,35.94778,-86.81995,False,Crashes_2010_2019_MPO
101007462,2015-11-06,2015,,94.0,,,0,0,N,0.0,0.0,0.0,,,,,,,,35.95033,-86.81899,False,Crashes_2010_2019_MPO
102005617,2018-05-10,2018,,94.0,,,0,0,N,0.0,0.0,0.0,,,,,,,,35.92986,-86.86443,False,Crashes_2010_2019_MPO
102018922,2018-05-22,2018,,94.0,,,0,0,N,0.0,0.0,0.0,,,,,,,,35.99841,-86.80399,True,Crashes_2010_2019_MPO
101288524,2016-07-19,2016,,94.0,,,0,0,N,0.0,0.0,0.0,,,,,,,,35.98111,-86.84624,False,Crashes_2010_2019_MPO
100416087,2013-12-07,2013,,94.0,,,0,2,N,0.0,1.0,0.0,,,,,,,,35.97872,-86.77,True,Crashes_2010_2019_MPO
102296332,2019-02-02,2019,,94.0,,,0,0,N,0.0,0.0,0.0,,,,,,,,35.9407,-86.83934,False,Crashes_2010_2019_MPO
100213900,2012-08-11,2012,,94.0,,,0,0,N,0.0,0.0,0.0,,,,,,,,35.96687,-86.81113,True,Crashes_2010_2019_MPO
100808181,2015-04-15,2015,,19.0,,,0,0,N,0.0,0.0,0.0,,,,,,,,36.04411,-86.6877,False,Crashes_2010_2019_MPO
102284060,2019-01-22,2019,,94.0,,,0,0,N,0.0,0.0,0.0,,,,,,,,36.0191,-86.78239,True,Crashes_2010_2019_MPO
102611128,2019-12-30,2019,,19.0,,,0,0,N,0.0,0.0,0.0,,,,,,,,36.04228,-86.74399,False,Crashes_2010_2019_MPO
101267531,2016-06-16,2016,,94.0,,,0,0,N,0.0,0.0,0.0,,,,,,,,35.96594,-86.80375,True,Crashes_2010_2019_MPO
100319718,2013-04-22,2013,,94.0,,,0,0,N,0.0,0.0,0.0,,,,,,,,36.01357,-86.78539,True,Crashes_2010_2019_MPO
100728802,2015-01-28,2015,,94.0,,,0,0,N,0.0,0.0,0.0,,,,,,,,35.94687,-86.82178,False,Crashes_2010_2019_MPO
101789892,2017-10-13,2017,,94.0,,,0,0,N,0.0,0.0,0.0,,,,,,,,36.00108,-86.74286,True,Crashes_2010_2019_MPO
101158128,2016-04-05,2016,,19.0,,,0,0,N,0.0,0.0,0.0,,,,,,,,35.9911,-86.68341,False,Crashes_2010_2019_MPO
101625883,2017-04-25,2017,,94.0,,,0,0,N,0.0,0.0,0.0,,,,,,,,35.92994,-86.86438,False,Crashes_2010_2019_MPO
100381512,2013-09-20,2013,,94.0,,,0,0,N,0.0,0.0,0.0,,,,,,,,35.95008,-86.8491,False,Crashes_2010_2019_MPO
102303273,2019-02-11,2019,,94.0,,,0,0,N,0.0,0.0,0.0,,,,,,,,36.03403,-86.81347,True,Crashes_2010_2019_MPO
100598009,2014-08-20,2014,,94.0,,,0,0,N,0.0,0.0,0.0,,,,,,,,35.96708,-86.81356,True,Crashes_2010_2019_MPO
101679068,2017-06-20,2017,,19.0,,,0,0,N,0.0,0.0,0.0,,,,,,,,36.04507,-86.77986,False,Crashes_2010_2019_MPO
100941151,2015-08-28,2015,,94.0,,,0,0,N,0.0,0.0,0.0,,,,,,,,36.01286,-86.80081,True,Crashes_2010_2019_MPO
101764305,2017-09-17,2017,,19.0,,,0,0,N,0.0,0.0,0.0,,,,,,,,36.03971,-86.76279,False,Crashes_2010_2019_MPO
102577398,2019-11-23,2019,,94.0,,,0,0,N,0.0,0.0,0.0,,,,,,,,35.96693,-86.77276,True,Crashes_2010_2019_MPO
101759325,2017-09-13,2017,,94.0,,,0,0,N,0.0,0.0,0.0,,,,,,,,35.99671,-86.79041,True,Crashes_2010_2019_MPO
101754032,2017-09-07,2017,,94.0,,,0,0,N,0.0,0.0,0.0,,,,,,,,35.97206,-86.82651,True,Crashes_2010_2019_MPO
102110802,2018-08-13,2018,,94.0,,,0,0,N,0.0,0.0,0.0,,,,,,,,35.99536,-86.79774,True,Crashes_2010_2019_MPO
102430060,2019-06-26,2019,,94.0,,,0,0,N,0.0,0.0,0.0,,,,,,,,35.95715,-86.84309,False,Crashes_2010_2019_MPO
100885628,2015-07-13,2015,,94.0,,,0,0,N,0.0,0.0,0.0,,,,,,,,35.96601,-86.77934,True,Crashes_2010_2019_MPO
100784215,2015-03-18,2015,,94.0,,,0,0,N,0.0,0.0,0.0,,,,,,,,35.92893,-86.82078,False,Crashes_2010_2019_MPO
100275073,2013-01-04,2013,,19.0,,,0,0,Y,0.0,0.0,1.0,,,,,,,,36.04038,-86.74405,False,Crashes_2010_2019_MPO
100693381,2014-11-20,2014,,94.0,,,0,0,N,0.0,0.0,0.0,,,,,,,,35.92509,-86.87356,False,Crashes_2010_2019_MPO
100800959,2015-04-01,2015,,19.0,,,0,0,N,0.0,0.0,0.0,,,,,,,,36.044,-86.71299,False,Crashes_2010_2019_MPO
101606936,2017-04-07,2017,,94.0,,,0,0,N,0.0,0.0,0.0,,,,,,,,35.99551,-86.77887,True,Crashes_2010_2019_MPO
102145147,2018-09-14,2018,,94.0,,,0,0,N,0.0,0.0,0.0,,,,,,,,35.94103,-86.85625,False,Crashes_2010_2019_MPO
100921500,2015-08-11,2015,,94.0,,,0,0,N,0.0,0.0,0.0,,,,,,,,36.03694,-86.79094,False,Crashes_2010_2019_MPO
100585713,2014-07-20,2014,,94.0,,,0,0,N,0.0,0.0,0.0,,,,,,,,35.92846,-86.83378,False,Crashes_2010_2019_MPO
101361159,2016-09-14,2016,,94.0,,,0,0,N,0.0,0.0,0.0,,,,,,,,35.94782,-86.85884,False,Crashes_2010_2019_MPO
102261392,2018-12-30,2018,,19.0,,,0,0,N,0.0,0.0,0.0,,,,,,,,36.04545,-86.70396,False,Crashes_2010_2019_MPO
102531795,2019-10-07,2019,,19.0,,,0,0,N,0.0,0.0,0.0,,,,,,,,36.03517,-86.76871,False,Crashes_2010_2019_MPO
100683238,2014-11-19,2014,,94.0,,,0,0,N,0.0,0.0,0.0,,,,,,,,36.01497,-86.84197,False,Crashes_2010_2019_MPO
102160765,2018-09-28,2018,,19.0,,,0,0,N,0.0,0.0,0.0,,,,,,,,36.0116,-86.70306,False,Crashes_2010_2019_MPO
102454298,2019-07-20,2019,,94.0,,,0,0,N,0.0,0.0,0.0,,,,,,,,35.95599,-86.81493,False,Crashes_2010_2019_MPO
102026658,2018-05-29,2018,,19.0,,,0,0,N,0.0,0.0,0.0,,,,,,,,36.05344,-86.77516,False,Crashes_2010_2019_MPO
100460364,2014-03-05,2014,,94.0,,,0,0,N,0.0,0.0,0.0,,,,,,,,35.93127,-86.87695,False,Crashes_2010_2019_MPO
101848482,2017-11-30,2017,,94.0,,,0,0,N,0.0,0.0,0.0,,,,,,,,35.92863,-86.75616,False,Crashes_2010_2019_MPO
101345065,2016-08-24,2016,,94.0,,,0,0,N,0.0,0.0,0.0,,,,,,,,36.01414,-86.72107,False,Crashes_2010_2019_MPO
102521646,2019-09-27,2019,,19.0,,,0,0,N,0.0,0.0,0.0,,,,,,,,35.99588,-86.6909,False,Crashes_2010_2019_MPO
101077406,2016-01-14,2016,,94.0,,,0,0,N,0.0,0.0,0.0,,,,,,,,35.97429,-86.83182,True,Crashes_2010_2019_MPO
100567346,2014-06-30,2014,,94.0,,,0,0,N,0.0,0.0,0.0,,,,,,,,35.93661,-86.8232,False,Crashes_2010_2019_MPO
100299131,2013-03-03,2013,,94.0,,,0,0,N,0.0,0.0,0.0,,,,,,,,35.92572,-86.76715,False,Crashes_2010_2019_MPO
100849683,2015-05-24,2015,,94.0,,,0,0,N,0.0,0.0,0.0,,,,,,,,35.94507,-86.87858,False,Crashes_2010_2019_MPO
102073823,2018-07-13,2018,,94.0,,,0,0,N,0.0,0.0,0.0,,,,,,,,35.98383,-86.81933,True,Crashes_2010_2019_MPO
102382948,2019-05-07,2019,,94.0,,,0,0,N,0.0,0.0,0.0,,,,,,,,35.99551,-86.77887,True,Crashes_2010_2019_MPO
101775929,2017-09-29,2017,,94.0,,,0,0,N,0.0,0.0,0.0,,,,,,,,35.92957,-86.84187,False,Crashes_2010_2019_MPO
101062240,2015-12-18,2015,,94.0,,,0,0,N,0.0,0.0,0.0,,,,,,,,36.026495,-86.792487,True,Crashes_2010_2019_MPO
101635211,2017-05-05,2017,,19.0,,,0,0,N,0.0,0.0,0.0,,,,,,,,36.04052,-86.78284,False,Crashes_2010_2019_MPO
100240785,2012-10-20,2012,,94.0,,,0,0,N,0.0,0.0,0.0,,,,,,,,35.96403,-86.77176,True,Crashes_2010_2019_MPO
102593226,2019-12-09,2019,,19.0,,,0,0,N,0.0,0.0,0.0,,,,,,,,35.99686,-86.68989,False,Crashes_2010_2019_MPO
100408607,2013-11-21,2013,,94.0,,,0,0,N,0.0,0.0,0.0,,,,,,,,35.95621,-86.8442,False,Crashes_2010_2019_MPO
101126232,2016-03-02,2016,,94.0,,,0,0,N,0.0,0.0,0.0,,,,,,,,35.93446,-86.81991,False,Crashes_2010_2019_MPO
101736785,2017-08-20,2017,,19.0,,,0,0,N,0.0,0.0,0.0,,,,,,,,36.04529,-86.714,False,Crashes_2010_2019_MPO
102318287,2019-03-01,2019,,19.0,,,0,0,N,0.0,0.0,0.0,,,,,,,,36.01238,-86.70361,False,Crashes_2010_2019_MPO
101068744,2015-12-29,2015,,19.0,,,0,0,N,0.0,0.0,0.0,,,,,,,,36.03995,-86.78093,False,Crashes_2010_2019_MPO
101928887,2018-02-27,2018,,19.0,,,0,0,N,0.0,0.0,0.0,,,,,,,,36.05151,-86.71436,False,Crashes_2010_2019_MPO
100590460,2014-08-02,2014,,94.0,,,0,0,N,0.0,0.0,0.0,,,,,,,,35.97032,-86.72551,True,Crashes_2010_2019_MPO
100143706,2012-02-02,2012,,94.0,,,0,0,N,0.0,0.0,0.0,,,,,,,,35.93757,-86.70234,False,Crashes_2010_2019_MPO
100481394,2014-04-02,2014,,94.0,,,0,0,N,0.0,0.0,0.0,,,,,,,,35.92415,-86.87179,False,Crashes_2010_2019_MPO
100752403,2015-02-24,2015,,94.0,,,0,0,N,0.0,0.0,0.0,,,,,,,,35.995872,-86.785408,True,Crashes_2010_2019_MPO
100338550,2013-06-06,2013,,94.0,,,0,0,N,0.0,0.0,0.0,,,,,,,,35.95614,-86.84425,False,Crashes_2010_2019_MPO
100361772,2013-08-02,2013,,94.0,,,0,0,N,0.0,0.0,0.0,,,,,,,,35.96572,-86.70651,True,Crashes_2010_2019_MPO
101826025,2017-11-04,2017,,94.0,,,0,0,N,0.0,0.0,0.0,,,,,,,,35.97103,-86.72644,True,Crashes_2010_2019_MPO
101541459,2017-02-01,2017,,94.0,,,0,0,N,0.0,0.0,0.0,,,,,,,,35.97103,-86.72644,True,Crashes_2010_2019_MPO
101323451,2016-08-08,2016,,94.0,,,0,0,N,0.0,0.0,0.0,,,,,,,,35.99532,-86.81943,True,Crashes_2010_2019_MPO
101986553,2018-04-22,2018,,94.0,,,0,0,N,0.0,0.0,0.0,,,,,,,,35.99574,-86.78132,True,Crashes_2010_2019_MPO
101003114,2015-11-03,2015,,94.0,,,0,0,Y,0.0,0.0,1.0,,,,,,,,36.01912,-86.78698,True,Crashes_2010_2019_MPO
100914068,2015-07-29,2015,,94.0,,,0,0,N,0.0,0.0,0.0,,,,,,,,35.96672,-86.8113,True,Crashes_2010_2019_MPO
100420437,2013-12-17,2013,,94.0,,,0,0,N,0.0,0.0,0.0,,,,,,,,35.92641,-86.82446,False,Crashes_2010_2019_MPO
101653660,2017-05-24,2017,,94.0,,,0,0,N,0.0,0.0,0.0,,,,,,,,35.94028,-86.8313,False,Crashes_2010_2019_MPO
102254421,2018-12-21,2018,,94.0,,,0,0,N,0.0,0.0,0.0,,,,,,,,35.96604,-86.80723,True,Crashes_2010_2019_MPO
101778743,2017-10-02,2017,,94.0,,,0,0,N,0.0,0.0,0.0,,,,,,,,36.03302,-86.78891,True,Crashes_2010_2019_MPO
100327177,2013-05-10,2013,,94.0,,,0,0,N,0.0,0.0,0.0,,,,,,,,35.99442,-86.8173,True,Crashes_2010_2019_MPO
102580779,2019-11-26,2019,,94.0,,,0,0,N,0.0,0.0,0.0,,,,,,,,35.93374,-86.81767,False,Crashes_2010_2019_MPO
101269430,2016-06-20,2016,,19.0,,,0,0,N,0.0,0.0,0.0,,,,,,,,36.04543,-86.70361,False,Crashes_2010_2019_MPO
101349186,2016-08-29,2016,,19.0,,,0,0,N,0.0,0.0,0.0,,,,,,,,36.04204,-86.82524,False,Crashes_2010_2019_MPO
102341482,2019-03-26,2019,,94.0,,,0,0,N,0.0,0.0,0.0,,,,,,,,35.93219,-86.79405,False,Crashes_2010_2019_MPO
101968139,2018-04-04,2018,,94.0,,,0,0,N,0.0,0.0,0.0,,,,,,,,36.03495,-86.78306,True,Crashes_2010_2019_MPO
101737410,2017-08-21,2017,,94.0,,,0,0,N,0.0,0.0,0.0,,,,,,,,36.03655,-86.81294,True,Crashes_2010_2019_MPO
102060962,2018-07-02,2018,,19.0,,,0,0,N,0.0,0.0,0.0,,,,,,,,36.03895,-86.78258,False,Crashes_2010_2019_MPO
101741516,2017-06-20,2017,,94.0,,,0,0,N,0.0,0.0,0.0,,,,,,,,36.00328,-86.79206,True,Crashes_2010_2019_MPO
101688559,2017-07-01,2017,,94.0,,,0,0,N,0.0,0.0,0.0,,,,,,,,35.96588,-86.80316,True,Crashes_2010_2019_MPO
101187594,2016-05-04,2016,,94.0,,,0,0,N,0.0,0.0,0.0,,,,,,,,35.93453,-86.86059,False,Crashes_2010_2019_MPO
101638441,2017-05-08,2017,,94.0,,,0,0,N,0.0,0.0,0.0,,,,,,,,36.0328,-86.78331,True,Crashes_2010_2019_MPO
101791015,2017-10-13,2017,,94.0,,,0,0,N,0.0,0.0,0.0,,,,,,,,35.95958,-86.80988,False,Crashes_2010_2019_MPO
102322473,2019-03-06,2019,,94.0,,,0,0,N,0.0,0.0,0.0,,,,,,,,36.01525,-86.78562,True,Crashes_2010_2019_MPO
100306324,2013-03-19,2013,,94.0,,,0,0,N,0.0,0.0,0.0,,,,,,,,35.97717,-86.67814,False,Crashes_2010_2019_MPO
101061477,2015-12-17,2015,,94.0,,,0,0,N,0.0,0.0,0.0,,,,,,,,35.93467,-86.87808,False,Crashes_2010_2019_MPO
100393352,2013-10-17,2013,,94.0,,,0,0,N,0.0,0.0,0.0,,,,,,,,35.93368,-86.8784,False,Crashes_2010_2019_MPO
101896326,2018-01-25,2018,,19.0,,,0,0,N,0.0,0.0,0.0,,,,,,,,36.03982,-86.74091,False,Crashes_2010_2019_MPO
102534376,2019-10-09,2019,,94.0,,,0,0,N,0.0,0.0,0.0,,,,,,,,35.93446,-86.81991,False,Crashes_2010_2019_MPO
100434345,2014-01-23,2014,,94.0,,,0,0,N,0.0,0.0,0.0,,,,,,,,35.93059,-86.82405,False,Crashes_2010_2019_MPO
102469849,2019-08-06,2019,,94.0,,,0,0,N,0.0,0.0,0.0,,,,,,,,35.95211,-86.81779,False,Crashes_2010_2019_MPO
101074136,2016-01-08,2016,,94.0,,,0,0,N,0.0,0.0,0.0,,,,,,,,35.93146,-86.86324,False,Crashes_2010_2019_MPO
100486844,2014-04-15,2014,,94.0,,,0,0,N,0.0,0.0,0.0,,,,,,,,35.96382,-86.80841,False,Crashes_2010_2019_MPO
100567968,2014-06-18,2014,,19.0,,,0,0,N,0.0,0.0,0.0,,,,,,,,36.03876,-86.73328,False,Crashes_2010_2019_MPO
100874227,2015-06-21,2015,,94.0,,,0,0,N,0.0,0.0,0.0,,,,,,,,35.94095,-86.83952,False,Crashes_2010_2019_MPO
101758041,2017-09-11,2017,,19.0,,,0,0,N,0.0,0.0,0.0,,,,,,,,36.04541,-86.70338,False,Crashes_2010_2019_MPO
102166569,2018-10-04,2018,,19.0,,,0,0,N,0.0,0.0,0.0,,,,,,,,35.99533,-86.68768,False,Crashes_2010_2019_MPO
100630501,2014-09-12,2014,,94.0,,,0,0,N,0.0,0.0,0.0,,,,,,,,35.97255,-86.86011,False,Crashes_2010_2019_MPO
100377721,2013-09-06,2013,,94.0,,,0,0,N,0.0,0.0,0.0,,,,,,,,35.98722,-86.80031,True,Crashes_2010_2019_MPO
101717856,2017-08-01,2017,,94.0,,,0,0,N,0.0,0.0,0.0,,,,,,,,35.98113,-86.8462,False,Crashes_2010_2019_MPO
100882566,2015-07-07,2015,,94.0,,,0,0,N,0.0,0.0,0.0,,,,,,,,35.98325,-86.71739,True,Crashes_2010_2019_MPO
101353135,2016-09-04,2016,,94.0,,,0,0,N,0.0,0.0,0.0,,,,,,,,36.02992,-86.78368,True,Crashes_2010_2019_MPO
101651449,2017-05-16,2017,,94.0,,,0,0,N,0.0,0.0,0.0,,,,,,,,35.96462,-86.81473,True,Crashes_2010_2019_MPO
101132573,2016-03-12,2016,,94.0,,,0,0,N,0.0,0.0,0.0,,,,,,,,35.99459,-86.76773,True,Crashes_2010_2019_MPO
102354726,2019-04-09,2019,,19.0,,,0,0,N,0.0,0.0,0.0,,,,,,,,36.05292,-86.68592,False,Crashes_2010_2019_MPO
102525970,2019-10-01,2019,,19.0,,,0,0,N,0.0,0.0,0.0,,,,,,,,36.05157,-86.82864,False,Crashes_2010_2019_MPO
100392568,2013-10-16,2013,,94.0,,,0,0,N,0.0,0.0,0.0,,,,,,,,35.92672,-86.82709,False,Crashes_2010_2019_MPO
101127318,2016-03-03,2016,,19.0,,,0,0,N,0.0,0.0,0.0,,,,,,,,36.04331,-86.78174,False,Crashes_2010_2019_MPO
100731756,2015-02-03,2015,,94.0,,,0,0,N,0.0,0.0,0.0,,,,,,,,35.96536,-86.79757,True,Crashes_2010_2019_MPO
102516202,2019-09-21,2019,,94.0,,,0,0,N,0.0,0.0,0.0,,,,,,,,36.0273,-86.79207,True,Crashes_2010_2019_MPO
101794233,2017-10-16,2017,,94.0,,,0,0,N,0.0,0.0,0.0,,,,,,,,36.01775,-86.78633,True,Crashes_2010_2019_MPO
100715950,2015-01-01,2015,,19.0,,,0,0,N,0.0,0.0,0.0,,,,,,,,36.03969,-86.75984,False,Crashes_2010_2019_MPO
102014444,2018-05-17,2018,,94.0,,,0,0,N,0.0,0.0,0.0,,,,,,,,35.94055,-86.83919,False,Crashes_2010_2019_MPO
101418711,2016-10-20,2016,,94.0,,,0,0,N,0.0,0.0,0.0,,,,,,,,35.94765,-86.81971,False,Crashes_2010_2019_MPO
101862210,2017-12-18,2017,,94.0,,,0,0,N,0.0,0.0,0.0,,,,,,,,35.97766,-86.77646,True,Crashes_2010_2019_MPO
100420998,2013-12-18,2013,,94.0,,,0,0,N,0.0,0.0,0.0,,,,,,,,36.03474,-86.78792,True,Crashes_2010_2019_MPO
100766830,2015-02-26,2015,,94.0,,,0,0,N,0.0,0.0,0.0,,,,,,,,36.01683,-86.78607,True,Crashes_2010_2019_MPO
10689679,2012-11-12,2012,,19.0,,,0,0, ,0.0,0.0,0.0,,,,,,,,36.047211,-86.692879,False,Crashes_2010_2019_MPO
100727405,2015-01-25,2015,,19.0,,,0,0,N,0.0,0.0,0.0,,,,,,,,36.03987,-86.74097,False,Crashes_2010_2019_MPO
102126964,2018-08-29,2018,,94.0,,,0,0,N,0.0,0.0,0.0,,,,,,,,35.9289,-86.82055,False,Crashes_2010_2019_MPO
101883515,2018-01-10,2018,,94.0,,,0,0,N,0.0,0.0,0.0,,,,,,,,36.03014,-86.78321,True,Crashes_2010_2019_MPO
101648015,2017-05-18,2017,,94.0,,,0,0,N,0.0,0.0,0.0,,,,,,,,35.95997,-86.83392,False,Crashes_2010_2019_MPO
101237614,2016-06-02,2016,,19.0,,,0,0,N,0.0,0.0,0.0,,,,,,,,36.04093,-86.81897,False,Crashes_2010_2019_MPO
102287036,2019-01-25,2019,,19.0,,,0,0,Y,0.0,0.0,1.0,,,,,,,,36.0473,-86.86274,False,Crashes_2010_2019_MPO
101351398,2016-09-01,2016,,94.0,,,0,0,N,0.0,0.0,0.0,,,,,,,,35.94687,-86.85168,False,Crashes_2010_2019_MPO
100974261,2015-10-06,2015,,94.0,,,0,0,N,0.0,0.0,0.0,,,,,,,,35.92332,-86.87286,False,Crashes_2010_2019_MPO
100485548,2014-04-12,2014,,94.0,,,0,0,N,0.0,0.0,0.0,,,,,,,,35.95213,-86.81617,False,Crashes_2010_2019_MPO
102569441,2019-11-15,2019,,94.0,,,0,0,N,0.0,0.0,0.0,,,,,,,,35.9671,-86.8087,True,Crashes_2010_2019_MPO
100919392,2015-08-07,2015,,94.0,,,0,0,N,0.0,0.0,0.0,,,,,,,,35.98484,-86.7263,True,Crashes_2010_2019_MPO
100716611,2015-01-02,2015,,94.0,,,0,0,N,0.0,0.0,0.0,,,,,,,,35.96687,-86.81113,True,Crashes_2010_2019_MPO
101280300,2016-07-06,2016,,94.0,,,0,0,N,0.0,0.0,0.0,,,,,,,,35.99379,-86.79804,True,Crashes_2010_2019_MPO
101972873,2018-04-10,2018,,19.0,,,0,0,N,0.0,0.0,0.0,,,,,,,,36.04553,-86.71154,False,Crashes_2010_2019_MPO
102387776,2019-05-12,2019,,19.0,,,0,0,N,0.0,0.0,0.0,,,,,,,,35.99751,-86.69078,False,Crashes_2010_2019_MPO
102501688,2019-09-06,2019,,19.0,,,0,0,N,0.0,0.0,0.0,,,,,,,,36.04926,-86.70483,False,Crashes_2010_2019_MPO
100749527,2015-02-19,2015,,19.0,,,0,0,N,0.0,0.0,0.0,,,,,,,,36.04017,-86.7051,False,Crashes_2010_2019_MPO
102391712,2019-05-17,2019,,19.0,,,0,0,N,0.0,0.0,0.0,,,,,,,,36.0409,-86.77938,False,Crashes_2010_2019_MPO
101428561,2016-11-01,2016,,19.0,,,0,0,N,0.0,0.0,0.0,,,,,,,,36.0407,-86.78161,False,Crashes_2010_2019_MPO