mstrrecnbr,collision_ts,year,county,countystat,crash,crash_type,fatalities,non_motorists,commercial,fatal_c,nonmotor_c,truck_c,fatalc,serious_injuries,ped,bike,lighting,weather,first_harmful_event,latitude,longitude,in_city,src_layer
101851493,2017-12-05,2017,,94.0,,,0,0,N,0.0,0.0,0.0,,,,,,,,35.95102,-86.80784,False,Crashes_2010_2019_MPO
102035157,2018-06-06,2018,,19.0,,,0,0,N,0.0,0.0,0.0,,,,,,,,36.04152,-86.74961,False,Crashes_2010_2019_MPO
101359115,2016-09-11,2016,,19.0,,,0,0,N,0.0,0.0,0.0,,,,,,,,36.01296,-86.69763,False,Crashes_2010_2019_MPO
102577823,2019-11-24,2019,,19.0,,,0,0,N,0.0,0.0,0.0,,,,,,,,36.03942,-86.78171,False,Crashes_2010_2019_MPO
100200004,2012-07-10,2012,,94.0,,,0,0,N,0.0,0.0,0.0,,,,,,,,36.0236,-86.81982,True,Crashes_2010_2019_MPO
100306194,2013-03-21,2013,,94.0,,,0,0,N,0.0,0.0,0.0,,,,,,,,36.01284,-86.80082,True,Crashes_2010_2019_MPO
100680931,2014-11-15,2014,,94.0,,,0,0,N,0.0,0.0,0.0,,,,,,,,35.96653,-86.80997,True,Crashes_2010_2019_MPO
101534227,2017-01-06,2017,,94.0,,,0,0,N,0.0,0.0,0.0,,,,,,,,35.99421,-86.84787,False,Crashes_2010_2019_MPO
102314633,2019-02-25,2019,,19.0,,,0,0,N,0.0,0.0,0.0,,,,,,,,36.04241,-86.7822,False,Crashes_2010_2019_MPO
100829883,2015-05-06,2015,,94.0,,,0,0,N,0.0,0.0,0.0,,,,,,,,35.94687,-86.82178,False,Crashes_2010_2019_MPO
101614852,2017-04-13,2017,,94.0,,,0,0,N,0.0,0.0,0.0,,,,,,,,35.97716,-86.87622,False,Crashes_2010_2019_MPO
100818983,2015-04-16,2015,,94.0,,,0,0,N,0.0,0.0,0.0,,,,,,,,35.99159,-86.70169,True,Crashes_2010_2019_MPO
101476613,2016-12-13,2016,,94.0,,,0,0,N,0.0,0.0,0.0,,,,,,,,36.02844,-86.79142,True,Crashes_2010_2019_MPO
100190394,2012-06-11,2012,,94.0,,,0,0,N,0.0,0.0,0.0,,,,,,,,36.0343,-86.79174,True,Crashes_2010_2019_MPO
102438152,2019-07-04,2019,,94.0,,,0,0,Y,0.0,0.0,1.0,,,,,,,,35.9666,-86.8092,True,Crashes_2010_2019_MPO
102406173,2019-05-31,2019,,94.0,,,0,0,N,0.0,0.0,0.0,,,,,,,,35.92725,-86.87689,False,Crashes_2010_2019_MPO
100305261,2013-03-18,2013,,94.0,,,0,0,N,0.0,0.0,0.0,,,,,,,,35.93148,-86.81967,False,Crashes_2010_2019_MPO
101300689,2016-07-22,2016,,19.0,,,0,0,N,0.0,0.0,0.0,,,,,,,,36.04698,-86.86301,False,Crashes_2010_2019_MPO
101107022,2016-02-16,2016,,19.0,,,0,0,N,0.0,0.0,0.0,,,,,,,,36.04376,-86.73173,False,Crashes_2010_2019_MPO
101457340,2016-11-22,2016,,94.0,,,0,0,N,0.0,0.0,0.0,,,,,,,,35.96724,-86.81414,True,Crashes_2010_2019_MPO
101827822,2017-11-16,2017,,94.0,,,0,0,N,0.0,0.0,0.0,,,,,,,,35.95721,-86.84339,False,Crashes_2010_2019_MPO
100940013,2015-08-19,2015,,94.0,,,0,0,N,0.0,0.0,0.0,,,,,,,,36.00031,-86.76682,True,Crashes_2010_2019_MPO
102212170,2018-11-15,2018,,94.0,,,0,0,N,0.0,0.0,0.0,,,,,,,,35.98352,-86.72097,True,Crashes_2010_2019_MPO
102404764,2019-05-30,2019,,19.0,,,0,0,N,0.0,0.0,0.0,,,,,,,,35.99186,-86.68411,False,Crashes_2010_2019_MPO
102438616,2019-07-05,2019,,19.0,,,0,0,N,0.0,0.0,0.0,,,,,,,,36.05276,-86.71475,False,Crashes_2010_2019_MPO
100997056,2015-10-26,2015,,19.0,,,0,0,N,0.0,0.0,0.0,,,,,,,,36.01228,-86.68498,False,Crashes_2010_2019_MPO
101009238,2015-11-14,2015,,94.0,,,0,0,N,0.0,0.0,0.0,,,,,,,,36.0067,-86.74446,True,Crashes_2010_2019_MPO
102598807,2019-12-15,2019,,19.0,,,0,0,N,0.0,0.0,0.0,,,,,,,,36.04079,-86.74367,False,Crashes_2010_2019_MPO
101317941,2016-08-01,2016,,19.0,,,0,0,N,0.0,0.0,0.0,,,,,,,,36.02157,-86.71154,False,Crashes_2010_2019_MPO
101046820,2015-12-10,2015,,94.0,,,0,0,N,0.0,0.0,0.0,,,,,,,,35.98525,-86.72839,True,Crashes_2010_2019_MPO
102252974,2018-12-20,2018,,94.0,,,0,0,N,0.0,0.0,0.0,,,,,,,,35.93058,-86.86388,False,Crashes_2010_2019_MPO
100245793,2012-10-30,2012,,94.0,,,0,0,N,0.0,0.0,0.0,,,,,,,,36.03009,-86.7839,True,Crashes_2010_2019_MPO
102453034,2019-07-20,2019,,19.0,,,0,0,N,0.0,0.0,0.0,,,,,,,,36.05326,-86.732,False,Crashes_2010_2019_MPO
101980729,2018-04-16,2018,,94.0,,,0,0,N,0.0,0.0,0.0,,,,,,,,35.92305,-86.81702,False,Crashes_2010_2019_MPO
101152730,2016-03-28,2016,,94.0,,,0,0,N,0.0,0.0,0.0,,,,,,,,35.95531,-86.82638,False,Crashes_2010_2019_MPO
100999031,2015-10-29,2015,,94.0,,,0,0,N,0.0,0.0,0.0,,,,,,,,36.00066,-86.80845,True,Crashes_2010_2019_MPO
102569777,2019-11-15,2019,,94.0,,,0,0,N,0.0,0.0,0.0,,,,,,,,35.99659,-86.70224,True,Crashes_2010_2019_MPO
101364454,2016-09-19,2016,,19.0,,,0,0,N,0.0,0.0,0.0,,,,,,,,36.04513,-86.6991,False,Crashes_2010_2019_MPO
102029543,2018-05-31,2018,,94.0,,,0,0,N,0.0,0.0,0.0,,,,,,,,35.96345,-86.83938,False,Crashes_2010_2019_MPO
101871415,2017-12-28,2017,,94.0,,,0,0,N,0.0,0.0,0.0,,,,,,,,35.92488,-86.8687,False,Crashes_2010_2019_MPO
102442235,2019-07-08,2019,,19.0,,,0,0,N,0.0,0.0,0.0,,,,,,,,36.04235,-86.75279,False,Crashes_2010_2019_MPO
100876345,2015-06-24,2015,,19.0,,,0,0,N,0.0,0.0,0.0,,,,,,,,36.04007,-86.76835,False,Crashes_2010_2019_MPO
100402792,2013-11-09,2013,,94.0,,,0,0,N,0.0,0.0,0.0,,,,,,,,35.94788,-86.81111,False,Crashes_2010_2019_MPO
102005192,2018-05-09,2018,,94.0,,,0,0,N,0.0,0.0,0.0,,,,,,,,35.9583,-86.8023,False,Crashes_2010_2019_MPO
100423325,2013-12-21,2013,,94.0,,,0,0,N,0.0,0.0,0.0,,,,,,,,35.9667,-86.81117,True,Crashes_2010_2019_MPO
102320677,2019-03-04,2019,,94.0,,,0,0,N,0.0,0.0,0.0,,,,,,,,35.99734,-86.79486,True,Crashes_2010_2019_MPO
102187257,2018-10-23,2018,,19.0,,,0,0,N,0.0,0.0,0.0,,,,,,,,36.04521,-86.71643,False,Crashes_2010_2019_MPO
102215889,2018-11-18,2018,,94.0,,,0,0,N,0.0,0.0,0.0,,,,,,,,35.96622,-86.81136,False,Crashes_2010_2019_MPO
101865937,2017-12-21,2017,,94.0,,,0,0,N,0.0,0.0,0.0,,,,,,,,35.95409,-86.84587,False,Crashes_2010_2019_MPO
100726600,2015-01-23,2015,,94.0,,,0,0,N,0.0,0.0,0.0,,,,,,,,35.93223,-86.79424,False,Crashes_2010_2019_MPO
101734788,2017-08-17,2017,,94.0,,,0,0,Y,0.0,0.0,1.0,,,,,,,,35.99334,-86.82898,True,Crashes_2010_2019_MPO
102157125,2018-09-25,2018,,19.0,,,0,0,N,0.0,0.0,0.0,,,,,,,,36.05028,-86.8748,False,Crashes_2010_2019_MPO
101197127,2016-05-18,2016,,19.0,,,0,0,N,0.0,0.0,0.0,,,,,,,,36.03102,-86.73563,False,Crashes_2010_2019_MPO
101076311,2016-01-12,2016,,94.0,,,0,0,N,0.0,0.0,0.0,,,,,,,,35.94487,-86.82876,False,Crashes_2010_2019_MPO
100333244,2013-05-24,2013,,94.0,,,0,0,Y,0.0,0.0,1.0,,,,,,,,35.98257,-86.79001,True,Crashes_2010_2019_MPO
102019574,2018-05-23,2018,,19.0,,,0,0,N,0.0,0.0,0.0,,,,,,,,36.04796,-86.86512,False,Crashes_2010_2019_MPO
100924810,2015-08-17,2015,,19.0,,,0,0,N,0.0,0.0,0.0,,,,,,,,35.99107,-86.68338,False,Crashes_2010_2019_MPO
102150905,2018-09-19,2018,,19.0,,,0,0,N,0.0,0.0,0.0,,,,,,,,36.03993,-86.78096,False,Crashes_2010_2019_MPO
102263575,2019-01-01,2019,,94.0,,,0,0,N,0.0,0.0,0.0,,,,,,,,35.92902,-86.82051,False,Crashes_2010_2019_MPO
101936985,2018-03-08,2018,,94.0,,,0,0,N,0.0,0.0,0.0,,,,,,,,35.99004,-86.74528,True,Crashes_2010_2019_MPO
101861491,2017-12-17,2017,,19.0,,,0,0,N,0.0,0.0,0.0,,,,,,,,36.03899,-86.78258,False,Crashes_2010_2019_MPO
101354834,2016-09-06,2016,,94.0,,,0,0,N,0.0,0.0,0.0,,,,,,,,35.99265,-86.79868,True,Crashes_2010_2019_MPO
102245309,2018-12-13,2018,,94.0,,,0,0,N,0.0,0.0,0.0,,,,,,,,35.95212,-86.81784,False,Crashes_2010_2019_MPO
100997478,2015-10-27,2015,,19.0,,,0,0,N,0.0,0.0,0.0,,,,,,,,36.03937,-86.78274,False,Crashes_2010_2019_MPO
102323037,2019-03-06,2019,,19.0,,,0,0,N,0.0,0.0,0.0,,,,,,,,36.04026,-86.8164,False,Crashes_2010_2019_MPO
101355552,2016-09-06,2016,,94.0,,,0,0,N,0.0,0.0,0.0,,,,,,,,35.93351,-86.81895,False,Crashes_2010_2019_MPO
101936813,2018-03-07,2018,,19.0,,,0,0,N,0.0,0.0,0.0,,,,,,,,36.04543,-86.70361,False,Crashes_2010_2019_MPO
101603261,2017-04-04,2017,,19.0,,,0,0,N,0.0,0.0,0.0,,,,,,,,36.04868,-86.7069,False,Crashes_2010_2019_MPO
102188261,2018-10-24,2018,,19.0,,,0,0,Y,0.0,0.0,1.0,,,,,,,,36.04446,-86.68713,False,Crashes_2010_2019_MPO
101870289,2017-12-27,2017,,94.0,,,0,0,N,0.0,0.0,0.0,,,,,,,,35.96716,-86.81351,True,Crashes_2010_2019_MPO
100913707,2015-07-28,2015,,19.0,,,0,0,N,0.0,0.0,0.0,,,,,,,,36.01395,-86.71936,False,Crashes_2010_2019_MPO
100951266,2015-09-15,2015,,19.0,,,0,0,N,0.0,0.0,0.0,,,,,,,,36.04064,-86.75146,False,Crashes_2010_2019_MPO
102260823,2018-12-29,2018,,94.0,,,0,0,N,0.0,0.0,0.0,,,,,,,,35.92958,-86.84261,False,Crashes_2010_2019_MPO
102397212,2019-05-23,2019,,94.0,,,0,0,N,0.0,0.0,0.0,,,,,,,,35.96876,-86.81871,True,Crashes_2010_2019_MPO
101700507,2017-07-10,2017,,94.0,,,0,0,N,0.0,0.0,0.0,,,,,,,,35.96716,-86.81351,True,Crashes_2010_2019_MPO
102263652,2019-01-01,2019,,94.0,,,0,0,N,0.0,0.0,0.0,,,,,,,,35.95581,-86.81654,False,Crashes_2010_2019_MPO
101648859,2017-05-17,2017,,94.0,,,0,0,N,0.0,0.0,0.0,,,,,,,,35.97776,-86.80359,True,Crashes_2010_2019_MPO
102272437,2019-01-10,2019,,19.0,,,0,0,N,0.0,0.0,0.0,,,,,,,,36.03286,-86.71286,False,Crashes_2010_2019_MPO
102002378,2018-05-05,2018,,94.0,,,0,0,N,0.0,0.0,0.0,,,,,,,,35.99006,-86.74539,True,Crashes_2010_2019_MPO
101914598,2018-02-13,2018,,19.0,,,0,0,N,0.0,0.0,0.0,,,,,,,,36.05053,-86.81251,False,Crashes_2010_2019_MPO
102005873,2018-05-10,2018,,19.0,,,0,0,N,0.0,0.0,0.0,,,,,,,,36.03679,-86.78677,False,Crashes_2010_2019_MPO
102561470,2019-11-08,2019,,94.0,,,0,0,N,0.0,0.0,0.0,,,,,,,,36.01383,-86.71828,False,Crashes_2010_2019_MPO
102421867,2019-06-17,2019,,19.0,,,0,0,N,0.0,0.0,0.0,,,,,,,,36.04001,-86.74347,False,Crashes_2010_2019_MPO
101973190,2018-04-10,2018,,94.0,,,0,0,N,0.0,0.0,0.0,,,,,,,,35.97639,-86.77666,True,Crashes_2010_2019_MPO
100836459,2015-05-18,2015,,19.0,,,0,0,N,0.0,0.0,0.0,,,,,,,,36.04041,-86.71282,False,Crashes_2010_2019_MPO
102322893,2019-03-06,2019,,94.0,,,0,0,N,0.0,0.0,0.0,,,,,,,,35.97775,-86.71689,True,Crashes_2010_2019_MPO
100502757,2014-04-30,2014,,94.0,,,0,0,N,0.0,0.0,0.0,,,,,,,,35.92963,-86.82269,False,Crashes_2010_2019_MPO
102181230,2018-10-18,2018,,19.0,,,0,0,N,0.0,0.0,0.0,,,,,,,,36.03942,-86.74343,False,Crashes_2010_2019_MPO
100872721,2015-06-17,2015,,19.0,,,0,0,N,0.0,0.0,0.0,,,,,,,,36.04123,-86.75625,False,Crashes_2010_2019_MPO
100595122,2014-08-13,2014,,94.0,,,0,0,N,0.0,0.0,0.0,,,,,,,,35.96756,-86.80711,True,Crashes_2010_2019_MPO
102201766,2018-11-05,2018,,19.0,,,0,0,N,0.0,0.0,0.0,,,,,,,,36.04059,-86.77107,False,Crashes_2010_2019_MPO
102426492,2019-06-23,2019,,94.0,,,0,0,N,0.0,0.0,0.0,,,,,,,,35.93192,-86.79393,False,Crashes_2010_2019_MPO
100795106,2015-03-20,2015,,19.0,,,0,0,N,0.0,0.0,0.0,,,,,,,,36.047,-86.68013,False,Crashes_2010_2019_MPO
100025285,2010-12-29,2010,,94.0,,,0,0,N,0.0,0.0,0.0,,,,,,,,35.9317,-86.8771,False,Crashes_2010_2019_MPO
101707612,2017-07-19,2017,,94.0,,,0,0,N,0.0,0.0,0.0,,,,,,,,36.034835,-86.803625,True,Crashes_2010_2019_MPO
102258304,2018-12-27,2018,,19.0,,,0,0,N,0.0,0.0,0.0,,,,,,,,36.03893,-86.7129,False,Crashes_2010_2019_MPO
101564691,2017-02-24,2017,,94.0,,,0,0,N,0.0,0.0,0.0,,,,,,,,35.93544,-86.8237,False,Crashes_2010_2019_MPO
100907467,2015-07-15,2015,,94.0,,,0,0,N,0.0,0.0,0.0,,,,,,,,35.9238,-86.7668,False,Crashes_2010_2019_MPO
101951598,2018-03-21,2018,,94.0,,,0,0,N,0.0,0.0,0.0,,,,,,,,35.99549,-86.77874,True,Crashes_2010_2019_MPO
101239023,2016-06-04,2016,,19.0,,,0,0,N,0.0,0.0,0.0,,,,,,,,35.9912,-86.68348,False,Crashes_2010_2019_MPO
102108650,2018-08-13,2018,,94.0,,,0,0,N,0.0,0.0,0.0,,,,,,,,35.92999,-86.86435,False,Crashes_2010_2019_MPO
101332180,2016-08-20,2016,,94.0,,,0,0,N,0.0,0.0,0.0,,,,,,,,35.92553,-86.86825,False,Crashes_2010_2019_MPO
100886939,2015-07-15,2015,,94.0,,,0,0,N,0.0,0.0,0.0,,,,,,,,35.9667,-86.81117,True,Crashes_2010_2019_MPO
102412678,2019-06-07,2019,,94.0,,,0,0,N,0.0,0.0,0.0,,,,,,,,36.0357,-86.80845,True,Crashes_2010_2019_MPO
101685153,2017-06-28,2017,,19.0,,,0,0,N,0.0,0.0,0.0,,,,,,,,36.03737,-86.78993,False,Crashes_2010_2019_MPO
10722696,2014-03-10,2014,,19.0,,,0,0, ,0.0,0.0,0.0,,,,,,,,36.049071,-86.714413,False,Crashes_2010_2019_MPO
101452221,2016-11-17,2016,,94.0,,,0,0,N,0.0,0.0,0.0,,,,,,,,35.99107,-86.77834,True,Crashes_2010_2019_MPO
101461953,2016-11-24,2016,,94.0,,,0,0,N,0.0,0.0,0.0,,,,,,,,36.01018,-86.8788,False,Crashes_2010_2019_MPO
101011739,2015-11-13,2015,,94.0,,,0,0,N,0.0,0.0,0.0,,,,,,,,35.93597,-86.81834,False,Crashes_2010_2019_MPO
100543345,2014-05-26,2014,,94.0,,,0,0,N,0.0,0.0,0.0,,,,,,,,36.03066,-86.78358,True,Crashes_2010_2019_MPO
101726337,2017-08-10,2017,,94.0,,,0,0,N,0.0,0.0,0.0,,,,,,,,35.94175,-86.82119,False,Crashes_2010_2019_MPO
102343577,2019-03-28,2019,,19.0,,,0,0,N,0.0,0.0,0.0,,,,,,,,36.0489,-86.71517,False,Crashes_2010_2019_MPO
100511080,2014-05-20,2014,,94.0,,,0,0,N,0.0,0.0,0.0,,,,,,,,35.92467,-86.87216,False,Crashes_2010_2019_MPO
100921615,2015-08-12,2015,,19.0,,,0,0,N,0.0,0.0,0.0,,,,,,,,36.05364,-86.71508,False,Crashes_2010_2019_MPO
100564066,2014-06-22,2014,,94.0,,,0,0,N,0.0,0.0,0.0,,,,,,,,35.93464,-86.81948,False,Crashes_2010_2019_MPO
101493464,2017-01-01,2017,,94.0,,,0,0,N,0.0,0.0,0.0,,,,,,,,35.94765,-86.81971,False,Crashes_2010_2019_MPO
101419880,2016-10-21,2016,,94.0,,,0,0,N,0.0,0.0,0.0,,,,,,,,36.015535,-86.81428,True,Crashes_2010_2019_MPO
100701017,2014-12-04,2014,,94.0,,,0,0,N,0.0,0.0,0.0,,,,,,,,35.96481,-86.79205,True,Crashes_2010_2019_MPO
101641207,2017-05-11,2017,,94.0,,,0,0,N,0.0,0.0,0.0,,,,,,,,35.93586,-86.81813,False,Crashes_2010_2019_MPO
102582442,2019-11-28,2019,,94.0,,,0,0,N,0.0,0.0,0.0,,,,,,,,35.94636,-86.80871,False,Crashes_2010_2019_MPO
102266889,2019-01-05,2019,,19.0,,,0,0,N,0.0,0.0,0.0,,,,,,,,36.04415,-86.7256,False,Crashes_2010_2019_MPO
101741352,2017-08-25,2017,,19.0,,,0,0,N,0.0,0.0,0.0,,,,,,,,36.03077,-86.69958,False,Crashes_2010_2019_MPO
100640991,2014-10-10,2014,,19.0,,,0,0,N,0.0,0.0,0.0,,,,,,,,36.03262,-86.73946,False,Crashes_2010_2019_MPO
100640014,2014-10-08,2014,,19.0,,,0,0,N,0.0,0.0,0.0,,,,,,,,36.04121,-86.7761,False,Crashes_2010_2019_MPO
101064905,2015-12-22,2015,,94.0,,,0,0,N,0.0,0.0,0.0,,,,,,,,35.93493,-86.77701,False,Crashes_2010_2019_MPO
101279106,2016-07-04,2016,,19.0,,,0,0,N,0.0,0.0,0.0,,,,,,,,36.04561,-86.7107,False,Crashes_2010_2019_MPO
101182584,2016-04-27,2016,,94.0,,,0,0,N,0.0,0.0,0.0,,,,,,,,35.94636,-86.80871,False,Crashes_2010_2019_MPO
100464662,2014-03-15,2014,,94.0,,,0,0,N,0.0,0.0,0.0,,,,,,,,35.94082,-86.83911,False,Crashes_2010_2019_MPO
100703249,2014-12-07,2014,,94.0,,,0,0,N,0.0,0.0,0.0,,,,,,,,35.93095,-86.8416,False,Crashes_2010_2019_MPO
100551914,2014-06-16,2014,,94.0,,,0,0,N,0.0,0.0,0.0,,,,,,,,35.96687,-86.81113,True,Crashes_2010_2019_MPO
102362000,2019-04-15,2019,,19.0,,,0,0,N,0.0,0.0,0.0,,,,,,,,36.04217,-86.83588,False,Crashes_2010_2019_MPO
100568660,2014-07-03,2014,,94.0,,,0,0,N,0.0,0.0,0.0,,,,,,,,35.96722,-86.81353,True,Crashes_2010_2019_MPO
101593945,2017-03-25,2017,,94.0,,,0,0,N,0.0,0.0,0.0,,,,,,,,35.94841,-86.80673,False,Crashes_2010_2019_MPO
100272525,2012-12-28,2012,,94.0,,,0,0,N,0.0,0.0,0.0,,,,,,,,35.92312,-86.82257,False,Crashes_2010_2019_MPO
102428465,2019-06-23,2019,,94.0,,,0,0,N,0.0,0.0,0.0,,,,,,,,35.94476,-86.82144,False,Crashes_2010_2019_MPO
101455437,2016-11-20,2016,,94.0,,,0,0,N,0.0,0.0,0.0,,,,,,,,35.94612,-86.82346,False,Crashes_2010_2019_MPO
101648217,2017-05-16,2017,,94.0,,,0,0,N,0.0,0.0,0.0,,,,,,,,35.94602,-86.82367,False,Crashes_2010_2019_MPO
102156618,2018-09-24,2018,,94.0,,,0,0,N,0.0,0.0,0.0,,,,,,,,35.94184,-86.81605,False,Crashes_2010_2019_MPO
101038511,2015-11-29,2015,,19.0,,,0,0,N,0.0,0.0,0.0,,,,,,,,36.04899,-86.71628,False,Crashes_2010_2019_MPO
102410408,2019-06-05,2019,,19.0,,,0,0,N,0.0,0.0,0.0,,,,,,,,36.04027,-86.76834,False,Crashes_2010_2019_MPO
100976471,2015-10-09,2015,,94.0,,,0,0,N,0.0,0.0,0.0,,,,,,,,35.93731,-86.81787,False,Crashes_2010_2019_MPO
102237506,2018-12-06,2018,,94.0,,,0,0,N,0.0,0.0,0.0,,,,,,,,35.97757,-86.76216,True,Crashes_2010_2019_MPO
100405439,2013-11-15,2013,,94.0,,,0,0,N,0.0,0.0,0.0,,,,,,,,35.96981,-86.72456,True,Crashes_2010_2019_MPO
101033016,2015-11-20,2015,,94.0,,,0,0,N,0.0,0.0,0.0,,,,,,,,35.95396,-86.84601,False,Crashes_2010_2019_MPO
101322265,2016-08-07,2016,,94.0,,,0,0,N,0.0,0.0,0.0,,,,,,,,36.030462,-86.801557,True,Crashes_2010_2019_MPO
101436677,2016-11-10,2016,,19.0,,,0,0,N,0.0,0.0,0.0,,,,,,,,36.03309,-86.77409,False,Crashes_2010_2019_MPO
101759544,2017-09-13,2017,,19.0,,,0,0,N,0.0,0.0,0.0,,,,,,,,36.0455,-86.71184,False,Crashes_2010_2019_MPO
100217409,2012-07-23,2012,,19.0,,,1,1,N,1.0,1.0,0.0,,,,,,,,36.039688,-86.759842,False,Crashes_2010_2019_MPO
101363671,2016-09-17,2016,,94.0,,,0,0,N,0.0,0.0,0.0,,,,,,,,35.94665,-86.82226,False,Crashes_2010_2019_MPO
101810681,2017-10-31,2017,,19.0,,,0,0,N,0.0,0.0,0.0,,,,,,,,36.05331,-86.68416,False,Crashes_2010_2019_MPO
102586396,2019-12-02,2019,,94.0,,,0,0,N,0.0,0.0,0.0,,,,,,,,35.98399,-86.72259,True,Crashes_2010_2019_MPO
100833087,2015-05-12,2015,,19.0,,,0,0,N,0.0,0.0,0.0,,,,,,,,36.02633,-86.69526,False,Crashes_2010_2019_MPO
100827726,2015-05-02,2015,,94.0,,,0,0,N,0.0,0.0,0.0,,,,,,,,35.96957,-86.80848,True,Crashes_2010_2019_MPO
100619357,2014-09-15,2014,,94.0,,,0,0,N,0.0,0.0,0.0,,,,,,,,36.03434,-86.78312,True,Crashes_2010_2019_MPO
102149591,2018-09-15,2018,,94.0,,,0,0,N,0.0,0.0,0.0,,,,,,,,35.9406,-86.83116,False,Crashes_2010_2019_MPO
101766099,2017-09-20,2017,,19.0,,,0,0,N,0.0,0.0,0.0,,,,,,,,36.04158,-86.78245,False,Crashes_2010_2019_MPO
100353853,2013-07-13,2013,,94.0,,,0,0,N,0.0,0.0,0.0,,,,,,,,36.02959,-86.79078,True,Crashes_2010_2019_MPO
101281784,2016-07-07,2016,,19.0,,,0,0,Y,0.0,0.0,1.0,,,,,,,,36.03934,-86.78566,False,Crashes_2010_2019_MPO
101842856,2017-11-29,2017,,94.0,,,0,0,N,0.0,0.0,0.0,,,,,,,,35.96534,-86.79757,True,Crashes_2010_2019_MPO
102334036,2019-03-18,2019,,19.0,,,0,0,N,0.0,0.0,0.0,,,,,,,,36.0384,-86.78421,False,Crashes_2010_2019_MPO
100873391,2015-06-19,2015,,94.0,,,0,0,N,0.0,0.0,0.0,,,,,,,,35.96421,-86.82326,True,Crashes_2010_2019_MPO
101662171,2017-06-02,2017,,94.0,,,0,0,N,0.0,0.0,0.0,,,,,,,,36.01724,-86.79777,True,Crashes_2010_2019_MPO
100655887,2014-10-19,2014,,94.0,,,0,0,N,0.0,0.0,0.0,,,,,,,,35.98516,-86.70139,True,Crashes_2010_2019_MPO
100749864,2015-02-19,2015,,94.0,,,0,0,N,0.0,0.0,0.0,,,,,,,,35.95951,-86.80636,False,Crashes_2010_2019_MPO
101325097,2016-08-11,2016,,94.0,,,0,0,N,0.0,0.0,0.0,,,,,,,,35.96343,-86.8109,False,Crashes_2010_2019_MPO
102287719,2019-01-25,2019,,94.0,,,0,0,N,0.0,0.0,0.0,,,,,,,,36.03336,-86.78872,True,Crashes_2010_2019_MPO
101486499,2016-12-24,2016,,94.0,,,0,0,N,0.0,0.0,0.0,,,,,,,,35.96588,-86.80316,True,Crashes_2010_2019_MPO
101953567,2018-03-22,2018,,94.0,,,0,0,N,0.0,0.0,0.0,,,,,,,,35.97216,-86.82682,True,Crashes_2010_2019_MPO
101129843,2016-03-08,2016,,19.0,,,0,0,N,0.0,0.0,0.0,,,,,,,,36.03932,-86.78203,False,Crashes_2010_2019_MPO
102276269,2019-01-13,2019,,94.0,,,0,0,N,0.0,0.0,0.0,,,,,,,,36.02347,-86.80128,True,Crashes_2010_2019_MPO
101168050,2016-04-20,2016,,94.0,,,0,0,N,0.0,0.0,0.0,,,,,,,,35.93998,-86.81695,False,Crashes_2010_2019_MPO
102403641,2019-05-29,2019,,94.0,,,0,0,N,0.0,0.0,0.0,,,,,,,,35.94687,-86.85168,False,Crashes_2010_2019_MPO
102326051,2019-03-09,2019,,19.0,,,0,0,N,0.0,0.0,0.0,,,,,,,,36.03314,-86.71291,False,Crashes_2010_2019_MPO
102131516,2018-09-02,2018,,19.0,,,0,0,N,0.0,0.0,0.0,,,,,,,,36.04,-86.74325,False,Crashes_2010_2019_MPO
100695752,2014-11-24,2014,,19.0,,,0,0,N,0.0,0.0,0.0,,,,,,,,36.03975,-86.78152,False,Crashes_2010_2019_MPO
100971686,2015-10-02,2015,,94.0,,,0,0,N,0.0,0.0,0.0,,,,,,,,36.01689,-86.78609,True,Crashes_2010_2019_MPO
101243058,2016-06-10,2016,,94.0,,,0,0,N,0.0,0.0,0.0,,,,,,,,35.96677,-86.81091,True,Crashes_2010_2019_MPO
100291838,2013-02-12,2013,,94.0,,,0,0,N,0.0,0.0,0.0,,,,,,,,35.92638,-86.80126,False,Crashes_2010_2019_MPO
10737890,2013-10-16,2013,,19.0,,,0,0, ,0.0,0.0,0.0,,,,,,,,36.0338,-86.691267,False,Crashes_2010_2019_MPO
101486955,2016-12-25,2016,,19.0,,,0,0,N,0.0,0.0,0.0,,,,,,,,36.05172,-86.70977,False,Crashes_2010_2019_MPO
102590338,2019-12-06,2019,,94.0,,,0,0,N,0.0,0.0,0.0,,,,,,,,35.95863,-86.80444,False,Crashes_2010_2019_MPO
102266600,2019-01-04,2019,,94.0,,,0,0,N,0.0,0.0,0.0,,,,,,,,35.95776,-86.80257,False,Crashes_2010_2019_MPO
100548052,2014-06-07,2014,,94.0,,,0,0,N,0.0,0.0,0.0,,,,,,,,35.96987,-86.68281,False,Crashes_2010_2019_MPO
100950568,2015-09-14,2015,,94.0,,,0,0,N,0.0,0.0,0.0,,,,,,,,35.93889,-86.8304,False,Crashes_2010_2019_MPO
102443673,2019-07-10,2019,,94.0,,,0,0,N,0.0,0.0,0.0,,,,,,,,35.94692,-86.85259,False,Crashes_2010_2019_MPO
102377277,2019-05-01,2019,,94.0,,,0,0,N,0.0,0.0,0.0,,,,,,,,35.96591,-86.80559,True,Crashes_2010_2019_MPO
101465921,2016-12-02,2016,,94.0,,,0,0,N,0.0,0.0,0.0,,,,,,,,35.98221,-86.82115,True,Crashes_2010_2019_MPO
102607604,2019-12-26,2019,,19.0,,,0,0,N,0.0,0.0,0.0,,,,,,,,36.04579,-86.71331,False,Crashes_2010_2019_MPO
101750172,2017-09-03,2017,,94.0,,,0,0,N,0.0,0.0,0.0,,,,,,,,35.96681,-86.81119,True,Crashes_2010_2019_MPO
102464294,2019-08-01,2019,,19.0,,,0,0,N,0.0,0.0,0.0,,,,,,,,36.01358,-86.68323,False,Crashes_2010_2019_MPO
101707985,2017-07-21,2017,,19.0,,,0,0,N,0.0,0.0,0.0,,,,,,,,36.04641,-86.71339,False,Crashes_2010_2019_MPO