mstrrecnbr,collision_ts,year,county,countystat,crash,crash_type,fatalities,non_motorists,commercial,fatal_c,nonmotor_c,truck_c,fatalc,serious_injuries,ped,bike,lighting,weather,first_harmful_event,latitude,longitude,in_city,src_layer
102255229,2018-12-22,2018,,19.0,,,0,0,N,0.0,0.0,0.0,,,,,,,,36.04521,-86.70364,False,Crashes_2010_2019_MPO
101184801,2016-04-30,2016,,19.0,,,0,0,N,0.0,0.0,0.0,,,,,,,,36.04191,-86.82481,False,Crashes_2010_2019_MPO
101765461,2017-09-19,2017,,94.0,,,0,0,N,0.0,0.0,0.0,,,,,,,,36.01448,-86.80966,True,Crashes_2010_2019_MPO
102404967,2019-05-30,2019,,94.0,,,0,0,N,0.0,0.0,0.0,,,,,,,,35.92957,-86.84187,False,Crashes_2010_2019_MPO
100408959,2013-11-22,2013,,94.0,,,0,0,N,0.0,0.0,0.0,,,,,,,,35.95889,-86.81597,False,Crashes_2010_2019_MPO
100229361,2012-09-19,2012,,94.0,,,0,0,N,0.0,0.0,0.0,,,,,,,,35.9497,-86.75702,True,Crashes_2010_2019_MPO
100697523,2014-11-27,2014,,94.0,,,0,0,N,0.0,0.0,0.0,,,,,,,,36.03489,-86.80461,True,Crashes_2010_2019_MPO
102468041,2019-08-04,2019,,94.0,,,0,0,N,0.0,0.0,0.0,,,,,,,,35.99551,-86.77887,True,Crashes_2010_2019_MPO
100859440,2015-06-12,2015,,94.0,,,0,0,N,0.0,0.0,0.0,,,,,,,,35.99647,-86.7883,True,Crashes_2010_2019_MPO
102316452,2018-12-23,2018,,94.0,,,0,1,N,0.0,1.0,0.0,,,,,,,,35.94278,-86.8179,False,Crashes_2010_2019_MPO
102316083,2019-02-26,2019,,94.0,,,0,0,N,0.0,0.0,0.0,,,,,,,,35.97323,-86.8054,True,Crashes_2010_2019_MPO
101916594,2018-02-15,2018,,19.0,,,0,0,N,0.0,0.0,0.0,,,,,,,,36.04059,-86.77107,False,Crashes_2010_2019_MPO
102092897,2018-07-30,2018,,94.0,,,0,0,N,0.0,0.0,0.0,,,,,,,,35.9237,-86.86774,False,Crashes_2010_2019_MPO
101812032,2017-11-02,2017,,94.0,,,0,0,N,0.0,0.0,0.0,,,,,,,,35.94861,-86.80759,False,Crashes_2010_2019_MPO
100860207,2015-06-13,2015,,19.0,,,0,0,N,0.0,0.0,0.0,,,,,,,,36.04668,-86.7135,False,Crashes_2010_2019_MPO
100374899,2013-09-03,2013,,94.0,,,0,0,N,0.0,0.0,0.0,,,,,,,,35.99339,-86.69953,True,Crashes_2010_2019_MPO
100551369,2014-06-15,2014,,94.0,,,0,0,N,0.0,0.0,0.0,,,,,,,,35.92547,-86.87275,False,Crashes_2010_2019_MPO
101617581,2017-04-17,2017,,19.0,,,0,0,N,0.0,0.0,0.0,,,,,,,,36.03734,-86.78658,False,Crashes_2010_2019_MPO
101573442,2017-03-04,2017,,19.0,,,0,0,N,0.0,0.0,0.0,,,,,,,,36.03796,-86.78432,False,Crashes_2010_2019_MPO
102235290,2018-12-04,2018,,94.0,,,0,0,N,0.0,0.0,0.0,,,,,,,,35.96148,-86.80177,True,Crashes_2010_2019_MPO
100733992,2015-02-07,2015,,94.0,,,0,0,N,0.0,0.0,0.0,,,,,,,,35.96054,-86.75354,True,Crashes_2010_2019_MPO
100413605,2013-12-02,2013,,94.0,,,0,0,N,0.0,0.0,0.0,,,,,,,,35.94829,-86.81997,False,Crashes_2010_2019_MPO
101284611,2016-07-12,2016,,94.0,,,0,0,Y,0.0,0.0,1.0,,,,,,,,35.97072,-86.80602,True,Crashes_2010_2019_MPO
102340811,2019-03-25,2019,,94.0,,,0,0,N,0.0,0.0,0.0,,,,,,,,35.95383,-86.80405,False,Crashes_2010_2019_MPO
101972738,2018-04-10,2018,,19.0,,,0,0,N,0.0,0.0,0.0,,,,,,,,36.0456,-86.71082,False,Crashes_2010_2019_MPO
100915839,2015-08-01,2015,,19.0,,,0,0,N,0.0,0.0,0.0,,,,,,,,36.04023,-86.75233,False,Crashes_2010_2019_MPO
100665166,2014-11-05,2014,,94.0,,,0,0,N,0.0,0.0,0.0,,,,,,,,35.93299,-86.87746,False,Crashes_2010_2019_MPO
100391660,2013-10-15,2013,,94.0,,,0,0,N,0.0,0.0,0.0,,,,,,,,35.94003,-86.83114,False,Crashes_2010_2019_MPO
102555422,2019-11-01,2019,,94.0,,,0,0,N,0.0,0.0,0.0,,,,,,,,35.93984,-86.67951,False,Crashes_2010_2019_MPO
100220635,2012-08-30,2012,,94.0,,,0,0,N,0.0,0.0,0.0,,,,,,,,36.01438,-86.80964,True,Crashes_2010_2019_MPO
100668074,2014-11-08,2014,,94.0,,,0,0,N,0.0,0.0,0.0,,,,,,,,35.95774,-86.81646,False,Crashes_2010_2019_MPO
101594861,2017-03-26,2017,,94.0,,,0,0,N,0.0,0.0,0.0,,,,,,,,35.99725,-86.79683,True,Crashes_2010_2019_MPO
100722259,2015-01-14,2015,,94.0,,,0,0,N,0.0,0.0,0.0,,,,,,,,36.03352,-86.78322,True,Crashes_2010_2019_MPO
101091943,2016-01-22,2016,,94.0,,,0,0,N,0.0,0.0,0.0,,,,,,,,35.99379,-86.76057,True,Crashes_2010_2019_MPO
101463634,2016-11-30,2016,,94.0,,,0,0,N,0.0,0.0,0.0,,,,,,,,35.93117,-86.79415,False,Crashes_2010_2019_MPO
101062855,2015-12-19,2015,,19.0,,,0,0,N,0.0,0.0,0.0,,,,,,,,36.04545,-86.68537,False,Crashes_2010_2019_MPO
101396105,2016-10-04,2016,,94.0,,,0,0,N,0.0,0.0,0.0,,,,,,,,35.93219,-86.79438,False,Crashes_2010_2019_MPO
102352352,2019-04-06,2019,,94.0,,,0,0,N,0.0,0.0,0.0,,,,,,,,35.99658,-86.81064,True,Crashes_2010_2019_MPO
100339168,2013-06-07,2013,,94.0,,,0,0,N,0.0,0.0,0.0,,,,,,,,35.99517,-86.81922,True,Crashes_2010_2019_MPO
101234901,2016-05-29,2016,,19.0,,,0,0,N,0.0,0.0,0.0,,,,,,,,36.04454,-86.68698,False,Crashes_2010_2019_MPO
101977832,2018-04-14,2018,,94.0,,,0,0,N,0.0,0.0,0.0,,,,,,,,36.03457,-86.78334,True,Crashes_2010_2019_MPO
101465590,2016-12-02,2016,,94.0,,,0,0,N,0.0,0.0,0.0,,,,,,,,35.94607,-86.82618,False,Crashes_2010_2019_MPO
100947658,2015-09-09,2015,,19.0,,,0,0,N,0.0,0.0,0.0,,,,,,,,36.0453,-86.71395,False,Crashes_2010_2019_MPO
100401290,2013-11-05,2013,,94.0,,,0,0,N,0.0,0.0,0.0,,,,,,,,35.96151,-86.80178,True,Crashes_2010_2019_MPO
100732370,2015-02-04,2015,,19.0,,,0,0,N,0.0,0.0,0.0,,,,,,,,36.03789,-86.79779,False,Crashes_2010_2019_MPO
102148960,2018-09-18,2018,,19.0,,,0,0,N,0.0,0.0,0.0,,,,,,,,36.0541,-86.71516,False,Crashes_2010_2019_MPO
102248962,2018-12-17,2018,,19.0,,,0,0,N,0.0,0.0,0.0,,,,,,,,36.05402,-86.74284,False,Crashes_2010_2019_MPO
102512218,2019-09-17,2019,,19.0,,,0,0,N,0.0,0.0,0.0,,,,,,,,36.04012,-86.78074,False,Crashes_2010_2019_MPO
101125042,2016-02-29,2016,,19.0,,,0,0,N,0.0,0.0,0.0,,,,,,,,36.04425,-86.68749,False,Crashes_2010_2019_MPO
101934425,2018-03-05,2018,,94.0,,,0,0,N,0.0,0.0,0.0,,,,,,,,35.947,-86.82141,False,Crashes_2010_2019_MPO
101001493,2015-11-02,2015,,94.0,,,0,0,N,0.0,0.0,0.0,,,,,,,,35.92542,-86.87271,False,Crashes_2010_2019_MPO
100879688,2015-07-01,2015,,94.0,,,0,0,N,0.0,0.0,0.0,,,,,,,,35.94523,-86.82017,False,Crashes_2010_2019_MPO
102118255,2018-08-16,2018,,94.0,,,0,0,N,0.0,0.0,0.0,,,,,,,,36.02388,-86.78611,True,Crashes_2010_2019_MPO
100292236,2013-02-13,2013,,94.0,,,0,0,N,0.0,0.0,0.0,,,,,,,,35.97011,-86.80623,True,Crashes_2010_2019_MPO
102308629,2019-02-17,2019,,94.0,,,0,0,N,0.0,0.0,0.0,,,,,,,,35.94914,-86.81972,False,Crashes_2010_2019_MPO
102044841,2018-06-14,2018,,94.0,,,0,0,N,0.0,0.0,0.0,,,,,,,,35.975,-86.79123,True,Crashes_2010_2019_MPO
101067879,2015-12-25,2015,,19.0,,,0,0,N,0.0,0.0,0.0,,,,,,,,36.04161,-86.78244,False,Crashes_2010_2019_MPO
100330403,2013-05-18,2013,,94.0,,,0,0,N,0.0,0.0,0.0,,,,,,,,35.97596,-86.82953,True,Crashes_2010_2019_MPO
100718877,2015-01-07,2015,,19.0,,,0,0,N,0.0,0.0,0.0,,,,,,,,36.05155,-86.71425,False,Crashes_2010_2019_MPO
100818863,2015-04-16,2015,,19.0,,,0,0,N,0.0,0.0,0.0,,,,,,,,36.03744,-86.78704,False,Crashes_2010_2019_MPO
101979126,2018-04-16,2018,,19.0,,,0,0,N,0.0,0.0,0.0,,,,,,,,36.04203,-86.74428,False,Crashes_2010_2019_MPO
101846117,2017-12-02,2017,,19.0,,,0,0,N,0.0,0.0,0.0,,,,,,,,36.03997,-86.7276,False,Crashes_2010_2019_MPO
100802506,2015-04-02,2015,,19.0,,,0,0,N,0.0,0.0,0.0,,,,,,,,36.04093,-86.76825,False,Crashes_2010_2019_MPO
101105889,2016-02-15,2016,,19.0,,,0,0,N,0.0,0.0,0.0,,,,,,,,36.03466,-86.76871,False,Crashes_2010_2019_MPO
102333572,2019-03-17,2019,,94.0,,,0,0,N,0.0,0.0,0.0,,,,,,,,36.00525,-86.79004,True,Crashes_2010_2019_MPO
102475105,2019-08-11,2019,,94.0,,,0,0,N,0.0,0.0,0.0,,,,,,,,35.98308,-86.80173,True,Crashes_2010_2019_MPO
101567231,2017-02-26,2017,,19.0,,,0,0,N,0.0,0.0,0.0,,,,,,,,36.04615,-86.68412,False,Crashes_2010_2019_MPO
100570596,2014-07-02,2014,,94.0,,,0,0,N,0.0,0.0,0.0,,,,,,,,35.96685,-86.81096,True,Crashes_2010_2019_MPO
100754258,2015-02-27,2015,,94.0,,,0,0,N,0.0,0.0,0.0,,,,,,,,35.94116,-86.83992,False,Crashes_2010_2019_MPO
102338069,2019-03-22,2019,,94.0,,,0,0,N,0.0,0.0,0.0,,,,,,,,35.92901,-86.84797,False,Crashes_2010_2019_MPO
100680226,2014-11-14,2014,,94.0,,,0,0,N,0.0,0.0,0.0,,,,,,,,35.92405,-86.87172,False,Crashes_2010_2019_MPO
100830700,2015-05-07,2015,,94.0,,,0,0,N,0.0,0.0,0.0,,,,,,,,35.96174,-86.80177,True,Crashes_2010_2019_MPO
100570311,2014-07-07,2014,,94.0,,,0,0,N,0.0,0.0,0.0,,,,,,,,35.99652,-86.79709,True,Crashes_2010_2019_MPO
101671346,2017-06-12,2017,,19.0,,,0,0,N,0.0,0.0,0.0,,,,,,,,36.05033,-86.87525,False,Crashes_2010_2019_MPO
101929322,2018-02-28,2018,,94.0,,,0,0,N,0.0,0.0,0.0,,,,,,,,36.03689,-86.81684,True,Crashes_2010_2019_MPO
102432749,2019-06-29,2019,,94.0,,,0,0,N,0.0,0.0,0.0,,,,,,,,35.93549,-86.86024,False,Crashes_2010_2019_MPO
101285779,2016-07-14,2016,,94.0,,,0,0,N,0.0,0.0,0.0,,,,,,,,35.95824,-86.80206,False,Crashes_2010_2019_MPO
101557961,2017-02-17,2017,,94.0,,,0,0,N,0.0,0.0,0.0,,,,,,,,35.95311,-86.8179,False,Crashes_2010_2019_MPO
102483375,2019-08-20,2019,,94.0,,,0,0,N,0.0,0.0,0.0,,,,,,,,35.95064,-86.81876,False,Crashes_2010_2019_MPO
100316645,2013-04-15,2013,,94.0,,,0,0,N,0.0,0.0,0.0,,,,,,,,35.94638,-86.8087,False,Crashes_2010_2019_MPO
100705352,2014-12-03,2014,,94.0,,,0,0,N,0.0,0.0,0.0,,,,,,,,35.95013,-86.80679,False,Crashes_2010_2019_MPO
102367753,2019-04-21,2019,,19.0,,,0,0,N,0.0,0.0,0.0,,,,,,,,36.04073,-86.71279,False,Crashes_2010_2019_MPO
102157646,2018-09-19,2018,,94.0,,,0,0,N,0.0,0.0,0.0,,,,,,,,36.02589,-86.79286,True,Crashes_2010_2019_MPO
101418024,2016-10-20,2016,,19.0,,,0,0,N,0.0,0.0,0.0,,,,,,,,36.04568,-86.85517,False,Crashes_2010_2019_MPO
102396037,2019-05-22,2019,,19.0,,,0,0,N,0.0,0.0,0.0,,,,,,,,36.04032,-86.76878,False,Crashes_2010_2019_MPO
100881548,2015-07-03,2015,,94.0,,,0,0,N,0.0,0.0,0.0,,,,,,,,35.9455,-86.82513,False,Crashes_2010_2019_MPO
101677971,2017-05-18,2017,,19.0,,,1,0,N,1.0,0.0,0.0,,,,,,,,36.03988,-86.71278,False,Crashes_2010_2019_MPO
102285842,2019-01-23,2019,,19.0,,,0,0,N,0.0,0.0,0.0,,,,,,,,36.02946,-86.67895,False,Crashes_2010_2019_MPO
102052695,2018-06-24,2018,,19.0,,,0,0,N,0.0,0.0,0.0,,,,,,,,36.04462,-86.68683,False,Crashes_2010_2019_MPO
102384668,2019-05-09,2019,,94.0,,,0,0,N,0.0,0.0,0.0,,,,,,,,36.01976,-86.82071,True,Crashes_2010_2019_MPO
102368518,2019-04-22,2019,,94.0,,,0,0,N,0.0,0.0,0.0,,,,,,,,35.95198,-86.81788,False,Crashes_2010_2019_MPO
100462259,2014-03-09,2014,,94.0,,,0,0,N,0.0,0.0,0.0,,,,,,,,35.94809,-86.81895,False,Crashes_2010_2019_MPO
100422463,2013-12-21,2013,,94.0,,,0,0,N,0.0,0.0,0.0,,,,,,,,35.99564,-86.7802,True,Crashes_2010_2019_MPO
102534849,2019-10-11,2019,,94.0,,,0,0,N,0.0,0.0,0.0,,,,,,,,35.95383,-86.80405,False,Crashes_2010_2019_MPO
102490452,2019-08-26,2019,,94.0,,,0,0,N,0.0,0.0,0.0,,,,,,,,35.95782,-86.81265,False,Crashes_2010_2019_MPO
101655934,2017-05-26,2017,,19.0,,,0,0,N,0.0,0.0,0.0,,,,,,,,36.04061,-86.77125,False,Crashes_2010_2019_MPO
102154767,2018-09-22,2018,,94.0,,,0,0,Y,0.0,0.0,1.0,,,,,,,,36.0341,-86.78829,True,Crashes_2010_2019_MPO
101664048,2017-06-03,2017,,94.0,,,0,0,N,0.0,0.0,0.0,,,,,,,,35.96868,-86.6777,False,Crashes_2010_2019_MPO
100287538,2013-02-03,2013,,94.0,,,0,0,N,0.0,0.0,0.0,,,,,,,,35.98325,-86.71739,True,Crashes_2010_2019_MPO
101970329,2018-04-07,2018,,19.0,,,0,0,N,0.0,0.0,0.0,,,,,,,,36.03747,-86.79098,False,Crashes_2010_2019_MPO
100595501,2014-08-14,2014,,94.0,,,0,0,N,0.0,0.0,0.0,,,,,,,,35.92839,-86.76536,False,Crashes_2010_2019_MPO
102152490,2018-09-19,2018,,94.0,,,0,0,N,0.0,0.0,0.0,,,,,,,,35.95078,-86.80672,False,Crashes_2010_2019_MPO
102120894,2018-08-24,2018,,94.0,,,0,0,N,0.0,0.0,0.0,,,,,,,,35.965799,-86.805694,True,Crashes_2010_2019_MPO
100912139,2015-07-25,2015,,19.0,,,0,0,N,0.0,0.0,0.0,,,,,,,,36.03996,-86.74203,False,Crashes_2010_2019_MPO
101954935,2018-03-23,2018,,94.0,,,0,0,N,0.0,0.0,0.0,,,,,,,,35.95209,-86.81805,False,Crashes_2010_2019_MPO
101008946,2015-11-13,2015,,19.0,,,0,0,N,0.0,0.0,0.0,,,,,,,,36.04075,-86.77952,False,Crashes_2010_2019_MPO
100849436,2015-05-22,2015,,94.0,,,0,0,N,0.0,0.0,0.0,,,,,,,,35.94826,-86.8505,False,Crashes_2010_2019_MPO
101099931,2016-02-04,2016,,94.0,,,0,0,N,0.0,0.0,0.0,,,,,,,,35.95078,-86.80672,False,Crashes_2010_2019_MPO
102597089,2019-12-13,2019,,94.0,,,0,0,N,0.0,0.0,0.0,,,,,,,,35.94026,-86.82129,False,Crashes_2010_2019_MPO
101561767,2017-02-21,2017,,19.0,,,0,0,N,0.0,0.0,0.0,,,,,,,,36.04797,-86.71357,False,Crashes_2010_2019_MPO
101478082,2016-12-14,2016,,94.0,,,0,0,N,0.0,0.0,0.0,,,,,,,,35.94538,-86.84806,False,Crashes_2010_2019_MPO
101755884,2017-09-08,2017,,94.0,,,0,0,N,0.0,0.0,0.0,,,,,,,,36.00878,-86.7861,True,Crashes_2010_2019_MPO
101402834,2016-10-13,2016,,19.0,,,0,0,N,0.0,0.0,0.0,,,,,,,,36.05151,-86.71436,False,Crashes_2010_2019_MPO
101406804,2016-10-18,2016,,94.0,,,0,0,N,0.0,0.0,0.0,,,,,,,,35.94787,-86.81995,False,Crashes_2010_2019_MPO
100938627,2015-08-24,2015,,94.0,,,0,0,N,0.0,0.0,0.0,,,,,,,,36.00354,-86.7918,True,Crashes_2010_2019_MPO
101256555,2016-06-15,2016,,94.0,,,0,0,N,0.0,0.0,0.0,,,,,,,,35.96638,-86.81433,True,Crashes_2010_2019_MPO
101070842,2016-01-02,2016,,94.0,,,0,1,Y,0.0,1.0,1.0,,,,,,,,36.02193,-86.7951,True,Crashes_2010_2019_MPO
100923099,2015-08-14,2015,,19.0,,,0,0,N,0.0,0.0,0.0,,,,,,,,36.0431,-86.84295,False,Crashes_2010_2019_MPO
101418460,2016-10-20,2016,,19.0,,,0,0,N,0.0,0.0,0.0,,,,,,,,36.0454,-86.70324,False,Crashes_2010_2019_MPO
101660034,2017-05-30,2017,,19.0,,,0,0,N,0.0,0.0,0.0,,,,,,,,36.04561,-86.71977,False,Crashes_2010_2019_MPO
100571348,2014-07-10,2014,,94.0,,,0,0,N,0.0,0.0,0.0,,,,,,,,35.97183,-86.74204,True,Crashes_2010_2019_MPO
100872354,2015-06-17,2015,,94.0,,,0,0,N,0.0,0.0,0.0,,,,,,,,35.96687,-86.81113,True,Crashes_2010_2019_MPO
101161296,2016-04-08,2016,,94.0,,,0,0,N,0.0,0.0,0.0,,,,,,,,35.96653,-86.80928,True,Crashes_2010_2019_MPO
101289154,2016-07-20,2016,,19.0,,,0,0,N,0.0,0.0,0.0,,,,,,,,36.04382,-86.71309,False,Crashes_2010_2019_MPO
100547224,2014-06-05,2014,,94.0,,,0,0,N,0.0,0.0,0.0,,,,,,,,35.92893,-86.82078,False,Crashes_2010_2019_MPO
101589908,2017-03-22,2017,,19.0,,,0,0,N,0.0,0.0,0.0,,,,,,,,36.04561,-86.71977,False,Crashes_2010_2019_MPO
101232626,2016-05-26,2016,,19.0,,,0,0,N,0.0,0.0,0.0,,,,,,,,36.0374,-86.78657,False,Crashes_2010_2019_MPO
101434634,2016-11-08,2016,,94.0,,,0,0,Y,0.0,0.0,1.0,,,,,,,,36.01935,-86.78679,True,Crashes_2010_2019_MPO
101827083,2017-11-16,2017,,19.0,,,0,0,N,0.0,0.0,0.0,,,,,,,,36.04534,-86.70222,False,Crashes_2010_2019_MPO
100309922,2013-03-30,2013,,94.0,,,0,0,N,0.0,0.0,0.0,,,,,,,,35.93034,-86.84171,False,Crashes_2010_2019_MPO
100770305,2015-03-10,2015,,94.0,,,0,0,N,0.0,0.0,0.0,,,,,,,,35.98649,-86.73687,True,Crashes_2010_2019_MPO
101363712,2016-09-15,2016,,19.0,,,0,0,N,0.0,0.0,0.0,,,,,,,,36.04059,-86.77107,False,Crashes_2010_2019_MPO
102004901,2018-05-09,2018,,94.0,,,0,0,N,0.0,0.0,0.0,,,,,,,,35.93215,-86.79441,False,Crashes_2010_2019_MPO
100323974,2013-05-02,2013,,94.0,,,0,0,N,0.0,0.0,0.0,,,,,,,,35.94784,-86.81975,False,Crashes_2010_2019_MPO
102370181,2019-04-24,2019,,19.0,,,0,0,N,0.0,0.0,0.0,,,,,,,,36.05366,-86.71502,False,Crashes_2010_2019_MPO
102571727,2019-11-18,2019,,19.0,,,0,0,N,0.0,0.0,0.0,,,,,,,,36.04668,-86.72506,False,Crashes_2010_2019_MPO
100297932,2013-02-27,2013,,94.0,,,0,0,N,0.0,0.0,0.0,,,,,,,,35.9455,-86.80504,False,Crashes_2010_2019_MPO
101654225,2017-05-25,2017,,94.0,,,0,0,N,0.0,0.0,0.0,,,,,,,,35.9782,-86.75932,True,Crashes_2010_2019_MPO
100186498,2012-05-31,2012,,94.0,,,0,0,N,0.0,0.0,0.0,,,,,,,,35.92823,-86.76738,False,Crashes_2010_2019_MPO
101536034,2017-01-27,2017,,94.0,,,0,0,N,0.0,0.0,0.0,,,,,,,,35.95733,-86.81093,False,Crashes_2010_2019_MPO
100161155,2012-03-23,2012,,94.0,,,0,0,N,0.0,0.0,0.0,,,,,,,,36.00417,-86.79083,True,Crashes_2010_2019_MPO
102418682,2019-06-14,2019,,94.0,,,0,0,N,0.0,0.0,0.0,,,,,,,,36.02703,-86.7913,True,Crashes_2010_2019_MPO
102495088,2019-09-01,2019,,19.0,,,0,0,N,0.0,0.0,0.0,,,,,,,,36.02448,-86.69991,False,Crashes_2010_2019_MPO
100174734,2012-04-30,2012,,94.0,,,0,0,N,0.0,0.0,0.0,,,,,,,,35.9674,-86.81547,True,Crashes_2010_2019_MPO
100303102,2013-03-13,2013,,94.0,,,0,0,N,0.0,0.0,0.0,,,,,,,,36.03336,-86.78872,True,Crashes_2010_2019_MPO
101582554,2017-03-14,2017,,19.0,,,0,0,N,0.0,0.0,0.0,,,,,,,,36.03948,-86.78177,False,Crashes_2010_2019_MPO
102132120,2018-09-03,2018,,19.0,,,0,0,N,0.0,0.0,0.0,,,,,,,,36.05367,-86.77552,False,Crashes_2010_2019_MPO
101040082,2015-11-30,2015,,94.0,,,0,0,N,0.0,0.0,0.0,,,,,,,,36.02302,-86.81772,True,Crashes_2010_2019_MPO
102281157,2019-01-18,2019,,19.0,,,0,0,N,0.0,0.0,0.0,,,,,,,,36.04152,-86.7496,False,Crashes_2010_2019_MPO
102607278,2019-12-25,2019,,19.0,,,0,0,N,0.0,0.0,0.0,,,,,,,,36.03566,-86.68229,False,Crashes_2010_2019_MPO
101000948,2015-11-01,2015,,19.0,,,0,0,Y,0.0,0.0,1.0,,,,,,,,36.04622,-86.71336,False,Crashes_2010_2019_MPO
100270333,2012-12-22,2012,,94.0,,,0,0,N,0.0,0.0,0.0,,,,,,,,35.9635,-86.80087,True,Crashes_2010_2019_MPO
102501320,2019-09-06,2019,,19.0,,,0,0,N,0.0,0.0,0.0,,,,,,,,36.03841,-86.713,False,Crashes_2010_2019_MPO
101872533,2017-12-29,2017,,94.0,,,0,0,N,0.0,0.0,0.0,,,,,,,,35.95392,-86.81486,False,Crashes_2010_2019_MPO
102485444,2019-08-22,2019,,94.0,,,0,0,N,0.0,0.0,0.0,,,,,,,,35.95108,-86.84831,False,Crashes_2010_2019_MPO
101820478,2017-11-10,2017,,19.0,,,0,0,N,0.0,0.0,0.0,,,,,,,,36.0417,-86.74862,False,Crashes_2010_2019_MPO
101775705,2017-09-27,2017,,94.0,,,0,0,N,0.0,0.0,0.0,,,,,,,,35.97334,-86.83305,True,Crashes_2010_2019_MPO
101933306,2018-03-02,2018,,94.0,,,0,0,N,0.0,0.0,0.0,,,,,,,,35.99224,-86.79858,True,Crashes_2010_2019_MPO
101463350,2016-11-29,2016,,19.0,,,0,0,N,0.0,0.0,0.0,,,,,,,,36.04108,-86.77569,False,Crashes_2010_2019_MPO
101097737,2016-02-01,2016,,94.0,,,0,0,N,0.0,0.0,0.0,,,,,,,,35.92321,-86.87307,False,Crashes_2010_2019_MPO
102166277,2018-10-03,2018,,94.0,,,0,0,N,0.0,0.0,0.0,,,,,,,,35.97808,-86.67817,False,Crashes_2010_2019_MPO
100312031,2013-04-04,2013,,94.0,,,0,0,N,0.0,0.0,0.0,,,,,,,,35.98624,-86.73643,True,Crashes_2010_2019_MPO
101546109,2017-02-06,2017,,19.0,,,0,0,N,0.0,0.0,0.0,,,,,,,,36.01012,-86.70204,False,Crashes_2010_2019_MPO
102469651,2019-08-06,2019,,19.0,,,0,0,N,0.0,0.0,0.0,,,,,,,,36.04379,-86.84492,False,Crashes_2010_2019_MPO
102487767,2019-08-24,2019,,19.0,,,0,0,N,0.0,0.0,0.0,,,,,,,,36.03763,-86.76854,False,Crashes_2010_2019_MPO
101801130,2017-10-23,2017,,94.0,,,0,0,N,0.0,0.0,0.0,,,,,,,,35.97083,-86.823,True,Crashes_2010_2019_MPO
102496084,2019-09-01,2019,,94.0,,,0,0,N,0.0,0.0,0.0,,,,,,,,36.00318,-86.74259,True,Crashes_2010_2019_MPO
100751798,2015-02-19,2015,,94.0,,,0,0,N,0.0,0.0,0.0,,,,,,,,35.94824,-86.70088,False,Crashes_2010_2019_MPO
102264507,2019-01-02,2019,,94.0,,,0,0,N,0.0,0.0,0.0,,,,,,,,35.94922,-86.81373,False,Crashes_2010_2019_MPO
101621569,2017-04-20,2017,,94.0,,,0,0,N,0.0,0.0,0.0,,,,,,,,35.99551,-86.77887,True,Crashes_2010_2019_MPO
102152500,2018-09-19,2018,,94.0,,,0,0,N,0.0,0.0,0.0,,,,,,,,35.94616,-86.80856,False,Crashes_2010_2019_MPO
100720310,2015-01-10,2015,,19.0,,,0,0,N,0.0,0.0,0.0,,,,,,,,36.03825,-86.78632,False,Crashes_2010_2019_MPO
100173609,2012-04-27,2012,,94.0,,,0,0,N,0.0,0.0,0.0,,,,,,,,35.99899,-86.80809,True,Crashes_2010_2019_MPO
102565436,2019-11-12,2019,,94.0,,,0,0,N,0.0,0.0,0.0,,,,,,,,35.997889,-86.794667,True,Crashes_2010_2019_MPO
102133819,2018-09-04,2018,,94.0,,,0,0,N,0.0,0.0,0.0,,,,,,,,35.95929,-86.81973,True,Crashes_2010_2019_MPO
101844696,2017-12-01,2017,,94.0,,,0,0,N,0.0,0.0,0.0,,,,,,,,35.94822,-86.81976,False,Crashes_2010_2019_MPO
101188718,2016-05-06,2016,,19.0,,,0,0,N,0.0,0.0,0.0,,,,,,,,36.04208,-86.77615,False,Crashes_2010_2019_MPO
100940364,2015-08-27,2015,,94.0,,,0,0,N,0.0,0.0,0.0,,,,,,,,35.931,-86.86359,False,Crashes_2010_2019_MPO
102087232,2018-07-26,2018,,19.0,,,0,0,N,0.0,0.0,0.0,,,,,,,,36.00437,-86.69908,False,Crashes_2010_2019_MPO
102271240,2019-01-09,2019,,94.0,,,0,0,N,0.0,0.0,0.0,,,,,,,,35.99156,-86.79881,True,Crashes_2010_2019_MPO
102397297,2019-05-23,2019,,94.0,,,0,0,N,0.0,0.0,0.0,,,,,,,,35.9505,-86.76617,True,Crashes_2010_2019_MPO
101469932,2016-12-07,2016,,94.0,,,0,0,N,0.0,0.0,0.0,,,,,,,,35.936,-86.80966,False,Crashes_2010_2019_MPO
102296200,2019-02-03,2019,,94.0,,,0,0,N,0.0,0.0,0.0,,,,,,,,35.93616,-86.828,False,Crashes_2010_2019_MPO
102136229,2018-09-06,2018,,94.0,,,0,0,N,0.0,0.0,0.0,,,,,,,,35.94638,-86.80954,False,Crashes_2010_2019_MPO
100392681,2013-10-17,2013,,94.0,,,0,1,N,0.0,1.0,0.0,,,,,,,,35.95769,-86.81368,False,Crashes_2010_2019_MPO
100642583,2014-10-13,2014,,94.0,,,0,0,N,0.0,0.0,0.0,,,,,,,,36.03118,-86.87559,False,Crashes_2010_2019_MPO
101594364,2017-03-26,2017,,19.0,,,0,0,N,0.0,0.0,0.0,,,,,,,,36.04917,-86.86955,False,Crashes_2010_2019_MPO
102348304,2019-04-02,2019,,94.0,,,0,0,N,0.0,0.0,0.0,,,,,,,,35.93369,-86.82395,False,Crashes_2010_2019_MPO
100962638,2015-09-18,2015,,19.0,,,0,0,N,0.0,0.0,0.0,,,,,,,,36.05175,-86.68768,False,Crashes_2010_2019_MPO
101647076,2017-05-17,2017,,19.0,,,0,0,N,0.0,0.0,0.0,,,,,,,,36.0472,-86.86283,False,Crashes_2010_2019_MPO
101439941,2016-11-14,2016,,94.0,,,0,0,N,0.0,0.0,0.0,,,,,,,,35.94854,-86.8114,False,Crashes_2010_2019_MPO