mstrrecnbr,collision_ts,year,county,countystat,crash,crash_type,fatalities,non_motorists,commercial,fatal_c,nonmotor_c,truck_c,fatalc,serious_injuries,ped,bike,lighting,weather,first_harmful_event,latitude,longitude,in_city,src_layer
100950178,2015-09-13,2015,,94.0,,,0,0,N,0.0,0.0,0.0,,,,,,,,35.97743,-86.77426,True,Crashes_2010_2019_MPO
100332434,2013-05-21,2013,,94.0,,,0,0,N,0.0,0.0,0.0,,,,,,,,35.96688,-86.81362,True,Crashes_2010_2019_MPO
101600664,2017-04-01,2017,,19.0,,,0,0,N,0.0,0.0,0.0,,,,,,,,36.04068,-86.77189,False,Crashes_2010_2019_MPO
101162326,2016-04-11,2016,,94.0,,,0,0,N,0.0,0.0,0.0,,,,,,,,35.92579,-86.87203,False,Crashes_2010_2019_MPO
100618243,2014-09-12,2014,,94.0,,,0,0,N,0.0,0.0,0.0,,,,,,,,35.94873,-86.83188,False,Crashes_2010_2019_MPO
100550281,2014-05-10,2014,,19.0,,,1,1,N,1.0,1.0,0.0,,,,,,,,36.0429,-86.781677,False,Crashes_2010_2019_MPO
100969678,2015-09-28,2015,,94.0,,,0,0,N,0.0,0.0,0.0,,,,,,,,35.9771,-86.77135,True,Crashes_2010_2019_MPO
100350152,2013-07-04,2013,,94.0,,,0,0,N,0.0,0.0,0.0,,,,,,,,35.93335,-86.78022,False,Crashes_2010_2019_MPO
101648840,2017-05-19,2017,,19.0,,,0,0,N,0.0,0.0,0.0,,,,,,,,36.03761,-86.78512,False,Crashes_2010_2019_MPO
101034286,2015-11-21,2015,,94.0,,,0,0,N,0.0,0.0,0.0,,,,,,,,35.977042,-86.825025,True,Crashes_2010_2019_MPO
102145913,2018-09-13,2018,,94.0,,,0,0,N,0.0,0.0,0.0,,,,,,,,36.017,-86.8211,True,Crashes_2010_2019_MPO
100203549,2012-07-17,2012,,94.0,,,0,0,Y,0.0,0.0,1.0,,,,,,,,35.96708,-86.81356,True,Crashes_2010_2019_MPO
100418520,2013-12-12,2013,,94.0,,,0,0,N,0.0,0.0,0.0,,,,,,,,35.99624,-86.78632,True,Crashes_2010_2019_MPO
101067009,2015-12-26,2015,,19.0,,,0,0,N,0.0,0.0,0.0,,,,,,,,36.03998,-86.7813,False,Crashes_2010_2019_MPO
102271513,2019-01-09,2019,,94.0,,,0,0,N,0.0,0.0,0.0,,,,,,,,35.93191,-86.794,False,Crashes_2010_2019_MPO
100429532,2014-01-10,2014,,94.0,,,0,0,Y,0.0,0.0,1.0,,,,,,,,35.96654,-86.81004,True,Crashes_2010_2019_MPO
100486704,2014-04-15,2014,,94.0,,,0,0,Y,0.0,0.0,1.0,,,,,,,,36.02718,-86.76872,True,Crashes_2010_2019_MPO
100716862,2015-01-03,2015,,94.0,,,0,0,N,0.0,0.0,0.0,,,,,,,,35.96706,-86.81346,True,Crashes_2010_2019_MPO
100332081,2013-05-21,2013,,94.0,,,0,0,N,0.0,0.0,0.0,,,,,,,,35.99557,-86.79742,True,Crashes_2010_2019_MPO
101163617,2016-04-12,2016,,19.0,,,0,0,N,0.0,0.0,0.0,,,,,,,,36.04548,-86.71883,False,Crashes_2010_2019_MPO
101619815,2017-04-18,2017,,94.0,,,0,0,N,0.0,0.0,0.0,,,,,,,,35.95516,-86.81493,False,Crashes_2010_2019_MPO
100768207,2015-03-06,2015,,19.0,,,0,0,N,0.0,0.0,0.0,,,,,,,,36.01311,-86.71093,False,Crashes_2010_2019_MPO
101884412,2018-01-11,2018,,94.0,,,0,0,N,0.0,0.0,0.0,,,,,,,,35.94695,-86.82152,False,Crashes_2010_2019_MPO
101102737,2016-02-09,2016,,19.0,,,0,0,N,0.0,0.0,0.0,,,,,,,,36.03861,-86.7324,False,Crashes_2010_2019_MPO
100401420,2013-11-06,2013,,94.0,,,0,0,N,0.0,0.0,0.0,,,,,,,,35.93574,-86.83917,False,Crashes_2010_2019_MPO
100482531,2014-04-05,2014,,94.0,,,0,0,N,0.0,0.0,0.0,,,,,,,,36.01856,-86.82086,True,Crashes_2010_2019_MPO
100615496,2014-09-06,2014,,94.0,,,0,0,N,0.0,0.0,0.0,,,,,,,,35.94069,-86.8316,False,Crashes_2010_2019_MPO
100911947,2015-07-25,2015,,19.0,,,0,0,N,0.0,0.0,0.0,,,,,,,,36.02257,-86.74258,False,Crashes_2010_2019_MPO
102031245,2018-05-31,2018,,94.0,,,0,0,N,0.0,0.0,0.0,,,,,,,,35.97438,-86.83209,True,Crashes_2010_2019_MPO
101630195,2017-04-30,2017,,19.0,,,0,0,N,0.0,0.0,0.0,,,,,,,,36.03576,-86.70476,False,Crashes_2010_2019_MPO
102527720,2019-10-03,2019,,94.0,,,0,1,N,0.0,1.0,0.0,,,,,,,,36.019813,-86.8206,True,Crashes_2010_2019_MPO
102548819,2019-10-25,2019,,94.0,,,0,0,N,0.0,0.0,0.0,,,,,,,,36.01346,-86.80358,True,Crashes_2010_2019_MPO
100808299,2015-04-15,2015,,94.0,,,0,0,N,0.0,0.0,0.0,,,,,,,,35.99606,-86.78465,True,Crashes_2010_2019_MPO
100924125,2015-08-16,2015,,19.0,,,0,0,N,0.0,0.0,0.0,,,,,,,,36.05306,-86.68966,False,Crashes_2010_2019_MPO
102118789,2018-08-22,2018,,19.0,,,0,0,N,0.0,0.0,0.0,,,,,,,,36.04802,-86.71358,False,Crashes_2010_2019_MPO
101179658,2016-04-22,2016,,19.0,,,0,0,N,0.0,0.0,0.0,,,,,,,,36.04537,-86.71326,False,Crashes_2010_2019_MPO
100946956,2015-09-08,2015,,94.0,,,0,0,N,0.0,0.0,0.0,,,,,,,,35.94425,-86.82861,False,Crashes_2010_2019_MPO
101716996,2017-07-31,2017,,94.0,,,0,0,N,0.0,0.0,0.0,,,,,,,,35.94429,-86.81993,False,Crashes_2010_2019_MPO
102183562,2018-10-20,2018,,19.0,,,0,0,N,0.0,0.0,0.0,,,,,,,,36.03992,-86.7126,False,Crashes_2010_2019_MPO
101574587,2017-03-03,2017,,94.0,,,0,0,N,0.0,0.0,0.0,,,,,,,,35.966621,-86.809199,True,Crashes_2010_2019_MPO
102185572,2018-10-22,2018,,19.0,,,0,0,N,0.0,0.0,0.0,,,,,,,,36.03761,-86.78512,False,Crashes_2010_2019_MPO
102277638,2019-01-15,2019,,94.0,,,0,0,N,0.0,0.0,0.0,,,,,,,,36.03081,-86.78356,True,Crashes_2010_2019_MPO
100876428,2015-06-24,2015,,19.0,,,0,0,N,0.0,0.0,0.0,,,,,,,,36.04227,-86.71299,False,Crashes_2010_2019_MPO
102144103,2018-08-25,2018,,94.0,,,0,0,N,0.0,0.0,0.0,,,,,,,,36.0048,-86.7905,True,Crashes_2010_2019_MPO
101135264,2016-03-15,2016,,94.0,,,0,0,N,0.0,0.0,0.0,,,,,,,,35.96189,-86.81203,False,Crashes_2010_2019_MPO
100460982,2014-03-06,2014,,94.0,,,0,0,N,0.0,0.0,0.0,,,,,,,,35.99894,-86.80817,True,Crashes_2010_2019_MPO
101656918,2017-05-27,2017,,19.0,,,0,0,N,0.0,0.0,0.0,,,,,,,,36.04537,-86.71326,False,Crashes_2010_2019_MPO
102084122,2018-07-23,2018,,19.0,,,0,0,N,0.0,0.0,0.0,,,,,,,,36.04128,-86.74378,False,Crashes_2010_2019_MPO
101184905,2016-04-30,2016,,94.0,,,0,0,N,0.0,0.0,0.0,,,,,,,,35.94612,-86.82346,False,Crashes_2010_2019_MPO
101389268,2016-09-24,2016,,94.0,,,0,0,N,0.0,0.0,0.0,,,,,,,,35.92922,-86.85289,False,Crashes_2010_2019_MPO
101868717,2017-12-25,2017,,19.0,,,0,0,N,0.0,0.0,0.0,,,,,,,,36.02561,-86.71058,False,Crashes_2010_2019_MPO
101711239,2017-07-25,2017,,94.0,,,0,0,N,0.0,0.0,0.0,,,,,,,,35.99781,-86.79886,True,Crashes_2010_2019_MPO
101557736,2017-02-16,2017,,94.0,,,0,0,N,0.0,0.0,0.0,,,,,,,,35.92321,-86.87307,False,Crashes_2010_2019_MPO
101080272,2016-01-15,2016,,94.0,,,0,0,N,0.0,0.0,0.0,,,,,,,,36.02288,-86.78695,True,Crashes_2010_2019_MPO
102380520,2019-04-30,2019,,19.0,,,0,0,N,0.0,0.0,0.0,,,,,,,,36.02609,-86.78484,True,Crashes_2010_2019_MPO
102441594,2019-07-06,2019,,94.0,,,0,0,N,0.0,0.0,0.0,,,,,,,,35.99386,-86.72389,True,Crashes_2010_2019_MPO
100822441,2015-04-23,2015,,94.0,,,0,0,N,0.0,0.0,0.0,,,,,,,,35.93549,-86.82394,False,Crashes_2010_2019_MPO
101480413,2016-12-17,2016,,19.0,,,0,1,N,0.0,1.0,0.0,,,,,,,,36.04566,-86.71023,False,Crashes_2010_2019_MPO
100800930,2015-04-01,2015,,94.0,,,0,0,N,0.0,0.0,0.0,,,,,,,,35.94478,-86.82857,False,Crashes_2010_2019_MPO
100708865,2014-12-18,2014,,94.0,,,0,0,N,0.0,0.0,0.0,,,,,,,,35.97318,-86.83111,True,Crashes_2010_2019_MPO
100735797,2015-02-11,2015,,94.0,,,0,0,N,0.0,0.0,0.0,,,,,,,,35.96671,-86.81367,True,Crashes_2010_2019_MPO
100961965,2015-09-17,2015,,19.0,,,0,0,Y,0.0,0.0,1.0,,,,,,,,36.03899,-86.78258,False,Crashes_2010_2019_MPO
100753433,2015-02-26,2015,,19.0,,,0,0,N,0.0,0.0,0.0,,,,,,,,36.01108,-86.70267,False,Crashes_2010_2019_MPO
101783925,2017-10-06,2017,,19.0,,,0,0,N,0.0,0.0,0.0,,,,,,,,35.99282,-86.68499,False,Crashes_2010_2019_MPO
100949001,2015-09-11,2015,,19.0,,,0,0,N,0.0,0.0,0.0,,,,,,,,36.03742,-86.79045,False,Crashes_2010_2019_MPO
101691743,2017-07-04,2017,,19.0,,,0,0,N,0.0,0.0,0.0,,,,,,,,36.04554,-86.71147,False,Crashes_2010_2019_MPO
102298716,2019-02-06,2019,,94.0,,,0,0,N,0.0,0.0,0.0,,,,,,,,35.99667,-86.79704,True,Crashes_2010_2019_MPO
102040293,2018-06-11,2018,,19.0,,,0,0,N,0.0,0.0,0.0,,,,,,,,35.99589,-86.69089,False,Crashes_2010_2019_MPO
100573839,2014-07-16,2014,,94.0,,,0,0,N,0.0,0.0,0.0,,,,,,,,35.96886,-86.77678,True,Crashes_2010_2019_MPO
102298893,2019-02-01,2019,,94.0,,,0,0,N,0.0,0.0,0.0,,,,,,,,35.93726,-86.69992,False,Crashes_2010_2019_MPO
101611611,2017-04-12,2017,,94.0,,,0,0,N,0.0,0.0,0.0,,,,,,,,35.9638,-86.80842,False,Crashes_2010_2019_MPO
100830406,2015-05-08,2015,,19.0,,,0,0,N,0.0,0.0,0.0,,,,,,,,36.04519,-86.68711,False,Crashes_2010_2019_MPO
100659109,2014-10-24,2014,,94.0,,,0,0,N,0.0,0.0,0.0,,,,,,,,35.94991,-86.84924,False,Crashes_2010_2019_MPO
100771205,2015-03-12,2015,,94.0,,,0,0,N,0.0,0.0,0.0,,,,,,,,35.93675,-86.85931,False,Crashes_2010_2019_MPO
100397898,2013-10-30,2013,,94.0,,,0,0,N,0.0,0.0,0.0,,,,,,,,35.99612,-86.7852,True,Crashes_2010_2019_MPO
100227994,2012-09-15,2012,,94.0,,,0,0,N,0.0,0.0,0.0,,,,,,,,35.98754,-86.8002,True,Crashes_2010_2019_MPO
101237471,2016-06-01,2016,,19.0,,,0,0,N,0.0,0.0,0.0,,,,,,,,36.03431,-86.68272,False,Crashes_2010_2019_MPO
100497754,2014-04-17,2014,,94.0,,,0,0,N,0.0,0.0,0.0,,,,,,,,35.97248,-86.67846,False,Crashes_2010_2019_MPO
102448895,2019-07-15,2019,,94.0,,,0,0,N,0.0,0.0,0.0,,,,,,,,35.9476,-86.81971,False,Crashes_2010_2019_MPO
100656478,2014-10-20,2014,,94.0,,,0,0,N,0.0,0.0,0.0,,,,,,,,35.92674,-86.87005,False,Crashes_2010_2019_MPO
101799873,2017-10-16,2017,,94.0,,,0,0,N,0.0,0.0,0.0,,,,,,,,35.98642,-86.80058,True,Crashes_2010_2019_MPO
101531389,2017-01-21,2017,,94.0,,,0,0,N,0.0,0.0,0.0,,,,,,,,35.92546,-86.87275,False,Crashes_2010_2019_MPO
100832042,2015-05-11,2015,,19.0,,,0,0,N,0.0,0.0,0.0,,,,,,,,36.0501,-86.87318,False,Crashes_2010_2019_MPO
101238518,2016-06-03,2016,,19.0,,,0,0,N,0.0,0.0,0.0,,,,,,,,36.05151,-86.71436,False,Crashes_2010_2019_MPO
101650309,2017-05-20,2017,,94.0,,,0,0,N,0.0,0.0,0.0,,,,,,,,35.97765,-86.77678,True,Crashes_2010_2019_MPO
100825319,2015-04-28,2015,,19.0,,,0,0,N,0.0,0.0,0.0,,,,,,,,36.05484,-86.68906,False,Crashes_2010_2019_MPO
100982726,2015-10-20,2015,,94.0,,,0,0,N,0.0,0.0,0.0,,,,,,,,35.94771,-86.86515,False,Crashes_2010_2019_MPO
102597982,2019-12-14,2019,,94.0,,,0,0,N,0.0,0.0,0.0,,,,,,,,35.99004,-86.74528,True,Crashes_2010_2019_MPO
102135986,2018-09-06,2018,,19.0,,,0,0,N,0.0,0.0,0.0,,,,,,,,36.05266,-86.73983,False,Crashes_2010_2019_MPO
101064187,2015-12-21,2015,,19.0,,,0,0,N,0.0,0.0,0.0,,,,,,,,36.03313,-86.77441,False,Crashes_2010_2019_MPO
101540595,2017-01-31,2017,,94.0,,,0,0,N,0.0,0.0,0.0,,,,,,,,35.9912,-86.68349,False,Crashes_2010_2019_MPO
102601166,2019-12-18,2019,,94.0,,,0,1,N,0.0,1.0,0.0,,,,,,,,35.92441,-86.79506,False,Crashes_2010_2019_MPO
102315549,2019-02-26,2019,,94.0,,,0,0,N,0.0,0.0,0.0,,,,,,,,35.97878,-86.75282,True,Crashes_2010_2019_MPO
102325332,2019-03-08,2019,,94.0,,,0,0,N,0.0,0.0,0.0,,,,,,,,35.99921,-86.80919,True,Crashes_2010_2019_MPO
100756292,2015-03-04,2015,,19.0,,,0,0,N,0.0,0.0,0.0,,,,,,,,36.04458,-86.78004,False,Crashes_2010_2019_MPO
100199849,2012-07-09,2012,,94.0,,,0,0,N,0.0,0.0,0.0,,,,,,,,36.0071,-86.78023,True,Crashes_2010_2019_MPO
101940706,2018-03-11,2018,,94.0,,,0,0,N,0.0,0.0,0.0,,,,,,,,35.96202,-86.81533,False,Crashes_2010_2019_MPO
101105598,2016-02-14,2016,,19.0,,,0,0,N,0.0,0.0,0.0,,,,,,,,36.03747,-86.79221,False,Crashes_2010_2019_MPO
101425194,2016-10-28,2016,,94.0,,,0,0,N,0.0,0.0,0.0,,,,,,,,36.03644,-86.79084,True,Crashes_2010_2019_MPO
102381416,2019-05-05,2019,,94.0,,,0,0,N,0.0,0.0,0.0,,,,,,,,35.99623,-86.78619,True,Crashes_2010_2019_MPO
101035685,2015-11-24,2015,,19.0,,,0,0,N,0.0,0.0,0.0,,,,,,,,36.01556,-86.71289,False,Crashes_2010_2019_MPO
101708407,2017-07-22,2017,,19.0,,,0,0,N,0.0,0.0,0.0,,,,,,,,36.04423,-86.78094,False,Crashes_2010_2019_MPO
101698588,2017-07-11,2017,,94.0,,,0,0,N,0.0,0.0,0.0,,,,,,,,35.93218,-86.79404,False,Crashes_2010_2019_MPO
101555462,2017-02-15,2017,,94.0,,,0,0,N,0.0,0.0,0.0,,,,,,,,35.99551,-86.77887,True,Crashes_2010_2019_MPO
101665240,2017-06-05,2017,,94.0,,,0,0,N,0.0,0.0,0.0,,,,,,,,35.9986,-86.79873,True,Crashes_2010_2019_MPO
101049589,2015-12-14,2015,,94.0,,,0,0,N,0.0,0.0,0.0,,,,,,,,36.034001,-86.788459,True,Crashes_2010_2019_MPO
101712191,2017-07-26,2017,,19.0,,,0,0,N,0.0,0.0,0.0,,,,,,,,36.04087,-86.77103,False,Crashes_2010_2019_MPO
101699781,2017-07-13,2017,,19.0,,,0,0,N,0.0,0.0,0.0,,,,,,,,36.04043,-86.76835,False,Crashes_2010_2019_MPO
100883653,2015-07-09,2015,,19.0,,,0,0,N,0.0,0.0,0.0,,,,,,,,36.03991,-86.7414,False,Crashes_2010_2019_MPO
101862051,2017-12-18,2017,,94.0,,,0,0,N,0.0,0.0,0.0,,,,,,,,36.03292,-86.78896,True,Crashes_2010_2019_MPO
100943057,2015-09-01,2015,,19.0,,,0,0,N,0.0,0.0,0.0,,,,,,,,36.04001,-86.74347,False,Crashes_2010_2019_MPO
100913620,2015-07-28,2015,,19.0,,,0,0,N,0.0,0.0,0.0,,,,,,,,36.04001,-86.74349,False,Crashes_2010_2019_MPO
102336904,2019-03-20,2019,,94.0,,,0,0,N,0.0,0.0,0.0,,,,,,,,35.99485,-86.79767,True,Crashes_2010_2019_MPO
100359443,2013-07-27,2013,,94.0,,,0,0,N,0.0,0.0,0.0,,,,,,,,35.96665,-86.80941,True,Crashes_2010_2019_MPO
101386746,2016-09-22,2016,,19.0,,,0,0,N,0.0,0.0,0.0,,,,,,,,36.04479,-86.72487,False,Crashes_2010_2019_MPO
101066440,2015-12-24,2015,,19.0,,,0,0,N,0.0,0.0,0.0,,,,,,,,36.04142,-86.77998,False,Crashes_2010_2019_MPO
101388378,2016-09-24,2016,,19.0,,,0,0,N,0.0,0.0,0.0,,,,,,,,36.03747,-86.79098,False,Crashes_2010_2019_MPO
100311483,2013-04-03,2013,,94.0,,,0,0,N,0.0,0.0,0.0,,,,,,,,35.96595,-86.80315,True,Crashes_2010_2019_MPO
101681980,2017-06-18,2017,,94.0,,,0,0,N,0.0,0.0,0.0,,,,,,,,35.99257,-86.82856,True,Crashes_2010_2019_MPO
102156122,2018-09-24,2018,,94.0,,,0,0,N,0.0,0.0,0.0,,,,,,,,35.97597,-86.82952,True,Crashes_2010_2019_MPO
101793568,2017-10-16,2017,,94.0,,,0,1,N,0.0,1.0,0.0,,,,,,,,36.00835,-86.83134,True,Crashes_2010_2019_MPO
101233109,2016-05-26,2016,,94.0,,,0,0,N,0.0,0.0,0.0,,,,,,,,35.96683,-86.81135,True,Crashes_2010_2019_MPO
102475339,2019-08-12,2019,,94.0,,,0,0,N,0.0,0.0,0.0,,,,,,,,35.93127,-86.87663,False,Crashes_2010_2019_MPO
102119601,2018-08-22,2018,,94.0,,,0,0,N,0.0,0.0,0.0,,,,,,,,36.00628,-86.78897,True,Crashes_2010_2019_MPO
100756441,2015-03-04,2015,,19.0,,,0,0,N,0.0,0.0,0.0,,,,,,,,36.03969,-86.76049,False,Crashes_2010_2019_MPO
100328682,2013-05-11,2013,,94.0,,,0,0,N,0.0,0.0,0.0,,,,,,,,35.93107,-86.85925,False,Crashes_2010_2019_MPO
101653037,2017-05-22,2017,,94.0,,,0,0,N,0.0,0.0,0.0,,,,,,,,35.94849,-86.82292,False,Crashes_2010_2019_MPO
101673105,2017-06-14,2017,,94.0,,,0,0,N,0.0,0.0,0.0,,,,,,,,35.93374,-86.81767,False,Crashes_2010_2019_MPO
101670392,2017-06-10,2017,,94.0,,,0,1,N,0.0,1.0,0.0,,,,,,,,35.95218,-86.81818,False,Crashes_2010_2019_MPO
101618686,2017-04-18,2017,,94.0,,,0,0,N,0.0,0.0,0.0,,,,,,,,36.03312,-86.78699,True,Crashes_2010_2019_MPO
102081488,2018-07-10,2018,,19.0,,,0,0,N,0.0,0.0,0.0,,,,,,,,36.04285,-86.77904,False,Crashes_2010_2019_MPO
100710867,2014-12-19,2014,,94.0,,,0,0,N,0.0,0.0,0.0,,,,,,,,35.95748,-86.81654,False,Crashes_2010_2019_MPO
101631145,2017-05-01,2017,,19.0,,,0,0,N,0.0,0.0,0.0,,,,,,,,36.04304,-86.713,False,Crashes_2010_2019_MPO
101718420,2017-08-02,2017,,94.0,,,0,0,N,0.0,0.0,0.0,,,,,,,,35.99801,-86.80056,True,Crashes_2010_2019_MPO
101196618,2016-05-17,2016,,94.0,,,0,0,N,0.0,0.0,0.0,,,,,,,,36.00684,-86.80518,True,Crashes_2010_2019_MPO
101800104,2017-10-21,2017,,94.0,,,0,0,N,0.0,0.0,0.0,,,,,,,,36.019,-86.84869,True,Crashes_2010_2019_MPO
100551912,2014-06-15,2014,,94.0,,,0,0,N,0.0,0.0,0.0,,,,,,,,35.92904,-86.83589,False,Crashes_2010_2019_MPO
100286662,2013-02-01,2013,,94.0,,,0,0,N,0.0,0.0,0.0,,,,,,,,35.94689,-86.85175,False,Crashes_2010_2019_MPO
101424780,2016-10-28,2016,,94.0,,,0,0,N,0.0,0.0,0.0,,,,,,,,35.952,-86.73307,True,Crashes_2010_2019_MPO
100631416,2014-09-20,2014,,94.0,,,0,0,N,0.0,0.0,0.0,,,,,,,,35.95522,-86.84498,False,Crashes_2010_2019_MPO
101773945,2017-09-27,2017,,94.0,,,0,0,N,0.0,0.0,0.0,,,,,,,,35.93518,-86.81091,False,Crashes_2010_2019_MPO
101064644,2015-12-22,2015,,94.0,,,0,0,N,0.0,0.0,0.0,,,,,,,,36.02496,-86.79339,True,Crashes_2010_2019_MPO
100229923,2012-09-21,2012,,94.0,,,0,0,N,0.0,0.0,0.0,,,,,,,,36.03209,-86.79986,True,Crashes_2010_2019_MPO
100726480,2015-01-23,2015,,19.0,,,0,0,N,0.0,0.0,0.0,,,,,,,,36.02342,-86.68807,False,Crashes_2010_2019_MPO
101590505,2017-03-22,2017,,94.0,,,0,0,N,0.0,0.0,0.0,,,,,,,,35.97438,-86.83209,True,Crashes_2010_2019_MPO
101040478,2015-12-01,2015,,94.0,,,0,0,N,0.0,0.0,0.0,,,,,,,,35.93835,-86.87911,False,Crashes_2010_2019_MPO
102318810,2019-03-01,2019,,94.0,,,0,0,N,0.0,0.0,0.0,,,,,,,,35.96461,-86.81462,True,Crashes_2010_2019_MPO
100586797,2014-07-23,2014,,94.0,,,0,0,N,0.0,0.0,0.0,,,,,,,,35.99671,-86.82852,True,Crashes_2010_2019_MPO
101679086,2017-06-20,2017,,19.0,,,0,0,N,0.0,0.0,0.0,,,,,,,,36.04001,-86.74347,False,Crashes_2010_2019_MPO
102493403,2019-08-29,2019,,19.0,,,0,0,N,0.0,0.0,0.0,,,,,,,,36.05026,-86.76959,False,Crashes_2010_2019_MPO
101895259,2018-01-24,2018,,94.0,,,0,0,N,0.0,0.0,0.0,,,,,,,,35.95748,-86.76759,True,Crashes_2010_2019_MPO
102375970,2019-04-30,2019,,94.0,,,0,0,N,0.0,0.0,0.0,,,,,,,,36.02014,-86.78261,True,Crashes_2010_2019_MPO
101327753,2016-08-14,2016,,19.0,,,0,0,N,0.0,0.0,0.0,,,,,,,,36.0453,-86.70168,False,Crashes_2010_2019_MPO
102525364,2019-09-30,2019,,19.0,,,0,0,N,0.0,0.0,0.0,,,,,,,,36.04058,-86.74035,False,Crashes_2010_2019_MPO
102286401,2019-01-24,2019,,94.0,,,0,0,N,0.0,0.0,0.0,,,,,,,,35.99043,-86.74862,True,Crashes_2010_2019_MPO
102417262,2019-06-12,2019,,19.0,,,0,0,N,0.0,0.0,0.0,,,,,,,,36.04522,-86.71479,False,Crashes_2010_2019_MPO
101507230,2017-01-09,2017,,94.0,,,0,0,N,0.0,0.0,0.0,,,,,,,,35.96845,-86.81905,True,Crashes_2010_2019_MPO
102542031,2019-10-18,2019,,19.0,,,0,0,N,0.0,0.0,0.0,,,,,,,,36.05476,-86.69407,False,Crashes_2010_2019_MPO
100723134,2015-01-16,2015,,94.0,,,0,0,N,0.0,0.0,0.0,,,,,,,,35.93118,-86.86345,False,Crashes_2010_2019_MPO
101881629,2018-01-08,2018,,94.0,,,0,0,N,0.0,0.0,0.0,,,,,,,,35.9666,-86.8098,True,Crashes_2010_2019_MPO
100285651,2013-01-30,2013,,94.0,,,0,0,N,0.0,0.0,0.0,,,,,,,,36.02623,-86.82786,True,Crashes_2010_2019_MPO
100633321,2014-09-24,2014,,94.0,,,0,0,N,0.0,0.0,0.0,,,,,,,,35.95008,-86.8491,False,Crashes_2010_2019_MPO
101131949,2016-03-11,2016,,19.0,,,0,0,N,0.0,0.0,0.0,,,,,,,,36.03352,-86.71298,False,Crashes_2010_2019_MPO
101897619,2018-01-25,2018,,94.0,,,0,0,N,0.0,0.0,0.0,,,,,,,,36.01364,-86.80418,True,Crashes_2010_2019_MPO
101767436,2017-09-21,2017,,94.0,,,0,0,N,0.0,0.0,0.0,,,,,,,,35.97813,-86.75833,True,Crashes_2010_2019_MPO
101595372,2017-03-27,2017,,94.0,,,0,0,N,0.0,0.0,0.0,,,,,,,,35.95328,-86.81787,False,Crashes_2010_2019_MPO
102505165,2019-09-10,2019,,94.0,,,0,0,N,0.0,0.0,0.0,,,,,,,,35.96731,-86.81492,True,Crashes_2010_2019_MPO
101284138,2016-07-12,2016,,94.0,,,0,0,N,0.0,0.0,0.0,,,,,,,,35.9583,-86.8023,False,Crashes_2010_2019_MPO
101722890,2017-08-06,2017,,19.0,,,0,0,N,0.0,0.0,0.0,,,,,,,,36.04552,-86.71165,False,Crashes_2010_2019_MPO
101865449,2017-12-21,2017,,94.0,,,0,0,N,0.0,0.0,0.0,,,,,,,,36.01351,-86.80339,True,Crashes_2010_2019_MPO
102297105,2019-02-04,2019,,19.0,,,0,0,N,0.0,0.0,0.0,,,,,,,,36.04449,-86.78064,False,Crashes_2010_2019_MPO
102100031,2018-08-06,2018,,94.0,,,0,0,N,0.0,0.0,0.0,,,,,,,,35.97052,-86.80609,True,Crashes_2010_2019_MPO
100715808,2014-12-31,2014,,19.0,,,0,0,Y,0.0,0.0,1.0,,,,,,,,36.03473,-86.87335,False,Crashes_2010_2019_MPO
100964653,2015-09-21,2015,,94.0,,,0,0,N,0.0,0.0,0.0,,,,,,,,35.96482,-86.73135,True,Crashes_2010_2019_MPO
102565440,2019-11-11,2019,,94.0,,,0,0,N,0.0,0.0,0.0,,,,,,,,36.02698,-86.8288,True,Crashes_2010_2019_MPO
102346546,2019-03-31,2019,,94.0,,,0,0,N,0.0,0.0,0.0,,,,,,,,36.01286,-86.80081,True,Crashes_2010_2019_MPO
101077447,2016-01-14,2016,,19.0,,,0,0,N,0.0,0.0,0.0,,,,,,,,36.03067,-86.68023,False,Crashes_2010_2019_MPO
101438330,2016-11-12,2016,,19.0,,,0,0,N,0.0,0.0,0.0,,,,,,,,36.0473,-86.86274,False,Crashes_2010_2019_MPO
100750319,2015-02-18,2015,,94.0,,,0,0,N,0.0,0.0,0.0,,,,,,,,35.96386,-86.8004,True,Crashes_2010_2019_MPO
101572681,2017-03-03,2017,,94.0,,,0,0,N,0.0,0.0,0.0,,,,,,,,35.94778,-86.81994,False,Crashes_2010_2019_MPO
101328655,2016-08-15,2016,,94.0,,,0,0,N,0.0,0.0,0.0,,,,,,,,36.01501,-86.81342,True,Crashes_2010_2019_MPO
101973208,2018-04-10,2018,,94.0,,,0,0,N,0.0,0.0,0.0,,,,,,,,35.94275,-86.80981,False,Crashes_2010_2019_MPO
102312724,2019-02-22,2019,,94.0,,,0,0,N,0.0,0.0,0.0,,,,,,,,36.03473,-86.78793,True,Crashes_2010_2019_MPO
101942130,2018-03-12,2018,,94.0,,,0,0,N,0.0,0.0,0.0,,,,,,,,35.98958,-86.82907,False,Crashes_2010_2019_MPO
102384406,2019-05-09,2019,,19.0,,,0,0,N,0.0,0.0,0.0,,,,,,,,36.0522,-86.74309,False,Crashes_2010_2019_MPO
100701521,2014-12-04,2014,,94.0,,,0,0,N,0.0,0.0,0.0,,,,,,,,35.98462,-86.8012,True,Crashes_2010_2019_MPO
102381321,2019-05-05,2019,,19.0,,,0,0,N,0.0,0.0,0.0,,,,,,,,36.0453,-86.70168,False,Crashes_2010_2019_MPO
102111980,2018-08-16,2018,,94.0,,,0,0,N,0.0,0.0,0.0,,,,,,,,35.95524,-86.84497,False,Crashes_2010_2019_MPO
102551758,2019-10-28,2019,,19.0,,,0,0,N,0.0,0.0,0.0,,,,,,,,36.0453,-86.70168,False,Crashes_2010_2019_MPO
102160312,2018-09-28,2018,,94.0,,,0,0,N,0.0,0.0,0.0,,,,,,,,35.94658,-86.80864,False,Crashes_2010_2019_MPO