mstrrecnbr,collision_ts,year,county,countystat,crash,crash_type,fatalities,non_motorists,commercial,fatal_c,nonmotor_c,truck_c,fatalc,serious_injuries,ped,bike,lighting,weather,first_harmful_event,latitude,longitude,in_city,src_layer
101289308,2016-07-20,2016,,19.0,,,0,0,N,0.0,0.0,0.0,,,,,,,,36.04001,-86.74347,False,Crashes_2010_2019_MPO
101462469,2016-11-28,2016,,19.0,,,0,0,N,0.0,0.0,0.0,,,,,,,,36.03443,-86.7434,False,Crashes_2010_2019_MPO
100226831,2012-09-14,2012,,94.0,,,0,0,N,0.0,0.0,0.0,,,,,,,,35.96175,-86.80191,True,Crashes_2010_2019_MPO
101133943,2016-03-14,2016,,94.0,,,0,0,N,0.0,0.0,0.0,,,,,,,,35.96596,-86.81391,False,Crashes_2010_2019_MPO
100481780,2014-04-03,2014,,94.0,,,0,0,N,0.0,0.0,0.0,,,,,,,,35.92911,-86.83869,False,Crashes_2010_2019_MPO
101557959,2017-02-16,2017,,94.0,,,0,0,N,0.0,0.0,0.0,,,,,,,,35.94957,-86.81827,False,Crashes_2010_2019_MPO
101755801,2017-09-09,2017,,19.0,,,0,0,N,0.0,0.0,0.0,,,,,,,,36.04597,-86.68984,False,Crashes_2010_2019_MPO
101734847,2017-08-18,2017,,94.0,,,0,0,N,0.0,0.0,0.0,,,,,,,,35.96654,-86.80934,True,Crashes_2010_2019_MPO
101586744,2017-03-17,2017,,94.0,,,0,0,N,0.0,0.0,0.0,,,,,,,,35.9246,-86.8702,False,Crashes_2010_2019_MPO
101107005,2016-02-16,2016,,94.0,,,0,0,N,0.0,0.0,0.0,,,,,,,,35.96131,-86.80186,True,Crashes_2010_2019_MPO
100681839,2014-11-17,2014,,94.0,,,0,0,N,0.0,0.0,0.0,,,,,,,,35.93776,-86.87621,False,Crashes_2010_2019_MPO
100876740,2015-06-26,2015,,19.0,,,0,0,N,0.0,0.0,0.0,,,,,,,,36.0453,-86.71431,False,Crashes_2010_2019_MPO
100588181,2014-07-27,2014,,94.0,,,0,0,N,0.0,0.0,0.0,,,,,,,,35.9229,-86.82635,False,Crashes_2010_2019_MPO
102391116,2019-05-16,2019,,94.0,,,0,0,N,0.0,0.0,0.0,,,,,,,,35.95222,-86.81886,False,Crashes_2010_2019_MPO
102010325,2018-05-14,2018,,19.0,,,0,0,N,0.0,0.0,0.0,,,,,,,,36.04739,-86.7135,False,Crashes_2010_2019_MPO
102318419,2019-03-01,2019,,94.0,,,0,0,N,0.0,0.0,0.0,,,,,,,,35.94772,-86.81937,False,Crashes_2010_2019_MPO
100270734,2012-12-23,2012,,94.0,,,0,0,N,0.0,0.0,0.0,,,,,,,,35.9659,-86.80587,True,Crashes_2010_2019_MPO
100410700,2013-11-25,2013,,94.0,,,0,0,N,0.0,0.0,0.0,,,,,,,,35.94952,-86.81215,False,Crashes_2010_2019_MPO
102460091,2019-07-27,2019,,19.0,,,0,1,N,0.0,1.0,0.0,,,,,,,,36.04537,-86.71326,False,Crashes_2010_2019_MPO
100696719,2014-11-25,2014,,19.0,,,0,0,N,0.0,0.0,0.0,,,,,,,,36.04122,-86.82136,False,Crashes_2010_2019_MPO
101640776,2017-05-11,2017,,94.0,,,0,0,N,0.0,0.0,0.0,,,,,,,,36.01539,-86.78566,True,Crashes_2010_2019_MPO
102443328,2019-07-10,2019,,19.0,,,0,0,N,0.0,0.0,0.0,,,,,,,,36.03831,-86.78427,False,Crashes_2010_2019_MPO
100283802,2013-01-25,2013,,94.0,,,0,0,N,0.0,0.0,0.0,,,,,,,,36.03242,-86.78517,True,Crashes_2010_2019_MPO
102345432,2019-03-30,2019,,94.0,,,0,0,N,0.0,0.0,0.0,,,,,,,,35.96791,-86.81321,True,Crashes_2010_2019_MPO
100185587,2012-05-28,2012,,94.0,,,0,0,N,0.0,0.0,0.0,,,,,,,,35.98721,-86.81643,True,Crashes_2010_2019_MPO
100964043,2015-09-20,2015,,94.0,,,0,0,N,0.0,0.0,0.0,,,,,,,,35.99801,-86.80056,True,Crashes_2010_2019_MPO
102060634,2018-07-02,2018,,19.0,,,0,0,N,0.0,0.0,0.0,,,,,,,,36.03747,-86.79098,False,Crashes_2010_2019_MPO
102330000,2019-03-14,2019,,19.0,,,0,0,N,0.0,0.0,0.0,,,,,,,,36.03991,-86.74207,False,Crashes_2010_2019_MPO
100367354,2013-08-15,2013,,94.0,,,0,0,Y,0.0,0.0,1.0,,,,,,,,35.94466,-86.82142,False,Crashes_2010_2019_MPO
101390033,2016-09-26,2016,,94.0,,,0,0,N,0.0,0.0,0.0,,,,,,,,36.01377,-86.73828,False,Crashes_2010_2019_MPO
102202899,2018-11-07,2018,,94.0,,,0,0,N,0.0,0.0,0.0,,,,,,,,35.92642,-86.82143,False,Crashes_2010_2019_MPO
101184113,2016-04-28,2016,,94.0,,,0,0,Y,0.0,0.0,1.0,,,,,,,,35.97152,-86.80574,True,Crashes_2010_2019_MPO
101329878,2016-08-17,2016,,19.0,,,0,0,N,0.0,0.0,0.0,,,,,,,,36.04522,-86.71479,False,Crashes_2010_2019_MPO
100882225,2015-07-06,2015,,94.0,,,0,0,N,0.0,0.0,0.0,,,,,,,,35.96657,-86.81022,True,Crashes_2010_2019_MPO
102273504,2019-01-11,2019,,19.0,,,0,0,N,0.0,0.0,0.0,,,,,,,,36.04441,-86.78039,False,Crashes_2010_2019_MPO
100282461,2013-01-21,2013,,94.0,,,0,0,N,0.0,0.0,0.0,,,,,,,,35.98493,-86.80109,True,Crashes_2010_2019_MPO
102462635,2019-07-29,2019,,94.0,,,0,0,N,0.0,0.0,0.0,,,,,,,,35.97275,-86.83357,False,Crashes_2010_2019_MPO
100678804,2014-11-11,2014,,19.0,,,0,0,N,0.0,0.0,0.0,,,,,,,,36.04493,-86.69605,False,Crashes_2010_2019_MPO
102159975,2018-09-28,2018,,94.0,,,0,0,N,0.0,0.0,0.0,,,,,,,,35.95312,-86.81498,False,Crashes_2010_2019_MPO
100737034,2015-02-12,2015,,94.0,,,0,0,N,0.0,0.0,0.0,,,,,,,,36.036736,-86.80559,True,Crashes_2010_2019_MPO
100344843,2013-06-20,2013,,94.0,,,0,0,N,0.0,0.0,0.0,,,,,,,,35.98044,-86.7615,True,Crashes_2010_2019_MPO
102452264,2019-07-19,2019,,94.0,,,0,0,N,0.0,0.0,0.0,,,,,,,,35.96133,-86.81226,False,Crashes_2010_2019_MPO
102329864,2019-03-13,2019,,94.0,,,0,0,N,0.0,0.0,0.0,,,,,,,,35.94584,-86.82327,False,Crashes_2010_2019_MPO
101846144,2017-12-01,2017,,94.0,,,0,0,N,0.0,0.0,0.0,,,,,,,,35.96762,-86.81713,True,Crashes_2010_2019_MPO
101276349,2016-06-30,2016,,94.0,,,0,0,N,0.0,0.0,0.0,,,,,,,,35.95232,-86.818,False,Crashes_2010_2019_MPO
102491217,2019-08-28,2019,,94.0,,,0,0,N,0.0,0.0,0.0,,,,,,,,35.93191,-86.79441,False,Crashes_2010_2019_MPO
101287939,2016-07-18,2016,,94.0,,,0,0,N,0.0,0.0,0.0,,,,,,,,35.96663,-86.80999,True,Crashes_2010_2019_MPO
100829347,2015-04-30,2015,,94.0,,,0,0,N,0.0,0.0,0.0,,,,,,,,35.94422,-86.81975,False,Crashes_2010_2019_MPO
101698974,2017-07-11,2017,,19.0,,,0,0,N,0.0,0.0,0.0,,,,,,,,36.04516,-86.77905,False,Crashes_2010_2019_MPO
100995988,2015-10-25,2015,,94.0,,,0,0,N,0.0,0.0,0.0,,,,,,,,36.033769,-86.783968,True,Crashes_2010_2019_MPO
102236280,2018-12-05,2018,,19.0,,,0,0,N,0.0,0.0,0.0,,,,,,,,36.03851,-86.7834,False,Crashes_2010_2019_MPO
101971423,2018-03-04,2018,,19.0,,,0,0,N,0.0,0.0,0.0,,,,,,,,36.05209,-86.7152,False,Crashes_2010_2019_MPO
102517928,2019-09-23,2019,,94.0,,,0,0,N,0.0,0.0,0.0,,,,,,,,36.01371,-86.80524,True,Crashes_2010_2019_MPO
100964298,2015-09-21,2015,,19.0,,,0,0,N,0.0,0.0,0.0,,,,,,,,36.05186,-86.77516,False,Crashes_2010_2019_MPO
101279720,2016-07-05,2016,,94.0,,,0,0,N,0.0,0.0,0.0,,,,,,,,35.94639,-86.82285,False,Crashes_2010_2019_MPO
102295623,2019-02-03,2019,,94.0,,,0,0,N,0.0,0.0,0.0,,,,,,,,35.99466,-86.71955,True,Crashes_2010_2019_MPO
102444391,2019-07-11,2019,,94.0,,,0,0,N,0.0,0.0,0.0,,,,,,,,35.966672,-86.809259,True,Crashes_2010_2019_MPO
101471273,2016-12-08,2016,,94.0,,,0,0,N,0.0,0.0,0.0,,,,,,,,35.95216,-86.81861,False,Crashes_2010_2019_MPO
100822746,2015-04-23,2015,,94.0,,,0,0,N,0.0,0.0,0.0,,,,,,,,36.04399,-86.86555,True,Crashes_2010_2019_MPO
100798394,2015-03-27,2015,,19.0,,,0,0,N,0.0,0.0,0.0,,,,,,,,36.03242,-86.67974,False,Crashes_2010_2019_MPO
102343605,2019-03-25,2019,,94.0,,,0,0,N,0.0,0.0,0.0,,,,,,,,35.942,-86.82115,False,Crashes_2010_2019_MPO
100918600,2015-08-06,2015,,19.0,,,0,0,N,0.0,0.0,0.0,,,,,,,,36.04014,-86.78088,False,Crashes_2010_2019_MPO
101133533,2016-03-13,2016,,19.0,,,0,0,N,0.0,0.0,0.0,,,,,,,,36.03992,-86.74213,False,Crashes_2010_2019_MPO
100909444,2015-07-20,2015,,19.0,,,0,0,N,0.0,0.0,0.0,,,,,,,,36.04556,-86.71943,False,Crashes_2010_2019_MPO
102549235,2019-10-26,2019,,19.0,,,0,0,N,0.0,0.0,0.0,,,,,,,,36.01615,-86.68127,False,Crashes_2010_2019_MPO
102503717,2019-09-08,2019,,19.0,,,0,0,N,0.0,0.0,0.0,,,,,,,,36.04518,-86.82116,False,Crashes_2010_2019_MPO
100163004,2012-03-28,2012,,94.0,,,0,0,N,0.0,0.0,0.0,,,,,,,,36.03165,-86.87539,False,Crashes_2010_2019_MPO
102328962,2019-03-12,2019,,94.0,,,0,0,N,0.0,0.0,0.0,,,,,,,,35.99991,-86.7794,True,Crashes_2010_2019_MPO
100250191,2012-11-08,2012,,94.0,,,0,0,N,0.0,0.0,0.0,,,,,,,,35.96729,-86.81098,True,Crashes_2010_2019_MPO
101958021,2018-03-27,2018,,19.0,,,0,0,N,0.0,0.0,0.0,,,,,,,,36.03767,-86.78491,False,Crashes_2010_2019_MPO
101009568,2015-11-14,2015,,19.0,,,0,0,N,0.0,0.0,0.0,,,,,,,,36.04561,-86.71977,False,Crashes_2010_2019_MPO
101458208,2016-11-23,2016,,19.0,,,0,0,N,0.0,0.0,0.0,,,,,,,,36.042,-86.71795,False,Crashes_2010_2019_MPO
100948863,2015-09-11,2015,,94.0,,,0,0,N,0.0,0.0,0.0,,,,,,,,35.98428,-86.72386,True,Crashes_2010_2019_MPO
102216004,2018-11-13,2018,,94.0,,,0,0,N,0.0,0.0,0.0,,,,,,,,35.9638,-86.80842,False,Crashes_2010_2019_MPO
101601828,2017-04-03,2017,,19.0,,,0,0,N,0.0,0.0,0.0,,,,,,,,36.03847,-86.71299,False,Crashes_2010_2019_MPO
101462870,2016-11-29,2016,,94.0,,,0,0,N,0.0,0.0,0.0,,,,,,,,36.01471,-86.81117,True,Crashes_2010_2019_MPO
100725030,2015-01-20,2015,,94.0,,,0,0,N,0.0,0.0,0.0,,,,,,,,36.03336,-86.78872,True,Crashes_2010_2019_MPO
100545928,2014-06-01,2014,,94.0,,,0,0,N,0.0,0.0,0.0,,,,,,,,35.94674,-86.82388,False,Crashes_2010_2019_MPO
102608795,2019-12-27,2019,,94.0,,,0,0,N,0.0,0.0,0.0,,,,,,,,36.03319,-86.7876,True,Crashes_2010_2019_MPO
101065458,2015-12-23,2015,,94.0,,,0,0,N,0.0,0.0,0.0,,,,,,,,35.96654,-86.80936,True,Crashes_2010_2019_MPO
101074485,2016-01-09,2016,,19.0,,,0,0,N,0.0,0.0,0.0,,,,,,,,36.01826,-86.68436,False,Crashes_2010_2019_MPO
101602485,2017-04-03,2017,,19.0,,,0,0,N,0.0,0.0,0.0,,,,,,,,36.05035,-86.8754,False,Crashes_2010_2019_MPO
101748197,2017-09-01,2017,,94.0,,,0,0,N,0.0,0.0,0.0,,,,,,,,35.96655,-86.80932,True,Crashes_2010_2019_MPO
101161032,2016-04-02,2016,,94.0,,,0,0,Y,0.0,0.0,1.0,,,,,,,,35.99705,-86.79691,True,Crashes_2010_2019_MPO
102543836,2019-10-20,2019,,94.0,,,0,0,N,0.0,0.0,0.0,,,,,,,,35.93409,-86.81987,False,Crashes_2010_2019_MPO
100919338,2015-08-07,2015,,94.0,,,0,0,N,0.0,0.0,0.0,,,,,,,,35.96727,-86.81351,True,Crashes_2010_2019_MPO
100146825,2012-02-10,2012,,94.0,,,0,0,N,0.0,0.0,0.0,,,,,,,,35.99783,-86.7989,True,Crashes_2010_2019_MPO
101402803,2016-10-13,2016,,94.0,,,0,0,N,0.0,0.0,0.0,,,,,,,,35.93496,-86.77668,False,Crashes_2010_2019_MPO
102041027,2018-06-11,2018,,94.0,,,0,0,N,0.0,0.0,0.0,,,,,,,,35.95788,-86.80256,False,Crashes_2010_2019_MPO
101966949,2018-04-03,2018,,94.0,,,0,0,N,0.0,0.0,0.0,,,,,,,,35.96187,-86.8146,False,Crashes_2010_2019_MPO
102034563,2018-06-06,2018,,19.0,,,0,0,N,0.0,0.0,0.0,,,,,,,,36.04063,-86.75262,False,Crashes_2010_2019_MPO
102556431,2019-11-02,2019,,94.0,,,0,0,N,0.0,0.0,0.0,,,,,,,,35.97554,-86.83049,True,Crashes_2010_2019_MPO
101690735,2017-06-30,2017,,94.0,,,0,0,Y,0.0,0.0,1.0,,,,,,,,35.97103,-86.72644,True,Crashes_2010_2019_MPO
100243449,2012-10-23,2012,,94.0,,,1,0,N,1.0,0.0,0.0,,,,,,,,35.990269,-86.829178,False,Crashes_2010_2019_MPO
100875569,2015-06-24,2015,,94.0,,,0,0,N,0.0,0.0,0.0,,,,,,,,35.9811,-86.80266,True,Crashes_2010_2019_MPO
100699449,2014-12-01,2014,,94.0,,,0,0,N,0.0,0.0,0.0,,,,,,,,35.95036,-86.84888,False,Crashes_2010_2019_MPO
102014453,2018-05-18,2018,,94.0,,,0,0,N,0.0,0.0,0.0,,,,,,,,35.9583,-86.8023,False,Crashes_2010_2019_MPO
100381231,2013-09-20,2013,,94.0,,,0,0,N,0.0,0.0,0.0,,,,,,,,35.93394,-86.86139,False,Crashes_2010_2019_MPO
100738710,2015-02-17,2015,,94.0,,,0,0,N,0.0,0.0,0.0,,,,,,,,35.9359,-86.81811,False,Crashes_2010_2019_MPO
100417315,2013-12-10,2013,,94.0,,,0,0,N,0.0,0.0,0.0,,,,,,,,35.95979,-86.80981,False,Crashes_2010_2019_MPO
102397122,2019-05-23,2019,,19.0,,,0,0,N,0.0,0.0,0.0,,,,,,,,36.03216,-86.76472,False,Crashes_2010_2019_MPO
101955037,2018-03-24,2018,,94.0,,,0,0,Y,0.0,0.0,1.0,,,,,,,,36.03454,-86.78334,True,Crashes_2010_2019_MPO
101610361,2017-04-10,2017,,94.0,,,0,0,N,0.0,0.0,0.0,,,,,,,,36.00215,-86.80769,True,Crashes_2010_2019_MPO
101273433,2016-06-26,2016,,94.0,,,0,0,N,0.0,0.0,0.0,,,,,,,,35.99612,-86.7852,True,Crashes_2010_2019_MPO
10569912,2010-06-04,2010,,19.0,,,0,0, ,0.0,0.0,0.0,,,,,,,,36.049433,-86.713757,False,Crashes_2010_2019_MPO
102525101,2019-09-30,2019,,94.0,,,0,0,N,0.0,0.0,0.0,,,,,,,,35.93797,-86.82203,False,Crashes_2010_2019_MPO
102395251,2019-05-21,2019,,19.0,,,0,0,N,0.0,0.0,0.0,,,,,,,,36.03972,-86.75737,False,Crashes_2010_2019_MPO
102036968,2018-06-08,2018,,94.0,,,0,0,N,0.0,0.0,0.0,,,,,,,,35.96688,-86.81117,True,Crashes_2010_2019_MPO
100937274,2015-08-21,2015,,94.0,,,0,0,N,0.0,0.0,0.0,,,,,,,,35.98613,-86.73604,True,Crashes_2010_2019_MPO
100444348,2014-02-18,2014,,94.0,,,0,0,N,0.0,0.0,0.0,,,,,,,,35.93734,-86.87817,False,Crashes_2010_2019_MPO
101852426,2017-12-08,2017,,94.0,,,0,0,N,0.0,0.0,0.0,,,,,,,,35.97448,-86.83198,True,Crashes_2010_2019_MPO
100704281,2014-12-09,2014,,19.0,,,0,0,N,0.0,0.0,0.0,,,,,,,,36.04078,-86.77346,False,Crashes_2010_2019_MPO
102566704,2019-11-13,2019,,94.0,,,0,0,N,0.0,0.0,0.0,,,,,,,,35.92615,-86.86963,False,Crashes_2010_2019_MPO
100444712,2014-02-19,2014,,94.0,,,0,0,N,0.0,0.0,0.0,,,,,,,,35.94656,-86.83141,False,Crashes_2010_2019_MPO
101649115,2017-05-19,2017,,94.0,,,0,0,N,0.0,0.0,0.0,,,,,,,,35.93267,-86.86234,False,Crashes_2010_2019_MPO
102391129,2019-05-16,2019,,94.0,,,0,0,N,0.0,0.0,0.0,,,,,,,,35.94675,-86.85178,False,Crashes_2010_2019_MPO
100862209,2015-06-17,2015,,19.0,,,0,0,N,0.0,0.0,0.0,,,,,,,,36.04043,-86.78006,False,Crashes_2010_2019_MPO
100596999,2014-08-17,2014,,94.0,,,0,0,N,0.0,0.0,0.0,,,,,,,,35.97043,-86.72568,True,Crashes_2010_2019_MPO
101747367,2017-08-31,2017,,94.0,,,0,0,N,0.0,0.0,0.0,,,,,,,,35.92561,-86.87286,False,Crashes_2010_2019_MPO
102461167,2019-07-21,2019,,94.0,,,0,0,N,0.0,0.0,0.0,,,,,,,,35.99121,-86.6832,False,Crashes_2010_2019_MPO
100398126,2013-10-30,2013,,94.0,,,0,0,N,0.0,0.0,0.0,,,,,,,,35.97332,-86.83308,True,Crashes_2010_2019_MPO
101047303,2015-12-11,2015,,94.0,,,0,0,N,0.0,0.0,0.0,,,,,,,,35.93812,-86.82194,False,Crashes_2010_2019_MPO
100239842,2012-10-18,2012,,94.0,,,0,0,Y,0.0,0.0,1.0,,,,,,,,35.99451,-86.7671,True,Crashes_2010_2019_MPO
101764241,2017-09-15,2017,,94.0,,,0,0,N,0.0,0.0,0.0,,,,,,,,35.99781,-86.79886,True,Crashes_2010_2019_MPO
102587155,2019-12-03,2019,,94.0,,,0,0,N,0.0,0.0,0.0,,,,,,,,35.934,-86.81878,False,Crashes_2010_2019_MPO
100750198,2015-02-20,2015,,19.0,,,0,0,N,0.0,0.0,0.0,,,,,,,,36.05353,-86.73568,False,Crashes_2010_2019_MPO
100499582,2014-04-22,2014,,94.0,,,0,0,N,0.0,0.0,0.0,,,,,,,,35.92836,-86.83266,False,Crashes_2010_2019_MPO
100399108,2013-11-01,2013,,94.0,,,0,0,N,0.0,0.0,0.0,,,,,,,,35.93961,-86.82141,False,Crashes_2010_2019_MPO
100798381,2015-03-26,2015,,19.0,,,0,0,N,0.0,0.0,0.0,,,,,,,,36.03262,-86.76939,False,Crashes_2010_2019_MPO
101104712,2016-02-12,2016,,19.0,,,0,0,N,0.0,0.0,0.0,,,,,,,,35.99827,-86.69188,False,Crashes_2010_2019_MPO
101647924,2017-05-16,2017,,94.0,,,0,0,N,0.0,0.0,0.0,,,,,,,,35.96681,-86.81119,True,Crashes_2010_2019_MPO
100725507,2015-01-21,2015,,19.0,,,0,0,N,0.0,0.0,0.0,,,,,,,,36.03894,-86.7825,False,Crashes_2010_2019_MPO
101043580,2015-12-05,2015,,19.0,,,0,0,N,0.0,0.0,0.0,,,,,,,,36.04363,-86.69278,False,Crashes_2010_2019_MPO
101345283,2016-08-24,2016,,94.0,,,0,0,N,0.0,0.0,0.0,,,,,,,,35.98291,-86.82036,True,Crashes_2010_2019_MPO
100750916,2015-02-21,2015,,19.0,,,0,0,N,0.0,0.0,0.0,,,,,,,,36.01518,-86.74042,False,Crashes_2010_2019_MPO
100584641,2014-07-18,2014,,94.0,,,0,0,N,0.0,0.0,0.0,,,,,,,,36.03568,-86.79096,True,Crashes_2010_2019_MPO
102324739,2019-03-08,2019,,94.0,,,0,0,N,0.0,0.0,0.0,,,,,,,,35.97878,-86.75282,True,Crashes_2010_2019_MPO
101878300,2018-01-04,2018,,94.0,,,0,0,N,0.0,0.0,0.0,,,,,,,,35.93418,-86.81871,False,Crashes_2010_2019_MPO
100573343,2014-07-15,2014,,19.0,,,0,0,N,0.0,0.0,0.0,,,,,,,,36.02431,-86.74239,False,Crashes_2010_2019_MPO
101582339,2017-03-13,2017,,19.0,,,0,0,N,0.0,0.0,0.0,,,,,,,,36.03869,-86.77824,False,Crashes_2010_2019_MPO
100819125,2015-04-16,2015,,19.0,,,0,0,N,0.0,0.0,0.0,,,,,,,,36.04001,-86.74349,False,Crashes_2010_2019_MPO
101843341,2017-11-28,2017,,94.0,,,0,0,N,0.0,0.0,0.0,,,,,,,,35.99758,-86.79681,True,Crashes_2010_2019_MPO
100657784,2014-10-23,2014,,94.0,,,0,0,N,0.0,0.0,0.0,,,,,,,,35.93784,-86.81745,False,Crashes_2010_2019_MPO
102316174,2019-02-26,2019,,19.0,,,0,0,N,0.0,0.0,0.0,,,,,,,,36.03919,-86.78277,False,Crashes_2010_2019_MPO
102348077,2019-04-02,2019,,94.0,,,0,0,N,0.0,0.0,0.0,,,,,,,,35.93191,-86.79441,False,Crashes_2010_2019_MPO
102244389,2018-12-12,2018,,94.0,,,0,0,N,0.0,0.0,0.0,,,,,,,,35.99701,-86.69008,False,Crashes_2010_2019_MPO
101671651,2017-06-12,2017,,94.0,,,0,0,N,0.0,0.0,0.0,,,,,,,,35.95564,-86.82938,False,Crashes_2010_2019_MPO
101044255,2015-12-06,2015,,19.0,,,0,0,N,0.0,0.0,0.0,,,,,,,,36.0473,-86.86274,False,Crashes_2010_2019_MPO
102018383,2018-05-22,2018,,19.0,,,0,0,N,0.0,0.0,0.0,,,,,,,,36.04028,-86.76837,False,Crashes_2010_2019_MPO
102578852,2019-11-25,2019,,94.0,,,0,0,N,0.0,0.0,0.0,,,,,,,,35.95773,-86.80234,False,Crashes_2010_2019_MPO
101909996,2018-02-08,2018,,19.0,,,0,0,N,0.0,0.0,0.0,,,,,,,,36.04224,-86.72034,False,Crashes_2010_2019_MPO
101711123,2017-07-25,2017,,94.0,,,0,0,N,0.0,0.0,0.0,,,,,,,,36.03689,-86.81684,True,Crashes_2010_2019_MPO
101842669,2017-11-28,2017,,94.0,,,0,0,N,0.0,0.0,0.0,,,,,,,,35.94711,-86.82114,False,Crashes_2010_2019_MPO
101238897,2016-06-04,2016,,94.0,,,0,0,N,0.0,0.0,0.0,,,,,,,,36.03488,-86.78307,True,Crashes_2010_2019_MPO
102146803,2018-09-15,2018,,94.0,,,0,0,N,0.0,0.0,0.0,,,,,,,,35.92587,-86.82497,False,Crashes_2010_2019_MPO
101766312,2017-09-20,2017,,94.0,,,0,0,N,0.0,0.0,0.0,,,,,,,,36.03473,-86.78793,True,Crashes_2010_2019_MPO
100353454,2013-07-11,2013,,94.0,,,0,0,N,0.0,0.0,0.0,,,,,,,,35.94951,-86.81931,False,Crashes_2010_2019_MPO
100723202,2015-01-16,2015,,19.0,,,0,0,N,0.0,0.0,0.0,,,,,,,,36.04701,-86.86298,False,Crashes_2010_2019_MPO
101489611,2016-12-28,2016,,94.0,,,0,0,N,0.0,0.0,0.0,,,,,,,,35.9264,-86.8244,False,Crashes_2010_2019_MPO
101990272,2018-04-26,2018,,19.0,,,0,0,N,0.0,0.0,0.0,,,,,,,,36.04071,-86.77218,False,Crashes_2010_2019_MPO
100693607,2014-11-20,2014,,19.0,,,0,0,N,0.0,0.0,0.0,,,,,,,,36.04568,-86.85515,False,Crashes_2010_2019_MPO
102189683,2018-10-25,2018,,94.0,,,0,0,N,0.0,0.0,0.0,,,,,,,,35.92957,-86.84246,False,Crashes_2010_2019_MPO
100658624,2014-10-24,2014,,94.0,,,0,0,N,0.0,0.0,0.0,,,,,,,,36.02492,-86.819,True,Crashes_2010_2019_MPO
101153900,2016-03-30,2016,,94.0,,,0,0,N,0.0,0.0,0.0,,,,,,,,35.94985,-86.75872,True,Crashes_2010_2019_MPO
100639425,2014-10-06,2014,,94.0,,,0,0,N,0.0,0.0,0.0,,,,,,,,35.95232,-86.82783,False,Crashes_2010_2019_MPO
101739622,2017-08-23,2017,,94.0,,,0,0,N,0.0,0.0,0.0,,,,,,,,35.94784,-86.81122,False,Crashes_2010_2019_MPO
100300734,2013-03-07,2013,,94.0,,,0,0,N,0.0,0.0,0.0,,,,,,,,35.93546,-86.82377,False,Crashes_2010_2019_MPO
102030278,2018-06-01,2018,,94.0,,,0,0,N,0.0,0.0,0.0,,,,,,,,35.94475,-86.82827,False,Crashes_2010_2019_MPO
102242775,2018-12-11,2018,,94.0,,,0,0,N,0.0,0.0,0.0,,,,,,,,35.98545,-86.80092,True,Crashes_2010_2019_MPO
102033564,2018-06-05,2018,,94.0,,,0,0,N,0.0,0.0,0.0,,,,,,,,35.96571,-86.807563,False,Crashes_2010_2019_MPO
100970381,2015-09-30,2015,,94.0,,,0,0,N,0.0,0.0,0.0,,,,,,,,35.94536,-86.87621,False,Crashes_2010_2019_MPO
101074067,2016-01-08,2016,,94.0,,,0,0,N,0.0,0.0,0.0,,,,,,,,35.9497,-86.80716,False,Crashes_2010_2019_MPO
102331680,2019-03-15,2019,,94.0,,,0,0,N,0.0,0.0,0.0,,,,,,,,35.9583,-86.8023,False,Crashes_2010_2019_MPO
100393751,2013-10-18,2013,,94.0,,,0,0,N,0.0,0.0,0.0,,,,,,,,35.92893,-86.74811,False,Crashes_2010_2019_MPO
102255392,2018-12-19,2018,,94.0,,,0,0,N,0.0,0.0,0.0,,,,,,,,35.97776,-86.80359,True,Crashes_2010_2019_MPO
101435480,2016-11-09,2016,,94.0,,,0,0,N,0.0,0.0,0.0,,,,,,,,35.98988,-86.74396,True,Crashes_2010_2019_MPO
101618777,2017-04-18,2017,,94.0,,,0,0,N,0.0,0.0,0.0,,,,,,,,35.99751,-86.79674,True,Crashes_2010_2019_MPO
101974238,2018-04-11,2018,,19.0,,,0,0,N,0.0,0.0,0.0,,,,,,,,36.04547,-86.71223,False,Crashes_2010_2019_MPO
102368015,2019-04-21,2019,,19.0,,,0,0,N,0.0,0.0,0.0,,,,,,,,36.04458,-86.72511,False,Crashes_2010_2019_MPO
102030249,2018-05-31,2018,,94.0,,,0,0,N,0.0,0.0,0.0,,,,,,,,36.01568,-86.84598,True,Crashes_2010_2019_MPO
102139848,2018-09-08,2018,,94.0,,,0,0,N,0.0,0.0,0.0,,,,,,,,35.97924,-86.80307,True,Crashes_2010_2019_MPO
100550313,2014-06-12,2014,,94.0,,,0,0,N,0.0,0.0,0.0,,,,,,,,35.94677,-86.85185,False,Crashes_2010_2019_MPO
100338551,2013-06-06,2013,,94.0,,,0,0,N,0.0,0.0,0.0,,,,,,,,35.93691,-86.69268,False,Crashes_2010_2019_MPO
102173078,2018-10-10,2018,,94.0,,,0,0,N,0.0,0.0,0.0,,,,,,,,36.03473,-86.78793,True,Crashes_2010_2019_MPO
101423513,2016-10-26,2016,,94.0,,,0,0,N,0.0,0.0,0.0,,,,,,,,35.94626,-86.80832,False,Crashes_2010_2019_MPO
102019514,2018-05-23,2018,,94.0,,,0,0,N,0.0,0.0,0.0,,,,,,,,36.03452,-86.78556,True,Crashes_2010_2019_MPO
101851491,2017-12-04,2017,,94.0,,,0,0,N,0.0,0.0,0.0,,,,,,,,35.93198,-86.79474,False,Crashes_2010_2019_MPO
101746617,2017-08-27,2017,,94.0,,,0,0,N,0.0,0.0,0.0,,,,,,,,35.95788,-86.76924,True,Crashes_2010_2019_MPO
102180008,2018-10-17,2018,,19.0,,,0,0,N,0.0,0.0,0.0,,,,,,,,36.04655,-86.67803,False,Crashes_2010_2019_MPO
100703333,2014-12-08,2014,,19.0,,,0,0,N,0.0,0.0,0.0,,,,,,,,36.04136,-86.77777,False,Crashes_2010_2019_MPO
100486916,2014-04-14,2014,,94.0,,,0,0,N,0.0,0.0,0.0,,,,,,,,35.93561,-86.82388,False,Crashes_2010_2019_MPO