mstrrecnbr,collision_ts,year,county,countystat,crash,crash_type,fatalities,non_motorists,commercial,fatal_c,nonmotor_c,truck_c,fatalc,serious_injuries,ped,bike,lighting,weather,first_harmful_event,latitude,longitude,in_city,src_layer
102280816,2019-01-17,2019,,19.0,,,0,0,N,0.0,0.0,0.0,,,,,,,,36.0408,-86.77308,False,Crashes_2010_2019_MPO
102022223,2018-05-25,2018,,19.0,,,0,0,N,0.0,0.0,0.0,,,,,,,,36.04259,-86.71295,False,Crashes_2010_2019_MPO
101962328,2018-03-31,2018,,19.0,,,0,0,N,0.0,0.0,0.0,,,,,,,,36.04489,-86.7132,False,Crashes_2010_2019_MPO
102244325,2018-12-11,2018,,94.0,,,0,0,N,0.0,0.0,0.0,,,,,,,,36.01764,-86.7863,True,Crashes_2010_2019_MPO
101163510,2016-04-13,2016,,19.0,,,0,0,N,0.0,0.0,0.0,,,,,,,,36.0352,-86.78304,False,Crashes_2010_2019_MPO
101730732,2017-08-14,2017,,94.0,,,0,0,N,0.0,0.0,0.0,,,,,,,,36.0279,-86.78843,True,Crashes_2010_2019_MPO
102423379,2019-06-19,2019,,19.0,,,0,0,N,0.0,0.0,0.0,,,,,,,,36.03926,-86.74342,False,Crashes_2010_2019_MPO
101582484,2017-03-13,2017,,94.0,,,0,0,N,0.0,0.0,0.0,,,,,,,,35.93112,-86.86349,False,Crashes_2010_2019_MPO
102232512,2018-12-02,2018,,19.0,,,0,0,N,0.0,0.0,0.0,,,,,,,,36.04554,-86.86422,False,Crashes_2010_2019_MPO
101909602,2018-02-07,2018,,19.0,,,0,0,N,0.0,0.0,0.0,,,,,,,,36.04752,-86.86255,False,Crashes_2010_2019_MPO
101957235,2018-03-27,2018,,19.0,,,0,0,N,0.0,0.0,0.0,,,,,,,,36.03983,-86.78107,False,Crashes_2010_2019_MPO
101286628,2016-07-15,2016,,19.0,,,0,0,N,0.0,0.0,0.0,,,,,,,,36.0404,-86.7694,False,Crashes_2010_2019_MPO
102484856,2019-08-22,2019,,94.0,,,0,0,N,0.0,0.0,0.0,,,,,,,,35.96488,-86.7931,True,Crashes_2010_2019_MPO
101452253,2016-11-17,2016,,94.0,,,0,0,N,0.0,0.0,0.0,,,,,,,,36.03551,-86.78748,True,Crashes_2010_2019_MPO
101817059,2017-11-06,2017,,94.0,,,0,0,N,0.0,0.0,0.0,,,,,,,,35.94612,-86.82346,False,Crashes_2010_2019_MPO
102459759,2019-07-27,2019,,94.0,,,0,0,N,0.0,0.0,0.0,,,,,,,,35.93191,-86.794,False,Crashes_2010_2019_MPO
100682704,2014-11-18,2014,,94.0,,,0,0,N,0.0,0.0,0.0,,,,,,,,35.9665,-86.80968,True,Crashes_2010_2019_MPO
100875598,2015-06-24,2015,,94.0,,,0,0,N,0.0,0.0,0.0,,,,,,,,35.98477,-86.80139,True,Crashes_2010_2019_MPO
100608886,2014-08-22,2014,,94.0,,,0,0,N,0.0,0.0,0.0,,,,,,,,36.0332,-86.78237,True,Crashes_2010_2019_MPO
101659727,2017-05-30,2017,,94.0,,,0,0,N,0.0,0.0,0.0,,,,,,,,35.95051,-86.76622,True,Crashes_2010_2019_MPO
101697630,2017-07-10,2017,,19.0,,,0,0,N,0.0,0.0,0.0,,,,,,,,36.05403,-86.68318,False,Crashes_2010_2019_MPO
102488779,2019-08-25,2019,,94.0,,,0,0,N,0.0,0.0,0.0,,,,,,,,35.96162,-86.73823,True,Crashes_2010_2019_MPO
900084425,2010-02-24,2010,,94.0,,,0,0, ,0.0,0.0,0.0,,,,,,,,35.938915,-86.817017,False,Crashes_2010_2019_MPO
101762245,2017-09-15,2017,,19.0,,,0,0,N,0.0,0.0,0.0,,,,,,,,36.04128,-86.82205,False,Crashes_2010_2019_MPO
100694022,2014-11-19,2014,,94.0,,,0,0,N,0.0,0.0,0.0,,,,,,,,35.96708,-86.81356,True,Crashes_2010_2019_MPO
100836386,2015-05-18,2015,,94.0,,,0,0,N,0.0,0.0,0.0,,,,,,,,35.94664,-86.82234,False,Crashes_2010_2019_MPO
102539475,2019-10-16,2019,,94.0,,,0,0,N,0.0,0.0,0.0,,,,,,,,35.99773,-86.79811,True,Crashes_2010_2019_MPO
102314613,2019-02-25,2019,,94.0,,,0,0,N,0.0,0.0,0.0,,,,,,,,35.95029,-86.7637,True,Crashes_2010_2019_MPO
101120357,2016-02-22,2016,,94.0,,,0,0,N,0.0,0.0,0.0,,,,,,,,35.95556,-86.75847,True,Crashes_2010_2019_MPO
101331078,2016-08-19,2016,,94.0,,,0,0,N,0.0,0.0,0.0,,,,,,,,36.03321,-86.78176,True,Crashes_2010_2019_MPO
102086023,2018-07-25,2018,,94.0,,,0,0,N,0.0,0.0,0.0,,,,,,,,35.97776,-86.80359,True,Crashes_2010_2019_MPO
100597607,2014-08-14,2014,,94.0,,,0,0,N,0.0,0.0,0.0,,,,,,,,35.94773,-86.83668,False,Crashes_2010_2019_MPO
101971774,2018-04-09,2018,,19.0,,,0,0,N,0.0,0.0,0.0,,,,,,,,36.0409,-86.77938,False,Crashes_2010_2019_MPO
100993831,2015-10-22,2015,,94.0,,,0,0,N,0.0,0.0,0.0,,,,,,,,35.92265,-86.87242,False,Crashes_2010_2019_MPO
102188098,2018-10-24,2018,,19.0,,,0,0,N,0.0,0.0,0.0,,,,,,,,36.04327,-86.6893,False,Crashes_2010_2019_MPO
101783056,2017-10-02,2017,,94.0,,,0,0,N,0.0,0.0,0.0,,,,,,,,35.97715,-86.67813,False,Crashes_2010_2019_MPO
101427098,2016-10-30,2016,,94.0,,,0,0,Y,0.0,0.0,1.0,,,,,,,,35.95526,-86.82588,False,Crashes_2010_2019_MPO
102101963,2018-08-08,2018,,94.0,,,0,0,N,0.0,0.0,0.0,,,,,,,,35.94793,-86.81927,False,Crashes_2010_2019_MPO
100941026,2015-08-28,2015,,94.0,,,0,0,N,0.0,0.0,0.0,,,,,,,,36.03599,-86.7872,True,Crashes_2010_2019_MPO
101366080,2016-09-21,2016,,94.0,,,0,0,N,0.0,0.0,0.0,,,,,,,,35.99517,-86.77528,True,Crashes_2010_2019_MPO
100632097,2014-09-21,2014,,94.0,,,0,0,N,0.0,0.0,0.0,,,,,,,,35.95839,-86.84244,False,Crashes_2010_2019_MPO
10581132,2010-01-28,2010,,19.0,,,0,0, ,0.0,0.0,0.0,,,,,,,,36.045866,-86.710861,False,Crashes_2010_2019_MPO
101544591,2017-02-03,2017,,94.0,,,0,0,N,0.0,0.0,0.0,,,,,,,,35.95052,-86.87063,False,Crashes_2010_2019_MPO
101133273,2016-03-12,2016,,19.0,,,0,0,N,0.0,0.0,0.0,,,,,,,,36.0378,-86.78461,False,Crashes_2010_2019_MPO
100297365,2013-02-26,2013,,94.0,,,0,0,N,0.0,0.0,0.0,,,,,,,,35.95101,-86.80782,False,Crashes_2010_2019_MPO
101804304,2017-10-26,2017,,94.0,,,0,0,N,0.0,0.0,0.0,,,,,,,,35.96645,-86.81376,False,Crashes_2010_2019_MPO
101035331,2015-11-23,2015,,94.0,,,0,0,N,0.0,0.0,0.0,,,,,,,,35.96716,-86.81351,True,Crashes_2010_2019_MPO
101274062,2016-06-27,2016,,94.0,,,0,0,N,0.0,0.0,0.0,,,,,,,,35.93175,-86.79074,False,Crashes_2010_2019_MPO
101387601,2016-09-22,2016,,94.0,,,0,0,N,0.0,0.0,0.0,,,,,,,,35.98883,-86.70458,True,Crashes_2010_2019_MPO
102289642,2019-01-24,2019,,94.0,,,0,0,Y,0.0,0.0,1.0,,,,,,,,35.95905,-86.82105,False,Crashes_2010_2019_MPO
101707439,2017-07-21,2017,,94.0,,,0,0,N,0.0,0.0,0.0,,,,,,,,36.01286,-86.80081,True,Crashes_2010_2019_MPO
100365463,2013-08-11,2013,,94.0,,,0,0,N,0.0,0.0,0.0,,,,,,,,35.92988,-86.82023,False,Crashes_2010_2019_MPO
101193456,2016-05-12,2016,,19.0,,,0,0,N,0.0,0.0,0.0,,,,,,,,36.02177,-86.69904,False,Crashes_2010_2019_MPO
102091044,2018-07-29,2018,,94.0,,,0,0,N,0.0,0.0,0.0,,,,,,,,35.96046,-86.75321,True,Crashes_2010_2019_MPO
102189653,2018-10-25,2018,,94.0,,,0,0,N,0.0,0.0,0.0,,,,,,,,35.9785,-86.67819,False,Crashes_2010_2019_MPO
102191951,2018-10-24,2018,,94.0,,,0,0,N,0.0,0.0,0.0,,,,,,,,36.01689,-86.78609,True,Crashes_2010_2019_MPO
100948912,2015-09-10,2015,,19.0,,,0,0,N,0.0,0.0,0.0,,,,,,,,36.03901,-86.74342,False,Crashes_2010_2019_MPO
100909870,2015-07-21,2015,,19.0,,,0,0,N,0.0,0.0,0.0,,,,,,,,36.03053,-86.76269,False,Crashes_2010_2019_MPO
101634448,2017-05-04,2017,,94.0,,,0,0,N,0.0,0.0,0.0,,,,,,,,35.95718,-86.81468,False,Crashes_2010_2019_MPO
100507187,2014-05-10,2014,,94.0,,,0,1,N,0.0,1.0,0.0,,,,,,,,35.96498,-86.80252,True,Crashes_2010_2019_MPO
101903381,2018-02-01,2018,,94.0,,,0,0,N,0.0,0.0,0.0,,,,,,,,35.93185,-86.81952,False,Crashes_2010_2019_MPO
100736251,2015-02-12,2015,,94.0,,,0,0,N,0.0,0.0,0.0,,,,,,,,36.01413,-86.7853,True,Crashes_2010_2019_MPO
101360789,2016-09-13,2016,,94.0,,,0,0,N,0.0,0.0,0.0,,,,,,,,35.95939,-86.80186,False,Crashes_2010_2019_MPO
100994537,2015-10-23,2015,,94.0,,,0,0,N,0.0,0.0,0.0,,,,,,,,35.98227,-86.70739,True,Crashes_2010_2019_MPO
101037790,2015-11-27,2015,,19.0,,,0,0,N,0.0,0.0,0.0,,,,,,,,36.0398,-86.78243,False,Crashes_2010_2019_MPO
102194145,2018-10-29,2018,,19.0,,,0,0,N,0.0,0.0,0.0,,,,,,,,36.01103,-86.70265,False,Crashes_2010_2019_MPO
100999616,2015-10-30,2015,,94.0,,,0,0,N,0.0,0.0,0.0,,,,,,,,35.96896,-86.80982,True,Crashes_2010_2019_MPO
100728806,2015-01-28,2015,,19.0,,,0,0,N,0.0,0.0,0.0,,,,,,,,36.03735,-86.78656,False,Crashes_2010_2019_MPO
101080176,2016-01-19,2016,,94.0,,,0,0,N,0.0,0.0,0.0,,,,,,,,35.93459,-86.81994,False,Crashes_2010_2019_MPO
100632195,2014-09-22,2014,,94.0,,,0,0,N,0.0,0.0,0.0,,,,,,,,35.97471,-86.83613,False,Crashes_2010_2019_MPO
102586176,2019-12-02,2019,,94.0,,,0,0,N,0.0,0.0,0.0,,,,,,,,35.94752,-86.80798,False,Crashes_2010_2019_MPO
100702533,2014-12-05,2014,,94.0,,,0,0,N,0.0,0.0,0.0,,,,,,,,35.93421,-86.82096,False,Crashes_2010_2019_MPO
100287603,2012-12-08,2012,,94.0,,,0,0,N,0.0,0.0,0.0,,,,,,,,36.01286,-86.83346,True,Crashes_2010_2019_MPO
100169824,2012-04-16,2012,,94.0,,,0,0,N,0.0,0.0,0.0,,,,,,,,35.96601,-86.77919,True,Crashes_2010_2019_MPO
101105808,2016-02-14,2016,,19.0,,,0,0,N,0.0,0.0,0.0,,,,,,,,36.04794,-86.73098,False,Crashes_2010_2019_MPO
100997208,2015-10-27,2015,,19.0,,,0,0,N,0.0,0.0,0.0,,,,,,,,36.02434,-86.74256,False,Crashes_2010_2019_MPO
102073657,2018-07-13,2018,,19.0,,,0,0,Y,0.0,0.0,1.0,,,,,,,,36.02907,-86.78403,True,Crashes_2010_2019_MPO
100880128,2015-06-26,2015,,94.0,,,0,0,Y,0.0,0.0,1.0,,,,,,,,35.92834,-86.75952,False,Crashes_2010_2019_MPO
101568156,2017-02-27,2017,,94.0,,,0,0,N,0.0,0.0,0.0,,,,,,,,36.01895,-86.82082,True,Crashes_2010_2019_MPO
101400631,2016-10-10,2016,,19.0,,,0,0,N,0.0,0.0,0.0,,,,,,,,36.04082,-86.77329,False,Crashes_2010_2019_MPO
102174261,2018-10-09,2018,,94.0,,,0,0,N,0.0,0.0,0.0,,,,,,,,35.92565,-86.86766,False,Crashes_2010_2019_MPO
101474409,2016-12-12,2016,,19.0,,,0,0,N,0.0,0.0,0.0,,,,,,,,36.01472,-86.72616,False,Crashes_2010_2019_MPO
100641876,2014-10-11,2014,,94.0,,,0,0,N,0.0,0.0,0.0,,,,,,,,36.03315,-86.79955,True,Crashes_2010_2019_MPO
101923697,2018-02-19,2018,,94.0,,,0,0,N,0.0,0.0,0.0,,,,,,,,35.93495,-86.82163,False,Crashes_2010_2019_MPO
101467502,2016-12-04,2016,,19.0,,,0,0,N,0.0,0.0,0.0,,,,,,,,36.03847,-86.78345,False,Crashes_2010_2019_MPO
101096910,2016-01-29,2016,,94.0,,,0,0,N,0.0,0.0,0.0,,,,,,,,35.93476,-86.82098,False,Crashes_2010_2019_MPO
101099020,2016-02-03,2016,,94.0,,,0,0,N,0.0,0.0,0.0,,,,,,,,35.97437,-86.83551,False,Crashes_2010_2019_MPO
101856692,2017-12-12,2017,,19.0,,,0,0,N,0.0,0.0,0.0,,,,,,,,36.02261,-86.71228,False,Crashes_2010_2019_MPO
101609475,2017-04-09,2017,,94.0,,,0,0,N,0.0,0.0,0.0,,,,,,,,35.92738,-86.8687,False,Crashes_2010_2019_MPO
101050065,2015-12-15,2015,,19.0,,,0,0,N,0.0,0.0,0.0,,,,,,,,36.0417,-86.74862,False,Crashes_2010_2019_MPO
101189619,2016-05-07,2016,,94.0,,,0,0,N,0.0,0.0,0.0,,,,,,,,35.94114,-86.83623,False,Crashes_2010_2019_MPO
101242248,2016-06-09,2016,,94.0,,,0,0,N,0.0,0.0,0.0,,,,,,,,35.94812,-86.6802,False,Crashes_2010_2019_MPO
101827108,2017-11-16,2017,,19.0,,,0,0,N,0.0,0.0,0.0,,,,,,,,36.05251,-86.68455,False,Crashes_2010_2019_MPO
102564052,2019-11-10,2019,,94.0,,,0,0,N,0.0,0.0,0.0,,,,,,,,35.98858,-86.79412,True,Crashes_2010_2019_MPO
102375914,2019-04-30,2019,,94.0,,,0,0,N,0.0,0.0,0.0,,,,,,,,35.93058,-86.69544,False,Crashes_2010_2019_MPO
100751846,2015-02-20,2015,,94.0,,,0,0,N,0.0,0.0,0.0,,,,,,,,35.94428,-86.81993,False,Crashes_2010_2019_MPO
100963873,2015-09-17,2015,,94.0,,,0,0,N,0.0,0.0,0.0,,,,,,,,35.99447,-86.80801,True,Crashes_2010_2019_MPO
101979765,2018-04-16,2018,,94.0,,,0,0,N,0.0,0.0,0.0,,,,,,,,35.965828,-86.805717,True,Crashes_2010_2019_MPO
102481814,2019-08-19,2019,,94.0,,,0,0,N,0.0,0.0,0.0,,,,,,,,36.01978,-86.74213,False,Crashes_2010_2019_MPO
101948751,2018-03-18,2018,,94.0,,,0,0,N,0.0,0.0,0.0,,,,,,,,35.93322,-86.81427,False,Crashes_2010_2019_MPO
102401700,2019-05-27,2019,,19.0,,,0,0,N,0.0,0.0,0.0,,,,,,,,36.03968,-86.76188,False,Crashes_2010_2019_MPO
101164542,2016-04-15,2016,,19.0,,,0,0,N,0.0,0.0,0.0,,,,,,,,36.03971,-86.76279,False,Crashes_2010_2019_MPO
102306113,2019-02-14,2019,,19.0,,,0,0,N,0.0,0.0,0.0,,,,,,,,36.02655,-86.71289,False,Crashes_2010_2019_MPO
102462271,2019-07-30,2019,,19.0,,,0,0,N,0.0,0.0,0.0,,,,,,,,36.03256,-86.7687,False,Crashes_2010_2019_MPO
101792759,2017-10-15,2017,,19.0,,,0,0,N,0.0,0.0,0.0,,,,,,,,36.04001,-86.74347,False,Crashes_2010_2019_MPO
101159991,2016-04-08,2016,,94.0,,,0,0,N,0.0,0.0,0.0,,,,,,,,35.966694,-86.809126,True,Crashes_2010_2019_MPO
102450257,2019-07-17,2019,,94.0,,,0,0,N,0.0,0.0,0.0,,,,,,,,35.94778,-86.81994,False,Crashes_2010_2019_MPO
102394257,2019-05-20,2019,,94.0,,,0,0,N,0.0,0.0,0.0,,,,,,,,35.93374,-86.81767,False,Crashes_2010_2019_MPO
102187575,2018-10-24,2018,,19.0,,,0,0,N,0.0,0.0,0.0,,,,,,,,36.03934,-86.73665,False,Crashes_2010_2019_MPO
101436031,2016-11-09,2016,,94.0,,,0,0,N,0.0,0.0,0.0,,,,,,,,35.94714,-86.82161,False,Crashes_2010_2019_MPO
100944565,2015-09-04,2015,,19.0,,,0,0,N,0.0,0.0,0.0,,,,,,,,36.03241,-86.73827,False,Crashes_2010_2019_MPO
102193531,2018-10-29,2018,,19.0,,,0,0,N,0.0,0.0,0.0,,,,,,,,36.04547,-86.70422,False,Crashes_2010_2019_MPO
102242918,2018-11-30,2018,,94.0,,,0,0,N,0.0,0.0,0.0,,,,,,,,36.01598,-86.78583,True,Crashes_2010_2019_MPO
102341076,2019-03-25,2019,,94.0,,,0,0,N,0.0,0.0,0.0,,,,,,,,35.98595,-86.80099,True,Crashes_2010_2019_MPO
101909471,2018-02-06,2018,,94.0,,,0,0,N,0.0,0.0,0.0,,,,,,,,36.02383,-86.79403,True,Crashes_2010_2019_MPO
100298497,2013-03-01,2013,,94.0,,,0,0,N,0.0,0.0,0.0,,,,,,,,35.95583,-86.83114,False,Crashes_2010_2019_MPO
102066197,2018-07-06,2018,,19.0,,,0,0,N,0.0,0.0,0.0,,,,,,,,36.03812,-86.79982,False,Crashes_2010_2019_MPO
102217802,2018-11-18,2018,,94.0,,,0,0,N,0.0,0.0,0.0,,,,,,,,35.96191,-86.82718,False,Crashes_2010_2019_MPO
100305407,2013-03-19,2013,,94.0,,,0,0,N,0.0,0.0,0.0,,,,,,,,35.94689,-86.85175,False,Crashes_2010_2019_MPO
101209757,2016-05-21,2016,,94.0,,,0,0,N,0.0,0.0,0.0,,,,,,,,35.99731,-86.79471,True,Crashes_2010_2019_MPO
101656075,2017-05-26,2017,,19.0,,,0,0,N,0.0,0.0,0.0,,,,,,,,36.0452,-86.71513,False,Crashes_2010_2019_MPO
100924579,2015-08-17,2015,,19.0,,,0,0,N,0.0,0.0,0.0,,,,,,,,36.04192,-86.78239,False,Crashes_2010_2019_MPO
102045608,2018-06-16,2018,,94.0,,,0,0,N,0.0,0.0,0.0,,,,,,,,35.94991,-86.81925,False,Crashes_2010_2019_MPO
101469035,2016-12-06,2016,,94.0,,,0,0,N,0.0,0.0,0.0,,,,,,,,35.98303,-86.72453,True,Crashes_2010_2019_MPO
102514357,2019-09-20,2019,,19.0,,,0,0,N,0.0,0.0,0.0,,,,,,,,36.04251,-86.72645,False,Crashes_2010_2019_MPO
100915878,2015-08-01,2015,,94.0,,,0,0,N,0.0,0.0,0.0,,,,,,,,36.03336,-86.78872,True,Crashes_2010_2019_MPO
101045023,2015-12-08,2015,,94.0,,,0,0,N,0.0,0.0,0.0,,,,,,,,35.93192,-86.87697,False,Crashes_2010_2019_MPO
101301064,2016-07-22,2016,,19.0,,,0,0,N,0.0,0.0,0.0,,,,,,,,36.03729,-86.78763,False,Crashes_2010_2019_MPO
101855316,2017-12-11,2017,,19.0,,,0,0,N,0.0,0.0,0.0,,,,,,,,36.04041,-86.74531,False,Crashes_2010_2019_MPO
101466928,2016-12-03,2016,,19.0,,,0,0,N,0.0,0.0,0.0,,,,,,,,36.04478,-86.71319,False,Crashes_2010_2019_MPO
101609920,2017-04-10,2017,,19.0,,,0,0,N,0.0,0.0,0.0,,,,,,,,36.05366,-86.71502,False,Crashes_2010_2019_MPO
100548200,2014-06-07,2014,,94.0,,,0,0,N,0.0,0.0,0.0,,,,,,,,35.9605,-86.80199,False,Crashes_2010_2019_MPO
102368439,2019-04-22,2019,,19.0,,,0,0,N,0.0,0.0,0.0,,,,,,,,36.04534,-86.71349,False,Crashes_2010_2019_MPO
100830137,2015-05-07,2015,,19.0,,,0,0,N,0.0,0.0,0.0,,,,,,,,36.0417,-86.74862,False,Crashes_2010_2019_MPO
100278183,2013-01-11,2013,,94.0,,,0,0,N,0.0,0.0,0.0,,,,,,,,35.92471,-86.87219,False,Crashes_2010_2019_MPO
101619074,2017-04-12,2017,,94.0,,,0,0,N,0.0,0.0,0.0,,,,,,,,36.01297,-86.78523,True,Crashes_2010_2019_MPO
102275493,2019-01-12,2019,,94.0,,,0,0,N,0.0,0.0,0.0,,,,,,,,35.96133,-86.81226,False,Crashes_2010_2019_MPO
101388933,2016-09-24,2016,,94.0,,,0,0,N,0.0,0.0,0.0,,,,,,,,36.0124,-86.78486,True,Crashes_2010_2019_MPO
100465815,2014-03-18,2014,,94.0,,,0,0,N,0.0,0.0,0.0,,,,,,,,35.93356,-86.81837,False,Crashes_2010_2019_MPO
102476072,2019-08-13,2019,,94.0,,,0,0,N,0.0,0.0,0.0,,,,,,,,35.95124,-86.76611,True,Crashes_2010_2019_MPO
101823330,2017-11-12,2017,,94.0,,,0,0,N,0.0,0.0,0.0,,,,,,,,36.0205,-86.78268,True,Crashes_2010_2019_MPO
101358293,2016-09-10,2016,,19.0,,,0,0,N,0.0,0.0,0.0,,,,,,,,36.02394,-86.81964,True,Crashes_2010_2019_MPO
100632701,2014-09-23,2014,,94.0,,,0,0,N,0.0,0.0,0.0,,,,,,,,35.92386,-86.86977,False,Crashes_2010_2019_MPO
100636645,2014-10-01,2014,,94.0,,,0,0,N,0.0,0.0,0.0,,,,,,,,35.94503,-86.85318,False,Crashes_2010_2019_MPO
100968134,2015-09-27,2015,,94.0,,,0,0,N,0.0,0.0,0.0,,,,,,,,35.99808,-86.74342,True,Crashes_2010_2019_MPO
100995481,2015-10-24,2015,,94.0,,,0,0,N,0.0,0.0,0.0,,,,,,,,35.92366,-86.81689,False,Crashes_2010_2019_MPO
100827974,2015-05-03,2015,,94.0,,,0,0,N,0.0,0.0,0.0,,,,,,,,35.96142,-86.81533,False,Crashes_2010_2019_MPO
101570930,2017-03-02,2017,,19.0,,,0,0,N,0.0,0.0,0.0,,,,,,,,36.00429,-86.68845,False,Crashes_2010_2019_MPO
101208702,2016-05-20,2016,,19.0,,,0,0,N,0.0,0.0,0.0,,,,,,,,36.03256,-86.7687,False,Crashes_2010_2019_MPO
101501332,2017-01-10,2017,,94.0,,,0,0,N,0.0,0.0,0.0,,,,,,,,35.9355,-86.82398,False,Crashes_2010_2019_MPO
101747143,2017-08-31,2017,,94.0,,,0,0,N,0.0,0.0,0.0,,,,,,,,35.93446,-86.81991,False,Crashes_2010_2019_MPO
100283433,2013-01-24,2013,,94.0,,,0,0,N,0.0,0.0,0.0,,,,,,,,35.95078,-86.80645,False,Crashes_2010_2019_MPO
102332993,2019-03-16,2019,,94.0,,,0,0,N,0.0,0.0,0.0,,,,,,,,36.03956,-86.86945,False,Crashes_2010_2019_MPO
102335267,2019-03-19,2019,,94.0,,,0,0,N,0.0,0.0,0.0,,,,,,,,35.92373,-86.79452,False,Crashes_2010_2019_MPO
100324675,2013-05-04,2013,,94.0,,,0,0,N,0.0,0.0,0.0,,,,,,,,35.95947,-86.81353,False,Crashes_2010_2019_MPO
101463241,2016-11-29,2016,,94.0,,,0,0,N,0.0,0.0,0.0,,,,,,,,36.03551,-86.78748,True,Crashes_2010_2019_MPO
101970127,2018-04-07,2018,,94.0,,,0,0,N,0.0,0.0,0.0,,,,,,,,35.95401,-86.81181,False,Crashes_2010_2019_MPO
101155546,2016-04-01,2016,,94.0,,,0,0,N,0.0,0.0,0.0,,,,,,,,36.037067,-86.802261,True,Crashes_2010_2019_MPO
101069147,2015-12-29,2015,,94.0,,,0,0,N,0.0,0.0,0.0,,,,,,,,35.9524,-86.81798,False,Crashes_2010_2019_MPO
102138921,2018-09-08,2018,,94.0,,,0,0,N,0.0,0.0,0.0,,,,,,,,35.93165,-86.86083,False,Crashes_2010_2019_MPO
102193169,2018-10-24,2018,,94.0,,,0,0,N,0.0,0.0,0.0,,,,,,,,35.99224,-86.79858,True,Crashes_2010_2019_MPO
100835814,2015-05-17,2015,,19.0,,,0,0,N,0.0,0.0,0.0,,,,,,,,36.05046,-86.69921,False,Crashes_2010_2019_MPO
100943040,2015-09-01,2015,,19.0,,,0,0,N,0.0,0.0,0.0,,,,,,,,36.03982,-86.74091,False,Crashes_2010_2019_MPO
101973826,2018-04-11,2018,,19.0,,,0,0,N,0.0,0.0,0.0,,,,,,,,35.99121,-86.68327,False,Crashes_2010_2019_MPO
100705338,2014-12-11,2014,,19.0,,,0,0,N,0.0,0.0,0.0,,,,,,,,36.04029,-86.76833,False,Crashes_2010_2019_MPO
100965040,2015-09-22,2015,,94.0,,,0,0,N,0.0,0.0,0.0,,,,,,,,35.96579,-86.80194,True,Crashes_2010_2019_MPO
102379455,2019-05-03,2019,,19.0,,,0,0,N,0.0,0.0,0.0,,,,,,,,36.04079,-86.77958,False,Crashes_2010_2019_MPO
100945805,2015-09-06,2015,,94.0,,,0,0,N,0.0,0.0,0.0,,,,,,,,35.9335,-86.86172,False,Crashes_2010_2019_MPO
101703964,2017-07-17,2017,,19.0,,,0,0,N,0.0,0.0,0.0,,,,,,,,36.0456,-86.71088,False,Crashes_2010_2019_MPO
101433841,2016-11-07,2016,,94.0,,,0,0,N,0.0,0.0,0.0,,,,,,,,35.98524,-86.72984,True,Crashes_2010_2019_MPO
102130850,2018-09-02,2018,,19.0,,,0,0,N,0.0,0.0,0.0,,,,,,,,36.0475,-86.68181,False,Crashes_2010_2019_MPO
102358331,2019-04-12,2019,,19.0,,,0,0,N,0.0,0.0,0.0,,,,,,,,36.03859,-86.78263,False,Crashes_2010_2019_MPO
100718688,2015-01-07,2015,,94.0,,,0,0,N,0.0,0.0,0.0,,,,,,,,35.96118,-86.76365,True,Crashes_2010_2019_MPO
101300291,2016-07-21,2016,,94.0,,,0,0,N,0.0,0.0,0.0,,,,,,,,35.94005,-86.83114,False,Crashes_2010_2019_MPO
100978997,2015-10-14,2015,,94.0,,,0,0,N,0.0,0.0,0.0,,,,,,,,35.939,-86.81,False,Crashes_2010_2019_MPO
101713205,2017-07-26,2017,,94.0,,,0,0,N,0.0,0.0,0.0,,,,,,,,35.93586,-86.82376,False,Crashes_2010_2019_MPO
102543225,2019-10-19,2019,,94.0,,,0,0,N,0.0,0.0,0.0,,,,,,,,35.95721,-86.84339,False,Crashes_2010_2019_MPO
101805983,2017-10-27,2017,,94.0,,,0,0,N,0.0,0.0,0.0,,,,,,,,35.99806,-86.81455,True,Crashes_2010_2019_MPO
100799084,2015-03-27,2015,,94.0,,,0,0,N,0.0,0.0,0.0,,,,,,,,35.96843,-86.85993,False,Crashes_2010_2019_MPO
101567232,2017-02-26,2017,,19.0,,,0,0,N,0.0,0.0,0.0,,,,,,,,36.0452,-86.71624,False,Crashes_2010_2019_MPO
101091938,2016-01-22,2016,,94.0,,,0,0,N,0.0,0.0,0.0,,,,,,,,35.96807,-86.8185,True,Crashes_2010_2019_MPO
102335479,2019-03-19,2019,,19.0,,,0,0,N,0.0,0.0,0.0,,,,,,,,36.03772,-86.79475,False,Crashes_2010_2019_MPO
102411671,2019-06-04,2019,,94.0,,,0,0,N,0.0,0.0,0.0,,,,,,,,35.94122,-86.81652,False,Crashes_2010_2019_MPO
101180504,2016-04-24,2016,,19.0,,,0,0,N,0.0,0.0,0.0,,,,,,,,36.05359,-86.715,False,Crashes_2010_2019_MPO
101187728,2016-05-05,2016,,19.0,,,0,0,N,0.0,0.0,0.0,,,,,,,,36.04186,-86.70339,False,Crashes_2010_2019_MPO
102142604,2018-09-12,2018,,94.0,,,0,0,N,0.0,0.0,0.0,,,,,,,,36.0051,-86.7896,True,Crashes_2010_2019_MPO
102277432,2019-01-15,2019,,19.0,,,0,0,N,0.0,0.0,0.0,,,,,,,,36.05389,-86.71509,False,Crashes_2010_2019_MPO
100719274,2015-01-08,2015,,94.0,,,0,0,N,0.0,0.0,0.0,,,,,,,,35.95201,-86.81786,False,Crashes_2010_2019_MPO
100862110,2015-06-17,2015,,94.0,,,0,0,N,0.0,0.0,0.0,,,,,,,,36.02636,-86.79261,True,Crashes_2010_2019_MPO
100717338,2015-01-04,2015,,19.0,,,0,0,N,0.0,0.0,0.0,,,,,,,,36.02431,-86.74239,False,Crashes_2010_2019_MPO
100268923,2012-12-19,2012,,94.0,,,0,0,N,0.0,0.0,0.0,,,,,,,,35.94432,-86.82855,False,Crashes_2010_2019_MPO