mstrrecnbr,collision_ts,year,county,countystat,crash,crash_type,fatalities,non_motorists,commercial,fatal_c,nonmotor_c,truck_c,fatalc,serious_injuries,ped,bike,lighting,weather,first_harmful_event,latitude,longitude,in_city,src_layer
102551476,2019-10-28,2019,,94.0,,,0,0,N,0.0,0.0,0.0,,,,,,,,35.96519,-86.80794,False,Crashes_2010_2019_MPO
102054737,2018-06-26,2018,,19.0,,,0,0,N,0.0,0.0,0.0,,,,,,,,36.04138,-86.7798,False,Crashes_2010_2019_MPO
101168031,2016-04-20,2016,,19.0,,,0,0,N,0.0,0.0,0.0,,,,,,,,36.03256,-86.7687,False,Crashes_2010_2019_MPO
100340045,2013-06-09,2013,,94.0,,,0,0,N,0.0,0.0,0.0,,,,,,,,35.93561,-86.82388,False,Crashes_2010_2019_MPO
100879301,2015-07-01,2015,,94.0,,,0,0,N,0.0,0.0,0.0,,,,,,,,35.9583,-86.80229,False,Crashes_2010_2019_MPO
100402763,2013-11-09,2013,,94.0,,,0,0,N,0.0,0.0,0.0,,,,,,,,35.93855,-86.82054,False,Crashes_2010_2019_MPO
102369917,2019-04-23,2019,,19.0,,,0,0,N,0.0,0.0,0.0,,,,,,,,36.04393,-86.6933,False,Crashes_2010_2019_MPO
102317805,2019-02-28,2019,,19.0,,,0,0,N,0.0,0.0,0.0,,,,,,,,35.99945,-86.69343,False,Crashes_2010_2019_MPO
102469848,2019-08-06,2019,,94.0,,,0,0,N,0.0,0.0,0.0,,,,,,,,35.9771,-86.77135,True,Crashes_2010_2019_MPO
100640154,2014-10-07,2014,,19.0,,,0,0,N,0.0,0.0,0.0,,,,,,,,36.04093,-86.7674,False,Crashes_2010_2019_MPO
102297498,2019-02-05,2019,,19.0,,,0,0,N,0.0,0.0,0.0,,,,,,,,36.04683,-86.67931,False,Crashes_2010_2019_MPO
100338016,2013-06-05,2013,,94.0,,,0,0,N,0.0,0.0,0.0,,,,,,,,35.96981,-86.72395,True,Crashes_2010_2019_MPO
102404298,2019-05-30,2019,,94.0,,,0,0,N,0.0,0.0,0.0,,,,,,,,36.03336,-86.78872,True,Crashes_2010_2019_MPO
101126337,2016-03-02,2016,,94.0,,,0,0,N,0.0,0.0,0.0,,,,,,,,36.03464,-86.802666,True,Crashes_2010_2019_MPO
102566514,2019-11-13,2019,,19.0,,,0,0,N,0.0,0.0,0.0,,,,,,,,36.05079,-86.71707,False,Crashes_2010_2019_MPO
101954603,2018-03-24,2018,,19.0,,,0,0,N,0.0,0.0,0.0,,,,,,,,36.02504,-86.69054,False,Crashes_2010_2019_MPO
102246842,2018-12-14,2018,,19.0,,,0,0,N,0.0,0.0,0.0,,,,,,,,36.01238,-86.70361,False,Crashes_2010_2019_MPO
101165047,2016-04-15,2016,,94.0,,,0,0,N,0.0,0.0,0.0,,,,,,,,35.97716,-86.87622,False,Crashes_2010_2019_MPO
101886971,2018-01-14,2018,,19.0,,,0,0,N,0.0,0.0,0.0,,,,,,,,36.05151,-86.71436,False,Crashes_2010_2019_MPO
101124208,2016-02-28,2016,,19.0,,,0,0,N,0.0,0.0,0.0,,,,,,,,36.04108,-86.77899,False,Crashes_2010_2019_MPO
102242511,2018-12-11,2018,,94.0,,,0,0,N,0.0,0.0,0.0,,,,,,,,35.96444,-86.78852,True,Crashes_2010_2019_MPO
101009531,2015-11-14,2015,,94.0,,,0,0,N,0.0,0.0,0.0,,,,,,,,35.99807,-86.80108,True,Crashes_2010_2019_MPO
101330931,2016-08-19,2016,,94.0,,,0,0,N,0.0,0.0,0.0,,,,,,,,35.93511,-86.82204,False,Crashes_2010_2019_MPO
100828886,2015-05-05,2015,,94.0,,,0,0,N,0.0,0.0,0.0,,,,,,,,35.93933,-86.82145,False,Crashes_2010_2019_MPO
100939914,2015-08-26,2015,,94.0,,,0,0,Y,0.0,0.0,1.0,,,,,,,,35.99585,-86.81102,True,Crashes_2010_2019_MPO
10810620,2012-09-27,2012,,19.0,,,0,0, ,0.0,0.0,0.0,,,,,,,,36.034409,-86.74305,False,Crashes_2010_2019_MPO
101072106,2016-01-05,2016,,19.0,,,0,0,N,0.0,0.0,0.0,,,,,,,,36.05019,-86.69585,False,Crashes_2010_2019_MPO
101133188,2016-03-13,2016,,94.0,,,0,0,N,0.0,0.0,0.0,,,,,,,,36.033278,-86.784876,True,Crashes_2010_2019_MPO
102302694,2019-02-09,2019,,94.0,,,0,0,N,0.0,0.0,0.0,,,,,,,,36.02716,-86.80841,True,Crashes_2010_2019_MPO
101750157,2017-09-03,2017,,94.0,,,0,0,N,0.0,0.0,0.0,,,,,,,,35.92954,-86.84187,False,Crashes_2010_2019_MPO
101096138,2016-01-29,2016,,19.0,,,0,0,N,0.0,0.0,0.0,,,,,,,,36.04,-86.74318,False,Crashes_2010_2019_MPO
100593430,2014-08-09,2014,,94.0,,,0,0,N,0.0,0.0,0.0,,,,,,,,35.93461,-86.82012,False,Crashes_2010_2019_MPO
101992591,2018-04-28,2018,,19.0,,,0,0,N,0.0,0.0,0.0,,,,,,,,36.04479,-86.72487,False,Crashes_2010_2019_MPO
100804162,2015-04-07,2015,,94.0,,,0,0,N,0.0,0.0,0.0,,,,,,,,35.93404,-86.8595,False,Crashes_2010_2019_MPO
100852184,2015-05-29,2015,,94.0,,,0,0,N,0.0,0.0,0.0,,,,,,,,35.96665,-86.80922,True,Crashes_2010_2019_MPO
100750673,2015-02-20,2015,,19.0,,,0,0,N,0.0,0.0,0.0,,,,,,,,36.02418,-86.7407,False,Crashes_2010_2019_MPO
101684273,2017-06-27,2017,,94.0,,,0,0,N,0.0,0.0,0.0,,,,,,,,35.97765,-86.77634,True,Crashes_2010_2019_MPO
101685726,2017-06-28,2017,,94.0,,,0,0,N,0.0,0.0,0.0,,,,,,,,36.02097,-86.79565,True,Crashes_2010_2019_MPO
101710895,2017-07-24,2017,,19.0,,,0,0,N,0.0,0.0,0.0,,,,,,,,36.04088,-86.77381,False,Crashes_2010_2019_MPO
102398829,2019-05-24,2019,,19.0,,,0,0,N,0.0,0.0,0.0,,,,,,,,36.03774,-86.79499,False,Crashes_2010_2019_MPO
101743005,2017-08-26,2017,,19.0,,,0,0,N,0.0,0.0,0.0,,,,,,,,36.02434,-86.74238,False,Crashes_2010_2019_MPO
101285254,2016-07-13,2016,,94.0,,,0,0,N,0.0,0.0,0.0,,,,,,,,35.96726,-86.81431,True,Crashes_2010_2019_MPO
100389338,2013-10-09,2013,,94.0,,,0,0,N,0.0,0.0,0.0,,,,,,,,35.99551,-86.77889,True,Crashes_2010_2019_MPO
100497417,2014-04-17,2014,,94.0,,,0,0,N,0.0,0.0,0.0,,,,,,,,35.96116,-86.76535,True,Crashes_2010_2019_MPO
101559858,2017-02-16,2017,,94.0,,,0,0,N,0.0,0.0,0.0,,,,,,,,35.98576,-86.67993,False,Crashes_2010_2019_MPO
100853564,2015-06-01,2015,,94.0,,,0,0,N,0.0,0.0,0.0,,,,,,,,35.92622,-86.82173,False,Crashes_2010_2019_MPO
102455962,2019-07-23,2019,,19.0,,,0,0,N,0.0,0.0,0.0,,,,,,,,36.03842,-86.78419,False,Crashes_2010_2019_MPO
101743165,2017-08-25,2017,,94.0,,,0,0,N,0.0,0.0,0.0,,,,,,,,35.9379,-86.68841,False,Crashes_2010_2019_MPO
100695232,2014-11-23,2014,,19.0,,,0,0,N,0.0,0.0,0.0,,,,,,,,36.05423,-86.72532,False,Crashes_2010_2019_MPO
101363772,2016-09-18,2016,,19.0,,,0,0,N,0.0,0.0,0.0,,,,,,,,36.04485,-86.71983,False,Crashes_2010_2019_MPO
101121820,2016-02-24,2016,,94.0,,,0,0,N,0.0,0.0,0.0,,,,,,,,35.9583,-86.8023,False,Crashes_2010_2019_MPO
100620199,2014-09-17,2014,,94.0,,,0,0,N,0.0,0.0,0.0,,,,,,,,35.93355,-86.81695,False,Crashes_2010_2019_MPO
101935074,2018-03-06,2018,,19.0,,,0,0,N,0.0,0.0,0.0,,,,,,,,36.02547,-86.71334,False,Crashes_2010_2019_MPO
100436846,2014-01-30,2014,,94.0,,,0,0,N,0.0,0.0,0.0,,,,,,,,35.93286,-86.87741,False,Crashes_2010_2019_MPO
101918123,2018-02-16,2018,,94.0,,,0,0,N,0.0,0.0,0.0,,,,,,,,35.94112,-86.8788,False,Crashes_2010_2019_MPO
100855165,2015-05-30,2015,,94.0,,,0,0,N,0.0,0.0,0.0,,,,,,,,35.94687,-86.82178,False,Crashes_2010_2019_MPO
101117831,2016-02-18,2016,,19.0,,,0,0,N,0.0,0.0,0.0,,,,,,,,36.04095,-86.74616,False,Crashes_2010_2019_MPO
102303844,2019-02-11,2019,,94.0,,,0,0,N,0.0,0.0,0.0,,,,,,,,35.9711,-86.67836,False,Crashes_2010_2019_MPO
100309403,2013-03-29,2013,,94.0,,,0,0,N,0.0,0.0,0.0,,,,,,,,35.97181,-86.72649,True,Crashes_2010_2019_MPO
101784679,2017-10-07,2017,,19.0,,,0,0,N,0.0,0.0,0.0,,,,,,,,36.03384,-86.76879,False,Crashes_2010_2019_MPO
101600350,2017-03-31,2017,,94.0,,,0,0,N,0.0,0.0,0.0,,,,,,,,35.93196,-86.79644,False,Crashes_2010_2019_MPO
101544721,2017-02-04,2017,,94.0,,,0,0,N,0.0,0.0,0.0,,,,,,,,35.96458,-86.8144,False,Crashes_2010_2019_MPO
102393421,2019-05-17,2019,,94.0,,,0,0,N,0.0,0.0,0.0,,,,,,,,35.94708,-86.82173,False,Crashes_2010_2019_MPO
102041638,2018-06-13,2018,,19.0,,,0,0,N,0.0,0.0,0.0,,,,,,,,36.03716,-86.73237,False,Crashes_2010_2019_MPO
101560389,2017-02-14,2017,,19.0,,,0,0,N,0.0,0.0,0.0,,,,,,,,36.03532,-86.78302,False,Crashes_2010_2019_MPO
102609955,2019-12-28,2019,,94.0,,,0,0,N,0.0,0.0,0.0,,,,,,,,35.96678,-86.8104,True,Crashes_2010_2019_MPO
102513146,2019-09-18,2019,,94.0,,,0,0,N,0.0,0.0,0.0,,,,,,,,35.96734,-86.87612,False,Crashes_2010_2019_MPO
102531748,2019-10-07,2019,,94.0,,,0,0,N,0.0,0.0,0.0,,,,,,,,35.94054,-86.81649,False,Crashes_2010_2019_MPO
102189433,2018-10-25,2018,,19.0,,,0,0,N,0.0,0.0,0.0,,,,,,,,36.03833,-86.71302,False,Crashes_2010_2019_MPO
102186415,2018-10-22,2018,,94.0,,,0,0,N,0.0,0.0,0.0,,,,,,,,35.97014,-86.83587,False,Crashes_2010_2019_MPO
102372759,2019-04-26,2019,,94.0,,,0,0,N,0.0,0.0,0.0,,,,,,,,36.03357,-86.78121,True,Crashes_2010_2019_MPO
101719277,2017-08-03,2017,,94.0,,,0,0,N,0.0,0.0,0.0,,,,,,,,36.03336,-86.78872,True,Crashes_2010_2019_MPO
100769828,2015-03-10,2015,,94.0,,,0,0,N,0.0,0.0,0.0,,,,,,,,35.93434,-86.81904,False,Crashes_2010_2019_MPO
102207728,2018-11-11,2018,,94.0,,,0,0,N,0.0,0.0,0.0,,,,,,,,35.92957,-86.84213,False,Crashes_2010_2019_MPO
100767056,2015-03-05,2015,,19.0,,,0,0,N,0.0,0.0,0.0,,,,,,,,36.03986,-86.78103,False,Crashes_2010_2019_MPO
102158487,2018-09-26,2018,,94.0,,,0,0,N,0.0,0.0,0.0,,,,,,,,35.99004,-86.74528,True,Crashes_2010_2019_MPO
102573334,2019-11-19,2019,,94.0,,,0,0,N,0.0,0.0,0.0,,,,,,,,35.92684,-86.82445,False,Crashes_2010_2019_MPO
100371953,2013-08-27,2013,,94.0,,,0,0,N,0.0,0.0,0.0,,,,,,,,35.93955,-86.77112,False,Crashes_2010_2019_MPO
102466755,2019-08-03,2019,,19.0,,,0,0,N,0.0,0.0,0.0,,,,,,,,36.04551,-86.71179,False,Crashes_2010_2019_MPO
101963490,2018-04-01,2018,,19.0,,,0,0,N,0.0,0.0,0.0,,,,,,,,36.04522,-86.71479,False,Crashes_2010_2019_MPO
102325875,2019-03-09,2019,,94.0,,,0,0,N,0.0,0.0,0.0,,,,,,,,35.95009,-86.81914,False,Crashes_2010_2019_MPO
101667318,2017-06-08,2017,,19.0,,,0,0,N,0.0,0.0,0.0,,,,,,,,36.04528,-86.77897,False,Crashes_2010_2019_MPO
102508361,2019-09-13,2019,,19.0,,,0,0,N,0.0,0.0,0.0,,,,,,,,36.04756,-86.71352,False,Crashes_2010_2019_MPO
100979490,2015-10-15,2015,,94.0,,,0,0,N,0.0,0.0,0.0,,,,,,,,35.966718,-86.809126,True,Crashes_2010_2019_MPO
100638150,2014-10-04,2014,,94.0,,,0,0,N,0.0,0.0,0.0,,,,,,,,35.92373,-86.86968,False,Crashes_2010_2019_MPO
102356444,2019-04-10,2019,,94.0,,,0,0,N,0.0,0.0,0.0,,,,,,,,36.03511,-86.8171,True,Crashes_2010_2019_MPO
101159186,2016-04-07,2016,,19.0,,,0,0,N,0.0,0.0,0.0,,,,,,,,36.04481,-86.84894,False,Crashes_2010_2019_MPO
101655296,2017-05-26,2017,,19.0,,,0,0,N,0.0,0.0,0.0,,,,,,,,36.04231,-86.72652,False,Crashes_2010_2019_MPO
100737189,2015-02-14,2015,,19.0,,,0,0,N,0.0,0.0,0.0,,,,,,,,36.03477,-86.68142,False,Crashes_2010_2019_MPO
102436235,2019-07-03,2019,,19.0,,,0,0,N,0.0,0.0,0.0,,,,,,,,36.04012,-86.78074,False,Crashes_2010_2019_MPO
101270896,2016-06-22,2016,,19.0,,,0,0,N,0.0,0.0,0.0,,,,,,,,36.04477,-86.84833,False,Crashes_2010_2019_MPO
102000799,2018-05-05,2018,,94.0,,,0,0,N,0.0,0.0,0.0,,,,,,,,36.0326,-86.7837,True,Crashes_2010_2019_MPO
102443809,2019-07-10,2019,,94.0,,,0,0,N,0.0,0.0,0.0,,,,,,,,35.96475,-86.8151,True,Crashes_2010_2019_MPO
101732538,2017-08-16,2017,,94.0,,,0,0,N,0.0,0.0,0.0,,,,,,,,35.99523,-86.776,True,Crashes_2010_2019_MPO
100667820,2014-11-10,2014,,94.0,,,0,0,N,0.0,0.0,0.0,,,,,,,,35.99735,-86.79484,True,Crashes_2010_2019_MPO
102540765,2019-10-17,2019,,94.0,,,0,0,N,0.0,0.0,0.0,,,,,,,,35.96202,-86.81533,False,Crashes_2010_2019_MPO
102026653,2018-05-29,2018,,94.0,,,0,0,N,0.0,0.0,0.0,,,,,,,,35.99493,-86.77878,True,Crashes_2010_2019_MPO
100872766,2015-06-18,2015,,94.0,,,0,0,N,0.0,0.0,0.0,,,,,,,,35.94463,-86.82834,False,Crashes_2010_2019_MPO
101432273,2016-11-05,2016,,19.0,,,0,0,N,0.0,0.0,0.0,,,,,,,,35.99548,-86.68787,False,Crashes_2010_2019_MPO
100420918,2013-12-17,2013,,94.0,,,0,0,N,0.0,0.0,0.0,,,,,,,,35.94662,-86.80981,False,Crashes_2010_2019_MPO
100709646,2014-12-19,2014,,94.0,,,0,0,N,0.0,0.0,0.0,,,,,,,,35.99871,-86.79613,True,Crashes_2010_2019_MPO
101366000,2016-09-21,2016,,94.0,,,0,0,N,0.0,0.0,0.0,,,,,,,,35.96716,-86.72751,True,Crashes_2010_2019_MPO
102513082,2019-09-18,2019,,94.0,,,0,0,N,0.0,0.0,0.0,,,,,,,,35.98559,-86.73267,True,Crashes_2010_2019_MPO
100962124,2015-09-17,2015,,19.0,,,0,0,N,0.0,0.0,0.0,,,,,,,,36.0409,-86.77938,False,Crashes_2010_2019_MPO
102053541,2018-06-25,2018,,19.0,,,0,0,N,0.0,0.0,0.0,,,,,,,,36.04546,-86.70409,False,Crashes_2010_2019_MPO
100306559,2013-03-22,2013,,94.0,,,0,0,N,0.0,0.0,0.0,,,,,,,,35.93525,-86.82383,False,Crashes_2010_2019_MPO
102019438,2018-05-23,2018,,94.0,,,0,0,N,0.0,0.0,0.0,,,,,,,,35.99863,-86.80954,True,Crashes_2010_2019_MPO
102015728,2018-05-15,2018,,94.0,,,0,0,N,0.0,0.0,0.0,,,,,,,,36.036415,-86.787049,False,Crashes_2010_2019_MPO
101722681,2017-08-02,2017,,94.0,,,0,0,N,0.0,0.0,0.0,,,,,,,,36.02717,-86.78382,True,Crashes_2010_2019_MPO
100352775,2013-07-09,2013,,94.0,,,0,0,N,0.0,0.0,0.0,,,,,,,,36.00219,-86.79319,True,Crashes_2010_2019_MPO
100884386,2015-07-09,2015,,94.0,,,0,0,N,0.0,0.0,0.0,,,,,,,,35.99257,-86.70064,True,Crashes_2010_2019_MPO
102116311,2018-08-20,2018,,94.0,,,0,0,N,0.0,0.0,0.0,,,,,,,,35.94931,-86.81963,False,Crashes_2010_2019_MPO
101952654,2018-03-22,2018,,19.0,,,0,0,N,0.0,0.0,0.0,,,,,,,,36.04563,-86.77905,False,Crashes_2010_2019_MPO
100767955,2015-03-06,2015,,94.0,,,0,0,N,0.0,0.0,0.0,,,,,,,,35.93922,-86.7967,False,Crashes_2010_2019_MPO
102353672,2019-04-08,2019,,19.0,,,0,0,N,0.0,0.0,0.0,,,,,,,,36.04569,-86.70978,False,Crashes_2010_2019_MPO
102197276,2018-11-01,2018,,19.0,,,0,0,N,0.0,0.0,0.0,,,,,,,,36.0459,-86.68457,False,Crashes_2010_2019_MPO
101916836,2018-02-15,2018,,94.0,,,0,0,Y,0.0,0.0,1.0,,,,,,,,36.03321,-86.78313,True,Crashes_2010_2019_MPO
100853942,2015-06-01,2015,,19.0,,,0,0,N,0.0,0.0,0.0,,,,,,,,36.05155,-86.71425,False,Crashes_2010_2019_MPO
102274971,2019-01-12,2019,,94.0,,,0,0,N,0.0,0.0,0.0,,,,,,,,36.03551,-86.78748,True,Crashes_2010_2019_MPO
101881230,2018-01-08,2018,,19.0,,,0,0,N,0.0,0.0,0.0,,,,,,,,36.04573,-86.85543,False,Crashes_2010_2019_MPO
100915631,2015-08-01,2015,,19.0,,,0,0,N,0.0,0.0,0.0,,,,,,,,36.03829,-86.78393,False,Crashes_2010_2019_MPO
101127617,2016-03-04,2016,,94.0,,,0,0,N,0.0,0.0,0.0,,,,,,,,35.92553,-86.86825,False,Crashes_2010_2019_MPO
100639207,2014-10-06,2014,,94.0,,,0,0,N,0.0,0.0,0.0,,,,,,,,35.94448,-86.82041,False,Crashes_2010_2019_MPO
101591718,2017-03-23,2017,,94.0,,,0,0,N,0.0,0.0,0.0,,,,,,,,35.94695,-86.82212,False,Crashes_2010_2019_MPO
100715911,2014-12-26,2014,,94.0,,,0,0,N,0.0,0.0,0.0,,,,,,,,35.92954,-86.84187,False,Crashes_2010_2019_MPO
100717746,2015-01-05,2015,,19.0,,,0,0,N,0.0,0.0,0.0,,,,,,,,36.04155,-86.78246,False,Crashes_2010_2019_MPO
101560592,2017-02-16,2017,,94.0,,,0,0,N,0.0,0.0,0.0,,,,,,,,35.95565,-86.69388,False,Crashes_2010_2019_MPO
101963446,2018-04-01,2018,,94.0,,,0,0,N,0.0,0.0,0.0,,,,,,,,35.97039,-86.77379,True,Crashes_2010_2019_MPO
102367857,2019-04-21,2019,,19.0,,,0,0,N,0.0,0.0,0.0,,,,,,,,36.04079,-86.77301,False,Crashes_2010_2019_MPO
101590502,2017-03-22,2017,,94.0,,,0,0,N,0.0,0.0,0.0,,,,,,,,35.94665,-86.82383,False,Crashes_2010_2019_MPO
101733665,2017-08-17,2017,,94.0,,,0,0,N,0.0,0.0,0.0,,,,,,,,35.94654,-86.80953,False,Crashes_2010_2019_MPO
102241798,2018-12-10,2018,,94.0,,,0,0,N,0.0,0.0,0.0,,,,,,,,35.9675,-86.81624,True,Crashes_2010_2019_MPO
101046630,2015-12-10,2015,,19.0,,,0,0,N,0.0,0.0,0.0,,,,,,,,36.03659,-86.78686,False,Crashes_2010_2019_MPO
100835151,2015-05-16,2015,,19.0,,,0,0,N,0.0,0.0,0.0,,,,,,,,36.0472,-86.86227,False,Crashes_2010_2019_MPO
101625871,2017-04-22,2017,,19.0,,,1,0,N,1.0,0.0,0.0,,,,,,,,36.03658,-86.78375,False,Crashes_2010_2019_MPO
101998739,2018-05-03,2018,,19.0,,,0,0,N,0.0,0.0,0.0,,,,,,,,36.04561,-86.71977,False,Crashes_2010_2019_MPO
100982615,2015-10-20,2015,,19.0,,,0,0,N,0.0,0.0,0.0,,,,,,,,36.0409,-86.77938,False,Crashes_2010_2019_MPO
102559841,2019-11-06,2019,,19.0,,,0,0,N,0.0,0.0,0.0,,,,,,,,36.04091,-86.77938,False,Crashes_2010_2019_MPO
100502747,2014-04-30,2014,,94.0,,,0,0,N,0.0,0.0,0.0,,,,,,,,35.9261,-86.8714,False,Crashes_2010_2019_MPO
101614851,2017-04-13,2017,,94.0,,,0,0,N,0.0,0.0,0.0,,,,,,,,35.97563,-86.8586,False,Crashes_2010_2019_MPO
101276585,2016-06-29,2016,,94.0,,,0,0,N,0.0,0.0,0.0,,,,,,,,35.95721,-86.84339,False,Crashes_2010_2019_MPO
101391339,2016-09-28,2016,,94.0,,,0,0,N,0.0,0.0,0.0,,,,,,,,35.93541,-86.82372,False,Crashes_2010_2019_MPO
102454763,2019-07-22,2019,,19.0,,,0,0,N,0.0,0.0,0.0,,,,,,,,36.03747,-86.79098,False,Crashes_2010_2019_MPO
101156868,2016-04-03,2016,,94.0,,,0,0,N,0.0,0.0,0.0,,,,,,,,36.028012,-86.790867,True,Crashes_2010_2019_MPO
100831226,2015-05-09,2015,,94.0,,,0,0,N,0.0,0.0,0.0,,,,,,,,36.02382,-86.78709,True,Crashes_2010_2019_MPO
102047765,2018-06-19,2018,,94.0,,,0,0,N,0.0,0.0,0.0,,,,,,,,35.93541,-86.7116,False,Crashes_2010_2019_MPO
101536234,2017-01-27,2017,,94.0,,,0,0,N,0.0,0.0,0.0,,,,,,,,36.01298,-86.80108,True,Crashes_2010_2019_MPO
101461046,2016-11-25,2016,,94.0,,,0,0,N,0.0,0.0,0.0,,,,,,,,35.96543,-86.81146,False,Crashes_2010_2019_MPO
100398929,2013-11-01,2013,,94.0,,,0,0,N,0.0,0.0,0.0,,,,,,,,35.92474,-86.87429,False,Crashes_2010_2019_MPO
101976265,2018-04-13,2018,,19.0,,,0,0,N,0.0,0.0,0.0,,,,,,,,36.03777,-86.79531,False,Crashes_2010_2019_MPO
100152829,2012-02-29,2012,,94.0,,,0,0,N,0.0,0.0,0.0,,,,,,,,35.98243,-86.75262,True,Crashes_2010_2019_MPO
100656727,2014-10-21,2014,,19.0,,,0,0,N,0.0,0.0,0.0,,,,,,,,36.03865,-86.78256,False,Crashes_2010_2019_MPO
101160580,2016-04-08,2016,,94.0,,,0,0,N,0.0,0.0,0.0,,,,,,,,35.99551,-86.77887,True,Crashes_2010_2019_MPO
100444307,2014-02-18,2014,,94.0,,,0,0,N,0.0,0.0,0.0,,,,,,,,35.95802,-86.80257,False,Crashes_2010_2019_MPO
102116184,2018-08-20,2018,,19.0,,,0,0,N,0.0,0.0,0.0,,,,,,,,36.04086,-86.77363,False,Crashes_2010_2019_MPO
101760534,2017-09-13,2017,,94.0,,,0,0,N,0.0,0.0,0.0,,,,,,,,35.99931,-86.82957,True,Crashes_2010_2019_MPO
100658813,2014-10-24,2014,,94.0,,,0,0,N,0.0,0.0,0.0,,,,,,,,35.95085,-86.80667,False,Crashes_2010_2019_MPO
101046410,2015-12-10,2015,,94.0,,,0,0,N,0.0,0.0,0.0,,,,,,,,35.99155,-86.75362,True,Crashes_2010_2019_MPO
100609499,2014-08-23,2014,,94.0,,,0,0,N,0.0,0.0,0.0,,,,,,,,35.92372,-86.87148,False,Crashes_2010_2019_MPO
100665390,2014-11-05,2014,,19.0,,,0,0,N,0.0,0.0,0.0,,,,,,,,36.04546,-86.71275,False,Crashes_2010_2019_MPO
100911467,2015-07-24,2015,,94.0,,,0,0,N,0.0,0.0,0.0,,,,,,,,35.96417,-86.80017,True,Crashes_2010_2019_MPO
102317018,2019-02-27,2019,,94.0,,,0,0,N,0.0,0.0,0.0,,,,,,,,35.92269,-86.81447,False,Crashes_2010_2019_MPO
102138779,2018-09-08,2018,,94.0,,,0,0,N,0.0,0.0,0.0,,,,,,,,35.97334,-86.83305,True,Crashes_2010_2019_MPO
100410922,2013-11-25,2013,,94.0,,,0,0,N,0.0,0.0,0.0,,,,,,,,35.96385,-86.8004,True,Crashes_2010_2019_MPO
100799669,2015-03-30,2015,,19.0,,,0,0,N,0.0,0.0,0.0,,,,,,,,36.04001,-86.74349,False,Crashes_2010_2019_MPO
101347816,2016-08-27,2016,,94.0,,,0,0,N,0.0,0.0,0.0,,,,,,,,35.96185,-86.81452,False,Crashes_2010_2019_MPO
101347343,2016-08-26,2016,,94.0,,,0,0,N,0.0,0.0,0.0,,,,,,,,35.94652,-86.82372,False,Crashes_2010_2019_MPO
100408977,2013-11-22,2013,,94.0,,,0,0,N,0.0,0.0,0.0,,,,,,,,35.93546,-86.82342,False,Crashes_2010_2019_MPO
100878378,2015-06-29,2015,,94.0,,,0,0,N,0.0,0.0,0.0,,,,,,,,35.97635,-86.82805,True,Crashes_2010_2019_MPO
101273144,2016-06-26,2016,,19.0,,,0,0,N,0.0,0.0,0.0,,,,,,,,36.03687,-86.7276,False,Crashes_2010_2019_MPO
101753357,2017-09-07,2017,,94.0,,,0,0,N,0.0,0.0,0.0,,,,,,,,35.9403,-86.83901,False,Crashes_2010_2019_MPO
100662951,2014-11-01,2014,,94.0,,,0,0,N,0.0,0.0,0.0,,,,,,,,36.02388,-86.78612,True,Crashes_2010_2019_MPO
101103758,2016-02-11,2016,,94.0,,,0,0,N,0.0,0.0,0.0,,,,,,,,35.93222,-86.8194,False,Crashes_2010_2019_MPO
101041053,2015-12-02,2015,,19.0,,,0,0,N,0.0,0.0,0.0,,,,,,,,36.04398,-86.71311,False,Crashes_2010_2019_MPO
101791456,2017-10-11,2017,,94.0,,,0,0,N,0.0,0.0,0.0,,,,,,,,35.94814,-86.81751,False,Crashes_2010_2019_MPO
102572253,2019-11-18,2019,,94.0,,,0,0,N,0.0,0.0,0.0,,,,,,,,35.96471,-86.81499,True,Crashes_2010_2019_MPO
101963696,2018-04-01,2018,,94.0,,,0,0,N,0.0,0.0,0.0,,,,,,,,35.93492,-86.77696,False,Crashes_2010_2019_MPO
102521239,2019-09-26,2019,,94.0,,,0,0,N,0.0,0.0,0.0,,,,,,,,35.93215,-86.79441,False,Crashes_2010_2019_MPO
100911393,2015-07-24,2015,,94.0,,,0,0,N,0.0,0.0,0.0,,,,,,,,35.96602,-86.77909,True,Crashes_2010_2019_MPO
10569865,2010-06-18,2010,,19.0,,,0,0, ,0.0,0.0,0.0,,,,,,,,36.042639,-86.713067,False,Crashes_2010_2019_MPO
100921623,2015-08-11,2015,,94.0,,,0,0,N,0.0,0.0,0.0,,,,,,,,36.02035,-86.7873,True,Crashes_2010_2019_MPO
102053228,2018-06-24,2018,,19.0,,,0,0,N,0.0,0.0,0.0,,,,,,,,36.04641,-86.68363,False,Crashes_2010_2019_MPO
100319711,2013-04-22,2013,,94.0,,,0,0,N,0.0,0.0,0.0,,,,,,,,35.99541,-86.7778,True,Crashes_2010_2019_MPO
101464875,2016-12-01,2016,,94.0,,,0,0,N,0.0,0.0,0.0,,,,,,,,36.03284,-86.79811,True,Crashes_2010_2019_MPO
102237637,2018-12-06,2018,,19.0,,,0,0,N,0.0,0.0,0.0,,,,,,,,36.03232,-86.74377,False,Crashes_2010_2019_MPO
101388270,2016-09-23,2016,,19.0,,,0,0,Y,0.0,0.0,1.0,,,,,,,,36.04554,-86.71144,False,Crashes_2010_2019_MPO
100480585,2014-03-29,2014,,94.0,,,0,0,N,0.0,0.0,0.0,,,,,,,,36.03336,-86.78872,True,Crashes_2010_2019_MPO
102455118,2019-07-22,2019,,94.0,,,0,0,N,0.0,0.0,0.0,,,,,,,,36.01343,-86.71346,False,Crashes_2010_2019_MPO
102602338,2019-12-19,2019,,94.0,,,0,0,N,0.0,0.0,0.0,,,,,,,,35.97316,-86.83103,True,Crashes_2010_2019_MPO
100297544,2013-02-27,2013,,94.0,,,0,0,N,0.0,0.0,0.0,,,,,,,,35.96518,-86.80021,True,Crashes_2010_2019_MPO
100710868,2014-12-19,2014,,94.0,,,0,0,N,0.0,0.0,0.0,,,,,,,,35.95218,-86.81831,False,Crashes_2010_2019_MPO