mstrrecnbr,collision_ts,year,county,countystat,crash,crash_type,fatalities,non_motorists,commercial,fatal_c,nonmotor_c,truck_c,fatalc,serious_injuries,ped,bike,lighting,weather,first_harmful_event,latitude,longitude,in_city,src_layer
102039536,2018-06-10,2018,,19.0,,,0,0,N,0.0,0.0,0.0,,,,,,,,36.02226,-86.69843,False,Crashes_2010_2019_MPO
100836658,2015-05-15,2015,,94.0,,,0,0,N,0.0,0.0,0.0,,,,,,,,35.9275,-86.87241,False,Crashes_2010_2019_MPO
101488043,2016-12-27,2016,,19.0,,,0,0,N,0.0,0.0,0.0,,,,,,,,36.04045,-86.7826,False,Crashes_2010_2019_MPO
101995964,2018-04-30,2018,,94.0,,,0,0,N,0.0,0.0,0.0,,,,,,,,36.01719,-86.7978,True,Crashes_2010_2019_MPO
102167008,2018-10-04,2018,,94.0,,,0,0,N,0.0,0.0,0.0,,,,,,,,35.9262,-86.8245,False,Crashes_2010_2019_MPO
100925390,2015-08-18,2015,,94.0,,,0,0,N,0.0,0.0,0.0,,,,,,,,36.034334,-86.791769,True,Crashes_2010_2019_MPO
102277365,2019-01-13,2019,,94.0,,,0,0,N,0.0,0.0,0.0,,,,,,,,35.99489,-86.7715,True,Crashes_2010_2019_MPO
100821375,2015-04-20,2015,,94.0,,,0,0,N,0.0,0.0,0.0,,,,,,,,35.95907,-86.82433,False,Crashes_2010_2019_MPO
102596919,2019-12-13,2019,,94.0,,,0,0,N,0.0,0.0,0.0,,,,,,,,35.96522,-86.78264,True,Crashes_2010_2019_MPO
101895125,2018-01-23,2018,,19.0,,,0,0,N,0.0,0.0,0.0,,,,,,,,36.02943,-86.74403,False,Crashes_2010_2019_MPO
100278192,2013-01-12,2013,,94.0,,,0,0,N,0.0,0.0,0.0,,,,,,,,35.96416,-86.81005,False,Crashes_2010_2019_MPO
101642605,2017-05-12,2017,,94.0,,,0,0,N,0.0,0.0,0.0,,,,,,,,35.94401,-86.82002,False,Crashes_2010_2019_MPO
101953164,2018-03-21,2018,,94.0,,,0,0,N,0.0,0.0,0.0,,,,,,,,36.00429,-86.7907,True,Crashes_2010_2019_MPO
102467866,2019-08-04,2019,,94.0,,,0,0,N,0.0,0.0,0.0,,,,,,,,35.96518,-86.80029,True,Crashes_2010_2019_MPO
100972777,2015-10-03,2015,,94.0,,,0,0,N,0.0,0.0,0.0,,,,,,,,35.9325,-86.86247,False,Crashes_2010_2019_MPO
100660209,2014-10-27,2014,,19.0,,,0,0,N,0.0,0.0,0.0,,,,,,,,36.04538,-86.71353,False,Crashes_2010_2019_MPO
101589913,2017-03-20,2017,,94.0,,,0,0,N,0.0,0.0,0.0,,,,,,,,36.03584,-86.7873,True,Crashes_2010_2019_MPO
100755548,2015-03-02,2015,,94.0,,,0,0,N,0.0,0.0,0.0,,,,,,,,36.02536,-86.79317,True,Crashes_2010_2019_MPO
101926131,2018-02-24,2018,,19.0,,,0,0,N,0.0,0.0,0.0,,,,,,,,36.04479,-86.72487,False,Crashes_2010_2019_MPO
100595030,2014-08-06,2014,,94.0,,,0,0,N,0.0,0.0,0.0,,,,,,,,36.01481,-86.78575,True,Crashes_2010_2019_MPO
101847056,2017-12-03,2017,,19.0,,,0,0,N,0.0,0.0,0.0,,,,,,,,36.04789,-86.71356,False,Crashes_2010_2019_MPO
100412944,2013-12-01,2013,,94.0,,,0,0,N,0.0,0.0,0.0,,,,,,,,35.99551,-86.77889,True,Crashes_2010_2019_MPO
101825359,2017-11-14,2017,,94.0,,,0,0,N,0.0,0.0,0.0,,,,,,,,36.01309,-86.80063,True,Crashes_2010_2019_MPO
101939682,2018-03-10,2018,,19.0,,,0,0,N,0.0,0.0,0.0,,,,,,,,36.04345,-86.78134,False,Crashes_2010_2019_MPO
101470791,2016-12-08,2016,,19.0,,,0,0,N,0.0,0.0,0.0,,,,,,,,36.04033,-86.67788,False,Crashes_2010_2019_MPO
101891469,2018-01-19,2018,,19.0,,,0,0,N,0.0,0.0,0.0,,,,,,,,36.04739,-86.7135,False,Crashes_2010_2019_MPO
102575773,2019-11-22,2019,,94.0,,,0,0,N,0.0,0.0,0.0,,,,,,,,35.99459,-86.76768,True,Crashes_2010_2019_MPO
102536288,2019-10-12,2019,,94.0,,,0,0,N,0.0,0.0,0.0,,,,,,,,35.9476,-86.81992,False,Crashes_2010_2019_MPO
100878732,2015-06-30,2015,,94.0,,,0,0,N,0.0,0.0,0.0,,,,,,,,36.03408,-86.80157,True,Crashes_2010_2019_MPO
100140686,2012-01-24,2012,,94.0,,,0,0,N,0.0,0.0,0.0,,,,,,,,35.98626,-86.71015,True,Crashes_2010_2019_MPO
101833082,2017-11-21,2017,,94.0,,,0,0,N,0.0,0.0,0.0,,,,,,,,35.97421,-86.80506,True,Crashes_2010_2019_MPO
102484400,2019-08-21,2019,,19.0,,,0,0,N,0.0,0.0,0.0,,,,,,,,36.04263,-86.71295,False,Crashes_2010_2019_MPO
101423512,2016-10-26,2016,,94.0,,,0,0,N,0.0,0.0,0.0,,,,,,,,35.95078,-86.80647,False,Crashes_2010_2019_MPO
102185818,2018-10-22,2018,,19.0,,,0,0,N,0.0,0.0,0.0,,,,,,,,36.0521,-86.74311,False,Crashes_2010_2019_MPO
100678771,2014-11-11,2014,,94.0,,,0,0,N,0.0,0.0,0.0,,,,,,,,35.94783,-86.86364,False,Crashes_2010_2019_MPO
102256608,2018-12-24,2018,,94.0,,,0,0,N,0.0,0.0,0.0,,,,,,,,36.03104,-86.87565,False,Crashes_2010_2019_MPO
101827557,2017-11-16,2017,,94.0,,,0,0,N,0.0,0.0,0.0,,,,,,,,35.93423,-86.81894,False,Crashes_2010_2019_MPO
101673231,2017-06-14,2017,,94.0,,,0,0,N,0.0,0.0,0.0,,,,,,,,35.92655,-86.82489,False,Crashes_2010_2019_MPO
101873135,2017-12-30,2017,,19.0,,,0,0,N,0.0,0.0,0.0,,,,,,,,36.04114,-86.77621,False,Crashes_2010_2019_MPO
101633364,2017-05-03,2017,,19.0,,,0,0,N,0.0,0.0,0.0,,,,,,,,36.03969,-86.73917,False,Crashes_2010_2019_MPO
102471388,2019-08-07,2019,,94.0,,,0,0,N,0.0,0.0,0.0,,,,,,,,35.96451,-86.81109,False,Crashes_2010_2019_MPO
100265865,2012-12-13,2012,,94.0,,,0,0,N,0.0,0.0,0.0,,,,,,,,35.97503,-86.80453,True,Crashes_2010_2019_MPO
100287602,2013-02-03,2013,,94.0,,,0,0,Y,0.0,0.0,1.0,,,,,,,,36.01689,-86.78609,True,Crashes_2010_2019_MPO
102379209,2019-05-03,2019,,19.0,,,0,0,N,0.0,0.0,0.0,,,,,,,,36.04422,-86.72552,False,Crashes_2010_2019_MPO
101501308,2017-01-10,2017,,19.0,,,0,0,N,0.0,0.0,0.0,,,,,,,,36.01934,-86.70933,False,Crashes_2010_2019_MPO
101488178,2016-12-27,2016,,19.0,,,0,0,N,0.0,0.0,0.0,,,,,,,,36.05298,-86.69779,False,Crashes_2010_2019_MPO
100311953,2013-04-04,2013,,94.0,,,0,0,N,0.0,0.0,0.0,,,,,,,,36.03501,-86.80581,True,Crashes_2010_2019_MPO
102180267,2018-10-17,2018,,94.0,,,0,0,N,0.0,0.0,0.0,,,,,,,,35.98184,-86.80216,True,Crashes_2010_2019_MPO
101668227,2017-06-09,2017,,94.0,,,0,0,N,0.0,0.0,0.0,,,,,,,,35.965381,-86.805274,True,Crashes_2010_2019_MPO
101619736,2017-04-19,2017,,94.0,,,0,0,N,0.0,0.0,0.0,,,,,,,,36.0317,-86.7835,True,Crashes_2010_2019_MPO
101429196,2016-11-02,2016,,94.0,,,0,0,N,0.0,0.0,0.0,,,,,,,,35.94723,-86.82084,False,Crashes_2010_2019_MPO
100820945,2015-04-17,2015,,94.0,,,0,0,N,0.0,0.0,0.0,,,,,,,,35.92674,-86.87005,False,Crashes_2010_2019_MPO
100608483,2014-08-21,2014,,94.0,,,0,0,N,0.0,0.0,0.0,,,,,,,,35.95021,-86.76266,True,Crashes_2010_2019_MPO
101316859,2016-07-30,2016,,19.0,,,0,0,Y,0.0,0.0,1.0,,,,,,,,36.0421,-86.70332,False,Crashes_2010_2019_MPO
101872879,2017-12-29,2017,,19.0,,,0,0,N,0.0,0.0,0.0,,,,,,,,36.03586,-86.78319,False,Crashes_2010_2019_MPO
101242364,2016-06-09,2016,,94.0,,,0,0,N,0.0,0.0,0.0,,,,,,,,35.94487,-86.80257,False,Crashes_2010_2019_MPO
101724580,2017-08-08,2017,,94.0,,,0,0,N,0.0,0.0,0.0,,,,,,,,36.03664,-86.81688,True,Crashes_2010_2019_MPO
100994685,2015-10-23,2015,,94.0,,,0,0,N,0.0,0.0,0.0,,,,,,,,35.9454,-86.87589,False,Crashes_2010_2019_MPO
100358490,2013-07-18,2013,,94.0,,,0,0,Y,0.0,0.0,1.0,,,,,,,,36.02404,-86.78602,True,Crashes_2010_2019_MPO
101145554,2016-03-17,2016,,19.0,,,0,0,N,0.0,0.0,0.0,,,,,,,,36.04553,-86.71153,False,Crashes_2010_2019_MPO
100434346,2014-01-23,2014,,94.0,,,0,0,N,0.0,0.0,0.0,,,,,,,,35.94859,-86.85038,False,Crashes_2010_2019_MPO
101231784,2016-05-25,2016,,19.0,,,0,0,N,0.0,0.0,0.0,,,,,,,,36.05275,-86.68631,False,Crashes_2010_2019_MPO
101182659,2016-04-27,2016,,19.0,,,0,0,N,0.0,0.0,0.0,,,,,,,,36.03333,-86.71294,False,Crashes_2010_2019_MPO
100659422,2014-10-26,2014,,19.0,,,0,0,N,0.0,0.0,0.0,,,,,,,,36.04074,-86.77953,False,Crashes_2010_2019_MPO
101388066,2016-09-23,2016,,94.0,,,0,0,N,0.0,0.0,0.0,,,,,,,,35.93446,-86.81991,False,Crashes_2010_2019_MPO
101425268,2016-10-28,2016,,94.0,,,0,0,N,0.0,0.0,0.0,,,,,,,,35.93069,-86.86382,False,Crashes_2010_2019_MPO
102255773,2018-12-23,2018,,94.0,,,0,0,N,0.0,0.0,0.0,,,,,,,,35.95048,-86.76617,True,Crashes_2010_2019_MPO
102279093,2019-01-16,2019,,94.0,,,0,0,N,0.0,0.0,0.0,,,,,,,,35.93113,-86.86349,False,Crashes_2010_2019_MPO
100830024,2015-05-06,2015,,19.0,,,0,0,Y,0.0,0.0,1.0,,,,,,,,36.04106,-86.77891,False,Crashes_2010_2019_MPO
100914722,2015-07-30,2015,,94.0,,,0,0,N,0.0,0.0,0.0,,,,,,,,35.9455,-86.87492,False,Crashes_2010_2019_MPO
102203034,2018-11-07,2018,,94.0,,,0,0,N,0.0,0.0,0.0,,,,,,,,36.01239,-86.80116,True,Crashes_2010_2019_MPO
101098500,2016-02-02,2016,,94.0,,,0,0,N,0.0,0.0,0.0,,,,,,,,35.98935,-86.6819,False,Crashes_2010_2019_MPO
100265043,2012-12-11,2012,,94.0,,,0,0,N,0.0,0.0,0.0,,,,,,,,35.96532,-86.70293,False,Crashes_2010_2019_MPO
102264553,2019-01-02,2019,,19.0,,,0,0,N,0.0,0.0,0.0,,,,,,,,36.03262,-86.76948,False,Crashes_2010_2019_MPO
102003033,2018-05-07,2018,,94.0,,,0,0,N,0.0,0.0,0.0,,,,,,,,35.95316,-86.82146,False,Crashes_2010_2019_MPO
102145353,2018-09-14,2018,,19.0,,,0,0,N,0.0,0.0,0.0,,,,,,,,36.00393,-86.69706,False,Crashes_2010_2019_MPO
101459070,2016-11-24,2016,,94.0,,,0,0,N,0.0,0.0,0.0,,,,,,,,35.9601,-86.81339,False,Crashes_2010_2019_MPO
101318742,2016-08-02,2016,,94.0,,,0,0,N,0.0,0.0,0.0,,,,,,,,35.97084,-86.72629,True,Crashes_2010_2019_MPO
100484934,2014-04-11,2014,,94.0,,,0,0,N,0.0,0.0,0.0,,,,,,,,35.93694,-86.87873,False,Crashes_2010_2019_MPO
101390729,2016-09-27,2016,,19.0,,,0,0,N,0.0,0.0,0.0,,,,,,,,36.04602,-86.85687,False,Crashes_2010_2019_MPO
102195633,2018-10-25,2018,,94.0,,,0,0,N,0.0,0.0,0.0,,,,,,,,35.97584,-86.80425,True,Crashes_2010_2019_MPO
102433117,2019-06-30,2019,,94.0,,,0,0,N,0.0,0.0,0.0,,,,,,,,35.99922,-86.80923,True,Crashes_2010_2019_MPO
101830138,2017-11-18,2017,,94.0,,,0,0,N,0.0,0.0,0.0,,,,,,,,35.96663,-86.8137,True,Crashes_2010_2019_MPO
102291878,2019-01-30,2019,,94.0,,,0,0,N,0.0,0.0,0.0,,,,,,,,35.95201,-86.74153,True,Crashes_2010_2019_MPO
101156278,2016-04-02,2016,,19.0,,,0,0,N,0.0,0.0,0.0,,,,,,,,36.04697,-86.68007,False,Crashes_2010_2019_MPO
100286413,2013-02-01,2013,,94.0,,,0,0,N,0.0,0.0,0.0,,,,,,,,35.93466,-86.86086,False,Crashes_2010_2019_MPO
102432630,2019-06-27,2019,,94.0,,,0,0,N,0.0,0.0,0.0,,,,,,,,35.99263,-86.82854,True,Crashes_2010_2019_MPO
100208283,2012-07-25,2012,,94.0,,,0,0,N,0.0,0.0,0.0,,,,,,,,35.92267,-86.86501,False,Crashes_2010_2019_MPO
100967247,2015-09-25,2015,,19.0,,,0,0,N,0.0,0.0,0.0,,,,,,,,35.99945,-86.69343,False,Crashes_2010_2019_MPO
102196850,2018-10-30,2018,,94.0,,,0,0,N,0.0,0.0,0.0,,,,,,,,35.9425,-86.81607,False,Crashes_2010_2019_MPO
102151111,2018-09-18,2018,,94.0,,,0,0,N,0.0,0.0,0.0,,,,,,,,35.9638,-86.80842,False,Crashes_2010_2019_MPO
101669068,2017-06-09,2017,,19.0,,,0,0,N,0.0,0.0,0.0,,,,,,,,36.04028,-86.74504,False,Crashes_2010_2019_MPO
101490020,2016-12-28,2016,,94.0,,,0,0,N,0.0,0.0,0.0,,,,,,,,35.9462,-86.80876,False,Crashes_2010_2019_MPO
100358669,2013-07-19,2013,,94.0,,,0,0,N,0.0,0.0,0.0,,,,,,,,35.96627,-86.81129,False,Crashes_2010_2019_MPO
100753277,2015-02-26,2015,,19.0,,,0,0,N,0.0,0.0,0.0,,,,,,,,36.03803,-86.78445,False,Crashes_2010_2019_MPO
101486568,2016-12-24,2016,,94.0,,,0,0,N,0.0,0.0,0.0,,,,,,,,36.02626,-86.79266,True,Crashes_2010_2019_MPO
101624968,2017-04-25,2017,,94.0,,,0,0,N,0.0,0.0,0.0,,,,,,,,35.96312,-86.81897,True,Crashes_2010_2019_MPO
100750909,2015-02-17,2015,,19.0,,,0,0,N,0.0,0.0,0.0,,,,,,,,36.04424,-86.78096,False,Crashes_2010_2019_MPO
100709496,2014-12-19,2014,,94.0,,,0,0,Y,0.0,0.0,1.0,,,,,,,,36.03333,-86.80219,True,Crashes_2010_2019_MPO
100836860,2015-05-07,2015,,94.0,,,0,0,N,0.0,0.0,0.0,,,,,,,,35.9246,-86.87012,False,Crashes_2010_2019_MPO
102147892,2018-09-17,2018,,94.0,,,0,0,N,0.0,0.0,0.0,,,,,,,,35.93492,-86.77708,False,Crashes_2010_2019_MPO
101721965,2017-08-05,2017,,94.0,,,0,0,N,0.0,0.0,0.0,,,,,,,,35.93322,-86.86196,False,Crashes_2010_2019_MPO
100203524,2012-07-17,2012,,94.0,,,0,0,N,0.0,0.0,0.0,,,,,,,,35.99583,-86.78225,True,Crashes_2010_2019_MPO
100308532,2013-03-27,2013,,94.0,,,0,0,N,0.0,0.0,0.0,,,,,,,,35.94677,-86.85185,False,Crashes_2010_2019_MPO
100031813,2011-01-31,2011,,94.0,,,0,0,N,0.0,0.0,0.0,,,,,,,,35.960094,-86.827957,False,Crashes_2010_2019_MPO
102284161,2019-01-22,2019,,94.0,,,0,0,N,0.0,0.0,0.0,,,,,,,,36.00864,-86.78623,True,Crashes_2010_2019_MPO
101940608,2018-03-09,2018,,94.0,,,0,0,N,0.0,0.0,0.0,,,,,,,,35.94996,-86.81347,False,Crashes_2010_2019_MPO
102322533,2019-03-06,2019,,19.0,,,0,0,N,0.0,0.0,0.0,,,,,,,,36.04529,-86.71325,False,Crashes_2010_2019_MPO
102311926,2019-02-21,2019,,94.0,,,0,0,N,0.0,0.0,0.0,,,,,,,,35.96633,-86.81,False,Crashes_2010_2019_MPO
101683031,2017-06-25,2017,,94.0,,,0,0,N,0.0,0.0,0.0,,,,,,,,35.92938,-86.85314,False,Crashes_2010_2019_MPO
101974798,2018-04-12,2018,,94.0,,,0,0,N,0.0,0.0,0.0,,,,,,,,36.02696,-86.85452,False,Crashes_2010_2019_MPO
102215081,2018-11-16,2018,,94.0,,,0,0,N,0.0,0.0,0.0,,,,,,,,35.94778,-86.81994,False,Crashes_2010_2019_MPO
101318627,2016-08-02,2016,,94.0,,,0,0,N,0.0,0.0,0.0,,,,,,,,35.95233,-86.84731,False,Crashes_2010_2019_MPO
101470339,2016-12-07,2016,,94.0,,,0,0,N,0.0,0.0,0.0,,,,,,,,36.01978,-86.74213,False,Crashes_2010_2019_MPO
100714207,2014-12-28,2014,,19.0,,,0,0,N,0.0,0.0,0.0,,,,,,,,36.03954,-86.78188,False,Crashes_2010_2019_MPO
100392320,2013-10-17,2013,,94.0,,,0,0,Y,0.0,0.0,1.0,,,,,,,,35.94642,-86.81448,False,Crashes_2010_2019_MPO
101574525,2017-03-03,2017,,94.0,,,0,0,N,0.0,0.0,0.0,,,,,,,,35.96518,-86.80029,True,Crashes_2010_2019_MPO
101345147,2016-08-24,2016,,94.0,,,0,0,N,0.0,0.0,0.0,,,,,,,,36.03039,-86.79036,True,Crashes_2010_2019_MPO
101809222,2017-10-30,2017,,94.0,,,0,0,N,0.0,0.0,0.0,,,,,,,,35.93071,-86.85294,False,Crashes_2010_2019_MPO
101043572,2015-12-05,2015,,94.0,,,0,0,N,0.0,0.0,0.0,,,,,,,,35.99701,-86.70567,True,Crashes_2010_2019_MPO
100981317,2015-10-17,2015,,94.0,,,0,0,N,0.0,0.0,0.0,,,,,,,,35.92403,-86.8699,False,Crashes_2010_2019_MPO
100363454,2013-08-06,2013,,94.0,,,0,0,N,0.0,0.0,0.0,,,,,,,,35.94613,-86.82347,False,Crashes_2010_2019_MPO
101639255,2017-05-09,2017,,19.0,,,0,0,N,0.0,0.0,0.0,,,,,,,,35.99642,-86.69035,False,Crashes_2010_2019_MPO
101973101,2018-04-09,2018,,94.0,,,0,0,N,0.0,0.0,0.0,,,,,,,,35.9407,-86.83934,False,Crashes_2010_2019_MPO
102042695,2018-06-14,2018,,19.0,,,0,0,N,0.0,0.0,0.0,,,,,,,,36.04545,-86.70402,False,Crashes_2010_2019_MPO
100313792,2013-04-09,2013,,94.0,,,0,0,N,0.0,0.0,0.0,,,,,,,,35.92471,-86.87219,False,Crashes_2010_2019_MPO
101357752,2016-09-08,2016,,94.0,,,0,0,N,0.0,0.0,0.0,,,,,,,,36.02129,-86.78285,True,Crashes_2010_2019_MPO
101236204,2016-05-26,2016,,94.0,,,0,0,N,0.0,0.0,0.0,,,,,,,,35.97716,-86.87622,False,Crashes_2010_2019_MPO
102320069,2019-03-03,2019,,19.0,,,0,0,N,0.0,0.0,0.0,,,,,,,,36.04218,-86.7037,False,Crashes_2010_2019_MPO
102357656,2019-04-11,2019,,94.0,,,0,0,N,0.0,0.0,0.0,,,,,,,,36.01689,-86.78609,True,Crashes_2010_2019_MPO
101753409,2017-09-07,2017,,94.0,,,0,0,N,0.0,0.0,0.0,,,,,,,,35.92586,-86.82455,False,Crashes_2010_2019_MPO
102265404,2019-01-03,2019,,19.0,,,0,0,N,0.0,0.0,0.0,,,,,,,,35.99704,-86.69013,False,Crashes_2010_2019_MPO
101392915,2016-09-30,2016,,94.0,,,0,0,N,0.0,0.0,0.0,,,,,,,,35.92876,-86.75391,False,Crashes_2010_2019_MPO
100283120,2013-01-23,2013,,94.0,,,0,0,N,0.0,0.0,0.0,,,,,,,,35.92841,-86.82453,False,Crashes_2010_2019_MPO
101760186,2017-09-13,2017,,94.0,,,0,0,N,0.0,0.0,0.0,,,,,,,,35.9481,-86.81995,False,Crashes_2010_2019_MPO
101345321,2016-08-24,2016,,94.0,,,0,0,N,0.0,0.0,0.0,,,,,,,,35.95367,-86.76663,True,Crashes_2010_2019_MPO
101328330,2016-08-15,2016,,94.0,,,0,0,N,0.0,0.0,0.0,,,,,,,,35.97039,-86.77379,True,Crashes_2010_2019_MPO
101486542,2016-12-23,2016,,94.0,,,0,0,N,0.0,0.0,0.0,,,,,,,,35.9476,-86.81992,False,Crashes_2010_2019_MPO
101326977,2016-08-13,2016,,94.0,,,0,0,N,0.0,0.0,0.0,,,,,,,,35.94392,-86.82,False,Crashes_2010_2019_MPO
101912316,2018-02-10,2018,,19.0,,,0,0,N,0.0,0.0,0.0,,,,,,,,36.04537,-86.71326,False,Crashes_2010_2019_MPO
101852637,2017-12-08,2017,,94.0,,,0,0,N,0.0,0.0,0.0,,,,,,,,35.96991,-86.72481,True,Crashes_2010_2019_MPO
100855968,2015-06-05,2015,,94.0,,,0,0,N,0.0,0.0,0.0,,,,,,,,36.01753,-86.78627,True,Crashes_2010_2019_MPO
101361233,2016-09-14,2016,,19.0,,,0,1,N,0.0,1.0,0.0,,,,,,,,36.04345,-86.74414,False,Crashes_2010_2019_MPO
101406719,2016-10-14,2016,,94.0,,,0,0,N,0.0,0.0,0.0,,,,,,,,35.94432,-86.8199,False,Crashes_2010_2019_MPO
100716633,2015-01-03,2015,,19.0,,,0,0,N,0.0,0.0,0.0,,,,,,,,36.04311,-86.78155,False,Crashes_2010_2019_MPO
100697304,2014-11-26,2014,,94.0,,,0,0,N,0.0,0.0,0.0,,,,,,,,35.96742,-86.82659,False,Crashes_2010_2019_MPO
100506491,2014-05-09,2014,,94.0,,,0,1,N,0.0,1.0,0.0,,,,,,,,35.95892,-86.81612,False,Crashes_2010_2019_MPO
101762331,2017-09-16,2017,,19.0,,,0,0,N,0.0,0.0,0.0,,,,,,,,36.03941,-86.74343,False,Crashes_2010_2019_MPO
100770511,2015-03-06,2015,,94.0,,,0,0,N,0.0,0.0,0.0,,,,,,,,35.94839,-86.80774,False,Crashes_2010_2019_MPO
101999586,2018-05-04,2018,,94.0,,,0,0,N,0.0,0.0,0.0,,,,,,,,36.03334,-86.7816,True,Crashes_2010_2019_MPO
101317375,2016-07-30,2016,,19.0,,,0,0,N,0.0,0.0,0.0,,,,,,,,36.0409,-86.77938,False,Crashes_2010_2019_MPO
100922343,2015-08-13,2015,,94.0,,,0,0,N,0.0,0.0,0.0,,,,,,,,35.99735,-86.79489,True,Crashes_2010_2019_MPO
100752256,2015-02-14,2015,,19.0,,,0,0,N,0.0,0.0,0.0,,,,,,,,36.03044,-86.74392,False,Crashes_2010_2019_MPO
100395605,2013-10-24,2013,,94.0,,,0,0,N,0.0,0.0,0.0,,,,,,,,35.95698,-86.84359,False,Crashes_2010_2019_MPO
100968738,2015-09-28,2015,,19.0,,,0,0,N,0.0,0.0,0.0,,,,,,,,36.04258,-86.83878,False,Crashes_2010_2019_MPO
100195793,2012-06-22,2012,,94.0,,,0,0,N,0.0,0.0,0.0,,,,,,,,36.03489,-86.78783,True,Crashes_2010_2019_MPO
100805647,2015-04-10,2015,,19.0,,,0,0,Y,0.0,0.0,1.0,,,,,,,,36.02687,-86.6808,False,Crashes_2010_2019_MPO
101686501,2017-06-29,2017,,19.0,,,0,1,N,0.0,1.0,0.0,,,,,,,,36.04555,-86.71133,False,Crashes_2010_2019_MPO
100337254,2013-06-03,2013,,94.0,,,0,0,N,0.0,0.0,0.0,,,,,,,,35.94666,-86.82383,False,Crashes_2010_2019_MPO
100921648,2015-08-12,2015,,19.0,,,0,0,N,0.0,0.0,0.0,,,,,,,,36.04201,-86.83461,False,Crashes_2010_2019_MPO
100458544,2014-02-28,2014,,94.0,,,0,0,N,0.0,0.0,0.0,,,,,,,,35.96464,-86.8148,True,Crashes_2010_2019_MPO
102403059,2019-05-28,2019,,94.0,,,0,0,N,0.0,0.0,0.0,,,,,,,,35.99381,-86.76074,True,Crashes_2010_2019_MPO
101132739,2016-03-12,2016,,94.0,,,0,0,N,0.0,0.0,0.0,,,,,,,,35.9651,-86.80025,True,Crashes_2010_2019_MPO
100510562,2014-05-18,2014,,94.0,,,0,0,N,0.0,0.0,0.0,,,,,,,,35.94749,-86.81754,False,Crashes_2010_2019_MPO
102102403,2018-08-08,2018,,94.0,,,0,0,N,0.0,0.0,0.0,,,,,,,,35.99745,-86.79573,True,Crashes_2010_2019_MPO
101791198,2017-10-13,2017,,94.0,,,0,0,N,0.0,0.0,0.0,,,,,,,,36.01978,-86.74213,False,Crashes_2010_2019_MPO
102220923,2018-11-20,2018,,94.0,,,0,0,N,0.0,0.0,0.0,,,,,,,,36.03291,-86.78897,True,Crashes_2010_2019_MPO
100360584,2013-07-30,2013,,94.0,,,0,0,N,0.0,0.0,0.0,,,,,,,,35.9325,-86.86245,False,Crashes_2010_2019_MPO
100853065,2015-05-31,2015,,94.0,,,0,0,N,0.0,0.0,0.0,,,,,,,,35.9634,-86.81074,False,Crashes_2010_2019_MPO
101795590,2017-10-18,2017,,19.0,,,0,0,N,0.0,0.0,0.0,,,,,,,,36.03764,-86.78502,False,Crashes_2010_2019_MPO
101106932,2016-02-16,2016,,94.0,,,0,0,N,0.0,0.0,0.0,,,,,,,,36.0139,-86.78549,True,Crashes_2010_2019_MPO
101003343,2015-11-05,2015,,19.0,,,0,0,N,0.0,0.0,0.0,,,,,,,,36.04003,-86.74388,False,Crashes_2010_2019_MPO
102546687,2019-10-23,2019,,94.0,,,0,0,N,0.0,0.0,0.0,,,,,,,,35.94889,-86.81961,False,Crashes_2010_2019_MPO
102566468,2019-11-13,2019,,94.0,,,0,0,N,0.0,0.0,0.0,,,,,,,,35.98986,-86.74386,True,Crashes_2010_2019_MPO
101901079,2018-01-25,2018,,94.0,,,0,0,N,0.0,0.0,0.0,,,,,,,,36.00074,-86.79436,True,Crashes_2010_2019_MPO
101035515,2015-11-24,2015,,19.0,,,0,0,N,0.0,0.0,0.0,,,,,,,,36.04001,-86.74347,False,Crashes_2010_2019_MPO
102401686,2019-05-24,2019,,94.0,,,0,0,N,0.0,0.0,0.0,,,,,,,,35.9393,-86.85749,False,Crashes_2010_2019_MPO
101884031,2018-01-11,2018,,19.0,,,0,0,N,0.0,0.0,0.0,,,,,,,,36.04519,-86.71577,False,Crashes_2010_2019_MPO
102264519,2019-01-02,2019,,19.0,,,0,0,N,0.0,0.0,0.0,,,,,,,,36.04026,-86.76821,False,Crashes_2010_2019_MPO
101328933,2016-08-16,2016,,94.0,,,0,0,N,0.0,0.0,0.0,,,,,,,,35.93516,-86.82217,False,Crashes_2010_2019_MPO
100642699,2014-10-13,2014,,94.0,,,0,0,N,0.0,0.0,0.0,,,,,,,,35.95742,-86.81063,False,Crashes_2010_2019_MPO
101268311,2016-06-17,2016,,94.0,,,0,0,N,0.0,0.0,0.0,,,,,,,,35.95231,-86.81801,False,Crashes_2010_2019_MPO
102126499,2018-08-29,2018,,94.0,,,0,0,N,0.0,0.0,0.0,,,,,,,,35.94869,-86.85022,False,Crashes_2010_2019_MPO
100729354,2015-01-29,2015,,94.0,,,0,0,N,0.0,0.0,0.0,,,,,,,,35.9379,-86.82191,False,Crashes_2010_2019_MPO
102216579,2018-11-19,2018,,94.0,,,0,0,N,0.0,0.0,0.0,,,,,,,,35.93292,-86.81159,False,Crashes_2010_2019_MPO
100054129,2011-05-05,2011,,94.0,,,0,0,N,0.0,0.0,0.0,,,,,,,,35.975318,-86.837951,False,Crashes_2010_2019_MPO
100679300,2014-11-12,2014,,94.0,,,0,0,N,0.0,0.0,0.0,,,,,,,,35.97637,-86.82795,True,Crashes_2010_2019_MPO
101376503,2016-09-21,2016,,19.0,,,0,0,N,0.0,0.0,0.0,,,,,,,,36.04829,-86.86631,False,Crashes_2010_2019_MPO
102160951,2018-09-28,2018,,19.0,,,0,0,N,0.0,0.0,0.0,,,,,,,,36.03794,-86.79742,False,Crashes_2010_2019_MPO
102450621,2019-07-18,2019,,19.0,,,0,0,N,0.0,0.0,0.0,,,,,,,,36.0409,-86.77938,False,Crashes_2010_2019_MPO