mstrrecnbr,collision_ts,year,county,countystat,crash,crash_type,fatalities,non_motorists,commercial,fatal_c,nonmotor_c,truck_c,fatalc,serious_injuries,ped,bike,lighting,weather,first_harmful_event,latitude,longitude,in_city,src_layer
102038638,2018-06-08,2018,,94.0,,,0,0,N,0.0,0.0,0.0,,,,,,,,35.96109,-86.80936,False,Crashes_2010_2019_MPO
101326324,2016-08-12,2016,,94.0,,,0,0,N,0.0,0.0,0.0,,,,,,,,35.93933,-86.85747,False,Crashes_2010_2019_MPO
101430672,2016-11-03,2016,,19.0,,,0,0,N,0.0,0.0,0.0,,,,,,,,36.04671,-86.70214,False,Crashes_2010_2019_MPO
100589189,2014-07-30,2014,,94.0,,,0,0,N,0.0,0.0,0.0,,,,,,,,35.96755,-86.81669,True,Crashes_2010_2019_MPO
101604853,2017-04-05,2017,,94.0,,,0,0,N,0.0,0.0,0.0,,,,,,,,35.92896,-86.78649,False,Crashes_2010_2019_MPO
102024081,2018-05-27,2018,,19.0,,,0,0,N,0.0,0.0,0.0,,,,,,,,36.04718,-86.86223,False,Crashes_2010_2019_MPO
101629031,2017-04-29,2017,,19.0,,,0,0,N,0.0,0.0,0.0,,,,,,,,35.99606,-86.69071,False,Crashes_2010_2019_MPO
100923825,2015-08-15,2015,,19.0,,,0,0,N,0.0,0.0,0.0,,,,,,,,36.03836,-86.7842,False,Crashes_2010_2019_MPO
101192369,2016-05-11,2016,,94.0,,,0,0,N,0.0,0.0,0.0,,,,,,,,35.94631,-86.8236,False,Crashes_2010_2019_MPO
101669748,2017-06-10,2017,,94.0,,,0,0,N,0.0,0.0,0.0,,,,,,,,35.92641,-86.82453,False,Crashes_2010_2019_MPO
100876736,2015-06-26,2015,,19.0,,,0,0,N,0.0,0.0,0.0,,,,,,,,36.03599,-86.78721,True,Crashes_2010_2019_MPO
102165910,2018-10-02,2018,,94.0,,,0,0,N,0.0,0.0,0.0,,,,,,,,36.03175,-86.78961,True,Crashes_2010_2019_MPO
101548885,2017-02-09,2017,,19.0,,,0,0,N,0.0,0.0,0.0,,,,,,,,36.04925,-86.81614,False,Crashes_2010_2019_MPO
101859759,2017-12-15,2017,,94.0,,,0,0,N,0.0,0.0,0.0,,,,,,,,35.96658,-86.80964,True,Crashes_2010_2019_MPO
101801830,2017-10-24,2017,,19.0,,,0,0,N,0.0,0.0,0.0,,,,,,,,36.05107,-86.68398,False,Crashes_2010_2019_MPO
100998497,2015-10-28,2015,,19.0,,,0,0,N,0.0,0.0,0.0,,,,,,,,36.03608,-86.78285,False,Crashes_2010_2019_MPO
101063846,2015-12-21,2015,,94.0,,,0,0,N,0.0,0.0,0.0,,,,,,,,35.96654,-86.80937,True,Crashes_2010_2019_MPO
102415392,2019-06-10,2019,,19.0,,,0,0,N,0.0,0.0,0.0,,,,,,,,36.04001,-86.74347,False,Crashes_2010_2019_MPO
100283619,2013-01-24,2013,,94.0,,,0,0,N,0.0,0.0,0.0,,,,,,,,35.95924,-86.80209,False,Crashes_2010_2019_MPO
101407151,2016-10-19,2016,,19.0,,,0,0,N,0.0,0.0,0.0,,,,,,,,36.04245,-86.71294,False,Crashes_2010_2019_MPO
101462008,2016-11-28,2016,,19.0,,,0,0,N,0.0,0.0,0.0,,,,,,,,36.04179,-86.7824,False,Crashes_2010_2019_MPO
101540594,2017-01-31,2017,,19.0,,,0,0,N,0.0,0.0,0.0,,,,,,,,36.03328,-86.7771,False,Crashes_2010_2019_MPO
101582409,2017-03-13,2017,,94.0,,,0,0,N,0.0,0.0,0.0,,,,,,,,35.96523,-86.72705,True,Crashes_2010_2019_MPO
101232124,2016-05-25,2016,,19.0,,,0,0,N,0.0,0.0,0.0,,,,,,,,36.03991,-86.78098,False,Crashes_2010_2019_MPO
102545883,2019-10-22,2019,,94.0,,,0,0,N,0.0,0.0,0.0,,,,,,,,35.97716,-86.67813,False,Crashes_2010_2019_MPO
101650274,2017-05-20,2017,,94.0,,,0,0,N,0.0,0.0,0.0,,,,,,,,35.94701,-86.82139,False,Crashes_2010_2019_MPO
101934692,2018-03-05,2018,,94.0,,,0,0,N,0.0,0.0,0.0,,,,,,,,35.93363,-86.81955,False,Crashes_2010_2019_MPO
100360193,2013-07-29,2013,,94.0,,,0,0,N,0.0,0.0,0.0,,,,,,,,35.94951,-86.81931,False,Crashes_2010_2019_MPO
100270361,2012-12-22,2012,,94.0,,,0,0,N,0.0,0.0,0.0,,,,,,,,35.98178,-86.77722,True,Crashes_2010_2019_MPO
101436040,2016-11-10,2016,,19.0,,,0,0,N,0.0,0.0,0.0,,,,,,,,36.04018,-86.70512,False,Crashes_2010_2019_MPO
102133919,2018-09-04,2018,,19.0,,,0,0,N,0.0,0.0,0.0,,,,,,,,36.01988,-86.71129,False,Crashes_2010_2019_MPO
101431988,2016-11-04,2016,,94.0,,,0,0,N,0.0,0.0,0.0,,,,,,,,35.96681,-86.81119,True,Crashes_2010_2019_MPO
101748218,2017-09-01,2017,,94.0,,,0,0,N,0.0,0.0,0.0,,,,,,,,35.99107,-86.77834,True,Crashes_2010_2019_MPO
101644862,2017-05-15,2017,,94.0,,,0,0,N,0.0,0.0,0.0,,,,,,,,35.92332,-86.87206,False,Crashes_2010_2019_MPO
101747379,2017-08-31,2017,,19.0,,,0,0,N,0.0,0.0,0.0,,,,,,,,36.03784,-86.79778,False,Crashes_2010_2019_MPO
102604096,2019-12-20,2019,,94.0,,,0,0,N,0.0,0.0,0.0,,,,,,,,36.03336,-86.78872,True,Crashes_2010_2019_MPO
100386414,2013-10-02,2013,,94.0,,,0,0,N,0.0,0.0,0.0,,,,,,,,35.94424,-86.84585,False,Crashes_2010_2019_MPO
101045569,2015-12-08,2015,,19.0,,,0,0,N,0.0,0.0,0.0,,,,,,,,36.04479,-86.72487,False,Crashes_2010_2019_MPO
100822949,2015-04-24,2015,,94.0,,,0,0,N,0.0,0.0,0.0,,,,,,,,35.99932,-86.80904,True,Crashes_2010_2019_MPO
101363578,2016-09-17,2016,,94.0,,,0,0,N,0.0,0.0,0.0,,,,,,,,36.01324,-86.73867,True,Crashes_2010_2019_MPO
101033216,2015-11-20,2015,,19.0,,,0,0,N,0.0,0.0,0.0,,,,,,,,36.04046,-86.76993,False,Crashes_2010_2019_MPO
101165232,2016-03-29,2016,,94.0,,,0,0,N,0.0,0.0,0.0,,,,,,,,36.00072,-86.75349,True,Crashes_2010_2019_MPO
100317902,2013-04-18,2013,,94.0,,,0,0,N,0.0,0.0,0.0,,,,,,,,35.94761,-86.81992,False,Crashes_2010_2019_MPO
101867034,2017-12-22,2017,,94.0,,,0,0,N,0.0,0.0,0.0,,,,,,,,35.93475,-86.82166,False,Crashes_2010_2019_MPO
102528784,2019-10-03,2019,,94.0,,,0,0,N,0.0,0.0,0.0,,,,,,,,35.93423,-86.81894,False,Crashes_2010_2019_MPO
100322725,2013-04-29,2013,,94.0,,,0,0,N,0.0,0.0,0.0,,,,,,,,35.95655,-86.82564,False,Crashes_2010_2019_MPO
101238479,2016-06-03,2016,,94.0,,,0,0,N,0.0,0.0,0.0,,,,,,,,35.95667,-86.81507,False,Crashes_2010_2019_MPO
101706804,2017-07-20,2017,,94.0,,,0,0,N,0.0,0.0,0.0,,,,,,,,36.03122,-86.87558,False,Crashes_2010_2019_MPO
100936986,2015-08-21,2015,,94.0,,,0,0,N,0.0,0.0,0.0,,,,,,,,36.03562,-86.78582,True,Crashes_2010_2019_MPO
101486715,2016-12-24,2016,,19.0,,,0,0,N,0.0,0.0,0.0,,,,,,,,36.04201,-86.78234,False,Crashes_2010_2019_MPO
100803130,2015-04-03,2015,,94.0,,,0,0,N,0.0,0.0,0.0,,,,,,,,35.98542,-86.76329,True,Crashes_2010_2019_MPO
100638206,2014-10-03,2014,,94.0,,,0,0,N,0.0,0.0,0.0,,,,,,,,35.94095,-86.83889,False,Crashes_2010_2019_MPO
101208513,2016-05-20,2016,,94.0,,,0,0,N,0.0,0.0,0.0,,,,,,,,36.01727,-86.74635,True,Crashes_2010_2019_MPO
100510904,2014-05-19,2014,,94.0,,,0,0,N,0.0,0.0,0.0,,,,,,,,35.93065,-86.87631,False,Crashes_2010_2019_MPO
100803595,2015-04-05,2015,,19.0,,,0,0,N,0.0,0.0,0.0,,,,,,,,36.04222,-86.83621,False,Crashes_2010_2019_MPO
101824922,2017-11-13,2017,,94.0,,,0,0,N,0.0,0.0,0.0,,,,,,,,36.03319,-86.7876,True,Crashes_2010_2019_MPO
100174036,2012-04-28,2012,,94.0,,,0,0,N,0.0,0.0,0.0,,,,,,,,36.0299,-86.8652,False,Crashes_2010_2019_MPO
100405391,2013-11-15,2013,,94.0,,,0,0,N,0.0,0.0,0.0,,,,,,,,36.01382,-86.80587,True,Crashes_2010_2019_MPO
101584221,2017-03-15,2017,,94.0,,,0,0,N,0.0,0.0,0.0,,,,,,,,35.98459,-86.80146,True,Crashes_2010_2019_MPO
102193986,2018-10-29,2018,,94.0,,,0,0,N,0.0,0.0,0.0,,,,,,,,36.03318,-86.78282,True,Crashes_2010_2019_MPO
100703620,2014-12-08,2014,,94.0,,,0,0,N,0.0,0.0,0.0,,,,,,,,35.92934,-86.84038,False,Crashes_2010_2019_MPO
101208977,2016-05-20,2016,,19.0,,,0,0,N,0.0,0.0,0.0,,,,,,,,36.04459,-86.68689,False,Crashes_2010_2019_MPO
101102990,2016-02-10,2016,,94.0,,,0,0,N,0.0,0.0,0.0,,,,,,,,35.96383,-86.82676,False,Crashes_2010_2019_MPO
101062394,2015-12-18,2015,,94.0,,,0,0,N,0.0,0.0,0.0,,,,,,,,35.99601,-86.78411,True,Crashes_2010_2019_MPO
102339107,2019-03-23,2019,,94.0,,,0,0,N,0.0,0.0,0.0,,,,,,,,35.93001,-86.82016,False,Crashes_2010_2019_MPO
102520027,2019-09-25,2019,,19.0,,,0,0,N,0.0,0.0,0.0,,,,,,,,36.01833,-86.7083,False,Crashes_2010_2019_MPO
101883435,2018-01-10,2018,,94.0,,,0,0,N,0.0,0.0,0.0,,,,,,,,36.024,-86.7861,True,Crashes_2010_2019_MPO
101187416,2016-05-04,2016,,94.0,,,0,0,N,0.0,0.0,0.0,,,,,,,,35.96658,-86.80964,True,Crashes_2010_2019_MPO
100349803,2013-07-03,2013,,94.0,,,0,0,N,0.0,0.0,0.0,,,,,,,,35.95979,-86.81369,False,Crashes_2010_2019_MPO
100458090,2014-02-26,2014,,94.0,,,0,0,N,0.0,0.0,0.0,,,,,,,,35.9254,-86.86851,False,Crashes_2010_2019_MPO
101796471,2017-10-18,2017,,19.0,,,0,0,N,0.0,0.0,0.0,,,,,,,,36.03899,-86.78258,False,Crashes_2010_2019_MPO
100924150,2015-08-16,2015,,94.0,,,0,0,N,0.0,0.0,0.0,,,,,,,,35.94682,-86.82192,False,Crashes_2010_2019_MPO
102208759,2018-11-12,2018,,19.0,,,0,0,N,0.0,0.0,0.0,,,,,,,,36.0374,-86.78657,False,Crashes_2010_2019_MPO
100807911,2015-04-14,2015,,19.0,,,0,0,N,0.0,0.0,0.0,,,,,,,,36.038,-86.74348,False,Crashes_2010_2019_MPO
102094078,2018-07-31,2018,,94.0,,,0,0,N,0.0,0.0,0.0,,,,,,,,36.03336,-86.78872,True,Crashes_2010_2019_MPO
101361414,2016-09-15,2016,,94.0,,,0,0,N,0.0,0.0,0.0,,,,,,,,35.98465,-86.72556,True,Crashes_2010_2019_MPO
101550024,2017-02-10,2017,,94.0,,,0,0,N,0.0,0.0,0.0,,,,,,,,35.9857,-86.8011,True,Crashes_2010_2019_MPO
102595075,2019-12-09,2019,,94.0,,,0,0,N,0.0,0.0,0.0,,,,,,,,36.0312,-86.7882,True,Crashes_2010_2019_MPO
100587157,2014-07-24,2014,,94.0,,,0,0,N,0.0,0.0,0.0,,,,,,,,35.93126,-86.87663,False,Crashes_2010_2019_MPO
101841029,2017-11-28,2017,,94.0,,,0,0,N,0.0,0.0,0.0,,,,,,,,35.93465,-86.86087,False,Crashes_2010_2019_MPO
101852774,2017-12-08,2017,,94.0,,,0,0,N,0.0,0.0,0.0,,,,,,,,35.97776,-86.80359,True,Crashes_2010_2019_MPO
102471376,2019-08-08,2019,,94.0,,,0,0,N,0.0,0.0,0.0,,,,,,,,35.99922,-86.80923,True,Crashes_2010_2019_MPO
101567523,2017-02-27,2017,,94.0,,,0,0,N,0.0,0.0,0.0,,,,,,,,35.9579,-86.80257,False,Crashes_2010_2019_MPO
102374239,2019-04-28,2019,,94.0,,,0,0,N,0.0,0.0,0.0,,,,,,,,35.93227,-86.84109,False,Crashes_2010_2019_MPO
101594383,2017-03-26,2017,,19.0,,,0,0,N,0.0,0.0,0.0,,,,,,,,36.03947,-86.78179,False,Crashes_2010_2019_MPO
102545607,2019-10-22,2019,,19.0,,,0,0,N,0.0,0.0,0.0,,,,,,,,36.04557,-86.71114,False,Crashes_2010_2019_MPO
100919004,2015-08-07,2015,,94.0,,,0,0,N,0.0,0.0,0.0,,,,,,,,35.99924,-86.80919,True,Crashes_2010_2019_MPO
102362515,2019-04-16,2019,,94.0,,,0,0,N,0.0,0.0,0.0,,,,,,,,35.96589,-86.80316,True,Crashes_2010_2019_MPO
101330356,2016-08-18,2016,,94.0,,,0,0,N,0.0,0.0,0.0,,,,,,,,35.99781,-86.79886,True,Crashes_2010_2019_MPO
102143505,2018-09-12,2018,,94.0,,,0,0,N,0.0,0.0,0.0,,,,,,,,35.98591,-86.71216,True,Crashes_2010_2019_MPO
101463143,2016-11-28,2016,,94.0,,,0,0,N,0.0,0.0,0.0,,,,,,,,35.96798,-86.81833,True,Crashes_2010_2019_MPO
102151872,2018-09-17,2018,,94.0,,,0,0,N,0.0,0.0,0.0,,,,,,,,35.92974,-86.85585,False,Crashes_2010_2019_MPO
102478272,2019-08-15,2019,,19.0,,,0,0,N,0.0,0.0,0.0,,,,,,,,36.04196,-86.7127,False,Crashes_2010_2019_MPO
100385016,2013-09-28,2013,,94.0,,,0,0,N,0.0,0.0,0.0,,,,,,,,35.97754,-86.85326,False,Crashes_2010_2019_MPO
101875417,2018-01-01,2018,,94.0,,,0,0,N,0.0,0.0,0.0,,,,,,,,35.99583,-86.79758,True,Crashes_2010_2019_MPO
101148929,2016-03-22,2016,,94.0,,,0,0,N,0.0,0.0,0.0,,,,,,,,35.93172,-86.79411,False,Crashes_2010_2019_MPO
100948284,2015-09-10,2015,,19.0,,,0,0,N,0.0,0.0,0.0,,,,,,,,36.0344,-86.74356,False,Crashes_2010_2019_MPO
102019563,2018-05-23,2018,,94.0,,,0,0,N,0.0,0.0,0.0,,,,,,,,35.95526,-86.82588,False,Crashes_2010_2019_MPO
101734490,2017-08-10,2017,,94.0,,,0,0,N,0.0,0.0,0.0,,,,,,,,35.955619,-86.819113,False,Crashes_2010_2019_MPO
101972676,2018-04-09,2018,,94.0,,,0,0,N,0.0,0.0,0.0,,,,,,,,35.96161,-86.87943,False,Crashes_2010_2019_MPO
101689144,2017-07-01,2017,,19.0,,,0,0,N,0.0,0.0,0.0,,,,,,,,36.04226,-86.83152,False,Crashes_2010_2019_MPO
101240805,2016-06-07,2016,,94.0,,,0,0,N,0.0,0.0,0.0,,,,,,,,35.92866,-86.8242,False,Crashes_2010_2019_MPO
102511030,2019-09-16,2019,,94.0,,,0,0,N,0.0,0.0,0.0,,,,,,,,35.93033,-86.8031,False,Crashes_2010_2019_MPO
100857425,2015-06-08,2015,,19.0,,,0,0,N,0.0,0.0,0.0,,,,,,,,36.03804,-86.78445,False,Crashes_2010_2019_MPO
102153045,2018-09-21,2018,,94.0,,,0,0,N,0.0,0.0,0.0,,,,,,,,35.95198,-86.81788,False,Crashes_2010_2019_MPO
100751171,2015-02-21,2015,,94.0,,,0,0,N,0.0,0.0,0.0,,,,,,,,35.93554,-86.82375,False,Crashes_2010_2019_MPO
101042302,2015-12-03,2015,,94.0,,,0,0,N,0.0,0.0,0.0,,,,,,,,35.93876,-86.68538,False,Crashes_2010_2019_MPO
101782557,2017-10-05,2017,,19.0,,,0,0,N,0.0,0.0,0.0,,,,,,,,36.0384,-86.78265,False,Crashes_2010_2019_MPO
101328935,2016-08-16,2016,,94.0,,,0,0,N,0.0,0.0,0.0,,,,,,,,35.94687,-86.85168,False,Crashes_2010_2019_MPO
101191578,2016-05-10,2016,,94.0,,,0,0,N,0.0,0.0,0.0,,,,,,,,35.9583,-86.8023,False,Crashes_2010_2019_MPO
100731086,2015-02-02,2015,,94.0,,,0,0,N,0.0,0.0,0.0,,,,,,,,35.9782,-86.76106,True,Crashes_2010_2019_MPO
10824820,2011-09-05,2011,,19.0,,,0,0, ,0.0,0.0,0.0,,,,,,,,36.053335,-86.736985,False,Crashes_2010_2019_MPO
101325811,2016-08-12,2016,,94.0,,,0,0,N,0.0,0.0,0.0,,,,,,,,35.96532,-86.79992,True,Crashes_2010_2019_MPO
102567179,2019-11-13,2019,,19.0,,,0,0,N,0.0,0.0,0.0,,,,,,,,36.0389,-86.78251,False,Crashes_2010_2019_MPO
101646610,2017-05-17,2017,,94.0,,,0,0,N,0.0,0.0,0.0,,,,,,,,35.96599,-86.8047,True,Crashes_2010_2019_MPO
102539918,2019-10-16,2019,,94.0,,,0,0,N,0.0,0.0,0.0,,,,,,,,35.94746,-86.81425,False,Crashes_2010_2019_MPO
102239850,2018-12-07,2018,,94.0,,,0,0,N,0.0,0.0,0.0,,,,,,,,35.9605,-86.81179,False,Crashes_2010_2019_MPO
102503650,2019-09-09,2019,,19.0,,,0,0,N,0.0,0.0,0.0,,,,,,,,36.04334,-86.69223,False,Crashes_2010_2019_MPO
101271813,2016-06-24,2016,,19.0,,,0,0,N,0.0,0.0,0.0,,,,,,,,36.04479,-86.72487,False,Crashes_2010_2019_MPO
100884845,2015-07-11,2015,,94.0,,,0,0,N,0.0,0.0,0.0,,,,,,,,35.99615,-86.78804,True,Crashes_2010_2019_MPO
100259118,2012-11-29,2012,,94.0,,,0,0,N,0.0,0.0,0.0,,,,,,,,35.97332,-86.83308,True,Crashes_2010_2019_MPO
101683515,2017-06-26,2017,,94.0,,,0,0,N,0.0,0.0,0.0,,,,,,,,35.98374,-86.77746,True,Crashes_2010_2019_MPO
100753245,2015-02-26,2015,,94.0,,,0,0,N,0.0,0.0,0.0,,,,,,,,35.92342,-86.82247,False,Crashes_2010_2019_MPO
100754934,2015-03-01,2015,,94.0,,,0,0,N,0.0,0.0,0.0,,,,,,,,35.98179,-86.67846,False,Crashes_2010_2019_MPO
101405992,2016-10-17,2016,,94.0,,,0,0,Y,0.0,0.0,1.0,,,,,,,,36.0029,-86.80731,True,Crashes_2010_2019_MPO
101990020,2018-04-26,2018,,94.0,,,0,0,N,0.0,0.0,0.0,,,,,,,,35.94375,-86.81539,False,Crashes_2010_2019_MPO
100925658,2015-08-18,2015,,94.0,,,0,0,N,0.0,0.0,0.0,,,,,,,,35.93845,-86.80986,False,Crashes_2010_2019_MPO
100364200,2013-08-08,2013,,94.0,,,0,0,N,0.0,0.0,0.0,,,,,,,,35.97021,-86.72533,True,Crashes_2010_2019_MPO
100699239,2014-12-01,2014,,94.0,,,0,0,N,0.0,0.0,0.0,,,,,,,,36.03652,-86.80099,True,Crashes_2010_2019_MPO
100755416,2015-03-02,2015,,19.0,,,0,0,N,0.0,0.0,0.0,,,,,,,,36.03569,-86.74027,False,Crashes_2010_2019_MPO
100573548,2014-07-15,2014,,94.0,,,0,0,N,0.0,0.0,0.0,,,,,,,,35.99551,-86.77889,True,Crashes_2010_2019_MPO
101540851,2017-02-01,2017,,94.0,,,0,0,Y,0.0,0.0,1.0,,,,,,,,36.03364,-86.78321,True,Crashes_2010_2019_MPO
100914316,2015-07-29,2015,,19.0,,,0,0,N,0.0,0.0,0.0,,,,,,,,36.04542,-86.71317,False,Crashes_2010_2019_MPO
101888318,2018-01-16,2018,,19.0,,,0,0,N,0.0,0.0,0.0,,,,,,,,36.02645,-86.70276,False,Crashes_2010_2019_MPO
100752567,2015-02-20,2015,,94.0,,,0,0,N,0.0,0.0,0.0,,,,,,,,35.94082,-86.83134,False,Crashes_2010_2019_MPO
102493592,2019-08-30,2019,,94.0,,,0,0,N,0.0,0.0,0.0,,,,,,,,35.96087,-86.80944,False,Crashes_2010_2019_MPO
102550692,2019-10-25,2019,,94.0,,,0,0,N,0.0,0.0,0.0,,,,,,,,35.95594,-86.83223,False,Crashes_2010_2019_MPO
101557147,2017-02-17,2017,,94.0,,,0,0,N,0.0,0.0,0.0,,,,,,,,36.03488,-86.80405,True,Crashes_2010_2019_MPO
101610347,2017-04-10,2017,,94.0,,,0,0,N,0.0,0.0,0.0,,,,,,,,35.92925,-86.85341,False,Crashes_2010_2019_MPO
101464924,2016-12-01,2016,,94.0,,,0,0,N,0.0,0.0,0.0,,,,,,,,35.95258,-86.68408,False,Crashes_2010_2019_MPO
100564584,2014-06-23,2014,,94.0,,,0,0,N,0.0,0.0,0.0,,,,,,,,35.94705,-86.82135,False,Crashes_2010_2019_MPO
102148157,2018-09-17,2018,,19.0,,,0,0,N,0.0,0.0,0.0,,,,,,,,36.03874,-86.78398,False,Crashes_2010_2019_MPO
100274090,2012-12-31,2012,,94.0,,,0,0,N,0.0,0.0,0.0,,,,,,,,35.99004,-86.74527,True,Crashes_2010_2019_MPO
101803548,2017-10-25,2017,,94.0,,,0,0,N,0.0,0.0,0.0,,,,,,,,35.9253,-86.86876,False,Crashes_2010_2019_MPO
102540504,2019-10-17,2019,,19.0,,,0,0,N,0.0,0.0,0.0,,,,,,,,36.03736,-86.78696,False,Crashes_2010_2019_MPO
100419710,2013-12-15,2013,,94.0,,,0,0,N,0.0,0.0,0.0,,,,,,,,35.92606,-86.87148,False,Crashes_2010_2019_MPO
100336664,2013-06-01,2013,,94.0,,,0,0,N,0.0,0.0,0.0,,,,,,,,36.01331,-86.8623,False,Crashes_2010_2019_MPO
100974983,2015-10-07,2015,,94.0,,,0,0,N,0.0,0.0,0.0,,,,,,,,35.94683,-86.85172,False,Crashes_2010_2019_MPO
100711309,2014-12-22,2014,,94.0,,,0,0,N,0.0,0.0,0.0,,,,,,,,35.92509,-86.87355,False,Crashes_2010_2019_MPO
100368216,2013-08-17,2013,,94.0,,,0,0,N,0.0,0.0,0.0,,,,,,,,35.92954,-86.84187,False,Crashes_2010_2019_MPO
101833827,2017-11-22,2017,,19.0,,,0,0,Y,0.0,0.0,1.0,,,,,,,,36.04064,-86.7819,False,Crashes_2010_2019_MPO
101936713,2018-03-07,2018,,19.0,,,0,0,N,0.0,0.0,0.0,,,,,,,,36.04001,-86.74347,False,Crashes_2010_2019_MPO
102177087,2018-10-13,2018,,94.0,,,0,0,N,0.0,0.0,0.0,,,,,,,,35.96205,-86.81195,False,Crashes_2010_2019_MPO
102546075,2019-10-23,2019,,19.0,,,0,0,N,0.0,0.0,0.0,,,,,,,,36.04569,-86.72065,False,Crashes_2010_2019_MPO
101850128,2017-12-06,2017,,94.0,,,0,0,N,0.0,0.0,0.0,,,,,,,,35.93306,-86.7812,False,Crashes_2010_2019_MPO
101358692,2016-09-11,2016,,94.0,,,0,0,N,0.0,0.0,0.0,,,,,,,,35.93702,-86.80525,False,Crashes_2010_2019_MPO
100246457,2012-11-01,2012,,94.0,,,0,0,N,0.0,0.0,0.0,,,,,,,,35.96824,-86.80316,True,Crashes_2010_2019_MPO
101318613,2016-08-01,2016,,94.0,,,0,0,N,0.0,0.0,0.0,,,,,,,,35.98618,-86.80066,True,Crashes_2010_2019_MPO
102405388,2019-05-31,2019,,94.0,,,0,0,N,0.0,0.0,0.0,,,,,,,,35.94069,-86.8167,False,Crashes_2010_2019_MPO
102580341,2019-11-26,2019,,94.0,,,0,0,N,0.0,0.0,0.0,,,,,,,,36.0343,-86.79174,True,Crashes_2010_2019_MPO
102599413,2019-12-16,2019,,94.0,,,0,0,N,0.0,0.0,0.0,,,,,,,,35.98614,-86.778,True,Crashes_2010_2019_MPO
101180974,2016-04-22,2016,,94.0,,,0,0,N,0.0,0.0,0.0,,,,,,,,35.94913,-86.81951,False,Crashes_2010_2019_MPO
102141384,2018-09-11,2018,,94.0,,,0,0,N,0.0,0.0,0.0,,,,,,,,36.02606,-86.87904,False,Crashes_2010_2019_MPO
102481844,2019-08-19,2019,,94.0,,,0,0,N,0.0,0.0,0.0,,,,,,,,35.94699,-86.81153,False,Crashes_2010_2019_MPO
102575106,2019-11-21,2019,,94.0,,,0,0,N,0.0,0.0,0.0,,,,,,,,35.93231,-86.81936,False,Crashes_2010_2019_MPO
102087052,2018-07-26,2018,,94.0,,,0,0,N,0.0,0.0,0.0,,,,,,,,35.93374,-86.81767,False,Crashes_2010_2019_MPO
102333790,2019-03-16,2019,,94.0,,,0,0,N,0.0,0.0,0.0,,,,,,,,35.952,-86.73307,True,Crashes_2010_2019_MPO
900079333,2010-01-29,2010,,94.0,,,0,0, ,0.0,0.0,0.0,,,,,,,,35.984058,-86.845818,False,Crashes_2010_2019_MPO
101968203,2018-04-05,2018,,19.0,,,0,0,N,0.0,0.0,0.0,,,,,,,,36.04519,-86.71529,False,Crashes_2010_2019_MPO
100738049,2015-02-16,2015,,19.0,,,0,0,N,0.0,0.0,0.0,,,,,,,,36.04215,-86.78204,False,Crashes_2010_2019_MPO
102475665,2019-08-12,2019,,94.0,,,0,0,N,0.0,0.0,0.0,,,,,,,,35.96475,-86.81509,True,Crashes_2010_2019_MPO
101647221,2017-05-17,2017,,19.0,,,0,0,N,0.0,0.0,0.0,,,,,,,,36.04922,-86.81614,False,Crashes_2010_2019_MPO
101936665,2018-03-07,2018,,94.0,,,0,0,N,0.0,0.0,0.0,,,,,,,,35.94049,-86.83222,False,Crashes_2010_2019_MPO
100734680,2015-02-07,2015,,94.0,,,0,0,N,0.0,0.0,0.0,,,,,,,,35.97101,-86.80616,True,Crashes_2010_2019_MPO
102190620,2018-10-26,2018,,94.0,,,0,0,N,0.0,0.0,0.0,,,,,,,,36.01377,-86.80563,True,Crashes_2010_2019_MPO
100695267,2014-11-23,2014,,94.0,,,0,0,N,0.0,0.0,0.0,,,,,,,,35.96074,-86.81286,False,Crashes_2010_2019_MPO
101835732,2017-11-23,2017,,19.0,,,0,0,N,0.0,0.0,0.0,,,,,,,,36.04,-86.74325,False,Crashes_2010_2019_MPO
102393890,2019-05-19,2019,,94.0,,,0,0,N,0.0,0.0,0.0,,,,,,,,35.94687,-86.85168,False,Crashes_2010_2019_MPO
102037945,2018-06-09,2018,,19.0,,,0,0,N,0.0,0.0,0.0,,,,,,,,36.04181,-86.82443,False,Crashes_2010_2019_MPO
100917137,2015-08-04,2015,,94.0,,,0,0,N,0.0,0.0,0.0,,,,,,,,36.03322,-86.78256,True,Crashes_2010_2019_MPO
102117200,2018-08-21,2018,,94.0,,,0,0,N,0.0,0.0,0.0,,,,,,,,35.92546,-86.87275,False,Crashes_2010_2019_MPO
101575855,2017-03-07,2017,,94.0,,,0,0,N,0.0,0.0,0.0,,,,,,,,35.932,-86.86284,False,Crashes_2010_2019_MPO
100885665,2015-07-12,2015,,19.0,,,0,0,N,0.0,0.0,0.0,,,,,,,,36.04531,-86.70166,False,Crashes_2010_2019_MPO
101796830,2017-10-19,2017,,19.0,,,0,0,N,0.0,0.0,0.0,,,,,,,,36.03255,-86.71621,False,Crashes_2010_2019_MPO
102611409,2019-12-30,2019,,19.0,,,0,0,N,0.0,0.0,0.0,,,,,,,,36.04543,-86.70361,False,Crashes_2010_2019_MPO
102337057,2019-03-19,2019,,19.0,,,0,0,N,0.0,0.0,0.0,,,,,,,,36.04576,-86.72528,False,Crashes_2010_2019_MPO
102315040,2019-02-25,2019,,19.0,,,0,0,N,0.0,0.0,0.0,,,,,,,,36.04393,-86.76221,False,Crashes_2010_2019_MPO
100825693,2015-04-29,2015,,94.0,,,0,0,N,0.0,0.0,0.0,,,,,,,,36.03336,-86.78872,True,Crashes_2010_2019_MPO
102062095,2018-07-03,2018,,19.0,,,0,0,N,0.0,0.0,0.0,,,,,,,,36.04481,-86.71319,False,Crashes_2010_2019_MPO
101099011,2016-02-03,2016,,94.0,,,0,0,N,0.0,0.0,0.0,,,,,,,,35.923,-86.87353,False,Crashes_2010_2019_MPO
101815955,2017-11-05,2017,,19.0,,,0,0,N,0.0,0.0,0.0,,,,,,,,36.0411,-86.77588,False,Crashes_2010_2019_MPO