mstrrecnbr,collision_ts,year,county,countystat,crash,crash_type,fatalities,non_motorists,commercial,fatal_c,nonmotor_c,truck_c,fatalc,serious_injuries,ped,bike,lighting,weather,first_harmful_event,latitude,longitude,in_city,src_layer
101096789,2016-01-30,2016,,94.0,,,0,0,N,0.0,0.0,0.0,,,,,,,,36.00462,-86.79068,True,Crashes_2010_2019_MPO
102088813,2018-07-27,2018,,19.0,,,0,0,N,0.0,0.0,0.0,,,,,,,,36.04245,-86.71294,False,Crashes_2010_2019_MPO
100461854,2014-03-08,2014,,19.0,,,0,1,N,0.0,1.0,0.0,,,,,,,,36.02606,-86.87904,False,Crashes_2010_2019_MPO
102424931,2019-06-21,2019,,19.0,,,0,0,N,0.0,0.0,0.0,,,,,,,,36.0395,-86.78176,False,Crashes_2010_2019_MPO
101613909,2017-04-14,2017,,94.0,,,0,0,N,0.0,0.0,0.0,,,,,,,,35.96946,-86.82,True,Crashes_2010_2019_MPO
102025374,2018-05-24,2018,,94.0,,,0,0,N,0.0,0.0,0.0,,,,,,,,36.01057,-86.78532,True,Crashes_2010_2019_MPO
102063942,2018-07-04,2018,,94.0,,,0,0,N,0.0,0.0,0.0,,,,,,,,35.92959,-86.85556,False,Crashes_2010_2019_MPO
101344449,2016-08-23,2016,,94.0,,,0,0,N,0.0,0.0,0.0,,,,,,,,35.966656,-86.809204,True,Crashes_2010_2019_MPO
101097998,2016-02-01,2016,,94.0,,,0,0,N,0.0,0.0,0.0,,,,,,,,35.9479,-86.81949,False,Crashes_2010_2019_MPO
100925570,2015-08-15,2015,,19.0,,,0,0,N,0.0,0.0,0.0,,,,,,,,36.05275,-86.68632,False,Crashes_2010_2019_MPO
101356994,2016-09-08,2016,,94.0,,,0,0,N,0.0,0.0,0.0,,,,,,,,35.94175,-86.82119,False,Crashes_2010_2019_MPO
101672926,2017-06-14,2017,,19.0,,,0,0,N,0.0,0.0,0.0,,,,,,,,36.04545,-86.70393,False,Crashes_2010_2019_MPO
101635141,2017-05-05,2017,,94.0,,,0,0,N,0.0,0.0,0.0,,,,,,,,35.93469,-86.86084,False,Crashes_2010_2019_MPO
101098650,2016-02-03,2016,,19.0,,,0,0,N,0.0,0.0,0.0,,,,,,,,36.04333,-86.84376,False,Crashes_2010_2019_MPO
100736058,2015-02-12,2015,,94.0,,,0,0,N,0.0,0.0,0.0,,,,,,,,35.96538,-86.81421,False,Crashes_2010_2019_MPO
102528715,2019-10-04,2019,,94.0,,,0,0,N,0.0,0.0,0.0,,,,,,,,35.99759,-86.79685,True,Crashes_2010_2019_MPO
102510244,2019-09-13,2019,,94.0,,,0,0,N,0.0,0.0,0.0,,,,,,,,35.93446,-86.81991,False,Crashes_2010_2019_MPO
100408621,2013-11-21,2013,,94.0,,,0,0,N,0.0,0.0,0.0,,,,,,,,35.94413,-86.82896,False,Crashes_2010_2019_MPO
100724782,2015-01-20,2015,,94.0,,,0,0,N,0.0,0.0,0.0,,,,,,,,35.97764,-86.77681,True,Crashes_2010_2019_MPO
100284148,2013-01-25,2013,,94.0,,,0,0,N,0.0,0.0,0.0,,,,,,,,35.95223,-86.81884,False,Crashes_2010_2019_MPO
101427099,2016-10-30,2016,,94.0,,,0,0,N,0.0,0.0,0.0,,,,,,,,36.01575,-86.82116,True,Crashes_2010_2019_MPO
101475270,2016-12-13,2016,,19.0,,,0,0,N,0.0,0.0,0.0,,,,,,,,36.04519,-86.71565,False,Crashes_2010_2019_MPO
100885708,2015-07-13,2015,,19.0,,,0,0,N,0.0,0.0,0.0,,,,,,,,36.04464,-86.71307,False,Crashes_2010_2019_MPO
102173864,2018-10-09,2018,,94.0,,,0,0,N,0.0,0.0,0.0,,,,,,,,35.94782,-86.81975,False,Crashes_2010_2019_MPO
101179000,2016-04-22,2016,,19.0,,,0,0,N,0.0,0.0,0.0,,,,,,,,36.04566,-86.68499,False,Crashes_2010_2019_MPO
100725477,2015-01-21,2015,,94.0,,,0,0,N,0.0,0.0,0.0,,,,,,,,35.95204,-86.81806,False,Crashes_2010_2019_MPO
100365877,2013-08-12,2013,,94.0,,,0,0,N,0.0,0.0,0.0,,,,,,,,35.95899,-86.80228,False,Crashes_2010_2019_MPO
101772948,2017-09-26,2017,,19.0,,,0,0,N,0.0,0.0,0.0,,,,,,,,36.04537,-86.71326,False,Crashes_2010_2019_MPO
100950020,2015-09-13,2015,,19.0,,,0,0,N,0.0,0.0,0.0,,,,,,,,36.03772,-86.79475,False,Crashes_2010_2019_MPO
102410883,2019-06-05,2019,,94.0,,,0,0,N,0.0,0.0,0.0,,,,,,,,35.97339,-86.8332,True,Crashes_2010_2019_MPO
100594459,2014-08-11,2014,,94.0,,,0,0,N,0.0,0.0,0.0,,,,,,,,35.95772,-86.8026,False,Crashes_2010_2019_MPO
101732619,2017-08-16,2017,,19.0,,,0,0,N,0.0,0.0,0.0,,,,,,,,36.04097,-86.74371,False,Crashes_2010_2019_MPO
102002190,2018-05-06,2018,,94.0,,,0,0,N,0.0,0.0,0.0,,,,,,,,35.92955,-86.84264,False,Crashes_2010_2019_MPO
101622713,2017-04-22,2017,,94.0,,,0,0,N,0.0,0.0,0.0,,,,,,,,36.01401,-86.72008,False,Crashes_2010_2019_MPO
102546947,2019-10-23,2019,,19.0,,,0,0,N,0.0,0.0,0.0,,,,,,,,36.03183,-86.75624,False,Crashes_2010_2019_MPO
101921476,2018-02-19,2018,,94.0,,,0,0,N,0.0,0.0,0.0,,,,,,,,35.96647,-86.81964,True,Crashes_2010_2019_MPO
102425493,2019-06-21,2019,,19.0,,,0,0,N,0.0,0.0,0.0,,,,,,,,36.05139,-86.71482,False,Crashes_2010_2019_MPO
101578916,2017-03-10,2017,,19.0,,,0,0,N,0.0,0.0,0.0,,,,,,,,36.03745,-86.78618,False,Crashes_2010_2019_MPO
101942803,2018-03-13,2018,,19.0,,,0,0,N,0.0,0.0,0.0,,,,,,,,36.0331,-86.7741,False,Crashes_2010_2019_MPO
101103558,2016-02-11,2016,,19.0,,,0,0,N,0.0,0.0,0.0,,,,,,,,36.04554,-86.71175,False,Crashes_2010_2019_MPO
101841206,2017-11-28,2017,,94.0,,,0,0,N,0.0,0.0,0.0,,,,,,,,36.03334,-86.80218,True,Crashes_2010_2019_MPO
100614817,2014-09-04,2014,,94.0,,,0,0,N,0.0,0.0,0.0,,,,,,,,35.92598,-86.82046,False,Crashes_2010_2019_MPO
100878927,2015-06-30,2015,,94.0,,,0,0,N,0.0,0.0,0.0,,,,,,,,35.97313,-86.83061,True,Crashes_2010_2019_MPO
101952973,2018-03-23,2018,,94.0,,,0,0,N,0.0,0.0,0.0,,,,,,,,36.00153,-86.79387,True,Crashes_2010_2019_MPO
101196385,2016-05-17,2016,,94.0,,,0,0,N,0.0,0.0,0.0,,,,,,,,35.94838,-86.80772,False,Crashes_2010_2019_MPO
100418615,2013-12-12,2013,,94.0,,,0,0,N,0.0,0.0,0.0,,,,,,,,35.99221,-86.8006,True,Crashes_2010_2019_MPO
101132128,2016-03-10,2016,,19.0,,,0,0,N,0.0,0.0,0.0,,,,,,,,36.04114,-86.77621,False,Crashes_2010_2019_MPO
100851802,2015-05-28,2015,,94.0,,,0,0,N,0.0,0.0,0.0,,,,,,,,35.93456,-86.86094,False,Crashes_2010_2019_MPO
101484217,2016-12-21,2016,,94.0,,,0,0,N,0.0,0.0,0.0,,,,,,,,36.03336,-86.78872,True,Crashes_2010_2019_MPO
101363701,2016-09-17,2016,,94.0,,,0,0,N,0.0,0.0,0.0,,,,,,,,35.9279,-86.7175,False,Crashes_2010_2019_MPO
102566116,2019-11-12,2019,,94.0,,,0,0,N,0.0,0.0,0.0,,,,,,,,35.99864,-86.80592,True,Crashes_2010_2019_MPO
100043625,2011-03-25,2011,,94.0,,,0,0,N,0.0,0.0,0.0,,,,,,,,35.9872,-86.8745,False,Crashes_2010_2019_MPO
101997795,2018-05-03,2018,,19.0,,,0,0,N,0.0,0.0,0.0,,,,,,,,36.03981,-86.74345,False,Crashes_2010_2019_MPO
101180184,2016-04-22,2016,,19.0,,,0,0,N,0.0,0.0,0.0,,,,,,,,36.04342,-86.78166,False,Crashes_2010_2019_MPO
101431266,2016-11-04,2016,,94.0,,,0,0,N,0.0,0.0,0.0,,,,,,,,36.03374,-86.78541,True,Crashes_2010_2019_MPO
100610310,2014-08-25,2014,,94.0,,,0,0,N,0.0,0.0,0.0,,,,,,,,35.9744,-86.83204,True,Crashes_2010_2019_MPO
100543720,2014-05-27,2014,,94.0,,,0,0,N,0.0,0.0,0.0,,,,,,,,35.92367,-86.77997,False,Crashes_2010_2019_MPO
101643970,2017-05-13,2017,,94.0,,,0,0,N,0.0,0.0,0.0,,,,,,,,35.94928,-86.81943,False,Crashes_2010_2019_MPO
101243097,2016-06-10,2016,,19.0,,,0,0,N,0.0,0.0,0.0,,,,,,,,36.03899,-86.78258,False,Crashes_2010_2019_MPO
102336029,2019-03-20,2019,,94.0,,,0,0,N,0.0,0.0,0.0,,,,,,,,35.99731,-86.79466,True,Crashes_2010_2019_MPO
100806632,2015-04-10,2015,,94.0,,,0,0,N,0.0,0.0,0.0,,,,,,,,35.94959,-86.81948,False,Crashes_2010_2019_MPO
102488866,2019-08-18,2019,,94.0,,,0,0,N,0.0,0.0,0.0,,,,,,,,35.97776,-86.80359,True,Crashes_2010_2019_MPO
101093463,2016-01-25,2016,,19.0,,,0,0,N,0.0,0.0,0.0,,,,,,,,36.020968,-86.734634,False,Crashes_2010_2019_MPO
101700485,2017-07-13,2017,,19.0,,,0,0,N,0.0,0.0,0.0,,,,,,,,36.03858,-86.73183,False,Crashes_2010_2019_MPO
102278161,2019-01-15,2019,,94.0,,,0,0,N,0.0,0.0,0.0,,,,,,,,35.97716,-86.87622,False,Crashes_2010_2019_MPO
101758431,2017-09-11,2017,,94.0,,,0,0,N,0.0,0.0,0.0,,,,,,,,35.95099,-86.81853,False,Crashes_2010_2019_MPO
101068307,2015-12-28,2015,,94.0,,,0,0,N,0.0,0.0,0.0,,,,,,,,35.97348,-86.86843,False,Crashes_2010_2019_MPO
101802593,2017-10-24,2017,,19.0,,,0,0,N,0.0,0.0,0.0,,,,,,,,36.0409,-86.77938,False,Crashes_2010_2019_MPO
100286107,2013-01-31,2013,,94.0,,,0,0,N,0.0,0.0,0.0,,,,,,,,35.93921,-86.83597,False,Crashes_2010_2019_MPO
101719166,2017-08-03,2017,,94.0,,,0,0,N,0.0,0.0,0.0,,,,,,,,36.02175,-86.74267,False,Crashes_2010_2019_MPO
101466916,2016-12-03,2016,,19.0,,,0,0,N,0.0,0.0,0.0,,,,,,,,36.0437,-86.78144,False,Crashes_2010_2019_MPO
100608540,2014-08-20,2014,,94.0,,,0,0,N,0.0,0.0,0.0,,,,,,,,36.03446,-86.81719,True,Crashes_2010_2019_MPO
100658071,2014-10-23,2014,,94.0,,,0,0,N,0.0,0.0,0.0,,,,,,,,35.93193,-86.79397,False,Crashes_2010_2019_MPO
101325076,2016-08-10,2016,,94.0,,,0,0,N,0.0,0.0,0.0,,,,,,,,35.92609,-86.87139,False,Crashes_2010_2019_MPO
101815806,2017-11-05,2017,,19.0,,,0,0,N,0.0,0.0,0.0,,,,,,,,36.04105,-86.77544,False,Crashes_2010_2019_MPO
102498740,2019-09-04,2019,,94.0,,,0,0,N,0.0,0.0,0.0,,,,,,,,36.00902,-86.78589,True,Crashes_2010_2019_MPO
101622681,2017-04-22,2017,,94.0,,,0,0,N,0.0,0.0,0.0,,,,,,,,35.95385,-86.81441,False,Crashes_2010_2019_MPO
101455760,2016-11-21,2016,,19.0,,,0,0,N,0.0,0.0,0.0,,,,,,,,36.03781,-86.78472,False,Crashes_2010_2019_MPO
101696138,2017-07-07,2017,,94.0,,,0,0,N,0.0,0.0,0.0,,,,,,,,35.99291,-86.69312,True,Crashes_2010_2019_MPO
100550656,2014-06-13,2014,,94.0,,,0,0,N,0.0,0.0,0.0,,,,,,,,35.9346,-86.81969,False,Crashes_2010_2019_MPO
102455271,2019-07-22,2019,,94.0,,,0,0,N,0.0,0.0,0.0,,,,,,,,35.99782,-86.79898,True,Crashes_2010_2019_MPO
102580123,2019-11-26,2019,,19.0,,,0,0,N,0.0,0.0,0.0,,,,,,,,36.04537,-86.71326,False,Crashes_2010_2019_MPO
101035241,2015-11-23,2015,,19.0,,,0,0,N,0.0,0.0,0.0,,,,,,,,36.0399,-86.71278,False,Crashes_2010_2019_MPO
101539728,2017-01-31,2017,,94.0,,,0,1,N,0.0,1.0,0.0,,,,,,,,36.02339,-86.72337,False,Crashes_2010_2019_MPO
101456658,2016-11-22,2016,,19.0,,,0,0,N,0.0,0.0,0.0,,,,,,,,36.04532,-86.71755,False,Crashes_2010_2019_MPO
102374114,2019-04-27,2019,,19.0,,,0,0,N,0.0,0.0,0.0,,,,,,,,36.05366,-86.71502,False,Crashes_2010_2019_MPO
100192877,2012-06-18,2012,,94.0,,,0,0,N,0.0,0.0,0.0,,,,,,,,36.03576,-86.78734,True,Crashes_2010_2019_MPO
101986690,2018-04-22,2018,,94.0,,,0,0,N,0.0,0.0,0.0,,,,,,,,36.035014,-86.78335,True,Crashes_2010_2019_MPO
101954218,2018-03-23,2018,,19.0,,,0,0,N,0.0,0.0,0.0,,,,,,,,36.04276,-86.70322,False,Crashes_2010_2019_MPO
102362480,2019-04-15,2019,,94.0,,,0,0,N,0.0,0.0,0.0,,,,,,,,35.94136,-86.81064,False,Crashes_2010_2019_MPO
101148204,2016-03-21,2016,,94.0,,,0,0,N,0.0,0.0,0.0,,,,,,,,35.99922,-86.80923,True,Crashes_2010_2019_MPO
102297502,2019-02-05,2019,,19.0,,,0,0,N,0.0,0.0,0.0,,,,,,,,36.0444,-86.71315,False,Crashes_2010_2019_MPO
102348018,2019-04-02,2019,,94.0,,,0,0,N,0.0,0.0,0.0,,,,,,,,35.9359,-86.81811,False,Crashes_2010_2019_MPO
101605874,2017-04-06,2017,,94.0,,,0,0,N,0.0,0.0,0.0,,,,,,,,35.95114,-86.80778,False,Crashes_2010_2019_MPO
102409514,2019-06-04,2019,,19.0,,,0,0,N,0.0,0.0,0.0,,,,,,,,36.03747,-86.79098,False,Crashes_2010_2019_MPO
101500821,2017-01-06,2017,,94.0,,,0,0,N,0.0,0.0,0.0,,,,,,,,35.96518,-86.80029,True,Crashes_2010_2019_MPO
100918198,2015-08-05,2015,,19.0,,,0,0,N,0.0,0.0,0.0,,,,,,,,36.04072,-86.77957,False,Crashes_2010_2019_MPO
100300428,2013-03-06,2013,,94.0,,,0,0,N,0.0,0.0,0.0,,,,,,,,35.99252,-86.82851,True,Crashes_2010_2019_MPO
101724770,2017-08-07,2017,,94.0,,,0,0,N,0.0,0.0,0.0,,,,,,,,35.93691,-86.69328,False,Crashes_2010_2019_MPO
101360682,2016-09-14,2016,,19.0,,,0,0,N,0.0,0.0,0.0,,,,,,,,36.0411,-86.74374,False,Crashes_2010_2019_MPO
101882323,2018-01-09,2018,,94.0,,,0,0,N,0.0,0.0,0.0,,,,,,,,36.0106,-86.78065,True,Crashes_2010_2019_MPO
100421810,2013-12-20,2013,,94.0,,,0,0,N,0.0,0.0,0.0,,,,,,,,35.93459,-86.81991,False,Crashes_2010_2019_MPO
102103104,2018-08-08,2018,,94.0,,,0,0,Y,0.0,0.0,1.0,,,,,,,,35.95303,-86.8179,False,Crashes_2010_2019_MPO
102434062,2019-07-01,2019,,19.0,,,0,0,N,0.0,0.0,0.0,,,,,,,,36.04572,-86.77822,False,Crashes_2010_2019_MPO
101883495,2018-01-10,2018,,94.0,,,0,0,N,0.0,0.0,0.0,,,,,,,,35.94081,-86.81666,False,Crashes_2010_2019_MPO
101503678,2017-01-13,2017,,19.0,,,0,0,N,0.0,0.0,0.0,,,,,,,,36.0403,-86.76859,False,Crashes_2010_2019_MPO
100141465,2012-01-26,2012,,94.0,,,0,0,N,0.0,0.0,0.0,,,,,,,,35.97102,-86.72644,True,Crashes_2010_2019_MPO
102156619,2018-09-25,2018,,94.0,,,0,0,N,0.0,0.0,0.0,,,,,,,,35.97102,-86.67835,False,Crashes_2010_2019_MPO
102027579,2018-05-29,2018,,94.0,,,0,0,N,0.0,0.0,0.0,,,,,,,,35.96518,-86.80029,True,Crashes_2010_2019_MPO
101099780,2016-02-04,2016,,94.0,,,0,0,N,0.0,0.0,0.0,,,,,,,,36.01468,-86.72581,False,Crashes_2010_2019_MPO
100308504,2013-03-27,2013,,94.0,,,0,0,N,0.0,0.0,0.0,,,,,,,,35.97685,-86.87421,False,Crashes_2010_2019_MPO
102259865,2018-12-28,2018,,94.0,,,0,0,N,0.0,0.0,0.0,,,,,,,,36.03397,-86.80164,True,Crashes_2010_2019_MPO
100356472,2013-07-13,2013,,94.0,,,0,0,N,0.0,0.0,0.0,,,,,,,,35.94701,-86.85225,False,Crashes_2010_2019_MPO
100230419,2012-09-22,2012,,94.0,,,0,0,N,0.0,0.0,0.0,,,,,,,,35.99563,-86.78009,True,Crashes_2010_2019_MPO
102322521,2019-03-06,2019,,94.0,,,0,0,N,0.0,0.0,0.0,,,,,,,,35.98991,-86.74423,True,Crashes_2010_2019_MPO
101770310,2017-09-23,2017,,94.0,,,0,0,N,0.0,0.0,0.0,,,,,,,,35.92882,-86.83675,False,Crashes_2010_2019_MPO
102026758,2018-05-18,2018,,94.0,,,0,0,N,0.0,0.0,0.0,,,,,,,,35.93396,-86.71793,False,Crashes_2010_2019_MPO
100714047,2014-12-28,2014,,94.0,,,0,0,N,0.0,0.0,0.0,,,,,,,,36.03466,-86.80277,True,Crashes_2010_2019_MPO
100347741,2013-06-28,2013,,94.0,,,0,0,N,0.0,0.0,0.0,,,,,,,,35.92434,-86.87193,False,Crashes_2010_2019_MPO
100861886,2015-06-16,2015,,94.0,,,0,0,N,0.0,0.0,0.0,,,,,,,,36.02179,-86.80496,True,Crashes_2010_2019_MPO
102399677,2019-05-25,2019,,94.0,,,0,0,N,0.0,0.0,0.0,,,,,,,,35.97051,-86.67826,False,Crashes_2010_2019_MPO
102523583,2019-09-28,2019,,94.0,,,0,0,Y,0.0,0.0,1.0,,,,,,,,36.03474,-86.78332,True,Crashes_2010_2019_MPO
102596897,2019-12-13,2019,,94.0,,,0,0,N,0.0,0.0,0.0,,,,,,,,36.00342,-86.7916,True,Crashes_2010_2019_MPO
102124691,2018-08-28,2018,,94.0,,,0,0,N,0.0,0.0,0.0,,,,,,,,35.97719,-86.67769,False,Crashes_2010_2019_MPO
101161780,2016-04-10,2016,,19.0,,,0,0,N,0.0,0.0,0.0,,,,,,,,36.03275,-86.77082,False,Crashes_2010_2019_MPO
101767701,2017-09-21,2017,,19.0,,,0,0,N,0.0,0.0,0.0,,,,,,,,36.03918,-86.78252,False,Crashes_2010_2019_MPO
102313320,2019-02-23,2019,,19.0,,,0,0,N,0.0,0.0,0.0,,,,,,,,36.03256,-86.7687,False,Crashes_2010_2019_MPO
101530594,2017-01-20,2017,,94.0,,,0,0,N,0.0,0.0,0.0,,,,,,,,35.9882,-86.7998,True,Crashes_2010_2019_MPO
101633792,2017-05-04,2017,,19.0,,,0,0,N,0.0,0.0,0.0,,,,,,,,36.04172,-86.78242,False,Crashes_2010_2019_MPO
101581771,2017-03-13,2017,,94.0,,,0,0,N,0.0,0.0,0.0,,,,,,,,35.94411,-86.82711,False,Crashes_2010_2019_MPO
100848973,2015-05-22,2015,,94.0,,,0,0,N,0.0,0.0,0.0,,,,,,,,35.92954,-86.84187,False,Crashes_2010_2019_MPO
101897568,2018-01-26,2018,,19.0,,,0,0,N,0.0,0.0,0.0,,,,,,,,36.04084,-86.72683,False,Crashes_2010_2019_MPO
102291843,2019-01-30,2019,,94.0,,,0,0,N,0.0,0.0,0.0,,,,,,,,36.0343,-86.79174,True,Crashes_2010_2019_MPO
101760384,2017-09-14,2017,,19.0,,,0,0,N,0.0,0.0,0.0,,,,,,,,36.04232,-86.67691,False,Crashes_2010_2019_MPO
102508083,2019-09-13,2019,,94.0,,,0,0,N,0.0,0.0,0.0,,,,,,,,35.96688,-86.81117,True,Crashes_2010_2019_MPO
102235207,2018-12-04,2018,,94.0,,,0,0,N,0.0,0.0,0.0,,,,,,,,35.95046,-86.81306,False,Crashes_2010_2019_MPO
101469285,2016-12-06,2016,,94.0,,,0,0,N,0.0,0.0,0.0,,,,,,,,36.01361,-86.80398,True,Crashes_2010_2019_MPO
101575719,2017-03-07,2017,,94.0,,,0,0,N,0.0,0.0,0.0,,,,,,,,36.02669,-86.78477,True,Crashes_2010_2019_MPO
101035421,2015-11-23,2015,,94.0,,,0,0,N,0.0,0.0,0.0,,,,,,,,35.95833,-86.81107,False,Crashes_2010_2019_MPO
100201311,2012-07-12,2012,,94.0,,,0,0,N,0.0,0.0,0.0,,,,,,,,35.96978,-86.72437,True,Crashes_2010_2019_MPO
101600349,2017-03-31,2017,,94.0,,,0,0,N,0.0,0.0,0.0,,,,,,,,35.93446,-86.81991,False,Crashes_2010_2019_MPO
101425227,2016-10-28,2016,,94.0,,,0,0,N,0.0,0.0,0.0,,,,,,,,36.03507,-86.80581,True,Crashes_2010_2019_MPO
10805883,2012-02-08,2012,,19.0,,,0,0, ,0.0,0.0,0.0,,,,,,,,36.014682,-86.725762,False,Crashes_2010_2019_MPO
100696966,2014-11-26,2014,,19.0,,,0,0,N,0.0,0.0,0.0,,,,,,,,36.0417,-86.74862,False,Crashes_2010_2019_MPO
100250790,2012-11-09,2012,,94.0,,,0,0,N,0.0,0.0,0.0,,,,,,,,35.9899,-86.79963,True,Crashes_2010_2019_MPO
102178669,2018-10-15,2018,,94.0,,,0,0,N,0.0,0.0,0.0,,,,,,,,35.9468,-86.82191,False,Crashes_2010_2019_MPO
100009130,2010-10-04,2010,,94.0,,,0,0,N,0.0,0.0,0.0,,,,,,,,36.010226,-86.879012,False,Crashes_2010_2019_MPO
101179820,2016-04-23,2016,,19.0,,,0,0,N,0.0,0.0,0.0,,,,,,,,36.04245,-86.71294,False,Crashes_2010_2019_MPO
101620482,2017-04-20,2017,,94.0,,,0,0,N,0.0,0.0,0.0,,,,,,,,35.93374,-86.81767,False,Crashes_2010_2019_MPO
102417023,2019-06-12,2019,,94.0,,,0,0,N,0.0,0.0,0.0,,,,,,,,36.03639,-86.79085,True,Crashes_2010_2019_MPO
101067277,2015-12-26,2015,,19.0,,,0,0,N,0.0,0.0,0.0,,,,,,,,36.04108,-86.75053,False,Crashes_2010_2019_MPO
100708963,2014-12-18,2014,,94.0,,,0,0,N,0.0,0.0,0.0,,,,,,,,35.94811,-86.81694,False,Crashes_2010_2019_MPO
101602326,2017-04-03,2017,,94.0,,,0,0,N,0.0,0.0,0.0,,,,,,,,35.97716,-86.67813,False,Crashes_2010_2019_MPO
102576543,2019-11-22,2019,,19.0,,,0,0,N,0.0,0.0,0.0,,,,,,,,36.01483,-86.7053,False,Crashes_2010_2019_MPO
102305032,2019-02-13,2019,,94.0,,,0,0,N,0.0,0.0,0.0,,,,,,,,36.01978,-86.74213,False,Crashes_2010_2019_MPO
102501319,2019-09-06,2019,,19.0,,,0,0,N,0.0,0.0,0.0,,,,,,,,36.04096,-86.77924,False,Crashes_2010_2019_MPO
101866855,2017-12-22,2017,,19.0,,,0,0,N,0.0,0.0,0.0,,,,,,,,36.04085,-86.77946,False,Crashes_2010_2019_MPO
100711484,2014-12-23,2014,,19.0,,,0,0,N,0.0,0.0,0.0,,,,,,,,36.0407,-86.78275,False,Crashes_2010_2019_MPO
100926147,2015-08-19,2015,,19.0,,,0,0,N,0.0,0.0,0.0,,,,,,,,36.02339,-86.68792,False,Crashes_2010_2019_MPO
100918474,2015-08-06,2015,,94.0,,,0,0,N,0.0,0.0,0.0,,,,,,,,35.94314,-86.84367,False,Crashes_2010_2019_MPO
101280425,2016-07-06,2016,,19.0,,,0,0,N,0.0,0.0,0.0,,,,,,,,36.04011,-86.74446,False,Crashes_2010_2019_MPO
100951173,2015-09-15,2015,,94.0,,,0,0,N,0.0,0.0,0.0,,,,,,,,35.95683,-86.81661,False,Crashes_2010_2019_MPO
101929292,2018-02-27,2018,,94.0,,,0,0,N,0.0,0.0,0.0,,,,,,,,35.966716,-86.809118,True,Crashes_2010_2019_MPO
100852215,2015-05-29,2015,,94.0,,,0,0,N,0.0,0.0,0.0,,,,,,,,35.99527,-86.77886,True,Crashes_2010_2019_MPO
100973044,2015-10-04,2015,,94.0,,,0,0,N,0.0,0.0,0.0,,,,,,,,36.027453,-86.791984,True,Crashes_2010_2019_MPO
101000437,2015-10-31,2015,,94.0,,,0,0,N,0.0,0.0,0.0,,,,,,,,35.94005,-86.83114,False,Crashes_2010_2019_MPO
101392666,2016-09-29,2016,,94.0,,,0,0,N,0.0,0.0,0.0,,,,,,,,35.95681,-86.81373,False,Crashes_2010_2019_MPO
101062894,2015-12-19,2015,,19.0,,,0,0,N,0.0,0.0,0.0,,,,,,,,36.04001,-86.74349,False,Crashes_2010_2019_MPO
102352410,2019-04-06,2019,,19.0,,,0,0,N,0.0,0.0,0.0,,,,,,,,36.03963,-86.71278,False,Crashes_2010_2019_MPO
100862335,2015-06-17,2015,,19.0,,,0,0,N,0.0,0.0,0.0,,,,,,,,36.04655,-86.71349,False,Crashes_2010_2019_MPO
102097041,2018-08-03,2018,,94.0,,,0,0,N,0.0,0.0,0.0,,,,,,,,35.92468,-86.87218,False,Crashes_2010_2019_MPO
100721823,2015-01-14,2015,,19.0,,,0,0,N,0.0,0.0,0.0,,,,,,,,36.0403,-86.74355,False,Crashes_2010_2019_MPO
101131505,2016-03-10,2016,,94.0,,,0,0,N,0.0,0.0,0.0,,,,,,,,35.92672,-86.82132,False,Crashes_2010_2019_MPO
102078483,2018-07-18,2018,,94.0,,,0,0,N,0.0,0.0,0.0,,,,,,,,35.95646,-86.844,False,Crashes_2010_2019_MPO
101187308,2016-05-04,2016,,19.0,,,0,0,N,0.0,0.0,0.0,,,,,,,,36.03983,-86.78143,False,Crashes_2010_2019_MPO
100484586,2014-04-10,2014,,94.0,,,0,0,N,0.0,0.0,0.0,,,,,,,,35.93333,-86.86184,False,Crashes_2010_2019_MPO
102016386,2018-05-19,2018,,94.0,,,0,0,N,0.0,0.0,0.0,,,,,,,,35.9586,-86.7126,False,Crashes_2010_2019_MPO
102327991,2019-03-12,2019,,19.0,,,0,0,N,0.0,0.0,0.0,,,,,,,,36.04196,-86.74394,False,Crashes_2010_2019_MPO
102004662,2018-05-08,2018,,94.0,,,0,1,N,0.0,1.0,0.0,,,,,,,,35.93083,-86.84897,False,Crashes_2010_2019_MPO
101404483,2016-10-15,2016,,19.0,,,0,0,N,0.0,0.0,0.0,,,,,,,,36.04544,-86.71253,False,Crashes_2010_2019_MPO
100695880,2014-11-24,2014,,19.0,,,0,0,N,0.0,0.0,0.0,,,,,,,,36.0417,-86.74862,False,Crashes_2010_2019_MPO
100397277,2013-10-28,2013,,94.0,,,0,0,N,0.0,0.0,0.0,,,,,,,,35.96685,-86.81096,True,Crashes_2010_2019_MPO
100458245,2014-02-28,2014,,94.0,,,0,0,N,0.0,0.0,0.0,,,,,,,,35.98325,-86.71739,True,Crashes_2010_2019_MPO
101284589,2016-07-12,2016,,19.0,,,0,0,N,0.0,0.0,0.0,,,,,,,,36.04891,-86.7137,False,Crashes_2010_2019_MPO
102112254,2018-08-17,2018,,19.0,,,0,0,N,0.0,0.0,0.0,,,,,,,,36.05064,-86.73975,False,Crashes_2010_2019_MPO
100303454,2013-03-14,2013,,94.0,,,0,0,N,0.0,0.0,0.0,,,,,,,,35.93015,-86.86423,False,Crashes_2010_2019_MPO
101351528,2016-08-30,2016,,19.0,,,0,0,N,0.0,0.0,0.0,,,,,,,,36.04534,-86.71355,False,Crashes_2010_2019_MPO
100563280,2014-05-05,2014,,19.0,,,0,1,N,0.0,1.0,0.0,,,,,,,,36.04549,-86.71233,False,Crashes_2010_2019_MPO
101106341,2016-02-12,2016,,94.0,,,0,0,N,0.0,0.0,0.0,,,,,,,,35.96868,-86.81932,True,Crashes_2010_2019_MPO
102168959,2018-10-06,2018,,94.0,,,0,0,N,0.0,0.0,0.0,,,,,,,,35.93557,-86.82364,False,Crashes_2010_2019_MPO
102306983,2019-02-15,2019,,94.0,,,0,0,N,0.0,0.0,0.0,,,,,,,,36.03354,-86.80034,True,Crashes_2010_2019_MPO