mstrrecnbr,collision_ts,year,county,countystat,crash,crash_type,fatalities,non_motorists,commercial,fatal_c,nonmotor_c,truck_c,fatalc,serious_injuries,ped,bike,lighting,weather,first_harmful_event,latitude,longitude,in_city,src_layer
101320853,2016-08-05,2016,,19.0,,,0,0,N,0.0,0.0,0.0,,,,,,,,36.04084,-86.77103,False,Crashes_2010_2019_MPO
101590725,2017-03-22,2017,,19.0,,,0,0,N,0.0,0.0,0.0,,,,,,,,36.04544,-86.71852,False,Crashes_2010_2019_MPO
102545635,2019-10-22,2019,,94.0,,,0,0,N,0.0,0.0,0.0,,,,,,,,35.92875,-86.82434,False,Crashes_2010_2019_MPO
100463104,2014-03-11,2014,,94.0,,,0,0,N,0.0,0.0,0.0,,,,,,,,35.97576,-86.83007,True,Crashes_2010_2019_MPO
101817908,2017-11-06,2017,,94.0,,,0,0,N,0.0,0.0,0.0,,,,,,,,35.94651,-86.80939,False,Crashes_2010_2019_MPO
102330940,2019-03-15,2019,,19.0,,,0,0,N,0.0,0.0,0.0,,,,,,,,36.03989,-86.74182,False,Crashes_2010_2019_MPO
101432830,2016-11-06,2016,,94.0,,,0,0,N,0.0,0.0,0.0,,,,,,,,35.92936,-86.87549,False,Crashes_2010_2019_MPO
102286502,2019-01-24,2019,,94.0,,,0,0,N,0.0,0.0,0.0,,,,,,,,35.94988,-86.75902,True,Crashes_2010_2019_MPO
101568566,2017-02-28,2017,,19.0,,,0,0,N,0.0,0.0,0.0,,,,,,,,36.05049,-86.87668,False,Crashes_2010_2019_MPO
101731789,2017-08-15,2017,,19.0,,,0,0,N,0.0,0.0,0.0,,,,,,,,36.04003,-86.78083,False,Crashes_2010_2019_MPO
101406576,2016-10-17,2016,,94.0,,,0,0,N,0.0,0.0,0.0,,,,,,,,35.98679,-86.73729,True,Crashes_2010_2019_MPO
102147456,2018-09-16,2018,,94.0,,,0,0,N,0.0,0.0,0.0,,,,,,,,35.9992,-86.80916,True,Crashes_2010_2019_MPO
101916286,2018-02-14,2018,,19.0,,,0,0,N,0.0,0.0,0.0,,,,,,,,36.0269,-86.68083,False,Crashes_2010_2019_MPO
102532509,2019-10-03,2019,,94.0,,,0,0,N,0.0,0.0,0.0,,,,,,,,35.96152,-86.8153,False,Crashes_2010_2019_MPO
100829098,2015-05-05,2015,,19.0,,,0,0,N,0.0,0.0,0.0,,,,,,,,36.04001,-86.74349,False,Crashes_2010_2019_MPO
101181942,2016-04-26,2016,,94.0,,,0,0,N,0.0,0.0,0.0,,,,,,,,35.94765,-86.81971,False,Crashes_2010_2019_MPO
102521108,2019-09-26,2019,,94.0,,,0,0,N,0.0,0.0,0.0,,,,,,,,35.94831,-86.80752,False,Crashes_2010_2019_MPO
101612147,2017-04-12,2017,,94.0,,,0,0,N,0.0,0.0,0.0,,,,,,,,35.9495,-86.81951,False,Crashes_2010_2019_MPO
102410891,2019-06-06,2019,,94.0,,,0,0,N,0.0,0.0,0.0,,,,,,,,36.034514,-86.783486,True,Crashes_2010_2019_MPO
101355281,2016-09-06,2016,,94.0,,,0,0,N,0.0,0.0,0.0,,,,,,,,35.92689,-86.82433,False,Crashes_2010_2019_MPO
102322509,2019-03-01,2019,,94.0,,,0,0,N,0.0,0.0,0.0,,,,,,,,35.96667,-86.81095,True,Crashes_2010_2019_MPO
101326972,2016-08-12,2016,,94.0,,,0,0,N,0.0,0.0,0.0,,,,,,,,35.93446,-86.81991,False,Crashes_2010_2019_MPO
101668318,2017-06-09,2017,,94.0,,,0,0,N,0.0,0.0,0.0,,,,,,,,35.98997,-86.74466,True,Crashes_2010_2019_MPO
100367778,2013-08-14,2013,,94.0,,,0,0,N,0.0,0.0,0.0,,,,,,,,36.03324,-86.81738,True,Crashes_2010_2019_MPO
102072921,2018-07-12,2018,,94.0,,,0,0,N,0.0,0.0,0.0,,,,,,,,35.93908,-86.83676,False,Crashes_2010_2019_MPO
101365595,2016-09-20,2016,,19.0,,,0,0,N,0.0,0.0,0.0,,,,,,,,36.04523,-86.71463,False,Crashes_2010_2019_MPO
101103293,2016-02-10,2016,,19.0,,,0,0,N,0.0,0.0,0.0,,,,,,,,36.04242,-86.72156,False,Crashes_2010_2019_MPO
100288109,2013-02-04,2013,,94.0,,,0,0,N,0.0,0.0,0.0,,,,,,,,35.98619,-86.75223,True,Crashes_2010_2019_MPO
102094325,2018-07-31,2018,,94.0,,,0,0,N,0.0,0.0,0.0,,,,,,,,35.96238,-86.80917,False,Crashes_2010_2019_MPO
102062289,2018-07-03,2018,,19.0,,,0,0,N,0.0,0.0,0.0,,,,,,,,36.03895,-86.78266,False,Crashes_2010_2019_MPO
102301368,2019-02-09,2019,,94.0,,,0,0,N,0.0,0.0,0.0,,,,,,,,35.97827,-86.75703,True,Crashes_2010_2019_MPO
102058511,2018-06-30,2018,,19.0,,,0,0,N,0.0,0.0,0.0,,,,,,,,36.04519,-86.71586,False,Crashes_2010_2019_MPO
102444989,2019-07-11,2019,,19.0,,,0,0,N,0.0,0.0,0.0,,,,,,,,36.04247,-86.71301,False,Crashes_2010_2019_MPO
100423761,2013-12-24,2013,,94.0,,,0,0,N,0.0,0.0,0.0,,,,,,,,35.9498,-86.81328,False,Crashes_2010_2019_MPO
100726597,2015-01-23,2015,,94.0,,,0,0,N,0.0,0.0,0.0,,,,,,,,36.03442,-86.802437,True,Crashes_2010_2019_MPO
101715517,2017-07-29,2017,,94.0,,,0,0,N,0.0,0.0,0.0,,,,,,,,35.92391,-86.87162,False,Crashes_2010_2019_MPO
102572652,2019-11-18,2019,,94.0,,,0,0,N,0.0,0.0,0.0,,,,,,,,35.96412,-86.81448,False,Crashes_2010_2019_MPO
101825976,2017-11-15,2017,,94.0,,,0,0,N,0.0,0.0,0.0,,,,,,,,35.94625,-86.81452,False,Crashes_2010_2019_MPO
102179723,2018-10-16,2018,,94.0,,,0,0,N,0.0,0.0,0.0,,,,,,,,35.96476,-86.8014,True,Crashes_2010_2019_MPO
102315316,2019-02-25,2019,,19.0,,,0,0,N,0.0,0.0,0.0,,,,,,,,36.04888,-86.74358,False,Crashes_2010_2019_MPO
101436989,2016-11-11,2016,,19.0,,,0,0,N,0.0,0.0,0.0,,,,,,,,36.05035,-86.69142,False,Crashes_2010_2019_MPO
102362728,2019-04-16,2019,,94.0,,,0,0,N,0.0,0.0,0.0,,,,,,,,35.92891,-86.87519,False,Crashes_2010_2019_MPO
100613450,2014-09-02,2014,,94.0,,,0,0,N,0.0,0.0,0.0,,,,,,,,35.93218,-86.79404,False,Crashes_2010_2019_MPO
101246546,2016-06-15,2016,,19.0,,,0,0,N,0.0,0.0,0.0,,,,,,,,36.05453,-86.72533,False,Crashes_2010_2019_MPO
101835835,2017-11-23,2017,,19.0,,,0,0,N,0.0,0.0,0.0,,,,,,,,36.04038,-86.74382,False,Crashes_2010_2019_MPO
101888307,2018-01-16,2018,,19.0,,,0,0,N,0.0,0.0,0.0,,,,,,,,36.04551,-86.70482,False,Crashes_2010_2019_MPO
100727996,2015-01-26,2015,,94.0,,,0,0,N,0.0,0.0,0.0,,,,,,,,36.03552,-86.78747,True,Crashes_2010_2019_MPO
101322610,2016-08-01,2016,,19.0,,,0,0,N,0.0,0.0,0.0,,,,,,,,35.99751,-86.69078,False,Crashes_2010_2019_MPO
101675428,2017-06-16,2017,,94.0,,,0,0,N,0.0,0.0,0.0,,,,,,,,36.01467,-86.72558,False,Crashes_2010_2019_MPO
100400311,2013-11-04,2013,,94.0,,,0,0,N,0.0,0.0,0.0,,,,,,,,35.9266,-86.7331,False,Crashes_2010_2019_MPO
101807545,2017-10-29,2017,,94.0,,,0,0,N,0.0,0.0,0.0,,,,,,,,35.9903,-86.72521,True,Crashes_2010_2019_MPO
100208065,2012-07-25,2012,,94.0,,,0,0,N,0.0,0.0,0.0,,,,,,,,35.97678,-86.85544,False,Crashes_2010_2019_MPO
100362291,2013-08-03,2013,,94.0,,,0,0,N,0.0,0.0,0.0,,,,,,,,35.95968,-86.81304,False,Crashes_2010_2019_MPO
100856320,2015-06-06,2015,,94.0,,,0,0,N,0.0,0.0,0.0,,,,,,,,35.96512,-86.80035,True,Crashes_2010_2019_MPO
101665793,2017-06-06,2017,,94.0,,,0,0,N,0.0,0.0,0.0,,,,,,,,35.93541,-86.82372,False,Crashes_2010_2019_MPO
100332172,2013-05-22,2013,,94.0,,,0,0,N,0.0,0.0,0.0,,,,,,,,35.97035,-86.75589,True,Crashes_2010_2019_MPO
102213477,2018-11-16,2018,,19.0,,,0,0,N,0.0,0.0,0.0,,,,,,,,36.03889,-86.78281,False,Crashes_2010_2019_MPO
102596140,2019-12-13,2019,,19.0,,,0,0,N,0.0,0.0,0.0,,,,,,,,36.0381,-86.78408,False,Crashes_2010_2019_MPO
102282707,2019-01-19,2019,,94.0,,,0,0,N,0.0,0.0,0.0,,,,,,,,35.9667,-86.81121,True,Crashes_2010_2019_MPO
101391012,2016-09-27,2016,,19.0,,,0,0,N,0.0,0.0,0.0,,,,,,,,36.03256,-86.7687,False,Crashes_2010_2019_MPO
102595568,2019-12-12,2019,,94.0,,,0,0,N,0.0,0.0,0.0,,,,,,,,36.03432,-86.79316,True,Crashes_2010_2019_MPO
101003939,2015-11-06,2015,,19.0,,,0,0,N,0.0,0.0,0.0,,,,,,,,36.04046,-86.78016,False,Crashes_2010_2019_MPO
102003535,2018-05-08,2018,,94.0,,,0,0,N,0.0,0.0,0.0,,,,,,,,35.93076,-86.81991,False,Crashes_2010_2019_MPO
101906930,2018-02-04,2018,,19.0,,,0,0,N,0.0,0.0,0.0,,,,,,,,36.0454,-86.70322,False,Crashes_2010_2019_MPO
100380549,2013-09-18,2013,,94.0,,,0,0,N,0.0,0.0,0.0,,,,,,,,35.94069,-86.8316,False,Crashes_2010_2019_MPO
100978277,2015-10-13,2015,,19.0,,,0,0,N,0.0,0.0,0.0,,,,,,,,36.0522,-86.74309,False,Crashes_2010_2019_MPO
101548462,2017-02-08,2017,,94.0,,,0,0,N,0.0,0.0,0.0,,,,,,,,35.99781,-86.79886,True,Crashes_2010_2019_MPO
101789383,2017-10-12,2017,,94.0,,,0,0,N,0.0,0.0,0.0,,,,,,,,35.97281,-86.837,False,Crashes_2010_2019_MPO
102421791,2019-06-17,2019,,19.0,,,0,0,N,0.0,0.0,0.0,,,,,,,,36.03757,-86.7924,False,Crashes_2010_2019_MPO
100619630,2014-09-16,2014,,94.0,,,0,0,N,0.0,0.0,0.0,,,,,,,,36.03322,-86.78532,True,Crashes_2010_2019_MPO
101709454,2017-07-23,2017,,19.0,,,0,0,N,0.0,0.0,0.0,,,,,,,,36.04166,-86.82381,False,Crashes_2010_2019_MPO
100468516,2014-03-26,2014,,94.0,,,0,0,Y,0.0,0.0,1.0,,,,,,,,35.94689,-86.85175,False,Crashes_2010_2019_MPO
102475249,2019-08-12,2019,,94.0,,,0,0,N,0.0,0.0,0.0,,,,,,,,36.01036,-86.78513,True,Crashes_2010_2019_MPO
100436360,2014-01-29,2014,,94.0,,,0,0,N,0.0,0.0,0.0,,,,,,,,35.95008,-86.8491,False,Crashes_2010_2019_MPO
100915131,2015-07-31,2015,,94.0,,,0,0,N,0.0,0.0,0.0,,,,,,,,36.03777,-86.81277,True,Crashes_2010_2019_MPO
102382039,2019-05-06,2019,,19.0,,,0,0,N,0.0,0.0,0.0,,,,,,,,36.04119,-86.8212,False,Crashes_2010_2019_MPO
102544327,2019-10-21,2019,,19.0,,,0,0,N,0.0,0.0,0.0,,,,,,,,36.03794,-86.78644,False,Crashes_2010_2019_MPO
101462979,2016-11-28,2016,,94.0,,,0,0,N,0.0,0.0,0.0,,,,,,,,35.99101,-86.799,True,Crashes_2010_2019_MPO
101780434,2017-10-03,2017,,94.0,,,0,0,N,0.0,0.0,0.0,,,,,,,,35.94747,-86.82023,False,Crashes_2010_2019_MPO
100660204,2014-10-27,2014,,94.0,,,0,0,N,0.0,0.0,0.0,,,,,,,,35.99686,-86.79698,True,Crashes_2010_2019_MPO
100820064,2015-04-18,2015,,94.0,,,0,0,N,0.0,0.0,0.0,,,,,,,,35.92474,-86.87429,False,Crashes_2010_2019_MPO
100716197,2015-01-02,2015,,94.0,,,0,0,Y,0.0,0.0,1.0,,,,,,,,35.96613,-86.80511,True,Crashes_2010_2019_MPO
102219803,2018-11-21,2018,,94.0,,,0,0,N,0.0,0.0,0.0,,,,,,,,35.99533,-86.77703,True,Crashes_2010_2019_MPO
101436403,2016-11-10,2016,,19.0,,,0,1,N,0.0,1.0,0.0,,,,,,,,36.02384,-86.71181,False,Crashes_2010_2019_MPO
100413973,2013-12-03,2013,,94.0,,,0,0,Y,0.0,0.0,1.0,,,,,,,,35.99004,-86.74527,True,Crashes_2010_2019_MPO
102126597,2018-08-29,2018,,94.0,,,0,0,N,0.0,0.0,0.0,,,,,,,,35.97438,-86.83209,True,Crashes_2010_2019_MPO
101659492,2017-05-30,2017,,94.0,,,0,0,N,0.0,0.0,0.0,,,,,,,,35.9417,-86.82105,False,Crashes_2010_2019_MPO
101838946,2017-11-26,2017,,19.0,,,0,0,N,0.0,0.0,0.0,,,,,,,,36.04561,-86.71076,False,Crashes_2010_2019_MPO
101274200,2016-06-27,2016,,19.0,,,0,0,N,0.0,0.0,0.0,,,,,,,,36.05241,-86.68069,False,Crashes_2010_2019_MPO
101826658,2017-11-14,2017,,94.0,,,0,0,N,0.0,0.0,0.0,,,,,,,,35.96089,-86.8135,False,Crashes_2010_2019_MPO
100251996,2012-11-12,2012,,94.0,,,0,0,N,0.0,0.0,0.0,,,,,,,,35.96183,-86.77109,True,Crashes_2010_2019_MPO
100342084,2013-06-14,2013,,94.0,,,0,0,N,0.0,0.0,0.0,,,,,,,,35.98717,-86.70821,True,Crashes_2010_2019_MPO
100174565,2012-04-30,2012,,94.0,,,0,0,N,0.0,0.0,0.0,,,,,,,,35.96382,-86.80841,False,Crashes_2010_2019_MPO
101563396,2017-02-23,2017,,94.0,,,0,0,N,0.0,0.0,0.0,,,,,,,,35.93215,-86.79441,False,Crashes_2010_2019_MPO
101505829,2017-01-14,2017,,94.0,,,0,0,N,0.0,0.0,0.0,,,,,,,,35.96133,-86.81226,False,Crashes_2010_2019_MPO
101959433,2018-03-29,2018,,94.0,,,0,0,N,0.0,0.0,0.0,,,,,,,,35.9979,-86.6798,False,Crashes_2010_2019_MPO
102608319,2019-12-27,2019,,19.0,,,0,0,N,0.0,0.0,0.0,,,,,,,,36.04259,-86.78213,False,Crashes_2010_2019_MPO
101357112,2016-09-09,2016,,19.0,,,0,0,N,0.0,0.0,0.0,,,,,,,,36.04114,-86.77621,False,Crashes_2010_2019_MPO
102274376,2019-01-11,2019,,94.0,,,0,0,N,0.0,0.0,0.0,,,,,,,,35.99781,-86.79886,True,Crashes_2010_2019_MPO
102088046,2018-07-26,2018,,94.0,,,0,0,N,0.0,0.0,0.0,,,,,,,,35.93191,-86.79441,False,Crashes_2010_2019_MPO
100753330,2015-02-26,2015,,19.0,,,0,0,N,0.0,0.0,0.0,,,,,,,,36.04547,-86.7198,False,Crashes_2010_2019_MPO
101240102,2016-06-06,2016,,94.0,,,0,0,N,0.0,0.0,0.0,,,,,,,,36.03758,-86.80108,True,Crashes_2010_2019_MPO
101652023,2017-05-22,2017,,94.0,,,0,0,N,0.0,0.0,0.0,,,,,,,,35.94683,-86.85172,False,Crashes_2010_2019_MPO
10390376,2012-07-06,2012,,19.0,,,0,0, ,0.0,0.0,0.0,,,,,,,,36.031429,-86.755753,False,Crashes_2010_2019_MPO
101299930,2016-07-20,2016,,19.0,,,0,0,N,0.0,0.0,0.0,,,,,,,,36.04482,-86.7248,False,Crashes_2010_2019_MPO
101070557,2016-01-01,2016,,94.0,,,0,0,N,0.0,0.0,0.0,,,,,,,,35.99159,-86.75398,True,Crashes_2010_2019_MPO
102531826,2019-10-06,2019,,94.0,,,0,0,N,0.0,0.0,0.0,,,,,,,,35.92956,-86.84241,False,Crashes_2010_2019_MPO
102300744,2019-02-08,2019,,94.0,,,0,0,N,0.0,0.0,0.0,,,,,,,,36.03175,-86.78961,True,Crashes_2010_2019_MPO
100858405,2015-06-10,2015,,19.0,,,0,0,N,0.0,0.0,0.0,,,,,,,,36.03768,-86.78525,False,Crashes_2010_2019_MPO
101405698,2016-10-17,2016,,94.0,,,0,0,N,0.0,0.0,0.0,,,,,,,,36.03175,-86.78961,True,Crashes_2010_2019_MPO
101979372,2018-04-16,2018,,94.0,,,0,0,N,0.0,0.0,0.0,,,,,,,,35.96291,-86.81145,False,Crashes_2010_2019_MPO
102283290,2019-01-21,2019,,19.0,,,0,0,N,0.0,0.0,0.0,,,,,,,,36.00957,-86.70171,False,Crashes_2010_2019_MPO
102577043,2019-11-23,2019,,19.0,,,0,0,N,0.0,0.0,0.0,,,,,,,,36.02036,-86.69905,False,Crashes_2010_2019_MPO
102331142,2019-03-15,2019,,94.0,,,0,0,N,0.0,0.0,0.0,,,,,,,,35.96734,-86.815,True,Crashes_2010_2019_MPO
101001191,2015-11-01,2015,,94.0,,,0,0,N,0.0,0.0,0.0,,,,,,,,35.97202,-86.67829,False,Crashes_2010_2019_MPO
102527054,2019-10-02,2019,,19.0,,,0,0,N,0.0,0.0,0.0,,,,,,,,36.04098,-86.7792,False,Crashes_2010_2019_MPO
101688635,2017-07-01,2017,,94.0,,,0,0,N,0.0,0.0,0.0,,,,,,,,35.98297,-86.77736,True,Crashes_2010_2019_MPO
101397557,2016-10-06,2016,,19.0,,,0,0,N,0.0,0.0,0.0,,,,,,,,36.03287,-86.77205,False,Crashes_2010_2019_MPO
102056657,2018-06-28,2018,,94.0,,,0,0,N,0.0,0.0,0.0,,,,,,,,35.96798,-86.81833,True,Crashes_2010_2019_MPO
100329638,2013-05-16,2013,,94.0,,,0,0,N,0.0,0.0,0.0,,,,,,,,35.99551,-86.77889,True,Crashes_2010_2019_MPO
101644633,2017-05-14,2017,,94.0,,,0,0,N,0.0,0.0,0.0,,,,,,,,36.03967,-86.8497,True,Crashes_2010_2019_MPO
102135096,2018-09-05,2018,,19.0,,,0,0,N,0.0,0.0,0.0,,,,,,,,36.03738,-86.78676,False,Crashes_2010_2019_MPO
100995140,2015-10-24,2015,,94.0,,,0,0,N,0.0,0.0,0.0,,,,,,,,35.96727,-86.81438,True,Crashes_2010_2019_MPO
101828872,2017-11-17,2017,,94.0,,,0,0,N,0.0,0.0,0.0,,,,,,,,35.96714,-86.81343,True,Crashes_2010_2019_MPO
101044594,2015-12-07,2015,,19.0,,,0,0,N,0.0,0.0,0.0,,,,,,,,36.01944,-86.70331,False,Crashes_2010_2019_MPO
101648187,2017-05-18,2017,,19.0,,,0,0,N,0.0,0.0,0.0,,,,,,,,36.04537,-86.71326,False,Crashes_2010_2019_MPO
101388857,2016-09-24,2016,,19.0,,,0,0,N,0.0,0.0,0.0,,,,,,,,36.03993,-86.74229,False,Crashes_2010_2019_MPO
101150913,2016-03-25,2016,,94.0,,,0,0,N,0.0,0.0,0.0,,,,,,,,35.997738,-86.794815,True,Crashes_2010_2019_MPO
102366099,2019-04-19,2019,,94.0,,,0,0,N,0.0,0.0,0.0,,,,,,,,35.94782,-86.81975,False,Crashes_2010_2019_MPO
102269279,2019-01-07,2019,,94.0,,,0,0,N,0.0,0.0,0.0,,,,,,,,35.96458,-86.81114,False,Crashes_2010_2019_MPO
100550270,2014-06-12,2014,,94.0,,,0,0,N,0.0,0.0,0.0,,,,,,,,35.99861,-86.80571,True,Crashes_2010_2019_MPO
101935247,2018-03-06,2018,,19.0,,,0,1,N,0.0,1.0,0.0,,,,,,,,36.04526,-86.71432,False,Crashes_2010_2019_MPO
102156658,2018-09-25,2018,,19.0,,,0,0,N,0.0,0.0,0.0,,,,,,,,36.04537,-86.71326,False,Crashes_2010_2019_MPO
100657523,2014-10-22,2014,,94.0,,,0,0,N,0.0,0.0,0.0,,,,,,,,35.94463,-86.80908,False,Crashes_2010_2019_MPO
100656400,2014-10-20,2014,,94.0,,,0,0,N,0.0,0.0,0.0,,,,,,,,36.00732,-86.78758,True,Crashes_2010_2019_MPO
102144605,2018-09-13,2018,,94.0,,,0,0,N,0.0,0.0,0.0,,,,,,,,36.03106,-86.78999,True,Crashes_2010_2019_MPO
101105785,2016-02-12,2016,,94.0,,,0,0,N,0.0,0.0,0.0,,,,,,,,36.03717,-86.795,True,Crashes_2010_2019_MPO
100458144,2014-02-27,2014,,94.0,,,0,0,N,0.0,0.0,0.0,,,,,,,,35.96705,-86.81341,True,Crashes_2010_2019_MPO
101891775,2018-01-20,2018,,19.0,,,0,0,N,0.0,0.0,0.0,,,,,,,,36.04118,-86.77663,False,Crashes_2010_2019_MPO
102307882,2019-02-16,2019,,19.0,,,0,0,N,0.0,0.0,0.0,,,,,,,,36.03133,-86.67945,False,Crashes_2010_2019_MPO
102359593,2019-04-13,2019,,19.0,,,0,0,N,0.0,0.0,0.0,,,,,,,,36.03657,-86.78381,False,Crashes_2010_2019_MPO
102414775,2019-06-09,2019,,19.0,,,0,0,N,0.0,0.0,0.0,,,,,,,,36.05453,-86.72533,False,Crashes_2010_2019_MPO
101064276,2015-12-21,2015,,94.0,,,0,0,N,0.0,0.0,0.0,,,,,,,,35.97103,-86.72644,True,Crashes_2010_2019_MPO
100878713,2015-06-30,2015,,94.0,,,0,0,N,0.0,0.0,0.0,,,,,,,,35.98437,-86.72434,True,Crashes_2010_2019_MPO
101683447,2017-06-26,2017,,94.0,,,0,0,N,0.0,0.0,0.0,,,,,,,,35.96668,-86.80923,True,Crashes_2010_2019_MPO
101495910,2017-01-03,2017,,94.0,,,0,0,N,0.0,0.0,0.0,,,,,,,,36.01372,-86.82426,True,Crashes_2010_2019_MPO
100730396,2015-01-31,2015,,19.0,,,0,0,N,0.0,0.0,0.0,,,,,,,,35.9971,-86.69024,False,Crashes_2010_2019_MPO
100736223,2015-02-12,2015,,19.0,,,0,0,N,0.0,0.0,0.0,,,,,,,,36.02264,-86.68054,False,Crashes_2010_2019_MPO
100974680,2015-10-07,2015,,94.0,,,0,0,N,0.0,0.0,0.0,,,,,,,,36.01561,-86.81929,True,Crashes_2010_2019_MPO
102128781,2018-08-31,2018,,19.0,,,0,0,N,0.0,0.0,0.0,,,,,,,,36.0452,-86.71504,False,Crashes_2010_2019_MPO
102240471,2018-12-07,2018,,94.0,,,0,0,N,0.0,0.0,0.0,,,,,,,,35.99379,-86.70032,True,Crashes_2010_2019_MPO
102558033,2019-11-04,2019,,19.0,,,0,0,N,0.0,0.0,0.0,,,,,,,,36.04179,-86.82433,False,Crashes_2010_2019_MPO
100441943,2014-02-04,2014,,94.0,,,0,0,N,0.0,0.0,0.0,,,,,,,,36.00681,-86.87248,False,Crashes_2010_2019_MPO
102411583,2019-06-05,2019,,94.0,,,0,0,N,0.0,0.0,0.0,,,,,,,,35.94697,-86.82149,False,Crashes_2010_2019_MPO
101710058,2017-07-23,2017,,19.0,,,0,0,N,0.0,0.0,0.0,,,,,,,,35.99581,-86.68835,False,Crashes_2010_2019_MPO
102403013,2019-05-28,2019,,19.0,,,0,0,N,0.0,0.0,0.0,,,,,,,,36.04543,-86.70371,False,Crashes_2010_2019_MPO
102474038,2019-08-10,2019,,94.0,,,0,0,N,0.0,0.0,0.0,,,,,,,,35.97718,-86.77204,True,Crashes_2010_2019_MPO
100161568,2012-03-23,2012,,94.0,,,0,0,N,0.0,0.0,0.0,,,,,,,,36.02747,-86.86409,False,Crashes_2010_2019_MPO
101681355,2017-06-23,2017,,19.0,,,0,0,N,0.0,0.0,0.0,,,,,,,,35.99687,-86.68989,False,Crashes_2010_2019_MPO
100567230,2014-06-23,2014,,94.0,,,0,0,N,0.0,0.0,0.0,,,,,,,,35.93764,-86.76807,False,Crashes_2010_2019_MPO
101624614,2017-04-24,2017,,94.0,,,0,0,N,0.0,0.0,0.0,,,,,,,,36.03238,-86.78926,True,Crashes_2010_2019_MPO
100299561,2013-03-04,2013,,94.0,,,0,0,N,0.0,0.0,0.0,,,,,,,,36.03679,-86.81486,True,Crashes_2010_2019_MPO
102141303,2018-09-11,2018,,19.0,,,0,0,N,0.0,0.0,0.0,,,,,,,,36.04526,-86.71704,False,Crashes_2010_2019_MPO
100311041,2013-03-29,2013,,94.0,,,0,0,N,0.0,0.0,0.0,,,,,,,,35.94696,-86.81429,False,Crashes_2010_2019_MPO
100141011,2012-01-24,2012,,94.0,,,0,0,N,0.0,0.0,0.0,,,,,,,,35.95117,-86.70456,False,Crashes_2010_2019_MPO
100936713,2015-08-20,2015,,94.0,,,0,0,N,0.0,0.0,0.0,,,,,,,,35.97335,-86.83306,True,Crashes_2010_2019_MPO
101632807,2017-05-03,2017,,94.0,,,0,0,N,0.0,0.0,0.0,,,,,,,,35.99702,-86.79692,True,Crashes_2010_2019_MPO
102455060,2019-07-22,2019,,94.0,,,0,0,N,0.0,0.0,0.0,,,,,,,,35.97047,-86.77381,True,Crashes_2010_2019_MPO
101580543,2017-03-11,2017,,94.0,,,0,0,N,0.0,0.0,0.0,,,,,,,,35.92762,-86.87249,False,Crashes_2010_2019_MPO
102280392,2019-01-17,2019,,94.0,,,0,0,N,0.0,0.0,0.0,,,,,,,,35.92649,-86.82538,False,Crashes_2010_2019_MPO
101730681,2017-08-14,2017,,94.0,,,0,0,N,0.0,0.0,0.0,,,,,,,,35.94782,-86.81975,False,Crashes_2010_2019_MPO
102527739,2019-10-03,2019,,94.0,,,0,0,N,0.0,0.0,0.0,,,,,,,,36.00689,-86.80515,True,Crashes_2010_2019_MPO
100966981,2015-09-25,2015,,94.0,,,0,0,N,0.0,0.0,0.0,,,,,,,,35.99145,-86.82861,False,Crashes_2010_2019_MPO
101647189,2017-05-17,2017,,19.0,,,0,0,N,0.0,0.0,0.0,,,,,,,,36.04059,-86.77107,False,Crashes_2010_2019_MPO
100805797,2015-04-10,2015,,94.0,,,0,0,N,0.0,0.0,0.0,,,,,,,,36.03542,-86.78577,True,Crashes_2010_2019_MPO
100732271,2015-02-04,2015,,19.0,,,0,0,N,0.0,0.0,0.0,,,,,,,,36.04152,-86.78247,False,Crashes_2010_2019_MPO
101049588,2015-12-14,2015,,94.0,,,0,0,N,0.0,0.0,0.0,,,,,,,,35.97454,-86.80469,True,Crashes_2010_2019_MPO
100481454,2014-04-02,2014,,94.0,,,0,0,N,0.0,0.0,0.0,,,,,,,,35.93873,-86.82061,False,Crashes_2010_2019_MPO
102575452,2019-11-21,2019,,94.0,,,0,0,N,0.0,0.0,0.0,,,,,,,,35.967611,-86.813973,True,Crashes_2010_2019_MPO
101397171,2016-10-06,2016,,19.0,,,0,0,N,0.0,0.0,0.0,,,,,,,,36.0414,-86.70373,False,Crashes_2010_2019_MPO
101347048,2016-08-24,2016,,19.0,,,0,0,N,0.0,0.0,0.0,,,,,,,,36.045,-86.77932,False,Crashes_2010_2019_MPO
101475420,2016-12-13,2016,,19.0,,,0,0,N,0.0,0.0,0.0,,,,,,,,36.0374,-86.78657,False,Crashes_2010_2019_MPO
102476465,2019-08-09,2019,,94.0,,,0,0,N,0.0,0.0,0.0,,,,,,,,35.96459,-86.80815,False,Crashes_2010_2019_MPO
102098735,2018-08-04,2018,,94.0,,,0,0,N,0.0,0.0,0.0,,,,,,,,35.92939,-86.84217,False,Crashes_2010_2019_MPO
101900386,2018-01-29,2018,,94.0,,,0,0,N,0.0,0.0,0.0,,,,,,,,35.95395,-86.80025,False,Crashes_2010_2019_MPO
100367371,2013-08-14,2013,,94.0,,,0,0,N,0.0,0.0,0.0,,,,,,,,35.92637,-86.86647,False,Crashes_2010_2019_MPO
102599663,2019-12-15,2019,,94.0,,,0,0,N,0.0,0.0,0.0,,,,,,,,35.92287,-86.87085,False,Crashes_2010_2019_MPO
102017997,2018-05-21,2018,,94.0,,,0,0,N,0.0,0.0,0.0,,,,,,,,36.03688,-86.81794,True,Crashes_2010_2019_MPO
100920813,2015-08-10,2015,,94.0,,,0,0,N,0.0,0.0,0.0,,,,,,,,35.99827,-86.80287,True,Crashes_2010_2019_MPO
101003495,2015-11-05,2015,,19.0,,,0,0,N,0.0,0.0,0.0,,,,,,,,36.0374,-86.78657,False,Crashes_2010_2019_MPO
101861532,2017-12-17,2017,,94.0,,,0,0,N,0.0,0.0,0.0,,,,,,,,36.01382,-86.7383,False,Crashes_2010_2019_MPO