mstrrecnbr,collision_ts,year,county,countystat,crash,crash_type,fatalities,non_motorists,commercial,fatal_c,nonmotor_c,truck_c,fatalc,serious_injuries,ped,bike,lighting,weather,first_harmful_event,latitude,longitude,in_city,src_layer
101130691,2016-03-09,2016,,94.0,,,0,0,N,0.0,0.0,0.0,,,,,,,,35.93167,-86.81959,False,Crashes_2010_2019_MPO
101537606,2017-01-28,2017,,94.0,,,0,0,N,0.0,0.0,0.0,,,,,,,,35.94806,-86.81994,False,Crashes_2010_2019_MPO
102556131,2019-11-02,2019,,94.0,,,0,0,N,0.0,0.0,0.0,,,,,,,,35.92556,-86.86739,False,Crashes_2010_2019_MPO
101155946,2016-04-02,2016,,19.0,,,0,0,N,0.0,0.0,0.0,,,,,,,,36.04143,-86.78247,False,Crashes_2010_2019_MPO
102418637,2019-06-14,2019,,94.0,,,0,0,N,0.0,0.0,0.0,,,,,,,,36.00768,-86.78753,True,Crashes_2010_2019_MPO
100611430,2014-08-27,2014,,94.0,,,0,0,N,0.0,0.0,0.0,,,,,,,,35.99813,-86.78805,True,Crashes_2010_2019_MPO
101425315,2016-10-28,2016,,94.0,,,0,0,N,0.0,0.0,0.0,,,,,,,,36.033064,-86.788783,True,Crashes_2010_2019_MPO
102027183,2018-05-29,2018,,94.0,,,0,0,N,0.0,0.0,0.0,,,,,,,,35.96626,-86.81135,False,Crashes_2010_2019_MPO
102436686,2019-07-04,2019,,19.0,,,0,0,N,0.0,0.0,0.0,,,,,,,,36.04083,-86.78256,False,Crashes_2010_2019_MPO
100739295,2015-02-18,2015,,19.0,,,0,0,N,0.0,0.0,0.0,,,,,,,,36.03043,-86.67956,False,Crashes_2010_2019_MPO
101529836,2017-01-20,2017,,94.0,,,0,0,N,0.0,0.0,0.0,,,,,,,,35.94664,-86.80862,False,Crashes_2010_2019_MPO
100305745,2013-03-20,2013,,94.0,,,0,0,N,0.0,0.0,0.0,,,,,,,,35.95529,-86.84493,False,Crashes_2010_2019_MPO
101364502,2016-09-19,2016,,94.0,,,0,0,N,0.0,0.0,0.0,,,,,,,,35.92472,-86.87428,False,Crashes_2010_2019_MPO
100708417,2014-12-16,2014,,94.0,,,0,0,N,0.0,0.0,0.0,,,,,,,,35.94783,-86.82225,False,Crashes_2010_2019_MPO
102191628,2018-10-25,2018,,94.0,,,0,0,N,0.0,0.0,0.0,,,,,,,,35.96915,-86.71731,True,Crashes_2010_2019_MPO
102026773,2018-05-28,2018,,94.0,,,0,0,N,0.0,0.0,0.0,,,,,,,,35.96133,-86.81226,False,Crashes_2010_2019_MPO
102055934,2018-06-27,2018,,19.0,,,0,0,N,0.0,0.0,0.0,,,,,,,,36.0473,-86.86274,False,Crashes_2010_2019_MPO
102010287,2018-05-14,2018,,94.0,,,0,0,N,0.0,0.0,0.0,,,,,,,,35.94338,-86.85449,False,Crashes_2010_2019_MPO
101456271,2016-11-21,2016,,19.0,,,0,0,N,0.0,0.0,0.0,,,,,,,,36.05463,-86.71532,False,Crashes_2010_2019_MPO
102125849,2018-08-28,2018,,94.0,,,0,0,N,0.0,0.0,0.0,,,,,,,,36.0329,-86.79782,True,Crashes_2010_2019_MPO
101285403,2016-07-14,2016,,19.0,,,0,0,N,0.0,0.0,0.0,,,,,,,,36.03868,-86.71295,False,Crashes_2010_2019_MPO
102135400,2018-09-06,2018,,19.0,,,0,0,N,0.0,0.0,0.0,,,,,,,,35.99591,-86.68742,False,Crashes_2010_2019_MPO
101046779,2015-12-10,2015,,94.0,,,0,0,N,0.0,0.0,0.0,,,,,,,,35.99466,-86.74428,True,Crashes_2010_2019_MPO
100857917,2015-06-09,2015,,94.0,,,0,0,N,0.0,0.0,0.0,,,,,,,,35.99551,-86.77889,True,Crashes_2010_2019_MPO
102170529,2018-10-07,2018,,94.0,,,0,0,N,0.0,0.0,0.0,,,,,,,,35.966547,-86.80997,True,Crashes_2010_2019_MPO
100850663,2015-05-26,2015,,19.0,,,0,0,N,0.0,0.0,0.0,,,,,,,,36.03805,-86.78401,False,Crashes_2010_2019_MPO
100798253,2015-03-27,2015,,94.0,,,0,0,N,0.0,0.0,0.0,,,,,,,,35.96549,-86.70293,False,Crashes_2010_2019_MPO
101564896,2017-02-24,2017,,19.0,,,0,0,N,0.0,0.0,0.0,,,,,,,,35.99122,-86.68313,False,Crashes_2010_2019_MPO
101710092,2017-07-23,2017,,19.0,,,0,0,N,0.0,0.0,0.0,,,,,,,,36.0473,-86.86274,False,Crashes_2010_2019_MPO
101541879,2017-02-02,2017,,94.0,,,0,0,N,0.0,0.0,0.0,,,,,,,,35.94497,-86.87939,False,Crashes_2010_2019_MPO
101919672,2018-02-18,2018,,19.0,,,0,0,N,0.0,0.0,0.0,,,,,,,,36.05126,-86.71513,False,Crashes_2010_2019_MPO
102322114,2019-03-05,2019,,94.0,,,0,0,N,0.0,0.0,0.0,,,,,,,,35.93219,-86.79405,False,Crashes_2010_2019_MPO
100431469,2014-01-15,2014,,94.0,,,0,0,N,0.0,0.0,0.0,,,,,,,,35.962,-86.81517,False,Crashes_2010_2019_MPO
100750184,2015-02-20,2015,,19.0,,,0,0,N,0.0,0.0,0.0,,,,,,,,36.03903,-86.73966,False,Crashes_2010_2019_MPO
102428167,2019-06-25,2019,,94.0,,,0,0,N,0.0,0.0,0.0,,,,,,,,36.03063,-86.87581,False,Crashes_2010_2019_MPO
101129688,2016-03-08,2016,,94.0,,,0,0,N,0.0,0.0,0.0,,,,,,,,35.94896,-86.7496,True,Crashes_2010_2019_MPO
100921572,2015-08-12,2015,,94.0,,,0,0,N,0.0,0.0,0.0,,,,,,,,36.03466,-86.80277,True,Crashes_2010_2019_MPO
101458878,2016-11-24,2016,,19.0,,,0,0,N,0.0,0.0,0.0,,,,,,,,36.04525,-86.71698,False,Crashes_2010_2019_MPO
100417148,2013-12-10,2013,,94.0,,,0,0,N,0.0,0.0,0.0,,,,,,,,35.9256,-86.87284,False,Crashes_2010_2019_MPO
102054989,2018-06-26,2018,,94.0,,,0,0,N,0.0,0.0,0.0,,,,,,,,36.01556,-86.74032,False,Crashes_2010_2019_MPO
101677154,2017-06-18,2017,,94.0,,,0,0,N,0.0,0.0,0.0,,,,,,,,35.95212,-86.81784,False,Crashes_2010_2019_MPO
101972581,2018-04-10,2018,,94.0,,,0,0,N,0.0,0.0,0.0,,,,,,,,35.96946,-86.80646,True,Crashes_2010_2019_MPO
101433875,2016-11-07,2016,,19.0,,,0,0,N,0.0,0.0,0.0,,,,,,,,36.03934,-86.78566,False,Crashes_2010_2019_MPO
100250414,2012-11-09,2012,,94.0,,,0,0,N,0.0,0.0,0.0,,,,,,,,35.96849,-86.81911,True,Crashes_2010_2019_MPO
102600564,2019-12-17,2019,,19.0,,,0,0,N,0.0,0.0,0.0,,,,,,,,36.02991,-86.67847,False,Crashes_2010_2019_MPO
101283171,2016-07-07,2016,,19.0,,,0,0,N,0.0,0.0,0.0,,,,,,,,36.05341,-86.6923,False,Crashes_2010_2019_MPO
101246411,2016-06-15,2016,,94.0,,,0,0,Y,0.0,0.0,1.0,,,,,,,,35.974,-86.77579,True,Crashes_2010_2019_MPO
100502269,2014-04-29,2014,,94.0,,,0,0,N,0.0,0.0,0.0,,,,,,,,35.95803,-86.81637,False,Crashes_2010_2019_MPO
100916280,2015-07-20,2015,,94.0,,,0,0,N,0.0,0.0,0.0,,,,,,,,35.97818,-86.80368,True,Crashes_2010_2019_MPO
100464070,2014-03-14,2014,,94.0,,,0,0,N,0.0,0.0,0.0,,,,,,,,35.9744,-86.83204,True,Crashes_2010_2019_MPO
101856499,2017-12-12,2017,,94.0,,,0,0,N,0.0,0.0,0.0,,,,,,,,35.94778,-86.81994,False,Crashes_2010_2019_MPO
101699839,2017-07-12,2017,,19.0,,,0,0,N,0.0,0.0,0.0,,,,,,,,36.03762,-86.78251,False,Crashes_2010_2019_MPO
101426238,2016-10-29,2016,,94.0,,,0,0,N,0.0,0.0,0.0,,,,,,,,35.94114,-86.83623,False,Crashes_2010_2019_MPO
101331613,2016-08-18,2016,,94.0,,,0,0,N,0.0,0.0,0.0,,,,,,,,35.95519,-86.82588,False,Crashes_2010_2019_MPO
101843837,2017-11-30,2017,,19.0,,,0,0,N,0.0,0.0,0.0,,,,,,,,36.05047,-86.87652,False,Crashes_2010_2019_MPO
101276982,2016-07-01,2016,,94.0,,,0,0,N,0.0,0.0,0.0,,,,,,,,35.96108,-86.68363,False,Crashes_2010_2019_MPO
101243831,2016-06-11,2016,,94.0,,,0,0,N,0.0,0.0,0.0,,,,,,,,35.93574,-86.82382,False,Crashes_2010_2019_MPO
102573986,2019-11-20,2019,,94.0,,,0,0,N,0.0,0.0,0.0,,,,,,,,35.92738,-86.8687,False,Crashes_2010_2019_MPO
102375488,2019-04-29,2019,,19.0,,,0,0,N,0.0,0.0,0.0,,,,,,,,36.0484,-86.74363,False,Crashes_2010_2019_MPO
100391353,2013-10-14,2013,,94.0,,,0,0,N,0.0,0.0,0.0,,,,,,,,35.99551,-86.77889,True,Crashes_2010_2019_MPO
101539615,2017-01-30,2017,,94.0,,,0,0,N,0.0,0.0,0.0,,,,,,,,35.93656,-86.79453,False,Crashes_2010_2019_MPO
101882929,2018-01-09,2018,,94.0,,,0,0,N,0.0,0.0,0.0,,,,,,,,36.01569,-86.82028,True,Crashes_2010_2019_MPO
100654586,2014-10-16,2014,,19.0,,,0,0,N,0.0,0.0,0.0,,,,,,,,36.04531,-86.70166,False,Crashes_2010_2019_MPO
100835144,2015-05-16,2015,,94.0,,,0,0,N,0.0,0.0,0.0,,,,,,,,35.94959,-86.81948,False,Crashes_2010_2019_MPO
101680453,2017-06-22,2017,,19.0,,,0,0,N,0.0,0.0,0.0,,,,,,,,35.99548,-86.68787,False,Crashes_2010_2019_MPO
102052237,2018-06-22,2018,,94.0,,,0,0,N,0.0,0.0,0.0,,,,,,,,35.95913,-86.81542,False,Crashes_2010_2019_MPO
900099363,2010-05-14,2010,,94.0,,,0,0, ,0.0,0.0,0.0,,,,,,,,36.0201,-86.864998,False,Crashes_2010_2019_MPO
101946674,2018-03-16,2018,,94.0,,,0,0,Y,0.0,0.0,1.0,,,,,,,,35.97127,-86.83492,False,Crashes_2010_2019_MPO
101586422,2017-03-17,2017,,94.0,,,0,0,N,0.0,0.0,0.0,,,,,,,,35.96655,-86.80932,True,Crashes_2010_2019_MPO
101615964,2017-04-15,2017,,94.0,,,0,0,N,0.0,0.0,0.0,,,,,,,,35.92584,-86.86759,False,Crashes_2010_2019_MPO
101105996,2016-02-15,2016,,94.0,,,0,0,N,0.0,0.0,0.0,,,,,,,,35.96372,-86.81053,False,Crashes_2010_2019_MPO
100162784,2012-03-28,2012,,94.0,,,0,0,N,0.0,0.0,0.0,,,,,,,,35.96464,-86.79038,True,Crashes_2010_2019_MPO
101476490,2016-12-14,2016,,94.0,,,0,0,N,0.0,0.0,0.0,,,,,,,,36.02941,-86.78374,True,Crashes_2010_2019_MPO
101608371,2017-04-08,2017,,94.0,,,0,0,N,0.0,0.0,0.0,,,,,,,,35.92884,-86.86988,False,Crashes_2010_2019_MPO
101814603,2017-11-04,2017,,19.0,,,0,0,N,0.0,0.0,0.0,,,,,,,,36.0337,-86.71301,False,Crashes_2010_2019_MPO
102571704,2019-11-18,2019,,19.0,,,0,0,N,0.0,0.0,0.0,,,,,,,,36.04679,-86.71343,False,Crashes_2010_2019_MPO
102097523,2018-08-03,2018,,19.0,,,0,0,N,0.0,0.0,0.0,,,,,,,,36.03881,-86.74343,False,Crashes_2010_2019_MPO
100542457,2014-05-22,2014,,94.0,,,0,0,N,0.0,0.0,0.0,,,,,,,,35.93407,-86.87787,False,Crashes_2010_2019_MPO
101730626,2017-08-14,2017,,94.0,,,0,0,N,0.0,0.0,0.0,,,,,,,,35.9493,-86.81942,False,Crashes_2010_2019_MPO
100949507,2015-09-12,2015,,19.0,,,0,0,N,0.0,0.0,0.0,,,,,,,,36.02037,-86.6775,False,Crashes_2010_2019_MPO
101707743,2017-07-21,2017,,94.0,,,0,0,N,0.0,0.0,0.0,,,,,,,,36.02104,-86.78735,True,Crashes_2010_2019_MPO
101315238,2016-07-28,2016,,19.0,,,0,0,N,0.0,0.0,0.0,,,,,,,,36.02664,-86.72016,False,Crashes_2010_2019_MPO
102111423,2018-08-16,2018,,94.0,,,0,0,N,0.0,0.0,0.0,,,,,,,,35.94114,-86.83623,False,Crashes_2010_2019_MPO
100767893,2015-03-06,2015,,94.0,,,0,0,N,0.0,0.0,0.0,,,,,,,,36.0205,-86.78268,True,Crashes_2010_2019_MPO
100729686,2015-01-29,2015,,19.0,,,0,0,N,0.0,0.0,0.0,,,,,,,,35.99686,-86.68989,False,Crashes_2010_2019_MPO
100976113,2015-10-09,2015,,94.0,,,0,0,N,0.0,0.0,0.0,,,,,,,,36.034611,-86.802909,True,Crashes_2010_2019_MPO
102256601,2018-12-24,2018,,94.0,,,0,0,N,0.0,0.0,0.0,,,,,,,,35.96705,-86.81355,True,Crashes_2010_2019_MPO
102061906,2018-07-03,2018,,94.0,,,0,0,N,0.0,0.0,0.0,,,,,,,,35.9289,-86.87551,False,Crashes_2010_2019_MPO
102278004,2019-01-15,2019,,94.0,,,0,0,N,0.0,0.0,0.0,,,,,,,,36.0345,-86.783,True,Crashes_2010_2019_MPO
100705124,2014-12-11,2014,,94.0,,,0,0,N,0.0,0.0,0.0,,,,,,,,35.96445,-86.78858,True,Crashes_2010_2019_MPO
100404988,2013-11-14,2013,,94.0,,,0,0,N,0.0,0.0,0.0,,,,,,,,35.94531,-86.82307,False,Crashes_2010_2019_MPO
100884021,2015-07-05,2015,,94.0,,,0,0,N,0.0,0.0,0.0,,,,,,,,35.92823,-86.76738,False,Crashes_2010_2019_MPO
101178987,2016-04-22,2016,,94.0,,,0,0,N,0.0,0.0,0.0,,,,,,,,35.97878,-86.75282,True,Crashes_2010_2019_MPO
102030591,2018-06-01,2018,,19.0,,,0,0,N,0.0,0.0,0.0,,,,,,,,36.04383,-86.71309,False,Crashes_2010_2019_MPO
100882063,2015-07-06,2015,,19.0,,,0,0,N,0.0,0.0,0.0,,,,,,,,36.04009,-86.74428,False,Crashes_2010_2019_MPO
102599918,2019-12-17,2019,,19.0,,,0,0,N,0.0,0.0,0.0,,,,,,,,36.03555,-86.7133,False,Crashes_2010_2019_MPO
101420043,2016-10-22,2016,,94.0,,,0,0,N,0.0,0.0,0.0,,,,,,,,35.97847,-86.8234,True,Crashes_2010_2019_MPO
101073136,2016-01-06,2016,,94.0,,,0,0,N,0.0,0.0,0.0,,,,,,,,35.97185,-86.86161,False,Crashes_2010_2019_MPO
101894372,2018-01-22,2018,,94.0,,,0,0,N,0.0,0.0,0.0,,,,,,,,35.9778,-86.84069,False,Crashes_2010_2019_MPO
101653830,2017-05-24,2017,,94.0,,,0,0,N,0.0,0.0,0.0,,,,,,,,35.9951,-86.77444,True,Crashes_2010_2019_MPO
102272703,2019-01-09,2019,,94.0,,,0,0,N,0.0,0.0,0.0,,,,,,,,36.02606,-86.87904,False,Crashes_2010_2019_MPO
100281753,2013-01-18,2013,,94.0,,,0,0,N,0.0,0.0,0.0,,,,,,,,35.92397,-86.86929,False,Crashes_2010_2019_MPO
101924136,2018-02-23,2018,,19.0,,,0,0,N,0.0,0.0,0.0,,,,,,,,36.04001,-86.78087,False,Crashes_2010_2019_MPO
100950862,2015-09-15,2015,,19.0,,,0,0,N,0.0,0.0,0.0,,,,,,,,36.03903,-86.74342,False,Crashes_2010_2019_MPO
100091396,2011-09-09,2011,,94.0,,,0,0,N,0.0,0.0,0.0,,,,,,,,35.9623,-86.8538,False,Crashes_2010_2019_MPO
101078061,2016-01-15,2016,,19.0,,,0,0,N,0.0,0.0,0.0,,,,,,,,36.0416,-86.71287,False,Crashes_2010_2019_MPO
101716670,2017-07-31,2017,,19.0,,,0,0,N,0.0,0.0,0.0,,,,,,,,36.04091,-86.77938,False,Crashes_2010_2019_MPO
101042011,2015-12-03,2015,,94.0,,,0,0,N,0.0,0.0,0.0,,,,,,,,35.96093,-86.80188,True,Crashes_2010_2019_MPO
101713246,2017-07-27,2017,,19.0,,,0,0,N,0.0,0.0,0.0,,,,,,,,36.03821,-86.8009,False,Crashes_2010_2019_MPO
100419969,2013-12-16,2013,,94.0,,,0,0,N,0.0,0.0,0.0,,,,,,,,35.97888,-86.75177,True,Crashes_2010_2019_MPO
100718135,2015-01-06,2015,,19.0,,,0,0,N,0.0,0.0,0.0,,,,,,,,36.0413,-86.74668,False,Crashes_2010_2019_MPO
101665777,2017-06-05,2017,,94.0,,,0,0,N,0.0,0.0,0.0,,,,,,,,35.96372,-86.81053,False,Crashes_2010_2019_MPO
102326932,2019-03-10,2019,,94.0,,,0,0,N,0.0,0.0,0.0,,,,,,,,35.95712,-86.84299,False,Crashes_2010_2019_MPO
101188317,2016-05-05,2016,,19.0,,,0,0,N,0.0,0.0,0.0,,,,,,,,36.05362,-86.73846,False,Crashes_2010_2019_MPO
100738707,2015-02-17,2015,,94.0,,,0,0,N,0.0,0.0,0.0,,,,,,,,36.02644,-86.78491,True,Crashes_2010_2019_MPO
101393497,2016-09-30,2016,,19.0,,,0,0,N,0.0,0.0,0.0,,,,,,,,35.99788,-86.6913,False,Crashes_2010_2019_MPO
100726990,2015-01-24,2015,,94.0,,,0,0,N,0.0,0.0,0.0,,,,,,,,35.96661,-86.8112,True,Crashes_2010_2019_MPO
102526997,2019-10-02,2019,,19.0,,,0,0,N,0.0,0.0,0.0,,,,,,,,36.04436,-86.6873,False,Crashes_2010_2019_MPO
101315750,2016-07-29,2016,,94.0,,,0,0,N,0.0,0.0,0.0,,,,,,,,35.99771,-86.79795,True,Crashes_2010_2019_MPO
102462620,2019-07-30,2019,,94.0,,,0,0,N,0.0,0.0,0.0,,,,,,,,35.99551,-86.77887,True,Crashes_2010_2019_MPO
102417856,2019-06-13,2019,,19.0,,,0,0,N,0.0,0.0,0.0,,,,,,,,35.99199,-86.68423,False,Crashes_2010_2019_MPO
101606382,2017-04-07,2017,,94.0,,,0,0,N,0.0,0.0,0.0,,,,,,,,35.99781,-86.79886,True,Crashes_2010_2019_MPO
101245189,2016-06-13,2016,,19.0,,,0,0,N,0.0,0.0,0.0,,,,,,,,36.04094,-86.74613,False,Crashes_2010_2019_MPO
101949314,2018-03-03,2018,,94.0,,,0,0,N,0.0,0.0,0.0,,,,,,,,35.94693,-86.82163,False,Crashes_2010_2019_MPO
102149486,2018-09-18,2018,,19.0,,,0,0,N,0.0,0.0,0.0,,,,,,,,36.04634,-86.74384,False,Crashes_2010_2019_MPO
101544188,2017-02-04,2017,,19.0,,,0,0,N,0.0,0.0,0.0,,,,,,,,36.04197,-86.78349,False,Crashes_2010_2019_MPO
101863970,2017-12-18,2017,,94.0,,,0,0,N,0.0,0.0,0.0,,,,,,,,35.9339,-86.86142,False,Crashes_2010_2019_MPO
101676606,2017-06-18,2017,,19.0,,,0,0,N,0.0,0.0,0.0,,,,,,,,36.04543,-86.70361,False,Crashes_2010_2019_MPO
100767326,2015-03-05,2015,,19.0,,,0,0,N,0.0,0.0,0.0,,,,,,,,36.04976,-86.77521,False,Crashes_2010_2019_MPO
100965877,2015-09-23,2015,,19.0,,,0,0,N,0.0,0.0,0.0,,,,,,,,36.03771,-86.78482,False,Crashes_2010_2019_MPO
100923520,2015-08-15,2015,,94.0,,,0,0,N,0.0,0.0,0.0,,,,,,,,35.95328,-86.82326,False,Crashes_2010_2019_MPO
102119930,2018-08-23,2018,,94.0,,,0,0,N,0.0,0.0,0.0,,,,,,,,35.95363,-86.70859,True,Crashes_2010_2019_MPO
102276397,2019-01-13,2019,,19.0,,,0,0,N,0.0,0.0,0.0,,,,,,,,36.05145,-86.70271,False,Crashes_2010_2019_MPO
102351875,2019-04-06,2019,,19.0,,,0,0,N,0.0,0.0,0.0,,,,,,,,36.05224,-86.682,False,Crashes_2010_2019_MPO
102250236,2018-12-14,2018,,94.0,,,0,0,N,0.0,0.0,0.0,,,,,,,,35.93287,-86.78346,False,Crashes_2010_2019_MPO
102138544,2018-09-08,2018,,94.0,,,0,0,N,0.0,0.0,0.0,,,,,,,,35.94753,-86.8201,False,Crashes_2010_2019_MPO
101406907,2016-10-18,2016,,94.0,,,0,0,N,0.0,0.0,0.0,,,,,,,,35.92459,-86.80619,False,Crashes_2010_2019_MPO
101717308,2017-07-31,2017,,19.0,,,0,0,N,0.0,0.0,0.0,,,,,,,,36.0447,-86.83125,False,Crashes_2010_2019_MPO
101236828,2016-06-01,2016,,94.0,,,0,0,N,0.0,0.0,0.0,,,,,,,,35.98071,-86.81865,True,Crashes_2010_2019_MPO
102327196,2019-03-11,2019,,19.0,,,0,0,N,0.0,0.0,0.0,,,,,,,,36.04125,-86.77836,False,Crashes_2010_2019_MPO
100918197,2015-08-06,2015,,19.0,,,0,0,N,0.0,0.0,0.0,,,,,,,,36.04034,-86.78294,False,Crashes_2010_2019_MPO
100429883,2014-01-11,2014,,94.0,,,0,0,N,0.0,0.0,0.0,,,,,,,,35.99705,-86.7931,True,Crashes_2010_2019_MPO
100949840,2015-09-13,2015,,94.0,,,0,0,N,0.0,0.0,0.0,,,,,,,,36.0138,-86.83755,True,Crashes_2010_2019_MPO
102063570,2018-07-04,2018,,19.0,,,0,0,N,0.0,0.0,0.0,,,,,,,,36.04231,-86.7817,False,Crashes_2010_2019_MPO
100714814,2014-12-29,2014,,94.0,,,0,0,N,0.0,0.0,0.0,,,,,,,,35.96798,-86.81832,True,Crashes_2010_2019_MPO
102092297,2018-07-30,2018,,94.0,,,0,0,N,0.0,0.0,0.0,,,,,,,,35.95225,-86.80519,False,Crashes_2010_2019_MPO
102021081,2018-05-24,2018,,94.0,,,0,0,N,0.0,0.0,0.0,,,,,,,,35.93562,-86.82387,False,Crashes_2010_2019_MPO
100460242,2014-03-04,2014,,94.0,,,0,0,N,0.0,0.0,0.0,,,,,,,,35.94694,-86.8116,False,Crashes_2010_2019_MPO
102424099,2019-06-20,2019,,19.0,,,0,0,N,0.0,0.0,0.0,,,,,,,,36.03747,-86.79098,False,Crashes_2010_2019_MPO
100949329,2015-09-12,2015,,19.0,,,0,0,N,0.0,0.0,0.0,,,,,,,,36.04526,-86.717,False,Crashes_2010_2019_MPO
102156354,2018-09-23,2018,,94.0,,,0,0,N,0.0,0.0,0.0,,,,,,,,35.92765,-86.82126,False,Crashes_2010_2019_MPO
101538216,2017-01-29,2017,,19.0,,,0,0,N,0.0,0.0,0.0,,,,,,,,36.0418,-86.7824,False,Crashes_2010_2019_MPO
101765651,2017-09-19,2017,,19.0,,,0,0,N,0.0,0.0,0.0,,,,,,,,36.0374,-86.78657,False,Crashes_2010_2019_MPO
102086052,2018-07-25,2018,,94.0,,,0,0,N,0.0,0.0,0.0,,,,,,,,35.92406,-86.86933,False,Crashes_2010_2019_MPO
101805278,2017-10-25,2017,,94.0,,,0,0,N,0.0,0.0,0.0,,,,,,,,36.0298,-86.87613,False,Crashes_2010_2019_MPO
102510856,2019-09-16,2019,,94.0,,,0,0,N,0.0,0.0,0.0,,,,,,,,35.93321,-86.81422,False,Crashes_2010_2019_MPO
100724995,2015-01-20,2015,,94.0,,,0,0,N,0.0,0.0,0.0,,,,,,,,35.9229,-86.86941,False,Crashes_2010_2019_MPO
100660717,2014-10-28,2014,,94.0,,,0,0,N,0.0,0.0,0.0,,,,,,,,35.95589,-86.83172,False,Crashes_2010_2019_MPO
101366071,2016-09-21,2016,,19.0,,,0,0,N,0.0,0.0,0.0,,,,,,,,36.0453,-86.71389,False,Crashes_2010_2019_MPO
101940446,2018-03-11,2018,,19.0,,,0,0,N,0.0,0.0,0.0,,,,,,,,36.01517,-86.73634,False,Crashes_2010_2019_MPO
102415409,2019-06-10,2019,,94.0,,,0,0,N,0.0,0.0,0.0,,,,,,,,35.93557,-86.82364,False,Crashes_2010_2019_MPO
100997901,2015-10-27,2015,,19.0,,,0,0,N,0.0,0.0,0.0,,,,,,,,36.05288,-86.68726,False,Crashes_2010_2019_MPO
101326359,2016-08-12,2016,,19.0,,,0,0,N,0.0,0.0,0.0,,,,,,,,35.99715,-86.69028,False,Crashes_2010_2019_MPO
102567354,2019-11-13,2019,,19.0,,,0,0,N,0.0,0.0,0.0,,,,,,,,36.0413,-86.74671,False,Crashes_2010_2019_MPO
101877992,2018-01-04,2018,,19.0,,,0,0,N,0.0,0.0,0.0,,,,,,,,36.03353,-86.71636,False,Crashes_2010_2019_MPO
101765495,2017-09-18,2017,,94.0,,,0,0,N,0.0,0.0,0.0,,,,,,,,35.97241,-86.67846,False,Crashes_2010_2019_MPO
102326819,2019-03-10,2019,,19.0,,,0,0,N,0.0,0.0,0.0,,,,,,,,36.04538,-86.70284,False,Crashes_2010_2019_MPO
100822514,2015-04-23,2015,,19.0,,,0,0,N,0.0,0.0,0.0,,,,,,,,36.04098,-86.77941,False,Crashes_2010_2019_MPO
102266048,2019-01-04,2019,,94.0,,,0,0,N,0.0,0.0,0.0,,,,,,,,35.96682,-86.81074,True,Crashes_2010_2019_MPO
100394600,2013-10-22,2013,,94.0,,,0,0,N,0.0,0.0,0.0,,,,,,,,35.92455,-86.82477,False,Crashes_2010_2019_MPO
100548097,2014-06-06,2014,,94.0,,,0,0,N,0.0,0.0,0.0,,,,,,,,35.94452,-86.82056,False,Crashes_2010_2019_MPO
102101451,2018-08-07,2018,,94.0,,,0,0,N,0.0,0.0,0.0,,,,,,,,35.92738,-86.8687,False,Crashes_2010_2019_MPO
101751984,2017-08-31,2017,,94.0,,,0,0,Y,0.0,0.0,1.0,,,,,,,,35.92957,-86.84187,False,Crashes_2010_2019_MPO
102070506,2018-07-10,2018,,94.0,,,0,0,N,0.0,0.0,0.0,,,,,,,,35.93481,-86.82404,False,Crashes_2010_2019_MPO
101355686,2016-09-07,2016,,94.0,,,0,0,N,0.0,0.0,0.0,,,,,,,,35.96788,-86.81808,True,Crashes_2010_2019_MPO
102590313,2019-12-06,2019,,94.0,,,0,0,N,0.0,0.0,0.0,,,,,,,,36.03325,-86.78326,True,Crashes_2010_2019_MPO
101819529,2017-11-08,2017,,94.0,,,0,0,N,0.0,0.0,0.0,,,,,,,,35.98861,-86.79983,True,Crashes_2010_2019_MPO
101833737,2017-11-21,2017,,94.0,,,0,0,N,0.0,0.0,0.0,,,,,,,,36.03162,-86.87542,False,Crashes_2010_2019_MPO
102514805,2019-09-20,2019,,94.0,,,0,0,N,0.0,0.0,0.0,,,,,,,,36.01039,-86.72385,False,Crashes_2010_2019_MPO
100703618,2014-12-08,2014,,94.0,,,0,0,N,0.0,0.0,0.0,,,,,,,,35.94746,-86.82035,False,Crashes_2010_2019_MPO
101041466,2015-12-02,2015,,94.0,,,0,0,N,0.0,0.0,0.0,,,,,,,,35.99209,-86.77843,True,Crashes_2010_2019_MPO
101884854,2018-01-11,2018,,19.0,,,0,0,N,0.0,0.0,0.0,,,,,,,,36.0409,-86.77938,False,Crashes_2010_2019_MPO
101406458,2016-10-18,2016,,94.0,,,0,0,N,0.0,0.0,0.0,,,,,,,,35.93343,-86.81898,False,Crashes_2010_2019_MPO
101075312,2016-01-11,2016,,94.0,,,0,0,N,0.0,0.0,0.0,,,,,,,,35.95507,-86.81654,False,Crashes_2010_2019_MPO
102241482,2018-12-10,2018,,19.0,,,0,0,N,0.0,0.0,0.0,,,,,,,,35.99586,-86.68747,False,Crashes_2010_2019_MPO
100723886,2015-01-17,2015,,94.0,,,0,0,N,0.0,0.0,0.0,,,,,,,,35.94609,-86.82344,False,Crashes_2010_2019_MPO
100303801,2013-03-15,2013,,94.0,,,0,0,N,0.0,0.0,0.0,,,,,,,,35.92926,-86.86489,False,Crashes_2010_2019_MPO
102131490,2018-09-02,2018,,94.0,,,0,0,N,0.0,0.0,0.0,,,,,,,,35.99614,-86.78539,True,Crashes_2010_2019_MPO
102314297,2019-02-24,2019,,94.0,,,0,0,N,0.0,0.0,0.0,,,,,,,,35.95899,-86.81594,False,Crashes_2010_2019_MPO
102328149,2019-03-12,2019,,19.0,,,0,0,N,0.0,0.0,0.0,,,,,,,,36.0457,-86.70965,False,Crashes_2010_2019_MPO