mstrrecnbr,collision_ts,year,county,countystat,crash,crash_type,fatalities,non_motorists,commercial,fatal_c,nonmotor_c,truck_c,fatalc,serious_injuries,ped,bike,lighting,weather,first_harmful_event,latitude,longitude,in_city,src_layer
100750330,2015-02-19,2015,,19.0,,,0,0,N,0.0,0.0,0.0,,,,,,,,36.0417,-86.74862,False,Crashes_2010_2019_MPO
101669663,2017-06-10,2017,,19.0,,,0,0,N,0.0,0.0,0.0,,,,,,,,36.05366,-86.71502,False,Crashes_2010_2019_MPO
101674677,2017-06-14,2017,,94.0,,,0,0,N,0.0,0.0,0.0,,,,,,,,35.96746,-86.81345,True,Crashes_2010_2019_MPO
101617987,2017-04-17,2017,,19.0,,,0,0,N,0.0,0.0,0.0,,,,,,,,36.05476,-86.70091,False,Crashes_2010_2019_MPO
100997840,2015-10-27,2015,,94.0,,,0,0,N,0.0,0.0,0.0,,,,,,,,35.94234,-86.84205,False,Crashes_2010_2019_MPO
101231465,2016-05-22,2016,,94.0,,,0,0,N,0.0,0.0,0.0,,,,,,,,35.92964,-86.85293,False,Crashes_2010_2019_MPO
101280044,2016-07-05,2016,,94.0,,,0,0,N,0.0,0.0,0.0,,,,,,,,35.93723,-86.69972,False,Crashes_2010_2019_MPO
101063052,2015-12-19,2015,,19.0,,,0,0,N,0.0,0.0,0.0,,,,,,,,36.04542,-86.71317,False,Crashes_2010_2019_MPO
101908797,2018-02-06,2018,,94.0,,,0,0,N,0.0,0.0,0.0,,,,,,,,36.03297,-86.79676,True,Crashes_2010_2019_MPO
100269791,2012-12-21,2012,,94.0,,,0,0,N,0.0,0.0,0.0,,,,,,,,35.95791,-86.7388,True,Crashes_2010_2019_MPO
100725621,2015-01-22,2015,,19.0,,,0,0,N,0.0,0.0,0.0,,,,,,,,36.04533,-86.71758,False,Crashes_2010_2019_MPO
101873372,2017-12-30,2017,,94.0,,,0,0,N,0.0,0.0,0.0,,,,,,,,35.94631,-86.8236,False,Crashes_2010_2019_MPO
102204311,2018-11-08,2018,,94.0,,,0,0,N,0.0,0.0,0.0,,,,,,,,36.03319,-86.7876,True,Crashes_2010_2019_MPO
102567958,2019-11-14,2019,,94.0,,,0,0,N,0.0,0.0,0.0,,,,,,,,35.93874,-86.82032,False,Crashes_2010_2019_MPO
101689613,2017-07-02,2017,,19.0,,,0,0,N,0.0,0.0,0.0,,,,,,,,36.04537,-86.71326,False,Crashes_2010_2019_MPO
102229809,2018-11-30,2018,,94.0,,,0,0,N,0.0,0.0,0.0,,,,,,,,35.96526,-86.80008,True,Crashes_2010_2019_MPO
101606894,2017-04-07,2017,,94.0,,,0,0,N,0.0,0.0,0.0,,,,,,,,35.96688,-86.81116,True,Crashes_2010_2019_MPO
100914717,2015-07-30,2015,,94.0,,,0,0,N,0.0,0.0,0.0,,,,,,,,35.99854,-86.80517,True,Crashes_2010_2019_MPO
100724790,2015-01-20,2015,,94.0,,,0,0,N,0.0,0.0,0.0,,,,,,,,36.03482,-86.78815,True,Crashes_2010_2019_MPO
101837706,2017-11-25,2017,,19.0,,,0,0,N,0.0,0.0,0.0,,,,,,,,36.04482,-86.69534,False,Crashes_2010_2019_MPO
102378227,2019-05-02,2019,,19.0,,,0,0,N,0.0,0.0,0.0,,,,,,,,36.04132,-86.82233,False,Crashes_2010_2019_MPO
102323414,2019-03-07,2019,,94.0,,,0,0,N,0.0,0.0,0.0,,,,,,,,35.97635,-86.67818,False,Crashes_2010_2019_MPO
102229349,2018-11-30,2018,,94.0,,,0,0,N,0.0,0.0,0.0,,,,,,,,35.99551,-86.77887,True,Crashes_2010_2019_MPO
100908210,2015-07-18,2015,,19.0,,,0,0,N,0.0,0.0,0.0,,,,,,,,36.04424,-86.7816,False,Crashes_2010_2019_MPO
102556340,2019-11-02,2019,,94.0,,,0,0,N,0.0,0.0,0.0,,,,,,,,35.96508,-86.81622,True,Crashes_2010_2019_MPO
100641032,2014-10-10,2014,,94.0,,,0,0,N,0.0,0.0,0.0,,,,,,,,35.93898,-86.81706,False,Crashes_2010_2019_MPO
100913513,2015-07-27,2015,,19.0,,,0,0,N,0.0,0.0,0.0,,,,,,,,36.04098,-86.77941,False,Crashes_2010_2019_MPO
100856732,2015-06-07,2015,,19.0,,,0,0,N,0.0,0.0,0.0,,,,,,,,36.04001,-86.74349,False,Crashes_2010_2019_MPO
101423099,2016-10-26,2016,,94.0,,,0,0,N,0.0,0.0,0.0,,,,,,,,35.99551,-86.77887,True,Crashes_2010_2019_MPO
101508317,2017-01-17,2017,,94.0,,,0,0,N,0.0,0.0,0.0,,,,,,,,35.98448,-86.80149,True,Crashes_2010_2019_MPO
101765586,2017-09-19,2017,,19.0,,,0,0,N,0.0,0.0,0.0,,,,,,,,36.04732,-86.79017,False,Crashes_2010_2019_MPO
101677058,2017-06-18,2017,,94.0,,,0,0,N,0.0,0.0,0.0,,,,,,,,35.96437,-86.81096,False,Crashes_2010_2019_MPO
100659929,2014-10-26,2014,,94.0,,,0,0,N,0.0,0.0,0.0,,,,,,,,35.96606,-86.72706,True,Crashes_2010_2019_MPO
100487109,2014-04-16,2014,,94.0,,,0,0,N,0.0,0.0,0.0,,,,,,,,35.97206,-86.8058,True,Crashes_2010_2019_MPO
102362378,2019-04-16,2019,,94.0,,,0,0,N,0.0,0.0,0.0,,,,,,,,35.9493,-86.75315,True,Crashes_2010_2019_MPO
100212225,2012-01-28,2012,,19.0,,,1,3,N,1.0,1.0,0.0,,,,,,,,36.054729,-86.694183,False,Crashes_2010_2019_MPO
102491477,2019-08-28,2019,,19.0,,,0,0,N,0.0,0.0,0.0,,,,,,,,36.04139,-86.77983,False,Crashes_2010_2019_MPO
102305931,2019-02-14,2019,,19.0,,,0,0,N,0.0,0.0,0.0,,,,,,,,36.03491,-86.78307,True,Crashes_2010_2019_MPO
101164947,2016-04-15,2016,,19.0,,,0,0,N,0.0,0.0,0.0,,,,,,,,36.05045,-86.87634,False,Crashes_2010_2019_MPO
100439802,2014-02-06,2014,,94.0,,,0,0,N,0.0,0.0,0.0,,,,,,,,35.95076,-86.81842,False,Crashes_2010_2019_MPO
100316953,2013-04-15,2013,,94.0,,,0,0,Y,0.0,0.0,1.0,,,,,,,,35.95179,-86.8185,False,Crashes_2010_2019_MPO
101916643,2018-02-14,2018,,94.0,,,0,0,N,0.0,0.0,0.0,,,,,,,,35.94616,-86.80856,False,Crashes_2010_2019_MPO
102316921,2019-02-27,2019,,94.0,,,0,0,N,0.0,0.0,0.0,,,,,,,,35.9662,-86.80795,True,Crashes_2010_2019_MPO
101924277,2018-02-20,2018,,19.0,,,0,0,N,0.0,0.0,0.0,,,,,,,,36.03565,-86.78298,False,Crashes_2010_2019_MPO
100822237,2015-04-22,2015,,19.0,,,0,0,N,0.0,0.0,0.0,,,,,,,,36.03738,-86.791,False,Crashes_2010_2019_MPO
102174262,2018-10-10,2018,,94.0,,,0,0,N,0.0,0.0,0.0,,,,,,,,35.94806,-86.86354,False,Crashes_2010_2019_MPO
100980052,2015-10-15,2015,,94.0,,,0,0,N,0.0,0.0,0.0,,,,,,,,35.95681,-86.84372,False,Crashes_2010_2019_MPO
100913131,2015-07-27,2015,,94.0,,,0,0,N,0.0,0.0,0.0,,,,,,,,35.96536,-86.79757,True,Crashes_2010_2019_MPO
102362228,2019-04-15,2019,,19.0,,,0,0,N,0.0,0.0,0.0,,,,,,,,36.03047,-86.74398,False,Crashes_2010_2019_MPO
101236498,2016-05-30,2016,,94.0,,,0,0,N,0.0,0.0,0.0,,,,,,,,35.97876,-86.77107,True,Crashes_2010_2019_MPO
101470212,2016-12-07,2016,,94.0,,,0,0,N,0.0,0.0,0.0,,,,,,,,35.9675,-86.81626,True,Crashes_2010_2019_MPO
100618395,2014-09-12,2014,,94.0,,,0,0,N,0.0,0.0,0.0,,,,,,,,35.9583,-86.80175,False,Crashes_2010_2019_MPO
101230556,2016-05-23,2016,,94.0,,,0,0,N,0.0,0.0,0.0,,,,,,,,35.99381,-86.76074,True,Crashes_2010_2019_MPO
102610948,2019-12-30,2019,,94.0,,,0,0,N,0.0,0.0,0.0,,,,,,,,36.02049,-86.73096,False,Crashes_2010_2019_MPO
101882947,2018-01-10,2018,,94.0,,,0,0,N,0.0,0.0,0.0,,,,,,,,35.96716,-86.81351,True,Crashes_2010_2019_MPO
101091613,2016-01-21,2016,,94.0,,,0,0,N,0.0,0.0,0.0,,,,,,,,35.94693,-86.81182,False,Crashes_2010_2019_MPO
101098379,2016-02-02,2016,,19.0,,,0,0,N,0.0,0.0,0.0,,,,,,,,36.04515,-86.85244,False,Crashes_2010_2019_MPO
100423408,2013-12-23,2013,,94.0,,,0,0,N,0.0,0.0,0.0,,,,,,,,36.01284,-86.80082,True,Crashes_2010_2019_MPO
101497219,2017-01-06,2017,,19.0,,,0,0,N,0.0,0.0,0.0,,,,,,,,36.03728,-86.79099,False,Crashes_2010_2019_MPO
101289372,2016-07-20,2016,,94.0,,,0,0,N,0.0,0.0,0.0,,,,,,,,36.03349,-86.78126,True,Crashes_2010_2019_MPO
102012491,2018-05-16,2018,,94.0,,,0,0,N,0.0,0.0,0.0,,,,,,,,35.95807,-86.80259,False,Crashes_2010_2019_MPO
102212305,2018-11-15,2018,,94.0,,,0,0,N,0.0,0.0,0.0,,,,,,,,35.94756,-86.81401,False,Crashes_2010_2019_MPO
101802133,2017-10-24,2017,,94.0,,,0,0,N,0.0,0.0,0.0,,,,,,,,35.93503,-86.86058,False,Crashes_2010_2019_MPO
102318882,2019-03-01,2019,,19.0,,,0,0,Y,0.0,0.0,1.0,,,,,,,,36.03047,-86.74398,False,Crashes_2010_2019_MPO
101599918,2017-03-31,2017,,94.0,,,0,0,N,0.0,0.0,0.0,,,,,,,,35.97765,-86.77678,True,Crashes_2010_2019_MPO
102084406,2018-07-23,2018,,19.0,,,0,0,N,0.0,0.0,0.0,,,,,,,,36.0364,-86.78289,False,Crashes_2010_2019_MPO
101562304,2017-02-22,2017,,19.0,,,0,0,N,0.0,0.0,0.0,,,,,,,,36.04181,-86.78239,False,Crashes_2010_2019_MPO
100804060,2015-04-07,2015,,19.0,,,0,0,N,0.0,0.0,0.0,,,,,,,,36.00037,-86.6945,False,Crashes_2010_2019_MPO
101418563,2016-10-20,2016,,94.0,,,0,0,N,0.0,0.0,0.0,,,,,,,,35.95201,-86.74153,True,Crashes_2010_2019_MPO
100442873,2014-02-14,2014,,94.0,,,0,0,N,0.0,0.0,0.0,,,,,,,,35.94955,-86.81944,False,Crashes_2010_2019_MPO
100420823,2013-12-16,2013,,94.0,,,0,0,N,0.0,0.0,0.0,,,,,,,,35.96461,-86.81469,True,Crashes_2010_2019_MPO
102603912,2019-12-21,2019,,19.0,,,0,0,N,0.0,0.0,0.0,,,,,,,,36.03994,-86.74246,False,Crashes_2010_2019_MPO
101395415,2016-10-03,2016,,19.0,,,0,0,N,0.0,0.0,0.0,,,,,,,,36.05314,-86.69,False,Crashes_2010_2019_MPO
102186258,2018-10-23,2018,,19.0,,,0,0,N,0.0,0.0,0.0,,,,,,,,36.04668,-86.72506,False,Crashes_2010_2019_MPO
101399077,2016-10-07,2016,,94.0,,,0,0,N,0.0,0.0,0.0,,,,,,,,36.00161,-86.79347,True,Crashes_2010_2019_MPO
100385983,2013-10-01,2013,,94.0,,,0,0,N,0.0,0.0,0.0,,,,,,,,35.96736,-86.81512,True,Crashes_2010_2019_MPO
102343026,2019-03-27,2019,,19.0,,,0,0,N,0.0,0.0,0.0,,,,,,,,36.04651,-86.7134,False,Crashes_2010_2019_MPO
101637190,2017-05-06,2017,,94.0,,,0,0,N,0.0,0.0,0.0,,,,,,,,35.92961,-86.82471,False,Crashes_2010_2019_MPO
101644392,2017-05-14,2017,,94.0,,,0,0,N,0.0,0.0,0.0,,,,,,,,35.997905,-86.79933,True,Crashes_2010_2019_MPO
100716923,2015-01-03,2015,,94.0,,,0,1,N,0.0,1.0,0.0,,,,,,,,36.02672,-86.7924,True,Crashes_2010_2019_MPO
102337127,2019-03-20,2019,,94.0,,,0,0,N,0.0,0.0,0.0,,,,,,,,35.93191,-86.79441,False,Crashes_2010_2019_MPO
100548863,2014-06-08,2014,,94.0,,,0,0,N,0.0,0.0,0.0,,,,,,,,35.94855,-86.83617,False,Crashes_2010_2019_MPO
100951123,2015-09-15,2015,,94.0,,,0,0,N,0.0,0.0,0.0,,,,,,,,35.96658,-86.80965,True,Crashes_2010_2019_MPO
100303275,2013-03-14,2013,,94.0,,,0,0,N,0.0,0.0,0.0,,,,,,,,35.94632,-86.81672,False,Crashes_2010_2019_MPO
101632814,2017-05-03,2017,,19.0,,,0,0,N,0.0,0.0,0.0,,,,,,,,36.03882,-86.78393,False,Crashes_2010_2019_MPO
101406775,2016-10-18,2016,,94.0,,,0,0,N,0.0,0.0,0.0,,,,,,,,36.035,-86.80514,True,Crashes_2010_2019_MPO
101530953,2017-01-21,2017,,94.0,,,0,0,N,0.0,0.0,0.0,,,,,,,,35.9583,-86.8023,False,Crashes_2010_2019_MPO
100731082,2015-02-02,2015,,94.0,,,0,0,N,0.0,0.0,0.0,,,,,,,,35.99662,-86.79706,True,Crashes_2010_2019_MPO
102350659,2019-04-04,2019,,94.0,,,0,0,N,0.0,0.0,0.0,,,,,,,,35.93991,-86.81043,False,Crashes_2010_2019_MPO
101190054,2016-05-07,2016,,94.0,,,0,0,N,0.0,0.0,0.0,,,,,,,,35.95724,-86.81662,False,Crashes_2010_2019_MPO
100461630,2014-03-07,2014,,94.0,,,0,0,N,0.0,0.0,0.0,,,,,,,,35.92837,-86.83283,False,Crashes_2010_2019_MPO
101982020,2018-04-18,2018,,19.0,,,0,0,N,0.0,0.0,0.0,,,,,,,,36.03058,-86.706,False,Crashes_2010_2019_MPO
102362646,2019-04-16,2019,,19.0,,,0,0,N,0.0,0.0,0.0,,,,,,,,36.03791,-86.78439,False,Crashes_2010_2019_MPO
100714481,2014-12-29,2014,,94.0,,,0,0,N,0.0,0.0,0.0,,,,,,,,35.93471,-86.82125,False,Crashes_2010_2019_MPO
101178683,2016-04-21,2016,,94.0,,,0,0,N,0.0,0.0,0.0,,,,,,,,35.96488,-86.79299,True,Crashes_2010_2019_MPO
102549125,2019-10-21,2019,,94.0,,,0,0,N,0.0,0.0,0.0,,,,,,,,35.95134,-86.81832,False,Crashes_2010_2019_MPO
101102992,2016-02-10,2016,,94.0,,,0,0,N,0.0,0.0,0.0,,,,,,,,35.93741,-86.80972,False,Crashes_2010_2019_MPO
100854037,2015-06-02,2015,,19.0,,,0,0,N,0.0,0.0,0.0,,,,,,,,36.03903,-86.72987,False,Crashes_2010_2019_MPO
102329249,2019-03-13,2019,,19.0,,,0,0,N,0.0,0.0,0.0,,,,,,,,36.03983,-86.74099,False,Crashes_2010_2019_MPO
100668179,2014-11-10,2014,,19.0,,,0,0,N,0.0,0.0,0.0,,,,,,,,36.04248,-86.71284,False,Crashes_2010_2019_MPO
102519045,2019-09-23,2019,,19.0,,,0,0,N,0.0,0.0,0.0,,,,,,,,36.04002,-86.74348,False,Crashes_2010_2019_MPO
100543839,2014-05-27,2014,,94.0,,,0,0,N,0.0,0.0,0.0,,,,,,,,35.92738,-86.86871,False,Crashes_2010_2019_MPO
102080854,2018-07-19,2018,,94.0,,,0,0,N,0.0,0.0,0.0,,,,,,,,35.95334,-86.72224,False,Crashes_2010_2019_MPO
102506038,2019-09-11,2019,,94.0,,,0,0,N,0.0,0.0,0.0,,,,,,,,35.9583,-86.8023,False,Crashes_2010_2019_MPO
100936925,2015-08-20,2015,,19.0,,,0,0,N,0.0,0.0,0.0,,,,,,,,36.04542,-86.71317,False,Crashes_2010_2019_MPO
101162534,2016-04-12,2016,,94.0,,,0,0,N,0.0,0.0,0.0,,,,,,,,35.99677,-86.79098,True,Crashes_2010_2019_MPO
100435171,2014-01-24,2014,,94.0,,,0,0,N,0.0,0.0,0.0,,,,,,,,35.92394,-86.86983,False,Crashes_2010_2019_MPO
102122241,2018-08-25,2018,,19.0,,,0,0,N,0.0,0.0,0.0,,,,,,,,36.01817,-86.71139,False,Crashes_2010_2019_MPO
102538973,2019-10-16,2019,,94.0,,,0,0,N,0.0,0.0,0.0,,,,,,,,35.96705,-86.81355,True,Crashes_2010_2019_MPO
102539054,2019-10-14,2019,,94.0,,,0,1,N,0.0,1.0,0.0,,,,,,,,35.93411,-86.87788,False,Crashes_2010_2019_MPO
100463092,2014-03-11,2014,,94.0,,,0,0,N,0.0,0.0,0.0,,,,,,,,36.00913,-86.7858,True,Crashes_2010_2019_MPO
100286947,2013-02-02,2013,,94.0,,,0,0,N,0.0,0.0,0.0,,,,,,,,35.9991,-86.74323,True,Crashes_2010_2019_MPO
100940987,2015-08-28,2015,,94.0,,,0,0,N,0.0,0.0,0.0,,,,,,,,35.95695,-86.84361,False,Crashes_2010_2019_MPO
100803259,2015-04-05,2015,,19.0,,,0,0,N,0.0,0.0,0.0,,,,,,,,36.04646,-86.71348,False,Crashes_2010_2019_MPO
101537915,2017-01-28,2017,,19.0,,,0,0,N,0.0,0.0,0.0,,,,,,,,36.04813,-86.71359,False,Crashes_2010_2019_MPO
100338297,2013-06-05,2013,,94.0,,,0,0,N,0.0,0.0,0.0,,,,,,,,35.95085,-86.80667,False,Crashes_2010_2019_MPO
101916512,2018-02-15,2018,,94.0,,,0,0,N,0.0,0.0,0.0,,,,,,,,35.99547,-86.77846,True,Crashes_2010_2019_MPO
100550087,2014-06-12,2014,,94.0,,,0,0,N,0.0,0.0,0.0,,,,,,,,35.93048,-86.84439,False,Crashes_2010_2019_MPO
101879489,2018-01-06,2018,,94.0,,,0,0,N,0.0,0.0,0.0,,,,,,,,35.9465,-86.81955,False,Crashes_2010_2019_MPO
100825845,2015-04-29,2015,,94.0,,,0,0,N,0.0,0.0,0.0,,,,,,,,35.94003,-86.83114,False,Crashes_2010_2019_MPO
101712918,2017-07-27,2017,,94.0,,,0,0,N,0.0,0.0,0.0,,,,,,,,36.01689,-86.78609,True,Crashes_2010_2019_MPO
102030279,2018-06-01,2018,,94.0,,,0,0,N,0.0,0.0,0.0,,,,,,,,35.95015,-86.84906,False,Crashes_2010_2019_MPO
101710674,2017-07-24,2017,,94.0,,,0,0,N,0.0,0.0,0.0,,,,,,,,36.03689,-86.81684,True,Crashes_2010_2019_MPO
101785843,2017-10-08,2017,,19.0,,,0,0,N,0.0,0.0,0.0,,,,,,,,36.0147,-86.69984,False,Crashes_2010_2019_MPO
101956232,2018-03-26,2018,,19.0,,,0,0,N,0.0,0.0,0.0,,,,,,,,36.03948,-86.78177,False,Crashes_2010_2019_MPO
100265957,2012-12-13,2012,,94.0,,,0,0,N,0.0,0.0,0.0,,,,,,,,35.95716,-86.84344,False,Crashes_2010_2019_MPO
100249296,2012-11-06,2012,,94.0,,,0,0,N,0.0,0.0,0.0,,,,,,,,36.02556,-86.78515,True,Crashes_2010_2019_MPO
100718130,2015-01-06,2015,,19.0,,,0,0,N,0.0,0.0,0.0,,,,,,,,36.04119,-86.77953,False,Crashes_2010_2019_MPO
101505258,2017-01-11,2017,,94.0,,,0,0,N,0.0,0.0,0.0,,,,,,,,35.96597,-86.8042,True,Crashes_2010_2019_MPO
100364069,2013-08-08,2013,,94.0,,,0,0,N,0.0,0.0,0.0,,,,,,,,35.94818,-86.81703,False,Crashes_2010_2019_MPO
101469569,2016-12-06,2016,,94.0,,,0,0,N,0.0,0.0,0.0,,,,,,,,35.93423,-86.81894,False,Crashes_2010_2019_MPO
100504836,2014-04-28,2014,,94.0,,,0,0,N,0.0,0.0,0.0,,,,,,,,35.92702,-86.76726,False,Crashes_2010_2019_MPO
101980207,2018-04-17,2018,,19.0,,,0,0,N,0.0,0.0,0.0,,,,,,,,36.04573,-86.70812,False,Crashes_2010_2019_MPO
100829642,2015-05-06,2015,,19.0,,,0,0,N,0.0,0.0,0.0,,,,,,,,36.00342,-86.69795,False,Crashes_2010_2019_MPO
101723601,2017-08-07,2017,,94.0,,,0,0,N,0.0,0.0,0.0,,,,,,,,35.96587,-86.83839,False,Crashes_2010_2019_MPO
100041877,2011-03-17,2011,,94.0,,,0,1,N,0.0,1.0,0.0,,,,,,,,36.007686,-86.878822,False,Crashes_2010_2019_MPO
102538164,2019-10-15,2019,,19.0,,,0,0,N,0.0,0.0,0.0,,,,,,,,36.04255,-86.71295,False,Crashes_2010_2019_MPO
100418342,2013-12-11,2013,,94.0,,,0,0,Y,0.0,0.0,1.0,,,,,,,,35.92369,-86.76689,False,Crashes_2010_2019_MPO
101584399,2017-03-16,2017,,19.0,,,0,0,N,0.0,0.0,0.0,,,,,,,,36.03943,-86.86956,False,Crashes_2010_2019_MPO
102504947,2019-09-10,2019,,94.0,,,0,0,N,0.0,0.0,0.0,,,,,,,,35.96534,-86.83861,False,Crashes_2010_2019_MPO
102190835,2018-10-26,2018,,94.0,,,0,0,N,0.0,0.0,0.0,,,,,,,,36.00657,-86.80536,True,Crashes_2010_2019_MPO
100721298,2015-01-11,2015,,19.0,,,0,0,N,0.0,0.0,0.0,,,,,,,,36.0366,-86.71331,False,Crashes_2010_2019_MPO
101462645,2016-11-29,2016,,94.0,,,0,0,N,0.0,0.0,0.0,,,,,,,,35.92373,-86.79452,False,Crashes_2010_2019_MPO
102239394,2018-12-07,2018,,94.0,,,0,0,N,0.0,0.0,0.0,,,,,,,,35.96518,-86.80029,True,Crashes_2010_2019_MPO
100456692,2014-02-24,2014,,94.0,,,0,0,N,0.0,0.0,0.0,,,,,,,,35.92823,-86.76738,False,Crashes_2010_2019_MPO
100258683,2012-11-28,2012,,94.0,,,0,0,N,0.0,0.0,0.0,,,,,,,,35.9841,-86.72318,True,Crashes_2010_2019_MPO
100974857,2015-10-07,2015,,94.0,,,0,0,N,0.0,0.0,0.0,,,,,,,,35.97687,-86.84022,False,Crashes_2010_2019_MPO
100769295,2015-03-07,2015,,19.0,,,0,0,N,0.0,0.0,0.0,,,,,,,,36.02582,-86.71106,False,Crashes_2010_2019_MPO
101931084,2018-03-02,2018,,19.0,,,0,0,N,0.0,0.0,0.0,,,,,,,,36.03047,-86.74398,False,Crashes_2010_2019_MPO
102332625,2019-03-16,2019,,19.0,,,0,0,N,0.0,0.0,0.0,,,,,,,,36.03747,-86.79098,False,Crashes_2010_2019_MPO
102252797,2018-12-13,2018,,94.0,,,0,0,N,0.0,0.0,0.0,,,,,,,,35.98863,-86.79982,True,Crashes_2010_2019_MPO
101192508,2016-05-11,2016,,94.0,,,0,0,N,0.0,0.0,0.0,,,,,,,,35.98607,-86.73688,True,Crashes_2010_2019_MPO
101004566,2015-11-04,2015,,19.0,,,0,0,N,0.0,0.0,0.0,,,,,,,,36.04008,-86.74431,False,Crashes_2010_2019_MPO
101407553,2016-10-19,2016,,94.0,,,0,0,N,0.0,0.0,0.0,,,,,,,,36.03336,-86.78872,True,Crashes_2010_2019_MPO
101129841,2016-03-08,2016,,94.0,,,0,0,N,0.0,0.0,0.0,,,,,,,,35.92679,-86.82131,False,Crashes_2010_2019_MPO
101718286,2017-08-02,2017,,19.0,,,0,0,N,0.0,0.0,0.0,,,,,,,,36.03049,-86.74424,False,Crashes_2010_2019_MPO
100877656,2015-06-27,2015,,19.0,,,0,0,N,0.0,0.0,0.0,,,,,,,,36.03804,-86.79778,False,Crashes_2010_2019_MPO
100709300,2014-12-18,2014,,94.0,,,0,0,N,0.0,0.0,0.0,,,,,,,,35.92738,-86.86871,False,Crashes_2010_2019_MPO
101482817,2016-12-20,2016,,94.0,,,0,0,N,0.0,0.0,0.0,,,,,,,,35.97443,-86.80473,True,Crashes_2010_2019_MPO
102173351,2018-10-10,2018,,19.0,,,0,0,N,0.0,0.0,0.0,,,,,,,,36.01108,-86.70269,False,Crashes_2010_2019_MPO
101359077,2016-09-10,2016,,19.0,,,0,0,N,0.0,0.0,0.0,,,,,,,,36.04707,-86.77776,False,Crashes_2010_2019_MPO
101011630,2015-11-18,2015,,19.0,,,0,0,N,0.0,0.0,0.0,,,,,,,,36.04709,-86.77774,False,Crashes_2010_2019_MPO
100706798,2014-12-14,2014,,19.0,,,0,0,N,0.0,0.0,0.0,,,,,,,,36.01105,-86.68572,False,Crashes_2010_2019_MPO
100941378,2015-08-29,2015,,19.0,,,0,0,N,0.0,0.0,0.0,,,,,,,,36.04309,-86.713,False,Crashes_2010_2019_MPO
101125026,2016-02-29,2016,,94.0,,,0,0,N,0.0,0.0,0.0,,,,,,,,35.94708,-86.82122,False,Crashes_2010_2019_MPO
101984778,2018-04-21,2018,,19.0,,,0,0,N,0.0,0.0,0.0,,,,,,,,36.04393,-86.71958,False,Crashes_2010_2019_MPO
102329089,2019-03-12,2019,,94.0,,,0,0,N,0.0,0.0,0.0,,,,,,,,35.94687,-86.85168,False,Crashes_2010_2019_MPO
100310814,2013-04-01,2013,,94.0,,,0,0,N,0.0,0.0,0.0,,,,,,,,35.99762,-86.81007,True,Crashes_2010_2019_MPO
102329059,2019-03-12,2019,,94.0,,,0,0,N,0.0,0.0,0.0,,,,,,,,35.95081,-86.80689,False,Crashes_2010_2019_MPO
102092453,2018-07-30,2018,,94.0,,,0,0,N,0.0,0.0,0.0,,,,,,,,36.03329,-86.77717,True,Crashes_2010_2019_MPO
101819390,2017-11-08,2017,,94.0,,,0,0,N,0.0,0.0,0.0,,,,,,,,36.03175,-86.78961,True,Crashes_2010_2019_MPO
101238766,2016-06-04,2016,,19.0,,,0,0,N,0.0,0.0,0.0,,,,,,,,36.04,-86.78266,False,Crashes_2010_2019_MPO
101145382,2016-03-16,2016,,19.0,,,0,0,N,0.0,0.0,0.0,,,,,,,,36.04028,-86.76837,False,Crashes_2010_2019_MPO
100507561,2014-05-09,2014,,94.0,,,0,0,N,0.0,0.0,0.0,,,,,,,,35.94513,-86.81963,False,Crashes_2010_2019_MPO
102503110,2019-09-08,2019,,19.0,,,0,0,N,0.0,0.0,0.0,,,,,,,,36.05268,-86.71472,False,Crashes_2010_2019_MPO
100503458,2014-05-02,2014,,94.0,,,0,0,N,0.0,0.0,0.0,,,,,,,,35.99156,-86.79881,True,Crashes_2010_2019_MPO
100503516,2014-04-25,2014,,94.0,,,0,0,N,0.0,0.0,0.0,,,,,,,,35.92776,-86.86564,False,Crashes_2010_2019_MPO
102575300,2019-11-21,2019,,94.0,,,0,0,N,0.0,0.0,0.0,,,,,,,,35.96686,-86.81231,True,Crashes_2010_2019_MPO
102255943,2018-12-18,2018,,94.0,,,0,0,N,0.0,0.0,0.0,,,,,,,,35.97334,-86.83305,True,Crashes_2010_2019_MPO
101888271,2018-01-16,2018,,19.0,,,0,0,N,0.0,0.0,0.0,,,,,,,,36.04056,-86.77079,False,Crashes_2010_2019_MPO
101859877,2017-12-15,2017,,19.0,,,0,0,N,0.0,0.0,0.0,,,,,,,,36.04545,-86.7124,False,Crashes_2010_2019_MPO
100423240,2013-12-19,2013,,19.0,,,0,0,N,0.0,0.0,0.0,,,,,,,,36.03217,-86.78339,True,Crashes_2010_2019_MPO
101061849,2015-12-17,2015,,94.0,,,0,0,N,0.0,0.0,0.0,,,,,,,,35.92947,-86.87556,False,Crashes_2010_2019_MPO
100801345,2015-04-01,2015,,94.0,,,0,0,N,0.0,0.0,0.0,,,,,,,,35.95357,-86.81782,False,Crashes_2010_2019_MPO
101010545,2015-11-16,2015,,94.0,,,0,0,N,0.0,0.0,0.0,,,,,,,,36.0391,-86.81235,False,Crashes_2010_2019_MPO
101363506,2016-09-17,2016,,94.0,,,0,0,N,0.0,0.0,0.0,,,,,,,,35.93139,-86.86331,False,Crashes_2010_2019_MPO
100656721,2014-10-21,2014,,19.0,,,0,0,N,0.0,0.0,0.0,,,,,,,,36.04002,-86.78124,False,Crashes_2010_2019_MPO
102477065,2019-08-13,2019,,19.0,,,0,0,N,0.0,0.0,0.0,,,,,,,,36.04537,-86.71326,False,Crashes_2010_2019_MPO
100615644,2014-09-06,2014,,94.0,,,0,0,N,0.0,0.0,0.0,,,,,,,,35.949,-86.81959,False,Crashes_2010_2019_MPO
101284406,2016-07-12,2016,,94.0,,,0,0,N,0.0,0.0,0.0,,,,,,,,35.98524,-86.72968,True,Crashes_2010_2019_MPO
101888695,2018-01-16,2018,,94.0,,,0,0,N,0.0,0.0,0.0,,,,,,,,35.96742,-86.82657,False,Crashes_2010_2019_MPO