mstrrecnbr,collision_ts,year,county,countystat,crash,crash_type,fatalities,non_motorists,commercial,fatal_c,nonmotor_c,truck_c,fatalc,serious_injuries,ped,bike,lighting,weather,first_harmful_event,latitude,longitude,in_city,src_layer
102421241,2019-06-17,2019,,94.0,,,0,0,N,0.0,0.0,0.0,,,,,,,,35.9667,-86.809113,True,Crashes_2010_2019_MPO
101080766,2016-01-20,2016,,94.0,,,0,0,N,0.0,0.0,0.0,,,,,,,,35.93708,-86.69236,False,Crashes_2010_2019_MPO
101783753,2017-10-06,2017,,19.0,,,0,0,N,0.0,0.0,0.0,,,,,,,,36.04001,-86.74347,False,Crashes_2010_2019_MPO
101894537,2018-01-20,2018,,94.0,,,0,0,N,0.0,0.0,0.0,,,,,,,,35.96693,-86.81201,True,Crashes_2010_2019_MPO
101981936,2018-04-18,2018,,94.0,,,0,0,N,0.0,0.0,0.0,,,,,,,,35.92755,-86.87423,False,Crashes_2010_2019_MPO
102457639,2019-07-25,2019,,94.0,,,0,0,N,0.0,0.0,0.0,,,,,,,,36.02245,-86.80701,True,Crashes_2010_2019_MPO
102033448,2018-06-01,2018,,94.0,,,0,0,N,0.0,0.0,0.0,,,,,,,,35.92654,-86.82582,False,Crashes_2010_2019_MPO
101317691,2016-08-01,2016,,94.0,,,0,0,N,0.0,0.0,0.0,,,,,,,,35.99671,-86.71049,True,Crashes_2010_2019_MPO
102310712,2019-02-20,2019,,19.0,,,0,0,N,0.0,0.0,0.0,,,,,,,,36.03517,-86.76871,False,Crashes_2010_2019_MPO
100710107,2014-12-20,2014,,94.0,,,0,0,N,0.0,0.0,0.0,,,,,,,,35.96691,-86.81248,True,Crashes_2010_2019_MPO
102071613,2018-07-11,2018,,94.0,,,0,0,N,0.0,0.0,0.0,,,,,,,,35.99746,-86.79676,True,Crashes_2010_2019_MPO
100214561,2012-08-12,2012,,94.0,,,0,0,N,0.0,0.0,0.0,,,,,,,,35.92732,-86.73989,False,Crashes_2010_2019_MPO
102305942,2019-02-14,2019,,19.0,,,0,0,N,0.0,0.0,0.0,,,,,,,,36.03983,-86.74103,False,Crashes_2010_2019_MPO
100588478,2014-07-28,2014,,94.0,,,0,0,N,0.0,0.0,0.0,,,,,,,,35.94023,-86.83128,False,Crashes_2010_2019_MPO
102316580,2019-02-26,2019,,94.0,,,0,0,N,0.0,0.0,0.0,,,,,,,,36.03509,-86.79137,True,Crashes_2010_2019_MPO
100295199,2013-02-21,2013,,94.0,,,0,0,N,0.0,0.0,0.0,,,,,,,,35.92853,-86.87494,False,Crashes_2010_2019_MPO
101831660,2017-11-20,2017,,19.0,,,0,0,N,0.0,0.0,0.0,,,,,,,,36.04006,-86.74419,False,Crashes_2010_2019_MPO
102099349,2018-08-05,2018,,94.0,,,0,0,N,0.0,0.0,0.0,,,,,,,,35.94695,-86.82404,False,Crashes_2010_2019_MPO
102490330,2019-08-27,2019,,94.0,,,0,0,N,0.0,0.0,0.0,,,,,,,,36.00276,-86.80738,True,Crashes_2010_2019_MPO
100979347,2015-10-14,2015,,94.0,,,0,0,N,0.0,0.0,0.0,,,,,,,,35.94683,-86.85172,False,Crashes_2010_2019_MPO
101712322,2017-07-26,2017,,94.0,,,0,0,N,0.0,0.0,0.0,,,,,,,,35.96503,-86.81599,True,Crashes_2010_2019_MPO
101268868,2016-06-17,2016,,19.0,,,0,0,N,0.0,0.0,0.0,,,,,,,,36.0537,-86.71503,False,Crashes_2010_2019_MPO
101150211,2016-03-24,2016,,94.0,,,0,0,N,0.0,0.0,0.0,,,,,,,,35.93509,-86.825,False,Crashes_2010_2019_MPO
101951052,2018-03-21,2018,,19.0,,,0,0,N,0.0,0.0,0.0,,,,,,,,36.05175,-86.77516,False,Crashes_2010_2019_MPO
100981156,2015-10-18,2015,,19.0,,,0,0,N,0.0,0.0,0.0,,,,,,,,36.03215,-86.76469,False,Crashes_2010_2019_MPO
100588945,2014-07-29,2014,,94.0,,,0,0,N,0.0,0.0,0.0,,,,,,,,35.93153,-86.81965,False,Crashes_2010_2019_MPO
102578477,2019-11-16,2019,,94.0,,,0,0,N,0.0,0.0,0.0,,,,,,,,35.95223,-86.81892,False,Crashes_2010_2019_MPO
101358311,2016-09-10,2016,,19.0,,,0,0,N,0.0,0.0,0.0,,,,,,,,36.04184,-86.78239,False,Crashes_2010_2019_MPO
100873131,2015-06-14,2015,,94.0,,,0,0,N,0.0,0.0,0.0,,,,,,,,35.9798,-86.86416,False,Crashes_2010_2019_MPO
100835702,2015-05-17,2015,,94.0,,,0,0,N,0.0,0.0,0.0,,,,,,,,35.9715,-86.80818,True,Crashes_2010_2019_MPO
101770122,2017-09-23,2017,,19.0,,,0,0,N,0.0,0.0,0.0,,,,,,,,36.03979,-86.78112,False,Crashes_2010_2019_MPO
102441584,2019-07-08,2019,,94.0,,,0,0,N,0.0,0.0,0.0,,,,,,,,36.01785,-86.78662,True,Crashes_2010_2019_MPO
101329716,2016-08-17,2016,,94.0,,,0,0,N,0.0,0.0,0.0,,,,,,,,35.95806,-86.76773,True,Crashes_2010_2019_MPO
100998461,2015-10-28,2015,,19.0,,,0,0,N,0.0,0.0,0.0,,,,,,,,36.0203,-86.71035,False,Crashes_2010_2019_MPO
101695229,2017-07-07,2017,,94.0,,,0,0,N,0.0,0.0,0.0,,,,,,,,35.93611,-86.82361,False,Crashes_2010_2019_MPO
100597235,2014-08-18,2014,,94.0,,,0,0,N,0.0,0.0,0.0,,,,,,,,35.99348,-86.82902,True,Crashes_2010_2019_MPO
100884321,2015-07-10,2015,,94.0,,,0,0,N,0.0,0.0,0.0,,,,,,,,35.95214,-86.81803,False,Crashes_2010_2019_MPO
101650302,2017-05-20,2017,,19.0,,,0,0,N,0.0,0.0,0.0,,,,,,,,36.0383,-86.77815,False,Crashes_2010_2019_MPO
101186670,2016-05-03,2016,,94.0,,,0,0,N,0.0,0.0,0.0,,,,,,,,35.97716,-86.67813,False,Crashes_2010_2019_MPO
102518485,2019-09-24,2019,,94.0,,,0,0,N,0.0,0.0,0.0,,,,,,,,35.9291,-86.75015,False,Crashes_2010_2019_MPO
102595047,2019-12-11,2019,,94.0,,,0,0,N,0.0,0.0,0.0,,,,,,,,35.96975,-86.8066,True,Crashes_2010_2019_MPO
101117811,2016-02-17,2016,,94.0,,,0,0,N,0.0,0.0,0.0,,,,,,,,35.94173,-86.82104,False,Crashes_2010_2019_MPO
100428655,2014-01-08,2014,,94.0,,,0,0,N,0.0,0.0,0.0,,,,,,,,35.92985,-86.86446,False,Crashes_2010_2019_MPO
101851786,2017-12-08,2017,,19.0,,,0,0,N,0.0,0.0,0.0,,,,,,,,36.04466,-86.71318,False,Crashes_2010_2019_MPO
100856841,2015-06-07,2015,,19.0,,,0,0,N,0.0,0.0,0.0,,,,,,,,36.03804,-86.78639,False,Crashes_2010_2019_MPO
102124819,2018-08-28,2018,,94.0,,,0,0,N,0.0,0.0,0.0,,,,,,,,35.99717,-86.79377,True,Crashes_2010_2019_MPO
101072393,2016-01-05,2016,,94.0,,,0,0,N,0.0,0.0,0.0,,,,,,,,35.98623,-86.77803,True,Crashes_2010_2019_MPO
102536089,2019-10-12,2019,,94.0,,,0,0,N,0.0,0.0,0.0,,,,,,,,36.00432,-86.79099,True,Crashes_2010_2019_MPO
100856392,2015-06-06,2015,,19.0,,,0,0,N,0.0,0.0,0.0,,,,,,,,36.04545,-86.7036,False,Crashes_2010_2019_MPO
102146035,2018-09-15,2018,,19.0,,,0,0,N,0.0,0.0,0.0,,,,,,,,36.04001,-86.74347,False,Crashes_2010_2019_MPO
101623250,2017-04-21,2017,,94.0,,,0,0,N,0.0,0.0,0.0,,,,,,,,35.98083,-86.69095,True,Crashes_2010_2019_MPO
100699138,2014-11-30,2014,,19.0,,,0,0,N,0.0,0.0,0.0,,,,,,,,36.04153,-86.83155,False,Crashes_2010_2019_MPO
102229068,2018-11-30,2018,,94.0,,,0,0,N,0.0,0.0,0.0,,,,,,,,36.01393,-86.7194,False,Crashes_2010_2019_MPO
100736034,2015-02-12,2015,,94.0,,,0,0,N,0.0,0.0,0.0,,,,,,,,35.93509,-86.82582,False,Crashes_2010_2019_MPO
102140412,2018-09-10,2018,,19.0,,,0,0,N,0.0,0.0,0.0,,,,,,,,36.0458,-86.85576,False,Crashes_2010_2019_MPO
101657180,2017-05-27,2017,,19.0,,,0,0,N,0.0,0.0,0.0,,,,,,,,36.04122,-86.777,False,Crashes_2010_2019_MPO
102419556,2019-06-15,2019,,94.0,,,0,0,N,0.0,0.0,0.0,,,,,,,,35.98481,-86.8794,False,Crashes_2010_2019_MPO
100766793,2015-03-04,2015,,19.0,,,0,0,N,0.0,0.0,0.0,,,,,,,,35.99123,-86.67821,False,Crashes_2010_2019_MPO
102143180,2018-09-13,2018,,19.0,,,0,0,N,0.0,0.0,0.0,,,,,,,,36.04372,-86.71254,False,Crashes_2010_2019_MPO
101619957,2017-04-19,2017,,94.0,,,0,0,N,0.0,0.0,0.0,,,,,,,,36.01676,-86.78631,True,Crashes_2010_2019_MPO
100443048,2014-02-14,2014,,94.0,,,0,0,N,0.0,0.0,0.0,,,,,,,,35.92547,-86.87275,False,Crashes_2010_2019_MPO
100694697,2014-11-19,2014,,94.0,,,0,0,N,0.0,0.0,0.0,,,,,,,,35.9667,-86.81117,True,Crashes_2010_2019_MPO
101196526,2016-05-17,2016,,94.0,,,0,0,N,0.0,0.0,0.0,,,,,,,,36.037435,-86.798702,True,Crashes_2010_2019_MPO
101005795,2015-11-09,2015,,94.0,,,0,0,N,0.0,0.0,0.0,,,,,,,,36.02593,-86.87926,False,Crashes_2010_2019_MPO
100967221,2015-09-25,2015,,19.0,,,0,0,N,0.0,0.0,0.0,,,,,,,,36.02963,-86.70379,False,Crashes_2010_2019_MPO
101976005,2018-04-12,2018,,94.0,,,0,0,N,0.0,0.0,0.0,,,,,,,,36.03652,-86.80101,True,Crashes_2010_2019_MPO
101190051,2016-05-06,2016,,94.0,,,0,0,N,0.0,0.0,0.0,,,,,,,,35.94798,-86.81714,False,Crashes_2010_2019_MPO
100731191,2015-02-02,2015,,94.0,,,0,0,N,0.0,0.0,0.0,,,,,,,,35.98087,-86.80274,True,Crashes_2010_2019_MPO
101814605,2017-11-04,2017,,19.0,,,0,0,N,0.0,0.0,0.0,,,,,,,,36.04747,-86.86332,False,Crashes_2010_2019_MPO
100709190,2014-12-18,2014,,94.0,,,0,0,N,0.0,0.0,0.0,,,,,,,,35.98359,-86.80155,True,Crashes_2010_2019_MPO
102519685,2019-09-24,2019,,94.0,,,0,1,N,0.0,1.0,0.0,,,,,,,,36.03666,-86.79573,True,Crashes_2010_2019_MPO
10817473,2011-12-16,2011,,19.0,,,0,0, ,0.0,0.0,0.0,,,,,,,,36.030588,-86.682613,False,Crashes_2010_2019_MPO
102344686,2019-03-29,2019,,19.0,,,0,0,N,0.0,0.0,0.0,,,,,,,,36.04022,-86.7678,False,Crashes_2010_2019_MPO
102576117,2019-11-21,2019,,94.0,,,0,0,N,0.0,0.0,0.0,,,,,,,,36.01689,-86.78609,True,Crashes_2010_2019_MPO
102095801,2018-08-02,2018,,94.0,,,0,0,N,0.0,0.0,0.0,,,,,,,,35.9579,-86.80257,False,Crashes_2010_2019_MPO
102172770,2018-10-10,2018,,19.0,,,0,0,N,0.0,0.0,0.0,,,,,,,,36.05261,-86.7393,False,Crashes_2010_2019_MPO
102108416,2018-08-13,2018,,19.0,,,0,0,N,0.0,0.0,0.0,,,,,,,,35.99128,-86.68146,False,Crashes_2010_2019_MPO
102350050,2019-04-03,2019,,94.0,,,0,0,N,0.0,0.0,0.0,,,,,,,,35.94106,-86.85626,False,Crashes_2010_2019_MPO
100832699,2015-05-12,2015,,94.0,,,0,0,Y,0.0,0.0,1.0,,,,,,,,35.99758,-86.79684,True,Crashes_2010_2019_MPO
102217433,2018-11-19,2018,,94.0,,,0,0,N,0.0,0.0,0.0,,,,,,,,35.95603,-86.69325,False,Crashes_2010_2019_MPO
101745522,2017-08-28,2017,,94.0,,,0,0,N,0.0,0.0,0.0,,,,,,,,35.95138,-86.80776,False,Crashes_2010_2019_MPO
102116329,2018-08-20,2018,,94.0,,,0,0,N,0.0,0.0,0.0,,,,,,,,35.96612,-86.80488,True,Crashes_2010_2019_MPO
100349079,2013-07-01,2013,,94.0,,,0,0,N,0.0,0.0,0.0,,,,,,,,35.92547,-86.87275,False,Crashes_2010_2019_MPO
100460037,2014-03-03,2014,,94.0,,,0,0,N,0.0,0.0,0.0,,,,,,,,35.96411,-86.81063,False,Crashes_2010_2019_MPO
100969697,2015-09-29,2015,,94.0,,,0,0,N,0.0,0.0,0.0,,,,,,,,35.96601,-86.8203,True,Crashes_2010_2019_MPO
100708272,2014-12-17,2014,,19.0,,,0,0,N,0.0,0.0,0.0,,,,,,,,36.01511,-86.7359,False,Crashes_2010_2019_MPO
101364131,2016-09-18,2016,,19.0,,,0,0,N,0.0,0.0,0.0,,,,,,,,36.04537,-86.71326,False,Crashes_2010_2019_MPO
102517665,2019-09-23,2019,,94.0,,,0,0,N,0.0,0.0,0.0,,,,,,,,35.94286,-86.82075,False,Crashes_2010_2019_MPO
100724561,2015-01-19,2015,,94.0,,,0,0,N,0.0,0.0,0.0,,,,,,,,35.94761,-86.81992,False,Crashes_2010_2019_MPO
100801281,2015-04-02,2015,,94.0,,,0,0,N,0.0,0.0,0.0,,,,,,,,35.92757,-86.86832,False,Crashes_2010_2019_MPO
100363063,2013-08-05,2013,,94.0,,,0,0,N,0.0,0.0,0.0,,,,,,,,35.94766,-86.81973,False,Crashes_2010_2019_MPO
101274919,2016-06-28,2016,,94.0,,,0,0,N,0.0,0.0,0.0,,,,,,,,35.93323,-86.71344,False,Crashes_2010_2019_MPO
101625764,2017-04-26,2017,,94.0,,,0,0,N,0.0,0.0,0.0,,,,,,,,36.02148,-86.74265,False,Crashes_2010_2019_MPO
101233374,2016-05-27,2016,,94.0,,,0,0,N,0.0,0.0,0.0,,,,,,,,35.93191,-86.79441,False,Crashes_2010_2019_MPO
102034343,2018-06-05,2018,,94.0,,,0,0,N,0.0,0.0,0.0,,,,,,,,35.94583,-86.80889,False,Crashes_2010_2019_MPO
101623413,2017-04-23,2017,,19.0,,,0,0,N,0.0,0.0,0.0,,,,,,,,36.0409,-86.77938,False,Crashes_2010_2019_MPO
100546448,2014-06-03,2014,,94.0,,,0,0,N,0.0,0.0,0.0,,,,,,,,36.02198,-86.79508,True,Crashes_2010_2019_MPO
100885824,2015-07-13,2015,,19.0,,,0,0,N,0.0,0.0,0.0,,,,,,,,36.04565,-86.70656,False,Crashes_2010_2019_MPO
102412619,2019-06-07,2019,,94.0,,,0,0,N,0.0,0.0,0.0,,,,,,,,35.99681,-86.79699,True,Crashes_2010_2019_MPO
102600380,2019-12-15,2019,,94.0,,,0,0,N,0.0,0.0,0.0,,,,,,,,35.93944,-86.82143,False,Crashes_2010_2019_MPO
102205295,2018-11-09,2018,,19.0,,,0,0,N,0.0,0.0,0.0,,,,,,,,36.03728,-86.78279,False,Crashes_2010_2019_MPO
102169877,2018-10-06,2018,,19.0,,,0,0,Y,0.0,0.0,1.0,,,,,,,,36.04664,-86.6784,False,Crashes_2010_2019_MPO
101910671,2018-02-08,2018,,19.0,,,0,0,N,0.0,0.0,0.0,,,,,,,,36.0453,-86.71736,False,Crashes_2010_2019_MPO
100643164,2014-10-14,2014,,19.0,,,0,0,N,0.0,0.0,0.0,,,,,,,,36.04607,-86.69235,False,Crashes_2010_2019_MPO
102374626,2019-04-28,2019,,94.0,,,0,0,N,0.0,0.0,0.0,,,,,,,,35.94896,-86.7496,True,Crashes_2010_2019_MPO
101424902,2016-10-27,2016,,94.0,,,0,0,N,0.0,0.0,0.0,,,,,,,,35.94968,-86.81939,False,Crashes_2010_2019_MPO
101661752,2017-06-01,2017,,94.0,,,0,0,N,0.0,0.0,0.0,,,,,,,,35.93291,-86.79419,False,Crashes_2010_2019_MPO
100907174,2015-07-16,2015,,19.0,,,0,0,N,0.0,0.0,0.0,,,,,,,,36.03735,-86.78656,False,Crashes_2010_2019_MPO
101468806,2016-12-06,2016,,94.0,,,0,0,N,0.0,0.0,0.0,,,,,,,,35.93986,-86.87951,False,Crashes_2010_2019_MPO
100372754,2013-08-29,2013,,94.0,,,0,0,N,0.0,0.0,0.0,,,,,,,,35.93712,-86.80984,False,Crashes_2010_2019_MPO
100502508,2014-04-24,2014,,94.0,,,0,0,N,0.0,0.0,0.0,,,,,,,,36.03419,-86.87379,False,Crashes_2010_2019_MPO
100308017,2013-03-26,2013,,94.0,,,0,0,N,0.0,0.0,0.0,,,,,,,,35.94725,-86.81324,False,Crashes_2010_2019_MPO
100859166,2015-06-11,2015,,94.0,,,0,0,N,0.0,0.0,0.0,,,,,,,,35.96764,-86.80816,True,Crashes_2010_2019_MPO
100909825,2015-07-21,2015,,94.0,,,0,0,N,0.0,0.0,0.0,,,,,,,,35.9564,-86.83643,False,Crashes_2010_2019_MPO
100336320,2013-05-31,2013,,94.0,,,0,0,N,0.0,0.0,0.0,,,,,,,,35.9262,-86.8245,False,Crashes_2010_2019_MPO
102099321,2018-08-04,2018,,94.0,,,0,0,N,0.0,0.0,0.0,,,,,,,,35.95992,-86.80699,False,Crashes_2010_2019_MPO
101186345,2016-05-03,2016,,19.0,,,0,0,N,0.0,0.0,0.0,,,,,,,,36.0409,-86.77938,False,Crashes_2010_2019_MPO
102477017,2019-08-14,2019,,94.0,,,0,0,N,0.0,0.0,0.0,,,,,,,,35.96532,-86.70293,False,Crashes_2010_2019_MPO
102586359,2019-12-02,2019,,19.0,,,0,0,N,0.0,0.0,0.0,,,,,,,,36.04146,-86.7266,False,Crashes_2010_2019_MPO
100727035,2015-01-24,2015,,94.0,,,0,0,N,0.0,0.0,0.0,,,,,,,,35.99788,-86.79948,True,Crashes_2010_2019_MPO
102526172,2019-10-01,2019,,94.0,,,0,0,N,0.0,0.0,0.0,,,,,,,,35.959,-86.83127,False,Crashes_2010_2019_MPO
100339281,2013-06-07,2013,,94.0,,,0,0,N,0.0,0.0,0.0,,,,,,,,35.96203,-86.81531,False,Crashes_2010_2019_MPO
100442385,2014-02-13,2014,,94.0,,,0,0,N,0.0,0.0,0.0,,,,,,,,35.96595,-86.80488,True,Crashes_2010_2019_MPO
102133980,2018-09-04,2018,,19.0,,,0,0,N,0.0,0.0,0.0,,,,,,,,36.04205,-86.74396,False,Crashes_2010_2019_MPO
101859152,2017-12-15,2017,,94.0,,,0,0,N,0.0,0.0,0.0,,,,,,,,36.03066,-86.78358,True,Crashes_2010_2019_MPO
100414429,2013-12-04,2013,,94.0,,,0,0,N,0.0,0.0,0.0,,,,,,,,35.97102,-86.72644,True,Crashes_2010_2019_MPO
102196252,2018-10-31,2018,,94.0,,,0,0,N,0.0,0.0,0.0,,,,,,,,35.9968,-86.7912,True,Crashes_2010_2019_MPO
101854318,2017-12-04,2017,,94.0,,,0,0,N,0.0,0.0,0.0,,,,,,,,35.97846,-86.80334,True,Crashes_2010_2019_MPO
100708845,2014-12-17,2014,,94.0,,,0,0,N,0.0,0.0,0.0,,,,,,,,36.03248,-86.78335,True,Crashes_2010_2019_MPO
101584742,2017-03-16,2017,,94.0,,,0,0,N,0.0,0.0,0.0,,,,,,,,35.99576,-86.81105,True,Crashes_2010_2019_MPO
101561146,2017-02-20,2017,,94.0,,,0,0,N,0.0,0.0,0.0,,,,,,,,35.93423,-86.81894,False,Crashes_2010_2019_MPO
100499938,2014-04-23,2014,,94.0,,,0,0,N,0.0,0.0,0.0,,,,,,,,35.94415,-86.84567,False,Crashes_2010_2019_MPO
101693947,2017-07-05,2017,,94.0,,,0,0,N,0.0,0.0,0.0,,,,,,,,36.03328,-86.77712,False,Crashes_2010_2019_MPO
100225353,2012-09-10,2012,,94.0,,,0,0,Y,0.0,0.0,1.0,,,,,,,,36.02812,-86.76932,True,Crashes_2010_2019_MPO
101893693,2018-01-22,2018,,94.0,,,0,0,N,0.0,0.0,0.0,,,,,,,,36.03614,-86.79498,True,Crashes_2010_2019_MPO
100302518,2013-03-12,2013,,94.0,,,0,0,N,0.0,0.0,0.0,,,,,,,,35.96951,-86.77349,True,Crashes_2010_2019_MPO
102122040,2018-08-25,2018,,94.0,,,0,0,N,0.0,0.0,0.0,,,,,,,,36.00477,-86.79053,True,Crashes_2010_2019_MPO
101625045,2017-04-25,2017,,19.0,,,0,0,N,0.0,0.0,0.0,,,,,,,,36.04882,-86.69169,False,Crashes_2010_2019_MPO
102098476,2018-08-04,2018,,94.0,,,0,0,N,0.0,0.0,0.0,,,,,,,,36.01038,-86.75263,True,Crashes_2010_2019_MPO
101995232,2018-04-30,2018,,94.0,,,0,0,N,0.0,0.0,0.0,,,,,,,,35.93534,-86.82374,False,Crashes_2010_2019_MPO
100724552,2015-01-19,2015,,94.0,,,0,0,N,0.0,0.0,0.0,,,,,,,,35.96628,-86.80742,True,Crashes_2010_2019_MPO
102596588,2019-12-13,2019,,94.0,,,0,0,N,0.0,0.0,0.0,,,,,,,,35.96798,-86.81833,True,Crashes_2010_2019_MPO
100481537,2014-04-03,2014,,94.0,,,0,0,N,0.0,0.0,0.0,,,,,,,,35.9976,-86.79671,True,Crashes_2010_2019_MPO
102184728,2018-10-21,2018,,19.0,,,0,0,N,0.0,0.0,0.0,,,,,,,,36.04393,-86.6933,False,Crashes_2010_2019_MPO
102236018,2018-12-05,2018,,94.0,,,0,0,N,0.0,0.0,0.0,,,,,,,,36.03277,-86.78356,True,Crashes_2010_2019_MPO
101796206,2017-10-18,2017,,94.0,,,0,0,N,0.0,0.0,0.0,,,,,,,,35.99862,-86.80577,True,Crashes_2010_2019_MPO
100212073,2012-08-06,2012,,94.0,,,0,0,Y,0.0,0.0,1.0,,,,,,,,36.02483,-86.79347,True,Crashes_2010_2019_MPO
101743858,2017-08-24,2017,,94.0,,,0,0,N,0.0,0.0,0.0,,,,,,,,35.93496,-86.82218,False,Crashes_2010_2019_MPO
101967366,2018-04-05,2018,,94.0,,,0,0,N,0.0,0.0,0.0,,,,,,,,35.966645,-86.809153,True,Crashes_2010_2019_MPO
100567508,2014-06-30,2014,,94.0,,,0,0,N,0.0,0.0,0.0,,,,,,,,35.92516,-86.81581,False,Crashes_2010_2019_MPO
100319738,2013-04-22,2013,,94.0,,,0,0,N,0.0,0.0,0.0,,,,,,,,35.99523,-86.77583,True,Crashes_2010_2019_MPO
101424450,2016-10-27,2016,,19.0,,,0,0,N,0.0,0.0,0.0,,,,,,,,36.0473,-86.86274,False,Crashes_2010_2019_MPO
102316395,2019-02-27,2019,,19.0,,,0,0,N,0.0,0.0,0.0,,,,,,,,36.03956,-86.78169,False,Crashes_2010_2019_MPO
101631882,2017-05-02,2017,,94.0,,,0,0,N,0.0,0.0,0.0,,,,,,,,35.92974,-86.85585,False,Crashes_2010_2019_MPO
100836343,2015-05-18,2015,,94.0,,,0,0,N,0.0,0.0,0.0,,,,,,,,35.92411,-86.86984,False,Crashes_2010_2019_MPO
101687952,2017-06-30,2017,,94.0,,,0,0,N,0.0,0.0,0.0,,,,,,,,35.9495,-86.81405,False,Crashes_2010_2019_MPO
101318913,2016-08-01,2016,,19.0,,,0,0,Y,0.0,0.0,1.0,,,,,,,,36.04208,-86.78232,False,Crashes_2010_2019_MPO
100508232,2014-05-13,2014,,94.0,,,0,0,N,0.0,0.0,0.0,,,,,,,,35.97034,-86.77423,True,Crashes_2010_2019_MPO
100502419,2014-04-29,2014,,94.0,,,0,0,N,0.0,0.0,0.0,,,,,,,,35.9972,-86.79391,True,Crashes_2010_2019_MPO
101673225,2017-06-14,2017,,94.0,,,0,0,N,0.0,0.0,0.0,,,,,,,,36.03016,-86.79048,True,Crashes_2010_2019_MPO
101638888,2017-05-08,2017,,94.0,,,0,0,N,0.0,0.0,0.0,,,,,,,,36.03319,-86.7876,True,Crashes_2010_2019_MPO
101496828,2017-01-05,2017,,19.0,,,0,0,N,0.0,0.0,0.0,,,,,,,,36.05069,-86.87861,False,Crashes_2010_2019_MPO
100324428,2013-05-04,2013,,94.0,,,0,0,N,0.0,0.0,0.0,,,,,,,,35.93561,-86.82388,False,Crashes_2010_2019_MPO
101091970,2016-01-22,2016,,19.0,,,0,0,N,0.0,0.0,0.0,,,,,,,,36.04138,-86.78249,False,Crashes_2010_2019_MPO
100455280,2014-02-20,2014,,94.0,,,0,0,N,0.0,0.0,0.0,,,,,,,,35.95584,-86.81143,False,Crashes_2010_2019_MPO
102581537,2019-11-26,2019,,94.0,,,0,0,N,0.0,0.0,0.0,,,,,,,,35.94091,-86.85636,False,Crashes_2010_2019_MPO
100666510,2014-11-07,2014,,94.0,,,0,0,N,0.0,0.0,0.0,,,,,,,,35.99634,-86.78801,True,Crashes_2010_2019_MPO
100725643,2015-01-22,2015,,94.0,,,0,0,N,0.0,0.0,0.0,,,,,,,,36.01393,-86.71916,False,Crashes_2010_2019_MPO
101882440,2018-01-09,2018,,94.0,,,0,0,N,0.0,0.0,0.0,,,,,,,,35.94134,-86.81623,False,Crashes_2010_2019_MPO
102600774,2019-12-18,2019,,19.0,,,0,0,N,0.0,0.0,0.0,,,,,,,,36.03737,-86.78692,False,Crashes_2010_2019_MPO
101949904,2018-03-19,2018,,94.0,,,0,0,Y,0.0,0.0,1.0,,,,,,,,35.9655,-86.70543,True,Crashes_2010_2019_MPO
101864844,2017-12-20,2017,,94.0,,,0,0,N,0.0,0.0,0.0,,,,,,,,35.94694,-86.81132,False,Crashes_2010_2019_MPO
100571511,2014-07-10,2014,,94.0,,,0,0,N,0.0,0.0,0.0,,,,,,,,35.94613,-86.82347,False,Crashes_2010_2019_MPO
101436039,2016-11-09,2016,,94.0,,,0,0,N,0.0,0.0,0.0,,,,,,,,35.95224,-86.84739,False,Crashes_2010_2019_MPO
102365916,2019-04-18,2019,,94.0,,,0,0,N,0.0,0.0,0.0,,,,,,,,35.94782,-86.81975,False,Crashes_2010_2019_MPO
101626177,2017-04-26,2017,,94.0,,,0,0,N,0.0,0.0,0.0,,,,,,,,35.96716,-86.81351,True,Crashes_2010_2019_MPO
102296550,2019-02-04,2019,,19.0,,,0,0,N,0.0,0.0,0.0,,,,,,,,36.04001,-86.78086,False,Crashes_2010_2019_MPO
101981973,2018-04-18,2018,,19.0,,,0,0,N,0.0,0.0,0.0,,,,,,,,36.04059,-86.77107,False,Crashes_2010_2019_MPO
100319849,2013-04-23,2013,,94.0,,,0,0,N,0.0,0.0,0.0,,,,,,,,35.99643,-86.8107,True,Crashes_2010_2019_MPO
100667771,2014-11-09,2014,,19.0,,,0,0,N,0.0,0.0,0.0,,,,,,,,36.04221,-86.83167,False,Crashes_2010_2019_MPO
101595556,2017-03-27,2017,,94.0,,,0,0,N,0.0,0.0,0.0,,,,,,,,35.9412,-86.81653,False,Crashes_2010_2019_MPO
101980781,2018-04-17,2018,,94.0,,,0,0,N,0.0,0.0,0.0,,,,,,,,35.93203,-86.86277,False,Crashes_2010_2019_MPO
101358357,2016-09-10,2016,,19.0,,,0,0,N,0.0,0.0,0.0,,,,,,,,36.02263,-86.68056,False,Crashes_2010_2019_MPO
100410199,2013-11-24,2013,,94.0,,,0,0,N,0.0,0.0,0.0,,,,,,,,35.96505,-86.80329,True,Crashes_2010_2019_MPO
100415958,2013-12-07,2013,,94.0,,,0,0,N,0.0,0.0,0.0,,,,,,,,35.99876,-86.80691,True,Crashes_2010_2019_MPO
102324112,2019-03-07,2019,,94.0,,,0,0,N,0.0,0.0,0.0,,,,,,,,35.96652,-86.809965,True,Crashes_2010_2019_MPO
101242791,2016-06-10,2016,,19.0,,,0,0,N,0.0,0.0,0.0,,,,,,,,36.01558,-86.73995,False,Crashes_2010_2019_MPO
100392232,2013-10-16,2013,,94.0,,,0,0,N,0.0,0.0,0.0,,,,,,,,35.96716,-86.69622,False,Crashes_2010_2019_MPO
100195248,2012-06-25,2012,,94.0,,,0,0,N,0.0,0.0,0.0,,,,,,,,35.9774,-86.67814,False,Crashes_2010_2019_MPO
101719975,2017-08-04,2017,,94.0,,,0,0,N,0.0,0.0,0.0,,,,,,,,36.03322,-86.78531,True,Crashes_2010_2019_MPO
101680145,2017-06-22,2017,,94.0,,,0,0,N,0.0,0.0,0.0,,,,,,,,35.94808,-86.81977,False,Crashes_2010_2019_MPO