mstrrecnbr,collision_ts,year,county,countystat,crash,crash_type,fatalities,non_motorists,commercial,fatal_c,nonmotor_c,truck_c,fatalc,serious_injuries,ped,bike,lighting,weather,first_harmful_event,latitude,longitude,in_city,src_layer
101435029,2016-11-08,2016,,94.0,,,0,0,N,0.0,0.0,0.0,,,,,,,,35.95104,-86.81828,False,Crashes_2010_2019_MPO
100190507,2012-06-11,2012,,94.0,,,0,0,N,0.0,0.0,0.0,,,,,,,,35.98369,-86.80177,True,Crashes_2010_2019_MPO
101857506,2017-12-12,2017,,94.0,,,0,0,N,0.0,0.0,0.0,,,,,,,,36.03402,-86.78834,True,Crashes_2010_2019_MPO
101561437,2017-02-21,2017,,94.0,,,0,0,N,0.0,0.0,0.0,,,,,,,,35.9951,-86.77444,True,Crashes_2010_2019_MPO
101990188,2018-04-26,2018,,94.0,,,0,0,N,0.0,0.0,0.0,,,,,,,,36.03474,-86.78332,True,Crashes_2010_2019_MPO
102277215,2019-01-14,2019,,94.0,,,0,0,N,0.0,0.0,0.0,,,,,,,,35.997443,-86.794942,True,Crashes_2010_2019_MPO
102117070,2018-08-20,2018,,94.0,,,0,0,N,0.0,0.0,0.0,,,,,,,,35.98874,-86.77777,True,Crashes_2010_2019_MPO
101727369,2017-08-11,2017,,94.0,,,0,0,N,0.0,0.0,0.0,,,,,,,,35.94672,-86.82388,False,Crashes_2010_2019_MPO
100284868,2013-01-26,2013,,94.0,,,0,0,N,0.0,0.0,0.0,,,,,,,,35.96665,-86.80933,True,Crashes_2010_2019_MPO
100459474,2014-03-03,2014,,94.0,,,0,0,N,0.0,0.0,0.0,,,,,,,,35.95157,-86.81291,False,Crashes_2010_2019_MPO
101592929,2017-03-24,2017,,19.0,,,0,0,N,0.0,0.0,0.0,,,,,,,,36.04231,-86.72652,False,Crashes_2010_2019_MPO
100995397,2015-10-22,2015,,19.0,,,0,0,N,0.0,0.0,0.0,,,,,,,,36.0374,-86.78657,False,Crashes_2010_2019_MPO
101063785,2015-12-21,2015,,19.0,,,0,0,N,0.0,0.0,0.0,,,,,,,,36.04441,-86.78039,False,Crashes_2010_2019_MPO
102558196,2019-11-04,2019,,94.0,,,0,0,N,0.0,0.0,0.0,,,,,,,,35.94212,-86.8162,False,Crashes_2010_2019_MPO
101613372,2017-04-13,2017,,19.0,,,0,0,N,0.0,0.0,0.0,,,,,,,,36.04381,-86.78103,False,Crashes_2010_2019_MPO
101929724,2018-02-28,2018,,94.0,,,0,0,N,0.0,0.0,0.0,,,,,,,,36.036089,-86.787142,True,Crashes_2010_2019_MPO
102375446,2019-04-29,2019,,94.0,,,0,0,N,0.0,0.0,0.0,,,,,,,,35.9667,-86.81121,True,Crashes_2010_2019_MPO
102457173,2019-07-22,2019,,94.0,,,0,0,N,0.0,0.0,0.0,,,,,,,,35.9638,-86.80842,False,Crashes_2010_2019_MPO
100387975,2013-10-05,2013,,94.0,,,0,0,N,0.0,0.0,0.0,,,,,,,,35.97131,-86.80582,True,Crashes_2010_2019_MPO
100993991,2015-10-22,2015,,94.0,,,0,0,N,0.0,0.0,0.0,,,,,,,,35.94115,-86.8399,False,Crashes_2010_2019_MPO
102383976,2019-05-08,2019,,19.0,,,0,0,N,0.0,0.0,0.0,,,,,,,,36.04004,-86.74399,False,Crashes_2010_2019_MPO
102042696,2018-06-14,2018,,19.0,,,0,0,N,0.0,0.0,0.0,,,,,,,,36.01234,-86.68803,False,Crashes_2010_2019_MPO
101435940,2016-11-10,2016,,94.0,,,0,0,N,0.0,0.0,0.0,,,,,,,,35.95023,-86.76291,True,Crashes_2010_2019_MPO
101078148,2016-01-15,2016,,94.0,,,0,0,N,0.0,0.0,0.0,,,,,,,,36.02562,-86.792724,True,Crashes_2010_2019_MPO
102291862,2019-01-30,2019,,19.0,,,0,0,N,0.0,0.0,0.0,,,,,,,,36.04114,-86.77621,False,Crashes_2010_2019_MPO
101431469,2016-11-04,2016,,94.0,,,0,0,N,0.0,0.0,0.0,,,,,,,,35.92823,-86.84218,False,Crashes_2010_2019_MPO
101300344,2016-07-21,2016,,94.0,,,0,0,N,0.0,0.0,0.0,,,,,,,,36.01764,-86.75886,True,Crashes_2010_2019_MPO
100971862,2015-10-02,2015,,94.0,,,0,0,N,0.0,0.0,0.0,,,,,,,,35.94776,-86.81919,False,Crashes_2010_2019_MPO
102047016,2018-06-18,2018,,94.0,,,0,0,N,0.0,0.0,0.0,,,,,,,,36.0069,-86.87327,False,Crashes_2010_2019_MPO
101819786,2017-11-09,2017,,94.0,,,0,0,N,0.0,0.0,0.0,,,,,,,,36.01198,-86.81868,True,Crashes_2010_2019_MPO
101783425,2017-10-06,2017,,94.0,,,0,0,N,0.0,0.0,0.0,,,,,,,,35.92957,-86.84187,False,Crashes_2010_2019_MPO
100715544,2014-12-31,2014,,94.0,,,0,0,N,0.0,0.0,0.0,,,,,,,,35.94284,-86.81829,False,Crashes_2010_2019_MPO
101393261,2016-09-30,2016,,19.0,,,0,0,N,0.0,0.0,0.0,,,,,,,,36.0409,-86.77938,False,Crashes_2010_2019_MPO
101483704,2016-12-21,2016,,94.0,,,0,0,N,0.0,0.0,0.0,,,,,,,,35.92639,-86.82422,False,Crashes_2010_2019_MPO
100280048,2013-01-15,2013,,94.0,,,0,0,N,0.0,0.0,0.0,,,,,,,,35.92466,-86.87006,False,Crashes_2010_2019_MPO
101745447,2017-08-29,2017,,94.0,,,0,0,N,0.0,0.0,0.0,,,,,,,,35.98454,-86.77756,True,Crashes_2010_2019_MPO
101106651,2016-02-16,2016,,94.0,,,0,0,N,0.0,0.0,0.0,,,,,,,,35.9478,-86.80784,False,Crashes_2010_2019_MPO
100409254,2013-11-22,2013,,94.0,,,0,0,Y,0.0,0.0,1.0,,,,,,,,35.99505,-86.7735,True,Crashes_2010_2019_MPO
100720713,2015-01-12,2015,,94.0,,,0,0,N,0.0,0.0,0.0,,,,,,,,35.98958,-86.7995,True,Crashes_2010_2019_MPO
100430600,2014-01-13,2014,,94.0,,,0,0,N,0.0,0.0,0.0,,,,,,,,35.97036,-86.77419,True,Crashes_2010_2019_MPO
101328288,2016-08-15,2016,,19.0,,,0,0,N,0.0,0.0,0.0,,,,,,,,36.04667,-86.6785,False,Crashes_2010_2019_MPO
101121798,2016-02-24,2016,,94.0,,,0,0,N,0.0,0.0,0.0,,,,,,,,35.93389,-86.77906,False,Crashes_2010_2019_MPO
102569127,2019-11-15,2019,,94.0,,,0,0,N,0.0,0.0,0.0,,,,,,,,35.94681,-86.81143,False,Crashes_2010_2019_MPO
100422478,2013-12-21,2013,,94.0,,,0,0,N,0.0,0.0,0.0,,,,,,,,35.92365,-86.86783,False,Crashes_2010_2019_MPO
100485978,2014-04-13,2014,,94.0,,,0,0,N,0.0,0.0,0.0,,,,,,,,35.93095,-86.84159,False,Crashes_2010_2019_MPO
102389835,2019-05-14,2019,,94.0,,,0,0,Y,0.0,0.0,1.0,,,,,,,,35.94489,-86.82843,False,Crashes_2010_2019_MPO
100982720,2015-10-20,2015,,94.0,,,0,0,N,0.0,0.0,0.0,,,,,,,,35.96526,-86.79674,True,Crashes_2010_2019_MPO
101631251,2017-05-01,2017,,94.0,,,0,0,N,0.0,0.0,0.0,,,,,,,,35.99012,-86.74593,True,Crashes_2010_2019_MPO
100589252,2014-07-30,2014,,94.0,,,0,0,N,0.0,0.0,0.0,,,,,,,,35.99735,-86.79484,True,Crashes_2010_2019_MPO
101050015,2015-12-15,2015,,19.0,,,0,0,N,0.0,0.0,0.0,,,,,,,,36.0488,-86.71367,False,Crashes_2010_2019_MPO
100835807,2015-05-17,2015,,94.0,,,0,0,N,0.0,0.0,0.0,,,,,,,,36.03357,-86.78122,True,Crashes_2010_2019_MPO
102417887,2019-06-13,2019,,19.0,,,0,0,N,0.0,0.0,0.0,,,,,,,,36.01653,-86.69283,False,Crashes_2010_2019_MPO
101607471,2017-04-08,2017,,19.0,,,0,0,N,0.0,0.0,0.0,,,,,,,,36.03019,-86.78389,True,Crashes_2010_2019_MPO
100734034,2015-02-07,2015,,19.0,,,0,0,N,0.0,0.0,0.0,,,,,,,,36.0406,-86.77106,False,Crashes_2010_2019_MPO
101506985,2017-01-17,2017,,19.0,,,0,0,N,0.0,0.0,0.0,,,,,,,,36.03821,-86.8009,False,Crashes_2010_2019_MPO
101804966,2017-10-26,2017,,94.0,,,0,0,N,0.0,0.0,0.0,,,,,,,,36.03336,-86.78872,True,Crashes_2010_2019_MPO
100411291,2013-11-25,2013,,94.0,,,0,0,N,0.0,0.0,0.0,,,,,,,,35.97313,-86.83504,False,Crashes_2010_2019_MPO
100772627,2015-03-15,2015,,94.0,,,0,0,N,0.0,0.0,0.0,,,,,,,,35.95842,-86.80225,False,Crashes_2010_2019_MPO
101700420,2017-07-13,2017,,19.0,,,0,0,N,0.0,0.0,0.0,,,,,,,,36.04069,-86.78258,False,Crashes_2010_2019_MPO
100598211,2014-08-20,2014,,94.0,,,0,0,N,0.0,0.0,0.0,,,,,,,,35.96488,-86.81439,False,Crashes_2010_2019_MPO
101103514,2016-02-11,2016,,94.0,,,0,0,N,0.0,0.0,0.0,,,,,,,,35.98792,-86.68096,False,Crashes_2010_2019_MPO
101608141,2017-04-07,2017,,94.0,,,0,0,N,0.0,0.0,0.0,,,,,,,,35.95524,-86.84497,False,Crashes_2010_2019_MPO
102297217,2019-02-04,2019,,94.0,,,0,0,N,0.0,0.0,0.0,,,,,,,,35.93752,-86.82167,False,Crashes_2010_2019_MPO
101128182,2016-03-05,2016,,19.0,,,0,0,N,0.0,0.0,0.0,,,,,,,,36.04001,-86.74347,False,Crashes_2010_2019_MPO
100657483,2014-10-22,2014,,94.0,,,0,0,N,0.0,0.0,0.0,,,,,,,,35.97647,-86.76517,True,Crashes_2010_2019_MPO
101328522,2016-08-15,2016,,94.0,,,0,0,N,0.0,0.0,0.0,,,,,,,,36.027035,-86.788803,True,Crashes_2010_2019_MPO
100457563,2014-02-25,2014,,94.0,,,0,0,Y,0.0,0.0,1.0,,,,,,,,36.00417,-86.79083,True,Crashes_2010_2019_MPO
102245326,2018-12-13,2018,,94.0,,,0,0,N,0.0,0.0,0.0,,,,,,,,35.98108,-86.84628,False,Crashes_2010_2019_MPO
101128963,2016-03-06,2016,,94.0,,,0,0,N,0.0,0.0,0.0,,,,,,,,35.94795,-86.82416,False,Crashes_2010_2019_MPO
100432189,2014-01-17,2014,,94.0,,,0,0,N,0.0,0.0,0.0,,,,,,,,35.98325,-86.71739,True,Crashes_2010_2019_MPO
100587322,2014-07-25,2014,,94.0,,,0,0,N,0.0,0.0,0.0,,,,,,,,35.94839,-86.80774,False,Crashes_2010_2019_MPO
100727471,2015-01-25,2015,,19.0,,,0,0,N,0.0,0.0,0.0,,,,,,,,36.02337,-86.68768,False,Crashes_2010_2019_MPO
102194860,2018-10-26,2018,,94.0,,,0,0,N,0.0,0.0,0.0,,,,,,,,35.93731,-86.87881,False,Crashes_2010_2019_MPO
101584614,2017-03-16,2017,,19.0,,,0,0,N,0.0,0.0,0.0,,,,,,,,35.99586,-86.68841,False,Crashes_2010_2019_MPO
102511245,2019-09-16,2019,,94.0,,,0,0,N,0.0,0.0,0.0,,,,,,,,35.99557,-86.77955,True,Crashes_2010_2019_MPO
102086407,2018-07-25,2018,,19.0,,,0,0,N,0.0,0.0,0.0,,,,,,,,36.05366,-86.71502,False,Crashes_2010_2019_MPO
101806252,2017-10-27,2017,,19.0,,,0,0,N,0.0,0.0,0.0,,,,,,,,36.04551,-86.70479,False,Crashes_2010_2019_MPO
100437667,2014-02-01,2014,,94.0,,,0,0,N,0.0,0.0,0.0,,,,,,,,35.95581,-86.81484,False,Crashes_2010_2019_MPO
102601378,2019-12-18,2019,,19.0,,,0,0,N,0.0,0.0,0.0,,,,,,,,36.02059,-86.699,False,Crashes_2010_2019_MPO
101861245,2017-12-17,2017,,94.0,,,0,0,N,0.0,0.0,0.0,,,,,,,,35.99799,-86.7023,True,Crashes_2010_2019_MPO
101575496,2017-03-07,2017,,94.0,,,0,0,N,0.0,0.0,0.0,,,,,,,,35.99459,-86.76773,True,Crashes_2010_2019_MPO
102076281,2018-07-16,2018,,19.0,,,0,0,N,0.0,0.0,0.0,,,,,,,,36.04948,-86.69868,False,Crashes_2010_2019_MPO
100588291,2014-07-28,2014,,94.0,,,0,0,N,0.0,0.0,0.0,,,,,,,,35.98848,-86.7401,True,Crashes_2010_2019_MPO
102292750,2019-01-31,2019,,19.0,,,0,0,N,0.0,0.0,0.0,,,,,,,,36.03816,-86.78398,False,Crashes_2010_2019_MPO
101072986,2016-01-06,2016,,19.0,,,0,0,N,0.0,0.0,0.0,,,,,,,,36.04683,-86.67933,False,Crashes_2010_2019_MPO
101349463,2016-08-30,2016,,94.0,,,0,0,N,0.0,0.0,0.0,,,,,,,,36.00657,-86.78836,True,Crashes_2010_2019_MPO
102426981,2019-06-23,2019,,19.0,,,0,0,N,0.0,0.0,0.0,,,,,,,,36.0472,-86.8623,False,Crashes_2010_2019_MPO
100542222,2014-05-22,2014,,94.0,,,0,0,N,0.0,0.0,0.0,,,,,,,,35.9512,-86.81304,False,Crashes_2010_2019_MPO
101627712,2017-04-28,2017,,94.0,,,0,0,N,0.0,0.0,0.0,,,,,,,,35.96718,-86.81367,True,Crashes_2010_2019_MPO
101317127,2016-07-31,2016,,19.0,,,0,0,N,0.0,0.0,0.0,,,,,,,,36.0453,-86.70168,False,Crashes_2010_2019_MPO
100235212,2012-10-05,2012,,94.0,,,0,1,N,0.0,1.0,0.0,,,,,,,,36.03713,-86.82626,True,Crashes_2010_2019_MPO
101004737,2015-11-07,2015,,94.0,,,0,0,N,0.0,0.0,0.0,,,,,,,,35.9243,-86.86955,False,Crashes_2010_2019_MPO
100432017,2014-01-17,2014,,94.0,,,0,0,N,0.0,0.0,0.0,,,,,,,,35.9885,-86.8469,False,Crashes_2010_2019_MPO
101424408,2016-10-27,2016,,94.0,,,0,0,N,0.0,0.0,0.0,,,,,,,,35.99922,-86.80923,True,Crashes_2010_2019_MPO
100328516,2013-05-13,2013,,94.0,,,0,0,N,0.0,0.0,0.0,,,,,,,,35.93117,-86.79409,False,Crashes_2010_2019_MPO
101746056,2017-08-30,2017,,94.0,,,0,0,N,0.0,0.0,0.0,,,,,,,,35.94027,-86.81658,False,Crashes_2010_2019_MPO
101061791,2015-12-18,2015,,94.0,,,0,0,N,0.0,0.0,0.0,,,,,,,,35.95939,-86.84169,False,Crashes_2010_2019_MPO
101846081,2017-12-02,2017,,19.0,,,0,0,N,0.0,0.0,0.0,,,,,,,,36.04249,-86.78217,False,Crashes_2010_2019_MPO
102449215,2019-07-16,2019,,19.0,,,0,0,N,0.0,0.0,0.0,,,,,,,,36.04516,-86.6996,False,Crashes_2010_2019_MPO
102252697,2018-12-20,2018,,94.0,,,0,0,N,0.0,0.0,0.0,,,,,,,,35.9841,-86.8015,True,Crashes_2010_2019_MPO
101285740,2016-07-14,2016,,94.0,,,0,0,N,0.0,0.0,0.0,,,,,,,,35.9576,-86.81056,False,Crashes_2010_2019_MPO
101393512,2016-09-30,2016,,94.0,,,0,0,N,0.0,0.0,0.0,,,,,,,,35.94587,-86.82423,False,Crashes_2010_2019_MPO
100726596,2015-01-23,2015,,19.0,,,0,0,N,0.0,0.0,0.0,,,,,,,,36.0406,-86.77979,False,Crashes_2010_2019_MPO
100498291,2014-04-17,2014,,94.0,,,0,0,N,0.0,0.0,0.0,,,,,,,,35.93732,-86.87883,False,Crashes_2010_2019_MPO
101848776,2017-12-05,2017,,94.0,,,0,0,N,0.0,0.0,0.0,,,,,,,,35.99793,-86.79991,True,Crashes_2010_2019_MPO
102454292,2019-07-21,2019,,94.0,,,0,0,N,0.0,0.0,0.0,,,,,,,,35.93394,-86.84475,False,Crashes_2010_2019_MPO
102131940,2018-08-31,2018,,94.0,,,0,0,N,0.0,0.0,0.0,,,,,,,,35.95082,-86.80767,False,Crashes_2010_2019_MPO
102432224,2019-06-29,2019,,94.0,,,0,0,N,0.0,0.0,0.0,,,,,,,,35.96677,-86.81031,True,Crashes_2010_2019_MPO
102243029,2018-12-11,2018,,94.0,,,0,0,Y,0.0,0.0,1.0,,,,,,,,35.96,-86.84127,False,Crashes_2010_2019_MPO
101846104,2017-12-01,2017,,94.0,,,0,0,N,0.0,0.0,0.0,,,,,,,,35.92766,-86.86813,False,Crashes_2010_2019_MPO
102047554,2018-06-18,2018,,19.0,,,0,0,N,0.0,0.0,0.0,,,,,,,,36.04121,-86.82144,False,Crashes_2010_2019_MPO
101453595,2016-11-18,2016,,94.0,,,0,0,N,0.0,0.0,0.0,,,,,,,,36.01008,-86.78523,True,Crashes_2010_2019_MPO
101067853,2015-12-23,2015,,94.0,,,0,0,N,0.0,0.0,0.0,,,,,,,,35.96189,-86.81469,False,Crashes_2010_2019_MPO
102043766,2018-06-15,2018,,94.0,,,0,0,N,0.0,0.0,0.0,,,,,,,,36.01779,-86.72746,False,Crashes_2010_2019_MPO
102116766,2018-08-20,2018,,94.0,,,0,0,Y,0.0,0.0,1.0,,,,,,,,35.96264,-86.80907,False,Crashes_2010_2019_MPO
101346993,2016-08-26,2016,,94.0,,,0,0,N,0.0,0.0,0.0,,,,,,,,35.93209,-86.86277,False,Crashes_2010_2019_MPO
101783762,2017-10-06,2017,,94.0,,,0,0,N,0.0,0.0,0.0,,,,,,,,35.96062,-86.85345,False,Crashes_2010_2019_MPO
102149536,2018-09-18,2018,,94.0,,,0,0,N,0.0,0.0,0.0,,,,,,,,36.03066,-86.78358,True,Crashes_2010_2019_MPO
100848438,2015-05-21,2015,,94.0,,,0,0,N,0.0,0.0,0.0,,,,,,,,35.92641,-86.82437,False,Crashes_2010_2019_MPO
102253704,2018-12-21,2018,,19.0,,,0,0,N,0.0,0.0,0.0,,,,,,,,36.03737,-86.78693,False,Crashes_2010_2019_MPO
101071914,2016-01-04,2016,,94.0,,,0,0,N,0.0,0.0,0.0,,,,,,,,35.9294,-86.84084,False,Crashes_2010_2019_MPO
102170154,2018-10-06,2018,,19.0,,,0,0,N,0.0,0.0,0.0,,,,,,,,36.04522,-86.71324,False,Crashes_2010_2019_MPO
101617209,2017-04-16,2017,,19.0,,,0,0,N,0.0,0.0,0.0,,,,,,,,36.03892,-86.67733,False,Crashes_2010_2019_MPO
100848452,2015-05-22,2015,,94.0,,,0,0,N,0.0,0.0,0.0,,,,,,,,35.97658,-86.84007,False,Crashes_2010_2019_MPO
100833887,2015-05-14,2015,,19.0,,,0,0,N,0.0,0.0,0.0,,,,,,,,36.04161,-86.74749,False,Crashes_2010_2019_MPO
101723034,2017-08-06,2017,,19.0,,,0,0,N,0.0,0.0,0.0,,,,,,,,36.03904,-86.78279,False,Crashes_2010_2019_MPO
100962774,2015-09-18,2015,,94.0,,,0,0,N,0.0,0.0,0.0,,,,,,,,36.00413,-86.79087,True,Crashes_2010_2019_MPO
101757555,2017-09-11,2017,,94.0,,,0,0,N,0.0,0.0,0.0,,,,,,,,35.95276,-86.72838,True,Crashes_2010_2019_MPO
101738220,2017-08-21,2017,,94.0,,,0,0,N,0.0,0.0,0.0,,,,,,,,35.93334,-86.82392,False,Crashes_2010_2019_MPO
100773428,2015-03-17,2015,,19.0,,,0,0,N,0.0,0.0,0.0,,,,,,,,36.02355,-86.69987,False,Crashes_2010_2019_MPO
102228505,2018-11-28,2018,,94.0,,,0,0,N,0.0,0.0,0.0,,,,,,,,35.97472,-86.83173,True,Crashes_2010_2019_MPO
101583858,2017-03-14,2017,,94.0,,,0,0,N,0.0,0.0,0.0,,,,,,,,35.96655,-86.81126,True,Crashes_2010_2019_MPO
100970680,2015-10-01,2015,,94.0,,,0,0,N,0.0,0.0,0.0,,,,,,,,35.99071,-86.74517,True,Crashes_2010_2019_MPO
100974875,2015-10-07,2015,,94.0,,,0,0,Y,0.0,0.0,1.0,,,,,,,,36.01318,-86.80057,True,Crashes_2010_2019_MPO
101634106,2017-05-04,2017,,19.0,,,0,0,N,0.0,0.0,0.0,,,,,,,,36.04225,-86.74391,False,Crashes_2010_2019_MPO
101279874,2016-07-05,2016,,19.0,,,0,0,N,0.0,0.0,0.0,,,,,,,,36.04991,-86.70304,False,Crashes_2010_2019_MPO
101787256,2017-10-09,2017,,94.0,,,0,0,N,0.0,0.0,0.0,,,,,,,,35.92645,-86.82495,False,Crashes_2010_2019_MPO
102501334,2019-09-06,2019,,94.0,,,0,0,N,0.0,0.0,0.0,,,,,,,,35.96133,-86.81226,False,Crashes_2010_2019_MPO
102040283,2018-06-11,2018,,94.0,,,0,0,N,0.0,0.0,0.0,,,,,,,,36.0332,-86.78547,True,Crashes_2010_2019_MPO
101704977,2017-07-18,2017,,94.0,,,0,0,N,0.0,0.0,0.0,,,,,,,,36.0111,-86.78492,True,Crashes_2010_2019_MPO
101569880,2017-03-01,2017,,19.0,,,0,0,N,0.0,0.0,0.0,,,,,,,,36.04068,-86.77977,False,Crashes_2010_2019_MPO
101242721,2016-06-10,2016,,94.0,,,0,0,N,0.0,0.0,0.0,,,,,,,,35.94687,-86.85168,False,Crashes_2010_2019_MPO
102307100,2019-02-15,2019,,94.0,,,0,0,N,0.0,0.0,0.0,,,,,,,,36.00053,-86.80852,True,Crashes_2010_2019_MPO
100997694,2015-10-27,2015,,19.0,,,0,0,N,0.0,0.0,0.0,,,,,,,,36.03256,-86.7687,False,Crashes_2010_2019_MPO
102534888,2019-10-11,2019,,19.0,,,0,0,N,0.0,0.0,0.0,,,,,,,,36.0399,-86.7684,False,Crashes_2010_2019_MPO
102458974,2019-07-26,2019,,94.0,,,0,0,N,0.0,0.0,0.0,,,,,,,,35.94421,-86.81976,False,Crashes_2010_2019_MPO
101441269,2016-11-16,2016,,94.0,,,0,0,N,0.0,0.0,0.0,,,,,,,,36.03318,-86.78282,True,Crashes_2010_2019_MPO
100877305,2015-06-26,2015,,94.0,,,0,0,N,0.0,0.0,0.0,,,,,,,,36.01375,-86.73828,False,Crashes_2010_2019_MPO
101319555,2016-08-03,2016,,94.0,,,0,0,N,0.0,0.0,0.0,,,,,,,,35.95463,-86.76688,True,Crashes_2010_2019_MPO
100618585,2014-09-13,2014,,94.0,,,0,0,N,0.0,0.0,0.0,,,,,,,,35.92954,-86.84187,False,Crashes_2010_2019_MPO
100832245,2015-05-11,2015,,94.0,,,0,0,N,0.0,0.0,0.0,,,,,,,,36.03405,-86.78833,True,Crashes_2010_2019_MPO
100827965,2015-05-03,2015,,19.0,,,0,0,N,0.0,0.0,0.0,,,,,,,,36.02193,-86.70218,False,Crashes_2010_2019_MPO
100942796,2015-08-31,2015,,94.0,,,0,0,N,0.0,0.0,0.0,,,,,,,,35.96734,-86.8135,True,Crashes_2010_2019_MPO
102317019,2019-02-27,2019,,94.0,,,0,0,N,0.0,0.0,0.0,,,,,,,,35.92302,-86.8166,False,Crashes_2010_2019_MPO
101074163,2016-01-08,2016,,94.0,,,0,0,N,0.0,0.0,0.0,,,,,,,,36.0132,-86.73872,True,Crashes_2010_2019_MPO
101803300,2017-10-24,2017,,94.0,,,0,0,N,0.0,0.0,0.0,,,,,,,,36.01689,-86.78609,True,Crashes_2010_2019_MPO
101751487,2017-09-05,2017,,94.0,,,0,0,N,0.0,0.0,0.0,,,,,,,,35.97431,-86.77593,True,Crashes_2010_2019_MPO
101044434,2015-12-03,2015,,94.0,,,0,0,N,0.0,0.0,0.0,,,,,,,,35.97295,-86.83335,False,Crashes_2010_2019_MPO
102511831,2019-09-17,2019,,19.0,,,0,0,N,0.0,0.0,0.0,,,,,,,,36.03256,-86.67674,False,Crashes_2010_2019_MPO
100168728,2012-04-12,2012,,94.0,,,0,0,N,0.0,0.0,0.0,,,,,,,,36.02844,-86.79142,True,Crashes_2010_2019_MPO
100729064,2015-01-28,2015,,94.0,,,0,0,N,0.0,0.0,0.0,,,,,,,,35.99002,-86.74509,True,Crashes_2010_2019_MPO
100387784,2013-10-05,2013,,94.0,,,0,0,N,0.0,0.0,0.0,,,,,,,,35.92738,-86.86871,False,Crashes_2010_2019_MPO
100711802,2014-12-23,2014,,94.0,,,0,0,N,0.0,0.0,0.0,,,,,,,,35.99617,-86.78566,True,Crashes_2010_2019_MPO
102128394,2018-08-31,2018,,94.0,,,0,0,N,0.0,0.0,0.0,,,,,,,,36.0347,-86.7856,True,Crashes_2010_2019_MPO
101659776,2017-05-30,2017,,19.0,,,0,0,N,0.0,0.0,0.0,,,,,,,,36.04529,-86.71405,False,Crashes_2010_2019_MPO
102506141,2019-09-11,2019,,94.0,,,0,0,N,0.0,0.0,0.0,,,,,,,,35.98471,-86.72583,True,Crashes_2010_2019_MPO
102346866,2019-03-29,2019,,94.0,,,0,0,N,0.0,0.0,0.0,,,,,,,,35.95857,-86.81022,False,Crashes_2010_2019_MPO
100822202,2015-04-22,2015,,94.0,,,0,0,N,0.0,0.0,0.0,,,,,,,,36.0362,-86.80406,True,Crashes_2010_2019_MPO
101541156,2017-02-01,2017,,94.0,,,0,0,N,0.0,0.0,0.0,,,,,,,,35.94709,-86.82173,False,Crashes_2010_2019_MPO
102396178,2019-05-22,2019,,19.0,,,0,0,N,0.0,0.0,0.0,,,,,,,,36.04541,-86.71285,False,Crashes_2010_2019_MPO
102506704,2019-09-10,2019,,94.0,,,0,0,N,0.0,0.0,0.0,,,,,,,,35.99511,-86.77453,True,Crashes_2010_2019_MPO
102569817,2019-11-15,2019,,94.0,,,0,0,N,0.0,0.0,0.0,,,,,,,,35.9623,-86.80894,False,Crashes_2010_2019_MPO
102114037,2018-08-18,2018,,94.0,,,0,0,N,0.0,0.0,0.0,,,,,,,,35.93446,-86.81991,False,Crashes_2010_2019_MPO
100979756,2015-10-15,2015,,19.0,,,0,0,N,0.0,0.0,0.0,,,,,,,,36.04545,-86.7039,False,Crashes_2010_2019_MPO
101873362,2017-12-30,2017,,94.0,,,0,0,N,0.0,0.0,0.0,,,,,,,,35.9685,-86.80743,True,Crashes_2010_2019_MPO
100937804,2015-08-21,2015,,19.0,,,0,0,N,0.0,0.0,0.0,,,,,,,,36.03802,-86.79841,False,Crashes_2010_2019_MPO
101990073,2018-04-26,2018,,19.0,,,0,0,N,0.0,0.0,0.0,,,,,,,,36.03737,-86.78688,False,Crashes_2010_2019_MPO
100820907,2015-04-17,2015,,94.0,,,0,0,N,0.0,0.0,0.0,,,,,,,,35.94582,-86.87282,False,Crashes_2010_2019_MPO
101750497,2017-09-04,2017,,94.0,,,0,0,N,0.0,0.0,0.0,,,,,,,,35.92848,-86.79362,False,Crashes_2010_2019_MPO
101956834,2018-03-26,2018,,94.0,,,0,0,N,0.0,0.0,0.0,,,,,,,,35.92733,-86.74031,False,Crashes_2010_2019_MPO
100505113,2014-05-05,2014,,94.0,,,0,0,Y,0.0,0.0,1.0,,,,,,,,35.93581,-86.81814,False,Crashes_2010_2019_MPO
100441549,2014-02-11,2014,,94.0,,,0,0,N,0.0,0.0,0.0,,,,,,,,35.93387,-86.81836,False,Crashes_2010_2019_MPO
102431252,2019-06-26,2019,,94.0,,,0,0,N,0.0,0.0,0.0,,,,,,,,35.94699,-86.81153,False,Crashes_2010_2019_MPO
100284848,2013-01-16,2013,,94.0,,,0,0,N,0.0,0.0,0.0,,,,,,,,35.9287,-86.7476,False,Crashes_2010_2019_MPO
100724448,2015-01-19,2015,,19.0,,,0,0,N,0.0,0.0,0.0,,,,,,,,36.03735,-86.78656,False,Crashes_2010_2019_MPO
101819866,2017-11-09,2017,,19.0,,,0,0,N,0.0,0.0,0.0,,,,,,,,36.04062,-86.77989,False,Crashes_2010_2019_MPO
100854217,2015-06-02,2015,,19.0,,,0,0,N,0.0,0.0,0.0,,,,,,,,36.04078,-86.77346,False,Crashes_2010_2019_MPO
101154909,2016-03-31,2016,,94.0,,,0,0,N,0.0,0.0,0.0,,,,,,,,35.96545,-86.81408,False,Crashes_2010_2019_MPO
102528953,2019-10-02,2019,,94.0,,,0,0,N,0.0,0.0,0.0,,,,,,,,35.97347,-86.83344,False,Crashes_2010_2019_MPO
102174072,2018-10-10,2018,,19.0,,,0,0,N,0.0,0.0,0.0,,,,,,,,36.03278,-86.78331,True,Crashes_2010_2019_MPO
100552563,2014-06-17,2014,,94.0,,,0,0,N,0.0,0.0,0.0,,,,,,,,35.93549,-86.82394,False,Crashes_2010_2019_MPO