mstrrecnbr,collision_ts,year,county,countystat,crash,crash_type,fatalities,non_motorists,commercial,fatal_c,nonmotor_c,truck_c,fatalc,serious_injuries,ped,bike,lighting,weather,first_harmful_event,latitude,longitude,in_city,src_layer
101612093,2017-04-12,2017,,94.0,,,0,0,N,0.0,0.0,0.0,,,,,,,,35.9407,-86.8316,False,Crashes_2010_2019_MPO
101789373,2017-10-12,2017,,94.0,,,0,0,N,0.0,0.0,0.0,,,,,,,,35.94558,-86.81475,False,Crashes_2010_2019_MPO
101187415,2016-05-04,2016,,94.0,,,0,0,N,0.0,0.0,0.0,,,,,,,,35.96736,-86.81021,True,Crashes_2010_2019_MPO
101151206,2016-03-26,2016,,19.0,,,0,0,N,0.0,0.0,0.0,,,,,,,,36.03899,-86.78258,False,Crashes_2010_2019_MPO
101657367,2017-05-28,2017,,94.0,,,0,0,N,0.0,0.0,0.0,,,,,,,,35.96518,-86.80029,True,Crashes_2010_2019_MPO
101705627,2017-07-19,2017,,19.0,,,0,0,N,0.0,0.0,0.0,,,,,,,,36.04216,-86.78204,False,Crashes_2010_2019_MPO
100821757,2015-04-21,2015,,94.0,,,0,0,N,0.0,0.0,0.0,,,,,,,,35.98455,-86.7251,True,Crashes_2010_2019_MPO
100320603,2013-04-24,2013,,94.0,,,0,0,N,0.0,0.0,0.0,,,,,,,,35.94093,-86.83949,False,Crashes_2010_2019_MPO
101975239,2018-04-12,2018,,94.0,,,0,0,N,0.0,0.0,0.0,,,,,,,,35.92641,-86.82453,False,Crashes_2010_2019_MPO
101188428,2016-05-05,2016,,94.0,,,0,0,N,0.0,0.0,0.0,,,,,,,,35.95369,-86.7197,False,Crashes_2010_2019_MPO
102499459,2019-09-02,2019,,94.0,,,0,0,N,0.0,0.0,0.0,,,,,,,,35.99922,-86.80923,True,Crashes_2010_2019_MPO
100667098,2014-11-08,2014,,94.0,,,0,0,N,0.0,0.0,0.0,,,,,,,,35.93546,-86.82377,False,Crashes_2010_2019_MPO
101435657,2016-11-09,2016,,19.0,,,0,0,N,0.0,0.0,0.0,,,,,,,,36.05027,-86.87465,False,Crashes_2010_2019_MPO
102208924,2018-11-12,2018,,94.0,,,0,0,N,0.0,0.0,0.0,,,,,,,,36.03501,-86.80582,True,Crashes_2010_2019_MPO
101130883,2016-03-08,2016,,19.0,,,0,0,N,0.0,0.0,0.0,,,,,,,,35.99687,-86.68989,False,Crashes_2010_2019_MPO
100806593,2015-04-12,2015,,94.0,,,0,0,N,0.0,0.0,0.0,,,,,,,,36.02157,-86.74268,False,Crashes_2010_2019_MPO
100265547,2012-12-12,2012,,94.0,,,0,0,N,0.0,0.0,0.0,,,,,,,,35.92477,-86.86982,False,Crashes_2010_2019_MPO
101165399,2016-04-16,2016,,94.0,,,0,0,N,0.0,0.0,0.0,,,,,,,,36.030297,-86.790493,True,Crashes_2010_2019_MPO
100963502,2015-09-18,2015,,94.0,,,0,0,N,0.0,0.0,0.0,,,,,,,,36.00489,-86.79041,True,Crashes_2010_2019_MPO
102281306,2019-01-18,2019,,19.0,,,0,0,N,0.0,0.0,0.0,,,,,,,,36.04245,-86.71294,False,Crashes_2010_2019_MPO
101718491,2017-08-02,2017,,19.0,,,0,0,N,0.0,0.0,0.0,,,,,,,,36.03971,-86.81478,False,Crashes_2010_2019_MPO
101863630,2017-12-19,2017,,94.0,,,0,0,N,0.0,0.0,0.0,,,,,,,,35.95201,-86.74153,True,Crashes_2010_2019_MPO
102566759,2019-11-13,2019,,19.0,,,0,0,N,0.0,0.0,0.0,,,,,,,,36.04537,-86.70269,False,Crashes_2010_2019_MPO
101657043,2017-05-27,2017,,19.0,,,0,0,N,0.0,0.0,0.0,,,,,,,,36.02494,-86.68023,False,Crashes_2010_2019_MPO
100713214,2014-12-26,2014,,19.0,,,0,0,N,0.0,0.0,0.0,,,,,,,,36.01414,-86.7048,False,Crashes_2010_2019_MPO
101502324,2017-01-11,2017,,94.0,,,0,0,N,0.0,0.0,0.0,,,,,,,,35.96125,-86.82145,False,Crashes_2010_2019_MPO
100728513,2015-01-27,2015,,19.0,,,0,0,N,0.0,0.0,0.0,,,,,,,,36.03983,-86.78106,False,Crashes_2010_2019_MPO
100193289,2012-06-18,2012,,94.0,,,0,0,N,0.0,0.0,0.0,,,,,,,,36.01689,-86.78609,True,Crashes_2010_2019_MPO
100639476,2014-10-06,2014,,94.0,,,0,0,N,0.0,0.0,0.0,,,,,,,,35.99253,-86.82852,True,Crashes_2010_2019_MPO
100681354,2014-11-16,2014,,19.0,,,0,0,N,0.0,0.0,0.0,,,,,,,,36.02551,-86.71302,False,Crashes_2010_2019_MPO
101236593,2016-06-01,2016,,94.0,,,0,0,N,0.0,0.0,0.0,,,,,,,,35.96428,-86.78667,True,Crashes_2010_2019_MPO
100823018,2015-04-24,2015,,94.0,,,0,0,N,0.0,0.0,0.0,,,,,,,,35.92335,-86.87175,False,Crashes_2010_2019_MPO
101737692,2017-08-21,2017,,19.0,,,0,0,N,0.0,0.0,0.0,,,,,,,,36.03778,-86.79543,False,Crashes_2010_2019_MPO
101850335,2017-12-06,2017,,19.0,,,0,0,N,0.0,0.0,0.0,,,,,,,,36.04117,-86.77652,False,Crashes_2010_2019_MPO
100993977,2015-10-22,2015,,94.0,,,0,0,N,0.0,0.0,0.0,,,,,,,,35.92542,-86.86849,False,Crashes_2010_2019_MPO
100362096,2013-08-02,2013,,94.0,,,0,0,N,0.0,0.0,0.0,,,,,,,,35.94455,-86.82075,False,Crashes_2010_2019_MPO
100373073,2013-08-30,2013,,94.0,,,0,0,N,0.0,0.0,0.0,,,,,,,,35.94622,-86.80876,False,Crashes_2010_2019_MPO
102192468,2018-10-27,2018,,94.0,,,0,0,Y,0.0,0.0,1.0,,,,,,,,35.97998,-86.72509,True,Crashes_2010_2019_MPO
100909377,2015-07-20,2015,,19.0,,,0,0,N,0.0,0.0,0.0,,,,,,,,36.04598,-86.71323,False,Crashes_2010_2019_MPO
100856815,2015-06-07,2015,,94.0,,,0,0,N,0.0,0.0,0.0,,,,,,,,35.93546,-86.82377,False,Crashes_2010_2019_MPO
100836217,2015-05-18,2015,,19.0,,,0,0,N,0.0,0.0,0.0,,,,,,,,36.04577,-86.72522,False,Crashes_2010_2019_MPO
102122368,2018-08-25,2018,,19.0,,,0,0,N,0.0,0.0,0.0,,,,,,,,36.04697,-86.68012,False,Crashes_2010_2019_MPO
102162876,2018-09-30,2018,,19.0,,,0,0,N,0.0,0.0,0.0,,,,,,,,36.04028,-86.76837,False,Crashes_2010_2019_MPO
102125997,2018-08-29,2018,,19.0,,,0,0,N,0.0,0.0,0.0,,,,,,,,36.0327,-86.71283,False,Crashes_2010_2019_MPO
100917334,2015-08-04,2015,,94.0,,,0,0,N,0.0,0.0,0.0,,,,,,,,35.95147,-86.81827,False,Crashes_2010_2019_MPO
100274867,2013-01-03,2013,,94.0,,,0,0,N,0.0,0.0,0.0,,,,,,,,35.99708,-86.79715,True,Crashes_2010_2019_MPO
102424409,2019-06-20,2019,,19.0,,,0,0,N,0.0,0.0,0.0,,,,,,,,36.01238,-86.70361,False,Crashes_2010_2019_MPO
100909582,2015-07-21,2015,,19.0,,,0,0,N,0.0,0.0,0.0,,,,,,,,36.04023,-86.78073,False,Crashes_2010_2019_MPO
100834044,2015-05-13,2015,,19.0,,,0,0,N,0.0,0.0,0.0,,,,,,,,36.03992,-86.7813,False,Crashes_2010_2019_MPO
102109682,2018-08-14,2018,,19.0,,,0,0,N,0.0,0.0,0.0,,,,,,,,36.03999,-86.78129,False,Crashes_2010_2019_MPO
102434658,2019-07-02,2019,,19.0,,,0,0,N,0.0,0.0,0.0,,,,,,,,36.04675,-86.71343,False,Crashes_2010_2019_MPO
101420170,2016-10-22,2016,,94.0,,,0,0,Y,0.0,0.0,1.0,,,,,,,,35.93562,-86.82387,False,Crashes_2010_2019_MPO
100848229,2015-05-21,2015,,19.0,,,0,0,N,0.0,0.0,0.0,,,,,,,,36.046,-86.85675,False,Crashes_2010_2019_MPO
102014838,2018-05-18,2018,,94.0,,,0,0,N,0.0,0.0,0.0,,,,,,,,35.96721,-86.8135,True,Crashes_2010_2019_MPO
102494791,2019-08-31,2019,,19.0,,,0,0,N,0.0,0.0,0.0,,,,,,,,36.04537,-86.71326,False,Crashes_2010_2019_MPO
100542412,2014-05-23,2014,,94.0,,,0,0,N,0.0,0.0,0.0,,,,,,,,35.96132,-86.81219,False,Crashes_2010_2019_MPO
100031621,2011-01-30,2011,,94.0,,,0,0,N,0.0,0.0,0.0,,,,,,,,35.936653,-86.694564,False,Crashes_2010_2019_MPO
101044991,2015-12-07,2015,,94.0,,,0,0,N,0.0,0.0,0.0,,,,,,,,35.96142,-86.68523,False,Crashes_2010_2019_MPO
100913316,2015-07-18,2015,,19.0,,,0,0,N,0.0,0.0,0.0,,,,,,,,36.04248,-86.71284,False,Crashes_2010_2019_MPO
101863827,2017-12-19,2017,,94.0,,,0,0,N,0.0,0.0,0.0,,,,,,,,36.00037,-86.70261,True,Crashes_2010_2019_MPO
101092847,2016-01-23,2016,,19.0,,,0,0,N,0.0,0.0,0.0,,,,,,,,36.01464,-86.70517,False,Crashes_2010_2019_MPO
102449653,2019-07-17,2019,,19.0,,,0,0,N,0.0,0.0,0.0,,,,,,,,36.02692,-86.68079,False,Crashes_2010_2019_MPO
100701294,2014-12-04,2014,,19.0,,,0,0,N,0.0,0.0,0.0,,,,,,,,36.03751,-86.78652,False,Crashes_2010_2019_MPO
100619674,2014-09-16,2014,,94.0,,,0,0,N,0.0,0.0,0.0,,,,,,,,35.95808,-86.76768,True,Crashes_2010_2019_MPO
100697071,2014-11-26,2014,,19.0,,,0,0,N,0.0,0.0,0.0,,,,,,,,36.04886,-86.71483,False,Crashes_2010_2019_MPO
101462666,2016-11-29,2016,,94.0,,,0,0,N,0.0,0.0,0.0,,,,,,,,35.93497,-86.77647,False,Crashes_2010_2019_MPO
101004183,2015-11-06,2015,,94.0,,,0,0,N,0.0,0.0,0.0,,,,,,,,35.96725,-86.811,True,Crashes_2010_2019_MPO
101918484,2018-02-17,2018,,94.0,,,0,1,N,0.0,1.0,0.0,,,,,,,,36.03175,-86.78961,True,Crashes_2010_2019_MPO
101160589,2016-04-09,2016,,94.0,,,0,0,N,0.0,0.0,0.0,,,,,,,,35.94699,-86.81153,False,Crashes_2010_2019_MPO
102179699,2018-10-16,2018,,19.0,,,0,0,N,0.0,0.0,0.0,,,,,,,,36.0409,-86.67786,False,Crashes_2010_2019_MPO
100883034,2015-07-07,2015,,94.0,,,0,0,N,0.0,0.0,0.0,,,,,,,,35.92431,-86.87081,False,Crashes_2010_2019_MPO
102607381,2019-12-26,2019,,19.0,,,0,0,N,0.0,0.0,0.0,,,,,,,,36.0357,-86.68265,False,Crashes_2010_2019_MPO
102559766,2019-11-06,2019,,94.0,,,0,0,N,0.0,0.0,0.0,,,,,,,,35.96715,-86.8141,True,Crashes_2010_2019_MPO
102068682,2018-06-07,2018,,94.0,,,0,0,N,0.0,0.0,0.0,,,,,,,,35.9613,-86.80955,False,Crashes_2010_2019_MPO
102364682,2019-04-18,2019,,94.0,,,0,0,N,0.0,0.0,0.0,,,,,,,,35.92898,-86.86508,False,Crashes_2010_2019_MPO
100802024,2015-04-03,2015,,94.0,,,0,1,N,0.0,1.0,0.0,,,,,,,,36.034275,-86.809883,True,Crashes_2010_2019_MPO
101316100,2016-07-29,2016,,19.0,,,0,0,N,0.0,0.0,0.0,,,,,,,,36.04284,-86.84097,False,Crashes_2010_2019_MPO
100872375,2015-06-17,2015,,19.0,,,0,0,N,0.0,0.0,0.0,,,,,,,,36.04025,-86.81639,False,Crashes_2010_2019_MPO
101758573,2017-09-12,2017,,19.0,,,0,0,N,0.0,0.0,0.0,,,,,,,,36.04026,-86.8164,False,Crashes_2010_2019_MPO
101729210,2017-08-11,2017,,94.0,,,0,0,N,0.0,0.0,0.0,,,,,,,,35.94612,-86.82346,False,Crashes_2010_2019_MPO
100697264,2014-11-26,2014,,94.0,,,0,0,N,0.0,0.0,0.0,,,,,,,,35.96494,-86.80106,True,Crashes_2010_2019_MPO
100803736,2015-04-06,2015,,94.0,,,0,0,N,0.0,0.0,0.0,,,,,,,,36.00974,-86.84583,True,Crashes_2010_2019_MPO
101067927,2015-12-28,2015,,94.0,,,0,0,N,0.0,0.0,0.0,,,,,,,,35.92373,-86.79452,False,Crashes_2010_2019_MPO
101008546,2015-11-12,2015,,94.0,,,0,0,N,0.0,0.0,0.0,,,,,,,,35.93442,-86.878,False,Crashes_2010_2019_MPO
101093914,2016-01-26,2016,,94.0,,,0,0,N,0.0,0.0,0.0,,,,,,,,35.99246,-86.7985,True,Crashes_2010_2019_MPO
102594496,2019-12-11,2019,,19.0,,,0,0,N,0.0,0.0,0.0,,,,,,,,36.03759,-86.79262,False,Crashes_2010_2019_MPO
102174284,2018-10-11,2018,,19.0,,,0,0,N,0.0,0.0,0.0,,,,,,,,36.04183,-86.7151,False,Crashes_2010_2019_MPO
100920086,2015-08-08,2015,,19.0,,,0,0,N,0.0,0.0,0.0,,,,,,,,36.03942,-86.78209,False,Crashes_2010_2019_MPO
101041661,2015-11-26,2015,,94.0,,,0,0,N,0.0,0.0,0.0,,,,,,,,35.95299,-86.72281,False,Crashes_2010_2019_MPO
101003449,2015-11-05,2015,,19.0,,,0,0,N,0.0,0.0,0.0,,,,,,,,36.04025,-86.76815,False,Crashes_2010_2019_MPO
101121207,2016-02-23,2016,,94.0,,,0,0,N,0.0,0.0,0.0,,,,,,,,35.96753,-86.80828,True,Crashes_2010_2019_MPO
101421926,2016-10-24,2016,,94.0,,,0,0,N,0.0,0.0,0.0,,,,,,,,36.03398,-86.78836,True,Crashes_2010_2019_MPO
101091759,2016-01-21,2016,,19.0,,,0,0,N,0.0,0.0,0.0,,,,,,,,36.04965,-86.87128,False,Crashes_2010_2019_MPO
101329876,2016-08-16,2016,,19.0,,,0,0,N,0.0,0.0,0.0,,,,,,,,36.05412,-86.77593,False,Crashes_2010_2019_MPO
102013782,2018-05-17,2018,,19.0,,,0,0,N,0.0,0.0,0.0,,,,,,,,36.03277,-86.77103,False,Crashes_2010_2019_MPO
101602891,2017-04-04,2017,,19.0,,,0,0,N,0.0,0.0,0.0,,,,,,,,36.02855,-86.71259,False,Crashes_2010_2019_MPO
101323868,2016-08-09,2016,,19.0,,,0,0,N,0.0,0.0,0.0,,,,,,,,36.0369,-86.72343,False,Crashes_2010_2019_MPO
100300082,2013-03-05,2013,,94.0,,,0,0,N,0.0,0.0,0.0,,,,,,,,35.96708,-86.81356,True,Crashes_2010_2019_MPO
101048893,2015-12-11,2015,,94.0,,,0,0,N,0.0,0.0,0.0,,,,,,,,35.92322,-86.84319,False,Crashes_2010_2019_MPO
101815652,2017-11-05,2017,,94.0,,,0,0,N,0.0,0.0,0.0,,,,,,,,35.94699,-86.81153,False,Crashes_2010_2019_MPO
102285244,2019-01-23,2019,,94.0,,,0,0,N,0.0,0.0,0.0,,,,,,,,35.97041,-86.81832,True,Crashes_2010_2019_MPO
102047346,2018-06-18,2018,,94.0,,,0,0,N,0.0,0.0,0.0,,,,,,,,35.95827,-86.73889,True,Crashes_2010_2019_MPO
102477319,2019-08-14,2019,,19.0,,,0,0,N,0.0,0.0,0.0,,,,,,,,36.03047,-86.74398,False,Crashes_2010_2019_MPO
102264959,2019-01-03,2019,,94.0,,,0,0,N,0.0,0.0,0.0,,,,,,,,36.00818,-86.78701,True,Crashes_2010_2019_MPO
101238782,2016-06-04,2016,,19.0,,,0,0,N,0.0,0.0,0.0,,,,,,,,36.02263,-86.68056,False,Crashes_2010_2019_MPO
101829829,2017-11-18,2017,,19.0,,,0,0,N,0.0,0.0,0.0,,,,,,,,36.04001,-86.74347,False,Crashes_2010_2019_MPO
100298499,2013-03-01,2013,,94.0,,,0,0,N,0.0,0.0,0.0,,,,,,,,35.94777,-86.86012,False,Crashes_2010_2019_MPO
101988285,2018-04-24,2018,,94.0,,,0,0,N,0.0,0.0,0.0,,,,,,,,35.93219,-86.79405,False,Crashes_2010_2019_MPO
100756430,2015-03-04,2015,,94.0,,,0,0,N,0.0,0.0,0.0,,,,,,,,36.03725,-86.79882,True,Crashes_2010_2019_MPO
100346883,2013-06-26,2013,,94.0,,,0,0,N,0.0,0.0,0.0,,,,,,,,35.92999,-86.84178,False,Crashes_2010_2019_MPO
100359046,2013-07-26,2013,,94.0,,,0,0,N,0.0,0.0,0.0,,,,,,,,35.92303,-86.81661,False,Crashes_2010_2019_MPO
102156856,2018-09-25,2018,,94.0,,,0,0,N,0.0,0.0,0.0,,,,,,,,35.997971,-86.798643,True,Crashes_2010_2019_MPO
102277209,2019-01-14,2019,,94.0,,,0,0,N,0.0,0.0,0.0,,,,,,,,35.99781,-86.79886,True,Crashes_2010_2019_MPO
100728711,2015-01-28,2015,,94.0,,,0,0,N,0.0,0.0,0.0,,,,,,,,35.93283,-86.8774,False,Crashes_2010_2019_MPO
102342311,2019-03-27,2019,,19.0,,,0,0,N,0.0,0.0,0.0,,,,,,,,36.02718,-86.68049,False,Crashes_2010_2019_MPO
101008851,2015-11-10,2015,,94.0,,,0,0,N,0.0,0.0,0.0,,,,,,,,35.92633,-86.7287,False,Crashes_2010_2019_MPO
102039532,2018-06-10,2018,,19.0,,,0,0,N,0.0,0.0,0.0,,,,,,,,36.0446,-86.71317,False,Crashes_2010_2019_MPO
101984419,2018-04-20,2018,,94.0,,,0,0,N,0.0,0.0,0.0,,,,,,,,35.99734,-86.79486,True,Crashes_2010_2019_MPO
102567023,2019-11-13,2019,,94.0,,,0,0,N,0.0,0.0,0.0,,,,,,,,36.03333,-86.7777,True,Crashes_2010_2019_MPO
101075728,2016-01-11,2016,,94.0,,,0,0,N,0.0,0.0,0.0,,,,,,,,35.99759,-86.79687,True,Crashes_2010_2019_MPO
101917901,2018-02-16,2018,,94.0,,,0,0,N,0.0,0.0,0.0,,,,,,,,35.94195,-86.82295,False,Crashes_2010_2019_MPO
100797383,2015-03-25,2015,,94.0,,,0,0,N,0.0,0.0,0.0,,,,,,,,35.94613,-86.82347,False,Crashes_2010_2019_MPO
100734026,2015-02-07,2015,,94.0,,,0,0,N,0.0,0.0,0.0,,,,,,,,36.00245,-86.83728,False,Crashes_2010_2019_MPO
100399174,2013-11-01,2013,,94.0,,,0,0,N,0.0,0.0,0.0,,,,,,,,35.99145,-86.77837,True,Crashes_2010_2019_MPO
102465964,2019-08-02,2019,,94.0,,,0,0,N,0.0,0.0,0.0,,,,,,,,35.95004,-86.84915,False,Crashes_2010_2019_MPO
101470462,2016-12-07,2016,,19.0,,,0,0,N,0.0,0.0,0.0,,,,,,,,36.04402,-86.69345,False,Crashes_2010_2019_MPO
100875127,2015-06-23,2015,,19.0,,,0,0,N,0.0,0.0,0.0,,,,,,,,36.03988,-86.741,False,Crashes_2010_2019_MPO
100721137,2015-01-12,2015,,19.0,,,0,0,N,0.0,0.0,0.0,,,,,,,,36.03442,-86.74355,False,Crashes_2010_2019_MPO
102493001,2019-08-30,2019,,19.0,,,0,0,N,0.0,0.0,0.0,,,,,,,,36.01547,-86.70545,False,Crashes_2010_2019_MPO
100620052,2014-09-15,2014,,94.0,,,0,0,N,0.0,0.0,0.0,,,,,,,,35.92677,-86.82479,False,Crashes_2010_2019_MPO
100754416,2015-02-28,2015,,94.0,,,0,0,N,0.0,0.0,0.0,,,,,,,,35.96235,-86.81522,False,Crashes_2010_2019_MPO
102326111,2019-03-10,2019,,19.0,,,0,0,N,0.0,0.0,0.0,,,,,,,,36.05411,-86.77513,False,Crashes_2010_2019_MPO
102498037,2019-08-28,2019,,94.0,,,0,0,Y,0.0,0.0,1.0,,,,,,,,35.96225,-86.80922,False,Crashes_2010_2019_MPO
101134150,2016-03-14,2016,,19.0,,,0,0,N,0.0,0.0,0.0,,,,,,,,36.0417,-86.74862,False,Crashes_2010_2019_MPO
102291534,2019-01-29,2019,,94.0,,,0,0,N,0.0,0.0,0.0,,,,,,,,35.94979,-86.75796,True,Crashes_2010_2019_MPO
102231516,2018-11-30,2018,,94.0,,,0,0,N,0.0,0.0,0.0,,,,,,,,35.99922,-86.80923,True,Crashes_2010_2019_MPO
100162589,2012-03-27,2012,,94.0,,,0,0,N,0.0,0.0,0.0,,,,,,,,36.03336,-86.78872,True,Crashes_2010_2019_MPO
102542276,2019-10-19,2019,,19.0,,,0,0,N,0.0,0.0,0.0,,,,,,,,36.05398,-86.72528,False,Crashes_2010_2019_MPO
102155063,2018-09-22,2018,,94.0,,,0,0,N,0.0,0.0,0.0,,,,,,,,35.96015,-86.8074,False,Crashes_2010_2019_MPO
100352431,2013-07-09,2013,,94.0,,,0,0,N,0.0,0.0,0.0,,,,,,,,35.96175,-86.80191,True,Crashes_2010_2019_MPO
102318381,2019-03-01,2019,,94.0,,,0,0,N,0.0,0.0,0.0,,,,,,,,35.96458,-86.81449,False,Crashes_2010_2019_MPO
101195066,2016-05-15,2016,,94.0,,,0,0,N,0.0,0.0,0.0,,,,,,,,35.94713,-86.82163,False,Crashes_2010_2019_MPO
102231319,2018-12-01,2018,,94.0,,,0,0,N,0.0,0.0,0.0,,,,,,,,36.01546,-86.74056,False,Crashes_2010_2019_MPO
102371867,2019-04-25,2019,,94.0,,,0,0,N,0.0,0.0,0.0,,,,,,,,35.92595,-86.82454,False,Crashes_2010_2019_MPO
100306090,2013-03-21,2013,,94.0,,,0,0,N,0.0,0.0,0.0,,,,,,,,35.96922,-86.80708,True,Crashes_2010_2019_MPO
100819218,2015-04-16,2015,,19.0,,,0,0,N,0.0,0.0,0.0,,,,,,,,36.04541,-86.70302,False,Crashes_2010_2019_MPO
101324171,2016-08-08,2016,,94.0,,,0,0,N,0.0,0.0,0.0,,,,,,,,35.98325,-86.80167,True,Crashes_2010_2019_MPO
101586754,2017-03-18,2017,,94.0,,,0,0,N,0.0,0.0,0.0,,,,,,,,35.96518,-86.80029,True,Crashes_2010_2019_MPO
101106184,2016-02-15,2016,,94.0,,,0,0,N,0.0,0.0,0.0,,,,,,,,35.95544,-86.81725,False,Crashes_2010_2019_MPO
101151526,2016-03-26,2016,,94.0,,,0,0,N,0.0,0.0,0.0,,,,,,,,35.94167,-86.81636,False,Crashes_2010_2019_MPO
101124567,2016-02-28,2016,,94.0,,,0,0,N,0.0,0.0,0.0,,,,,,,,36.0307,-86.7838,True,Crashes_2010_2019_MPO
102002563,2018-05-07,2018,,94.0,,,0,0,N,0.0,0.0,0.0,,,,,,,,35.96198,-86.81518,False,Crashes_2010_2019_MPO
101711344,2017-07-24,2017,,94.0,,,0,0,N,0.0,0.0,0.0,,,,,,,,35.98439,-86.72434,True,Crashes_2010_2019_MPO
100919991,2015-08-08,2015,,94.0,,,0,0,N,0.0,0.0,0.0,,,,,,,,35.96708,-86.81356,True,Crashes_2010_2019_MPO
100435994,2014-01-28,2014,,94.0,,,0,0,N,0.0,0.0,0.0,,,,,,,,35.9315,-86.86055,False,Crashes_2010_2019_MPO
101401700,2016-10-12,2016,,94.0,,,0,0,N,0.0,0.0,0.0,,,,,,,,35.92356,-86.80861,False,Crashes_2010_2019_MPO
101419618,2016-10-21,2016,,19.0,,,0,0,N,0.0,0.0,0.0,,,,,,,,36.03739,-86.79013,False,Crashes_2010_2019_MPO
100806351,2015-04-11,2015,,94.0,,,0,0,N,0.0,0.0,0.0,,,,,,,,36.01386,-86.71836,False,Crashes_2010_2019_MPO
101001891,2015-11-02,2015,,19.0,,,0,0,N,0.0,0.0,0.0,,,,,,,,36.04489,-86.86476,True,Crashes_2010_2019_MPO
102230648,2018-11-30,2018,,19.0,,,0,0,N,0.0,0.0,0.0,,,,,,,,36.03703,-86.78666,False,Crashes_2010_2019_MPO
100922614,2015-08-13,2015,,19.0,,,0,0,N,0.0,0.0,0.0,,,,,,,,36.03978,-86.76374,False,Crashes_2010_2019_MPO
101125041,2016-02-29,2016,,94.0,,,0,0,N,0.0,0.0,0.0,,,,,,,,35.93191,-86.79441,False,Crashes_2010_2019_MPO
101680529,2017-06-22,2017,,19.0,,,0,0,N,0.0,0.0,0.0,,,,,,,,36.03773,-86.78477,False,Crashes_2010_2019_MPO
101652594,2017-05-23,2017,,94.0,,,0,0,N,0.0,0.0,0.0,,,,,,,,36.03248,-86.78335,True,Crashes_2010_2019_MPO
100874156,2015-06-19,2015,,19.0,,,0,0,N,0.0,0.0,0.0,,,,,,,,36.04543,-86.71308,False,Crashes_2010_2019_MPO
100836228,2015-05-18,2015,,19.0,,,0,0,N,0.0,0.0,0.0,,,,,,,,36.04053,-86.81638,False,Crashes_2010_2019_MPO
101936659,2018-03-07,2018,,94.0,,,0,0,N,0.0,0.0,0.0,,,,,,,,35.96725,-86.81425,True,Crashes_2010_2019_MPO
101942615,2018-03-13,2018,,19.0,,,0,0,N,0.0,0.0,0.0,,,,,,,,36.04537,-86.71326,False,Crashes_2010_2019_MPO
101569622,2017-02-24,2017,,94.0,,,0,0,N,0.0,0.0,0.0,,,,,,,,35.92433,-86.82215,False,Crashes_2010_2019_MPO
100455026,2014-02-20,2014,,94.0,,,0,0,N,0.0,0.0,0.0,,,,,,,,35.97242,-86.83388,False,Crashes_2010_2019_MPO
101804046,2017-10-26,2017,,94.0,,,0,0,N,0.0,0.0,0.0,,,,,,,,35.94891,-86.8136,False,Crashes_2010_2019_MPO
102153554,2018-09-22,2018,,19.0,,,0,0,N,0.0,0.0,0.0,,,,,,,,36.03268,-86.77007,False,Crashes_2010_2019_MPO
102291368,2019-01-29,2019,,19.0,,,0,0,N,0.0,0.0,0.0,,,,,,,,36.03707,-86.78592,False,Crashes_2010_2019_MPO
102408031,2019-06-02,2019,,19.0,,,0,0,N,0.0,0.0,0.0,,,,,,,,36.05245,-86.71465,False,Crashes_2010_2019_MPO
101870363,2017-12-27,2017,,19.0,,,0,0,N,0.0,0.0,0.0,,,,,,,,36.04537,-86.71326,False,Crashes_2010_2019_MPO
101353606,2016-09-04,2016,,94.0,,,0,0,N,0.0,0.0,0.0,,,,,,,,35.97716,-86.67813,False,Crashes_2010_2019_MPO
100181635,2012-05-17,2012,,94.0,,,0,0,Y,0.0,0.0,1.0,,,,,,,,36.00417,-86.79083,True,Crashes_2010_2019_MPO
100243893,2012-10-26,2012,,94.0,,,0,0,N,0.0,0.0,0.0,,,,,,,,35.92374,-86.76681,False,Crashes_2010_2019_MPO
101631008,2017-05-01,2017,,19.0,,,0,0,N,0.0,0.0,0.0,,,,,,,,36.03968,-86.76182,False,Crashes_2010_2019_MPO
101913699,2018-02-11,2018,,94.0,,,0,0,N,0.0,0.0,0.0,,,,,,,,35.97039,-86.77379,True,Crashes_2010_2019_MPO
102375653,2019-04-29,2019,,19.0,,,0,0,N,0.0,0.0,0.0,,,,,,,,36.0381,-86.78639,False,Crashes_2010_2019_MPO
102524602,2019-09-29,2019,,19.0,,,0,0,N,0.0,0.0,0.0,,,,,,,,35.99945,-86.69343,False,Crashes_2010_2019_MPO
101162978,2016-04-12,2016,,19.0,,,0,0,N,0.0,0.0,0.0,,,,,,,,36.05063,-86.87804,False,Crashes_2010_2019_MPO
100363144,2013-08-02,2013,,94.0,,,0,0,N,0.0,0.0,0.0,,,,,,,,35.95271,-86.8214,False,Crashes_2010_2019_MPO
100482173,2014-04-03,2014,,94.0,,,0,0,N,0.0,0.0,0.0,,,,,,,,35.94638,-86.8087,False,Crashes_2010_2019_MPO
100217874,2012-08-23,2012,,94.0,,,0,0,N,0.0,0.0,0.0,,,,,,,,36.01234,-86.80117,True,Crashes_2010_2019_MPO
100907775,2015-07-17,2015,,19.0,,,0,0,N,0.0,0.0,0.0,,,,,,,,36.03946,-86.76839,False,Crashes_2010_2019_MPO
101533138,2017-01-24,2017,,94.0,,,0,0,N,0.0,0.0,0.0,,,,,,,,36.03381,-86.78847,True,Crashes_2010_2019_MPO
101793636,2017-10-16,2017,,19.0,,,0,0,N,0.0,0.0,0.0,,,,,,,,36.04696,-86.71345,False,Crashes_2010_2019_MPO
100618244,2014-09-12,2014,,94.0,,,0,0,N,0.0,0.0,0.0,,,,,,,,35.962,-86.81517,False,Crashes_2010_2019_MPO
102523979,2019-09-28,2019,,94.0,,,0,0,N,0.0,0.0,0.0,,,,,,,,35.92964,-86.71637,False,Crashes_2010_2019_MPO