mstrrecnbr,collision_ts,year,county,countystat,crash,crash_type,fatalities,non_motorists,commercial,fatal_c,nonmotor_c,truck_c,fatalc,serious_injuries,ped,bike,lighting,weather,first_harmful_event,latitude,longitude,in_city,src_layer
101567729,2017-02-27,2017,,19.0,,,0,0,N,0.0,0.0,0.0,,,,,,,,36.03663,-86.78684,False,Crashes_2010_2019_MPO
100225771,2012-09-11,2012,,19.0,,,0,0,N,0.0,0.0,0.0,,,,,,,,36.036201,-86.802147,True,Crashes_2010_2019_MPO
102593440,2019-12-10,2019,,19.0,,,0,0,N,0.0,0.0,0.0,,,,,,,,36.0453,-86.70168,False,Crashes_2010_2019_MPO
102271793,2019-01-09,2019,,94.0,,,0,0,N,0.0,0.0,0.0,,,,,,,,36.0317,-86.81763,True,Crashes_2010_2019_MPO
100286664,2013-01-31,2013,,94.0,,,0,0,N,0.0,0.0,0.0,,,,,,,,35.92396,-86.87935,False,Crashes_2010_2019_MPO
102349158,2019-04-03,2019,,94.0,,,0,0,N,0.0,0.0,0.0,,,,,,,,35.96518,-86.80029,True,Crashes_2010_2019_MPO
100697616,2014-11-27,2014,,94.0,,,0,0,N,0.0,0.0,0.0,,,,,,,,35.98705,-86.80769,True,Crashes_2010_2019_MPO
100411940,2013-11-27,2013,,94.0,,,0,0,N,0.0,0.0,0.0,,,,,,,,35.9912,-86.68349,False,Crashes_2010_2019_MPO
100850714,2015-05-26,2015,,94.0,,,0,0,N,0.0,0.0,0.0,,,,,,,,36.03321,-86.78193,True,Crashes_2010_2019_MPO
100185152,2012-05-18,2012,,94.0,,,0,0,N,0.0,0.0,0.0,,,,,,,,35.96174,-86.80177,True,Crashes_2010_2019_MPO
101346139,2016-08-25,2016,,94.0,,,0,0,N,0.0,0.0,0.0,,,,,,,,35.96004,-86.81085,False,Crashes_2010_2019_MPO
100948219,2015-09-10,2015,,19.0,,,0,0,N,0.0,0.0,0.0,,,,,,,,36.03799,-86.78427,False,Crashes_2010_2019_MPO
100705380,2014-12-11,2014,,19.0,,,0,0,N,0.0,0.0,0.0,,,,,,,,36.0456,-86.70594,False,Crashes_2010_2019_MPO
100943813,2015-09-02,2015,,94.0,,,0,0,N,0.0,0.0,0.0,,,,,,,,35.98602,-86.68006,False,Crashes_2010_2019_MPO
100546683,2014-06-03,2014,,94.0,,,0,0,N,0.0,0.0,0.0,,,,,,,,36.02827,-86.78459,True,Crashes_2010_2019_MPO
102606367,2019-12-23,2019,,94.0,,,0,0,N,0.0,0.0,0.0,,,,,,,,35.96246,-86.80152,True,Crashes_2010_2019_MPO
102573192,2019-11-19,2019,,19.0,,,0,0,N,0.0,0.0,0.0,,,,,,,,36.04053,-86.77051,False,Crashes_2010_2019_MPO
100262116,2012-12-05,2012,,94.0,,,1,0,N,1.0,0.0,0.0,,,,,,,,35.938759,-86.879219,False,Crashes_2010_2019_MPO
100738836,2015-02-17,2015,,19.0,,,0,0,N,0.0,0.0,0.0,,,,,,,,36.05261,-86.68518,False,Crashes_2010_2019_MPO
100228945,2012-09-18,2012,,94.0,,,0,0,N,0.0,0.0,0.0,,,,,,,,35.965401,-86.797882,True,Crashes_2010_2019_MPO
102097928,2018-08-03,2018,,19.0,,,0,0,N,0.0,0.0,0.0,,,,,,,,36.04026,-86.8164,False,Crashes_2010_2019_MPO
102106481,2018-08-11,2018,,19.0,,,0,0,N,0.0,0.0,0.0,,,,,,,,36.0375,-86.78584,False,Crashes_2010_2019_MPO
100353659,2013-07-12,2013,,94.0,,,0,0,N,0.0,0.0,0.0,,,,,,,,35.96672,-86.8113,True,Crashes_2010_2019_MPO
100331758,2013-05-21,2013,,94.0,,,0,0,N,0.0,0.0,0.0,,,,,,,,35.98431,-86.72412,True,Crashes_2010_2019_MPO
101034875,2015-11-23,2015,,19.0,,,0,0,N,0.0,0.0,0.0,,,,,,,,36.0374,-86.78657,False,Crashes_2010_2019_MPO
101403920,2016-10-14,2016,,19.0,,,0,0,N,0.0,0.0,0.0,,,,,,,,36.04135,-86.77972,False,Crashes_2010_2019_MPO
100383040,2013-09-24,2013,,94.0,,,0,0,N,0.0,0.0,0.0,,,,,,,,35.95768,-86.76765,True,Crashes_2010_2019_MPO
100409008,2013-11-21,2013,,94.0,,,0,0,N,0.0,0.0,0.0,,,,,,,,35.93598,-86.85988,False,Crashes_2010_2019_MPO
100320553,2013-04-23,2013,,94.0,,,0,0,N,0.0,0.0,0.0,,,,,,,,35.9346,-86.82388,False,Crashes_2010_2019_MPO
102188243,2018-10-24,2018,,94.0,,,0,0,N,0.0,0.0,0.0,,,,,,,,35.99677,-86.79099,True,Crashes_2010_2019_MPO
101366156,2016-09-21,2016,,19.0,,,0,0,N,0.0,0.0,0.0,,,,,,,,36.04528,-86.70138,False,Crashes_2010_2019_MPO
101998381,2018-05-03,2018,,94.0,,,0,0,N,0.0,0.0,0.0,,,,,,,,35.96953,-86.818,True,Crashes_2010_2019_MPO
101285499,2016-07-14,2016,,94.0,,,0,0,N,0.0,0.0,0.0,,,,,,,,36.01378,-86.73829,False,Crashes_2010_2019_MPO
100662538,2014-10-31,2014,,94.0,,,0,0,N,0.0,0.0,0.0,,,,,,,,35.96651,-86.80979,True,Crashes_2010_2019_MPO
102096419,2018-08-03,2018,,19.0,,,0,0,N,0.0,0.0,0.0,,,,,,,,36.05354,-86.77516,False,Crashes_2010_2019_MPO
101067647,2015-12-27,2015,,19.0,,,0,0,N,0.0,0.0,0.0,,,,,,,,36.04537,-86.71326,False,Crashes_2010_2019_MPO
102388782,2019-05-14,2019,,94.0,,,0,0,N,0.0,0.0,0.0,,,,,,,,36.01902,-86.82081,True,Crashes_2010_2019_MPO
101061594,2015-12-17,2015,,19.0,,,0,0,N,0.0,0.0,0.0,,,,,,,,36.00952,-86.70168,False,Crashes_2010_2019_MPO
101194168,2016-05-13,2016,,94.0,,,0,0,N,0.0,0.0,0.0,,,,,,,,35.94675,-86.85145,False,Crashes_2010_2019_MPO
102254409,2018-12-21,2018,,94.0,,,0,0,N,0.0,0.0,0.0,,,,,,,,35.92383,-86.76681,False,Crashes_2010_2019_MPO
101464613,2016-12-01,2016,,94.0,,,0,0,N,0.0,0.0,0.0,,,,,,,,35.94587,-86.82588,False,Crashes_2010_2019_MPO
102095799,2018-08-01,2018,,94.0,,,0,0,N,0.0,0.0,0.0,,,,,,,,35.92517,-86.86918,False,Crashes_2010_2019_MPO
100500213,2014-04-24,2014,,94.0,,,0,0,N,0.0,0.0,0.0,,,,,,,,36.036827,-86.81492,True,Crashes_2010_2019_MPO
102142642,2018-09-12,2018,,94.0,,,0,0,N,0.0,0.0,0.0,,,,,,,,35.97882,-86.77688,True,Crashes_2010_2019_MPO
101672433,2017-06-13,2017,,94.0,,,0,0,N,0.0,0.0,0.0,,,,,,,,36.033115,-86.782776,True,Crashes_2010_2019_MPO
102610728,2019-12-29,2019,,19.0,,,0,0,N,0.0,0.0,0.0,,,,,,,,35.99687,-86.68989,False,Crashes_2010_2019_MPO
100860081,2015-06-12,2015,,94.0,,,0,0,N,0.0,0.0,0.0,,,,,,,,35.96689,-86.81126,True,Crashes_2010_2019_MPO
100136966,2012-01-12,2012,,19.0,,,0,0,Y,0.0,0.0,1.0,,,,,,,,36.03738,-86.791,False,Crashes_2010_2019_MPO
100714805,2014-12-29,2014,,94.0,,,0,0,N,0.0,0.0,0.0,,,,,,,,36.03474,-86.78792,True,Crashes_2010_2019_MPO
101815809,2017-11-05,2017,,19.0,,,0,0,N,0.0,0.0,0.0,,,,,,,,36.0413,-86.74379,False,Crashes_2010_2019_MPO
102017003,2018-05-20,2018,,94.0,,,0,0,N,0.0,0.0,0.0,,,,,,,,35.9956,-86.77984,True,Crashes_2010_2019_MPO
100696639,2014-11-25,2014,,94.0,,,0,0,N,0.0,0.0,0.0,,,,,,,,35.94658,-86.80958,False,Crashes_2010_2019_MPO
100438843,2014-02-04,2014,,94.0,,,0,0,N,0.0,0.0,0.0,,,,,,,,35.99635,-86.79715,True,Crashes_2010_2019_MPO
101105066,2016-02-13,2016,,94.0,,,0,0,N,0.0,0.0,0.0,,,,,,,,35.97081,-86.80623,True,Crashes_2010_2019_MPO
101698285,2017-07-10,2017,,94.0,,,0,0,N,0.0,0.0,0.0,,,,,,,,35.99781,-86.79886,True,Crashes_2010_2019_MPO
101833531,2017-11-21,2017,,19.0,,,0,0,N,0.0,0.0,0.0,,,,,,,,36.04562,-86.70643,False,Crashes_2010_2019_MPO
101828683,2017-11-07,2017,,94.0,,,0,0,N,0.0,0.0,0.0,,,,,,,,35.96719,-86.81351,True,Crashes_2010_2019_MPO
101151945,2016-03-27,2016,,94.0,,,0,0,N,0.0,0.0,0.0,,,,,,,,35.98464,-86.72552,True,Crashes_2010_2019_MPO
101801480,2017-10-23,2017,,19.0,,,0,0,N,0.0,0.0,0.0,,,,,,,,36.02551,-86.71208,False,Crashes_2010_2019_MPO
102573267,2019-11-19,2019,,94.0,,,0,0,N,0.0,0.0,0.0,,,,,,,,36.03322,-86.78527,True,Crashes_2010_2019_MPO
100708443,2014-12-17,2014,,94.0,,,0,0,N,0.0,0.0,0.0,,,,,,,,35.95692,-86.80327,False,Crashes_2010_2019_MPO
101613273,2017-04-12,2017,,94.0,,,0,0,N,0.0,0.0,0.0,,,,,,,,35.92361,-86.767,False,Crashes_2010_2019_MPO
101874828,2018-01-01,2018,,94.0,,,0,0,N,0.0,0.0,0.0,,,,,,,,36.03419,-86.78338,True,Crashes_2010_2019_MPO
100657751,2014-10-23,2014,,19.0,,,0,0,N,0.0,0.0,0.0,,,,,,,,36.05007,-86.87302,False,Crashes_2010_2019_MPO
101826309,2017-11-15,2017,,19.0,,,0,0,N,0.0,0.0,0.0,,,,,,,,36.0409,-86.77938,False,Crashes_2010_2019_MPO
100613221,2014-09-01,2014,,94.0,,,0,0,N,0.0,0.0,0.0,,,,,,,,35.94738,-86.82168,False,Crashes_2010_2019_MPO
100373653,2013-08-30,2013,,94.0,,,0,0,N,0.0,0.0,0.0,,,,,,,,35.94662,-86.85133,False,Crashes_2010_2019_MPO
102400193,2019-05-25,2019,,94.0,,,0,0,N,0.0,0.0,0.0,,,,,,,,35.95571,-86.81406,False,Crashes_2010_2019_MPO
101073321,2016-01-07,2016,,19.0,,,0,0,N,0.0,0.0,0.0,,,,,,,,36.05149,-86.71444,False,Crashes_2010_2019_MPO
101186790,2016-05-03,2016,,19.0,,,0,0,N,0.0,0.0,0.0,,,,,,,,36.04526,-86.71704,False,Crashes_2010_2019_MPO
102162228,2018-09-29,2018,,94.0,,,0,0,N,0.0,0.0,0.0,,,,,,,,35.92925,-86.81997,False,Crashes_2010_2019_MPO
100855957,2015-06-05,2015,,94.0,,,0,0,N,0.0,0.0,0.0,,,,,,,,35.96174,-86.80177,True,Crashes_2010_2019_MPO
101178797,2016-04-21,2016,,19.0,,,0,0,N,0.0,0.0,0.0,,,,,,,,36.03784,-86.7961,False,Crashes_2010_2019_MPO
100773596,2015-03-17,2015,,19.0,,,0,0,N,0.0,0.0,0.0,,,,,,,,36.03746,-86.78691,False,Crashes_2010_2019_MPO
100848266,2015-05-21,2015,,94.0,,,0,0,N,0.0,0.0,0.0,,,,,,,,35.9556,-86.81547,False,Crashes_2010_2019_MPO
100696942,2014-11-25,2014,,94.0,,,0,0,N,0.0,0.0,0.0,,,,,,,,35.99477,-86.76993,True,Crashes_2010_2019_MPO
102475672,2019-08-12,2019,,94.0,,,0,0,N,0.0,0.0,0.0,,,,,,,,35.95434,-86.8457,False,Crashes_2010_2019_MPO
102042525,2018-06-14,2018,,19.0,,,0,0,N,0.0,0.0,0.0,,,,,,,,36.03278,-86.77115,False,Crashes_2010_2019_MPO
102482590,2019-08-19,2019,,94.0,,,0,0,N,0.0,0.0,0.0,,,,,,,,35.93045,-86.82001,False,Crashes_2010_2019_MPO
102035241,2018-06-06,2018,,94.0,,,0,0,N,0.0,0.0,0.0,,,,,,,,35.92481,-86.86977,False,Crashes_2010_2019_MPO
102254266,2018-12-21,2018,,94.0,,,0,0,N,0.0,0.0,0.0,,,,,,,,35.99771,-86.79795,True,Crashes_2010_2019_MPO
101065606,2015-12-23,2015,,94.0,,,0,0,N,0.0,0.0,0.0,,,,,,,,35.9584,-86.80299,False,Crashes_2010_2019_MPO
101649248,2017-05-19,2017,,19.0,,,0,0,N,0.0,0.0,0.0,,,,,,,,36.04012,-86.74451,False,Crashes_2010_2019_MPO
102363972,2019-04-17,2019,,19.0,,,0,0,N,0.0,0.0,0.0,,,,,,,,36.0366,-86.74349,False,Crashes_2010_2019_MPO
101184027,2016-04-29,2016,,19.0,,,0,0,N,0.0,0.0,0.0,,,,,,,,36.04209,-86.83528,False,Crashes_2010_2019_MPO
101426630,2016-10-30,2016,,19.0,,,0,0,N,0.0,0.0,0.0,,,,,,,,36.04544,-86.71253,False,Crashes_2010_2019_MPO
100681641,2014-11-16,2014,,19.0,,,0,0,N,0.0,0.0,0.0,,,,,,,,36.04086,-86.78255,False,Crashes_2010_2019_MPO
100683212,2014-11-19,2014,,94.0,,,0,0,N,0.0,0.0,0.0,,,,,,,,36.02233,-86.78689,True,Crashes_2010_2019_MPO
101881803,2018-01-06,2018,,94.0,,,0,0,N,0.0,0.0,0.0,,,,,,,,35.93719,-86.8225,False,Crashes_2010_2019_MPO
100857802,2015-06-09,2015,,94.0,,,0,0,N,0.0,0.0,0.0,,,,,,,,35.97717,-86.82481,True,Crashes_2010_2019_MPO
101072526,2016-01-05,2016,,19.0,,,0,0,N,0.0,0.0,0.0,,,,,,,,36.04526,-86.71704,False,Crashes_2010_2019_MPO
100726326,2015-01-23,2015,,94.0,,,0,0,N,0.0,0.0,0.0,,,,,,,,35.95525,-86.81164,False,Crashes_2010_2019_MPO
101923962,2018-02-23,2018,,19.0,,,0,0,N,0.0,0.0,0.0,,,,,,,,36.04611,-86.8573,False,Crashes_2010_2019_MPO
101452922,2016-11-17,2016,,19.0,,,0,0,N,0.0,0.0,0.0,,,,,,,,36.04119,-86.77674,False,Crashes_2010_2019_MPO
102080959,2018-07-20,2018,,19.0,,,0,0,N,0.0,0.0,0.0,,,,,,,,36.05149,-86.70339,False,Crashes_2010_2019_MPO
100666489,2014-11-07,2014,,19.0,,,0,0,N,0.0,0.0,0.0,,,,,,,,36.03751,-86.78652,False,Crashes_2010_2019_MPO
100270396,2012-12-22,2012,,94.0,,,0,0,N,0.0,0.0,0.0,,,,,,,,35.95077,-86.81845,False,Crashes_2010_2019_MPO
102146428,2018-09-13,2018,,94.0,,,0,0,N,0.0,0.0,0.0,,,,,,,,35.94196,-86.8556,False,Crashes_2010_2019_MPO
102365616,2019-04-19,2019,,94.0,,,0,0,N,0.0,0.0,0.0,,,,,,,,35.95383,-86.81213,False,Crashes_2010_2019_MPO
101717031,2017-07-31,2017,,19.0,,,0,1,N,0.0,1.0,0.0,,,,,,,,36.04521,-86.74394,False,Crashes_2010_2019_MPO
101536424,2017-01-27,2017,,94.0,,,0,0,N,0.0,0.0,0.0,,,,,,,,35.9583,-86.8023,False,Crashes_2010_2019_MPO
101304368,2016-07-27,2016,,19.0,,,0,0,N,0.0,0.0,0.0,,,,,,,,36.03745,-86.78622,False,Crashes_2010_2019_MPO
101645993,2017-05-16,2017,,19.0,,,0,0,N,0.0,0.0,0.0,,,,,,,,36.03744,-86.7863,False,Crashes_2010_2019_MPO
101786490,2017-10-09,2017,,94.0,,,0,0,N,0.0,0.0,0.0,,,,,,,,35.96653,-86.80932,True,Crashes_2010_2019_MPO
100197385,2012-07-02,2012,,94.0,,,0,0,N,0.0,0.0,0.0,,,,,,,,36.03003,-86.79055,True,Crashes_2010_2019_MPO
101707736,2017-07-20,2017,,94.0,,,0,0,N,0.0,0.0,0.0,,,,,,,,35.95824,-86.8111,False,Crashes_2010_2019_MPO
102471988,2019-08-08,2019,,94.0,,,0,0,N,0.0,0.0,0.0,,,,,,,,35.98459,-86.72525,True,Crashes_2010_2019_MPO
101674568,2017-06-16,2017,,94.0,,,0,0,N,0.0,0.0,0.0,,,,,,,,35.96497,-86.80855,False,Crashes_2010_2019_MPO
100920816,2015-08-10,2015,,94.0,,,0,0,N,0.0,0.0,0.0,,,,,,,,35.94792,-86.81941,False,Crashes_2010_2019_MPO
100304475,2013-03-17,2013,,94.0,,,0,0,N,0.0,0.0,0.0,,,,,,,,35.94758,-86.82315,False,Crashes_2010_2019_MPO
100280768,2013-01-17,2013,,94.0,,,0,0,N,0.0,0.0,0.0,,,,,,,,35.96518,-86.80021,True,Crashes_2010_2019_MPO
101120873,2016-02-22,2016,,94.0,,,0,0,N,0.0,0.0,0.0,,,,,,,,36.04489,-86.86476,True,Crashes_2010_2019_MPO
101302646,2016-07-25,2016,,94.0,,,0,0,N,0.0,0.0,0.0,,,,,,,,35.93215,-86.79441,False,Crashes_2010_2019_MPO
101683614,2017-06-26,2017,,19.0,,,0,0,N,0.0,0.0,0.0,,,,,,,,36.04123,-86.7785,False,Crashes_2010_2019_MPO
102102018,2018-08-08,2018,,94.0,,,0,0,N,0.0,0.0,0.0,,,,,,,,35.99742,-86.79549,True,Crashes_2010_2019_MPO
101668821,2017-06-04,2017,,94.0,,,0,0,N,0.0,0.0,0.0,,,,,,,,36.02329,-86.78673,True,Crashes_2010_2019_MPO
102020352,2018-05-24,2018,,94.0,,,0,0,N,0.0,0.0,0.0,,,,,,,,35.9816,-86.75196,True,Crashes_2010_2019_MPO
102335221,2019-03-19,2019,,19.0,,,0,0,N,0.0,0.0,0.0,,,,,,,,36.03889,-86.80989,False,Crashes_2010_2019_MPO
100917501,2015-08-04,2015,,19.0,,,0,0,N,0.0,0.0,0.0,,,,,,,,36.04551,-86.70455,False,Crashes_2010_2019_MPO
102589047,2019-12-04,2019,,19.0,,,0,0,N,0.0,0.0,0.0,,,,,,,,36.03881,-86.73063,False,Crashes_2010_2019_MPO
100998330,2015-10-28,2015,,19.0,,,0,0,N,0.0,0.0,0.0,,,,,,,,36.03765,-86.79345,False,Crashes_2010_2019_MPO
100636664,2014-09-23,2014,,94.0,,,0,0,N,0.0,0.0,0.0,,,,,,,,35.94812,-86.70038,False,Crashes_2010_2019_MPO
101097502,2016-02-01,2016,,94.0,,,0,0,N,0.0,0.0,0.0,,,,,,,,35.95824,-86.80206,False,Crashes_2010_2019_MPO
101849612,2017-12-06,2017,,94.0,,,0,0,N,0.0,0.0,0.0,,,,,,,,35.96488,-86.7931,True,Crashes_2010_2019_MPO
100767248,2015-03-05,2015,,19.0,,,0,0,N,0.0,0.0,0.0,,,,,,,,36.04071,-86.78233,False,Crashes_2010_2019_MPO
101958226,2018-03-28,2018,,19.0,,,0,0,N,0.0,0.0,0.0,,,,,,,,36.03318,-86.71101,False,Crashes_2010_2019_MPO
101243777,2016-06-11,2016,,19.0,,,0,0,N,0.0,0.0,0.0,,,,,,,,36.03522,-86.78691,True,Crashes_2010_2019_MPO
101495809,2017-01-04,2017,,19.0,,,0,0,N,0.0,0.0,0.0,,,,,,,,36.04768,-86.71354,False,Crashes_2010_2019_MPO
101582226,2017-03-13,2017,,94.0,,,0,0,N,0.0,0.0,0.0,,,,,,,,35.99551,-86.77889,True,Crashes_2010_2019_MPO
101065605,2015-12-23,2015,,94.0,,,0,0,N,0.0,0.0,0.0,,,,,,,,35.96523,-86.81302,False,Crashes_2010_2019_MPO
101422761,2016-10-25,2016,,94.0,,,0,0,N,0.0,0.0,0.0,,,,,,,,35.99888,-86.80791,True,Crashes_2010_2019_MPO
102123694,2018-08-26,2018,,94.0,,,0,1,N,0.0,1.0,0.0,,,,,,,,35.93559,-86.83614,False,Crashes_2010_2019_MPO
101160895,2016-04-09,2016,,19.0,,,0,0,N,0.0,0.0,0.0,,,,,,,,36.03289,-86.71286,False,Crashes_2010_2019_MPO
101661545,2017-06-01,2017,,94.0,,,0,0,N,0.0,0.0,0.0,,,,,,,,35.99466,-86.74428,True,Crashes_2010_2019_MPO
101990899,2018-04-27,2018,,94.0,,,0,0,N,0.0,0.0,0.0,,,,,,,,36.03322,-86.78531,True,Crashes_2010_2019_MPO
102507147,2019-09-09,2019,,94.0,,,0,0,N,0.0,0.0,0.0,,,,,,,,36.033846,-86.780033,True,Crashes_2010_2019_MPO
101288856,2016-07-19,2016,,19.0,,,0,0,N,0.0,0.0,0.0,,,,,,,,36.03324,-86.77627,False,Crashes_2010_2019_MPO
101271583,2016-06-23,2016,,94.0,,,0,0,N,0.0,0.0,0.0,,,,,,,,35.96578,-86.82066,True,Crashes_2010_2019_MPO
101135262,2016-03-16,2016,,19.0,,,0,0,N,0.0,0.0,0.0,,,,,,,,36.04012,-86.78074,False,Crashes_2010_2019_MPO
101769351,2017-09-23,2017,,19.0,,,0,0,N,0.0,0.0,0.0,,,,,,,,36.04338,-86.68906,False,Crashes_2010_2019_MPO
101686902,2017-06-29,2017,,94.0,,,0,0,N,0.0,0.0,0.0,,,,,,,,35.9537,-86.7199,False,Crashes_2010_2019_MPO
101781813,2017-10-04,2017,,94.0,,,0,0,N,0.0,0.0,0.0,,,,,,,,35.99601,-86.78419,True,Crashes_2010_2019_MPO
101747651,2017-09-01,2017,,19.0,,,0,0,N,0.0,0.0,0.0,,,,,,,,36.031,-86.74992,False,Crashes_2010_2019_MPO
102471155,2019-08-03,2019,,94.0,,,0,0,N,0.0,0.0,0.0,,,,,,,,35.99698,-86.79693,True,Crashes_2010_2019_MPO
102528518,2019-10-03,2019,,19.0,,,0,0,N,0.0,0.0,0.0,,,,,,,,36.03989,-86.7418,False,Crashes_2010_2019_MPO
101827334,2017-11-16,2017,,19.0,,,0,0,N,0.0,0.0,0.0,,,,,,,,36.0374,-86.78657,False,Crashes_2010_2019_MPO
100640996,2014-10-10,2014,,94.0,,,0,0,N,0.0,0.0,0.0,,,,,,,,36.029404,-86.830276,True,Crashes_2010_2019_MPO
101918968,2018-02-17,2018,,19.0,,,0,0,N,0.0,0.0,0.0,,,,,,,,36.03991,-86.74211,False,Crashes_2010_2019_MPO
100968572,2015-09-27,2015,,19.0,,,0,0,N,0.0,0.0,0.0,,,,,,,,36.04276,-86.84026,False,Crashes_2010_2019_MPO
101007787,2015-11-11,2015,,19.0,,,0,0,N,0.0,0.0,0.0,,,,,,,,36.03276,-86.71284,False,Crashes_2010_2019_MPO
100277855,2013-01-10,2013,,94.0,,,0,0,N,0.0,0.0,0.0,,,,,,,,35.92645,-86.82484,False,Crashes_2010_2019_MPO
102290819,2019-01-28,2019,,94.0,,,0,0,N,0.0,0.0,0.0,,,,,,,,35.94643,-86.80903,False,Crashes_2010_2019_MPO
100337255,2013-06-03,2013,,94.0,,,0,0,Y,0.0,0.0,1.0,,,,,,,,35.99551,-86.77889,True,Crashes_2010_2019_MPO
100833923,2015-05-13,2015,,19.0,,,0,0,N,0.0,0.0,0.0,,,,,,,,36.04527,-86.71465,False,Crashes_2010_2019_MPO
101165977,2016-04-16,2016,,19.0,,,0,0,N,0.0,0.0,0.0,,,,,,,,36.04331,-86.68921,False,Crashes_2010_2019_MPO
100858867,2015-06-11,2015,,19.0,,,0,0,N,0.0,0.0,0.0,,,,,,,,36.05194,-86.74315,False,Crashes_2010_2019_MPO
102448260,2019-07-15,2019,,94.0,,,0,0,N,0.0,0.0,0.0,,,,,,,,35.99475,-86.76957,True,Crashes_2010_2019_MPO
100750242,2015-02-20,2015,,94.0,,,0,0,N,0.0,0.0,0.0,,,,,,,,36.00867,-86.77899,True,Crashes_2010_2019_MPO
102087676,2018-07-26,2018,,94.0,,,0,0,N,0.0,0.0,0.0,,,,,,,,35.96639,-86.81131,False,Crashes_2010_2019_MPO
102160022,2018-09-28,2018,,19.0,,,0,0,N,0.0,0.0,0.0,,,,,,,,36.04674,-86.67884,False,Crashes_2010_2019_MPO
101098877,2016-02-03,2016,,94.0,,,0,0,N,0.0,0.0,0.0,,,,,,,,35.95078,-86.80647,False,Crashes_2010_2019_MPO
102499633,2019-09-05,2019,,94.0,,,0,0,N,0.0,0.0,0.0,,,,,,,,35.93481,-86.81917,False,Crashes_2010_2019_MPO
100594876,2014-08-10,2014,,94.0,,,0,0,N,0.0,0.0,0.0,,,,,,,,35.95718,-86.81624,False,Crashes_2010_2019_MPO
101406252,2016-10-17,2016,,94.0,,,0,0,N,0.0,0.0,0.0,,,,,,,,35.96463,-86.81476,True,Crashes_2010_2019_MPO
101630738,2017-04-30,2017,,19.0,,,0,0,N,0.0,0.0,0.0,,,,,,,,36.04835,-86.7329,False,Crashes_2010_2019_MPO
100304549,2013-03-16,2013,,94.0,,,0,0,N,0.0,0.0,0.0,,,,,,,,35.98437,-86.72434,True,Crashes_2010_2019_MPO
101271596,2016-06-23,2016,,94.0,,,0,0,N,0.0,0.0,0.0,,,,,,,,35.96199,-86.81523,False,Crashes_2010_2019_MPO
101707716,2017-07-21,2017,,94.0,,,0,0,N,0.0,0.0,0.0,,,,,,,,35.94613,-86.76022,True,Crashes_2010_2019_MPO
101711122,2017-07-25,2017,,94.0,,,0,0,N,0.0,0.0,0.0,,,,,,,,35.99454,-86.76731,True,Crashes_2010_2019_MPO
102127682,2018-08-30,2018,,94.0,,,0,0,N,0.0,0.0,0.0,,,,,,,,35.92254,-86.87194,False,Crashes_2010_2019_MPO
101196134,2016-05-16,2016,,19.0,,,0,0,N,0.0,0.0,0.0,,,,,,,,36.05248,-86.68435,False,Crashes_2010_2019_MPO
101157333,2016-04-02,2016,,94.0,,,0,0,N,0.0,0.0,0.0,,,,,,,,36.00217,-86.77998,True,Crashes_2010_2019_MPO
101154089,2016-03-30,2016,,94.0,,,0,0,N,0.0,0.0,0.0,,,,,,,,35.93179,-86.79407,False,Crashes_2010_2019_MPO
102587194,2019-12-03,2019,,94.0,,,0,0,N,0.0,0.0,0.0,,,,,,,,35.9667,-86.81121,True,Crashes_2010_2019_MPO
101908768,2018-02-06,2018,,94.0,,,0,0,Y,0.0,0.0,1.0,,,,,,,,35.9772,-86.67823,False,Crashes_2010_2019_MPO
102557046,2019-11-03,2019,,94.0,,,0,0,N,0.0,0.0,0.0,,,,,,,,35.94618,-86.81951,False,Crashes_2010_2019_MPO
102188877,2018-10-25,2018,,94.0,,,0,0,N,0.0,0.0,0.0,,,,,,,,35.97524,-86.80445,True,Crashes_2010_2019_MPO
100635242,2014-09-28,2014,,94.0,,,0,0,N,0.0,0.0,0.0,,,,,,,,35.99101,-86.799,True,Crashes_2010_2019_MPO
101435058,2016-11-09,2016,,19.0,,,0,0,N,0.0,0.0,0.0,,,,,,,,36.04537,-86.71326,False,Crashes_2010_2019_MPO
101749470,2017-09-02,2017,,94.0,,,0,0,N,0.0,0.0,0.0,,,,,,,,35.92546,-86.87275,False,Crashes_2010_2019_MPO
100738482,2015-02-17,2015,,19.0,,,0,0,N,0.0,0.0,0.0,,,,,,,,36.04896,-86.77587,False,Crashes_2010_2019_MPO
100233208,2012-10-01,2012,,94.0,,,0,0,N,0.0,0.0,0.0,,,,,,,,35.97221,-86.80551,True,Crashes_2010_2019_MPO
101954178,2018-03-23,2018,,94.0,,,0,0,N,0.0,0.0,0.0,,,,,,,,35.96199,-86.81523,False,Crashes_2010_2019_MPO
101999874,2018-05-04,2018,,19.0,,,0,0,N,0.0,0.0,0.0,,,,,,,,36.0409,-86.77938,False,Crashes_2010_2019_MPO
102530662,2019-10-05,2019,,19.0,,,0,0,N,0.0,0.0,0.0,,,,,,,,36.0374,-86.78657,False,Crashes_2010_2019_MPO
101773285,2017-09-27,2017,,19.0,,,0,0,N,0.0,0.0,0.0,,,,,,,,36.04114,-86.77621,False,Crashes_2010_2019_MPO
101157151,2016-04-04,2016,,94.0,,,0,0,N,0.0,0.0,0.0,,,,,,,,35.9501,-86.76137,True,Crashes_2010_2019_MPO
100194116,2012-06-22,2012,,94.0,,,0,0,N,0.0,0.0,0.0,,,,,,,,35.96501,-86.79443,True,Crashes_2010_2019_MPO
102356448,2019-04-10,2019,,94.0,,,0,0,N,0.0,0.0,0.0,,,,,,,,36.0338,-86.80133,True,Crashes_2010_2019_MPO
100304730,2013-03-15,2013,,94.0,,,0,0,N,0.0,0.0,0.0,,,,,,,,35.93895,-86.8173,False,Crashes_2010_2019_MPO