mstrrecnbr,collision_ts,year,county,countystat,crash,crash_type,fatalities,non_motorists,commercial,fatal_c,nonmotor_c,truck_c,fatalc,serious_injuries,ped,bike,lighting,weather,first_harmful_event,latitude,longitude,in_city,src_layer
101613130,2017-04-13,2017,,19.0,,,0,0,N,0.0,0.0,0.0,,,,,,,,36.0374,-86.78657,False,Crashes_2010_2019_MPO
100695505,2014-11-23,2014,,19.0,,,0,0,N,0.0,0.0,0.0,,,,,,,,36.02674,-86.78389,True,Crashes_2010_2019_MPO
100849622,2015-05-24,2015,,94.0,,,0,0,N,0.0,0.0,0.0,,,,,,,,35.99563,-86.81111,True,Crashes_2010_2019_MPO
101817161,2017-11-06,2017,,19.0,,,0,0,N,0.0,0.0,0.0,,,,,,,,36.04055,-86.78466,False,Crashes_2010_2019_MPO
100921389,2015-08-11,2015,,19.0,,,0,0,N,0.0,0.0,0.0,,,,,,,,36.03971,-86.73923,False,Crashes_2010_2019_MPO
102172365,2018-10-09,2018,,94.0,,,0,0,N,0.0,0.0,0.0,,,,,,,,35.9667,-86.81121,True,Crashes_2010_2019_MPO
100982727,2015-10-20,2015,,94.0,,,0,0,N,0.0,0.0,0.0,,,,,,,,35.94683,-86.85172,False,Crashes_2010_2019_MPO
100639924,2014-10-07,2014,,19.0,,,0,0,N,0.0,0.0,0.0,,,,,,,,36.04523,-86.69236,False,Crashes_2010_2019_MPO
101904177,2018-02-01,2018,,94.0,,,0,0,N,0.0,0.0,0.0,,,,,,,,36.03374,-86.8011,True,Crashes_2010_2019_MPO
102540066,2019-10-17,2019,,94.0,,,0,0,N,0.0,0.0,0.0,,,,,,,,35.95782,-86.80254,False,Crashes_2010_2019_MPO
100286507,2013-02-01,2013,,94.0,,,0,0,N,0.0,0.0,0.0,,,,,,,,35.93502,-86.85223,False,Crashes_2010_2019_MPO
101134050,2016-03-14,2016,,19.0,,,0,0,N,0.0,0.0,0.0,,,,,,,,36.0402,-86.7806,False,Crashes_2010_2019_MPO
101961972,2018-03-31,2018,,19.0,,,0,0,N,0.0,0.0,0.0,,,,,,,,36.04001,-86.74347,False,Crashes_2010_2019_MPO
101497575,2017-01-06,2017,,19.0,,,0,0,N,0.0,0.0,0.0,,,,,,,,35.99126,-86.68216,False,Crashes_2010_2019_MPO
100299620,2013-03-04,2013,,94.0,,,0,0,N,0.0,0.0,0.0,,,,,,,,35.93434,-86.81904,False,Crashes_2010_2019_MPO
100459507,2014-03-03,2014,,94.0,,,0,0,N,0.0,0.0,0.0,,,,,,,,35.94718,-86.81104,False,Crashes_2010_2019_MPO
100859439,2015-06-12,2015,,94.0,,,0,0,N,0.0,0.0,0.0,,,,,,,,35.9798,-86.80287,True,Crashes_2010_2019_MPO
102517709,2019-09-17,2019,,94.0,,,0,0,N,0.0,0.0,0.0,,,,,,,,36.00166,-86.71963,True,Crashes_2010_2019_MPO
102371940,2019-04-25,2019,,19.0,,,0,0,N,0.0,0.0,0.0,,,,,,,,36.04693,-86.67985,False,Crashes_2010_2019_MPO
102282199,2019-01-19,2019,,19.0,,,0,0,N,0.0,0.0,0.0,,,,,,,,36.01765,-86.70314,False,Crashes_2010_2019_MPO
100482538,2014-04-05,2014,,94.0,,,0,0,N,0.0,0.0,0.0,,,,,,,,35.92547,-86.87275,False,Crashes_2010_2019_MPO
100848653,2015-05-22,2015,,19.0,,,0,0,N,0.0,0.0,0.0,,,,,,,,36.0455,-86.71215,False,Crashes_2010_2019_MPO
101954356,2018-03-23,2018,,19.0,,,0,0,N,0.0,0.0,0.0,,,,,,,,36.03389,-86.69118,False,Crashes_2010_2019_MPO
102176731,2018-10-13,2018,,94.0,,,0,0,N,0.0,0.0,0.0,,,,,,,,35.96705,-86.81355,True,Crashes_2010_2019_MPO
102537284,2019-10-14,2019,,19.0,,,0,0,N,0.0,0.0,0.0,,,,,,,,36.03821,-86.8009,False,Crashes_2010_2019_MPO
101433055,2016-11-05,2016,,94.0,,,0,0,N,0.0,0.0,0.0,,,,,,,,35.99301,-86.79831,True,Crashes_2010_2019_MPO
101923666,2018-02-22,2018,,94.0,,,0,0,N,0.0,0.0,0.0,,,,,,,,35.95688,-86.84366,False,Crashes_2010_2019_MPO
101980575,2018-04-17,2018,,94.0,,,0,0,N,0.0,0.0,0.0,,,,,,,,35.94705,-86.82129,False,Crashes_2010_2019_MPO
102211281,2018-11-14,2018,,94.0,,,0,0,N,0.0,0.0,0.0,,,,,,,,35.97914,-86.74946,True,Crashes_2010_2019_MPO
100680561,2014-11-14,2014,,19.0,,,0,0,N,0.0,0.0,0.0,,,,,,,,36.05327,-86.71497,False,Crashes_2010_2019_MPO
101857038,2017-12-12,2017,,94.0,,,0,0,N,0.0,0.0,0.0,,,,,,,,35.96133,-86.81226,False,Crashes_2010_2019_MPO
100713594,2014-12-24,2014,,94.0,,,0,0,N,0.0,0.0,0.0,,,,,,,,35.99713,-86.79713,True,Crashes_2010_2019_MPO
102384260,2019-05-09,2019,,94.0,,,0,0,N,0.0,0.0,0.0,,,,,,,,36.03689,-86.81684,True,Crashes_2010_2019_MPO
101965209,2018-04-03,2018,,94.0,,,0,0,N,0.0,0.0,0.0,,,,,,,,35.95255,-86.76633,True,Crashes_2010_2019_MPO
102379446,2019-05-03,2019,,94.0,,,0,0,N,0.0,0.0,0.0,,,,,,,,35.94465,-86.80908,False,Crashes_2010_2019_MPO
100835242,2015-05-16,2015,,94.0,,,0,0,N,0.0,0.0,0.0,,,,,,,,35.96593,-86.80518,True,Crashes_2010_2019_MPO
101824523,2017-11-07,2017,,94.0,,,0,0,N,0.0,0.0,0.0,,,,,,,,36.02213,-86.78695,True,Crashes_2010_2019_MPO
100720692,2015-01-11,2015,,19.0,,,0,0,N,0.0,0.0,0.0,,,,,,,,36.0469,-86.71333,False,Crashes_2010_2019_MPO
102513983,2019-09-19,2019,,94.0,,,0,0,N,0.0,0.0,0.0,,,,,,,,35.92553,-86.86825,False,Crashes_2010_2019_MPO
102003669,2018-04-30,2018,,94.0,,,0,0,N,0.0,0.0,0.0,,,,,,,,35.95581,-86.83098,False,Crashes_2010_2019_MPO
100402076,2013-11-07,2013,,94.0,,,0,0,N,0.0,0.0,0.0,,,,,,,,35.97708,-86.80383,True,Crashes_2010_2019_MPO
100433363,2014-01-21,2014,,94.0,,,0,0,N,0.0,0.0,0.0,,,,,,,,35.94697,-86.85294,False,Crashes_2010_2019_MPO
101156347,2016-04-02,2016,,94.0,,,0,0,N,0.0,0.0,0.0,,,,,,,,35.98221,-86.82115,True,Crashes_2010_2019_MPO
101504418,2017-01-11,2017,,94.0,,,0,0,N,0.0,0.0,0.0,,,,,,,,35.95707,-86.84963,False,Crashes_2010_2019_MPO
102554905,2019-11-01,2019,,19.0,,,0,0,Y,0.0,0.0,1.0,,,,,,,,36.03928,-86.79315,False,Crashes_2010_2019_MPO
101892907,2018-01-19,2018,,94.0,,,0,0,N,0.0,0.0,0.0,,,,,,,,35.97369,-86.83273,True,Crashes_2010_2019_MPO
101439887,2016-11-14,2016,,19.0,,,0,0,N,0.0,0.0,0.0,,,,,,,,36.03765,-86.78496,False,Crashes_2010_2019_MPO
101604436,2017-04-04,2017,,94.0,,,0,0,N,0.0,0.0,0.0,,,,,,,,35.98524,-86.72912,True,Crashes_2010_2019_MPO
102493007,2019-08-29,2019,,94.0,,,0,0,N,0.0,0.0,0.0,,,,,,,,35.93754,-86.76809,False,Crashes_2010_2019_MPO
101965282,2018-04-03,2018,,94.0,,,0,0,N,0.0,0.0,0.0,,,,,,,,35.92631,-86.79344,False,Crashes_2010_2019_MPO
101504696,2017-01-14,2017,,94.0,,,0,0,N,0.0,0.0,0.0,,,,,,,,35.99583,-86.78225,True,Crashes_2010_2019_MPO
102254848,2018-12-21,2018,,94.0,,,0,0,N,0.0,0.0,0.0,,,,,,,,36.0178,-86.84675,True,Crashes_2010_2019_MPO
101494034,2017-01-02,2017,,94.0,,,0,0,N,0.0,0.0,0.0,,,,,,,,35.93986,-86.87951,False,Crashes_2010_2019_MPO
101270956,2016-06-22,2016,,94.0,,,0,0,N,0.0,0.0,0.0,,,,,,,,35.92615,-86.8212,False,Crashes_2010_2019_MPO
101861722,2017-12-17,2017,,94.0,,,0,0,N,0.0,0.0,0.0,,,,,,,,35.95085,-86.81316,False,Crashes_2010_2019_MPO
100638752,2014-10-01,2014,,94.0,,,0,0,N,0.0,0.0,0.0,,,,,,,,35.95182,-86.81282,False,Crashes_2010_2019_MPO
101684762,2017-06-26,2017,,94.0,,,0,0,N,0.0,0.0,0.0,,,,,,,,35.94084,-86.83948,False,Crashes_2010_2019_MPO
101648856,2017-05-17,2017,,94.0,,,0,0,N,0.0,0.0,0.0,,,,,,,,35.97056,-86.80607,True,Crashes_2010_2019_MPO
101631396,2017-05-01,2017,,94.0,,,0,0,N,0.0,0.0,0.0,,,,,,,,35.93321,-86.71346,False,Crashes_2010_2019_MPO
101928911,2018-02-27,2018,,94.0,,,0,0,N,0.0,0.0,0.0,,,,,,,,35.99551,-86.77887,True,Crashes_2010_2019_MPO
101633408,2017-05-03,2017,,94.0,,,0,0,N,0.0,0.0,0.0,,,,,,,,35.9638,-86.80842,False,Crashes_2010_2019_MPO
101817325,2017-11-07,2017,,19.0,,,0,0,N,0.0,0.0,0.0,,,,,,,,36.04184,-86.74392,False,Crashes_2010_2019_MPO
102515187,2019-09-20,2019,,19.0,,,0,0,N,0.0,0.0,0.0,,,,,,,,36.04231,-86.72652,False,Crashes_2010_2019_MPO
101802689,2017-10-24,2017,,94.0,,,0,0,N,0.0,0.0,0.0,,,,,,,,36.0331,-86.7828,True,Crashes_2010_2019_MPO
100705237,2014-12-11,2014,,94.0,,,0,0,N,0.0,0.0,0.0,,,,,,,,35.94607,-86.82569,False,Crashes_2010_2019_MPO
102181590,2018-10-18,2018,,94.0,,,0,0,N,0.0,0.0,0.0,,,,,,,,36.0141,-86.7856,True,Crashes_2010_2019_MPO
100287513,2013-02-02,2013,,94.0,,,0,0,N,0.0,0.0,0.0,,,,,,,,35.95941,-86.73896,True,Crashes_2010_2019_MPO
101047978,2015-12-11,2015,,19.0,,,0,0,N,0.0,0.0,0.0,,,,,,,,36.01933,-86.75032,True,Crashes_2010_2019_MPO
102417605,2019-06-13,2019,,19.0,,,0,0,N,0.0,0.0,0.0,,,,,,,,36.04479,-86.72487,False,Crashes_2010_2019_MPO
101767416,2017-09-21,2017,,94.0,,,0,0,N,0.0,0.0,0.0,,,,,,,,35.97716,-86.67813,False,Crashes_2010_2019_MPO
102336075,2019-03-20,2019,,94.0,,,0,0,N,0.0,0.0,0.0,,,,,,,,35.9667,-86.81121,True,Crashes_2010_2019_MPO
102001553,2018-05-04,2018,,94.0,,,0,0,N,0.0,0.0,0.0,,,,,,,,35.95464,-86.81289,False,Crashes_2010_2019_MPO
100829649,2015-05-06,2015,,19.0,,,0,0,N,0.0,0.0,0.0,,,,,,,,36.03103,-86.71258,False,Crashes_2010_2019_MPO
102595109,2019-12-11,2019,,94.0,,,0,0,N,0.0,0.0,0.0,,,,,,,,35.96595,-86.80472,True,Crashes_2010_2019_MPO
101566103,2017-02-25,2017,,94.0,,,0,0,N,0.0,0.0,0.0,,,,,,,,35.94683,-86.85172,False,Crashes_2010_2019_MPO
101303622,2016-07-26,2016,,94.0,,,0,0,N,0.0,0.0,0.0,,,,,,,,35.92592,-86.87126,False,Crashes_2010_2019_MPO
100656526,2014-10-20,2014,,19.0,,,0,0,N,0.0,0.0,0.0,,,,,,,,36.03737,-86.78787,False,Crashes_2010_2019_MPO
100479948,2014-03-29,2014,,94.0,,,0,0,N,0.0,0.0,0.0,,,,,,,,35.9448,-86.81342,False,Crashes_2010_2019_MPO
101848069,2017-12-04,2017,,19.0,,,0,0,N,0.0,0.0,0.0,,,,,,,,36.0473,-86.86274,False,Crashes_2010_2019_MPO
100286993,2013-02-02,2013,,94.0,,,0,0,N,0.0,0.0,0.0,,,,,,,,35.95217,-86.81824,False,Crashes_2010_2019_MPO
101845479,2017-11-30,2017,,94.0,,,0,0,N,0.0,0.0,0.0,,,,,,,,36.03496,-86.79143,True,Crashes_2010_2019_MPO
100635026,2014-09-27,2014,,19.0,,,0,0,N,0.0,0.0,0.0,,,,,,,,36.04864,-86.72445,False,Crashes_2010_2019_MPO
100727612,2015-01-25,2015,,19.0,,,0,0,N,0.0,0.0,0.0,,,,,,,,36.04112,-86.77668,False,Crashes_2010_2019_MPO
101923309,2018-02-22,2018,,94.0,,,0,0,N,0.0,0.0,0.0,,,,,,,,36.03319,-86.7876,True,Crashes_2010_2019_MPO
101077846,2016-01-15,2016,,94.0,,,0,0,N,0.0,0.0,0.0,,,,,,,,35.99587,-86.78808,True,Crashes_2010_2019_MPO
102095133,2018-08-02,2018,,19.0,,,0,0,N,0.0,0.0,0.0,,,,,,,,36.04188,-86.71763,False,Crashes_2010_2019_MPO
102457597,2019-07-25,2019,,94.0,,,0,0,N,0.0,0.0,0.0,,,,,,,,35.95167,-86.84784,False,Crashes_2010_2019_MPO
100420688,2013-12-17,2013,,94.0,,,0,0,N,0.0,0.0,0.0,,,,,,,,36.03067,-86.8731,False,Crashes_2010_2019_MPO
101435932,2013-02-21,2013,,94.0,,,0,0,N,0.0,0.0,0.0,,,,,,,,35.93106,-86.85925,False,Crashes_2010_2019_MPO
101467777,2016-12-05,2016,,19.0,,,0,0,N,0.0,0.0,0.0,,,,,,,,36.02355,-86.68833,False,Crashes_2010_2019_MPO
100564405,2014-06-23,2014,,94.0,,,0,0,N,0.0,0.0,0.0,,,,,,,,35.92302,-86.87124,False,Crashes_2010_2019_MPO
101196966,2016-05-13,2016,,94.0,,,0,0,N,0.0,0.0,0.0,,,,,,,,36.01775,-86.78659,True,Crashes_2010_2019_MPO
100434157,2014-01-23,2014,,94.0,,,0,0,N,0.0,0.0,0.0,,,,,,,,35.96,-86.81489,False,Crashes_2010_2019_MPO
101194759,2016-05-14,2016,,94.0,,,0,0,N,0.0,0.0,0.0,,,,,,,,36.03291,-86.785267,True,Crashes_2010_2019_MPO
101503907,2017-01-13,2017,,94.0,,,0,0,N,0.0,0.0,0.0,,,,,,,,35.92738,-86.82108,False,Crashes_2010_2019_MPO
102488356,2019-08-25,2019,,19.0,,,0,0,N,0.0,0.0,0.0,,,,,,,,36.04245,-86.71294,False,Crashes_2010_2019_MPO
100823916,2015-04-24,2015,,94.0,,,0,0,N,0.0,0.0,0.0,,,,,,,,35.99117,-86.75204,True,Crashes_2010_2019_MPO
100719309,2015-01-08,2015,,94.0,,,0,0,Y,0.0,0.0,1.0,,,,,,,,35.98573,-86.67992,False,Crashes_2010_2019_MPO
101352132,2016-09-02,2016,,94.0,,,0,0,N,0.0,0.0,0.0,,,,,,,,36.02621,-86.87881,False,Crashes_2010_2019_MPO
101038998,2015-11-29,2015,,94.0,,,0,0,N,0.0,0.0,0.0,,,,,,,,35.92641,-86.82453,False,Crashes_2010_2019_MPO
101061933,2015-12-18,2015,,94.0,,,0,0,N,0.0,0.0,0.0,,,,,,,,35.96653,-86.80932,True,Crashes_2010_2019_MPO
100679416,2014-11-12,2014,,94.0,,,0,0,N,0.0,0.0,0.0,,,,,,,,35.94117,-86.83995,False,Crashes_2010_2019_MPO
100850921,2015-05-27,2015,,94.0,,,0,0,Y,0.0,0.0,1.0,,,,,,,,35.93079,-86.81991,False,Crashes_2010_2019_MPO
101744911,2017-08-29,2017,,94.0,,,0,0,N,0.0,0.0,0.0,,,,,,,,36.02306,-86.78658,True,Crashes_2010_2019_MPO
101950406,2018-03-20,2018,,19.0,,,0,0,N,0.0,0.0,0.0,,,,,,,,36.02034,-86.71039,False,Crashes_2010_2019_MPO
102067828,2018-07-06,2018,,94.0,,,0,0,N,0.0,0.0,0.0,,,,,,,,35.93541,-86.82372,False,Crashes_2010_2019_MPO
101123219,2016-02-26,2016,,94.0,,,0,0,N,0.0,0.0,0.0,,,,,,,,35.93498,-86.82608,False,Crashes_2010_2019_MPO
100507873,2014-05-12,2014,,94.0,,,0,0,N,0.0,0.0,0.0,,,,,,,,35.93132,-86.86335,False,Crashes_2010_2019_MPO
102322088,2019-03-05,2019,,94.0,,,0,0,N,0.0,0.0,0.0,,,,,,,,35.92317,-86.81685,False,Crashes_2010_2019_MPO
101315018,2016-07-28,2016,,94.0,,,0,0,N,0.0,0.0,0.0,,,,,,,,35.97319,-86.83244,True,Crashes_2010_2019_MPO
101421807,2016-10-24,2016,,94.0,,,0,0,N,0.0,0.0,0.0,,,,,,,,35.99567,-86.78055,True,Crashes_2010_2019_MPO
100405417,2013-11-15,2013,,94.0,,,0,0,N,0.0,0.0,0.0,,,,,,,,35.97059,-86.72595,True,Crashes_2010_2019_MPO
101596615,2017-03-28,2017,,94.0,,,0,0,N,0.0,0.0,0.0,,,,,,,,35.9711,-86.67836,False,Crashes_2010_2019_MPO
102249218,2018-12-17,2018,,94.0,,,0,0,N,0.0,0.0,0.0,,,,,,,,35.967752,-86.808094,True,Crashes_2010_2019_MPO
101824335,2017-11-12,2017,,94.0,,,0,0,N,0.0,0.0,0.0,,,,,,,,35.94838,-86.80772,False,Crashes_2010_2019_MPO
102170703,2018-10-07,2018,,94.0,,,0,0,N,0.0,0.0,0.0,,,,,,,,35.94612,-86.82346,False,Crashes_2010_2019_MPO
102411832,2019-06-07,2019,,19.0,,,0,0,N,0.0,0.0,0.0,,,,,,,,36.04064,-86.67789,False,Crashes_2010_2019_MPO
101392240,2016-09-29,2016,,94.0,,,0,0,N,0.0,0.0,0.0,,,,,,,,35.94231,-86.85533,False,Crashes_2010_2019_MPO
102529454,2019-10-04,2019,,94.0,,,0,0,N,0.0,0.0,0.0,,,,,,,,35.9856,-86.73273,True,Crashes_2010_2019_MPO
101950778,2018-03-20,2018,,19.0,,,0,0,N,0.0,0.0,0.0,,,,,,,,36.02962,-86.70382,False,Crashes_2010_2019_MPO
100922208,2015-08-12,2015,,94.0,,,0,0,N,0.0,0.0,0.0,,,,,,,,35.946,-86.80862,False,Crashes_2010_2019_MPO
100161980,2012-03-26,2012,,94.0,,,0,0,N,0.0,0.0,0.0,,,,,,,,35.98906,-86.74133,True,Crashes_2010_2019_MPO
100404514,2013-11-13,2013,,94.0,,,0,0,Y,0.0,0.0,1.0,,,,,,,,35.96556,-86.82097,True,Crashes_2010_2019_MPO
102227895,2018-11-01,2018,,94.0,,,0,0,N,0.0,0.0,0.0,,,,,,,,35.93219,-86.79405,False,Crashes_2010_2019_MPO
101467113,2016-12-04,2016,,94.0,,,0,0,N,0.0,0.0,0.0,,,,,,,,36.00154,-86.79354,True,Crashes_2010_2019_MPO
100916268,2015-08-02,2015,,19.0,,,0,0,N,0.0,0.0,0.0,,,,,,,,36.04547,-86.71253,False,Crashes_2010_2019_MPO
100481404,2014-04-01,2014,,94.0,,,0,0,N,0.0,0.0,0.0,,,,,,,,35.95068,-86.84863,False,Crashes_2010_2019_MPO
100662409,2014-10-31,2014,,94.0,,,0,0,N,0.0,0.0,0.0,,,,,,,,35.96708,-86.81356,True,Crashes_2010_2019_MPO
102231866,2018-12-01,2018,,19.0,,,0,0,N,0.0,0.0,0.0,,,,,,,,36.0472,-86.86231,False,Crashes_2010_2019_MPO
100883102,2015-07-07,2015,,19.0,,,0,0,N,0.0,0.0,0.0,,,,,,,,36.05466,-86.68025,False,Crashes_2010_2019_MPO
100415432,2013-12-06,2013,,94.0,,,0,0,N,0.0,0.0,0.0,,,,,,,,35.92287,-86.82283,False,Crashes_2010_2019_MPO
102043180,2018-06-14,2018,,94.0,,,0,0,N,0.0,0.0,0.0,,,,,,,,35.99507,-86.77406,True,Crashes_2010_2019_MPO
102285767,2019-01-23,2019,,19.0,,,0,0,N,0.0,0.0,0.0,,,,,,,,36.05453,-86.72533,False,Crashes_2010_2019_MPO
101759326,2017-09-13,2017,,94.0,,,0,0,N,0.0,0.0,0.0,,,,,,,,35.94672,-86.74796,True,Crashes_2010_2019_MPO
101946149,2018-03-16,2018,,94.0,,,0,0,N,0.0,0.0,0.0,,,,,,,,36.00237,-86.793,True,Crashes_2010_2019_MPO
101572307,2017-03-03,2017,,19.0,,,0,1,N,0.0,1.0,0.0,,,,,,,,36.04672,-86.73222,False,Crashes_2010_2019_MPO
101064732,2015-12-22,2015,,19.0,,,0,0,N,0.0,0.0,0.0,,,,,,,,36.0412,-86.7762,False,Crashes_2010_2019_MPO
100719716,2015-01-09,2015,,94.0,,,0,0,N,0.0,0.0,0.0,,,,,,,,35.94641,-86.82285,False,Crashes_2010_2019_MPO
102148712,2018-09-18,2018,,94.0,,,0,0,N,0.0,0.0,0.0,,,,,,,,36.0017,-86.7931,True,Crashes_2010_2019_MPO
101103451,2016-02-10,2016,,94.0,,,0,0,N,0.0,0.0,0.0,,,,,,,,35.98165,-86.80247,True,Crashes_2010_2019_MPO
100998165,2015-10-28,2015,,94.0,,,0,0,N,0.0,0.0,0.0,,,,,,,,35.94394,-86.78426,False,Crashes_2010_2019_MPO
101719713,2017-08-03,2017,,94.0,,,0,0,N,0.0,0.0,0.0,,,,,,,,35.94805,-86.83237,False,Crashes_2010_2019_MPO
100466397,2014-03-20,2014,,94.0,,,0,0,N,0.0,0.0,0.0,,,,,,,,35.92471,-86.87219,False,Crashes_2010_2019_MPO
100429060,2014-01-09,2014,,94.0,,,0,0,N,0.0,0.0,0.0,,,,,,,,35.9627,-86.81139,False,Crashes_2010_2019_MPO
102043687,2018-06-15,2018,,94.0,,,0,0,N,0.0,0.0,0.0,,,,,,,,35.93673,-86.69418,False,Crashes_2010_2019_MPO
101183298,2016-04-28,2016,,94.0,,,0,0,N,0.0,0.0,0.0,,,,,,,,35.92471,-86.86998,False,Crashes_2010_2019_MPO
100421064,2013-12-18,2013,,94.0,,,0,0,N,0.0,0.0,0.0,,,,,,,,35.99744,-86.79527,True,Crashes_2010_2019_MPO
101011932,2015-11-18,2015,,94.0,,,0,0,N,0.0,0.0,0.0,,,,,,,,35.95096,-86.8069,False,Crashes_2010_2019_MPO
101694003,2017-07-06,2017,,19.0,,,0,0,N,0.0,0.0,0.0,,,,,,,,36.0385,-86.7834,False,Crashes_2010_2019_MPO
102509933,2019-09-15,2019,,94.0,,,0,0,N,0.0,0.0,0.0,,,,,,,,36.03117,-86.78352,True,Crashes_2010_2019_MPO
101842848,2017-11-29,2017,,94.0,,,0,0,N,0.0,0.0,0.0,,,,,,,,35.96492,-86.81552,True,Crashes_2010_2019_MPO
101534989,2017-01-24,2017,,94.0,,,0,0,N,0.0,0.0,0.0,,,,,,,,35.92903,-86.84899,False,Crashes_2010_2019_MPO
102401576,2019-05-27,2019,,94.0,,,0,0,N,0.0,0.0,0.0,,,,,,,,35.99439,-86.73401,True,Crashes_2010_2019_MPO
102302383,2019-02-09,2019,,94.0,,,0,0,N,0.0,0.0,0.0,,,,,,,,35.99517,-86.77526,True,Crashes_2010_2019_MPO
100996603,2015-10-26,2015,,94.0,,,0,0,N,0.0,0.0,0.0,,,,,,,,35.93487,-86.82138,False,Crashes_2010_2019_MPO
101324872,2016-08-11,2016,,19.0,,,0,0,N,0.0,0.0,0.0,,,,,,,,36.04543,-86.70361,False,Crashes_2010_2019_MPO
101948625,2018-03-16,2018,,94.0,,,0,0,N,0.0,0.0,0.0,,,,,,,,35.92373,-86.79452,False,Crashes_2010_2019_MPO
102206599,2018-11-10,2018,,94.0,,,0,0,N,0.0,0.0,0.0,,,,,,,,35.96555,-86.81398,False,Crashes_2010_2019_MPO
102117581,2018-08-21,2018,,94.0,,,0,0,N,0.0,0.0,0.0,,,,,,,,36.03326,-86.79949,True,Crashes_2010_2019_MPO
101666403,2017-06-06,2017,,94.0,,,0,0,N,0.0,0.0,0.0,,,,,,,,35.96312,-86.81897,True,Crashes_2010_2019_MPO
101679094,2017-06-20,2017,,94.0,,,0,0,N,0.0,0.0,0.0,,,,,,,,35.98612,-86.68011,False,Crashes_2010_2019_MPO
101844881,2017-11-24,2017,,94.0,,,0,0,N,0.0,0.0,0.0,,,,,,,,35.96154,-86.81217,False,Crashes_2010_2019_MPO
101862785,2017-12-18,2017,,94.0,,,0,0,N,0.0,0.0,0.0,,,,,,,,35.96733,-86.8149,True,Crashes_2010_2019_MPO
101123712,2016-02-26,2016,,94.0,,,0,0,N,0.0,0.0,0.0,,,,,,,,35.9325,-86.86247,False,Crashes_2010_2019_MPO
102118086,2018-08-22,2018,,94.0,,,0,0,N,0.0,0.0,0.0,,,,,,,,36.0299,-86.7835,True,Crashes_2010_2019_MPO
100732316,2015-02-04,2015,,94.0,,,0,0,N,0.0,0.0,0.0,,,,,,,,36.04031,-86.86882,True,Crashes_2010_2019_MPO
102581566,2019-11-27,2019,,94.0,,,0,0,N,0.0,0.0,0.0,,,,,,,,35.95578,-86.8309,False,Crashes_2010_2019_MPO
100409222,2013-11-18,2013,,94.0,,,0,0,N,0.0,0.0,0.0,,,,,,,,36.00454,-86.79044,True,Crashes_2010_2019_MPO
102360309,2019-04-14,2019,,94.0,,,0,0,N,0.0,0.0,0.0,,,,,,,,35.99043,-86.74862,True,Crashes_2010_2019_MPO
100293114,2013-02-15,2013,,94.0,,,0,0,N,0.0,0.0,0.0,,,,,,,,35.96746,-86.72763,True,Crashes_2010_2019_MPO
100113930,2011-11-09,2011,,94.0,,,0,0,Y,0.0,0.0,1.0,,,,,,,,36.00854,-86.78633,True,Crashes_2010_2019_MPO
100400662,2013-11-04,2013,,94.0,,,0,0,N,0.0,0.0,0.0,,,,,,,,35.96225,-86.81192,False,Crashes_2010_2019_MPO
100465383,2014-03-13,2014,,94.0,,,0,0,N,0.0,0.0,0.0,,,,,,,,36.01683,-86.78607,True,Crashes_2010_2019_MPO
101438369,2016-11-12,2016,,19.0,,,0,0,N,0.0,0.0,0.0,,,,,,,,36.0299,-86.74401,False,Crashes_2010_2019_MPO
100731100,2015-02-02,2015,,94.0,,,0,0,N,0.0,0.0,0.0,,,,,,,,35.96665,-86.80941,True,Crashes_2010_2019_MPO
100419963,2013-12-13,2013,,94.0,,,0,0,N,0.0,0.0,0.0,,,,,,,,35.92526,-86.87078,False,Crashes_2010_2019_MPO
102488460,2019-08-25,2019,,19.0,,,0,0,N,0.0,0.0,0.0,,,,,,,,36.04525,-86.71441,False,Crashes_2010_2019_MPO
102309468,2019-02-18,2019,,94.0,,,0,0,N,0.0,0.0,0.0,,,,,,,,36.02976,-86.78394,True,Crashes_2010_2019_MPO
102186541,2018-10-23,2018,,94.0,,,0,0,N,0.0,0.0,0.0,,,,,,,,35.92759,-86.7428,False,Crashes_2010_2019_MPO
101958525,2018-03-28,2018,,94.0,,,0,0,N,0.0,0.0,0.0,,,,,,,,35.96425,-86.81452,False,Crashes_2010_2019_MPO
100544572,2014-05-29,2014,,94.0,,,0,0,N,0.0,0.0,0.0,,,,,,,,35.93315,-86.81169,False,Crashes_2010_2019_MPO
100658603,2014-10-24,2014,,94.0,,,0,0,N,0.0,0.0,0.0,,,,,,,,36.02114,-86.78783,True,Crashes_2010_2019_MPO
100356225,2013-07-18,2013,,94.0,,,0,0,N,0.0,0.0,0.0,,,,,,,,35.94816,-86.81782,False,Crashes_2010_2019_MPO
100878876,2015-06-30,2015,,94.0,,,0,0,N,0.0,0.0,0.0,,,,,,,,35.94681,-86.8113,False,Crashes_2010_2019_MPO
100735853,2015-02-10,2015,,94.0,,,0,0,N,0.0,0.0,0.0,,,,,,,,35.92651,-86.86625,False,Crashes_2010_2019_MPO
100381369,2013-09-20,2013,,94.0,,,0,0,N,0.0,0.0,0.0,,,,,,,,36.03322,-86.78532,True,Crashes_2010_2019_MPO
101179200,2016-04-21,2016,,94.0,,,0,0,N,0.0,0.0,0.0,,,,,,,,36.012,-86.78484,True,Crashes_2010_2019_MPO
102320940,2019-03-04,2019,,94.0,,,0,0,N,0.0,0.0,0.0,,,,,,,,35.94447,-86.81982,False,Crashes_2010_2019_MPO
101497998,2017-01-06,2017,,94.0,,,0,0,N,0.0,0.0,0.0,,,,,,,,35.96057,-86.73867,True,Crashes_2010_2019_MPO
102379968,2019-05-04,2019,,94.0,,,0,0,N,0.0,0.0,0.0,,,,,,,,35.93731,-86.87881,False,Crashes_2010_2019_MPO
101487435,2016-12-26,2016,,94.0,,,0,0,N,0.0,0.0,0.0,,,,,,,,35.96539,-86.72696,True,Crashes_2010_2019_MPO