mstrrecnbr,collision_ts,year,county,countystat,crash,crash_type,fatalities,non_motorists,commercial,fatal_c,nonmotor_c,truck_c,fatalc,serious_injuries,ped,bike,lighting,weather,first_harmful_event,latitude,longitude,in_city,src_layer
100716610,2015-01-03,2015,,19.0,,,0,0,N,0.0,0.0,0.0,,,,,,,,36.04074,-86.78274,False,Crashes_2010_2019_MPO
100982215,2015-10-19,2015,,94.0,,,0,0,N,0.0,0.0,0.0,,,,,,,,35.94475,-86.82827,False,Crashes_2010_2019_MPO
100657735,2014-10-23,2014,,19.0,,,0,0,Y,0.0,0.0,1.0,,,,,,,,36.02363,-86.73469,False,Crashes_2010_2019_MPO
102461218,2019-07-29,2019,,19.0,,,0,0,N,0.0,0.0,0.0,,,,,,,,36.00279,-86.69738,False,Crashes_2010_2019_MPO
101630690,2017-04-30,2017,,94.0,,,0,0,N,0.0,0.0,0.0,,,,,,,,35.95209,-86.81805,False,Crashes_2010_2019_MPO
101045546,2015-12-08,2015,,94.0,,,0,0,N,0.0,0.0,0.0,,,,,,,,36.03337,-86.78857,True,Crashes_2010_2019_MPO
101073769,2016-01-07,2016,,94.0,,,0,0,N,0.0,0.0,0.0,,,,,,,,35.96681,-86.81119,True,Crashes_2010_2019_MPO
101402594,2016-10-13,2016,,94.0,,,0,0,N,0.0,0.0,0.0,,,,,,,,35.93215,-86.79441,False,Crashes_2010_2019_MPO
101858547,2017-12-14,2017,,94.0,,,0,0,N,0.0,0.0,0.0,,,,,,,,35.99156,-86.79881,True,Crashes_2010_2019_MPO
101996698,2018-05-02,2018,,94.0,,,0,0,N,0.0,0.0,0.0,,,,,,,,35.93288,-86.78334,False,Crashes_2010_2019_MPO
101731666,2017-08-11,2017,,94.0,,,0,0,N,0.0,0.0,0.0,,,,,,,,35.93609,-86.82658,False,Crashes_2010_2019_MPO
102391572,2019-05-17,2019,,94.0,,,0,0,N,0.0,0.0,0.0,,,,,,,,35.9583,-86.8023,False,Crashes_2010_2019_MPO
102597085,2019-12-13,2019,,19.0,,,0,0,Y,0.0,0.0,1.0,,,,,,,,36.03989,-86.793,False,Crashes_2010_2019_MPO
101422137,2016-10-24,2016,,19.0,,,0,0,N,0.0,0.0,0.0,,,,,,,,36.04537,-86.71326,False,Crashes_2010_2019_MPO
102508162,2019-09-12,2019,,94.0,,,0,0,N,0.0,0.0,0.0,,,,,,,,35.9476,-86.81992,False,Crashes_2010_2019_MPO
102555204,2019-11-01,2019,,94.0,,,0,0,N,0.0,0.0,0.0,,,,,,,,35.94783,-86.86376,False,Crashes_2010_2019_MPO
101985118,2018-04-21,2018,,19.0,,,0,0,N,0.0,0.0,0.0,,,,,,,,36.04527,-86.70126,False,Crashes_2010_2019_MPO
101006217,2015-11-09,2015,,94.0,,,0,0,N,0.0,0.0,0.0,,,,,,,,35.99684,-86.79724,True,Crashes_2010_2019_MPO
102236344,2018-12-04,2018,,94.0,,,0,0,N,0.0,0.0,0.0,,,,,,,,35.99696,-86.70857,True,Crashes_2010_2019_MPO
100773736,2015-03-17,2015,,94.0,,,0,0,N,0.0,0.0,0.0,,,,,,,,35.99915,-86.80895,True,Crashes_2010_2019_MPO
101077371,2016-01-14,2016,,19.0,,,0,0,N,0.0,0.0,0.0,,,,,,,,36.03878,-86.74346,False,Crashes_2010_2019_MPO
100847703,2015-05-20,2015,,94.0,,,0,0,N,0.0,0.0,0.0,,,,,,,,35.94689,-86.82179,False,Crashes_2010_2019_MPO
101730507,2017-08-14,2017,,94.0,,,0,0,N,0.0,0.0,0.0,,,,,,,,35.9407,-86.83934,False,Crashes_2010_2019_MPO
101330103,2016-08-18,2016,,94.0,,,0,0,N,0.0,0.0,0.0,,,,,,,,35.95401,-86.81181,False,Crashes_2010_2019_MPO
100277684,2013-01-10,2013,,94.0,,,0,0,N,0.0,0.0,0.0,,,,,,,,35.96978,-86.72427,True,Crashes_2010_2019_MPO
102253601,2018-12-21,2018,,19.0,,,0,0,N,0.0,0.0,0.0,,,,,,,,36.01326,-86.70422,False,Crashes_2010_2019_MPO
101613115,2017-04-13,2017,,94.0,,,0,0,N,0.0,0.0,0.0,,,,,,,,35.93374,-86.81773,False,Crashes_2010_2019_MPO
101702823,2017-07-15,2017,,94.0,,,0,0,N,0.0,0.0,0.0,,,,,,,,35.93369,-86.86158,False,Crashes_2010_2019_MPO
101454397,2016-11-19,2016,,19.0,,,0,0,N,0.0,0.0,0.0,,,,,,,,36.04707,-86.86181,False,Crashes_2010_2019_MPO
101640209,2017-05-10,2017,,94.0,,,0,0,Y,0.0,0.0,1.0,,,,,,,,35.97316,-86.83094,True,Crashes_2010_2019_MPO
102389834,2019-05-15,2019,,19.0,,,0,0,N,0.0,0.0,0.0,,,,,,,,36.03771,-86.78482,False,Crashes_2010_2019_MPO
101945357,2018-03-15,2018,,94.0,,,0,0,N,0.0,0.0,0.0,,,,,,,,35.94678,-86.85187,False,Crashes_2010_2019_MPO
101065074,2015-12-22,2015,,19.0,,,0,0,N,0.0,0.0,0.0,,,,,,,,36.04732,-86.86273,False,Crashes_2010_2019_MPO
102060758,2018-07-02,2018,,94.0,,,0,0,N,0.0,0.0,0.0,,,,,,,,35.92584,-86.86759,False,Crashes_2010_2019_MPO
102324737,2019-03-07,2019,,94.0,,,0,0,N,0.0,0.0,0.0,,,,,,,,36.03491,-86.80378,True,Crashes_2010_2019_MPO
102443745,2019-07-10,2019,,94.0,,,0,0,N,0.0,0.0,0.0,,,,,,,,35.96458,-86.81449,False,Crashes_2010_2019_MPO
101003858,2015-11-05,2015,,19.0,,,0,0,N,0.0,0.0,0.0,,,,,,,,36.04822,-86.68804,False,Crashes_2010_2019_MPO
101973400,2018-04-10,2018,,94.0,,,0,0,N,0.0,0.0,0.0,,,,,,,,35.9583,-86.8023,False,Crashes_2010_2019_MPO
100592943,2014-08-08,2014,,94.0,,,0,0,N,0.0,0.0,0.0,,,,,,,,36.03362,-86.78538,True,Crashes_2010_2019_MPO
101995561,2018-05-01,2018,,94.0,,,0,0,N,0.0,0.0,0.0,,,,,,,,36.03336,-86.78872,True,Crashes_2010_2019_MPO
101604144,2017-04-05,2017,,94.0,,,0,0,N,0.0,0.0,0.0,,,,,,,,35.97039,-86.77379,True,Crashes_2010_2019_MPO
100424550,2013-12-26,2013,,94.0,,,0,0,N,0.0,0.0,0.0,,,,,,,,35.95031,-86.81876,False,Crashes_2010_2019_MPO
101441570,2016-11-16,2016,,94.0,,,0,0,N,0.0,0.0,0.0,,,,,,,,35.94759,-86.80795,False,Crashes_2010_2019_MPO
10882750,2012-09-13,2012,,19.0,,,0,0, ,0.0,0.0,0.0,,,,,,,,36.045559,-86.701607,False,Crashes_2010_2019_MPO
100751194,2015-02-21,2015,,94.0,,,0,0,N,0.0,0.0,0.0,,,,,,,,35.97459,-86.81228,True,Crashes_2010_2019_MPO
101730853,2017-08-14,2017,,94.0,,,0,0,N,0.0,0.0,0.0,,,,,,,,35.96458,-86.8144,False,Crashes_2010_2019_MPO
100827122,2015-05-02,2015,,94.0,,,0,0,N,0.0,0.0,0.0,,,,,,,,35.9572,-86.81647,False,Crashes_2010_2019_MPO
101427086,2016-10-30,2016,,94.0,,,1,0,N,1.0,0.0,0.0,,,,,,,,35.93768,-86.82088,False,Crashes_2010_2019_MPO
100995168,2015-10-24,2015,,94.0,,,0,0,N,0.0,0.0,0.0,,,,,,,,35.93305,-86.78136,False,Crashes_2010_2019_MPO
100200056,2012-07-10,2012,,94.0,,,0,0,N,0.0,0.0,0.0,,,,,,,,35.997,-86.82848,True,Crashes_2010_2019_MPO
100310658,2013-04-01,2013,,94.0,,,0,0,N,0.0,0.0,0.0,,,,,,,,35.93224,-86.87879,False,Crashes_2010_2019_MPO
100980210,2015-10-16,2015,,19.0,,,0,0,N,0.0,0.0,0.0,,,,,,,,36.04543,-86.70361,False,Crashes_2010_2019_MPO
101047084,2015-12-11,2015,,94.0,,,0,0,N,0.0,0.0,0.0,,,,,,,,35.93955,-86.81937,False,Crashes_2010_2019_MPO
102343861,2019-03-28,2019,,19.0,,,0,0,N,0.0,0.0,0.0,,,,,,,,36.0319,-86.78367,True,Crashes_2010_2019_MPO
101270788,2016-06-22,2016,,94.0,,,0,0,N,0.0,0.0,0.0,,,,,,,,35.95724,-86.81662,False,Crashes_2010_2019_MPO
100563857,2014-06-20,2014,,94.0,,,0,0,N,0.0,0.0,0.0,,,,,,,,35.96092,-86.76872,True,Crashes_2010_2019_MPO
100221576,2012-09-02,2012,,94.0,,,0,0,N,0.0,0.0,0.0,,,,,,,,36.03347,-86.78116,True,Crashes_2010_2019_MPO
101598924,2017-03-31,2017,,94.0,,,0,0,N,0.0,0.0,0.0,,,,,,,,35.98405,-86.71639,True,Crashes_2010_2019_MPO
101736150,2017-08-20,2017,,19.0,,,0,0,N,0.0,0.0,0.0,,,,,,,,36.04424,-86.71313,False,Crashes_2010_2019_MPO
100874652,2015-06-21,2015,,19.0,,,0,0,N,0.0,0.0,0.0,,,,,,,,36.03922,-86.78243,False,Crashes_2010_2019_MPO
100801240,2015-04-02,2015,,94.0,,,0,0,N,0.0,0.0,0.0,,,,,,,,35.99421,-86.79814,True,Crashes_2010_2019_MPO
100820911,2015-04-20,2015,,94.0,,,0,0,N,0.0,0.0,0.0,,,,,,,,36.03438,-86.81594,True,Crashes_2010_2019_MPO
101814759,2017-11-04,2017,,19.0,,,0,0,N,0.0,0.0,0.0,,,,,,,,36.04026,-86.77905,False,Crashes_2010_2019_MPO
102346309,2019-03-31,2019,,94.0,,,0,0,N,0.0,0.0,0.0,,,,,,,,35.99636,-86.78736,True,Crashes_2010_2019_MPO
100981039,2015-10-17,2015,,19.0,,,0,0,N,0.0,0.0,0.0,,,,,,,,36.04543,-86.70361,False,Crashes_2010_2019_MPO
101727744,2017-08-10,2017,,94.0,,,0,0,N,0.0,0.0,0.0,,,,,,,,35.93036,-86.86407,False,Crashes_2010_2019_MPO
102196248,2018-10-31,2018,,94.0,,,0,0,N,0.0,0.0,0.0,,,,,,,,35.92609,-86.87139,False,Crashes_2010_2019_MPO
101925312,2018-02-24,2018,,19.0,,,0,0,N,0.0,0.0,0.0,,,,,,,,36.05236,-86.70843,False,Crashes_2010_2019_MPO
102305834,2019-02-14,2019,,19.0,,,0,0,N,0.0,0.0,0.0,,,,,,,,36.03275,-86.77084,False,Crashes_2010_2019_MPO
101470312,2016-12-07,2016,,19.0,,,0,0,N,0.0,0.0,0.0,,,,,,,,36.03792,-86.79717,False,Crashes_2010_2019_MPO
100593736,2014-08-10,2014,,94.0,,,0,0,N,0.0,0.0,0.0,,,,,,,,35.99735,-86.79484,True,Crashes_2010_2019_MPO
102003032,2018-05-07,2018,,94.0,,,0,0,N,0.0,0.0,0.0,,,,,,,,36.02844,-86.79142,True,Crashes_2010_2019_MPO
101071795,2016-01-04,2016,,94.0,,,0,0,N,0.0,0.0,0.0,,,,,,,,35.94786,-86.8196,False,Crashes_2010_2019_MPO
102588896,2019-12-05,2019,,19.0,,,0,0,N,0.0,0.0,0.0,,,,,,,,36.03997,-86.7813,False,Crashes_2010_2019_MPO
100705844,2014-12-12,2014,,94.0,,,0,0,N,0.0,0.0,0.0,,,,,,,,35.94662,-86.85133,False,Crashes_2010_2019_MPO
102272803,2019-01-10,2019,,94.0,,,0,0,N,0.0,0.0,0.0,,,,,,,,35.98929,-86.70372,True,Crashes_2010_2019_MPO
100399342,2013-10-31,2013,,94.0,,,0,0,N,0.0,0.0,0.0,,,,,,,,35.97245,-86.86688,False,Crashes_2010_2019_MPO
102605366,2019-12-22,2019,,19.0,,,0,0,N,0.0,0.0,0.0,,,,,,,,36.0409,-86.77938,False,Crashes_2010_2019_MPO
101208838,2016-05-20,2016,,94.0,,,0,0,N,0.0,0.0,0.0,,,,,,,,35.9449,-86.80899,False,Crashes_2010_2019_MPO
100382552,2013-09-23,2013,,94.0,,,0,0,N,0.0,0.0,0.0,,,,,,,,35.97313,-86.83326,False,Crashes_2010_2019_MPO
101830430,2017-11-18,2017,,19.0,,,0,0,N,0.0,0.0,0.0,,,,,,,,36.04113,-86.75043,False,Crashes_2010_2019_MPO
102386878,2019-05-11,2019,,94.0,,,0,0,N,0.0,0.0,0.0,,,,,,,,35.95061,-86.7662,True,Crashes_2010_2019_MPO
100660656,2014-10-28,2014,,19.0,,,0,0,N,0.0,0.0,0.0,,,,,,,,36.04028,-86.74502,False,Crashes_2010_2019_MPO
102054205,2018-06-25,2018,,94.0,,,0,0,N,0.0,0.0,0.0,,,,,,,,35.92639,-86.82419,False,Crashes_2010_2019_MPO
101551640,2017-02-11,2017,,19.0,,,0,0,N,0.0,0.0,0.0,,,,,,,,36.04593,-86.71333,False,Crashes_2010_2019_MPO
100944086,2015-09-02,2015,,94.0,,,0,0,N,0.0,0.0,0.0,,,,,,,,35.95027,-86.84897,False,Crashes_2010_2019_MPO
101459770,2016-11-25,2016,,94.0,,,0,0,N,0.0,0.0,0.0,,,,,,,,35.95581,-86.81654,False,Crashes_2010_2019_MPO
102101588,2018-08-07,2018,,94.0,,,0,0,N,0.0,0.0,0.0,,,,,,,,35.94923,-86.81967,False,Crashes_2010_2019_MPO
100176568,2012-05-04,2012,,94.0,,,0,0,N,0.0,0.0,0.0,,,,,,,,36.01321,-86.78503,True,Crashes_2010_2019_MPO
102195138,2018-10-30,2018,,94.0,,,0,0,N,0.0,0.0,0.0,,,,,,,,35.98268,-86.82062,True,Crashes_2010_2019_MPO
100655571,2014-10-18,2014,,94.0,,,0,0,N,0.0,0.0,0.0,,,,,,,,35.93727,-86.77172,False,Crashes_2010_2019_MPO
102475837,2019-08-12,2019,,19.0,,,0,0,N,0.0,0.0,0.0,,,,,,,,36.04357,-86.69267,False,Crashes_2010_2019_MPO
102275852,2019-01-13,2019,,94.0,,,0,0,N,0.0,0.0,0.0,,,,,,,,35.96734,-86.81496,True,Crashes_2010_2019_MPO
102112022,2018-08-16,2018,,19.0,,,0,0,N,0.0,0.0,0.0,,,,,,,,36.04112,-86.77607,False,Crashes_2010_2019_MPO
102268687,2019-01-06,2019,,94.0,,,0,0,N,0.0,0.0,0.0,,,,,,,,35.92976,-86.81347,False,Crashes_2010_2019_MPO
100641066,2014-10-10,2014,,94.0,,,0,0,N,0.0,0.0,0.0,,,,,,,,35.95184,-86.74151,True,Crashes_2010_2019_MPO
102102087,2018-08-07,2018,,94.0,,,0,0,N,0.0,0.0,0.0,,,,,,,,35.951,-86.81852,False,Crashes_2010_2019_MPO
102166936,2018-10-04,2018,,94.0,,,0,0,N,0.0,0.0,0.0,,,,,,,,35.92641,-86.82453,False,Crashes_2010_2019_MPO
102065097,2018-07-06,2018,,94.0,,,0,1,N,0.0,1.0,0.0,,,,,,,,35.92903,-86.84903,False,Crashes_2010_2019_MPO
101049336,2015-12-14,2015,,94.0,,,0,0,N,0.0,0.0,0.0,,,,,,,,35.95557,-86.82878,False,Crashes_2010_2019_MPO
101164005,2016-04-13,2016,,19.0,,,0,0,N,0.0,0.0,0.0,,,,,,,,36.05216,-86.71455,False,Crashes_2010_2019_MPO
100818945,2015-04-16,2015,,94.0,,,0,0,N,0.0,0.0,0.0,,,,,,,,35.9979,-86.79923,True,Crashes_2010_2019_MPO
102502825,2019-09-08,2019,,19.0,,,0,0,N,0.0,0.0,0.0,,,,,,,,36.04518,-86.69994,False,Crashes_2010_2019_MPO
100636068,2014-09-30,2014,,94.0,,,0,0,N,0.0,0.0,0.0,,,,,,,,35.93564,-86.82387,False,Crashes_2010_2019_MPO
102500236,2019-09-05,2019,,94.0,,,0,0,N,0.0,0.0,0.0,,,,,,,,35.95919,-86.82037,False,Crashes_2010_2019_MPO
102084903,2018-07-24,2018,,19.0,,,0,0,N,0.0,0.0,0.0,,,,,,,,36.04168,-86.74801,False,Crashes_2010_2019_MPO
102450036,2019-07-17,2019,,19.0,,,0,0,N,0.0,0.0,0.0,,,,,,,,36.03551,-86.74351,False,Crashes_2010_2019_MPO
102502247,2019-09-07,2019,,94.0,,,0,0,N,0.0,0.0,0.0,,,,,,,,35.92555,-86.81658,False,Crashes_2010_2019_MPO
101039461,2015-11-30,2015,,19.0,,,0,0,N,0.0,0.0,0.0,,,,,,,,36.03192,-86.76232,False,Crashes_2010_2019_MPO
102314724,2019-02-23,2019,,94.0,,,0,0,N,0.0,0.0,0.0,,,,,,,,35.968658,-86.80738,True,Crashes_2010_2019_MPO
100455999,2014-02-19,2014,,94.0,,,0,0,N,0.0,0.0,0.0,,,,,,,,36.03619,-86.78709,True,Crashes_2010_2019_MPO
900116988,2010-08-25,2010,,94.0,,,0,0, ,0.0,0.0,0.0,,,,,,,,35.928299,-86.767303,False,Crashes_2010_2019_MPO
100441382,2014-02-08,2014,,94.0,,,0,0,N,0.0,0.0,0.0,,,,,,,,35.92641,-86.82446,False,Crashes_2010_2019_MPO
102449732,2019-07-17,2019,,19.0,,,0,0,Y,0.0,0.0,1.0,,,,,,,,36.04521,-86.71651,False,Crashes_2010_2019_MPO
101466710,2016-12-02,2016,,94.0,,,0,0,N,0.0,0.0,0.0,,,,,,,,35.92957,-86.84187,False,Crashes_2010_2019_MPO
101546982,2017-02-05,2017,,94.0,,,0,0,N,0.0,0.0,0.0,,,,,,,,35.92652,-86.82564,False,Crashes_2010_2019_MPO
102571870,2019-11-18,2019,,19.0,,,0,0,N,0.0,0.0,0.0,,,,,,,,36.04537,-86.71326,False,Crashes_2010_2019_MPO
102226222,2018-11-27,2018,,94.0,,,0,0,N,0.0,0.0,0.0,,,,,,,,35.99646,-86.78824,True,Crashes_2010_2019_MPO
10441664,2010-07-06,2010,,19.0,,,0,0, ,0.0,0.0,0.0,,,,,,,,36.03985,-86.76264,False,Crashes_2010_2019_MPO
101464114,2016-11-30,2016,,19.0,,,0,0,N,0.0,0.0,0.0,,,,,,,,36.04002,-86.74368,False,Crashes_2010_2019_MPO
101500820,2017-01-06,2017,,94.0,,,0,0,N,0.0,0.0,0.0,,,,,,,,35.95189,-86.74075,True,Crashes_2010_2019_MPO
100262188,2012-12-05,2012,,94.0,,,0,0,N,0.0,0.0,0.0,,,,,,,,36.01733,-86.78647,True,Crashes_2010_2019_MPO
102201994,2018-11-06,2018,,94.0,,,0,0,N,0.0,0.0,0.0,,,,,,,,36.03397,-86.80164,True,Crashes_2010_2019_MPO
102147235,2018-09-16,2018,,94.0,,,0,0,N,0.0,0.0,0.0,,,,,,,,35.9265,-86.82542,False,Crashes_2010_2019_MPO
102264506,2019-01-01,2019,,94.0,,,0,0,Y,0.0,0.0,1.0,,,,,,,,35.96133,-86.81226,False,Crashes_2010_2019_MPO
101979275,2018-04-16,2018,,94.0,,,0,0,N,0.0,0.0,0.0,,,,,,,,35.97745,-86.7745,True,Crashes_2010_2019_MPO
101610060,2017-04-10,2017,,94.0,,,0,0,N,0.0,0.0,0.0,,,,,,,,35.92654,-86.86991,False,Crashes_2010_2019_MPO
102292318,2019-01-23,2019,,94.0,,,0,0,N,0.0,0.0,0.0,,,,,,,,36.0348,-86.78331,True,Crashes_2010_2019_MPO
101241998,2016-06-09,2016,,94.0,,,0,0,N,0.0,0.0,0.0,,,,,,,,35.92321,-86.87307,False,Crashes_2010_2019_MPO
102527199,2019-10-02,2019,,94.0,,,0,0,N,0.0,0.0,0.0,,,,,,,,35.98608,-86.73581,True,Crashes_2010_2019_MPO
101695228,2017-07-07,2017,,94.0,,,0,0,N,0.0,0.0,0.0,,,,,,,,35.94853,-86.81972,False,Crashes_2010_2019_MPO
100805784,2015-04-10,2015,,94.0,,,0,0,N,0.0,0.0,0.0,,,,,,,,35.96405,-86.80044,True,Crashes_2010_2019_MPO
101181971,2016-04-26,2016,,94.0,,,0,0,N,0.0,0.0,0.0,,,,,,,,35.96705,-86.81283,True,Crashes_2010_2019_MPO
101748582,2017-09-01,2017,,19.0,,,0,0,N,0.0,0.0,0.0,,,,,,,,36.02532,-86.74264,False,Crashes_2010_2019_MPO
101536641,2017-01-27,2017,,19.0,,,0,0,N,0.0,0.0,0.0,,,,,,,,36.04558,-86.72249,False,Crashes_2010_2019_MPO
102064651,2018-07-04,2018,,94.0,,,0,0,N,0.0,0.0,0.0,,,,,,,,35.96688,-86.81117,True,Crashes_2010_2019_MPO
101627032,2017-04-27,2017,,94.0,,,0,0,N,0.0,0.0,0.0,,,,,,,,35.94949,-86.81656,False,Crashes_2010_2019_MPO
101573040,2017-03-04,2017,,19.0,,,0,0,N,0.0,0.0,0.0,,,,,,,,36.04526,-86.717,False,Crashes_2010_2019_MPO
102291844,2019-01-30,2019,,94.0,,,0,0,N,0.0,0.0,0.0,,,,,,,,36.01286,-86.80081,True,Crashes_2010_2019_MPO
100883286,2015-07-08,2015,,94.0,,,0,0,N,0.0,0.0,0.0,,,,,,,,36.03374,-86.78851,True,Crashes_2010_2019_MPO
102529564,2019-10-04,2019,,19.0,,,0,0,N,0.0,0.0,0.0,,,,,,,,36.04321,-86.68946,False,Crashes_2010_2019_MPO
100419979,2013-12-16,2013,,94.0,,,0,0,N,0.0,0.0,0.0,,,,,,,,35.92361,-86.81902,False,Crashes_2010_2019_MPO
101591204,2017-03-23,2017,,19.0,,,0,0,N,0.0,0.0,0.0,,,,,,,,36.05344,-86.68041,False,Crashes_2010_2019_MPO
102250830,2018-12-18,2018,,94.0,,,0,0,N,0.0,0.0,0.0,,,,,,,,35.95809,-86.76774,True,Crashes_2010_2019_MPO
102510969,2019-09-16,2019,,19.0,,,0,0,N,0.0,0.0,0.0,,,,,,,,36.04196,-86.82499,False,Crashes_2010_2019_MPO
100318530,2013-04-19,2013,,94.0,,,0,0,N,0.0,0.0,0.0,,,,,,,,35.96522,-86.81265,False,Crashes_2010_2019_MPO
101289486,2016-07-20,2016,,94.0,,,0,1,N,0.0,1.0,0.0,,,,,,,,35.93656,-86.81041,False,Crashes_2010_2019_MPO
101889287,2018-01-16,2018,,94.0,,,0,0,N,0.0,0.0,0.0,,,,,,,,35.92919,-86.85231,False,Crashes_2010_2019_MPO
102498925,2019-09-04,2019,,94.0,,,0,0,N,0.0,0.0,0.0,,,,,,,,35.97822,-86.80366,True,Crashes_2010_2019_MPO
101890951,2018-01-19,2018,,94.0,,,0,0,N,0.0,0.0,0.0,,,,,,,,35.9585,-86.79729,False,Crashes_2010_2019_MPO
100326781,2013-05-08,2013,,94.0,,,0,0,N,0.0,0.0,0.0,,,,,,,,35.94496,-86.87949,False,Crashes_2010_2019_MPO
101193365,2016-05-12,2016,,19.0,,,0,0,N,0.0,0.0,0.0,,,,,,,,36.03073,-86.70635,False,Crashes_2010_2019_MPO
100738184,2015-02-16,2015,,94.0,,,0,0,N,0.0,0.0,0.0,,,,,,,,35.93581,-86.81814,False,Crashes_2010_2019_MPO
102504946,2019-09-10,2019,,94.0,,,0,0,N,0.0,0.0,0.0,,,,,,,,35.99788,-86.79658,True,Crashes_2010_2019_MPO
101435349,2016-11-09,2016,,94.0,,,0,0,N,0.0,0.0,0.0,,,,,,,,35.93377,-86.81859,False,Crashes_2010_2019_MPO
100162212,2012-03-26,2012,,94.0,,,0,0,N,0.0,0.0,0.0,,,,,,,,36.00313,-86.79221,True,Crashes_2010_2019_MPO
101797412,2017-10-19,2017,,19.0,,,0,0,N,0.0,0.0,0.0,,,,,,,,36.04522,-86.71479,False,Crashes_2010_2019_MPO
101875468,2018-01-02,2018,,19.0,,,0,0,N,0.0,0.0,0.0,,,,,,,,36.04028,-86.76837,False,Crashes_2010_2019_MPO
100849961,2015-05-25,2015,,19.0,,,0,0,N,0.0,0.0,0.0,,,,,,,,36.04239,-86.78223,False,Crashes_2010_2019_MPO
102286237,2019-01-23,2019,,94.0,,,0,0,N,0.0,0.0,0.0,,,,,,,,35.94782,-86.81975,False,Crashes_2010_2019_MPO
101995134,2018-04-30,2018,,94.0,,,0,0,N,0.0,0.0,0.0,,,,,,,,35.93109,-86.79414,False,Crashes_2010_2019_MPO
101611572,2017-04-12,2017,,94.0,,,0,0,N,0.0,0.0,0.0,,,,,,,,35.99812,-86.8015,True,Crashes_2010_2019_MPO
101403780,2016-10-14,2016,,94.0,,,0,0,N,0.0,0.0,0.0,,,,,,,,35.93198,-86.80156,False,Crashes_2010_2019_MPO
101162136,2016-04-11,2016,,94.0,,,0,0,N,0.0,0.0,0.0,,,,,,,,35.93827,-86.85822,False,Crashes_2010_2019_MPO
102276578,2019-01-14,2019,,94.0,,,0,0,N,0.0,0.0,0.0,,,,,,,,36.01522,-86.73686,False,Crashes_2010_2019_MPO
102300284,2019-02-07,2019,,94.0,,,0,0,N,0.0,0.0,0.0,,,,,,,,35.94854,-86.81137,False,Crashes_2010_2019_MPO
100411899,2013-11-27,2013,,94.0,,,0,0,N,0.0,0.0,0.0,,,,,,,,35.94757,-86.82006,False,Crashes_2010_2019_MPO
101038687,2015-11-29,2015,,19.0,,,0,0,N,0.0,0.0,0.0,,,,,,,,36.03988,-86.78267,False,Crashes_2010_2019_MPO
102478031,2019-08-14,2019,,94.0,,,0,0,N,0.0,0.0,0.0,,,,,,,,35.93234,-86.87716,False,Crashes_2010_2019_MPO
102259306,2018-12-28,2018,,19.0,,,0,0,N,0.0,0.0,0.0,,,,,,,,36.0409,-86.77938,False,Crashes_2010_2019_MPO
101926380,2018-02-25,2018,,94.0,,,0,0,N,0.0,0.0,0.0,,,,,,,,35.92556,-86.86738,False,Crashes_2010_2019_MPO
101352978,2016-09-02,2016,,94.0,,,0,0,N,0.0,0.0,0.0,,,,,,,,35.95945,-86.81596,False,Crashes_2010_2019_MPO
101741817,2017-08-25,2017,,94.0,,,0,0,N,0.0,0.0,0.0,,,,,,,,35.99551,-86.77887,True,Crashes_2010_2019_MPO
101667388,2017-06-08,2017,,94.0,,,0,1,N,0.0,1.0,0.0,,,,,,,,35.9239,-86.86981,False,Crashes_2010_2019_MPO
101332098,2016-08-20,2016,,19.0,,,0,0,N,0.0,0.0,0.0,,,,,,,,36.04178,-86.7824,False,Crashes_2010_2019_MPO
100849962,2015-05-25,2015,,19.0,,,0,0,N,0.0,0.0,0.0,,,,,,,,36.05315,-86.77554,False,Crashes_2010_2019_MPO
100273530,2012-12-31,2012,,94.0,,,0,0,N,0.0,0.0,0.0,,,,,,,,35.95014,-86.80678,False,Crashes_2010_2019_MPO
102544029,2019-10-19,2019,,94.0,,,0,0,N,0.0,0.0,0.0,,,,,,,,35.97935,-86.74864,True,Crashes_2010_2019_MPO
100829608,2015-05-06,2015,,94.0,,,0,0,N,0.0,0.0,0.0,,,,,,,,36.0138,-86.80463,True,Crashes_2010_2019_MPO
101936583,2018-03-07,2018,,94.0,,,0,0,N,0.0,0.0,0.0,,,,,,,,36.034349,-86.793203,True,Crashes_2010_2019_MPO
101130514,2016-03-09,2016,,94.0,,,0,0,Y,0.0,0.0,1.0,,,,,,,,36.00183,-86.79324,True,Crashes_2010_2019_MPO
102045188,2018-06-16,2018,,19.0,,,0,0,N,0.0,0.0,0.0,,,,,,,,36.04844,-86.77558,False,Crashes_2010_2019_MPO
101744360,2017-08-28,2017,,94.0,,,0,0,N,0.0,0.0,0.0,,,,,,,,35.99846,-86.82909,True,Crashes_2010_2019_MPO
100507047,2014-05-10,2014,,94.0,,,0,0,N,0.0,0.0,0.0,,,,,,,,35.94315,-86.82081,False,Crashes_2010_2019_MPO
102499634,2019-09-05,2019,,94.0,,,0,0,N,0.0,0.0,0.0,,,,,,,,35.94699,-86.81153,False,Crashes_2010_2019_MPO
102535025,2019-10-11,2019,,94.0,,,0,0,N,0.0,0.0,0.0,,,,,,,,35.92858,-86.82066,False,Crashes_2010_2019_MPO
102325190,2019-03-08,2019,,94.0,,,0,0,N,0.0,0.0,0.0,,,,,,,,35.94065,-86.83438,False,Crashes_2010_2019_MPO
100301750,2013-03-08,2013,,94.0,,,0,0,N,0.0,0.0,0.0,,,,,,,,36.0211,-86.787,True,Crashes_2010_2019_MPO
102109882,2018-08-14,2018,,94.0,,,0,0,N,0.0,0.0,0.0,,,,,,,,35.93191,-86.794,False,Crashes_2010_2019_MPO
101046770,2015-12-10,2015,,19.0,,,0,0,N,0.0,0.0,0.0,,,,,,,,36.0398,-86.8164,False,Crashes_2010_2019_MPO
100942520,2015-08-31,2015,,19.0,,,0,0,N,0.0,0.0,0.0,,,,,,,,36.04114,-86.77621,False,Crashes_2010_2019_MPO