mstrrecnbr,collision_ts,year,county,countystat,crash,crash_type,fatalities,non_motorists,commercial,fatal_c,nonmotor_c,truck_c,fatalc,serious_injuries,ped,bike,lighting,weather,first_harmful_event,latitude,longitude,in_city,src_layer
101861549,2017-12-17,2017,,94.0,,,0,0,N,0.0,0.0,0.0,,,,,,,,35.96716,-86.81351,True,Crashes_2010_2019_MPO
101164033,2016-04-14,2016,,94.0,,,0,0,N,0.0,0.0,0.0,,,,,,,,35.95777,-86.8026,False,Crashes_2010_2019_MPO
102281512,2019-01-19,2019,,94.0,,,0,0,N,0.0,0.0,0.0,,,,,,,,35.99199,-86.79891,True,Crashes_2010_2019_MPO
101506742,2017-01-16,2017,,94.0,,,0,0,N,0.0,0.0,0.0,,,,,,,,35.998,-86.82883,True,Crashes_2010_2019_MPO
102599386,2019-12-16,2019,,94.0,,,0,0,N,0.0,0.0,0.0,,,,,,,,35.95846,-86.8157,False,Crashes_2010_2019_MPO
100726327,2015-01-23,2015,,94.0,,,0,0,N,0.0,0.0,0.0,,,,,,,,35.96917,-86.82615,False,Crashes_2010_2019_MPO
101549071,2017-02-09,2017,,19.0,,,0,0,N,0.0,0.0,0.0,,,,,,,,36.0409,-86.77938,False,Crashes_2010_2019_MPO
100303844,2013-03-14,2013,,94.0,,,0,0,N,0.0,0.0,0.0,,,,,,,,35.94784,-86.81872,False,Crashes_2010_2019_MPO
102088299,2018-07-27,2018,,19.0,,,0,0,N,0.0,0.0,0.0,,,,,,,,36.04931,-86.87006,False,Crashes_2010_2019_MPO
102429525,2019-06-26,2019,,94.0,,,0,0,N,0.0,0.0,0.0,,,,,,,,36.04032,-86.86881,True,Crashes_2010_2019_MPO
100436377,2014-01-29,2014,,94.0,,,0,0,N,0.0,0.0,0.0,,,,,,,,35.94778,-86.81995,False,Crashes_2010_2019_MPO
101730810,2017-08-03,2017,,94.0,,,0,0,N,0.0,0.0,0.0,,,,,,,,35.98359,-86.72114,True,Crashes_2010_2019_MPO
101768043,2017-09-22,2017,,94.0,,,0,0,N,0.0,0.0,0.0,,,,,,,,36.03497,-86.79143,True,Crashes_2010_2019_MPO
102302181,2019-02-10,2019,,19.0,,,0,0,N,0.0,0.0,0.0,,,,,,,,36.01775,-86.69856,False,Crashes_2010_2019_MPO
102188692,2018-10-25,2018,,19.0,,,0,0,N,0.0,0.0,0.0,,,,,,,,36.03517,-86.78304,False,Crashes_2010_2019_MPO
102028159,2018-05-29,2018,,19.0,,,0,0,N,0.0,0.0,0.0,,,,,,,,36.03491,-86.78332,True,Crashes_2010_2019_MPO
102518271,2019-09-23,2019,,94.0,,,0,0,N,0.0,0.0,0.0,,,,,,,,35.92521,-86.86872,False,Crashes_2010_2019_MPO
102570191,2019-11-16,2019,,94.0,,,0,0,N,0.0,0.0,0.0,,,,,,,,35.97504,-86.75566,True,Crashes_2010_2019_MPO
102016460,2018-05-19,2018,,94.0,,,0,0,N,0.0,0.0,0.0,,,,,,,,36.03318,-86.78282,True,Crashes_2010_2019_MPO
102202729,2018-11-06,2018,,19.0,,,0,0,N,0.0,0.0,0.0,,,,,,,,36.03145,-86.74388,False,Crashes_2010_2019_MPO
100593765,2014-08-09,2014,,94.0,,,0,0,N,0.0,0.0,0.0,,,,,,,,35.99107,-86.77834,True,Crashes_2010_2019_MPO
101460033,2016-11-25,2016,,94.0,,,0,0,N,0.0,0.0,0.0,,,,,,,,35.94338,-86.82063,False,Crashes_2010_2019_MPO
100630778,2014-09-18,2014,,19.0,,,0,0,N,0.0,0.0,0.0,,,,,,,,36.04084,-86.77935,False,Crashes_2010_2019_MPO
101663751,2017-06-03,2017,,94.0,,,0,0,N,0.0,0.0,0.0,,,,,,,,35.99366,-86.75961,True,Crashes_2010_2019_MPO
101546550,2017-02-06,2017,,19.0,,,0,0,N,0.0,0.0,0.0,,,,,,,,36.03825,-86.78633,False,Crashes_2010_2019_MPO
101156728,2016-04-03,2016,,19.0,,,0,0,N,0.0,0.0,0.0,,,,,,,,36.04057,-86.78201,False,Crashes_2010_2019_MPO
100567918,2014-07-01,2014,,94.0,,,0,0,N,0.0,0.0,0.0,,,,,,,,35.92399,-86.87368,False,Crashes_2010_2019_MPO
102561138,2019-11-07,2019,,94.0,,,0,0,N,0.0,0.0,0.0,,,,,,,,35.94631,-86.8236,False,Crashes_2010_2019_MPO
102304122,2019-02-12,2019,,94.0,,,0,0,N,0.0,0.0,0.0,,,,,,,,35.96518,-86.80029,True,Crashes_2010_2019_MPO
102210540,2018-11-14,2018,,94.0,,,0,0,N,0.0,0.0,0.0,,,,,,,,35.9262,-86.82151,False,Crashes_2010_2019_MPO
101686554,2017-06-28,2017,,94.0,,,0,0,N,0.0,0.0,0.0,,,,,,,,35.98563,-86.8011,True,Crashes_2010_2019_MPO
101544163,2017-02-04,2017,,94.0,,,0,0,N,0.0,0.0,0.0,,,,,,,,35.99551,-86.77887,True,Crashes_2010_2019_MPO
101760351,2017-09-14,2017,,19.0,,,0,0,N,0.0,0.0,0.0,,,,,,,,36.03237,-86.7668,False,Crashes_2010_2019_MPO
101884413,2018-01-11,2018,,94.0,,,0,0,N,0.0,0.0,0.0,,,,,,,,35.94687,-86.85168,False,Crashes_2010_2019_MPO
102520356,2019-09-25,2019,,19.0,,,0,0,N,0.0,0.0,0.0,,,,,,,,36.04181,-86.74392,False,Crashes_2010_2019_MPO
101284913,2016-07-13,2016,,94.0,,,0,0,N,0.0,0.0,0.0,,,,,,,,35.92408,-86.87608,False,Crashes_2010_2019_MPO
101957836,2018-03-27,2018,,94.0,,,0,0,N,0.0,0.0,0.0,,,,,,,,36.03536,-86.78302,False,Crashes_2010_2019_MPO
101434881,2016-11-08,2016,,94.0,,,0,0,N,0.0,0.0,0.0,,,,,,,,35.96312,-86.81897,True,Crashes_2010_2019_MPO
102408115,2019-06-02,2019,,94.0,,,0,0,N,0.0,0.0,0.0,,,,,,,,35.94573,-86.8232,False,Crashes_2010_2019_MPO
101639313,2017-05-09,2017,,19.0,,,0,0,N,0.0,0.0,0.0,,,,,,,,36.05216,-86.77516,False,Crashes_2010_2019_MPO
102568636,2019-11-15,2019,,94.0,,,0,0,N,0.0,0.0,0.0,,,,,,,,35.99466,-86.7686,True,Crashes_2010_2019_MPO
100412546,2013-11-29,2013,,94.0,,,0,0,N,0.0,0.0,0.0,,,,,,,,35.9344,-86.82019,False,Crashes_2010_2019_MPO
100733394,2015-02-06,2015,,19.0,,,0,0,N,0.0,0.0,0.0,,,,,,,,36.04001,-86.74349,False,Crashes_2010_2019_MPO
101433768,2016-11-07,2016,,94.0,,,0,0,N,0.0,0.0,0.0,,,,,,,,36.01749,-86.75946,True,Crashes_2010_2019_MPO
101878377,2018-01-05,2018,,94.0,,,0,0,N,0.0,0.0,0.0,,,,,,,,36.0389,-86.86999,False,Crashes_2010_2019_MPO
101007634,2015-11-12,2015,,19.0,,,0,0,N,0.0,0.0,0.0,,,,,,,,36.04881,-86.74358,False,Crashes_2010_2019_MPO
100801947,2015-04-03,2015,,94.0,,,0,0,N,0.0,0.0,0.0,,,,,,,,35.93691,-86.7729,False,Crashes_2010_2019_MPO
101539641,2017-01-30,2017,,19.0,,,0,0,N,0.0,0.0,0.0,,,,,,,,36.04933,-86.87013,False,Crashes_2010_2019_MPO
101755520,2017-09-08,2017,,19.0,,,0,0,N,0.0,0.0,0.0,,,,,,,,36.0474,-86.6808,False,Crashes_2010_2019_MPO
102079610,2018-07-18,2018,,94.0,,,0,0,N,0.0,0.0,0.0,,,,,,,,36.01803,-86.77038,True,Crashes_2010_2019_MPO
101672224,2017-06-13,2017,,94.0,,,0,0,N,0.0,0.0,0.0,,,,,,,,35.966607,-86.809226,True,Crashes_2010_2019_MPO
102389998,2019-05-13,2019,,94.0,,,0,0,N,0.0,0.0,0.0,,,,,,,,35.959,-86.81597,False,Crashes_2010_2019_MPO
102282131,2019-01-19,2019,,94.0,,,0,0,N,0.0,0.0,0.0,,,,,,,,35.93557,-86.82364,False,Crashes_2010_2019_MPO
101347192,2016-08-26,2016,,94.0,,,0,0,N,0.0,0.0,0.0,,,,,,,,35.96732,-86.79673,True,Crashes_2010_2019_MPO
101497730,2017-01-06,2017,,94.0,,,0,0,N,0.0,0.0,0.0,,,,,,,,35.95051,-86.76622,True,Crashes_2010_2019_MPO
100259174,2012-11-28,2012,,94.0,,,0,0,N,0.0,0.0,0.0,,,,,,,,35.96789,-86.81809,True,Crashes_2010_2019_MPO
101636789,2017-05-06,2017,,94.0,,,0,0,N,0.0,0.0,0.0,,,,,,,,35.94699,-86.81153,False,Crashes_2010_2019_MPO
101400838,2016-10-10,2016,,19.0,,,0,0,N,0.0,0.0,0.0,,,,,,,,36.02911,-86.70821,False,Crashes_2010_2019_MPO
101366081,2016-09-21,2016,,94.0,,,0,0,N,0.0,0.0,0.0,,,,,,,,35.96312,-86.81897,True,Crashes_2010_2019_MPO
100654069,2014-10-15,2014,,19.0,,,0,0,N,0.0,0.0,0.0,,,,,,,,36.03627,-86.78289,False,Crashes_2010_2019_MPO
102180970,2018-10-18,2018,,94.0,,,0,0,N,0.0,0.0,0.0,,,,,,,,35.93374,-86.81767,False,Crashes_2010_2019_MPO
101590026,2017-03-20,2017,,94.0,,,0,0,N,0.0,0.0,0.0,,,,,,,,35.94729,-86.82121,False,Crashes_2010_2019_MPO
101860471,2017-12-16,2017,,94.0,,,0,0,N,0.0,0.0,0.0,,,,,,,,35.93374,-86.81767,False,Crashes_2010_2019_MPO
101434643,2016-11-08,2016,,19.0,,,0,0,N,0.0,0.0,0.0,,,,,,,,36.04928,-86.71377,False,Crashes_2010_2019_MPO
102123780,2018-08-27,2018,,19.0,,,0,0,N,0.0,0.0,0.0,,,,,,,,36.0529,-86.77516,False,Crashes_2010_2019_MPO
102543353,2019-10-20,2019,,94.0,,,0,0,N,0.0,0.0,0.0,,,,,,,,35.96688,-86.81117,True,Crashes_2010_2019_MPO
100923402,2015-08-14,2015,,94.0,,,0,0,N,0.0,0.0,0.0,,,,,,,,35.94825,-86.80783,False,Crashes_2010_2019_MPO
100635421,2014-09-26,2014,,94.0,,,0,0,N,0.0,0.0,0.0,,,,,,,,35.96306,-86.81131,False,Crashes_2010_2019_MPO
101099135,2016-02-03,2016,,19.0,,,0,0,N,0.0,0.0,0.0,,,,,,,,36.04059,-86.7828,False,Crashes_2010_2019_MPO
100326040,2013-05-07,2013,,94.0,,,0,1,N,0.0,1.0,0.0,,,,,,,,36.00453,-86.80647,True,Crashes_2010_2019_MPO
100833790,2015-05-14,2015,,94.0,,,0,0,N,0.0,0.0,0.0,,,,,,,,35.96551,-86.79936,True,Crashes_2010_2019_MPO
100425954,2013-12-31,2013,,94.0,,,0,0,N,0.0,0.0,0.0,,,,,,,,35.9974,-86.79452,True,Crashes_2010_2019_MPO
102060861,2018-07-02,2018,,94.0,,,0,0,N,0.0,0.0,0.0,,,,,,,,36.03445,-86.79321,True,Crashes_2010_2019_MPO
101672468,2017-06-13,2017,,19.0,,,0,0,N,0.0,0.0,0.0,,,,,,,,36.04813,-86.74366,False,Crashes_2010_2019_MPO
101937058,2018-03-08,2018,,94.0,,,0,0,N,0.0,0.0,0.0,,,,,,,,36.01285,-86.78494,True,Crashes_2010_2019_MPO
102019057,2018-05-22,2018,,19.0,,,0,0,N,0.0,0.0,0.0,,,,,,,,36.0407,-86.77974,False,Crashes_2010_2019_MPO
102353004,2019-04-07,2019,,94.0,,,0,0,N,0.0,0.0,0.0,,,,,,,,35.96903,-86.71594,True,Crashes_2010_2019_MPO
101794922,2017-10-17,2017,,94.0,,,0,0,N,0.0,0.0,0.0,,,,,,,,35.9583,-86.8023,False,Crashes_2010_2019_MPO
101763292,2017-09-17,2017,,94.0,,,0,0,N,0.0,0.0,0.0,,,,,,,,35.94114,-86.83623,False,Crashes_2010_2019_MPO
101832124,2017-11-20,2017,,19.0,,,0,0,N,0.0,0.0,0.0,,,,,,,,36.03868,-86.78313,False,Crashes_2010_2019_MPO
100919689,2015-08-08,2015,,19.0,,,0,0,N,0.0,0.0,0.0,,,,,,,,36.03763,-86.78649,False,Crashes_2010_2019_MPO
101648105,2017-05-18,2017,,19.0,,,0,0,N,0.0,0.0,0.0,,,,,,,,36.02613,-86.71295,False,Crashes_2010_2019_MPO
101192928,2016-05-12,2016,,19.0,,,0,0,N,0.0,0.0,0.0,,,,,,,,36.05059,-86.87765,False,Crashes_2010_2019_MPO
102147458,2018-09-16,2018,,94.0,,,0,0,N,0.0,0.0,0.0,,,,,,,,35.95572,-86.81713,False,Crashes_2010_2019_MPO
100727265,2015-01-25,2015,,19.0,,,0,0,N,0.0,0.0,0.0,,,,,,,,36.04817,-86.71645,False,Crashes_2010_2019_MPO
101461950,2016-11-28,2016,,94.0,,,0,0,N,0.0,0.0,0.0,,,,,,,,35.96212,-86.73777,True,Crashes_2010_2019_MPO
101852705,2017-12-08,2017,,94.0,,,0,0,N,0.0,0.0,0.0,,,,,,,,35.98037,-86.73902,True,Crashes_2010_2019_MPO
100945906,2015-08-31,2015,,94.0,,,0,0,Y,0.0,0.0,1.0,,,,,,,,35.99611,-86.7851,True,Crashes_2010_2019_MPO
102504076,2019-09-09,2019,,94.0,,,0,0,N,0.0,0.0,0.0,,,,,,,,35.93925,-86.87935,False,Crashes_2010_2019_MPO
100386735,2013-10-03,2013,,94.0,,,0,0,N,0.0,0.0,0.0,,,,,,,,35.92382,-86.87404,False,Crashes_2010_2019_MPO
101092885,2016-01-24,2016,,19.0,,,0,0,N,0.0,0.0,0.0,,,,,,,,36.03103,-86.71258,False,Crashes_2010_2019_MPO
101361158,2016-09-14,2016,,94.0,,,0,0,N,0.0,0.0,0.0,,,,,,,,35.94797,-86.86002,False,Crashes_2010_2019_MPO
101590906,2017-03-22,2017,,94.0,,,0,0,N,0.0,0.0,0.0,,,,,,,,35.93962,-86.77217,False,Crashes_2010_2019_MPO
102473371,2019-08-09,2019,,19.0,,,0,0,N,0.0,0.0,0.0,,,,,,,,36.04525,-86.71479,False,Crashes_2010_2019_MPO
101182235,2016-04-27,2016,,94.0,,,0,0,N,0.0,0.0,0.0,,,,,,,,35.93549,-86.82393,False,Crashes_2010_2019_MPO
102297660,2019-02-04,2019,,94.0,,,0,0,N,0.0,0.0,0.0,,,,,,,,35.99078,-86.79908,True,Crashes_2010_2019_MPO
102342887,2019-03-27,2019,,94.0,,,0,0,N,0.0,0.0,0.0,,,,,,,,35.93904,-86.8793,False,Crashes_2010_2019_MPO
102046956,2018-06-18,2018,,19.0,,,0,0,N,0.0,0.0,0.0,,,,,,,,36.04001,-86.74347,False,Crashes_2010_2019_MPO
102204958,2018-11-08,2018,,94.0,,,0,0,N,0.0,0.0,0.0,,,,,,,,35.95212,-86.81784,False,Crashes_2010_2019_MPO
100964577,2015-09-21,2015,,19.0,,,0,0,N,0.0,0.0,0.0,,,,,,,,36.05049,-86.87668,False,Crashes_2010_2019_MPO
101234950,2016-05-25,2016,,94.0,,,0,0,N,0.0,0.0,0.0,,,,,,,,35.96133,-86.81226,False,Crashes_2010_2019_MPO
101483467,2016-12-21,2016,,94.0,,,0,0,N,0.0,0.0,0.0,,,,,,,,35.96488,-86.7931,True,Crashes_2010_2019_MPO
101467588,2016-12-04,2016,,19.0,,,0,0,N,0.0,0.0,0.0,,,,,,,,36.04455,-86.71173,False,Crashes_2010_2019_MPO
100380305,2013-09-15,2013,,94.0,,,0,0,N,0.0,0.0,0.0,,,,,,,,35.94671,-86.85098,False,Crashes_2010_2019_MPO
101818063,2017-11-07,2017,,19.0,,,0,0,N,0.0,0.0,0.0,,,,,,,,36.04538,-86.7794,False,Crashes_2010_2019_MPO
102600709,2019-12-18,2019,,19.0,,,0,0,N,0.0,0.0,0.0,,,,,,,,36.01203,-86.68403,False,Crashes_2010_2019_MPO
100319492,2013-04-20,2013,,94.0,,,0,0,N,0.0,0.0,0.0,,,,,,,,35.94648,-86.81467,False,Crashes_2010_2019_MPO
102283017,2019-01-20,2019,,94.0,,,0,0,N,0.0,0.0,0.0,,,,,,,,35.92641,-86.82453,False,Crashes_2010_2019_MPO
102016317,2018-05-18,2018,,94.0,,,0,0,N,0.0,0.0,0.0,,,,,,,,35.92269,-86.84956,False,Crashes_2010_2019_MPO
100260002,2012-11-30,2012,,94.0,,,0,0,N,0.0,0.0,0.0,,,,,,,,35.99156,-86.79881,True,Crashes_2010_2019_MPO
100293584,2013-02-15,2013,,94.0,,,0,0,N,0.0,0.0,0.0,,,,,,,,35.95842,-86.80225,False,Crashes_2010_2019_MPO
101657371,2017-05-28,2017,,19.0,,,0,0,N,0.0,0.0,0.0,,,,,,,,36.03985,-86.75357,False,Crashes_2010_2019_MPO
102388792,2019-05-14,2019,,19.0,,,0,0,N,0.0,0.0,0.0,,,,,,,,36.0396,-86.78166,False,Crashes_2010_2019_MPO
101896853,2018-01-25,2018,,19.0,,,0,0,N,0.0,0.0,0.0,,,,,,,,36.04001,-86.74337,False,Crashes_2010_2019_MPO
101101193,2016-02-05,2016,,94.0,,,0,0,N,0.0,0.0,0.0,,,,,,,,35.92887,-86.83704,False,Crashes_2010_2019_MPO
101826917,2017-11-15,2017,,19.0,,,0,0,N,0.0,0.0,0.0,,,,,,,,36.0375,-86.78584,False,Crashes_2010_2019_MPO
100436150,2014-01-29,2014,,94.0,,,0,0,N,0.0,0.0,0.0,,,,,,,,35.93466,-86.82107,False,Crashes_2010_2019_MPO
101643003,2017-05-13,2017,,94.0,,,0,0,N,0.0,0.0,0.0,,,,,,,,35.99734,-86.79486,True,Crashes_2010_2019_MPO
100499462,2014-04-22,2014,,94.0,,,0,0,N,0.0,0.0,0.0,,,,,,,,35.96312,-86.81084,False,Crashes_2010_2019_MPO
100802861,2015-04-05,2015,,19.0,,,0,0,N,0.0,0.0,0.0,,,,,,,,36.0472,-86.86228,False,Crashes_2010_2019_MPO
100729754,2015-01-30,2015,,94.0,,,0,0,N,0.0,0.0,0.0,,,,,,,,35.94754,-86.82013,False,Crashes_2010_2019_MPO
102070868,2018-07-10,2018,,94.0,,,0,0,N,0.0,0.0,0.0,,,,,,,,35.94524,-86.80394,False,Crashes_2010_2019_MPO
100944996,2015-09-04,2015,,94.0,,,0,0,N,0.0,0.0,0.0,,,,,,,,36.033208,-86.782512,True,Crashes_2010_2019_MPO
101427889,2016-10-31,2016,,94.0,,,0,0,N,0.0,0.0,0.0,,,,,,,,35.96592,-86.83838,False,Crashes_2010_2019_MPO
102089243,2018-07-27,2018,,94.0,,,0,0,N,0.0,0.0,0.0,,,,,,,,35.96581,-86.80216,True,Crashes_2010_2019_MPO
100823997,2015-04-25,2015,,94.0,,,0,0,N,0.0,0.0,0.0,,,,,,,,35.93857,-86.82161,False,Crashes_2010_2019_MPO
100770293,2015-03-11,2015,,94.0,,,0,0,N,0.0,0.0,0.0,,,,,,,,35.96226,-86.80895,False,Crashes_2010_2019_MPO
100752552,2015-02-24,2015,,19.0,,,0,1,N,0.0,1.0,0.0,,,,,,,,36.05029,-86.70439,False,Crashes_2010_2019_MPO
101653516,2017-05-24,2017,,19.0,,,0,0,Y,0.0,0.0,1.0,,,,,,,,36.03332,-86.71294,False,Crashes_2010_2019_MPO
100420436,2013-12-17,2013,,94.0,,,0,0,N,0.0,0.0,0.0,,,,,,,,35.9543,-86.81753,False,Crashes_2010_2019_MPO
102159386,2018-09-27,2018,,94.0,,,0,0,N,0.0,0.0,0.0,,,,,,,,35.93333,-86.81177,False,Crashes_2010_2019_MPO
101077317,2016-01-14,2016,,94.0,,,0,0,N,0.0,0.0,0.0,,,,,,,,35.96232,-86.81618,True,Crashes_2010_2019_MPO
100198366,2012-07-05,2012,,94.0,,,0,0,N,0.0,0.0,0.0,,,,,,,,35.99892,-86.77663,True,Crashes_2010_2019_MPO
100942560,2015-08-31,2015,,94.0,,,0,0,N,0.0,0.0,0.0,,,,,,,,35.95584,-86.82577,False,Crashes_2010_2019_MPO
101400121,2016-10-08,2016,,94.0,,,0,0,N,0.0,0.0,0.0,,,,,,,,35.95796,-86.80864,False,Crashes_2010_2019_MPO
102079780,2018-07-19,2018,,19.0,,,0,0,N,0.0,0.0,0.0,,,,,,,,36.04807,-86.86551,False,Crashes_2010_2019_MPO
101284744,2016-07-12,2016,,94.0,,,0,0,N,0.0,0.0,0.0,,,,,,,,35.9627,-86.80146,True,Crashes_2010_2019_MPO
100617548,2014-09-11,2014,,94.0,,,0,0,N,0.0,0.0,0.0,,,,,,,,35.95535,-86.80391,False,Crashes_2010_2019_MPO
101390032,2016-09-22,2016,,94.0,,,0,0,N,0.0,0.0,0.0,,,,,,,,35.95889,-86.81598,False,Crashes_2010_2019_MPO
101844771,2017-12-01,2017,,94.0,,,0,0,N,0.0,0.0,0.0,,,,,,,,35.92287,-86.87281,False,Crashes_2010_2019_MPO
100571541,2014-07-10,2014,,94.0,,,0,0,N,0.0,0.0,0.0,,,,,,,,35.99991,-86.79609,True,Crashes_2010_2019_MPO
100272042,2012-12-27,2012,,94.0,,,0,0,N,0.0,0.0,0.0,,,,,,,,35.93473,-86.82059,False,Crashes_2010_2019_MPO
100438457,2014-02-03,2014,,94.0,,,0,0,N,0.0,0.0,0.0,,,,,,,,35.94715,-86.85154,False,Crashes_2010_2019_MPO
102039074,2018-06-10,2018,,94.0,,,0,0,N,0.0,0.0,0.0,,,,,,,,36.03175,-86.78961,True,Crashes_2010_2019_MPO
101151412,2016-03-26,2016,,94.0,,,0,0,N,0.0,0.0,0.0,,,,,,,,35.98936,-86.77826,True,Crashes_2010_2019_MPO
101651103,2017-05-21,2017,,94.0,,,0,0,N,0.0,0.0,0.0,,,,,,,,35.96615,-86.72709,True,Crashes_2010_2019_MPO
101129386,2016-03-07,2016,,19.0,,,0,0,N,0.0,0.0,0.0,,,,,,,,36.04367,-86.69284,False,Crashes_2010_2019_MPO
100286130,2013-01-31,2013,,94.0,,,0,0,N,0.0,0.0,0.0,,,,,,,,35.94782,-86.81897,False,Crashes_2010_2019_MPO
100680991,2014-11-15,2014,,94.0,,,0,0,N,0.0,0.0,0.0,,,,,,,,36.01243,-86.73956,True,Crashes_2010_2019_MPO
101365467,2016-09-20,2016,,19.0,,,0,0,N,0.0,0.0,0.0,,,,,,,,35.99631,-86.68908,False,Crashes_2010_2019_MPO
102032295,2018-06-01,2018,,94.0,,,0,0,Y,0.0,0.0,1.0,,,,,,,,35.92963,-86.82029,False,Crashes_2010_2019_MPO
101477042,2016-12-14,2016,,94.0,,,0,0,N,0.0,0.0,0.0,,,,,,,,36.02362,-86.75702,False,Crashes_2010_2019_MPO
101740050,2017-08-24,2017,,94.0,,,0,0,N,0.0,0.0,0.0,,,,,,,,36.02736,-86.78421,True,Crashes_2010_2019_MPO
100314872,2013-04-11,2013,,94.0,,,0,0,N,0.0,0.0,0.0,,,,,,,,35.95213,-86.81797,False,Crashes_2010_2019_MPO
101959249,2018-03-29,2018,,94.0,,,0,0,N,0.0,0.0,0.0,,,,,,,,35.93272,-86.78551,False,Crashes_2010_2019_MPO
101710252,2017-07-17,2017,,94.0,,,0,0,N,0.0,0.0,0.0,,,,,,,,35.95365,-86.71909,False,Crashes_2010_2019_MPO
101915068,2018-02-13,2018,,19.0,,,0,0,N,0.0,0.0,0.0,,,,,,,,36.0437,-86.71307,False,Crashes_2010_2019_MPO
100366294,2013-08-13,2013,,94.0,,,0,0,N,0.0,0.0,0.0,,,,,,,,36.03408,-86.80157,True,Crashes_2010_2019_MPO
102481377,2019-08-18,2019,,19.0,,,0,0,N,0.0,0.0,0.0,,,,,,,,36.04162,-86.74921,False,Crashes_2010_2019_MPO
101966632,2018-04-04,2018,,19.0,,,0,0,N,0.0,0.0,0.0,,,,,,,,36.04051,-86.7455,False,Crashes_2010_2019_MPO
102494970,2019-08-31,2019,,19.0,,,0,0,N,0.0,0.0,0.0,,,,,,,,36.04342,-86.6924,False,Crashes_2010_2019_MPO
102036509,2018-06-08,2018,,19.0,,,0,0,N,0.0,0.0,0.0,,,,,,,,36.0374,-86.78657,False,Crashes_2010_2019_MPO
100417163,2013-12-10,2013,,94.0,,,0,0,N,0.0,0.0,0.0,,,,,,,,35.95795,-86.80256,False,Crashes_2010_2019_MPO
102148111,2018-09-17,2018,,19.0,,,0,0,N,0.0,0.0,0.0,,,,,,,,36.04591,-86.71333,False,Crashes_2010_2019_MPO
101032452,2015-11-19,2015,,94.0,,,0,0,N,0.0,0.0,0.0,,,,,,,,35.92957,-86.84187,False,Crashes_2010_2019_MPO
102561137,2019-11-07,2019,,94.0,,,0,0,N,0.0,0.0,0.0,,,,,,,,35.93292,-86.78285,False,Crashes_2010_2019_MPO
100584678,2014-07-18,2014,,94.0,,,0,0,N,0.0,0.0,0.0,,,,,,,,35.96753,-86.71091,True,Crashes_2010_2019_MPO
101836387,2017-11-24,2017,,19.0,,,0,0,N,0.0,0.0,0.0,,,,,,,,36.04565,-86.71037,False,Crashes_2010_2019_MPO
102320707,2019-03-04,2019,,94.0,,,0,0,N,0.0,0.0,0.0,,,,,,,,35.95254,-86.81233,False,Crashes_2010_2019_MPO
101970554,2018-04-07,2018,,94.0,,,0,0,N,0.0,0.0,0.0,,,,,,,,35.99004,-86.74528,True,Crashes_2010_2019_MPO
102085767,2018-07-23,2018,,94.0,,,0,0,N,0.0,0.0,0.0,,,,,,,,36.03566,-86.7878,True,Crashes_2010_2019_MPO
102008231,2018-05-12,2018,,94.0,,,0,1,N,0.0,1.0,0.0,,,,,,,,35.9524,-86.81777,False,Crashes_2010_2019_MPO
102538943,2019-10-16,2019,,94.0,,,0,0,N,0.0,0.0,0.0,,,,,,,,35.96998,-86.80628,True,Crashes_2010_2019_MPO
102416606,2019-06-10,2019,,19.0,,,0,0,Y,0.0,0.0,1.0,,,,,,,,36.03317,-86.78327,True,Crashes_2010_2019_MPO
101187948,2016-05-05,2016,,94.0,,,0,0,N,0.0,0.0,0.0,,,,,,,,35.997924,-86.799123,True,Crashes_2010_2019_MPO
101000442,2015-10-29,2015,,19.0,,,0,0,N,0.0,0.0,0.0,,,,,,,,36.03968,-86.81643,False,Crashes_2010_2019_MPO
100640223,2014-10-08,2014,,94.0,,,0,0,N,0.0,0.0,0.0,,,,,,,,35.95143,-86.84802,False,Crashes_2010_2019_MPO
100439769,2014-02-06,2014,,94.0,,,0,0,N,0.0,0.0,0.0,,,,,,,,35.96716,-86.81405,True,Crashes_2010_2019_MPO
101191160,2016-05-04,2016,,94.0,,,0,0,N,0.0,0.0,0.0,,,,,,,,35.97647,-86.85664,False,Crashes_2010_2019_MPO
100798823,2015-03-26,2015,,94.0,,,0,0,N,0.0,0.0,0.0,,,,,,,,35.92802,-86.71749,False,Crashes_2010_2019_MPO
102594146,2019-12-11,2019,,19.0,,,0,0,N,0.0,0.0,0.0,,,,,,,,36.03971,-86.75895,False,Crashes_2010_2019_MPO
101629534,2017-04-29,2017,,94.0,,,0,0,N,0.0,0.0,0.0,,,,,,,,35.94489,-86.82843,False,Crashes_2010_2019_MPO
101073341,2016-01-07,2016,,19.0,,,0,0,N,0.0,0.0,0.0,,,,,,,,36.04658,-86.71341,False,Crashes_2010_2019_MPO
101852515,2017-12-08,2017,,94.0,,,0,0,N,0.0,0.0,0.0,,,,,,,,35.93564,-86.82449,False,Crashes_2010_2019_MPO
101587719,2017-03-14,2017,,94.0,,,0,0,N,0.0,0.0,0.0,,,,,,,,35.97372,-86.80523,True,Crashes_2010_2019_MPO
101562634,2017-02-22,2017,,94.0,,,0,0,N,0.0,0.0,0.0,,,,,,,,35.92657,-86.86993,False,Crashes_2010_2019_MPO
102432290,2019-06-29,2019,,94.0,,,0,0,N,0.0,0.0,0.0,,,,,,,,35.96679,-86.8119,True,Crashes_2010_2019_MPO
101530869,2017-01-21,2017,,94.0,,,0,0,N,0.0,0.0,0.0,,,,,,,,35.96716,-86.81351,True,Crashes_2010_2019_MPO
101104637,2016-02-12,2016,,19.0,,,0,0,N,0.0,0.0,0.0,,,,,,,,36.02255,-86.68057,False,Crashes_2010_2019_MPO
100402977,2013-11-04,2013,,94.0,,,0,0,N,0.0,0.0,0.0,,,,,,,,35.98907,-86.68166,False,Crashes_2010_2019_MPO
100412033,2013-11-26,2013,,94.0,,,0,0,N,0.0,0.0,0.0,,,,,,,,35.97658,-86.80424,True,Crashes_2010_2019_MPO