mstrrecnbr,collision_ts,year,county,countystat,crash,crash_type,fatalities,non_motorists,commercial,fatal_c,nonmotor_c,truck_c,fatalc,serious_injuries,ped,bike,lighting,weather,first_harmful_event,latitude,longitude,in_city,src_layer
101390274,2016-09-26,2016,,19.0,,,0,0,N,0.0,0.0,0.0,,,,,,,,36.05159,-86.74321,False,Crashes_2010_2019_MPO
101036276,2015-11-25,2015,,19.0,,,0,0,N,0.0,0.0,0.0,,,,,,,,36.02547,-86.71305,False,Crashes_2010_2019_MPO
101613393,2017-04-13,2017,,94.0,,,0,0,N,0.0,0.0,0.0,,,,,,,,35.93507,-86.82244,False,Crashes_2010_2019_MPO
101913877,2018-02-12,2018,,94.0,,,0,0,N,0.0,0.0,0.0,,,,,,,,35.96673,-86.80907,True,Crashes_2010_2019_MPO
102467691,2019-08-04,2019,,94.0,,,0,0,N,0.0,0.0,0.0,,,,,,,,35.96666,-86.80923,True,Crashes_2010_2019_MPO
101979766,2018-04-16,2018,,94.0,,,0,0,N,0.0,0.0,0.0,,,,,,,,35.989,-86.7412,True,Crashes_2010_2019_MPO
102531963,2019-10-07,2019,,94.0,,,0,0,Y,0.0,0.0,1.0,,,,,,,,36.03319,-86.7876,True,Crashes_2010_2019_MPO
101886652,2018-01-14,2018,,19.0,,,0,0,N,0.0,0.0,0.0,,,,,,,,36.04103,-86.74627,False,Crashes_2010_2019_MPO
101077476,2016-01-12,2016,,94.0,,,0,0,N,0.0,0.0,0.0,,,,,,,,35.93466,-86.86086,False,Crashes_2010_2019_MPO
102108945,2018-08-13,2018,,19.0,,,0,0,N,0.0,0.0,0.0,,,,,,,,36.03047,-86.74398,False,Crashes_2010_2019_MPO
102267030,2019-01-04,2019,,94.0,,,0,0,N,0.0,0.0,0.0,,,,,,,,35.96597,-86.82037,True,Crashes_2010_2019_MPO
101745878,2017-08-30,2017,,94.0,,,0,0,N,0.0,0.0,0.0,,,,,,,,35.93605,-86.82619,False,Crashes_2010_2019_MPO
101989962,2018-04-26,2018,,94.0,,,0,0,N,0.0,0.0,0.0,,,,,,,,36.00593,-86.78902,True,Crashes_2010_2019_MPO
101893248,2018-01-20,2018,,94.0,,,0,0,N,0.0,0.0,0.0,,,,,,,,35.92423,-86.87097,False,Crashes_2010_2019_MPO
101671629,2017-06-12,2017,,94.0,,,0,0,N,0.0,0.0,0.0,,,,,,,,35.97765,-86.77678,True,Crashes_2010_2019_MPO
101936924,2018-03-07,2018,,94.0,,,0,0,N,0.0,0.0,0.0,,,,,,,,35.95102,-86.80784,False,Crashes_2010_2019_MPO
102553111,2019-10-30,2019,,94.0,,,0,0,N,0.0,0.0,0.0,,,,,,,,36.03336,-86.78872,True,Crashes_2010_2019_MPO
100752352,2015-02-24,2015,,19.0,,,0,0,N,0.0,0.0,0.0,,,,,,,,36.01238,-86.68811,False,Crashes_2010_2019_MPO
100735252,2015-02-10,2015,,94.0,,,0,0,N,0.0,0.0,0.0,,,,,,,,35.92952,-86.8647,False,Crashes_2010_2019_MPO
102276840,2019-01-14,2019,,94.0,,,0,0,N,0.0,0.0,0.0,,,,,,,,35.93219,-86.79405,False,Crashes_2010_2019_MPO
101570553,2017-03-02,2017,,94.0,,,0,0,N,0.0,0.0,0.0,,,,,,,,35.97007,-86.80625,True,Crashes_2010_2019_MPO
101775217,2017-09-28,2017,,94.0,,,0,0,N,0.0,0.0,0.0,,,,,,,,35.99922,-86.80923,True,Crashes_2010_2019_MPO
102256109,2018-12-23,2018,,94.0,,,0,0,N,0.0,0.0,0.0,,,,,,,,35.94167,-86.81611,False,Crashes_2010_2019_MPO
101814541,2017-11-04,2017,,94.0,,,0,0,N,0.0,0.0,0.0,,,,,,,,36.03466,-86.83451,True,Crashes_2010_2019_MPO
102504243,2019-09-09,2019,,94.0,,,0,0,N,0.0,0.0,0.0,,,,,,,,35.97288,-86.82956,True,Crashes_2010_2019_MPO
101645800,2017-05-16,2017,,19.0,,,0,0,N,0.0,0.0,0.0,,,,,,,,36.04167,-86.74388,False,Crashes_2010_2019_MPO
100752031,2015-02-23,2015,,94.0,,,0,0,N,0.0,0.0,0.0,,,,,,,,35.9331,-86.81481,False,Crashes_2010_2019_MPO
102344152,2019-03-28,2019,,94.0,,,0,0,N,0.0,0.0,0.0,,,,,,,,35.96715,-86.81311,True,Crashes_2010_2019_MPO
101145751,2016-03-17,2016,,94.0,,,0,0,N,0.0,0.0,0.0,,,,,,,,35.92345,-86.79456,False,Crashes_2010_2019_MPO
100798944,2015-03-28,2015,,94.0,,,0,0,N,0.0,0.0,0.0,,,,,,,,35.94816,-86.81842,False,Crashes_2010_2019_MPO
100293148,2013-02-15,2013,,94.0,,,0,0,N,0.0,0.0,0.0,,,,,,,,35.98715,-86.80033,True,Crashes_2010_2019_MPO
100735466,2015-02-11,2015,,94.0,,,0,0,N,0.0,0.0,0.0,,,,,,,,35.99657,-86.79708,True,Crashes_2010_2019_MPO
101766559,2017-09-20,2017,,19.0,,,0,0,N,0.0,0.0,0.0,,,,,,,,36.03837,-86.78353,False,Crashes_2010_2019_MPO
102556470,2019-11-02,2019,,94.0,,,0,0,N,0.0,0.0,0.0,,,,,,,,35.96739,-86.81346,True,Crashes_2010_2019_MPO
101819250,2017-11-09,2017,,94.0,,,0,0,N,0.0,0.0,0.0,,,,,,,,35.95692,-86.81079,False,Crashes_2010_2019_MPO
100697053,2014-11-25,2014,,94.0,,,0,0,N,0.0,0.0,0.0,,,,,,,,35.96734,-86.81494,True,Crashes_2010_2019_MPO
101346566,2016-08-26,2016,,94.0,,,0,0,N,0.0,0.0,0.0,,,,,,,,35.967336,-86.80855,True,Crashes_2010_2019_MPO
100310004,2013-03-30,2013,,94.0,,,0,0,N,0.0,0.0,0.0,,,,,,,,35.96611,-86.81007,False,Crashes_2010_2019_MPO
100570520,2014-07-08,2014,,94.0,,,0,0,N,0.0,0.0,0.0,,,,,,,,35.97102,-86.72644,True,Crashes_2010_2019_MPO
100373499,2013-08-30,2013,,94.0,,,0,0,N,0.0,0.0,0.0,,,,,,,,35.92641,-86.82446,False,Crashes_2010_2019_MPO
102501366,2019-09-06,2019,,94.0,,,0,0,N,0.0,0.0,0.0,,,,,,,,35.96372,-86.81053,False,Crashes_2010_2019_MPO
100805282,2015-04-09,2015,,19.0,,,0,0,N,0.0,0.0,0.0,,,,,,,,36.03729,-86.78996,False,Crashes_2010_2019_MPO
102155732,2018-09-24,2018,,19.0,,,0,0,N,0.0,0.0,0.0,,,,,,,,36.03066,-86.78358,True,Crashes_2010_2019_MPO
101744944,2017-08-29,2017,,19.0,,,0,0,N,0.0,0.0,0.0,,,,,,,,36.04045,-86.7699,False,Crashes_2010_2019_MPO
102227965,2018-11-29,2018,,94.0,,,0,0,N,0.0,0.0,0.0,,,,,,,,35.992278,-86.828313,True,Crashes_2010_2019_MPO
100638567,2014-10-05,2014,,94.0,,,0,0,N,0.0,0.0,0.0,,,,,,,,35.96236,-86.81624,True,Crashes_2010_2019_MPO
101468946,2016-12-06,2016,,94.0,,,0,0,N,0.0,0.0,0.0,,,,,,,,36.02173,-86.74267,False,Crashes_2010_2019_MPO
102404644,2019-05-30,2019,,94.0,,,0,0,N,0.0,0.0,0.0,,,,,,,,36.0212,-86.78778,True,Crashes_2010_2019_MPO
100609159,2014-08-22,2014,,94.0,,,0,0,N,0.0,0.0,0.0,,,,,,,,36.03623,-86.80228,True,Crashes_2010_2019_MPO
102368371,2019-04-22,2019,,94.0,,,0,0,N,0.0,0.0,0.0,,,,,,,,35.99922,-86.80923,True,Crashes_2010_2019_MPO
102013273,2018-05-16,2018,,94.0,,,0,0,N,0.0,0.0,0.0,,,,,,,,35.96747,-86.81602,True,Crashes_2010_2019_MPO
101828895,2017-11-17,2017,,94.0,,,0,0,N,0.0,0.0,0.0,,,,,,,,35.94631,-86.8236,False,Crashes_2010_2019_MPO
102351604,2019-04-05,2019,,94.0,,,0,0,N,0.0,0.0,0.0,,,,,,,,35.95586,-86.81728,False,Crashes_2010_2019_MPO
102134876,2018-09-04,2018,,94.0,,,0,0,N,0.0,0.0,0.0,,,,,,,,35.92265,-86.87241,False,Crashes_2010_2019_MPO
100397495,2013-10-29,2013,,94.0,,,0,0,Y,0.0,0.0,1.0,,,,,,,,35.99156,-86.79881,True,Crashes_2010_2019_MPO
102540246,2019-10-17,2019,,94.0,,,0,0,N,0.0,0.0,0.0,,,,,,,,35.92366,-86.86782,False,Crashes_2010_2019_MPO
100913412,2015-07-28,2015,,94.0,,,0,0,N,0.0,0.0,0.0,,,,,,,,35.96518,-86.80021,True,Crashes_2010_2019_MPO
102438094,2019-07-05,2019,,19.0,,,0,0,N,0.0,0.0,0.0,,,,,,,,36.01356,-86.69322,False,Crashes_2010_2019_MPO
101725853,2017-08-10,2017,,94.0,,,0,0,N,0.0,0.0,0.0,,,,,,,,35.93446,-86.81991,False,Crashes_2010_2019_MPO
100718856,2015-01-07,2015,,94.0,,,0,0,N,0.0,0.0,0.0,,,,,,,,35.97016,-86.82094,True,Crashes_2010_2019_MPO
102478887,2019-08-15,2019,,94.0,,,0,0,N,0.0,0.0,0.0,,,,,,,,35.9584,-86.80226,False,Crashes_2010_2019_MPO
100880342,2015-07-02,2015,,19.0,,,0,0,Y,0.0,0.0,1.0,,,,,,,,36.0454,-86.71336,False,Crashes_2010_2019_MPO
100138610,2012-01-17,2012,,94.0,,,0,0,Y,0.0,0.0,1.0,,,,,,,,35.97776,-86.80359,True,Crashes_2010_2019_MPO
102269168,2019-01-07,2019,,19.0,,,0,0,Y,0.0,0.0,1.0,,,,,,,,36.04543,-86.7037,False,Crashes_2010_2019_MPO
100716185,2015-01-02,2015,,94.0,,,0,0,N,0.0,0.0,0.0,,,,,,,,36.01289,-86.80078,True,Crashes_2010_2019_MPO
100939959,2015-08-26,2015,,19.0,,,0,0,N,0.0,0.0,0.0,,,,,,,,36.03196,-86.76284,False,Crashes_2010_2019_MPO
101441093,2016-11-15,2016,,19.0,,,0,0,N,0.0,0.0,0.0,,,,,,,,36.04537,-86.71326,False,Crashes_2010_2019_MPO
101669403,2017-06-09,2017,,94.0,,,0,0,N,0.0,0.0,0.0,,,,,,,,36.03433,-86.78816,True,Crashes_2010_2019_MPO
100850986,2015-05-27,2015,,19.0,,,0,0,N,0.0,0.0,0.0,,,,,,,,36.04086,-86.7726,False,Crashes_2010_2019_MPO
100321428,2013-04-26,2013,,94.0,,,0,0,N,0.0,0.0,0.0,,,,,,,,35.92935,-86.84421,False,Crashes_2010_2019_MPO
101148219,2016-03-21,2016,,19.0,,,0,0,N,0.0,0.0,0.0,,,,,,,,36.04466,-86.68676,False,Crashes_2010_2019_MPO
101234308,2016-05-27,2016,,94.0,,,0,0,N,0.0,0.0,0.0,,,,,,,,35.96132,-86.81211,False,Crashes_2010_2019_MPO
102178399,2018-10-14,2018,,19.0,,,0,0,N,0.0,0.0,0.0,,,,,,,,36.04453,-86.73208,False,Crashes_2010_2019_MPO
102465880,2019-08-02,2019,,19.0,,,0,0,N,0.0,0.0,0.0,,,,,,,,36.0473,-86.86274,False,Crashes_2010_2019_MPO
102439865,2019-07-06,2019,,19.0,,,0,0,N,0.0,0.0,0.0,,,,,,,,36.0417,-86.74862,False,Crashes_2010_2019_MPO
102320502,2019-03-03,2019,,19.0,,,0,0,N,0.0,0.0,0.0,,,,,,,,36.05366,-86.71502,False,Crashes_2010_2019_MPO
101041923,2015-12-01,2015,,94.0,,,0,0,N,0.0,0.0,0.0,,,,,,,,35.93986,-86.87951,False,Crashes_2010_2019_MPO
101300120,2016-07-21,2016,,19.0,,,0,0,N,0.0,0.0,0.0,,,,,,,,36.03997,-86.78091,False,Crashes_2010_2019_MPO
100596878,2014-08-17,2014,,94.0,,,0,0,N,0.0,0.0,0.0,,,,,,,,35.97071,-86.72612,True,Crashes_2010_2019_MPO
101625376,2017-04-24,2017,,94.0,,,0,0,N,0.0,0.0,0.0,,,,,,,,35.96664,-86.81005,True,Crashes_2010_2019_MPO
100335532,2013-05-30,2013,,94.0,,,0,0,N,0.0,0.0,0.0,,,,,,,,35.99551,-86.77889,True,Crashes_2010_2019_MPO
102421862,2019-06-17,2019,,94.0,,,0,0,N,0.0,0.0,0.0,,,,,,,,35.9659,-86.81143,False,Crashes_2010_2019_MPO
102034010,2018-06-05,2018,,19.0,,,0,0,N,0.0,0.0,0.0,,,,,,,,36.03357,-86.76404,False,Crashes_2010_2019_MPO
100137567,2012-01-13,2012,,94.0,,,0,0,N,0.0,0.0,0.0,,,,,,,,35.93732,-86.87883,False,Crashes_2010_2019_MPO
102196355,2018-10-31,2018,,94.0,,,0,0,N,0.0,0.0,0.0,,,,,,,,35.96663,-86.81123,True,Crashes_2010_2019_MPO
101477041,2016-12-14,2016,,94.0,,,0,0,N,0.0,0.0,0.0,,,,,,,,35.93997,-86.85702,False,Crashes_2010_2019_MPO
102235921,2018-12-05,2018,,19.0,,,0,0,N,0.0,0.0,0.0,,,,,,,,36.04558,-86.85468,False,Crashes_2010_2019_MPO
102474704,2019-08-11,2019,,94.0,,,0,0,N,0.0,0.0,0.0,,,,,,,,35.96497,-86.81572,True,Crashes_2010_2019_MPO
101270171,2016-06-21,2016,,94.0,,,0,0,N,0.0,0.0,0.0,,,,,,,,35.96721,-86.8139,True,Crashes_2010_2019_MPO
101634013,2017-05-04,2017,,19.0,,,0,0,N,0.0,0.0,0.0,,,,,,,,36.03788,-86.78646,False,Crashes_2010_2019_MPO
101733080,2017-08-17,2017,,94.0,,,0,0,N,0.0,0.0,0.0,,,,,,,,35.97741,-86.77677,True,Crashes_2010_2019_MPO
100714695,2014-12-23,2014,,94.0,,,0,0,N,0.0,0.0,0.0,,,,,,,,35.93407,-86.8191,False,Crashes_2010_2019_MPO
100982117,2015-10-19,2015,,19.0,,,0,0,N,0.0,0.0,0.0,,,,,,,,36.03987,-86.78102,False,Crashes_2010_2019_MPO
101532282,2017-01-20,2017,,94.0,,,0,0,N,0.0,0.0,0.0,,,,,,,,35.93551,-86.82336,False,Crashes_2010_2019_MPO
100753869,2015-02-14,2015,,19.0,,,1,0,N,1.0,0.0,0.0,,,,,,,,36.021198,-86.737358,False,Crashes_2010_2019_MPO
100439754,2014-02-06,2014,,94.0,,,0,0,N,0.0,0.0,0.0,,,,,,,,35.94761,-86.81992,False,Crashes_2010_2019_MPO
102475369,2019-08-12,2019,,94.0,,,0,0,N,0.0,0.0,0.0,,,,,,,,36.0252,-86.78535,True,Crashes_2010_2019_MPO
101770011,2017-09-23,2017,,94.0,,,0,0,N,0.0,0.0,0.0,,,,,,,,35.92907,-86.84196,False,Crashes_2010_2019_MPO
101685575,2017-06-28,2017,,94.0,,,0,0,N,0.0,0.0,0.0,,,,,,,,36.02031,-86.79602,True,Crashes_2010_2019_MPO
101539919,2017-01-31,2017,,94.0,,,0,0,N,0.0,0.0,0.0,,,,,,,,36.03175,-86.78961,True,Crashes_2010_2019_MPO
101074552,2016-01-09,2016,,94.0,,,0,0,N,0.0,0.0,0.0,,,,,,,,36.00615,-86.78033,True,Crashes_2010_2019_MPO
102462329,2019-07-30,2019,,19.0,,,0,0,N,0.0,0.0,0.0,,,,,,,,36.03968,-86.78158,False,Crashes_2010_2019_MPO
101270651,2016-06-07,2016,,19.0,,,0,0,N,0.0,0.0,0.0,,,,,,,,36.03689,-86.74349,False,Crashes_2010_2019_MPO
100804907,2015-04-09,2015,,19.0,,,0,0,N,0.0,0.0,0.0,,,,,,,,36.04574,-86.70917,False,Crashes_2010_2019_MPO
101552337,2017-02-12,2017,,19.0,,,0,0,N,0.0,0.0,0.0,,,,,,,,36.04321,-86.78133,False,Crashes_2010_2019_MPO
102258295,2018-12-19,2018,,94.0,,,0,0,N,0.0,0.0,0.0,,,,,,,,35.99573,-86.77891,True,Crashes_2010_2019_MPO
102415580,2019-06-10,2019,,94.0,,,0,0,N,0.0,0.0,0.0,,,,,,,,35.94593,-86.87236,False,Crashes_2010_2019_MPO
102478412,2019-08-15,2019,,94.0,,,0,0,N,0.0,0.0,0.0,,,,,,,,35.92538,-86.86857,False,Crashes_2010_2019_MPO
101400305,2016-10-10,2016,,94.0,,,0,0,N,0.0,0.0,0.0,,,,,,,,35.93374,-86.81779,False,Crashes_2010_2019_MPO
100734458,2015-02-09,2015,,19.0,,,0,0,N,0.0,0.0,0.0,,,,,,,,36.04039,-86.81684,False,Crashes_2010_2019_MPO
100979799,2015-10-15,2015,,94.0,,,0,0,N,0.0,0.0,0.0,,,,,,,,36.027092,-86.791336,True,Crashes_2010_2019_MPO
101153537,2016-03-28,2016,,19.0,,,0,0,N,0.0,0.0,0.0,,,,,,,,36.04025,-86.76816,False,Crashes_2010_2019_MPO
102112476,2018-08-17,2018,,94.0,,,0,0,N,0.0,0.0,0.0,,,,,,,,35.92991,-86.81361,False,Crashes_2010_2019_MPO
102156596,2018-09-25,2018,,19.0,,,0,0,N,0.0,0.0,0.0,,,,,,,,36.03993,-86.76839,False,Crashes_2010_2019_MPO
100377859,2013-09-11,2013,,94.0,,,0,0,N,0.0,0.0,0.0,,,,,,,,35.93129,-86.79323,False,Crashes_2010_2019_MPO
100642793,2014-10-13,2014,,94.0,,,0,0,N,0.0,0.0,0.0,,,,,,,,35.99735,-86.79489,True,Crashes_2010_2019_MPO
101318084,2016-08-01,2016,,94.0,,,0,0,N,0.0,0.0,0.0,,,,,,,,35.9583,-86.8023,False,Crashes_2010_2019_MPO
102207466,2018-11-11,2018,,19.0,,,0,0,N,0.0,0.0,0.0,,,,,,,,36.05018,-86.69149,False,Crashes_2010_2019_MPO
102597335,2019-12-14,2019,,19.0,,,0,0,N,0.0,0.0,0.0,,,,,,,,36.05376,-86.7137,False,Crashes_2010_2019_MPO
102498418,2019-09-04,2019,,19.0,,,0,0,N,0.0,0.0,0.0,,,,,,,,36.05294,-86.69696,False,Crashes_2010_2019_MPO
101564419,2017-02-24,2017,,94.0,,,0,0,N,0.0,0.0,0.0,,,,,,,,35.9394,-86.81689,False,Crashes_2010_2019_MPO
101684390,2017-06-27,2017,,94.0,,,0,0,N,0.0,0.0,0.0,,,,,,,,36.01689,-86.78609,True,Crashes_2010_2019_MPO
100705250,2014-12-11,2014,,94.0,,,0,0,N,0.0,0.0,0.0,,,,,,,,35.94888,-86.81964,False,Crashes_2010_2019_MPO
101102013,2016-02-08,2016,,19.0,,,0,0,N,0.0,0.0,0.0,,,,,,,,36.04561,-86.71076,False,Crashes_2010_2019_MPO
101643751,2017-05-13,2017,,19.0,,,0,0,N,0.0,0.0,0.0,,,,,,,,36.04632,-86.81615,False,Crashes_2010_2019_MPO
101488609,2016-12-27,2016,,19.0,,,0,0,N,0.0,0.0,0.0,,,,,,,,36.02722,-86.71278,False,Crashes_2010_2019_MPO
100588538,2014-07-28,2014,,94.0,,,0,0,N,0.0,0.0,0.0,,,,,,,,35.94323,-86.82074,False,Crashes_2010_2019_MPO
10379048,2011-02-10,2011,,19.0,,,0,0, ,0.0,0.0,0.0,,,,,,,,36.031397,-86.754465,False,Crashes_2010_2019_MPO
102545547,2019-10-22,2019,,19.0,,,0,0,N,0.0,0.0,0.0,,,,,,,,36.04685,-86.67941,False,Crashes_2010_2019_MPO
102554419,2019-10-31,2019,,94.0,,,0,0,N,0.0,0.0,0.0,,,,,,,,35.96206,-86.80903,False,Crashes_2010_2019_MPO
100456875,2014-02-24,2014,,94.0,,,0,0,N,0.0,0.0,0.0,,,,,,,,35.94468,-86.80929,False,Crashes_2010_2019_MPO
101721742,2017-08-05,2017,,94.0,,,0,1,N,0.0,1.0,0.0,,,,,,,,35.92924,-86.85316,False,Crashes_2010_2019_MPO
101646465,2017-05-16,2017,,94.0,,,0,0,N,0.0,0.0,0.0,,,,,,,,36.035873,-86.78704,True,Crashes_2010_2019_MPO
100302390,2013-03-12,2013,,94.0,,,0,0,N,0.0,0.0,0.0,,,,,,,,35.9469,-86.86762,False,Crashes_2010_2019_MPO
101196830,2016-05-17,2016,,94.0,,,0,0,N,0.0,0.0,0.0,,,,,,,,35.92609,-86.87139,False,Crashes_2010_2019_MPO
100769572,2015-03-09,2015,,94.0,,,0,0,N,0.0,0.0,0.0,,,,,,,,35.94421,-86.81975,False,Crashes_2010_2019_MPO
100981631,2015-10-15,2015,,94.0,,,0,0,N,0.0,0.0,0.0,,,,,,,,35.9759,-86.67823,False,Crashes_2010_2019_MPO
102561335,2019-11-07,2019,,94.0,,,0,0,N,0.0,0.0,0.0,,,,,,,,36.00578,-86.86269,False,Crashes_2010_2019_MPO
101194918,2016-05-13,2016,,94.0,,,0,0,N,0.0,0.0,0.0,,,,,,,,35.94137,-86.83791,False,Crashes_2010_2019_MPO
100735685,2015-02-11,2015,,94.0,,,0,0,N,0.0,0.0,0.0,,,,,,,,35.96708,-86.81354,True,Crashes_2010_2019_MPO
100942522,2015-08-31,2015,,94.0,,,0,0,N,0.0,0.0,0.0,,,,,,,,35.9737,-86.83272,True,Crashes_2010_2019_MPO
100397147,2013-10-28,2013,,94.0,,,0,0,N,0.0,0.0,0.0,,,,,,,,35.97102,-86.72644,True,Crashes_2010_2019_MPO
101390440,2016-09-26,2016,,94.0,,,0,0,N,0.0,0.0,0.0,,,,,,,,35.92274,-86.78575,False,Crashes_2010_2019_MPO
102343351,2019-03-28,2019,,94.0,,,0,0,N,0.0,0.0,0.0,,,,,,,,35.9259,-86.87307,False,Crashes_2010_2019_MPO
102332390,2019-03-16,2019,,19.0,,,0,0,N,0.0,0.0,0.0,,,,,,,,36.0374,-86.78657,False,Crashes_2010_2019_MPO
102309431,2019-02-18,2019,,94.0,,,0,0,N,0.0,0.0,0.0,,,,,,,,35.96528,-86.80035,True,Crashes_2010_2019_MPO
101463183,2016-11-29,2016,,94.0,,,0,0,N,0.0,0.0,0.0,,,,,,,,35.97323,-86.83265,True,Crashes_2010_2019_MPO
102454799,2019-07-19,2019,,94.0,,,0,0,Y,0.0,0.0,1.0,,,,,,,,35.93402,-86.71273,False,Crashes_2010_2019_MPO
100705694,2014-12-12,2014,,19.0,,,0,0,N,0.0,0.0,0.0,,,,,,,,36.04189,-86.82461,False,Crashes_2010_2019_MPO
101990026,2018-04-26,2018,,94.0,,,0,0,N,0.0,0.0,0.0,,,,,,,,36.01375,-86.73829,False,Crashes_2010_2019_MPO
102166477,2018-10-04,2018,,19.0,,,0,0,N,0.0,0.0,0.0,,,,,,,,36.04299,-86.84217,False,Crashes_2010_2019_MPO
101433610,2016-11-07,2016,,94.0,,,0,0,N,0.0,0.0,0.0,,,,,,,,35.94683,-86.85172,False,Crashes_2010_2019_MPO
101678529,2017-06-19,2017,,94.0,,,0,0,N,0.0,0.0,0.0,,,,,,,,35.93446,-86.81991,False,Crashes_2010_2019_MPO
100975370,2015-10-07,2015,,94.0,,,0,0,N,0.0,0.0,0.0,,,,,,,,35.95523,-86.76703,True,Crashes_2010_2019_MPO
102116261,2018-08-20,2018,,94.0,,,0,0,N,0.0,0.0,0.0,,,,,,,,35.9667,-86.8091,True,Crashes_2010_2019_MPO
100726322,2015-01-23,2015,,19.0,,,0,0,N,0.0,0.0,0.0,,,,,,,,36.03402,-86.75881,False,Crashes_2010_2019_MPO
100222931,2012-08-31,2012,,94.0,,,0,0,N,0.0,0.0,0.0,,,,,,,,35.98098,-86.8027,True,Crashes_2010_2019_MPO
100970340,2015-09-30,2015,,19.0,,,0,0,N,0.0,0.0,0.0,,,,,,,,36.04526,-86.71704,False,Crashes_2010_2019_MPO
102463315,2019-07-31,2019,,19.0,,,0,0,N,0.0,0.0,0.0,,,,,,,,36.04155,-86.74385,False,Crashes_2010_2019_MPO
101499934,2017-01-09,2017,,94.0,,,0,0,N,0.0,0.0,0.0,,,,,,,,35.93487,-86.82144,False,Crashes_2010_2019_MPO
101440349,2016-11-15,2016,,94.0,,,0,0,N,0.0,0.0,0.0,,,,,,,,35.93425,-86.81869,False,Crashes_2010_2019_MPO
100716510,2015-01-01,2015,,19.0,,,0,0,N,0.0,0.0,0.0,,,,,,,,36.04668,-86.67858,False,Crashes_2010_2019_MPO
102119618,2018-08-23,2018,,94.0,,,0,0,N,0.0,0.0,0.0,,,,,,,,35.94662,-86.85078,False,Crashes_2010_2019_MPO
102065924,2018-07-06,2018,,94.0,,,0,0,N,0.0,0.0,0.0,,,,,,,,35.93479,-86.77733,False,Crashes_2010_2019_MPO
101124793,2016-02-29,2016,,94.0,,,0,0,N,0.0,0.0,0.0,,,,,,,,35.96312,-86.81897,True,Crashes_2010_2019_MPO
102506760,2019-09-12,2019,,94.0,,,0,0,N,0.0,0.0,0.0,,,,,,,,35.92325,-86.87176,False,Crashes_2010_2019_MPO
10417084,2011-03-09,2011,,19.0,,,0,0, ,0.0,0.0,0.0,,,,,,,,36.046825,-86.678964,False,Crashes_2010_2019_MPO
101599950,2017-03-31,2017,,19.0,,,0,0,N,0.0,0.0,0.0,,,,,,,,36.0406,-86.78197,False,Crashes_2010_2019_MPO
101092499,2016-01-22,2016,,94.0,,,0,0,N,0.0,0.0,0.0,,,,,,,,35.99603,-86.78433,True,Crashes_2010_2019_MPO
102003948,2018-05-08,2018,,94.0,,,0,0,N,0.0,0.0,0.0,,,,,,,,36.01286,-86.80081,True,Crashes_2010_2019_MPO
100159064,2012-03-17,2012,,94.0,,,0,0,N,0.0,0.0,0.0,,,,,,,,36.03322,-86.78532,True,Crashes_2010_2019_MPO
102273505,2019-01-11,2019,,19.0,,,0,0,N,0.0,0.0,0.0,,,,,,,,36.01978,-86.74213,False,Crashes_2010_2019_MPO
100826683,2015-05-01,2015,,94.0,,,0,0,N,0.0,0.0,0.0,,,,,,,,36.02284,-86.83171,True,Crashes_2010_2019_MPO
102596776,2019-12-13,2019,,94.0,,,0,0,N,0.0,0.0,0.0,,,,,,,,36.01343,-86.80337,True,Crashes_2010_2019_MPO
101190994,2016-05-09,2016,,94.0,,,0,0,N,0.0,0.0,0.0,,,,,,,,35.96499,-86.8059,False,Crashes_2010_2019_MPO
102391508,2019-05-16,2019,,94.0,,,0,0,N,0.0,0.0,0.0,,,,,,,,35.97716,-86.87622,False,Crashes_2010_2019_MPO
101274160,2016-06-27,2016,,94.0,,,0,0,N,0.0,0.0,0.0,,,,,,,,35.95275,-86.81794,False,Crashes_2010_2019_MPO
102593459,2019-12-10,2019,,94.0,,,0,0,N,0.0,0.0,0.0,,,,,,,,35.95078,-86.80647,False,Crashes_2010_2019_MPO
100697211,2014-11-26,2014,,19.0,,,0,0,N,0.0,0.0,0.0,,,,,,,,36.03735,-86.78656,False,Crashes_2010_2019_MPO
100404945,2013-11-14,2013,,94.0,,,0,0,N,0.0,0.0,0.0,,,,,,,,35.93958,-86.81719,False,Crashes_2010_2019_MPO
102167973,2018-10-05,2018,,94.0,,,0,0,N,0.0,0.0,0.0,,,,,,,,36.02257,-86.7868,True,Crashes_2010_2019_MPO
101757619,2017-09-11,2017,,94.0,,,0,0,N,0.0,0.0,0.0,,,,,,,,35.96199,-86.81523,False,Crashes_2010_2019_MPO
100150932,2012-02-23,2012,,94.0,,,0,0,N,0.0,0.0,0.0,,,,,,,,36.0157,-86.84547,True,Crashes_2010_2019_MPO
101120435,2016-02-22,2016,,94.0,,,0,0,N,0.0,0.0,0.0,,,,,,,,35.94477,-86.82853,False,Crashes_2010_2019_MPO
100633397,2014-09-24,2014,,94.0,,,0,0,N,0.0,0.0,0.0,,,,,,,,35.95078,-86.80645,False,Crashes_2010_2019_MPO
100997151,2015-10-26,2015,,19.0,,,0,0,N,0.0,0.0,0.0,,,,,,,,36.04149,-86.78246,False,Crashes_2010_2019_MPO
101321821,2016-08-05,2016,,94.0,,,0,0,N,0.0,0.0,0.0,,,,,,,,35.93223,-86.79404,False,Crashes_2010_2019_MPO
101930478,2018-03-01,2018,,94.0,,,0,0,N,0.0,0.0,0.0,,,,,,,,36.03318,-86.78282,True,Crashes_2010_2019_MPO
102570792,2019-11-16,2019,,94.0,,,0,0,N,0.0,0.0,0.0,,,,,,,,35.96316,-86.81903,True,Crashes_2010_2019_MPO
101011020,2015-11-17,2015,,19.0,,,0,0,N,0.0,0.0,0.0,,,,,,,,35.99687,-86.68989,False,Crashes_2010_2019_MPO