mstrrecnbr,collision_ts,year,county,countystat,crash,crash_type,fatalities,non_motorists,commercial,fatal_c,nonmotor_c,truck_c,fatalc,serious_injuries,ped,bike,lighting,weather,first_harmful_event,latitude,longitude,in_city,src_layer
100720868,2015-01-12,2015,,19.0,,,0,0,N,0.0,0.0,0.0,,,,,,,,36.04277,-86.78207,False,Crashes_2010_2019_MPO
102157292,2018-09-25,2018,,94.0,,,0,0,N,0.0,0.0,0.0,,,,,,,,36.03016,-86.79048,True,Crashes_2010_2019_MPO
100252837,2012-11-13,2012,,94.0,,,0,0,Y,0.0,0.0,1.0,,,,,,,,35.99583,-86.78225,True,Crashes_2010_2019_MPO
102094551,2018-08-01,2018,,94.0,,,0,0,N,0.0,0.0,0.0,,,,,,,,35.93191,-86.794,False,Crashes_2010_2019_MPO
100402394,2013-11-08,2013,,94.0,,,0,0,N,0.0,0.0,0.0,,,,,,,,35.92379,-86.79462,False,Crashes_2010_2019_MPO
102048418,2018-06-19,2018,,94.0,,,0,0,N,0.0,0.0,0.0,,,,,,,,35.97092,-86.7099,True,Crashes_2010_2019_MPO
100499750,2014-04-23,2014,,94.0,,,0,0,N,0.0,0.0,0.0,,,,,,,,35.99403,-86.76266,True,Crashes_2010_2019_MPO
100592099,2014-08-06,2014,,94.0,,,0,0,N,0.0,0.0,0.0,,,,,,,,35.95889,-86.81597,False,Crashes_2010_2019_MPO
102171885,2018-10-05,2018,,94.0,,,0,0,N,0.0,0.0,0.0,,,,,,,,35.92983,-86.82022,False,Crashes_2010_2019_MPO
101348464,2016-08-24,2016,,19.0,,,0,0,N,0.0,0.0,0.0,,,,,,,,36.03967,-86.78159,False,Crashes_2010_2019_MPO
100996218,2015-10-23,2015,,19.0,,,0,0,N,0.0,0.0,0.0,,,,,,,,36.03736,-86.78696,False,Crashes_2010_2019_MPO
100509639,2014-05-10,2014,,94.0,,,0,0,N,0.0,0.0,0.0,,,,,,,,35.93549,-86.8255,False,Crashes_2010_2019_MPO
102565342,2019-11-11,2019,,19.0,,,0,0,N,0.0,0.0,0.0,,,,,,,,36.04522,-86.71479,False,Crashes_2010_2019_MPO
100637396,2014-10-03,2014,,19.0,,,0,0,N,0.0,0.0,0.0,,,,,,,,36.05073,-86.73162,False,Crashes_2010_2019_MPO
102190993,2018-10-26,2018,,94.0,,,0,0,N,0.0,0.0,0.0,,,,,,,,36.01171,-86.73226,False,Crashes_2010_2019_MPO
102566569,2019-11-13,2019,,19.0,,,0,0,N,0.0,0.0,0.0,,,,,,,,36.04331,-86.84368,False,Crashes_2010_2019_MPO
102557781,2019-11-04,2019,,19.0,,,0,0,N,0.0,0.0,0.0,,,,,,,,35.99349,-86.68562,False,Crashes_2010_2019_MPO
102535345,2019-10-11,2019,,94.0,,,0,0,N,0.0,0.0,0.0,,,,,,,,35.9771,-86.77135,True,Crashes_2010_2019_MPO
100735434,2015-02-11,2015,,19.0,,,0,0,N,0.0,0.0,0.0,,,,,,,,36.00346,-86.698,False,Crashes_2010_2019_MPO
100413244,2013-12-01,2013,,94.0,,,0,0,N,0.0,0.0,0.0,,,,,,,,35.94707,-86.8219,False,Crashes_2010_2019_MPO
100418568,2013-12-12,2013,,94.0,,,0,0,N,0.0,0.0,0.0,,,,,,,,35.94738,-86.86652,False,Crashes_2010_2019_MPO
101493110,2016-12-31,2016,,94.0,,,0,0,N,0.0,0.0,0.0,,,,,,,,35.96681,-86.81119,True,Crashes_2010_2019_MPO
102604534,2019-12-21,2019,,94.0,,,0,0,N,0.0,0.0,0.0,,,,,,,,35.96617,-86.81392,False,Crashes_2010_2019_MPO
102497959,2019-09-03,2019,,94.0,,,0,0,N,0.0,0.0,0.0,,,,,,,,35.99583,-86.78225,True,Crashes_2010_2019_MPO
102419169,2019-06-14,2019,,94.0,,,0,0,N,0.0,0.0,0.0,,,,,,,,35.95721,-86.84339,False,Crashes_2010_2019_MPO
101624963,2017-04-24,2017,,94.0,,,0,0,N,0.0,0.0,0.0,,,,,,,,35.96578,-86.82066,True,Crashes_2010_2019_MPO
101649347,2017-05-19,2017,,19.0,,,0,0,N,0.0,0.0,0.0,,,,,,,,36.04614,-86.7197,False,Crashes_2010_2019_MPO
101184514,2016-04-30,2016,,94.0,,,0,0,N,0.0,0.0,0.0,,,,,,,,35.94433,-86.8199,False,Crashes_2010_2019_MPO
102483920,2019-08-18,2019,,94.0,,,0,0,N,0.0,0.0,0.0,,,,,,,,35.92666,-86.86818,False,Crashes_2010_2019_MPO
101066773,2015-12-25,2015,,19.0,,,0,0,N,0.0,0.0,0.0,,,,,,,,36.02502,-86.74241,False,Crashes_2010_2019_MPO
102050105,2018-06-21,2018,,94.0,,,0,0,N,0.0,0.0,0.0,,,,,,,,35.94738,-86.82045,False,Crashes_2010_2019_MPO
101157195,2016-04-01,2016,,94.0,,,0,0,N,0.0,0.0,0.0,,,,,,,,35.94705,-86.82129,False,Crashes_2010_2019_MPO
100661571,2014-10-30,2014,,94.0,,,0,0,N,0.0,0.0,0.0,,,,,,,,36.01923,-86.78676,True,Crashes_2010_2019_MPO
102011358,2018-05-15,2018,,94.0,,,0,0,N,0.0,0.0,0.0,,,,,,,,35.99079,-86.75111,True,Crashes_2010_2019_MPO
101179476,2016-04-22,2016,,94.0,,,0,0,N,0.0,0.0,0.0,,,,,,,,36.03464,-86.78831,True,Crashes_2010_2019_MPO
100721067,2015-01-12,2015,,94.0,,,0,0,N,0.0,0.0,0.0,,,,,,,,35.97106,-86.72645,True,Crashes_2010_2019_MPO
101399416,2016-10-08,2016,,94.0,,,0,0,N,0.0,0.0,0.0,,,,,,,,35.95851,-86.80723,False,Crashes_2010_2019_MPO
100700634,2014-12-03,2014,,19.0,,,0,0,N,0.0,0.0,0.0,,,,,,,,36.05151,-86.71443,False,Crashes_2010_2019_MPO
100296068,2013-02-22,2013,,94.0,,,0,0,N,0.0,0.0,0.0,,,,,,,,35.94052,-86.87232,False,Crashes_2010_2019_MPO
102537476,2019-10-14,2019,,94.0,,,0,0,N,0.0,0.0,0.0,,,,,,,,36.00749,-86.78026,True,Crashes_2010_2019_MPO
100219459,2012-08-27,2012,,94.0,,,0,0,Y,0.0,0.0,1.0,,,,,,,,35.97179,-86.80565,True,Crashes_2010_2019_MPO
900119917,2010-08-25,2010,,94.0,,,0,0, ,0.0,0.0,0.0,,,,,,,,35.928299,-86.767303,False,Crashes_2010_2019_MPO
101151638,2016-03-26,2016,,19.0,,,0,0,N,0.0,0.0,0.0,,,,,,,,36.04506,-86.71322,False,Crashes_2010_2019_MPO
101818270,2017-11-08,2017,,94.0,,,0,0,N,0.0,0.0,0.0,,,,,,,,35.95857,-86.81022,False,Crashes_2010_2019_MPO
100643869,2014-10-15,2014,,19.0,,,0,0,N,0.0,0.0,0.0,,,,,,,,36.03846,-86.80321,False,Crashes_2010_2019_MPO
100366454,2013-08-13,2013,,94.0,,,0,0,N,0.0,0.0,0.0,,,,,,,,36.03626,-86.80561,True,Crashes_2010_2019_MPO
102066139,2018-07-06,2018,,94.0,,,0,0,N,0.0,0.0,0.0,,,,,,,,35.96518,-86.80029,True,Crashes_2010_2019_MPO
102322486,2019-03-06,2019,,94.0,,,0,0,N,0.0,0.0,0.0,,,,,,,,35.9506,-86.67993,False,Crashes_2010_2019_MPO
100343838,2013-06-02,2013,,94.0,,,0,0,N,0.0,0.0,0.0,,,,,,,,35.93274,-86.82375,False,Crashes_2010_2019_MPO
100341536,2013-06-13,2013,,94.0,,,0,0,N,0.0,0.0,0.0,,,,,,,,35.95853,-86.84233,False,Crashes_2010_2019_MPO
101491013,2016-12-30,2016,,94.0,,,0,0,N,0.0,0.0,0.0,,,,,,,,36.02844,-86.79142,True,Crashes_2010_2019_MPO
100916815,2015-07-29,2015,,19.0,,,0,0,N,0.0,0.0,0.0,,,,,,,,36.03759,-86.78587,False,Crashes_2010_2019_MPO
101540877,2017-02-01,2017,,94.0,,,0,0,N,0.0,0.0,0.0,,,,,,,,35.92764,-86.8625,False,Crashes_2010_2019_MPO
102580639,2019-11-26,2019,,19.0,,,0,0,N,0.0,0.0,0.0,,,,,,,,36.0444,-86.78041,False,Crashes_2010_2019_MPO
100597274,2014-08-16,2014,,94.0,,,0,0,N,0.0,0.0,0.0,,,,,,,,35.9914,-86.68368,False,Crashes_2010_2019_MPO
102179714,2018-10-16,2018,,94.0,,,0,0,N,0.0,0.0,0.0,,,,,,,,35.94699,-86.81153,False,Crashes_2010_2019_MPO
101827496,2017-11-16,2017,,94.0,,,0,0,N,0.0,0.0,0.0,,,,,,,,36.03689,-86.8019,True,Crashes_2010_2019_MPO
101210278,2016-05-22,2016,,19.0,,,0,0,N,0.0,0.0,0.0,,,,,,,,36.04474,-86.75286,False,Crashes_2010_2019_MPO
102165528,2018-10-01,2018,,94.0,,,0,0,N,0.0,0.0,0.0,,,,,,,,35.94647,-86.83126,False,Crashes_2010_2019_MPO
100437188,2014-01-31,2014,,19.0,,,0,0,Y,0.0,0.0,1.0,,,,,,,,36.03968,-86.78165,False,Crashes_2010_2019_MPO
100238790,2012-10-15,2012,,94.0,,,0,0,N,0.0,0.0,0.0,,,,,,,,35.99782,-86.7989,True,Crashes_2010_2019_MPO
100821186,2015-04-20,2015,,94.0,,,0,0,N,0.0,0.0,0.0,,,,,,,,35.96798,-86.81832,True,Crashes_2010_2019_MPO
100713771,2014-12-27,2014,,94.0,,,0,0,N,0.0,0.0,0.0,,,,,,,,35.94689,-86.85175,False,Crashes_2010_2019_MPO
102022225,2018-05-25,2018,,94.0,,,0,0,N,0.0,0.0,0.0,,,,,,,,35.99765,-86.79742,True,Crashes_2010_2019_MPO
102082917,2018-07-22,2018,,19.0,,,0,0,N,0.0,0.0,0.0,,,,,,,,36.04696,-86.71345,False,Crashes_2010_2019_MPO
101079452,2016-01-18,2016,,94.0,,,0,1,N,0.0,1.0,0.0,,,,,,,,35.97892,-86.80342,True,Crashes_2010_2019_MPO
100834706,2015-05-15,2015,,94.0,,,0,0,Y,0.0,0.0,1.0,,,,,,,,35.97646,-86.82753,True,Crashes_2010_2019_MPO
101962372,2018-03-31,2018,,19.0,,,0,0,N,0.0,0.0,0.0,,,,,,,,36.04222,-86.83169,False,Crashes_2010_2019_MPO
100662981,2014-11-01,2014,,19.0,,,0,0,N,0.0,0.0,0.0,,,,,,,,36.03971,-86.78159,False,Crashes_2010_2019_MPO
100408162,2013-11-19,2013,,94.0,,,0,0,N,0.0,0.0,0.0,,,,,,,,35.93283,-86.8774,False,Crashes_2010_2019_MPO
102033045,2018-06-04,2018,,19.0,,,0,0,N,0.0,0.0,0.0,,,,,,,,36.04149,-86.71098,False,Crashes_2010_2019_MPO
101906408,2018-02-04,2018,,94.0,,,0,0,N,0.0,0.0,0.0,,,,,,,,36.035,-86.78328,True,Crashes_2010_2019_MPO
101432975,2016-11-06,2016,,19.0,,,0,0,N,0.0,0.0,0.0,,,,,,,,36.04303,-86.84244,False,Crashes_2010_2019_MPO
100860587,2015-06-14,2015,,94.0,,,0,0,N,0.0,0.0,0.0,,,,,,,,36.03178,-86.78963,True,Crashes_2010_2019_MPO
100828450,2015-05-04,2015,,94.0,,,0,0,N,0.0,0.0,0.0,,,,,,,,35.9498,-86.81328,False,Crashes_2010_2019_MPO
102552003,2019-10-28,2019,,94.0,,,0,0,N,0.0,0.0,0.0,,,,,,,,36.02997,-86.8309,True,Crashes_2010_2019_MPO
101733017,2017-08-17,2017,,94.0,,,0,0,N,0.0,0.0,0.0,,,,,,,,36.00045,-86.74297,True,Crashes_2010_2019_MPO
100341830,2013-06-14,2013,,94.0,,,0,0,Y,0.0,0.0,1.0,,,,,,,,35.99782,-86.7989,True,Crashes_2010_2019_MPO
102029454,2018-06-01,2018,,19.0,,,0,0,N,0.0,0.0,0.0,,,,,,,,36.05151,-86.71436,False,Crashes_2010_2019_MPO
102380601,2019-05-04,2019,,94.0,,,0,0,N,0.0,0.0,0.0,,,,,,,,35.98595,-86.7141,True,Crashes_2010_2019_MPO
102083797,2018-07-23,2018,,19.0,,,0,0,N,0.0,0.0,0.0,,,,,,,,36.03875,-86.78301,False,Crashes_2010_2019_MPO
101100031,2016-02-05,2016,,94.0,,,0,0,N,0.0,0.0,0.0,,,,,,,,35.93464,-86.82023,False,Crashes_2010_2019_MPO
100696704,2014-11-25,2014,,94.0,,,0,0,N,0.0,0.0,0.0,,,,,,,,35.95551,-86.82582,False,Crashes_2010_2019_MPO
100767855,2015-03-06,2015,,94.0,,,0,0,N,0.0,0.0,0.0,,,,,,,,35.95078,-86.80645,False,Crashes_2010_2019_MPO
101465949,2016-12-02,2016,,94.0,,,0,0,N,0.0,0.0,0.0,,,,,,,,35.95801,-86.80218,False,Crashes_2010_2019_MPO
100485266,2014-04-12,2014,,94.0,,,0,0,N,0.0,0.0,0.0,,,,,,,,36.02512,-86.7854,True,Crashes_2010_2019_MPO
100640483,2014-10-09,2014,,19.0,,,0,0,N,0.0,0.0,0.0,,,,,,,,36.0399,-86.8164,False,Crashes_2010_2019_MPO
101165917,2016-04-16,2016,,94.0,,,0,0,N,0.0,0.0,0.0,,,,,,,,35.92503,-86.86882,False,Crashes_2010_2019_MPO
100878156,2015-06-28,2015,,94.0,,,0,0,N,0.0,0.0,0.0,,,,,,,,35.92743,-86.87513,False,Crashes_2010_2019_MPO
100498864,2014-04-21,2014,,94.0,,,0,0,N,0.0,0.0,0.0,,,,,,,,35.9584,-86.76716,True,Crashes_2010_2019_MPO
101345092,2016-08-24,2016,,19.0,,,0,0,N,0.0,0.0,0.0,,,,,,,,36.0374,-86.79017,False,Crashes_2010_2019_MPO
102036068,2018-06-05,2018,,94.0,,,0,0,N,0.0,0.0,0.0,,,,,,,,36.03362,-86.78321,True,Crashes_2010_2019_MPO
101007327,2015-11-11,2015,,94.0,,,0,0,N,0.0,0.0,0.0,,,,,,,,35.96681,-86.81119,True,Crashes_2010_2019_MPO
101044433,2015-12-03,2015,,94.0,,,0,0,N,0.0,0.0,0.0,,,,,,,,35.94865,-86.8197,False,Crashes_2010_2019_MPO
100657984,2014-10-23,2014,,19.0,,,0,0,Y,0.0,0.0,1.0,,,,,,,,36.04001,-86.74349,False,Crashes_2010_2019_MPO
100571924,2014-07-11,2014,,94.0,,,0,0,N,0.0,0.0,0.0,,,,,,,,35.99859,-86.80553,True,Crashes_2010_2019_MPO
100694166,2014-11-19,2014,,94.0,,,0,0,N,0.0,0.0,0.0,,,,,,,,35.92644,-86.82471,False,Crashes_2010_2019_MPO
100415696,2013-12-03,2013,,94.0,,,0,0,N,0.0,0.0,0.0,,,,,,,,35.93968,-86.67976,False,Crashes_2010_2019_MPO
100406083,2013-11-16,2013,,94.0,,,0,0,N,0.0,0.0,0.0,,,,,,,,35.94959,-86.81948,False,Crashes_2010_2019_MPO
101467047,2016-12-04,2016,,19.0,,,0,0,N,0.0,0.0,0.0,,,,,,,,36.04116,-86.78253,False,Crashes_2010_2019_MPO
101583335,2017-03-15,2017,,94.0,,,0,0,N,0.0,0.0,0.0,,,,,,,,35.97398,-86.67839,False,Crashes_2010_2019_MPO
101832157,2017-11-20,2017,,19.0,,,0,0,N,0.0,0.0,0.0,,,,,,,,36.041,-86.74371,False,Crashes_2010_2019_MPO
100634530,2014-09-26,2014,,19.0,,,0,0,N,0.0,0.0,0.0,,,,,,,,36.00236,-86.69676,False,Crashes_2010_2019_MPO
101315022,2016-07-28,2016,,94.0,,,0,0,N,0.0,0.0,0.0,,,,,,,,35.93374,-86.81767,False,Crashes_2010_2019_MPO
100834700,2015-05-15,2015,,19.0,,,0,0,N,0.0,0.0,0.0,,,,,,,,36.04561,-86.71976,False,Crashes_2010_2019_MPO
101562300,2017-02-22,2017,,94.0,,,0,0,N,0.0,0.0,0.0,,,,,,,,35.96744,-86.81345,True,Crashes_2010_2019_MPO
102012998,2018-05-16,2018,,19.0,,,0,0,N,0.0,0.0,0.0,,,,,,,,36.02432,-86.74238,False,Crashes_2010_2019_MPO
102349740,2019-04-03,2019,,94.0,,,0,0,N,0.0,0.0,0.0,,,,,,,,36.03287,-86.78899,True,Crashes_2010_2019_MPO
101041432,2015-12-02,2015,,94.0,,,0,0,N,0.0,0.0,0.0,,,,,,,,35.95385,-86.80406,False,Crashes_2010_2019_MPO
100219316,2012-08-27,2012,,94.0,,,0,0,N,0.0,0.0,0.0,,,,,,,,36.01683,-86.78607,True,Crashes_2010_2019_MPO
100706114,2014-12-12,2014,,94.0,,,0,0,N,0.0,0.0,0.0,,,,,,,,35.95695,-86.82557,False,Crashes_2010_2019_MPO
10719331,2012-04-12,2012,,19.0,,,0,0, ,0.0,0.0,0.0,,,,,,,,36.043029,-86.712829,False,Crashes_2010_2019_MPO
102575412,2019-11-21,2019,,19.0,,,0,0,N,0.0,0.0,0.0,,,,,,,,36.03935,-86.78198,False,Crashes_2010_2019_MPO
102326563,2019-03-10,2019,,94.0,,,0,0,N,0.0,0.0,0.0,,,,,,,,35.93005,-86.83847,False,Crashes_2010_2019_MPO
101352297,2016-09-02,2016,,94.0,,,0,0,N,0.0,0.0,0.0,,,,,,,,35.92544,-86.86913,False,Crashes_2010_2019_MPO
100440513,2014-02-07,2014,,94.0,,,0,0,N,0.0,0.0,0.0,,,,,,,,35.94109,-86.83863,False,Crashes_2010_2019_MPO
101105429,2016-02-14,2016,,19.0,,,0,0,N,0.0,0.0,0.0,,,,,,,,36.04548,-86.71249,False,Crashes_2010_2019_MPO
102248927,2018-12-14,2018,,94.0,,,0,0,N,0.0,0.0,0.0,,,,,,,,36.00379,-86.79122,True,Crashes_2010_2019_MPO
101568416,2017-02-27,2017,,94.0,,,0,0,N,0.0,0.0,0.0,,,,,,,,35.95618,-86.84422,False,Crashes_2010_2019_MPO
101927410,2018-02-26,2018,,94.0,,,0,0,N,0.0,0.0,0.0,,,,,,,,35.9912,-86.68349,False,Crashes_2010_2019_MPO
102377235,2019-05-01,2019,,94.0,,,0,0,N,0.0,0.0,0.0,,,,,,,,35.92304,-86.81684,False,Crashes_2010_2019_MPO
102362421,2019-04-15,2019,,94.0,,,0,0,N,0.0,0.0,0.0,,,,,,,,35.93976,-86.82138,False,Crashes_2010_2019_MPO
102383835,2019-05-08,2019,,94.0,,,0,0,N,0.0,0.0,0.0,,,,,,,,35.92644,-86.82465,False,Crashes_2010_2019_MPO
100563429,2014-06-20,2014,,94.0,,,0,0,N,0.0,0.0,0.0,,,,,,,,35.93229,-86.82771,False,Crashes_2010_2019_MPO
100349355,2013-07-02,2013,,94.0,,,0,0,N,0.0,0.0,0.0,,,,,,,,35.9649,-86.79312,True,Crashes_2010_2019_MPO
102225032,2018-11-26,2018,,19.0,,,0,0,N,0.0,0.0,0.0,,,,,,,,35.99816,-86.68107,False,Crashes_2010_2019_MPO
101975486,2018-04-12,2018,,94.0,,,0,0,N,0.0,0.0,0.0,,,,,,,,36.01569,-86.84563,True,Crashes_2010_2019_MPO
101279607,2016-07-05,2016,,19.0,,,0,0,N,0.0,0.0,0.0,,,,,,,,36.0374,-86.78657,False,Crashes_2010_2019_MPO
101478032,2016-12-15,2016,,19.0,,,0,0,N,0.0,0.0,0.0,,,,,,,,36.04625,-86.75263,False,Crashes_2010_2019_MPO
101569884,2017-03-01,2017,,19.0,,,0,0,N,0.0,0.0,0.0,,,,,,,,35.99687,-86.68989,False,Crashes_2010_2019_MPO
101123532,2016-02-27,2016,,19.0,,,0,0,N,0.0,0.0,0.0,,,,,,,,36.04228,-86.74399,False,Crashes_2010_2019_MPO
100668332,2014-11-10,2014,,94.0,,,0,0,N,0.0,0.0,0.0,,,,,,,,35.94988,-86.8135,False,Crashes_2010_2019_MPO
101036178,2015-11-24,2015,,94.0,,,0,0,N,0.0,0.0,0.0,,,,,,,,35.93497,-86.82212,False,Crashes_2010_2019_MPO
102330185,2019-03-14,2019,,94.0,,,0,0,N,0.0,0.0,0.0,,,,,,,,35.96118,-86.75923,True,Crashes_2010_2019_MPO
100937448,2015-08-21,2015,,19.0,,,0,0,N,0.0,0.0,0.0,,,,,,,,36.04052,-86.78007,False,Crashes_2010_2019_MPO
101575802,2017-03-07,2017,,94.0,,,0,0,N,0.0,0.0,0.0,,,,,,,,35.95383,-86.80405,False,Crashes_2010_2019_MPO
100716174,2015-01-02,2015,,94.0,,,0,0,N,0.0,0.0,0.0,,,,,,,,35.96375,-86.8105,False,Crashes_2010_2019_MPO
102056670,2018-06-28,2018,,94.0,,,0,0,N,0.0,0.0,0.0,,,,,,,,35.94475,-86.82827,False,Crashes_2010_2019_MPO
102477991,2019-08-15,2019,,94.0,,,0,0,N,0.0,0.0,0.0,,,,,,,,35.94132,-86.83614,False,Crashes_2010_2019_MPO
101946708,2018-03-16,2018,,94.0,,,0,0,N,0.0,0.0,0.0,,,,,,,,35.92254,-86.81368,False,Crashes_2010_2019_MPO
101618270,2017-04-18,2017,,94.0,,,0,0,N,0.0,0.0,0.0,,,,,,,,35.94683,-86.85172,False,Crashes_2010_2019_MPO
101826607,2017-11-15,2017,,19.0,,,0,0,N,0.0,0.0,0.0,,,,,,,,36.03747,-86.79098,False,Crashes_2010_2019_MPO
100833323,2015-05-08,2015,,94.0,,,0,0,N,0.0,0.0,0.0,,,,,,,,36.01272,-86.83189,True,Crashes_2010_2019_MPO
101786957,2017-10-09,2017,,19.0,,,0,0,N,0.0,0.0,0.0,,,,,,,,36.04658,-86.68339,False,Crashes_2010_2019_MPO
101777844,2017-10-01,2017,,19.0,,,0,0,N,0.0,0.0,0.0,,,,,,,,36.04399,-86.71958,False,Crashes_2010_2019_MPO
101191083,2016-05-09,2016,,19.0,,,0,0,N,0.0,0.0,0.0,,,,,,,,36.0374,-86.78657,False,Crashes_2010_2019_MPO
102410635,2019-06-05,2019,,19.0,,,0,0,N,0.0,0.0,0.0,,,,,,,,36.05366,-86.71502,False,Crashes_2010_2019_MPO
101888272,2018-01-16,2018,,94.0,,,0,0,N,0.0,0.0,0.0,,,,,,,,36.01286,-86.80081,True,Crashes_2010_2019_MPO
100947663,2015-09-09,2015,,19.0,,,0,0,N,0.0,0.0,0.0,,,,,,,,36.04215,-86.78229,False,Crashes_2010_2019_MPO
101187365,2016-05-04,2016,,94.0,,,0,0,N,0.0,0.0,0.0,,,,,,,,35.93231,-86.87625,False,Crashes_2010_2019_MPO
100310614,2013-04-01,2013,,94.0,,,0,0,N,0.0,0.0,0.0,,,,,,,,35.92265,-86.8724,False,Crashes_2010_2019_MPO
100639686,2014-10-07,2014,,19.0,,,0,0,N,0.0,0.0,0.0,,,,,,,,36.04472,-86.78111,False,Crashes_2010_2019_MPO
101130847,2016-03-09,2016,,94.0,,,0,0,N,0.0,0.0,0.0,,,,,,,,35.96716,-86.81351,True,Crashes_2010_2019_MPO
101785267,2017-10-08,2017,,19.0,,,0,0,N,0.0,0.0,0.0,,,,,,,,36.05291,-86.68746,False,Crashes_2010_2019_MPO
100994744,2015-10-23,2015,,94.0,,,0,0,N,0.0,0.0,0.0,,,,,,,,35.95821,-86.81217,False,Crashes_2010_2019_MPO
100801253,2015-04-02,2015,,19.0,,,0,0,N,0.0,0.0,0.0,,,,,,,,36.0439,-86.71298,False,Crashes_2010_2019_MPO
102500060,2019-09-05,2019,,94.0,,,0,0,N,0.0,0.0,0.0,,,,,,,,36.01982,-86.79631,True,Crashes_2010_2019_MPO
101766533,2017-09-20,2017,,19.0,,,0,0,N,0.0,0.0,0.0,,,,,,,,36.04028,-86.76837,False,Crashes_2010_2019_MPO
100466771,2014-03-21,2014,,94.0,,,0,0,N,0.0,0.0,0.0,,,,,,,,35.98437,-86.72434,True,Crashes_2010_2019_MPO
101187596,2016-05-04,2016,,94.0,,,0,0,N,0.0,0.0,0.0,,,,,,,,35.94778,-86.81994,False,Crashes_2010_2019_MPO
100704180,2014-12-09,2014,,94.0,,,0,0,N,0.0,0.0,0.0,,,,,,,,35.99232,-86.75606,True,Crashes_2010_2019_MPO
102419870,2019-06-15,2019,,19.0,,,0,0,N,0.0,0.0,0.0,,,,,,,,36.05352,-86.71498,False,Crashes_2010_2019_MPO
100348869,2013-07-01,2013,,94.0,,,0,0,N,0.0,0.0,0.0,,,,,,,,35.96502,-86.80209,True,Crashes_2010_2019_MPO
102285955,2019-01-24,2019,,94.0,,,0,0,N,0.0,0.0,0.0,,,,,,,,35.94699,-86.81153,False,Crashes_2010_2019_MPO
102527434,2019-10-01,2019,,94.0,,,0,0,N,0.0,0.0,0.0,,,,,,,,35.96062,-86.81521,False,Crashes_2010_2019_MPO
101437564,2016-11-11,2016,,94.0,,,0,0,N,0.0,0.0,0.0,,,,,,,,35.95517,-86.81618,False,Crashes_2010_2019_MPO
100630384,2014-09-18,2014,,94.0,,,0,0,N,0.0,0.0,0.0,,,,,,,,35.93718,-86.69939,False,Crashes_2010_2019_MPO
101482774,2016-12-20,2016,,94.0,,,0,0,N,0.0,0.0,0.0,,,,,,,,35.96053,-86.8224,False,Crashes_2010_2019_MPO
100429025,2014-01-09,2014,,94.0,,,0,0,N,0.0,0.0,0.0,,,,,,,,35.95244,-86.84721,False,Crashes_2010_2019_MPO
101863863,2017-12-19,2017,,94.0,,,0,0,N,0.0,0.0,0.0,,,,,,,,36.03628,-86.79085,True,Crashes_2010_2019_MPO
100272411,2012-12-28,2012,,94.0,,,0,0,N,0.0,0.0,0.0,,,,,,,,36.00578,-86.86858,False,Crashes_2010_2019_MPO
102254919,2018-12-22,2018,,19.0,,,0,0,N,0.0,0.0,0.0,,,,,,,,36.0374,-86.78657,False,Crashes_2010_2019_MPO
101404497,2016-10-14,2016,,94.0,,,0,0,N,0.0,0.0,0.0,,,,,,,,36.00396,-86.81886,True,Crashes_2010_2019_MPO
100872489,2015-06-17,2015,,19.0,,,0,0,N,0.0,0.0,0.0,,,,,,,,36.04511,-86.69868,False,Crashes_2010_2019_MPO
100702415,2014-12-06,2014,,94.0,,,0,0,N,0.0,0.0,0.0,,,,,,,,36.03375,-86.82816,True,Crashes_2010_2019_MPO
100415549,2013-12-06,2013,,94.0,,,0,0,N,0.0,0.0,0.0,,,,,,,,35.96476,-86.81443,False,Crashes_2010_2019_MPO
101852394,2017-12-08,2017,,94.0,,,0,0,N,0.0,0.0,0.0,,,,,,,,35.99554,-86.77921,True,Crashes_2010_2019_MPO
101893904,2018-01-22,2018,,19.0,,,0,0,N,0.0,0.0,0.0,,,,,,,,36.03014,-86.71254,False,Crashes_2010_2019_MPO
102036631,2018-06-08,2018,,94.0,,,0,0,N,0.0,0.0,0.0,,,,,,,,36.03551,-86.78748,True,Crashes_2010_2019_MPO
100662722,2014-10-31,2014,,19.0,,,0,0,N,0.0,0.0,0.0,,,,,,,,36.03258,-86.76886,False,Crashes_2010_2019_MPO
101578528,2017-03-10,2017,,94.0,,,0,0,N,0.0,0.0,0.0,,,,,,,,35.92641,-86.82452,False,Crashes_2010_2019_MPO
102245333,2018-12-12,2018,,94.0,,,0,0,N,0.0,0.0,0.0,,,,,,,,35.9518,-86.81794,False,Crashes_2010_2019_MPO
100295354,2013-02-21,2013,,94.0,,,0,0,N,0.0,0.0,0.0,,,,,,,,35.94446,-86.82874,False,Crashes_2010_2019_MPO
100999441,2015-10-30,2015,,94.0,,,0,0,N,0.0,0.0,0.0,,,,,,,,35.93322,-86.78057,False,Crashes_2010_2019_MPO
101852443,2017-12-08,2017,,94.0,,,0,0,N,0.0,0.0,0.0,,,,,,,,35.986,-86.73531,True,Crashes_2010_2019_MPO
101612610,2017-04-12,2017,,94.0,,,0,0,N,0.0,0.0,0.0,,,,,,,,35.94683,-86.85172,False,Crashes_2010_2019_MPO
100313524,2013-04-06,2013,,94.0,,,0,0,N,0.0,0.0,0.0,,,,,,,,36.01102,-86.78494,True,Crashes_2010_2019_MPO
101192556,2016-05-11,2016,,94.0,,,0,0,N,0.0,0.0,0.0,,,,,,,,35.94612,-86.82346,False,Crashes_2010_2019_MPO
101850275,2017-12-06,2017,,94.0,,,0,0,N,0.0,0.0,0.0,,,,,,,,35.95927,-86.81602,False,Crashes_2010_2019_MPO
100831840,2015-05-10,2015,,94.0,,,0,0,N,0.0,0.0,0.0,,,,,,,,35.96425,-86.80235,True,Crashes_2010_2019_MPO
102407480,2019-06-02,2019,,19.0,,,0,0,N,0.0,0.0,0.0,,,,,,,,36.05475,-86.72098,False,Crashes_2010_2019_MPO