mstrrecnbr,collision_ts,year,county,countystat,crash,crash_type,fatalities,non_motorists,commercial,fatal_c,nonmotor_c,truck_c,fatalc,serious_injuries,ped,bike,lighting,weather,first_harmful_event,latitude,longitude,in_city,src_layer
101467706,2016-12-04,2016,,19.0,,,0,0,N,0.0,0.0,0.0,,,,,,,,36.04163,-86.78244,False,Crashes_2010_2019_MPO
101404931,2016-10-16,2016,,94.0,,,0,0,N,0.0,0.0,0.0,,,,,,,,35.92378,-86.76681,False,Crashes_2010_2019_MPO
102069075,2018-07-09,2018,,94.0,,,0,0,N,0.0,0.0,0.0,,,,,,,,35.93893,-86.83042,False,Crashes_2010_2019_MPO
101100948,2016-02-06,2016,,94.0,,,0,0,N,0.0,0.0,0.0,,,,,,,,35.94282,-86.82097,False,Crashes_2010_2019_MPO
101477573,2016-12-15,2016,,94.0,,,0,0,N,0.0,0.0,0.0,,,,,,,,36.03392,-86.7884,True,Crashes_2010_2019_MPO
102458950,2019-07-26,2019,,19.0,,,0,0,N,0.0,0.0,0.0,,,,,,,,36.04538,-86.68548,False,Crashes_2010_2019_MPO
102107637,2018-08-12,2018,,94.0,,,0,0,N,0.0,0.0,0.0,,,,,,,,35.966695,-86.80912,True,Crashes_2010_2019_MPO
101002456,2015-11-03,2015,,94.0,,,0,0,N,0.0,0.0,0.0,,,,,,,,35.93599,-86.82369,False,Crashes_2010_2019_MPO
101400304,2016-10-10,2016,,94.0,,,0,0,N,0.0,0.0,0.0,,,,,,,,35.93376,-86.81778,False,Crashes_2010_2019_MPO
101912480,2018-02-10,2018,,19.0,,,0,0,N,0.0,0.0,0.0,,,,,,,,36.0095,-86.70166,False,Crashes_2010_2019_MPO
101106665,2016-02-16,2016,,19.0,,,0,0,N,0.0,0.0,0.0,,,,,,,,36.04561,-86.71074,False,Crashes_2010_2019_MPO
101853988,2017-12-10,2017,,94.0,,,0,0,N,0.0,0.0,0.0,,,,,,,,35.97847,-86.80358,True,Crashes_2010_2019_MPO
100679757,2014-11-13,2014,,94.0,,,0,0,N,0.0,0.0,0.0,,,,,,,,35.93262,-86.87556,False,Crashes_2010_2019_MPO
101167749,2016-04-20,2016,,19.0,,,0,0,N,0.0,0.0,0.0,,,,,,,,36.04711,-86.77644,False,Crashes_2010_2019_MPO
102003739,2018-05-06,2018,,94.0,,,0,0,N,0.0,0.0,0.0,,,,,,,,36.00593,-86.86266,False,Crashes_2010_2019_MPO
102411232,2019-06-05,2019,,94.0,,,0,0,N,0.0,0.0,0.0,,,,,,,,35.9667,-86.81121,True,Crashes_2010_2019_MPO
101462057,2016-11-28,2016,,94.0,,,0,0,N,0.0,0.0,0.0,,,,,,,,35.96511,-86.72718,True,Crashes_2010_2019_MPO
101803881,2017-10-25,2017,,19.0,,,0,0,N,0.0,0.0,0.0,,,,,,,,36.05494,-86.75183,False,Crashes_2010_2019_MPO
102122410,2018-08-26,2018,,94.0,,,0,0,N,0.0,0.0,0.0,,,,,,,,35.95998,-86.80248,False,Crashes_2010_2019_MPO
100879499,2015-06-30,2015,,94.0,,,0,0,N,0.0,0.0,0.0,,,,,,,,35.96757,-86.81344,True,Crashes_2010_2019_MPO
101559997,2017-02-19,2017,,19.0,,,0,0,N,0.0,0.0,0.0,,,,,,,,36.03735,-86.78711,False,Crashes_2010_2019_MPO
102350026,2019-04-04,2019,,19.0,,,0,0,N,0.0,0.0,0.0,,,,,,,,36.0374,-86.78657,False,Crashes_2010_2019_MPO
101180520,2016-04-24,2016,,94.0,,,0,0,N,0.0,0.0,0.0,,,,,,,,35.92884,-86.86988,False,Crashes_2010_2019_MPO
100717578,2015-01-02,2015,,94.0,,,0,0,N,0.0,0.0,0.0,,,,,,,,35.96676,-86.80905,True,Crashes_2010_2019_MPO
101733104,2017-08-17,2017,,94.0,,,0,0,N,0.0,0.0,0.0,,,,,,,,35.99071,-86.68305,False,Crashes_2010_2019_MPO
100873195,2015-06-19,2015,,94.0,,,0,0,N,0.0,0.0,0.0,,,,,,,,35.92362,-86.85043,False,Crashes_2010_2019_MPO
100919499,2015-08-07,2015,,19.0,,,0,0,N,0.0,0.0,0.0,,,,,,,,36.02244,-86.7426,False,Crashes_2010_2019_MPO
101693953,2017-07-06,2017,,19.0,,,0,0,N,0.0,0.0,0.0,,,,,,,,36.0374,-86.78657,False,Crashes_2010_2019_MPO
101158735,2016-04-06,2016,,94.0,,,0,0,N,0.0,0.0,0.0,,,,,,,,36.00413,-86.79087,True,Crashes_2010_2019_MPO
102436336,2019-07-03,2019,,94.0,,,0,0,N,0.0,0.0,0.0,,,,,,,,35.9583,-86.8023,False,Crashes_2010_2019_MPO
101069018,2015-12-30,2015,,94.0,,,0,0,N,0.0,0.0,0.0,,,,,,,,36.04489,-86.86476,True,Crashes_2010_2019_MPO
100861015,2015-06-13,2015,,94.0,,,0,0,N,0.0,0.0,0.0,,,,,,,,35.9721,-86.83634,False,Crashes_2010_2019_MPO
101810124,2017-10-31,2017,,94.0,,,0,0,N,0.0,0.0,0.0,,,,,,,,35.93484,-86.82565,False,Crashes_2010_2019_MPO
102406146,2019-05-31,2019,,94.0,,,0,0,N,0.0,0.0,0.0,,,,,,,,35.92641,-86.82453,False,Crashes_2010_2019_MPO
100159825,2012-03-20,2012,,94.0,,,0,0,Y,0.0,0.0,1.0,,,,,,,,35.97776,-86.80359,True,Crashes_2010_2019_MPO
102176212,2018-10-12,2018,,19.0,,,0,0,N,0.0,0.0,0.0,,,,,,,,36.0409,-86.77938,False,Crashes_2010_2019_MPO
100320640,2013-04-24,2013,,94.0,,,0,0,N,0.0,0.0,0.0,,,,,,,,35.94769,-86.85774,False,Crashes_2010_2019_MPO
102347184,2019-04-01,2019,,94.0,,,0,0,N,0.0,0.0,0.0,,,,,,,,35.99426,-86.76484,True,Crashes_2010_2019_MPO
102085873,2018-07-25,2018,,19.0,,,0,0,N,0.0,0.0,0.0,,,,,,,,36.0409,-86.77938,False,Crashes_2010_2019_MPO
102303666,2019-02-12,2019,,19.0,,,0,0,N,0.0,0.0,0.0,,,,,,,,36.04128,-86.77797,False,Crashes_2010_2019_MPO
100771056,2015-03-12,2015,,19.0,,,0,0,N,0.0,0.0,0.0,,,,,,,,36.04575,-86.70852,False,Crashes_2010_2019_MPO
102156611,2018-09-25,2018,,94.0,,,0,0,N,0.0,0.0,0.0,,,,,,,,35.93374,-86.81767,False,Crashes_2010_2019_MPO
100885340,2015-07-12,2015,,94.0,,,0,0,N,0.0,0.0,0.0,,,,,,,,35.97717,-86.67814,False,Crashes_2010_2019_MPO
101634500,2017-05-04,2017,,94.0,,,0,0,N,0.0,0.0,0.0,,,,,,,,36.01704,-86.7979,True,Crashes_2010_2019_MPO
101239578,2016-06-05,2016,,94.0,,,0,0,N,0.0,0.0,0.0,,,,,,,,35.96586,-86.80278,True,Crashes_2010_2019_MPO
102526278,2019-09-05,2019,,94.0,,,0,0,N,0.0,0.0,0.0,,,,,,,,36.03175,-86.78961,True,Crashes_2010_2019_MPO
101071827,2016-01-04,2016,,19.0,,,0,0,N,0.0,0.0,0.0,,,,,,,,36.05225,-86.68159,False,Crashes_2010_2019_MPO
102278509,2019-01-16,2019,,94.0,,,0,0,N,0.0,0.0,0.0,,,,,,,,35.966726,-86.809126,True,Crashes_2010_2019_MPO
101843551,2017-11-27,2017,,19.0,,,0,0,N,0.0,0.0,0.0,,,,,,,,36.03079,-86.87575,False,Crashes_2010_2019_MPO
101872610,2017-12-29,2017,,94.0,,,0,0,N,0.0,0.0,0.0,,,,,,,,35.966312,-86.809094,True,Crashes_2010_2019_MPO
102285279,2019-01-23,2019,,19.0,,,0,0,N,0.0,0.0,0.0,,,,,,,,36.04023,-86.74354,False,Crashes_2010_2019_MPO
102565598,2019-11-12,2019,,94.0,,,0,0,N,0.0,0.0,0.0,,,,,,,,35.998259,-86.795275,True,Crashes_2010_2019_MPO
101477217,2016-12-14,2016,,19.0,,,0,0,N,0.0,0.0,0.0,,,,,,,,36.02604,-86.69563,False,Crashes_2010_2019_MPO
100679257,2014-11-12,2014,,19.0,,,0,0,N,0.0,0.0,0.0,,,,,,,,36.0269,-86.74369,False,Crashes_2010_2019_MPO
101796468,2017-10-13,2017,,94.0,,,0,0,N,0.0,0.0,0.0,,,,,,,,36.01593,-86.78607,True,Crashes_2010_2019_MPO
101063796,2015-12-20,2015,,19.0,,,0,0,N,0.0,0.0,0.0,,,,,,,,36.01927,-86.70925,False,Crashes_2010_2019_MPO
102364857,2019-04-18,2019,,19.0,,,0,0,N,0.0,0.0,0.0,,,,,,,,36.04028,-86.76837,False,Crashes_2010_2019_MPO
101942906,2018-03-13,2018,,94.0,,,0,0,N,0.0,0.0,0.0,,,,,,,,35.92271,-86.81442,False,Crashes_2010_2019_MPO
102521955,2019-09-27,2019,,19.0,,,0,0,N,0.0,0.0,0.0,,,,,,,,36.05294,-86.78453,False,Crashes_2010_2019_MPO
101364732,2016-09-17,2016,,19.0,,,0,0,N,0.0,0.0,0.0,,,,,,,,35.99599,-86.68861,False,Crashes_2010_2019_MPO
100214609,2012-08-10,2012,,94.0,,,0,0,N,0.0,0.0,0.0,,,,,,,,36.03452,-86.86302,False,Crashes_2010_2019_MPO
101091834,2016-01-21,2016,,94.0,,,0,0,N,0.0,0.0,0.0,,,,,,,,35.9239,-86.76682,False,Crashes_2010_2019_MPO
100681578,2014-11-16,2014,,94.0,,,0,0,N,0.0,0.0,0.0,,,,,,,,35.93494,-86.77683,False,Crashes_2010_2019_MPO
101688356,2017-06-30,2017,,94.0,,,0,0,N,0.0,0.0,0.0,,,,,,,,35.99367,-86.79808,True,Crashes_2010_2019_MPO
102442179,2019-07-07,2019,,94.0,,,0,0,N,0.0,0.0,0.0,,,,,,,,35.96181,-86.7106,True,Crashes_2010_2019_MPO
101819306,2017-11-09,2017,,19.0,,,0,0,N,0.0,0.0,0.0,,,,,,,,36.04446,-86.84676,False,Crashes_2010_2019_MPO
100354399,2013-07-13,2013,,94.0,,,0,0,N,0.0,0.0,0.0,,,,,,,,35.96194,-86.7103,True,Crashes_2010_2019_MPO
102140015,2018-09-10,2018,,19.0,,,0,0,N,0.0,0.0,0.0,,,,,,,,36.04022,-86.76782,False,Crashes_2010_2019_MPO
101243725,2016-06-11,2016,,94.0,,,0,0,N,0.0,0.0,0.0,,,,,,,,35.96668,-86.809158,True,Crashes_2010_2019_MPO
101466013,2016-12-02,2016,,19.0,,,0,0,N,0.0,0.0,0.0,,,,,,,,36.04245,-86.71294,False,Crashes_2010_2019_MPO
100753006,2015-02-25,2015,,19.0,,,0,0,N,0.0,0.0,0.0,,,,,,,,36.04732,-86.86273,False,Crashes_2010_2019_MPO
100267879,2012-12-17,2012,,94.0,,,0,0,N,0.0,0.0,0.0,,,,,,,,35.97382,-86.83454,False,Crashes_2010_2019_MPO
102225206,2018-11-26,2018,,94.0,,,0,0,N,0.0,0.0,0.0,,,,,,,,35.99622,-86.78607,True,Crashes_2010_2019_MPO
100735084,2015-02-09,2015,,19.0,,,0,0,N,0.0,0.0,0.0,,,,,,,,36.04025,-86.81639,False,Crashes_2010_2019_MPO
101425327,2016-10-28,2016,,19.0,,,0,0,N,0.0,0.0,0.0,,,,,,,,36.04104,-86.74629,False,Crashes_2010_2019_MPO
100999154,2015-10-29,2015,,19.0,,,0,0,N,0.0,0.0,0.0,,,,,,,,36.04084,-86.77347,False,Crashes_2010_2019_MPO
102010604,2018-05-14,2018,,94.0,,,0,0,N,0.0,0.0,0.0,,,,,,,,35.94778,-86.81994,False,Crashes_2010_2019_MPO
100398619,2013-10-31,2013,,94.0,,,0,0,N,0.0,0.0,0.0,,,,,,,,35.95674,-86.76741,True,Crashes_2010_2019_MPO
100313377,2013-04-06,2013,,94.0,,,0,0,Y,0.0,0.0,1.0,,,,,,,,36.0107,-86.7849,True,Crashes_2010_2019_MPO
100165128,2012-04-03,2012,,94.0,,,0,0,Y,0.0,0.0,1.0,,,,,,,,36.0343,-86.79174,True,Crashes_2010_2019_MPO
100771105,2015-03-11,2015,,94.0,,,0,0,N,0.0,0.0,0.0,,,,,,,,35.94766,-86.85112,False,Crashes_2010_2019_MPO
100872706,2015-06-18,2015,,94.0,,,0,0,N,0.0,0.0,0.0,,,,,,,,35.96477,-86.81513,True,Crashes_2010_2019_MPO
100216832,2012-08-20,2012,,94.0,,,0,0,N,0.0,0.0,0.0,,,,,,,,35.96687,-86.81113,True,Crashes_2010_2019_MPO
100916849,2015-08-03,2015,,19.0,,,0,0,N,0.0,0.0,0.0,,,,,,,,36.03329,-86.77654,False,Crashes_2010_2019_MPO
101970386,2018-04-07,2018,,94.0,,,0,0,N,0.0,0.0,0.0,,,,,,,,35.96803,-86.8603,False,Crashes_2010_2019_MPO
100848361,2015-05-21,2015,,94.0,,,0,0,N,0.0,0.0,0.0,,,,,,,,35.99765,-86.79668,True,Crashes_2010_2019_MPO
102344987,2019-03-28,2019,,94.0,,,0,0,N,0.0,0.0,0.0,,,,,,,,35.94778,-86.81994,False,Crashes_2010_2019_MPO
102174585,2018-10-12,2018,,19.0,,,0,0,N,0.0,0.0,0.0,,,,,,,,36.04895,-86.71788,False,Crashes_2010_2019_MPO
101033532,2015-11-20,2015,,94.0,,,0,0,N,0.0,0.0,0.0,,,,,,,,35.96273,-86.80144,True,Crashes_2010_2019_MPO
100408633,2013-11-21,2013,,94.0,,,0,0,N,0.0,0.0,0.0,,,,,,,,35.96055,-86.84091,False,Crashes_2010_2019_MPO
102124916,2018-08-28,2018,,19.0,,,0,0,N,0.0,0.0,0.0,,,,,,,,36.04544,-86.70387,False,Crashes_2010_2019_MPO
100722598,2015-01-15,2015,,94.0,,,0,0,N,0.0,0.0,0.0,,,,,,,,35.92759,-86.82447,False,Crashes_2010_2019_MPO
102549099,2019-10-25,2019,,94.0,,,0,0,N,0.0,0.0,0.0,,,,,,,,36.01349,-86.73842,False,Crashes_2010_2019_MPO
102574251,2019-11-20,2019,,94.0,,,0,0,N,0.0,0.0,0.0,,,,,,,,35.95088,-86.81838,False,Crashes_2010_2019_MPO
100296778,2013-02-25,2013,,94.0,,,0,0,N,0.0,0.0,0.0,,,,,,,,35.9337,-86.81768,False,Crashes_2010_2019_MPO
102485628,2019-08-22,2019,,94.0,,,0,0,N,0.0,0.0,0.0,,,,,,,,36.01639,-86.78595,True,Crashes_2010_2019_MPO
101035811,2015-11-24,2015,,94.0,,,0,0,N,0.0,0.0,0.0,,,,,,,,35.96707,-86.81292,True,Crashes_2010_2019_MPO
101999197,2018-05-04,2018,,19.0,,,0,0,N,0.0,0.0,0.0,,,,,,,,36.03833,-86.78426,False,Crashes_2010_2019_MPO
100389579,2013-10-09,2013,,94.0,,,0,0,N,0.0,0.0,0.0,,,,,,,,35.96487,-86.81138,False,Crashes_2010_2019_MPO
101418798,2016-10-19,2016,,94.0,,,0,0,N,0.0,0.0,0.0,,,,,,,,35.97293,-86.8055,True,Crashes_2010_2019_MPO
100655156,2014-10-17,2014,,94.0,,,0,0,N,0.0,0.0,0.0,,,,,,,,35.93215,-86.86272,False,Crashes_2010_2019_MPO
100947536,2015-09-09,2015,,19.0,,,0,0,N,0.0,0.0,0.0,,,,,,,,36.03318,-86.77514,False,Crashes_2010_2019_MPO
101659505,2017-05-29,2017,,94.0,,,0,0,N,0.0,0.0,0.0,,,,,,,,35.998215,-86.803247,True,Crashes_2010_2019_MPO
102423175,2019-06-18,2019,,94.0,,,0,0,N,0.0,0.0,0.0,,,,,,,,35.99306,-86.82887,True,Crashes_2010_2019_MPO
101421525,2016-10-22,2016,,94.0,,,0,0,N,0.0,0.0,0.0,,,,,,,,35.94922,-86.81595,False,Crashes_2010_2019_MPO
102319354,2019-03-02,2019,,94.0,,,0,0,N,0.0,0.0,0.0,,,,,,,,36.03016,-86.79048,True,Crashes_2010_2019_MPO
101996116,2018-05-01,2018,,94.0,,,0,0,N,0.0,0.0,0.0,,,,,,,,35.95677,-86.80311,False,Crashes_2010_2019_MPO
102196469,2018-10-31,2018,,19.0,,,0,0,N,0.0,0.0,0.0,,,,,,,,36.05151,-86.71436,False,Crashes_2010_2019_MPO
101041849,2015-12-03,2015,,94.0,,,0,0,N,0.0,0.0,0.0,,,,,,,,35.92619,-86.82152,False,Crashes_2010_2019_MPO
100664983,2014-11-05,2014,,94.0,,,0,0,N,0.0,0.0,0.0,,,,,,,,36.03336,-86.78872,True,Crashes_2010_2019_MPO
102038857,2018-06-10,2018,,19.0,,,0,0,N,0.0,0.0,0.0,,,,,,,,36.04655,-86.77701,False,Crashes_2010_2019_MPO
101388094,2016-09-23,2016,,19.0,,,0,0,N,0.0,0.0,0.0,,,,,,,,36.0488,-86.71367,False,Crashes_2010_2019_MPO
101765394,2017-09-19,2017,,94.0,,,0,0,N,0.0,0.0,0.0,,,,,,,,36.03009,-86.79029,True,Crashes_2010_2019_MPO
102279569,2019-01-17,2019,,19.0,,,0,0,N,0.0,0.0,0.0,,,,,,,,36.04301,-86.84231,False,Crashes_2010_2019_MPO
100678718,2014-11-11,2014,,94.0,,,0,0,N,0.0,0.0,0.0,,,,,,,,35.94534,-86.82308,False,Crashes_2010_2019_MPO
101543555,2017-02-03,2017,,19.0,,,0,0,N,0.0,0.0,0.0,,,,,,,,36.04479,-86.72487,False,Crashes_2010_2019_MPO
100563001,2014-06-19,2014,,94.0,,,0,0,N,0.0,0.0,0.0,,,,,,,,35.99681,-86.79127,True,Crashes_2010_2019_MPO
100372057,2013-08-27,2013,,94.0,,,0,0,N,0.0,0.0,0.0,,,,,,,,35.96689,-86.81126,True,Crashes_2010_2019_MPO
102322993,2019-03-06,2019,,94.0,,,0,0,N,0.0,0.0,0.0,,,,,,,,35.99475,-86.76957,True,Crashes_2010_2019_MPO
102258466,2018-12-27,2018,,19.0,,,0,0,N,0.0,0.0,0.0,,,,,,,,36.0443,-86.71314,False,Crashes_2010_2019_MPO
101068217,2015-12-28,2015,,94.0,,,0,0,N,0.0,0.0,0.0,,,,,,,,35.9667,-86.81367,True,Crashes_2010_2019_MPO
100638232,2014-09-27,2014,,94.0,,,0,0,N,0.0,0.0,0.0,,,,,,,,36.01406,-86.83847,False,Crashes_2010_2019_MPO
102507133,2019-09-11,2019,,94.0,,,0,0,N,0.0,0.0,0.0,,,,,,,,35.96562,-86.70619,True,Crashes_2010_2019_MPO
100753398,2015-02-26,2015,,94.0,,,0,0,N,0.0,0.0,0.0,,,,,,,,36.03473,-86.87335,False,Crashes_2010_2019_MPO
101065150,2015-12-22,2015,,19.0,,,0,0,N,0.0,0.0,0.0,,,,,,,,36.04087,-86.751,False,Crashes_2010_2019_MPO
101862947,2017-12-18,2017,,19.0,,,0,0,N,0.0,0.0,0.0,,,,,,,,36.04543,-86.70361,False,Crashes_2010_2019_MPO
102524513,2019-09-29,2019,,94.0,,,0,0,N,0.0,0.0,0.0,,,,,,,,36.01286,-86.80081,True,Crashes_2010_2019_MPO
101849427,2017-12-05,2017,,94.0,,,0,0,N,0.0,0.0,0.0,,,,,,,,35.94687,-86.85168,False,Crashes_2010_2019_MPO
102548091,2019-10-24,2019,,94.0,,,0,0,N,0.0,0.0,0.0,,,,,,,,35.96737,-86.67706,False,Crashes_2010_2019_MPO
101747083,2017-08-31,2017,,19.0,,,0,0,N,0.0,0.0,0.0,,,,,,,,36.03347,-86.71297,False,Crashes_2010_2019_MPO
101612797,2017-04-13,2017,,94.0,,,0,0,N,0.0,0.0,0.0,,,,,,,,35.99036,-86.74797,True,Crashes_2010_2019_MPO
101000415,2015-10-31,2015,,94.0,,,0,0,N,0.0,0.0,0.0,,,,,,,,35.96342,-86.80087,True,Crashes_2010_2019_MPO
102232300,2018-11-27,2018,,94.0,,,0,0,Y,0.0,0.0,1.0,,,,,,,,35.97808,-86.70843,True,Crashes_2010_2019_MPO
100963495,2015-09-19,2015,,94.0,,,0,0,N,0.0,0.0,0.0,,,,,,,,35.93641,-86.85956,False,Crashes_2010_2019_MPO
102556040,2019-11-02,2019,,19.0,,,0,0,N,0.0,0.0,0.0,,,,,,,,36.04562,-86.70643,False,Crashes_2010_2019_MPO
100353501,2013-07-10,2013,,94.0,,,0,0,N,0.0,0.0,0.0,,,,,,,,35.95222,-86.81879,False,Crashes_2010_2019_MPO
101894305,2018-01-23,2018,,94.0,,,0,0,N,0.0,0.0,0.0,,,,,,,,36.03689,-86.81684,True,Crashes_2010_2019_MPO
102422294,2019-06-18,2019,,94.0,,,0,0,N,0.0,0.0,0.0,,,,,,,,35.9481,-86.86134,False,Crashes_2010_2019_MPO
100309917,2013-03-30,2013,,94.0,,,0,0,N,0.0,0.0,0.0,,,,,,,,35.97102,-86.72644,True,Crashes_2010_2019_MPO
102168323,2018-10-05,2018,,94.0,,,0,0,N,0.0,0.0,0.0,,,,,,,,36.03097,-86.79094,True,Crashes_2010_2019_MPO
101107184,2016-02-17,2016,,94.0,,,0,0,N,0.0,0.0,0.0,,,,,,,,36.00064,-86.74294,True,Crashes_2010_2019_MPO
102357028,2019-04-09,2019,,94.0,,,0,0,N,0.0,0.0,0.0,,,,,,,,35.96054,-86.80956,False,Crashes_2010_2019_MPO
101246478,2016-06-15,2016,,94.0,,,0,0,N,0.0,0.0,0.0,,,,,,,,35.9325,-86.86247,False,Crashes_2010_2019_MPO
101452229,2016-11-17,2016,,94.0,,,0,0,N,0.0,0.0,0.0,,,,,,,,35.97773,-86.8036,True,Crashes_2010_2019_MPO
100665069,2014-11-04,2014,,94.0,,,0,0,N,0.0,0.0,0.0,,,,,,,,35.96733,-86.81491,True,Crashes_2010_2019_MPO
102303687,2019-02-12,2019,,94.0,,,0,0,N,0.0,0.0,0.0,,,,,,,,35.9505,-86.76617,True,Crashes_2010_2019_MPO
101858122,2017-12-14,2017,,94.0,,,0,0,Y,0.0,0.0,1.0,,,,,,,,35.94493,-86.81522,False,Crashes_2010_2019_MPO
101464800,2016-12-01,2016,,19.0,,,0,0,N,0.0,0.0,0.0,,,,,,,,36.04012,-86.74449,False,Crashes_2010_2019_MPO
102461764,2019-07-29,2019,,94.0,,,0,0,N,0.0,0.0,0.0,,,,,,,,35.99745,-86.79579,True,Crashes_2010_2019_MPO
102562232,2019-11-08,2019,,19.0,,,0,0,N,0.0,0.0,0.0,,,,,,,,36.04758,-86.74372,False,Crashes_2010_2019_MPO
100713973,2014-12-28,2014,,19.0,,,0,0,N,0.0,0.0,0.0,,,,,,,,36.04274,-86.78177,False,Crashes_2010_2019_MPO
101323438,2016-08-09,2016,,94.0,,,0,0,N,0.0,0.0,0.0,,,,,,,,35.94878,-86.74769,True,Crashes_2010_2019_MPO
100769235,2015-03-09,2015,,19.0,,,0,0,N,0.0,0.0,0.0,,,,,,,,36.04726,-86.86278,False,Crashes_2010_2019_MPO
101427252,2016-10-26,2016,,94.0,,,0,0,N,0.0,0.0,0.0,,,,,,,,35.96713,-86.69964,False,Crashes_2010_2019_MPO
101974592,2018-04-11,2018,,19.0,,,0,0,N,0.0,0.0,0.0,,,,,,,,36.044,-86.72054,False,Crashes_2010_2019_MPO
100910779,2015-07-23,2015,,19.0,,,0,0,N,0.0,0.0,0.0,,,,,,,,36.03736,-86.71322,False,Crashes_2010_2019_MPO
100502160,2014-04-28,2014,,94.0,,,0,0,N,0.0,0.0,0.0,,,,,,,,36.01526,-86.81556,True,Crashes_2010_2019_MPO
102450933,2019-07-18,2019,,19.0,,,0,0,N,0.0,0.0,0.0,,,,,,,,36.04142,-86.71268,False,Crashes_2010_2019_MPO
102298846,2019-02-06,2019,,94.0,,,0,0,N,0.0,0.0,0.0,,,,,,,,35.94897,-86.81933,False,Crashes_2010_2019_MPO
101483547,2016-12-21,2016,,94.0,,,0,0,N,0.0,0.0,0.0,,,,,,,,35.95522,-86.81166,False,Crashes_2010_2019_MPO
101318005,2016-08-01,2016,,94.0,,,0,0,N,0.0,0.0,0.0,,,,,,,,36.00471,-86.79027,True,Crashes_2010_2019_MPO
100879425,2015-07-01,2015,,94.0,,,0,1,N,0.0,1.0,0.0,,,,,,,,35.93283,-86.8774,False,Crashes_2010_2019_MPO
100754263,2015-02-27,2015,,19.0,,,0,0,N,0.0,0.0,0.0,,,,,,,,36.04526,-86.71698,False,Crashes_2010_2019_MPO
101034876,2015-11-23,2015,,19.0,,,0,0,N,0.0,0.0,0.0,,,,,,,,36.04043,-86.78097,False,Crashes_2010_2019_MPO
102213476,2018-11-16,2018,,19.0,,,0,0,N,0.0,0.0,0.0,,,,,,,,36.05,-86.77565,False,Crashes_2010_2019_MPO
102433158,2019-06-30,2019,,19.0,,,0,0,N,0.0,0.0,0.0,,,,,,,,36.01538,-86.70566,False,Crashes_2010_2019_MPO
101459277,2016-11-23,2016,,94.0,,,0,0,N,0.0,0.0,0.0,,,,,,,,35.95654,-86.81169,False,Crashes_2010_2019_MPO
102601956,2019-12-19,2019,,94.0,,,0,0,N,0.0,0.0,0.0,,,,,,,,35.94778,-86.81994,False,Crashes_2010_2019_MPO
102366814,2019-04-20,2019,,94.0,,,0,0,N,0.0,0.0,0.0,,,,,,,,35.94862,-86.81971,False,Crashes_2010_2019_MPO
101076808,2016-01-13,2016,,94.0,,,0,0,N,0.0,0.0,0.0,,,,,,,,35.97739,-86.72595,True,Crashes_2010_2019_MPO
102072248,2018-07-12,2018,,94.0,,,0,0,N,0.0,0.0,0.0,,,,,,,,35.9522,-86.81872,False,Crashes_2010_2019_MPO
100860011,2015-06-12,2015,,94.0,,,0,0,N,0.0,0.0,0.0,,,,,,,,35.94613,-86.82347,False,Crashes_2010_2019_MPO
100356665,2013-07-20,2013,,94.0,,,0,0,N,0.0,0.0,0.0,,,,,,,,35.92641,-86.82446,False,Crashes_2010_2019_MPO
102297647,2019-02-01,2019,,94.0,,,0,0,N,0.0,0.0,0.0,,,,,,,,36.02375,-86.86377,False,Crashes_2010_2019_MPO
102250877,2018-12-18,2018,,94.0,,,0,0,N,0.0,0.0,0.0,,,,,,,,35.96659,-86.81371,True,Crashes_2010_2019_MPO
102094747,2018-08-01,2018,,94.0,,,0,0,N,0.0,0.0,0.0,,,,,,,,35.94644,-86.80911,False,Crashes_2010_2019_MPO
102396980,2019-05-22,2019,,19.0,,,0,0,N,0.0,0.0,0.0,,,,,,,,36.0404,-86.78095,False,Crashes_2010_2019_MPO
102508536,2019-09-13,2019,,19.0,,,0,0,N,0.0,0.0,0.0,,,,,,,,36.04537,-86.71326,False,Crashes_2010_2019_MPO
100996809,2015-10-26,2015,,94.0,,,0,0,N,0.0,0.0,0.0,,,,,,,,35.9583,-86.8023,False,Crashes_2010_2019_MPO
100640746,2014-10-09,2014,,94.0,,,0,0,N,0.0,0.0,0.0,,,,,,,,35.94053,-86.83924,False,Crashes_2010_2019_MPO
101940027,2018-03-10,2018,,94.0,,,0,0,N,0.0,0.0,0.0,,,,,,,,35.94788,-86.81975,False,Crashes_2010_2019_MPO
101807975,2017-10-29,2017,,19.0,,,0,0,N,0.0,0.0,0.0,,,,,,,,36.04798,-86.86519,False,Crashes_2010_2019_MPO
100824257,2015-04-26,2015,,19.0,,,0,0,N,0.0,0.0,0.0,,,,,,,,36.03816,-86.78635,False,Crashes_2010_2019_MPO
101902213,2018-01-30,2018,,94.0,,,0,0,N,0.0,0.0,0.0,,,,,,,,35.94804,-86.81865,False,Crashes_2010_2019_MPO
101759296,2017-09-13,2017,,94.0,,,0,0,N,0.0,0.0,0.0,,,,,,,,35.92902,-86.82051,False,Crashes_2010_2019_MPO
100460658,2014-03-05,2014,,94.0,,,0,0,N,0.0,0.0,0.0,,,,,,,,35.94882,-86.81966,False,Crashes_2010_2019_MPO
101425519,2016-10-28,2016,,94.0,,,0,0,N,0.0,0.0,0.0,,,,,,,,35.96966,-86.79681,True,Crashes_2010_2019_MPO
102522919,2019-09-28,2019,,19.0,,,0,0,N,0.0,0.0,0.0,,,,,,,,36.04409,-86.71717,False,Crashes_2010_2019_MPO
101392699,2016-09-29,2016,,19.0,,,0,0,N,0.0,0.0,0.0,,,,,,,,36.02561,-86.78539,True,Crashes_2010_2019_MPO
100204246,2012-07-19,2012,,94.0,,,0,0,N,0.0,0.0,0.0,,,,,,,,35.96889,-86.72791,True,Crashes_2010_2019_MPO
101499538,2017-01-06,2017,,94.0,,,0,0,N,0.0,0.0,0.0,,,,,,,,35.98825,-86.7396,True,Crashes_2010_2019_MPO