mstrrecnbr,collision_ts,year,county,countystat,crash,crash_type,fatalities,non_motorists,commercial,fatal_c,nonmotor_c,truck_c,fatalc,serious_injuries,ped,bike,lighting,weather,first_harmful_event,latitude,longitude,in_city,src_layer
101784827,2017-10-06,2017,,94.0,,,0,0,N,0.0,0.0,0.0,,,,,,,,35.9476,-86.81406,False,Crashes_2010_2019_MPO
101664091,2017-06-04,2017,,19.0,,,0,0,N,0.0,0.0,0.0,,,,,,,,36.03517,-86.76871,False,Crashes_2010_2019_MPO
101634113,2017-05-03,2017,,94.0,,,0,0,N,0.0,0.0,0.0,,,,,,,,36.02972,-86.7837,True,Crashes_2010_2019_MPO
101895477,2018-01-24,2018,,94.0,,,0,0,N,0.0,0.0,0.0,,,,,,,,35.93215,-86.79441,False,Crashes_2010_2019_MPO
102095723,2018-08-02,2018,,19.0,,,0,0,N,0.0,0.0,0.0,,,,,,,,36.03654,-86.79084,True,Crashes_2010_2019_MPO
101842195,2017-11-29,2017,,19.0,,,0,0,N,0.0,0.0,0.0,,,,,,,,36.05081,-86.77515,False,Crashes_2010_2019_MPO
101427309,2016-10-31,2016,,94.0,,,0,0,N,0.0,0.0,0.0,,,,,,,,35.98802,-86.76262,True,Crashes_2010_2019_MPO
102223238,2018-11-24,2018,,94.0,,,0,0,N,0.0,0.0,0.0,,,,,,,,35.98038,-86.67832,False,Crashes_2010_2019_MPO
100308916,2013-03-28,2013,,94.0,,,0,0,N,0.0,0.0,0.0,,,,,,,,36.00593,-86.78902,True,Crashes_2010_2019_MPO
102286291,2019-01-24,2019,,94.0,,,0,0,N,0.0,0.0,0.0,,,,,,,,35.93808,-86.8218,False,Crashes_2010_2019_MPO
101488605,2016-12-23,2016,,94.0,,,0,0,N,0.0,0.0,0.0,,,,,,,,35.95863,-86.81556,False,Crashes_2010_2019_MPO
101832786,2017-11-21,2017,,94.0,,,0,0,N,0.0,0.0,0.0,,,,,,,,36.00065,-86.81056,True,Crashes_2010_2019_MPO
100510820,2014-05-19,2014,,94.0,,,0,0,N,0.0,0.0,0.0,,,,,,,,36.03492,-86.78339,True,Crashes_2010_2019_MPO
100806421,2015-04-10,2015,,19.0,,,0,0,N,0.0,0.0,0.0,,,,,,,,36.04008,-86.74425,False,Crashes_2010_2019_MPO
101453207,2016-11-18,2016,,94.0,,,0,0,N,0.0,0.0,0.0,,,,,,,,36.03319,-86.7876,True,Crashes_2010_2019_MPO
100729021,2015-01-29,2015,,19.0,,,0,0,N,0.0,0.0,0.0,,,,,,,,36.05212,-86.69669,False,Crashes_2010_2019_MPO
100630669,2014-09-18,2014,,19.0,,,0,0,N,0.0,0.0,0.0,,,,,,,,36.03236,-86.7664,False,Crashes_2010_2019_MPO
101631794,2017-05-02,2017,,94.0,,,0,0,N,0.0,0.0,0.0,,,,,,,,35.9666,-86.80925,True,Crashes_2010_2019_MPO
102234690,2018-12-04,2018,,19.0,,,0,0,N,0.0,0.0,0.0,,,,,,,,36.0449,-86.72461,False,Crashes_2010_2019_MPO
102299135,2019-02-06,2019,,94.0,,,0,0,N,0.0,0.0,0.0,,,,,,,,35.94433,-86.8199,False,Crashes_2010_2019_MPO
100820457,2015-04-19,2015,,94.0,,,0,0,N,0.0,0.0,0.0,,,,,,,,35.93581,-86.81814,False,Crashes_2010_2019_MPO
100946356,2015-09-03,2015,,19.0,,,0,0,N,0.0,0.0,0.0,,,,,,,,36.0399,-86.78103,False,Crashes_2010_2019_MPO
102605325,2019-12-21,2019,,94.0,,,0,0,N,0.0,0.0,0.0,,,,,,,,35.93446,-86.81991,False,Crashes_2010_2019_MPO
101807389,2017-10-28,2017,,94.0,,,0,0,N,0.0,0.0,0.0,,,,,,,,35.9407,-86.83934,False,Crashes_2010_2019_MPO
102481819,2019-08-19,2019,,19.0,,,0,0,N,0.0,0.0,0.0,,,,,,,,36.04892,-86.86862,False,Crashes_2010_2019_MPO
100258252,2012-11-27,2012,,94.0,,,0,0,N,0.0,0.0,0.0,,,,,,,,35.96667,-86.80917,True,Crashes_2010_2019_MPO
101168051,2016-04-20,2016,,94.0,,,0,0,N,0.0,0.0,0.0,,,,,,,,35.94872,-86.83189,False,Crashes_2010_2019_MPO
101930950,2018-03-01,2018,,94.0,,,0,0,N,0.0,0.0,0.0,,,,,,,,35.96055,-86.81554,False,Crashes_2010_2019_MPO
101982948,2018-04-19,2018,,19.0,,,0,0,N,0.0,0.0,0.0,,,,,,,,36.02318,-86.68607,False,Crashes_2010_2019_MPO
102331051,2019-03-14,2019,,94.0,,,0,0,N,0.0,0.0,0.0,,,,,,,,36.02479,-86.8191,True,Crashes_2010_2019_MPO
102080171,2018-07-19,2018,,94.0,,,0,0,N,0.0,0.0,0.0,,,,,,,,35.96838,-86.81004,True,Crashes_2010_2019_MPO
100878405,2015-06-29,2015,,94.0,,,0,0,N,0.0,0.0,0.0,,,,,,,,36.03105,-86.79095,True,Crashes_2010_2019_MPO
100876084,2015-06-25,2015,,19.0,,,0,0,N,0.0,0.0,0.0,,,,,,,,36.04242,-86.72645,False,Crashes_2010_2019_MPO
102588529,2019-12-05,2019,,94.0,,,0,0,N,0.0,0.0,0.0,,,,,,,,35.9916,-86.7988,True,Crashes_2010_2019_MPO
101457034,2016-11-22,2016,,94.0,,,0,0,N,0.0,0.0,0.0,,,,,,,,35.95117,-86.67774,False,Crashes_2010_2019_MPO
101163262,2016-04-13,2016,,94.0,,,0,0,N,0.0,0.0,0.0,,,,,,,,35.95027,-86.81902,False,Crashes_2010_2019_MPO
100329666,2013-05-16,2013,,94.0,,,0,0,N,0.0,0.0,0.0,,,,,,,,35.93445,-86.86101,False,Crashes_2010_2019_MPO
101003649,2015-11-05,2015,,94.0,,,0,0,N,0.0,0.0,0.0,,,,,,,,35.95257,-86.81796,False,Crashes_2010_2019_MPO
100657251,2014-10-22,2014,,19.0,,,0,0,N,0.0,0.0,0.0,,,,,,,,36.04878,-86.71374,False,Crashes_2010_2019_MPO
101727378,2017-08-11,2017,,94.0,,,0,0,N,0.0,0.0,0.0,,,,,,,,35.92949,-86.85959,False,Crashes_2010_2019_MPO
100699487,2014-12-01,2014,,94.0,,,0,0,N,0.0,0.0,0.0,,,,,,,,35.94613,-86.82347,False,Crashes_2010_2019_MPO
101770879,2017-09-24,2017,,19.0,,,0,0,N,0.0,0.0,0.0,,,,,,,,36.03827,-86.7843,False,Crashes_2010_2019_MPO
100412739,2013-11-30,2013,,94.0,,,0,0,N,0.0,0.0,0.0,,,,,,,,35.92689,-86.82439,False,Crashes_2010_2019_MPO
101077818,2016-01-15,2016,,19.0,,,0,0,N,0.0,0.0,0.0,,,,,,,,36.04867,-86.776,False,Crashes_2010_2019_MPO
100982278,2015-10-20,2015,,94.0,,,0,0,N,0.0,0.0,0.0,,,,,,,,36.00113,-86.79434,True,Crashes_2010_2019_MPO
101977068,2018-04-13,2018,,19.0,,,0,0,N,0.0,0.0,0.0,,,,,,,,36.0345,-86.74494,False,Crashes_2010_2019_MPO
102049000,2018-06-20,2018,,19.0,,,0,0,N,0.0,0.0,0.0,,,,,,,,36.03541,-86.78301,False,Crashes_2010_2019_MPO
101077361,2016-01-14,2016,,19.0,,,0,0,N,0.0,0.0,0.0,,,,,,,,36.0374,-86.78657,False,Crashes_2010_2019_MPO
100708557,2014-12-17,2014,,19.0,,,0,0,N,0.0,0.0,0.0,,,,,,,,36.0395,-86.78158,False,Crashes_2010_2019_MPO
101238150,2016-06-02,2016,,19.0,,,0,0,N,0.0,0.0,0.0,,,,,,,,36.03821,-86.8009,False,Crashes_2010_2019_MPO
102105663,2018-08-10,2018,,19.0,,,0,0,N,0.0,0.0,0.0,,,,,,,,36.04996,-86.71393,False,Crashes_2010_2019_MPO
100681363,2014-11-16,2014,,94.0,,,0,0,N,0.0,0.0,0.0,,,,,,,,35.94428,-86.81993,False,Crashes_2010_2019_MPO
102164333,2018-09-25,2018,,94.0,,,0,0,N,0.0,0.0,0.0,,,,,,,,35.94798,-86.81714,False,Crashes_2010_2019_MPO
101882190,2018-01-09,2018,,19.0,,,0,0,N,0.0,0.0,0.0,,,,,,,,36.03866,-86.74344,False,Crashes_2010_2019_MPO
101822964,2017-11-11,2017,,94.0,,,0,0,N,0.0,0.0,0.0,,,,,,,,35.96716,-86.81351,True,Crashes_2010_2019_MPO
101850601,2017-12-07,2017,,94.0,,,0,0,N,0.0,0.0,0.0,,,,,,,,35.94125,-86.81625,False,Crashes_2010_2019_MPO
102283238,2019-01-21,2019,,94.0,,,0,0,N,0.0,0.0,0.0,,,,,,,,35.92265,-86.86992,False,Crashes_2010_2019_MPO
100885619,2015-07-13,2015,,94.0,,,0,0,N,0.0,0.0,0.0,,,,,,,,35.97673,-86.82631,True,Crashes_2010_2019_MPO
101986963,2018-04-23,2018,,94.0,,,0,0,N,0.0,0.0,0.0,,,,,,,,36.0348,-86.78331,True,Crashes_2010_2019_MPO
100485072,2014-04-11,2014,,94.0,,,0,0,N,0.0,0.0,0.0,,,,,,,,35.94761,-86.81992,False,Crashes_2010_2019_MPO
102327976,2019-03-12,2019,,94.0,,,0,0,N,0.0,0.0,0.0,,,,,,,,35.93374,-86.81767,False,Crashes_2010_2019_MPO
101707129,2017-07-20,2017,,19.0,,,0,0,N,0.0,0.0,0.0,,,,,,,,36.01389,-86.68162,False,Crashes_2010_2019_MPO
101842145,2017-11-29,2017,,94.0,,,0,0,N,0.0,0.0,0.0,,,,,,,,36.03689,-86.81684,True,Crashes_2010_2019_MPO
100708800,2014-12-17,2014,,94.0,,,0,0,N,0.0,0.0,0.0,,,,,,,,35.96708,-86.81356,True,Crashes_2010_2019_MPO
100335660,2013-05-29,2013,,94.0,,,0,0,N,0.0,0.0,0.0,,,,,,,,35.94068,-86.83938,False,Crashes_2010_2019_MPO
101394955,2016-10-02,2016,,19.0,,,0,0,N,0.0,0.0,0.0,,,,,,,,36.05439,-86.71269,False,Crashes_2010_2019_MPO
100362097,2013-08-02,2013,,94.0,,,0,0,N,0.0,0.0,0.0,,,,,,,,35.93221,-86.79433,False,Crashes_2010_2019_MPO
101334210,2016-08-23,2016,,19.0,,,0,0,N,0.0,0.0,0.0,,,,,,,,36.0375,-86.78584,False,Crashes_2010_2019_MPO
10586391,2010-05-06,2010,,19.0,,,0,0, ,0.0,0.0,0.0,,,,,,,,36.04646,-86.67749,False,Crashes_2010_2019_MPO
100332080,2013-05-21,2013,,94.0,,,0,0,Y,0.0,0.0,1.0,,,,,,,,35.99739,-86.79678,True,Crashes_2010_2019_MPO
100968966,2015-09-28,2015,,94.0,,,0,0,N,0.0,0.0,0.0,,,,,,,,36.03488,-86.78307,True,Crashes_2010_2019_MPO
100880818,2015-07-02,2015,,19.0,,,0,0,N,0.0,0.0,0.0,,,,,,,,36.04526,-86.71475,False,Crashes_2010_2019_MPO
100823338,2015-04-22,2015,,94.0,,,0,0,N,0.0,0.0,0.0,,,,,,,,35.95702,-86.76642,True,Crashes_2010_2019_MPO
101347321,2016-08-27,2016,,19.0,,,0,0,N,0.0,0.0,0.0,,,,,,,,36.03724,-86.78304,False,Crashes_2010_2019_MPO
101178795,2016-04-21,2016,,19.0,,,0,0,N,0.0,0.0,0.0,,,,,,,,36.03728,-86.78879,False,Crashes_2010_2019_MPO
100346233,2013-06-24,2013,,94.0,,,0,0,N,0.0,0.0,0.0,,,,,,,,35.95692,-86.84124,False,Crashes_2010_2019_MPO
101587314,2017-03-19,2017,,19.0,,,0,0,N,0.0,0.0,0.0,,,,,,,,36.03841,-86.713,False,Crashes_2010_2019_MPO
101351393,2016-09-01,2016,,94.0,,,0,0,N,0.0,0.0,0.0,,,,,,,,35.94217,-86.84176,False,Crashes_2010_2019_MPO
101983413,2018-04-20,2018,,19.0,,,0,0,N,0.0,0.0,0.0,,,,,,,,36.03194,-86.76253,False,Crashes_2010_2019_MPO
100876386,2015-06-25,2015,,94.0,,,0,0,N,0.0,0.0,0.0,,,,,,,,35.97359,-86.80503,True,Crashes_2010_2019_MPO
101427695,2016-10-31,2016,,94.0,,,0,0,N,0.0,0.0,0.0,,,,,,,,35.96335,-86.83942,False,Crashes_2010_2019_MPO
100710639,2014-12-21,2014,,94.0,,,0,0,N,0.0,0.0,0.0,,,,,,,,35.94839,-86.81971,False,Crashes_2010_2019_MPO
101453569,2016-11-17,2016,,94.0,,,0,0,N,0.0,0.0,0.0,,,,,,,,35.9415,-86.81642,False,Crashes_2010_2019_MPO
102110008,2018-08-14,2018,,94.0,,,0,0,N,0.0,0.0,0.0,,,,,,,,35.96434,-86.78749,True,Crashes_2010_2019_MPO
102209042,2018-11-12,2018,,94.0,,,0,0,N,0.0,0.0,0.0,,,,,,,,35.9295,-86.84135,False,Crashes_2010_2019_MPO
100936287,2015-08-19,2015,,19.0,,,0,0,N,0.0,0.0,0.0,,,,,,,,36.04698,-86.68146,False,Crashes_2010_2019_MPO
101684686,2017-06-27,2017,,94.0,,,0,0,N,0.0,0.0,0.0,,,,,,,,35.96488,-86.7931,True,Crashes_2010_2019_MPO
102206610,2018-11-10,2018,,19.0,,,0,0,N,0.0,0.0,0.0,,,,,,,,36.03775,-86.78478,False,Crashes_2010_2019_MPO
100405367,2013-11-15,2013,,94.0,,,0,0,N,0.0,0.0,0.0,,,,,,,,36.03466,-86.80277,True,Crashes_2010_2019_MPO
102208760,2018-11-12,2018,,19.0,,,0,0,N,0.0,0.0,0.0,,,,,,,,36.03743,-86.79051,False,Crashes_2010_2019_MPO
100326749,2013-05-09,2013,,94.0,,,0,0,N,0.0,0.0,0.0,,,,,,,,35.9659,-86.80587,True,Crashes_2010_2019_MPO
102533044,2019-10-03,2019,,94.0,,,0,0,N,0.0,0.0,0.0,,,,,,,,35.95602,-86.8111,False,Crashes_2010_2019_MPO
101639398,2017-05-09,2017,,94.0,,,0,0,N,0.0,0.0,0.0,,,,,,,,35.97334,-86.83305,True,Crashes_2010_2019_MPO
102235360,2018-12-04,2018,,19.0,,,0,0,N,0.0,0.0,0.0,,,,,,,,36.04711,-86.86197,False,Crashes_2010_2019_MPO
100363977,2013-08-08,2013,,94.0,,,0,0,N,0.0,0.0,0.0,,,,,,,,35.92641,-86.82446,False,Crashes_2010_2019_MPO
102468258,2019-08-05,2019,,94.0,,,0,0,N,0.0,0.0,0.0,,,,,,,,35.97785,-86.80356,True,Crashes_2010_2019_MPO
101802698,2017-10-24,2017,,19.0,,,0,0,N,0.0,0.0,0.0,,,,,,,,36.02401,-86.71059,False,Crashes_2010_2019_MPO
100193403,2012-06-20,2012,,94.0,,,0,0,N,0.0,0.0,0.0,,,,,,,,36.00936,-86.8034,True,Crashes_2010_2019_MPO
101476547,2016-12-14,2016,,94.0,,,0,0,N,0.0,0.0,0.0,,,,,,,,36.0022,-86.79287,True,Crashes_2010_2019_MPO
100501281,2014-04-26,2014,,94.0,,,0,0,N,0.0,0.0,0.0,,,,,,,,35.9445,-86.81295,False,Crashes_2010_2019_MPO
101897302,2018-01-26,2018,,94.0,,,0,0,Y,0.0,0.0,1.0,,,,,,,,36.00768,-86.78721,True,Crashes_2010_2019_MPO
102150368,2018-09-19,2018,,19.0,,,0,0,N,0.0,0.0,0.0,,,,,,,,36.05366,-86.71502,False,Crashes_2010_2019_MPO
101099735,2016-02-04,2016,,94.0,,,0,0,N,0.0,0.0,0.0,,,,,,,,35.95785,-86.80188,False,Crashes_2010_2019_MPO
101358112,2016-09-10,2016,,94.0,,,0,0,N,0.0,0.0,0.0,,,,,,,,36.03345,-86.77903,True,Crashes_2010_2019_MPO
100725712,2015-01-21,2015,,19.0,,,0,0,N,0.0,0.0,0.0,,,,,,,,36.03172,-86.78345,True,Crashes_2010_2019_MPO
101470740,2016-12-04,2016,,19.0,,,0,0,N,0.0,0.0,0.0,,,,,,,,36.04193,-86.67728,False,Crashes_2010_2019_MPO
102114516,2018-08-18,2018,,19.0,,,0,0,N,0.0,0.0,0.0,,,,,,,,36.0478,-86.71652,False,Crashes_2010_2019_MPO
101126376,2016-03-02,2016,,94.0,,,0,0,N,0.0,0.0,0.0,,,,,,,,35.95599,-86.83263,False,Crashes_2010_2019_MPO
100857461,2015-06-08,2015,,94.0,,,0,0,N,0.0,0.0,0.0,,,,,,,,35.96497,-86.80278,True,Crashes_2010_2019_MPO
101531680,2017-01-20,2017,,94.0,,,0,0,N,0.0,0.0,0.0,,,,,,,,35.99265,-86.79844,True,Crashes_2010_2019_MPO
100771820,2015-03-14,2015,,94.0,,,0,0,N,0.0,0.0,0.0,,,,,,,,35.95795,-86.85991,False,Crashes_2010_2019_MPO
100397708,2013-10-29,2013,,94.0,,,0,0,N,0.0,0.0,0.0,,,,,,,,35.93583,-86.8255,False,Crashes_2010_2019_MPO
101749482,2017-09-03,2017,,19.0,,,0,0,N,0.0,0.0,0.0,,,,,,,,36.00867,-86.69482,False,Crashes_2010_2019_MPO
102562592,2019-11-05,2019,,94.0,,,0,0,N,0.0,0.0,0.0,,,,,,,,35.98498,-86.80132,True,Crashes_2010_2019_MPO
100854852,2015-06-03,2015,,94.0,,,0,0,N,0.0,0.0,0.0,,,,,,,,35.96708,-86.81356,True,Crashes_2010_2019_MPO
101911233,2018-02-09,2018,,19.0,,,0,0,N,0.0,0.0,0.0,,,,,,,,36.04461,-86.84718,False,Crashes_2010_2019_MPO
101419316,2016-10-14,2016,,94.0,,,0,0,N,0.0,0.0,0.0,,,,,,,,35.95013,-86.80679,False,Crashes_2010_2019_MPO
100268646,2012-12-18,2012,,94.0,,,0,0,N,0.0,0.0,0.0,,,,,,,,35.97736,-86.7768,True,Crashes_2010_2019_MPO
100680486,2014-11-14,2014,,94.0,,,0,0,N,0.0,0.0,0.0,,,,,,,,36.01177,-86.78484,True,Crashes_2010_2019_MPO
100996845,2015-10-26,2015,,19.0,,,0,0,N,0.0,0.0,0.0,,,,,,,,36.03507,-86.80582,True,Crashes_2010_2019_MPO
102127779,2018-08-30,2018,,94.0,,,0,0,N,0.0,0.0,0.0,,,,,,,,35.92641,-86.82453,False,Crashes_2010_2019_MPO
102360155,2019-04-13,2019,,94.0,,,0,0,N,0.0,0.0,0.0,,,,,,,,35.98328,-86.80191,True,Crashes_2010_2019_MPO
101928975,2018-02-27,2018,,19.0,,,0,0,N,0.0,0.0,0.0,,,,,,,,36.03783,-86.78471,False,Crashes_2010_2019_MPO
101750993,2017-09-04,2017,,94.0,,,0,0,N,0.0,0.0,0.0,,,,,,,,35.96677,-86.81309,False,Crashes_2010_2019_MPO
101045515,2015-12-08,2015,,19.0,,,0,0,N,0.0,0.0,0.0,,,,,,,,36.04374,-86.84556,False,Crashes_2010_2019_MPO
101567496,2017-02-23,2017,,94.0,,,0,0,N,0.0,0.0,0.0,,,,,,,,35.92515,-86.87322,False,Crashes_2010_2019_MPO
100338440,2013-06-06,2013,,94.0,,,0,0,N,0.0,0.0,0.0,,,,,,,,35.94599,-86.82337,False,Crashes_2010_2019_MPO
101318769,2016-08-02,2016,,19.0,,,0,0,N,0.0,0.0,0.0,,,,,,,,36.03256,-86.7687,False,Crashes_2010_2019_MPO
101916968,2018-02-15,2018,,94.0,,,0,0,N,0.0,0.0,0.0,,,,,,,,35.95724,-86.81662,False,Crashes_2010_2019_MPO
102371325,2019-04-25,2019,,94.0,,,0,0,N,0.0,0.0,0.0,,,,,,,,35.92468,-86.81674,False,Crashes_2010_2019_MPO
100732395,2015-02-04,2015,,19.0,,,0,0,N,0.0,0.0,0.0,,,,,,,,36.04545,-86.7036,False,Crashes_2010_2019_MPO
102594333,2019-12-11,2019,,19.0,,,0,0,N,0.0,0.0,0.0,,,,,,,,36.03935,-86.78199,False,Crashes_2010_2019_MPO
101459274,2016-11-23,2016,,94.0,,,0,0,N,0.0,0.0,0.0,,,,,,,,35.9319,-86.79401,False,Crashes_2010_2019_MPO
101351391,2016-09-01,2016,,94.0,,,0,0,N,0.0,0.0,0.0,,,,,,,,35.92546,-86.87275,False,Crashes_2010_2019_MPO
102398308,2019-05-24,2019,,19.0,,,0,0,N,0.0,0.0,0.0,,,,,,,,36.04049,-86.74548,False,Crashes_2010_2019_MPO
102072417,2018-07-12,2018,,94.0,,,0,0,N,0.0,0.0,0.0,,,,,,,,35.95198,-86.81788,False,Crashes_2010_2019_MPO
101348462,2016-08-28,2016,,19.0,,,0,0,N,0.0,0.0,0.0,,,,,,,,36.04681,-86.75253,False,Crashes_2010_2019_MPO
101147359,2016-03-19,2016,,94.0,,,0,0,N,0.0,0.0,0.0,,,,,,,,35.99554,-86.77921,True,Crashes_2010_2019_MPO
100656479,2014-10-20,2014,,94.0,,,0,0,N,0.0,0.0,0.0,,,,,,,,35.92547,-86.87275,False,Crashes_2010_2019_MPO
101072951,2016-01-06,2016,,19.0,,,0,0,N,0.0,0.0,0.0,,,,,,,,36.03735,-86.78656,False,Crashes_2010_2019_MPO
101938580,2018-03-09,2018,,94.0,,,0,0,N,0.0,0.0,0.0,,,,,,,,36.03297,-86.79677,True,Crashes_2010_2019_MPO
100950444,2015-09-13,2015,,19.0,,,0,0,N,0.0,0.0,0.0,,,,,,,,36.02517,-86.78537,True,Crashes_2010_2019_MPO
101858206,2017-12-14,2017,,94.0,,,0,0,N,0.0,0.0,0.0,,,,,,,,36.03628,-86.81693,True,Crashes_2010_2019_MPO
101402650,2016-10-13,2016,,19.0,,,0,1,N,0.0,1.0,0.0,,,,,,,,36.03971,-86.76279,False,Crashes_2010_2019_MPO
101073460,2016-01-07,2016,,94.0,,,0,0,N,0.0,0.0,0.0,,,,,,,,35.947,-86.81151,False,Crashes_2010_2019_MPO
102596965,2019-12-13,2019,,94.0,,,0,0,N,0.0,0.0,0.0,,,,,,,,35.96091,-86.80943,False,Crashes_2010_2019_MPO
100713783,2014-12-27,2014,,19.0,,,0,0,N,0.0,0.0,0.0,,,,,,,,36.05486,-86.72902,False,Crashes_2010_2019_MPO
101503700,2017-01-13,2017,,94.0,,,0,0,N,0.0,0.0,0.0,,,,,,,,35.94795,-86.76656,True,Crashes_2010_2019_MPO
101007159,2015-11-11,2015,,94.0,,,0,0,N,0.0,0.0,0.0,,,,,,,,35.967496,-86.803386,True,Crashes_2010_2019_MPO
100546708,2014-06-03,2014,,94.0,,,0,0,N,0.0,0.0,0.0,,,,,,,,35.92954,-86.84187,False,Crashes_2010_2019_MPO
100502723,2014-04-30,2014,,94.0,,,0,0,N,0.0,0.0,0.0,,,,,,,,36.03521,-86.78691,True,Crashes_2010_2019_MPO
102428669,2019-06-24,2019,,94.0,,,0,0,N,0.0,0.0,0.0,,,,,,,,35.99742,-86.81269,True,Crashes_2010_2019_MPO
102557972,2019-11-03,2019,,94.0,,,0,0,N,0.0,0.0,0.0,,,,,,,,35.98097,-86.74517,True,Crashes_2010_2019_MPO
100305738,2013-03-20,2013,,94.0,,,0,0,N,0.0,0.0,0.0,,,,,,,,35.94779,-86.86029,False,Crashes_2010_2019_MPO
101893576,2018-01-22,2018,,94.0,,,0,0,N,0.0,0.0,0.0,,,,,,,,35.94675,-86.85178,False,Crashes_2010_2019_MPO
100551903,2014-06-16,2014,,94.0,,,0,0,N,0.0,0.0,0.0,,,,,,,,35.99436,-86.7658,True,Crashes_2010_2019_MPO
101698796,2017-07-11,2017,,94.0,,,0,0,N,0.0,0.0,0.0,,,,,,,,35.96641,-86.81131,False,Crashes_2010_2019_MPO
102001652,2018-05-06,2018,,94.0,,,0,0,N,0.0,0.0,0.0,,,,,,,,35.99381,-86.76074,True,Crashes_2010_2019_MPO
101320948,2016-08-05,2016,,94.0,,,0,0,N,0.0,0.0,0.0,,,,,,,,35.93127,-86.87663,False,Crashes_2010_2019_MPO
101926770,2018-02-25,2018,,94.0,,,0,0,N,0.0,0.0,0.0,,,,,,,,35.99753,-86.79643,True,Crashes_2010_2019_MPO
101684669,2017-06-27,2017,,94.0,,,0,0,N,0.0,0.0,0.0,,,,,,,,35.98554,-86.73234,True,Crashes_2010_2019_MPO
101925908,2018-02-24,2018,,19.0,,,0,0,N,0.0,0.0,0.0,,,,,,,,36.04543,-86.70361,False,Crashes_2010_2019_MPO
102223275,2018-11-24,2018,,94.0,,,0,0,N,0.0,0.0,0.0,,,,,,,,35.9899,-86.74415,True,Crashes_2010_2019_MPO
100635721,2014-09-29,2014,,94.0,,,0,0,N,0.0,0.0,0.0,,,,,,,,35.92555,-86.78428,False,Crashes_2010_2019_MPO
101747708,2017-09-01,2017,,19.0,,,0,0,N,0.0,0.0,0.0,,,,,,,,36.04001,-86.74347,False,Crashes_2010_2019_MPO
101959271,2018-03-29,2018,,19.0,,,0,0,N,0.0,0.0,0.0,,,,,,,,36.04537,-86.77943,False,Crashes_2010_2019_MPO
102325606,2019-03-09,2019,,94.0,,,0,0,N,0.0,0.0,0.0,,,,,,,,35.96503,-86.81597,True,Crashes_2010_2019_MPO
100964567,2015-09-21,2015,,94.0,,,0,0,N,0.0,0.0,0.0,,,,,,,,35.96705,-86.81277,True,Crashes_2010_2019_MPO
102429618,2019-06-26,2019,,94.0,,,0,0,N,0.0,0.0,0.0,,,,,,,,35.99922,-86.80923,True,Crashes_2010_2019_MPO
102258276,2018-12-27,2018,,19.0,,,0,0,N,0.0,0.0,0.0,,,,,,,,36.03972,-86.7631,False,Crashes_2010_2019_MPO
101670270,2017-06-11,2017,,19.0,,,0,0,N,0.0,0.0,0.0,,,,,,,,36.04114,-86.77621,False,Crashes_2010_2019_MPO
101591595,2017-03-23,2017,,94.0,,,0,0,N,0.0,0.0,0.0,,,,,,,,35.93215,-86.79441,False,Crashes_2010_2019_MPO
100805860,2015-04-10,2015,,19.0,,,0,0,N,0.0,0.0,0.0,,,,,,,,36.03557,-86.71331,False,Crashes_2010_2019_MPO
102512569,2019-09-18,2019,,94.0,,,0,0,N,0.0,0.0,0.0,,,,,,,,35.93871,-86.81714,False,Crashes_2010_2019_MPO
102042932,2018-06-12,2018,,94.0,,,0,0,N,0.0,0.0,0.0,,,,,,,,35.9355,-86.82333,False,Crashes_2010_2019_MPO
102272854,2019-01-10,2019,,19.0,,,0,0,N,0.0,0.0,0.0,,,,,,,,36.0243,-86.74239,False,Crashes_2010_2019_MPO
101705629,2017-07-19,2017,,94.0,,,0,0,N,0.0,0.0,0.0,,,,,,,,35.96635,-86.81379,False,Crashes_2010_2019_MPO
102345634,2019-03-29,2019,,94.0,,,0,0,N,0.0,0.0,0.0,,,,,,,,35.966684,-86.809166,True,Crashes_2010_2019_MPO
101042505,2015-12-04,2015,,94.0,,,0,0,N,0.0,0.0,0.0,,,,,,,,36.01316,-86.73877,True,Crashes_2010_2019_MPO
102347698,2019-03-15,2019,,94.0,,,0,0,N,0.0,0.0,0.0,,,,,,,,35.96501,-86.81135,False,Crashes_2010_2019_MPO
101009253,2015-11-14,2015,,94.0,,,0,0,N,0.0,0.0,0.0,,,,,,,,36.02085,-86.78735,True,Crashes_2010_2019_MPO
100357416,2013-07-22,2013,,94.0,,,0,0,N,0.0,0.0,0.0,,,,,,,,35.9698,-86.72399,True,Crashes_2010_2019_MPO
101951622,2018-03-21,2018,,94.0,,,0,0,N,0.0,0.0,0.0,,,,,,,,35.99734,-86.79486,True,Crashes_2010_2019_MPO
100701478,2014-12-04,2014,,19.0,,,0,0,N,0.0,0.0,0.0,,,,,,,,36.03755,-86.78503,False,Crashes_2010_2019_MPO
101102001,2016-02-08,2016,,94.0,,,0,0,N,0.0,0.0,0.0,,,,,,,,35.93768,-86.87618,False,Crashes_2010_2019_MPO
101434628,2016-11-08,2016,,94.0,,,0,0,N,0.0,0.0,0.0,,,,,,,,35.99689,-86.79201,True,Crashes_2010_2019_MPO
101717936,2017-08-01,2017,,94.0,,,0,0,N,0.0,0.0,0.0,,,,,,,,36.02781,-86.79178,True,Crashes_2010_2019_MPO
101620483,2017-04-20,2017,,94.0,,,0,0,N,0.0,0.0,0.0,,,,,,,,35.94702,-86.81164,False,Crashes_2010_2019_MPO
101915267,2018-02-13,2018,,19.0,,,0,0,N,0.0,0.0,0.0,,,,,,,,36.03974,-86.75558,False,Crashes_2010_2019_MPO
100179811,2012-05-12,2012,,94.0,,,0,0,N,0.0,0.0,0.0,,,,,,,,35.99004,-86.74527,True,Crashes_2010_2019_MPO