mstrrecnbr,collision_ts,year,county,countystat,crash,crash_type,fatalities,non_motorists,commercial,fatal_c,nonmotor_c,truck_c,fatalc,serious_injuries,ped,bike,lighting,weather,first_harmful_event,latitude,longitude,in_city,src_layer
101884534,2018-01-11,2018,,94.0,,,0,0,N,0.0,0.0,0.0,,,,,,,,35.98098,-86.69953,True,Crashes_2010_2019_MPO
101361234,2016-09-14,2016,,19.0,,,0,0,N,0.0,0.0,0.0,,,,,,,,36.03923,-86.81648,True,Crashes_2010_2019_MPO
100317254,2013-04-16,2013,,94.0,,,0,0,N,0.0,0.0,0.0,,,,,,,,35.94618,-86.80856,False,Crashes_2010_2019_MPO
101891991,2018-01-20,2018,,94.0,,,0,0,N,0.0,0.0,0.0,,,,,,,,35.96721,-86.81889,True,Crashes_2010_2019_MPO
101663535,2017-06-03,2017,,19.0,,,0,0,N,0.0,0.0,0.0,,,,,,,,36.04537,-86.71326,False,Crashes_2010_2019_MPO
100259217,2012-11-28,2012,,94.0,,,0,0,N,0.0,0.0,0.0,,,,,,,,36.01343,-86.80338,True,Crashes_2010_2019_MPO
101683880,2017-06-26,2017,,19.0,,,0,0,N,0.0,0.0,0.0,,,,,,,,36.04023,-86.74492,False,Crashes_2010_2019_MPO
102149863,2018-09-17,2018,,94.0,,,0,0,N,0.0,0.0,0.0,,,,,,,,35.95284,-86.8469,False,Crashes_2010_2019_MPO
101072430,2016-01-05,2016,,94.0,,,0,0,N,0.0,0.0,0.0,,,,,,,,35.95548,-86.81723,False,Crashes_2010_2019_MPO
101155905,2016-04-01,2016,,19.0,,,0,0,N,0.0,0.0,0.0,,,,,,,,36.04388,-86.7131,False,Crashes_2010_2019_MPO
101619814,2017-04-18,2017,,94.0,,,0,0,N,0.0,0.0,0.0,,,,,,,,35.92431,-86.86923,False,Crashes_2010_2019_MPO
101033080,2015-11-19,2015,,94.0,,,0,0,N,0.0,0.0,0.0,,,,,,,,35.99375,-86.79805,True,Crashes_2010_2019_MPO
100355531,2013-07-17,2013,,94.0,,,0,0,N,0.0,0.0,0.0,,,,,,,,35.93847,-86.68614,False,Crashes_2010_2019_MPO
102244059,2018-12-11,2018,,94.0,,,0,0,N,0.0,0.0,0.0,,,,,,,,35.95581,-86.84452,False,Crashes_2010_2019_MPO
100422765,2013-12-21,2013,,94.0,,,0,0,N,0.0,0.0,0.0,,,,,,,,35.96561,-86.70619,True,Crashes_2010_2019_MPO
100879270,2015-07-01,2015,,94.0,,,0,0,N,0.0,0.0,0.0,,,,,,,,35.97044,-86.7738,True,Crashes_2010_2019_MPO
101732410,2017-08-16,2017,,94.0,,,0,0,N,0.0,0.0,0.0,,,,,,,,35.94001,-86.81666,False,Crashes_2010_2019_MPO
102371955,2019-04-24,2019,,94.0,,,0,0,N,0.0,0.0,0.0,,,,,,,,35.94489,-86.82843,False,Crashes_2010_2019_MPO
102324558,2019-03-08,2019,,19.0,,,0,0,N,0.0,0.0,0.0,,,,,,,,36.03985,-86.74124,False,Crashes_2010_2019_MPO
101990428,2018-04-26,2018,,19.0,,,0,0,N,0.0,0.0,0.0,,,,,,,,36.03352,-86.71298,False,Crashes_2010_2019_MPO
102228553,2018-11-29,2018,,19.0,,,0,0,N,0.0,0.0,0.0,,,,,,,,36.05145,-86.70271,False,Crashes_2010_2019_MPO
102611601,2019-12-30,2019,,19.0,,,0,0,N,0.0,0.0,0.0,,,,,,,,36.05481,-86.7287,False,Crashes_2010_2019_MPO
101958463,2018-03-28,2018,,94.0,,,0,0,N,0.0,0.0,0.0,,,,,,,,35.966744,-86.80914,True,Crashes_2010_2019_MPO
102182533,2018-10-19,2018,,19.0,,,0,0,Y,0.0,0.0,1.0,,,,,,,,36.05419,-86.83507,False,Crashes_2010_2019_MPO
101828684,2017-11-14,2017,,94.0,,,0,0,N,0.0,0.0,0.0,,,,,,,,35.98873,-86.79979,True,Crashes_2010_2019_MPO
101555978,2017-02-16,2017,,19.0,,,0,0,N,0.0,0.0,0.0,,,,,,,,36.04003,-86.74385,False,Crashes_2010_2019_MPO
101583984,2017-03-15,2017,,94.0,,,0,0,N,0.0,0.0,0.0,,,,,,,,35.96653,-86.81126,True,Crashes_2010_2019_MPO
101591745,2017-03-23,2017,,94.0,,,0,0,N,0.0,0.0,0.0,,,,,,,,36.01459,-86.78568,True,Crashes_2010_2019_MPO
100546639,2014-06-03,2014,,94.0,,,0,0,N,0.0,0.0,0.0,,,,,,,,35.96507,-86.795,True,Crashes_2010_2019_MPO
102424670,2019-06-16,2019,,19.0,,,0,0,N,0.0,0.0,0.0,,,,,,,,36.04177,-86.70918,False,Crashes_2010_2019_MPO
101497779,2017-01-06,2017,,94.0,,,0,0,N,0.0,0.0,0.0,,,,,,,,35.98635,-86.73664,True,Crashes_2010_2019_MPO
101506755,2017-01-16,2017,,94.0,,,0,0,N,0.0,0.0,0.0,,,,,,,,36.01978,-86.74213,False,Crashes_2010_2019_MPO
100872473,2015-06-17,2015,,94.0,,,0,1,N,0.0,1.0,0.0,,,,,,,,35.94782,-86.81082,False,Crashes_2010_2019_MPO
102399408,2019-05-25,2019,,94.0,,,0,0,N,0.0,0.0,0.0,,,,,,,,35.9898,-86.77791,True,Crashes_2010_2019_MPO
102379402,2019-05-03,2019,,94.0,,,0,0,N,0.0,0.0,0.0,,,,,,,,36.02831,-86.78416,True,Crashes_2010_2019_MPO
102366549,2019-04-20,2019,,94.0,,,0,0,N,0.0,0.0,0.0,,,,,,,,36.03325,-86.7835,True,Crashes_2010_2019_MPO
101750911,2017-09-03,2017,,94.0,,,0,0,N,0.0,0.0,0.0,,,,,,,,35.97442,-86.83204,True,Crashes_2010_2019_MPO
101074691,2016-01-03,2016,,94.0,,,0,0,N,0.0,0.0,0.0,,,,,,,,35.96301,-86.70659,True,Crashes_2010_2019_MPO
100271640,2012-12-19,2012,,94.0,,,0,0,N,0.0,0.0,0.0,,,,,,,,35.93581,-86.81814,False,Crashes_2010_2019_MPO
102272966,2019-01-10,2019,,94.0,,,0,0,N,0.0,0.0,0.0,,,,,,,,36.03957,-86.86944,False,Crashes_2010_2019_MPO
100806147,2015-04-11,2015,,19.0,,,0,0,N,0.0,0.0,0.0,,,,,,,,36.03846,-86.74416,False,Crashes_2010_2019_MPO
102319965,2019-03-03,2019,,19.0,,,0,0,N,0.0,0.0,0.0,,,,,,,,36.0357,-86.71331,False,Crashes_2010_2019_MPO
102085285,2018-07-23,2018,,94.0,,,0,0,N,0.0,0.0,0.0,,,,,,,,35.96015,-86.87826,False,Crashes_2010_2019_MPO
101455799,2016-11-21,2016,,94.0,,,0,0,N,0.0,0.0,0.0,,,,,,,,36.03319,-86.7876,True,Crashes_2010_2019_MPO
101560962,2017-02-20,2017,,94.0,,,0,0,N,0.0,0.0,0.0,,,,,,,,35.92685,-86.72185,False,Crashes_2010_2019_MPO
100856658,2015-06-07,2015,,94.0,,,0,0,N,0.0,0.0,0.0,,,,,,,,36.0194,-86.77255,True,Crashes_2010_2019_MPO
101650268,2017-05-20,2017,,94.0,,,0,0,N,0.0,0.0,0.0,,,,,,,,35.9407,-86.83934,False,Crashes_2010_2019_MPO
100566549,2014-06-28,2014,,94.0,,,0,0,N,0.0,0.0,0.0,,,,,,,,35.95416,-86.81573,False,Crashes_2010_2019_MPO
100438497,2014-02-03,2014,,94.0,,,0,0,N,0.0,0.0,0.0,,,,,,,,35.93395,-86.86139,False,Crashes_2010_2019_MPO
100819899,2015-04-18,2015,,94.0,,,0,0,N,0.0,0.0,0.0,,,,,,,,36.03013,-86.86738,False,Crashes_2010_2019_MPO
100805332,2015-04-10,2015,,19.0,,,0,0,N,0.0,0.0,0.0,,,,,,,,36.04169,-86.74802,False,Crashes_2010_2019_MPO
102037517,2018-06-08,2018,,19.0,,,0,0,N,0.0,0.0,0.0,,,,,,,,35.99597,-86.6908,False,Crashes_2010_2019_MPO
102600009,2019-12-17,2019,,19.0,,,0,0,N,0.0,0.0,0.0,,,,,,,,36.03843,-86.71307,False,Crashes_2010_2019_MPO
100660771,2014-10-28,2014,,19.0,,,0,0,N,0.0,0.0,0.0,,,,,,,,36.00124,-86.69549,False,Crashes_2010_2019_MPO
102174251,2018-10-11,2018,,94.0,,,0,0,N,0.0,0.0,0.0,,,,,,,,35.95007,-86.761,True,Crashes_2010_2019_MPO
100886811,2015-07-15,2015,,94.0,,,0,0,N,0.0,0.0,0.0,,,,,,,,36.03072,-86.837,True,Crashes_2010_2019_MPO
102226021,2018-11-27,2018,,94.0,,,0,0,N,0.0,0.0,0.0,,,,,,,,35.95078,-86.80672,False,Crashes_2010_2019_MPO
101646549,2017-05-17,2017,,19.0,,,0,0,N,0.0,0.0,0.0,,,,,,,,36.02305,-86.68491,False,Crashes_2010_2019_MPO
101702194,2017-07-15,2017,,19.0,,,0,0,N,0.0,0.0,0.0,,,,,,,,36.04776,-86.86235,False,Crashes_2010_2019_MPO
102453784,2019-07-21,2019,,94.0,,,0,0,N,0.0,0.0,0.0,,,,,,,,35.99608,-86.78483,True,Crashes_2010_2019_MPO
101492056,2016-12-30,2016,,19.0,,,0,0,N,0.0,0.0,0.0,,,,,,,,36.04149,-86.71098,False,Crashes_2010_2019_MPO
101798393,2017-10-20,2017,,94.0,,,0,0,N,0.0,0.0,0.0,,,,,,,,35.96199,-86.81523,False,Crashes_2010_2019_MPO
101855341,2017-12-11,2017,,94.0,,,0,0,N,0.0,0.0,0.0,,,,,,,,35.99583,-86.78225,True,Crashes_2010_2019_MPO
100419634,2013-12-15,2013,,94.0,,,0,0,N,0.0,0.0,0.0,,,,,,,,35.92638,-86.86622,False,Crashes_2010_2019_MPO
101004175,2015-11-06,2015,,19.0,,,0,0,N,0.0,0.0,0.0,,,,,,,,36.0374,-86.78657,False,Crashes_2010_2019_MPO
101976204,2018-04-13,2018,,94.0,,,0,0,N,0.0,0.0,0.0,,,,,,,,35.99436,-86.76576,True,Crashes_2010_2019_MPO
102589772,2019-12-06,2019,,19.0,,,0,0,N,0.0,0.0,0.0,,,,,,,,36.04001,-86.74347,False,Crashes_2010_2019_MPO
102447571,2019-07-14,2019,,19.0,,,0,0,N,0.0,0.0,0.0,,,,,,,,35.99944,-86.69345,False,Crashes_2010_2019_MPO
101793055,2017-10-13,2017,,94.0,,,0,0,N,0.0,0.0,0.0,,,,,,,,35.96518,-86.80029,True,Crashes_2010_2019_MPO
101183080,2016-04-28,2016,,19.0,,,0,0,N,0.0,0.0,0.0,,,,,,,,36.05221,-86.71457,False,Crashes_2010_2019_MPO
100168324,2012-04-11,2012,,94.0,,,0,0,N,0.0,0.0,0.0,,,,,,,,35.9801,-86.80301,True,Crashes_2010_2019_MPO
101331072,2016-08-19,2016,,94.0,,,0,0,N,0.0,0.0,0.0,,,,,,,,35.96056,-86.81522,False,Crashes_2010_2019_MPO
101236060,2016-05-30,2016,,19.0,,,0,0,N,0.0,0.0,0.0,,,,,,,,36.05088,-86.69822,False,Crashes_2010_2019_MPO
100478848,2014-03-26,2014,,94.0,,,0,0,N,0.0,0.0,0.0,,,,,,,,35.92541,-86.87286,False,Crashes_2010_2019_MPO
101794959,2017-10-17,2017,,94.0,,,0,0,N,0.0,0.0,0.0,,,,,,,,35.96326,-86.80861,False,Crashes_2010_2019_MPO
100886693,2015-07-15,2015,,94.0,,,0,0,N,0.0,0.0,0.0,,,,,,,,35.94068,-86.83938,False,Crashes_2010_2019_MPO
102484465,2019-08-21,2019,,94.0,,,0,0,N,0.0,0.0,0.0,,,,,,,,35.99835,-86.80316,True,Crashes_2010_2019_MPO
100913055,2015-07-24,2015,,19.0,,,0,0,N,0.0,0.0,0.0,,,,,,,,36.05103,-86.74329,False,Crashes_2010_2019_MPO
101838592,2017-11-25,2017,,94.0,,,0,0,N,0.0,0.0,0.0,,,,,,,,35.92439,-86.82239,False,Crashes_2010_2019_MPO
101877950,2018-01-04,2018,,94.0,,,0,0,N,0.0,0.0,0.0,,,,,,,,36.03165,-86.78966,True,Crashes_2010_2019_MPO
100633017,2014-09-24,2014,,94.0,,,0,0,N,0.0,0.0,0.0,,,,,,,,35.93193,-86.79397,False,Crashes_2010_2019_MPO
102503885,2019-09-09,2019,,94.0,,,0,0,N,0.0,0.0,0.0,,,,,,,,35.96278,-86.737,True,Crashes_2010_2019_MPO
100834749,2015-05-15,2015,,19.0,,,0,0,N,0.0,0.0,0.0,,,,,,,,36.02351,-86.69748,False,Crashes_2010_2019_MPO
100736207,2015-02-12,2015,,94.0,,,0,0,N,0.0,0.0,0.0,,,,,,,,35.9962,-86.79746,True,Crashes_2010_2019_MPO
100883227,2015-07-08,2015,,94.0,,,0,0,N,0.0,0.0,0.0,,,,,,,,36.03405,-86.81346,True,Crashes_2010_2019_MPO
102301800,2019-02-09,2019,,19.0,,,0,0,N,0.0,0.0,0.0,,,,,,,,36.04073,-86.7797,False,Crashes_2010_2019_MPO
102015805,2018-05-19,2018,,19.0,,,0,0,N,0.0,0.0,0.0,,,,,,,,36.04884,-86.71631,False,Crashes_2010_2019_MPO
100835867,2015-05-17,2015,,19.0,,,0,0,N,0.0,0.0,0.0,,,,,,,,36.04306,-86.78159,False,Crashes_2010_2019_MPO
101077994,2016-01-15,2016,,94.0,,,0,0,N,0.0,0.0,0.0,,,,,,,,35.96527,-86.80055,True,Crashes_2010_2019_MPO
101580711,2017-03-12,2017,,19.0,,,0,0,N,0.0,0.0,0.0,,,,,,,,36.04532,-86.7137,False,Crashes_2010_2019_MPO
102359050,2019-04-12,2019,,94.0,,,0,0,N,0.0,0.0,0.0,,,,,,,,35.94764,-86.81433,False,Crashes_2010_2019_MPO
100570505,2014-07-08,2014,,94.0,,,0,0,N,0.0,0.0,0.0,,,,,,,,35.99669,-86.81057,True,Crashes_2010_2019_MPO
101779945,2017-10-03,2017,,94.0,,,0,0,N,0.0,0.0,0.0,,,,,,,,35.94652,-86.81017,False,Crashes_2010_2019_MPO
100226321,2012-09-12,2012,,94.0,,,0,0,N,0.0,0.0,0.0,,,,,,,,35.96958,-86.80642,True,Crashes_2010_2019_MPO
101863879,2017-12-19,2017,,94.0,,,0,0,N,0.0,0.0,0.0,,,,,,,,35.99781,-86.79886,True,Crashes_2010_2019_MPO
100507752,2014-05-12,2014,,94.0,,,0,0,N,0.0,0.0,0.0,,,,,,,,35.97593,-86.82962,True,Crashes_2010_2019_MPO
102420644,2019-06-15,2019,,94.0,,,0,0,N,0.0,0.0,0.0,,,,,,,,35.93885,-86.81709,False,Crashes_2010_2019_MPO
100584720,2014-07-17,2014,,94.0,,,0,0,N,0.0,0.0,0.0,,,,,,,,35.92923,-86.85318,False,Crashes_2010_2019_MPO
100442222,2014-02-13,2014,,94.0,,,0,0,N,0.0,0.0,0.0,,,,,,,,35.92936,-86.84054,False,Crashes_2010_2019_MPO
101607926,2017-04-07,2017,,94.0,,,0,0,N,0.0,0.0,0.0,,,,,,,,35.99443,-86.76641,True,Crashes_2010_2019_MPO
101550514,2017-02-10,2017,,19.0,,,0,0,N,0.0,0.0,0.0,,,,,,,,36.04792,-86.86495,False,Crashes_2010_2019_MPO
100922463,2015-08-13,2015,,19.0,,,0,0,N,0.0,0.0,0.0,,,,,,,,36.04157,-86.82343,False,Crashes_2010_2019_MPO
100662124,2014-10-30,2014,,94.0,,,0,0,N,0.0,0.0,0.0,,,,,,,,36.01417,-86.86242,False,Crashes_2010_2019_MPO
101701038,2017-07-13,2017,,94.0,,,0,0,N,0.0,0.0,0.0,,,,,,,,36.01451,-86.78541,True,Crashes_2010_2019_MPO
102504260,2019-09-09,2019,,94.0,,,0,0,N,0.0,0.0,0.0,,,,,,,,35.97301,-86.83002,True,Crashes_2010_2019_MPO
100378299,2013-09-12,2013,,94.0,,,0,0,N,0.0,0.0,0.0,,,,,,,,35.9684,-86.82764,False,Crashes_2010_2019_MPO
101840173,2017-11-27,2017,,19.0,,,0,0,N,0.0,0.0,0.0,,,,,,,,36.04723,-86.86243,False,Crashes_2010_2019_MPO
101066047,2015-12-23,2015,,94.0,,,0,0,N,0.0,0.0,0.0,,,,,,,,35.96755,-86.81661,True,Crashes_2010_2019_MPO
101241661,2016-06-08,2016,,94.0,,,0,0,N,0.0,0.0,0.0,,,,,,,,35.95795,-86.80254,False,Crashes_2010_2019_MPO
102195890,2018-10-31,2018,,19.0,,,0,0,N,0.0,0.0,0.0,,,,,,,,36.03885,-86.76848,False,Crashes_2010_2019_MPO
101705092,2017-07-18,2017,,19.0,,,0,0,N,0.0,0.0,0.0,,,,,,,,36.0465,-86.7134,False,Crashes_2010_2019_MPO
102103526,2018-08-09,2018,,94.0,,,0,0,N,0.0,0.0,0.0,,,,,,,,35.95616,-86.76726,True,Crashes_2010_2019_MPO
101391338,2016-09-27,2016,,94.0,,,0,0,N,0.0,0.0,0.0,,,,,,,,35.93502,-86.86059,False,Crashes_2010_2019_MPO
100058631,2011-05-23,2011,,94.0,,,0,0,N,0.0,0.0,0.0,,,,,,,,35.973865,-86.804956,True,Crashes_2010_2019_MPO
102076137,2018-07-16,2018,,19.0,,,0,0,N,0.0,0.0,0.0,,,,,,,,36.04546,-86.70404,False,Crashes_2010_2019_MPO
101664808,2017-06-05,2017,,94.0,,,0,0,N,0.0,0.0,0.0,,,,,,,,35.9638,-86.80842,False,Crashes_2010_2019_MPO
101316826,2016-07-30,2016,,19.0,,,0,0,N,0.0,0.0,0.0,,,,,,,,36.03508,-86.70938,False,Crashes_2010_2019_MPO
102578679,2019-11-25,2019,,19.0,,,0,0,N,0.0,0.0,0.0,,,,,,,,36.04589,-86.77868,False,Crashes_2010_2019_MPO
100694370,2014-11-21,2014,,94.0,,,0,0,N,0.0,0.0,0.0,,,,,,,,35.97573,-86.80453,True,Crashes_2010_2019_MPO
101405458,2016-10-14,2016,,94.0,,,0,0,N,0.0,0.0,0.0,,,,,,,,36.023734,-86.794198,True,Crashes_2010_2019_MPO
100641142,2014-10-10,2014,,94.0,,,0,0,N,0.0,0.0,0.0,,,,,,,,35.95993,-86.80204,False,Crashes_2010_2019_MPO
102089753,2018-07-28,2018,,19.0,,,0,0,N,0.0,0.0,0.0,,,,,,,,36.04102,-86.77911,False,Crashes_2010_2019_MPO
100227301,2012-09-14,2012,,94.0,,,0,0,N,0.0,0.0,0.0,,,,,,,,36.0406,-86.74361,False,Crashes_2010_2019_MPO
101734802,2017-08-18,2017,,19.0,,,0,0,N,0.0,0.0,0.0,,,,,,,,36.05048,-86.70602,False,Crashes_2010_2019_MPO
102581120,2019-11-27,2019,,94.0,,,0,0,N,0.0,0.0,0.0,,,,,,,,35.9676,-86.81037,True,Crashes_2010_2019_MPO
102071614,2018-07-11,2018,,94.0,,,0,0,N,0.0,0.0,0.0,,,,,,,,35.98635,-86.73664,True,Crashes_2010_2019_MPO
100962616,2015-09-18,2015,,19.0,,,0,0,N,0.0,0.0,0.0,,,,,,,,36.05404,-86.77514,False,Crashes_2010_2019_MPO
102079153,2018-07-18,2018,,94.0,,,0,0,N,0.0,0.0,0.0,,,,,,,,35.97358,-86.80503,True,Crashes_2010_2019_MPO
101181314,2016-04-25,2016,,94.0,,,0,0,N,0.0,0.0,0.0,,,,,,,,35.92532,-86.87303,False,Crashes_2010_2019_MPO
100979877,2015-10-15,2015,,19.0,,,0,0,Y,0.0,0.0,1.0,,,,,,,,36.04513,-86.68592,False,Crashes_2010_2019_MPO
100417874,2013-12-11,2013,,94.0,,,0,0,N,0.0,0.0,0.0,,,,,,,,35.92789,-86.8245,False,Crashes_2010_2019_MPO
100827218,2015-05-02,2015,,94.0,,,0,0,N,0.0,0.0,0.0,,,,,,,,35.99757,-86.79681,True,Crashes_2010_2019_MPO
102526310,2019-10-01,2019,,94.0,,,0,0,N,0.0,0.0,0.0,,,,,,,,35.96705,-86.81355,True,Crashes_2010_2019_MPO
102372322,2019-04-26,2019,,19.0,,,0,0,N,0.0,0.0,0.0,,,,,,,,36.03943,-86.74343,False,Crashes_2010_2019_MPO
102451140,2019-07-18,2019,,94.0,,,0,0,N,0.0,0.0,0.0,,,,,,,,36.03551,-86.78748,True,Crashes_2010_2019_MPO
101777392,2017-09-30,2017,,94.0,,,0,0,N,0.0,0.0,0.0,,,,,,,,35.94612,-86.82346,False,Crashes_2010_2019_MPO
101050385,2015-12-16,2015,,94.0,,,0,0,N,0.0,0.0,0.0,,,,,,,,35.96669,-86.809075,True,Crashes_2010_2019_MPO
102068609,2018-07-08,2018,,19.0,,,0,0,N,0.0,0.0,0.0,,,,,,,,36.04543,-86.70361,False,Crashes_2010_2019_MPO
101184034,2016-04-29,2016,,94.0,,,0,0,N,0.0,0.0,0.0,,,,,,,,36.03294,-86.78743,True,Crashes_2010_2019_MPO
100914275,2015-07-29,2015,,19.0,,,0,0,N,0.0,0.0,0.0,,,,,,,,36.01698,-86.70218,False,Crashes_2010_2019_MPO
101858550,2017-12-14,2017,,94.0,,,0,0,N,0.0,0.0,0.0,,,,,,,,36.03319,-86.78757,True,Crashes_2010_2019_MPO
102306491,2019-02-14,2019,,94.0,,,0,0,N,0.0,0.0,0.0,,,,,,,,35.92716,-86.73801,False,Crashes_2010_2019_MPO
101287974,2016-07-18,2016,,94.0,,,0,0,N,0.0,0.0,0.0,,,,,,,,35.96662,-86.80991,True,Crashes_2010_2019_MPO
101452551,2016-11-17,2016,,94.0,,,0,0,N,0.0,0.0,0.0,,,,,,,,35.9462,-86.80876,False,Crashes_2010_2019_MPO
101237278,2016-06-02,2016,,19.0,,,0,0,N,0.0,0.0,0.0,,,,,,,,36.0412,-86.75029,False,Crashes_2010_2019_MPO
100698776,2014-11-30,2014,,94.0,,,0,0,N,0.0,0.0,0.0,,,,,,,,35.99551,-86.77889,True,Crashes_2010_2019_MPO
101273637,2016-06-19,2016,,19.0,,,0,0,N,0.0,0.0,0.0,,,,,,,,36.0424,-86.83085,False,Crashes_2010_2019_MPO
101946444,2018-03-16,2018,,19.0,,,0,0,N,0.0,0.0,0.0,,,,,,,,36.046,-86.85676,False,Crashes_2010_2019_MPO
101945403,2018-03-15,2018,,94.0,,,0,0,N,0.0,0.0,0.0,,,,,,,,35.9497,-86.81938,False,Crashes_2010_2019_MPO
100434602,2014-01-24,2014,,94.0,,,0,0,N,0.0,0.0,0.0,,,,,,,,36.00215,-86.86088,False,Crashes_2010_2019_MPO
101936392,2018-03-07,2018,,94.0,,,0,0,N,0.0,0.0,0.0,,,,,,,,35.99681,-86.79127,True,Crashes_2010_2019_MPO
100948931,2015-09-11,2015,,19.0,,,0,0,N,0.0,0.0,0.0,,,,,,,,36.04231,-86.72652,False,Crashes_2010_2019_MPO
101984416,2018-04-20,2018,,94.0,,,0,0,N,0.0,0.0,0.0,,,,,,,,35.97855,-86.75496,True,Crashes_2010_2019_MPO
100797617,2015-03-25,2015,,19.0,,,0,0,N,0.0,0.0,0.0,,,,,,,,36.04685,-86.67941,False,Crashes_2010_2019_MPO
102027168,2018-05-29,2018,,19.0,,,0,0,N,0.0,0.0,0.0,,,,,,,,36.04899,-86.71628,False,Crashes_2010_2019_MPO
102558981,2019-11-05,2019,,19.0,,,0,0,N,0.0,0.0,0.0,,,,,,,,36.04518,-86.71324,False,Crashes_2010_2019_MPO
102438121,2019-07-05,2019,,94.0,,,0,0,N,0.0,0.0,0.0,,,,,,,,35.94172,-86.83267,False,Crashes_2010_2019_MPO
101078132,2016-01-15,2016,,94.0,,,0,0,N,0.0,0.0,0.0,,,,,,,,35.96535,-86.80322,True,Crashes_2010_2019_MPO
100632258,2014-09-22,2014,,94.0,,,0,0,N,0.0,0.0,0.0,,,,,,,,35.94315,-86.7996,False,Crashes_2010_2019_MPO
100800585,2015-03-31,2015,,19.0,,,0,0,N,0.0,0.0,0.0,,,,,,,,36.00035,-86.69299,False,Crashes_2010_2019_MPO
101731937,2017-08-16,2017,,19.0,,,0,0,N,0.0,0.0,0.0,,,,,,,,36.0531,-86.71486,False,Crashes_2010_2019_MPO
102467264,2019-08-03,2019,,19.0,,,0,0,N,0.0,0.0,0.0,,,,,,,,36.01398,-86.73842,False,Crashes_2010_2019_MPO
101325824,2016-08-12,2016,,19.0,,,0,0,Y,0.0,0.0,1.0,,,,,,,,36.01905,-86.7115,False,Crashes_2010_2019_MPO
102389185,2019-05-14,2019,,19.0,,,0,0,N,0.0,0.0,0.0,,,,,,,,36.04522,-86.71479,False,Crashes_2010_2019_MPO
100203244,2012-07-16,2012,,94.0,,,0,0,N,0.0,0.0,0.0,,,,,,,,36.00417,-86.79083,True,Crashes_2010_2019_MPO
101360356,2016-09-13,2016,,19.0,,,0,0,N,0.0,0.0,0.0,,,,,,,,36.04117,-86.77872,False,Crashes_2010_2019_MPO
101243830,2016-06-11,2016,,94.0,,,0,0,N,0.0,0.0,0.0,,,,,,,,35.96198,-86.81518,False,Crashes_2010_2019_MPO
102491167,2019-08-28,2019,,94.0,,,0,0,N,0.0,0.0,0.0,,,,,,,,35.94429,-86.8152,False,Crashes_2010_2019_MPO
101791490,2017-10-13,2017,,19.0,,,0,0,N,0.0,0.0,0.0,,,,,,,,36.04064,-86.77149,False,Crashes_2010_2019_MPO
102465749,2019-08-02,2019,,94.0,,,0,0,N,0.0,0.0,0.0,,,,,,,,35.98286,-86.71867,True,Crashes_2010_2019_MPO
102589275,2019-12-05,2019,,94.0,,,0,0,N,0.0,0.0,0.0,,,,,,,,35.9579,-86.84284,False,Crashes_2010_2019_MPO
101358742,2016-09-11,2016,,19.0,,,0,0,N,0.0,0.0,0.0,,,,,,,,36.03895,-86.78267,False,Crashes_2010_2019_MPO
101641772,2017-05-12,2017,,19.0,,,0,0,N,0.0,0.0,0.0,,,,,,,,36.04201,-86.78209,False,Crashes_2010_2019_MPO
101933780,2018-03-04,2018,,94.0,,,0,0,N,0.0,0.0,0.0,,,,,,,,35.94783,-86.81971,False,Crashes_2010_2019_MPO
101037477,2015-11-27,2015,,94.0,,,0,0,N,0.0,0.0,0.0,,,,,,,,35.95729,-86.81629,False,Crashes_2010_2019_MPO
101768103,2017-09-22,2017,,19.0,,,0,0,N,0.0,0.0,0.0,,,,,,,,36.05113,-86.77562,False,Crashes_2010_2019_MPO
100828798,2015-05-05,2015,,94.0,,,0,0,N,0.0,0.0,0.0,,,,,,,,35.9667,-86.81117,True,Crashes_2010_2019_MPO
101497227,2017-01-06,2017,,19.0,,,0,0,N,0.0,0.0,0.0,,,,,,,,36.04242,-86.7505,False,Crashes_2010_2019_MPO
101328159,2016-08-15,2016,,19.0,,,0,0,N,0.0,0.0,0.0,,,,,,,,36.04026,-86.8164,False,Crashes_2010_2019_MPO
100407753,2013-11-18,2013,,94.0,,,0,0,N,0.0,0.0,0.0,,,,,,,,35.93581,-86.81814,False,Crashes_2010_2019_MPO
101973543,2018-04-11,2018,,19.0,,,0,0,N,0.0,0.0,0.0,,,,,,,,36.03994,-86.74246,False,Crashes_2010_2019_MPO
102101564,2018-08-07,2018,,94.0,,,0,0,N,0.0,0.0,0.0,,,,,,,,36.03416,-86.78826,True,Crashes_2010_2019_MPO
100857565,2015-06-08,2015,,19.0,,,0,0,N,0.0,0.0,0.0,,,,,,,,36.02362,-86.6885,False,Crashes_2010_2019_MPO
102101231,2018-08-07,2018,,94.0,,,0,0,N,0.0,0.0,0.0,,,,,,,,35.94675,-86.85178,False,Crashes_2010_2019_MPO
101008958,2015-11-13,2015,,94.0,,,0,0,N,0.0,0.0,0.0,,,,,,,,35.9991,-86.80884,True,Crashes_2010_2019_MPO
100833527,2015-05-13,2015,,94.0,,,0,0,N,0.0,0.0,0.0,,,,,,,,35.9511,-86.84829,False,Crashes_2010_2019_MPO
102356991,2019-04-11,2019,,94.0,,,0,0,N,0.0,0.0,0.0,,,,,,,,35.96705,-86.81355,True,Crashes_2010_2019_MPO
100572248,2014-07-12,2014,,94.0,,,0,0,N,0.0,0.0,0.0,,,,,,,,35.98732,-86.70789,True,Crashes_2010_2019_MPO
101358323,2016-09-10,2016,,19.0,,,0,0,N,0.0,0.0,0.0,,,,,,,,36.0452,-86.71503,False,Crashes_2010_2019_MPO
101889286,2018-01-16,2018,,94.0,,,0,0,N,0.0,0.0,0.0,,,,,,,,35.96886,-86.87844,False,Crashes_2010_2019_MPO
101390397,2016-09-26,2016,,94.0,,,0,0,N,0.0,0.0,0.0,,,,,,,,35.96654,-86.80934,True,Crashes_2010_2019_MPO