mstrrecnbr,collision_ts,year,county,countystat,crash,crash_type,fatalities,non_motorists,commercial,fatal_c,nonmotor_c,truck_c,fatalc,serious_injuries,ped,bike,lighting,weather,first_harmful_event,latitude,longitude,in_city,src_layer
101873723,2017-12-30,2017,,19.0,,,0,0,N,0.0,0.0,0.0,,,,,,,,36.04532,-86.71374,False,Crashes_2010_2019_MPO
100415195,2013-12-05,2013,,94.0,,,0,0,N,0.0,0.0,0.0,,,,,,,,35.93215,-86.86272,False,Crashes_2010_2019_MPO
101124810,2016-02-29,2016,,94.0,,,0,0,N,0.0,0.0,0.0,,,,,,,,35.9674,-86.81543,True,Crashes_2010_2019_MPO
101357205,2016-09-08,2016,,94.0,,,0,0,N,0.0,0.0,0.0,,,,,,,,35.96752,-86.83765,False,Crashes_2010_2019_MPO
100335305,2013-05-29,2013,,94.0,,,0,0,N,0.0,0.0,0.0,,,,,,,,35.94637,-86.82436,False,Crashes_2010_2019_MPO
102213457,2018-11-16,2018,,94.0,,,0,0,N,0.0,0.0,0.0,,,,,,,,35.96518,-86.80029,True,Crashes_2010_2019_MPO
102194504,2018-10-30,2018,,19.0,,,0,0,N,0.0,0.0,0.0,,,,,,,,36.03977,-86.7635,False,Crashes_2010_2019_MPO
101681778,2017-06-23,2017,,94.0,,,0,0,N,0.0,0.0,0.0,,,,,,,,36.034053,-86.801601,True,Crashes_2010_2019_MPO
101126271,2016-03-02,2016,,94.0,,,0,0,N,0.0,0.0,0.0,,,,,,,,35.99183,-86.75486,True,Crashes_2010_2019_MPO
100121124,2011-11-28,2011,,94.0,,,0,0,Y,0.0,0.0,1.0,,,,,,,,36.02819,-86.7835,True,Crashes_2010_2019_MPO
101768093,2017-09-18,2017,,19.0,,,0,0,N,0.0,0.0,0.0,,,,,,,,36.04069,-86.78258,False,Crashes_2010_2019_MPO
100823627,2015-04-25,2015,,19.0,,,0,0,N,0.0,0.0,0.0,,,,,,,,36.03977,-86.78269,False,Crashes_2010_2019_MPO
100847970,2015-05-21,2015,,19.0,,,0,0,N,0.0,0.0,0.0,,,,,,,,36.03892,-86.7129,False,Crashes_2010_2019_MPO
102135216,2018-09-05,2018,,94.0,,,0,0,N,0.0,0.0,0.0,,,,,,,,35.96486,-86.8083,False,Crashes_2010_2019_MPO
102606235,2019-12-23,2019,,94.0,,,0,0,N,0.0,0.0,0.0,,,,,,,,35.94175,-86.82119,False,Crashes_2010_2019_MPO
101401016,2016-10-10,2016,,19.0,,,0,0,N,0.0,0.0,0.0,,,,,,,,36.03638,-86.69637,False,Crashes_2010_2019_MPO
100879191,2015-07-01,2015,,19.0,,,0,0,N,0.0,0.0,0.0,,,,,,,,36.03983,-86.74046,False,Crashes_2010_2019_MPO
101930006,2018-02-24,2018,,94.0,,,0,0,N,0.0,0.0,0.0,,,,,,,,35.96987,-86.80656,True,Crashes_2010_2019_MPO
100285748,2013-01-25,2013,,94.0,,,0,0,N,0.0,0.0,0.0,,,,,,,,35.9498,-86.81328,False,Crashes_2010_2019_MPO
102136023,2018-09-06,2018,,94.0,,,0,0,N,0.0,0.0,0.0,,,,,,,,35.95209,-86.81805,False,Crashes_2010_2019_MPO
100835799,2015-05-17,2015,,19.0,,,0,0,N,0.0,0.0,0.0,,,,,,,,36.04888,-86.7436,False,Crashes_2010_2019_MPO
101710419,2017-07-24,2017,,19.0,,,0,0,N,0.0,0.0,0.0,,,,,,,,36.05053,-86.72557,False,Crashes_2010_2019_MPO
100910223,2015-07-22,2015,,94.0,,,0,0,N,0.0,0.0,0.0,,,,,,,,36.03457,-86.80254,True,Crashes_2010_2019_MPO
101843775,2017-11-30,2017,,94.0,,,0,0,N,0.0,0.0,0.0,,,,,,,,35.9662,-86.81137,False,Crashes_2010_2019_MPO
101486590,2016-12-24,2016,,19.0,,,0,0,N,0.0,0.0,0.0,,,,,,,,36.04184,-86.78239,False,Crashes_2010_2019_MPO
100285236,2013-01-29,2013,,94.0,,,0,0,N,0.0,0.0,0.0,,,,,,,,35.99764,-86.79736,True,Crashes_2010_2019_MPO
102369654,2019-04-23,2019,,94.0,,,0,0,N,0.0,0.0,0.0,,,,,,,,35.9447,-86.80928,False,Crashes_2010_2019_MPO
100117255,2011-09-27,2011,,19.0,,,0,0,N,0.0,0.0,0.0,,,,,,,,36.03006,-86.866707,False,Crashes_2010_2019_MPO
101861475,2017-12-17,2017,,19.0,,,0,0,N,0.0,0.0,0.0,,,,,,,,36.04198,-86.83363,False,Crashes_2010_2019_MPO
101208151,2016-05-19,2016,,94.0,,,0,0,N,0.0,0.0,0.0,,,,,,,,35.96499,-86.72751,True,Crashes_2010_2019_MPO
102340690,2019-03-24,2019,,94.0,,,0,0,N,0.0,0.0,0.0,,,,,,,,35.94066,-86.82137,False,Crashes_2010_2019_MPO
101274146,2016-06-27,2016,,19.0,,,0,0,N,0.0,0.0,0.0,,,,,,,,36.04479,-86.72487,False,Crashes_2010_2019_MPO
100709376,2014-12-19,2014,,19.0,,,0,0,N,0.0,0.0,0.0,,,,,,,,36.03894,-86.7825,False,Crashes_2010_2019_MPO
101794656,2017-10-17,2017,,19.0,,,0,0,N,0.0,0.0,0.0,,,,,,,,36.04164,-86.78243,False,Crashes_2010_2019_MPO
102352467,2019-04-06,2019,,94.0,,,0,0,N,0.0,0.0,0.0,,,,,,,,35.93257,-86.80793,False,Crashes_2010_2019_MPO
101883050,2018-01-10,2018,,94.0,,,0,0,N,0.0,0.0,0.0,,,,,,,,35.94778,-86.81994,False,Crashes_2010_2019_MPO
100658110,2014-10-23,2014,,94.0,,,0,0,N,0.0,0.0,0.0,,,,,,,,35.98008,-86.69994,True,Crashes_2010_2019_MPO
100501360,2014-04-25,2014,,94.0,,,0,0,N,0.0,0.0,0.0,,,,,,,,35.92924,-86.83968,False,Crashes_2010_2019_MPO
101321853,2016-08-05,2016,,94.0,,,0,0,N,0.0,0.0,0.0,,,,,,,,36.03311,-86.78673,True,Crashes_2010_2019_MPO
100917156,2015-08-04,2015,,19.0,,,0,0,N,0.0,0.0,0.0,,,,,,,,36.04007,-86.78239,False,Crashes_2010_2019_MPO
101345110,2016-08-24,2016,,19.0,,,0,0,N,0.0,0.0,0.0,,,,,,,,36.03885,-86.78391,False,Crashes_2010_2019_MPO
102248536,2018-12-16,2018,,19.0,,,0,0,N,0.0,0.0,0.0,,,,,,,,36.04551,-86.71181,False,Crashes_2010_2019_MPO
100725397,2015-01-21,2015,,19.0,,,0,0,N,0.0,0.0,0.0,,,,,,,,36.04693,-86.67982,False,Crashes_2010_2019_MPO
102160269,2018-09-28,2018,,19.0,,,0,0,N,0.0,0.0,0.0,,,,,,,,36.04585,-86.77799,False,Crashes_2010_2019_MPO
100283121,2012-10-09,2012,,94.0,,,0,0,N,0.0,0.0,0.0,,,,,,,,35.95523,-86.82587,False,Crashes_2010_2019_MPO
101939156,2018-03-09,2018,,94.0,,,0,0,N,0.0,0.0,0.0,,,,,,,,35.95689,-86.80329,False,Crashes_2010_2019_MPO
102512243,2019-09-17,2019,,19.0,,,0,0,N,0.0,0.0,0.0,,,,,,,,36.04073,-86.77969,False,Crashes_2010_2019_MPO
102073630,2018-07-13,2018,,19.0,,,0,0,N,0.0,0.0,0.0,,,,,,,,36.03778,-86.78476,False,Crashes_2010_2019_MPO
102137404,2018-09-07,2018,,19.0,,,0,0,N,0.0,0.0,0.0,,,,,,,,36.03133,-86.71262,False,Crashes_2010_2019_MPO
101911255,2018-02-09,2018,,94.0,,,0,0,N,0.0,0.0,0.0,,,,,,,,35.99922,-86.80923,True,Crashes_2010_2019_MPO
100121761,2011-11-30,2011,,94.0,,,0,0,N,0.0,0.0,0.0,,,,,,,,35.97102,-86.72644,True,Crashes_2010_2019_MPO
100854807,2015-06-03,2015,,19.0,,,0,0,N,0.0,0.0,0.0,,,,,,,,36.04756,-86.7136,False,Crashes_2010_2019_MPO
101441554,2016-11-16,2016,,94.0,,,0,0,N,0.0,0.0,0.0,,,,,,,,35.95689,-86.80329,False,Crashes_2010_2019_MPO
100880310,2015-07-03,2015,,94.0,,,0,0,N,0.0,0.0,0.0,,,,,,,,35.96732,-86.81482,True,Crashes_2010_2019_MPO
102340277,2019-03-24,2019,,94.0,,,0,0,N,0.0,0.0,0.0,,,,,,,,35.9961,-86.785,True,Crashes_2010_2019_MPO
101809596,2017-10-31,2017,,94.0,,,0,0,N,0.0,0.0,0.0,,,,,,,,35.98439,-86.72434,True,Crashes_2010_2019_MPO
101039840,2015-11-28,2015,,19.0,,,0,0,N,0.0,0.0,0.0,,,,,,,,36.04169,-86.78243,False,Crashes_2010_2019_MPO
100431850,2014-01-17,2014,,94.0,,,0,0,N,0.0,0.0,0.0,,,,,,,,36.01322,-86.83585,True,Crashes_2010_2019_MPO
100597533,2014-08-18,2014,,94.0,,,0,0,N,0.0,0.0,0.0,,,,,,,,35.9349,-86.82123,False,Crashes_2010_2019_MPO
102414194,2019-06-09,2019,,19.0,,,0,0,N,0.0,0.0,0.0,,,,,,,,36.04625,-86.85798,False,Crashes_2010_2019_MPO
102600794,2019-12-18,2019,,94.0,,,0,0,N,0.0,0.0,0.0,,,,,,,,35.93357,-86.86167,False,Crashes_2010_2019_MPO
100723594,2015-01-11,2015,,94.0,,,0,0,N,0.0,0.0,0.0,,,,,,,,35.96345,-86.81089,False,Crashes_2010_2019_MPO
102431801,2019-06-29,2019,,19.0,,,0,0,N,0.0,0.0,0.0,,,,,,,,36.02352,-86.7866,True,Crashes_2010_2019_MPO
100804855,2015-04-09,2015,,19.0,,,0,0,N,0.0,0.0,0.0,,,,,,,,36.04542,-86.71317,False,Crashes_2010_2019_MPO
100308103,2013-03-22,2013,,94.0,,,0,0,N,0.0,0.0,0.0,,,,,,,,35.93493,-86.86065,False,Crashes_2010_2019_MPO
101496673,2017-01-05,2017,,94.0,,,0,0,N,0.0,0.0,0.0,,,,,,,,35.99737,-86.79509,True,Crashes_2010_2019_MPO
101400633,2016-10-10,2016,,19.0,,,0,0,N,0.0,0.0,0.0,,,,,,,,36.04427,-86.71313,False,Crashes_2010_2019_MPO
102442836,2019-07-09,2019,,94.0,,,0,0,N,0.0,0.0,0.0,,,,,,,,35.94421,-86.81976,False,Crashes_2010_2019_MPO
102370973,2019-04-24,2019,,94.0,,,0,0,N,0.0,0.0,0.0,,,,,,,,35.98532,-86.73077,True,Crashes_2010_2019_MPO
101675937,2017-06-17,2017,,94.0,,,0,0,N,0.0,0.0,0.0,,,,,,,,35.99315,-86.69647,True,Crashes_2010_2019_MPO
100973198,2015-10-04,2015,,94.0,,,0,0,N,0.0,0.0,0.0,,,,,,,,35.95694,-86.77531,True,Crashes_2010_2019_MPO
101432374,2016-11-05,2016,,94.0,,,0,0,N,0.0,0.0,0.0,,,,,,,,35.99713,-86.79358,True,Crashes_2010_2019_MPO
102192463,2018-10-28,2018,,19.0,,,0,0,N,0.0,0.0,0.0,,,,,,,,36.04476,-86.69511,False,Crashes_2010_2019_MPO
100591752,2014-08-05,2014,,94.0,,,0,0,N,0.0,0.0,0.0,,,,,,,,35.92838,-86.83379,False,Crashes_2010_2019_MPO
101645819,2017-05-16,2017,,94.0,,,0,0,N,0.0,0.0,0.0,,,,,,,,35.93362,-86.81144,False,Crashes_2010_2019_MPO
100262732,2012-12-06,2012,,94.0,,,0,0,N,0.0,0.0,0.0,,,,,,,,36.0015,-86.79359,True,Crashes_2010_2019_MPO
102221572,2018-11-22,2018,,94.0,,,0,0,N,0.0,0.0,0.0,,,,,,,,35.95029,-86.81312,False,Crashes_2010_2019_MPO
102230812,2018-11-30,2018,,94.0,,,0,0,N,0.0,0.0,0.0,,,,,,,,35.94743,-86.81968,False,Crashes_2010_2019_MPO
100656153,2014-10-18,2014,,94.0,,,0,0,N,0.0,0.0,0.0,,,,,,,,35.92923,-86.85318,False,Crashes_2010_2019_MPO
102494390,2019-08-31,2019,,94.0,,,0,0,N,0.0,0.0,0.0,,,,,,,,35.94045,-86.83937,False,Crashes_2010_2019_MPO
100720882,2015-01-12,2015,,94.0,,,0,0,N,0.0,0.0,0.0,,,,,,,,35.99078,-86.75109,True,Crashes_2010_2019_MPO
102138793,2018-09-08,2018,,19.0,,,0,0,N,0.0,0.0,0.0,,,,,,,,36.04245,-86.71294,False,Crashes_2010_2019_MPO
100861752,2015-06-16,2015,,19.0,,,0,0,N,0.0,0.0,0.0,,,,,,,,36.01541,-86.73869,False,Crashes_2010_2019_MPO
102336742,2019-03-21,2019,,94.0,,,0,0,N,0.0,0.0,0.0,,,,,,,,36.02894,-86.7838,True,Crashes_2010_2019_MPO
101078532,2016-01-16,2016,,94.0,,,0,0,N,0.0,0.0,0.0,,,,,,,,35.97291,-86.8333,False,Crashes_2010_2019_MPO
101236554,2016-06-01,2016,,19.0,,,0,0,N,0.0,0.0,0.0,,,,,,,,36.04114,-86.77621,False,Crashes_2010_2019_MPO
101829783,2017-11-18,2017,,19.0,,,0,0,N,0.0,0.0,0.0,,,,,,,,36.03771,-86.78482,False,Crashes_2010_2019_MPO
100661663,2014-10-30,2014,,19.0,,,0,0,N,0.0,0.0,0.0,,,,,,,,36.03755,-86.78503,False,Crashes_2010_2019_MPO
100808576,2015-04-15,2015,,19.0,,,0,0,N,0.0,0.0,0.0,,,,,,,,35.99944,-86.69345,False,Crashes_2010_2019_MPO
101046694,2015-12-10,2015,,94.0,,,0,0,N,0.0,0.0,0.0,,,,,,,,35.96488,-86.7931,True,Crashes_2010_2019_MPO
102316551,2019-02-27,2019,,94.0,,,0,0,N,0.0,0.0,0.0,,,,,,,,35.99591,-86.78312,True,Crashes_2010_2019_MPO
101154474,2016-03-31,2016,,94.0,,,0,0,N,0.0,0.0,0.0,,,,,,,,35.95018,-86.76236,True,Crashes_2010_2019_MPO
10441031,2010-09-01,2010,,19.0,,,0,0, ,0.0,0.0,0.0,,,,,,,,36.040003,-86.781275,False,Crashes_2010_2019_MPO
100633019,2014-09-24,2014,,94.0,,,0,0,N,0.0,0.0,0.0,,,,,,,,35.99644,-86.788,True,Crashes_2010_2019_MPO
100588773,2014-07-29,2014,,19.0,,,0,0,N,0.0,0.0,0.0,,,,,,,,36.04248,-86.71284,False,Crashes_2010_2019_MPO
100978628,2015-10-13,2015,,19.0,,,0,0,N,0.0,0.0,0.0,,,,,,,,35.99107,-86.68338,False,Crashes_2010_2019_MPO
100663391,2014-11-01,2014,,19.0,,,0,0,N,0.0,0.0,0.0,,,,,,,,35.99686,-86.68989,False,Crashes_2010_2019_MPO
100821809,2015-04-21,2015,,94.0,,,0,0,N,0.0,0.0,0.0,,,,,,,,35.96136,-86.81234,False,Crashes_2010_2019_MPO
102498263,2019-08-29,2019,,19.0,,,0,0,Y,0.0,0.0,1.0,,,,,,,,36.03969,-86.76105,False,Crashes_2010_2019_MPO
100947498,2015-09-09,2015,,94.0,,,0,0,N,0.0,0.0,0.0,,,,,,,,36.03315,-86.79955,True,Crashes_2010_2019_MPO
100638409,2014-10-02,2014,,94.0,,,0,0,N,0.0,0.0,0.0,,,,,,,,35.97339,-86.73733,True,Crashes_2010_2019_MPO
101610951,2017-04-11,2017,,94.0,,,0,0,N,0.0,0.0,0.0,,,,,,,,35.92641,-86.82447,False,Crashes_2010_2019_MPO
101333405,2016-08-22,2016,,94.0,,,0,0,N,0.0,0.0,0.0,,,,,,,,35.96001,-86.80246,False,Crashes_2010_2019_MPO
102395557,2019-05-21,2019,,94.0,,,0,0,N,0.0,0.0,0.0,,,,,,,,35.95653,-86.84394,False,Crashes_2010_2019_MPO
102163331,2018-09-29,2018,,94.0,,,0,0,N,0.0,0.0,0.0,,,,,,,,36.00904,-86.83172,True,Crashes_2010_2019_MPO
101695500,2017-07-07,2017,,19.0,,,0,0,N,0.0,0.0,0.0,,,,,,,,36.03407,-86.69003,False,Crashes_2010_2019_MPO
102545257,2019-10-22,2019,,94.0,,,0,0,N,0.0,0.0,0.0,,,,,,,,35.96687,-86.81109,True,Crashes_2010_2019_MPO
101744977,2017-08-29,2017,,19.0,,,0,0,Y,0.0,0.0,1.0,,,,,,,,36.04142,-86.74382,False,Crashes_2010_2019_MPO
100015706,2010-11-13,2010,,94.0,,,0,0,N,0.0,0.0,0.0,,,,,,,,35.9538,-86.7206,False,Crashes_2010_2019_MPO
101503334,2017-01-12,2017,,19.0,,,0,0,N,0.0,0.0,0.0,,,,,,,,36.00044,-86.69459,False,Crashes_2010_2019_MPO
100192804,2012-06-18,2012,,94.0,,,0,1,N,0.0,1.0,0.0,,,,,,,,35.97044,-86.7738,True,Crashes_2010_2019_MPO
102002656,2018-05-07,2018,,19.0,,,0,0,N,0.0,0.0,0.0,,,,,,,,36.04504,-86.72431,False,Crashes_2010_2019_MPO
101622433,2017-04-22,2017,,19.0,,,0,0,N,0.0,0.0,0.0,,,,,,,,36.03677,-86.78465,False,Crashes_2010_2019_MPO
102205977,2018-11-09,2018,,94.0,,,0,0,N,0.0,0.0,0.0,,,,,,,,35.96695,-86.81291,True,Crashes_2010_2019_MPO
100697690,2014-11-27,2014,,94.0,,,0,0,N,0.0,0.0,0.0,,,,,,,,35.97017,-86.72727,True,Crashes_2010_2019_MPO
102264889,2019-01-03,2019,,19.0,,,0,0,N,0.0,0.0,0.0,,,,,,,,36.04258,-86.8299,False,Crashes_2010_2019_MPO
100433755,2014-01-22,2014,,94.0,,,0,0,N,0.0,0.0,0.0,,,,,,,,35.97044,-86.7738,True,Crashes_2010_2019_MPO
100876739,2015-06-26,2015,,19.0,,,0,0,N,0.0,0.0,0.0,,,,,,,,36.04545,-86.70366,False,Crashes_2010_2019_MPO
101757136,2017-09-10,2017,,94.0,,,0,0,N,0.0,0.0,0.0,,,,,,,,35.97025,-86.80643,True,Crashes_2010_2019_MPO
102368897,2019-04-22,2019,,19.0,,,0,0,N,0.0,0.0,0.0,,,,,,,,36.04028,-86.76837,False,Crashes_2010_2019_MPO
101710936,2017-07-24,2017,,94.0,,,0,0,N,0.0,0.0,0.0,,,,,,,,35.93144,-86.87822,False,Crashes_2010_2019_MPO
101676050,2017-06-17,2017,,19.0,,,0,0,N,0.0,0.0,0.0,,,,,,,,36.02598,-86.71297,False,Crashes_2010_2019_MPO
100231314,2012-09-24,2012,,94.0,,,0,0,N,0.0,0.0,0.0,,,,,,,,35.96672,-86.8113,True,Crashes_2010_2019_MPO
101232064,2016-05-19,2016,,94.0,,,0,0,N,0.0,0.0,0.0,,,,,,,,36.036119,-86.794843,True,Crashes_2010_2019_MPO
102249613,2018-12-17,2018,,94.0,,,0,0,N,0.0,0.0,0.0,,,,,,,,35.99465,-86.79799,True,Crashes_2010_2019_MPO
102144607,2018-09-13,2018,,94.0,,,0,0,N,0.0,0.0,0.0,,,,,,,,36.03537,-86.78756,True,Crashes_2010_2019_MPO
100804557,2015-04-08,2015,,94.0,,,0,0,N,0.0,0.0,0.0,,,,,,,,35.96682,-86.80899,True,Crashes_2010_2019_MPO
102440230,2019-07-06,2019,,19.0,,,0,0,N,0.0,0.0,0.0,,,,,,,,36.04028,-86.76837,False,Crashes_2010_2019_MPO
100263087,2012-12-07,2012,,94.0,,,0,0,N,0.0,0.0,0.0,,,,,,,,36.01338,-86.80308,True,Crashes_2010_2019_MPO
101895194,2018-01-23,2018,,94.0,,,0,0,N,0.0,0.0,0.0,,,,,,,,36.01617,-86.78588,True,Crashes_2010_2019_MPO
101486017,2016-12-23,2016,,19.0,,,0,0,N,0.0,0.0,0.0,,,,,,,,36.04659,-86.67821,False,Crashes_2010_2019_MPO
100620018,2014-09-17,2014,,94.0,,,0,0,N,0.0,0.0,0.0,,,,,,,,35.9583,-86.80229,False,Crashes_2010_2019_MPO
101917483,2018-02-13,2018,,94.0,,,0,0,N,0.0,0.0,0.0,,,,,,,,36.02945,-86.87626,False,Crashes_2010_2019_MPO
102527628,2019-10-03,2019,,19.0,,,0,0,N,0.0,0.0,0.0,,,,,,,,36.0374,-86.78657,False,Crashes_2010_2019_MPO
101145641,2016-03-17,2016,,19.0,,,0,0,N,0.0,0.0,0.0,,,,,,,,36.04387,-86.7131,False,Crashes_2010_2019_MPO
101392701,2016-09-29,2016,,94.0,,,0,0,N,0.0,0.0,0.0,,,,,,,,35.97607,-86.8292,True,Crashes_2010_2019_MPO
101474990,2016-12-12,2016,,19.0,,,0,0,N,0.0,0.0,0.0,,,,,,,,36.03844,-86.78347,False,Crashes_2010_2019_MPO
100965303,2015-09-22,2015,,19.0,,,0,0,N,0.0,0.0,0.0,,,,,,,,36.05352,-86.71498,False,Crashes_2010_2019_MPO
101765209,2017-09-19,2017,,94.0,,,0,0,N,0.0,0.0,0.0,,,,,,,,35.93541,-86.82372,False,Crashes_2010_2019_MPO
102029795,2018-05-31,2018,,94.0,,,0,0,N,0.0,0.0,0.0,,,,,,,,35.99758,-86.79678,True,Crashes_2010_2019_MPO
101462382,2016-11-28,2016,,94.0,,,0,0,N,0.0,0.0,0.0,,,,,,,,35.94489,-86.82843,False,Crashes_2010_2019_MPO
101184007,2016-04-29,2016,,94.0,,,0,0,N,0.0,0.0,0.0,,,,,,,,35.96154,-86.80185,True,Crashes_2010_2019_MPO
101322526,2016-08-07,2016,,19.0,,,0,0,N,0.0,0.0,0.0,,,,,,,,36.0269,-86.68083,False,Crashes_2010_2019_MPO
100852198,2015-05-29,2015,,94.0,,,0,0,N,0.0,0.0,0.0,,,,,,,,36.03709,-86.79469,True,Crashes_2010_2019_MPO
101568704,2017-02-28,2017,,94.0,,,0,0,N,0.0,0.0,0.0,,,,,,,,35.95586,-86.83146,False,Crashes_2010_2019_MPO
101810537,2017-10-31,2017,,94.0,,,0,0,N,0.0,0.0,0.0,,,,,,,,35.92658,-86.86617,False,Crashes_2010_2019_MPO
102545181,2019-10-22,2019,,94.0,,,0,0,N,0.0,0.0,0.0,,,,,,,,35.92293,-86.8166,False,Crashes_2010_2019_MPO
102585361,2019-12-01,2019,,94.0,,,0,0,N,0.0,0.0,0.0,,,,,,,,35.97665,-86.87359,False,Crashes_2010_2019_MPO
101653035,2017-05-22,2017,,94.0,,,0,0,N,0.0,0.0,0.0,,,,,,,,35.94392,-86.81889,False,Crashes_2010_2019_MPO
100369324,2013-08-20,2013,,94.0,,,0,0,N,0.0,0.0,0.0,,,,,,,,35.93461,-86.82012,False,Crashes_2010_2019_MPO
100434001,2014-01-22,2014,,94.0,,,0,0,N,0.0,0.0,0.0,,,,,,,,35.96784,-86.81327,True,Crashes_2010_2019_MPO
102584592,2019-11-30,2019,,94.0,,,0,0,N,0.0,0.0,0.0,,,,,,,,35.96511,-86.81633,True,Crashes_2010_2019_MPO
102307698,2019-02-15,2019,,94.0,,,0,0,N,0.0,0.0,0.0,,,,,,,,35.95215,-86.81842,False,Crashes_2010_2019_MPO
101070978,2016-01-02,2016,,94.0,,,0,0,N,0.0,0.0,0.0,,,,,,,,35.93067,-86.8202,False,Crashes_2010_2019_MPO
100169863,2012-04-16,2012,,94.0,,,0,0,N,0.0,0.0,0.0,,,,,,,,35.96441,-86.78827,True,Crashes_2010_2019_MPO
101039354,2015-11-29,2015,,94.0,,,0,0,N,0.0,0.0,0.0,,,,,,,,35.93519,-86.7758,False,Crashes_2010_2019_MPO
101362585,2016-09-16,2016,,19.0,,,0,0,N,0.0,0.0,0.0,,,,,,,,36.02391,-86.70183,False,Crashes_2010_2019_MPO
102284692,2019-01-17,2019,,94.0,,,0,0,N,0.0,0.0,0.0,,,,,,,,36.0322,-86.79991,True,Crashes_2010_2019_MPO
101962899,2018-03-31,2018,,94.0,,,0,0,N,0.0,0.0,0.0,,,,,,,,35.93195,-86.86741,False,Crashes_2010_2019_MPO
102475668,2019-08-12,2019,,94.0,,,0,0,N,0.0,0.0,0.0,,,,,,,,35.9956,-86.77982,True,Crashes_2010_2019_MPO
100455348,2014-02-20,2014,,94.0,,,0,0,N,0.0,0.0,0.0,,,,,,,,35.9915,-86.79883,True,Crashes_2010_2019_MPO
101050369,2015-12-15,2015,,19.0,,,0,0,N,0.0,0.0,0.0,,,,,,,,36.02423,-86.7424,False,Crashes_2010_2019_MPO
102331738,2019-03-15,2019,,94.0,,,0,0,N,0.0,0.0,0.0,,,,,,,,35.98992,-86.7443,True,Crashes_2010_2019_MPO
100332033,2013-05-21,2013,,94.0,,,0,0,N,0.0,0.0,0.0,,,,,,,,36.03326,-86.78326,True,Crashes_2010_2019_MPO
100402379,2013-11-08,2013,,94.0,,,0,0,N,0.0,0.0,0.0,,,,,,,,35.93058,-86.82405,False,Crashes_2010_2019_MPO
100830599,2015-05-08,2015,,94.0,,,0,0,N,0.0,0.0,0.0,,,,,,,,35.94732,-86.85144,False,Crashes_2010_2019_MPO
100860790,2015-06-14,2015,,94.0,,,0,1,N,0.0,1.0,0.0,,,,,,,,35.95046,-86.80334,False,Crashes_2010_2019_MPO
101736975,2017-08-21,2017,,94.0,,,0,0,N,0.0,0.0,0.0,,,,,,,,36.01767,-86.78631,True,Crashes_2010_2019_MPO
100665902,2014-11-04,2014,,19.0,,,0,0,N,0.0,0.0,0.0,,,,,,,,36.04552,-86.71194,False,Crashes_2010_2019_MPO
101238475,2016-06-03,2016,,19.0,,,0,0,N,0.0,0.0,0.0,,,,,,,,36.04545,-86.70403,False,Crashes_2010_2019_MPO
100643651,2014-10-15,2014,,94.0,,,0,0,N,0.0,0.0,0.0,,,,,,,,35.99685,-86.79698,True,Crashes_2010_2019_MPO
101765952,2017-09-20,2017,,19.0,,,0,0,N,0.0,0.0,0.0,,,,,,,,35.9989,-86.69344,False,Crashes_2010_2019_MPO
101192024,2016-05-11,2016,,94.0,,,0,0,Y,0.0,0.0,1.0,,,,,,,,35.9962,-86.79721,True,Crashes_2010_2019_MPO
100500257,2014-04-24,2014,,94.0,,,0,0,N,0.0,0.0,0.0,,,,,,,,35.96481,-86.76401,True,Crashes_2010_2019_MPO
100851009,2015-05-27,2015,,19.0,,,0,0,N,0.0,0.0,0.0,,,,,,,,36.041,-86.78264,False,Crashes_2010_2019_MPO
101626735,2017-04-26,2017,,94.0,,,0,0,Y,0.0,0.0,1.0,,,,,,,,36.01683,-86.78633,True,Crashes_2010_2019_MPO
101619850,2017-04-19,2017,,94.0,,,0,0,N,0.0,0.0,0.0,,,,,,,,35.94782,-86.81975,False,Crashes_2010_2019_MPO
101902805,2018-01-31,2018,,19.0,,,0,0,N,0.0,0.0,0.0,,,,,,,,36.03353,-86.74363,False,Crashes_2010_2019_MPO
101390219,2016-09-26,2016,,19.0,,,0,0,N,0.0,0.0,0.0,,,,,,,,36.04393,-86.6933,False,Crashes_2010_2019_MPO
102133348,2018-09-04,2018,,94.0,,,0,0,N,0.0,0.0,0.0,,,,,,,,35.96705,-86.81355,True,Crashes_2010_2019_MPO
100501143,2014-04-26,2014,,94.0,,,0,0,N,0.0,0.0,0.0,,,,,,,,35.96486,-86.81439,False,Crashes_2010_2019_MPO
101001777,2015-11-02,2015,,94.0,,,0,1,N,0.0,1.0,0.0,,,,,,,,36.00061,-86.77954,True,Crashes_2010_2019_MPO
102093921,2018-07-31,2018,,19.0,,,0,0,N,0.0,0.0,0.0,,,,,,,,35.99945,-86.69343,False,Crashes_2010_2019_MPO
101623477,2017-04-23,2017,,19.0,,,0,0,N,0.0,0.0,0.0,,,,,,,,36.04557,-86.77913,False,Crashes_2010_2019_MPO
101476862,2016-12-14,2016,,94.0,,,0,0,N,0.0,0.0,0.0,,,,,,,,35.92493,-86.86519,False,Crashes_2010_2019_MPO
100682898,2014-11-19,2014,,19.0,,,0,0,N,0.0,0.0,0.0,,,,,,,,36.05054,-86.86,False,Crashes_2010_2019_MPO
102330963,2019-03-15,2019,,94.0,,,0,0,N,0.0,0.0,0.0,,,,,,,,35.99771,-86.79797,True,Crashes_2010_2019_MPO
100982323,2015-10-20,2015,,94.0,,,0,0,N,0.0,0.0,0.0,,,,,,,,36.0205,-86.78268,True,Crashes_2010_2019_MPO
101064476,2015-12-21,2015,,94.0,,,0,0,N,0.0,0.0,0.0,,,,,,,,35.97334,-86.86829,False,Crashes_2010_2019_MPO
100377558,2013-09-10,2013,,94.0,,,0,0,N,0.0,0.0,0.0,,,,,,,,35.93289,-86.84076,False,Crashes_2010_2019_MPO
100291839,2013-02-12,2013,,94.0,,,0,0,N,0.0,0.0,0.0,,,,,,,,35.94548,-86.87513,False,Crashes_2010_2019_MPO