mstrrecnbr,collision_ts,year,county,countystat,crash,crash_type,fatalities,non_motorists,commercial,fatal_c,nonmotor_c,truck_c,fatalc,serious_injuries,ped,bike,lighting,weather,first_harmful_event,latitude,longitude,in_city,src_layer
102136123,2018-09-06,2018,,19.0,,,0,0,N,0.0,0.0,0.0,,,,,,,,36.04003,-86.71264,False,Crashes_2010_2019_MPO
100835098,2015-05-16,2015,,19.0,,,0,0,N,0.0,0.0,0.0,,,,,,,,35.99795,-86.69143,False,Crashes_2010_2019_MPO
101626907,2017-04-26,2017,,94.0,,,0,0,N,0.0,0.0,0.0,,,,,,,,35.96443,-86.8082,False,Crashes_2010_2019_MPO
101354756,2016-09-06,2016,,19.0,,,0,0,N,0.0,0.0,0.0,,,,,,,,36.04026,-86.8164,False,Crashes_2010_2019_MPO
102308976,2019-02-18,2019,,19.0,,,0,0,N,0.0,0.0,0.0,,,,,,,,36.04675,-86.71343,False,Crashes_2010_2019_MPO
101239695,2016-06-05,2016,,19.0,,,0,0,N,0.0,0.0,0.0,,,,,,,,36.03243,-86.70816,False,Crashes_2010_2019_MPO
101244451,2016-06-12,2016,,19.0,,,0,0,N,0.0,0.0,0.0,,,,,,,,36.01192,-86.70489,False,Crashes_2010_2019_MPO
102180664,2018-10-17,2018,,19.0,,,0,0,N,0.0,0.0,0.0,,,,,,,,36.02753,-86.71272,False,Crashes_2010_2019_MPO
100391148,2013-10-14,2013,,94.0,,,0,0,N,0.0,0.0,0.0,,,,,,,,35.9537,-86.81193,False,Crashes_2010_2019_MPO
101851389,2017-12-07,2017,,19.0,,,0,0,N,0.0,0.0,0.0,,,,,,,,36.03794,-86.78461,False,Crashes_2010_2019_MPO
100595064,2014-08-03,2014,,94.0,,,0,0,N,0.0,0.0,0.0,,,,,,,,35.92426,-86.79532,False,Crashes_2010_2019_MPO
102187067,2018-10-23,2018,,94.0,,,0,0,N,0.0,0.0,0.0,,,,,,,,35.967024,-86.808776,True,Crashes_2010_2019_MPO
100358670,2013-07-22,2013,,94.0,,,0,0,N,0.0,0.0,0.0,,,,,,,,35.94044,-86.83234,False,Crashes_2010_2019_MPO
101431328,2016-11-04,2016,,19.0,,,0,0,N,0.0,0.0,0.0,,,,,,,,36.03283,-86.77161,False,Crashes_2010_2019_MPO
100164843,2012-04-02,2012,,94.0,,,0,0,N,0.0,0.0,0.0,,,,,,,,36.01284,-86.80082,True,Crashes_2010_2019_MPO
101581706,2017-03-13,2017,,94.0,,,0,0,N,0.0,0.0,0.0,,,,,,,,35.99465,-86.79774,True,Crashes_2010_2019_MPO
101148913,2016-03-22,2016,,94.0,,,0,0,N,0.0,0.0,0.0,,,,,,,,35.96593,-86.81142,False,Crashes_2010_2019_MPO
101740521,2017-08-24,2017,,19.0,,,0,0,N,0.0,0.0,0.0,,,,,,,,36.04735,-86.7135,False,Crashes_2010_2019_MPO
100836446,2015-05-18,2015,,19.0,,,0,0,N,0.0,0.0,0.0,,,,,,,,36.03891,-86.73413,False,Crashes_2010_2019_MPO
100823550,2015-04-25,2015,,94.0,,,0,0,N,0.0,0.0,0.0,,,,,,,,35.9384,-86.7075,False,Crashes_2010_2019_MPO
101348603,2016-08-28,2016,,94.0,,,0,0,N,0.0,0.0,0.0,,,,,,,,35.99922,-86.80923,True,Crashes_2010_2019_MPO
101330514,2016-08-17,2016,,19.0,,,0,0,N,0.0,0.0,0.0,,,,,,,,36.05178,-86.74317,False,Crashes_2010_2019_MPO
101726030,2017-08-10,2017,,19.0,,,0,1,N,0.0,1.0,0.0,,,,,,,,36.0394,-86.7192,False,Crashes_2010_2019_MPO
101134228,2016-03-15,2016,,19.0,,,0,0,N,0.0,0.0,0.0,,,,,,,,36.04059,-86.77107,False,Crashes_2010_2019_MPO
100356537,2013-07-19,2013,,94.0,,,0,0,N,0.0,0.0,0.0,,,,,,,,35.96478,-86.81134,False,Crashes_2010_2019_MPO
102477337,2019-08-14,2019,,19.0,,,0,0,N,0.0,0.0,0.0,,,,,,,,36.05293,-86.7148,False,Crashes_2010_2019_MPO
101233403,2016-05-27,2016,,19.0,,,0,0,N,0.0,0.0,0.0,,,,,,,,36.02547,-86.71305,False,Crashes_2010_2019_MPO
101998542,2018-05-03,2018,,19.0,,,0,0,N,0.0,0.0,0.0,,,,,,,,36.03736,-86.78695,False,Crashes_2010_2019_MPO
101849665,2017-12-06,2017,,19.0,,,0,0,N,0.0,0.0,0.0,,,,,,,,36.0522,-86.74309,False,Crashes_2010_2019_MPO
100320321,2013-04-24,2013,,94.0,,,0,0,N,0.0,0.0,0.0,,,,,,,,35.95366,-86.7193,False,Crashes_2010_2019_MPO
101650566,2017-05-20,2017,,19.0,,,0,0,N,0.0,0.0,0.0,,,,,,,,36.0449,-86.7132,False,Crashes_2010_2019_MPO
102052549,2018-06-24,2018,,19.0,,,0,0,N,0.0,0.0,0.0,,,,,,,,36.04542,-86.71834,False,Crashes_2010_2019_MPO
102531757,2019-10-07,2019,,94.0,,,0,1,N,0.0,1.0,0.0,,,,,,,,35.97853,-86.77111,True,Crashes_2010_2019_MPO
102000017,2018-05-04,2018,,19.0,,,0,0,N,0.0,0.0,0.0,,,,,,,,36.03752,-86.78561,False,Crashes_2010_2019_MPO
101700692,2017-07-14,2017,,19.0,,,0,0,N,0.0,0.0,0.0,,,,,,,,36.04312,-86.78186,False,Crashes_2010_2019_MPO
102125238,2018-08-28,2018,,94.0,,,0,0,N,0.0,0.0,0.0,,,,,,,,35.99814,-86.80169,True,Crashes_2010_2019_MPO
101933394,2018-03-04,2018,,94.0,,,0,0,N,0.0,0.0,0.0,,,,,,,,36.03318,-86.78282,True,Crashes_2010_2019_MPO
102162889,2018-09-30,2018,,94.0,,,0,0,N,0.0,0.0,0.0,,,,,,,,35.99772,-86.79803,True,Crashes_2010_2019_MPO
102055843,2018-06-27,2018,,19.0,,,0,0,N,0.0,0.0,0.0,,,,,,,,35.99693,-86.68997,False,Crashes_2010_2019_MPO
101299912,2016-07-20,2016,,94.0,,,0,0,N,0.0,0.0,0.0,,,,,,,,35.98578,-86.73391,True,Crashes_2010_2019_MPO
101618651,2017-04-18,2017,,94.0,,,0,0,N,0.0,0.0,0.0,,,,,,,,36.0137,-86.80455,True,Crashes_2010_2019_MPO
102031776,2018-06-03,2018,,19.0,,,0,0,N,0.0,0.0,0.0,,,,,,,,36.05142,-86.69975,False,Crashes_2010_2019_MPO
102393006,2019-05-18,2019,,94.0,,,0,0,N,0.0,0.0,0.0,,,,,,,,35.94859,-86.83832,False,Crashes_2010_2019_MPO
100641872,2014-09-27,2014,,94.0,,,0,0,N,0.0,0.0,0.0,,,,,,,,35.99686,-86.85093,False,Crashes_2010_2019_MPO
101146606,2016-03-18,2016,,94.0,,,0,0,N,0.0,0.0,0.0,,,,,,,,35.96263,-86.81668,True,Crashes_2010_2019_MPO
101689722,2017-06-29,2017,,94.0,,,0,0,N,0.0,0.0,0.0,,,,,,,,36.033218,-86.783441,True,Crashes_2010_2019_MPO
101741002,2017-08-24,2017,,94.0,,,0,0,Y,0.0,0.0,1.0,,,,,,,,35.99198,-86.79891,True,Crashes_2010_2019_MPO
100750093,2015-02-18,2015,,19.0,,,0,0,N,0.0,0.0,0.0,,,,,,,,36.03957,-86.71984,False,Crashes_2010_2019_MPO
100508023,2014-05-11,2014,,94.0,,,0,0,N,0.0,0.0,0.0,,,,,,,,35.97665,-86.79098,True,Crashes_2010_2019_MPO
101849508,2017-12-05,2017,,19.0,,,0,0,N,0.0,0.0,0.0,,,,,,,,36.04062,-86.7799,False,Crashes_2010_2019_MPO
101389513,2016-07-24,2016,,19.0,,,0,0,N,0.0,0.0,0.0,,,,,,,,36.04545,-86.71243,False,Crashes_2010_2019_MPO
100435010,2014-01-25,2014,,94.0,,,0,0,N,0.0,0.0,0.0,,,,,,,,35.96055,-86.80046,False,Crashes_2010_2019_MPO
101814163,2017-11-03,2017,,19.0,,,0,0,N,0.0,0.0,0.0,,,,,,,,36.05337,-86.73963,False,Crashes_2010_2019_MPO
100319475,2013-04-22,2013,,94.0,,,0,0,N,0.0,0.0,0.0,,,,,,,,35.92254,-86.87194,False,Crashes_2010_2019_MPO
101787167,2017-10-10,2017,,94.0,,,0,0,N,0.0,0.0,0.0,,,,,,,,35.93374,-86.81767,False,Crashes_2010_2019_MPO
100964886,2015-09-22,2015,,94.0,,,0,0,N,0.0,0.0,0.0,,,,,,,,35.96588,-86.80316,True,Crashes_2010_2019_MPO
100501725,2014-04-26,2014,,94.0,,,0,0,N,0.0,0.0,0.0,,,,,,,,36.02239,-86.78713,True,Crashes_2010_2019_MPO
100433409,2014-01-17,2014,,94.0,,,0,0,N,0.0,0.0,0.0,,,,,,,,35.92954,-86.84187,False,Crashes_2010_2019_MPO
101165875,2016-04-17,2016,,19.0,,,0,0,N,0.0,0.0,0.0,,,,,,,,36.03102,-86.71259,False,Crashes_2010_2019_MPO
102321552,2019-03-05,2019,,94.0,,,0,0,N,0.0,0.0,0.0,,,,,,,,35.93219,-86.79405,False,Crashes_2010_2019_MPO
102452265,2019-07-19,2019,,94.0,,,0,0,N,0.0,0.0,0.0,,,,,,,,35.94465,-86.80908,False,Crashes_2010_2019_MPO
102521545,2019-09-26,2019,,94.0,,,0,0,N,0.0,0.0,0.0,,,,,,,,35.9264,-86.8244,False,Crashes_2010_2019_MPO
102099974,2018-08-06,2018,,94.0,,,0,0,N,0.0,0.0,0.0,,,,,,,,35.9266,-86.76722,False,Crashes_2010_2019_MPO
101785933,2017-10-08,2017,,19.0,,,0,0,N,0.0,0.0,0.0,,,,,,,,36.03201,-86.75659,False,Crashes_2010_2019_MPO
101331199,2016-08-19,2016,,19.0,,,0,0,N,0.0,0.0,0.0,,,,,,,,36.0326,-86.7692,False,Crashes_2010_2019_MPO
100771261,2015-03-03,2015,,94.0,,,0,0,N,0.0,0.0,0.0,,,,,,,,35.98996,-86.74431,True,Crashes_2010_2019_MPO
101400676,2016-10-06,2016,,94.0,,,0,0,N,0.0,0.0,0.0,,,,,,,,35.99643,-86.78798,True,Crashes_2010_2019_MPO
102071924,2018-07-11,2018,,19.0,,,0,0,N,0.0,0.0,0.0,,,,,,,,36.0374,-86.78657,False,Crashes_2010_2019_MPO
100721033,2015-01-12,2015,,19.0,,,0,0,N,0.0,0.0,0.0,,,,,,,,36.04546,-86.70377,False,Crashes_2010_2019_MPO
101732926,2017-08-16,2017,,94.0,,,0,0,N,0.0,0.0,0.0,,,,,,,,35.95217,-86.81858,False,Crashes_2010_2019_MPO
102177334,2018-10-13,2018,,94.0,,,0,0,N,0.0,0.0,0.0,,,,,,,,35.99784,-86.82872,True,Crashes_2010_2019_MPO
101843278,2017-11-30,2017,,19.0,,,0,0,N,0.0,0.0,0.0,,,,,,,,36.03821,-86.8009,False,Crashes_2010_2019_MPO
101600933,2017-03-29,2017,,94.0,,,0,0,N,0.0,0.0,0.0,,,,,,,,35.99745,-86.79577,True,Crashes_2010_2019_MPO
102611608,2019-12-30,2019,,19.0,,,0,0,N,0.0,0.0,0.0,,,,,,,,36.04245,-86.71294,False,Crashes_2010_2019_MPO
100431645,2014-01-14,2014,,94.0,,,0,0,N,0.0,0.0,0.0,,,,,,,,35.93554,-86.82375,False,Crashes_2010_2019_MPO
101452644,2016-11-17,2016,,94.0,,,0,0,N,0.0,0.0,0.0,,,,,,,,35.96845,-86.81905,True,Crashes_2010_2019_MPO
101180893,2016-04-24,2016,,19.0,,,0,0,N,0.0,0.0,0.0,,,,,,,,36.04653,-86.68335,False,Crashes_2010_2019_MPO
102553110,2019-10-29,2019,,94.0,,,0,0,N,0.0,0.0,0.0,,,,,,,,35.99583,-86.78225,True,Crashes_2010_2019_MPO
101675626,2017-06-16,2017,,19.0,,,0,0,N,0.0,0.0,0.0,,,,,,,,36.04543,-86.70361,False,Crashes_2010_2019_MPO
102308304,2019-02-15,2019,,94.0,,,0,0,N,0.0,0.0,0.0,,,,,,,,35.92316,-86.81661,False,Crashes_2010_2019_MPO
100962196,2015-09-17,2015,,94.0,,,0,0,N,0.0,0.0,0.0,,,,,,,,35.96716,-86.81351,True,Crashes_2010_2019_MPO
100767828,2015-03-06,2015,,19.0,,,0,0,N,0.0,0.0,0.0,,,,,,,,36.05142,-86.71421,False,Crashes_2010_2019_MPO
102204920,2018-11-08,2018,,94.0,,,0,0,N,0.0,0.0,0.0,,,,,,,,35.93374,-86.81767,False,Crashes_2010_2019_MPO
102036335,2018-06-07,2018,,19.0,,,0,0,N,0.0,0.0,0.0,,,,,,,,36.04048,-86.78101,False,Crashes_2010_2019_MPO
102569368,2019-11-15,2019,,19.0,,,0,0,N,0.0,0.0,0.0,,,,,,,,36.0534,-86.87614,False,Crashes_2010_2019_MPO
100848637,2015-05-20,2015,,19.0,,,0,0,N,0.0,0.0,0.0,,,,,,,,36.04867,-86.71034,False,Crashes_2010_2019_MPO
101819341,2017-11-09,2017,,19.0,,,0,0,N,0.0,0.0,0.0,,,,,,,,36.05006,-86.73553,False,Crashes_2010_2019_MPO
101968013,2018-04-05,2018,,94.0,,,0,0,N,0.0,0.0,0.0,,,,,,,,36.00426,-86.79105,True,Crashes_2010_2019_MPO
100254100,2012-11-16,2012,,94.0,,,0,0,N,0.0,0.0,0.0,,,,,,,,36.0078,-86.7872,True,Crashes_2010_2019_MPO
100943100,2015-09-01,2015,,94.0,,,0,0,N,0.0,0.0,0.0,,,,,,,,35.9583,-86.8023,False,Crashes_2010_2019_MPO
101619860,2017-04-19,2017,,19.0,,,0,0,N,0.0,0.0,0.0,,,,,,,,36.0409,-86.77938,False,Crashes_2010_2019_MPO
100807040,2015-04-13,2015,,94.0,,,0,0,N,0.0,0.0,0.0,,,,,,,,35.92391,-86.87162,False,Crashes_2010_2019_MPO
102049439,2018-06-19,2018,,94.0,,,0,0,N,0.0,0.0,0.0,,,,,,,,35.9407,-86.83934,False,Crashes_2010_2019_MPO
102084245,2018-07-23,2018,,94.0,,,0,0,N,0.0,0.0,0.0,,,,,,,,35.9928,-86.82872,True,Crashes_2010_2019_MPO
102379086,2019-05-03,2019,,94.0,,,0,0,N,0.0,0.0,0.0,,,,,,,,35.92941,-86.84076,False,Crashes_2010_2019_MPO
101632798,2017-05-01,2017,,94.0,,,0,0,N,0.0,0.0,0.0,,,,,,,,35.96318,-86.80864,False,Crashes_2010_2019_MPO
101432740,2016-11-06,2016,,19.0,,,0,0,N,0.0,0.0,0.0,,,,,,,,36.03986,-86.74145,False,Crashes_2010_2019_MPO
101092489,2016-01-22,2016,,19.0,,,0,0,N,0.0,0.0,0.0,,,,,,,,36.03898,-86.7301,False,Crashes_2010_2019_MPO
100936643,2015-08-20,2015,,19.0,,,0,0,N,0.0,0.0,0.0,,,,,,,,36.04048,-86.74544,False,Crashes_2010_2019_MPO
102188330,2018-10-24,2018,,94.0,,,0,0,N,0.0,0.0,0.0,,,,,,,,36.0351,-86.87307,False,Crashes_2010_2019_MPO
102557758,2019-11-04,2019,,19.0,,,0,0,N,0.0,0.0,0.0,,,,,,,,36.00761,-86.70086,False,Crashes_2010_2019_MPO
100484574,2014-04-10,2014,,94.0,,,0,0,N,0.0,0.0,0.0,,,,,,,,35.93231,-86.81158,False,Crashes_2010_2019_MPO
101392091,2016-09-29,2016,,94.0,,,0,0,N,0.0,0.0,0.0,,,,,,,,35.99922,-86.80923,True,Crashes_2010_2019_MPO
102190868,2018-10-26,2018,,19.0,,,0,0,N,0.0,0.0,0.0,,,,,,,,36.04139,-86.82265,False,Crashes_2010_2019_MPO
101190248,2016-05-08,2016,,94.0,,,0,0,Y,0.0,0.0,1.0,,,,,,,,36.00663,-86.8709,False,Crashes_2010_2019_MPO
102109333,2018-08-13,2018,,94.0,,,0,0,N,0.0,0.0,0.0,,,,,,,,35.92641,-86.82453,False,Crashes_2010_2019_MPO
101155462,2016-04-01,2016,,19.0,,,0,0,N,0.0,0.0,0.0,,,,,,,,36.04498,-86.72444,False,Crashes_2010_2019_MPO
100187930,2012-06-04,2012,,94.0,,,0,0,N,0.0,0.0,0.0,,,,,,,,36.03614,-86.79516,True,Crashes_2010_2019_MPO
100730468,2015-02-01,2015,,19.0,,,0,0,N,0.0,0.0,0.0,,,,,,,,36.04299,-86.84232,False,Crashes_2010_2019_MPO
101008132,2015-11-12,2015,,94.0,,,0,0,N,0.0,0.0,0.0,,,,,,,,35.99337,-86.69887,True,Crashes_2010_2019_MPO
100296234,2013-02-23,2013,,94.0,,,0,0,N,0.0,0.0,0.0,,,,,,,,35.96453,-86.81434,False,Crashes_2010_2019_MPO
101467426,2016-12-04,2016,,19.0,,,0,0,N,0.0,0.0,0.0,,,,,,,,36.0243,-86.74239,False,Crashes_2010_2019_MPO
100375299,2013-09-04,2013,,94.0,,,0,0,N,0.0,0.0,0.0,,,,,,,,35.99813,-86.79646,True,Crashes_2010_2019_MPO
101611038,2017-04-11,2017,,19.0,,,0,0,N,0.0,0.0,0.0,,,,,,,,36.04711,-86.71347,False,Crashes_2010_2019_MPO
100641766,2014-10-11,2014,,94.0,,,0,0,N,0.0,0.0,0.0,,,,,,,,35.92702,-86.86592,False,Crashes_2010_2019_MPO
101719543,2017-08-03,2017,,94.0,,,0,0,N,0.0,0.0,0.0,,,,,,,,35.92885,-86.87339,False,Crashes_2010_2019_MPO
100382544,2013-09-23,2013,,94.0,,,0,0,N,0.0,0.0,0.0,,,,,,,,35.95399,-86.80189,False,Crashes_2010_2019_MPO
101039865,2015-11-30,2015,,19.0,,,0,0,N,0.0,0.0,0.0,,,,,,,,36.03257,-86.7687,False,Crashes_2010_2019_MPO
100615224,2014-09-05,2014,,94.0,,,0,0,N,0.0,0.0,0.0,,,,,,,,36.00221,-86.79316,True,Crashes_2010_2019_MPO
102559723,2019-11-06,2019,,19.0,,,0,0,N,0.0,0.0,0.0,,,,,,,,36.04197,-86.83376,False,Crashes_2010_2019_MPO
101640008,2017-05-10,2017,,19.0,,,0,0,N,0.0,0.0,0.0,,,,,,,,36.04231,-86.72652,False,Crashes_2010_2019_MPO
101180185,2016-04-23,2016,,19.0,,,0,0,N,0.0,0.0,0.0,,,,,,,,36.04029,-86.76853,False,Crashes_2010_2019_MPO
102040308,2018-06-11,2018,,19.0,,,0,0,N,0.0,0.0,0.0,,,,,,,,36.04086,-86.77363,False,Crashes_2010_2019_MPO
101284381,2016-07-12,2016,,94.0,,,0,0,N,0.0,0.0,0.0,,,,,,,,35.94465,-86.80908,False,Crashes_2010_2019_MPO
100299635,2013-03-04,2013,,94.0,,,0,0,N,0.0,0.0,0.0,,,,,,,,36.03383,-86.78343,True,Crashes_2010_2019_MPO
100397901,2013-10-29,2013,,94.0,,,0,0,N,0.0,0.0,0.0,,,,,,,,35.96745,-86.78577,True,Crashes_2010_2019_MPO
100400564,2013-11-01,2013,,94.0,,,0,0,N,0.0,0.0,0.0,,,,,,,,35.98655,-86.68033,False,Crashes_2010_2019_MPO
101427724,2016-10-15,2016,,19.0,,,0,0,N,0.0,0.0,0.0,,,,,,,,36.04521,-86.74392,False,Crashes_2010_2019_MPO
102471759,2019-08-08,2019,,94.0,,,0,0,N,0.0,0.0,0.0,,,,,,,,35.99551,-86.77887,True,Crashes_2010_2019_MPO
101604195,2017-04-05,2017,,19.0,,,0,0,N,0.0,0.0,0.0,,,,,,,,36.03323,-86.71135,False,Crashes_2010_2019_MPO
100755710,2015-03-03,2015,,94.0,,,0,0,N,0.0,0.0,0.0,,,,,,,,35.94672,-86.851,False,Crashes_2010_2019_MPO
101851239,2017-12-07,2017,,94.0,,,0,0,N,0.0,0.0,0.0,,,,,,,,35.96518,-86.80029,True,Crashes_2010_2019_MPO
100379679,2013-09-13,2013,,94.0,,,0,0,N,0.0,0.0,0.0,,,,,,,,35.98786,-86.80033,True,Crashes_2010_2019_MPO
101763143,2017-09-17,2017,,94.0,,,0,0,N,0.0,0.0,0.0,,,,,,,,35.93358,-86.86111,False,Crashes_2010_2019_MPO
100936437,2015-08-20,2015,,19.0,,,0,0,N,0.0,0.0,0.0,,,,,,,,36.04001,-86.74349,False,Crashes_2010_2019_MPO
102264309,2019-01-02,2019,,19.0,,,0,0,N,0.0,0.0,0.0,,,,,,,,36.03958,-86.78167,False,Crashes_2010_2019_MPO
101965766,2018-04-03,2018,,94.0,,,0,0,N,0.0,0.0,0.0,,,,,,,,35.93331,-86.81492,False,Crashes_2010_2019_MPO
100347395,2013-06-26,2013,,94.0,,,0,0,N,0.0,0.0,0.0,,,,,,,,35.94428,-86.81993,False,Crashes_2010_2019_MPO
101326976,2016-08-13,2016,,94.0,,,0,0,N,0.0,0.0,0.0,,,,,,,,35.93817,-86.87906,False,Crashes_2010_2019_MPO
102401400,2019-05-23,2019,,94.0,,,0,0,N,0.0,0.0,0.0,,,,,,,,36.0343,-86.79174,True,Crashes_2010_2019_MPO
101106209,2016-02-15,2016,,94.0,,,0,0,N,0.0,0.0,0.0,,,,,,,,35.95241,-86.81798,False,Crashes_2010_2019_MPO
101362944,2016-09-16,2016,,19.0,,,0,0,N,0.0,0.0,0.0,,,,,,,,36.04543,-86.70361,False,Crashes_2010_2019_MPO
100334792,2013-05-25,2013,,94.0,,,0,0,N,0.0,0.0,0.0,,,,,,,,35.93369,-86.82977,False,Crashes_2010_2019_MPO
101508432,2017-01-18,2017,,19.0,,,0,0,N,0.0,0.0,0.0,,,,,,,,36.0409,-86.77938,False,Crashes_2010_2019_MPO
101749391,2017-09-02,2017,,94.0,,,0,0,N,0.0,0.0,0.0,,,,,,,,35.96312,-86.81897,True,Crashes_2010_2019_MPO
101803749,2017-10-25,2017,,94.0,,,0,0,N,0.0,0.0,0.0,,,,,,,,36.01978,-86.74213,False,Crashes_2010_2019_MPO
102124686,2018-08-27,2018,,94.0,,,0,0,Y,0.0,0.0,1.0,,,,,,,,35.94302,-86.82217,False,Crashes_2010_2019_MPO
102485926,2019-08-23,2019,,19.0,,,0,0,N,0.0,0.0,0.0,,,,,,,,36.03738,-86.78676,False,Crashes_2010_2019_MPO
102599237,2019-12-16,2019,,94.0,,,0,0,Y,0.0,0.0,1.0,,,,,,,,36.03611,-86.79483,True,Crashes_2010_2019_MPO
100909826,2015-07-21,2015,,94.0,,,0,0,N,0.0,0.0,0.0,,,,,,,,35.9239,-86.87894,False,Crashes_2010_2019_MPO
101351169,2016-09-01,2016,,94.0,,,0,0,N,0.0,0.0,0.0,,,,,,,,35.92317,-86.81685,False,Crashes_2010_2019_MPO
101065293,2015-12-23,2015,,19.0,,,0,0,N,0.0,0.0,0.0,,,,,,,,36.04101,-86.67782,False,Crashes_2010_2019_MPO
102123800,2018-08-27,2018,,94.0,,,0,0,N,0.0,0.0,0.0,,,,,,,,35.9236,-86.767,False,Crashes_2010_2019_MPO
101455852,2016-11-20,2016,,94.0,,,0,0,N,0.0,0.0,0.0,,,,,,,,35.96744,-86.80833,True,Crashes_2010_2019_MPO
101785332,2017-10-08,2017,,94.0,,,0,0,N,0.0,0.0,0.0,,,,,,,,35.93495,-86.7769,False,Crashes_2010_2019_MPO
102119602,2018-08-23,2018,,94.0,,,0,0,N,0.0,0.0,0.0,,,,,,,,35.99686,-86.79171,True,Crashes_2010_2019_MPO
100920030,2015-08-09,2015,,19.0,,,0,0,N,0.0,0.0,0.0,,,,,,,,36.03671,-86.78341,False,Crashes_2010_2019_MPO
100168265,2012-04-11,2012,,94.0,,,0,0,N,0.0,0.0,0.0,,,,,,,,35.96758,-86.81688,True,Crashes_2010_2019_MPO
101046369,2015-12-09,2015,,19.0,,,0,0,N,0.0,0.0,0.0,,,,,,,,36.03696,-86.78669,False,Crashes_2010_2019_MPO
101099035,2016-02-03,2016,,94.0,,,0,0,N,0.0,0.0,0.0,,,,,,,,35.94872,-86.83189,False,Crashes_2010_2019_MPO
100508791,2014-05-14,2014,,94.0,,,0,0,N,0.0,0.0,0.0,,,,,,,,35.92621,-86.86527,False,Crashes_2010_2019_MPO
100826483,2015-04-30,2015,,94.0,,,0,0,N,0.0,0.0,0.0,,,,,,,,36.00517,-86.78979,True,Crashes_2010_2019_MPO
100266647,2012-12-15,2012,,94.0,,,0,0,N,0.0,0.0,0.0,,,,,,,,35.98911,-86.70402,True,Crashes_2010_2019_MPO
101871814,2017-12-29,2017,,94.0,,,0,0,N,0.0,0.0,0.0,,,,,,,,35.9516,-86.80757,False,Crashes_2010_2019_MPO
101180044,2016-04-22,2016,,94.0,,,0,0,N,0.0,0.0,0.0,,,,,,,,35.94669,-86.82386,False,Crashes_2010_2019_MPO
100570653,2014-07-08,2014,,94.0,,,0,0,N,0.0,0.0,0.0,,,,,,,,35.9335,-86.87797,False,Crashes_2010_2019_MPO
102423918,2019-06-19,2019,,94.0,,,0,0,N,0.0,0.0,0.0,,,,,,,,35.9638,-86.80842,False,Crashes_2010_2019_MPO
101477930,2016-12-15,2016,,19.0,,,0,0,N,0.0,0.0,0.0,,,,,,,,36.04561,-86.71977,False,Crashes_2010_2019_MPO
102132421,2018-09-03,2018,,94.0,,,0,0,N,0.0,0.0,0.0,,,,,,,,35.92391,-86.87162,False,Crashes_2010_2019_MPO
101329380,2016-08-13,2016,,19.0,,,0,0,N,0.0,0.0,0.0,,,,,,,,36.04245,-86.71294,False,Crashes_2010_2019_MPO
102007521,2018-05-11,2018,,94.0,,,0,0,N,0.0,0.0,0.0,,,,,,,,35.93578,-86.8238,False,Crashes_2010_2019_MPO
101873548,2017-12-30,2017,,94.0,,,0,0,N,0.0,0.0,0.0,,,,,,,,36.00239,-86.77551,True,Crashes_2010_2019_MPO
100570672,2014-07-08,2014,,94.0,,,0,0,N,0.0,0.0,0.0,,,,,,,,35.96421,-86.78571,True,Crashes_2010_2019_MPO
102331388,2019-03-15,2019,,94.0,,,0,0,N,0.0,0.0,0.0,,,,,,,,35.95469,-86.76689,True,Crashes_2010_2019_MPO
101915635,2018-02-14,2018,,19.0,,,0,0,N,0.0,0.0,0.0,,,,,,,,35.99022,-86.68261,False,Crashes_2010_2019_MPO
101813837,2017-11-03,2017,,19.0,,,0,0,N,0.0,0.0,0.0,,,,,,,,36.04573,-86.85543,False,Crashes_2010_2019_MPO
100356591,2013-07-20,2013,,94.0,,,0,0,N,0.0,0.0,0.0,,,,,,,,35.92392,-86.87238,False,Crashes_2010_2019_MPO
100215864,2012-08-15,2012,,94.0,,,0,0,N,0.0,0.0,0.0,,,,,,,,36.01731,-86.78621,True,Crashes_2010_2019_MPO
101852302,2017-12-06,2017,,94.0,,,0,0,N,0.0,0.0,0.0,,,,,,,,35.99248,-86.84802,False,Crashes_2010_2019_MPO
102329592,2019-03-13,2019,,19.0,,,0,0,N,0.0,0.0,0.0,,,,,,,,36.03747,-86.79098,False,Crashes_2010_2019_MPO
101125391,2016-02-23,2016,,94.0,,,0,0,N,0.0,0.0,0.0,,,,,,,,35.96382,-86.80841,False,Crashes_2010_2019_MPO
101389325,2016-09-24,2016,,94.0,,,0,0,N,0.0,0.0,0.0,,,,,,,,36.034019,-86.788393,True,Crashes_2010_2019_MPO
102049529,2018-06-14,2018,,94.0,,,0,0,N,0.0,0.0,0.0,,,,,,,,35.97765,-86.77676,True,Crashes_2010_2019_MPO
101033444,2015-11-20,2015,,94.0,,,0,0,N,0.0,0.0,0.0,,,,,,,,35.9236,-86.81898,False,Crashes_2010_2019_MPO
102455502,2019-07-23,2019,,94.0,,,0,0,N,0.0,0.0,0.0,,,,,,,,35.9239,-86.87901,False,Crashes_2010_2019_MPO
101950799,2018-03-20,2018,,19.0,,,0,0,N,0.0,0.0,0.0,,,,,,,,36.05404,-86.74283,False,Crashes_2010_2019_MPO
101435033,2016-11-09,2016,,19.0,,,0,0,N,0.0,0.0,0.0,,,,,,,,36.04217,-86.71292,False,Crashes_2010_2019_MPO
100707460,2014-12-15,2014,,19.0,,,0,0,N,0.0,0.0,0.0,,,,,,,,36.04001,-86.74349,False,Crashes_2010_2019_MPO
101435651,2016-11-09,2016,,94.0,,,0,0,N,0.0,0.0,0.0,,,,,,,,35.95608,-86.80298,False,Crashes_2010_2019_MPO
100497640,2014-04-17,2014,,94.0,,,0,0,N,0.0,0.0,0.0,,,,,,,,35.94686,-86.82181,False,Crashes_2010_2019_MPO
100500211,2014-04-24,2014,,94.0,,,0,0,N,0.0,0.0,0.0,,,,,,,,35.92391,-86.87162,False,Crashes_2010_2019_MPO