mstrrecnbr,collision_ts,year,county,countystat,crash,crash_type,fatalities,non_motorists,commercial,fatal_c,nonmotor_c,truck_c,fatalc,serious_injuries,ped,bike,lighting,weather,first_harmful_event,latitude,longitude,in_city,src_layer
101788129,2017-10-11,2017,,94.0,,,0,0,N,0.0,0.0,0.0,,,,,,,,35.97776,-86.80359,True,Crashes_2010_2019_MPO
100919298,2015-08-07,2015,,94.0,,,0,0,N,0.0,0.0,0.0,,,,,,,,35.96676,-86.80905,True,Crashes_2010_2019_MPO
100387210,2013-10-04,2013,,94.0,,,0,0,N,0.0,0.0,0.0,,,,,,,,35.93554,-86.82375,False,Crashes_2010_2019_MPO
101901649,2018-01-30,2018,,94.0,,,0,0,N,0.0,0.0,0.0,,,,,,,,36.0331,-86.7828,True,Crashes_2010_2019_MPO
100356003,2013-07-16,2013,,94.0,,,0,0,N,0.0,0.0,0.0,,,,,,,,35.94436,-86.80918,False,Crashes_2010_2019_MPO
101852825,2017-12-09,2017,,19.0,,,0,0,N,0.0,0.0,0.0,,,,,,,,36.0451,-86.69866,False,Crashes_2010_2019_MPO
100734663,2015-02-09,2015,,94.0,,,0,0,N,0.0,0.0,0.0,,,,,,,,36.0333,-86.77802,True,Crashes_2010_2019_MPO
101601905,2017-04-03,2017,,94.0,,,0,0,N,0.0,0.0,0.0,,,,,,,,35.97635,-86.82803,True,Crashes_2010_2019_MPO
102020172,2018-05-23,2018,,19.0,,,0,0,N,0.0,0.0,0.0,,,,,,,,36.04003,-86.74379,False,Crashes_2010_2019_MPO
101118625,2016-02-19,2016,,94.0,,,0,0,N,0.0,0.0,0.0,,,,,,,,35.96058,-86.77033,True,Crashes_2010_2019_MPO
101464215,2016-11-30,2016,,94.0,,,0,0,N,0.0,0.0,0.0,,,,,,,,35.96917,-86.82613,False,Crashes_2010_2019_MPO
100827233,2015-05-02,2015,,94.0,,,0,0,N,0.0,0.0,0.0,,,,,,,,35.96196,-86.815,False,Crashes_2010_2019_MPO
101740517,2017-08-24,2017,,19.0,,,0,0,N,0.0,0.0,0.0,,,,,,,,36.03737,-86.78693,False,Crashes_2010_2019_MPO
101435032,2016-11-08,2016,,94.0,,,0,0,N,0.0,0.0,0.0,,,,,,,,35.97334,-86.83305,True,Crashes_2010_2019_MPO
101680371,2017-06-22,2017,,94.0,,,0,0,N,0.0,0.0,0.0,,,,,,,,35.93196,-86.82398,False,Crashes_2010_2019_MPO
102016324,2018-05-19,2018,,94.0,,,0,0,N,0.0,0.0,0.0,,,,,,,,35.96984,-86.72467,True,Crashes_2010_2019_MPO
102020227,2018-05-23,2018,,94.0,,,0,0,N,0.0,0.0,0.0,,,,,,,,35.96372,-86.81053,False,Crashes_2010_2019_MPO
101800828,2017-10-22,2017,,94.0,,,0,0,N,0.0,0.0,0.0,,,,,,,,35.99742,-86.81269,True,Crashes_2010_2019_MPO
100950834,2015-09-15,2015,,19.0,,,0,0,N,0.0,0.0,0.0,,,,,,,,36.04231,-86.72652,False,Crashes_2010_2019_MPO
101181316,2016-04-25,2016,,94.0,,,0,0,N,0.0,0.0,0.0,,,,,,,,35.94811,-86.86305,False,Crashes_2010_2019_MPO
101470891,2016-12-08,2016,,94.0,,,0,0,N,0.0,0.0,0.0,,,,,,,,35.97963,-86.74775,True,Crashes_2010_2019_MPO
101304091,2016-07-26,2016,,94.0,,,0,0,N,0.0,0.0,0.0,,,,,,,,35.96223,-86.81602,True,Crashes_2010_2019_MPO
100834358,2015-05-15,2015,,19.0,,,0,0,N,0.0,0.0,0.0,,,,,,,,36.03751,-86.78652,False,Crashes_2010_2019_MPO
101617029,2017-04-16,2017,,94.0,,,0,0,N,0.0,0.0,0.0,,,,,,,,35.96563,-86.78178,True,Crashes_2010_2019_MPO
101431902,2016-11-05,2016,,94.0,,,0,0,N,0.0,0.0,0.0,,,,,,,,35.94568,-86.82704,False,Crashes_2010_2019_MPO
101190116,2016-05-08,2016,,94.0,,,0,0,N,0.0,0.0,0.0,,,,,,,,35.9923,-86.7988,True,Crashes_2010_2019_MPO
101982313,2018-04-19,2018,,94.0,,,0,0,N,0.0,0.0,0.0,,,,,,,,36.02512,-86.7854,True,Crashes_2010_2019_MPO
101786766,2017-10-06,2017,,94.0,,,0,0,Y,0.0,0.0,1.0,,,,,,,,35.98129,-86.82204,True,Crashes_2010_2019_MPO
101159421,2016-04-07,2016,,94.0,,,0,0,N,0.0,0.0,0.0,,,,,,,,36.03459,-86.80274,True,Crashes_2010_2019_MPO
101045306,2015-12-08,2015,,94.0,,,0,0,N,0.0,0.0,0.0,,,,,,,,35.9325,-86.78802,False,Crashes_2010_2019_MPO
101808672,2017-10-30,2017,,19.0,,,0,0,N,0.0,0.0,0.0,,,,,,,,36.04526,-86.71436,False,Crashes_2010_2019_MPO
102588643,2019-12-04,2019,,94.0,,,0,0,N,0.0,0.0,0.0,,,,,,,,36.03175,-86.78961,True,Crashes_2010_2019_MPO
100849409,2015-05-22,2015,,94.0,,,0,0,N,0.0,0.0,0.0,,,,,,,,35.92886,-86.83696,False,Crashes_2010_2019_MPO
100482061,2014-04-03,2014,,94.0,,,0,0,N,0.0,0.0,0.0,,,,,,,,36.0303,-86.7904,True,Crashes_2010_2019_MPO
100728815,2015-01-28,2015,,19.0,,,0,0,N,0.0,0.0,0.0,,,,,,,,36.03756,-86.79334,False,Crashes_2010_2019_MPO
101320533,2016-08-04,2016,,19.0,,,0,0,N,0.0,0.0,0.0,,,,,,,,36.03463,-86.70767,False,Crashes_2010_2019_MPO
100253082,2012-11-15,2012,,94.0,,,0,0,N,0.0,0.0,0.0,,,,,,,,36.02117,-86.78735,True,Crashes_2010_2019_MPO
100503639,2014-05-02,2014,,94.0,,,0,0,N,0.0,0.0,0.0,,,,,,,,35.96577,-86.82065,True,Crashes_2010_2019_MPO
100395974,2013-10-25,2013,,94.0,,,0,0,N,0.0,0.0,0.0,,,,,,,,35.9593,-86.8182,True,Crashes_2010_2019_MPO
101037582,2015-11-27,2015,,19.0,,,0,0,N,0.0,0.0,0.0,,,,,,,,36.0383,-86.78362,False,Crashes_2010_2019_MPO
100395418,2013-10-24,2013,,94.0,,,0,0,N,0.0,0.0,0.0,,,,,,,,35.92474,-86.87429,False,Crashes_2010_2019_MPO
101348463,2016-08-23,2016,,19.0,,,0,0,N,0.0,0.0,0.0,,,,,,,,36.0374,-86.78657,False,Crashes_2010_2019_MPO
100175204,2012-05-01,2012,,94.0,,,0,0,N,0.0,0.0,0.0,,,,,,,,35.9659,-86.80587,True,Crashes_2010_2019_MPO
101093086,2016-01-24,2016,,19.0,,,0,0,N,0.0,0.0,0.0,,,,,,,,36.0414,-86.78224,False,Crashes_2010_2019_MPO
100612410,2014-08-30,2014,,94.0,,,0,0,N,0.0,0.0,0.0,,,,,,,,35.95197,-86.81766,False,Crashes_2010_2019_MPO
102238275,2018-12-07,2018,,19.0,,,0,0,N,0.0,0.0,0.0,,,,,,,,36.05191,-86.68293,False,Crashes_2010_2019_MPO
102593506,2019-12-10,2019,,19.0,,,0,0,N,0.0,0.0,0.0,,,,,,,,36.04093,-86.77429,False,Crashes_2010_2019_MPO
102272390,2019-01-08,2019,,94.0,,,0,0,N,0.0,0.0,0.0,,,,,,,,35.93293,-86.87891,False,Crashes_2010_2019_MPO
100701461,2014-12-04,2014,,94.0,,,0,0,N,0.0,0.0,0.0,,,,,,,,35.93364,-86.87771,False,Crashes_2010_2019_MPO
100723198,2015-01-16,2015,,19.0,,,0,0,N,0.0,0.0,0.0,,,,,,,,36.04573,-86.70923,False,Crashes_2010_2019_MPO
100208708,2012-07-26,2012,,94.0,,,0,0,N,0.0,0.0,0.0,,,,,,,,35.92823,-86.76738,False,Crashes_2010_2019_MPO
102565887,2019-11-12,2019,,19.0,,,0,0,N,0.0,0.0,0.0,,,,,,,,36.04098,-86.77941,False,Crashes_2010_2019_MPO
100566112,2014-06-27,2014,,94.0,,,0,0,N,0.0,0.0,0.0,,,,,,,,36.03322,-86.78532,True,Crashes_2010_2019_MPO
101950032,2018-03-20,2018,,94.0,,,0,0,N,0.0,0.0,0.0,,,,,,,,35.95082,-86.82909,False,Crashes_2010_2019_MPO
100296338,2013-02-22,2013,,94.0,,,0,0,N,0.0,0.0,0.0,,,,,,,,36.0182,-86.77307,True,Crashes_2010_2019_MPO
101155982,2016-04-01,2016,,94.0,,,0,0,N,0.0,0.0,0.0,,,,,,,,36.031395,-86.802314,True,Crashes_2010_2019_MPO
101285526,2016-07-14,2016,,94.0,,,0,0,N,0.0,0.0,0.0,,,,,,,,36.03449,-86.80251,True,Crashes_2010_2019_MPO
102610094,2019-12-28,2019,,94.0,,,0,0,N,0.0,0.0,0.0,,,,,,,,35.94421,-86.81976,False,Crashes_2010_2019_MPO
102135987,2018-09-06,2018,,19.0,,,0,0,N,0.0,0.0,0.0,,,,,,,,36.0351,-86.76871,False,Crashes_2010_2019_MPO
100274073,2013-01-02,2013,,94.0,,,0,0,N,0.0,0.0,0.0,,,,,,,,36.03521,-86.78691,True,Crashes_2010_2019_MPO
101729840,2017-08-13,2017,,94.0,,,0,0,N,0.0,0.0,0.0,,,,,,,,35.92809,-86.82672,False,Crashes_2010_2019_MPO
100666602,2014-11-07,2014,,94.0,,,0,0,N,0.0,0.0,0.0,,,,,,,,35.93269,-86.80867,False,Crashes_2010_2019_MPO
102557851,2019-11-04,2019,,94.0,,,0,0,N,0.0,0.0,0.0,,,,,,,,35.96688,-86.81117,True,Crashes_2010_2019_MPO
100221699,2012-09-02,2012,,94.0,,,0,0,N,0.0,0.0,0.0,,,,,,,,35.99315,-86.69646,True,Crashes_2010_2019_MPO
102376974,2019-05-01,2019,,19.0,,,0,0,N,0.0,0.0,0.0,,,,,,,,36.0409,-86.77938,False,Crashes_2010_2019_MPO
102284295,2019-01-16,2019,,94.0,,,0,0,N,0.0,0.0,0.0,,,,,,,,35.96688,-86.81117,True,Crashes_2010_2019_MPO
101039975,2015-11-30,2015,,94.0,,,0,0,N,0.0,0.0,0.0,,,,,,,,35.96442,-86.73249,True,Crashes_2010_2019_MPO
102460499,2019-07-28,2019,,19.0,,,0,0,N,0.0,0.0,0.0,,,,,,,,36.04095,-86.74615,False,Crashes_2010_2019_MPO
101900682,2018-01-29,2018,,94.0,,,0,0,N,0.0,0.0,0.0,,,,,,,,36.0331,-86.7828,True,Crashes_2010_2019_MPO
102421602,2019-06-17,2019,,94.0,,,0,0,N,0.0,0.0,0.0,,,,,,,,35.95925,-86.67699,False,Crashes_2010_2019_MPO
101361147,2016-09-14,2016,,19.0,,,0,0,N,0.0,0.0,0.0,,,,,,,,36.03231,-86.74378,False,Crashes_2010_2019_MPO
101466913,2016-12-03,2016,,19.0,,,0,0,N,0.0,0.0,0.0,,,,,,,,36.04546,-86.7123,False,Crashes_2010_2019_MPO
100635990,2014-09-30,2014,,19.0,,,0,0,N,0.0,0.0,0.0,,,,,,,,36.04644,-86.77789,False,Crashes_2010_2019_MPO
101427168,2016-10-30,2016,,94.0,,,0,0,N,0.0,0.0,0.0,,,,,,,,35.96507,-86.81167,False,Crashes_2010_2019_MPO
101460685,2016-11-26,2016,,19.0,,,0,0,N,0.0,0.0,0.0,,,,,,,,36.04001,-86.74347,False,Crashes_2010_2019_MPO
900082181,2010-02-15,2010,,94.0,,,0,0, ,0.0,0.0,0.0,,,,,,,,35.953842,-86.721413,False,Crashes_2010_2019_MPO
102430188,2019-06-26,2019,,94.0,,,0,0,Y,0.0,0.0,1.0,,,,,,,,35.93557,-86.82364,False,Crashes_2010_2019_MPO
101826915,2017-11-14,2017,,19.0,,,0,0,N,0.0,0.0,0.0,,,,,,,,36.0452,-86.71617,False,Crashes_2010_2019_MPO
102411545,2019-06-06,2019,,19.0,,,0,0,N,0.0,0.0,0.0,,,,,,,,36.04247,-86.75065,False,Crashes_2010_2019_MPO
101078036,2016-01-15,2016,,19.0,,,0,0,N,0.0,0.0,0.0,,,,,,,,36.03248,-86.7387,False,Crashes_2010_2019_MPO
102162033,2018-09-29,2018,,94.0,,,0,0,N,0.0,0.0,0.0,,,,,,,,35.99218,-86.79884,True,Crashes_2010_2019_MPO
100965843,2015-09-23,2015,,94.0,,,0,0,N,0.0,0.0,0.0,,,,,,,,35.9731,-86.83322,False,Crashes_2010_2019_MPO
100696937,2014-11-26,2014,,94.0,,,0,0,N,0.0,0.0,0.0,,,,,,,,35.92356,-86.8187,False,Crashes_2010_2019_MPO
101967053,2018-04-03,2018,,94.0,,,0,0,N,0.0,0.0,0.0,,,,,,,,35.95526,-86.82588,False,Crashes_2010_2019_MPO
102482836,2019-08-18,2019,,94.0,,,0,0,N,0.0,0.0,0.0,,,,,,,,35.94061,-86.83951,False,Crashes_2010_2019_MPO
100996868,2015-10-26,2015,,94.0,,,0,0,N,0.0,0.0,0.0,,,,,,,,35.94782,-86.81975,False,Crashes_2010_2019_MPO
100819978,2015-04-18,2015,,94.0,,,0,0,N,0.0,0.0,0.0,,,,,,,,35.96496,-86.80119,True,Crashes_2010_2019_MPO
102113945,2018-08-18,2018,,94.0,,,0,0,N,0.0,0.0,0.0,,,,,,,,35.96198,-86.81518,False,Crashes_2010_2019_MPO
102186518,2018-10-23,2018,,94.0,,,0,0,N,0.0,0.0,0.0,,,,,,,,36.02755,-86.79192,True,Crashes_2010_2019_MPO
102409002,2019-06-03,2019,,19.0,,,0,0,N,0.0,0.0,0.0,,,,,,,,36.0007,-86.69489,False,Crashes_2010_2019_MPO
100724724,2015-01-18,2015,,94.0,,,0,0,N,0.0,0.0,0.0,,,,,,,,35.9375,-86.82193,False,Crashes_2010_2019_MPO
100427928,2014-01-03,2014,,94.0,,,0,0,N,0.0,0.0,0.0,,,,,,,,35.95772,-86.8026,False,Crashes_2010_2019_MPO
100819664,2015-04-17,2015,,19.0,,,0,0,N,0.0,0.0,0.0,,,,,,,,36.04022,-86.74484,False,Crashes_2010_2019_MPO
102412884,2019-06-07,2019,,19.0,,,0,0,N,0.0,0.0,0.0,,,,,,,,36.03806,-86.74347,False,Crashes_2010_2019_MPO
102346825,2019-03-17,2019,,94.0,,,0,0,N,0.0,0.0,0.0,,,,,,,,35.94088,-86.83172,False,Crashes_2010_2019_MPO
102068089,2018-07-07,2018,,94.0,,,0,0,N,0.0,0.0,0.0,,,,,,,,35.95919,-86.81443,False,Crashes_2010_2019_MPO
102552018,2019-10-29,2019,,94.0,,,0,0,N,0.0,0.0,0.0,,,,,,,,35.9912,-86.68349,False,Crashes_2010_2019_MPO
102283219,2019-01-21,2019,,94.0,,,0,0,N,0.0,0.0,0.0,,,,,,,,35.92329,-86.82248,False,Crashes_2010_2019_MPO
102330703,2019-03-14,2019,,19.0,,,0,0,N,0.0,0.0,0.0,,,,,,,,36.04546,-86.71224,False,Crashes_2010_2019_MPO
100709251,2014-12-18,2014,,19.0,,,0,0,N,0.0,0.0,0.0,,,,,,,,36.04031,-86.7685,False,Crashes_2010_2019_MPO
100552536,2014-06-18,2014,,94.0,,,0,0,N,0.0,0.0,0.0,,,,,,,,35.95966,-86.80266,False,Crashes_2010_2019_MPO
100946043,2015-09-06,2015,,94.0,,,0,0,N,0.0,0.0,0.0,,,,,,,,35.93549,-86.82394,False,Crashes_2010_2019_MPO
101688789,2017-07-01,2017,,94.0,,,0,0,Y,0.0,0.0,1.0,,,,,,,,35.93405,-86.81901,False,Crashes_2010_2019_MPO
102525580,2019-09-30,2019,,19.0,,,0,0,N,0.0,0.0,0.0,,,,,,,,36.01247,-86.70337,False,Crashes_2010_2019_MPO
102411483,2019-06-06,2019,,94.0,,,0,0,N,0.0,0.0,0.0,,,,,,,,35.92645,-86.8249,False,Crashes_2010_2019_MPO
100162003,2012-03-26,2012,,94.0,,,0,0,N,0.0,0.0,0.0,,,,,,,,35.98954,-86.74236,True,Crashes_2010_2019_MPO
100731679,2015-02-03,2015,,94.0,,,0,0,N,0.0,0.0,0.0,,,,,,,,35.96489,-86.80886,False,Crashes_2010_2019_MPO
101358363,2016-09-10,2016,,94.0,,,0,0,N,0.0,0.0,0.0,,,,,,,,36.03356,-86.78029,True,Crashes_2010_2019_MPO
102019034,2018-05-22,2018,,19.0,,,0,0,N,0.0,0.0,0.0,,,,,,,,36.04068,-86.77192,False,Crashes_2010_2019_MPO
100771090,2015-03-12,2015,,94.0,,,0,0,N,0.0,0.0,0.0,,,,,,,,35.97332,-86.83308,True,Crashes_2010_2019_MPO
102567039,2019-11-13,2019,,19.0,,,0,0,N,0.0,0.0,0.0,,,,,,,,36.04284,-86.81604,False,Crashes_2010_2019_MPO
101158263,2016-04-05,2016,,94.0,,,0,0,N,0.0,0.0,0.0,,,,,,,,35.96681,-86.81119,True,Crashes_2010_2019_MPO
101746850,2017-08-31,2017,,94.0,,,0,0,N,0.0,0.0,0.0,,,,,,,,36.03403,-86.80162,True,Crashes_2010_2019_MPO
101862204,2017-12-18,2017,,19.0,,,0,0,N,0.0,0.0,0.0,,,,,,,,36.04129,-86.77963,False,Crashes_2010_2019_MPO
100915777,2015-08-01,2015,,94.0,,,0,0,N,0.0,0.0,0.0,,,,,,,,35.94292,-86.81592,False,Crashes_2010_2019_MPO
100712544,2014-12-24,2014,,94.0,,,0,0,N,0.0,0.0,0.0,,,,,,,,35.96953,-86.72777,True,Crashes_2010_2019_MPO
100721577,2015-01-13,2015,,94.0,,,0,0,N,0.0,0.0,0.0,,,,,,,,35.93165,-86.87682,False,Crashes_2010_2019_MPO
102569406,2019-11-15,2019,,94.0,,,0,0,N,0.0,0.0,0.0,,,,,,,,35.9949,-86.77154,True,Crashes_2010_2019_MPO
102286464,2019-01-24,2019,,94.0,,,0,0,N,0.0,0.0,0.0,,,,,,,,35.92301,-86.86916,False,Crashes_2010_2019_MPO
101284309,2016-07-12,2016,,94.0,,,0,0,N,0.0,0.0,0.0,,,,,,,,35.94664,-86.83154,False,Crashes_2010_2019_MPO
101349064,2016-08-29,2016,,94.0,,,0,0,N,0.0,0.0,0.0,,,,,,,,36.0334,-86.778937,True,Crashes_2010_2019_MPO
101435919,2016-11-10,2016,,19.0,,,0,0,N,0.0,0.0,0.0,,,,,,,,36.03969,-86.76137,False,Crashes_2010_2019_MPO
101923242,2018-02-22,2018,,94.0,,,0,0,N,0.0,0.0,0.0,,,,,,,,36.034681,-86.783725,True,Crashes_2010_2019_MPO
101357221,2016-09-09,2016,,19.0,,,0,0,N,0.0,0.0,0.0,,,,,,,,36.04555,-86.71134,False,Crashes_2010_2019_MPO
102483276,2019-08-20,2019,,94.0,,,0,0,N,0.0,0.0,0.0,,,,,,,,36.027312,-86.792014,True,Crashes_2010_2019_MPO
100754999,2015-03-01,2015,,94.0,,,0,0,N,0.0,0.0,0.0,,,,,,,,35.96751,-86.69681,False,Crashes_2010_2019_MPO
101355282,2016-09-06,2016,,94.0,,,0,0,N,0.0,0.0,0.0,,,,,,,,36.0343,-86.79174,True,Crashes_2010_2019_MPO
100639318,2014-10-06,2014,,19.0,,,0,0,N,0.0,0.0,0.0,,,,,,,,36.02567,-86.69179,False,Crashes_2010_2019_MPO
101122596,2016-02-25,2016,,19.0,,,0,0,N,0.0,0.0,0.0,,,,,,,,36.0387,-86.73097,False,Crashes_2010_2019_MPO
102285349,2019-01-23,2019,,94.0,,,0,0,N,0.0,0.0,0.0,,,,,,,,35.966717,-86.809084,True,Crashes_2010_2019_MPO
101406056,2016-10-17,2016,,94.0,,,0,0,N,0.0,0.0,0.0,,,,,,,,35.96662,-86.80998,True,Crashes_2010_2019_MPO
101605316,2017-04-06,2017,,94.0,,,0,0,N,0.0,0.0,0.0,,,,,,,,35.98128,-86.82205,True,Crashes_2010_2019_MPO
101714292,2017-07-28,2017,,94.0,,,0,0,N,0.0,0.0,0.0,,,,,,,,35.97723,-86.67742,False,Crashes_2010_2019_MPO
100590770,2014-08-03,2014,,94.0,,,0,0,N,0.0,0.0,0.0,,,,,,,,35.97067,-86.7268,True,Crashes_2010_2019_MPO
102342826,2019-03-27,2019,,94.0,,,0,0,N,0.0,0.0,0.0,,,,,,,,35.98513,-86.72776,True,Crashes_2010_2019_MPO
101810374,2017-10-31,2017,,94.0,,,0,0,N,0.0,0.0,0.0,,,,,,,,35.94756,-86.81401,False,Crashes_2010_2019_MPO
100461566,2014-03-07,2014,,94.0,,,0,0,N,0.0,0.0,0.0,,,,,,,,35.99661,-86.78951,True,Crashes_2010_2019_MPO
101651019,2017-05-20,2017,,94.0,,,0,0,N,0.0,0.0,0.0,,,,,,,,35.96681,-86.81119,True,Crashes_2010_2019_MPO
101569544,2017-03-01,2017,,94.0,,,0,0,N,0.0,0.0,0.0,,,,,,,,35.97935,-86.74864,True,Crashes_2010_2019_MPO
100694999,2014-11-22,2014,,94.0,,,0,0,N,0.0,0.0,0.0,,,,,,,,35.95456,-86.81188,False,Crashes_2010_2019_MPO
102357804,2019-04-11,2019,,19.0,,,0,0,N,0.0,0.0,0.0,,,,,,,,36.04629,-86.71337,False,Crashes_2010_2019_MPO
102078633,2018-07-18,2018,,94.0,,,0,0,N,0.0,0.0,0.0,,,,,,,,36.03401,-86.79488,True,Crashes_2010_2019_MPO
100735301,2015-02-07,2015,,19.0,,,0,0,N,0.0,0.0,0.0,,,,,,,,36.03955,-86.78132,False,Crashes_2010_2019_MPO
100873461,2015-06-19,2015,,19.0,,,0,0,N,0.0,0.0,0.0,,,,,,,,36.0455,-86.71215,False,Crashes_2010_2019_MPO
102072249,2018-07-12,2018,,94.0,,,0,0,N,0.0,0.0,0.0,,,,,,,,35.96102,-86.81237,False,Crashes_2010_2019_MPO
101062590,2015-12-16,2015,,19.0,,,0,0,N,0.0,0.0,0.0,,,,,,,,36.04299,-86.84232,False,Crashes_2010_2019_MPO
100127545,2011-12-15,2011,,94.0,,,0,0,N,0.0,0.0,0.0,,,,,,,,35.99335,-86.69968,True,Crashes_2010_2019_MPO
100705487,2014-12-12,2014,,94.0,,,0,0,N,0.0,0.0,0.0,,,,,,,,35.94929,-86.75293,True,Crashes_2010_2019_MPO
100502471,2014-04-29,2014,,94.0,,,0,0,N,0.0,0.0,0.0,,,,,,,,35.95548,-86.81156,False,Crashes_2010_2019_MPO
101319204,2016-08-02,2016,,94.0,,,0,0,N,0.0,0.0,0.0,,,,,,,,35.96681,-86.81119,True,Crashes_2010_2019_MPO
100129334,2011-12-16,2011,,94.0,,,0,0,N,0.0,0.0,0.0,,,,,,,,35.97111,-86.80589,True,Crashes_2010_2019_MPO
101092784,2016-01-22,2016,,94.0,,,0,0,N,0.0,0.0,0.0,,,,,,,,35.97782,-86.67816,False,Crashes_2010_2019_MPO
102081849,2018-07-21,2018,,19.0,,,0,0,N,0.0,0.0,0.0,,,,,,,,36.0339,-86.70757,False,Crashes_2010_2019_MPO
101178851,2016-04-20,2016,,94.0,,,0,0,N,0.0,0.0,0.0,,,,,,,,35.92366,-86.86782,False,Crashes_2010_2019_MPO
100678591,2014-11-07,2014,,94.0,,,0,0,N,0.0,0.0,0.0,,,,,,,,35.93928,-86.87936,False,Crashes_2010_2019_MPO
102243592,2018-12-12,2018,,94.0,,,0,0,N,0.0,0.0,0.0,,,,,,,,35.99418,-86.7979,True,Crashes_2010_2019_MPO
101332316,2016-08-19,2016,,94.0,,,0,0,N,0.0,0.0,0.0,,,,,,,,35.92512,-86.87539,False,Crashes_2010_2019_MPO
100847664,2015-05-20,2015,,94.0,,,0,0,N,0.0,0.0,0.0,,,,,,,,35.92672,-86.82709,False,Crashes_2010_2019_MPO
100849148,2015-05-23,2015,,19.0,,,0,0,N,0.0,0.0,0.0,,,,,,,,36.04001,-86.78125,False,Crashes_2010_2019_MPO
100948250,2015-09-10,2015,,19.0,,,0,0,N,0.0,0.0,0.0,,,,,,,,36.03742,-86.79042,False,Crashes_2010_2019_MPO
100656061,2014-10-19,2014,,19.0,,,0,0,N,0.0,0.0,0.0,,,,,,,,36.04557,-86.71154,False,Crashes_2010_2019_MPO
102004661,2018-05-08,2018,,94.0,,,0,0,N,0.0,0.0,0.0,,,,,,,,35.9551,-86.8259,False,Crashes_2010_2019_MPO
100385122,2013-09-29,2013,,94.0,,,0,0,N,0.0,0.0,0.0,,,,,,,,35.93393,-86.81752,False,Crashes_2010_2019_MPO
101078193,2016-01-15,2016,,94.0,,,0,0,N,0.0,0.0,0.0,,,,,,,,35.99813,-86.80158,True,Crashes_2010_2019_MPO
101463028,2016-11-29,2016,,94.0,,,0,0,N,0.0,0.0,0.0,,,,,,,,35.93875,-86.79656,False,Crashes_2010_2019_MPO
102586124,2019-12-02,2019,,94.0,,,0,0,N,0.0,0.0,0.0,,,,,,,,35.93763,-86.82211,False,Crashes_2010_2019_MPO
100704904,2014-12-11,2014,,19.0,,,0,0,N,0.0,0.0,0.0,,,,,,,,36.04545,-86.7036,False,Crashes_2010_2019_MPO
101825448,2017-11-14,2017,,94.0,,,0,0,N,0.0,0.0,0.0,,,,,,,,36.03411,-86.78829,True,Crashes_2010_2019_MPO
101418919,2016-10-21,2016,,19.0,,,0,1,N,0.0,1.0,0.0,,,,,,,,36.04639,-86.71338,False,Crashes_2010_2019_MPO
100365935,2013-08-12,2013,,94.0,,,0,0,N,0.0,0.0,0.0,,,,,,,,35.96597,-86.814,False,Crashes_2010_2019_MPO
100505140,2014-05-06,2014,,94.0,,,0,0,N,0.0,0.0,0.0,,,,,,,,36.01482,-86.7855,True,Crashes_2010_2019_MPO
100716254,2015-01-02,2015,,94.0,,,0,0,N,0.0,0.0,0.0,,,,,,,,35.96699,-86.81305,True,Crashes_2010_2019_MPO
100975492,2015-10-08,2015,,94.0,,,0,0,N,0.0,0.0,0.0,,,,,,,,35.98576,-86.67993,False,Crashes_2010_2019_MPO
101072989,2016-01-06,2016,,19.0,,,0,0,N,0.0,0.0,0.0,,,,,,,,36.04523,-86.70363,False,Crashes_2010_2019_MPO
101465987,2016-12-01,2016,,94.0,,,0,0,N,0.0,0.0,0.0,,,,,,,,35.92651,-86.86625,False,Crashes_2010_2019_MPO
101207772,2016-05-19,2016,,19.0,,,0,0,N,0.0,0.0,0.0,,,,,,,,36.03805,-86.78416,False,Crashes_2010_2019_MPO
100835099,2015-05-12,2015,,94.0,,,0,0,N,0.0,0.0,0.0,,,,,,,,36.01866,-86.75323,True,Crashes_2010_2019_MPO
102250096,2018-12-18,2018,,94.0,,,0,0,N,0.0,0.0,0.0,,,,,,,,35.94676,-86.81119,False,Crashes_2010_2019_MPO
102392813,2019-05-18,2019,,19.0,,,0,0,N,0.0,0.0,0.0,,,,,,,,36.04679,-86.71343,False,Crashes_2010_2019_MPO
100390446,2013-10-12,2013,,94.0,,,0,0,N,0.0,0.0,0.0,,,,,,,,36.03552,-86.78747,True,Crashes_2010_2019_MPO
101010551,2015-11-16,2015,,94.0,,,0,0,N,0.0,0.0,0.0,,,,,,,,35.96978,-86.72444,True,Crashes_2010_2019_MPO
101724163,2017-08-08,2017,,94.0,,,0,0,N,0.0,0.0,0.0,,,,,,,,35.94683,-86.85172,False,Crashes_2010_2019_MPO
100710180,2014-12-20,2014,,19.0,,,0,1,N,0.0,1.0,0.0,,,,,,,,36.04527,-86.71461,False,Crashes_2010_2019_MPO
101896347,2018-01-25,2018,,19.0,,,0,0,N,0.0,0.0,0.0,,,,,,,,36.04245,-86.71294,False,Crashes_2010_2019_MPO
102505211,2019-09-09,2019,,94.0,,,0,0,N,0.0,0.0,0.0,,,,,,,,35.98547,-86.81764,True,Crashes_2010_2019_MPO
101804225,2017-10-26,2017,,94.0,,,0,0,N,0.0,0.0,0.0,,,,,,,,36.023959,-86.819623,True,Crashes_2010_2019_MPO
102565443,2019-11-11,2019,,94.0,,,0,0,N,0.0,0.0,0.0,,,,,,,,36.02741,-86.82905,True,Crashes_2010_2019_MPO
101158177,2016-04-05,2016,,94.0,,,0,0,N,0.0,0.0,0.0,,,,,,,,35.93331,-86.81492,False,Crashes_2010_2019_MPO
100335743,2013-05-30,2013,,94.0,,,0,0,N,0.0,0.0,0.0,,,,,,,,35.95605,-86.81111,False,Crashes_2010_2019_MPO
101191208,2016-05-10,2016,,94.0,,,0,0,N,0.0,0.0,0.0,,,,,,,,35.95802,-86.80257,False,Crashes_2010_2019_MPO
101753309,2017-08-31,2017,,94.0,,,1,0,N,1.0,0.0,0.0,,,,,,,,35.96697,-86.71019,True,Crashes_2010_2019_MPO