mstrrecnbr,collision_ts,year,county,countystat,crash,crash_type,fatalities,non_motorists,commercial,fatal_c,nonmotor_c,truck_c,fatalc,serious_injuries,ped,bike,lighting,weather,first_harmful_event,latitude,longitude,in_city,src_layer
102206827,2018-11-10,2018,,19.0,,,0,0,N,0.0,0.0,0.0,,,,,,,,36.04636,-86.71338,False,Crashes_2010_2019_MPO
102410791,2019-06-05,2019,,94.0,,,0,0,N,0.0,0.0,0.0,,,,,,,,35.93191,-86.794,False,Crashes_2010_2019_MPO
102381252,2019-05-05,2019,,94.0,,,0,0,N,0.0,0.0,0.0,,,,,,,,35.97716,-86.85404,False,Crashes_2010_2019_MPO
100348731,2013-06-27,2013,,94.0,,,0,0,N,0.0,0.0,0.0,,,,,,,,35.95338,-86.81228,False,Crashes_2010_2019_MPO
100252505,2012-11-13,2012,,94.0,,,0,0,N,0.0,0.0,0.0,,,,,,,,35.97316,-86.83084,True,Crashes_2010_2019_MPO
100858705,2015-06-10,2015,,94.0,,,0,0,N,0.0,0.0,0.0,,,,,,,,36.01239,-86.78486,True,Crashes_2010_2019_MPO
101901866,2018-01-30,2018,,94.0,,,0,0,N,0.0,0.0,0.0,,,,,,,,35.96855,-86.81917,True,Crashes_2010_2019_MPO
102576365,2019-11-22,2019,,94.0,,,0,0,N,0.0,0.0,0.0,,,,,,,,36.0138,-86.86225,False,Crashes_2010_2019_MPO
101036421,2015-11-25,2015,,19.0,,,0,0,N,0.0,0.0,0.0,,,,,,,,36.00739,-86.70287,False,Crashes_2010_2019_MPO
101317549,2016-07-31,2016,,94.0,,,0,0,N,0.0,0.0,0.0,,,,,,,,35.97064,-86.80605,True,Crashes_2010_2019_MPO
100948932,2015-09-11,2015,,19.0,,,0,0,N,0.0,0.0,0.0,,,,,,,,36.03517,-86.76871,False,Crashes_2010_2019_MPO
100773703,2015-03-17,2015,,94.0,,,0,0,N,0.0,0.0,0.0,,,,,,,,36.01913,-86.78673,True,Crashes_2010_2019_MPO
102343863,2019-03-28,2019,,19.0,,,0,0,N,0.0,0.0,0.0,,,,,,,,36.0476,-86.7349,False,Crashes_2010_2019_MPO
100386285,2013-10-02,2013,,19.0,,,0,0,Y,0.0,0.0,1.0,,,,,,,,36.047,-86.71135,False,Crashes_2010_2019_MPO
102002296,2018-05-06,2018,,94.0,,,0,0,N,0.0,0.0,0.0,,,,,,,,35.95263,-86.81795,False,Crashes_2010_2019_MPO
102519474,2019-09-25,2019,,94.0,,,0,0,N,0.0,0.0,0.0,,,,,,,,35.9961,-86.78505,True,Crashes_2010_2019_MPO
101846188,2017-11-30,2017,,94.0,,,0,0,N,0.0,0.0,0.0,,,,,,,,35.96716,-86.81351,True,Crashes_2010_2019_MPO
102367898,2019-04-21,2019,,19.0,,,0,0,N,0.0,0.0,0.0,,,,,,,,35.99687,-86.68989,False,Crashes_2010_2019_MPO
100715316,2014-12-31,2014,,19.0,,,0,0,N,0.0,0.0,0.0,,,,,,,,36.04158,-86.78246,False,Crashes_2010_2019_MPO
102114968,2018-08-18,2018,,94.0,,,0,0,N,0.0,0.0,0.0,,,,,,,,35.95787,-86.81484,False,Crashes_2010_2019_MPO
100193290,2012-06-19,2012,,94.0,,,0,0,N,0.0,0.0,0.0,,,,,,,,36.03642,-86.81069,True,Crashes_2010_2019_MPO
101795166,2017-10-17,2017,,19.0,,,0,0,N,0.0,0.0,0.0,,,,,,,,35.99606,-86.69071,False,Crashes_2010_2019_MPO
101939689,2018-03-10,2018,,94.0,,,0,0,N,0.0,0.0,0.0,,,,,,,,35.96681,-86.81119,True,Crashes_2010_2019_MPO
101571295,2017-03-03,2017,,94.0,,,0,0,N,0.0,0.0,0.0,,,,,,,,35.95842,-86.80311,False,Crashes_2010_2019_MPO
100678727,2014-11-11,2014,,94.0,,,0,0,N,0.0,0.0,0.0,,,,,,,,35.9647,-86.81428,False,Crashes_2010_2019_MPO
100261944,2012-12-05,2012,,94.0,,,0,0,N,0.0,0.0,0.0,,,,,,,,35.93777,-86.70893,False,Crashes_2010_2019_MPO
101906088,2018-02-03,2018,,94.0,,,0,0,N,0.0,0.0,0.0,,,,,,,,36.03428,-86.78337,True,Crashes_2010_2019_MPO
102217371,2018-11-16,2018,,94.0,,,0,0,N,0.0,0.0,0.0,,,,,,,,35.93374,-86.81767,False,Crashes_2010_2019_MPO
102387968,2019-05-13,2019,,94.0,,,0,0,N,0.0,0.0,0.0,,,,,,,,35.93541,-86.82372,False,Crashes_2010_2019_MPO
100272526,2012-12-28,2012,,94.0,,,0,0,N,0.0,0.0,0.0,,,,,,,,35.9572,-86.81647,False,Crashes_2010_2019_MPO
100877975,2015-06-28,2015,,94.0,,,0,0,N,0.0,0.0,0.0,,,,,,,,35.99551,-86.77889,True,Crashes_2010_2019_MPO
101802562,2017-10-24,2017,,94.0,,,0,0,N,0.0,0.0,0.0,,,,,,,,35.97305,-86.80521,True,Crashes_2010_2019_MPO
100797769,2015-03-26,2015,,19.0,,,0,0,N,0.0,0.0,0.0,,,,,,,,36.04047,-86.78035,False,Crashes_2010_2019_MPO
101803162,2017-10-25,2017,,94.0,,,0,0,N,0.0,0.0,0.0,,,,,,,,36.03586,-86.78728,True,Crashes_2010_2019_MPO
100739043,2015-02-18,2015,,19.0,,,0,0,N,0.0,0.0,0.0,,,,,,,,36.04304,-86.76203,False,Crashes_2010_2019_MPO
101196093,2016-05-16,2016,,94.0,,,0,0,N,0.0,0.0,0.0,,,,,,,,35.94722,-86.82087,False,Crashes_2010_2019_MPO
101635586,2017-05-05,2017,,94.0,,,0,0,N,0.0,0.0,0.0,,,,,,,,35.94702,-86.82187,False,Crashes_2010_2019_MPO
101046430,2015-12-09,2015,,94.0,,,0,0,N,0.0,0.0,0.0,,,,,,,,35.96716,-86.81351,True,Crashes_2010_2019_MPO
102321645,2019-03-05,2019,,94.0,,,0,0,N,0.0,0.0,0.0,,,,,,,,35.99824,-86.75796,True,Crashes_2010_2019_MPO
100190504,2012-06-11,2012,,94.0,,,0,0,N,0.0,0.0,0.0,,,,,,,,36.01363,-86.77868,True,Crashes_2010_2019_MPO
100397594,2013-10-29,2013,,94.0,,,0,0,N,0.0,0.0,0.0,,,,,,,,35.96358,-86.83931,False,Crashes_2010_2019_MPO
100181926,2012-05-17,2012,,94.0,,,0,0,N,0.0,0.0,0.0,,,,,,,,35.96386,-86.8004,True,Crashes_2010_2019_MPO
101539470,2017-01-30,2017,,19.0,,,0,0,N,0.0,0.0,0.0,,,,,,,,35.99389,-86.686,False,Crashes_2010_2019_MPO
101459663,2016-11-25,2016,,94.0,,,0,0,N,0.0,0.0,0.0,,,,,,,,35.96653,-86.80933,True,Crashes_2010_2019_MPO
100613297,2014-09-01,2014,,94.0,,,0,0,N,0.0,0.0,0.0,,,,,,,,35.92635,-86.82451,False,Crashes_2010_2019_MPO
101323405,2016-08-08,2016,,19.0,,,0,0,N,0.0,0.0,0.0,,,,,,,,36.04681,-86.71343,False,Crashes_2010_2019_MPO
100507233,2014-05-10,2014,,94.0,,,0,0,N,0.0,0.0,0.0,,,,,,,,35.92456,-86.87028,False,Crashes_2010_2019_MPO
102053987,2018-06-25,2018,,19.0,,,0,0,N,0.0,0.0,0.0,,,,,,,,36.03738,-86.78679,False,Crashes_2010_2019_MPO
101880356,2018-01-04,2018,,94.0,,,0,0,N,0.0,0.0,0.0,,,,,,,,35.97878,-86.75282,True,Crashes_2010_2019_MPO
100191025,2012-06-13,2012,,94.0,,,0,0,N,0.0,0.0,0.0,,,,,,,,35.98866,-86.7778,True,Crashes_2010_2019_MPO
102368931,2019-04-22,2019,,19.0,,,0,0,N,0.0,0.0,0.0,,,,,,,,36.04538,-86.71313,False,Crashes_2010_2019_MPO
101438782,2016-11-13,2016,,19.0,,,0,0,N,0.0,0.0,0.0,,,,,,,,36.04643,-86.71339,False,Crashes_2010_2019_MPO
102210224,2018-11-13,2018,,19.0,,,0,0,N,0.0,0.0,0.0,,,,,,,,36.04034,-86.81664,False,Crashes_2010_2019_MPO
102156086,2018-09-24,2018,,19.0,,,0,0,N,0.0,0.0,0.0,,,,,,,,36.04108,-86.77569,False,Crashes_2010_2019_MPO
101855822,2017-12-12,2017,,94.0,,,0,0,N,0.0,0.0,0.0,,,,,,,,35.95782,-86.80258,False,Crashes_2010_2019_MPO
101629983,2017-04-25,2017,,19.0,,,0,0,N,0.0,0.0,0.0,,,,,,,,36.02667,-86.8782,False,Crashes_2010_2019_MPO
101623153,2017-04-23,2017,,19.0,,,0,0,N,0.0,0.0,0.0,,,,,,,,36.04104,-86.78264,False,Crashes_2010_2019_MPO
101731999,2017-08-15,2017,,94.0,,,0,0,N,0.0,0.0,0.0,,,,,,,,35.966789,-86.809202,True,Crashes_2010_2019_MPO
100803357,2015-04-06,2015,,19.0,,,0,0,N,0.0,0.0,0.0,,,,,,,,36.05477,-86.6791,False,Crashes_2010_2019_MPO
101982691,2018-04-19,2018,,19.0,,,0,0,N,0.0,0.0,0.0,,,,,,,,36.01236,-86.69335,False,Crashes_2010_2019_MPO
102142010,2018-09-11,2018,,19.0,,,0,0,N,0.0,0.0,0.0,,,,,,,,36.04539,-86.70307,False,Crashes_2010_2019_MPO
102496544,2019-09-02,2019,,19.0,,,0,0,N,0.0,0.0,0.0,,,,,,,,36.04553,-86.71156,False,Crashes_2010_2019_MPO
102243546,2018-12-12,2018,,94.0,,,0,0,N,0.0,0.0,0.0,,,,,,,,35.9463,-86.8085,False,Crashes_2010_2019_MPO
101185170,2016-05-01,2016,,19.0,,,0,0,N,0.0,0.0,0.0,,,,,,,,36.01433,-86.70496,False,Crashes_2010_2019_MPO
100878950,2015-06-30,2015,,94.0,,,0,0,N,0.0,0.0,0.0,,,,,,,,36.02771,-86.79184,True,Crashes_2010_2019_MPO
100196014,2012-06-28,2012,,94.0,,,0,0,Y,0.0,0.0,1.0,,,,,,,,35.96665,-86.80941,True,Crashes_2010_2019_MPO
102131444,2018-09-02,2018,,19.0,,,0,0,N,0.0,0.0,0.0,,,,,,,,36.0389,-86.67744,False,Crashes_2010_2019_MPO
100997547,2015-10-27,2015,,94.0,,,0,0,N,0.0,0.0,0.0,,,,,,,,35.95657,-86.83812,False,Crashes_2010_2019_MPO
102575760,2019-11-22,2019,,19.0,,,0,0,N,0.0,0.0,0.0,,,,,,,,36.03791,-86.78462,False,Crashes_2010_2019_MPO
102010852,2018-05-14,2018,,19.0,,,0,0,N,0.0,0.0,0.0,,,,,,,,36.02406,-86.7396,False,Crashes_2010_2019_MPO
101277933,2016-07-01,2016,,94.0,,,0,0,N,0.0,0.0,0.0,,,,,,,,35.94563,-86.82719,False,Crashes_2010_2019_MPO
102359054,2019-04-08,2019,,19.0,,,0,0,N,0.0,0.0,0.0,,,,,,,,36.03971,-86.75889,False,Crashes_2010_2019_MPO
101937988,2018-03-08,2018,,94.0,,,0,0,N,0.0,0.0,0.0,,,,,,,,35.96519,-86.80025,True,Crashes_2010_2019_MPO
101493904,2017-01-02,2017,,94.0,,,0,0,N,0.0,0.0,0.0,,,,,,,,35.99355,-86.78745,True,Crashes_2010_2019_MPO
102442663,2019-07-09,2019,,94.0,,,0,0,N,0.0,0.0,0.0,,,,,,,,35.96887,-86.67777,False,Crashes_2010_2019_MPO
101931974,2018-03-02,2018,,94.0,,,0,0,N,0.0,0.0,0.0,,,,,,,,35.93666,-86.81503,False,Crashes_2010_2019_MPO
100808562,2015-04-15,2015,,94.0,,,0,0,N,0.0,0.0,0.0,,,,,,,,35.92406,-86.87131,False,Crashes_2010_2019_MPO
101980640,2018-04-13,2018,,94.0,,,0,0,N,0.0,0.0,0.0,,,,,,,,36.01719,-86.78643,True,Crashes_2010_2019_MPO
100724516,2015-01-19,2015,,94.0,,,0,0,N,0.0,0.0,0.0,,,,,,,,35.95877,-86.80215,False,Crashes_2010_2019_MPO
101700098,2017-07-12,2017,,94.0,,,0,0,N,0.0,0.0,0.0,,,,,,,,35.96552,-86.81406,False,Crashes_2010_2019_MPO
100548691,2014-06-08,2014,,94.0,,,0,0,N,0.0,0.0,0.0,,,,,,,,35.99004,-86.74527,True,Crashes_2010_2019_MPO
101394078,2016-10-01,2016,,94.0,,,0,0,N,0.0,0.0,0.0,,,,,,,,35.94429,-86.81993,False,Crashes_2010_2019_MPO
100734058,2015-02-08,2015,,94.0,,,0,0,N,0.0,0.0,0.0,,,,,,,,36.01035,-86.78539,True,Crashes_2010_2019_MPO
101911953,2018-02-09,2018,,94.0,,,0,0,N,0.0,0.0,0.0,,,,,,,,35.9462,-86.80876,False,Crashes_2010_2019_MPO
10384594,2011-05-19,2011,,19.0,,,0,0, ,0.0,0.0,0.0,,,,,,,,36.013771,-86.701801,False,Crashes_2010_2019_MPO
102013843,2018-05-17,2018,,19.0,,,0,0,N,0.0,0.0,0.0,,,,,,,,36.03066,-86.78358,True,Crashes_2010_2019_MPO
101615962,2017-04-14,2017,,94.0,,,0,0,N,0.0,0.0,0.0,,,,,,,,35.9324,-86.86254,False,Crashes_2010_2019_MPO
101727668,2017-08-10,2017,,94.0,,,0,0,N,0.0,0.0,0.0,,,,,,,,36.01923,-86.78676,True,Crashes_2010_2019_MPO
102501266,2019-09-06,2019,,19.0,,,0,0,N,0.0,0.0,0.0,,,,,,,,36.04544,-86.71248,False,Crashes_2010_2019_MPO
100162296,2012-03-26,2012,,94.0,,,0,0,N,0.0,0.0,0.0,,,,,,,,35.96486,-86.82216,True,Crashes_2010_2019_MPO
100832411,2015-05-07,2015,,19.0,,,0,0,N,0.0,0.0,0.0,,,,,,,,36.04101,-86.74623,False,Crashes_2010_2019_MPO
102106233,2018-08-10,2018,,94.0,,,0,0,N,0.0,0.0,0.0,,,,,,,,35.96532,-86.70293,False,Crashes_2010_2019_MPO
100631318,2014-09-20,2014,,19.0,,,0,0,N,0.0,0.0,0.0,,,,,,,,36.03735,-86.78656,False,Crashes_2010_2019_MPO
100549003,2014-06-09,2014,,19.0,,,0,0,N,0.0,0.0,0.0,,,,,,,,36.03322,-86.78532,True,Crashes_2010_2019_MPO
101965020,2018-04-03,2018,,19.0,,,0,0,N,0.0,0.0,0.0,,,,,,,,36.03562,-86.78321,False,Crashes_2010_2019_MPO
100872673,2015-06-18,2015,,94.0,,,0,0,N,0.0,0.0,0.0,,,,,,,,35.96687,-86.81113,True,Crashes_2010_2019_MPO
100799763,2015-03-30,2015,,19.0,,,0,0,N,0.0,0.0,0.0,,,,,,,,36.03485,-86.7071,False,Crashes_2010_2019_MPO
102048653,2018-06-20,2018,,19.0,,,0,0,N,0.0,0.0,0.0,,,,,,,,36.0417,-86.74862,False,Crashes_2010_2019_MPO
101625020,2017-04-25,2017,,19.0,,,0,0,N,0.0,0.0,0.0,,,,,,,,36.03826,-86.78366,False,Crashes_2010_2019_MPO
102068762,2018-07-09,2018,,19.0,,,0,0,N,0.0,0.0,0.0,,,,,,,,36.04703,-86.71346,False,Crashes_2010_2019_MPO
102517820,2019-09-23,2019,,19.0,,,0,0,N,0.0,0.0,0.0,,,,,,,,36.0326,-86.76927,False,Crashes_2010_2019_MPO
102322939,2019-03-06,2019,,94.0,,,0,0,N,0.0,0.0,0.0,,,,,,,,35.94765,-86.81971,False,Crashes_2010_2019_MPO
101806449,2017-10-27,2017,,94.0,,,0,0,N,0.0,0.0,0.0,,,,,,,,36.01575,-86.82116,True,Crashes_2010_2019_MPO
101583851,2017-03-15,2017,,94.0,,,0,0,N,0.0,0.0,0.0,,,,,,,,35.969243,-86.807047,True,Crashes_2010_2019_MPO
101924887,2018-02-23,2018,,94.0,,,0,0,N,0.0,0.0,0.0,,,,,,,,35.9477,-86.81954,False,Crashes_2010_2019_MPO
100421574,2013-12-18,2013,,94.0,,,0,0,N,0.0,0.0,0.0,,,,,,,,35.97372,-86.83427,False,Crashes_2010_2019_MPO
102585964,2019-12-02,2019,,94.0,,,0,0,N,0.0,0.0,0.0,,,,,,,,35.94687,-86.85168,False,Crashes_2010_2019_MPO
100663365,2014-11-01,2014,,19.0,,,0,0,N,0.0,0.0,0.0,,,,,,,,36.04528,-86.71457,False,Crashes_2010_2019_MPO
100631261,2014-09-19,2014,,19.0,,,0,0,N,0.0,0.0,0.0,,,,,,,,36.03753,-86.78515,False,Crashes_2010_2019_MPO
101785613,2017-10-08,2017,,19.0,,,0,0,N,0.0,0.0,0.0,,,,,,,,36.0397,-86.75982,False,Crashes_2010_2019_MPO
101776783,2017-09-30,2017,,94.0,,,0,0,N,0.0,0.0,0.0,,,,,,,,35.95689,-86.80329,False,Crashes_2010_2019_MPO
100731124,2015-01-29,2015,,94.0,,,0,0,N,0.0,0.0,0.0,,,,,,,,35.93264,-86.87811,False,Crashes_2010_2019_MPO
102525514,2019-09-30,2019,,94.0,,,0,0,N,0.0,0.0,0.0,,,,,,,,35.95035,-86.81872,False,Crashes_2010_2019_MPO
101531167,2017-01-21,2017,,94.0,,,0,0,N,0.0,0.0,0.0,,,,,,,,35.95774,-86.80261,False,Crashes_2010_2019_MPO
101808613,2017-10-30,2017,,94.0,,,0,0,N,0.0,0.0,0.0,,,,,,,,35.93374,-86.81767,False,Crashes_2010_2019_MPO
101739170,2017-08-23,2017,,19.0,,,0,0,N,0.0,0.0,0.0,,,,,,,,36.0453,-86.70168,False,Crashes_2010_2019_MPO
101533564,2017-01-24,2017,,19.0,,,0,0,N,0.0,0.0,0.0,,,,,,,,36.04122,-86.77096,False,Crashes_2010_2019_MPO
900131064,2011-03-02,2011,,94.0,,,0,0, ,0.0,0.0,0.0,,,,,,,,35.996803,-86.828217,True,Crashes_2010_2019_MPO
101394609,2016-10-02,2016,,94.0,,,0,0,N,0.0,0.0,0.0,,,,,,,,35.98439,-86.72434,True,Crashes_2010_2019_MPO
101653617,2017-05-24,2017,,94.0,,,0,0,N,0.0,0.0,0.0,,,,,,,,35.96798,-86.81833,True,Crashes_2010_2019_MPO
102179820,2018-10-16,2018,,19.0,,,0,0,N,0.0,0.0,0.0,,,,,,,,36.04561,-86.71977,False,Crashes_2010_2019_MPO
100427499,2014-01-05,2014,,94.0,,,0,0,N,0.0,0.0,0.0,,,,,,,,35.96793,-86.83743,False,Crashes_2010_2019_MPO
100228174,2012-09-17,2012,,94.0,,,0,0,N,0.0,0.0,0.0,,,,,,,,35.97102,-86.72644,True,Crashes_2010_2019_MPO
101271229,2016-06-23,2016,,94.0,,,0,0,N,0.0,0.0,0.0,,,,,,,,36.02844,-86.79142,True,Crashes_2010_2019_MPO
100721893,2015-01-12,2015,,94.0,,,0,0,Y,0.0,0.0,1.0,,,,,,,,35.99417,-86.79815,True,Crashes_2010_2019_MPO
101497689,2017-01-06,2017,,19.0,,,0,0,N,0.0,0.0,0.0,,,,,,,,36.04598,-86.72525,False,Crashes_2010_2019_MPO
101577301,2017-03-06,2017,,94.0,,,0,0,N,0.0,0.0,0.0,,,,,,,,35.99929,-86.85561,False,Crashes_2010_2019_MPO
102049437,2018-06-18,2018,,94.0,,,0,0,N,0.0,0.0,0.0,,,,,,,,35.93411,-86.8597,False,Crashes_2010_2019_MPO
101042176,2015-12-03,2015,,19.0,,,0,0,N,0.0,0.0,0.0,,,,,,,,36.03552,-86.783,False,Crashes_2010_2019_MPO
100861515,2015-06-16,2015,,19.0,,,0,0,N,0.0,0.0,0.0,,,,,,,,36.04545,-86.7036,False,Crashes_2010_2019_MPO
101285199,2016-07-12,2016,,19.0,,,0,0,N,0.0,0.0,0.0,,,,,,,,36.03913,-86.78184,False,Crashes_2010_2019_MPO
101122373,2016-02-25,2016,,94.0,,,0,0,N,0.0,0.0,0.0,,,,,,,,35.95071,-86.81871,False,Crashes_2010_2019_MPO
102396503,2019-05-19,2019,,19.0,,,0,0,N,0.0,0.0,0.0,,,,,,,,36.02306,-86.71103,False,Crashes_2010_2019_MPO
100661761,2014-10-30,2014,,94.0,,,0,0,N,0.0,0.0,0.0,,,,,,,,36.03612,-86.78713,True,Crashes_2010_2019_MPO
101701594,2017-07-14,2017,,19.0,,,0,0,N,0.0,0.0,0.0,,,,,,,,36.03465,-86.7831,True,Crashes_2010_2019_MPO
100397084,2013-10-28,2013,,94.0,,,0,0,Y,0.0,0.0,1.0,,,,,,,,35.96689,-86.81126,True,Crashes_2010_2019_MPO
101576420,2017-03-08,2017,,19.0,,,0,0,N,0.0,0.0,0.0,,,,,,,,36.04575,-86.77817,False,Crashes_2010_2019_MPO
101008015,2015-11-11,2015,,19.0,,,0,0,N,0.0,0.0,0.0,,,,,,,,36.03934,-86.78566,False,Crashes_2010_2019_MPO
102345128,2019-03-30,2019,,19.0,,,0,0,N,0.0,0.0,0.0,,,,,,,,36.03977,-86.75418,False,Crashes_2010_2019_MPO
100637176,2014-10-02,2014,,94.0,,,0,0,N,0.0,0.0,0.0,,,,,,,,36.00135,-86.79405,True,Crashes_2010_2019_MPO
101782549,2017-10-05,2017,,19.0,,,0,0,N,0.0,0.0,0.0,,,,,,,,36.04371,-86.84473,False,Crashes_2010_2019_MPO
101467217,2016-12-04,2016,,19.0,,,0,0,N,0.0,0.0,0.0,,,,,,,,36.03897,-86.7828,False,Crashes_2010_2019_MPO
101620394,2017-04-20,2017,,19.0,,,0,0,N,0.0,0.0,0.0,,,,,,,,36.0409,-86.77938,False,Crashes_2010_2019_MPO
101982886,2018-04-19,2018,,94.0,,,0,0,N,0.0,0.0,0.0,,,,,,,,35.97334,-86.83305,True,Crashes_2010_2019_MPO
101598225,2017-03-30,2017,,94.0,,,0,0,N,0.0,0.0,0.0,,,,,,,,35.99671,-86.79043,True,Crashes_2010_2019_MPO
102011946,2018-05-15,2018,,19.0,,,0,0,N,0.0,0.0,0.0,,,,,,,,36.04605,-86.69236,False,Crashes_2010_2019_MPO
100678592,2014-11-06,2014,,94.0,,,0,0,N,0.0,0.0,0.0,,,,,,,,35.94612,-86.80858,False,Crashes_2010_2019_MPO
100753495,2015-02-26,2015,,19.0,,,0,0,N,0.0,0.0,0.0,,,,,,,,36.04001,-86.74349,False,Crashes_2010_2019_MPO
100318344,2013-04-19,2013,,19.0,,,0,1,N,0.0,1.0,0.0,,,,,,,,36.04663,-86.71437,False,Crashes_2010_2019_MPO
101626571,2017-04-27,2017,,94.0,,,0,0,N,0.0,0.0,0.0,,,,,,,,35.99101,-86.799,True,Crashes_2010_2019_MPO
100663544,2014-11-02,2014,,19.0,,,0,0,N,0.0,0.0,0.0,,,,,,,,36.04697,-86.68013,False,Crashes_2010_2019_MPO
101489260,2016-12-28,2016,,19.0,,,0,0,N,0.0,0.0,0.0,,,,,,,,36.04012,-86.78074,False,Crashes_2010_2019_MPO
102306859,2019-02-15,2019,,94.0,,,0,0,N,0.0,0.0,0.0,,,,,,,,35.96433,-86.73277,True,Crashes_2010_2019_MPO
101862154,2017-12-18,2017,,94.0,,,0,0,N,0.0,0.0,0.0,,,,,,,,35.93446,-86.81991,False,Crashes_2010_2019_MPO
101540181,2017-01-31,2017,,19.0,,,0,0,N,0.0,0.0,0.0,,,,,,,,36.0455,-86.70467,False,Crashes_2010_2019_MPO
101005300,2015-11-08,2015,,19.0,,,0,0,N,0.0,0.0,0.0,,,,,,,,36.03352,-86.71298,False,Crashes_2010_2019_MPO
102204705,2018-11-08,2018,,94.0,,,0,0,N,0.0,0.0,0.0,,,,,,,,36.02774,-86.87717,False,Crashes_2010_2019_MPO
100589182,2014-07-30,2014,,94.0,,,0,0,N,0.0,0.0,0.0,,,,,,,,35.99735,-86.79489,True,Crashes_2010_2019_MPO
102296950,2019-02-02,2019,,94.0,,,0,0,N,0.0,0.0,0.0,,,,,,,,35.96181,-86.81433,False,Crashes_2010_2019_MPO
100267624,2012-12-17,2012,,94.0,,,0,0,N,0.0,0.0,0.0,,,,,,,,36.01689,-86.78609,True,Crashes_2010_2019_MPO
100709053,2014-12-18,2014,,94.0,,,0,0,N,0.0,0.0,0.0,,,,,,,,35.9455,-86.80504,False,Crashes_2010_2019_MPO
102572264,2019-11-18,2019,,19.0,,,0,0,N,0.0,0.0,0.0,,,,,,,,36.04129,-86.82212,False,Crashes_2010_2019_MPO
100314779,2013-04-11,2013,,94.0,,,0,0,N,0.0,0.0,0.0,,,,,,,,35.94972,-86.86476,False,Crashes_2010_2019_MPO
102347168,2019-04-01,2019,,94.0,,,0,0,N,0.0,0.0,0.0,,,,,,,,35.971,-86.77404,True,Crashes_2010_2019_MPO
101699575,2017-07-13,2017,,94.0,,,0,0,N,0.0,0.0,0.0,,,,,,,,35.93287,-86.78346,False,Crashes_2010_2019_MPO
101283078,2016-07-10,2016,,19.0,,,0,0,N,0.0,0.0,0.0,,,,,,,,36.03886,-86.80933,False,Crashes_2010_2019_MPO
102480318,2019-08-17,2019,,19.0,,,0,0,N,0.0,0.0,0.0,,,,,,,,35.99649,-86.68934,False,Crashes_2010_2019_MPO
102279008,2019-01-15,2019,,94.0,,,0,0,N,0.0,0.0,0.0,,,,,,,,35.99749,-86.797,True,Crashes_2010_2019_MPO
101655598,2017-05-26,2017,,94.0,,,0,0,N,0.0,0.0,0.0,,,,,,,,35.92384,-86.86975,False,Crashes_2010_2019_MPO
102495087,2019-09-01,2019,,94.0,,,0,0,N,0.0,0.0,0.0,,,,,,,,36.02614,-86.78508,True,Crashes_2010_2019_MPO
100573428,2014-07-15,2014,,94.0,,,0,0,N,0.0,0.0,0.0,,,,,,,,36.03614,-86.79516,True,Crashes_2010_2019_MPO
100417001,2013-12-10,2013,,94.0,,,0,0,N,0.0,0.0,0.0,,,,,,,,35.92368,-86.82238,False,Crashes_2010_2019_MPO
101932835,2018-03-03,2018,,19.0,,,0,0,N,0.0,0.0,0.0,,,,,,,,36.04965,-86.6781,False,Crashes_2010_2019_MPO
102552433,2019-10-29,2019,,94.0,,,0,0,N,0.0,0.0,0.0,,,,,,,,35.9919,-86.79869,True,Crashes_2010_2019_MPO
102285142,2019-01-23,2019,,94.0,,,0,0,N,0.0,0.0,0.0,,,,,,,,35.99174,-86.79875,True,Crashes_2010_2019_MPO
101674054,2017-06-15,2017,,94.0,,,0,0,N,0.0,0.0,0.0,,,,,,,,35.95237,-86.81973,False,Crashes_2010_2019_MPO
100881362,2015-07-04,2015,,94.0,,,0,0,N,0.0,0.0,0.0,,,,,,,,35.94686,-86.85162,False,Crashes_2010_2019_MPO
101422847,2016-10-25,2016,,19.0,,,0,0,N,0.0,0.0,0.0,,,,,,,,36.04956,-86.71382,False,Crashes_2010_2019_MPO
101195295,2016-05-12,2016,,94.0,,,0,0,N,0.0,0.0,0.0,,,,,,,,35.96681,-86.81119,True,Crashes_2010_2019_MPO
100325480,2013-05-06,2013,,94.0,,,0,0,N,0.0,0.0,0.0,,,,,,,,35.94657,-86.81977,False,Crashes_2010_2019_MPO
101654335,2017-05-25,2017,,94.0,,,0,0,N,0.0,0.0,0.0,,,,,,,,35.92553,-86.86825,False,Crashes_2010_2019_MPO
102525289,2019-09-29,2019,,19.0,,,1,1,N,1.0,1.0,0.0,,,,,,,,36.04605,-86.71334,False,Crashes_2010_2019_MPO
100585622,2014-07-17,2014,,94.0,,,0,0,N,0.0,0.0,0.0,,,,,,,,35.95088,-86.80675,False,Crashes_2010_2019_MPO
102264246,2019-01-02,2019,,19.0,,,0,0,N,0.0,0.0,0.0,,,,,,,,36.04043,-86.74536,False,Crashes_2010_2019_MPO
101107036,2016-02-15,2016,,94.0,,,0,0,N,0.0,0.0,0.0,,,,,,,,35.94706,-86.82182,False,Crashes_2010_2019_MPO
102537568,2019-10-14,2019,,19.0,,,0,0,N,0.0,0.0,0.0,,,,,,,,36.0374,-86.78657,False,Crashes_2010_2019_MPO
101568623,2017-02-28,2017,,94.0,,,0,0,N,0.0,0.0,0.0,,,,,,,,36.0357,-86.78737,True,Crashes_2010_2019_MPO
100486139,2014-04-14,2014,,94.0,,,0,0,N,0.0,0.0,0.0,,,,,,,,35.93063,-86.86387,False,Crashes_2010_2019_MPO
100980650,2015-10-17,2015,,94.0,,,0,0,N,0.0,0.0,0.0,,,,,,,,35.9774,-86.77677,True,Crashes_2010_2019_MPO
101093982,2016-01-26,2016,,19.0,,,0,0,N,0.0,0.0,0.0,,,,,,,,36.04063,-86.77142,False,Crashes_2010_2019_MPO
102284109,2019-01-22,2019,,94.0,,,0,0,N,0.0,0.0,0.0,,,,,,,,35.96012,-86.87553,False,Crashes_2010_2019_MPO