mstrrecnbr,collision_ts,year,county,countystat,crash,crash_type,fatalities,non_motorists,commercial,fatal_c,nonmotor_c,truck_c,fatalc,serious_injuries,ped,bike,lighting,weather,first_harmful_event,latitude,longitude,in_city,src_layer
100612122,2014-08-29,2014,,94.0,,,0,0,N,0.0,0.0,0.0,,,,,,,,35.93759,-86.8789,False,Crashes_2010_2019_MPO
101865812,2017-12-21,2017,,94.0,,,0,0,N,0.0,0.0,0.0,,,,,,,,36.03473,-86.78793,True,Crashes_2010_2019_MPO
101906764,2018-02-04,2018,,19.0,,,0,0,N,0.0,0.0,0.0,,,,,,,,35.99961,-86.69362,False,Crashes_2010_2019_MPO
100332427,2013-05-21,2013,,94.0,,,0,0,N,0.0,0.0,0.0,,,,,,,,35.9464,-86.85021,False,Crashes_2010_2019_MPO
102228165,2018-11-29,2018,,19.0,,,0,0,N,0.0,0.0,0.0,,,,,,,,36.04769,-86.86241,False,Crashes_2010_2019_MPO
101283925,2016-07-11,2016,,19.0,,,0,0,N,0.0,0.0,0.0,,,,,,,,36.04526,-86.71704,False,Crashes_2010_2019_MPO
102013715,2018-05-09,2018,,94.0,,,0,0,N,0.0,0.0,0.0,,,,,,,,35.98054,-86.78593,True,Crashes_2010_2019_MPO
101241042,2016-06-07,2016,,94.0,,,0,0,N,0.0,0.0,0.0,,,,,,,,35.95433,-86.81614,False,Crashes_2010_2019_MPO
101064991,2015-12-22,2015,,94.0,,,0,0,N,0.0,0.0,0.0,,,,,,,,35.97025,-86.80905,True,Crashes_2010_2019_MPO
102235955,2018-12-05,2018,,94.0,,,0,0,N,0.0,0.0,0.0,,,,,,,,35.95102,-86.81851,False,Crashes_2010_2019_MPO
102439564,2019-07-06,2019,,19.0,,,0,0,N,0.0,0.0,0.0,,,,,,,,36.0402,-86.7806,False,Crashes_2010_2019_MPO
102394740,2019-05-20,2019,,94.0,,,0,0,N,0.0,0.0,0.0,,,,,,,,35.95411,-86.80424,False,Crashes_2010_2019_MPO
101659829,2017-05-30,2017,,94.0,,,0,0,N,0.0,0.0,0.0,,,,,,,,35.93882,-86.68523,False,Crashes_2010_2019_MPO
101729212,2017-08-11,2017,,94.0,,,0,0,N,0.0,0.0,0.0,,,,,,,,35.96065,-86.82985,False,Crashes_2010_2019_MPO
101189637,2016-05-02,2016,,94.0,,,0,0,N,0.0,0.0,0.0,,,,,,,,36.034977,-86.78733,True,Crashes_2010_2019_MPO
101423535,2016-10-26,2016,,94.0,,,0,0,N,0.0,0.0,0.0,,,,,,,,35.93259,-86.84092,False,Crashes_2010_2019_MPO
100713764,2014-12-27,2014,,19.0,,,0,0,N,0.0,0.0,0.0,,,,,,,,36.04576,-86.72533,False,Crashes_2010_2019_MPO
102204955,2018-11-08,2018,,94.0,,,0,0,N,0.0,0.0,0.0,,,,,,,,35.94782,-86.81975,False,Crashes_2010_2019_MPO
101280005,2016-07-05,2016,,19.0,,,0,0,N,0.0,0.0,0.0,,,,,,,,36.04495,-86.69645,False,Crashes_2010_2019_MPO
100751202,2015-02-21,2015,,19.0,,,0,0,N,0.0,0.0,0.0,,,,,,,,36.03461,-86.72507,False,Crashes_2010_2019_MPO
102451768,2019-07-18,2019,,94.0,,,0,0,N,0.0,0.0,0.0,,,,,,,,35.96686,-86.81232,True,Crashes_2010_2019_MPO
101811132,2017-11-01,2017,,19.0,,,0,0,N,0.0,0.0,0.0,,,,,,,,36.04646,-86.71339,False,Crashes_2010_2019_MPO
101958296,2018-03-28,2018,,19.0,,,0,0,N,0.0,0.0,0.0,,,,,,,,36.03446,-86.78335,True,Crashes_2010_2019_MPO
101898803,2018-01-27,2018,,94.0,,,0,0,N,0.0,0.0,0.0,,,,,,,,36.01399,-86.79998,True,Crashes_2010_2019_MPO
100244927,2012-10-29,2012,,94.0,,,0,0,N,0.0,0.0,0.0,,,,,,,,36.03642,-86.81069,True,Crashes_2010_2019_MPO
100404047,2013-11-12,2013,,94.0,,,0,0,N,0.0,0.0,0.0,,,,,,,,35.92947,-86.84135,False,Crashes_2010_2019_MPO
101974306,2018-04-11,2018,,94.0,,,0,0,N,0.0,0.0,0.0,,,,,,,,35.99849,-86.80467,True,Crashes_2010_2019_MPO
100951722,2015-09-16,2015,,94.0,,,0,0,N,0.0,0.0,0.0,,,,,,,,35.92508,-86.87351,False,Crashes_2010_2019_MPO
101826072,2017-11-15,2017,,19.0,,,0,0,N,0.0,0.0,0.0,,,,,,,,36.04519,-86.70004,False,Crashes_2010_2019_MPO
102312130,2019-02-21,2019,,19.0,,,0,0,N,0.0,0.0,0.0,,,,,,,,36.04999,-86.70301,False,Crashes_2010_2019_MPO
101130633,2016-03-09,2016,,94.0,,,0,0,N,0.0,0.0,0.0,,,,,,,,35.97528,-86.80469,True,Crashes_2010_2019_MPO
100752148,2015-02-23,2015,,94.0,,,0,0,N,0.0,0.0,0.0,,,,,,,,35.97031,-86.77396,True,Crashes_2010_2019_MPO
101603492,2017-04-04,2017,,19.0,,,0,0,N,0.0,0.0,0.0,,,,,,,,36.05481,-86.72874,False,Crashes_2010_2019_MPO
100829469,2015-05-06,2015,,19.0,,,0,0,N,0.0,0.0,0.0,,,,,,,,36.04551,-86.71202,False,Crashes_2010_2019_MPO
101715195,2017-07-29,2017,,94.0,,,0,0,N,0.0,0.0,0.0,,,,,,,,35.96534,-86.81145,False,Crashes_2010_2019_MPO
101759220,2017-09-13,2017,,94.0,,,0,0,N,0.0,0.0,0.0,,,,,,,,35.99238,-86.79853,True,Crashes_2010_2019_MPO
101667399,2017-06-07,2017,,94.0,,,0,0,N,0.0,0.0,0.0,,,,,,,,35.96133,-86.81226,False,Crashes_2010_2019_MPO
101691294,2017-07-02,2017,,19.0,,,0,0,N,0.0,0.0,0.0,,,,,,,,36.04899,-86.71628,False,Crashes_2010_2019_MPO
100179341,2012-05-10,2012,,94.0,,,0,0,N,0.0,0.0,0.0,,,,,,,,35.93815,-86.68722,False,Crashes_2010_2019_MPO
101422065,2016-10-24,2016,,19.0,,,0,0,N,0.0,0.0,0.0,,,,,,,,36.04471,-86.69493,False,Crashes_2010_2019_MPO
101037269,2015-11-26,2015,,94.0,,,0,0,N,0.0,0.0,0.0,,,,,,,,35.9663,-86.8138,False,Crashes_2010_2019_MPO
101905660,2018-02-03,2018,,94.0,,,0,0,N,0.0,0.0,0.0,,,,,,,,35.94278,-86.81883,False,Crashes_2010_2019_MPO
100185803,2012-05-29,2012,,94.0,,,0,0,N,0.0,0.0,0.0,,,,,,,,35.96684,-86.81206,True,Crashes_2010_2019_MPO
102611867,2019-12-31,2019,,94.0,,,0,0,N,0.0,0.0,0.0,,,,,,,,35.99812,-86.7989,True,Crashes_2010_2019_MPO
101590001,2017-03-22,2017,,94.0,,,0,0,N,0.0,0.0,0.0,,,,,,,,36.0205,-86.78268,True,Crashes_2010_2019_MPO
100944952,2015-09-04,2015,,19.0,,,0,0,N,0.0,0.0,0.0,,,,,,,,36.00846,-86.72405,True,Crashes_2010_2019_MPO
101441815,2016-11-16,2016,,94.0,,,0,0,N,0.0,0.0,0.0,,,,,,,,35.95772,-86.80261,False,Crashes_2010_2019_MPO
101686762,2017-06-29,2017,,19.0,,,0,0,N,0.0,0.0,0.0,,,,,,,,36.04125,-86.82182,False,Crashes_2010_2019_MPO
101097472,2016-02-01,2016,,94.0,,,0,0,N,0.0,0.0,0.0,,,,,,,,35.94782,-86.81975,False,Crashes_2010_2019_MPO
102250773,2018-12-18,2018,,94.0,,,0,0,N,0.0,0.0,0.0,,,,,,,,35.966506,-86.810154,True,Crashes_2010_2019_MPO
102044030,2018-06-15,2018,,94.0,,,0,0,N,0.0,0.0,0.0,,,,,,,,36.03318,-86.78282,True,Crashes_2010_2019_MPO
101094881,2016-01-27,2016,,19.0,,,0,0,N,0.0,0.0,0.0,,,,,,,,36.0467,-86.71342,False,Crashes_2010_2019_MPO
100238956,2012-10-16,2012,,94.0,,,0,0,N,0.0,0.0,0.0,,,,,,,,35.99016,-86.7252,True,Crashes_2010_2019_MPO
101038743,2015-11-28,2015,,94.0,,,0,0,N,0.0,0.0,0.0,,,,,,,,35.96681,-86.81119,True,Crashes_2010_2019_MPO
100585441,2014-07-19,2014,,94.0,,,0,0,N,0.0,0.0,0.0,,,,,,,,35.96686,-86.81362,True,Crashes_2010_2019_MPO
100568290,2014-07-02,2014,,94.0,,,0,0,N,0.0,0.0,0.0,,,,,,,,35.9667,-86.81117,True,Crashes_2010_2019_MPO
10379047,2011-02-10,2011,,19.0,,,0,0, ,0.0,0.0,0.0,,,,,,,,36.051826,-86.751747,False,Crashes_2010_2019_MPO
100660357,2014-10-27,2014,,94.0,,,0,0,N,0.0,0.0,0.0,,,,,,,,35.96539,-86.79778,True,Crashes_2010_2019_MPO
100440155,2014-02-06,2014,,94.0,,,0,0,N,0.0,0.0,0.0,,,,,,,,36.0345,-86.86302,False,Crashes_2010_2019_MPO
102390056,2019-05-15,2019,,19.0,,,0,0,N,0.0,0.0,0.0,,,,,,,,36.03018,-86.70295,False,Crashes_2010_2019_MPO
102333501,2019-03-17,2019,,94.0,,,0,0,N,0.0,0.0,0.0,,,,,,,,35.9227,-86.87254,False,Crashes_2010_2019_MPO
102142526,2018-09-11,2018,,94.0,,,0,0,N,0.0,0.0,0.0,,,,,,,,35.94455,-86.82085,False,Crashes_2010_2019_MPO
100751914,2015-02-23,2015,,94.0,,,0,0,N,0.0,0.0,0.0,,,,,,,,36.03318,-86.78284,True,Crashes_2010_2019_MPO
101625377,2017-04-25,2017,,94.0,,,0,0,N,0.0,0.0,0.0,,,,,,,,35.96173,-86.80183,True,Crashes_2010_2019_MPO
101166740,2016-04-18,2016,,94.0,,,0,0,N,0.0,0.0,0.0,,,,,,,,35.9976,-86.79697,True,Crashes_2010_2019_MPO
101799682,2017-10-20,2017,,94.0,,,0,0,N,0.0,0.0,0.0,,,,,,,,35.96667,-86.81368,True,Crashes_2010_2019_MPO
100751643,2015-02-19,2015,,94.0,,,0,0,N,0.0,0.0,0.0,,,,,,,,36.01375,-86.78519,True,Crashes_2010_2019_MPO
102343199,2019-03-27,2019,,94.0,,,0,1,N,0.0,1.0,0.0,,,,,,,,35.93701,-86.87517,False,Crashes_2010_2019_MPO
101831116,2017-11-19,2017,,94.0,,,0,0,N,0.0,0.0,0.0,,,,,,,,36.02016,-86.787,True,Crashes_2010_2019_MPO
102459147,2019-07-26,2019,,19.0,,,0,0,N,0.0,0.0,0.0,,,,,,,,36.05366,-86.7149,False,Crashes_2010_2019_MPO
102417026,2019-06-11,2019,,19.0,,,0,0,N,0.0,0.0,0.0,,,,,,,,36.01896,-86.68597,False,Crashes_2010_2019_MPO
100966118,2015-09-24,2015,,94.0,,,0,0,N,0.0,0.0,0.0,,,,,,,,35.99534,-86.77713,True,Crashes_2010_2019_MPO
101240055,2016-06-06,2016,,94.0,,,0,0,N,0.0,0.0,0.0,,,,,,,,36.0203,-86.78703,True,Crashes_2010_2019_MPO
100162526,2012-03-27,2012,,94.0,,,0,0,N,0.0,0.0,0.0,,,,,,,,35.96938,-86.80862,True,Crashes_2010_2019_MPO
102129872,2018-09-01,2018,,94.0,,,0,0,N,0.0,0.0,0.0,,,,,,,,35.93549,-86.82393,False,Crashes_2010_2019_MPO
101851496,2017-12-07,2017,,94.0,,,0,0,N,0.0,0.0,0.0,,,,,,,,35.92589,-86.80602,False,Crashes_2010_2019_MPO
100884900,2015-07-10,2015,,94.0,,,0,0,N,0.0,0.0,0.0,,,,,,,,35.98777,-86.68094,False,Crashes_2010_2019_MPO
101475648,2016-12-13,2016,,19.0,,,0,0,N,0.0,0.0,0.0,,,,,,,,36.04079,-86.78271,False,Crashes_2010_2019_MPO
101568024,2017-02-27,2017,,94.0,,,0,0,N,0.0,0.0,0.0,,,,,,,,35.95555,-86.82857,False,Crashes_2010_2019_MPO
100340789,2013-06-11,2013,,94.0,,,0,0,N,0.0,0.0,0.0,,,,,,,,36.0235,-86.81987,True,Crashes_2010_2019_MPO
101476398,2016-12-13,2016,,94.0,,,0,0,N,0.0,0.0,0.0,,,,,,,,35.9583,-86.8023,False,Crashes_2010_2019_MPO
102323982,2019-03-07,2019,,19.0,,,0,0,N,0.0,0.0,0.0,,,,,,,,36.04087,-86.77377,False,Crashes_2010_2019_MPO
102364829,2019-04-18,2019,,94.0,,,0,0,N,0.0,0.0,0.0,,,,,,,,35.9631,-86.801,True,Crashes_2010_2019_MPO
101794578,2017-10-17,2017,,94.0,,,0,0,N,0.0,0.0,0.0,,,,,,,,35.97176,-86.80566,True,Crashes_2010_2019_MPO
101105071,2016-02-13,2016,,94.0,,,0,0,N,0.0,0.0,0.0,,,,,,,,35.98567,-86.80109,True,Crashes_2010_2019_MPO
102186374,2018-10-22,2018,,94.0,,,0,0,N,0.0,0.0,0.0,,,,,,,,35.966764,-86.809063,True,Crashes_2010_2019_MPO
100963465,2015-09-12,2015,,19.0,,,0,0,N,0.0,0.0,0.0,,,,,,,,36.03854,-86.71649,False,Crashes_2010_2019_MPO
101457771,2016-11-23,2016,,19.0,,,0,0,N,0.0,0.0,0.0,,,,,,,,36.04524,-86.70076,False,Crashes_2010_2019_MPO
100105726,2011-10-20,2011,,94.0,,,0,0,N,0.0,0.0,0.0,,,,,,,,36.0303,-86.8759,False,Crashes_2010_2019_MPO
101193230,2016-05-12,2016,,94.0,,,0,0,N,0.0,0.0,0.0,,,,,,,,35.92832,-86.76739,False,Crashes_2010_2019_MPO
102303450,2019-02-11,2019,,94.0,,,0,0,N,0.0,0.0,0.0,,,,,,,,35.9505,-86.76617,True,Crashes_2010_2019_MPO
102157528,2018-09-23,2018,,94.0,,,0,0,N,0.0,0.0,0.0,,,,,,,,36.02041,-86.78731,True,Crashes_2010_2019_MPO
101682337,2017-06-23,2017,,94.0,,,0,0,N,0.0,0.0,0.0,,,,,,,,35.94919,-86.81949,False,Crashes_2010_2019_MPO
101106644,2016-02-16,2016,,94.0,,,0,0,N,0.0,0.0,0.0,,,,,,,,36.01457,-86.78543,True,Crashes_2010_2019_MPO
100767640,2015-03-05,2015,,94.0,,,0,0,N,0.0,0.0,0.0,,,,,,,,36.00198,-86.79309,True,Crashes_2010_2019_MPO
101160797,2016-04-08,2016,,94.0,,,0,0,N,0.0,0.0,0.0,,,,,,,,35.95022,-86.81882,False,Crashes_2010_2019_MPO
101274821,2016-06-28,2016,,19.0,,,0,0,N,0.0,0.0,0.0,,,,,,,,36.03635,-86.79085,True,Crashes_2010_2019_MPO
100872790,2015-06-18,2015,,19.0,,,0,0,N,0.0,0.0,0.0,,,,,,,,36.04001,-86.74349,False,Crashes_2010_2019_MPO
102340257,2019-03-24,2019,,19.0,,,0,0,N,0.0,0.0,0.0,,,,,,,,36.04641,-86.85876,False,Crashes_2010_2019_MPO
102292343,2019-01-30,2019,,94.0,,,0,0,N,0.0,0.0,0.0,,,,,,,,35.99127,-86.81345,True,Crashes_2010_2019_MPO
101465484,2016-12-02,2016,,94.0,,,0,0,N,0.0,0.0,0.0,,,,,,,,35.96716,-86.81351,True,Crashes_2010_2019_MPO
100709301,2014-12-18,2014,,94.0,,,0,0,N,0.0,0.0,0.0,,,,,,,,35.96194,-86.81488,False,Crashes_2010_2019_MPO
100614277,2014-09-03,2014,,94.0,,,0,0,N,0.0,0.0,0.0,,,,,,,,35.94613,-86.82347,False,Crashes_2010_2019_MPO
100879294,2015-07-01,2015,,19.0,,,0,0,N,0.0,0.0,0.0,,,,,,,,36.01529,-86.73753,False,Crashes_2010_2019_MPO
101959944,2018-03-29,2018,,94.0,,,0,0,N,0.0,0.0,0.0,,,,,,,,35.99551,-86.77887,True,Crashes_2010_2019_MPO
101467974,2016-12-05,2016,,19.0,,,0,0,N,0.0,0.0,0.0,,,,,,,,36.05192,-86.68792,False,Crashes_2010_2019_MPO
100855154,2015-05-30,2015,,94.0,,,0,0,N,0.0,0.0,0.0,,,,,,,,35.9261,-86.8714,False,Crashes_2010_2019_MPO
100505142,2014-05-06,2014,,94.0,,,0,0,N,0.0,0.0,0.0,,,,,,,,36.03614,-86.79516,True,Crashes_2010_2019_MPO
102247170,2018-12-15,2018,,19.0,,,0,0,N,0.0,0.0,0.0,,,,,,,,36.04074,-86.78273,False,Crashes_2010_2019_MPO
101717565,2017-08-01,2017,,19.0,,,0,0,N,0.0,0.0,0.0,,,,,,,,36.04789,-86.72202,False,Crashes_2010_2019_MPO
101431591,2016-11-03,2016,,94.0,,,0,0,N,0.0,0.0,0.0,,,,,,,,35.93374,-86.81767,False,Crashes_2010_2019_MPO
100248742,2012-11-05,2012,,94.0,,,0,0,N,0.0,0.0,0.0,,,,,,,,35.98624,-86.73643,True,Crashes_2010_2019_MPO
101011056,2015-11-16,2015,,94.0,,,0,0,N,0.0,0.0,0.0,,,,,,,,36.026489,-86.792455,True,Crashes_2010_2019_MPO
101828388,2017-11-17,2017,,94.0,,,0,0,N,0.0,0.0,0.0,,,,,,,,35.92542,-86.86729,False,Crashes_2010_2019_MPO
102342439,2019-03-27,2019,,94.0,,,0,0,N,0.0,0.0,0.0,,,,,,,,35.93446,-86.81991,False,Crashes_2010_2019_MPO
101160353,2016-04-08,2016,,94.0,,,0,0,N,0.0,0.0,0.0,,,,,,,,36.036161,-86.787115,True,Crashes_2010_2019_MPO
100155384,2012-03-07,2012,,94.0,,,0,0,N,0.0,0.0,0.0,,,,,,,,35.95656,-86.84894,False,Crashes_2010_2019_MPO
101889971,2018-01-18,2018,,94.0,,,0,0,N,0.0,0.0,0.0,,,,,,,,35.96756,-86.81671,True,Crashes_2010_2019_MPO
100363251,2013-08-06,2013,,94.0,,,0,0,N,0.0,0.0,0.0,,,,,,,,35.92912,-86.7503,False,Crashes_2010_2019_MPO
100938858,2015-08-24,2015,,94.0,,,0,0,N,0.0,0.0,0.0,,,,,,,,35.93717,-86.87878,False,Crashes_2010_2019_MPO
102139983,2018-09-10,2018,,94.0,,,0,0,N,0.0,0.0,0.0,,,,,,,,36.02709,-86.79219,True,Crashes_2010_2019_MPO
100749761,2015-02-19,2015,,19.0,,,0,0,N,0.0,0.0,0.0,,,,,,,,36.05231,-86.69903,False,Crashes_2010_2019_MPO
100210754,2012-08-02,2012,,94.0,,,0,0,Y,0.0,0.0,1.0,,,,,,,,35.9744,-86.83204,True,Crashes_2010_2019_MPO
102145018,2018-09-14,2018,,94.0,,,0,0,N,0.0,0.0,0.0,,,,,,,,35.95209,-86.81805,False,Crashes_2010_2019_MPO
102568363,2019-11-10,2019,,94.0,,,0,0,N,0.0,0.0,0.0,,,,,,,,35.9912,-86.68349,False,Crashes_2010_2019_MPO
101948555,2018-03-18,2018,,19.0,,,0,0,N,0.0,0.0,0.0,,,,,,,,36.04561,-86.71977,False,Crashes_2010_2019_MPO
101093278,2016-01-22,2016,,19.0,,,0,0,N,0.0,0.0,0.0,,,,,,,,36.04542,-86.68542,False,Crashes_2010_2019_MPO
102209162,2018-11-12,2018,,94.0,,,0,0,N,0.0,0.0,0.0,,,,,,,,35.99616,-86.78555,True,Crashes_2010_2019_MPO
101580526,2017-03-11,2017,,94.0,,,0,0,N,0.0,0.0,0.0,,,,,,,,35.95078,-86.80647,False,Crashes_2010_2019_MPO
101483791,2016-12-21,2016,,94.0,,,0,0,N,0.0,0.0,0.0,,,,,,,,35.96723,-86.81412,True,Crashes_2010_2019_MPO
102192956,2018-10-28,2018,,94.0,,,0,0,N,0.0,0.0,0.0,,,,,,,,35.94703,-86.83854,False,Crashes_2010_2019_MPO
102534187,2019-10-10,2019,,94.0,,,0,0,N,0.0,0.0,0.0,,,,,,,,35.94631,-86.8236,False,Crashes_2010_2019_MPO
100664928,2014-11-05,2014,,19.0,,,0,0,N,0.0,0.0,0.0,,,,,,,,36.03969,-86.76211,False,Crashes_2010_2019_MPO
100487223,2014-04-16,2014,,94.0,,,0,0,N,0.0,0.0,0.0,,,,,,,,35.92923,-86.85318,False,Crashes_2010_2019_MPO
100508878,2014-05-14,2014,,19.0,,,0,0,N,0.0,0.0,0.0,,,,,,,,36.03448,-86.87355,False,Crashes_2010_2019_MPO
101839992,2017-11-27,2017,,94.0,,,0,0,N,0.0,0.0,0.0,,,,,,,,35.98359,-86.80155,True,Crashes_2010_2019_MPO
102372365,2019-04-26,2019,,94.0,,,0,0,N,0.0,0.0,0.0,,,,,,,,35.9667,-86.81121,True,Crashes_2010_2019_MPO
100266483,2012-12-14,2012,,94.0,,,0,0,N,0.0,0.0,0.0,,,,,,,,35.96927,-86.80308,True,Crashes_2010_2019_MPO
102376535,2019-04-30,2019,,19.0,,,0,0,N,0.0,0.0,0.0,,,,,,,,36.04498,-86.72503,False,Crashes_2010_2019_MPO
101487439,2016-12-26,2016,,19.0,,,0,0,N,0.0,0.0,0.0,,,,,,,,36.00942,-86.70005,False,Crashes_2010_2019_MPO
102274274,2019-01-11,2019,,19.0,,,0,0,N,0.0,0.0,0.0,,,,,,,,36.03874,-86.78304,False,Crashes_2010_2019_MPO
101156813,2016-04-03,2016,,94.0,,,0,1,N,0.0,1.0,0.0,,,,,,,,35.92957,-86.84187,False,Crashes_2010_2019_MPO
100978520,2015-10-13,2015,,94.0,,,0,0,N,0.0,0.0,0.0,,,,,,,,35.999,-86.80851,True,Crashes_2010_2019_MPO
101913175,2018-02-11,2018,,94.0,,,0,0,N,0.0,0.0,0.0,,,,,,,,35.96713,-86.81333,True,Crashes_2010_2019_MPO
101243095,2016-06-08,2016,,19.0,,,0,0,N,0.0,0.0,0.0,,,,,,,,36.04785,-86.81604,False,Crashes_2010_2019_MPO
101684974,2017-06-24,2017,,94.0,,,0,0,N,0.0,0.0,0.0,,,,,,,,35.9347,-86.7679,False,Crashes_2010_2019_MPO
101486436,2016-12-24,2016,,19.0,,,0,0,N,0.0,0.0,0.0,,,,,,,,36.04148,-86.78247,False,Crashes_2010_2019_MPO
100823036,2015-04-24,2015,,94.0,,,0,0,N,0.0,0.0,0.0,,,,,,,,35.99526,-86.77615,True,Crashes_2010_2019_MPO
100280421,2013-01-16,2013,,94.0,,,0,0,N,0.0,0.0,0.0,,,,,,,,35.96688,-86.81232,True,Crashes_2010_2019_MPO
100386198,2013-10-02,2013,,94.0,,,0,0,N,0.0,0.0,0.0,,,,,,,,36.01575,-86.82117,True,Crashes_2010_2019_MPO
102015237,2018-05-18,2018,,94.0,,,0,0,N,0.0,0.0,0.0,,,,,,,,35.94939,-86.81958,False,Crashes_2010_2019_MPO
101322287,2016-08-06,2016,,19.0,,,0,0,N,0.0,0.0,0.0,,,,,,,,36.03841,-86.713,False,Crashes_2010_2019_MPO
101274978,2016-06-28,2016,,94.0,,,0,0,N,0.0,0.0,0.0,,,,,,,,35.99583,-86.78604,True,Crashes_2010_2019_MPO
102531256,2019-10-06,2019,,94.0,,,0,0,N,0.0,0.0,0.0,,,,,,,,35.96458,-86.81449,False,Crashes_2010_2019_MPO
100460973,2014-03-06,2014,,94.0,,,0,0,N,0.0,0.0,0.0,,,,,,,,35.94334,-86.80979,False,Crashes_2010_2019_MPO
102310774,2019-02-20,2019,,19.0,,,0,0,N,0.0,0.0,0.0,,,,,,,,36.03751,-86.78574,False,Crashes_2010_2019_MPO
102452059,2019-07-19,2019,,94.0,,,0,0,N,0.0,0.0,0.0,,,,,,,,35.92518,-86.81693,False,Crashes_2010_2019_MPO
102560859,2019-11-07,2019,,94.0,,,0,0,N,0.0,0.0,0.0,,,,,,,,36.03407,-86.80156,True,Crashes_2010_2019_MPO
100586998,2014-07-24,2014,,94.0,,,0,0,N,0.0,0.0,0.0,,,,,,,,35.93584,-86.82467,False,Crashes_2010_2019_MPO
101011338,2015-11-16,2015,,19.0,,,0,0,N,0.0,0.0,0.0,,,,,,,,36.04106,-86.77904,False,Crashes_2010_2019_MPO
102147814,2018-09-17,2018,,94.0,,,0,0,N,0.0,0.0,0.0,,,,,,,,35.96798,-86.81833,True,Crashes_2010_2019_MPO
102088973,2018-07-27,2018,,19.0,,,0,0,N,0.0,0.0,0.0,,,,,,,,36.04541,-86.70361,False,Crashes_2010_2019_MPO
101678525,2017-06-20,2017,,94.0,,,0,0,N,0.0,0.0,0.0,,,,,,,,35.93127,-86.87663,False,Crashes_2010_2019_MPO
100483952,2014-04-08,2014,,94.0,,,0,0,N,0.0,0.0,0.0,,,,,,,,35.96595,-86.80315,True,Crashes_2010_2019_MPO
101064910,2015-12-22,2015,,94.0,,,0,0,N,0.0,0.0,0.0,,,,,,,,35.93358,-86.81894,False,Crashes_2010_2019_MPO
100508242,2014-05-12,2014,,94.0,,,0,0,N,0.0,0.0,0.0,,,,,,,,35.9816,-86.84479,False,Crashes_2010_2019_MPO
102237939,2018-12-05,2018,,94.0,,,0,0,N,0.0,0.0,0.0,,,,,,,,35.97895,-86.80341,True,Crashes_2010_2019_MPO
100861233,2015-06-15,2015,,94.0,,,0,0,N,0.0,0.0,0.0,,,,,,,,35.96504,-86.80031,True,Crashes_2010_2019_MPO
102427604,2019-06-24,2019,,94.0,,,0,0,N,0.0,0.0,0.0,,,,,,,,35.966702,-86.809121,True,Crashes_2010_2019_MPO
101355688,2016-09-07,2016,,19.0,,,0,0,N,0.0,0.0,0.0,,,,,,,,36.0409,-86.77938,False,Crashes_2010_2019_MPO
101685701,2017-06-28,2017,,94.0,,,0,0,N,0.0,0.0,0.0,,,,,,,,35.99596,-86.7836,True,Crashes_2010_2019_MPO
100703619,2014-12-08,2014,,94.0,,,0,0,N,0.0,0.0,0.0,,,,,,,,35.94098,-86.83883,False,Crashes_2010_2019_MPO
101126247,2016-03-02,2016,,94.0,,,0,0,N,0.0,0.0,0.0,,,,,,,,35.96173,-86.80183,True,Crashes_2010_2019_MPO
101094346,2016-01-24,2016,,19.0,,,0,0,N,0.0,0.0,0.0,,,,,,,,36.01862,-86.71542,False,Crashes_2010_2019_MPO
100749764,2015-02-19,2015,,94.0,,,0,0,N,0.0,0.0,0.0,,,,,,,,35.92551,-86.87265,False,Crashes_2010_2019_MPO
102291329,2019-01-28,2019,,19.0,,,0,0,N,0.0,0.0,0.0,,,,,,,,36.03166,-86.7837,True,Crashes_2010_2019_MPO
100667160,2014-11-08,2014,,19.0,,,0,0,N,0.0,0.0,0.0,,,,,,,,36.04954,-86.71368,False,Crashes_2010_2019_MPO
100855782,2015-06-05,2015,,94.0,,,0,0,N,0.0,0.0,0.0,,,,,,,,35.98721,-86.81643,True,Crashes_2010_2019_MPO
101133050,2016-03-11,2016,,94.0,,,0,0,N,0.0,0.0,0.0,,,,,,,,35.9584,-86.80226,False,Crashes_2010_2019_MPO
102382409,2019-05-07,2019,,19.0,,,0,0,N,0.0,0.0,0.0,,,,,,,,36.03925,-86.81324,False,Crashes_2010_2019_MPO
100134766,2012-01-06,2012,,94.0,,,0,0,N,0.0,0.0,0.0,,,,,,,,35.95051,-86.76621,True,Crashes_2010_2019_MPO
100805821,2015-04-10,2015,,19.0,,,0,0,N,0.0,0.0,0.0,,,,,,,,36.04545,-86.7036,False,Crashes_2010_2019_MPO
100634834,2014-09-27,2014,,19.0,,,0,0,N,0.0,0.0,0.0,,,,,,,,36.03401,-86.78341,True,Crashes_2010_2019_MPO
100153260,2012-03-01,2012,,94.0,,,0,0,N,0.0,0.0,0.0,,,,,,,,36.03689,-86.81684,True,Crashes_2010_2019_MPO
102288096,2019-01-26,2019,,94.0,,,0,0,N,0.0,0.0,0.0,,,,,,,,35.94638,-86.81473,False,Crashes_2010_2019_MPO
102419628,2019-06-14,2019,,94.0,,,0,0,N,0.0,0.0,0.0,,,,,,,,35.96796,-86.81828,True,Crashes_2010_2019_MPO
100874629,2015-06-22,2015,,19.0,,,0,0,N,0.0,0.0,0.0,,,,,,,,36.03738,-86.791,False,Crashes_2010_2019_MPO
100715021,2014-12-28,2014,,19.0,,,0,0,N,0.0,0.0,0.0,,,,,,,,36.04483,-86.77978,False,Crashes_2010_2019_MPO
102013305,2018-05-16,2018,,94.0,,,0,0,N,0.0,0.0,0.0,,,,,,,,35.99523,-86.79754,True,Crashes_2010_2019_MPO
100466601,2014-03-20,2014,,94.0,,,0,0,N,0.0,0.0,0.0,,,,,,,,35.97135,-86.80687,True,Crashes_2010_2019_MPO
100709104,2014-12-18,2014,,94.0,,,0,0,N,0.0,0.0,0.0,,,,,,,,35.94467,-86.82831,False,Crashes_2010_2019_MPO