mstrrecnbr,collision_ts,year,county,countystat,crash,crash_type,fatalities,non_motorists,commercial,fatal_c,nonmotor_c,truck_c,fatalc,serious_injuries,ped,bike,lighting,weather,first_harmful_event,latitude,longitude,in_city,src_layer
100615324,2014-09-03,2014,,94.0,,,0,0,N,0.0,0.0,0.0,,,,,,,,36.02724,-86.78425,True,Crashes_2010_2019_MPO
100594494,2014-08-11,2014,,94.0,,,0,0,N,0.0,0.0,0.0,,,,,,,,35.97117,-86.72648,True,Crashes_2010_2019_MPO
102008603,2018-05-12,2018,,94.0,,,0,0,N,0.0,0.0,0.0,,,,,,,,36.02188,-86.81464,True,Crashes_2010_2019_MPO
101478316,2016-12-15,2016,,94.0,,,0,0,N,0.0,0.0,0.0,,,,,,,,35.996,-86.79728,True,Crashes_2010_2019_MPO
100368128,2013-08-15,2013,,94.0,,,0,0,N,0.0,0.0,0.0,,,,,,,,35.9467,-86.82278,False,Crashes_2010_2019_MPO
101038724,2015-11-29,2015,,94.0,,,0,0,N,0.0,0.0,0.0,,,,,,,,35.99643,-86.78798,True,Crashes_2010_2019_MPO
101390962,2016-09-27,2016,,94.0,,,0,0,N,0.0,0.0,0.0,,,,,,,,35.97545,-86.80463,True,Crashes_2010_2019_MPO
101180186,2016-04-23,2016,,19.0,,,0,0,N,0.0,0.0,0.0,,,,,,,,36.04537,-86.71326,False,Crashes_2010_2019_MPO
101427763,2016-10-31,2016,,94.0,,,0,0,N,0.0,0.0,0.0,,,,,,,,35.93327,-86.81179,False,Crashes_2010_2019_MPO
100407260,2013-11-18,2013,,94.0,,,0,0,N,0.0,0.0,0.0,,,,,,,,35.92373,-86.86968,False,Crashes_2010_2019_MPO
101331791,2016-08-18,2016,,19.0,,,0,0,N,0.0,0.0,0.0,,,,,,,,36.03969,-86.76007,False,Crashes_2010_2019_MPO
101355872,2016-09-07,2016,,19.0,,,0,0,N,0.0,0.0,0.0,,,,,,,,36.04361,-86.78104,False,Crashes_2010_2019_MPO
102141425,2018-09-11,2018,,94.0,,,0,0,N,0.0,0.0,0.0,,,,,,,,35.95555,-86.8447,False,Crashes_2010_2019_MPO
101066722,2015-12-25,2015,,19.0,,,0,0,N,0.0,0.0,0.0,,,,,,,,36.04108,-86.77639,False,Crashes_2010_2019_MPO
100964536,2015-09-21,2015,,94.0,,,0,0,N,0.0,0.0,0.0,,,,,,,,35.96716,-86.81351,True,Crashes_2010_2019_MPO
100773173,2015-03-16,2015,,19.0,,,0,0,N,0.0,0.0,0.0,,,,,,,,36.04757,-86.73867,False,Crashes_2010_2019_MPO
101390206,2016-09-26,2016,,19.0,,,0,0,N,0.0,0.0,0.0,,,,,,,,36.04114,-86.77621,False,Crashes_2010_2019_MPO
102579902,2019-11-25,2019,,94.0,,,0,0,N,0.0,0.0,0.0,,,,,,,,35.94403,-86.81553,False,Crashes_2010_2019_MPO
101897620,2018-01-26,2018,,94.0,,,0,0,N,0.0,0.0,0.0,,,,,,,,35.96716,-86.81351,True,Crashes_2010_2019_MPO
102387470,2019-05-12,2019,,19.0,,,0,0,N,0.0,0.0,0.0,,,,,,,,36.04556,-86.71122,False,Crashes_2010_2019_MPO
100997644,2015-10-23,2015,,94.0,,,0,0,N,0.0,0.0,0.0,,,,,,,,35.94809,-86.83237,False,Crashes_2010_2019_MPO
10440829,2010-07-13,2010,,19.0,,,0,0, ,0.0,0.0,0.0,,,,,,,,36.039754,-86.782273,False,Crashes_2010_2019_MPO
102320288,2019-03-02,2019,,94.0,,,0,0,N,0.0,0.0,0.0,,,,,,,,35.96154,-86.81217,False,Crashes_2010_2019_MPO
100405137,2013-11-14,2013,,94.0,,,0,0,N,0.0,0.0,0.0,,,,,,,,35.95301,-86.72278,False,Crashes_2010_2019_MPO
100133939,2012-01-03,2012,,94.0,,,0,0,Y,0.0,0.0,1.0,,,,,,,,35.99156,-86.79881,True,Crashes_2010_2019_MPO
101393207,2016-09-30,2016,,94.0,,,0,0,Y,0.0,0.0,1.0,,,,,,,,35.94114,-86.83623,False,Crashes_2010_2019_MPO
100566989,2014-06-29,2014,,94.0,,,0,0,N,0.0,0.0,0.0,,,,,,,,35.96312,-86.81899,True,Crashes_2010_2019_MPO
101896568,2018-01-25,2018,,94.0,,,0,0,N,0.0,0.0,0.0,,,,,,,,36.03175,-86.78961,True,Crashes_2010_2019_MPO
101497673,2017-01-06,2017,,94.0,,,0,0,Y,0.0,0.0,1.0,,,,,,,,35.93183,-86.8016,False,Crashes_2010_2019_MPO
101098547,2016-02-02,2016,,94.0,,,0,0,N,0.0,0.0,0.0,,,,,,,,36.02543,-86.785311,True,Crashes_2010_2019_MPO
101196843,2016-05-17,2016,,19.0,,,0,0,N,0.0,0.0,0.0,,,,,,,,36.04729,-86.71349,False,Crashes_2010_2019_MPO
100919285,2015-08-07,2015,,19.0,,,0,0,N,0.0,0.0,0.0,,,,,,,,36.01075,-86.70245,False,Crashes_2010_2019_MPO
100967115,2015-09-25,2015,,94.0,,,0,0,Y,0.0,0.0,1.0,,,,,,,,35.93716,-86.85901,False,Crashes_2010_2019_MPO
102053426,2018-06-25,2018,,19.0,,,0,0,N,0.0,0.0,0.0,,,,,,,,36.04543,-86.71255,False,Crashes_2010_2019_MPO
102400801,2019-05-26,2019,,19.0,,,0,0,N,0.0,0.0,0.0,,,,,,,,36.03869,-86.80688,False,Crashes_2010_2019_MPO
102054206,2018-06-25,2018,,94.0,,,0,0,N,0.0,0.0,0.0,,,,,,,,35.92641,-86.87344,False,Crashes_2010_2019_MPO
102292709,2019-01-30,2019,,94.0,,,0,0,N,0.0,0.0,0.0,,,,,,,,36.0343,-86.79174,True,Crashes_2010_2019_MPO
100978066,2015-10-12,2015,,19.0,,,0,0,N,0.0,0.0,0.0,,,,,,,,36.03899,-86.78258,False,Crashes_2010_2019_MPO
101044964,2015-12-07,2015,,94.0,,,0,0,N,0.0,0.0,0.0,,,,,,,,35.98627,-86.68012,False,Crashes_2010_2019_MPO
102116441,2018-08-20,2018,,19.0,,,0,0,N,0.0,0.0,0.0,,,,,,,,36.0429,-86.84144,False,Crashes_2010_2019_MPO
101750776,2017-09-04,2017,,94.0,,,0,0,N,0.0,0.0,0.0,,,,,,,,35.966741,-86.809077,True,Crashes_2010_2019_MPO
102277501,2019-01-12,2019,,94.0,,,0,0,N,0.0,0.0,0.0,,,,,,,,35.94764,-86.81433,False,Crashes_2010_2019_MPO
102237627,2018-12-06,2018,,19.0,,,0,0,N,0.0,0.0,0.0,,,,,,,,36.03971,-86.7584,False,Crashes_2010_2019_MPO
102268654,2019-01-06,2019,,19.0,,,0,0,N,0.0,0.0,0.0,,,,,,,,36.04537,-86.71326,False,Crashes_2010_2019_MPO
100695439,2014-11-23,2014,,94.0,,,0,0,N,0.0,0.0,0.0,,,,,,,,35.98355,-86.74172,True,Crashes_2010_2019_MPO
101432775,2016-11-05,2016,,94.0,,,0,0,N,0.0,0.0,0.0,,,,,,,,36.01767,-86.78631,True,Crashes_2010_2019_MPO
100463605,2014-03-12,2014,,94.0,,,0,0,N,0.0,0.0,0.0,,,,,,,,35.94766,-86.81973,False,Crashes_2010_2019_MPO
101813774,2017-11-03,2017,,94.0,,,0,0,N,0.0,0.0,0.0,,,,,,,,35.99781,-86.79886,True,Crashes_2010_2019_MPO
100662598,2014-10-30,2014,,94.0,,,0,0,N,0.0,0.0,0.0,,,,,,,,35.99521,-86.79599,True,Crashes_2010_2019_MPO
102084330,2018-07-23,2018,,94.0,,,0,0,N,0.0,0.0,0.0,,,,,,,,35.96644,-86.81375,False,Crashes_2010_2019_MPO
100286759,2013-02-01,2013,,94.0,,,0,0,N,0.0,0.0,0.0,,,,,,,,35.93051,-86.87622,False,Crashes_2010_2019_MPO
101669071,2017-06-09,2017,,19.0,,,0,0,N,0.0,0.0,0.0,,,,,,,,36.03864,-86.78615,False,Crashes_2010_2019_MPO
101783250,2017-10-06,2017,,94.0,,,0,0,N,0.0,0.0,0.0,,,,,,,,36.02113,-86.78801,True,Crashes_2010_2019_MPO
101462531,2016-11-28,2016,,94.0,,,0,0,N,0.0,0.0,0.0,,,,,,,,35.93204,-86.86162,False,Crashes_2010_2019_MPO
101167954,2016-04-20,2016,,19.0,,,0,0,N,0.0,0.0,0.0,,,,,,,,36.04304,-86.713,False,Crashes_2010_2019_MPO
100699460,2014-12-01,2014,,94.0,,,0,0,N,0.0,0.0,0.0,,,,,,,,35.96979,-86.72448,True,Crashes_2010_2019_MPO
100854761,2015-06-03,2015,,94.0,,,0,0,N,0.0,0.0,0.0,,,,,,,,35.93486,-86.86071,False,Crashes_2010_2019_MPO
102573285,2019-11-19,2019,,94.0,,,0,0,N,0.0,0.0,0.0,,,,,,,,35.99911,-86.80887,True,Crashes_2010_2019_MPO
101285435,2016-07-12,2016,,94.0,,,0,0,N,0.0,0.0,0.0,,,,,,,,35.9706,-86.80606,True,Crashes_2010_2019_MPO
101830399,2017-11-17,2017,,94.0,,,0,0,N,0.0,0.0,0.0,,,,,,,,35.95599,-86.84809,False,Crashes_2010_2019_MPO
100384308,2013-09-27,2013,,94.0,,,0,0,N,0.0,0.0,0.0,,,,,,,,35.92417,-86.86967,False,Crashes_2010_2019_MPO
100717195,2015-01-04,2015,,94.0,,,0,0,N,0.0,0.0,0.0,,,,,,,,35.92923,-86.85318,False,Crashes_2010_2019_MPO
100937368,2015-08-21,2015,,94.0,,,0,0,N,0.0,0.0,0.0,,,,,,,,35.99818,-86.80203,True,Crashes_2010_2019_MPO
100729562,2015-01-29,2015,,94.0,,,0,0,N,0.0,0.0,0.0,,,,,,,,35.94709,-86.83266,False,Crashes_2010_2019_MPO
101351010,2016-09-01,2016,,94.0,,,0,0,N,0.0,0.0,0.0,,,,,,,,35.966704,-86.809245,True,Crashes_2010_2019_MPO
101436455,2016-11-09,2016,,94.0,,,0,1,Y,0.0,1.0,1.0,,,,,,,,35.92546,-86.87275,False,Crashes_2010_2019_MPO
100819482,2015-04-17,2015,,94.0,,,0,0,N,0.0,0.0,0.0,,,,,,,,35.96722,-86.81353,True,Crashes_2010_2019_MPO
101072071,2016-01-04,2016,,19.0,,,0,0,N,0.0,0.0,0.0,,,,,,,,36.03968,-86.78158,False,Crashes_2010_2019_MPO
100752851,2015-02-25,2015,,19.0,,,0,0,N,0.0,0.0,0.0,,,,,,,,36.04165,-86.78244,False,Crashes_2010_2019_MPO
101598819,2017-03-30,2017,,94.0,,,0,0,N,0.0,0.0,0.0,,,,,,,,36.00053,-86.80852,True,Crashes_2010_2019_MPO
100403633,2013-11-11,2013,,94.0,,,0,0,N,0.0,0.0,0.0,,,,,,,,35.96708,-86.81356,True,Crashes_2010_2019_MPO
101006092,2015-11-09,2015,,94.0,,,0,0,N,0.0,0.0,0.0,,,,,,,,35.9571,-86.76749,True,Crashes_2010_2019_MPO
102597506,2019-12-14,2019,,19.0,,,0,0,N,0.0,0.0,0.0,,,,,,,,36.03194,-86.75998,False,Crashes_2010_2019_MPO
102362872,2019-04-16,2019,,19.0,,,0,0,N,0.0,0.0,0.0,,,,,,,,36.04926,-86.77529,False,Crashes_2010_2019_MPO
101321819,2016-08-05,2016,,94.0,,,0,0,N,0.0,0.0,0.0,,,,,,,,35.94616,-86.80856,False,Crashes_2010_2019_MPO
100252204,2012-11-12,2012,,94.0,,,0,0,N,0.0,0.0,0.0,,,,,,,,36.03362,-86.78034,True,Crashes_2010_2019_MPO
100912291,2015-07-25,2015,,19.0,,,0,0,N,0.0,0.0,0.0,,,,,,,,36.04084,-86.77935,False,Crashes_2010_2019_MPO
101759808,2017-09-13,2017,,19.0,,,0,0,N,0.0,0.0,0.0,,,,,,,,36.03194,-86.76262,False,Crashes_2010_2019_MPO
100833287,2015-05-13,2015,,94.0,,,0,0,N,0.0,0.0,0.0,,,,,,,,36.03351,-86.78863,True,Crashes_2010_2019_MPO
101345040,2016-08-23,2016,,94.0,,,0,0,N,0.0,0.0,0.0,,,,,,,,35.92809,-86.82436,False,Crashes_2010_2019_MPO
101615987,2017-04-15,2017,,19.0,,,0,0,N,0.0,0.0,0.0,,,,,,,,36.03195,-86.76275,False,Crashes_2010_2019_MPO
101659639,2017-05-30,2017,,94.0,,,0,0,N,0.0,0.0,0.0,,,,,,,,35.93374,-86.81767,False,Crashes_2010_2019_MPO
100437107,2014-01-31,2014,,94.0,,,0,0,N,0.0,0.0,0.0,,,,,,,,35.94068,-86.83938,False,Crashes_2010_2019_MPO
100808520,2015-04-15,2015,,94.0,,,0,0,N,0.0,0.0,0.0,,,,,,,,36.02673,-86.7924,True,Crashes_2010_2019_MPO
100697131,2014-11-26,2014,,94.0,,,0,0,N,0.0,0.0,0.0,,,,,,,,35.96266,-86.80137,True,Crashes_2010_2019_MPO
100808239,2015-04-15,2015,,19.0,,,0,0,N,0.0,0.0,0.0,,,,,,,,36.04247,-86.71301,False,Crashes_2010_2019_MPO
101470035,2016-12-07,2016,,94.0,,,0,0,N,0.0,0.0,0.0,,,,,,,,35.96655,-86.80932,True,Crashes_2010_2019_MPO
101207771,2016-05-19,2016,,19.0,,,0,0,N,0.0,0.0,0.0,,,,,,,,36.04059,-86.77107,False,Crashes_2010_2019_MPO
101828040,2017-11-16,2017,,19.0,,,0,0,N,0.0,0.0,0.0,,,,,,,,36.03469,-86.70589,False,Crashes_2010_2019_MPO
101388016,2016-09-23,2016,,94.0,,,0,0,N,0.0,0.0,0.0,,,,,,,,36.03381,-86.78846,True,Crashes_2010_2019_MPO
100701588,2014-12-05,2014,,94.0,,,0,0,N,0.0,0.0,0.0,,,,,,,,35.95038,-86.86953,False,Crashes_2010_2019_MPO
100347618,2013-06-28,2013,,94.0,,,0,0,N,0.0,0.0,0.0,,,,,,,,35.99551,-86.77889,True,Crashes_2010_2019_MPO
101330218,2016-08-18,2016,,94.0,,,0,0,N,0.0,0.0,0.0,,,,,,,,35.99734,-86.79486,True,Crashes_2010_2019_MPO
101966079,2018-04-03,2018,,19.0,,,0,0,N,0.0,0.0,0.0,,,,,,,,36.05404,-86.6911,False,Crashes_2010_2019_MPO
102163672,2018-10-01,2018,,94.0,,,0,0,N,0.0,0.0,0.0,,,,,,,,35.93446,-86.81991,False,Crashes_2010_2019_MPO
100642838,2014-10-13,2014,,94.0,,,0,0,N,0.0,0.0,0.0,,,,,,,,35.92428,-86.86943,False,Crashes_2010_2019_MPO
101475829,2016-12-13,2016,,94.0,,,0,0,N,0.0,0.0,0.0,,,,,,,,35.94204,-86.82149,False,Crashes_2010_2019_MPO
101768779,2017-09-22,2017,,94.0,,,0,0,N,0.0,0.0,0.0,,,,,,,,35.96174,-86.80177,True,Crashes_2010_2019_MPO
101344497,2016-08-20,2016,,19.0,,,0,0,N,0.0,0.0,0.0,,,,,,,,36.04436,-86.78045,False,Crashes_2010_2019_MPO
100371525,2013-08-26,2013,,94.0,,,0,0,N,0.0,0.0,0.0,,,,,,,,35.92611,-86.86701,False,Crashes_2010_2019_MPO
102033592,2018-06-04,2018,,19.0,,,0,0,N,0.0,0.0,0.0,,,,,,,,36.04,-86.71277,False,Crashes_2010_2019_MPO
102209062,2018-11-12,2018,,19.0,,,0,0,N,0.0,0.0,0.0,,,,,,,,36.03313,-86.77439,False,Crashes_2010_2019_MPO
100706413,2014-12-13,2014,,94.0,,,0,0,N,0.0,0.0,0.0,,,,,,,,35.9243,-86.86647,False,Crashes_2010_2019_MPO
101667021,2017-06-07,2017,,94.0,,,0,0,N,0.0,0.0,0.0,,,,,,,,35.94894,-86.8196,False,Crashes_2010_2019_MPO
100667758,2014-11-08,2014,,94.0,,,0,0,Y,0.0,0.0,1.0,,,,,,,,36.03354,-86.78322,True,Crashes_2010_2019_MPO
100463686,2014-03-13,2014,,94.0,,,0,0,N,0.0,0.0,0.0,,,,,,,,35.99782,-86.7989,True,Crashes_2010_2019_MPO
100339066,2013-06-07,2013,,94.0,,,0,0,N,0.0,0.0,0.0,,,,,,,,35.93399,-86.7788,False,Crashes_2010_2019_MPO
101800115,2017-10-22,2017,,94.0,,,0,0,N,0.0,0.0,0.0,,,,,,,,35.96511,-86.72719,True,Crashes_2010_2019_MPO
100962573,2015-09-17,2015,,94.0,,,0,0,N,0.0,0.0,0.0,,,,,,,,36.03898,-86.81114,False,Crashes_2010_2019_MPO
101744909,2017-08-29,2017,,94.0,,,0,0,N,0.0,0.0,0.0,,,,,,,,35.9583,-86.8023,False,Crashes_2010_2019_MPO
102247267,2018-12-12,2018,,94.0,,,0,0,N,0.0,0.0,0.0,,,,,,,,36.03605,-86.802316,True,Crashes_2010_2019_MPO
102235953,2018-12-04,2018,,94.0,,,0,0,N,0.0,0.0,0.0,,,,,,,,35.94831,-86.80752,False,Crashes_2010_2019_MPO
101635585,2017-05-05,2017,,94.0,,,0,0,N,0.0,0.0,0.0,,,,,,,,35.94683,-86.85172,False,Crashes_2010_2019_MPO
102073592,2018-07-13,2018,,94.0,,,0,0,N,0.0,0.0,0.0,,,,,,,,35.96589,-86.80316,True,Crashes_2010_2019_MPO
102254345,2018-12-21,2018,,19.0,,,0,0,N,0.0,0.0,0.0,,,,,,,,36.04034,-86.75211,False,Crashes_2010_2019_MPO
102032111,2018-06-03,2018,,94.0,,,0,0,N,0.0,0.0,0.0,,,,,,,,36.02004,-86.78698,True,Crashes_2010_2019_MPO
102315998,2019-02-26,2019,,94.0,,,0,0,N,0.0,0.0,0.0,,,,,,,,35.97217,-86.8607,False,Crashes_2010_2019_MPO
101964639,2018-04-02,2018,,94.0,,,0,0,N,0.0,0.0,0.0,,,,,,,,35.93583,-86.82472,False,Crashes_2010_2019_MPO
100498859,2014-04-05,2014,,94.0,,,0,0,N,0.0,0.0,0.0,,,,,,,,35.93353,-86.77982,False,Crashes_2010_2019_MPO
101734001,2017-08-18,2017,,94.0,,,0,0,N,0.0,0.0,0.0,,,,,,,,35.96596,-86.80401,True,Crashes_2010_2019_MPO
101802943,2017-10-24,2017,,94.0,,,0,0,N,0.0,0.0,0.0,,,,,,,,35.99922,-86.80923,True,Crashes_2010_2019_MPO
101997815,2018-05-03,2018,,19.0,,,0,0,N,0.0,0.0,0.0,,,,,,,,36.04019,-86.78062,False,Crashes_2010_2019_MPO
102041840,2018-06-06,2018,,94.0,,,0,0,N,0.0,0.0,0.0,,,,,,,,35.93446,-86.81991,False,Crashes_2010_2019_MPO
100886257,2015-07-14,2015,,19.0,,,0,0,N,0.0,0.0,0.0,,,,,,,,36.04066,-86.78277,False,Crashes_2010_2019_MPO
101633305,2017-05-03,2017,,94.0,,,0,0,N,0.0,0.0,0.0,,,,,,,,35.95209,-86.81805,False,Crashes_2010_2019_MPO
101356925,2016-09-08,2016,,94.0,,,0,0,N,0.0,0.0,0.0,,,,,,,,35.94631,-86.8236,False,Crashes_2010_2019_MPO
101561956,2017-02-21,2017,,94.0,,,0,0,N,0.0,0.0,0.0,,,,,,,,35.9491,-86.81953,False,Crashes_2010_2019_MPO
101643952,2017-05-14,2017,,19.0,,,0,0,N,0.0,0.0,0.0,,,,,,,,36.0507,-86.73987,False,Crashes_2010_2019_MPO
101329312,2016-08-16,2016,,94.0,,,0,0,Y,0.0,0.0,1.0,,,,,,,,35.92373,-86.79452,False,Crashes_2010_2019_MPO
100707782,2014-12-15,2014,,94.0,,,0,0,N,0.0,0.0,0.0,,,,,,,,36.00105,-86.80823,True,Crashes_2010_2019_MPO
101533493,2017-01-24,2017,,19.0,,,0,0,N,0.0,0.0,0.0,,,,,,,,36.0484,-86.74363,False,Crashes_2010_2019_MPO
102166934,2018-10-04,2018,,94.0,,,0,0,N,0.0,0.0,0.0,,,,,,,,35.99771,-86.79794,True,Crashes_2010_2019_MPO
101396856,2016-10-05,2016,,94.0,,,0,0,N,0.0,0.0,0.0,,,,,,,,36.01775,-86.78633,True,Crashes_2010_2019_MPO
102488457,2019-08-23,2019,,94.0,,,0,0,N,0.0,0.0,0.0,,,,,,,,35.94778,-86.81994,False,Crashes_2010_2019_MPO
100982693,2015-10-20,2015,,94.0,,,0,0,N,0.0,0.0,0.0,,,,,,,,35.98654,-86.81687,True,Crashes_2010_2019_MPO
100408991,2013-11-21,2013,,94.0,,,0,0,N,0.0,0.0,0.0,,,,,,,,35.92506,-86.86702,False,Crashes_2010_2019_MPO
101830345,2017-11-18,2017,,19.0,,,0,0,N,0.0,0.0,0.0,,,,,,,,36.04304,-86.69107,False,Crashes_2010_2019_MPO
101481323,2016-12-19,2016,,94.0,,,0,0,N,0.0,0.0,0.0,,,,,,,,35.94679,-86.85175,False,Crashes_2010_2019_MPO
102554541,2019-10-31,2019,,94.0,,,0,0,N,0.0,0.0,0.0,,,,,,,,35.92596,-86.87717,False,Crashes_2010_2019_MPO
100422065,2013-12-20,2013,,94.0,,,0,0,N,0.0,0.0,0.0,,,,,,,,35.9595,-86.80574,False,Crashes_2010_2019_MPO
100963922,2015-09-20,2015,,94.0,,,0,0,N,0.0,0.0,0.0,,,,,,,,36.03599,-86.7872,True,Crashes_2010_2019_MPO
100703948,2014-12-07,2014,,19.0,,,0,0,N,0.0,0.0,0.0,,,,,,,,36.0448,-86.72473,False,Crashes_2010_2019_MPO
101079717,2016-01-18,2016,,94.0,,,0,0,N,0.0,0.0,0.0,,,,,,,,35.96105,-86.87472,False,Crashes_2010_2019_MPO
101002455,2015-11-03,2015,,94.0,,,0,0,N,0.0,0.0,0.0,,,,,,,,35.94683,-86.85172,False,Crashes_2010_2019_MPO
102225855,2018-11-27,2018,,94.0,,,0,0,N,0.0,0.0,0.0,,,,,,,,36.03565,-86.80572,True,Crashes_2010_2019_MPO
101563027,2017-02-22,2017,,94.0,,,0,0,N,0.0,0.0,0.0,,,,,,,,35.94706,-86.81181,False,Crashes_2010_2019_MPO
102114676,2018-08-19,2018,,94.0,,,0,0,N,0.0,0.0,0.0,,,,,,,,35.99432,-86.7981,True,Crashes_2010_2019_MPO
102001493,2018-05-05,2018,,94.0,,,0,0,N,0.0,0.0,0.0,,,,,,,,35.93446,-86.81991,False,Crashes_2010_2019_MPO
100565254,2014-06-25,2014,,94.0,,,0,0,N,0.0,0.0,0.0,,,,,,,,35.96745,-86.81585,True,Crashes_2010_2019_MPO
102323938,2019-03-07,2019,,94.0,,,0,0,N,0.0,0.0,0.0,,,,,,,,36.03916,-86.86921,False,Crashes_2010_2019_MPO
101881212,2018-01-08,2018,,19.0,,,0,0,N,0.0,0.0,0.0,,,,,,,,36.02537,-86.74269,False,Crashes_2010_2019_MPO
101437035,2016-11-11,2016,,19.0,,,0,0,N,0.0,0.0,0.0,,,,,,,,36.04559,-86.71096,False,Crashes_2010_2019_MPO
100436307,2014-01-29,2014,,94.0,,,0,0,N,0.0,0.0,0.0,,,,,,,,35.94689,-86.85175,False,Crashes_2010_2019_MPO
102251731,2018-12-18,2018,,94.0,,,0,0,N,0.0,0.0,0.0,,,,,,,,36.03336,-86.78872,True,Crashes_2010_2019_MPO
101040418,2015-11-30,2015,,94.0,,,0,0,N,0.0,0.0,0.0,,,,,,,,35.95118,-86.81841,False,Crashes_2010_2019_MPO
100709270,2014-12-18,2014,,19.0,,,0,0,N,0.0,0.0,0.0,,,,,,,,36.03735,-86.78656,False,Crashes_2010_2019_MPO
101091675,2016-01-21,2016,,94.0,,,0,0,N,0.0,0.0,0.0,,,,,,,,35.99781,-86.79886,True,Crashes_2010_2019_MPO
102315264,2019-02-25,2019,,19.0,,,0,0,N,0.0,0.0,0.0,,,,,,,,36.05469,-86.71534,False,Crashes_2010_2019_MPO
100411702,2013-11-21,2013,,94.0,,,0,0,Y,0.0,0.0,1.0,,,,,,,,36.01391,-86.78524,True,Crashes_2010_2019_MPO
102442544,2019-07-09,2019,,94.0,,,0,0,N,0.0,0.0,0.0,,,,,,,,35.94761,-86.81418,False,Crashes_2010_2019_MPO
100885805,2015-07-13,2015,,94.0,,,0,0,N,0.0,0.0,0.0,,,,,,,,35.98549,-86.71423,True,Crashes_2010_2019_MPO
101855852,2017-12-12,2017,,94.0,,,0,0,N,0.0,0.0,0.0,,,,,,,,35.99513,-86.77485,True,Crashes_2010_2019_MPO
100639591,2014-10-07,2014,,19.0,,,0,0,N,0.0,0.0,0.0,,,,,,,,36.03515,-86.78303,False,Crashes_2010_2019_MPO
101683718,2017-06-26,2017,,94.0,,,0,0,N,0.0,0.0,0.0,,,,,,,,35.9462,-86.80876,False,Crashes_2010_2019_MPO
101438479,2016-11-12,2016,,19.0,,,0,0,N,0.0,0.0,0.0,,,,,,,,36.04547,-86.70421,False,Crashes_2010_2019_MPO
100773175,2015-03-16,2015,,94.0,,,0,0,N,0.0,0.0,0.0,,,,,,,,35.9379,-86.82191,False,Crashes_2010_2019_MPO
101319490,2016-08-03,2016,,94.0,,,0,0,N,0.0,0.0,0.0,,,,,,,,36.0176,-86.76263,True,Crashes_2010_2019_MPO
100706560,2014-12-14,2014,,94.0,,,0,0,N,0.0,0.0,0.0,,,,,,,,35.96488,-86.80762,False,Crashes_2010_2019_MPO
102166645,2018-10-04,2018,,94.0,,,0,0,N,0.0,0.0,0.0,,,,,,,,35.94099,-86.83149,False,Crashes_2010_2019_MPO
100947634,2015-09-09,2015,,94.0,,,0,0,N,0.0,0.0,0.0,,,,,,,,35.97117,-86.72648,True,Crashes_2010_2019_MPO
102425219,2019-06-21,2019,,94.0,,,0,0,N,0.0,0.0,0.0,,,,,,,,35.97516,-86.80473,True,Crashes_2010_2019_MPO
101856216,2017-12-11,2017,,94.0,,,0,0,N,0.0,0.0,0.0,,,,,,,,35.95529,-86.82619,False,Crashes_2010_2019_MPO
100257023,2012-11-24,2012,,94.0,,,0,0,N,0.0,0.0,0.0,,,,,,,,36.03689,-86.81684,True,Crashes_2010_2019_MPO
102421891,2019-06-17,2019,,94.0,,,0,0,N,0.0,0.0,0.0,,,,,,,,35.95577,-86.83065,False,Crashes_2010_2019_MPO
101232745,2016-05-26,2016,,19.0,,,0,0,N,0.0,0.0,0.0,,,,,,,,36.04315,-86.71301,False,Crashes_2010_2019_MPO
900106397,2010-06-14,2010,,94.0,,,0,0, ,0.0,0.0,0.0,,,,,,,,35.977692,-86.803535,True,Crashes_2010_2019_MPO
101861294,2017-12-17,2017,,94.0,,,0,0,N,0.0,0.0,0.0,,,,,,,,36.0348,-86.78331,True,Crashes_2010_2019_MPO
101507812,2017-01-17,2017,,94.0,,,0,0,N,0.0,0.0,0.0,,,,,,,,35.92649,-86.86618,False,Crashes_2010_2019_MPO
101236260,2016-05-31,2016,,19.0,,,0,0,N,0.0,0.0,0.0,,,,,,,,36.04543,-86.70361,False,Crashes_2010_2019_MPO
102298316,2019-02-04,2019,,94.0,,,0,0,N,0.0,0.0,0.0,,,,,,,,35.96164,-86.68585,False,Crashes_2010_2019_MPO
101713225,2017-07-27,2017,,94.0,,,0,0,N,0.0,0.0,0.0,,,,,,,,35.94703,-86.82191,False,Crashes_2010_2019_MPO
102105425,2018-08-10,2018,,94.0,,,0,0,N,0.0,0.0,0.0,,,,,,,,35.93988,-86.82132,False,Crashes_2010_2019_MPO
100949482,2015-09-12,2015,,94.0,,,0,0,N,0.0,0.0,0.0,,,,,,,,35.9243,-86.87083,False,Crashes_2010_2019_MPO
101965983,2018-04-03,2018,,94.0,,,0,0,N,0.0,0.0,0.0,,,,,,,,35.99748,-86.79603,True,Crashes_2010_2019_MPO
100875361,2015-06-23,2015,,94.0,,,0,0,N,0.0,0.0,0.0,,,,,,,,35.9484,-86.81995,False,Crashes_2010_2019_MPO
100925395,2015-08-18,2015,,94.0,,,0,0,N,0.0,0.0,0.0,,,,,,,,35.96708,-86.81356,True,Crashes_2010_2019_MPO
101848630,2017-12-05,2017,,19.0,,,0,0,N,0.0,0.0,0.0,,,,,,,,36.03323,-86.71135,False,Crashes_2010_2019_MPO
102539897,2019-10-17,2019,,19.0,,,0,0,N,0.0,0.0,0.0,,,,,,,,36.05485,-86.69536,False,Crashes_2010_2019_MPO
102586248,2019-12-02,2019,,19.0,,,0,0,N,0.0,0.0,0.0,,,,,,,,36.03741,-86.78654,False,Crashes_2010_2019_MPO
100416108,2013-12-08,2013,,94.0,,,0,0,N,0.0,0.0,0.0,,,,,,,,35.94761,-86.81992,False,Crashes_2010_2019_MPO