mstrrecnbr,collision_ts,year,county,countystat,crash,crash_type,fatalities,non_motorists,commercial,fatal_c,nonmotor_c,truck_c,fatalc,serious_injuries,ped,bike,lighting,weather,first_harmful_event,latitude,longitude,in_city,src_layer
100884968,2015-07-11,2015,,94.0,,,0,0,N,0.0,0.0,0.0,,,,,,,,35.99824,-86.77921,True,Crashes_2010_2019_MPO
101852417,2017-12-08,2017,,94.0,,,0,0,N,0.0,0.0,0.0,,,,,,,,35.96622,-86.81383,False,Crashes_2010_2019_MPO
101854885,2017-12-11,2017,,19.0,,,0,0,N,0.0,0.0,0.0,,,,,,,,36.03827,-86.78379,False,Crashes_2010_2019_MPO
100943596,2015-09-02,2015,,19.0,,,0,0,Y,0.0,0.0,1.0,,,,,,,,36.04568,-86.75292,False,Crashes_2010_2019_MPO
101829307,2017-11-17,2017,,94.0,,,0,0,N,0.0,0.0,0.0,,,,,,,,35.9407,-86.8316,False,Crashes_2010_2019_MPO
102307535,2019-02-16,2019,,19.0,,,0,0,N,0.0,0.0,0.0,,,,,,,,36.02293,-86.70972,False,Crashes_2010_2019_MPO
101395047,2016-10-03,2016,,94.0,,,0,0,N,0.0,0.0,0.0,,,,,,,,35.96076,-86.80948,False,Crashes_2010_2019_MPO
102063659,2018-07-04,2018,,19.0,,,0,0,N,0.0,0.0,0.0,,,,,,,,36.04572,-86.7093,False,Crashes_2010_2019_MPO
102384105,2019-05-09,2019,,94.0,,,0,0,N,0.0,0.0,0.0,,,,,,,,35.96518,-86.80029,True,Crashes_2010_2019_MPO
100794258,2015-03-19,2015,,94.0,,,0,0,N,0.0,0.0,0.0,,,,,,,,35.96503,-86.72736,True,Crashes_2010_2019_MPO
101104127,2016-02-12,2016,,94.0,,,0,0,N,0.0,0.0,0.0,,,,,,,,35.92254,-86.87194,False,Crashes_2010_2019_MPO
101161281,2016-04-10,2016,,94.0,,,0,0,N,0.0,0.0,0.0,,,,,,,,35.95102,-86.80697,False,Crashes_2010_2019_MPO
100288494,2013-02-05,2013,,94.0,,,0,0,N,0.0,0.0,0.0,,,,,,,,35.9838,-86.75231,True,Crashes_2010_2019_MPO
101356024,2016-09-07,2016,,94.0,,,0,0,N,0.0,0.0,0.0,,,,,,,,35.93208,-86.86278,False,Crashes_2010_2019_MPO
101921286,2018-02-16,2018,,94.0,,,0,0,N,0.0,0.0,0.0,,,,,,,,35.99745,-86.79578,True,Crashes_2010_2019_MPO
101041695,2015-12-02,2015,,94.0,,,0,0,N,0.0,0.0,0.0,,,,,,,,35.96681,-86.81119,True,Crashes_2010_2019_MPO
100999753,2015-10-29,2015,,94.0,,,0,0,N,0.0,0.0,0.0,,,,,,,,35.96297,-86.80125,True,Crashes_2010_2019_MPO
102124259,2018-08-27,2018,,94.0,,,0,0,N,0.0,0.0,0.0,,,,,,,,36.03322,-86.78531,True,Crashes_2010_2019_MPO
102174895,2018-10-12,2018,,19.0,,,0,0,N,0.0,0.0,0.0,,,,,,,,36.0473,-86.86274,False,Crashes_2010_2019_MPO
100400549,2013-11-03,2013,,94.0,,,0,0,N,0.0,0.0,0.0,,,,,,,,35.94549,-86.84831,False,Crashes_2010_2019_MPO
101035267,2015-11-23,2015,,94.0,,,0,0,N,0.0,0.0,0.0,,,,,,,,35.94113,-86.83624,False,Crashes_2010_2019_MPO
100808556,2015-03-05,2015,,19.0,,,0,0,N,0.0,0.0,0.0,,,,,,,,36.0404,-86.7826,False,Crashes_2010_2019_MPO
101480976,2016-12-18,2016,,19.0,,,0,0,N,0.0,0.0,0.0,,,,,,,,36.0311,-86.78353,True,Crashes_2010_2019_MPO
101430380,2016-11-03,2016,,94.0,,,0,0,N,0.0,0.0,0.0,,,,,,,,35.94931,-86.80728,False,Crashes_2010_2019_MPO
101274052,2016-06-27,2016,,19.0,,,0,0,N,0.0,0.0,0.0,,,,,,,,36.03265,-86.76976,False,Crashes_2010_2019_MPO
102546317,2019-10-23,2019,,94.0,,,0,0,N,0.0,0.0,0.0,,,,,,,,35.9584,-86.80226,False,Crashes_2010_2019_MPO
102444846,2019-07-11,2019,,19.0,,,0,0,N,0.0,0.0,0.0,,,,,,,,36.04076,-86.7459,False,Crashes_2010_2019_MPO
100877359,2015-06-27,2015,,19.0,,,0,0,N,0.0,0.0,0.0,,,,,,,,36.04133,-86.72662,False,Crashes_2010_2019_MPO
102462712,2019-07-30,2019,,19.0,,,0,0,N,0.0,0.0,0.0,,,,,,,,36.04012,-86.78074,False,Crashes_2010_2019_MPO
101973733,2018-04-11,2018,,19.0,,,0,0,N,0.0,0.0,0.0,,,,,,,,36.04479,-86.72487,False,Crashes_2010_2019_MPO
102141308,2018-09-11,2018,,94.0,,,0,0,N,0.0,0.0,0.0,,,,,,,,35.94773,-86.81973,False,Crashes_2010_2019_MPO
102160315,2018-09-28,2018,,19.0,,,0,0,N,0.0,0.0,0.0,,,,,,,,36.05291,-86.68747,False,Crashes_2010_2019_MPO
102605986,2019-12-23,2019,,94.0,,,0,0,N,0.0,0.0,0.0,,,,,,,,35.94293,-86.82071,False,Crashes_2010_2019_MPO
100796105,2015-03-22,2015,,94.0,,,0,0,N,0.0,0.0,0.0,,,,,,,,35.94883,-86.81965,False,Crashes_2010_2019_MPO
102585449,2019-12-01,2019,,19.0,,,0,0,N,0.0,0.0,0.0,,,,,,,,36.01539,-86.70566,False,Crashes_2010_2019_MPO
101817346,2017-11-07,2017,,94.0,,,0,0,N,0.0,0.0,0.0,,,,,,,,36.03175,-86.78961,True,Crashes_2010_2019_MPO
101842733,2017-11-29,2017,,94.0,,,0,0,N,0.0,0.0,0.0,,,,,,,,35.99573,-86.81108,True,Crashes_2010_2019_MPO
100858035,2015-06-09,2015,,94.0,,,0,0,N,0.0,0.0,0.0,,,,,,,,35.96738,-86.81531,True,Crashes_2010_2019_MPO
101064587,2015-12-22,2015,,19.0,,,0,0,N,0.0,0.0,0.0,,,,,,,,36.04185,-86.78238,False,Crashes_2010_2019_MPO
102357584,2019-04-11,2019,,94.0,,,0,0,N,0.0,0.0,0.0,,,,,,,,35.95559,-86.81126,False,Crashes_2010_2019_MPO
100376558,2013-09-07,2013,,94.0,,,0,0,N,0.0,0.0,0.0,,,,,,,,36.00346,-86.72056,True,Crashes_2010_2019_MPO
102436557,2019-07-03,2019,,94.0,,,0,0,N,0.0,0.0,0.0,,,,,,,,35.97217,-86.8607,False,Crashes_2010_2019_MPO
100371805,2013-08-26,2013,,94.0,,,0,0,N,0.0,0.0,0.0,,,,,,,,35.95201,-86.81729,False,Crashes_2010_2019_MPO
101353684,2016-09-04,2016,,19.0,,,0,0,N,0.0,0.0,0.0,,,,,,,,36.03615,-86.70741,False,Crashes_2010_2019_MPO
100945064,2015-09-04,2015,,94.0,,,0,0,N,0.0,0.0,0.0,,,,,,,,36.02611,-86.79091,True,Crashes_2010_2019_MPO
102010830,2018-05-14,2018,,19.0,,,0,0,N,0.0,0.0,0.0,,,,,,,,36.031,-86.74994,False,Crashes_2010_2019_MPO
101240410,2016-06-06,2016,,94.0,,,0,0,N,0.0,0.0,0.0,,,,,,,,35.93124,-86.86341,False,Crashes_2010_2019_MPO
102532694,2019-10-08,2019,,94.0,,,0,0,N,0.0,0.0,0.0,,,,,,,,35.93877,-86.82071,False,Crashes_2010_2019_MPO
102468567,2019-08-05,2019,,19.0,,,0,0,N,0.0,0.0,0.0,,,,,,,,36.03952,-86.78174,False,Crashes_2010_2019_MPO
102164187,2018-10-01,2018,,94.0,,,0,0,N,0.0,0.0,0.0,,,,,,,,35.9955,-86.77882,True,Crashes_2010_2019_MPO
101641356,2017-05-11,2017,,19.0,,,0,0,N,0.0,0.0,0.0,,,,,,,,36.04907,-86.70305,False,Crashes_2010_2019_MPO
100798839,2015-03-28,2015,,19.0,,,0,0,N,0.0,0.0,0.0,,,,,,,,36.02886,-86.71255,False,Crashes_2010_2019_MPO
100272168,2012-12-28,2012,,94.0,,,0,0,N,0.0,0.0,0.0,,,,,,,,35.97216,-86.86334,False,Crashes_2010_2019_MPO
102392015,2019-05-17,2019,,19.0,,,0,0,N,0.0,0.0,0.0,,,,,,,,36.04521,-86.74394,False,Crashes_2010_2019_MPO
100831937,2015-05-10,2015,,19.0,,,0,0,N,0.0,0.0,0.0,,,,,,,,36.04001,-86.74349,False,Crashes_2010_2019_MPO
101880916,2018-01-08,2018,,19.0,,,0,0,N,0.0,0.0,0.0,,,,,,,,36.0494,-86.74352,False,Crashes_2010_2019_MPO
100325647,2013-05-06,2013,,94.0,,,0,0,N,0.0,0.0,0.0,,,,,,,,35.92636,-86.86848,False,Crashes_2010_2019_MPO
101973621,2018-04-11,2018,,19.0,,,0,0,N,0.0,0.0,0.0,,,,,,,,35.99143,-86.68372,False,Crashes_2010_2019_MPO
101710592,2017-07-24,2017,,19.0,,,0,0,N,0.0,0.0,0.0,,,,,,,,36.04536,-86.70362,False,Crashes_2010_2019_MPO
100719886,2015-01-09,2015,,94.0,,,0,0,N,0.0,0.0,0.0,,,,,,,,35.9579,-86.7677,True,Crashes_2010_2019_MPO
101914736,2018-02-13,2018,,94.0,,,0,0,N,0.0,0.0,0.0,,,,,,,,35.92477,-86.86985,False,Crashes_2010_2019_MPO
101548368,2017-02-08,2017,,94.0,,,0,0,N,0.0,0.0,0.0,,,,,,,,36.04142,-86.86784,True,Crashes_2010_2019_MPO
102484003,2019-08-21,2019,,94.0,,,0,0,N,0.0,0.0,0.0,,,,,,,,36.03551,-86.78748,True,Crashes_2010_2019_MPO
102396806,2019-05-22,2019,,19.0,,,0,0,N,0.0,0.0,0.0,,,,,,,,36.04041,-86.76952,False,Crashes_2010_2019_MPO
102021049,2018-05-24,2018,,94.0,,,0,0,N,0.0,0.0,0.0,,,,,,,,35.9667,-86.81121,True,Crashes_2010_2019_MPO
101814883,2017-11-02,2017,,94.0,,,0,0,N,0.0,0.0,0.0,,,,,,,,35.92743,-86.76731,False,Crashes_2010_2019_MPO
100211075,2012-08-03,2012,,94.0,,,0,0,N,0.0,0.0,0.0,,,,,,,,35.99766,-86.79754,True,Crashes_2010_2019_MPO
102073822,2018-07-13,2018,,94.0,,,0,1,N,0.0,1.0,0.0,,,,,,,,36.03175,-86.78961,True,Crashes_2010_2019_MPO
101365745,2016-08-15,2016,,19.0,,,1,2,N,1.0,1.0,0.0,,,,,,,,36.04713,-86.7178,False,Crashes_2010_2019_MPO
100722033,2015-01-14,2015,,94.0,,,0,0,N,0.0,0.0,0.0,,,,,,,,35.93298,-86.78237,False,Crashes_2010_2019_MPO
101156827,2016-04-03,2016,,94.0,,,0,0,N,0.0,0.0,0.0,,,,,,,,35.99736,-86.79507,True,Crashes_2010_2019_MPO
102103501,2018-08-09,2018,,94.0,,,0,0,N,0.0,0.0,0.0,,,,,,,,35.93812,-86.82194,False,Crashes_2010_2019_MPO
100155913,2012-03-08,2012,,94.0,,,0,0,N,0.0,0.0,0.0,,,,,,,,35.96722,-86.81353,True,Crashes_2010_2019_MPO
101240722,2016-06-06,2016,,94.0,,,0,0,N,0.0,0.0,0.0,,,,,,,,35.93215,-86.79441,False,Crashes_2010_2019_MPO
102018417,2018-05-22,2018,,94.0,,,0,0,N,0.0,0.0,0.0,,,,,,,,35.96052,-86.80956,False,Crashes_2010_2019_MPO
102315838,2019-02-26,2019,,94.0,,,0,0,N,0.0,0.0,0.0,,,,,,,,35.95534,-86.82664,False,Crashes_2010_2019_MPO
100916198,2015-08-02,2015,,94.0,,,0,0,N,0.0,0.0,0.0,,,,,,,,35.94648,-86.80718,False,Crashes_2010_2019_MPO
100352829,2013-07-09,2013,,94.0,,,0,0,N,0.0,0.0,0.0,,,,,,,,35.95106,-86.81963,False,Crashes_2010_2019_MPO
102478877,2019-08-15,2019,,94.0,,,0,0,N,0.0,0.0,0.0,,,,,,,,35.95212,-86.81784,False,Crashes_2010_2019_MPO
100708074,2014-12-16,2014,,19.0,,,0,0,N,0.0,0.0,0.0,,,,,,,,36.03167,-86.71266,False,Crashes_2010_2019_MPO
100186246,2012-05-30,2012,,94.0,,,0,0,N,0.0,0.0,0.0,,,,,,,,35.96518,-86.80021,True,Crashes_2010_2019_MPO
101357064,2016-09-08,2016,,19.0,,,0,0,N,0.0,0.0,0.0,,,,,,,,36.0125,-86.70368,False,Crashes_2010_2019_MPO
101761060,2017-09-14,2017,,94.0,,,0,0,N,0.0,0.0,0.0,,,,,,,,36.00756,-86.78765,True,Crashes_2010_2019_MPO
100921187,2015-08-10,2015,,94.0,,,0,0,N,0.0,0.0,0.0,,,,,,,,35.94069,-86.8316,False,Crashes_2010_2019_MPO
100408957,2013-11-22,2013,,94.0,,,0,0,N,0.0,0.0,0.0,,,,,,,,35.97338,-86.83324,True,Crashes_2010_2019_MPO
101489161,2016-12-28,2016,,19.0,,,0,0,N,0.0,0.0,0.0,,,,,,,,36.01001,-86.70197,False,Crashes_2010_2019_MPO
102216796,2018-11-19,2018,,94.0,,,0,0,N,0.0,0.0,0.0,,,,,,,,35.98635,-86.73664,True,Crashes_2010_2019_MPO
101529691,2017-01-20,2017,,94.0,,,0,0,N,0.0,0.0,0.0,,,,,,,,35.93081,-86.84161,False,Crashes_2010_2019_MPO
101991606,2018-04-27,2018,,94.0,,,0,0,N,0.0,0.0,0.0,,,,,,,,35.95899,-86.81594,False,Crashes_2010_2019_MPO
100831713,2015-05-10,2015,,19.0,,,0,0,N,0.0,0.0,0.0,,,,,,,,36.03829,-86.71303,False,Crashes_2010_2019_MPO
102430922,2019-06-28,2019,,94.0,,,0,0,N,0.0,0.0,0.0,,,,,,,,36.00266,-86.72326,True,Crashes_2010_2019_MPO
102027162,2018-05-29,2018,,94.0,,,0,0,N,0.0,0.0,0.0,,,,,,,,35.965902,-86.805888,True,Crashes_2010_2019_MPO
101005521,2015-11-08,2015,,94.0,,,0,0,N,0.0,0.0,0.0,,,,,,,,35.96598,-86.80586,True,Crashes_2010_2019_MPO
102324929,2019-03-08,2019,,94.0,,,0,0,N,0.0,0.0,0.0,,,,,,,,36.03257,-86.78152,True,Crashes_2010_2019_MPO
101839246,2017-11-26,2017,,19.0,,,0,0,N,0.0,0.0,0.0,,,,,,,,36.0409,-86.77938,False,Crashes_2010_2019_MPO
101356538,2016-09-07,2016,,94.0,,,0,0,N,0.0,0.0,0.0,,,,,,,,36.00114,-86.79395,True,Crashes_2010_2019_MPO
101572606,2017-03-03,2017,,94.0,,,0,0,N,0.0,0.0,0.0,,,,,,,,35.96395,-86.73529,True,Crashes_2010_2019_MPO
100852427,2015-05-29,2015,,94.0,,,0,0,Y,0.0,0.0,1.0,,,,,,,,35.99848,-86.79654,True,Crashes_2010_2019_MPO
102412690,2019-06-07,2019,,94.0,,,0,0,N,0.0,0.0,0.0,,,,,,,,35.99105,-86.79923,True,Crashes_2010_2019_MPO
100221144,2012-08-31,2012,,94.0,,,0,0,N,0.0,0.0,0.0,,,,,,,,35.9498,-86.81328,False,Crashes_2010_2019_MPO
100700959,2014-12-03,2014,,94.0,,,0,0,N,0.0,0.0,0.0,,,,,,,,35.95085,-86.80667,False,Crashes_2010_2019_MPO
101401573,2016-10-11,2016,,94.0,,,0,0,N,0.0,0.0,0.0,,,,,,,,35.95888,-86.71236,False,Crashes_2010_2019_MPO
100545524,2014-05-22,2014,,94.0,,,0,0,N,0.0,0.0,0.0,,,,,,,,35.95227,-86.80223,False,Crashes_2010_2019_MPO
102219457,2018-11-21,2018,,94.0,,,0,0,N,0.0,0.0,0.0,,,,,,,,35.93699,-86.81773,False,Crashes_2010_2019_MPO
101916287,2018-02-14,2018,,94.0,,,0,0,N,0.0,0.0,0.0,,,,,,,,35.93062,-86.86387,False,Crashes_2010_2019_MPO
101940989,2018-03-11,2018,,94.0,,,0,0,N,0.0,0.0,0.0,,,,,,,,36.03474,-86.78332,True,Crashes_2010_2019_MPO
101036730,2015-11-25,2015,,94.0,,,0,0,N,0.0,0.0,0.0,,,,,,,,36.00354,-86.80698,True,Crashes_2010_2019_MPO
100694581,2014-11-20,2014,,19.0,,,0,0,N,0.0,0.0,0.0,,,,,,,,36.00194,-86.69246,False,Crashes_2010_2019_MPO
101325736,2016-08-12,2016,,94.0,,,0,0,N,0.0,0.0,0.0,,,,,,,,35.99705,-86.70654,True,Crashes_2010_2019_MPO
102205241,2018-11-09,2018,,94.0,,,0,0,N,0.0,0.0,0.0,,,,,,,,35.98618,-86.80066,True,Crashes_2010_2019_MPO
101246496,2016-06-15,2016,,19.0,,,0,0,N,0.0,0.0,0.0,,,,,,,,36.03517,-86.76871,False,Crashes_2010_2019_MPO
900095639,2010-04-28,2010,,94.0,,,0,0, ,0.0,0.0,0.0,,,,,,,,36.0261,-86.878899,False,Crashes_2010_2019_MPO
101348230,2016-08-27,2016,,94.0,,,0,0,N,0.0,0.0,0.0,,,,,,,,35.9292,-86.86493,False,Crashes_2010_2019_MPO
101921344,2018-02-20,2018,,19.0,,,0,0,N,0.0,0.0,0.0,,,,,,,,36.03352,-86.71298,False,Crashes_2010_2019_MPO
101363283,2016-09-17,2016,,19.0,,,0,0,N,0.0,0.0,0.0,,,,,,,,36.02447,-86.68886,False,Crashes_2010_2019_MPO
101390938,2016-09-27,2016,,19.0,,,0,0,N,0.0,0.0,0.0,,,,,,,,36.03969,-86.75998,False,Crashes_2010_2019_MPO
101433779,2016-11-07,2016,,94.0,,,0,0,N,0.0,0.0,0.0,,,,,,,,35.92501,-86.87365,False,Crashes_2010_2019_MPO
101329418,2016-08-16,2016,,94.0,,,0,0,N,0.0,0.0,0.0,,,,,,,,35.9407,-86.83934,False,Crashes_2010_2019_MPO
100941995,2015-08-30,2015,,94.0,,,0,0,N,0.0,0.0,0.0,,,,,,,,35.96169,-86.81526,False,Crashes_2010_2019_MPO
101813158,2017-11-03,2017,,94.0,,,0,0,N,0.0,0.0,0.0,,,,,,,,35.95531,-86.69977,False,Crashes_2010_2019_MPO
101437824,2016-11-10,2016,,94.0,,,0,0,N,0.0,0.0,0.0,,,,,,,,36.01401,-86.79996,True,Crashes_2010_2019_MPO
101282009,2016-07-07,2016,,19.0,,,0,1,N,0.0,1.0,0.0,,,,,,,,36.04519,-86.71604,False,Crashes_2010_2019_MPO
100974947,2015-10-07,2015,,19.0,,,0,0,N,0.0,0.0,0.0,,,,,,,,36.0374,-86.78657,False,Crashes_2010_2019_MPO
102571824,2019-11-18,2019,,94.0,,,0,0,N,0.0,0.0,0.0,,,,,,,,35.99026,-86.74524,True,Crashes_2010_2019_MPO
102253749,2018-12-21,2018,,94.0,,,0,0,N,0.0,0.0,0.0,,,,,,,,36.01346,-86.80356,True,Crashes_2010_2019_MPO
101857546,2017-12-13,2017,,94.0,,,0,0,N,0.0,0.0,0.0,,,,,,,,35.95114,-86.84826,False,Crashes_2010_2019_MPO
100939451,2015-08-25,2015,,94.0,,,0,0,N,0.0,0.0,0.0,,,,,,,,35.94257,-86.76725,True,Crashes_2010_2019_MPO
101154595,2016-03-31,2016,,19.0,,,0,0,N,0.0,0.0,0.0,,,,,,,,36.04598,-86.68982,False,Crashes_2010_2019_MPO
100996423,2015-10-26,2015,,19.0,,,0,0,N,0.0,0.0,0.0,,,,,,,,36.03761,-86.78512,False,Crashes_2010_2019_MPO
102056805,2018-06-28,2018,,19.0,,,0,0,N,0.0,0.0,0.0,,,,,,,,36.04234,-86.83738,False,Crashes_2010_2019_MPO
101005986,2015-11-06,2015,,19.0,,,0,0,N,0.0,0.0,0.0,,,,,,,,36.0274,-86.69619,False,Crashes_2010_2019_MPO
102391025,2019-05-16,2019,,94.0,,,0,0,N,0.0,0.0,0.0,,,,,,,,35.95806,-86.80258,False,Crashes_2010_2019_MPO
102244637,2018-12-13,2018,,94.0,,,0,0,N,0.0,0.0,0.0,,,,,,,,35.95695,-86.76746,True,Crashes_2010_2019_MPO
102062750,2018-07-04,2018,,94.0,,,0,0,N,0.0,0.0,0.0,,,,,,,,36.00001,-86.70249,True,Crashes_2010_2019_MPO
101855365,2017-12-11,2017,,94.0,,,0,0,N,0.0,0.0,0.0,,,,,,,,35.96681,-86.81119,True,Crashes_2010_2019_MPO
101833389,2017-11-21,2017,,19.0,,,0,0,N,0.0,0.0,0.0,,,,,,,,36.04454,-86.68697,False,Crashes_2010_2019_MPO
100383852,2013-09-25,2013,,94.0,,,0,0,N,0.0,0.0,0.0,,,,,,,,35.93519,-86.82384,False,Crashes_2010_2019_MPO
100735103,2015-02-09,2015,,19.0,,,0,0,N,0.0,0.0,0.0,,,,,,,,36.0454,-86.71336,False,Crashes_2010_2019_MPO
101157456,2016-04-04,2016,,19.0,,,0,0,N,0.0,0.0,0.0,,,,,,,,36.00166,-86.69599,False,Crashes_2010_2019_MPO
100693376,2014-11-19,2014,,94.0,,,0,0,N,0.0,0.0,0.0,,,,,,,,35.93593,-86.82373,False,Crashes_2010_2019_MPO
100875883,2015-06-19,2015,,94.0,,,0,0,N,0.0,0.0,0.0,,,,,,,,35.93591,-86.7957,False,Crashes_2010_2019_MPO
100971725,2015-10-02,2015,,94.0,,,0,0,N,0.0,0.0,0.0,,,,,,,,35.9352,-86.77578,False,Crashes_2010_2019_MPO
100718659,2015-01-07,2015,,94.0,,,0,0,N,0.0,0.0,0.0,,,,,,,,35.971721,-86.834503,False,Crashes_2010_2019_MPO
100182484,2012-05-17,2012,,94.0,,,0,0,Y,0.0,0.0,1.0,,,,,,,,35.93756,-86.76808,False,Crashes_2010_2019_MPO
101039472,2015-11-27,2015,,94.0,,,0,0,N,0.0,0.0,0.0,,,,,,,,35.98432,-86.72403,True,Crashes_2010_2019_MPO
101472668,2016-12-09,2016,,94.0,,,0,0,N,0.0,0.0,0.0,,,,,,,,35.96716,-86.81351,True,Crashes_2010_2019_MPO
100505614,2014-05-07,2014,,94.0,,,0,0,N,0.0,0.0,0.0,,,,,,,,35.92761,-86.87249,False,Crashes_2010_2019_MPO
101363524,2016-09-17,2016,,94.0,,,0,0,N,0.0,0.0,0.0,,,,,,,,35.96979,-86.72405,True,Crashes_2010_2019_MPO
102048475,2018-06-19,2018,,94.0,,,0,0,N,0.0,0.0,0.0,,,,,,,,35.96705,-86.81355,True,Crashes_2010_2019_MPO
100418594,2013-12-04,2013,,94.0,,,0,0,N,0.0,0.0,0.0,,,,,,,,35.92674,-86.86647,False,Crashes_2010_2019_MPO
101997119,2018-05-02,2018,,94.0,,,0,0,N,0.0,0.0,0.0,,,,,,,,35.92456,-86.87028,False,Crashes_2010_2019_MPO
100872564,2015-06-11,2015,,94.0,,,0,0,N,0.0,0.0,0.0,,,,,,,,35.96507,-86.80015,True,Crashes_2010_2019_MPO
102011784,2018-05-15,2018,,94.0,,,0,0,N,0.0,0.0,0.0,,,,,,,,35.93424,-86.81804,False,Crashes_2010_2019_MPO
100212567,2012-08-07,2012,,94.0,,,0,0,N,0.0,0.0,0.0,,,,,,,,35.93695,-86.693,False,Crashes_2010_2019_MPO
101959264,2018-03-28,2018,,94.0,,,0,0,N,0.0,0.0,0.0,,,,,,,,36.03439,-86.78336,True,Crashes_2010_2019_MPO
102071914,2018-07-11,2018,,94.0,,,0,0,N,0.0,0.0,0.0,,,,,,,,35.92366,-86.86782,False,Crashes_2010_2019_MPO
102450222,2019-07-17,2019,,94.0,,,0,0,N,0.0,0.0,0.0,,,,,,,,35.95783,-86.80258,False,Crashes_2010_2019_MPO
100979764,2015-10-15,2015,,94.0,,,0,0,N,0.0,0.0,0.0,,,,,,,,35.93182,-86.79406,False,Crashes_2010_2019_MPO
100756608,2015-03-04,2015,,19.0,,,0,0,N,0.0,0.0,0.0,,,,,,,,36.04526,-86.71475,False,Crashes_2010_2019_MPO
102518073,2019-09-23,2019,,94.0,,,0,0,N,0.0,0.0,0.0,,,,,,,,35.96705,-86.81355,True,Crashes_2010_2019_MPO
102166530,2018-10-02,2018,,94.0,,,0,0,N,0.0,0.0,0.0,,,,,,,,35.9583,-86.8023,False,Crashes_2010_2019_MPO
102234494,2018-12-04,2018,,19.0,,,0,0,N,0.0,0.0,0.0,,,,,,,,36.02821,-86.71263,False,Crashes_2010_2019_MPO
100715455,2014-12-30,2014,,19.0,,,0,0,N,0.0,0.0,0.0,,,,,,,,36.03983,-86.78139,False,Crashes_2010_2019_MPO
102271340,2019-01-09,2019,,94.0,,,0,0,N,0.0,0.0,0.0,,,,,,,,35.92472,-86.87428,False,Crashes_2010_2019_MPO
102342497,2019-03-27,2019,,19.0,,,0,0,N,0.0,0.0,0.0,,,,,,,,36.04533,-86.77948,False,Crashes_2010_2019_MPO
100716868,2015-01-03,2015,,19.0,,,0,0,N,0.0,0.0,0.0,,,,,,,,36.04526,-86.71709,False,Crashes_2010_2019_MPO
100801432,2015-04-02,2015,,19.0,,,0,0,N,0.0,0.0,0.0,,,,,,,,36.04084,-86.77935,False,Crashes_2010_2019_MPO
100968265,2015-09-26,2015,,94.0,,,0,0,N,0.0,0.0,0.0,,,,,,,,35.96507,-86.79501,True,Crashes_2010_2019_MPO
101931036,2018-03-02,2018,,19.0,,,0,0,N,0.0,0.0,0.0,,,,,,,,36.03022,-86.87597,False,Crashes_2010_2019_MPO
102599256,2019-12-16,2019,,19.0,,,0,0,N,0.0,0.0,0.0,,,,,,,,36.0454,-86.71815,False,Crashes_2010_2019_MPO
101102351,2016-02-09,2016,,94.0,,,0,0,N,0.0,0.0,0.0,,,,,,,,36.00931,-86.72607,True,Crashes_2010_2019_MPO
101047428,2015-12-11,2015,,94.0,,,0,0,N,0.0,0.0,0.0,,,,,,,,35.96653,-86.80933,True,Crashes_2010_2019_MPO
101433293,2016-11-07,2016,,19.0,,,0,0,N,0.0,0.0,0.0,,,,,,,,36.03971,-86.76279,False,Crashes_2010_2019_MPO
101178768,2016-04-21,2016,,94.0,,,0,0,N,0.0,0.0,0.0,,,,,,,,35.95182,-86.74161,True,Crashes_2010_2019_MPO
101700551,2017-07-13,2017,,19.0,,,0,0,N,0.0,0.0,0.0,,,,,,,,36.0485,-86.71364,False,Crashes_2010_2019_MPO
102309091,2019-02-18,2019,,94.0,,,0,0,N,0.0,0.0,0.0,,,,,,,,35.93374,-86.81767,False,Crashes_2010_2019_MPO
101005271,2015-11-07,2015,,19.0,,,0,0,N,0.0,0.0,0.0,,,,,,,,36.0453,-86.70168,False,Crashes_2010_2019_MPO
100824118,2015-04-26,2015,,94.0,,,0,0,N,0.0,0.0,0.0,,,,,,,,35.99688,-86.79185,True,Crashes_2010_2019_MPO
100752494,2015-02-24,2015,,94.0,,,0,0,N,0.0,0.0,0.0,,,,,,,,35.96499,-86.80151,True,Crashes_2010_2019_MPO
102522523,2019-09-27,2019,,19.0,,,0,0,N,0.0,0.0,0.0,,,,,,,,36.03047,-86.74398,False,Crashes_2010_2019_MPO
101895851,2018-01-24,2018,,94.0,,,0,0,N,0.0,0.0,0.0,,,,,,,,35.92926,-86.83968,False,Crashes_2010_2019_MPO
101738623,2017-08-22,2017,,94.0,,,0,0,N,0.0,0.0,0.0,,,,,,,,35.966656,-86.809172,True,Crashes_2010_2019_MPO
101666220,2017-06-05,2017,,94.0,,,0,0,N,0.0,0.0,0.0,,,,,,,,35.94287,-86.80034,False,Crashes_2010_2019_MPO
101704589,2017-07-17,2017,,94.0,,,0,0,N,0.0,0.0,0.0,,,,,,,,35.94481,-86.82862,False,Crashes_2010_2019_MPO
100997248,2015-10-27,2015,,94.0,,,0,0,N,0.0,0.0,0.0,,,,,,,,36.02958,-86.79135,True,Crashes_2010_2019_MPO
100375559,2013-09-04,2013,,94.0,,,0,0,N,0.0,0.0,0.0,,,,,,,,35.99533,-86.79751,True,Crashes_2010_2019_MPO
102505847,2019-09-10,2019,,94.0,,,0,0,N,0.0,0.0,0.0,,,,,,,,35.92317,-86.81685,False,Crashes_2010_2019_MPO
102554029,2019-10-30,2019,,94.0,,,0,0,N,0.0,0.0,0.0,,,,,,,,35.94489,-86.82843,False,Crashes_2010_2019_MPO
101354062,2016-09-05,2016,,19.0,,,0,0,N,0.0,0.0,0.0,,,,,,,,36.03056,-86.75626,False,Crashes_2010_2019_MPO
100432821,2014-01-19,2014,,94.0,,,0,0,N,0.0,0.0,0.0,,,,,,,,35.93422,-86.8186,False,Crashes_2010_2019_MPO
100594460,2014-08-11,2014,,94.0,,,0,0,N,0.0,0.0,0.0,,,,,,,,35.92378,-86.86903,False,Crashes_2010_2019_MPO