mstrrecnbr,collision_ts,year,county,countystat,crash,crash_type,fatalities,non_motorists,commercial,fatal_c,nonmotor_c,truck_c,fatalc,serious_injuries,ped,bike,lighting,weather,first_harmful_event,latitude,longitude,in_city,src_layer
102026627,2018-05-29,2018,,94.0,,,0,0,N,0.0,0.0,0.0,,,,,,,,35.96176,-86.80176,True,Crashes_2010_2019_MPO
101768851,2017-09-22,2017,,94.0,,,0,0,N,0.0,0.0,0.0,,,,,,,,36.01661,-86.78627,True,Crashes_2010_2019_MPO
101997858,2018-05-02,2018,,94.0,,,0,0,N,0.0,0.0,0.0,,,,,,,,35.95269,-86.8122,False,Crashes_2010_2019_MPO
101123034,2016-02-26,2016,,94.0,,,0,0,N,0.0,0.0,0.0,,,,,,,,35.92553,-86.86825,False,Crashes_2010_2019_MPO
102474871,2019-08-11,2019,,94.0,,,0,0,N,0.0,0.0,0.0,,,,,,,,36.0205,-86.78268,True,Crashes_2010_2019_MPO
100970180,2015-09-29,2015,,94.0,,,0,0,N,0.0,0.0,0.0,,,,,,,,35.97103,-86.72644,True,Crashes_2010_2019_MPO
101196744,2016-05-15,2016,,19.0,,,0,0,N,0.0,0.0,0.0,,,,,,,,36.05062,-86.72565,False,Crashes_2010_2019_MPO
101589542,2017-03-21,2017,,94.0,,,0,0,N,0.0,0.0,0.0,,,,,,,,35.9236,-86.82266,False,Crashes_2010_2019_MPO
102505042,2019-09-10,2019,,19.0,,,0,0,N,0.0,0.0,0.0,,,,,,,,36.0494,-86.73306,False,Crashes_2010_2019_MPO
102568001,2019-11-14,2019,,94.0,,,0,0,N,0.0,0.0,0.0,,,,,,,,35.99843,-86.80414,True,Crashes_2010_2019_MPO
100310804,2013-04-01,2013,,94.0,,,0,0,N,0.0,0.0,0.0,,,,,,,,35.94607,-86.8086,False,Crashes_2010_2019_MPO
101777651,2017-09-30,2017,,19.0,,,0,0,N,0.0,0.0,0.0,,,,,,,,36.04543,-86.71258,False,Crashes_2010_2019_MPO
100697194,2014-11-21,2014,,94.0,,,0,0,N,0.0,0.0,0.0,,,,,,,,35.99115,-86.79895,True,Crashes_2010_2019_MPO
101077882,2016-01-15,2016,,19.0,,,0,0,N,0.0,0.0,0.0,,,,,,,,36.04407,-86.78062,False,Crashes_2010_2019_MPO
100394716,2013-10-22,2013,,94.0,,,0,0,N,0.0,0.0,0.0,,,,,,,,35.98546,-86.73175,True,Crashes_2010_2019_MPO
100907461,2015-07-16,2015,,94.0,,,0,0,N,0.0,0.0,0.0,,,,,,,,36.03114,-86.78995,True,Crashes_2010_2019_MPO
102297015,2019-02-04,2019,,94.0,,,0,0,N,0.0,0.0,0.0,,,,,,,,35.93219,-86.79405,False,Crashes_2010_2019_MPO
102381992,2019-05-06,2019,,94.0,,,0,0,N,0.0,0.0,0.0,,,,,,,,36.03175,-86.78961,True,Crashes_2010_2019_MPO
101363502,2016-09-16,2016,,94.0,,,0,0,N,0.0,0.0,0.0,,,,,,,,35.95799,-86.79927,False,Crashes_2010_2019_MPO
102207386,2018-11-11,2018,,19.0,,,0,0,N,0.0,0.0,0.0,,,,,,,,36.04606,-86.68428,False,Crashes_2010_2019_MPO
101589516,2017-03-20,2017,,94.0,,,0,0,N,0.0,0.0,0.0,,,,,,,,35.92321,-86.87307,False,Crashes_2010_2019_MPO
101236134,2016-05-31,2016,,94.0,,,0,0,N,0.0,0.0,0.0,,,,,,,,35.97102,-86.67835,False,Crashes_2010_2019_MPO
101347225,2016-08-27,2016,,19.0,,,0,0,N,0.0,0.0,0.0,,,,,,,,36.00086,-86.68926,False,Crashes_2010_2019_MPO
101316485,2016-07-28,2016,,94.0,,,0,0,N,0.0,0.0,0.0,,,,,,,,35.96499,-86.72753,True,Crashes_2010_2019_MPO
100666486,2014-11-07,2014,,19.0,,,0,0,N,0.0,0.0,0.0,,,,,,,,36.0406,-86.77106,False,Crashes_2010_2019_MPO
102495244,2019-09-01,2019,,19.0,,,0,0,N,0.0,0.0,0.0,,,,,,,,36.04995,-86.69229,False,Crashes_2010_2019_MPO
102323906,2019-03-06,2019,,94.0,,,0,0,N,0.0,0.0,0.0,,,,,,,,35.96133,-86.81226,False,Crashes_2010_2019_MPO
102515109,2019-09-20,2019,,94.0,,,0,0,N,0.0,0.0,0.0,,,,,,,,36.00199,-86.84011,True,Crashes_2010_2019_MPO
102252051,2018-12-19,2018,,19.0,,,0,0,N,0.0,0.0,0.0,,,,,,,,36.03756,-86.78536,False,Crashes_2010_2019_MPO
101460592,2016-11-25,2016,,94.0,,,0,0,N,0.0,0.0,0.0,,,,,,,,35.94544,-86.82307,False,Crashes_2010_2019_MPO
101276671,2016-06-30,2016,,94.0,,,0,0,N,0.0,0.0,0.0,,,,,,,,36.00571,-86.78037,True,Crashes_2010_2019_MPO
101888693,2018-01-16,2018,,19.0,,,0,0,N,0.0,0.0,0.0,,,,,,,,36.03928,-86.733,False,Crashes_2010_2019_MPO
101626216,2017-04-25,2017,,94.0,,,0,0,N,0.0,0.0,0.0,,,,,,,,35.94571,-86.82797,False,Crashes_2010_2019_MPO
100364215,2013-08-08,2013,,94.0,,,0,0,N,0.0,0.0,0.0,,,,,,,,35.95221,-86.81873,False,Crashes_2010_2019_MPO
101645154,2017-05-15,2017,,94.0,,,0,0,N,0.0,0.0,0.0,,,,,,,,35.92637,-86.86867,False,Crashes_2010_2019_MPO
102160759,2018-09-28,2018,,19.0,,,0,0,N,0.0,0.0,0.0,,,,,,,,36.03912,-86.78238,False,Crashes_2010_2019_MPO
102325669,2019-03-09,2019,,94.0,,,0,0,N,0.0,0.0,0.0,,,,,,,,35.98153,-86.71138,True,Crashes_2010_2019_MPO
101232968,2016-05-26,2016,,94.0,,,0,0,N,0.0,0.0,0.0,,,,,,,,35.9608,-86.8131,False,Crashes_2010_2019_MPO
102321783,2019-03-05,2019,,94.0,,,0,0,N,0.0,0.0,0.0,,,,,,,,35.97502,-86.83688,False,Crashes_2010_2019_MPO
101714937,2017-07-24,2017,,94.0,,,0,0,N,0.0,0.0,0.0,,,,,,,,35.99004,-86.79934,True,Crashes_2010_2019_MPO
102125316,2018-08-28,2018,,19.0,,,0,0,N,0.0,0.0,0.0,,,,,,,,36.03749,-86.7913,False,Crashes_2010_2019_MPO
100377094,2013-09-09,2013,,94.0,,,0,0,N,0.0,0.0,0.0,,,,,,,,35.93097,-86.87647,False,Crashes_2010_2019_MPO
101671287,2017-06-12,2017,,94.0,,,0,0,N,0.0,0.0,0.0,,,,,,,,36.01918,-86.78699,True,Crashes_2010_2019_MPO
100835394,2015-05-16,2015,,94.0,,,0,0,N,0.0,0.0,0.0,,,,,,,,35.95865,-86.80218,False,Crashes_2010_2019_MPO
100425088,2013-12-28,2013,,94.0,,,0,0,N,0.0,0.0,0.0,,,,,,,,35.92471,-86.82203,False,Crashes_2010_2019_MPO
101578413,2017-03-09,2017,,94.0,,,0,0,N,0.0,0.0,0.0,,,,,,,,35.94782,-86.81975,False,Crashes_2010_2019_MPO
102020116,2018-05-23,2018,,19.0,,,0,0,N,0.0,0.0,0.0,,,,,,,,36.04544,-86.71847,False,Crashes_2010_2019_MPO
101836902,2017-11-24,2017,,19.0,,,0,0,N,0.0,0.0,0.0,,,,,,,,36.04572,-86.70931,False,Crashes_2010_2019_MPO
100359201,2013-07-26,2013,,94.0,,,0,0,N,0.0,0.0,0.0,,,,,,,,35.92558,-86.87283,False,Crashes_2010_2019_MPO
100383076,2013-09-24,2013,,94.0,,,0,0,N,0.0,0.0,0.0,,,,,,,,35.92928,-86.86488,False,Crashes_2010_2019_MPO
101712441,2017-07-26,2017,,19.0,,,0,0,N,0.0,0.0,0.0,,,,,,,,36.05254,-86.71468,False,Crashes_2010_2019_MPO
100363787,2013-07-14,2013,,94.0,,,0,0,N,0.0,0.0,0.0,,,,,,,,35.96411,-86.81063,False,Crashes_2010_2019_MPO
101345623,2016-08-24,2016,,94.0,,,0,0,N,0.0,0.0,0.0,,,,,,,,36.00964,-86.78547,True,Crashes_2010_2019_MPO
102029009,2018-05-31,2018,,94.0,,,0,0,N,0.0,0.0,0.0,,,,,,,,35.96705,-86.81355,True,Crashes_2010_2019_MPO
100390168,2013-10-11,2013,,94.0,,,0,0,N,0.0,0.0,0.0,,,,,,,,35.99781,-86.79885,True,Crashes_2010_2019_MPO
101181801,2016-04-26,2016,,94.0,,,0,0,N,0.0,0.0,0.0,,,,,,,,36.034035,-86.787254,True,Crashes_2010_2019_MPO
100858825,2015-06-10,2015,,94.0,,,0,0,N,0.0,0.0,0.0,,,,,,,,35.95858,-86.80437,False,Crashes_2010_2019_MPO
101595118,2017-03-27,2017,,94.0,,,0,0,N,0.0,0.0,0.0,,,,,,,,35.93217,-86.79402,False,Crashes_2010_2019_MPO
100972659,2015-10-03,2015,,19.0,,,0,0,N,0.0,0.0,0.0,,,,,,,,36.04171,-86.74835,False,Crashes_2010_2019_MPO
101008543,2015-11-13,2015,,94.0,,,0,0,N,0.0,0.0,0.0,,,,,,,,35.95066,-86.81852,False,Crashes_2010_2019_MPO
101274581,2016-06-27,2016,,94.0,,,0,0,N,0.0,0.0,0.0,,,,,,,,36.00132,-86.79408,True,Crashes_2010_2019_MPO
102484249,2019-08-21,2019,,19.0,,,0,0,N,0.0,0.0,0.0,,,,,,,,36.03771,-86.78482,False,Crashes_2010_2019_MPO
100753753,2015-02-22,2015,,19.0,,,0,0,N,0.0,0.0,0.0,,,,,,,,36.03144,-86.67788,False,Crashes_2010_2019_MPO
100336903,2013-06-02,2013,,94.0,,,0,0,N,0.0,0.0,0.0,,,,,,,,36.02663,-86.79245,True,Crashes_2010_2019_MPO
102031212,2018-06-02,2018,,19.0,,,0,0,N,0.0,0.0,0.0,,,,,,,,36.05493,-86.735,False,Crashes_2010_2019_MPO
101465889,2016-12-02,2016,,94.0,,,0,0,N,0.0,0.0,0.0,,,,,,,,35.97316,-86.83107,True,Crashes_2010_2019_MPO
100993703,2015-10-22,2015,,19.0,,,0,0,N,0.0,0.0,0.0,,,,,,,,36.02519,-86.72324,False,Crashes_2010_2019_MPO
101128736,2016-03-06,2016,,19.0,,,0,0,N,0.0,0.0,0.0,,,,,,,,36.04029,-86.76833,False,Crashes_2010_2019_MPO
101718254,2017-08-01,2017,,94.0,,,0,0,N,0.0,0.0,0.0,,,,,,,,35.95069,-86.8185,False,Crashes_2010_2019_MPO
101474486,2016-12-12,2016,,94.0,,,0,0,N,0.0,0.0,0.0,,,,,,,,36.03319,-86.7876,True,Crashes_2010_2019_MPO
102551214,2019-10-26,2019,,19.0,,,0,0,N,0.0,0.0,0.0,,,,,,,,36.04583,-86.68471,False,Crashes_2010_2019_MPO
100706425,2014-12-13,2014,,94.0,,,0,0,N,0.0,0.0,0.0,,,,,,,,36.02788,-86.79174,True,Crashes_2010_2019_MPO
102504479,2019-09-09,2019,,19.0,,,0,0,N,0.0,0.0,0.0,,,,,,,,36.04309,-86.69143,False,Crashes_2010_2019_MPO
100283455,2013-01-24,2013,,94.0,,,0,0,N,0.0,0.0,0.0,,,,,,,,35.9377,-86.7035,False,Crashes_2010_2019_MPO
100682177,2014-11-17,2014,,94.0,,,0,0,N,0.0,0.0,0.0,,,,,,,,35.97281,-86.82931,True,Crashes_2010_2019_MPO
101555440,2017-02-15,2017,,94.0,,,0,0,N,0.0,0.0,0.0,,,,,,,,35.93061,-86.86388,False,Crashes_2010_2019_MPO
100263212,2012-12-07,2012,,94.0,,,0,0,N,0.0,0.0,0.0,,,,,,,,35.996,-86.78404,True,Crashes_2010_2019_MPO
102611452,2019-12-30,2019,,94.0,,,0,0,N,0.0,0.0,0.0,,,,,,,,36.02675,-86.80047,True,Crashes_2010_2019_MPO
100924753,2015-08-17,2015,,94.0,,,0,0,N,0.0,0.0,0.0,,,,,,,,35.96499,-86.80148,True,Crashes_2010_2019_MPO
100136150,2012-01-09,2012,,94.0,,,0,0,N,0.0,0.0,0.0,,,,,,,,35.998379,-86.80381,True,Crashes_2010_2019_MPO
100457296,2014-02-25,2014,,94.0,,,0,0,N,0.0,0.0,0.0,,,,,,,,35.93621,-86.77424,False,Crashes_2010_2019_MPO
100995163,2015-10-24,2015,,19.0,,,0,0,N,0.0,0.0,0.0,,,,,,,,36.05076,-86.7192,False,Crashes_2010_2019_MPO
101103955,2016-02-11,2016,,94.0,,,0,0,N,0.0,0.0,0.0,,,,,,,,36.00193,-86.75351,True,Crashes_2010_2019_MPO
102377143,2019-05-01,2019,,94.0,,,0,0,N,0.0,0.0,0.0,,,,,,,,35.98326,-86.71737,True,Crashes_2010_2019_MPO
100801010,2015-04-01,2015,,94.0,,,0,0,N,0.0,0.0,0.0,,,,,,,,35.96822,-86.81874,True,Crashes_2010_2019_MPO
100320200,2013-04-23,2013,,94.0,,,0,0,N,0.0,0.0,0.0,,,,,,,,35.97233,-86.67764,False,Crashes_2010_2019_MPO
101776984,2017-09-30,2017,,94.0,,,0,0,N,0.0,0.0,0.0,,,,,,,,35.96995,-86.82058,True,Crashes_2010_2019_MPO
101685094,2017-06-28,2017,,94.0,,,0,0,N,0.0,0.0,0.0,,,,,,,,35.99734,-86.79486,True,Crashes_2010_2019_MPO
102248049,2018-12-16,2018,,19.0,,,0,0,N,0.0,0.0,0.0,,,,,,,,36.04113,-86.77613,False,Crashes_2010_2019_MPO
102194734,2018-10-30,2018,,94.0,,,0,0,N,0.0,0.0,0.0,,,,,,,,36.0343,-86.79174,True,Crashes_2010_2019_MPO
101462786,2016-11-29,2016,,19.0,,,0,0,N,0.0,0.0,0.0,,,,,,,,36.04545,-86.70403,False,Crashes_2010_2019_MPO
101682294,2017-06-23,2017,,94.0,,,0,0,N,0.0,0.0,0.0,,,,,,,,35.94382,-86.82028,False,Crashes_2010_2019_MPO
102048110,2018-06-19,2018,,19.0,,,0,0,N,0.0,0.0,0.0,,,,,,,,36.0095,-86.70166,False,Crashes_2010_2019_MPO
100358629,2013-07-25,2013,,94.0,,,0,0,N,0.0,0.0,0.0,,,,,,,,35.92483,-86.87228,False,Crashes_2010_2019_MPO
102055924,2018-06-27,2018,,94.0,,,0,0,N,0.0,0.0,0.0,,,,,,,,35.92557,-86.78427,False,Crashes_2010_2019_MPO
101942289,2018-03-13,2018,,94.0,,,0,0,N,0.0,0.0,0.0,,,,,,,,35.98576,-86.67993,False,Crashes_2010_2019_MPO
100698921,2014-11-26,2014,,94.0,,,0,0,N,0.0,0.0,0.0,,,,,,,,35.94068,-86.83938,False,Crashes_2010_2019_MPO
101348650,2016-08-29,2016,,19.0,,,0,0,N,0.0,0.0,0.0,,,,,,,,36.04031,-86.76868,False,Crashes_2010_2019_MPO
100319836,2013-04-23,2013,,94.0,,,0,0,N,0.0,0.0,0.0,,,,,,,,36.00417,-86.79083,True,Crashes_2010_2019_MPO
100387366,2013-10-04,2013,,94.0,,,0,0,N,0.0,0.0,0.0,,,,,,,,35.93222,-86.82394,False,Crashes_2010_2019_MPO
102229799,2018-11-30,2018,,19.0,,,0,0,N,0.0,0.0,0.0,,,,,,,,36.03999,-86.78126,False,Crashes_2010_2019_MPO
102450073,2019-07-17,2019,,19.0,,,0,0,N,0.0,0.0,0.0,,,,,,,,36.04561,-86.8548,False,Crashes_2010_2019_MPO
102424249,2019-06-20,2019,,94.0,,,0,0,N,0.0,0.0,0.0,,,,,,,,35.9656,-86.81147,False,Crashes_2010_2019_MPO
102365499,2019-04-19,2019,,94.0,,,0,0,N,0.0,0.0,0.0,,,,,,,,35.93405,-86.81901,False,Crashes_2010_2019_MPO
102098317,2018-08-04,2018,,19.0,,,0,0,N,0.0,0.0,0.0,,,,,,,,36.04002,-86.74367,False,Crashes_2010_2019_MPO
100914119,2015-07-29,2015,,94.0,,,0,0,N,0.0,0.0,0.0,,,,,,,,35.9242,-86.87002,False,Crashes_2010_2019_MPO
101273638,2016-06-20,2016,,19.0,,,0,0,N,0.0,0.0,0.0,,,,,,,,36.04142,-86.74983,False,Crashes_2010_2019_MPO
101867764,2017-12-23,2017,,19.0,,,0,0,N,0.0,0.0,0.0,,,,,,,,36.0255,-86.80071,True,Crashes_2010_2019_MPO
101453377,2016-11-18,2016,,94.0,,,0,0,N,0.0,0.0,0.0,,,,,,,,36.00417,-86.79083,True,Crashes_2010_2019_MPO
102073690,2018-07-13,2018,,94.0,,,0,0,N,0.0,0.0,0.0,,,,,,,,35.92882,-86.78513,False,Crashes_2010_2019_MPO
101323913,2016-08-09,2016,,19.0,,,0,0,N,0.0,0.0,0.0,,,,,,,,36.03942,-86.81644,False,Crashes_2010_2019_MPO
100710065,2014-12-20,2014,,94.0,,,0,0,N,0.0,0.0,0.0,,,,,,,,35.96756,-86.6968,False,Crashes_2010_2019_MPO
101166658,2016-04-18,2016,,19.0,,,0,0,N,0.0,0.0,0.0,,,,,,,,36.04285,-86.72633,False,Crashes_2010_2019_MPO
101387975,2016-09-23,2016,,94.0,,,0,0,N,0.0,0.0,0.0,,,,,,,,35.96518,-86.80029,True,Crashes_2010_2019_MPO
100966974,2015-09-25,2015,,94.0,,,0,0,N,0.0,0.0,0.0,,,,,,,,35.94919,-86.81948,False,Crashes_2010_2019_MPO
101685341,2017-06-27,2017,,94.0,,,0,0,N,0.0,0.0,0.0,,,,,,,,35.92336,-86.81687,False,Crashes_2010_2019_MPO
101965515,2018-04-03,2018,,94.0,,,0,0,N,0.0,0.0,0.0,,,,,,,,35.99346,-86.693975,True,Crashes_2010_2019_MPO
100911362,2015-07-24,2015,,94.0,,,0,0,N,0.0,0.0,0.0,,,,,,,,35.9507,-86.87239,False,Crashes_2010_2019_MPO
101597831,2017-03-29,2017,,94.0,,,0,0,N,0.0,0.0,0.0,,,,,,,,36.03067,-86.7902,True,Crashes_2010_2019_MPO
102341026,2019-03-25,2019,,94.0,,,0,0,N,0.0,0.0,0.0,,,,,,,,35.95521,-86.82559,False,Crashes_2010_2019_MPO
10390639,2012-11-20,2012,,19.0,,,0,0, ,0.0,0.0,0.0,,,,,,,,36.051128,-86.702103,False,Crashes_2010_2019_MPO
102559526,2019-11-05,2019,,94.0,,,0,0,N,0.0,0.0,0.0,,,,,,,,35.94693,-86.80691,False,Crashes_2010_2019_MPO
100548987,2014-06-09,2014,,94.0,,,0,0,N,0.0,0.0,0.0,,,,,,,,35.94804,-86.81619,False,Crashes_2010_2019_MPO
102202112,2018-11-06,2018,,94.0,,,0,0,N,0.0,0.0,0.0,,,,,,,,36.03585,-86.78728,True,Crashes_2010_2019_MPO
102425195,2019-06-21,2019,,19.0,,,0,0,N,0.0,0.0,0.0,,,,,,,,36.04084,-86.77347,False,Crashes_2010_2019_MPO
101988339,2018-04-24,2018,,94.0,,,0,0,N,0.0,0.0,0.0,,,,,,,,35.96509,-86.81627,True,Crashes_2010_2019_MPO
101732066,2017-08-16,2017,,94.0,,,0,0,N,0.0,0.0,0.0,,,,,,,,36.03522,-86.78691,True,Crashes_2010_2019_MPO
100434923,2014-01-25,2014,,94.0,,,0,0,N,0.0,0.0,0.0,,,,,,,,35.92574,-86.87011,False,Crashes_2010_2019_MPO
100825420,2015-04-28,2015,,94.0,,,0,0,N,0.0,0.0,0.0,,,,,,,,35.95801,-86.80257,False,Crashes_2010_2019_MPO
101818436,2017-11-08,2017,,94.0,,,0,0,N,0.0,0.0,0.0,,,,,,,,36.00545,-86.86575,False,Crashes_2010_2019_MPO
101859179,2017-12-15,2017,,19.0,,,0,0,N,0.0,0.0,0.0,,,,,,,,36.0515,-86.77516,False,Crashes_2010_2019_MPO
102590329,2019-12-06,2019,,94.0,,,0,0,N,0.0,0.0,0.0,,,,,,,,35.9956,-86.77987,True,Crashes_2010_2019_MPO
101940913,2018-03-11,2018,,19.0,,,0,0,N,0.0,0.0,0.0,,,,,,,,36.01233,-86.683,False,Crashes_2010_2019_MPO
101347053,2016-08-26,2016,,19.0,,,0,0,N,0.0,0.0,0.0,,,,,,,,35.99762,-86.69094,False,Crashes_2010_2019_MPO
101990438,2018-04-26,2018,,19.0,,,0,0,N,0.0,0.0,0.0,,,,,,,,36.04531,-86.71385,False,Crashes_2010_2019_MPO
102396018,2019-05-21,2019,,94.0,,,0,0,N,0.0,0.0,0.0,,,,,,,,35.96116,-86.68402,False,Crashes_2010_2019_MPO
102312727,2019-02-22,2019,,19.0,,,0,0,N,0.0,0.0,0.0,,,,,,,,36.04064,-86.77152,False,Crashes_2010_2019_MPO
101918932,2018-02-17,2018,,94.0,,,0,0,N,0.0,0.0,0.0,,,,,,,,35.95015,-86.84906,False,Crashes_2010_2019_MPO
101568909,2017-02-27,2017,,94.0,,,0,0,N,0.0,0.0,0.0,,,,,,,,35.96973,-86.8362,False,Crashes_2010_2019_MPO
101940631,2018-03-09,2018,,94.0,,,0,0,N,0.0,0.0,0.0,,,,,,,,35.94925,-86.81417,False,Crashes_2010_2019_MPO
101004915,2015-11-07,2015,,94.0,,,0,0,N,0.0,0.0,0.0,,,,,,,,35.97677,-86.72562,True,Crashes_2010_2019_MPO
101499298,2017-01-07,2017,,19.0,,,0,0,N,0.0,0.0,0.0,,,,,,,,36.024,-86.7106,False,Crashes_2010_2019_MPO
101552979,2017-02-10,2017,,94.0,,,0,0,N,0.0,0.0,0.0,,,,,,,,36.03167,-86.77781,True,Crashes_2010_2019_MPO
100228125,2012-09-17,2012,,94.0,,,0,0,N,0.0,0.0,0.0,,,,,,,,35.97102,-86.72644,True,Crashes_2010_2019_MPO
101463939,2016-11-30,2016,,19.0,,,0,0,N,0.0,0.0,0.0,,,,,,,,36.0409,-86.77938,False,Crashes_2010_2019_MPO
101922334,2018-02-21,2018,,94.0,,,0,0,N,0.0,0.0,0.0,,,,,,,,35.96716,-86.81351,True,Crashes_2010_2019_MPO
101753378,2017-09-07,2017,,19.0,,,0,0,N,0.0,0.0,0.0,,,,,,,,36.03991,-86.76487,False,Crashes_2010_2019_MPO
101689405,2017-07-01,2017,,94.0,,,0,0,N,0.0,0.0,0.0,,,,,,,,35.9469,-86.82166,False,Crashes_2010_2019_MPO
100421569,2013-12-19,2013,,94.0,,,0,0,N,0.0,0.0,0.0,,,,,,,,35.93226,-86.86263,False,Crashes_2010_2019_MPO
101941863,2018-03-12,2018,,94.0,,,0,0,N,0.0,0.0,0.0,,,,,,,,35.99643,-86.78798,True,Crashes_2010_2019_MPO
102004663,2018-05-08,2018,,94.0,,,0,0,N,0.0,0.0,0.0,,,,,,,,35.94824,-86.81121,False,Crashes_2010_2019_MPO
101062526,2015-12-18,2015,,94.0,,,0,0,N,0.0,0.0,0.0,,,,,,,,35.92999,-86.84028,False,Crashes_2010_2019_MPO
101354290,2016-09-05,2016,,94.0,,,0,0,N,0.0,0.0,0.0,,,,,,,,35.92546,-86.87275,False,Crashes_2010_2019_MPO
101456341,2016-11-21,2016,,19.0,,,0,0,N,0.0,0.0,0.0,,,,,,,,36.03825,-86.78634,False,Crashes_2010_2019_MPO
100252745,2012-11-14,2012,,94.0,,,0,0,N,0.0,0.0,0.0,,,,,,,,36.00561,-86.78037,True,Crashes_2010_2019_MPO
100337152,2013-06-03,2013,,94.0,,,0,0,N,0.0,0.0,0.0,,,,,,,,36.02252,-86.78709,True,Crashes_2010_2019_MPO
101909953,2018-02-06,2018,,94.0,,,0,0,N,0.0,0.0,0.0,,,,,,,,36.01402,-86.83832,False,Crashes_2010_2019_MPO
102414728,2019-06-09,2019,,19.0,,,0,0,N,0.0,0.0,0.0,,,,,,,,36.04868,-86.71366,False,Crashes_2010_2019_MPO
100821818,2015-04-21,2015,,94.0,,,0,0,N,0.0,0.0,0.0,,,,,,,,35.94726,-86.86701,False,Crashes_2010_2019_MPO
102310971,2019-02-20,2019,,94.0,,,0,0,N,0.0,0.0,0.0,,,,,,,,35.97106,-86.8111,True,Crashes_2010_2019_MPO
100732052,2015-02-03,2015,,94.0,,,0,1,N,0.0,1.0,0.0,,,,,,,,35.94592,-86.80683,False,Crashes_2010_2019_MPO
101826257,2017-11-14,2017,,94.0,,,0,0,N,0.0,0.0,0.0,,,,,,,,35.99683,-86.79151,True,Crashes_2010_2019_MPO
101807218,2017-10-28,2017,,19.0,,,0,0,N,0.0,0.0,0.0,,,,,,,,36.04409,-86.78059,False,Crashes_2010_2019_MPO
101067475,2015-12-27,2015,,94.0,,,0,0,N,0.0,0.0,0.0,,,,,,,,35.96986,-86.72471,True,Crashes_2010_2019_MPO
101148504,2016-03-22,2016,,19.0,,,0,0,N,0.0,0.0,0.0,,,,,,,,36.05464,-86.73531,False,Crashes_2010_2019_MPO
100877467,2015-06-27,2015,,19.0,,,0,0,N,0.0,0.0,0.0,,,,,,,,36.0406,-86.77106,False,Crashes_2010_2019_MPO
102395597,2019-05-21,2019,,94.0,,,0,0,N,0.0,0.0,0.0,,,,,,,,35.9295,-86.84135,False,Crashes_2010_2019_MPO
102059421,2018-06-30,2018,,94.0,,,0,0,N,0.0,0.0,0.0,,,,,,,,35.94722,-86.82085,False,Crashes_2010_2019_MPO
100337299,2013-06-03,2013,,94.0,,,0,0,N,0.0,0.0,0.0,,,,,,,,35.96687,-86.81226,True,Crashes_2010_2019_MPO
100938770,2015-08-24,2015,,94.0,,,0,0,N,0.0,0.0,0.0,,,,,,,,35.92895,-86.87618,False,Crashes_2010_2019_MPO
101894366,2018-01-23,2018,,19.0,,,0,0,N,0.0,0.0,0.0,,,,,,,,36.02577,-86.713,False,Crashes_2010_2019_MPO
102442045,2019-07-08,2019,,19.0,,,0,0,N,0.0,0.0,0.0,,,,,,,,36.01966,-86.74209,False,Crashes_2010_2019_MPO
102602270,2019-12-19,2019,,94.0,,,0,0,N,0.0,0.0,0.0,,,,,,,,35.92404,-86.79546,False,Crashes_2010_2019_MPO
101981157,2018-04-18,2018,,19.0,,,0,0,N,0.0,0.0,0.0,,,,,,,,36.04023,-86.76789,False,Crashes_2010_2019_MPO
101454799,2016-11-19,2016,,94.0,,,0,0,N,0.0,0.0,0.0,,,,,,,,35.94978,-86.81933,False,Crashes_2010_2019_MPO
100363768,2013-08-07,2013,,94.0,,,0,0,N,0.0,0.0,0.0,,,,,,,,35.95538,-86.80582,False,Crashes_2010_2019_MPO
101546081,2017-02-01,2017,,94.0,,,0,0,N,0.0,0.0,0.0,,,,,,,,35.99458,-86.79801,True,Crashes_2010_2019_MPO
102280038,2019-01-17,2019,,94.0,,,0,0,N,0.0,0.0,0.0,,,,,,,,36.03085,-86.81776,True,Crashes_2010_2019_MPO
100245483,2012-10-31,2012,,94.0,,,0,0,Y,0.0,0.0,1.0,,,,,,,,35.97014,-86.80912,True,Crashes_2010_2019_MPO
100806222,2015-04-11,2015,,19.0,,,0,0,N,0.0,0.0,0.0,,,,,,,,36.04545,-86.7036,False,Crashes_2010_2019_MPO
100384183,2013-09-27,2013,,94.0,,,0,0,N,0.0,0.0,0.0,,,,,,,,35.94173,-86.82105,False,Crashes_2010_2019_MPO
100423857,2013-12-19,2013,,94.0,,,0,0,Y,0.0,0.0,1.0,,,,,,,,35.96341,-86.8088,False,Crashes_2010_2019_MPO
102246593,2018-12-14,2018,,94.0,,,0,0,N,0.0,0.0,0.0,,,,,,,,35.96476,-86.81512,True,Crashes_2010_2019_MPO
101683908,2017-06-26,2017,,94.0,,,0,0,N,0.0,0.0,0.0,,,,,,,,35.96716,-86.81351,True,Crashes_2010_2019_MPO
101950891,2018-03-20,2018,,94.0,,,0,0,N,0.0,0.0,0.0,,,,,,,,35.94756,-86.69605,False,Crashes_2010_2019_MPO
100849546,2015-05-23,2015,,19.0,,,0,0,N,0.0,0.0,0.0,,,,,,,,36.04157,-86.72071,False,Crashes_2010_2019_MPO
100909653,2015-07-21,2015,,94.0,,,0,0,N,0.0,0.0,0.0,,,,,,,,35.97332,-86.83308,True,Crashes_2010_2019_MPO
100737266,2015-02-14,2015,,19.0,,,0,0,N,0.0,0.0,0.0,,,,,,,,36.04247,-86.71301,False,Crashes_2010_2019_MPO
100542560,2014-05-20,2014,,94.0,,,0,0,N,0.0,0.0,0.0,,,,,,,,35.9238,-86.7668,False,Crashes_2010_2019_MPO
100307667,2013-03-25,2013,,94.0,,,0,0,N,0.0,0.0,0.0,,,,,,,,35.94724,-86.82088,False,Crashes_2010_2019_MPO
100964619,2015-09-21,2015,,19.0,,,0,0,N,0.0,0.0,0.0,,,,,,,,36.0332,-86.77534,False,Crashes_2010_2019_MPO