mstrrecnbr,collision_ts,year,county,countystat,crash,crash_type,fatalities,non_motorists,commercial,fatal_c,nonmotor_c,truck_c,fatalc,serious_injuries,ped,bike,lighting,weather,first_harmful_event,latitude,longitude,in_city,src_layer
101420354,2016-10-22,2016,,19.0,,,0,0,N,0.0,0.0,0.0,,,,,,,,36.04521,-86.74394,False,Crashes_2010_2019_MPO
102091919,2018-07-30,2018,,19.0,,,0,0,N,0.0,0.0,0.0,,,,,,,,36.0409,-86.77938,False,Crashes_2010_2019_MPO
102500116,2019-09-05,2019,,94.0,,,0,0,N,0.0,0.0,0.0,,,,,,,,35.94593,-86.80688,False,Crashes_2010_2019_MPO
101628857,2017-04-28,2017,,94.0,,,0,0,N,0.0,0.0,0.0,,,,,,,,35.94683,-86.85172,False,Crashes_2010_2019_MPO
102027711,2018-05-30,2018,,19.0,,,0,0,N,0.0,0.0,0.0,,,,,,,,36.0473,-86.86274,False,Crashes_2010_2019_MPO
101598904,2017-03-31,2017,,94.0,,,0,0,N,0.0,0.0,0.0,,,,,,,,36.00417,-86.79083,True,Crashes_2010_2019_MPO
100710393,2014-12-21,2014,,19.0,,,0,0,N,0.0,0.0,0.0,,,,,,,,36.04118,-86.77579,False,Crashes_2010_2019_MPO
102371561,2019-04-25,2019,,19.0,,,0,0,N,0.0,0.0,0.0,,,,,,,,36.04532,-86.702,False,Crashes_2010_2019_MPO
100292596,2013-02-14,2013,,94.0,,,0,0,N,0.0,0.0,0.0,,,,,,,,35.96653,-86.80997,True,Crashes_2010_2019_MPO
101933083,2018-03-03,2018,,94.0,,,0,0,N,0.0,0.0,0.0,,,,,,,,35.966707,-86.809094,True,Crashes_2010_2019_MPO
100280272,2013-01-16,2013,,94.0,,,0,0,N,0.0,0.0,0.0,,,,,,,,35.96505,-86.80014,True,Crashes_2010_2019_MPO
101419048,2016-10-21,2016,,94.0,,,0,0,N,0.0,0.0,0.0,,,,,,,,35.95078,-86.80672,False,Crashes_2010_2019_MPO
101835368,2017-11-23,2017,,19.0,,,0,0,N,0.0,0.0,0.0,,,,,,,,36.04396,-86.68801,False,Crashes_2010_2019_MPO
102365355,2019-04-17,2019,,94.0,,,0,0,N,0.0,0.0,0.0,,,,,,,,35.9757,-86.85853,False,Crashes_2010_2019_MPO
102533824,2019-10-09,2019,,94.0,,,0,0,N,0.0,0.0,0.0,,,,,,,,35.99643,-86.78798,True,Crashes_2010_2019_MPO
102518435,2019-09-20,2019,,94.0,,,0,0,N,0.0,0.0,0.0,,,,,,,,36.03231,-86.78337,True,Crashes_2010_2019_MPO
100133263,2011-12-29,2011,,94.0,,,0,0,N,0.0,0.0,0.0,,,,,,,,36.03622,-86.87215,False,Crashes_2010_2019_MPO
101889644,2018-01-12,2018,,19.0,,,0,0,N,0.0,0.0,0.0,,,,,,,,36.03405,-86.7834,True,Crashes_2010_2019_MPO
102587782,2019-12-04,2019,,94.0,,,0,0,N,0.0,0.0,0.0,,,,,,,,35.96669,-86.80912,True,Crashes_2010_2019_MPO
101725992,2017-08-10,2017,,19.0,,,0,0,N,0.0,0.0,0.0,,,,,,,,35.99687,-86.68989,False,Crashes_2010_2019_MPO
101743609,2017-08-24,2017,,94.0,,,0,0,N,0.0,0.0,0.0,,,,,,,,35.92671,-86.76723,False,Crashes_2010_2019_MPO
102300772,2019-02-08,2019,,19.0,,,0,0,N,0.0,0.0,0.0,,,,,,,,36.0412,-86.7762,False,Crashes_2010_2019_MPO
102201677,2018-11-05,2018,,19.0,,,0,0,N,0.0,0.0,0.0,,,,,,,,36.03969,-86.78336,False,Crashes_2010_2019_MPO
102470947,2019-08-07,2019,,94.0,,,0,0,N,0.0,0.0,0.0,,,,,,,,35.96705,-86.81355,True,Crashes_2010_2019_MPO
100272882,2012-12-29,2012,,94.0,,,0,0,N,0.0,0.0,0.0,,,,,,,,35.93291,-86.78292,False,Crashes_2010_2019_MPO
102252443,2018-12-20,2018,,19.0,,,0,0,N,0.0,0.0,0.0,,,,,,,,36.03746,-86.7909,False,Crashes_2010_2019_MPO
100634766,2014-09-27,2014,,94.0,,,0,0,N,0.0,0.0,0.0,,,,,,,,35.96345,-86.81089,False,Crashes_2010_2019_MPO
101776504,2017-09-29,2017,,94.0,,,0,0,N,0.0,0.0,0.0,,,,,,,,35.94091,-86.83494,False,Crashes_2010_2019_MPO
101757934,2017-09-11,2017,,19.0,,,0,0,N,0.0,0.0,0.0,,,,,,,,36.03577,-86.78291,False,Crashes_2010_2019_MPO
102116895,2018-08-21,2018,,19.0,,,0,0,N,0.0,0.0,0.0,,,,,,,,36.03211,-86.74381,False,Crashes_2010_2019_MPO
101732420,2017-08-15,2017,,94.0,,,0,0,N,0.0,0.0,0.0,,,,,,,,35.94005,-86.83114,False,Crashes_2010_2019_MPO
101245599,2016-06-09,2016,,19.0,,,0,0,N,0.0,0.0,0.0,,,,,,,,36.03787,-86.78646,False,Crashes_2010_2019_MPO
101841804,2017-11-28,2017,,19.0,,,0,0,N,0.0,0.0,0.0,,,,,,,,36.04245,-86.71294,False,Crashes_2010_2019_MPO
101102420,2016-02-09,2016,,19.0,,,0,0,N,0.0,0.0,0.0,,,,,,,,36.03962,-86.78138,False,Crashes_2010_2019_MPO
102168684,2018-10-06,2018,,94.0,,,0,0,N,0.0,0.0,0.0,,,,,,,,35.94699,-86.81153,False,Crashes_2010_2019_MPO
100352687,2013-07-10,2013,,94.0,,,0,0,N,0.0,0.0,0.0,,,,,,,,35.94701,-86.8533,False,Crashes_2010_2019_MPO
101269699,2016-06-20,2016,,94.0,,,0,0,N,0.0,0.0,0.0,,,,,,,,35.94126,-86.79861,False,Crashes_2010_2019_MPO
100358620,2013-07-24,2013,,94.0,,,0,0,N,0.0,0.0,0.0,,,,,,,,36.0343,-86.79174,True,Crashes_2010_2019_MPO
101237650,2016-06-02,2016,,94.0,,,0,0,N,0.0,0.0,0.0,,,,,,,,35.96537,-86.79979,True,Crashes_2010_2019_MPO
102095244,2018-08-01,2018,,94.0,,,0,0,N,0.0,0.0,0.0,,,,,,,,35.96619,-86.80792,True,Crashes_2010_2019_MPO
100926101,2015-08-19,2015,,94.0,,,0,0,N,0.0,0.0,0.0,,,,,,,,35.92846,-86.82095,False,Crashes_2010_2019_MPO
102340587,2019-03-20,2019,,94.0,,,0,0,N,0.0,0.0,0.0,,,,,,,,36.01689,-86.78609,True,Crashes_2010_2019_MPO
100462944,2014-03-11,2014,,94.0,,,0,0,N,0.0,0.0,0.0,,,,,,,,35.95346,-86.81201,False,Crashes_2010_2019_MPO
101498020,2017-01-06,2017,,19.0,,,0,0,N,0.0,0.0,0.0,,,,,,,,36.04819,-86.79056,False,Crashes_2010_2019_MPO
100183496,2012-05-15,2012,,19.0,,,0,0,N,0.0,0.0,0.0,,,,,,,,36.04056,-86.7436,False,Crashes_2010_2019_MPO
101666773,2017-06-07,2017,,94.0,,,0,0,N,0.0,0.0,0.0,,,,,,,,35.95212,-86.81784,False,Crashes_2010_2019_MPO
102284878,2019-01-22,2019,,94.0,,,0,0,N,0.0,0.0,0.0,,,,,,,,36.0154,-86.73873,False,Crashes_2010_2019_MPO
101242365,2016-06-09,2016,,94.0,,,0,0,N,0.0,0.0,0.0,,,,,,,,36.03317,-86.79582,True,Crashes_2010_2019_MPO
100941865,2015-08-30,2015,,19.0,,,0,0,N,0.0,0.0,0.0,,,,,,,,36.03667,-86.78348,False,Crashes_2010_2019_MPO
102504632,2019-09-10,2019,,94.0,,,0,0,N,0.0,0.0,0.0,,,,,,,,36.03581,-86.817,True,Crashes_2010_2019_MPO
101654645,2017-05-25,2017,,94.0,,,0,0,N,0.0,0.0,0.0,,,,,,,,35.95226,-86.81913,False,Crashes_2010_2019_MPO
101562249,2017-02-21,2017,,94.0,,,0,0,N,0.0,0.0,0.0,,,,,,,,35.96192,-86.81485,False,Crashes_2010_2019_MPO
101106231,2016-02-15,2016,,94.0,,,0,0,N,0.0,0.0,0.0,,,,,,,,36.024752,-86.819302,True,Crashes_2010_2019_MPO
101479869,2016-12-17,2016,,19.0,,,0,0,N,0.0,0.0,0.0,,,,,,,,36.0243,-86.74239,False,Crashes_2010_2019_MPO
100821136,2015-04-20,2015,,94.0,,,0,0,N,0.0,0.0,0.0,,,,,,,,35.94531,-86.82307,False,Crashes_2010_2019_MPO
100862108,2015-06-17,2015,,94.0,,,0,0,N,0.0,0.0,0.0,,,,,,,,35.96561,-86.81141,False,Crashes_2010_2019_MPO
101274872,2016-06-28,2016,,94.0,,,0,0,N,0.0,0.0,0.0,,,,,,,,35.99507,-86.79784,True,Crashes_2010_2019_MPO
101165518,2016-04-16,2016,,94.0,,,0,0,N,0.0,0.0,0.0,,,,,,,,36.029158,-86.783742,True,Crashes_2010_2019_MPO
101003458,2015-11-05,2015,,19.0,,,0,0,N,0.0,0.0,0.0,,,,,,,,36.04138,-86.71275,False,Crashes_2010_2019_MPO
100280046,2013-01-16,2013,,94.0,,,0,0,Y,0.0,0.0,1.0,,,,,,,,35.99679,-86.79113,True,Crashes_2010_2019_MPO
102149507,2018-09-18,2018,,94.0,,,0,0,N,0.0,0.0,0.0,,,,,,,,35.98595,-86.76021,True,Crashes_2010_2019_MPO
102037252,2018-06-08,2018,,19.0,,,0,0,N,0.0,0.0,0.0,,,,,,,,36.04682,-86.67928,False,Crashes_2010_2019_MPO
101196773,2016-05-17,2016,,94.0,,,0,0,N,0.0,0.0,0.0,,,,,,,,35.97167,-86.81042,True,Crashes_2010_2019_MPO
100733377,2015-02-06,2015,,19.0,,,0,0,N,0.0,0.0,0.0,,,,,,,,36.03698,-86.78667,False,Crashes_2010_2019_MPO
102198218,2018-09-22,2018,,94.0,,,0,0,N,0.0,0.0,0.0,,,,,,,,35.92316,-86.81661,False,Crashes_2010_2019_MPO
102446391,2019-07-13,2019,,94.0,,,0,0,N,0.0,0.0,0.0,,,,,,,,35.997996,-86.799065,True,Crashes_2010_2019_MPO
101196118,2016-05-16,2016,,19.0,,,0,0,N,0.0,0.0,0.0,,,,,,,,36.02234,-86.68061,False,Crashes_2010_2019_MPO
100383944,2013-09-26,2013,,94.0,,,0,0,N,0.0,0.0,0.0,,,,,,,,35.92725,-86.86861,False,Crashes_2010_2019_MPO
101767626,2017-09-21,2017,,94.0,,,0,0,N,0.0,0.0,0.0,,,,,,,,36.01346,-86.80307,True,Crashes_2010_2019_MPO
101922088,2018-02-20,2018,,19.0,,,0,0,N,0.0,0.0,0.0,,,,,,,,36.05479,-86.7478,False,Crashes_2010_2019_MPO
102165735,2018-10-02,2018,,94.0,,,0,0,N,0.0,0.0,0.0,,,,,,,,35.94799,-86.81995,False,Crashes_2010_2019_MPO
101863903,2017-12-19,2017,,94.0,,,0,0,N,0.0,0.0,0.0,,,,,,,,36.0282,-86.7835,True,Crashes_2010_2019_MPO
101462384,2016-11-28,2016,,94.0,,,0,0,N,0.0,0.0,0.0,,,,,,,,35.9584,-86.80226,False,Crashes_2010_2019_MPO
100993769,2015-10-21,2015,,94.0,,,0,0,N,0.0,0.0,0.0,,,,,,,,35.96396,-86.81461,False,Crashes_2010_2019_MPO
100442925,2014-02-14,2014,,94.0,,,0,0,N,0.0,0.0,0.0,,,,,,,,35.92843,-86.83346,False,Crashes_2010_2019_MPO
101845176,2017-12-01,2017,,19.0,,,0,0,N,0.0,0.0,0.0,,,,,,,,36.03894,-86.78269,False,Crashes_2010_2019_MPO
102268130,2019-01-06,2019,,19.0,,,0,1,N,0.0,1.0,0.0,,,,,,,,36.05055,-86.87721,False,Crashes_2010_2019_MPO
10735784,2013-11-12,2013,,19.0,,,0,0, ,0.0,0.0,0.0,,,,,,,,36.02556,-86.71268,False,Crashes_2010_2019_MPO
101123837,2016-02-26,2016,,19.0,,,0,0,N,0.0,0.0,0.0,,,,,,,,36.04558,-86.74719,False,Crashes_2010_2019_MPO
102236345,2018-12-05,2018,,94.0,,,0,0,N,0.0,0.0,0.0,,,,,,,,35.98464,-86.77758,True,Crashes_2010_2019_MPO
100735407,2015-02-11,2015,,19.0,,,0,0,N,0.0,0.0,0.0,,,,,,,,36.03828,-86.80078,False,Crashes_2010_2019_MPO
101583966,2017-03-15,2017,,94.0,,,0,0,N,0.0,0.0,0.0,,,,,,,,35.99922,-86.80923,True,Crashes_2010_2019_MPO
102005050,2018-05-09,2018,,94.0,,,0,0,N,0.0,0.0,0.0,,,,,,,,35.92946,-86.84108,False,Crashes_2010_2019_MPO
102107478,2018-08-12,2018,,19.0,,,0,0,N,0.0,0.0,0.0,,,,,,,,36.03921,-86.71285,False,Crashes_2010_2019_MPO
101621668,2017-04-21,2017,,19.0,,,0,0,N,0.0,0.0,0.0,,,,,,,,36.05004,-86.74345,False,Crashes_2010_2019_MPO
100331838,2013-05-21,2013,,94.0,,,0,0,N,0.0,0.0,0.0,,,,,,,,35.93025,-86.86416,False,Crashes_2010_2019_MPO
100707454,2014-12-15,2014,,94.0,,,0,0,N,0.0,0.0,0.0,,,,,,,,35.94687,-86.82178,False,Crashes_2010_2019_MPO
102464535,2019-08-01,2019,,94.0,,,0,0,N,0.0,0.0,0.0,,,,,,,,35.94687,-86.85168,False,Crashes_2010_2019_MPO
100967210,2015-09-25,2015,,94.0,,,0,0,N,0.0,0.0,0.0,,,,,,,,35.96791,-86.81837,True,Crashes_2010_2019_MPO
100485482,2014-04-11,2014,,94.0,,,0,0,N,0.0,0.0,0.0,,,,,,,,35.9772,-86.87621,False,Crashes_2010_2019_MPO
101831837,2017-11-18,2017,,19.0,,,0,0,N,0.0,0.0,0.0,,,,,,,,36.03385,-86.78343,True,Crashes_2010_2019_MPO
100637046,2014-10-02,2014,,19.0,,,0,0,N,0.0,0.0,0.0,,,,,,,,36.04001,-86.74349,False,Crashes_2010_2019_MPO
102165794,2018-10-02,2018,,94.0,,,0,0,N,0.0,0.0,0.0,,,,,,,,35.94672,-86.85181,False,Crashes_2010_2019_MPO
101819049,2017-11-06,2017,,19.0,,,0,0,N,0.0,0.0,0.0,,,,,,,,36.03345,-86.78323,True,Crashes_2010_2019_MPO
102411571,2019-06-06,2019,,19.0,,,0,0,N,0.0,0.0,0.0,,,,,,,,36.04537,-86.71326,False,Crashes_2010_2019_MPO
100236302,2012-10-07,2012,,94.0,,,0,0,N,0.0,0.0,0.0,,,,,,,,35.98632,-86.80086,True,Crashes_2010_2019_MPO
102212951,2018-11-16,2018,,19.0,,,0,0,N,0.0,0.0,0.0,,,,,,,,36.05146,-86.70293,False,Crashes_2010_2019_MPO
102606234,2019-12-23,2019,,94.0,,,0,0,N,0.0,0.0,0.0,,,,,,,,35.94608,-86.83064,False,Crashes_2010_2019_MPO
101528892,2017-01-19,2017,,94.0,,,0,0,N,0.0,0.0,0.0,,,,,,,,35.96202,-86.81533,False,Crashes_2010_2019_MPO
100968932,2015-09-27,2015,,19.0,,,0,0,N,0.0,0.0,0.0,,,,,,,,36.04504,-86.69779,False,Crashes_2010_2019_MPO
102154524,2018-09-22,2018,,19.0,,,0,0,N,0.0,0.0,0.0,,,,,,,,36.04554,-86.71144,False,Crashes_2010_2019_MPO
100436117,2014-01-29,2014,,94.0,,,0,0,N,0.0,0.0,0.0,,,,,,,,35.93511,-86.82208,False,Crashes_2010_2019_MPO
100587633,2014-07-25,2014,,94.0,,,0,0,N,0.0,0.0,0.0,,,,,,,,36.03291,-86.87473,False,Crashes_2010_2019_MPO
101995458,2018-05-01,2018,,19.0,,,0,0,N,0.0,0.0,0.0,,,,,,,,36.03995,-86.74252,False,Crashes_2010_2019_MPO
101980295,2018-04-17,2018,,19.0,,,0,0,N,0.0,0.0,0.0,,,,,,,,36.03787,-86.79648,False,Crashes_2010_2019_MPO
101067776,2015-12-27,2015,,94.0,,,0,0,N,0.0,0.0,0.0,,,,,,,,35.95167,-86.80637,False,Crashes_2010_2019_MPO
100329271,2013-05-15,2013,,94.0,,,0,0,N,0.0,0.0,0.0,,,,,,,,35.96584,-86.8336,False,Crashes_2010_2019_MPO
101721953,2017-08-05,2017,,94.0,,,0,0,N,0.0,0.0,0.0,,,,,,,,35.95215,-86.81837,False,Crashes_2010_2019_MPO
101145909,2016-03-17,2016,,19.0,,,0,0,N,0.0,0.0,0.0,,,,,,,,36.04138,-86.7798,False,Crashes_2010_2019_MPO
101807141,2017-10-28,2017,,94.0,,,0,0,N,0.0,0.0,0.0,,,,,,,,35.93446,-86.81991,False,Crashes_2010_2019_MPO
101130491,2016-03-09,2016,,94.0,,,0,0,N,0.0,0.0,0.0,,,,,,,,35.95384,-86.70944,True,Crashes_2010_2019_MPO
101533486,2017-01-24,2017,,19.0,,,0,0,N,0.0,0.0,0.0,,,,,,,,36.04488,-86.7132,False,Crashes_2010_2019_MPO
102134056,2018-09-03,2018,,19.0,,,0,0,N,0.0,0.0,0.0,,,,,,,,36.04789,-86.71356,False,Crashes_2010_2019_MPO
101098202,2016-01-29,2016,,94.0,,,0,0,N,0.0,0.0,0.0,,,,,,,,35.95581,-86.81652,False,Crashes_2010_2019_MPO
101652961,2017-05-23,2017,,19.0,,,0,0,N,0.0,0.0,0.0,,,,,,,,36.02548,-86.71351,False,Crashes_2010_2019_MPO
100822361,2015-04-22,2015,,94.0,,,0,0,N,0.0,0.0,0.0,,,,,,,,35.96132,-86.81219,False,Crashes_2010_2019_MPO
100828066,2015-05-03,2015,,19.0,,,0,0,N,0.0,0.0,0.0,,,,,,,,36.04685,-86.67941,False,Crashes_2010_2019_MPO
101478926,2016-12-16,2016,,19.0,,,0,0,N,0.0,0.0,0.0,,,,,,,,36.05151,-86.71436,False,Crashes_2010_2019_MPO
101806050,2017-10-27,2017,,94.0,,,0,0,N,0.0,0.0,0.0,,,,,,,,35.9776,-86.72549,True,Crashes_2010_2019_MPO
102100525,2018-08-06,2018,,19.0,,,0,0,N,0.0,0.0,0.0,,,,,,,,36.03936,-86.78197,False,Crashes_2010_2019_MPO
101752711,2017-09-06,2017,,94.0,,,0,0,N,0.0,0.0,0.0,,,,,,,,35.94036,-86.83304,False,Crashes_2010_2019_MPO
101823592,2017-11-12,2017,,19.0,,,0,0,N,0.0,0.0,0.0,,,,,,,,36.0453,-86.70168,False,Crashes_2010_2019_MPO
101810858,2017-10-31,2017,,19.0,,,0,0,N,0.0,0.0,0.0,,,,,,,,36.04026,-86.8164,False,Crashes_2010_2019_MPO
101880930,2018-01-08,2018,,94.0,,,0,0,N,0.0,0.0,0.0,,,,,,,,35.93374,-86.81767,False,Crashes_2010_2019_MPO
100771000,2015-03-06,2015,,94.0,,,1,1,N,1.0,1.0,0.0,,,,,,,,35.97559,-86.80458,True,Crashes_2010_2019_MPO
101730171,2017-08-14,2017,,94.0,,,0,0,N,0.0,0.0,0.0,,,,,,,,35.93274,-86.78522,False,Crashes_2010_2019_MPO
102566435,2019-11-13,2019,,19.0,,,0,0,N,0.0,0.0,0.0,,,,,,,,36.04231,-86.72652,False,Crashes_2010_2019_MPO
100974910,2015-10-07,2015,,94.0,,,0,0,N,0.0,0.0,0.0,,,,,,,,35.97315,-86.83223,True,Crashes_2010_2019_MPO
100183652,2012-05-22,2012,,94.0,,,0,0,N,0.0,0.0,0.0,,,,,,,,35.96288,-86.80119,True,Crashes_2010_2019_MPO
101318759,2016-08-02,2016,,94.0,,,0,0,N,0.0,0.0,0.0,,,,,,,,35.94787,-86.81866,False,Crashes_2010_2019_MPO
100773337,2015-03-16,2015,,19.0,,,0,0,Y,0.0,0.0,1.0,,,,,,,,36.02163,-86.7021,False,Crashes_2010_2019_MPO
100483593,2014-04-04,2014,,94.0,,,0,0,N,0.0,0.0,0.0,,,,,,,,35.95116,-86.80776,False,Crashes_2010_2019_MPO
100384970,2013-09-29,2013,,94.0,,,0,0,N,0.0,0.0,0.0,,,,,,,,36.01782,-86.78635,True,Crashes_2010_2019_MPO
102507125,2019-09-12,2019,,19.0,,,0,0,N,0.0,0.0,0.0,,,,,,,,36.04685,-86.67941,False,Crashes_2010_2019_MPO
101127842,2016-03-04,2016,,94.0,,,0,0,N,0.0,0.0,0.0,,,,,,,,35.97031,-86.80641,True,Crashes_2010_2019_MPO
100499839,2014-04-23,2014,,94.0,,,0,0,N,0.0,0.0,0.0,,,,,,,,35.96312,-86.81899,True,Crashes_2010_2019_MPO
102012265,2018-05-16,2018,,94.0,,,0,0,N,0.0,0.0,0.0,,,,,,,,35.99551,-86.77887,True,Crashes_2010_2019_MPO
102100935,2018-08-07,2018,,94.0,,,0,0,N,0.0,0.0,0.0,,,,,,,,35.99914,-86.80899,True,Crashes_2010_2019_MPO
101096208,2016-01-29,2016,,19.0,,,0,0,Y,0.0,0.0,1.0,,,,,,,,36.0453,-86.70168,False,Crashes_2010_2019_MPO
101562352,2017-02-22,2017,,94.0,,,0,0,N,0.0,0.0,0.0,,,,,,,,36.02231,-86.82031,True,Crashes_2010_2019_MPO
102340715,2019-03-25,2019,,94.0,,,0,0,N,0.0,0.0,0.0,,,,,,,,35.98196,-86.72475,True,Crashes_2010_2019_MPO
100683066,2014-11-19,2014,,19.0,,,0,0,N,0.0,0.0,0.0,,,,,,,,36.03754,-86.78631,False,Crashes_2010_2019_MPO
102196477,2018-10-31,2018,,19.0,,,0,0,N,0.0,0.0,0.0,,,,,,,,36.04519,-86.71607,False,Crashes_2010_2019_MPO
100797427,2015-03-25,2015,,94.0,,,0,0,N,0.0,0.0,0.0,,,,,,,,35.99041,-86.77332,True,Crashes_2010_2019_MPO
101585054,2017-03-16,2017,,19.0,,,0,0,Y,0.0,0.0,1.0,,,,,,,,36.03399,-86.78316,True,Crashes_2010_2019_MPO
101301966,2016-07-24,2016,,19.0,,,0,0,N,0.0,0.0,0.0,,,,,,,,36.03752,-86.78567,False,Crashes_2010_2019_MPO
102185829,2018-10-22,2018,,94.0,,,0,0,N,0.0,0.0,0.0,,,,,,,,36.03175,-86.78961,True,Crashes_2010_2019_MPO
100979681,2015-10-14,2015,,94.0,,,0,0,N,0.0,0.0,0.0,,,,,,,,35.93131,-86.87665,False,Crashes_2010_2019_MPO
102181097,2018-10-18,2018,,19.0,,,0,0,N,0.0,0.0,0.0,,,,,,,,36.04736,-86.86293,False,Crashes_2010_2019_MPO
102279962,2019-01-17,2019,,94.0,,,0,0,N,0.0,0.0,0.0,,,,,,,,36.03422,-86.78338,True,Crashes_2010_2019_MPO
101801143,2017-10-23,2017,,94.0,,,0,0,N,0.0,0.0,0.0,,,,,,,,35.9729,-86.8051,True,Crashes_2010_2019_MPO
102547804,2019-10-24,2019,,94.0,,,0,0,N,0.0,0.0,0.0,,,,,,,,35.99922,-86.80923,True,Crashes_2010_2019_MPO
101666677,2017-05-10,2017,,94.0,,,1,0,N,1.0,0.0,0.0,,,,,,,,35.93262,-86.80833,False,Crashes_2010_2019_MPO
100921200,2015-08-10,2015,,94.0,,,0,0,N,0.0,0.0,0.0,,,,,,,,35.96592,-86.80538,True,Crashes_2010_2019_MPO
101289484,2016-07-20,2016,,94.0,,,0,0,N,0.0,0.0,0.0,,,,,,,,35.93538,-86.82499,False,Crashes_2010_2019_MPO
100701518,2014-12-04,2014,,94.0,,,0,0,N,0.0,0.0,0.0,,,,,,,,35.98462,-86.8012,True,Crashes_2010_2019_MPO
102318462,2019-03-01,2019,,94.0,,,0,0,N,0.0,0.0,0.0,,,,,,,,35.94257,-86.82086,False,Crashes_2010_2019_MPO
102355500,2019-04-09,2019,,94.0,,,0,0,N,0.0,0.0,0.0,,,,,,,,35.96133,-86.81226,False,Crashes_2010_2019_MPO
100378082,2013-09-12,2013,,94.0,,,0,0,N,0.0,0.0,0.0,,,,,,,,36.01689,-86.78609,True,Crashes_2010_2019_MPO
101844897,2017-12-01,2017,,19.0,,,0,0,N,0.0,0.0,0.0,,,,,,,,36.00067,-86.69018,False,Crashes_2010_2019_MPO
102309324,2019-02-18,2019,,94.0,,,0,0,N,0.0,0.0,0.0,,,,,,,,35.95607,-86.81718,False,Crashes_2010_2019_MPO
102279187,2019-01-16,2019,,19.0,,,0,0,N,0.0,0.0,0.0,,,,,,,,36.00716,-86.70067,False,Crashes_2010_2019_MPO
101045255,2015-12-08,2015,,94.0,,,0,0,N,0.0,0.0,0.0,,,,,,,,36.03599,-86.7872,True,Crashes_2010_2019_MPO
102059425,2018-06-29,2018,,94.0,,,0,0,N,0.0,0.0,0.0,,,,,,,,35.9475,-86.82247,False,Crashes_2010_2019_MPO
101500566,2017-01-09,2017,,94.0,,,0,0,N,0.0,0.0,0.0,,,,,,,,35.95246,-86.68674,False,Crashes_2010_2019_MPO
102518172,2019-09-23,2019,,19.0,,,0,0,N,0.0,0.0,0.0,,,,,,,,36.0473,-86.86274,False,Crashes_2010_2019_MPO
101955622,2018-03-22,2018,,94.0,,,0,0,N,0.0,0.0,0.0,,,,,,,,35.94686,-86.81163,False,Crashes_2010_2019_MPO
101244407,2016-06-12,2016,,94.0,,,0,0,N,0.0,0.0,0.0,,,,,,,,35.99551,-86.77887,True,Crashes_2010_2019_MPO
102046994,2018-06-18,2018,,19.0,,,0,0,N,0.0,0.0,0.0,,,,,,,,36.04206,-86.72651,False,Crashes_2010_2019_MPO
102394431,2019-05-20,2019,,94.0,,,0,0,N,0.0,0.0,0.0,,,,,,,,35.94036,-86.83304,False,Crashes_2010_2019_MPO
102307106,2019-02-15,2019,,19.0,,,0,0,N,0.0,0.0,0.0,,,,,,,,35.9913,-86.67947,False,Crashes_2010_2019_MPO
102075790,2018-07-15,2018,,19.0,,,0,0,N,0.0,0.0,0.0,,,,,,,,36.0414,-86.70373,False,Crashes_2010_2019_MPO
101895234,2018-01-24,2018,,94.0,,,0,0,N,0.0,0.0,0.0,,,,,,,,35.94802,-86.8638,False,Crashes_2010_2019_MPO
101935776,2018-03-05,2018,,19.0,,,0,0,N,0.0,0.0,0.0,,,,,,,,36.04344,-86.71808,False,Crashes_2010_2019_MPO
102587804,2019-12-03,2019,,94.0,,,0,0,Y,0.0,0.0,1.0,,,,,,,,35.99709,-86.77422,True,Crashes_2010_2019_MPO
100659336,2014-10-26,2014,,19.0,,,0,0,N,0.0,0.0,0.0,,,,,,,,36.04162,-86.74921,False,Crashes_2010_2019_MPO
102522457,2019-09-27,2019,,94.0,,,0,0,N,0.0,0.0,0.0,,,,,,,,35.95102,-86.80784,False,Crashes_2010_2019_MPO
101816095,2017-11-05,2017,,19.0,,,0,0,N,0.0,0.0,0.0,,,,,,,,36.04711,-86.71347,False,Crashes_2010_2019_MPO
100966882,2015-09-25,2015,,19.0,,,0,0,N,0.0,0.0,0.0,,,,,,,,36.05173,-86.74318,False,Crashes_2010_2019_MPO
100750364,2015-02-20,2015,,94.0,,,0,0,N,0.0,0.0,0.0,,,,,,,,35.94839,-86.80774,False,Crashes_2010_2019_MPO
101477056,2016-12-14,2016,,19.0,,,0,0,N,0.0,0.0,0.0,,,,,,,,36.03937,-86.74342,False,Crashes_2010_2019_MPO
102486540,2019-08-23,2019,,94.0,,,0,0,N,0.0,0.0,0.0,,,,,,,,35.94782,-86.81975,False,Crashes_2010_2019_MPO
100705153,2014-12-11,2014,,94.0,,,0,0,N,0.0,0.0,0.0,,,,,,,,36.03525,-86.80681,True,Crashes_2010_2019_MPO
101489583,2016-12-28,2016,,94.0,,,0,0,N,0.0,0.0,0.0,,,,,,,,35.94978,-86.81329,False,Crashes_2010_2019_MPO
100655520,2014-10-18,2014,,94.0,,,0,0,N,0.0,0.0,0.0,,,,,,,,35.95723,-86.81662,False,Crashes_2010_2019_MPO
101602155,2017-04-02,2017,,94.0,,,0,0,N,0.0,0.0,0.0,,,,,,,,35.9509,-86.80665,False,Crashes_2010_2019_MPO
100799461,2015-03-29,2015,,19.0,,,0,0,N,0.0,0.0,0.0,,,,,,,,36.04111,-86.75049,False,Crashes_2010_2019_MPO
100500557,2014-04-25,2014,,94.0,,,0,0,N,0.0,0.0,0.0,,,,,,,,36.024147,-86.785727,True,Crashes_2010_2019_MPO
102389641,2019-05-15,2019,,94.0,,,0,0,N,0.0,0.0,0.0,,,,,,,,36.00992,-86.80298,True,Crashes_2010_2019_MPO
100156242,2012-03-09,2012,,94.0,,,0,0,N,0.0,0.0,0.0,,,,,,,,36.02595,-86.82497,True,Crashes_2010_2019_MPO
100769490,2015-03-09,2015,,94.0,,,0,0,N,0.0,0.0,0.0,,,,,,,,35.94717,-86.83265,False,Crashes_2010_2019_MPO