mstrrecnbr,collision_ts,year,county,countystat,crash,crash_type,fatalities,non_motorists,commercial,fatal_c,nonmotor_c,truck_c,fatalc,serious_injuries,ped,bike,lighting,weather,first_harmful_event,latitude,longitude,in_city,src_layer
102589928,2019-12-06,2019,,19.0,,,0,0,N,0.0,0.0,0.0,,,,,,,,36.04268,-86.7797,False,Crashes_2010_2019_MPO
100220552,2012-08-30,2012,,94.0,,,0,0,N,0.0,0.0,0.0,,,,,,,,36.00721,-86.85594,False,Crashes_2010_2019_MPO
101607820,2017-04-08,2017,,19.0,,,0,0,N,0.0,0.0,0.0,,,,,,,,36.03761,-86.78512,False,Crashes_2010_2019_MPO
101996220,2018-05-01,2018,,94.0,,,0,0,N,0.0,0.0,0.0,,,,,,,,35.99734,-86.79486,True,Crashes_2010_2019_MPO
101929881,2018-02-28,2018,,19.0,,,0,0,N,0.0,0.0,0.0,,,,,,,,35.99687,-86.68989,False,Crashes_2010_2019_MPO
100357524,2013-07-22,2013,,94.0,,,0,0,N,0.0,0.0,0.0,,,,,,,,35.92315,-86.82274,False,Crashes_2010_2019_MPO
101830123,2017-11-18,2017,,19.0,,,0,0,N,0.0,0.0,0.0,,,,,,,,36.0456,-86.71082,False,Crashes_2010_2019_MPO
102402150,2019-05-27,2019,,19.0,,,0,0,N,0.0,0.0,0.0,,,,,,,,36.04756,-86.71352,False,Crashes_2010_2019_MPO
100980887,2015-10-17,2015,,94.0,,,0,0,N,0.0,0.0,0.0,,,,,,,,35.9647,-86.81129,False,Crashes_2010_2019_MPO
101107495,2016-02-17,2016,,94.0,,,0,0,N,0.0,0.0,0.0,,,,,,,,35.99602,-86.78421,True,Crashes_2010_2019_MPO
10441679,2010-08-10,2010,,19.0,,,0,0, ,0.0,0.0,0.0,,,,,,,,36.04193,-86.74929,False,Crashes_2010_2019_MPO
102576264,2019-11-22,2019,,19.0,,,0,0,N,0.0,0.0,0.0,,,,,,,,36.0095,-86.70166,False,Crashes_2010_2019_MPO
101994131,2018-04-29,2018,,94.0,,,0,0,N,0.0,0.0,0.0,,,,,,,,35.9654,-86.80047,True,Crashes_2010_2019_MPO
101269080,2016-06-20,2016,,94.0,,,0,0,N,0.0,0.0,0.0,,,,,,,,36.01477,-86.78573,True,Crashes_2010_2019_MPO
102355717,2019-04-09,2019,,94.0,,,0,0,N,0.0,0.0,0.0,,,,,,,,35.934,-86.81878,False,Crashes_2010_2019_MPO
101463002,2016-11-29,2016,,94.0,,,0,0,N,0.0,0.0,0.0,,,,,,,,36.01764,-86.8467,True,Crashes_2010_2019_MPO
102507770,2019-09-13,2019,,94.0,,,0,0,N,0.0,0.0,0.0,,,,,,,,35.966683,-86.809164,True,Crashes_2010_2019_MPO
102237408,2018-12-06,2018,,19.0,,,0,0,N,0.0,0.0,0.0,,,,,,,,36.04839,-86.7436,False,Crashes_2010_2019_MPO
100154748,2012-03-05,2012,,94.0,,,0,0,N,0.0,0.0,0.0,,,,,,,,36.03175,-86.78961,True,Crashes_2010_2019_MPO
100883948,2015-07-09,2015,,94.0,,,0,0,N,0.0,0.0,0.0,,,,,,,,36.01571,-86.82048,True,Crashes_2010_2019_MPO
102131326,2018-09-02,2018,,94.0,,,0,0,N,0.0,0.0,0.0,,,,,,,,35.95395,-86.81484,False,Crashes_2010_2019_MPO
101967028,2018-04-04,2018,,19.0,,,0,0,N,0.0,0.0,0.0,,,,,,,,36.05389,-86.7394,False,Crashes_2010_2019_MPO
102317184,2019-02-27,2019,,94.0,,,0,0,N,0.0,0.0,0.0,,,,,,,,35.95218,-86.81864,False,Crashes_2010_2019_MPO
100693807,2014-11-20,2014,,94.0,,,0,0,N,0.0,0.0,0.0,,,,,,,,36.02648,-86.81842,True,Crashes_2010_2019_MPO
101852517,2017-12-08,2017,,94.0,,,0,0,N,0.0,0.0,0.0,,,,,,,,35.94461,-86.81975,False,Crashes_2010_2019_MPO
102049538,2018-06-18,2018,,94.0,,,0,0,N,0.0,0.0,0.0,,,,,,,,35.93496,-86.77676,False,Crashes_2010_2019_MPO
100877920,2015-06-28,2015,,19.0,,,0,0,N,0.0,0.0,0.0,,,,,,,,36.04724,-86.71356,False,Crashes_2010_2019_MPO
100874895,2015-06-22,2015,,19.0,,,0,0,N,0.0,0.0,0.0,,,,,,,,36.04068,-86.77999,False,Crashes_2010_2019_MPO
101580291,2017-03-11,2017,,94.0,,,0,0,N,0.0,0.0,0.0,,,,,,,,35.95063,-86.8068,False,Crashes_2010_2019_MPO
100248354,2012-11-04,2012,,94.0,,,0,0,N,0.0,0.0,0.0,,,,,,,,35.96986,-86.72322,True,Crashes_2010_2019_MPO
102341896,2019-03-26,2019,,94.0,,,0,0,N,0.0,0.0,0.0,,,,,,,,35.98635,-86.73664,True,Crashes_2010_2019_MPO
100911391,2015-07-21,2015,,94.0,,,0,0,N,0.0,0.0,0.0,,,,,,,,35.92638,-86.72919,False,Crashes_2010_2019_MPO
102409828,2019-06-04,2019,,19.0,,,0,0,N,0.0,0.0,0.0,,,,,,,,36.04685,-86.67941,False,Crashes_2010_2019_MPO
102281158,2019-01-18,2019,,19.0,,,0,0,N,0.0,0.0,0.0,,,,,,,,36.03983,-86.74099,False,Crashes_2010_2019_MPO
102324930,2019-03-08,2019,,94.0,,,0,0,N,0.0,0.0,0.0,,,,,,,,36.03363,-86.78049,True,Crashes_2010_2019_MPO
101618401,2017-04-17,2017,,94.0,,,0,0,N,0.0,0.0,0.0,,,,,,,,35.96301,-86.80906,False,Crashes_2010_2019_MPO
102053515,2018-06-25,2018,,94.0,,,0,0,N,0.0,0.0,0.0,,,,,,,,35.94619,-86.80802,False,Crashes_2010_2019_MPO
102184484,2018-10-19,2018,,94.0,,,0,0,N,0.0,0.0,0.0,,,,,,,,36.00883,-86.78605,True,Crashes_2010_2019_MPO
100346197,2013-06-24,2013,,94.0,,,0,0,N,0.0,0.0,0.0,,,,,,,,35.99349,-86.73731,True,Crashes_2010_2019_MPO
100419616,2013-12-15,2013,,94.0,,,0,0,N,0.0,0.0,0.0,,,,,,,,36.01284,-86.80082,True,Crashes_2010_2019_MPO
100683243,2014-11-19,2014,,94.0,,,0,0,N,0.0,0.0,0.0,,,,,,,,35.96741,-86.81552,True,Crashes_2010_2019_MPO
102376389,2019-04-30,2019,,94.0,,,0,0,N,0.0,0.0,0.0,,,,,,,,35.99475,-86.76957,True,Crashes_2010_2019_MPO
101582935,2017-03-14,2017,,19.0,,,0,0,N,0.0,0.0,0.0,,,,,,,,36.03652,-86.73064,False,Crashes_2010_2019_MPO
101593631,2017-03-25,2017,,94.0,,,0,0,N,0.0,0.0,0.0,,,,,,,,35.96024,-86.8153,False,Crashes_2010_2019_MPO
101830945,2017-11-19,2017,,94.0,,,0,0,N,0.0,0.0,0.0,,,,,,,,35.94708,-86.82178,False,Crashes_2010_2019_MPO
100822598,2015-04-22,2015,,94.0,,,0,0,Y,0.0,0.0,1.0,,,,,,,,35.97205,-86.82648,True,Crashes_2010_2019_MPO
101238443,2016-06-03,2016,,94.0,,,0,0,N,0.0,0.0,0.0,,,,,,,,35.92738,-86.8687,False,Crashes_2010_2019_MPO
101272969,2016-06-25,2016,,19.0,,,0,0,N,0.0,0.0,0.0,,,,,,,,36.03806,-86.74347,False,Crashes_2010_2019_MPO
101713198,2017-07-27,2017,,94.0,,,0,0,N,0.0,0.0,0.0,,,,,,,,36.01689,-86.78609,True,Crashes_2010_2019_MPO
102250819,2018-12-18,2018,,19.0,,,0,0,N,0.0,0.0,0.0,,,,,,,,36.04015,-86.78076,False,Crashes_2010_2019_MPO
102158035,2018-09-26,2018,,19.0,,,0,0,N,0.0,0.0,0.0,,,,,,,,36.0374,-86.78657,False,Crashes_2010_2019_MPO
100975955,2015-10-09,2015,,19.0,,,0,0,N,0.0,0.0,0.0,,,,,,,,36.03755,-86.79215,False,Crashes_2010_2019_MPO
101091351,2016-01-21,2016,,94.0,,,0,0,N,0.0,0.0,0.0,,,,,,,,36.00921,-86.78605,True,Crashes_2010_2019_MPO
102109364,2018-08-14,2018,,19.0,,,0,0,N,0.0,0.0,0.0,,,,,,,,36.0503,-86.68517,False,Crashes_2010_2019_MPO
100611277,2014-08-26,2014,,94.0,,,0,0,N,0.0,0.0,0.0,,,,,,,,35.95345,-86.7148,False,Crashes_2010_2019_MPO
100967722,2015-09-26,2015,,19.0,,,0,0,N,0.0,0.0,0.0,,,,,,,,36.02222,-86.70716,False,Crashes_2010_2019_MPO
100849012,2015-05-21,2015,,94.0,,,0,0,N,0.0,0.0,0.0,,,,,,,,35.99737,-86.79507,True,Crashes_2010_2019_MPO
102003420,2018-05-06,2018,,94.0,,,0,0,N,0.0,0.0,0.0,,,,,,,,35.99061,-86.79758,True,Crashes_2010_2019_MPO
101403781,2016-10-14,2016,,94.0,,,0,0,N,0.0,0.0,0.0,,,,,,,,35.96133,-86.81226,False,Crashes_2010_2019_MPO
100175078,2012-05-01,2012,,94.0,,,0,0,N,0.0,0.0,0.0,,,,,,,,35.99333,-86.6983,True,Crashes_2010_2019_MPO
101350917,2016-09-01,2016,,19.0,,,0,0,N,0.0,0.0,0.0,,,,,,,,36.04245,-86.71294,False,Crashes_2010_2019_MPO
100857959,2015-06-09,2015,,94.0,,,0,0,N,0.0,0.0,0.0,,,,,,,,36.02395,-86.81964,True,Crashes_2010_2019_MPO
101285289,2016-07-10,2016,,19.0,,,0,0,N,0.0,0.0,0.0,,,,,,,,36.04102,-86.77514,False,Crashes_2010_2019_MPO
100465797,2014-03-18,2014,,94.0,,,0,0,N,0.0,0.0,0.0,,,,,,,,36.03336,-86.78872,True,Crashes_2010_2019_MPO
101453519,2016-11-17,2016,,94.0,,,0,0,N,0.0,0.0,0.0,,,,,,,,35.99941,-86.80912,True,Crashes_2010_2019_MPO
102124760,2018-08-27,2018,,94.0,,,0,0,N,0.0,0.0,0.0,,,,,,,,35.93622,-86.82798,False,Crashes_2010_2019_MPO
101916642,2018-02-14,2018,,94.0,,,0,0,N,0.0,0.0,0.0,,,,,,,,35.94813,-86.81682,False,Crashes_2010_2019_MPO
101627031,2017-04-27,2017,,94.0,,,0,0,N,0.0,0.0,0.0,,,,,,,,35.94579,-86.80869,False,Crashes_2010_2019_MPO
101941316,2018-03-11,2018,,94.0,,,0,0,N,0.0,0.0,0.0,,,,,,,,35.99583,-86.78225,True,Crashes_2010_2019_MPO
100730644,2015-02-01,2015,,19.0,,,0,0,N,0.0,0.0,0.0,,,,,,,,36.01257,-86.70371,False,Crashes_2010_2019_MPO
101651072,2017-05-19,2017,,94.0,,,0,0,N,0.0,0.0,0.0,,,,,,,,35.96598,-86.80586,True,Crashes_2010_2019_MPO
101604162,2017-04-05,2017,,94.0,,,0,0,N,0.0,0.0,0.0,,,,,,,,36.03248,-86.78335,True,Crashes_2010_2019_MPO
100392519,2013-10-17,2013,,94.0,,,0,0,N,0.0,0.0,0.0,,,,,,,,35.97813,-86.75834,True,Crashes_2010_2019_MPO
100939973,2015-08-25,2015,,19.0,,,0,0,N,0.0,0.0,0.0,,,,,,,,36.04501,-86.71984,False,Crashes_2010_2019_MPO
102217771,2018-11-20,2018,,94.0,,,0,0,N,0.0,0.0,0.0,,,,,,,,35.95239,-86.81798,False,Crashes_2010_2019_MPO
101597915,2017-03-20,2017,,19.0,,,1,0,N,1.0,0.0,0.0,,,,,,,,36.04696,-86.68161,False,Crashes_2010_2019_MPO
100126362,2011-11-24,2011,,94.0,,,0,0,N,0.0,0.0,0.0,,,,,,,,36.01004,-86.87846,False,Crashes_2010_2019_MPO
101436988,2016-11-11,2016,,19.0,,,0,0,N,0.0,0.0,0.0,,,,,,,,36.0399,-86.71278,False,Crashes_2010_2019_MPO
100405429,2013-11-15,2013,,94.0,,,0,0,N,0.0,0.0,0.0,,,,,,,,36.03495,-86.80519,True,Crashes_2010_2019_MPO
101800090,2017-10-21,2017,,94.0,,,0,0,N,0.0,0.0,0.0,,,,,,,,35.92641,-86.82447,False,Crashes_2010_2019_MPO
101694578,2017-07-04,2017,,94.0,,,0,0,N,0.0,0.0,0.0,,,,,,,,35.92957,-86.84187,False,Crashes_2010_2019_MPO
101847251,2017-12-03,2017,,94.0,,,0,0,N,0.0,0.0,0.0,,,,,,,,35.92441,-86.76695,False,Crashes_2010_2019_MPO
102348903,2019-04-03,2019,,19.0,,,0,0,N,0.0,0.0,0.0,,,,,,,,36.04003,-86.78126,False,Crashes_2010_2019_MPO
101939767,2018-03-10,2018,,19.0,,,0,0,N,0.0,0.0,0.0,,,,,,,,36.04393,-86.6933,False,Crashes_2010_2019_MPO
100431462,2014-01-11,2014,,94.0,,,0,0,N,0.0,0.0,0.0,,,,,,,,35.93107,-86.85925,False,Crashes_2010_2019_MPO
102056698,2018-06-28,2018,,19.0,,,0,0,N,0.0,0.0,0.0,,,,,,,,36.0284,-86.75971,False,Crashes_2010_2019_MPO
102552175,2019-10-29,2019,,19.0,,,0,0,N,0.0,0.0,0.0,,,,,,,,36.04479,-86.72487,False,Crashes_2010_2019_MPO
100976137,2015-10-09,2015,,94.0,,,0,0,N,0.0,0.0,0.0,,,,,,,,35.98695,-86.81657,True,Crashes_2010_2019_MPO
101483420,2016-12-21,2016,,19.0,,,0,0,N,0.0,0.0,0.0,,,,,,,,36.04197,-86.83374,False,Crashes_2010_2019_MPO
102595235,2019-12-12,2019,,19.0,,,0,0,Y,0.0,0.0,1.0,,,,,,,,36.03975,-86.78117,False,Crashes_2010_2019_MPO
101822346,2017-11-11,2017,,94.0,,,0,0,N,0.0,0.0,0.0,,,,,,,,35.9505,-86.81885,False,Crashes_2010_2019_MPO
101762879,2017-09-15,2017,,94.0,,,0,0,N,0.0,0.0,0.0,,,,,,,,36.00525,-86.79004,True,Crashes_2010_2019_MPO
100823663,2015-04-25,2015,,19.0,,,0,0,N,0.0,0.0,0.0,,,,,,,,36.0392,-86.70583,False,Crashes_2010_2019_MPO
101048892,2015-12-09,2015,,94.0,,,0,0,N,0.0,0.0,0.0,,,,,,,,35.92555,-86.87296,False,Crashes_2010_2019_MPO
101535887,2017-01-27,2017,,19.0,,,0,0,N,0.0,0.0,0.0,,,,,,,,36.02616,-86.71295,False,Crashes_2010_2019_MPO
102175839,2018-10-12,2018,,94.0,,,0,0,N,0.0,0.0,0.0,,,,,,,,35.96611,-86.8383,False,Crashes_2010_2019_MPO
102113487,2018-08-17,2018,,94.0,,,0,0,N,0.0,0.0,0.0,,,,,,,,35.93446,-86.81991,False,Crashes_2010_2019_MPO
101973477,2018-04-11,2018,,19.0,,,0,0,N,0.0,0.0,0.0,,,,,,,,36.01023,-86.6801,False,Crashes_2010_2019_MPO
102129218,2018-08-31,2018,,94.0,,,0,0,N,0.0,0.0,0.0,,,,,,,,35.93557,-86.82364,False,Crashes_2010_2019_MPO
100734682,2015-02-09,2015,,94.0,,,0,0,N,0.0,0.0,0.0,,,,,,,,35.97316,-86.83087,True,Crashes_2010_2019_MPO
101074192,2016-01-07,2016,,94.0,,,0,0,N,0.0,0.0,0.0,,,,,,,,35.95151,-86.73716,True,Crashes_2010_2019_MPO
101908393,2018-02-06,2018,,19.0,,,0,0,N,0.0,0.0,0.0,,,,,,,,36.05026,-86.87461,False,Crashes_2010_2019_MPO
100422602,2013-12-21,2013,,94.0,,,0,0,N,0.0,0.0,0.0,,,,,,,,35.92947,-86.84135,False,Crashes_2010_2019_MPO
102348468,2019-04-02,2019,,19.0,,,0,0,N,0.0,0.0,0.0,,,,,,,,36.0409,-86.77938,False,Crashes_2010_2019_MPO
101422779,2016-10-25,2016,,19.0,,,0,0,N,0.0,0.0,0.0,,,,,,,,36.0409,-86.77938,False,Crashes_2010_2019_MPO
102505939,2019-09-11,2019,,94.0,,,0,0,N,0.0,0.0,0.0,,,,,,,,35.94429,-86.81993,False,Crashes_2010_2019_MPO
102071996,2018-07-11,2018,,94.0,,,0,0,N,0.0,0.0,0.0,,,,,,,,35.93343,-86.81898,False,Crashes_2010_2019_MPO
100590856,2014-08-03,2014,,94.0,,,0,0,N,0.0,0.0,0.0,,,,,,,,35.942,-86.82508,False,Crashes_2010_2019_MPO
100414957,2013-12-05,2013,,94.0,,,0,1,N,0.0,1.0,0.0,,,,,,,,35.92259,-86.87288,False,Crashes_2010_2019_MPO
100278098,2013-01-12,2013,,94.0,,,0,0,N,0.0,0.0,0.0,,,,,,,,35.96017,-86.83038,False,Crashes_2010_2019_MPO
101045358,2015-12-08,2015,,19.0,,,0,0,N,0.0,0.0,0.0,,,,,,,,36.04301,-86.84231,False,Crashes_2010_2019_MPO
101402589,2016-10-13,2016,,19.0,,,0,0,N,0.0,0.0,0.0,,,,,,,,36.03741,-86.7903,False,Crashes_2010_2019_MPO
102361088,2019-04-14,2019,,19.0,,,0,0,N,0.0,0.0,0.0,,,,,,,,36.01288,-86.70395,False,Crashes_2010_2019_MPO
101484103,2016-12-22,2016,,94.0,,,0,0,N,0.0,0.0,0.0,,,,,,,,35.95198,-86.81788,False,Crashes_2010_2019_MPO
100641300,2014-10-10,2014,,94.0,,,0,0,N,0.0,0.0,0.0,,,,,,,,35.93492,-86.77702,False,Crashes_2010_2019_MPO
102371304,2019-04-25,2019,,94.0,,,0,0,N,0.0,0.0,0.0,,,,,,,,35.95076,-86.80642,False,Crashes_2010_2019_MPO
101640340,2017-05-10,2017,,94.0,,,0,0,N,0.0,0.0,0.0,,,,,,,,36.02501,-86.84972,True,Crashes_2010_2019_MPO
100256675,2012-11-23,2012,,94.0,,,0,0,N,0.0,0.0,0.0,,,,,,,,36.0336,-86.78114,True,Crashes_2010_2019_MPO
100478788,2014-03-26,2014,,94.0,,,0,0,N,0.0,0.0,0.0,,,,,,,,35.96727,-86.81398,True,Crashes_2010_2019_MPO
102427555,2019-06-24,2019,,19.0,,,0,0,N,0.0,0.0,0.0,,,,,,,,36.05351,-86.71498,False,Crashes_2010_2019_MPO
101759530,2017-09-12,2017,,94.0,,,0,0,N,0.0,0.0,0.0,,,,,,,,36.00219,-86.79319,True,Crashes_2010_2019_MPO
100277071,2013-01-09,2013,,94.0,,,0,0,N,0.0,0.0,0.0,,,,,,,,35.92932,-86.8131,False,Crashes_2010_2019_MPO
101043549,2015-12-05,2015,,94.0,,,0,0,N,0.0,0.0,0.0,,,,,,,,35.97039,-86.77379,True,Crashes_2010_2019_MPO
100236174,2012-10-08,2012,,94.0,,,0,0,N,0.0,0.0,0.0,,,,,,,,35.96713,-86.80869,True,Crashes_2010_2019_MPO
101482024,2016-12-19,2016,,19.0,,,0,0,N,0.0,0.0,0.0,,,,,,,,36.0374,-86.78657,False,Crashes_2010_2019_MPO
100910057,2015-07-22,2015,,94.0,,,0,0,N,0.0,0.0,0.0,,,,,,,,36.01695,-86.78611,True,Crashes_2010_2019_MPO
101928465,2018-02-20,2018,,94.0,,,0,0,N,0.0,0.0,0.0,,,,,,,,35.95399,-86.80425,False,Crashes_2010_2019_MPO
100329126,2013-05-15,2013,,94.0,,,0,0,N,0.0,0.0,0.0,,,,,,,,35.96687,-86.80894,True,Crashes_2010_2019_MPO
102378239,2019-05-02,2019,,94.0,,,0,0,N,0.0,0.0,0.0,,,,,,,,35.93838,-86.82182,False,Crashes_2010_2019_MPO
100925896,2015-08-19,2015,,94.0,,,0,0,N,0.0,0.0,0.0,,,,,,,,35.96236,-86.81522,False,Crashes_2010_2019_MPO
100999141,2015-10-27,2015,,94.0,,,0,0,N,0.0,0.0,0.0,,,,,,,,35.94699,-86.81153,False,Crashes_2010_2019_MPO
101032866,2015-11-19,2015,,19.0,,,0,0,N,0.0,0.0,0.0,,,,,,,,36.01108,-86.70269,False,Crashes_2010_2019_MPO
102073826,2018-07-13,2018,,19.0,,,0,0,N,0.0,0.0,0.0,,,,,,,,35.99541,-86.68779,False,Crashes_2010_2019_MPO
101584002,2017-03-15,2017,,19.0,,,0,0,N,0.0,0.0,0.0,,,,,,,,36.0095,-86.70166,False,Crashes_2010_2019_MPO
101924911,2018-02-23,2018,,94.0,,,0,0,N,0.0,0.0,0.0,,,,,,,,36.02673,-86.78449,True,Crashes_2010_2019_MPO
101541330,2017-02-01,2017,,94.0,,,0,0,N,0.0,0.0,0.0,,,,,,,,35.93541,-86.82372,False,Crashes_2010_2019_MPO
102551234,2019-10-28,2019,,19.0,,,0,0,N,0.0,0.0,0.0,,,,,,,,36.03991,-86.74205,False,Crashes_2010_2019_MPO
100836181,2015-05-18,2015,,94.0,,,0,0,N,0.0,0.0,0.0,,,,,,,,35.94739,-86.82105,False,Crashes_2010_2019_MPO
100848920,2015-05-23,2015,,94.0,,,0,0,N,0.0,0.0,0.0,,,,,,,,35.98156,-86.84531,False,Crashes_2010_2019_MPO
100939196,2015-08-24,2015,,94.0,,,0,0,N,0.0,0.0,0.0,,,,,,,,36.03671,-86.79087,True,Crashes_2010_2019_MPO
101787732,2017-10-10,2017,,94.0,,,0,0,N,0.0,0.0,0.0,,,,,,,,36.01724,-86.79777,True,Crashes_2010_2019_MPO
101925838,2018-02-24,2018,,19.0,,,0,0,N,0.0,0.0,0.0,,,,,,,,36.03875,-86.78301,False,Crashes_2010_2019_MPO
102477169,2019-08-14,2019,,19.0,,,0,0,N,0.0,0.0,0.0,,,,,,,,36.0396,-86.73579,False,Crashes_2010_2019_MPO
102530041,2019-10-05,2019,,94.0,,,0,0,N,0.0,0.0,0.0,,,,,,,,35.96688,-86.81117,True,Crashes_2010_2019_MPO
101300987,2016-07-22,2016,,19.0,,,0,0,N,0.0,0.0,0.0,,,,,,,,36.0354,-86.78301,False,Crashes_2010_2019_MPO
100722250,2015-01-14,2015,,94.0,,,0,0,N,0.0,0.0,0.0,,,,,,,,35.95112,-86.70452,False,Crashes_2010_2019_MPO
100707088,2014-12-12,2014,,94.0,,,0,0,N,0.0,0.0,0.0,,,,,,,,36.03175,-86.78961,True,Crashes_2010_2019_MPO
100338424,2013-06-06,2013,,94.0,,,0,0,Y,0.0,0.0,1.0,,,,,,,,35.92296,-86.74416,False,Crashes_2010_2019_MPO
101345742,2016-08-24,2016,,94.0,,,0,0,N,0.0,0.0,0.0,,,,,,,,35.9325,-86.86247,False,Crashes_2010_2019_MPO
102056852,2018-06-28,2018,,94.0,,,0,0,N,0.0,0.0,0.0,,,,,,,,35.95209,-86.81805,False,Crashes_2010_2019_MPO
101147233,2016-03-19,2016,,94.0,,,0,0,N,0.0,0.0,0.0,,,,,,,,35.94683,-86.85172,False,Crashes_2010_2019_MPO
102358883,2019-04-12,2019,,19.0,,,0,0,N,0.0,0.0,0.0,,,,,,,,36.0452,-86.71504,False,Crashes_2010_2019_MPO
102570423,2019-11-16,2019,,94.0,,,0,0,N,0.0,0.0,0.0,,,,,,,,35.93628,-86.83914,False,Crashes_2010_2019_MPO
102036069,2018-06-07,2018,,94.0,,,0,0,N,0.0,0.0,0.0,,,,,,,,36.03409,-86.7883,True,Crashes_2010_2019_MPO
101755951,2017-09-09,2017,,19.0,,,0,0,N,0.0,0.0,0.0,,,,,,,,36.04537,-86.71326,False,Crashes_2010_2019_MPO
100212668,2012-08-02,2012,,94.0,,,0,0,N,0.0,0.0,0.0,,,,,,,,35.98123,-86.82919,False,Crashes_2010_2019_MPO
100662210,2014-10-31,2014,,94.0,,,0,0,N,0.0,0.0,0.0,,,,,,,,35.93493,-86.77701,False,Crashes_2010_2019_MPO
102548642,2019-10-25,2019,,19.0,,,0,0,N,0.0,0.0,0.0,,,,,,,,36.01467,-86.72558,False,Crashes_2010_2019_MPO
100721314,2015-01-13,2015,,19.0,,,0,0,N,0.0,0.0,0.0,,,,,,,,36.03998,-86.78095,False,Crashes_2010_2019_MPO
101418303,2016-10-20,2016,,94.0,,,0,0,N,0.0,0.0,0.0,,,,,,,,35.93382,-86.81801,False,Crashes_2010_2019_MPO
100770415,2015-03-11,2015,,19.0,,,0,0,N,0.0,0.0,0.0,,,,,,,,36.04071,-86.74493,False,Crashes_2010_2019_MPO
101587955,2017-03-19,2017,,19.0,,,0,0,N,0.0,0.0,0.0,,,,,,,,36.04504,-86.69786,False,Crashes_2010_2019_MPO
102477534,2019-08-14,2019,,94.0,,,0,0,N,0.0,0.0,0.0,,,,,,,,35.97134,-86.83482,False,Crashes_2010_2019_MPO
101683762,2017-06-21,2017,,94.0,,,0,0,N,0.0,0.0,0.0,,,,,,,,36.029104,-86.783824,True,Crashes_2010_2019_MPO
100487252,2014-04-16,2014,,94.0,,,0,0,N,0.0,0.0,0.0,,,,,,,,35.95078,-86.80645,False,Crashes_2010_2019_MPO
101329699,2016-08-17,2016,,19.0,,,0,0,N,0.0,0.0,0.0,,,,,,,,36.04546,-86.70406,False,Crashes_2010_2019_MPO
101209743,2016-05-20,2016,,94.0,,,0,0,N,0.0,0.0,0.0,,,,,,,,35.92644,-86.82477,False,Crashes_2010_2019_MPO
100973931,2015-10-05,2015,,19.0,,,0,0,N,0.0,0.0,0.0,,,,,,,,36.00453,-86.69157,False,Crashes_2010_2019_MPO
100361466,2013-07-31,2013,,94.0,,,0,0,N,0.0,0.0,0.0,,,,,,,,35.96745,-86.69699,False,Crashes_2010_2019_MPO
101048875,2015-12-14,2015,,94.0,,,0,0,N,0.0,0.0,0.0,,,,,,,,35.99767,-86.79468,True,Crashes_2010_2019_MPO
101158991,2016-04-06,2016,,94.0,,,0,0,N,0.0,0.0,0.0,,,,,,,,35.95824,-86.80206,False,Crashes_2010_2019_MPO
100293583,2013-02-15,2013,,94.0,,,0,0,N,0.0,0.0,0.0,,,,,,,,35.93188,-86.79006,False,Crashes_2010_2019_MPO
101760235,2017-09-14,2017,,19.0,,,0,0,N,0.0,0.0,0.0,,,,,,,,36.04299,-86.71299,False,Crashes_2010_2019_MPO
102533505,2019-10-09,2019,,94.0,,,0,0,N,0.0,0.0,0.0,,,,,,,,36.03641,-86.81069,True,Crashes_2010_2019_MPO
102151874,2018-09-20,2018,,94.0,,,0,0,N,0.0,0.0,0.0,,,,,,,,36.03608,-86.78715,True,Crashes_2010_2019_MPO
101876215,2018-01-02,2018,,19.0,,,0,0,N,0.0,0.0,0.0,,,,,,,,36.04537,-86.71326,False,Crashes_2010_2019_MPO
101622587,2017-04-22,2017,,19.0,,,0,0,N,0.0,0.0,0.0,,,,,,,,36.04184,-86.78239,False,Crashes_2010_2019_MPO
101652681,2017-05-23,2017,,94.0,,,0,0,N,0.0,0.0,0.0,,,,,,,,35.93981,-86.82137,False,Crashes_2010_2019_MPO
102177034,2018-10-13,2018,,94.0,,,0,0,N,0.0,0.0,0.0,,,,,,,,35.9724,-86.74061,True,Crashes_2010_2019_MPO
100709052,2014-12-18,2014,,94.0,,,0,0,N,0.0,0.0,0.0,,,,,,,,35.96312,-86.81899,True,Crashes_2010_2019_MPO
100068169,2011-06-24,2011,,94.0,,,0,0,N,0.0,0.0,0.0,,,,,,,,35.9465,-86.8085,False,Crashes_2010_2019_MPO
101428929,2016-11-02,2016,,19.0,,,0,0,N,0.0,0.0,0.0,,,,,,,,36.02443,-86.6803,False,Crashes_2010_2019_MPO
100335732,2013-05-29,2013,,94.0,,,0,0,Y,0.0,0.0,1.0,,,,,,,,35.99615,-86.78553,True,Crashes_2010_2019_MPO
100882814,2015-07-07,2015,,94.0,,,0,0,N,0.0,0.0,0.0,,,,,,,,35.92732,-86.87408,False,Crashes_2010_2019_MPO
101395305,2016-10-01,2016,,19.0,,,0,0,N,0.0,0.0,0.0,,,,,,,,36.04658,-86.71341,False,Crashes_2010_2019_MPO
102324738,2019-03-08,2019,,94.0,,,0,0,N,0.0,0.0,0.0,,,,,,,,35.96476,-86.81512,True,Crashes_2010_2019_MPO
101831628,2017-11-20,2017,,19.0,,,0,0,N,0.0,0.0,0.0,,,,,,,,36.01259,-86.70374,False,Crashes_2010_2019_MPO
100752385,2015-02-24,2015,,94.0,,,0,0,N,0.0,0.0,0.0,,,,,,,,35.98838,-86.70574,True,Crashes_2010_2019_MPO
100918808,2015-08-06,2015,,94.0,,,0,0,N,0.0,0.0,0.0,,,,,,,,35.92538,-86.87268,False,Crashes_2010_2019_MPO
102522319,2019-09-27,2019,,19.0,,,0,0,N,0.0,0.0,0.0,,,,,,,,36.03989,-86.78322,False,Crashes_2010_2019_MPO