mstrrecnbr,collision_ts,year,county,countystat,crash,crash_type,fatalities,non_motorists,commercial,fatal_c,nonmotor_c,truck_c,fatalc,serious_injuries,ped,bike,lighting,weather,first_harmful_event,latitude,longitude,in_city,src_layer
100427596,2014-01-05,2014,,94.0,,,0,0,N,0.0,0.0,0.0,,,,,,,,35.96708,-86.81356,True,Crashes_2010_2019_MPO
102440281,2019-07-06,2019,,19.0,,,0,0,N,0.0,0.0,0.0,,,,,,,,36.0476,-86.73944,False,Crashes_2010_2019_MPO
102341527,2019-03-26,2019,,19.0,,,0,0,N,0.0,0.0,0.0,,,,,,,,36.03227,-86.76571,False,Crashes_2010_2019_MPO
100873025,2015-06-19,2015,,19.0,,,0,0,N,0.0,0.0,0.0,,,,,,,,36.04029,-86.76833,False,Crashes_2010_2019_MPO
100654062,2014-10-15,2014,,94.0,,,0,0,N,0.0,0.0,0.0,,,,,,,,35.99583,-86.78225,True,Crashes_2010_2019_MPO
101064341,2015-12-21,2015,,19.0,,,0,0,N,0.0,0.0,0.0,,,,,,,,36.03747,-86.79098,False,Crashes_2010_2019_MPO
100979059,2015-10-14,2015,,94.0,,,0,0,N,0.0,0.0,0.0,,,,,,,,35.95579,-86.83076,False,Crashes_2010_2019_MPO
100821177,2015-04-20,2015,,94.0,,,0,0,N,0.0,0.0,0.0,,,,,,,,35.92648,-86.86629,False,Crashes_2010_2019_MPO
101000716,2015-10-31,2015,,94.0,,,0,0,N,0.0,0.0,0.0,,,,,,,,35.94778,-86.81994,False,Crashes_2010_2019_MPO
101543602,2017-02-03,2017,,19.0,,,0,0,N,0.0,0.0,0.0,,,,,,,,36.04796,-86.86511,False,Crashes_2010_2019_MPO
101287279,2016-07-17,2016,,19.0,,,0,0,N,0.0,0.0,0.0,,,,,,,,36.04464,-86.69472,False,Crashes_2010_2019_MPO
100797977,2015-03-26,2015,,94.0,,,0,0,N,0.0,0.0,0.0,,,,,,,,35.95892,-86.81612,False,Crashes_2010_2019_MPO
100703533,2014-12-08,2014,,94.0,,,0,0,N,0.0,0.0,0.0,,,,,,,,35.96082,-86.81323,False,Crashes_2010_2019_MPO
101506967,2017-01-16,2017,,94.0,,,0,0,N,0.0,0.0,0.0,,,,,,,,36.00002,-86.80879,True,Crashes_2010_2019_MPO
100703363,2014-12-05,2014,,94.0,,,0,0,N,0.0,0.0,0.0,,,,,,,,35.93624,-86.82333,False,Crashes_2010_2019_MPO
101097985,2016-02-02,2016,,94.0,,,0,0,N,0.0,0.0,0.0,,,,,,,,36.025925,-86.79558,True,Crashes_2010_2019_MPO
101497758,2017-01-06,2017,,94.0,,,0,0,N,0.0,0.0,0.0,,,,,,,,35.96798,-86.81833,True,Crashes_2010_2019_MPO
100756639,2015-03-04,2015,,19.0,,,0,0,N,0.0,0.0,0.0,,,,,,,,36.02355,-86.69987,False,Crashes_2010_2019_MPO
101982444,2018-04-19,2018,,94.0,,,0,0,N,0.0,0.0,0.0,,,,,,,,35.93573,-86.82432,False,Crashes_2010_2019_MPO
100750866,2015-02-21,2015,,19.0,,,0,0,N,0.0,0.0,0.0,,,,,,,,36.03958,-86.78245,False,Crashes_2010_2019_MPO
100999218,2015-10-28,2015,,19.0,,,0,0,N,0.0,0.0,0.0,,,,,,,,36.01602,-86.70612,False,Crashes_2010_2019_MPO
101883493,2018-01-08,2018,,94.0,,,0,0,N,0.0,0.0,0.0,,,,,,,,36.035566,-86.783432,False,Crashes_2010_2019_MPO
102468525,2019-08-05,2019,,94.0,,,0,0,N,0.0,0.0,0.0,,,,,,,,35.934,-86.81878,False,Crashes_2010_2019_MPO
102133888,2018-08-30,2018,,94.0,,,0,0,N,0.0,0.0,0.0,,,,,,,,35.97469,-86.77609,True,Crashes_2010_2019_MPO
102041789,2018-06-13,2018,,94.0,,,0,0,N,0.0,0.0,0.0,,,,,,,,36.026778,-86.818402,True,Crashes_2010_2019_MPO
101921792,2018-02-20,2018,,19.0,,,0,0,N,0.0,0.0,0.0,,,,,,,,36.04537,-86.71326,False,Crashes_2010_2019_MPO
102342412,2019-03-27,2019,,94.0,,,0,0,N,0.0,0.0,0.0,,,,,,,,35.96442,-86.78833,True,Crashes_2010_2019_MPO
102235278,2018-12-04,2018,,19.0,,,0,0,N,0.0,0.0,0.0,,,,,,,,36.04099,-86.74621,False,Crashes_2010_2019_MPO
101605139,2017-04-06,2017,,94.0,,,0,0,N,0.0,0.0,0.0,,,,,,,,35.9638,-86.80842,False,Crashes_2010_2019_MPO
100369978,2013-08-20,2013,,19.0,,,0,0,N,0.0,0.0,0.0,,,,,,,,36.04565,-86.71068,False,Crashes_2010_2019_MPO
101646217,2017-05-16,2017,,19.0,,,0,0,N,0.0,0.0,0.0,,,,,,,,36.03776,-86.78477,False,Crashes_2010_2019_MPO
101193668,2016-05-13,2016,,19.0,,,0,0,N,0.0,0.0,0.0,,,,,,,,36.03834,-86.8026,False,Crashes_2010_2019_MPO
100805453,2015-04-07,2015,,94.0,,,0,0,N,0.0,0.0,0.0,,,,,,,,35.92335,-86.87558,False,Crashes_2010_2019_MPO
102481826,2019-08-19,2019,,19.0,,,0,0,N,0.0,0.0,0.0,,,,,,,,36.02916,-86.74404,False,Crashes_2010_2019_MPO
100914513,2015-07-29,2015,,19.0,,,0,0,N,0.0,0.0,0.0,,,,,,,,36.04084,-86.77935,False,Crashes_2010_2019_MPO
102586470,2019-12-02,2019,,19.0,,,0,0,N,0.0,0.0,0.0,,,,,,,,35.99548,-86.68787,False,Crashes_2010_2019_MPO
101803281,2017-10-02,2017,,19.0,,,0,0,N,0.0,0.0,0.0,,,,,,,,36.04829,-86.86631,False,Crashes_2010_2019_MPO
100177662,2012-05-07,2012,,94.0,,,0,0,N,0.0,0.0,0.0,,,,,,,,35.9236,-86.76701,False,Crashes_2010_2019_MPO
102420717,2019-06-16,2019,,94.0,,,0,0,N,0.0,0.0,0.0,,,,,,,,35.92673,-86.87005,False,Crashes_2010_2019_MPO
102179153,2018-10-16,2018,,94.0,,,0,0,N,0.0,0.0,0.0,,,,,,,,36.01573,-86.82065,True,Crashes_2010_2019_MPO
100794411,2015-03-18,2015,,94.0,,,0,0,N,0.0,0.0,0.0,,,,,,,,35.92286,-86.87383,False,Crashes_2010_2019_MPO
101042144,2015-12-03,2015,,19.0,,,0,0,N,0.0,0.0,0.0,,,,,,,,36.05366,-86.71502,False,Crashes_2010_2019_MPO
101102927,2016-02-10,2016,,94.0,,,0,0,N,0.0,0.0,0.0,,,,,,,,35.93475,-86.82404,False,Crashes_2010_2019_MPO
101333330,2016-08-22,2016,,94.0,,,0,0,N,0.0,0.0,0.0,,,,,,,,35.98215,-86.80205,True,Crashes_2010_2019_MPO
100371911,2013-08-27,2013,,94.0,,,0,0,N,0.0,0.0,0.0,,,,,,,,35.96618,-86.81144,False,Crashes_2010_2019_MPO
101151318,2016-03-26,2016,,19.0,,,0,0,N,0.0,0.0,0.0,,,,,,,,35.99554,-86.68799,False,Crashes_2010_2019_MPO
102135885,2018-09-06,2018,,94.0,,,0,0,N,0.0,0.0,0.0,,,,,,,,35.96448,-86.8141,False,Crashes_2010_2019_MPO
100635864,2014-09-30,2014,,94.0,,,0,0,N,0.0,0.0,0.0,,,,,,,,35.9829,-86.71837,True,Crashes_2010_2019_MPO
101489803,2016-12-29,2016,,94.0,,,0,0,N,0.0,0.0,0.0,,,,,,,,35.98191,-86.69904,True,Crashes_2010_2019_MPO
102012331,2018-05-16,2018,,94.0,,,0,0,N,0.0,0.0,0.0,,,,,,,,35.96674,-86.81365,True,Crashes_2010_2019_MPO
100350563,2013-07-03,2013,,94.0,,,0,0,N,0.0,0.0,0.0,,,,,,,,35.94468,-86.84671,False,Crashes_2010_2019_MPO
101357574,2016-09-09,2016,,19.0,,,0,0,N,0.0,0.0,0.0,,,,,,,,36.04545,-86.70395,False,Crashes_2010_2019_MPO
101588054,2017-03-20,2017,,19.0,,,0,0,N,0.0,0.0,0.0,,,,,,,,36.0525,-86.68445,False,Crashes_2010_2019_MPO
101957866,2018-03-27,2018,,19.0,,,0,0,N,0.0,0.0,0.0,,,,,,,,36.05049,-86.87668,False,Crashes_2010_2019_MPO
101431332,2016-11-03,2016,,94.0,,,0,0,N,0.0,0.0,0.0,,,,,,,,35.9938,-86.81208,True,Crashes_2010_2019_MPO
100940757,2015-08-28,2015,,19.0,,,0,0,N,0.0,0.0,0.0,,,,,,,,36.0522,-86.74309,False,Crashes_2010_2019_MPO
102599481,2019-12-16,2019,,94.0,,,0,0,N,0.0,0.0,0.0,,,,,,,,35.97887,-86.77105,True,Crashes_2010_2019_MPO
101181612,2016-04-26,2016,,19.0,,,0,0,N,0.0,0.0,0.0,,,,,,,,36.04285,-86.71297,False,Crashes_2010_2019_MPO
101735492,2017-08-19,2017,,94.0,,,0,0,N,0.0,0.0,0.0,,,,,,,,36.03016,-86.79048,True,Crashes_2010_2019_MPO
101774365,2017-09-28,2017,,94.0,,,0,0,N,0.0,0.0,0.0,,,,,,,,35.94199,-86.87824,False,Crashes_2010_2019_MPO
101856091,2017-12-12,2017,,19.0,,,0,0,N,0.0,0.0,0.0,,,,,,,,36.04534,-86.71352,False,Crashes_2010_2019_MPO
100564557,2014-06-22,2014,,94.0,,,0,0,N,0.0,0.0,0.0,,,,,,,,35.98867,-86.82866,False,Crashes_2010_2019_MPO
100655007,2014-10-17,2014,,94.0,,,0,0,N,0.0,0.0,0.0,,,,,,,,35.96665,-86.81119,True,Crashes_2010_2019_MPO
100973829,2015-10-05,2015,,94.0,,,0,0,N,0.0,0.0,0.0,,,,,,,,35.94697,-86.85161,False,Crashes_2010_2019_MPO
101578553,2017-03-10,2017,,19.0,,,0,0,N,0.0,0.0,0.0,,,,,,,,36.04479,-86.72487,False,Crashes_2010_2019_MPO
100419670,2013-12-15,2013,,94.0,,,0,0,N,0.0,0.0,0.0,,,,,,,,35.96997,-86.83602,False,Crashes_2010_2019_MPO
102504606,2019-09-09,2019,,94.0,,,0,0,N,0.0,0.0,0.0,,,,,,,,35.94699,-86.85309,False,Crashes_2010_2019_MPO
102607165,2019-12-25,2019,,19.0,,,0,0,N,0.0,0.0,0.0,,,,,,,,36.04476,-86.77987,False,Crashes_2010_2019_MPO
101440207,2016-11-14,2016,,94.0,,,0,0,N,0.0,0.0,0.0,,,,,,,,36.03611,-86.79484,True,Crashes_2010_2019_MPO
102426401,2019-06-22,2019,,94.0,,,0,0,N,0.0,0.0,0.0,,,,,,,,35.9516,-86.73793,True,Crashes_2010_2019_MPO
102049018,2018-06-20,2018,,94.0,,,0,0,N,0.0,0.0,0.0,,,,,,,,35.96262,-86.80157,True,Crashes_2010_2019_MPO
100872796,2015-06-18,2015,,94.0,,,0,0,N,0.0,0.0,0.0,,,,,,,,35.94817,-86.81768,False,Crashes_2010_2019_MPO
101080003,2016-01-19,2016,,19.0,,,0,0,N,0.0,0.0,0.0,,,,,,,,36.01824,-86.69887,False,Crashes_2010_2019_MPO
101673319,2017-06-14,2017,,94.0,,,0,0,N,0.0,0.0,0.0,,,,,,,,35.96681,-86.81119,True,Crashes_2010_2019_MPO
101713892,2017-07-28,2017,,19.0,,,0,0,N,0.0,0.0,0.0,,,,,,,,36.05128,-86.81622,False,Crashes_2010_2019_MPO
100678772,2014-11-11,2014,,94.0,,,0,0,N,0.0,0.0,0.0,,,,,,,,35.94874,-86.81989,False,Crashes_2010_2019_MPO
100195706,2012-06-26,2012,,94.0,,,0,0,N,0.0,0.0,0.0,,,,,,,,35.99735,-86.79484,True,Crashes_2010_2019_MPO
100833212,2015-05-13,2015,,19.0,,,0,0,N,0.0,0.0,0.0,,,,,,,,36.0378,-86.78486,False,Crashes_2010_2019_MPO
101693009,2017-07-05,2017,,19.0,,,0,0,N,0.0,0.0,0.0,,,,,,,,36.03247,-86.78921,True,Crashes_2010_2019_MPO
101239483,2016-06-05,2016,,94.0,,,0,0,N,0.0,0.0,0.0,,,,,,,,36.03562,-86.78582,True,Crashes_2010_2019_MPO
101001855,2015-11-02,2015,,94.0,,,0,0,N,0.0,0.0,0.0,,,,,,,,36.01933,-86.75031,True,Crashes_2010_2019_MPO
100291186,2013-02-11,2013,,94.0,,,0,0,N,0.0,0.0,0.0,,,,,,,,35.98243,-86.75262,True,Crashes_2010_2019_MPO
100508550,2014-05-13,2014,,94.0,,,0,0,N,0.0,0.0,0.0,,,,,,,,35.92303,-86.8226,False,Crashes_2010_2019_MPO
102609788,2019-12-28,2019,,19.0,,,0,0,N,0.0,0.0,0.0,,,,,,,,36.04842,-86.71363,False,Crashes_2010_2019_MPO
100328639,2013-05-10,2013,,94.0,,,0,0,N,0.0,0.0,0.0,,,,,,,,35.92739,-86.84234,False,Crashes_2010_2019_MPO
101817905,2017-11-06,2017,,94.0,,,0,0,N,0.0,0.0,0.0,,,,,,,,35.93446,-86.81991,False,Crashes_2010_2019_MPO
101364606,2016-09-18,2016,,94.0,,,0,0,N,0.0,0.0,0.0,,,,,,,,36.02134,-86.78878,True,Crashes_2010_2019_MPO
101331301,2016-08-18,2016,,19.0,,,0,0,N,0.0,0.0,0.0,,,,,,,,35.9912,-86.68349,False,Crashes_2010_2019_MPO
100262949,2012-12-07,2012,,94.0,,,0,0,N,0.0,0.0,0.0,,,,,,,,36.02395,-86.81964,True,Crashes_2010_2019_MPO
102158381,2018-09-26,2018,,19.0,,,0,0,N,0.0,0.0,0.0,,,,,,,,36.0447,-86.78038,False,Crashes_2010_2019_MPO
102196858,2018-11-01,2018,,94.0,,,0,0,N,0.0,0.0,0.0,,,,,,,,35.92366,-86.86782,False,Crashes_2010_2019_MPO
101106237,2016-02-15,2016,,94.0,,,0,0,N,0.0,0.0,0.0,,,,,,,,36.0367,-86.79096,True,Crashes_2010_2019_MPO
101529439,2017-01-19,2017,,94.0,,,0,0,N,0.0,0.0,0.0,,,,,,,,35.93292,-86.81185,False,Crashes_2010_2019_MPO
101004871,2015-11-06,2015,,94.0,,,0,0,N,0.0,0.0,0.0,,,,,,,,35.96681,-86.81119,True,Crashes_2010_2019_MPO
100836833,2015-05-19,2015,,94.0,,,0,0,N,0.0,0.0,0.0,,,,,,,,35.92954,-86.84187,False,Crashes_2010_2019_MPO
101631890,2017-05-01,2017,,94.0,,,0,0,N,0.0,0.0,0.0,,,,,,,,35.94872,-86.83189,False,Crashes_2010_2019_MPO
101457384,2016-11-22,2016,,94.0,,,0,0,N,0.0,0.0,0.0,,,,,,,,35.95842,-86.80311,False,Crashes_2010_2019_MPO
100640559,2014-10-09,2014,,94.0,,,0,0,N,0.0,0.0,0.0,,,,,,,,35.99631,-86.82858,True,Crashes_2010_2019_MPO
102064616,2018-07-04,2018,,94.0,,,0,0,N,0.0,0.0,0.0,,,,,,,,35.93122,-86.85285,False,Crashes_2010_2019_MPO
101698118,2017-07-10,2017,,94.0,,,0,0,N,0.0,0.0,0.0,,,,,,,,35.9678,-86.81332,True,Crashes_2010_2019_MPO
100923266,2015-08-09,2015,,94.0,,,0,0,N,0.0,0.0,0.0,,,,,,,,35.92322,-86.87308,False,Crashes_2010_2019_MPO
101537601,2017-01-27,2017,,94.0,,,0,0,N,0.0,0.0,0.0,,,,,,,,35.93191,-86.79441,False,Crashes_2010_2019_MPO
10746445,2013-11-25,2013,,19.0,,,0,0, ,0.0,0.0,0.0,,,,,,,,36.0508,-86.6787,False,Crashes_2010_2019_MPO
102299860,2019-02-07,2019,,19.0,,,0,0,N,0.0,0.0,0.0,,,,,,,,36.00943,-86.70003,False,Crashes_2010_2019_MPO
101395947,2016-10-03,2016,,94.0,,,0,0,N,0.0,0.0,0.0,,,,,,,,35.92441,-86.82213,False,Crashes_2010_2019_MPO
102248180,2018-12-16,2018,,19.0,,,0,0,N,0.0,0.0,0.0,,,,,,,,36.03568,-86.68253,False,Crashes_2010_2019_MPO
101929679,2018-02-28,2018,,94.0,,,0,0,N,0.0,0.0,0.0,,,,,,,,35.99781,-86.79886,True,Crashes_2010_2019_MPO
100707695,2014-12-16,2014,,94.0,,,0,0,N,0.0,0.0,0.0,,,,,,,,35.93538,-86.76794,False,Crashes_2010_2019_MPO
100399189,2013-11-01,2013,,94.0,,,0,0,N,0.0,0.0,0.0,,,,,,,,36.00129,-86.80811,True,Crashes_2010_2019_MPO
101096940,2016-01-30,2016,,94.0,,,0,0,N,0.0,0.0,0.0,,,,,,,,35.94377,-86.82095,False,Crashes_2010_2019_MPO
100274149,2013-01-02,2013,,94.0,,,0,0,N,0.0,0.0,0.0,,,,,,,,35.94876,-86.81154,False,Crashes_2010_2019_MPO
900079316,2010-01-29,2010,,94.0,,,0,0, ,0.0,0.0,0.0,,,,,,,,35.94334,-86.815735,False,Crashes_2010_2019_MPO
101130848,2016-03-09,2016,,94.0,,,0,0,N,0.0,0.0,0.0,,,,,,,,35.93465,-86.86087,False,Crashes_2010_2019_MPO
101708345,2017-07-21,2017,,94.0,,,0,0,N,0.0,0.0,0.0,,,,,,,,35.92738,-86.8687,False,Crashes_2010_2019_MPO
102574619,2019-11-20,2019,,94.0,,,0,0,N,0.0,0.0,0.0,,,,,,,,35.94751,-86.82013,False,Crashes_2010_2019_MPO
101538842,2017-01-30,2017,,19.0,,,0,1,N,0.0,1.0,0.0,,,,,,,,36.01069,-86.68272,False,Crashes_2010_2019_MPO
102188513,2018-10-25,2018,,19.0,,,0,0,N,0.0,0.0,0.0,,,,,,,,36.04001,-86.74347,False,Crashes_2010_2019_MPO
102491735,2019-08-28,2019,,94.0,,,0,0,N,0.0,0.0,0.0,,,,,,,,36.03336,-86.78872,True,Crashes_2010_2019_MPO
101609603,2017-04-01,2017,,94.0,,,0,0,N,0.0,0.0,0.0,,,,,,,,35.997561,-86.794651,True,Crashes_2010_2019_MPO
102282349,2019-01-20,2019,,94.0,,,0,0,N,0.0,0.0,0.0,,,,,,,,35.97705,-86.85433,False,Crashes_2010_2019_MPO
100827790,2015-05-03,2015,,19.0,,,0,0,N,0.0,0.0,0.0,,,,,,,,36.03482,-86.70579,False,Crashes_2010_2019_MPO
102245428,2018-12-13,2018,,19.0,,,0,0,N,0.0,0.0,0.0,,,,,,,,36.02015,-86.74731,False,Crashes_2010_2019_MPO
101149811,2016-03-23,2016,,94.0,,,0,0,N,0.0,0.0,0.0,,,,,,,,36.01724,-86.79777,True,Crashes_2010_2019_MPO
101769497,2017-09-22,2017,,94.0,,,0,0,N,0.0,0.0,0.0,,,,,,,,35.99291,-86.75758,True,Crashes_2010_2019_MPO
100401446,2013-11-06,2013,,94.0,,,0,0,N,0.0,0.0,0.0,,,,,,,,35.99782,-86.7989,True,Crashes_2010_2019_MPO
100854289,2015-06-02,2015,,94.0,,,0,0,N,0.0,0.0,0.0,,,,,,,,35.96798,-86.81832,True,Crashes_2010_2019_MPO
101817013,2017-11-06,2017,,19.0,,,0,0,N,0.0,0.0,0.0,,,,,,,,36.03191,-86.76012,False,Crashes_2010_2019_MPO
101049175,2015-12-14,2015,,19.0,,,0,0,N,0.0,0.0,0.0,,,,,,,,36.03738,-86.791,False,Crashes_2010_2019_MPO
102518979,2019-09-24,2019,,94.0,,,0,0,N,0.0,0.0,0.0,,,,,,,,36.0357,-86.80845,True,Crashes_2010_2019_MPO
102208808,2018-11-12,2018,,94.0,,,0,0,N,0.0,0.0,0.0,,,,,,,,35.96202,-86.81533,False,Crashes_2010_2019_MPO
100642141,2014-10-12,2014,,19.0,,,0,0,N,0.0,0.0,0.0,,,,,,,,36.04209,-86.78233,False,Crashes_2010_2019_MPO
101387535,2016-09-22,2016,,94.0,,,0,0,N,0.0,0.0,0.0,,,,,,,,35.95748,-86.76759,True,Crashes_2010_2019_MPO
100441790,2014-02-11,2014,,94.0,,,0,0,N,0.0,0.0,0.0,,,,,,,,35.92954,-86.84187,False,Crashes_2010_2019_MPO
100308463,2013-03-27,2013,,94.0,,,0,0,N,0.0,0.0,0.0,,,,,,,,35.92391,-86.87162,False,Crashes_2010_2019_MPO
102156267,2018-09-24,2018,,19.0,,,0,0,N,0.0,0.0,0.0,,,,,,,,36.04525,-86.71444,False,Crashes_2010_2019_MPO
100661780,2014-10-29,2014,,94.0,,,0,0,N,0.0,0.0,0.0,,,,,,,,35.96141,-86.71075,True,Crashes_2010_2019_MPO
100947684,2015-09-09,2015,,94.0,,,0,0,N,0.0,0.0,0.0,,,,,,,,35.93446,-86.81991,False,Crashes_2010_2019_MPO
101133051,2016-03-11,2016,,94.0,,,0,0,N,0.0,0.0,0.0,,,,,,,,35.95209,-86.81805,False,Crashes_2010_2019_MPO
100835802,2015-05-17,2015,,19.0,,,0,0,N,0.0,0.0,0.0,,,,,,,,36.05454,-86.72532,False,Crashes_2010_2019_MPO
101498170,2017-01-06,2017,,19.0,,,0,0,N,0.0,0.0,0.0,,,,,,,,36.04169,-86.71877,False,Crashes_2010_2019_MPO
102328271,2019-03-11,2019,,94.0,,,0,0,N,0.0,0.0,0.0,,,,,,,,35.94584,-86.82442,False,Crashes_2010_2019_MPO
102021080,2018-05-24,2018,,94.0,,,0,0,N,0.0,0.0,0.0,,,,,,,,35.94687,-86.85168,False,Crashes_2010_2019_MPO
100467388,2014-03-22,2014,,94.0,,,0,0,N,0.0,0.0,0.0,,,,,,,,35.92387,-86.76681,False,Crashes_2010_2019_MPO
101759738,2017-09-13,2017,,19.0,,,0,0,N,0.0,0.0,0.0,,,,,,,,36.04081,-86.77954,False,Crashes_2010_2019_MPO
101352982,2016-09-03,2016,,94.0,,,0,0,N,0.0,0.0,0.0,,,,,,,,35.9476,-86.81992,False,Crashes_2010_2019_MPO
100389941,2013-10-11,2013,,94.0,,,0,0,N,0.0,0.0,0.0,,,,,,,,35.95239,-86.84726,False,Crashes_2010_2019_MPO
102065442,2018-07-06,2018,,94.0,,,0,0,N,0.0,0.0,0.0,,,,,,,,36.03328,-86.7882,True,Crashes_2010_2019_MPO
102582335,2019-11-28,2019,,19.0,,,0,0,N,0.0,0.0,0.0,,,,,,,,36.05289,-86.71192,False,Crashes_2010_2019_MPO
101998481,2018-05-02,2018,,94.0,,,0,0,N,0.0,0.0,0.0,,,,,,,,35.9505,-86.76617,True,Crashes_2010_2019_MPO
100637024,2014-10-02,2014,,19.0,,,0,0,N,0.0,0.0,0.0,,,,,,,,36.04435,-86.81584,False,Crashes_2010_2019_MPO
100268870,2012-12-17,2012,,94.0,,,0,0,N,0.0,0.0,0.0,,,,,,,,35.97233,-86.86038,False,Crashes_2010_2019_MPO
101279868,2016-07-05,2016,,94.0,,,0,0,N,0.0,0.0,0.0,,,,,,,,35.96372,-86.81053,False,Crashes_2010_2019_MPO
101988360,2018-04-21,2018,,94.0,,,0,0,Y,0.0,0.0,1.0,,,,,,,,35.92841,-86.7569,False,Crashes_2010_2019_MPO
102055055,2018-06-26,2018,,19.0,,,0,0,N,0.0,0.0,0.0,,,,,,,,35.99898,-86.69283,False,Crashes_2010_2019_MPO
100372273,2013-08-28,2013,,94.0,,,0,0,N,0.0,0.0,0.0,,,,,,,,35.92641,-86.82446,False,Crashes_2010_2019_MPO
102499123,2019-09-04,2019,,19.0,,,0,0,N,0.0,0.0,0.0,,,,,,,,36.03765,-86.78497,False,Crashes_2010_2019_MPO
102416351,2019-06-11,2019,,19.0,,,0,0,Y,0.0,0.0,1.0,,,,,,,,36.0455,-86.71185,False,Crashes_2010_2019_MPO
101435134,2016-11-09,2016,,19.0,,,0,0,N,0.0,0.0,0.0,,,,,,,,36.04202,-86.72651,False,Crashes_2010_2019_MPO
100732840,2015-02-05,2015,,94.0,,,0,0,N,0.0,0.0,0.0,,,,,,,,35.96072,-86.81565,False,Crashes_2010_2019_MPO
101808701,2017-10-30,2017,,19.0,,,0,0,N,0.0,0.0,0.0,,,,,,,,36.04833,-86.86645,False,Crashes_2010_2019_MPO
100999350,2015-10-29,2015,,19.0,,,0,0,N,0.0,0.0,0.0,,,,,,,,36.03637,-86.78313,False,Crashes_2010_2019_MPO
101006391,2015-11-09,2015,,19.0,,,0,0,N,0.0,0.0,0.0,,,,,,,,36.04128,-86.75012,False,Crashes_2010_2019_MPO
100700087,2014-12-01,2014,,19.0,,,0,0,N,0.0,0.0,0.0,,,,,,,,36.05152,-86.72423,False,Crashes_2010_2019_MPO
102391612,2019-05-17,2019,,94.0,,,0,0,N,0.0,0.0,0.0,,,,,,,,35.95383,-86.80405,False,Crashes_2010_2019_MPO
101096749,2016-01-30,2016,,94.0,,,0,0,N,0.0,0.0,0.0,,,,,,,,35.96762,-86.83759,False,Crashes_2010_2019_MPO
101840031,2017-11-27,2017,,94.0,,,0,0,N,0.0,0.0,0.0,,,,,,,,35.93374,-86.81767,False,Crashes_2010_2019_MPO
101885315,2018-01-01,2018,,94.0,,,0,0,N,0.0,0.0,0.0,,,,,,,,35.93207,-86.85066,False,Crashes_2010_2019_MPO
101929041,2018-02-27,2018,,19.0,,,0,0,N,0.0,0.0,0.0,,,,,,,,36.04531,-86.70186,False,Crashes_2010_2019_MPO
102377147,2019-05-01,2019,,94.0,,,0,0,N,0.0,0.0,0.0,,,,,,,,35.92388,-86.87878,False,Crashes_2010_2019_MPO
102145050,2018-09-13,2018,,94.0,,,0,0,N,0.0,0.0,0.0,,,,,,,,35.97245,-86.83382,False,Crashes_2010_2019_MPO
102309494,2019-02-18,2019,,19.0,,,0,0,N,0.0,0.0,0.0,,,,,,,,36.0374,-86.78657,False,Crashes_2010_2019_MPO
101324676,2016-08-10,2016,,19.0,,,0,0,N,0.0,0.0,0.0,,,,,,,,36.04059,-86.77107,False,Crashes_2010_2019_MPO
102295533,2019-01-28,2019,,94.0,,,0,0,N,0.0,0.0,0.0,,,,,,,,35.99019,-86.79929,True,Crashes_2010_2019_MPO
102000701,2018-05-05,2018,,19.0,,,0,0,N,0.0,0.0,0.0,,,,,,,,36.02548,-86.7126,False,Crashes_2010_2019_MPO
102101466,2018-08-07,2018,,19.0,,,0,0,N,0.0,0.0,0.0,,,,,,,,36.03903,-86.78257,False,Crashes_2010_2019_MPO
101345947,2016-08-25,2016,,94.0,,,0,0,N,0.0,0.0,0.0,,,,,,,,35.924,-86.87145,False,Crashes_2010_2019_MPO
100734015,2015-02-06,2015,,94.0,,,0,0,N,0.0,0.0,0.0,,,,,,,,35.9514,-86.8183,False,Crashes_2010_2019_MPO
101943486,2018-03-14,2018,,94.0,,,0,0,N,0.0,0.0,0.0,,,,,,,,35.99491,-86.79765,True,Crashes_2010_2019_MPO
101092087,2016-01-21,2016,,94.0,,,0,0,N,0.0,0.0,0.0,,,,,,,,35.97709,-86.73494,True,Crashes_2010_2019_MPO
101351111,2016-07-31,2016,,19.0,,,1,0,N,1.0,0.0,0.0,,,,,,,,36.03931,-86.72906,False,Crashes_2010_2019_MPO
100706991,2014-12-11,2014,,94.0,,,0,0,N,0.0,0.0,0.0,,,,,,,,35.99205,-86.68428,False,Crashes_2010_2019_MPO
101617871,2017-04-17,2017,,19.0,,,0,0,N,0.0,0.0,0.0,,,,,,,,36.04537,-86.71326,False,Crashes_2010_2019_MPO
102184787,2018-10-21,2018,,19.0,,,0,0,N,0.0,0.0,0.0,,,,,,,,36.04679,-86.71343,False,Crashes_2010_2019_MPO
101157194,2016-03-31,2016,,94.0,,,0,0,N,0.0,0.0,0.0,,,,,,,,35.93292,-86.78294,False,Crashes_2010_2019_MPO
100861225,2015-06-15,2015,,94.0,,,0,0,N,0.0,0.0,0.0,,,,,,,,35.94761,-86.81992,False,Crashes_2010_2019_MPO
101857496,2017-12-13,2017,,94.0,,,0,0,N,0.0,0.0,0.0,,,,,,,,35.99002,-86.74508,True,Crashes_2010_2019_MPO
102082116,2018-07-21,2018,,19.0,,,0,0,N,0.0,0.0,0.0,,,,,,,,36.04729,-86.86266,False,Crashes_2010_2019_MPO
100294253,2013-02-18,2013,,94.0,,,0,0,N,0.0,0.0,0.0,,,,,,,,36.03611,-86.79484,True,Crashes_2010_2019_MPO
102418018,2019-06-13,2019,,94.0,,,0,0,N,0.0,0.0,0.0,,,,,,,,35.99,-86.74492,True,Crashes_2010_2019_MPO
100349735,2013-07-03,2013,,94.0,,,0,0,N,0.0,0.0,0.0,,,,,,,,36.03399,-86.78316,True,Crashes_2010_2019_MPO
101188619,2016-05-05,2016,,19.0,,,0,0,N,0.0,0.0,0.0,,,,,,,,36.04825,-86.71361,False,Crashes_2010_2019_MPO