mstrrecnbr,collision_ts,year,county,countystat,crash,crash_type,fatalities,non_motorists,commercial,fatal_c,nonmotor_c,truck_c,fatalc,serious_injuries,ped,bike,lighting,weather,first_harmful_event,latitude,longitude,in_city,src_layer
102600187,2019-12-17,2019,,94.0,,,0,0,N,0.0,0.0,0.0,,,,,,,,35.92896,-86.82431,False,Crashes_2010_2019_MPO
102577890,2019-11-24,2019,,94.0,,,0,0,N,0.0,0.0,0.0,,,,,,,,35.98289,-86.71843,True,Crashes_2010_2019_MPO
101463085,2016-11-29,2016,,94.0,,,0,0,N,0.0,0.0,0.0,,,,,,,,36.01047,-86.78063,True,Crashes_2010_2019_MPO
100265118,2012-12-07,2012,,94.0,,,0,0,N,0.0,0.0,0.0,,,,,,,,35.99042,-86.7992,True,Crashes_2010_2019_MPO
101405561,2016-10-17,2016,,94.0,,,0,0,N,0.0,0.0,0.0,,,,,,,,36.0254,-86.78524,True,Crashes_2010_2019_MPO
102163979,2018-10-01,2018,,94.0,,,0,0,Y,0.0,0.0,1.0,,,,,,,,35.97542,-86.83072,True,Crashes_2010_2019_MPO
101872999,2017-12-30,2017,,19.0,,,0,0,N,0.0,0.0,0.0,,,,,,,,36.04441,-86.78039,False,Crashes_2010_2019_MPO
100279757,2013-01-15,2013,,94.0,,,0,0,N,0.0,0.0,0.0,,,,,,,,35.92391,-86.84095,False,Crashes_2010_2019_MPO
100738967,2015-02-16,2015,,19.0,,,0,0,N,0.0,0.0,0.0,,,,,,,,36.04944,-86.77572,False,Crashes_2010_2019_MPO
101930522,2018-03-01,2018,,19.0,,,0,0,N,0.0,0.0,0.0,,,,,,,,36.04521,-86.71502,False,Crashes_2010_2019_MPO
100595002,2014-08-12,2014,,94.0,,,0,0,N,0.0,0.0,0.0,,,,,,,,35.98085,-86.71133,True,Crashes_2010_2019_MPO
102254099,2018-12-20,2018,,94.0,,,0,0,N,0.0,0.0,0.0,,,,,,,,35.92546,-86.87275,False,Crashes_2010_2019_MPO
100236708,2012-10-10,2012,,94.0,,,0,0,Y,0.0,0.0,1.0,,,,,,,,35.97764,-86.77681,True,Crashes_2010_2019_MPO
100979027,2015-10-14,2015,,94.0,,,0,0,N,0.0,0.0,0.0,,,,,,,,35.96588,-86.80316,True,Crashes_2010_2019_MPO
101630925,2017-05-01,2017,,94.0,,,0,0,N,0.0,0.0,0.0,,,,,,,,35.98439,-86.72434,True,Crashes_2010_2019_MPO
102139460,2018-09-09,2018,,94.0,,,0,0,N,0.0,0.0,0.0,,,,,,,,35.99771,-86.79792,True,Crashes_2010_2019_MPO
102075740,2018-07-15,2018,,19.0,,,0,0,N,0.0,0.0,0.0,,,,,,,,36.05252,-86.68456,False,Crashes_2010_2019_MPO
101092327,2016-01-19,2016,,94.0,,,0,0,N,0.0,0.0,0.0,,,,,,,,36.03522,-86.78425,True,Crashes_2010_2019_MPO
102493455,2019-08-30,2019,,19.0,,,0,0,N,0.0,0.0,0.0,,,,,,,,36.04569,-86.70643,False,Crashes_2010_2019_MPO
100455707,2014-02-21,2014,,94.0,,,0,0,N,0.0,0.0,0.0,,,,,,,,35.99658,-86.78926,True,Crashes_2010_2019_MPO
102174259,2018-10-11,2018,,94.0,,,0,0,N,0.0,0.0,0.0,,,,,,,,35.93191,-86.794,False,Crashes_2010_2019_MPO
101484234,2016-12-22,2016,,94.0,,,0,0,N,0.0,0.0,0.0,,,,,,,,35.99287,-86.68504,False,Crashes_2010_2019_MPO
101007835,2015-11-12,2015,,19.0,,,0,0,N,0.0,0.0,0.0,,,,,,,,36.04392,-86.84524,False,Crashes_2010_2019_MPO
102559202,2019-11-05,2019,,19.0,,,0,0,N,0.0,0.0,0.0,,,,,,,,36.03948,-86.78177,False,Crashes_2010_2019_MPO
101574454,2017-03-05,2017,,94.0,,,0,0,N,0.0,0.0,0.0,,,,,,,,35.95215,-86.81629,False,Crashes_2010_2019_MPO
101647678,2017-05-18,2017,,19.0,,,0,0,N,0.0,0.0,0.0,,,,,,,,36.03992,-86.76492,False,Crashes_2010_2019_MPO
101597655,2017-03-29,2017,,94.0,,,0,0,N,0.0,0.0,0.0,,,,,,,,35.95633,-86.81128,False,Crashes_2010_2019_MPO
101389197,2016-09-23,2016,,94.0,,,0,0,N,0.0,0.0,0.0,,,,,,,,36.03175,-86.78961,True,Crashes_2010_2019_MPO
100735940,2015-02-12,2015,,19.0,,,0,0,Y,0.0,0.0,1.0,,,,,,,,36.05244,-86.74307,False,Crashes_2010_2019_MPO
101317793,2016-08-01,2016,,94.0,,,0,0,N,0.0,0.0,0.0,,,,,,,,36.03283,-86.79772,True,Crashes_2010_2019_MPO
100736772,2015-02-13,2015,,19.0,,,0,0,N,0.0,0.0,0.0,,,,,,,,35.99702,-86.69012,False,Crashes_2010_2019_MPO
101600437,2017-04-01,2017,,19.0,,,0,0,N,0.0,0.0,0.0,,,,,,,,36.05184,-86.71446,False,Crashes_2010_2019_MPO
101889643,2018-01-18,2018,,94.0,,,0,0,N,0.0,0.0,0.0,,,,,,,,35.96555,-86.79755,True,Crashes_2010_2019_MPO
101756144,2017-09-08,2017,,94.0,,,0,0,N,0.0,0.0,0.0,,,,,,,,36.01567,-86.81999,True,Crashes_2010_2019_MPO
101928526,2018-02-27,2018,,94.0,,,0,0,N,0.0,0.0,0.0,,,,,,,,35.99606,-86.78464,True,Crashes_2010_2019_MPO
100719492,2015-01-09,2015,,19.0,,,0,0,N,0.0,0.0,0.0,,,,,,,,36.03884,-86.78304,False,Crashes_2010_2019_MPO
100349014,2013-06-29,2013,,94.0,,,0,0,N,0.0,0.0,0.0,,,,,,,,35.94053,-86.83924,False,Crashes_2010_2019_MPO
100584661,2014-07-18,2014,,94.0,,,0,0,N,0.0,0.0,0.0,,,,,,,,35.96717,-86.81317,True,Crashes_2010_2019_MPO
101586710,2017-03-18,2017,,19.0,,,0,0,N,0.0,0.0,0.0,,,,,,,,36.04498,-86.72444,False,Crashes_2010_2019_MPO
101814949,2017-11-04,2017,,94.0,,,0,0,N,0.0,0.0,0.0,,,,,,,,35.96716,-86.81351,True,Crashes_2010_2019_MPO
100346479,2013-06-24,2013,,94.0,,,0,0,N,0.0,0.0,0.0,,,,,,,,35.93087,-86.82012,False,Crashes_2010_2019_MPO
102478166,2019-08-15,2019,,94.0,,,0,0,N,0.0,0.0,0.0,,,,,,,,35.96672,-86.81366,True,Crashes_2010_2019_MPO
101320621,2016-08-04,2016,,19.0,,,0,0,N,0.0,0.0,0.0,,,,,,,,36.0443,-86.72542,False,Crashes_2010_2019_MPO
100275069,2013-01-04,2013,,94.0,,,0,0,N,0.0,0.0,0.0,,,,,,,,35.96478,-86.81425,False,Crashes_2010_2019_MPO
101713107,2017-07-25,2017,,94.0,,,0,0,N,0.0,0.0,0.0,,,,,,,,36.03122,-86.87558,False,Crashes_2010_2019_MPO
100348761,2013-07-01,2013,,94.0,,,0,0,N,0.0,0.0,0.0,,,,,,,,35.9667,-86.81117,True,Crashes_2010_2019_MPO
10417090,2011-03-14,2011,,19.0,,,0,0, ,0.0,0.0,0.0,,,,,,,,36.045239,-86.716699,False,Crashes_2010_2019_MPO
101861855,2017-12-14,2017,,94.0,,,0,0,N,0.0,0.0,0.0,,,,,,,,35.94164,-86.85584,False,Crashes_2010_2019_MPO
101388686,2016-09-24,2016,,94.0,,,0,0,N,0.0,0.0,0.0,,,,,,,,35.95522,-86.81561,False,Crashes_2010_2019_MPO
100351996,2013-07-08,2013,,94.0,,,0,0,N,0.0,0.0,0.0,,,,,,,,35.99735,-86.79489,True,Crashes_2010_2019_MPO
102007575,2018-05-11,2018,,19.0,,,0,0,N,0.0,0.0,0.0,,,,,,,,36.05145,-86.70271,False,Crashes_2010_2019_MPO
101924031,2018-02-23,2018,,94.0,,,0,0,N,0.0,0.0,0.0,,,,,,,,35.99517,-86.77531,True,Crashes_2010_2019_MPO
101584329,2017-03-16,2017,,94.0,,,0,0,N,0.0,0.0,0.0,,,,,,,,35.99421,-86.77867,True,Crashes_2010_2019_MPO
101147130,2016-03-19,2016,,94.0,,,0,0,N,0.0,0.0,0.0,,,,,,,,35.96661,-86.81124,True,Crashes_2010_2019_MPO
101351140,2016-09-01,2016,,94.0,,,0,0,N,0.0,0.0,0.0,,,,,,,,35.9584,-86.80226,False,Crashes_2010_2019_MPO
100819612,2015-04-17,2015,,19.0,,,0,0,N,0.0,0.0,0.0,,,,,,,,35.99935,-86.69334,False,Crashes_2010_2019_MPO
100186326,2012-05-30,2012,,94.0,,,0,0,N,0.0,0.0,0.0,,,,,,,,35.9667,-86.81117,True,Crashes_2010_2019_MPO
102580834,2019-11-27,2019,,94.0,,,0,0,N,0.0,0.0,0.0,,,,,,,,35.9264,-86.8244,False,Crashes_2010_2019_MPO
101355143,2016-09-06,2016,,19.0,,,0,0,N,0.0,0.0,0.0,,,,,,,,36.03771,-86.78482,False,Crashes_2010_2019_MPO
101064821,2015-12-22,2015,,94.0,,,0,0,N,0.0,0.0,0.0,,,,,,,,36.03474,-86.78792,True,Crashes_2010_2019_MPO
101686100,2017-06-28,2017,,19.0,,,0,0,N,0.0,0.0,0.0,,,,,,,,36.04459,-86.78052,False,Crashes_2010_2019_MPO
101121259,2016-02-23,2016,,94.0,,,0,0,N,0.0,0.0,0.0,,,,,,,,35.99197,-86.81302,True,Crashes_2010_2019_MPO
102202102,2018-11-06,2018,,94.0,,,0,0,N,0.0,0.0,0.0,,,,,,,,35.99649,-86.78854,True,Crashes_2010_2019_MPO
101163849,2016-04-13,2016,,19.0,,,0,0,N,0.0,0.0,0.0,,,,,,,,36.04934,-86.87014,False,Crashes_2010_2019_MPO
101971682,2018-04-09,2018,,94.0,,,0,0,N,0.0,0.0,0.0,,,,,,,,35.92425,-86.86968,False,Crashes_2010_2019_MPO
102481041,2019-08-18,2019,,94.0,,,0,0,N,0.0,0.0,0.0,,,,,,,,35.99922,-86.80923,True,Crashes_2010_2019_MPO
100122395,2011-12-01,2011,,94.0,,,0,0,N,0.0,0.0,0.0,,,,,,,,35.95188,-86.8128,False,Crashes_2010_2019_MPO
101576043,2017-03-07,2017,,94.0,,,0,0,N,0.0,0.0,0.0,,,,,,,,35.95244,-86.81261,False,Crashes_2010_2019_MPO
100288672,2013-02-06,2013,,94.0,,,0,0,Y,0.0,0.0,1.0,,,,,,,,35.99924,-86.80919,True,Crashes_2010_2019_MPO
100392076,2013-10-16,2013,,94.0,,,0,0,N,0.0,0.0,0.0,,,,,,,,35.97764,-86.77619,True,Crashes_2010_2019_MPO
101120315,2016-02-18,2016,,94.0,,,0,0,N,0.0,0.0,0.0,,,,,,,,35.96557,-86.81154,False,Crashes_2010_2019_MPO
100419809,2013-12-14,2013,,94.0,,,0,0,N,0.0,0.0,0.0,,,,,,,,36.03476,-86.87332,False,Crashes_2010_2019_MPO
101893471,2018-01-22,2018,,94.0,,,0,0,N,0.0,0.0,0.0,,,,,,,,35.93562,-86.82387,False,Crashes_2010_2019_MPO
101728525,2017-08-12,2017,,94.0,,,0,0,N,0.0,0.0,0.0,,,,,,,,35.96133,-86.81226,False,Crashes_2010_2019_MPO
102424481,2019-06-20,2019,,94.0,,,0,0,Y,0.0,0.0,1.0,,,,,,,,36.00598,-86.78897,True,Crashes_2010_2019_MPO
102320567,2019-03-03,2019,,19.0,,,0,0,N,0.0,0.0,0.0,,,,,,,,35.99848,-86.69213,False,Crashes_2010_2019_MPO
102384833,2019-05-09,2019,,94.0,,,0,0,N,0.0,0.0,0.0,,,,,,,,35.9462,-86.80876,False,Crashes_2010_2019_MPO
100157803,2012-03-14,2012,,94.0,,,0,0,Y,0.0,0.0,1.0,,,,,,,,35.9667,-86.80978,True,Crashes_2010_2019_MPO
101848765,2017-12-05,2017,,19.0,,,0,0,N,0.0,0.0,0.0,,,,,,,,36.03972,-86.75723,False,Crashes_2010_2019_MPO
101486891,2016-12-23,2016,,94.0,,,0,0,N,0.0,0.0,0.0,,,,,,,,35.92372,-86.76683,False,Crashes_2010_2019_MPO
101653276,2017-05-24,2017,,19.0,,,0,0,N,0.0,0.0,0.0,,,,,,,,36.04119,-86.78259,False,Crashes_2010_2019_MPO
101034904,2015-11-20,2015,,94.0,,,0,0,N,0.0,0.0,0.0,,,,,,,,35.93475,-86.87812,False,Crashes_2010_2019_MPO
101482495,2016-12-19,2016,,94.0,,,0,0,N,0.0,0.0,0.0,,,,,,,,35.9619,-86.81477,False,Crashes_2010_2019_MPO
102207516,2018-11-10,2018,,94.0,,,0,0,N,0.0,0.0,0.0,,,,,,,,35.99079,-86.79907,True,Crashes_2010_2019_MPO
101657893,2017-05-28,2017,,94.0,,,0,0,N,0.0,0.0,0.0,,,,,,,,35.93186,-86.79406,False,Crashes_2010_2019_MPO
100976339,2015-10-09,2015,,19.0,,,0,0,N,0.0,0.0,0.0,,,,,,,,36.02159,-86.71096,False,Crashes_2010_2019_MPO
101123307,2016-02-26,2016,,94.0,,,0,0,N,0.0,0.0,0.0,,,,,,,,35.92652,-86.82561,False,Crashes_2010_2019_MPO
102065685,2018-07-06,2018,,94.0,,,0,0,N,0.0,0.0,0.0,,,,,,,,35.99489,-86.68714,False,Crashes_2010_2019_MPO
10831111,2011-09-17,2011,,19.0,,,0,0, ,0.0,0.0,0.0,,,,,,,,36.03798,-86.71313,False,Crashes_2010_2019_MPO
101164740,2016-04-15,2016,,94.0,,,0,0,N,0.0,0.0,0.0,,,,,,,,35.95826,-86.80098,False,Crashes_2010_2019_MPO
101565045,2017-02-24,2017,,19.0,,,0,0,N,0.0,0.0,0.0,,,,,,,,36.05401,-86.71513,False,Crashes_2010_2019_MPO
101365602,2016-09-20,2016,,94.0,,,0,0,N,0.0,0.0,0.0,,,,,,,,35.9462,-86.80876,False,Crashes_2010_2019_MPO
101349642,2016-08-30,2016,,94.0,,,0,0,N,0.0,0.0,0.0,,,,,,,,35.92489,-86.87391,False,Crashes_2010_2019_MPO
101331036,2016-08-19,2016,,94.0,,,0,0,N,0.0,0.0,0.0,,,,,,,,36.03689,-86.81684,True,Crashes_2010_2019_MPO
101486458,2016-12-24,2016,,19.0,,,0,0,N,0.0,0.0,0.0,,,,,,,,36.03915,-86.78277,False,Crashes_2010_2019_MPO
101353265,2016-08-28,2016,,94.0,,,0,0,N,0.0,0.0,0.0,,,,,,,,36.01794,-86.78665,True,Crashes_2010_2019_MPO
102350545,2019-04-02,2019,,94.0,,,0,0,N,0.0,0.0,0.0,,,,,,,,35.95811,-86.80212,False,Crashes_2010_2019_MPO
100980012,2015-10-16,2015,,94.0,,,0,0,N,0.0,0.0,0.0,,,,,,,,35.99742,-86.79551,True,Crashes_2010_2019_MPO
101122437,2016-02-25,2016,,94.0,,,0,0,N,0.0,0.0,0.0,,,,,,,,36.01372,-86.80472,True,Crashes_2010_2019_MPO
101533149,2017-01-24,2017,,94.0,,,0,0,N,0.0,0.0,0.0,,,,,,,,35.97765,-86.77678,True,Crashes_2010_2019_MPO
100315112,2013-04-12,2013,,94.0,,,0,0,N,0.0,0.0,0.0,,,,,,,,35.9563,-86.81433,False,Crashes_2010_2019_MPO
102070197,2018-07-10,2018,,19.0,,,0,0,N,0.0,0.0,0.0,,,,,,,,36.04084,-86.77347,False,Crashes_2010_2019_MPO
100614043,2014-09-03,2014,,94.0,,,0,0,N,0.0,0.0,0.0,,,,,,,,36.00948,-86.78586,True,Crashes_2010_2019_MPO
100800036,2015-03-30,2015,,94.0,,,0,0,N,0.0,0.0,0.0,,,,,,,,36.02906,-86.79107,True,Crashes_2010_2019_MPO
101329879,2016-08-17,2016,,19.0,,,0,0,N,0.0,0.0,0.0,,,,,,,,36.04029,-86.74507,False,Crashes_2010_2019_MPO
101235073,2016-05-29,2016,,19.0,,,0,0,N,0.0,0.0,0.0,,,,,,,,36.04245,-86.71294,False,Crashes_2010_2019_MPO
102586342,2019-11-26,2019,,94.0,,,0,0,N,0.0,0.0,0.0,,,,,,,,35.9699,-86.80631,True,Crashes_2010_2019_MPO
100195758,2012-06-27,2012,,94.0,,,0,0,N,0.0,0.0,0.0,,,,,,,,35.96174,-86.80177,True,Crashes_2010_2019_MPO
101128513,2016-03-04,2016,,94.0,,,0,0,N,0.0,0.0,0.0,,,,,,,,35.92298,-86.87094,False,Crashes_2010_2019_MPO
101801361,2017-10-15,2017,,94.0,,,0,0,N,0.0,0.0,0.0,,,,,,,,35.96458,-86.8144,False,Crashes_2010_2019_MPO
101472640,2016-12-10,2016,,94.0,,,0,0,N,0.0,0.0,0.0,,,,,,,,35.95489,-86.81556,False,Crashes_2010_2019_MPO
100594649,2014-08-12,2014,,94.0,,,0,0,N,0.0,0.0,0.0,,,,,,,,35.94695,-86.81193,False,Crashes_2010_2019_MPO
100588616,2014-07-26,2014,,94.0,,,0,0,N,0.0,0.0,0.0,,,,,,,,35.94707,-86.8219,False,Crashes_2010_2019_MPO
101638000,2017-05-08,2017,,19.0,,,0,0,N,0.0,0.0,0.0,,,,,,,,36.03992,-86.76491,False,Crashes_2010_2019_MPO
102567407,2019-11-14,2019,,94.0,,,0,0,N,0.0,0.0,0.0,,,,,,,,35.99302,-86.69521,True,Crashes_2010_2019_MPO
100429092,2014-01-09,2014,,94.0,,,0,0,N,0.0,0.0,0.0,,,,,,,,35.95892,-86.81612,False,Crashes_2010_2019_MPO
102281774,2019-01-19,2019,,19.0,,,0,0,N,0.0,0.0,0.0,,,,,,,,35.99668,-86.68961,False,Crashes_2010_2019_MPO
102109063,2018-08-08,2018,,94.0,,,0,0,N,0.0,0.0,0.0,,,,,,,,35.99156,-86.79881,True,Crashes_2010_2019_MPO
101278904,2016-07-04,2016,,19.0,,,0,0,N,0.0,0.0,0.0,,,,,,,,36.0474,-86.75771,False,Crashes_2010_2019_MPO
100484063,2014-03-30,2014,,94.0,,,0,0,N,0.0,0.0,0.0,,,,,,,,35.96849,-86.81911,True,Crashes_2010_2019_MPO
101394103,2016-10-01,2016,,19.0,,,0,0,N,0.0,0.0,0.0,,,,,,,,36.00281,-86.68892,False,Crashes_2010_2019_MPO
101362843,2016-09-16,2016,,94.0,,,0,0,N,0.0,0.0,0.0,,,,,,,,35.93462,-86.82061,False,Crashes_2010_2019_MPO
101391327,2016-09-28,2016,,19.0,,,0,0,N,0.0,0.0,0.0,,,,,,,,36.04662,-86.72508,False,Crashes_2010_2019_MPO
100280651,2013-01-16,2013,,94.0,,,0,0,N,0.0,0.0,0.0,,,,,,,,35.98561,-86.73796,True,Crashes_2010_2019_MPO
102493448,2019-08-29,2019,,19.0,,,0,0,N,0.0,0.0,0.0,,,,,,,,36.04061,-86.77127,False,Crashes_2010_2019_MPO
101042088,2015-12-03,2015,,94.0,,,0,0,N,0.0,0.0,0.0,,,,,,,,35.99546,-86.77834,True,Crashes_2010_2019_MPO
102168190,2018-10-05,2018,,94.0,,,0,0,N,0.0,0.0,0.0,,,,,,,,36.02008,-86.77878,True,Crashes_2010_2019_MPO
101129311,2016-03-07,2016,,94.0,,,0,0,N,0.0,0.0,0.0,,,,,,,,35.94133,-86.84018,False,Crashes_2010_2019_MPO
100738247,2015-02-16,2015,,94.0,,,0,0,N,0.0,0.0,0.0,,,,,,,,36.01181,-86.7851,True,Crashes_2010_2019_MPO
100255651,2012-11-20,2012,,19.0,,,0,0,N,0.0,0.0,0.0,,,,,,,,36.03083,-86.875732,False,Crashes_2010_2019_MPO
101605590,2017-04-06,2017,,94.0,,,0,0,N,0.0,0.0,0.0,,,,,,,,35.93457,-86.8195,False,Crashes_2010_2019_MPO
102334010,2019-03-18,2019,,94.0,,,0,0,N,0.0,0.0,0.0,,,,,,,,35.99329,-86.81234,True,Crashes_2010_2019_MPO
101232690,2016-05-25,2016,,94.0,,,0,0,N,0.0,0.0,0.0,,,,,,,,36.03307,-86.78195,True,Crashes_2010_2019_MPO
100683077,2014-11-19,2014,,94.0,,,0,0,N,0.0,0.0,0.0,,,,,,,,35.96453,-86.81434,False,Crashes_2010_2019_MPO
101499967,2017-01-09,2017,,94.0,,,0,0,N,0.0,0.0,0.0,,,,,,,,36.03689,-86.8019,True,Crashes_2010_2019_MPO
102325325,2019-03-09,2019,,94.0,,,0,0,N,0.0,0.0,0.0,,,,,,,,35.96687,-86.8089,True,Crashes_2010_2019_MPO
100756604,2015-03-04,2015,,94.0,,,0,0,N,0.0,0.0,0.0,,,,,,,,36.02849,-86.82302,True,Crashes_2010_2019_MPO
101280297,2016-07-06,2016,,94.0,,,0,0,N,0.0,0.0,0.0,,,,,,,,35.94114,-86.83623,False,Crashes_2010_2019_MPO
102200933,2018-11-04,2018,,94.0,,,0,0,N,0.0,0.0,0.0,,,,,,,,35.93384,-86.77916,False,Crashes_2010_2019_MPO
102383824,2019-05-07,2019,,94.0,,,0,0,N,0.0,0.0,0.0,,,,,,,,35.92954,-86.84167,False,Crashes_2010_2019_MPO
101929798,2018-02-28,2018,,94.0,,,0,0,N,0.0,0.0,0.0,,,,,,,,36.03651,-86.79492,True,Crashes_2010_2019_MPO
102108478,2018-08-13,2018,,19.0,,,0,0,N,0.0,0.0,0.0,,,,,,,,36.02713,-86.74374,False,Crashes_2010_2019_MPO
101497688,2017-01-06,2017,,19.0,,,0,0,N,0.0,0.0,0.0,,,,,,,,36.02945,-86.68219,False,Crashes_2010_2019_MPO
102246563,2018-12-14,2018,,94.0,,,0,0,N,0.0,0.0,0.0,,,,,,,,35.9667,-86.81121,True,Crashes_2010_2019_MPO
101642533,2017-05-12,2017,,94.0,,,0,0,N,0.0,0.0,0.0,,,,,,,,35.96977,-86.72135,True,Crashes_2010_2019_MPO
101457691,2016-11-23,2016,,19.0,,,0,0,N,0.0,0.0,0.0,,,,,,,,36.04574,-86.709,False,Crashes_2010_2019_MPO
101735119,2017-08-18,2017,,94.0,,,0,0,N,0.0,0.0,0.0,,,,,,,,35.92782,-86.8245,False,Crashes_2010_2019_MPO
101935048,2018-03-06,2018,,19.0,,,0,0,N,0.0,0.0,0.0,,,,,,,,36.031,-86.8748,False,Crashes_2010_2019_MPO
101685229,2017-06-28,2017,,94.0,,,0,0,N,0.0,0.0,0.0,,,,,,,,35.92546,-86.87275,False,Crashes_2010_2019_MPO
101182375,2016-04-27,2016,,94.0,,,0,0,N,0.0,0.0,0.0,,,,,,,,35.96133,-86.81227,False,Crashes_2010_2019_MPO
100400538,2013-11-04,2013,,94.0,,,0,0,N,0.0,0.0,0.0,,,,,,,,35.93126,-86.87663,False,Crashes_2010_2019_MPO
101453216,2016-11-18,2016,,94.0,,,0,0,N,0.0,0.0,0.0,,,,,,,,35.92641,-86.82453,False,Crashes_2010_2019_MPO
101463890,2016-11-30,2016,,19.0,,,0,0,N,0.0,0.0,0.0,,,,,,,,36.04556,-86.70557,False,Crashes_2010_2019_MPO
100372282,2013-08-28,2013,,94.0,,,0,0,N,0.0,0.0,0.0,,,,,,,,35.99675,-86.79074,True,Crashes_2010_2019_MPO
101080458,2016-01-20,2016,,19.0,,,0,0,N,0.0,0.0,0.0,,,,,,,,36.04477,-86.71983,False,Crashes_2010_2019_MPO
100507208,2014-05-10,2014,,94.0,,,0,0,N,0.0,0.0,0.0,,,,,,,,35.92454,-86.87207,False,Crashes_2010_2019_MPO
102358255,2019-04-12,2019,,94.0,,,0,0,N,0.0,0.0,0.0,,,,,,,,35.966758,-86.809084,True,Crashes_2010_2019_MPO
102060001,2018-06-30,2018,,19.0,,,0,0,N,0.0,0.0,0.0,,,,,,,,36.05325,-86.80434,False,Crashes_2010_2019_MPO
102336760,2019-03-21,2019,,94.0,,,0,0,N,0.0,0.0,0.0,,,,,,,,35.96549,-86.70294,False,Crashes_2010_2019_MPO
101861700,2017-12-16,2017,,94.0,,,0,0,N,0.0,0.0,0.0,,,,,,,,36.00319,-86.79184,True,Crashes_2010_2019_MPO
101558759,2017-02-18,2017,,94.0,,,0,0,N,0.0,0.0,0.0,,,,,,,,35.95241,-86.81996,False,Crashes_2010_2019_MPO
101851737,2017-12-08,2017,,94.0,,,0,1,N,0.0,1.0,0.0,,,,,,,,35.9947,-86.74873,True,Crashes_2010_2019_MPO
100943712,2015-09-02,2015,,94.0,,,0,0,N,0.0,0.0,0.0,,,,,,,,35.99752,-86.81014,True,Crashes_2010_2019_MPO
100697179,2014-11-26,2014,,94.0,,,0,0,N,0.0,0.0,0.0,,,,,,,,35.96798,-86.67738,False,Crashes_2010_2019_MPO
102396259,2019-05-22,2019,,94.0,,,0,0,N,0.0,0.0,0.0,,,,,,,,35.92374,-86.76682,False,Crashes_2010_2019_MPO
102188859,2018-10-25,2018,,19.0,,,0,0,N,0.0,0.0,0.0,,,,,,,,36.04245,-86.71294,False,Crashes_2010_2019_MPO
102359919,2019-04-13,2019,,19.0,,,0,0,N,0.0,0.0,0.0,,,,,,,,36.05476,-86.69407,False,Crashes_2010_2019_MPO
101607164,2017-04-05,2017,,94.0,,,0,0,N,0.0,0.0,0.0,,,,,,,,35.9325,-86.86247,False,Crashes_2010_2019_MPO
100269916,2012-12-21,2012,,94.0,,,0,0,N,0.0,0.0,0.0,,,,,,,,35.9498,-86.81328,False,Crashes_2010_2019_MPO
100616122,2014-09-07,2014,,94.0,,,0,0,N,0.0,0.0,0.0,,,,,,,,35.94707,-86.8219,False,Crashes_2010_2019_MPO
100612789,2014-08-31,2014,,94.0,,,0,0,N,0.0,0.0,0.0,,,,,,,,36.02909,-86.79386,True,Crashes_2010_2019_MPO
102485831,2019-08-23,2019,,94.0,,,0,0,N,0.0,0.0,0.0,,,,,,,,35.98394,-86.72236,True,Crashes_2010_2019_MPO
102538582,2019-10-15,2019,,94.0,,,0,0,N,0.0,0.0,0.0,,,,,,,,36.00031,-86.70259,True,Crashes_2010_2019_MPO
101474615,2016-12-12,2016,,94.0,,,0,0,N,0.0,0.0,0.0,,,,,,,,35.96356,-86.81343,False,Crashes_2010_2019_MPO
102557882,2019-11-04,2019,,94.0,,,0,0,N,0.0,0.0,0.0,,,,,,,,35.965842,-86.805415,True,Crashes_2010_2019_MPO
102313522,2019-02-23,2019,,94.0,,,0,0,N,0.0,0.0,0.0,,,,,,,,35.94722,-86.81251,False,Crashes_2010_2019_MPO
100457528,2014-02-26,2014,,94.0,,,0,0,N,0.0,0.0,0.0,,,,,,,,35.96708,-86.81356,True,Crashes_2010_2019_MPO
100357490,2013-07-22,2013,,94.0,,,0,0,N,0.0,0.0,0.0,,,,,,,,35.96577,-86.82065,True,Crashes_2010_2019_MPO
101713388,2017-07-27,2017,,94.0,,,0,0,N,0.0,0.0,0.0,,,,,,,,36.03336,-86.78872,True,Crashes_2010_2019_MPO
101320973,2016-08-05,2016,,19.0,,,0,0,N,0.0,0.0,0.0,,,,,,,,36.04113,-86.74375,False,Crashes_2010_2019_MPO
102297886,2019-02-05,2019,,19.0,,,0,0,N,0.0,0.0,0.0,,,,,,,,36.0496,-86.71323,False,Crashes_2010_2019_MPO
100507974,2014-05-12,2014,,19.0,,,0,0,N,0.0,0.0,0.0,,,,,,,,36.02587,-86.79288,True,Crashes_2010_2019_MPO
101630142,2017-04-30,2017,,94.0,,,0,0,N,0.0,0.0,0.0,,,,,,,,35.93204,-86.87703,False,Crashes_2010_2019_MPO
101985388,2018-04-21,2018,,19.0,,,0,0,N,0.0,0.0,0.0,,,,,,,,36.03797,-86.79777,False,Crashes_2010_2019_MPO
102152976,2018-09-21,2018,,94.0,,,0,0,N,0.0,0.0,0.0,,,,,,,,35.9447,-86.80928,False,Crashes_2010_2019_MPO
100824193,2015-04-26,2015,,94.0,,,0,0,N,0.0,0.0,0.0,,,,,,,,35.99574,-86.75156,True,Crashes_2010_2019_MPO
101811881,2017-11-02,2017,,94.0,,,0,0,N,0.0,0.0,0.0,,,,,,,,36.03312,-86.7869,True,Crashes_2010_2019_MPO
100996846,2015-10-26,2015,,94.0,,,0,0,N,0.0,0.0,0.0,,,,,,,,36.04156,-86.83753,True,Crashes_2010_2019_MPO
101288296,2016-07-18,2016,,19.0,,,0,0,Y,0.0,0.0,1.0,,,,,,,,36.04048,-86.7826,False,Crashes_2010_2019_MPO
101032326,2015-11-19,2015,,94.0,,,0,0,N,0.0,0.0,0.0,,,,,,,,36.01226,-86.80125,True,Crashes_2010_2019_MPO
100508764,2014-05-14,2014,,94.0,,,0,0,N,0.0,0.0,0.0,,,,,,,,35.93515,-86.77584,False,Crashes_2010_2019_MPO