mstrrecnbr,collision_ts,year,county,countystat,crash,crash_type,fatalities,non_motorists,commercial,fatal_c,nonmotor_c,truck_c,fatalc,serious_injuries,ped,bike,lighting,weather,first_harmful_event,latitude,longitude,in_city,src_layer
100295878,2013-02-22,2013,,94.0,,,0,0,N,0.0,0.0,0.0,,,,,,,,35.9483,-86.80754,False,Crashes_2010_2019_MPO
102062276,2018-07-03,2018,,94.0,,,0,0,N,0.0,0.0,0.0,,,,,,,,35.99614,-86.78539,True,Crashes_2010_2019_MPO
102466277,2019-08-02,2019,,94.0,,,0,0,N,0.0,0.0,0.0,,,,,,,,35.96601,-86.81249,False,Crashes_2010_2019_MPO
100921788,2015-08-12,2015,,94.0,,,0,0,N,0.0,0.0,0.0,,,,,,,,35.92254,-86.87194,False,Crashes_2010_2019_MPO
101386620,2016-09-21,2016,,94.0,,,0,0,N,0.0,0.0,0.0,,,,,,,,35.94874,-86.74553,True,Crashes_2010_2019_MPO
101465566,2016-11-30,2016,,94.0,,,0,0,N,0.0,0.0,0.0,,,,,,,,35.92717,-86.84239,False,Crashes_2010_2019_MPO
100481294,2014-04-02,2014,,94.0,,,0,0,N,0.0,0.0,0.0,,,,,,,,35.93461,-86.82012,False,Crashes_2010_2019_MPO
102098764,2018-08-04,2018,,19.0,,,0,0,N,0.0,0.0,0.0,,,,,,,,36.0409,-86.77938,False,Crashes_2010_2019_MPO
102534512,2019-10-10,2019,,19.0,,,0,0,N,0.0,0.0,0.0,,,,,,,,36.0409,-86.77938,False,Crashes_2010_2019_MPO
102558307,2019-11-04,2019,,94.0,,,0,0,N,0.0,0.0,0.0,,,,,,,,35.99997,-86.79545,True,Crashes_2010_2019_MPO
101863558,2017-12-19,2017,,94.0,,,0,0,N,0.0,0.0,0.0,,,,,,,,35.9256,-86.78464,False,Crashes_2010_2019_MPO
100126582,2011-12-09,2011,,94.0,,,0,0,Y,0.0,0.0,1.0,,,,,,,,35.92439,-86.82232,False,Crashes_2010_2019_MPO
100234182,2012-10-03,2012,,94.0,,,0,0,N,0.0,0.0,0.0,,,,,,,,35.98437,-86.72434,True,Crashes_2010_2019_MPO
100332085,2013-05-07,2013,,94.0,,,0,0,N,0.0,0.0,0.0,,,,,,,,36.0376,-86.8709,False,Crashes_2010_2019_MPO
100769697,2015-03-10,2015,,94.0,,,0,0,N,0.0,0.0,0.0,,,,,,,,35.93298,-86.78237,False,Crashes_2010_2019_MPO
100352446,2013-07-09,2013,,94.0,,,0,0,N,0.0,0.0,0.0,,,,,,,,35.94659,-86.82379,False,Crashes_2010_2019_MPO
100714572,2014-12-29,2014,,19.0,,,0,0,N,0.0,0.0,0.0,,,,,,,,36.04048,-86.70956,False,Crashes_2010_2019_MPO
101808046,2017-10-29,2017,,94.0,,,0,0,N,0.0,0.0,0.0,,,,,,,,35.95594,-86.83222,False,Crashes_2010_2019_MPO
102213592,2018-11-16,2018,,19.0,,,0,0,N,0.0,0.0,0.0,,,,,,,,36.0467,-86.71342,False,Crashes_2010_2019_MPO
100872613,2015-06-18,2015,,94.0,,,0,0,N,0.0,0.0,0.0,,,,,,,,35.94336,-86.8195,False,Crashes_2010_2019_MPO
101163410,2016-04-13,2016,,94.0,,,0,0,N,0.0,0.0,0.0,,,,,,,,35.94745,-86.82029,False,Crashes_2010_2019_MPO
100479023,2014-03-25,2014,,94.0,,,0,0,N,0.0,0.0,0.0,,,,,,,,35.95214,-86.81803,False,Crashes_2010_2019_MPO
100725446,2015-01-21,2015,,19.0,,,0,0,N,0.0,0.0,0.0,,,,,,,,36.04549,-86.70423,False,Crashes_2010_2019_MPO
101885025,2018-01-12,2018,,19.0,,,0,0,N,0.0,0.0,0.0,,,,,,,,36.03297,-86.77295,False,Crashes_2010_2019_MPO
101710300,2017-07-24,2017,,19.0,,,0,0,N,0.0,0.0,0.0,,,,,,,,36.03047,-86.74398,False,Crashes_2010_2019_MPO
102211606,2018-11-15,2018,,19.0,,,0,0,N,0.0,0.0,0.0,,,,,,,,36.04537,-86.71326,False,Crashes_2010_2019_MPO
102173305,2018-10-10,2018,,19.0,,,0,0,N,0.0,0.0,0.0,,,,,,,,36.03971,-86.75862,False,Crashes_2010_2019_MPO
100875195,2015-06-20,2015,,94.0,,,0,0,N,0.0,0.0,0.0,,,,,,,,35.96511,-86.81633,True,Crashes_2010_2019_MPO
101675940,2017-06-17,2017,,94.0,,,0,0,N,0.0,0.0,0.0,,,,,,,,36.03175,-86.78961,True,Crashes_2010_2019_MPO
102219806,2018-11-21,2018,,19.0,,,0,0,N,0.0,0.0,0.0,,,,,,,,36.04066,-86.75142,False,Crashes_2010_2019_MPO
100313341,2013-04-05,2013,,94.0,,,0,0,N,0.0,0.0,0.0,,,,,,,,35.94068,-86.83938,False,Crashes_2010_2019_MPO
101677217,2017-06-18,2017,,94.0,,,0,0,N,0.0,0.0,0.0,,,,,,,,35.99275,-86.82869,True,Crashes_2010_2019_MPO
100142900,2012-01-31,2012,,94.0,,,0,0,Y,0.0,0.0,1.0,,,,,,,,36.03623,-86.78706,True,Crashes_2010_2019_MPO
101403782,2016-10-14,2016,,94.0,,,0,0,N,0.0,0.0,0.0,,,,,,,,35.9334,-86.8196,False,Crashes_2010_2019_MPO
100482734,2014-04-03,2014,,94.0,,,0,0,N,0.0,0.0,0.0,,,,,,,,35.93812,-86.68705,False,Crashes_2010_2019_MPO
100328464,2013-05-13,2013,,94.0,,,0,0,N,0.0,0.0,0.0,,,,,,,,36.03959,-86.86943,False,Crashes_2010_2019_MPO
100851764,2015-05-28,2015,,94.0,,,0,0,N,0.0,0.0,0.0,,,,,,,,35.95077,-86.81845,False,Crashes_2010_2019_MPO
100883356,2015-07-08,2015,,19.0,,,0,0,N,0.0,0.0,0.0,,,,,,,,36.03738,-86.791,False,Crashes_2010_2019_MPO
101439581,2016-11-14,2016,,94.0,,,0,0,N,0.0,0.0,0.0,,,,,,,,36.02737,-86.84901,True,Crashes_2010_2019_MPO
101267132,2016-06-16,2016,,94.0,,,0,0,N,0.0,0.0,0.0,,,,,,,,35.9584,-86.80226,False,Crashes_2010_2019_MPO
101881589,2018-01-08,2018,,94.0,,,0,0,N,0.0,0.0,0.0,,,,,,,,35.96716,-86.81351,True,Crashes_2010_2019_MPO
102212728,2018-11-16,2018,,94.0,,,0,0,N,0.0,0.0,0.0,,,,,,,,36.0145,-86.72399,False,Crashes_2010_2019_MPO
101862723,2017-12-18,2017,,94.0,,,0,0,N,0.0,0.0,0.0,,,,,,,,36.01705,-86.78613,True,Crashes_2010_2019_MPO
102612229,2019-12-31,2019,,94.0,,,0,0,N,0.0,0.0,0.0,,,,,,,,35.94878,-86.81985,False,Crashes_2010_2019_MPO
101896039,2018-01-24,2018,,94.0,,,0,0,N,0.0,0.0,0.0,,,,,,,,36.02141,-86.73932,False,Crashes_2010_2019_MPO
101485788,2016-12-22,2016,,94.0,,,0,0,N,0.0,0.0,0.0,,,,,,,,35.97278,-86.83354,False,Crashes_2010_2019_MPO
100610357,2014-08-25,2014,,94.0,,,0,0,N,0.0,0.0,0.0,,,,,,,,35.96809,-86.81303,True,Crashes_2010_2019_MPO
102312902,2019-02-22,2019,,19.0,,,0,0,N,0.0,0.0,0.0,,,,,,,,36.04737,-86.7135,False,Crashes_2010_2019_MPO
100882059,2015-07-06,2015,,19.0,,,0,0,N,0.0,0.0,0.0,,,,,,,,36.03129,-86.75344,False,Crashes_2010_2019_MPO
100859914,2015-06-12,2015,,94.0,,,0,0,N,0.0,0.0,0.0,,,,,,,,35.99568,-86.78069,True,Crashes_2010_2019_MPO
101530663,2017-01-19,2017,,94.0,,,0,0,N,0.0,0.0,0.0,,,,,,,,35.95051,-86.80467,False,Crashes_2010_2019_MPO
101207806,2016-05-19,2016,,94.0,,,0,0,N,0.0,0.0,0.0,,,,,,,,35.994412,-86.807819,True,Crashes_2010_2019_MPO
102457448,2019-07-22,2019,,94.0,,,0,0,N,0.0,0.0,0.0,,,,,,,,35.95965,-86.80185,False,Crashes_2010_2019_MPO
100918100,2015-08-05,2015,,19.0,,,0,0,N,0.0,0.0,0.0,,,,,,,,36.03903,-86.78279,False,Crashes_2010_2019_MPO
100594629,2014-08-12,2014,,94.0,,,0,0,N,0.0,0.0,0.0,,,,,,,,35.98056,-86.74577,True,Crashes_2010_2019_MPO
101187595,2016-05-04,2016,,94.0,,,0,0,N,0.0,0.0,0.0,,,,,,,,35.93287,-86.78346,False,Crashes_2010_2019_MPO
101462140,2016-11-28,2016,,94.0,,,0,0,N,0.0,0.0,0.0,,,,,,,,35.96198,-86.81518,False,Crashes_2010_2019_MPO
100228166,2012-09-17,2012,,94.0,,,0,0,N,0.0,0.0,0.0,,,,,,,,36.02198,-86.79508,True,Crashes_2010_2019_MPO
101920083,2018-02-19,2018,,94.0,,,0,0,N,0.0,0.0,0.0,,,,,,,,35.9583,-86.8023,False,Crashes_2010_2019_MPO
100970999,2015-09-28,2015,,19.0,,,0,0,N,0.0,0.0,0.0,,,,,,,,36.04127,-86.7776,False,Crashes_2010_2019_MPO
100412785,2013-11-30,2013,,94.0,,,0,0,Y,0.0,0.0,1.0,,,,,,,,35.9338,-86.80823,False,Crashes_2010_2019_MPO
101436423,2016-11-10,2016,,19.0,,,0,0,N,0.0,0.0,0.0,,,,,,,,36.04005,-86.74405,False,Crashes_2010_2019_MPO
102448508,2019-07-16,2019,,94.0,,,0,0,N,0.0,0.0,0.0,,,,,,,,35.96019,-86.67891,False,Crashes_2010_2019_MPO
102581333,2019-11-26,2019,,94.0,,,0,0,N,0.0,0.0,0.0,,,,,,,,35.9509,-86.80665,False,Crashes_2010_2019_MPO
101965419,2018-04-03,2018,,94.0,,,0,0,N,0.0,0.0,0.0,,,,,,,,35.94841,-86.8136,False,Crashes_2010_2019_MPO
101984507,2018-04-20,2018,,19.0,,,0,0,N,0.0,0.0,0.0,,,,,,,,36.045,-86.71322,False,Crashes_2010_2019_MPO
100484906,2014-04-11,2014,,94.0,,,0,0,N,0.0,0.0,0.0,,,,,,,,35.96701,-86.81212,True,Crashes_2010_2019_MPO
100924083,2015-08-16,2015,,19.0,,,0,0,N,0.0,0.0,0.0,,,,,,,,36.04179,-86.78242,False,Crashes_2010_2019_MPO
101786950,2017-10-09,2017,,19.0,,,0,0,N,0.0,0.0,0.0,,,,,,,,36.04555,-86.71328,False,Crashes_2010_2019_MPO
101483991,2016-12-22,2016,,94.0,,,0,0,N,0.0,0.0,0.0,,,,,,,,36.02623,-86.8643,False,Crashes_2010_2019_MPO
102554285,2019-10-31,2019,,94.0,,,0,0,N,0.0,0.0,0.0,,,,,,,,35.96665,-86.80939,True,Crashes_2010_2019_MPO
100285594,2013-01-30,2013,,94.0,,,0,0,N,0.0,0.0,0.0,,,,,,,,35.9639,-86.80049,True,Crashes_2010_2019_MPO
101557956,2017-02-17,2017,,94.0,,,0,0,N,0.0,0.0,0.0,,,,,,,,36.030455,-86.790343,True,Crashes_2010_2019_MPO
100946354,2015-09-01,2015,,19.0,,,0,0,N,0.0,0.0,0.0,,,,,,,,36.0449,-86.74398,False,Crashes_2010_2019_MPO
102343766,2019-03-28,2019,,94.0,,,0,0,N,0.0,0.0,0.0,,,,,,,,36.03604,-86.79089,True,Crashes_2010_2019_MPO
101134723,2016-03-15,2016,,19.0,,,0,0,N,0.0,0.0,0.0,,,,,,,,36.04561,-86.71977,False,Crashes_2010_2019_MPO
100913011,2015-07-27,2015,,94.0,,,0,0,N,0.0,0.0,0.0,,,,,,,,36.02729,-86.79208,True,Crashes_2010_2019_MPO
100464613,2014-03-15,2014,,94.0,,,0,0,N,0.0,0.0,0.0,,,,,,,,35.9926,-86.68478,False,Crashes_2010_2019_MPO
101269611,2016-06-20,2016,,94.0,,,0,0,N,0.0,0.0,0.0,,,,,,,,35.99465,-86.76849,True,Crashes_2010_2019_MPO
100098847,2011-10-01,2011,,94.0,,,0,0,N,0.0,0.0,0.0,,,,,,,,35.9397,-86.6797,False,Crashes_2010_2019_MPO
102180856,2018-10-17,2018,,94.0,,,0,0,N,0.0,0.0,0.0,,,,,,,,35.95118,-86.80012,False,Crashes_2010_2019_MPO
101488404,2016-12-27,2016,,94.0,,,0,0,N,0.0,0.0,0.0,,,,,,,,35.94698,-86.82147,False,Crashes_2010_2019_MPO
101148805,2016-03-22,2016,,94.0,,,0,0,N,0.0,0.0,0.0,,,,,,,,35.97371,-86.83272,True,Crashes_2010_2019_MPO
101400117,2016-10-09,2016,,94.0,,,0,0,N,0.0,0.0,0.0,,,,,,,,35.94538,-86.87742,False,Crashes_2010_2019_MPO
101359798,2016-09-12,2016,,94.0,,,0,0,N,0.0,0.0,0.0,,,,,,,,35.92957,-86.84187,False,Crashes_2010_2019_MPO
100190441,2012-06-11,2012,,94.0,,,0,0,N,0.0,0.0,0.0,,,,,,,,35.96237,-86.81625,True,Crashes_2010_2019_MPO
100233616,2012-10-01,2012,,94.0,,,0,0,N,0.0,0.0,0.0,,,,,,,,35.98661,-86.81685,True,Crashes_2010_2019_MPO
101743090,2017-08-27,2017,,94.0,,,0,0,N,0.0,0.0,0.0,,,,,,,,36.03234,-86.78516,True,Crashes_2010_2019_MPO
101345250,2016-08-21,2016,,19.0,,,0,0,N,0.0,0.0,0.0,,,,,,,,36.04537,-86.71326,False,Crashes_2010_2019_MPO
101705060,2017-07-18,2017,,19.0,,,0,0,N,0.0,0.0,0.0,,,,,,,,36.03218,-86.76866,False,Crashes_2010_2019_MPO
101050819,2015-12-16,2015,,19.0,,,0,0,N,0.0,0.0,0.0,,,,,,,,36.04202,-86.78233,False,Crashes_2010_2019_MPO
100859715,2015-06-12,2015,,19.0,,,0,0,N,0.0,0.0,0.0,,,,,,,,36.03994,-86.78119,False,Crashes_2010_2019_MPO
100415044,2013-12-05,2013,,94.0,,,0,0,N,0.0,0.0,0.0,,,,,,,,35.94757,-86.81473,False,Crashes_2010_2019_MPO
100980294,2015-10-16,2015,,94.0,,,0,0,N,0.0,0.0,0.0,,,,,,,,35.96589,-86.81393,False,Crashes_2010_2019_MPO
100641103,2014-10-10,2014,,19.0,,,0,0,N,0.0,0.0,0.0,,,,,,,,36.04168,-86.78244,False,Crashes_2010_2019_MPO
102155420,2018-09-23,2018,,19.0,,,0,0,N,0.0,0.0,0.0,,,,,,,,36.0469,-86.71447,False,Crashes_2010_2019_MPO
102401077,2019-05-25,2019,,94.0,,,0,0,N,0.0,0.0,0.0,,,,,,,,35.94429,-86.81993,False,Crashes_2010_2019_MPO
101623301,2017-04-23,2017,,94.0,,,0,0,N,0.0,0.0,0.0,,,,,,,,36.01559,-86.7406,False,Crashes_2010_2019_MPO
100803634,2015-04-06,2015,,19.0,,,0,0,N,0.0,0.0,0.0,,,,,,,,36.04504,-86.71717,False,Crashes_2010_2019_MPO
102353641,2019-04-08,2019,,19.0,,,0,0,N,0.0,0.0,0.0,,,,,,,,36.04005,-86.78124,False,Crashes_2010_2019_MPO
100265479,2012-12-12,2012,,94.0,,,0,0,N,0.0,0.0,0.0,,,,,,,,35.93816,-86.87906,False,Crashes_2010_2019_MPO
101635500,2017-05-05,2017,,19.0,,,0,0,N,0.0,0.0,0.0,,,,,,,,36.04545,-86.70396,False,Crashes_2010_2019_MPO
100708648,2014-12-17,2014,,19.0,,,0,0,N,0.0,0.0,0.0,,,,,,,,36.02389,-86.74244,False,Crashes_2010_2019_MPO
100752568,2015-02-24,2015,,94.0,,,0,0,N,0.0,0.0,0.0,,,,,,,,35.95718,-86.7656,True,Crashes_2010_2019_MPO
100828011,2015-04-26,2015,,19.0,,,0,0,N,0.0,0.0,0.0,,,,,,,,36.04623,-86.68958,False,Crashes_2010_2019_MPO
101103677,2016-02-11,2016,,94.0,,,0,0,N,0.0,0.0,0.0,,,,,,,,35.94422,-86.81522,False,Crashes_2010_2019_MPO
100591693,2014-08-05,2014,,94.0,,,0,0,N,0.0,0.0,0.0,,,,,,,,35.99607,-86.78474,True,Crashes_2010_2019_MPO
101393876,2016-10-01,2016,,94.0,,,0,0,N,0.0,0.0,0.0,,,,,,,,36.03615,-86.79512,True,Crashes_2010_2019_MPO
102240920,2018-12-08,2018,,94.0,,,0,0,N,0.0,0.0,0.0,,,,,,,,35.95369,-86.81357,False,Crashes_2010_2019_MPO
101124721,2016-02-29,2016,,94.0,,,0,0,N,0.0,0.0,0.0,,,,,,,,36.025195,-86.798261,True,Crashes_2010_2019_MPO
100680452,2014-11-14,2014,,94.0,,,0,0,N,0.0,0.0,0.0,,,,,,,,36.00417,-86.79083,True,Crashes_2010_2019_MPO
101909773,2018-02-07,2018,,94.0,,,0,0,N,0.0,0.0,0.0,,,,,,,,35.93267,-86.78639,False,Crashes_2010_2019_MPO
100118545,2011-11-21,2011,,94.0,,,0,0,N,0.0,0.0,0.0,,,,,,,,35.9828,-86.71719,True,Crashes_2010_2019_MPO
101164788,2016-04-15,2016,,94.0,,,0,0,N,0.0,0.0,0.0,,,,,,,,35.95652,-86.81641,False,Crashes_2010_2019_MPO
101189510,2016-05-07,2016,,94.0,,,0,0,N,0.0,0.0,0.0,,,,,,,,35.9649,-86.79332,True,Crashes_2010_2019_MPO
101440149,2016-11-14,2016,,19.0,,,0,0,Y,0.0,0.0,1.0,,,,,,,,36.04377,-86.68834,False,Crashes_2010_2019_MPO
100216057,2012-08-14,2012,,19.0,,,0,0,N,0.0,0.0,0.0,,,,,,,,36.03611,-86.794838,True,Crashes_2010_2019_MPO
101969181,2018-04-06,2018,,94.0,,,0,0,N,0.0,0.0,0.0,,,,,,,,35.93876,-86.87922,False,Crashes_2010_2019_MPO
100296847,2013-02-25,2013,,94.0,,,0,0,N,0.0,0.0,0.0,,,,,,,,35.96722,-86.81353,True,Crashes_2010_2019_MPO
100436665,2014-01-29,2014,,94.0,,,0,0,N,0.0,0.0,0.0,,,,,,,,35.97649,-86.82742,True,Crashes_2010_2019_MPO
100725371,2015-01-21,2015,,94.0,,,0,0,N,0.0,0.0,0.0,,,,,,,,36.01778,-86.81695,True,Crashes_2010_2019_MPO
100720595,2015-01-10,2015,,19.0,,,0,0,N,0.0,0.0,0.0,,,,,,,,36.04006,-86.781,False,Crashes_2010_2019_MPO
101537720,2017-01-28,2017,,94.0,,,0,0,N,0.0,0.0,0.0,,,,,,,,35.95728,-86.81144,False,Crashes_2010_2019_MPO
102320156,2019-03-03,2019,,94.0,,,0,0,N,0.0,0.0,0.0,,,,,,,,35.9953,-86.81131,True,Crashes_2010_2019_MPO
100978283,2015-10-13,2015,,19.0,,,0,0,N,0.0,0.0,0.0,,,,,,,,36.05113,-86.74328,False,Crashes_2010_2019_MPO
101197370,2016-05-18,2016,,94.0,,,0,0,N,0.0,0.0,0.0,,,,,,,,35.96532,-86.82051,True,Crashes_2010_2019_MPO
102497159,2019-09-03,2019,,94.0,,,0,0,N,0.0,0.0,0.0,,,,,,,,35.9568,-86.81083,False,Crashes_2010_2019_MPO
101126784,2016-03-03,2016,,94.0,,,0,0,N,0.0,0.0,0.0,,,,,,,,35.9479,-86.81945,False,Crashes_2010_2019_MPO
101897920,2018-01-26,2018,,19.0,,,0,0,N,0.0,0.0,0.0,,,,,,,,36.03779,-86.79557,False,Crashes_2010_2019_MPO
100426928,2014-01-03,2014,,94.0,,,0,0,N,0.0,0.0,0.0,,,,,,,,35.93429,-86.86113,False,Crashes_2010_2019_MPO
101624850,2017-04-25,2017,,19.0,,,0,0,N,0.0,0.0,0.0,,,,,,,,36.03823,-86.70649,False,Crashes_2010_2019_MPO
100681224,2014-11-16,2014,,19.0,,,0,0,N,0.0,0.0,0.0,,,,,,,,36.01891,-86.7245,False,Crashes_2010_2019_MPO
100275582,2013-01-06,2013,,94.0,,,0,0,N,0.0,0.0,0.0,,,,,,,,35.92307,-86.81569,False,Crashes_2010_2019_MPO
101189817,2016-05-07,2016,,19.0,,,0,0,N,0.0,0.0,0.0,,,,,,,,36.03256,-86.7687,False,Crashes_2010_2019_MPO
101048437,2015-12-12,2015,,94.0,,,0,0,N,0.0,0.0,0.0,,,,,,,,35.95808,-86.80259,False,Crashes_2010_2019_MPO
102071244,2018-07-11,2018,,94.0,,,0,0,Y,0.0,0.0,1.0,,,,,,,,35.9497,-86.81332,False,Crashes_2010_2019_MPO
102429379,2019-06-26,2019,,19.0,,,0,0,N,0.0,0.0,0.0,,,,,,,,36.04949,-86.87068,False,Crashes_2010_2019_MPO
100411046,2013-11-26,2013,,94.0,,,0,0,N,0.0,0.0,0.0,,,,,,,,35.99936,-86.79568,True,Crashes_2010_2019_MPO
100828729,2015-05-05,2015,,94.0,,,0,0,N,0.0,0.0,0.0,,,,,,,,35.94755,-86.8201,False,Crashes_2010_2019_MPO
101624325,2017-04-24,2017,,94.0,,,0,0,N,0.0,0.0,0.0,,,,,,,,35.9239,-86.87905,False,Crashes_2010_2019_MPO
100411258,2013-11-26,2013,,94.0,,,0,0,N,0.0,0.0,0.0,,,,,,,,35.99576,-86.78148,True,Crashes_2010_2019_MPO
101670393,2017-06-10,2017,,94.0,,,0,0,N,0.0,0.0,0.0,,,,,,,,35.94778,-86.81994,False,Crashes_2010_2019_MPO
101972742,2018-04-10,2018,,94.0,,,0,0,N,0.0,0.0,0.0,,,,,,,,35.95078,-86.80647,False,Crashes_2010_2019_MPO
102449131,2019-07-16,2019,,94.0,,,0,0,N,0.0,0.0,0.0,,,,,,,,35.95902,-86.81609,False,Crashes_2010_2019_MPO
100339661,2013-06-09,2013,,94.0,,,0,0,N,0.0,0.0,0.0,,,,,,,,35.96995,-86.72487,True,Crashes_2010_2019_MPO
101105565,2016-02-14,2016,,19.0,,,0,0,N,0.0,0.0,0.0,,,,,,,,36.05478,-86.68079,False,Crashes_2010_2019_MPO
100636615,2014-09-30,2014,,19.0,,,0,0,N,0.0,0.0,0.0,,,,,,,,36.04491,-86.72454,False,Crashes_2010_2019_MPO
102334610,2019-03-18,2019,,19.0,,,0,0,N,0.0,0.0,0.0,,,,,,,,36.04202,-86.77612,False,Crashes_2010_2019_MPO
101001333,2015-11-02,2015,,94.0,,,0,0,N,0.0,0.0,0.0,,,,,,,,35.93556,-86.82361,False,Crashes_2010_2019_MPO
101863889,2017-12-19,2017,,94.0,,,0,0,N,0.0,0.0,0.0,,,,,,,,35.93266,-86.87788,False,Crashes_2010_2019_MPO
100269193,2012-12-20,2012,,94.0,,,0,0,N,0.0,0.0,0.0,,,,,,,,35.94684,-86.81144,False,Crashes_2010_2019_MPO
100703691,2014-12-08,2014,,94.0,,,0,0,N,0.0,0.0,0.0,,,,,,,,35.93845,-86.80986,False,Crashes_2010_2019_MPO
100551374,2014-06-15,2014,,94.0,,,0,0,N,0.0,0.0,0.0,,,,,,,,35.9506,-86.80604,False,Crashes_2010_2019_MPO
101934222,2018-03-05,2018,,19.0,,,0,0,N,0.0,0.0,0.0,,,,,,,,36.04513,-86.72892,False,Crashes_2010_2019_MPO
100750426,2015-02-20,2015,,19.0,,,0,0,N,0.0,0.0,0.0,,,,,,,,36.03206,-86.7592,False,Crashes_2010_2019_MPO
101798703,2017-10-20,2017,,19.0,,,0,0,N,0.0,0.0,0.0,,,,,,,,36.03951,-86.78175,False,Crashes_2010_2019_MPO
100683028,2014-11-19,2014,,19.0,,,0,0,N,0.0,0.0,0.0,,,,,,,,36.04075,-86.77169,False,Crashes_2010_2019_MPO
100401941,2013-11-07,2013,,94.0,,,0,0,N,0.0,0.0,0.0,,,,,,,,35.94546,-86.87535,False,Crashes_2010_2019_MPO
101740117,2017-08-24,2017,,94.0,,,0,0,N,0.0,0.0,0.0,,,,,,,,35.99759,-86.79683,True,Crashes_2010_2019_MPO
100309604,2013-03-29,2013,,94.0,,,0,0,N,0.0,0.0,0.0,,,,,,,,35.94066,-86.8342,False,Crashes_2010_2019_MPO
100769947,2015-03-10,2015,,19.0,,,0,0,N,0.0,0.0,0.0,,,,,,,,36.04098,-86.77941,False,Crashes_2010_2019_MPO
100851796,2015-05-27,2015,,19.0,,,0,0,N,0.0,0.0,0.0,,,,,,,,36.0382,-86.78634,False,Crashes_2010_2019_MPO
100464295,2014-03-14,2014,,94.0,,,0,0,N,0.0,0.0,0.0,,,,,,,,35.95416,-86.80401,False,Crashes_2010_2019_MPO
102142632,2018-09-12,2018,,94.0,,,0,0,N,0.0,0.0,0.0,,,,,,,,35.99507,-86.77403,True,Crashes_2010_2019_MPO
102076715,2018-07-16,2018,,19.0,,,0,0,N,0.0,0.0,0.0,,,,,,,,36.0389,-86.67744,False,Crashes_2010_2019_MPO
102530066,2019-10-05,2019,,19.0,,,0,0,N,0.0,0.0,0.0,,,,,,,,36.04537,-86.71326,False,Crashes_2010_2019_MPO
100968130,2015-09-27,2015,,19.0,,,0,0,N,0.0,0.0,0.0,,,,,,,,36.04799,-86.77637,False,Crashes_2010_2019_MPO
100882811,2015-07-07,2015,,94.0,,,0,0,N,0.0,0.0,0.0,,,,,,,,35.92537,-86.86882,False,Crashes_2010_2019_MPO
100880322,2015-07-02,2015,,94.0,,,0,0,N,0.0,0.0,0.0,,,,,,,,35.92562,-86.87242,False,Crashes_2010_2019_MPO
101460591,2016-11-25,2016,,94.0,,,0,0,N,0.0,0.0,0.0,,,,,,,,35.94616,-86.80856,False,Crashes_2010_2019_MPO
102346713,2019-03-31,2019,,19.0,,,0,0,N,0.0,0.0,0.0,,,,,,,,36.04537,-86.71326,False,Crashes_2010_2019_MPO
101178646,2016-04-21,2016,,94.0,,,0,0,N,0.0,0.0,0.0,,,,,,,,35.95051,-86.76622,True,Crashes_2010_2019_MPO
100938063,2015-08-22,2015,,19.0,,,0,0,N,0.0,0.0,0.0,,,,,,,,36.03774,-86.79095,False,Crashes_2010_2019_MPO
100921842,2015-08-12,2015,,19.0,,,0,0,N,0.0,0.0,0.0,,,,,,,,36.03323,-86.77542,False,Crashes_2010_2019_MPO
101826817,2017-11-15,2017,,19.0,,,0,0,N,0.0,0.0,0.0,,,,,,,,36.05393,-86.69121,False,Crashes_2010_2019_MPO
102076454,2018-07-16,2018,,19.0,,,0,0,N,0.0,0.0,0.0,,,,,,,,36.03992,-86.74217,False,Crashes_2010_2019_MPO
100876197,2015-06-25,2015,,19.0,,,0,0,N,0.0,0.0,0.0,,,,,,,,36.03916,-86.71286,False,Crashes_2010_2019_MPO
101420904,2016-10-23,2016,,19.0,,,0,0,N,0.0,0.0,0.0,,,,,,,,36.04064,-86.70598,False,Crashes_2010_2019_MPO
101096039,2016-01-29,2016,,94.0,,,0,0,N,0.0,0.0,0.0,,,,,,,,36.03488,-86.78307,True,Crashes_2010_2019_MPO
101272449,2016-06-24,2016,,94.0,,,0,0,N,0.0,0.0,0.0,,,,,,,,35.9956,-86.79741,True,Crashes_2010_2019_MPO
101565048,2017-02-24,2017,,94.0,,,0,0,N,0.0,0.0,0.0,,,,,,,,35.99557,-86.77952,True,Crashes_2010_2019_MPO
101988641,2018-04-23,2018,,94.0,,,0,0,N,0.0,0.0,0.0,,,,,,,,36.03956,-86.86945,False,Crashes_2010_2019_MPO
100592932,2014-08-08,2014,,94.0,,,0,0,N,0.0,0.0,0.0,,,,,,,,36.01362,-86.8046,True,Crashes_2010_2019_MPO
102591312,2019-12-07,2019,,19.0,,,0,0,N,0.0,0.0,0.0,,,,,,,,36.03112,-86.70107,False,Crashes_2010_2019_MPO
101877930,2018-01-04,2018,,94.0,,,0,0,N,0.0,0.0,0.0,,,,,,,,35.94304,-86.82086,False,Crashes_2010_2019_MPO
100878252,2015-06-29,2015,,94.0,,,0,0,N,0.0,0.0,0.0,,,,,,,,35.97049,-86.77382,True,Crashes_2010_2019_MPO
100351005,2013-07-06,2013,,94.0,,,0,0,N,0.0,0.0,0.0,,,,,,,,35.96466,-86.81485,True,Crashes_2010_2019_MPO
101607714,2017-04-08,2017,,19.0,,,0,0,N,0.0,0.0,0.0,,,,,,,,36.0483,-86.86635,False,Crashes_2010_2019_MPO
101752466,2017-09-06,2017,,94.0,,,0,0,N,0.0,0.0,0.0,,,,,,,,35.96463,-86.79039,True,Crashes_2010_2019_MPO
102206215,2018-11-09,2018,,19.0,,,0,0,N,0.0,0.0,0.0,,,,,,,,36.0439,-86.74409,False,Crashes_2010_2019_MPO
100736513,2015-02-12,2015,,94.0,,,0,0,N,0.0,0.0,0.0,,,,,,,,35.93491,-86.77707,False,Crashes_2010_2019_MPO