mstrrecnbr,collision_ts,year,county,countystat,crash,crash_type,fatalities,non_motorists,commercial,fatal_c,nonmotor_c,truck_c,fatalc,serious_injuries,ped,bike,lighting,weather,first_harmful_event,latitude,longitude,in_city,src_layer
100912909,2015-07-27,2015,,19.0,,,0,0,N,0.0,0.0,0.0,,,,,,,,36.02551,-86.71302,False,Crashes_2010_2019_MPO
100921597,2015-08-12,2015,,19.0,,,0,0,N,0.0,0.0,0.0,,,,,,,,36.04234,-86.83116,False,Crashes_2010_2019_MPO
101096916,2016-01-30,2016,,94.0,,,0,0,N,0.0,0.0,0.0,,,,,,,,35.93595,-86.8181,False,Crashes_2010_2019_MPO
101098203,2016-01-29,2016,,94.0,,,0,0,N,0.0,0.0,0.0,,,,,,,,35.93446,-86.81991,False,Crashes_2010_2019_MPO
102573224,2019-11-19,2019,,94.0,,,0,0,N,0.0,0.0,0.0,,,,,,,,35.96767,-86.75532,True,Crashes_2010_2019_MPO
101179719,2016-04-22,2016,,94.0,,,0,1,N,0.0,1.0,0.0,,,,,,,,35.97666,-86.77147,True,Crashes_2010_2019_MPO
101268823,2016-06-19,2016,,19.0,,,0,0,N,0.0,0.0,0.0,,,,,,,,36.05275,-86.68438,False,Crashes_2010_2019_MPO
100885231,2015-07-12,2015,,94.0,,,0,0,N,0.0,0.0,0.0,,,,,,,,35.93508,-86.84862,False,Crashes_2010_2019_MPO
100771356,2015-03-13,2015,,19.0,,,0,0,N,0.0,0.0,0.0,,,,,,,,36.04625,-86.72022,False,Crashes_2010_2019_MPO
102308910,2019-02-18,2019,,94.0,,,0,0,N,0.0,0.0,0.0,,,,,,,,35.94782,-86.81975,False,Crashes_2010_2019_MPO
101182395,2016-04-27,2016,,94.0,,,0,0,N,0.0,0.0,0.0,,,,,,,,35.9535,-86.81784,False,Crashes_2010_2019_MPO
101232073,2016-05-20,2016,,19.0,,,0,0,N,0.0,0.0,0.0,,,,,,,,36.03055,-86.74498,False,Crashes_2010_2019_MPO
102447374,2019-07-14,2019,,19.0,,,0,0,N,0.0,0.0,0.0,,,,,,,,36.04167,-86.7489,False,Crashes_2010_2019_MPO
101186598,2016-05-03,2016,,94.0,,,0,0,N,0.0,0.0,0.0,,,,,,,,35.96437,-86.8136,False,Crashes_2010_2019_MPO
102304631,2019-02-13,2019,,19.0,,,0,0,N,0.0,0.0,0.0,,,,,,,,36.04441,-86.78039,False,Crashes_2010_2019_MPO
100282838,2013-01-22,2013,,94.0,,,0,0,N,0.0,0.0,0.0,,,,,,,,35.96666,-86.80919,True,Crashes_2010_2019_MPO
101154501,2016-03-31,2016,,94.0,,,0,0,N,0.0,0.0,0.0,,,,,,,,35.96798,-86.81833,True,Crashes_2010_2019_MPO
100735474,2015-02-11,2015,,19.0,,,0,0,N,0.0,0.0,0.0,,,,,,,,36.03342,-86.71294,False,Crashes_2010_2019_MPO
101008604,2015-11-13,2015,,19.0,,,0,0,N,0.0,0.0,0.0,,,,,,,,36.04519,-86.71593,False,Crashes_2010_2019_MPO
101149448,2016-03-23,2016,,94.0,,,0,0,N,0.0,0.0,0.0,,,,,,,,35.96133,-86.81226,False,Crashes_2010_2019_MPO
100292722,2013-02-14,2013,,94.0,,,0,0,N,0.0,0.0,0.0,,,,,,,,35.94353,-86.84444,False,Crashes_2010_2019_MPO
100642874,2014-10-13,2014,,19.0,,,0,0,N,0.0,0.0,0.0,,,,,,,,36.04551,-86.71201,False,Crashes_2010_2019_MPO
101853340,2017-12-09,2017,,94.0,,,0,0,N,0.0,0.0,0.0,,,,,,,,35.99908,-86.80879,True,Crashes_2010_2019_MPO
102603058,2019-12-20,2019,,19.0,,,0,0,N,0.0,0.0,0.0,,,,,,,,36.0403,-86.76859,False,Crashes_2010_2019_MPO
101924836,2018-02-23,2018,,19.0,,,0,0,N,0.0,0.0,0.0,,,,,,,,36.03747,-86.79098,False,Crashes_2010_2019_MPO
102180912,2018-10-18,2018,,94.0,,,0,0,N,0.0,0.0,0.0,,,,,,,,35.93374,-86.81767,False,Crashes_2010_2019_MPO
101428372,2016-10-31,2016,,94.0,,,0,0,N,0.0,0.0,0.0,,,,,,,,35.9671,-86.81315,True,Crashes_2010_2019_MPO
102250640,2018-12-18,2018,,19.0,,,0,0,N,0.0,0.0,0.0,,,,,,,,36.02371,-86.71273,False,Crashes_2010_2019_MPO
101488639,2016-12-21,2016,,94.0,,,0,0,N,0.0,0.0,0.0,,,,,,,,35.96084,-86.81331,False,Crashes_2010_2019_MPO
101951034,2018-03-21,2018,,19.0,,,0,0,N,0.0,0.0,0.0,,,,,,,,36.05079,-86.77515,False,Crashes_2010_2019_MPO
101038437,2015-11-28,2015,,19.0,,,0,0,N,0.0,0.0,0.0,,,,,,,,36.04138,-86.78249,False,Crashes_2010_2019_MPO
100997600,2015-10-27,2015,,19.0,,,0,0,N,0.0,0.0,0.0,,,,,,,,36.03972,-86.78154,False,Crashes_2010_2019_MPO
101120600,2016-02-19,2016,,94.0,,,0,0,N,0.0,0.0,0.0,,,,,,,,35.98402,-86.72272,True,Crashes_2010_2019_MPO
101640654,2017-05-10,2017,,94.0,,,0,0,N,0.0,0.0,0.0,,,,,,,,35.99583,-86.78225,True,Crashes_2010_2019_MPO
102258756,2018-12-27,2018,,94.0,,,0,0,N,0.0,0.0,0.0,,,,,,,,35.95648,-86.83741,False,Crashes_2010_2019_MPO
101946611,2018-03-16,2018,,19.0,,,0,0,N,0.0,0.0,0.0,,,,,,,,36.04519,-86.71579,False,Crashes_2010_2019_MPO
101349635,2016-08-30,2016,,94.0,,,0,0,N,0.0,0.0,0.0,,,,,,,,35.97025,-86.80905,True,Crashes_2010_2019_MPO
102588109,2019-12-03,2019,,94.0,,,0,0,N,0.0,0.0,0.0,,,,,,,,35.99742,-86.77912,True,Crashes_2010_2019_MPO
101154211,2016-03-30,2016,,19.0,,,0,0,N,0.0,0.0,0.0,,,,,,,,36.03933,-86.78202,False,Crashes_2010_2019_MPO
101771151,2017-09-25,2017,,19.0,,,0,0,N,0.0,0.0,0.0,,,,,,,,36.04023,-86.75234,False,Crashes_2010_2019_MPO
102238878,2018-12-07,2018,,19.0,,,0,0,N,0.0,0.0,0.0,,,,,,,,36.04091,-86.77938,False,Crashes_2010_2019_MPO
101881562,2018-01-08,2018,,94.0,,,0,0,N,0.0,0.0,0.0,,,,,,,,35.94696,-86.82209,False,Crashes_2010_2019_MPO
100705334,2014-12-11,2014,,19.0,,,0,0,N,0.0,0.0,0.0,,,,,,,,36.04878,-86.71374,False,Crashes_2010_2019_MPO
100770375,2015-03-11,2015,,19.0,,,0,0,N,0.0,0.0,0.0,,,,,,,,36.03961,-86.78176,False,Crashes_2010_2019_MPO
102491800,2019-08-29,2019,,19.0,,,0,0,N,0.0,0.0,0.0,,,,,,,,36.04543,-86.70361,False,Crashes_2010_2019_MPO
101246379,2016-06-15,2016,,94.0,,,0,0,N,0.0,0.0,0.0,,,,,,,,35.96487,-86.80016,True,Crashes_2010_2019_MPO
102138924,2018-09-09,2018,,94.0,,,0,0,N,0.0,0.0,0.0,,,,,,,,35.92249,-86.78032,False,Crashes_2010_2019_MPO
101858273,2017-12-14,2017,,19.0,,,0,0,N,0.0,0.0,0.0,,,,,,,,36.02462,-86.74236,False,Crashes_2010_2019_MPO
101996005,2018-05-01,2018,,94.0,,,0,0,N,0.0,0.0,0.0,,,,,,,,35.98595,-86.73497,True,Crashes_2010_2019_MPO
102334774,2019-03-19,2019,,19.0,,,0,0,N,0.0,0.0,0.0,,,,,,,,36.05332,-86.77516,False,Crashes_2010_2019_MPO
100360516,2013-07-30,2013,,94.0,,,0,0,N,0.0,0.0,0.0,,,,,,,,36.03315,-86.79955,True,Crashes_2010_2019_MPO
100938555,2015-08-24,2015,,19.0,,,0,0,N,0.0,0.0,0.0,,,,,,,,36.01541,-86.73869,False,Crashes_2010_2019_MPO
100947229,2015-09-09,2015,,19.0,,,0,0,N,0.0,0.0,0.0,,,,,,,,36.0416,-86.74386,False,Crashes_2010_2019_MPO
102591014,2019-12-07,2019,,19.0,,,0,0,N,0.0,0.0,0.0,,,,,,,,36.04604,-86.73084,False,Crashes_2010_2019_MPO
101436238,2016-11-10,2016,,19.0,,,0,0,N,0.0,0.0,0.0,,,,,,,,36.01006,-86.702,False,Crashes_2010_2019_MPO
101388030,2016-09-23,2016,,94.0,,,0,0,N,0.0,0.0,0.0,,,,,,,,35.99771,-86.7979,True,Crashes_2010_2019_MPO
100158164,2012-03-15,2012,,94.0,,,0,0,N,0.0,0.0,0.0,,,,,,,,35.98592,-86.73716,True,Crashes_2010_2019_MPO
100165927,2012-04-05,2012,,94.0,,,0,0,N,0.0,0.0,0.0,,,,,,,,36.02883,-86.7912,True,Crashes_2010_2019_MPO
101597458,2017-03-29,2017,,94.0,,,0,0,N,0.0,0.0,0.0,,,,,,,,35.92947,-86.84116,False,Crashes_2010_2019_MPO
100860588,2015-06-14,2015,,94.0,,,0,0,N,0.0,0.0,0.0,,,,,,,,35.93344,-86.84338,False,Crashes_2010_2019_MPO
100964356,2015-09-21,2015,,94.0,,,0,0,N,0.0,0.0,0.0,,,,,,,,35.96681,-86.81119,True,Crashes_2010_2019_MPO
102089635,2018-07-28,2018,,19.0,,,0,0,N,0.0,0.0,0.0,,,,,,,,36.01552,-86.70532,False,Crashes_2010_2019_MPO
100591166,2014-08-04,2014,,94.0,,,0,0,N,0.0,0.0,0.0,,,,,,,,35.96665,-86.80927,True,Crashes_2010_2019_MPO
101103542,2016-02-10,2016,,19.0,,,0,0,N,0.0,0.0,0.0,,,,,,,,36.0394,-86.78191,False,Crashes_2010_2019_MPO
100973524,2015-10-05,2015,,19.0,,,0,0,N,0.0,0.0,0.0,,,,,,,,36.04059,-86.77107,False,Crashes_2010_2019_MPO
101165757,2016-04-17,2016,,19.0,,,0,0,N,0.0,0.0,0.0,,,,,,,,36.0452,-86.71517,False,Crashes_2010_2019_MPO
101644585,2017-05-14,2017,,19.0,,,0,0,N,0.0,0.0,0.0,,,,,,,,36.04544,-86.71249,False,Crashes_2010_2019_MPO
101060889,2015-12-16,2015,,94.0,,,0,0,N,0.0,0.0,0.0,,,,,,,,35.95326,-86.81509,False,Crashes_2010_2019_MPO
101070666,2016-01-02,2016,,94.0,,,0,0,N,0.0,0.0,0.0,,,,,,,,35.96706,-86.80753,True,Crashes_2010_2019_MPO
101805245,2017-10-26,2017,,94.0,,,0,0,N,0.0,0.0,0.0,,,,,,,,35.95426,-86.84577,False,Crashes_2010_2019_MPO
101626885,2017-04-27,2017,,19.0,,,0,0,N,0.0,0.0,0.0,,,,,,,,36.04561,-86.71072,False,Crashes_2010_2019_MPO
101401969,2016-10-12,2016,,94.0,,,0,0,N,0.0,0.0,0.0,,,,,,,,35.96681,-86.81119,True,Crashes_2010_2019_MPO
102350229,2019-04-04,2019,,94.0,,,0,0,N,0.0,0.0,0.0,,,,,,,,35.93344,-86.79439,False,Crashes_2010_2019_MPO
102482027,2019-08-19,2019,,19.0,,,0,1,N,0.0,1.0,0.0,,,,,,,,36.04645,-86.68026,False,Crashes_2010_2019_MPO
102358293,2019-04-12,2019,,19.0,,,0,0,N,0.0,0.0,0.0,,,,,,,,36.03751,-86.78569,False,Crashes_2010_2019_MPO
100391231,2013-10-14,2013,,94.0,,,0,0,Y,0.0,0.0,1.0,,,,,,,,35.962,-86.81517,False,Crashes_2010_2019_MPO
100511076,2014-05-16,2014,,94.0,,,0,0,N,0.0,0.0,0.0,,,,,,,,35.92456,-86.87028,False,Crashes_2010_2019_MPO
102337394,2019-03-21,2019,,94.0,,,0,0,N,0.0,0.0,0.0,,,,,,,,35.9583,-86.8023,False,Crashes_2010_2019_MPO
101208368,2016-05-20,2016,,19.0,,,0,0,N,0.0,0.0,0.0,,,,,,,,36.05481,-86.67908,False,Crashes_2010_2019_MPO
102165793,2018-10-02,2018,,94.0,,,0,0,N,0.0,0.0,0.0,,,,,,,,35.9408,-86.83968,False,Crashes_2010_2019_MPO
102311755,2019-02-21,2019,,19.0,,,0,0,N,0.0,0.0,0.0,,,,,,,,36.04725,-86.8625,False,Crashes_2010_2019_MPO
102571576,2019-11-14,2019,,19.0,,,0,0,N,0.0,0.0,0.0,,,,,,,,36.0409,-86.77938,False,Crashes_2010_2019_MPO
102038580,2018-06-09,2018,,94.0,,,0,0,N,0.0,0.0,0.0,,,,,,,,35.94727,-86.82128,False,Crashes_2010_2019_MPO
101389921,2016-09-26,2016,,19.0,,,0,0,N,0.0,0.0,0.0,,,,,,,,36.04143,-86.74981,False,Crashes_2010_2019_MPO
101491344,2016-12-24,2016,,94.0,,,0,0,Y,0.0,0.0,1.0,,,,,,,,35.9278,-86.74468,False,Crashes_2010_2019_MPO
102219044,2018-11-21,2018,,19.0,,,0,0,N,0.0,0.0,0.0,,,,,,,,36.02817,-86.74401,False,Crashes_2010_2019_MPO
102241637,2018-12-10,2018,,94.0,,,0,0,N,0.0,0.0,0.0,,,,,,,,35.94631,-86.8236,False,Crashes_2010_2019_MPO
100631109,2014-09-19,2014,,94.0,,,0,0,N,0.0,0.0,0.0,,,,,,,,35.92305,-86.87159,False,Crashes_2010_2019_MPO
101623237,2017-04-23,2017,,94.0,,,0,0,N,0.0,0.0,0.0,,,,,,,,35.96597,-86.69483,False,Crashes_2010_2019_MPO
100661951,2014-10-30,2014,,94.0,,,0,0,N,0.0,0.0,0.0,,,,,,,,35.95768,-86.8113,False,Crashes_2010_2019_MPO
101462765,2016-11-29,2016,,19.0,,,0,0,N,0.0,0.0,0.0,,,,,,,,36.04,-86.76564,False,Crashes_2010_2019_MPO
102320903,2019-03-03,2019,,94.0,,,0,0,N,0.0,0.0,0.0,,,,,,,,35.96487,-86.82216,True,Crashes_2010_2019_MPO
101208459,2016-05-20,2016,,19.0,,,0,0,N,0.0,0.0,0.0,,,,,,,,36.04054,-86.78259,False,Crashes_2010_2019_MPO
101820027,2017-11-06,2017,,19.0,,,0,0,N,0.0,0.0,0.0,,,,,,,,36.04541,-86.85385,False,Crashes_2010_2019_MPO
102019858,2018-05-23,2018,,94.0,,,0,0,N,0.0,0.0,0.0,,,,,,,,36.03553,-86.81704,True,Crashes_2010_2019_MPO
101440173,2016-11-15,2016,,19.0,,,0,0,N,0.0,0.0,0.0,,,,,,,,36.05493,-86.72717,False,Crashes_2010_2019_MPO
100634385,2014-09-26,2014,,94.0,,,0,0,N,0.0,0.0,0.0,,,,,,,,35.99743,-86.79541,True,Crashes_2010_2019_MPO
102243733,2018-12-10,2018,,94.0,,,0,0,N,0.0,0.0,0.0,,,,,,,,35.95891,-86.81612,False,Crashes_2010_2019_MPO
100033999,2011-02-09,2011,,94.0,,,0,0,N,0.0,0.0,0.0,,,,,,,,35.928596,-86.717207,False,Crashes_2010_2019_MPO
101067893,2015-12-27,2015,,94.0,,,0,0,N,0.0,0.0,0.0,,,,,,,,35.96184,-86.81449,False,Crashes_2010_2019_MPO
100632830,2014-09-23,2014,,94.0,,,0,0,N,0.0,0.0,0.0,,,,,,,,35.98091,-86.72627,True,Crashes_2010_2019_MPO
102397745,2019-05-23,2019,,19.0,,,0,0,N,0.0,0.0,0.0,,,,,,,,36.04634,-86.71338,False,Crashes_2010_2019_MPO
100668539,2014-11-11,2014,,94.0,,,0,0,N,0.0,0.0,0.0,,,,,,,,35.92315,-86.81662,False,Crashes_2010_2019_MPO
100965033,2015-09-22,2015,,94.0,,,0,0,N,0.0,0.0,0.0,,,,,,,,35.946,-86.81949,False,Crashes_2010_2019_MPO
100829736,2015-05-07,2015,,94.0,,,0,0,N,0.0,0.0,0.0,,,,,,,,35.94922,-86.75221,True,Crashes_2010_2019_MPO
101676065,2017-06-15,2017,,94.0,,,0,0,N,0.0,0.0,0.0,,,,,,,,35.9736,-86.80527,True,Crashes_2010_2019_MPO
101731671,2017-08-15,2017,,94.0,,,0,0,N,0.0,0.0,0.0,,,,,,,,35.96681,-86.81119,True,Crashes_2010_2019_MPO
101560831,2017-02-20,2017,,94.0,,,0,0,N,0.0,0.0,0.0,,,,,,,,35.96117,-86.81231,False,Crashes_2010_2019_MPO
101725856,2017-08-10,2017,,19.0,,,0,0,N,0.0,0.0,0.0,,,,,,,,36.04385,-86.7441,False,Crashes_2010_2019_MPO
102257736,2018-12-26,2018,,19.0,,,0,0,N,0.0,0.0,0.0,,,,,,,,36.04543,-86.70361,False,Crashes_2010_2019_MPO
101812398,2017-11-01,2017,,94.0,,,0,0,N,0.0,0.0,0.0,,,,,,,,35.98685,-86.73736,True,Crashes_2010_2019_MPO
100282314,2013-01-21,2013,,94.0,,,0,0,N,0.0,0.0,0.0,,,,,,,,35.99004,-86.74527,True,Crashes_2010_2019_MPO
100876885,2015-06-26,2015,,94.0,,,0,0,N,0.0,0.0,0.0,,,,,,,,35.97686,-86.80414,True,Crashes_2010_2019_MPO
100722141,2015-01-14,2015,,94.0,,,0,0,N,0.0,0.0,0.0,,,,,,,,35.94322,-86.8293,False,Crashes_2010_2019_MPO
101874231,2017-12-31,2017,,94.0,,,0,0,N,0.0,0.0,0.0,,,,,,,,35.95526,-86.82588,False,Crashes_2010_2019_MPO
101765561,2017-09-19,2017,,94.0,,,0,0,N,0.0,0.0,0.0,,,,,,,,35.95211,-86.80535,False,Crashes_2010_2019_MPO
101231544,2016-05-24,2016,,94.0,,,0,0,N,0.0,0.0,0.0,,,,,,,,35.9967,-86.81058,True,Crashes_2010_2019_MPO
101359669,2016-09-12,2016,,94.0,,,0,0,N,0.0,0.0,0.0,,,,,,,,35.99273,-86.75713,True,Crashes_2010_2019_MPO
101883459,2018-01-10,2018,,94.0,,,0,0,N,0.0,0.0,0.0,,,,,,,,36.0336,-86.78321,True,Crashes_2010_2019_MPO
102594016,2019-12-11,2019,,19.0,,,0,0,N,0.0,0.0,0.0,,,,,,,,36.04305,-86.69117,False,Crashes_2010_2019_MPO
102262239,2018-12-31,2018,,94.0,,,0,0,N,0.0,0.0,0.0,,,,,,,,35.94489,-86.82843,False,Crashes_2010_2019_MPO
100550326,2014-06-12,2014,,94.0,,,0,0,N,0.0,0.0,0.0,,,,,,,,35.99307,-86.84788,False,Crashes_2010_2019_MPO
102606732,2019-12-23,2019,,94.0,,,0,0,N,0.0,0.0,0.0,,,,,,,,35.95291,-86.81521,False,Crashes_2010_2019_MPO
102475666,2019-08-12,2019,,94.0,,,0,0,N,0.0,0.0,0.0,,,,,,,,35.97334,-86.83305,True,Crashes_2010_2019_MPO
102044831,2018-06-12,2018,,94.0,,,0,0,N,0.0,0.0,0.0,,,,,,,,35.966687,-86.809158,True,Crashes_2010_2019_MPO
100968264,2015-09-25,2015,,94.0,,,0,0,N,0.0,0.0,0.0,,,,,,,,35.9509,-86.80665,False,Crashes_2010_2019_MPO
100727987,2015-01-26,2015,,19.0,,,0,0,N,0.0,0.0,0.0,,,,,,,,36.03894,-86.7825,False,Crashes_2010_2019_MPO
100875536,2015-06-24,2015,,94.0,,,0,0,N,0.0,0.0,0.0,,,,,,,,36.01778,-86.78634,True,Crashes_2010_2019_MPO
101912756,2018-02-10,2018,,94.0,,,0,0,N,0.0,0.0,0.0,,,,,,,,36.02191,-86.72102,False,Crashes_2010_2019_MPO
101481887,2016-12-19,2016,,94.0,,,0,0,N,0.0,0.0,0.0,,,,,,,,35.96238,-86.80917,False,Crashes_2010_2019_MPO
100510629,2014-05-18,2014,,94.0,,,0,0,N,0.0,0.0,0.0,,,,,,,,35.96471,-86.80514,True,Crashes_2010_2019_MPO
101191638,2016-05-10,2016,,94.0,,,0,0,N,0.0,0.0,0.0,,,,,,,,35.94527,-86.81962,False,Crashes_2010_2019_MPO
101617591,2017-04-17,2017,,19.0,,,0,0,N,0.0,0.0,0.0,,,,,,,,36.04476,-86.7811,False,Crashes_2010_2019_MPO
101388042,2016-09-23,2016,,94.0,,,0,0,N,0.0,0.0,0.0,,,,,,,,35.92302,-86.8166,False,Crashes_2010_2019_MPO
101558123,2017-02-17,2017,,94.0,,,0,0,N,0.0,0.0,0.0,,,,,,,,35.99791,-86.79972,True,Crashes_2010_2019_MPO
100119609,2011-11-24,2011,,94.0,,,0,0,N,0.0,0.0,0.0,,,,,,,,35.97715,-86.87622,False,Crashes_2010_2019_MPO
100731307,2015-02-02,2015,,94.0,,,0,0,N,0.0,0.0,0.0,,,,,,,,35.95098,-86.81855,False,Crashes_2010_2019_MPO
101124283,2016-02-28,2016,,19.0,,,0,0,N,0.0,0.0,0.0,,,,,,,,36.03047,-86.74398,False,Crashes_2010_2019_MPO
100724415,2015-01-19,2015,,94.0,,,0,0,N,0.0,0.0,0.0,,,,,,,,35.94371,-86.82013,False,Crashes_2010_2019_MPO
100355088,2013-07-11,2013,,94.0,,,0,0,N,0.0,0.0,0.0,,,,,,,,35.92254,-86.87194,False,Crashes_2010_2019_MPO
101399192,2016-10-08,2016,,94.0,,,0,0,N,0.0,0.0,0.0,,,,,,,,35.98343,-86.80161,True,Crashes_2010_2019_MPO
101453721,2016-11-18,2016,,94.0,,,0,0,N,0.0,0.0,0.0,,,,,,,,35.92481,-86.86976,False,Crashes_2010_2019_MPO
100375285,2013-09-04,2013,,94.0,,,0,0,N,0.0,0.0,0.0,,,,,,,,35.9664,-86.80899,True,Crashes_2010_2019_MPO
101063215,2015-12-19,2015,,94.0,,,0,0,N,0.0,0.0,0.0,,,,,,,,35.96673,-86.80908,True,Crashes_2010_2019_MPO
102227375,2018-11-28,2018,,19.0,,,0,0,N,0.0,0.0,0.0,,,,,,,,36.04922,-86.86967,False,Crashes_2010_2019_MPO
100564458,2014-06-23,2014,,94.0,,,0,0,N,0.0,0.0,0.0,,,,,,,,35.9991,-86.70223,True,Crashes_2010_2019_MPO
100360176,2013-07-29,2013,,94.0,,,0,0,Y,0.0,0.0,1.0,,,,,,,,35.93188,-86.86131,False,Crashes_2010_2019_MPO
100401793,2013-11-06,2013,,94.0,,,0,0,N,0.0,0.0,0.0,,,,,,,,35.93042,-86.85696,False,Crashes_2010_2019_MPO
101096914,2016-01-30,2016,,94.0,,,0,0,N,0.0,0.0,0.0,,,,,,,,35.92999,-86.86435,False,Crashes_2010_2019_MPO
102149885,2018-09-14,2018,,94.0,,,0,0,N,0.0,0.0,0.0,,,,,,,,35.98055,-86.84715,False,Crashes_2010_2019_MPO
100240278,2012-10-19,2012,,94.0,,,0,0,Y,0.0,0.0,1.0,,,,,,,,35.96893,-86.77331,True,Crashes_2010_2019_MPO
101483849,2016-12-21,2016,,94.0,,,0,0,N,0.0,0.0,0.0,,,,,,,,35.95899,-86.81594,False,Crashes_2010_2019_MPO
100219496,2012-08-27,2012,,94.0,,,0,0,N,0.0,0.0,0.0,,,,,,,,36.02963,-86.86375,False,Crashes_2010_2019_MPO
102566906,2019-11-13,2019,,19.0,,,0,0,N,0.0,0.0,0.0,,,,,,,,36.01485,-86.70531,False,Crashes_2010_2019_MPO
102587200,2019-12-03,2019,,19.0,,,0,0,N,0.0,0.0,0.0,,,,,,,,36.0375,-86.78584,False,Crashes_2010_2019_MPO
102401733,2019-05-27,2019,,19.0,,,0,0,N,0.0,0.0,0.0,,,,,,,,36.03997,-86.75309,False,Crashes_2010_2019_MPO
102188591,2018-10-25,2018,,94.0,,,0,0,N,0.0,0.0,0.0,,,,,,,,36.01821,-86.7822,True,Crashes_2010_2019_MPO
101983342,2018-04-20,2018,,94.0,,,0,0,N,0.0,0.0,0.0,,,,,,,,35.96248,-86.81983,False,Crashes_2010_2019_MPO
101321544,2016-08-06,2016,,19.0,,,0,0,N,0.0,0.0,0.0,,,,,,,,36.03857,-86.71355,False,Crashes_2010_2019_MPO
100942812,2015-09-01,2015,,94.0,,,0,0,N,0.0,0.0,0.0,,,,,,,,35.94988,-86.75901,True,Crashes_2010_2019_MPO
100436683,2014-01-30,2014,,94.0,,,0,0,N,0.0,0.0,0.0,,,,,,,,35.94677,-86.85185,False,Crashes_2010_2019_MPO
102527271,2019-10-02,2019,,94.0,,,0,0,N,0.0,0.0,0.0,,,,,,,,35.94744,-86.86546,False,Crashes_2010_2019_MPO
101760197,2017-09-14,2017,,94.0,,,0,0,N,0.0,0.0,0.0,,,,,,,,35.92345,-86.82243,False,Crashes_2010_2019_MPO
101036887,2015-11-25,2015,,19.0,,,0,0,N,0.0,0.0,0.0,,,,,,,,36.04537,-86.71326,False,Crashes_2010_2019_MPO
101073595,2016-01-07,2016,,94.0,,,0,0,N,0.0,0.0,0.0,,,,,,,,35.94067,-86.83233,False,Crashes_2010_2019_MPO
102212999,2018-11-16,2018,,19.0,,,0,0,N,0.0,0.0,0.0,,,,,,,,36.04555,-86.71138,False,Crashes_2010_2019_MPO
100377860,2013-09-11,2013,,94.0,,,0,0,N,0.0,0.0,0.0,,,,,,,,35.94864,-86.81971,False,Crashes_2010_2019_MPO
102554955,2019-11-01,2019,,94.0,,,0,0,N,0.0,0.0,0.0,,,,,,,,35.95835,-86.73042,True,Crashes_2010_2019_MPO
102504828,2019-09-09,2019,,94.0,,,0,0,N,0.0,0.0,0.0,,,,,,,,35.94686,-86.81431,False,Crashes_2010_2019_MPO
100964114,2015-09-20,2015,,94.0,,,0,0,N,0.0,0.0,0.0,,,,,,,,35.93423,-86.81894,False,Crashes_2010_2019_MPO
101270440,2016-06-22,2016,,19.0,,,0,0,N,0.0,0.0,0.0,,,,,,,,36.0359,-86.8724,False,Crashes_2010_2019_MPO
101498116,2017-01-06,2017,,19.0,,,0,0,N,0.0,0.0,0.0,,,,,,,,36.04579,-86.71331,False,Crashes_2010_2019_MPO
102457119,2019-07-24,2019,,94.0,,,0,0,N,0.0,0.0,0.0,,,,,,,,35.95078,-86.80647,False,Crashes_2010_2019_MPO
101269983,2016-06-21,2016,,94.0,,,0,0,N,0.0,0.0,0.0,,,,,,,,36.033144,-86.78658,True,Crashes_2010_2019_MPO
100215759,2012-08-16,2012,,94.0,,,0,0,N,0.0,0.0,0.0,,,,,,,,35.92351,-86.76702,False,Crashes_2010_2019_MPO
100414100,2013-12-03,2013,,94.0,,,0,0,N,0.0,0.0,0.0,,,,,,,,35.98076,-86.67835,False,Crashes_2010_2019_MPO
102296611,2019-02-04,2019,,94.0,,,0,0,N,0.0,0.0,0.0,,,,,,,,35.98409,-86.72306,True,Crashes_2010_2019_MPO
100204235,2012-07-19,2012,,94.0,,,0,0,N,0.0,0.0,0.0,,,,,,,,35.9667,-86.81117,True,Crashes_2010_2019_MPO
102542512,2019-10-19,2019,,19.0,,,0,0,N,0.0,0.0,0.0,,,,,,,,36.0473,-86.86274,False,Crashes_2010_2019_MPO
102410838,2019-06-05,2019,,94.0,,,0,0,N,0.0,0.0,0.0,,,,,,,,35.9929,-86.79859,True,Crashes_2010_2019_MPO
101784836,2017-10-06,2017,,94.0,,,0,0,N,0.0,0.0,0.0,,,,,,,,35.99808,-86.80984,True,Crashes_2010_2019_MPO
102327600,2019-03-11,2019,,19.0,,,0,0,N,0.0,0.0,0.0,,,,,,,,36.04057,-86.77084,False,Crashes_2010_2019_MPO
101787949,2017-10-02,2017,,94.0,,,0,0,Y,0.0,0.0,1.0,,,,,,,,35.98635,-86.73664,True,Crashes_2010_2019_MPO
102373007,2019-04-26,2019,,19.0,,,0,0,N,0.0,0.0,0.0,,,,,,,,36.03922,-86.73586,False,Crashes_2010_2019_MPO
101165683,2016-04-16,2016,,94.0,,,0,0,N,0.0,0.0,0.0,,,,,,,,35.9655,-86.79936,True,Crashes_2010_2019_MPO
101077516,2016-01-14,2016,,19.0,,,0,0,N,0.0,0.0,0.0,,,,,,,,36.03973,-86.75653,False,Crashes_2010_2019_MPO
101391340,2016-09-28,2016,,94.0,,,0,0,N,0.0,0.0,0.0,,,,,,,,35.93014,-86.82012,False,Crashes_2010_2019_MPO
101941481,2018-03-12,2018,,94.0,,,0,0,N,0.0,0.0,0.0,,,,,,,,35.9325,-86.86247,False,Crashes_2010_2019_MPO
101725721,2017-08-09,2017,,94.0,,,0,0,N,0.0,0.0,0.0,,,,,,,,35.93557,-86.82364,False,Crashes_2010_2019_MPO
101719111,2017-08-02,2017,,94.0,,,0,0,N,0.0,0.0,0.0,,,,,,,,35.9918,-86.79898,True,Crashes_2010_2019_MPO