mstrrecnbr,collision_ts,year,county,countystat,crash,crash_type,fatalities,non_motorists,commercial,fatal_c,nonmotor_c,truck_c,fatalc,serious_injuries,ped,bike,lighting,weather,first_harmful_event,latitude,longitude,in_city,src_layer
100565794,2014-06-26,2014,,94.0,,,0,0,N,0.0,0.0,0.0,,,,,,,,35.94733,-86.81968,False,Crashes_2010_2019_MPO
102156270,2018-09-24,2018,,94.0,,,0,0,N,0.0,0.0,0.0,,,,,,,,35.99616,-86.78558,True,Crashes_2010_2019_MPO
100736719,2015-02-13,2015,,94.0,,,0,0,N,0.0,0.0,0.0,,,,,,,,35.93575,-86.83916,False,Crashes_2010_2019_MPO
101075115,2016-01-10,2016,,19.0,,,0,0,N,0.0,0.0,0.0,,,,,,,,36.04566,-86.7133,False,Crashes_2010_2019_MPO
102511011,2019-09-16,2019,,94.0,,,0,0,N,0.0,0.0,0.0,,,,,,,,35.92957,-86.84213,False,Crashes_2010_2019_MPO
100993787,2015-10-22,2015,,19.0,,,0,0,N,0.0,0.0,0.0,,,,,,,,36.04528,-86.71419,False,Crashes_2010_2019_MPO
100909841,2015-07-21,2015,,94.0,,,0,0,N,0.0,0.0,0.0,,,,,,,,35.99029,-86.74742,True,Crashes_2010_2019_MPO
101208591,2016-05-20,2016,,94.0,,,0,0,N,0.0,0.0,0.0,,,,,,,,36.037272,-86.8002,True,Crashes_2010_2019_MPO
100979134,2015-10-14,2015,,19.0,,,0,0,N,0.0,0.0,0.0,,,,,,,,36.03691,-86.78267,False,Crashes_2010_2019_MPO
100370885,2013-08-24,2013,,94.0,,,0,0,N,0.0,0.0,0.0,,,,,,,,35.94844,-86.82312,False,Crashes_2010_2019_MPO
100973673,2015-10-05,2015,,94.0,,,0,0,N,0.0,0.0,0.0,,,,,,,,36.01286,-86.80081,True,Crashes_2010_2019_MPO
102327459,2019-03-11,2019,,19.0,,,0,0,N,0.0,0.0,0.0,,,,,,,,36.04553,-86.71159,False,Crashes_2010_2019_MPO
101810067,2017-10-31,2017,,19.0,,,0,0,N,0.0,0.0,0.0,,,,,,,,36.03735,-86.78705,False,Crashes_2010_2019_MPO
100883999,2015-07-09,2015,,94.0,,,0,0,N,0.0,0.0,0.0,,,,,,,,35.93502,-86.86058,False,Crashes_2010_2019_MPO
101943367,2018-03-14,2018,,19.0,,,0,0,N,0.0,0.0,0.0,,,,,,,,36.01451,-86.69963,False,Crashes_2010_2019_MPO
100827975,2015-05-03,2015,,94.0,,,0,0,N,0.0,0.0,0.0,,,,,,,,35.9614,-86.81533,False,Crashes_2010_2019_MPO
101163028,2016-04-12,2016,,19.0,,,0,0,N,0.0,0.0,0.0,,,,,,,,36.04149,-86.71098,False,Crashes_2010_2019_MPO
101387500,2016-09-23,2016,,94.0,,,0,0,N,0.0,0.0,0.0,,,,,,,,36.03127,-86.78351,True,Crashes_2010_2019_MPO
101679273,2017-06-21,2017,,94.0,,,0,0,N,0.0,0.0,0.0,,,,,,,,36.01496,-86.78554,True,Crashes_2010_2019_MPO
101038646,2015-11-28,2015,,19.0,,,0,0,N,0.0,0.0,0.0,,,,,,,,36.0522,-86.74309,False,Crashes_2010_2019_MPO
100586695,2014-07-23,2014,,94.0,,,0,0,N,0.0,0.0,0.0,,,,,,,,35.95986,-86.8125,False,Crashes_2010_2019_MPO
102587189,2019-12-03,2019,,19.0,,,0,0,N,0.0,0.0,0.0,,,,,,,,36.03757,-86.78525,False,Crashes_2010_2019_MPO
101981067,2018-04-14,2018,,94.0,,,0,0,N,0.0,0.0,0.0,,,,,,,,35.97595,-86.69426,False,Crashes_2010_2019_MPO
102587772,2019-12-04,2019,,19.0,,,0,0,N,0.0,0.0,0.0,,,,,,,,36.0387,-86.7831,False,Crashes_2010_2019_MPO
102594971,2019-12-09,2019,,19.0,,,0,0,N,0.0,0.0,0.0,,,,,,,,36.0374,-86.78657,False,Crashes_2010_2019_MPO
100804617,2015-04-08,2015,,94.0,,,0,0,N,0.0,0.0,0.0,,,,,,,,35.93434,-86.81904,False,Crashes_2010_2019_MPO
101006795,2015-11-10,2015,,94.0,,,0,0,N,0.0,0.0,0.0,,,,,,,,35.94079,-86.83918,False,Crashes_2010_2019_MPO
101882389,2018-01-09,2018,,19.0,,,0,0,N,0.0,0.0,0.0,,,,,,,,36.03258,-86.76895,False,Crashes_2010_2019_MPO
100633806,2014-09-25,2014,,19.0,,,0,0,N,0.0,0.0,0.0,,,,,,,,36.04526,-86.71475,False,Crashes_2010_2019_MPO
101431458,2016-11-04,2016,,19.0,,,0,0,N,0.0,0.0,0.0,,,,,,,,36.04682,-86.71344,False,Crashes_2010_2019_MPO
101745278,2017-08-29,2017,,94.0,,,0,0,N,0.0,0.0,0.0,,,,,,,,35.96431,-86.8109,False,Crashes_2010_2019_MPO
101433467,2016-11-07,2016,,94.0,,,0,0,N,0.0,0.0,0.0,,,,,,,,35.95418,-86.80299,False,Crashes_2010_2019_MPO
100388933,2013-10-07,2013,,94.0,,,0,0,N,0.0,0.0,0.0,,,,,,,,35.94613,-86.82347,False,Crashes_2010_2019_MPO
101696368,2017-07-08,2017,,19.0,,,0,0,N,0.0,0.0,0.0,,,,,,,,36.04424,-86.71313,False,Crashes_2010_2019_MPO
101551916,2017-02-11,2017,,19.0,,,0,0,N,0.0,0.0,0.0,,,,,,,,36.04586,-86.71332,False,Crashes_2010_2019_MPO
101641286,2017-05-11,2017,,94.0,,,0,0,N,0.0,0.0,0.0,,,,,,,,35.99743,-86.795496,True,Crashes_2010_2019_MPO
101469118,2016-12-06,2016,,94.0,,,0,0,N,0.0,0.0,0.0,,,,,,,,35.93488,-86.77717,False,Crashes_2010_2019_MPO
101207881,2016-05-18,2016,,94.0,,,0,0,N,0.0,0.0,0.0,,,,,,,,35.92537,-86.87293,False,Crashes_2010_2019_MPO
101041472,2015-12-02,2015,,94.0,,,0,0,N,0.0,0.0,0.0,,,,,,,,35.95337,-86.82242,False,Crashes_2010_2019_MPO
102288226,2019-01-26,2019,,94.0,,,0,0,N,0.0,0.0,0.0,,,,,,,,35.95078,-86.80647,False,Crashes_2010_2019_MPO
101914572,2018-02-11,2018,,94.0,,,0,0,N,0.0,0.0,0.0,,,,,,,,35.95175,-86.80578,False,Crashes_2010_2019_MPO
102080488,2018-07-20,2018,,19.0,,,0,0,N,0.0,0.0,0.0,,,,,,,,36.03203,-86.75664,False,Crashes_2010_2019_MPO
102333554,2019-03-17,2019,,94.0,,,0,0,N,0.0,0.0,0.0,,,,,,,,35.96651,-86.81127,True,Crashes_2010_2019_MPO
100462954,2014-03-06,2014,,94.0,,,0,0,N,0.0,0.0,0.0,,,,,,,,35.92435,-86.87294,False,Crashes_2010_2019_MPO
100848749,2015-05-22,2015,,19.0,,,0,0,N,0.0,0.0,0.0,,,,,,,,36.05384,-86.77516,False,Crashes_2010_2019_MPO
101915304,2018-02-13,2018,,19.0,,,0,0,N,0.0,0.0,0.0,,,,,,,,36.00092,-86.69514,False,Crashes_2010_2019_MPO
102457629,2019-07-25,2019,,19.0,,,0,0,N,0.0,0.0,0.0,,,,,,,,36.04084,-86.77347,False,Crashes_2010_2019_MPO
100703074,2014-12-07,2014,,94.0,,,0,0,N,0.0,0.0,0.0,,,,,,,,35.98623,-86.77802,True,Crashes_2010_2019_MPO
100737273,2015-02-13,2015,,19.0,,,0,0,N,0.0,0.0,0.0,,,,,,,,36.03886,-86.70623,False,Crashes_2010_2019_MPO
101625137,2017-04-25,2017,,19.0,,,0,0,N,0.0,0.0,0.0,,,,,,,,36.04806,-86.71358,False,Crashes_2010_2019_MPO
100996810,2015-10-26,2015,,94.0,,,0,0,N,0.0,0.0,0.0,,,,,,,,35.93513,-86.82208,False,Crashes_2010_2019_MPO
101756180,2017-09-08,2017,,94.0,,,0,0,N,0.0,0.0,0.0,,,,,,,,35.99758,-86.79681,True,Crashes_2010_2019_MPO
101275394,2016-06-29,2016,,19.0,,,0,0,N,0.0,0.0,0.0,,,,,,,,36.04392,-86.7131,False,Crashes_2010_2019_MPO
100297597,2013-02-27,2013,,94.0,,,0,0,N,0.0,0.0,0.0,,,,,,,,35.92955,-86.84264,False,Crashes_2010_2019_MPO
100543599,2014-05-27,2014,,94.0,,,0,0,N,0.0,0.0,0.0,,,,,,,,35.97781,-86.80357,True,Crashes_2010_2019_MPO
100732819,2015-02-05,2015,,19.0,,,0,0,N,0.0,0.0,0.0,,,,,,,,36.03319,-86.77583,False,Crashes_2010_2019_MPO
102399874,2019-05-25,2019,,19.0,,,0,0,N,0.0,0.0,0.0,,,,,,,,36.04548,-86.70444,False,Crashes_2010_2019_MPO
100971140,2015-10-01,2015,,19.0,,,0,0,N,0.0,0.0,0.0,,,,,,,,36.03797,-86.79777,False,Crashes_2010_2019_MPO
101587501,2017-03-19,2017,,19.0,,,0,0,N,0.0,0.0,0.0,,,,,,,,36.04537,-86.71326,False,Crashes_2010_2019_MPO
101872551,2017-12-28,2017,,94.0,,,0,0,N,0.0,0.0,0.0,,,,,,,,36.03551,-86.78748,True,Crashes_2010_2019_MPO
101865412,2017-12-21,2017,,94.0,,,0,0,N,0.0,0.0,0.0,,,,,,,,35.94717,-86.85145,False,Crashes_2010_2019_MPO
101233627,2016-05-27,2016,,94.0,,,0,0,N,0.0,0.0,0.0,,,,,,,,36.031738,-86.789583,True,Crashes_2010_2019_MPO
101093148,2016-01-24,2016,,19.0,,,0,0,N,0.0,0.0,0.0,,,,,,,,36.04542,-86.71317,False,Crashes_2010_2019_MPO
100946216,2015-09-07,2015,,19.0,,,0,0,N,0.0,0.0,0.0,,,,,,,,36.0459,-86.71254,False,Crashes_2010_2019_MPO
101923422,2018-02-22,2018,,94.0,,,0,0,N,0.0,0.0,0.0,,,,,,,,35.96518,-86.80029,True,Crashes_2010_2019_MPO
101273925,2016-06-27,2016,,19.0,,,0,0,N,0.0,0.0,0.0,,,,,,,,36.05135,-86.71431,False,Crashes_2010_2019_MPO
101274559,2016-06-28,2016,,19.0,,,0,0,N,0.0,0.0,0.0,,,,,,,,36.04101,-86.78265,False,Crashes_2010_2019_MPO
101896129,2018-01-25,2018,,19.0,,,0,1,N,0.0,1.0,0.0,,,,,,,,36.04536,-86.71784,False,Crashes_2010_2019_MPO
101781196,2017-10-04,2017,,19.0,,,0,0,N,0.0,0.0,0.0,,,,,,,,36.01175,-86.70316,False,Crashes_2010_2019_MPO
101679079,2017-06-20,2017,,19.0,,,0,0,N,0.0,0.0,0.0,,,,,,,,36.04696,-86.86303,False,Crashes_2010_2019_MPO
101278275,2016-07-03,2016,,19.0,,,0,0,N,0.0,0.0,0.0,,,,,,,,36.04543,-86.70361,False,Crashes_2010_2019_MPO
101430696,2016-11-01,2016,,94.0,,,0,0,N,0.0,0.0,0.0,,,,,,,,35.9241,-86.79858,False,Crashes_2010_2019_MPO
100458334,2014-02-28,2014,,94.0,,,0,0,N,0.0,0.0,0.0,,,,,,,,35.92818,-86.84217,False,Crashes_2010_2019_MPO
100235991,2012-10-08,2012,,94.0,,,0,0,N,0.0,0.0,0.0,,,,,,,,36.03429,-86.80194,True,Crashes_2010_2019_MPO
101718645,2017-08-02,2017,,19.0,,,0,0,N,0.0,0.0,0.0,,,,,,,,36.05252,-86.68462,False,Crashes_2010_2019_MPO
102426792,2019-06-23,2019,,94.0,,,0,0,N,0.0,0.0,0.0,,,,,,,,36.00815,-86.78034,True,Crashes_2010_2019_MPO
101477450,2016-12-15,2016,,94.0,,,0,0,N,0.0,0.0,0.0,,,,,,,,36.01546,-86.78568,True,Crashes_2010_2019_MPO
101576153,2017-03-07,2017,,94.0,,,0,0,N,0.0,0.0,0.0,,,,,,,,35.92641,-86.82447,False,Crashes_2010_2019_MPO
100701904,2014-12-05,2014,,94.0,,,0,0,N,0.0,0.0,0.0,,,,,,,,35.99133,-86.75239,True,Crashes_2010_2019_MPO
100662110,2014-10-30,2014,,94.0,,,0,0,N,0.0,0.0,0.0,,,,,,,,35.96719,-86.67697,False,Crashes_2010_2019_MPO
102570439,2019-11-16,2019,,19.0,,,0,0,N,0.0,0.0,0.0,,,,,,,,36.04541,-86.7128,False,Crashes_2010_2019_MPO
101962857,2018-03-31,2018,,19.0,,,0,0,N,0.0,0.0,0.0,,,,,,,,36.04551,-86.70478,False,Crashes_2010_2019_MPO
101288414,2016-07-18,2016,,94.0,,,0,0,N,0.0,0.0,0.0,,,,,,,,35.93541,-86.82372,False,Crashes_2010_2019_MPO
102111998,2018-08-16,2018,,94.0,,,0,0,N,0.0,0.0,0.0,,,,,,,,36.01755,-86.74135,False,Crashes_2010_2019_MPO
101479602,2016-12-17,2016,,19.0,,,0,0,N,0.0,0.0,0.0,,,,,,,,36.04573,-86.70823,False,Crashes_2010_2019_MPO
102062051,2018-07-03,2018,,94.0,,,0,0,N,0.0,0.0,0.0,,,,,,,,36.0165,-86.78184,True,Crashes_2010_2019_MPO
101502477,2017-01-12,2017,,94.0,,,0,0,N,0.0,0.0,0.0,,,,,,,,35.94884,-86.74493,True,Crashes_2010_2019_MPO
101077626,2016-01-15,2016,,19.0,,,0,0,N,0.0,0.0,0.0,,,,,,,,36.04093,-86.78254,False,Crashes_2010_2019_MPO
100612511,2014-08-30,2014,,94.0,,,0,0,N,0.0,0.0,0.0,,,,,,,,35.9262,-86.72694,False,Crashes_2010_2019_MPO
100414104,2013-12-03,2013,,94.0,,,0,0,N,0.0,0.0,0.0,,,,,,,,35.94761,-86.81992,False,Crashes_2010_2019_MPO
101064616,2015-12-22,2015,,94.0,,,0,0,N,0.0,0.0,0.0,,,,,,,,35.94435,-86.81988,False,Crashes_2010_2019_MPO
100184310,2012-05-24,2012,,94.0,,,0,0,Y,0.0,0.0,1.0,,,,,,,,35.95823,-86.7695,True,Crashes_2010_2019_MPO
101010677,2015-11-16,2015,,94.0,,,0,0,N,0.0,0.0,0.0,,,,,,,,35.94612,-86.82346,False,Crashes_2010_2019_MPO
102272313,2019-01-10,2019,,94.0,,,0,0,N,0.0,0.0,0.0,,,,,,,,36.00689,-86.78802,True,Crashes_2010_2019_MPO
102503673,2019-09-06,2019,,94.0,,,0,0,N,0.0,0.0,0.0,,,,,,,,35.94843,-86.68406,False,Crashes_2010_2019_MPO
102066240,2018-07-06,2018,,19.0,,,0,0,N,0.0,0.0,0.0,,,,,,,,36.05233,-86.68194,False,Crashes_2010_2019_MPO
100268681,2012-12-19,2012,,94.0,,,0,0,N,0.0,0.0,0.0,,,,,,,,35.96985,-86.72353,True,Crashes_2010_2019_MPO
101421285,2016-10-23,2016,,19.0,,,0,0,N,0.0,0.0,0.0,,,,,,,,36.04193,-86.86662,True,Crashes_2010_2019_MPO
101932570,2018-03-03,2018,,19.0,,,0,0,N,0.0,0.0,0.0,,,,,,,,36.05366,-86.71502,False,Crashes_2010_2019_MPO
102216363,2018-11-19,2018,,94.0,,,0,0,N,0.0,0.0,0.0,,,,,,,,35.94611,-86.83069,False,Crashes_2010_2019_MPO
100378031,2013-09-11,2013,,94.0,,,0,0,N,0.0,0.0,0.0,,,,,,,,35.96708,-86.81356,True,Crashes_2010_2019_MPO
100550082,2014-06-12,2014,,94.0,,,0,0,N,0.0,0.0,0.0,,,,,,,,35.94461,-86.80198,False,Crashes_2010_2019_MPO
102247481,2018-12-15,2018,,94.0,,,0,0,N,0.0,0.0,0.0,,,,,,,,35.92957,-86.84187,False,Crashes_2010_2019_MPO
102240196,2018-12-08,2018,,94.0,,,0,0,N,0.0,0.0,0.0,,,,,,,,35.92738,-86.8687,False,Crashes_2010_2019_MPO
100455515,2014-02-21,2014,,94.0,,,0,0,N,0.0,0.0,0.0,,,,,,,,35.93725,-86.78603,False,Crashes_2010_2019_MPO
100796759,2015-03-24,2015,,94.0,,,0,0,N,0.0,0.0,0.0,,,,,,,,35.97044,-86.7738,True,Crashes_2010_2019_MPO
102390580,2019-05-16,2019,,94.0,,,0,0,N,0.0,0.0,0.0,,,,,,,,35.93374,-86.81767,False,Crashes_2010_2019_MPO
101942981,2018-03-09,2018,,94.0,,,0,0,N,0.0,0.0,0.0,,,,,,,,35.99432,-86.79785,True,Crashes_2010_2019_MPO
100546194,2014-06-01,2014,,94.0,,,0,0,N,0.0,0.0,0.0,,,,,,,,35.94761,-86.81992,False,Crashes_2010_2019_MPO
102120925,2018-08-24,2018,,94.0,,,0,0,N,0.0,0.0,0.0,,,,,,,,36.02379,-86.78616,True,Crashes_2010_2019_MPO
100727300,2015-01-20,2015,,19.0,,,0,0,N,0.0,0.0,0.0,,,,,,,,36.0402,-86.74478,False,Crashes_2010_2019_MPO
101939993,2018-03-08,2018,,94.0,,,0,0,N,0.0,0.0,0.0,,,,,,,,35.9928,-86.78737,True,Crashes_2010_2019_MPO
102075871,2018-07-15,2018,,19.0,,,0,0,N,0.0,0.0,0.0,,,,,,,,36.02547,-86.71305,False,Crashes_2010_2019_MPO
101998475,2018-05-03,2018,,19.0,,,0,0,N,0.0,0.0,0.0,,,,,,,,35.99806,-86.69154,False,Crashes_2010_2019_MPO
102214041,2018-11-17,2018,,94.0,,,0,0,N,0.0,0.0,0.0,,,,,,,,35.99038,-86.74815,True,Crashes_2010_2019_MPO
102328762,2019-03-12,2019,,19.0,,,0,0,N,0.0,0.0,0.0,,,,,,,,36.04537,-86.71326,False,Crashes_2010_2019_MPO
101196035,2016-05-16,2016,,19.0,,,0,0,N,0.0,0.0,0.0,,,,,,,,36.03751,-86.79161,False,Crashes_2010_2019_MPO
102444583,2019-07-11,2019,,94.0,,,0,0,N,0.0,0.0,0.0,,,,,,,,35.948,-86.81382,False,Crashes_2010_2019_MPO
100415070,2013-12-05,2013,,94.0,,,0,0,N,0.0,0.0,0.0,,,,,,,,36.01274,-86.78491,True,Crashes_2010_2019_MPO
100924401,2015-08-17,2015,,19.0,,,0,0,N,0.0,0.0,0.0,,,,,,,,36.04134,-86.78249,False,Crashes_2010_2019_MPO
102527989,2019-10-02,2019,,94.0,,,0,0,N,0.0,0.0,0.0,,,,,,,,35.991,-86.68332,False,Crashes_2010_2019_MPO
100636622,2014-10-01,2014,,94.0,,,0,0,N,0.0,0.0,0.0,,,,,,,,35.9379,-86.82191,False,Crashes_2010_2019_MPO
101075707,2016-01-09,2016,,94.0,,,0,0,N,0.0,0.0,0.0,,,,,,,,35.9264,-86.76721,False,Crashes_2010_2019_MPO
101431546,2016-11-04,2016,,94.0,,,0,0,N,0.0,0.0,0.0,,,,,,,,35.93721,-86.859,False,Crashes_2010_2019_MPO
102540419,2019-10-17,2019,,19.0,,,0,0,N,0.0,0.0,0.0,,,,,,,,36.04479,-86.72487,False,Crashes_2010_2019_MPO
101701965,2017-07-15,2017,,94.0,,,0,0,N,0.0,0.0,0.0,,,,,,,,35.97037,-86.80639,True,Crashes_2010_2019_MPO
101844450,2017-11-30,2017,,94.0,,,0,0,N,0.0,0.0,0.0,,,,,,,,35.95041,-86.84884,False,Crashes_2010_2019_MPO
102048136,2018-06-19,2018,,94.0,,,0,0,N,0.0,0.0,0.0,,,,,,,,35.97607,-86.8292,True,Crashes_2010_2019_MPO
101856215,2017-12-11,2017,,94.0,,,0,0,N,0.0,0.0,0.0,,,,,,,,35.93609,-86.82661,False,Crashes_2010_2019_MPO
102130580,2018-08-31,2018,,94.0,,,0,0,N,0.0,0.0,0.0,,,,,,,,35.96606,-86.80409,True,Crashes_2010_2019_MPO
101732592,2017-08-15,2017,,94.0,,,0,0,N,0.0,0.0,0.0,,,,,,,,35.94891,-86.83161,False,Crashes_2010_2019_MPO
102139594,2018-09-09,2018,,94.0,,,0,0,N,0.0,0.0,0.0,,,,,,,,36.02977,-86.78935,True,Crashes_2010_2019_MPO
101969688,2018-04-07,2018,,94.0,,,0,0,N,0.0,0.0,0.0,,,,,,,,35.97341,-86.83325,True,Crashes_2010_2019_MPO
100329156,2013-05-15,2013,,94.0,,,0,0,N,0.0,0.0,0.0,,,,,,,,36.02907,-86.8764,False,Crashes_2010_2019_MPO
101713432,2017-07-27,2017,,19.0,,,0,0,N,0.0,0.0,0.0,,,,,,,,36.04245,-86.71294,False,Crashes_2010_2019_MPO
102177182,2018-10-13,2018,,19.0,,,0,0,N,0.0,0.0,0.0,,,,,,,,36.03969,-86.78157,False,Crashes_2010_2019_MPO
101424104,2016-10-26,2016,,94.0,,,0,0,N,0.0,0.0,0.0,,,,,,,,35.93282,-86.87738,False,Crashes_2010_2019_MPO
102254420,2018-12-21,2018,,94.0,,,0,0,N,0.0,0.0,0.0,,,,,,,,35.9977,-86.79788,True,Crashes_2010_2019_MPO
100342095,2013-06-14,2013,,94.0,,,0,0,N,0.0,0.0,0.0,,,,,,,,35.94673,-86.85172,False,Crashes_2010_2019_MPO
101178440,2016-04-21,2016,,94.0,,,0,0,N,0.0,0.0,0.0,,,,,,,,35.9583,-86.8023,False,Crashes_2010_2019_MPO
101466711,2016-12-03,2016,,94.0,,,0,0,N,0.0,0.0,0.0,,,,,,,,35.94718,-86.85483,False,Crashes_2010_2019_MPO
101767423,2017-09-21,2017,,94.0,,,0,0,N,0.0,0.0,0.0,,,,,,,,35.96774,-86.80804,True,Crashes_2010_2019_MPO
101965982,2018-04-03,2018,,94.0,,,0,0,N,0.0,0.0,0.0,,,,,,,,36.03522,-86.78691,True,Crashes_2010_2019_MPO
101048193,2015-12-12,2015,,94.0,,,0,0,N,0.0,0.0,0.0,,,,,,,,35.96494,-86.81426,False,Crashes_2010_2019_MPO
100704095,2014-12-09,2014,,94.0,,,0,0,N,0.0,0.0,0.0,,,,,,,,35.94812,-86.85061,False,Crashes_2010_2019_MPO
100467308,2014-03-22,2014,,94.0,,,0,0,N,0.0,0.0,0.0,,,,,,,,35.94188,-86.82239,False,Crashes_2010_2019_MPO
101981853,2018-04-18,2018,,19.0,,,0,0,N,0.0,0.0,0.0,,,,,,,,35.99483,-86.68705,False,Crashes_2010_2019_MPO
101547858,2017-02-08,2017,,19.0,,,0,0,N,0.0,0.0,0.0,,,,,,,,36.03649,-86.79084,True,Crashes_2010_2019_MPO
102245829,2018-12-14,2018,,94.0,,,0,0,N,0.0,0.0,0.0,,,,,,,,35.99411,-86.76348,True,Crashes_2010_2019_MPO
100551124,2014-06-14,2014,,94.0,,,0,0,N,0.0,0.0,0.0,,,,,,,,35.93502,-86.82172,False,Crashes_2010_2019_MPO
102176797,2018-10-13,2018,,19.0,,,0,0,N,0.0,0.0,0.0,,,,,,,,35.99597,-86.68858,False,Crashes_2010_2019_MPO
100593454,2014-08-09,2014,,94.0,,,0,0,N,0.0,0.0,0.0,,,,,,,,35.92547,-86.87275,False,Crashes_2010_2019_MPO
101167583,2016-04-19,2016,,19.0,,,0,0,N,0.0,0.0,0.0,,,,,,,,36.05151,-86.71436,False,Crashes_2010_2019_MPO
101277143,2016-07-01,2016,,94.0,,,0,0,N,0.0,0.0,0.0,,,,,,,,35.97125,-86.83489,False,Crashes_2010_2019_MPO
100732013,2015-02-04,2015,,94.0,,,0,0,N,0.0,0.0,0.0,,,,,,,,35.94021,-86.6777,False,Crashes_2010_2019_MPO
100828411,2015-05-04,2015,,94.0,,,0,0,N,0.0,0.0,0.0,,,,,,,,35.96382,-86.80841,False,Crashes_2010_2019_MPO
100610863,2014-08-26,2014,,94.0,,,0,1,N,0.0,1.0,0.0,,,,,,,,35.9771,-86.79982,True,Crashes_2010_2019_MPO
100274711,2013-01-03,2013,,94.0,,,0,0,N,0.0,0.0,0.0,,,,,,,,35.95204,-86.81806,False,Crashes_2010_2019_MPO
102259790,2018-12-28,2018,,19.0,,,0,0,N,0.0,0.0,0.0,,,,,,,,36.05451,-86.71529,False,Crashes_2010_2019_MPO
102534087,2019-10-10,2019,,94.0,,,0,0,N,0.0,0.0,0.0,,,,,,,,35.94708,-86.86772,False,Crashes_2010_2019_MPO
100849768,2015-05-24,2015,,94.0,,,0,0,N,0.0,0.0,0.0,,,,,,,,35.92295,-86.87092,False,Crashes_2010_2019_MPO
101909041,2018-02-06,2018,,94.0,,,0,0,N,0.0,0.0,0.0,,,,,,,,35.94875,-86.74734,True,Crashes_2010_2019_MPO
101079418,2016-01-18,2016,,94.0,,,0,0,N,0.0,0.0,0.0,,,,,,,,35.96879,-86.85939,False,Crashes_2010_2019_MPO
102554532,2019-10-31,2019,,94.0,,,0,0,N,0.0,0.0,0.0,,,,,,,,35.93446,-86.81991,False,Crashes_2010_2019_MPO
101670390,2017-06-09,2017,,94.0,,,0,0,N,0.0,0.0,0.0,,,,,,,,35.95931,-86.82401,False,Crashes_2010_2019_MPO
100509777,2014-05-16,2014,,94.0,,,0,0,N,0.0,0.0,0.0,,,,,,,,36.01639,-86.78595,True,Crashes_2010_2019_MPO
102322740,2019-03-06,2019,,94.0,,,0,0,N,0.0,0.0,0.0,,,,,,,,35.93503,-86.86058,False,Crashes_2010_2019_MPO
100883353,2015-07-08,2015,,94.0,,,0,0,N,0.0,0.0,0.0,,,,,,,,35.95227,-86.81914,False,Crashes_2010_2019_MPO
102322755,2019-03-05,2019,,94.0,,,0,0,N,0.0,0.0,0.0,,,,,,,,35.94329,-86.80957,False,Crashes_2010_2019_MPO
102269748,2019-01-07,2019,,94.0,,,0,0,N,0.0,0.0,0.0,,,,,,,,35.9865,-86.8008,True,Crashes_2010_2019_MPO
102431112,2019-06-28,2019,,19.0,,,0,0,N,0.0,0.0,0.0,,,,,,,,36.04168,-86.74801,False,Crashes_2010_2019_MPO
100950624,2015-09-12,2015,,94.0,,,0,0,N,0.0,0.0,0.0,,,,,,,,35.94688,-86.85233,False,Crashes_2010_2019_MPO
101300697,2016-07-21,2016,,94.0,,,0,0,N,0.0,0.0,0.0,,,,,,,,36.03414,-86.78827,True,Crashes_2010_2019_MPO
101784065,2017-10-06,2017,,94.0,,,0,0,N,0.0,0.0,0.0,,,,,,,,35.99438,-86.77869,True,Crashes_2010_2019_MPO
101351890,2016-09-02,2016,,94.0,,,0,0,N,0.0,0.0,0.0,,,,,,,,35.96656,-86.80931,True,Crashes_2010_2019_MPO
101622714,2017-04-21,2017,,94.0,,,0,0,N,0.0,0.0,0.0,,,,,,,,35.92844,-86.83378,False,Crashes_2010_2019_MPO
100728852,2015-01-28,2015,,94.0,,,0,0,N,0.0,0.0,0.0,,,,,,,,35.94678,-86.80865,False,Crashes_2010_2019_MPO
101009009,2015-11-13,2015,,19.0,,,0,0,N,0.0,0.0,0.0,,,,,,,,36.03978,-86.74033,False,Crashes_2010_2019_MPO
101426647,2016-10-30,2016,,94.0,,,0,0,N,0.0,0.0,0.0,,,,,,,,35.97562,-86.80432,True,Crashes_2010_2019_MPO
102172345,2018-10-09,2018,,94.0,,,0,0,N,0.0,0.0,0.0,,,,,,,,35.92678,-86.8768,False,Crashes_2010_2019_MPO
102021808,2018-05-25,2018,,94.0,,,0,0,N,0.0,0.0,0.0,,,,,,,,36.03404,-86.78833,True,Crashes_2010_2019_MPO
101365926,2016-09-21,2016,,94.0,,,0,0,N,0.0,0.0,0.0,,,,,,,,35.94696,-86.81428,False,Crashes_2010_2019_MPO
101588591,2017-03-20,2017,,19.0,,,0,0,N,0.0,0.0,0.0,,,,,,,,36.04001,-86.74347,False,Crashes_2010_2019_MPO
101428461,2016-10-26,2016,,19.0,,,0,0,N,0.0,0.0,0.0,,,,,,,,36.03009,-86.83102,True,Crashes_2010_2019_MPO
101780079,2017-09-29,2017,,94.0,,,0,0,N,0.0,0.0,0.0,,,,,,,,35.92409,-86.8694,False,Crashes_2010_2019_MPO
100679305,2014-11-12,2014,,94.0,,,0,0,N,0.0,0.0,0.0,,,,,,,,35.93461,-86.82012,False,Crashes_2010_2019_MPO
100730215,2015-01-31,2015,,19.0,,,0,0,N,0.0,0.0,0.0,,,,,,,,36.04085,-86.71273,False,Crashes_2010_2019_MPO
100756202,2015-03-03,2015,,19.0,,,0,0,N,0.0,0.0,0.0,,,,,,,,36.04542,-86.71317,False,Crashes_2010_2019_MPO
101355205,2016-09-06,2016,,94.0,,,0,0,N,0.0,0.0,0.0,,,,,,,,35.94612,-86.82346,False,Crashes_2010_2019_MPO
100730219,2015-01-28,2015,,94.0,,,0,0,N,0.0,0.0,0.0,,,,,,,,35.98555,-86.73238,True,Crashes_2010_2019_MPO
101922845,2018-02-21,2018,,19.0,,,0,0,N,0.0,0.0,0.0,,,,,,,,36.04273,-86.82829,False,Crashes_2010_2019_MPO