mstrrecnbr,collision_ts,year,county,countystat,crash,crash_type,fatalities,non_motorists,commercial,fatal_c,nonmotor_c,truck_c,fatalc,serious_injuries,ped,bike,lighting,weather,first_harmful_event,latitude,longitude,in_city,src_layer
101554385,2017-02-14,2017,,19.0,,,0,0,N,0.0,0.0,0.0,,,,,,,,36.0522,-86.74309,False,Crashes_2010_2019_MPO
102271233,2019-01-09,2019,,19.0,,,0,0,N,0.0,0.0,0.0,,,,,,,,36.0374,-86.78657,False,Crashes_2010_2019_MPO
101632797,2017-04-30,2017,,19.0,,,0,0,Y,0.0,0.0,1.0,,,,,,,,36.03758,-86.78511,False,Crashes_2010_2019_MPO
102463680,2019-07-31,2019,,19.0,,,0,0,N,0.0,0.0,0.0,,,,,,,,36.04551,-86.71175,False,Crashes_2010_2019_MPO
100275576,2013-01-05,2013,,94.0,,,0,0,N,0.0,0.0,0.0,,,,,,,,35.95234,-86.81799,False,Crashes_2010_2019_MPO
100998087,2015-10-10,2015,,19.0,,,1,0,N,1.0,0.0,0.0,,,,,,,,36.04517,-86.7797,False,Crashes_2010_2019_MPO
100721030,2015-01-12,2015,,94.0,,,0,0,N,0.0,0.0,0.0,,,,,,,,35.93135,-86.79275,False,Crashes_2010_2019_MPO
101464091,2016-11-30,2016,,19.0,,,0,0,N,0.0,0.0,0.0,,,,,,,,36.02289,-86.68051,False,Crashes_2010_2019_MPO
101360199,2016-09-13,2016,,94.0,,,0,0,N,0.0,0.0,0.0,,,,,,,,35.93707,-86.69245,False,Crashes_2010_2019_MPO
102414273,2019-06-09,2019,,19.0,,,0,0,N,0.0,0.0,0.0,,,,,,,,36.03745,-86.79081,False,Crashes_2010_2019_MPO
102476682,2019-08-13,2019,,94.0,,,0,0,N,0.0,0.0,0.0,,,,,,,,35.99053,-86.79917,True,Crashes_2010_2019_MPO
100398452,2013-10-31,2013,,94.0,,,0,0,N,0.0,0.0,0.0,,,,,,,,35.95084,-86.81864,False,Crashes_2010_2019_MPO
100821132,2015-04-20,2015,,94.0,,,0,0,N,0.0,0.0,0.0,,,,,,,,35.92925,-86.82442,False,Crashes_2010_2019_MPO
102591652,2019-12-08,2019,,94.0,,,0,0,N,0.0,0.0,0.0,,,,,,,,36.02297,-86.71761,False,Crashes_2010_2019_MPO
101547002,2017-02-07,2017,,94.0,,,0,0,N,0.0,0.0,0.0,,,,,,,,35.99156,-86.79881,True,Crashes_2010_2019_MPO
102359664,2019-04-13,2019,,19.0,,,0,0,N,0.0,0.0,0.0,,,,,,,,35.99934,-86.68871,False,Crashes_2010_2019_MPO
101798262,2017-10-20,2017,,94.0,,,0,0,N,0.0,0.0,0.0,,,,,,,,36.00596,-86.7893,True,Crashes_2010_2019_MPO
101064649,2015-12-17,2015,,94.0,,,0,0,N,0.0,0.0,0.0,,,,,,,,35.97638,-86.80431,True,Crashes_2010_2019_MPO
101578598,2017-03-10,2017,,94.0,,,0,0,N,0.0,0.0,0.0,,,,,,,,35.95191,-86.74092,True,Crashes_2010_2019_MPO
100800595,2015-03-31,2015,,94.0,,,0,0,N,0.0,0.0,0.0,,,,,,,,35.95726,-86.81661,False,Crashes_2010_2019_MPO
101617958,2017-04-17,2017,,94.0,,,0,0,N,0.0,0.0,0.0,,,,,,,,35.97765,-86.77678,True,Crashes_2010_2019_MPO
101061030,2015-12-16,2015,,19.0,,,0,0,N,0.0,0.0,0.0,,,,,,,,36.04542,-86.71835,False,Crashes_2010_2019_MPO
101504087,2017-01-13,2017,,19.0,,,0,0,N,0.0,0.0,0.0,,,,,,,,36.0375,-86.78584,False,Crashes_2010_2019_MPO
101751788,2017-09-05,2017,,94.0,,,0,0,N,0.0,0.0,0.0,,,,,,,,35.92553,-86.86825,False,Crashes_2010_2019_MPO
100951800,2015-09-16,2015,,94.0,,,0,0,N,0.0,0.0,0.0,,,,,,,,35.95261,-86.84709,False,Crashes_2010_2019_MPO
100573305,2014-07-15,2014,,94.0,,,0,0,N,0.0,0.0,0.0,,,,,,,,35.97167,-86.75231,True,Crashes_2010_2019_MPO
101895857,2018-01-24,2018,,94.0,,,0,0,N,0.0,0.0,0.0,,,,,,,,35.92927,-86.83979,False,Crashes_2010_2019_MPO
102185231,2018-10-21,2018,,94.0,,,0,0,N,0.0,0.0,0.0,,,,,,,,35.97727,-86.72554,True,Crashes_2010_2019_MPO
100886324,2015-07-14,2015,,19.0,,,0,0,N,0.0,0.0,0.0,,,,,,,,36.03935,-86.78565,False,Crashes_2010_2019_MPO
101331587,2016-08-19,2016,,19.0,,,0,0,N,0.0,0.0,0.0,,,,,,,,36.0344,-86.74356,False,Crashes_2010_2019_MPO
101879311,2018-01-06,2018,,19.0,,,0,0,N,0.0,0.0,0.0,,,,,,,,36.04303,-86.78191,False,Crashes_2010_2019_MPO
101547973,2017-02-08,2017,,19.0,,,0,0,N,0.0,0.0,0.0,,,,,,,,36.04263,-86.70052,False,Crashes_2010_2019_MPO
101132549,2016-03-12,2016,,94.0,,,0,0,N,0.0,0.0,0.0,,,,,,,,35.92949,-86.84188,False,Crashes_2010_2019_MPO
101395887,2016-10-04,2016,,19.0,,,0,0,N,0.0,0.0,0.0,,,,,,,,36.01566,-86.70325,False,Crashes_2010_2019_MPO
101092089,2016-01-22,2016,,94.0,,,0,0,N,0.0,0.0,0.0,,,,,,,,35.92769,-86.71762,False,Crashes_2010_2019_MPO
101706102,2017-07-20,2017,,19.0,,,0,0,Y,0.0,0.0,1.0,,,,,,,,36.04587,-86.77796,False,Crashes_2010_2019_MPO
101684723,2017-06-27,2017,,94.0,,,0,0,N,0.0,0.0,0.0,,,,,,,,35.93585,-86.82574,False,Crashes_2010_2019_MPO
101505058,2017-01-14,2017,,19.0,,,0,0,N,0.0,0.0,0.0,,,,,,,,36.04537,-86.71326,False,Crashes_2010_2019_MPO
100821131,2015-04-20,2015,,94.0,,,0,0,N,0.0,0.0,0.0,,,,,,,,35.95023,-86.80698,False,Crashes_2010_2019_MPO
102519655,2019-09-25,2019,,94.0,,,0,0,N,0.0,0.0,0.0,,,,,,,,35.94599,-86.80862,False,Crashes_2010_2019_MPO
100861785,2015-06-16,2015,,19.0,,,0,0,N,0.0,0.0,0.0,,,,,,,,36.04084,-86.77935,False,Crashes_2010_2019_MPO
100827909,2015-05-03,2015,,94.0,,,0,0,N,0.0,0.0,0.0,,,,,,,,35.99424,-86.77639,True,Crashes_2010_2019_MPO
100364067,2013-08-08,2013,,94.0,,,0,0,N,0.0,0.0,0.0,,,,,,,,35.94817,-86.8174,False,Crashes_2010_2019_MPO
101964234,2018-04-02,2018,,94.0,,,0,0,N,0.0,0.0,0.0,,,,,,,,35.94791,-86.81394,False,Crashes_2010_2019_MPO
100877419,2015-06-27,2015,,19.0,,,0,0,N,0.0,0.0,0.0,,,,,,,,35.99629,-86.69046,False,Crashes_2010_2019_MPO
101956160,2018-03-26,2018,,19.0,,,0,0,N,0.0,0.0,0.0,,,,,,,,36.05225,-86.68156,False,Crashes_2010_2019_MPO
100750329,2015-02-19,2015,,19.0,,,0,0,N,0.0,0.0,0.0,,,,,,,,36.04704,-86.73509,False,Crashes_2010_2019_MPO
101605189,2017-04-06,2017,,19.0,,,0,0,N,0.0,0.0,0.0,,,,,,,,36.04547,-86.72498,False,Crashes_2010_2019_MPO
101990212,2018-04-26,2018,,94.0,,,0,0,N,0.0,0.0,0.0,,,,,,,,35.95315,-86.81789,False,Crashes_2010_2019_MPO
100266341,2012-12-14,2012,,19.0,,,0,0,N,0.0,0.0,0.0,,,,,,,,36.02879,-86.78382,True,Crashes_2010_2019_MPO
101901100,2018-01-30,2018,,94.0,,,0,0,N,0.0,0.0,0.0,,,,,,,,36.02175,-86.74267,False,Crashes_2010_2019_MPO
100552257,2014-06-17,2014,,94.0,,,0,0,N,0.0,0.0,0.0,,,,,,,,35.9322,-86.86189,False,Crashes_2010_2019_MPO
101166870,2016-04-18,2016,,19.0,,,0,0,N,0.0,0.0,0.0,,,,,,,,36.04427,-86.68745,False,Crashes_2010_2019_MPO
101631250,2017-05-01,2017,,94.0,,,0,0,N,0.0,0.0,0.0,,,,,,,,35.95558,-86.82888,False,Crashes_2010_2019_MPO
101532275,2017-01-23,2017,,94.0,,,0,0,N,0.0,0.0,0.0,,,,,,,,36.02615,-86.78481,True,Crashes_2010_2019_MPO
102562591,2019-11-05,2019,,94.0,,,0,0,Y,0.0,0.0,1.0,,,,,,,,36.0116,-86.78485,True,Crashes_2010_2019_MPO
100331947,2013-05-21,2013,,94.0,,,0,0,N,0.0,0.0,0.0,,,,,,,,35.94089,-86.83905,False,Crashes_2010_2019_MPO
101549271,2017-02-09,2017,,94.0,,,0,0,N,0.0,0.0,0.0,,,,,,,,35.94483,-86.82868,False,Crashes_2010_2019_MPO
100374163,2013-09-01,2013,,94.0,,,0,0,N,0.0,0.0,0.0,,,,,,,,35.92941,-86.82062,False,Crashes_2010_2019_MPO
100591530,2014-08-05,2014,,94.0,,,0,0,N,0.0,0.0,0.0,,,,,,,,35.96189,-86.81535,False,Crashes_2010_2019_MPO
102603188,2019-12-20,2019,,94.0,,,0,0,N,0.0,0.0,0.0,,,,,,,,35.96593,-86.8052,True,Crashes_2010_2019_MPO
100311173,2013-04-02,2013,,94.0,,,0,0,N,0.0,0.0,0.0,,,,,,,,35.9303,-86.86412,False,Crashes_2010_2019_MPO
101425047,2016-10-28,2016,,94.0,,,0,0,N,0.0,0.0,0.0,,,,,,,,35.92384,-86.86977,False,Crashes_2010_2019_MPO
102113355,2018-08-16,2018,,94.0,,,0,0,N,0.0,0.0,0.0,,,,,,,,35.98416,-86.7069,True,Crashes_2010_2019_MPO
101002706,2015-11-03,2015,,94.0,,,0,0,N,0.0,0.0,0.0,,,,,,,,35.95618,-86.8257,False,Crashes_2010_2019_MPO
101390684,2016-09-23,2016,,94.0,,,0,1,N,0.0,1.0,0.0,,,,,,,,36.02915,-86.77412,True,Crashes_2010_2019_MPO
100855553,2015-06-04,2015,,94.0,,,0,0,N,0.0,0.0,0.0,,,,,,,,35.99782,-86.79885,True,Crashes_2010_2019_MPO
102565019,2019-11-11,2019,,94.0,,,0,0,N,0.0,0.0,0.0,,,,,,,,35.92254,-86.87194,False,Crashes_2010_2019_MPO
101035717,2015-11-24,2015,,19.0,,,0,0,N,0.0,0.0,0.0,,,,,,,,36.02547,-86.71305,False,Crashes_2010_2019_MPO
100997392,2015-10-27,2015,,94.0,,,0,0,Y,0.0,0.0,1.0,,,,,,,,35.96262,-86.81665,True,Crashes_2010_2019_MPO
101049898,2015-12-15,2015,,94.0,,,0,0,N,0.0,0.0,0.0,,,,,,,,35.94027,-86.8313,False,Crashes_2010_2019_MPO
100432438,2014-01-18,2014,,94.0,,,0,0,N,0.0,0.0,0.0,,,,,,,,35.96558,-86.81398,False,Crashes_2010_2019_MPO
101672151,2017-06-11,2017,,94.0,,,0,0,N,0.0,0.0,0.0,,,,,,,,36.00339,-86.79163,True,Crashes_2010_2019_MPO
100484578,2014-04-10,2014,,94.0,,,0,0,N,0.0,0.0,0.0,,,,,,,,36.01689,-86.78609,True,Crashes_2010_2019_MPO
102095083,2018-08-01,2018,,94.0,,,0,0,N,0.0,0.0,0.0,,,,,,,,36.0343,-86.79174,True,Crashes_2010_2019_MPO
100270152,2012-12-21,2012,,94.0,,,0,0,N,0.0,0.0,0.0,,,,,,,,35.95785,-86.80256,False,Crashes_2010_2019_MPO
101155752,2016-04-01,2016,,94.0,,,0,0,N,0.0,0.0,0.0,,,,,,,,36.035654,-86.787326,True,Crashes_2010_2019_MPO
101737172,2017-08-11,2017,,94.0,,,0,0,N,0.0,0.0,0.0,,,,,,,,35.94674,-86.82389,False,Crashes_2010_2019_MPO
101350214,2016-08-31,2016,,19.0,,,0,0,N,0.0,0.0,0.0,,,,,,,,36.03955,-86.7817,False,Crashes_2010_2019_MPO
102275636,2019-01-13,2019,,19.0,,,0,0,N,0.0,0.0,0.0,,,,,,,,36.05034,-86.71403,False,Crashes_2010_2019_MPO
101387883,2016-09-23,2016,,94.0,,,0,0,N,0.0,0.0,0.0,,,,,,,,35.94781,-86.72407,True,Crashes_2010_2019_MPO
101077755,2016-01-15,2016,,19.0,,,0,0,N,0.0,0.0,0.0,,,,,,,,36.04445,-86.78033,False,Crashes_2010_2019_MPO
101129866,2016-03-05,2016,,94.0,,,0,0,N,0.0,0.0,0.0,,,,,,,,35.97689,-86.76327,True,Crashes_2010_2019_MPO
100567413,2014-06-29,2014,,94.0,,,0,0,N,0.0,0.0,0.0,,,,,,,,35.94467,-86.82831,False,Crashes_2010_2019_MPO
100963969,2015-09-20,2015,,19.0,,,0,0,N,0.0,0.0,0.0,,,,,,,,36.04543,-86.70361,False,Crashes_2010_2019_MPO
102545504,2019-10-22,2019,,19.0,,,0,0,N,0.0,0.0,0.0,,,,,,,,36.04493,-86.70225,False,Crashes_2010_2019_MPO
102250612,2018-12-18,2018,,94.0,,,0,0,N,0.0,0.0,0.0,,,,,,,,35.93682,-86.69374,False,Crashes_2010_2019_MPO
102234230,2018-12-03,2018,,19.0,,,0,0,N,0.0,0.0,0.0,,,,,,,,36.04149,-86.71098,False,Crashes_2010_2019_MPO
100819126,2015-04-16,2015,,19.0,,,0,0,N,0.0,0.0,0.0,,,,,,,,36.03804,-86.74414,False,Crashes_2010_2019_MPO
101958384,2018-03-28,2018,,19.0,,,0,0,N,0.0,0.0,0.0,,,,,,,,36.03992,-86.78135,False,Crashes_2010_2019_MPO
100825031,2015-04-28,2015,,94.0,,,0,0,N,0.0,0.0,0.0,,,,,,,,35.9974,-86.79482,True,Crashes_2010_2019_MPO
102401351,2019-05-26,2019,,94.0,,,0,0,N,0.0,0.0,0.0,,,,,,,,36.02158,-86.77044,True,Crashes_2010_2019_MPO
100288675,2013-02-06,2013,,94.0,,,0,0,N,0.0,0.0,0.0,,,,,,,,36.0343,-86.79174,True,Crashes_2010_2019_MPO
100701954,2014-12-05,2014,,94.0,,,0,0,N,0.0,0.0,0.0,,,,,,,,35.92301,-86.86917,False,Crashes_2010_2019_MPO
102439165,2019-07-04,2019,,94.0,,,0,0,N,0.0,0.0,0.0,,,,,,,,35.92957,-86.84187,False,Crashes_2010_2019_MPO
100834132,2015-05-14,2015,,19.0,,,0,0,N,0.0,0.0,0.0,,,,,,,,36.03121,-86.87558,False,Crashes_2010_2019_MPO
102204869,2018-11-08,2018,,19.0,,,0,0,N,0.0,0.0,0.0,,,,,,,,36.04469,-86.71473,False,Crashes_2010_2019_MPO
102006681,2018-05-10,2018,,94.0,,,0,0,N,0.0,0.0,0.0,,,,,,,,35.92755,-86.87423,False,Crashes_2010_2019_MPO
102416824,2019-06-11,2019,,94.0,,,0,0,N,0.0,0.0,0.0,,,,,,,,35.94803,-86.68749,False,Crashes_2010_2019_MPO
101615999,2017-04-15,2017,,19.0,,,0,0,N,0.0,0.0,0.0,,,,,,,,36.04132,-86.74859,False,Crashes_2010_2019_MPO
101877463,2018-01-04,2018,,19.0,,,0,0,N,0.0,0.0,0.0,,,,,,,,35.99548,-86.68787,False,Crashes_2010_2019_MPO
102200934,2018-11-04,2018,,94.0,,,0,0,N,0.0,0.0,0.0,,,,,,,,35.9337,-86.77946,False,Crashes_2010_2019_MPO
100940330,2015-08-26,2015,,94.0,,,0,0,N,0.0,0.0,0.0,,,,,,,,35.96663,-86.80999,True,Crashes_2010_2019_MPO
101403639,2016-10-14,2016,,19.0,,,0,0,N,0.0,0.0,0.0,,,,,,,,36.03755,-86.78544,False,Crashes_2010_2019_MPO
101119561,2016-02-20,2016,,94.0,,,0,0,N,0.0,0.0,0.0,,,,,,,,35.95986,-86.8072,False,Crashes_2010_2019_MPO
100969318,2015-09-29,2015,,94.0,,,0,0,N,0.0,0.0,0.0,,,,,,,,35.96978,-86.72416,True,Crashes_2010_2019_MPO
101126371,2016-03-02,2016,,19.0,,,0,0,N,0.0,0.0,0.0,,,,,,,,36.04537,-86.71326,False,Crashes_2010_2019_MPO
100806794,2015-04-12,2015,,94.0,,,0,0,N,0.0,0.0,0.0,,,,,,,,35.97057,-86.82207,True,Crashes_2010_2019_MPO
102322594,2019-03-05,2019,,94.0,,,0,0,N,0.0,0.0,0.0,,,,,,,,35.9579,-86.80257,False,Crashes_2010_2019_MPO
102489022,2019-08-26,2019,,94.0,,,0,0,N,0.0,0.0,0.0,,,,,,,,35.93517,-86.77583,False,Crashes_2010_2019_MPO
100824912,2015-04-28,2015,,94.0,,,0,0,N,0.0,0.0,0.0,,,,,,,,35.99241,-86.82843,True,Crashes_2010_2019_MPO
101635392,2017-05-05,2017,,19.0,,,0,0,N,0.0,0.0,0.0,,,,,,,,36.04084,-86.77347,False,Crashes_2010_2019_MPO
101575304,2017-03-06,2017,,19.0,,,0,0,Y,0.0,0.0,1.0,,,,,,,,36.04609,-86.71335,False,Crashes_2010_2019_MPO
102491905,2019-08-29,2019,,19.0,,,0,0,N,0.0,0.0,0.0,,,,,,,,36.03961,-86.78164,False,Crashes_2010_2019_MPO
101156248,2016-04-01,2016,,94.0,,,0,0,N,0.0,0.0,0.0,,,,,,,,35.94463,-86.82283,False,Crashes_2010_2019_MPO
100995398,2015-10-22,2015,,19.0,,,0,0,N,0.0,0.0,0.0,,,,,,,,36.03743,-86.79058,False,Crashes_2010_2019_MPO
101301769,2016-07-24,2016,,19.0,,,0,0,N,0.0,0.0,0.0,,,,,,,,36.04543,-86.70361,False,Crashes_2010_2019_MPO
100996899,2015-10-26,2015,,19.0,,,0,0,N,0.0,0.0,0.0,,,,,,,,36.04046,-86.78016,False,Crashes_2010_2019_MPO
101441819,2016-11-16,2016,,19.0,,,0,0,N,0.0,0.0,0.0,,,,,,,,36.04527,-86.70118,False,Crashes_2010_2019_MPO
100482017,2014-04-04,2014,,94.0,,,0,0,N,0.0,0.0,0.0,,,,,,,,35.92282,-86.82284,False,Crashes_2010_2019_MPO
100209063,2012-07-23,2012,,94.0,,,0,0,N,0.0,0.0,0.0,,,,,,,,35.99691,-86.79696,True,Crashes_2010_2019_MPO
102103763,2018-08-08,2018,,94.0,,,0,0,N,0.0,0.0,0.0,,,,,,,,35.96637,-86.81228,False,Crashes_2010_2019_MPO
101043141,2015-12-02,2015,,19.0,,,0,0,N,0.0,0.0,0.0,,,,,,,,36.03671,-86.76861,False,Crashes_2010_2019_MPO
100718692,2015-01-07,2015,,94.0,,,0,0,N,0.0,0.0,0.0,,,,,,,,35.965,-86.80173,True,Crashes_2010_2019_MPO
101615779,2017-04-15,2017,,19.0,,,0,0,N,0.0,0.0,0.0,,,,,,,,36.04609,-86.71335,False,Crashes_2010_2019_MPO
102571736,2019-11-18,2019,,94.0,,,0,0,N,0.0,0.0,0.0,,,,,,,,35.93219,-86.79405,False,Crashes_2010_2019_MPO
101756448,2017-09-09,2017,,94.0,,,0,0,N,0.0,0.0,0.0,,,,,,,,35.96493,-86.79369,True,Crashes_2010_2019_MPO
102475640,2019-08-12,2019,,94.0,,,0,0,N,0.0,0.0,0.0,,,,,,,,36.03324,-86.7851,True,Crashes_2010_2019_MPO
101332179,2016-08-20,2016,,19.0,,,0,0,N,0.0,0.0,0.0,,,,,,,,36.04531,-86.71384,False,Crashes_2010_2019_MPO
102453515,2019-07-21,2019,,94.0,,,0,0,N,0.0,0.0,0.0,,,,,,,,36.00149,-86.7939,True,Crashes_2010_2019_MPO
101766093,2017-09-20,2017,,94.0,,,0,0,N,0.0,0.0,0.0,,,,,,,,35.92544,-86.8673,False,Crashes_2010_2019_MPO
101073457,2016-01-07,2016,,94.0,,,0,0,N,0.0,0.0,0.0,,,,,,,,35.94086,-86.83864,False,Crashes_2010_2019_MPO
100801629,2015-04-02,2015,,19.0,,,0,0,N,0.0,0.0,0.0,,,,,,,,36.04385,-86.69316,False,Crashes_2010_2019_MPO
102011190,2018-05-14,2018,,94.0,,,0,0,N,0.0,0.0,0.0,,,,,,,,35.95161,-86.73411,True,Crashes_2010_2019_MPO
100594424,2014-08-11,2014,,94.0,,,0,0,N,0.0,0.0,0.0,,,,,,,,35.98744,-86.73819,True,Crashes_2010_2019_MPO
100639141,2014-10-06,2014,,94.0,,,0,0,N,0.0,0.0,0.0,,,,,,,,35.92895,-86.82375,False,Crashes_2010_2019_MPO
101695243,2017-07-07,2017,,94.0,,,0,0,N,0.0,0.0,0.0,,,,,,,,36.00096,-86.8083,True,Crashes_2010_2019_MPO
100806579,2015-04-11,2015,,19.0,,,0,0,N,0.0,0.0,0.0,,,,,,,,36.04381,-86.712,False,Crashes_2010_2019_MPO
100717361,2015-01-04,2015,,94.0,,,0,0,N,0.0,0.0,0.0,,,,,,,,35.9541,-86.81547,False,Crashes_2010_2019_MPO
100736961,2015-02-14,2015,,94.0,,,0,0,N,0.0,0.0,0.0,,,,,,,,35.95249,-86.81796,False,Crashes_2010_2019_MPO
101637144,2017-05-07,2017,,94.0,,,0,0,N,0.0,0.0,0.0,,,,,,,,35.93502,-86.8218,False,Crashes_2010_2019_MPO
101604448,2017-04-05,2017,,94.0,,,0,0,N,0.0,0.0,0.0,,,,,,,,35.94749,-86.8512,False,Crashes_2010_2019_MPO
100150135,2012-02-21,2012,,94.0,,,0,0,Y,0.0,0.0,1.0,,,,,,,,35.98484,-86.72629,True,Crashes_2010_2019_MPO
101332354,2016-08-20,2016,,19.0,,,0,0,N,0.0,0.0,0.0,,,,,,,,36.04057,-86.78259,False,Crashes_2010_2019_MPO
100633774,2014-09-25,2014,,94.0,,,0,0,N,0.0,0.0,0.0,,,,,,,,36.00404,-86.79096,True,Crashes_2010_2019_MPO
100369687,2013-08-21,2013,,94.0,,,0,0,N,0.0,0.0,0.0,,,,,,,,35.93314,-86.81159,False,Crashes_2010_2019_MPO
101495128,2017-01-03,2017,,19.0,,,0,0,N,0.0,0.0,0.0,,,,,,,,36.03733,-86.78726,False,Crashes_2010_2019_MPO
101820326,2017-11-10,2017,,94.0,,,0,0,N,0.0,0.0,0.0,,,,,,,,35.92505,-86.82101,False,Crashes_2010_2019_MPO
102209501,2018-11-08,2018,,94.0,,,0,0,N,0.0,0.0,0.0,,,,,,,,35.96464,-86.81402,False,Crashes_2010_2019_MPO
101968279,2018-04-05,2018,,19.0,,,0,0,N,0.0,0.0,0.0,,,,,,,,36.05278,-86.71475,False,Crashes_2010_2019_MPO
100715809,2014-12-30,2014,,94.0,,,0,0,N,0.0,0.0,0.0,,,,,,,,35.95135,-86.80218,False,Crashes_2010_2019_MPO
100551729,2014-06-13,2014,,94.0,,,0,0,N,0.0,0.0,0.0,,,,,,,,35.9856,-86.73268,True,Crashes_2010_2019_MPO
102518536,2019-09-24,2019,,19.0,,,0,0,N,0.0,0.0,0.0,,,,,,,,36.05291,-86.68747,False,Crashes_2010_2019_MPO
102596923,2019-12-13,2019,,19.0,,,0,0,N,0.0,0.0,0.0,,,,,,,,36.03876,-86.74343,False,Crashes_2010_2019_MPO
100801542,2015-04-02,2015,,94.0,,,0,0,N,0.0,0.0,0.0,,,,,,,,35.93599,-86.82709,False,Crashes_2010_2019_MPO
100633196,2014-09-24,2014,,94.0,,,0,0,N,0.0,0.0,0.0,,,,,,,,35.95524,-86.82595,False,Crashes_2010_2019_MPO
101889737,2018-01-18,2018,,94.0,,,0,0,N,0.0,0.0,0.0,,,,,,,,35.96742,-86.82657,False,Crashes_2010_2019_MPO
102565951,2019-11-12,2019,,94.0,,,0,0,N,0.0,0.0,0.0,,,,,,,,35.92907,-86.84991,False,Crashes_2010_2019_MPO
101157894,2016-04-05,2016,,19.0,,,0,0,Y,0.0,0.0,1.0,,,,,,,,36.04141,-86.78252,False,Crashes_2010_2019_MPO
102554422,2019-10-31,2019,,94.0,,,0,0,N,0.0,0.0,0.0,,,,,,,,35.95708,-86.87591,False,Crashes_2010_2019_MPO
100981830,2015-10-19,2015,,19.0,,,0,0,N,0.0,0.0,0.0,,,,,,,,36.0325,-86.7681,False,Crashes_2010_2019_MPO
101107195,2016-02-15,2016,,19.0,,,0,0,N,0.0,0.0,0.0,,,,,,,,36.04566,-86.71015,False,Crashes_2010_2019_MPO
900115215,2010-08-10,2010,,94.0,,,0,0, ,0.0,0.0,0.0,,,,,,,,36.005901,-86.865303,False,Crashes_2010_2019_MPO
100698013,2014-11-28,2014,,19.0,,,0,0,N,0.0,0.0,0.0,,,,,,,,36.03994,-86.74164,False,Crashes_2010_2019_MPO
102234414,2018-12-03,2018,,19.0,,,0,0,N,0.0,0.0,0.0,,,,,,,,36.02689,-86.71284,False,Crashes_2010_2019_MPO
100837175,2015-05-20,2015,,94.0,,,0,0,N,0.0,0.0,0.0,,,,,,,,35.94934,-86.75343,True,Crashes_2010_2019_MPO
101364950,2016-09-19,2016,,94.0,,,0,0,N,0.0,0.0,0.0,,,,,,,,35.96657,-86.80929,True,Crashes_2010_2019_MPO
102525230,2019-09-28,2019,,94.0,,,0,0,N,0.0,0.0,0.0,,,,,,,,35.95016,-86.79844,False,Crashes_2010_2019_MPO
101954134,2018-03-23,2018,,19.0,,,0,0,N,0.0,0.0,0.0,,,,,,,,36.03753,-86.78553,False,Crashes_2010_2019_MPO
100375298,2013-09-04,2013,,94.0,,,0,0,N,0.0,0.0,0.0,,,,,,,,36.01425,-86.78559,True,Crashes_2010_2019_MPO
102114392,2018-08-18,2018,,94.0,,,0,0,N,0.0,0.0,0.0,,,,,,,,35.98612,-86.75219,True,Crashes_2010_2019_MPO
102364304,2019-04-18,2019,,19.0,,,0,0,N,0.0,0.0,0.0,,,,,,,,36.0397,-86.75925,False,Crashes_2010_2019_MPO
101576021,2017-03-07,2017,,19.0,,,0,0,N,0.0,0.0,0.0,,,,,,,,36.04537,-86.71326,False,Crashes_2010_2019_MPO
102533508,2019-10-09,2019,,19.0,,,0,0,N,0.0,0.0,0.0,,,,,,,,36.05336,-86.68086,False,Crashes_2010_2019_MPO
100273907,2013-01-02,2013,,94.0,,,0,0,N,0.0,0.0,0.0,,,,,,,,35.9271,-86.7184,False,Crashes_2010_2019_MPO
102193148,2018-10-28,2018,,19.0,,,0,0,N,0.0,0.0,0.0,,,,,,,,36.04537,-86.71326,False,Crashes_2010_2019_MPO
102371176,2019-04-19,2019,,94.0,,,0,0,N,0.0,0.0,0.0,,,,,,,,36.0317,-86.7896,True,Crashes_2010_2019_MPO
102330533,2019-03-14,2019,,94.0,,,0,0,N,0.0,0.0,0.0,,,,,,,,35.92537,-86.8308,False,Crashes_2010_2019_MPO
102427405,2019-06-24,2019,,94.0,,,0,0,N,0.0,0.0,0.0,,,,,,,,36.02599,-86.78517,True,Crashes_2010_2019_MPO
102093667,2018-07-30,2018,,94.0,,,0,0,N,0.0,0.0,0.0,,,,,,,,36.02218,-86.84832,True,Crashes_2010_2019_MPO
101860810,2017-12-16,2017,,94.0,,,0,0,N,0.0,0.0,0.0,,,,,,,,35.96681,-86.81119,True,Crashes_2010_2019_MPO
101364638,2016-09-19,2016,,19.0,,,0,0,N,0.0,0.0,0.0,,,,,,,,36.04037,-86.74357,False,Crashes_2010_2019_MPO
100632866,2014-09-23,2014,,19.0,,,0,0,N,0.0,0.0,0.0,,,,,,,,36.03735,-86.78821,False,Crashes_2010_2019_MPO
100924530,2015-08-13,2015,,19.0,,,0,0,N,0.0,0.0,0.0,,,,,,,,36.04555,-86.70505,False,Crashes_2010_2019_MPO
102027161,2018-05-29,2018,,94.0,,,0,0,N,0.0,0.0,0.0,,,,,,,,35.95938,-86.84169,False,Crashes_2010_2019_MPO
101277877,2016-07-01,2016,,94.0,,,0,0,N,0.0,0.0,0.0,,,,,,,,36.03133,-86.87554,False,Crashes_2010_2019_MPO
102103127,2018-08-09,2018,,19.0,,,0,0,N,0.0,0.0,0.0,,,,,,,,36.03261,-86.76928,False,Crashes_2010_2019_MPO
100660917,2014-10-29,2014,,94.0,,,0,0,N,0.0,0.0,0.0,,,,,,,,35.92751,-86.82128,False,Crashes_2010_2019_MPO
102028151,2018-05-30,2018,,94.0,,,0,0,N,0.0,0.0,0.0,,,,,,,,36.03433,-86.7919,True,Crashes_2010_2019_MPO
101929969,2018-02-28,2018,,94.0,,,0,0,N,0.0,0.0,0.0,,,,,,,,35.97702,-86.80409,True,Crashes_2010_2019_MPO
101843059,2017-11-30,2017,,19.0,,,0,0,N,0.0,0.0,0.0,,,,,,,,36.04944,-86.68575,False,Crashes_2010_2019_MPO