mstrrecnbr,collision_ts,year,county,countystat,crash,crash_type,fatalities,non_motorists,commercial,fatal_c,nonmotor_c,truck_c,fatalc,serious_injuries,ped,bike,lighting,weather,first_harmful_event,latitude,longitude,in_city,src_layer
100332423,2013-05-19,2013,,94.0,,,0,0,N,0.0,0.0,0.0,,,,,,,,35.92547,-86.87275,False,Crashes_2010_2019_MPO
101908709,2018-02-06,2018,,94.0,,,0,0,N,0.0,0.0,0.0,,,,,,,,35.98967,-86.77784,True,Crashes_2010_2019_MPO
101667799,2017-06-08,2017,,94.0,,,0,0,N,0.0,0.0,0.0,,,,,,,,35.92798,-86.86232,False,Crashes_2010_2019_MPO
100391692,2013-10-10,2013,,19.0,,,0,0,N,0.0,0.0,0.0,,,,,,,,36.03998,-86.74265,False,Crashes_2010_2019_MPO
101494707,2017-01-03,2017,,19.0,,,0,0,N,0.0,0.0,0.0,,,,,,,,36.04059,-86.77107,False,Crashes_2010_2019_MPO
101485861,2016-12-22,2016,,94.0,,,0,0,N,0.0,0.0,0.0,,,,,,,,35.92388,-86.87874,False,Crashes_2010_2019_MPO
102168241,2018-10-05,2018,,94.0,,,0,0,N,0.0,0.0,0.0,,,,,,,,35.92676,-86.87368,False,Crashes_2010_2019_MPO
102316918,2019-02-27,2019,,94.0,,,0,0,N,0.0,0.0,0.0,,,,,,,,36.01301,-86.80069,True,Crashes_2010_2019_MPO
101188283,2016-05-05,2016,,19.0,,,0,0,N,0.0,0.0,0.0,,,,,,,,36.04516,-86.71323,False,Crashes_2010_2019_MPO
101348005,2016-08-28,2016,,19.0,,,0,0,N,0.0,0.0,0.0,,,,,,,,36.04891,-86.67858,False,Crashes_2010_2019_MPO
102592416,2019-11-26,2019,,94.0,,,0,0,N,0.0,0.0,0.0,,,,,,,,35.99727,-86.79683,True,Crashes_2010_2019_MPO
101946871,2018-03-16,2018,,94.0,,,0,0,N,0.0,0.0,0.0,,,,,,,,35.94804,-86.86368,False,Crashes_2010_2019_MPO
101478923,2016-12-16,2016,,94.0,,,0,0,N,0.0,0.0,0.0,,,,,,,,36.03336,-86.78871,True,Crashes_2010_2019_MPO
101152398,2016-03-28,2016,,94.0,,,0,0,N,0.0,0.0,0.0,,,,,,,,35.94338,-86.85449,False,Crashes_2010_2019_MPO
102529458,2019-10-04,2019,,19.0,,,0,0,N,0.0,0.0,0.0,,,,,,,,36.012098,-86.691079,False,Crashes_2010_2019_MPO
101914766,2018-02-10,2018,,94.0,,,0,0,N,0.0,0.0,0.0,,,,,,,,35.94615,-86.7466,True,Crashes_2010_2019_MPO
101928804,2018-02-25,2018,,19.0,,,0,0,N,0.0,0.0,0.0,,,,,,,,36.05486,-86.72929,False,Crashes_2010_2019_MPO
101569847,2017-03-01,2017,,19.0,,,0,0,N,0.0,0.0,0.0,,,,,,,,36.04012,-86.78074,False,Crashes_2010_2019_MPO
100963900,2015-09-18,2015,,83.0,,,0,0,Y,0.0,0.0,1.0,,,,,,,,36.04761,-86.7231,False,Crashes_2010_2019_MPO
100406579,2013-11-17,2013,,94.0,,,0,0,N,0.0,0.0,0.0,,,,,,,,35.96978,-86.72442,True,Crashes_2010_2019_MPO
102113130,2018-08-17,2018,,94.0,,,0,0,N,0.0,0.0,0.0,,,,,,,,36.02743,-86.79199,True,Crashes_2010_2019_MPO
101531258,2017-01-21,2017,,19.0,,,0,0,N,0.0,0.0,0.0,,,,,,,,36.04069,-86.77976,False,Crashes_2010_2019_MPO
101317247,2016-07-31,2016,,94.0,,,0,0,N,0.0,0.0,0.0,,,,,,,,35.96463,-86.81117,False,Crashes_2010_2019_MPO
101268087,2016-06-17,2016,,19.0,,,0,0,N,0.0,0.0,0.0,,,,,,,,36.03478,-86.68041,False,Crashes_2010_2019_MPO
100996808,2015-10-26,2015,,94.0,,,0,0,N,0.0,0.0,0.0,,,,,,,,35.9662,-86.81384,False,Crashes_2010_2019_MPO
101797246,2017-10-19,2017,,94.0,,,0,0,N,0.0,0.0,0.0,,,,,,,,36.031995,-86.78807,True,Crashes_2010_2019_MPO
101687749,2017-06-30,2017,,94.0,,,0,0,N,0.0,0.0,0.0,,,,,,,,35.96716,-86.81351,True,Crashes_2010_2019_MPO
101642614,2017-05-12,2017,,94.0,,,0,0,N,0.0,0.0,0.0,,,,,,,,35.94025,-86.76776,False,Crashes_2010_2019_MPO
100770279,2015-03-11,2015,,94.0,,,0,0,N,0.0,0.0,0.0,,,,,,,,35.98578,-86.73386,True,Crashes_2010_2019_MPO
101735952,2017-08-20,2017,,19.0,,,0,0,N,0.0,0.0,0.0,,,,,,,,36.04669,-86.71414,False,Crashes_2010_2019_MPO
100409161,2013-11-22,2013,,94.0,,,0,0,N,0.0,0.0,0.0,,,,,,,,36.03315,-86.79955,True,Crashes_2010_2019_MPO
100661013,2014-10-29,2014,,94.0,,,0,0,N,0.0,0.0,0.0,,,,,,,,35.92641,-86.82446,False,Crashes_2010_2019_MPO
101131189,2016-03-10,2016,,19.0,,,0,0,N,0.0,0.0,0.0,,,,,,,,36.03798,-86.79791,False,Crashes_2010_2019_MPO
100907135,2015-07-14,2015,,94.0,,,0,0,N,0.0,0.0,0.0,,,,,,,,35.93473,-86.8213,False,Crashes_2010_2019_MPO
100300205,2013-03-06,2013,,94.0,,,0,0,N,0.0,0.0,0.0,,,,,,,,35.94426,-86.82182,False,Crashes_2010_2019_MPO
101473149,2016-12-10,2016,,94.0,,,0,0,N,0.0,0.0,0.0,,,,,,,,35.93986,-86.87951,False,Crashes_2010_2019_MPO
102355040,2019-04-09,2019,,19.0,,,0,0,N,0.0,0.0,0.0,,,,,,,,36.04161,-86.74925,False,Crashes_2010_2019_MPO
100727846,2015-01-26,2015,,94.0,,,0,0,N,0.0,0.0,0.0,,,,,,,,35.94354,-86.81548,False,Crashes_2010_2019_MPO
102361931,2019-04-15,2019,,94.0,,,0,0,N,0.0,0.0,0.0,,,,,,,,35.97334,-86.83305,True,Crashes_2010_2019_MPO
101166747,2016-04-18,2016,,19.0,,,0,0,N,0.0,0.0,0.0,,,,,,,,35.99761,-86.69092,False,Crashes_2010_2019_MPO
101361745,2016-09-12,2016,,94.0,,,0,0,N,0.0,0.0,0.0,,,,,,,,35.94114,-86.83623,False,Crashes_2010_2019_MPO
102212576,2018-11-16,2018,,94.0,,,0,0,N,0.0,0.0,0.0,,,,,,,,35.93,-86.8243,False,Crashes_2010_2019_MPO
101327001,2016-08-13,2016,,19.0,,,0,0,N,0.0,0.0,0.0,,,,,,,,36.05113,-86.71425,False,Crashes_2010_2019_MPO
100982339,2015-10-20,2015,,19.0,,,0,0,N,0.0,0.0,0.0,,,,,,,,36.03865,-86.73118,False,Crashes_2010_2019_MPO
100907395,2015-07-16,2015,,94.0,,,0,0,N,0.0,0.0,0.0,,,,,,,,35.96707,-86.81349,True,Crashes_2010_2019_MPO
100836895,2015-05-19,2015,,94.0,,,0,0,N,0.0,0.0,0.0,,,,,,,,35.96491,-86.79345,True,Crashes_2010_2019_MPO
101592778,2017-03-24,2017,,94.0,,,0,0,N,0.0,0.0,0.0,,,,,,,,35.99112,-86.75192,True,Crashes_2010_2019_MPO
102412608,2019-06-06,2019,,94.0,,,0,0,N,0.0,0.0,0.0,,,,,,,,35.96372,-86.81053,False,Crashes_2010_2019_MPO
100297972,2013-02-28,2013,,94.0,,,0,0,N,0.0,0.0,0.0,,,,,,,,35.93484,-86.82101,False,Crashes_2010_2019_MPO
101862234,2017-12-14,2017,,94.0,,,0,0,N,0.0,0.0,0.0,,,,,,,,35.95209,-86.81805,False,Crashes_2010_2019_MPO
101477071,2016-12-14,2016,,94.0,,,0,0,N,0.0,0.0,0.0,,,,,,,,35.96501,-86.8159,True,Crashes_2010_2019_MPO
100139347,2012-01-19,2012,,94.0,,,0,0,N,0.0,0.0,0.0,,,,,,,,35.9714,-86.85961,False,Crashes_2010_2019_MPO
100694127,2014-11-21,2014,,94.0,,,0,0,N,0.0,0.0,0.0,,,,,,,,35.97354,-86.83297,True,Crashes_2010_2019_MPO
101719635,2017-08-03,2017,,94.0,,,0,0,N,0.0,0.0,0.0,,,,,,,,35.94813,-86.81682,False,Crashes_2010_2019_MPO
101232670,2016-05-23,2016,,94.0,,,0,0,N,0.0,0.0,0.0,,,,,,,,36.033047,-86.788794,True,Crashes_2010_2019_MPO
100363900,2013-08-07,2013,,94.0,,,0,0,N,0.0,0.0,0.0,,,,,,,,35.94659,-86.80966,False,Crashes_2010_2019_MPO
102385615,2019-05-08,2019,,94.0,,,0,0,N,0.0,0.0,0.0,,,,,,,,35.99783,-86.80997,True,Crashes_2010_2019_MPO
101889727,2018-01-18,2018,,19.0,,,0,0,N,0.0,0.0,0.0,,,,,,,,36.04517,-86.6997,False,Crashes_2010_2019_MPO
100719813,2015-01-09,2015,,94.0,,,0,0,N,0.0,0.0,0.0,,,,,,,,35.96935,-86.81215,True,Crashes_2010_2019_MPO
100464517,2014-03-15,2014,,94.0,,,0,0,N,0.0,0.0,0.0,,,,,,,,36.03397,-86.80165,True,Crashes_2010_2019_MPO
100913324,2015-07-27,2015,,94.0,,,0,0,N,0.0,0.0,0.0,,,,,,,,35.9912,-86.68349,False,Crashes_2010_2019_MPO
100907024,2015-07-15,2015,,94.0,,,0,0,N,0.0,0.0,0.0,,,,,,,,35.96243,-86.68874,False,Crashes_2010_2019_MPO
100973535,2015-10-04,2015,,19.0,,,0,0,N,0.0,0.0,0.0,,,,,,,,36.04584,-86.69012,False,Crashes_2010_2019_MPO
100738688,2015-02-17,2015,,94.0,,,0,0,N,0.0,0.0,0.0,,,,,,,,36.01669,-86.78629,True,Crashes_2010_2019_MPO
100726858,2015-01-24,2015,,19.0,,,0,0,N,0.0,0.0,0.0,,,,,,,,36.05234,-86.68347,False,Crashes_2010_2019_MPO
101572215,2017-03-03,2017,,19.0,,,0,0,N,0.0,0.0,0.0,,,,,,,,36.04424,-86.71313,False,Crashes_2010_2019_MPO
101472239,2016-12-08,2016,,94.0,,,0,0,N,0.0,0.0,0.0,,,,,,,,35.96111,-86.81233,False,Crashes_2010_2019_MPO
102211196,2018-11-14,2018,,19.0,,,0,0,N,0.0,0.0,0.0,,,,,,,,36.03315,-86.77459,False,Crashes_2010_2019_MPO
100331399,2013-05-20,2013,,94.0,,,0,0,N,0.0,0.0,0.0,,,,,,,,35.94068,-86.83938,False,Crashes_2010_2019_MPO
102019119,2018-05-22,2018,,19.0,,,0,0,N,0.0,0.0,0.0,,,,,,,,36.04217,-86.72651,False,Crashes_2010_2019_MPO
100359566,2013-07-27,2013,,94.0,,,0,0,N,0.0,0.0,0.0,,,,,,,,35.95789,-86.80256,False,Crashes_2010_2019_MPO
100284644,2013-01-27,2013,,94.0,,,0,0,N,0.0,0.0,0.0,,,,,,,,35.99485,-86.82888,True,Crashes_2010_2019_MPO
100588317,2014-07-28,2014,,94.0,,,0,0,N,0.0,0.0,0.0,,,,,,,,35.97717,-86.67814,False,Crashes_2010_2019_MPO
100861046,2015-06-15,2015,,94.0,,,0,0,N,0.0,0.0,0.0,,,,,,,,36.0303,-86.7915,True,Crashes_2010_2019_MPO
102123943,2018-08-27,2018,,19.0,,,0,0,N,0.0,0.0,0.0,,,,,,,,36.0397,-86.7627,False,Crashes_2010_2019_MPO
101564596,2017-02-24,2017,,19.0,,,0,0,N,0.0,0.0,0.0,,,,,,,,36.05348,-86.71497,False,Crashes_2010_2019_MPO
102250184,2018-12-18,2018,,94.0,,,0,0,N,0.0,0.0,0.0,,,,,,,,35.97256,-86.83373,False,Crashes_2010_2019_MPO
100771498,2015-03-12,2015,,19.0,,,0,0,N,0.0,0.0,0.0,,,,,,,,36.04607,-86.68425,False,Crashes_2010_2019_MPO
102517494,2019-09-23,2019,,94.0,,,0,0,N,0.0,0.0,0.0,,,,,,,,35.92659,-86.82623,False,Crashes_2010_2019_MPO
102432983,2019-06-29,2019,,94.0,,,0,0,N,0.0,0.0,0.0,,,,,,,,36.02477,-86.84944,True,Crashes_2010_2019_MPO
100273529,2012-12-31,2012,,94.0,,,0,0,N,0.0,0.0,0.0,,,,,,,,35.94817,-86.8174,False,Crashes_2010_2019_MPO
101366378,2016-09-21,2016,,19.0,,,0,0,N,0.0,0.0,0.0,,,,,,,,36.0409,-86.77938,False,Crashes_2010_2019_MPO
101677560,2017-06-19,2017,,19.0,,,0,0,N,0.0,0.0,0.0,,,,,,,,36.04204,-86.71291,False,Crashes_2010_2019_MPO
100484886,2014-04-11,2014,,94.0,,,0,0,N,0.0,0.0,0.0,,,,,,,,35.9325,-86.80529,False,Crashes_2010_2019_MPO
100717158,2015-01-03,2015,,19.0,,,0,0,N,0.0,0.0,0.0,,,,,,,,36.02604,-86.79278,True,Crashes_2010_2019_MPO
101333977,2016-08-22,2016,,19.0,,,0,0,N,0.0,0.0,0.0,,,,,,,,36.05366,-86.71502,False,Crashes_2010_2019_MPO
102359990,2019-04-12,2019,,94.0,,,0,0,N,0.0,0.0,0.0,,,,,,,,36.03327,-86.7839,True,Crashes_2010_2019_MPO
101764288,2017-09-14,2017,,94.0,,,0,0,N,0.0,0.0,0.0,,,,,,,,35.95867,-86.80525,False,Crashes_2010_2019_MPO
101628350,2017-04-28,2017,,19.0,,,0,0,N,0.0,0.0,0.0,,,,,,,,36.03958,-86.74344,False,Crashes_2010_2019_MPO
102381689,2019-05-06,2019,,19.0,,,0,0,N,0.0,0.0,0.0,,,,,,,,36.05185,-86.7756,False,Crashes_2010_2019_MPO
100914092,2015-07-29,2015,,94.0,,,0,0,N,0.0,0.0,0.0,,,,,,,,35.9483,-86.80754,False,Crashes_2010_2019_MPO
101989602,2018-04-25,2018,,94.0,,,0,0,N,0.0,0.0,0.0,,,,,,,,35.95594,-86.83223,False,Crashes_2010_2019_MPO
100426647,2014-01-02,2014,,94.0,,,0,0,N,0.0,0.0,0.0,,,,,,,,35.94175,-86.8212,False,Crashes_2010_2019_MPO
100433049,2014-01-20,2014,,94.0,,,0,0,N,0.0,0.0,0.0,,,,,,,,35.96453,-86.81434,False,Crashes_2010_2019_MPO
100914851,2015-07-30,2015,,94.0,,,0,0,N,0.0,0.0,0.0,,,,,,,,35.93172,-86.87686,False,Crashes_2010_2019_MPO
101477086,2016-12-14,2016,,19.0,,,0,0,N,0.0,0.0,0.0,,,,,,,,36.04888,-86.74358,False,Crashes_2010_2019_MPO
102117058,2018-08-20,2018,,94.0,,,0,0,N,0.0,0.0,0.0,,,,,,,,36.03195,-86.81759,True,Crashes_2010_2019_MPO
101633794,2017-05-03,2017,,94.0,,,0,0,N,0.0,0.0,0.0,,,,,,,,35.95901,-86.80621,False,Crashes_2010_2019_MPO
100236648,2012-10-09,2012,,94.0,,,0,0,N,0.0,0.0,0.0,,,,,,,,35.93291,-86.81085,False,Crashes_2010_2019_MPO
100970775,2015-10-01,2015,,19.0,,,0,0,N,0.0,0.0,0.0,,,,,,,,36.0476,-86.7388,False,Crashes_2010_2019_MPO
100876346,2015-06-25,2015,,19.0,,,0,0,N,0.0,0.0,0.0,,,,,,,,36.03257,-86.78334,True,Crashes_2010_2019_MPO
101010804,2015-11-16,2015,,94.0,,,0,0,N,0.0,0.0,0.0,,,,,,,,35.9407,-86.8316,False,Crashes_2010_2019_MPO
101708568,2017-07-22,2017,,19.0,,,0,0,N,0.0,0.0,0.0,,,,,,,,36.03546,-86.78298,False,Crashes_2010_2019_MPO
102442085,2019-07-08,2019,,19.0,,,0,0,N,0.0,0.0,0.0,,,,,,,,36.03746,-86.78615,False,Crashes_2010_2019_MPO
102143751,2018-09-13,2018,,94.0,,,0,0,N,0.0,0.0,0.0,,,,,,,,35.92886,-86.87544,False,Crashes_2010_2019_MPO
100967393,2015-09-25,2015,,19.0,,,0,0,N,0.0,0.0,0.0,,,,,,,,36.05494,-86.67818,False,Crashes_2010_2019_MPO
101194867,2016-05-14,2016,,19.0,,,0,0,N,0.0,0.0,0.0,,,,,,,,36.00476,-86.70375,False,Crashes_2010_2019_MPO
101660154,2017-05-30,2017,,94.0,,,0,0,N,0.0,0.0,0.0,,,,,,,,36.00167,-86.71984,True,Crashes_2010_2019_MPO
100462085,2014-03-08,2014,,94.0,,,0,0,N,0.0,0.0,0.0,,,,,,,,35.9259,-86.87306,False,Crashes_2010_2019_MPO
100341557,2013-06-12,2013,,94.0,,,0,0,N,0.0,0.0,0.0,,,,,,,,35.96708,-86.81356,True,Crashes_2010_2019_MPO
101301717,2016-07-23,2016,,94.0,,,0,0,N,0.0,0.0,0.0,,,,,,,,35.93159,-86.81202,False,Crashes_2010_2019_MPO
102441222,2019-07-07,2019,,19.0,,,0,0,N,0.0,0.0,0.0,,,,,,,,36.04001,-86.74347,False,Crashes_2010_2019_MPO
101468211,2016-12-05,2016,,94.0,,,0,0,N,0.0,0.0,0.0,,,,,,,,35.93133,-86.87731,False,Crashes_2010_2019_MPO
102125795,2018-08-29,2018,,94.0,,,0,0,N,0.0,0.0,0.0,,,,,,,,35.9407,-86.8316,False,Crashes_2010_2019_MPO
100706609,2014-12-13,2014,,19.0,,,0,1,N,0.0,1.0,0.0,,,,,,,,36.04052,-86.7455,False,Crashes_2010_2019_MPO
101627536,2017-04-27,2017,,94.0,,,0,0,N,0.0,0.0,0.0,,,,,,,,35.98771,-86.84667,False,Crashes_2010_2019_MPO
101070693,2016-01-02,2016,,19.0,,,0,0,N,0.0,0.0,0.0,,,,,,,,36.03959,-86.78166,False,Crashes_2010_2019_MPO
100837402,2015-05-20,2015,,94.0,,,0,0,N,0.0,0.0,0.0,,,,,,,,36.03318,-86.78284,True,Crashes_2010_2019_MPO
100950942,2015-09-15,2015,,94.0,,,0,0,N,0.0,0.0,0.0,,,,,,,,36.0149,-86.78151,True,Crashes_2010_2019_MPO
101609912,2017-04-10,2017,,19.0,,,0,0,N,0.0,0.0,0.0,,,,,,,,36.03809,-86.79938,False,Crashes_2010_2019_MPO
102285944,2019-01-23,2019,,94.0,,,0,1,N,0.0,1.0,0.0,,,,,,,,36.03124,-86.78824,True,Crashes_2010_2019_MPO
100662591,2014-10-31,2014,,94.0,,,0,0,N,0.0,0.0,0.0,,,,,,,,35.95786,-86.80256,False,Crashes_2010_2019_MPO
101347193,2016-08-26,2016,,94.0,,,0,0,N,0.0,0.0,0.0,,,,,,,,36.01328,-86.80198,True,Crashes_2010_2019_MPO
101244431,2016-06-12,2016,,19.0,,,0,0,N,0.0,0.0,0.0,,,,,,,,36.03797,-86.79777,False,Crashes_2010_2019_MPO
100377429,2013-09-10,2013,,94.0,,,0,0,N,0.0,0.0,0.0,,,,,,,,35.96734,-86.81494,True,Crashes_2010_2019_MPO
100147603,2012-02-11,2012,,94.0,,,0,0,Y,0.0,0.0,1.0,,,,,,,,36.00492,-86.79037,True,Crashes_2010_2019_MPO
100720961,2015-01-12,2015,,94.0,,,0,0,N,0.0,0.0,0.0,,,,,,,,36.01369,-86.80502,True,Crashes_2010_2019_MPO
101611859,2017-04-12,2017,,19.0,,,0,0,N,0.0,0.0,0.0,,,,,,,,36.04527,-86.71713,False,Crashes_2010_2019_MPO
102559842,2019-11-06,2019,,94.0,,,0,0,N,0.0,0.0,0.0,,,,,,,,35.98714,-86.81643,True,Crashes_2010_2019_MPO
100972658,2015-10-03,2015,,19.0,,,0,0,N,0.0,0.0,0.0,,,,,,,,36.0417,-86.74862,False,Crashes_2010_2019_MPO
101346837,2016-08-25,2016,,19.0,,,0,0,N,0.0,0.0,0.0,,,,,,,,36.05151,-86.71436,False,Crashes_2010_2019_MPO
100552601,2014-06-18,2014,,94.0,,,0,0,N,0.0,0.0,0.0,,,,,,,,35.95091,-86.8186,False,Crashes_2010_2019_MPO
101279493,2016-07-05,2016,,94.0,,,0,0,N,0.0,0.0,0.0,,,,,,,,35.96681,-86.81119,True,Crashes_2010_2019_MPO
100858179,2015-06-09,2015,,19.0,,,0,0,N,0.0,0.0,0.0,,,,,,,,36.04121,-86.7761,False,Crashes_2010_2019_MPO
100886620,2015-07-15,2015,,19.0,,,0,0,N,0.0,0.0,0.0,,,,,,,,36.04531,-86.70166,False,Crashes_2010_2019_MPO
101270101,2016-06-21,2016,,94.0,,,0,0,N,0.0,0.0,0.0,,,,,,,,35.92337,-86.87173,False,Crashes_2010_2019_MPO
100735702,2015-02-11,2015,,94.0,,,0,0,N,0.0,0.0,0.0,,,,,,,,35.96706,-86.81344,True,Crashes_2010_2019_MPO
100444155,2014-02-18,2014,,94.0,,,0,0,N,0.0,0.0,0.0,,,,,,,,35.97926,-86.72521,True,Crashes_2010_2019_MPO
100940054,2015-08-26,2015,,94.0,,,0,0,N,0.0,0.0,0.0,,,,,,,,35.93454,-86.80481,False,Crashes_2010_2019_MPO
900103305,2010-05-26,2010,,94.0,,,0,0, ,0.0,0.0,0.0,,,,,,,,35.982716,-86.801788,True,Crashes_2010_2019_MPO
100850368,2015-05-26,2015,,94.0,,,0,0,N,0.0,0.0,0.0,,,,,,,,35.93223,-86.79427,False,Crashes_2010_2019_MPO
100770096,2015-03-10,2015,,94.0,,,0,0,N,0.0,0.0,0.0,,,,,,,,35.94024,-86.8213,False,Crashes_2010_2019_MPO
100975573,2015-10-08,2015,,94.0,,,0,0,N,0.0,0.0,0.0,,,,,,,,35.92819,-86.83094,False,Crashes_2010_2019_MPO
100942330,2015-08-31,2015,,19.0,,,0,0,N,0.0,0.0,0.0,,,,,,,,36.03798,-86.79788,False,Crashes_2010_2019_MPO
101985830,2018-04-22,2018,,94.0,,,0,0,N,0.0,0.0,0.0,,,,,,,,36.02657,-86.82847,True,Crashes_2010_2019_MPO
100637300,2014-10-03,2014,,19.0,,,0,0,N,0.0,0.0,0.0,,,,,,,,36.04524,-86.77908,False,Crashes_2010_2019_MPO
100998472,2015-10-28,2015,,94.0,,,0,0,N,0.0,0.0,0.0,,,,,,,,35.94771,-86.81973,False,Crashes_2010_2019_MPO
101365148,2016-09-20,2016,,94.0,,,0,0,N,0.0,0.0,0.0,,,,,,,,35.934,-86.81878,False,Crashes_2010_2019_MPO
101102767,2016-02-09,2016,,19.0,,,0,0,N,0.0,0.0,0.0,,,,,,,,36.0522,-86.74309,False,Crashes_2010_2019_MPO
101752291,2017-09-06,2017,,19.0,,,0,0,N,0.0,0.0,0.0,,,,,,,,36.0243,-86.74239,False,Crashes_2010_2019_MPO
100502941,2014-05-01,2014,,94.0,,,0,0,N,0.0,0.0,0.0,,,,,,,,35.99004,-86.74527,True,Crashes_2010_2019_MPO
100590399,2014-08-01,2014,,94.0,,,0,0,N,0.0,0.0,0.0,,,,,,,,35.9673,-86.79033,True,Crashes_2010_2019_MPO
102396772,2019-05-22,2019,,19.0,,,0,0,N,0.0,0.0,0.0,,,,,,,,36.04471,-86.71318,False,Crashes_2010_2019_MPO
101951616,2018-03-21,2018,,94.0,,,0,0,N,0.0,0.0,0.0,,,,,,,,35.92629,-86.86661,False,Crashes_2010_2019_MPO
101532304,2017-01-20,2017,,94.0,,,0,0,N,0.0,0.0,0.0,,,,,,,,35.96136,-86.81224,False,Crashes_2010_2019_MPO
100219357,2012-08-27,2012,,94.0,,,0,0,N,0.0,0.0,0.0,,,,,,,,36.0296,-86.79,True,Crashes_2010_2019_MPO
101158580,2016-04-06,2016,,94.0,,,0,0,N,0.0,0.0,0.0,,,,,,,,35.9583,-86.8023,False,Crashes_2010_2019_MPO
102094854,2018-08-01,2018,,94.0,,,0,0,N,0.0,0.0,0.0,,,,,,,,35.94801,-86.81995,False,Crashes_2010_2019_MPO
101041438,2015-12-02,2015,,19.0,,,0,0,N,0.0,0.0,0.0,,,,,,,,36.03686,-86.80184,True,Crashes_2010_2019_MPO
101119633,2016-02-19,2016,,19.0,,,0,0,N,0.0,0.0,0.0,,,,,,,,35.99851,-86.69218,False,Crashes_2010_2019_MPO
100441247,2014-02-10,2014,,94.0,,,0,0,Y,0.0,0.0,1.0,,,,,,,,35.94127,-86.8165,False,Crashes_2010_2019_MPO
101065468,2015-12-23,2015,,94.0,,,0,0,N,0.0,0.0,0.0,,,,,,,,35.95285,-86.81247,False,Crashes_2010_2019_MPO
100714523,2014-12-28,2014,,94.0,,,0,0,N,0.0,0.0,0.0,,,,,,,,35.95084,-86.81864,False,Crashes_2010_2019_MPO
102055872,2018-06-27,2018,,94.0,,,0,0,N,0.0,0.0,0.0,,,,,,,,35.96845,-86.81905,True,Crashes_2010_2019_MPO
101553217,2017-02-13,2017,,94.0,,,0,0,N,0.0,0.0,0.0,,,,,,,,35.99922,-86.80923,True,Crashes_2010_2019_MPO
100368019,2013-08-17,2013,,94.0,,,0,0,N,0.0,0.0,0.0,,,,,,,,35.93502,-86.77607,False,Crashes_2010_2019_MPO
101766847,2017-09-21,2017,,94.0,,,0,1,N,0.0,1.0,0.0,,,,,,,,35.9829,-86.8017,True,Crashes_2010_2019_MPO
101831530,2017-11-20,2017,,94.0,,,0,0,N,0.0,0.0,0.0,,,,,,,,35.95828,-86.81587,False,Crashes_2010_2019_MPO
101403444,2016-10-14,2016,,94.0,,,0,0,N,0.0,0.0,0.0,,,,,,,,35.94683,-86.85172,False,Crashes_2010_2019_MPO
102341099,2019-03-25,2019,,19.0,,,0,0,N,0.0,0.0,0.0,,,,,,,,36.03327,-86.7839,True,Crashes_2010_2019_MPO
100860405,2015-06-13,2015,,94.0,,,0,0,N,0.0,0.0,0.0,,,,,,,,35.98415,-86.81887,True,Crashes_2010_2019_MPO
102567214,2019-11-13,2019,,19.0,,,0,0,N,0.0,0.0,0.0,,,,,,,,36.04584,-86.69419,False,Crashes_2010_2019_MPO
101714709,2017-07-29,2017,,19.0,,,0,0,N,0.0,0.0,0.0,,,,,,,,36.0419,-86.70338,False,Crashes_2010_2019_MPO
100543804,2014-05-27,2014,,94.0,,,0,0,N,0.0,0.0,0.0,,,,,,,,35.96888,-86.7733,True,Crashes_2010_2019_MPO
100210397,2012-08-01,2012,,94.0,,,0,0,N,0.0,0.0,0.0,,,,,,,,35.97788,-86.80378,True,Crashes_2010_2019_MPO
100547033,2014-06-04,2014,,94.0,,,0,0,N,0.0,0.0,0.0,,,,,,,,35.99291,-86.81252,True,Crashes_2010_2019_MPO
100381698,2013-09-20,2013,,94.0,,,0,0,N,0.0,0.0,0.0,,,,,,,,35.96683,-86.81078,True,Crashes_2010_2019_MPO
102036796,2018-06-08,2018,,19.0,,,0,0,N,0.0,0.0,0.0,,,,,,,,36.04195,-86.78235,False,Crashes_2010_2019_MPO
101473775,2016-12-11,2016,,19.0,,,0,0,N,0.0,0.0,0.0,,,,,,,,36.05219,-86.75183,False,Crashes_2010_2019_MPO
101554742,2017-02-15,2017,,94.0,,,0,0,N,0.0,0.0,0.0,,,,,,,,35.95724,-86.81662,False,Crashes_2010_2019_MPO
102103511,2018-08-09,2018,,19.0,,,0,0,N,0.0,0.0,0.0,,,,,,,,36.04499,-86.85142,False,Crashes_2010_2019_MPO
101482996,2016-12-20,2016,,94.0,,,0,0,N,0.0,0.0,0.0,,,,,,,,36.0101,-86.8785,False,Crashes_2010_2019_MPO
100323485,2013-05-01,2013,,94.0,,,0,0,N,0.0,0.0,0.0,,,,,,,,36.03522,-86.80733,True,Crashes_2010_2019_MPO
100722034,2015-01-14,2015,,94.0,,,0,0,N,0.0,0.0,0.0,,,,,,,,35.9256,-86.87662,False,Crashes_2010_2019_MPO
100589033,2014-07-29,2014,,94.0,,,0,0,N,0.0,0.0,0.0,,,,,,,,35.94858,-86.81993,False,Crashes_2010_2019_MPO
102593472,2019-12-09,2019,,94.0,,,0,0,Y,0.0,0.0,1.0,,,,,,,,36.00191,-86.7799,True,Crashes_2010_2019_MPO
100394515,2013-10-06,2013,,94.0,,,0,0,N,0.0,0.0,0.0,,,,,,,,35.92722,-86.86904,False,Crashes_2010_2019_MPO
101303415,2016-07-26,2016,,94.0,,,0,0,N,0.0,0.0,0.0,,,,,,,,35.95991,-86.80184,False,Crashes_2010_2019_MPO
101075347,2016-01-11,2016,,94.0,,,0,1,N,0.0,1.0,0.0,,,,,,,,35.9462,-86.80876,False,Crashes_2010_2019_MPO
100682279,2014-11-17,2014,,94.0,,,0,0,N,0.0,0.0,0.0,,,,,,,,35.98819,-86.70616,True,Crashes_2010_2019_MPO
100638930,2014-10-04,2014,,94.0,,,0,1,N,0.0,1.0,0.0,,,,,,,,36.01965,-86.82072,True,Crashes_2010_2019_MPO