mstrrecnbr,collision_ts,year,county,countystat,crash,crash_type,fatalities,non_motorists,commercial,fatal_c,nonmotor_c,truck_c,fatalc,serious_injuries,ped,bike,lighting,weather,first_harmful_event,latitude,longitude,in_city,src_layer
101813008,2017-11-03,2017,,94.0,,,0,0,N,0.0,0.0,0.0,,,,,,,,35.97776,-86.80359,True,Crashes_2010_2019_MPO
102598752,2019-12-15,2019,,19.0,,,0,0,N,0.0,0.0,0.0,,,,,,,,36.05052,-86.71408,False,Crashes_2010_2019_MPO
101246443,2016-06-15,2016,,94.0,,,0,0,N,0.0,0.0,0.0,,,,,,,,35.99249,-86.81276,True,Crashes_2010_2019_MPO
102369458,2019-04-23,2019,,94.0,,,0,0,N,0.0,0.0,0.0,,,,,,,,35.99647,-86.79736,True,Crashes_2010_2019_MPO
101049219,2015-12-14,2015,,94.0,,,0,0,N,0.0,0.0,0.0,,,,,,,,35.94782,-86.81975,False,Crashes_2010_2019_MPO
101393092,2016-09-29,2016,,94.0,,,0,0,N,0.0,0.0,0.0,,,,,,,,35.93294,-86.82389,False,Crashes_2010_2019_MPO
102483481,2019-08-18,2019,,94.0,,,0,0,N,0.0,0.0,0.0,,,,,,,,35.96198,-86.81518,False,Crashes_2010_2019_MPO
101476043,2016-12-13,2016,,94.0,,,0,0,N,0.0,0.0,0.0,,,,,,,,35.93215,-86.79441,False,Crashes_2010_2019_MPO
101396097,2016-10-04,2016,,19.0,,,0,0,N,0.0,0.0,0.0,,,,,,,,36.03939,-86.71282,False,Crashes_2010_2019_MPO
100921156,2015-08-11,2015,,19.0,,,0,0,N,0.0,0.0,0.0,,,,,,,,36.04545,-86.7036,False,Crashes_2010_2019_MPO
101282812,2016-07-09,2016,,94.0,,,0,0,N,0.0,0.0,0.0,,,,,,,,36.00702,-86.87439,False,Crashes_2010_2019_MPO
100312791,2013-04-05,2013,,94.0,,,0,0,N,0.0,0.0,0.0,,,,,,,,35.92586,-86.87122,False,Crashes_2010_2019_MPO
102350006,2019-04-04,2019,,94.0,,,0,0,N,0.0,0.0,0.0,,,,,,,,35.96657,-86.81023,True,Crashes_2010_2019_MPO
101645401,2017-05-15,2017,,94.0,,,0,0,N,0.0,0.0,0.0,,,,,,,,35.9535,-86.8123,False,Crashes_2010_2019_MPO
100332892,2013-05-18,2013,,94.0,,,0,0,N,0.0,0.0,0.0,,,,,,,,35.95084,-86.81864,False,Crashes_2010_2019_MPO
101099496,2016-02-04,2016,,94.0,,,0,0,N,0.0,0.0,0.0,,,,,,,,35.9668,-86.69551,False,Crashes_2010_2019_MPO
100801459,2015-04-02,2015,,19.0,,,0,0,N,0.0,0.0,0.0,,,,,,,,36.0417,-86.74862,False,Crashes_2010_2019_MPO
100796779,2015-03-24,2015,,94.0,,,0,0,N,0.0,0.0,0.0,,,,,,,,36.0173,-86.78621,True,Crashes_2010_2019_MPO
102596884,2019-12-13,2019,,94.0,,,0,0,N,0.0,0.0,0.0,,,,,,,,35.92957,-86.84187,False,Crashes_2010_2019_MPO
102030189,2018-06-01,2018,,94.0,,,0,0,N,0.0,0.0,0.0,,,,,,,,35.99759,-86.79687,True,Crashes_2010_2019_MPO
102256191,2018-12-21,2018,,94.0,,,0,0,N,0.0,0.0,0.0,,,,,,,,35.97771,-86.70227,True,Crashes_2010_2019_MPO
100861223,2015-06-15,2015,,94.0,,,0,0,N,0.0,0.0,0.0,,,,,,,,35.94702,-86.81984,False,Crashes_2010_2019_MPO
101458114,2016-11-23,2016,,94.0,,,0,0,N,0.0,0.0,0.0,,,,,,,,36.01559,-86.7406,False,Crashes_2010_2019_MPO
100658259,2014-10-23,2014,,94.0,,,0,0,N,0.0,0.0,0.0,,,,,,,,35.95457,-86.71367,False,Crashes_2010_2019_MPO
101596998,2017-03-26,2017,,94.0,,,1,0,N,1.0,0.0,0.0,,,,,,,,35.99912,-86.79585,True,Crashes_2010_2019_MPO
100701408,2014-12-04,2014,,94.0,,,0,0,N,0.0,0.0,0.0,,,,,,,,35.9379,-86.82191,False,Crashes_2010_2019_MPO
101816340,2017-11-05,2017,,94.0,,,0,0,N,0.0,0.0,0.0,,,,,,,,35.95197,-86.81808,False,Crashes_2010_2019_MPO
101163381,2016-04-13,2016,,94.0,,,0,0,N,0.0,0.0,0.0,,,,,,,,35.93665,-86.8481,False,Crashes_2010_2019_MPO
100608893,2014-08-21,2014,,94.0,,,0,0,N,0.0,0.0,0.0,,,,,,,,35.96281,-86.81153,False,Crashes_2010_2019_MPO
101963693,2018-04-01,2018,,19.0,,,0,0,N,0.0,0.0,0.0,,,,,,,,36.02995,-86.70322,False,Crashes_2010_2019_MPO
102218014,2018-11-20,2018,,94.0,,,0,0,N,0.0,0.0,0.0,,,,,,,,35.94508,-86.87854,False,Crashes_2010_2019_MPO
101951046,2018-03-21,2018,,94.0,,,0,0,N,0.0,0.0,0.0,,,,,,,,36.00849,-86.78639,True,Crashes_2010_2019_MPO
102303740,2019-02-12,2019,,19.0,,,0,0,N,0.0,0.0,0.0,,,,,,,,36.04128,-86.72665,False,Crashes_2010_2019_MPO
100154709,2012-03-02,2012,,94.0,,,0,0,Y,0.0,0.0,1.0,,,,,,,,35.92491,-86.82471,False,Crashes_2010_2019_MPO
101974715,2018-04-12,2018,,19.0,,,0,0,N,0.0,0.0,0.0,,,,,,,,36.05364,-86.74289,False,Crashes_2010_2019_MPO
100731098,2015-02-02,2015,,94.0,,,0,0,N,0.0,0.0,0.0,,,,,,,,35.98418,-86.81884,True,Crashes_2010_2019_MPO
102477865,2019-08-14,2019,,94.0,,,0,0,N,0.0,0.0,0.0,,,,,,,,35.95789,-86.80257,False,Crashes_2010_2019_MPO
102104111,2018-08-10,2018,,19.0,,,0,0,N,0.0,0.0,0.0,,,,,,,,35.99108,-86.68339,False,Crashes_2010_2019_MPO
101945039,2018-03-14,2018,,94.0,,,0,0,N,0.0,0.0,0.0,,,,,,,,35.93374,-86.81767,False,Crashes_2010_2019_MPO
100298247,2013-02-26,2013,,94.0,,,0,0,N,0.0,0.0,0.0,,,,,,,,35.93106,-86.7152,False,Crashes_2010_2019_MPO
101269853,2016-06-21,2016,,19.0,,,0,0,N,0.0,0.0,0.0,,,,,,,,36.04792,-86.86495,False,Crashes_2010_2019_MPO
102388849,2019-05-14,2019,,19.0,,,0,0,N,0.0,0.0,0.0,,,,,,,,36.03765,-86.78498,False,Crashes_2010_2019_MPO
100963378,2015-09-19,2015,,94.0,,,0,0,N,0.0,0.0,0.0,,,,,,,,35.96877,-86.8099,True,Crashes_2010_2019_MPO
102322814,2019-03-06,2019,,94.0,,,0,0,N,0.0,0.0,0.0,,,,,,,,35.93451,-86.86097,False,Crashes_2010_2019_MPO
101908902,2018-02-06,2018,,94.0,,,0,0,N,0.0,0.0,0.0,,,,,,,,35.94704,-86.8213,False,Crashes_2010_2019_MPO
100994069,2015-10-22,2015,,19.0,,,0,0,N,0.0,0.0,0.0,,,,,,,,36.04028,-86.76837,False,Crashes_2010_2019_MPO
100421550,2013-12-19,2013,,94.0,,,0,0,N,0.0,0.0,0.0,,,,,,,,35.95133,-86.81834,False,Crashes_2010_2019_MPO
101456419,2016-11-21,2016,,94.0,,,0,0,N,0.0,0.0,0.0,,,,,,,,35.97685,-86.77673,True,Crashes_2010_2019_MPO
100341480,2013-06-01,2013,,94.0,,,0,0,N,0.0,0.0,0.0,,,,,,,,35.96203,-86.81531,False,Crashes_2010_2019_MPO
100426159,2014-01-01,2014,,94.0,,,0,0,N,0.0,0.0,0.0,,,,,,,,35.95789,-86.8131,False,Crashes_2010_2019_MPO
102193734,2018-10-29,2018,,19.0,,,0,1,N,0.0,1.0,0.0,,,,,,,,36.04445,-86.74403,False,Crashes_2010_2019_MPO
102372921,2019-04-26,2019,,94.0,,,0,0,N,0.0,0.0,0.0,,,,,,,,35.92321,-86.87307,False,Crashes_2010_2019_MPO
101094601,2016-01-27,2016,,19.0,,,0,0,N,0.0,0.0,0.0,,,,,,,,36.03794,-86.79738,False,Crashes_2010_2019_MPO
101746756,2017-08-31,2017,,94.0,,,0,0,N,0.0,0.0,0.0,,,,,,,,35.94924,-86.75256,True,Crashes_2010_2019_MPO
100571713,2014-07-11,2014,,94.0,,,0,0,N,0.0,0.0,0.0,,,,,,,,35.95644,-86.83689,False,Crashes_2010_2019_MPO
100506405,2014-05-09,2014,,94.0,,,0,0,N,0.0,0.0,0.0,,,,,,,,36.01689,-86.78609,True,Crashes_2010_2019_MPO
101550771,2017-02-08,2017,,94.0,,,0,0,N,0.0,0.0,0.0,,,,,,,,36.02912,-86.78402,True,Crashes_2010_2019_MPO
101147438,2016-03-20,2016,,19.0,,,0,0,N,0.0,0.0,0.0,,,,,,,,36.03749,-86.78507,False,Crashes_2010_2019_MPO
101690821,2017-07-03,2017,,94.0,,,0,0,N,0.0,0.0,0.0,,,,,,,,36.01515,-86.78585,True,Crashes_2010_2019_MPO
101353115,2016-09-03,2016,,94.0,,,0,0,N,0.0,0.0,0.0,,,,,,,,35.92641,-86.82447,False,Crashes_2010_2019_MPO
100729392,2015-01-29,2015,,94.0,,,0,0,N,0.0,0.0,0.0,,,,,,,,35.96691,-86.81361,True,Crashes_2010_2019_MPO
100220284,2012-08-29,2012,,94.0,,,0,0,N,0.0,0.0,0.0,,,,,,,,36.01534,-86.81647,True,Crashes_2010_2019_MPO
101883840,2018-01-11,2018,,94.0,,,0,0,N,0.0,0.0,0.0,,,,,,,,35.93374,-86.81767,False,Crashes_2010_2019_MPO
100608339,2014-08-20,2014,,94.0,,,0,0,N,0.0,0.0,0.0,,,,,,,,35.97559,-86.83876,False,Crashes_2010_2019_MPO
100695378,2014-11-23,2014,,94.0,,,0,0,N,0.0,0.0,0.0,,,,,,,,35.95534,-86.87503,False,Crashes_2010_2019_MPO
101547832,2017-02-08,2017,,19.0,,,0,0,N,0.0,0.0,0.0,,,,,,,,36.03326,-86.71151,False,Crashes_2010_2019_MPO
102324864,2019-03-08,2019,,94.0,,,0,0,N,0.0,0.0,0.0,,,,,,,,35.94164,-86.85584,False,Crashes_2010_2019_MPO
100679580,2014-11-13,2014,,94.0,,,0,0,N,0.0,0.0,0.0,,,,,,,,36.01481,-86.73076,False,Crashes_2010_2019_MPO
100657189,2014-10-22,2014,,94.0,,,0,0,N,0.0,0.0,0.0,,,,,,,,35.95382,-86.80379,False,Crashes_2010_2019_MPO
101844471,2017-12-01,2017,,94.0,,,0,0,N,0.0,0.0,0.0,,,,,,,,35.99759,-86.79685,True,Crashes_2010_2019_MPO
101389503,2016-09-25,2016,,94.0,,,0,0,N,0.0,0.0,0.0,,,,,,,,35.9308,-86.84779,False,Crashes_2010_2019_MPO
102379846,2019-05-04,2019,,19.0,,,0,0,N,0.0,0.0,0.0,,,,,,,,36.0522,-86.74309,False,Crashes_2010_2019_MPO
101789450,2017-10-12,2017,,94.0,,,0,0,N,0.0,0.0,0.0,,,,,,,,35.94713,-86.82026,False,Crashes_2010_2019_MPO
102422755,2019-06-18,2019,,19.0,,,0,0,N,0.0,0.0,0.0,,,,,,,,36.02405,-86.68035,False,Crashes_2010_2019_MPO
100977363,2015-10-11,2015,,94.0,,,0,0,N,0.0,0.0,0.0,,,,,,,,35.99371,-86.77542,True,Crashes_2010_2019_MPO
101454809,2016-11-19,2016,,94.0,,,0,0,N,0.0,0.0,0.0,,,,,,,,35.9912,-86.68349,False,Crashes_2010_2019_MPO
102375677,2019-04-28,2019,,94.0,,,0,0,N,0.0,0.0,0.0,,,,,,,,35.94796,-86.81913,False,Crashes_2010_2019_MPO
101153812,2016-03-30,2016,,19.0,,,0,0,N,0.0,0.0,0.0,,,,,,,,36.04707,-86.86182,False,Crashes_2010_2019_MPO
101351614,2016-09-01,2016,,19.0,,,0,0,N,0.0,0.0,0.0,,,,,,,,36.03878,-86.74343,False,Crashes_2010_2019_MPO
100503160,2014-05-01,2014,,94.0,,,0,0,N,0.0,0.0,0.0,,,,,,,,35.96174,-86.80177,True,Crashes_2010_2019_MPO
101006793,2015-11-10,2015,,94.0,,,0,0,N,0.0,0.0,0.0,,,,,,,,35.9583,-86.8023,False,Crashes_2010_2019_MPO
100700047,2014-12-02,2014,,19.0,,,0,0,N,0.0,0.0,0.0,,,,,,,,36.04125,-86.78255,False,Crashes_2010_2019_MPO
102184597,2018-10-21,2018,,94.0,,,0,0,N,0.0,0.0,0.0,,,,,,,,35.96705,-86.81355,True,Crashes_2010_2019_MPO
100909350,2015-07-20,2015,,94.0,,,0,0,N,0.0,0.0,0.0,,,,,,,,35.96413,-86.80216,True,Crashes_2010_2019_MPO
100066543,2011-06-20,2011,,94.0,,,0,0,N,0.0,0.0,0.0,,,,,,,,35.937824,-86.706153,False,Crashes_2010_2019_MPO
101610222,2017-04-10,2017,,19.0,,,0,0,N,0.0,0.0,0.0,,,,,,,,36.0374,-86.78657,False,Crashes_2010_2019_MPO
102120912,2018-08-24,2018,,19.0,,,0,0,N,0.0,0.0,0.0,,,,,,,,35.99657,-86.69015,False,Crashes_2010_2019_MPO
101402739,2016-10-13,2016,,19.0,,,0,0,N,0.0,0.0,0.0,,,,,,,,36.03991,-86.74202,False,Crashes_2010_2019_MPO
100752232,2015-02-22,2015,,19.0,,,0,0,N,0.0,0.0,0.0,,,,,,,,36.03144,-86.67788,False,Crashes_2010_2019_MPO
101040391,2015-12-01,2015,,19.0,,,0,0,Y,0.0,0.0,1.0,,,,,,,,36.04014,-86.78264,False,Crashes_2010_2019_MPO
102390187,2019-05-15,2019,,19.0,,,0,0,N,0.0,0.0,0.0,,,,,,,,36.0409,-86.77938,False,Crashes_2010_2019_MPO
100466391,2014-03-20,2014,,94.0,,,0,0,N,0.0,0.0,0.0,,,,,,,,35.9583,-86.80229,False,Crashes_2010_2019_MPO
102482735,2019-08-19,2019,,94.0,,,0,0,N,0.0,0.0,0.0,,,,,,,,36.0316,-86.78371,True,Crashes_2010_2019_MPO
101966864,2018-04-04,2018,,19.0,,,0,0,N,0.0,0.0,0.0,,,,,,,,35.99569,-86.68817,False,Crashes_2010_2019_MPO
101148122,2016-03-21,2016,,94.0,,,0,0,N,0.0,0.0,0.0,,,,,,,,35.96654,-86.80936,True,Crashes_2010_2019_MPO
101926433,2018-02-23,2018,,94.0,,,0,0,N,0.0,0.0,0.0,,,,,,,,35.98565,-86.6777,False,Crashes_2010_2019_MPO
100354710,2013-07-15,2013,,94.0,,,0,0,N,0.0,0.0,0.0,,,,,,,,35.98742,-86.73816,True,Crashes_2010_2019_MPO
100266489,2012-12-14,2012,,94.0,,,0,0,N,0.0,0.0,0.0,,,,,,,,35.93459,-86.8198,False,Crashes_2010_2019_MPO
101679555,2017-06-21,2017,,19.0,,,0,0,N,0.0,0.0,0.0,,,,,,,,36.05083,-86.71417,False,Crashes_2010_2019_MPO
102258403,2018-12-26,2018,,94.0,,,0,0,N,0.0,0.0,0.0,,,,,,,,35.96504,-86.81374,False,Crashes_2010_2019_MPO
102527677,2019-10-02,2019,,94.0,,,0,0,N,0.0,0.0,0.0,,,,,,,,35.96665,-86.80941,True,Crashes_2010_2019_MPO
101633248,2017-05-02,2017,,94.0,,,0,0,N,0.0,0.0,0.0,,,,,,,,35.95401,-86.84596,False,Crashes_2010_2019_MPO
102035512,2018-06-07,2018,,19.0,,,0,0,N,0.0,0.0,0.0,,,,,,,,36.04052,-86.78238,False,Crashes_2010_2019_MPO
101045474,2015-12-08,2015,,94.0,,,0,0,N,0.0,0.0,0.0,,,,,,,,35.95642,-86.84403,False,Crashes_2010_2019_MPO
101304477,2016-07-27,2016,,19.0,,,0,0,N,0.0,0.0,0.0,,,,,,,,36.04579,-86.85574,False,Crashes_2010_2019_MPO
101810508,2017-10-31,2017,,94.0,,,0,0,N,0.0,0.0,0.0,,,,,,,,35.97015,-86.80622,True,Crashes_2010_2019_MPO
101534138,2017-01-25,2017,,94.0,,,0,0,N,0.0,0.0,0.0,,,,,,,,35.96655,-86.80932,True,Crashes_2010_2019_MPO
102235296,2018-12-04,2018,,94.0,,,0,0,N,0.0,0.0,0.0,,,,,,,,35.93449,-86.82011,False,Crashes_2010_2019_MPO
101145496,2016-03-16,2016,,94.0,,,0,0,N,0.0,0.0,0.0,,,,,,,,35.97125,-86.80584,True,Crashes_2010_2019_MPO
100590514,2014-07-31,2014,,94.0,,,0,0,N,0.0,0.0,0.0,,,,,,,,35.96042,-86.80152,False,Crashes_2010_2019_MPO
101068691,2015-12-29,2015,,94.0,,,0,0,N,0.0,0.0,0.0,,,,,,,,35.96735,-86.81505,True,Crashes_2010_2019_MPO
101193450,2016-05-08,2016,,19.0,,,0,0,N,0.0,0.0,0.0,,,,,,,,36.03989,-86.74346,False,Crashes_2010_2019_MPO
101061898,2015-12-17,2015,,94.0,,,0,0,N,0.0,0.0,0.0,,,,,,,,35.96958,-86.82012,True,Crashes_2010_2019_MPO
101127822,2016-03-04,2016,,94.0,,,0,0,N,0.0,0.0,0.0,,,,,,,,35.93215,-86.79441,False,Crashes_2010_2019_MPO
100752747,2015-02-25,2015,,94.0,,,0,0,N,0.0,0.0,0.0,,,,,,,,35.93313,-86.81153,False,Crashes_2010_2019_MPO
101070986,2016-01-02,2016,,19.0,,,0,0,N,0.0,0.0,0.0,,,,,,,,35.99816,-86.68106,False,Crashes_2010_2019_MPO
102430013,2019-06-27,2019,,94.0,,,0,0,N,0.0,0.0,0.0,,,,,,,,36.03574,-86.78735,True,Crashes_2010_2019_MPO
102389809,2019-05-15,2019,,19.0,,,0,0,N,0.0,0.0,0.0,,,,,,,,36.04627,-86.67682,False,Crashes_2010_2019_MPO
100938488,2015-08-23,2015,,19.0,,,0,0,N,0.0,0.0,0.0,,,,,,,,36.03906,-86.73498,False,Crashes_2010_2019_MPO
101903624,2018-02-01,2018,,19.0,,,0,0,N,0.0,0.0,0.0,,,,,,,,36.05186,-86.77516,False,Crashes_2010_2019_MPO
100634915,2014-09-27,2014,,19.0,,,0,0,N,0.0,0.0,0.0,,,,,,,,36.04001,-86.74349,False,Crashes_2010_2019_MPO
101780835,2017-10-04,2017,,94.0,,,0,0,N,0.0,0.0,0.0,,,,,,,,36.03614,-86.79498,True,Crashes_2010_2019_MPO
102051126,2018-06-22,2018,,19.0,,,0,0,N,0.0,0.0,0.0,,,,,,,,35.99586,-86.69093,False,Crashes_2010_2019_MPO
102045219,2018-06-16,2018,,19.0,,,0,0,N,0.0,0.0,0.0,,,,,,,,36.04243,-86.71287,False,Crashes_2010_2019_MPO
102590586,2019-12-06,2019,,94.0,,,0,0,N,0.0,0.0,0.0,,,,,,,,35.9255,-86.8438,False,Crashes_2010_2019_MPO
101727023,2017-08-11,2017,,94.0,,,0,0,N,0.0,0.0,0.0,,,,,,,,35.92311,-86.8718,False,Crashes_2010_2019_MPO
101329587,2016-08-06,2016,,19.0,,,0,0,N,0.0,0.0,0.0,,,,,,,,36.04521,-86.7149,False,Crashes_2010_2019_MPO
100723170,2015-01-16,2015,,19.0,,,0,0,N,0.0,0.0,0.0,,,,,,,,36.04542,-86.71317,False,Crashes_2010_2019_MPO
101595680,2017-03-27,2017,,19.0,,,0,0,N,0.0,0.0,0.0,,,,,,,,36.04231,-86.78224,False,Crashes_2010_2019_MPO
100436376,2014-01-29,2014,,94.0,,,0,0,N,0.0,0.0,0.0,,,,,,,,35.94697,-86.82184,False,Crashes_2010_2019_MPO
101390921,2016-09-27,2016,,19.0,,,0,0,N,0.0,0.0,0.0,,,,,,,,36.04649,-86.6778,False,Crashes_2010_2019_MPO
102375950,2019-04-30,2019,,94.0,,,0,0,N,0.0,0.0,0.0,,,,,,,,35.99527,-86.77646,True,Crashes_2010_2019_MPO
102012761,2018-05-16,2018,,19.0,,,0,0,N,0.0,0.0,0.0,,,,,,,,36.03256,-86.7687,False,Crashes_2010_2019_MPO
100971081,2015-10-01,2015,,19.0,,,0,0,N,0.0,0.0,0.0,,,,,,,,36.04245,-86.78219,False,Crashes_2010_2019_MPO
100773486,2015-03-17,2015,,19.0,,,0,0,N,0.0,0.0,0.0,,,,,,,,36.04162,-86.74921,False,Crashes_2010_2019_MPO
102491987,2019-08-29,2019,,94.0,,,0,0,N,0.0,0.0,0.0,,,,,,,,35.96028,-86.80183,False,Crashes_2010_2019_MPO
102435041,2019-07-02,2019,,94.0,,,0,0,N,0.0,0.0,0.0,,,,,,,,35.93215,-86.79441,False,Crashes_2010_2019_MPO
100402290,2013-11-07,2013,,94.0,,,0,0,N,0.0,0.0,0.0,,,,,,,,35.95787,-86.81048,False,Crashes_2010_2019_MPO
100721162,2015-01-12,2015,,19.0,,,0,0,N,0.0,0.0,0.0,,,,,,,,36.04299,-86.84232,False,Crashes_2010_2019_MPO
102161529,2018-09-26,2018,,94.0,,,0,0,N,0.0,0.0,0.0,,,,,,,,35.97776,-86.80359,True,Crashes_2010_2019_MPO
102275376,2019-01-12,2019,,94.0,,,0,0,N,0.0,0.0,0.0,,,,,,,,35.99609,-86.78496,True,Crashes_2010_2019_MPO
102016523,2018-05-18,2018,,94.0,,,0,0,N,0.0,0.0,0.0,,,,,,,,35.93215,-86.79441,False,Crashes_2010_2019_MPO
102033991,2018-06-05,2018,,94.0,,,0,0,N,0.0,0.0,0.0,,,,,,,,35.98913,-86.68168,False,Crashes_2010_2019_MPO
100847910,2015-05-21,2015,,19.0,,,0,0,N,0.0,0.0,0.0,,,,,,,,36.04605,-86.74388,False,Crashes_2010_2019_MPO
100222220,2012-09-03,2012,,19.0,,,0,0,N,0.0,0.0,0.0,,,,,,,,36.03741,-86.7978,True,Crashes_2010_2019_MPO
100018748,2010-11-29,2010,,94.0,,,0,0,N,0.0,0.0,0.0,,,,,,,,35.972301,-86.86648,False,Crashes_2010_2019_MPO
101042153,2015-12-03,2015,,19.0,,,0,0,N,0.0,0.0,0.0,,,,,,,,35.99522,-86.68755,False,Crashes_2010_2019_MPO
101394754,2016-10-01,2016,,94.0,,,0,0,N,0.0,0.0,0.0,,,,,,,,35.95672,-86.81086,False,Crashes_2010_2019_MPO
102194397,2018-10-29,2018,,94.0,,,0,0,N,0.0,0.0,0.0,,,,,,,,35.92649,-86.82535,False,Crashes_2010_2019_MPO
100351693,2013-07-07,2013,,94.0,,,0,0,N,0.0,0.0,0.0,,,,,,,,35.93393,-86.81752,False,Crashes_2010_2019_MPO
100328508,2013-05-13,2013,,94.0,,,0,0,N,0.0,0.0,0.0,,,,,,,,35.99621,-86.78605,True,Crashes_2010_2019_MPO
101877990,2018-01-04,2018,,19.0,,,0,0,N,0.0,0.0,0.0,,,,,,,,36.04526,-86.71704,False,Crashes_2010_2019_MPO
102391197,2019-05-11,2019,,19.0,,,0,0,N,0.0,0.0,0.0,,,,,,,,36.03522,-86.78326,False,Crashes_2010_2019_MPO
101944527,2018-03-15,2018,,94.0,,,0,0,N,0.0,0.0,0.0,,,,,,,,35.95004,-86.84915,False,Crashes_2010_2019_MPO
100369722,2013-08-21,2013,,94.0,,,0,0,N,0.0,0.0,0.0,,,,,,,,35.94355,-86.8445,False,Crashes_2010_2019_MPO
101944641,2018-03-15,2018,,19.0,,,0,0,N,0.0,0.0,0.0,,,,,,,,36.04481,-86.84894,False,Crashes_2010_2019_MPO
102469591,2019-08-06,2019,,94.0,,,0,0,N,0.0,0.0,0.0,,,,,,,,35.93249,-86.80616,False,Crashes_2010_2019_MPO
102091985,2018-07-25,2018,,94.0,,,0,0,N,0.0,0.0,0.0,,,,,,,,35.99835,-86.79634,True,Crashes_2010_2019_MPO
101622518,2017-04-22,2017,,94.0,,,0,0,N,0.0,0.0,0.0,,,,,,,,35.92641,-86.82453,False,Crashes_2010_2019_MPO
100829682,2015-05-01,2015,,94.0,,,0,0,N,0.0,0.0,0.0,,,,,,,,35.95799,-86.81639,False,Crashes_2010_2019_MPO
100267806,2012-12-17,2012,,94.0,,,0,0,N,0.0,0.0,0.0,,,,,,,,36.03397,-86.80165,True,Crashes_2010_2019_MPO
100680437,2014-11-14,2014,,94.0,,,0,0,N,0.0,0.0,0.0,,,,,,,,35.92599,-86.82453,False,Crashes_2010_2019_MPO
100947559,2015-09-09,2015,,94.0,,,0,0,N,0.0,0.0,0.0,,,,,,,,35.92945,-86.82265,False,Crashes_2010_2019_MPO
102040928,2018-06-12,2018,,19.0,,,0,0,N,0.0,0.0,0.0,,,,,,,,36.04749,-86.72886,False,Crashes_2010_2019_MPO
101287898,2016-07-18,2016,,94.0,,,0,0,N,0.0,0.0,0.0,,,,,,,,36.03614,-86.79498,True,Crashes_2010_2019_MPO
100290082,2013-02-07,2013,,94.0,,,0,0,N,0.0,0.0,0.0,,,,,,,,36.02738,-86.78445,True,Crashes_2010_2019_MPO
101545953,2017-02-05,2017,,19.0,,,0,0,N,0.0,0.0,0.0,,,,,,,,36.04537,-86.71326,False,Crashes_2010_2019_MPO
101588202,2017-03-20,2017,,94.0,,,0,0,N,0.0,0.0,0.0,,,,,,,,35.96588,-86.80316,True,Crashes_2010_2019_MPO
102002638,2018-05-07,2018,,19.0,,,0,0,N,0.0,0.0,0.0,,,,,,,,36.03337,-86.76883,False,Crashes_2010_2019_MPO
102326871,2019-03-10,2019,,94.0,,,0,0,N,0.0,0.0,0.0,,,,,,,,35.9501,-86.81891,False,Crashes_2010_2019_MPO
102289664,2019-01-27,2019,,19.0,,,0,0,N,0.0,0.0,0.0,,,,,,,,36.04611,-86.71824,False,Crashes_2010_2019_MPO
101944501,2018-03-15,2018,,94.0,,,0,0,N,0.0,0.0,0.0,,,,,,,,36.03457,-86.80273,True,Crashes_2010_2019_MPO
101748591,2017-09-01,2017,,94.0,,,0,0,N,0.0,0.0,0.0,,,,,,,,35.97653,-86.82718,True,Crashes_2010_2019_MPO
101533260,2017-01-24,2017,,94.0,,,0,0,N,0.0,0.0,0.0,,,,,,,,35.96677,-86.81092,True,Crashes_2010_2019_MPO
102250705,2018-12-17,2018,,94.0,,,0,0,N,0.0,0.0,0.0,,,,,,,,35.94449,-86.81981,False,Crashes_2010_2019_MPO
100737778,2015-02-16,2015,,94.0,,,0,0,N,0.0,0.0,0.0,,,,,,,,35.9379,-86.82191,False,Crashes_2010_2019_MPO
102353349,2019-04-07,2019,,19.0,,,0,0,N,0.0,0.0,0.0,,,,,,,,36.04543,-86.70361,False,Crashes_2010_2019_MPO
102475401,2019-08-12,2019,,94.0,,,0,0,N,0.0,0.0,0.0,,,,,,,,35.967197,-86.808693,True,Crashes_2010_2019_MPO
100829691,2015-05-06,2015,,94.0,,,0,0,N,0.0,0.0,0.0,,,,,,,,35.99615,-86.78551,True,Crashes_2010_2019_MPO
101121951,2016-02-24,2016,,19.0,,,0,0,N,0.0,0.0,0.0,,,,,,,,36.04271,-86.74282,False,Crashes_2010_2019_MPO
101050834,2015-12-16,2015,,94.0,,,0,0,N,0.0,0.0,0.0,,,,,,,,35.97544,-86.83067,True,Crashes_2010_2019_MPO
100660516,2014-10-28,2014,,94.0,,,0,0,N,0.0,0.0,0.0,,,,,,,,35.98153,-86.76138,True,Crashes_2010_2019_MPO
101810444,2017-10-31,2017,,94.0,,,0,0,N,0.0,0.0,0.0,,,,,,,,35.95291,-86.8122,False,Crashes_2010_2019_MPO
100656012,2014-10-18,2014,,94.0,,,0,0,N,0.0,0.0,0.0,,,,,,,,35.93434,-86.81904,False,Crashes_2010_2019_MPO
102235413,2018-12-04,2018,,19.0,,,0,0,N,0.0,0.0,0.0,,,,,,,,36.04168,-86.74882,False,Crashes_2010_2019_MPO
100951409,2015-09-15,2015,,94.0,,,0,0,N,0.0,0.0,0.0,,,,,,,,35.93465,-86.86087,False,Crashes_2010_2019_MPO
101152968,2016-03-29,2016,,94.0,,,0,0,N,0.0,0.0,0.0,,,,,,,,35.93278,-86.7138,False,Crashes_2010_2019_MPO
100377810,2013-09-11,2013,,94.0,,,0,0,N,0.0,0.0,0.0,,,,,,,,35.9975,-86.79501,True,Crashes_2010_2019_MPO
102134820,2018-09-05,2018,,19.0,,,0,0,N,0.0,0.0,0.0,,,,,,,,36.02348,-86.68815,False,Crashes_2010_2019_MPO
100679604,2014-11-13,2014,,94.0,,,0,0,N,0.0,0.0,0.0,,,,,,,,36.02884,-86.76921,True,Crashes_2010_2019_MPO