mstrrecnbr,collision_ts,year,county,countystat,crash,crash_type,fatalities,non_motorists,commercial,fatal_c,nonmotor_c,truck_c,fatalc,serious_injuries,ped,bike,lighting,weather,first_harmful_event,latitude,longitude,in_city,src_layer
101360088,2016-09-13,2016,,19.0,,,0,0,N,0.0,0.0,0.0,,,,,,,,36.04278,-86.7441,False,Crashes_2010_2019_MPO
101330798,2016-08-18,2016,,19.0,,,0,0,N,0.0,0.0,0.0,,,,,,,,36.04627,-86.67679,False,Crashes_2010_2019_MPO
100585559,2014-07-20,2014,,94.0,,,0,0,N,0.0,0.0,0.0,,,,,,,,35.98908,-86.68167,False,Crashes_2010_2019_MPO
102145101,2018-09-14,2018,,94.0,,,0,0,N,0.0,0.0,0.0,,,,,,,,35.96536,-86.80044,True,Crashes_2010_2019_MPO
102532092,2019-10-07,2019,,19.0,,,0,0,N,0.0,0.0,0.0,,,,,,,,36.03658,-86.78405,False,Crashes_2010_2019_MPO
102062346,2018-07-03,2018,,94.0,,,0,0,N,0.0,0.0,0.0,,,,,,,,35.96504,-86.81416,False,Crashes_2010_2019_MPO
101178817,2016-04-21,2016,,19.0,,,0,0,N,0.0,0.0,0.0,,,,,,,,36.05356,-86.71499,False,Crashes_2010_2019_MPO
100707557,2014-12-15,2014,,94.0,,,0,0,N,0.0,0.0,0.0,,,,,,,,35.97055,-86.67827,False,Crashes_2010_2019_MPO
101181321,2016-04-25,2016,,19.0,,,0,0,N,0.0,0.0,0.0,,,,,,,,36.05049,-86.87668,False,Crashes_2010_2019_MPO
101597459,2017-03-29,2017,,94.0,,,0,0,N,0.0,0.0,0.0,,,,,,,,35.95209,-86.81805,False,Crashes_2010_2019_MPO
102611657,2019-12-30,2019,,19.0,,,0,0,N,0.0,0.0,0.0,,,,,,,,36.04801,-86.71358,False,Crashes_2010_2019_MPO
102320941,2019-03-04,2019,,94.0,,,0,0,N,0.0,0.0,0.0,,,,,,,,35.93798,-86.80559,False,Crashes_2010_2019_MPO
102323935,2019-03-07,2019,,94.0,,,0,0,N,0.0,0.0,0.0,,,,,,,,36.00712,-86.78811,True,Crashes_2010_2019_MPO
102421088,2019-06-13,2019,,94.0,,,0,0,N,0.0,0.0,0.0,,,,,,,,35.9449,-86.68207,False,Crashes_2010_2019_MPO
101553756,2017-02-13,2017,,94.0,,,0,0,N,0.0,0.0,0.0,,,,,,,,35.9595,-86.81299,False,Crashes_2010_2019_MPO
101644779,2017-05-15,2017,,94.0,,,0,0,N,0.0,0.0,0.0,,,,,,,,35.93549,-86.82393,False,Crashes_2010_2019_MPO
101769197,2017-09-23,2017,,19.0,,,0,0,N,0.0,0.0,0.0,,,,,,,,36.0422,-86.72652,False,Crashes_2010_2019_MPO
101997431,2018-05-02,2018,,94.0,,,0,0,N,0.0,0.0,0.0,,,,,,,,36.02873,-86.81811,True,Crashes_2010_2019_MPO
100188064,2012-06-04,2012,,19.0,,,0,0,N,0.0,0.0,0.0,,,,,,,,36.03175,-86.78961,True,Crashes_2010_2019_MPO
101062405,2015-12-18,2015,,94.0,,,0,0,N,0.0,0.0,0.0,,,,,,,,35.96559,-86.801,True,Crashes_2010_2019_MPO
101559006,2017-02-18,2017,,94.0,,,0,0,N,0.0,0.0,0.0,,,,,,,,35.92835,-86.76579,False,Crashes_2010_2019_MPO
101840323,2017-11-27,2017,,94.0,,,0,0,N,0.0,0.0,0.0,,,,,,,,36.03551,-86.78748,True,Crashes_2010_2019_MPO
101267364,2016-06-12,2016,,19.0,,,0,0,N,0.0,0.0,0.0,,,,,,,,36.04564,-86.7472,False,Crashes_2010_2019_MPO
100680438,2014-11-14,2014,,94.0,,,0,0,N,0.0,0.0,0.0,,,,,,,,35.9353,-86.82282,False,Crashes_2010_2019_MPO
100918987,2015-08-07,2015,,94.0,,,0,0,N,0.0,0.0,0.0,,,,,,,,35.99924,-86.80919,True,Crashes_2010_2019_MPO
102056180,2018-06-27,2018,,19.0,,,0,0,N,0.0,0.0,0.0,,,,,,,,36.04537,-86.7027,False,Crashes_2010_2019_MPO
101184756,2016-04-30,2016,,19.0,,,0,0,N,0.0,0.0,0.0,,,,,,,,36.04566,-86.70709,False,Crashes_2010_2019_MPO
101863221,2017-12-19,2017,,94.0,,,0,0,N,0.0,0.0,0.0,,,,,,,,35.9649,-86.79326,True,Crashes_2010_2019_MPO
101577459,2017-03-09,2017,,94.0,,,0,0,N,0.0,0.0,0.0,,,,,,,,35.9583,-86.8023,False,Crashes_2010_2019_MPO
101498966,2017-01-06,2017,,19.0,,,0,0,N,0.0,0.0,0.0,,,,,,,,36.00513,-86.69189,False,Crashes_2010_2019_MPO
101046429,2015-12-09,2015,,94.0,,,0,0,N,0.0,0.0,0.0,,,,,,,,35.96716,-86.81351,True,Crashes_2010_2019_MPO
101542008,2017-02-02,2017,,94.0,,,0,0,N,0.0,0.0,0.0,,,,,,,,36.03551,-86.78748,True,Crashes_2010_2019_MPO
100820327,2015-04-18,2015,,19.0,,,0,0,N,0.0,0.0,0.0,,,,,,,,36.04561,-86.71976,False,Crashes_2010_2019_MPO
102510594,2019-09-16,2019,,94.0,,,0,0,N,0.0,0.0,0.0,,,,,,,,35.95209,-86.81805,False,Crashes_2010_2019_MPO
101714742,2017-07-28,2017,,19.0,,,0,0,N,0.0,0.0,0.0,,,,,,,,36.00938,-86.68777,False,Crashes_2010_2019_MPO
101714510,2017-07-28,2017,,19.0,,,0,0,N,0.0,0.0,0.0,,,,,,,,36.03841,-86.78627,False,Crashes_2010_2019_MPO
100253950,2012-11-16,2012,,94.0,,,0,0,Y,0.0,0.0,1.0,,,,,,,,35.96726,-86.78825,True,Crashes_2010_2019_MPO
101643351,2017-05-13,2017,,94.0,,,0,0,N,0.0,0.0,0.0,,,,,,,,35.93235,-86.8606,False,Crashes_2010_2019_MPO
101673947,2017-06-15,2017,,94.0,,,0,0,N,0.0,0.0,0.0,,,,,,,,36.02806,-86.78397,True,Crashes_2010_2019_MPO
102335219,2019-03-19,2019,,19.0,,,0,0,N,0.0,0.0,0.0,,,,,,,,36.04027,-86.78049,False,Crashes_2010_2019_MPO
101928364,2018-02-27,2018,,19.0,,,0,0,N,0.0,0.0,0.0,,,,,,,,36.03684,-86.78284,False,Crashes_2010_2019_MPO
101283058,2016-06-28,2016,,19.0,,,0,0,N,0.0,0.0,0.0,,,,,,,,36.04258,-86.82714,False,Crashes_2010_2019_MPO
102384941,2019-05-09,2019,,19.0,,,0,0,N,0.0,0.0,0.0,,,,,,,,36.04526,-86.7144,False,Crashes_2010_2019_MPO
100971564,2015-10-02,2015,,19.0,,,0,0,N,0.0,0.0,0.0,,,,,,,,36.03196,-86.76284,False,Crashes_2010_2019_MPO
101495591,2017-01-03,2017,,94.0,,,0,0,N,0.0,0.0,0.0,,,,,,,,35.99744,-86.79677,True,Crashes_2010_2019_MPO
101498795,2017-01-06,2017,,94.0,,,0,0,N,0.0,0.0,0.0,,,,,,,,35.92899,-86.81445,False,Crashes_2010_2019_MPO
102595291,2019-12-11,2019,,94.0,,,0,1,Y,0.0,1.0,1.0,,,,,,,,35.96381,-86.81621,True,Crashes_2010_2019_MPO
100389048,2013-10-08,2013,,94.0,,,0,0,N,0.0,0.0,0.0,,,,,,,,35.9261,-86.8714,False,Crashes_2010_2019_MPO
101182216,2016-04-22,2016,,94.0,,,0,0,N,0.0,0.0,0.0,,,,,,,,35.94612,-86.82346,False,Crashes_2010_2019_MPO
100950019,2015-09-13,2015,,94.0,,,0,0,N,0.0,0.0,0.0,,,,,,,,36.01286,-86.80081,True,Crashes_2010_2019_MPO
102518440,2019-09-24,2019,,94.0,,,0,0,N,0.0,0.0,0.0,,,,,,,,35.93979,-86.81011,False,Crashes_2010_2019_MPO
100769757,2015-03-10,2015,,94.0,,,0,0,N,0.0,0.0,0.0,,,,,,,,35.96502,-86.79453,True,Crashes_2010_2019_MPO
102012242,2018-05-16,2018,,94.0,,,0,0,N,0.0,0.0,0.0,,,,,,,,35.99421,-86.76444,True,Crashes_2010_2019_MPO
101007662,2015-11-11,2015,,19.0,,,0,0,Y,0.0,0.0,1.0,,,,,,,,36.03737,-86.78686,False,Crashes_2010_2019_MPO
101098610,2016-01-29,2016,,94.0,,,0,0,N,0.0,0.0,0.0,,,,,,,,35.93212,-86.86275,False,Crashes_2010_2019_MPO
100541798,2014-05-15,2014,,94.0,,,0,0,N,0.0,0.0,0.0,,,,,,,,35.93664,-86.81838,False,Crashes_2010_2019_MPO
100796723,2015-03-24,2015,,19.0,,,0,0,N,0.0,0.0,0.0,,,,,,,,36.03988,-86.74104,False,Crashes_2010_2019_MPO
100404304,2013-11-13,2013,,94.0,,,0,0,N,0.0,0.0,0.0,,,,,,,,35.98445,-86.72468,True,Crashes_2010_2019_MPO
101009769,2015-11-14,2015,,94.0,,,0,0,N,0.0,0.0,0.0,,,,,,,,35.96676,-86.81085,True,Crashes_2010_2019_MPO
101159918,2016-04-08,2016,,19.0,,,0,0,N,0.0,0.0,0.0,,,,,,,,36.04522,-86.71479,False,Crashes_2010_2019_MPO
101196558,2016-05-17,2016,,19.0,,,0,0,N,0.0,0.0,0.0,,,,,,,,36.02442,-86.74237,False,Crashes_2010_2019_MPO
101506578,2017-01-16,2017,,94.0,,,0,0,Y,0.0,0.0,1.0,,,,,,,,35.96518,-86.80029,True,Crashes_2010_2019_MPO
100998922,2015-10-29,2015,,94.0,,,0,0,N,0.0,0.0,0.0,,,,,,,,35.96971,-86.8094,True,Crashes_2010_2019_MPO
100328482,2013-05-07,2013,,19.0,,,0,0,N,0.0,0.0,0.0,,,,,,,,36.03958,-86.86944,False,Crashes_2010_2019_MPO
102254229,2018-12-21,2018,,94.0,,,0,0,N,0.0,0.0,0.0,,,,,,,,35.94782,-86.81975,False,Crashes_2010_2019_MPO
101772919,2017-09-21,2017,,94.0,,,0,0,N,0.0,0.0,0.0,,,,,,,,35.92848,-86.79168,False,Crashes_2010_2019_MPO
100245536,2012-10-29,2012,,94.0,,,0,0,N,0.0,0.0,0.0,,,,,,,,35.99953,-86.809,True,Crashes_2010_2019_MPO
101240895,2016-06-07,2016,,94.0,,,0,0,N,0.0,0.0,0.0,,,,,,,,35.94797,-86.81909,False,Crashes_2010_2019_MPO
100682962,2014-11-19,2014,,94.0,,,0,0,N,0.0,0.0,0.0,,,,,,,,35.99516,-86.77495,True,Crashes_2010_2019_MPO
101158581,2016-04-06,2016,,94.0,,,0,0,N,0.0,0.0,0.0,,,,,,,,35.93446,-86.81991,False,Crashes_2010_2019_MPO
100483269,2014-04-05,2014,,94.0,,,0,0,N,0.0,0.0,0.0,,,,,,,,35.94686,-86.85162,False,Crashes_2010_2019_MPO
102584649,2019-11-30,2019,,94.0,,,0,0,N,0.0,0.0,0.0,,,,,,,,35.93562,-86.82387,False,Crashes_2010_2019_MPO
101317163,2016-07-29,2016,,94.0,,,0,0,N,0.0,0.0,0.0,,,,,,,,35.96663,-86.80998,True,Crashes_2010_2019_MPO
102370787,2019-04-22,2019,,94.0,,,0,0,N,0.0,0.0,0.0,,,,,,,,36.01286,-86.80081,True,Crashes_2010_2019_MPO
101894119,2018-01-22,2018,,19.0,,,0,0,N,0.0,0.0,0.0,,,,,,,,36.05003,-86.87284,False,Crashes_2010_2019_MPO
100873106,2015-06-19,2015,,94.0,,,0,0,N,0.0,0.0,0.0,,,,,,,,35.97764,-86.77681,True,Crashes_2010_2019_MPO
101331311,2016-08-18,2016,,94.0,,,0,0,N,0.0,0.0,0.0,,,,,,,,35.94685,-86.85221,False,Crashes_2010_2019_MPO
100287303,2013-02-02,2013,,94.0,,,0,0,N,0.0,0.0,0.0,,,,,,,,35.97185,-86.86161,False,Crashes_2010_2019_MPO
100613708,2014-09-02,2014,,94.0,,,0,0,N,0.0,0.0,0.0,,,,,,,,35.9583,-86.80229,False,Crashes_2010_2019_MPO
100941430,2015-08-29,2015,,94.0,,,0,0,N,0.0,0.0,0.0,,,,,,,,35.9729,-86.80527,True,Crashes_2010_2019_MPO
101180576,2016-04-24,2016,,94.0,,,0,0,N,0.0,0.0,0.0,,,,,,,,36.04202,-86.84206,True,Crashes_2010_2019_MPO
101501623,2017-01-11,2017,,94.0,,,0,0,N,0.0,0.0,0.0,,,,,,,,36.01351,-86.80032,True,Crashes_2010_2019_MPO
100566585,2014-06-28,2014,,94.0,,,0,0,N,0.0,0.0,0.0,,,,,,,,35.94681,-86.852,False,Crashes_2010_2019_MPO
101197310,2016-05-18,2016,,94.0,,,0,0,N,0.0,0.0,0.0,,,,,,,,35.97692,-86.84025,False,Crashes_2010_2019_MPO
101284984,2016-07-13,2016,,94.0,,,0,0,N,0.0,0.0,0.0,,,,,,,,35.98406,-86.71639,True,Crashes_2010_2019_MPO
101079688,2016-01-18,2016,,94.0,,,0,0,N,0.0,0.0,0.0,,,,,,,,36.03707,-86.79484,True,Crashes_2010_2019_MPO
102471758,2019-08-07,2019,,94.0,,,0,0,N,0.0,0.0,0.0,,,,,,,,36.03613,-86.7979,True,Crashes_2010_2019_MPO
102360485,2019-04-12,2019,,94.0,,,0,0,N,0.0,0.0,0.0,,,,,,,,35.9583,-86.8023,False,Crashes_2010_2019_MPO
101061415,2015-12-17,2015,,94.0,,,0,0,N,0.0,0.0,0.0,,,,,,,,35.92915,-86.82429,False,Crashes_2010_2019_MPO
102205267,2018-11-09,2018,,94.0,,,0,0,N,0.0,0.0,0.0,,,,,,,,35.95704,-86.76748,True,Crashes_2010_2019_MPO
100567976,2014-07-01,2014,,94.0,,,0,0,N,0.0,0.0,0.0,,,,,,,,35.93461,-86.82012,False,Crashes_2010_2019_MPO
101807476,2017-10-28,2017,,94.0,,,0,0,N,0.0,0.0,0.0,,,,,,,,35.95198,-86.81788,False,Crashes_2010_2019_MPO
100711113,2014-12-22,2014,,19.0,,,0,0,N,0.0,0.0,0.0,,,,,,,,36.04068,-86.77963,False,Crashes_2010_2019_MPO
100304840,2013-03-18,2013,,94.0,,,0,0,N,0.0,0.0,0.0,,,,,,,,36.03614,-86.79516,True,Crashes_2010_2019_MPO
100713924,2014-12-28,2014,,19.0,,,0,0,N,0.0,0.0,0.0,,,,,,,,36.04053,-86.78259,False,Crashes_2010_2019_MPO
101396285,2016-10-04,2016,,19.0,,,0,0,N,0.0,0.0,0.0,,,,,,,,36.04001,-86.74347,False,Crashes_2010_2019_MPO
102322112,2019-03-05,2019,,94.0,,,0,0,N,0.0,0.0,0.0,,,,,,,,35.9343,-86.86109,False,Crashes_2010_2019_MPO
101777916,2017-09-30,2017,,94.0,,,0,0,N,0.0,0.0,0.0,,,,,,,,35.96498,-86.8002,True,Crashes_2010_2019_MPO
100796705,2015-03-23,2015,,94.0,,,0,0,N,0.0,0.0,0.0,,,,,,,,35.94477,-86.82586,False,Crashes_2010_2019_MPO
100831263,2015-05-08,2015,,94.0,,,0,0,N,0.0,0.0,0.0,,,,,,,,36.03322,-86.78254,True,Crashes_2010_2019_MPO
100702104,2014-12-05,2014,,19.0,,,0,0,N,0.0,0.0,0.0,,,,,,,,36.04549,-86.71231,False,Crashes_2010_2019_MPO
101879158,2018-01-05,2018,,19.0,,,0,0,N,0.0,0.0,0.0,,,,,,,,36.03242,-86.78336,True,Crashes_2010_2019_MPO
100885226,2015-07-12,2015,,94.0,,,0,0,N,0.0,0.0,0.0,,,,,,,,35.94572,-86.85255,False,Crashes_2010_2019_MPO
102128833,2018-08-31,2018,,19.0,,,0,0,N,0.0,0.0,0.0,,,,,,,,36.03734,-86.78953,False,Crashes_2010_2019_MPO
101469097,2016-12-06,2016,,19.0,,,0,0,Y,0.0,0.0,1.0,,,,,,,,36.02505,-86.74243,False,Crashes_2010_2019_MPO
101128295,2016-03-05,2016,,94.0,,,0,0,N,0.0,0.0,0.0,,,,,,,,35.96687,-86.81161,True,Crashes_2010_2019_MPO
101075290,2016-01-11,2016,,19.0,,,0,0,N,0.0,0.0,0.0,,,,,,,,36.03752,-86.78643,False,Crashes_2010_2019_MPO
101468733,2016-12-06,2016,,19.0,,,0,0,N,0.0,0.0,0.0,,,,,,,,36.04146,-86.78247,False,Crashes_2010_2019_MPO
101473543,2016-12-10,2016,,94.0,,,0,0,N,0.0,0.0,0.0,,,,,,,,35.97334,-86.83305,True,Crashes_2010_2019_MPO
101047771,2015-12-12,2015,,94.0,,,0,0,N,0.0,0.0,0.0,,,,,,,,35.98916,-86.79152,True,Crashes_2010_2019_MPO
102047745,2018-06-19,2018,,94.0,,,0,0,Y,0.0,0.0,1.0,,,,,,,,35.9405,-86.8165,False,Crashes_2010_2019_MPO
101841855,2017-11-28,2017,,19.0,,,0,0,N,0.0,0.0,0.0,,,,,,,,36.05092,-86.74332,False,Crashes_2010_2019_MPO
100940510,2015-08-27,2015,,94.0,,,0,0,N,0.0,0.0,0.0,,,,,,,,35.94461,-86.82837,False,Crashes_2010_2019_MPO
100632642,2014-09-23,2014,,94.0,,,0,0,N,0.0,0.0,0.0,,,,,,,,35.95008,-86.8491,False,Crashes_2010_2019_MPO
102018905,2018-05-22,2018,,94.0,,,0,0,N,0.0,0.0,0.0,,,,,,,,35.92391,-86.87162,False,Crashes_2010_2019_MPO
102596227,2019-12-10,2019,,94.0,,,0,0,N,0.0,0.0,0.0,,,,,,,,35.92877,-86.75315,False,Crashes_2010_2019_MPO
102213872,2018-11-16,2018,,19.0,,,0,0,N,0.0,0.0,0.0,,,,,,,,36.04245,-86.71294,False,Crashes_2010_2019_MPO
101535410,2017-01-26,2017,,94.0,,,0,0,N,0.0,0.0,0.0,,,,,,,,36.01784,-86.74145,False,Crashes_2010_2019_MPO
102343237,2019-03-28,2019,,94.0,,,0,0,N,0.0,0.0,0.0,,,,,,,,36.04119,-86.86804,True,Crashes_2010_2019_MPO
101009414,2015-11-14,2015,,19.0,,,0,0,N,0.0,0.0,0.0,,,,,,,,36.02972,-86.75453,False,Crashes_2010_2019_MPO
101008166,2015-11-12,2015,,94.0,,,0,0,N,0.0,0.0,0.0,,,,,,,,36.00343,-86.79159,True,Crashes_2010_2019_MPO
101635662,2017-05-05,2017,,19.0,,,0,0,N,0.0,0.0,0.0,,,,,,,,36.04045,-86.78213,False,Crashes_2010_2019_MPO
101068060,2015-12-28,2015,,94.0,,,0,0,N,0.0,0.0,0.0,,,,,,,,35.94516,-86.81275,False,Crashes_2010_2019_MPO
100330136,2013-05-17,2013,,94.0,,,0,0,N,0.0,0.0,0.0,,,,,,,,35.97014,-86.80912,True,Crashes_2010_2019_MPO
101867237,2017-12-22,2017,,94.0,,,0,0,N,0.0,0.0,0.0,,,,,,,,35.96716,-86.81351,True,Crashes_2010_2019_MPO
101901082,2018-01-26,2018,,94.0,,,0,0,N,0.0,0.0,0.0,,,,,,,,36.03956,-86.86945,False,Crashes_2010_2019_MPO
101851391,2017-12-07,2017,,94.0,,,0,0,N,0.0,0.0,0.0,,,,,,,,35.94707,-86.8538,False,Crashes_2010_2019_MPO
101072444,2016-01-05,2016,,19.0,,,0,0,N,0.0,0.0,0.0,,,,,,,,36.0455,-86.70437,False,Crashes_2010_2019_MPO
102318271,2019-03-01,2019,,94.0,,,0,0,N,0.0,0.0,0.0,,,,,,,,35.95734,-86.69329,False,Crashes_2010_2019_MPO
101733683,2017-08-17,2017,,94.0,,,0,0,N,0.0,0.0,0.0,,,,,,,,36.01174,-86.72656,False,Crashes_2010_2019_MPO
101657657,2017-05-28,2017,,19.0,,,0,0,N,0.0,0.0,0.0,,,,,,,,36.04685,-86.67941,False,Crashes_2010_2019_MPO
100983309,2015-10-21,2015,,94.0,,,0,0,Y,0.0,0.0,1.0,,,,,,,,35.9646,-86.81457,False,Crashes_2010_2019_MPO
100056708,2011-05-11,2011,,94.0,,,0,0,Y,0.0,0.0,1.0,,,,,,,,35.946613,-86.851623,False,Crashes_2010_2019_MPO
100323759,2013-05-02,2013,,94.0,,,0,2,N,0.0,1.0,0.0,,,,,,,,35.92464,-86.87451,False,Crashes_2010_2019_MPO
102331361,2019-03-15,2019,,94.0,,,0,0,N,0.0,0.0,0.0,,,,,,,,35.99178,-86.68403,False,Crashes_2010_2019_MPO
101674433,2017-06-15,2017,,94.0,,,0,0,N,0.0,0.0,0.0,,,,,,,,35.96131,-86.80928,False,Crashes_2010_2019_MPO
100726681,2015-01-23,2015,,19.0,,,0,0,N,0.0,0.0,0.0,,,,,,,,36.04247,-86.71301,False,Crashes_2010_2019_MPO
100366931,2013-08-14,2013,,94.0,,,0,0,N,0.0,0.0,0.0,,,,,,,,35.95226,-86.81903,False,Crashes_2010_2019_MPO
101405627,2016-10-17,2016,,94.0,,,0,0,N,0.0,0.0,0.0,,,,,,,,36.02043,-86.78205,True,Crashes_2010_2019_MPO
102134845,2018-09-05,2018,,19.0,,,0,0,N,0.0,0.0,0.0,,,,,,,,36.03745,-86.79078,False,Crashes_2010_2019_MPO
101453376,2016-11-18,2016,,94.0,,,0,0,N,0.0,0.0,0.0,,,,,,,,35.965,-86.72748,True,Crashes_2010_2019_MPO
102418638,2019-06-14,2019,,94.0,,,0,0,N,0.0,0.0,0.0,,,,,,,,36.00768,-86.78753,True,Crashes_2010_2019_MPO
101188745,2016-05-06,2016,,19.0,,,0,0,N,0.0,0.0,0.0,,,,,,,,36.04891,-86.86857,False,Crashes_2010_2019_MPO
101630104,2017-04-30,2017,,19.0,,,0,0,N,0.0,0.0,0.0,,,,,,,,36.01129,-86.7013,False,Crashes_2010_2019_MPO
102124016,2018-08-27,2018,,94.0,,,0,0,N,0.0,0.0,0.0,,,,,,,,35.99781,-86.79886,True,Crashes_2010_2019_MPO
100219640,2012-08-28,2012,,94.0,,,0,0,N,0.0,0.0,0.0,,,,,,,,35.99676,-86.79079,True,Crashes_2010_2019_MPO
100922434,2015-08-13,2015,,94.0,,,0,0,N,0.0,0.0,0.0,,,,,,,,36.03725,-86.80133,True,Crashes_2010_2019_MPO
101124934,2016-02-29,2016,,94.0,,,0,0,N,0.0,0.0,0.0,,,,,,,,35.95988,-86.80978,False,Crashes_2010_2019_MPO
100968437,2015-09-22,2015,,19.0,,,0,0,N,0.0,0.0,0.0,,,,,,,,36.03738,-86.78676,False,Crashes_2010_2019_MPO
102515892,2019-09-20,2019,,94.0,,,0,0,N,0.0,0.0,0.0,,,,,,,,35.9559,-86.81705,False,Crashes_2010_2019_MPO
101812729,2017-11-02,2017,,19.0,,,0,0,N,0.0,0.0,0.0,,,,,,,,36.0473,-86.86274,False,Crashes_2010_2019_MPO
102239346,2018-12-08,2018,,94.0,,,0,0,N,0.0,0.0,0.0,,,,,,,,36.01058,-86.78531,True,Crashes_2010_2019_MPO
100392685,2013-10-16,2013,,94.0,,,0,0,N,0.0,0.0,0.0,,,,,,,,35.93502,-86.77607,False,Crashes_2010_2019_MPO
102136230,2018-09-06,2018,,94.0,,,0,0,N,0.0,0.0,0.0,,,,,,,,35.9447,-86.80928,False,Crashes_2010_2019_MPO
100356006,2013-07-18,2013,,94.0,,,0,0,N,0.0,0.0,0.0,,,,,,,,35.95578,-86.83054,False,Crashes_2010_2019_MPO
101009967,2015-11-14,2015,,94.0,,,0,1,N,0.0,1.0,0.0,,,,,,,,36.04434,-86.8581,False,Crashes_2010_2019_MPO
100916093,2015-08-02,2015,,94.0,,,0,0,N,0.0,0.0,0.0,,,,,,,,35.99743,-86.81017,True,Crashes_2010_2019_MPO
100750095,2015-02-20,2015,,19.0,,,0,0,N,0.0,0.0,0.0,,,,,,,,36.04525,-86.70065,False,Crashes_2010_2019_MPO
101659682,2017-05-30,2017,,19.0,,,0,0,N,0.0,0.0,0.0,,,,,,,,36.05278,-86.71476,False,Crashes_2010_2019_MPO
102086501,2018-07-25,2018,,94.0,,,0,0,N,0.0,0.0,0.0,,,,,,,,35.99414,-86.76376,True,Crashes_2010_2019_MPO
100752902,2015-02-25,2015,,94.0,,,0,0,Y,0.0,0.0,1.0,,,,,,,,35.93985,-86.87951,False,Crashes_2010_2019_MPO
100921727,2015-08-12,2015,,19.0,,,0,0,N,0.0,0.0,0.0,,,,,,,,36.04162,-86.74921,False,Crashes_2010_2019_MPO
102355766,2019-04-10,2019,,94.0,,,0,0,N,0.0,0.0,0.0,,,,,,,,35.93374,-86.81767,False,Crashes_2010_2019_MPO
102570157,2019-11-16,2019,,19.0,,,0,0,N,0.0,0.0,0.0,,,,,,,,36.04197,-86.74391,False,Crashes_2010_2019_MPO
101154449,2016-03-31,2016,,19.0,,,0,0,N,0.0,0.0,0.0,,,,,,,,36.04679,-86.71343,False,Crashes_2010_2019_MPO
100424708,2013-12-27,2013,,94.0,,,0,0,N,0.0,0.0,0.0,,,,,,,,35.92375,-86.77398,False,Crashes_2010_2019_MPO
102052019,2018-06-23,2018,,94.0,,,0,0,N,0.0,0.0,0.0,,,,,,,,35.94151,-86.85594,False,Crashes_2010_2019_MPO
102587808,2019-12-04,2019,,19.0,,,0,0,N,0.0,0.0,0.0,,,,,,,,36.039,-86.73467,False,Crashes_2010_2019_MPO
100753588,2015-02-26,2015,,19.0,,,0,0,N,0.0,0.0,0.0,,,,,,,,36.04425,-86.70347,False,Crashes_2010_2019_MPO
100146323,2012-02-08,2012,,94.0,,,0,0,N,0.0,0.0,0.0,,,,,,,,35.96708,-86.81356,True,Crashes_2010_2019_MPO
101537303,2017-01-28,2017,,94.0,,,0,0,N,0.0,0.0,0.0,,,,,,,,36.03241,-86.78924,True,Crashes_2010_2019_MPO
102543354,2019-10-20,2019,,94.0,,,0,0,N,0.0,0.0,0.0,,,,,,,,35.96668,-86.80958,True,Crashes_2010_2019_MPO
100910228,2015-07-21,2015,,94.0,,,0,0,N,0.0,0.0,0.0,,,,,,,,36.01955,-86.82073,True,Crashes_2010_2019_MPO
101842712,2017-11-29,2017,,94.0,,,0,0,N,0.0,0.0,0.0,,,,,,,,36.03099,-86.81774,True,Crashes_2010_2019_MPO
101477191,2016-12-14,2016,,19.0,,,0,0,N,0.0,0.0,0.0,,,,,,,,35.99548,-86.68787,False,Crashes_2010_2019_MPO
102565205,2019-11-11,2019,,94.0,,,0,0,N,0.0,0.0,0.0,,,,,,,,35.97188,-86.83433,False,Crashes_2010_2019_MPO
102095624,2018-08-01,2018,,94.0,,,0,0,N,0.0,0.0,0.0,,,,,,,,35.96202,-86.81197,False,Crashes_2010_2019_MPO
100714338,2014-12-23,2014,,94.0,,,0,0,N,0.0,0.0,0.0,,,,,,,,35.94862,-86.80759,False,Crashes_2010_2019_MPO
102521397,2019-09-26,2019,,19.0,,,0,0,N,0.0,0.0,0.0,,,,,,,,36.04059,-86.77107,False,Crashes_2010_2019_MPO
101964121,2018-04-02,2018,,19.0,,,0,0,N,0.0,0.0,0.0,,,,,,,,36.04668,-86.72506,False,Crashes_2010_2019_MPO
101701496,2017-07-14,2017,,94.0,,,0,0,N,0.0,0.0,0.0,,,,,,,,35.95051,-86.76622,True,Crashes_2010_2019_MPO
101333453,2016-08-22,2016,,94.0,,,0,0,N,0.0,0.0,0.0,,,,,,,,35.99922,-86.80923,True,Crashes_2010_2019_MPO
100924948,2015-08-12,2015,,19.0,,,0,0,N,0.0,0.0,0.0,,,,,,,,36.0066,-86.70042,False,Crashes_2010_2019_MPO
100612500,2014-08-30,2014,,94.0,,,0,0,N,0.0,0.0,0.0,,,,,,,,35.96082,-86.81323,False,Crashes_2010_2019_MPO
102375049,2019-04-29,2019,,19.0,,,0,0,N,0.0,0.0,0.0,,,,,,,,36.0416,-86.74927,False,Crashes_2010_2019_MPO
102317016,2019-02-27,2019,,94.0,,,0,0,N,0.0,0.0,0.0,,,,,,,,35.9992,-86.7956,True,Crashes_2010_2019_MPO
101977257,2018-04-11,2018,,94.0,,,0,0,N,0.0,0.0,0.0,,,,,,,,36.03283,-86.78525,True,Crashes_2010_2019_MPO
101074172,2016-01-08,2016,,94.0,,,0,0,N,0.0,0.0,0.0,,,,,,,,35.95733,-86.80581,False,Crashes_2010_2019_MPO
101666774,2017-06-06,2017,,94.0,,,0,0,N,0.0,0.0,0.0,,,,,,,,35.96102,-86.68323,False,Crashes_2010_2019_MPO
100337499,2013-05-31,2013,,94.0,,,0,0,N,0.0,0.0,0.0,,,,,,,,35.93517,-86.81903,False,Crashes_2010_2019_MPO
102083644,2018-07-22,2018,,94.0,,,0,0,N,0.0,0.0,0.0,,,,,,,,36.01575,-86.82116,True,Crashes_2010_2019_MPO