mstrrecnbr,collision_ts,year,county,countystat,crash,crash_type,fatalities,non_motorists,commercial,fatal_c,nonmotor_c,truck_c,fatalc,serious_injuries,ped,bike,lighting,weather,first_harmful_event,latitude,longitude,in_city,src_layer
101078640,2016-01-16,2016,,19.0,,,0,0,N,0.0,0.0,0.0,,,,,,,,36.04001,-86.74349,False,Crashes_2010_2019_MPO
102065471,2018-07-03,2018,,94.0,,,0,0,N,0.0,0.0,0.0,,,,,,,,36.03294,-86.78354,True,Crashes_2010_2019_MPO
100584557,2014-07-18,2014,,94.0,,,0,0,N,0.0,0.0,0.0,,,,,,,,35.94701,-86.85222,False,Crashes_2010_2019_MPO
100383182,2013-09-24,2013,,94.0,,,0,0,N,0.0,0.0,0.0,,,,,,,,35.92627,-86.82171,False,Crashes_2010_2019_MPO
102191621,2018-10-27,2018,,19.0,,,0,0,N,0.0,0.0,0.0,,,,,,,,36.04747,-86.71351,False,Crashes_2010_2019_MPO
101066197,2015-12-24,2015,,94.0,,,0,0,N,0.0,0.0,0.0,,,,,,,,35.94325,-86.82072,False,Crashes_2010_2019_MPO
102013581,2018-05-17,2018,,94.0,,,0,0,N,0.0,0.0,0.0,,,,,,,,35.93127,-86.87663,False,Crashes_2010_2019_MPO
100635233,2014-09-28,2014,,94.0,,,0,0,N,0.0,0.0,0.0,,,,,,,,35.98421,-86.80134,True,Crashes_2010_2019_MPO
100860269,2015-06-13,2015,,19.0,,,0,0,N,0.0,0.0,0.0,,,,,,,,36.04025,-86.81639,False,Crashes_2010_2019_MPO
100714544,2014-11-04,2014,,19.0,,,1,0,N,1.0,0.0,0.0,,,,,,,,36.05151,-86.714432,False,Crashes_2010_2019_MPO
102171899,2018-10-05,2018,,94.0,,,0,0,N,0.0,0.0,0.0,,,,,,,,35.95778,-86.80259,False,Crashes_2010_2019_MPO
101751476,2017-09-05,2017,,19.0,,,0,0,N,0.0,0.0,0.0,,,,,,,,36.03893,-86.78272,False,Crashes_2010_2019_MPO
101861996,2017-12-18,2017,,94.0,,,0,0,N,0.0,0.0,0.0,,,,,,,,35.94683,-86.85172,False,Crashes_2010_2019_MPO
102536074,2019-10-12,2019,,19.0,,,0,0,N,0.0,0.0,0.0,,,,,,,,36.04704,-86.86296,False,Crashes_2010_2019_MPO
102371958,2019-04-25,2019,,19.0,,,0,0,N,0.0,0.0,0.0,,,,,,,,36.03351,-86.78322,True,Crashes_2010_2019_MPO
101035134,2015-11-23,2015,,94.0,,,0,0,N,0.0,0.0,0.0,,,,,,,,35.93413,-86.81851,False,Crashes_2010_2019_MPO
101736647,2017-08-17,2017,,94.0,,,0,0,N,0.0,0.0,0.0,,,,,,,,35.94496,-86.82838,False,Crashes_2010_2019_MPO
101726258,2017-08-09,2017,,94.0,,,0,0,N,0.0,0.0,0.0,,,,,,,,36.03083,-86.79011,True,Crashes_2010_2019_MPO
100973326,2015-10-04,2015,,19.0,,,0,0,N,0.0,0.0,0.0,,,,,,,,35.99945,-86.69343,False,Crashes_2010_2019_MPO
100349293,2013-07-02,2013,,94.0,,,0,0,N,0.0,0.0,0.0,,,,,,,,35.9594,-86.81322,False,Crashes_2010_2019_MPO
101388183,2016-09-21,2016,,19.0,,,0,0,N,0.0,0.0,0.0,,,,,,,,36.0374,-86.78657,False,Crashes_2010_2019_MPO
101269084,2016-06-13,2016,,19.0,,,0,0,N,0.0,0.0,0.0,,,,,,,,36.04084,-86.77347,False,Crashes_2010_2019_MPO
102612170,2019-12-31,2019,,94.0,,,0,0,N,0.0,0.0,0.0,,,,,,,,35.92738,-86.8687,False,Crashes_2010_2019_MPO
101822230,2017-11-11,2017,,94.0,,,0,0,N,0.0,0.0,0.0,,,,,,,,36.03336,-86.78872,True,Crashes_2010_2019_MPO
100355125,2013-07-16,2013,,94.0,,,0,0,N,0.0,0.0,0.0,,,,,,,,35.96891,-86.8093,True,Crashes_2010_2019_MPO
102561022,2019-11-07,2019,,19.0,,,0,0,N,0.0,0.0,0.0,,,,,,,,36.04633,-86.85837,False,Crashes_2010_2019_MPO
100755968,2015-03-03,2015,,94.0,,,0,1,N,0.0,1.0,0.0,,,,,,,,35.96585,-86.80368,True,Crashes_2010_2019_MPO
101322172,2016-08-06,2016,,94.0,,,0,0,N,0.0,0.0,0.0,,,,,,,,35.98555,-86.71404,True,Crashes_2010_2019_MPO
100130292,2011-12-22,2011,,94.0,,,0,0,N,0.0,0.0,0.0,,,,,,,,35.97878,-86.75281,True,Crashes_2010_2019_MPO
100384967,2013-07-26,2013,,94.0,,,0,0,N,0.0,0.0,0.0,,,,,,,,35.92646,-86.82496,False,Crashes_2010_2019_MPO
101178584,2016-04-21,2016,,19.0,,,0,0,N,0.0,0.0,0.0,,,,,,,,36.0409,-86.77938,False,Crashes_2010_2019_MPO
101501282,2017-01-10,2017,,94.0,,,0,0,N,0.0,0.0,0.0,,,,,,,,35.94539,-86.80457,False,Crashes_2010_2019_MPO
101482844,2016-12-20,2016,,19.0,,,0,0,N,0.0,0.0,0.0,,,,,,,,36.03852,-86.71729,False,Crashes_2010_2019_MPO
101182965,2016-04-28,2016,,19.0,,,0,0,N,0.0,0.0,0.0,,,,,,,,36.03417,-86.76877,False,Crashes_2010_2019_MPO
102527292,2019-10-02,2019,,94.0,,,0,0,N,0.0,0.0,0.0,,,,,,,,35.99922,-86.80923,True,Crashes_2010_2019_MPO
101837681,2017-11-25,2017,,19.0,,,0,0,N,0.0,0.0,0.0,,,,,,,,36.02018,-86.71021,False,Crashes_2010_2019_MPO
101737301,2017-08-17,2017,,94.0,,,0,0,N,0.0,0.0,0.0,,,,,,,,35.93756,-86.76809,False,Crashes_2010_2019_MPO
102448887,2019-07-16,2019,,94.0,,,0,0,N,0.0,0.0,0.0,,,,,,,,35.94156,-86.8164,False,Crashes_2010_2019_MPO
101387632,2016-09-23,2016,,19.0,,,0,0,N,0.0,0.0,0.0,,,,,,,,36.0374,-86.78657,False,Crashes_2010_2019_MPO
101638473,2017-05-08,2017,,94.0,,,0,0,N,0.0,0.0,0.0,,,,,,,,36.03336,-86.78872,True,Crashes_2010_2019_MPO
102136167,2018-09-06,2018,,19.0,,,0,0,N,0.0,0.0,0.0,,,,,,,,36.0453,-86.70168,False,Crashes_2010_2019_MPO
102430625,2019-06-27,2019,,94.0,,,0,0,N,0.0,0.0,0.0,,,,,,,,35.9507,-86.80676,False,Crashes_2010_2019_MPO
100503163,2014-05-01,2014,,94.0,,,0,0,N,0.0,0.0,0.0,,,,,,,,35.93564,-86.86013,False,Crashes_2010_2019_MPO
100199800,2012-07-09,2012,,94.0,,,0,0,N,0.0,0.0,0.0,,,,,,,,35.99781,-86.79885,True,Crashes_2010_2019_MPO
101332128,2016-08-16,2016,,94.0,,,0,0,N,0.0,0.0,0.0,,,,,,,,35.9711,-86.67836,False,Crashes_2010_2019_MPO
101435273,2016-11-09,2016,,94.0,,,0,0,N,0.0,0.0,0.0,,,,,,,,35.93374,-86.81767,False,Crashes_2010_2019_MPO
101178344,2016-04-21,2016,,94.0,,,0,0,N,0.0,0.0,0.0,,,,,,,,35.96408,-86.80033,True,Crashes_2010_2019_MPO
101974999,2018-04-12,2018,,94.0,,,0,0,N,0.0,0.0,0.0,,,,,,,,35.99605,-86.79751,True,Crashes_2010_2019_MPO
102589164,2019-12-04,2019,,94.0,,,0,0,N,0.0,0.0,0.0,,,,,,,,36.03336,-86.78872,True,Crashes_2010_2019_MPO
101796183,2017-10-18,2017,,19.0,,,0,0,N,0.0,0.0,0.0,,,,,,,,36.04537,-86.71326,False,Crashes_2010_2019_MPO
100703795,2014-12-09,2014,,94.0,,,0,0,N,0.0,0.0,0.0,,,,,,,,35.98884,-86.70458,True,Crashes_2010_2019_MPO
101046872,2015-12-10,2015,,94.0,,,0,0,N,0.0,0.0,0.0,,,,,,,,35.92834,-86.86539,False,Crashes_2010_2019_MPO
100372756,2013-08-29,2013,,94.0,,,0,0,N,0.0,0.0,0.0,,,,,,,,35.96275,-86.81146,False,Crashes_2010_2019_MPO
101740370,2017-08-24,2017,,19.0,,,0,0,N,0.0,0.0,0.0,,,,,,,,36.03576,-86.78291,False,Crashes_2010_2019_MPO
101783592,2017-10-06,2017,,19.0,,,0,0,N,0.0,0.0,0.0,,,,,,,,36.0172,-86.70716,False,Crashes_2010_2019_MPO
101767658,2017-09-21,2017,,19.0,,,0,0,N,0.0,0.0,0.0,,,,,,,,36.03936,-86.78198,False,Crashes_2010_2019_MPO
100796999,2015-03-24,2015,,94.0,,,0,0,N,0.0,0.0,0.0,,,,,,,,35.9661,-86.81133,False,Crashes_2010_2019_MPO
100734650,2015-02-09,2015,,94.0,,,0,0,N,0.0,0.0,0.0,,,,,,,,36.01559,-86.8191,True,Crashes_2010_2019_MPO
101982292,2018-04-19,2018,,94.0,,,0,0,N,0.0,0.0,0.0,,,,,,,,35.99643,-86.78798,True,Crashes_2010_2019_MPO
101924022,2018-02-21,2018,,94.0,,,0,0,N,0.0,0.0,0.0,,,,,,,,36.03453,-86.78334,True,Crashes_2010_2019_MPO
102147624,2018-09-16,2018,,19.0,,,0,0,N,0.0,0.0,0.0,,,,,,,,36.04537,-86.71326,False,Crashes_2010_2019_MPO
101950770,2018-03-20,2018,,94.0,,,0,0,N,0.0,0.0,0.0,,,,,,,,35.93127,-86.87663,False,Crashes_2010_2019_MPO
102424248,2019-06-19,2019,,94.0,,,0,0,N,0.0,0.0,0.0,,,,,,,,35.93552,-86.81432,False,Crashes_2010_2019_MPO
101808806,2017-10-30,2017,,94.0,,,0,0,N,0.0,0.0,0.0,,,,,,,,36.00169,-86.7937,True,Crashes_2010_2019_MPO
101853337,2017-12-09,2017,,19.0,,,0,0,N,0.0,0.0,0.0,,,,,,,,36.04019,-86.8162,False,Crashes_2010_2019_MPO
101287289,2016-07-15,2016,,94.0,,,0,0,N,0.0,0.0,0.0,,,,,,,,35.95015,-86.84906,False,Crashes_2010_2019_MPO
101671583,2017-06-12,2017,,19.0,,,0,0,N,0.0,0.0,0.0,,,,,,,,36.04524,-86.71325,False,Crashes_2010_2019_MPO
102122713,2018-08-26,2018,,94.0,,,0,0,N,0.0,0.0,0.0,,,,,,,,35.9678,-86.77742,True,Crashes_2010_2019_MPO
102604945,2019-12-14,2019,,94.0,,,0,0,N,0.0,0.0,0.0,,,,,,,,36.02285,-86.78696,True,Crashes_2010_2019_MPO
101690459,2017-07-02,2017,,19.0,,,0,0,N,0.0,0.0,0.0,,,,,,,,36.01108,-86.70269,False,Crashes_2010_2019_MPO
101548906,2017-02-09,2017,,94.0,,,0,0,N,0.0,0.0,0.0,,,,,,,,36.03489,-86.78783,True,Crashes_2010_2019_MPO
100115638,2011-11-15,2011,,94.0,,,0,0,N,0.0,0.0,0.0,,,,,,,,35.98325,-86.71739,True,Crashes_2010_2019_MPO
102448739,2019-07-16,2019,,19.0,,,0,0,N,0.0,0.0,0.0,,,,,,,,36.03991,-86.74211,False,Crashes_2010_2019_MPO
100548740,2014-06-09,2014,,94.0,,,0,0,N,0.0,0.0,0.0,,,,,,,,35.92351,-86.82263,False,Crashes_2010_2019_MPO
100374839,2013-09-03,2013,,94.0,,,0,0,N,0.0,0.0,0.0,,,,,,,,35.9771,-86.77135,True,Crashes_2010_2019_MPO
101814686,2017-11-04,2017,,94.0,,,0,0,N,0.0,0.0,0.0,,,,,,,,35.98635,-86.73664,True,Crashes_2010_2019_MPO
100797158,2015-03-25,2015,,19.0,,,0,1,N,0.0,1.0,0.0,,,,,,,,36.04526,-86.71475,False,Crashes_2010_2019_MPO
101603648,2017-04-03,2017,,94.0,,,0,0,N,0.0,0.0,0.0,,,,,,,,35.92664,-86.87024,False,Crashes_2010_2019_MPO
100257037,2012-11-24,2012,,94.0,,,0,0,N,0.0,0.0,0.0,,,,,,,,36.02502,-86.86447,False,Crashes_2010_2019_MPO
101779154,2017-10-01,2017,,94.0,,,0,0,N,0.0,0.0,0.0,,,,,,,,36.01417,-86.78531,True,Crashes_2010_2019_MPO
100803964,2015-04-07,2015,,19.0,,,0,0,N,0.0,0.0,0.0,,,,,,,,36.04144,-86.78393,False,Crashes_2010_2019_MPO
100377678,2013-09-07,2013,,94.0,,,0,0,N,0.0,0.0,0.0,,,,,,,,35.9229,-86.82635,False,Crashes_2010_2019_MPO
101699150,2017-07-12,2017,,19.0,,,0,0,N,0.0,0.0,0.0,,,,,,,,36.04367,-86.71307,False,Crashes_2010_2019_MPO
100922573,2015-08-13,2015,,94.0,,,0,0,N,0.0,0.0,0.0,,,,,,,,35.93063,-86.82404,False,Crashes_2010_2019_MPO
100826744,2015-05-01,2015,,94.0,,,0,0,N,0.0,0.0,0.0,,,,,,,,35.99924,-86.80919,True,Crashes_2010_2019_MPO
101066919,2015-12-26,2015,,19.0,,,0,0,N,0.0,0.0,0.0,,,,,,,,36.04291,-86.78168,False,Crashes_2010_2019_MPO
100239676,2012-10-18,2012,,94.0,,,0,0,N,0.0,0.0,0.0,,,,,,,,36.00417,-86.79083,True,Crashes_2010_2019_MPO
101659874,2017-05-30,2017,,94.0,,,0,0,N,0.0,0.0,0.0,,,,,,,,35.97039,-86.77379,True,Crashes_2010_2019_MPO
102579594,2019-11-26,2019,,19.0,,,0,0,N,0.0,0.0,0.0,,,,,,,,36.02776,-86.71269,False,Crashes_2010_2019_MPO
102344964,2019-03-29,2019,,94.0,,,0,0,N,0.0,0.0,0.0,,,,,,,,35.96705,-86.81355,True,Crashes_2010_2019_MPO
101245898,2016-06-14,2016,,19.0,,,0,0,N,0.0,0.0,0.0,,,,,,,,36.04558,-86.70069,False,Crashes_2010_2019_MPO
100335969,2013-05-30,2013,,94.0,,,0,0,N,0.0,0.0,0.0,,,,,,,,35.9245,-86.80681,False,Crashes_2010_2019_MPO
101591604,2017-03-23,2017,,94.0,,,0,0,N,0.0,0.0,0.0,,,,,,,,35.94769,-86.82018,False,Crashes_2010_2019_MPO
101845953,2017-11-29,2017,,94.0,,,0,0,N,0.0,0.0,0.0,,,,,,,,35.99516,-86.77516,True,Crashes_2010_2019_MPO
102051025,2018-06-22,2018,,19.0,,,0,0,N,0.0,0.0,0.0,,,,,,,,36.02501,-86.84972,True,Crashes_2010_2019_MPO
101998250,2018-05-03,2018,,19.0,,,0,0,N,0.0,0.0,0.0,,,,,,,,36.0409,-86.77938,False,Crashes_2010_2019_MPO
101734853,2017-08-18,2017,,19.0,,,0,0,N,0.0,0.0,0.0,,,,,,,,36.03995,-86.78093,False,Crashes_2010_2019_MPO
100999505,2015-10-30,2015,,94.0,,,0,0,N,0.0,0.0,0.0,,,,,,,,35.9653,-86.79718,True,Crashes_2010_2019_MPO
100159569,2012-03-19,2012,,94.0,,,0,0,N,0.0,0.0,0.0,,,,,,,,36.03514,-86.80579,True,Crashes_2010_2019_MPO
102228881,2018-11-30,2018,,19.0,,,0,0,N,0.0,0.0,0.0,,,,,,,,36.04015,-86.67783,False,Crashes_2010_2019_MPO
101479838,2016-12-17,2016,,19.0,,,0,0,Y,0.0,0.0,1.0,,,,,,,,36.04077,-86.78257,False,Crashes_2010_2019_MPO
101542795,2017-02-03,2017,,94.0,,,0,0,N,0.0,0.0,0.0,,,,,,,,35.93735,-86.77132,False,Crashes_2010_2019_MPO
100403405,2013-11-11,2013,,94.0,,,0,0,Y,0.0,0.0,1.0,,,,,,,,35.9346,-86.81884,False,Crashes_2010_2019_MPO
100936442,2015-08-19,2015,,94.0,,,0,0,N,0.0,0.0,0.0,,,,,,,,35.96716,-86.81351,True,Crashes_2010_2019_MPO
100717747,2015-01-05,2015,,94.0,,,0,0,N,0.0,0.0,0.0,,,,,,,,36.01982,-86.78718,True,Crashes_2010_2019_MPO
100946724,2015-09-08,2015,,19.0,,,0,0,N,0.0,0.0,0.0,,,,,,,,36.04573,-86.70818,False,Crashes_2010_2019_MPO
101325904,2016-08-12,2016,,94.0,,,0,0,N,0.0,0.0,0.0,,,,,,,,36.025965,-86.789949,True,Crashes_2010_2019_MPO
100918795,2015-08-06,2015,,19.0,,,0,0,N,0.0,0.0,0.0,,,,,,,,35.99816,-86.69173,False,Crashes_2010_2019_MPO
100312004,2013-04-04,2013,,94.0,,,0,0,N,0.0,0.0,0.0,,,,,,,,35.93459,-86.83978,False,Crashes_2010_2019_MPO
100310960,2013-04-02,2013,,94.0,,,0,0,N,0.0,0.0,0.0,,,,,,,,36.01689,-86.78609,True,Crashes_2010_2019_MPO
100157229,2012-03-12,2012,,94.0,,,0,0,N,0.0,0.0,0.0,,,,,,,,35.96798,-86.81832,True,Crashes_2010_2019_MPO
102000101,2018-05-04,2018,,94.0,,,0,0,N,0.0,0.0,0.0,,,,,,,,35.92936,-86.87549,False,Crashes_2010_2019_MPO
100876851,2015-06-26,2015,,19.0,,,0,0,N,0.0,0.0,0.0,,,,,,,,36.03987,-86.74088,False,Crashes_2010_2019_MPO
101631761,2017-04-28,2017,,94.0,,,0,0,N,0.0,0.0,0.0,,,,,,,,35.96645,-86.81129,False,Crashes_2010_2019_MPO
101281418,2016-07-07,2016,,94.0,,,0,0,N,0.0,0.0,0.0,,,,,,,,35.93194,-86.79398,False,Crashes_2010_2019_MPO
100585177,2014-07-18,2014,,94.0,,,0,0,N,0.0,0.0,0.0,,,,,,,,35.96661,-86.67668,False,Crashes_2010_2019_MPO
102597518,2019-12-14,2019,,19.0,,,0,0,N,0.0,0.0,0.0,,,,,,,,36.04001,-86.74348,False,Crashes_2010_2019_MPO
102444257,2019-07-11,2019,,94.0,,,0,0,N,0.0,0.0,0.0,,,,,,,,36.03397,-86.80164,True,Crashes_2010_2019_MPO
101582291,2017-03-13,2017,,94.0,,,0,0,N,0.0,0.0,0.0,,,,,,,,35.94637,-86.82345,False,Crashes_2010_2019_MPO
101625571,2017-04-26,2017,,19.0,,,0,0,N,0.0,0.0,0.0,,,,,,,,36.01381,-86.7046,False,Crashes_2010_2019_MPO
100836965,2015-05-19,2015,,94.0,,,0,0,N,0.0,0.0,0.0,,,,,,,,35.94197,-86.83046,False,Crashes_2010_2019_MPO
100708835,2014-12-18,2014,,19.0,,,0,0,N,0.0,0.0,0.0,,,,,,,,36.05012,-86.87402,False,Crashes_2010_2019_MPO
102229538,2018-11-30,2018,,94.0,,,0,0,N,0.0,0.0,0.0,,,,,,,,35.93643,-86.69233,False,Crashes_2010_2019_MPO
101437265,2016-11-11,2016,,94.0,,,0,0,N,0.0,0.0,0.0,,,,,,,,35.95863,-86.81048,False,Crashes_2010_2019_MPO
101329877,2016-08-17,2016,,19.0,,,0,0,N,0.0,0.0,0.0,,,,,,,,36.0405,-86.7703,False,Crashes_2010_2019_MPO
101353953,2016-09-03,2016,,19.0,,,0,0,N,0.0,0.0,0.0,,,,,,,,36.0348,-86.71318,False,Crashes_2010_2019_MPO
100356441,2013-07-19,2013,,94.0,,,0,0,N,0.0,0.0,0.0,,,,,,,,35.95236,-86.80141,False,Crashes_2010_2019_MPO
100382553,2013-09-23,2013,,94.0,,,0,0,N,0.0,0.0,0.0,,,,,,,,35.95596,-86.83237,False,Crashes_2010_2019_MPO
101563364,2017-02-23,2017,,94.0,,,0,0,N,0.0,0.0,0.0,,,,,,,,35.9325,-86.86247,False,Crashes_2010_2019_MPO
101966307,2018-04-04,2018,,94.0,,,0,0,N,0.0,0.0,0.0,,,,,,,,35.95938,-86.80995,False,Crashes_2010_2019_MPO
100435751,2014-01-28,2014,,94.0,,,0,0,N,0.0,0.0,0.0,,,,,,,,36.00417,-86.79083,True,Crashes_2010_2019_MPO
102352180,2019-04-06,2019,,94.0,,,0,0,N,0.0,0.0,0.0,,,,,,,,35.96705,-86.81355,True,Crashes_2010_2019_MPO
101240707,2016-06-07,2016,,19.0,,,0,0,N,0.0,0.0,0.0,,,,,,,,36.03896,-86.78265,False,Crashes_2010_2019_MPO
101576383,2017-03-08,2017,,19.0,,,0,0,N,0.0,0.0,0.0,,,,,,,,36.04084,-86.77347,False,Crashes_2010_2019_MPO
101473188,2016-12-09,2016,,94.0,,,0,0,N,0.0,0.0,0.0,,,,,,,,35.9471,-86.812,False,Crashes_2010_2019_MPO
101441490,2016-11-15,2016,,94.0,,,0,0,N,0.0,0.0,0.0,,,,,,,,35.94978,-86.81329,False,Crashes_2010_2019_MPO
100924647,2015-08-17,2015,,19.0,,,0,0,N,0.0,0.0,0.0,,,,,,,,36.04261,-86.78215,False,Crashes_2010_2019_MPO
100407480,2013-11-19,2013,,94.0,,,0,0,N,0.0,0.0,0.0,,,,,,,,35.93554,-86.82375,False,Crashes_2010_2019_MPO
101242783,2016-06-10,2016,,94.0,,,0,0,N,0.0,0.0,0.0,,,,,,,,35.95899,-86.81594,False,Crashes_2010_2019_MPO
101648147,2017-05-18,2017,,19.0,,,0,0,N,0.0,0.0,0.0,,,,,,,,36.03821,-86.8009,False,Crashes_2010_2019_MPO
100656429,2014-10-20,2014,,19.0,,,0,0,N,0.0,0.0,0.0,,,,,,,,36.03256,-86.7686,False,Crashes_2010_2019_MPO
101267777,2016-06-17,2016,,19.0,,,0,0,N,0.0,0.0,0.0,,,,,,,,36.03256,-86.7687,False,Crashes_2010_2019_MPO
101183868,2016-04-29,2016,,19.0,,,0,0,N,0.0,0.0,0.0,,,,,,,,36.03833,-86.69834,False,Crashes_2010_2019_MPO
102398868,2019-05-24,2019,,19.0,,,0,0,N,0.0,0.0,0.0,,,,,,,,36.04569,-86.7301,False,Crashes_2010_2019_MPO
101038068,2015-11-28,2015,,19.0,,,0,0,N,0.0,0.0,0.0,,,,,,,,36.04145,-86.78251,False,Crashes_2010_2019_MPO
100640580,2014-10-09,2014,,94.0,,,0,0,N,0.0,0.0,0.0,,,,,,,,35.96861,-86.80997,True,Crashes_2010_2019_MPO
100266180,2012-12-14,2012,,94.0,,,0,0,Y,0.0,0.0,1.0,,,,,,,,36.0308,-86.7834,True,Crashes_2010_2019_MPO
100338445,2013-06-04,2013,,94.0,,,0,0,N,0.0,0.0,0.0,,,,,,,,36.00388,-86.79145,True,Crashes_2010_2019_MPO
101363558,2016-09-17,2016,,19.0,,,0,0,N,0.0,0.0,0.0,,,,,,,,36.0243,-86.74239,False,Crashes_2010_2019_MPO
100857207,2015-06-08,2015,,94.0,,,0,0,N,0.0,0.0,0.0,,,,,,,,35.96468,-86.79082,True,Crashes_2010_2019_MPO
102284105,2019-01-22,2019,,19.0,,,0,0,N,0.0,0.0,0.0,,,,,,,,36.04571,-86.7133,False,Crashes_2010_2019_MPO
100462636,2014-03-10,2014,,94.0,,,0,0,N,0.0,0.0,0.0,,,,,,,,35.93081,-86.86373,False,Crashes_2010_2019_MPO
100707649,2014-12-16,2014,,94.0,,,0,0,N,0.0,0.0,0.0,,,,,,,,35.97129,-86.82601,False,Crashes_2010_2019_MPO
101672845,2017-06-14,2017,,19.0,,,0,0,N,0.0,0.0,0.0,,,,,,,,36.04002,-86.71264,False,Crashes_2010_2019_MPO
101006897,2015-11-10,2015,,19.0,,,0,0,N,0.0,0.0,0.0,,,,,,,,36.04124,-86.77842,False,Crashes_2010_2019_MPO
101604330,2017-04-05,2017,,94.0,,,0,0,N,0.0,0.0,0.0,,,,,,,,35.93885,-86.6853,False,Crashes_2010_2019_MPO
100750960,2015-02-21,2015,,19.0,,,0,0,N,0.0,0.0,0.0,,,,,,,,36.04498,-86.77998,False,Crashes_2010_2019_MPO
100697833,2014-11-28,2014,,94.0,,,0,0,N,0.0,0.0,0.0,,,,,,,,35.99316,-86.69665,True,Crashes_2010_2019_MPO
100569686,2014-07-05,2014,,94.0,,,0,0,N,0.0,0.0,0.0,,,,,,,,35.92598,-86.82046,False,Crashes_2010_2019_MPO
102180984,2018-10-18,2018,,19.0,,,0,0,N,0.0,0.0,0.0,,,,,,,,36.04006,-86.78081,False,Crashes_2010_2019_MPO
101838916,2017-11-24,2017,,94.0,,,0,0,N,0.0,0.0,0.0,,,,,,,,35.9485,-86.81973,False,Crashes_2010_2019_MPO
102604631,2019-12-21,2019,,19.0,,,0,0,N,0.0,0.0,0.0,,,,,,,,36.04526,-86.71704,False,Crashes_2010_2019_MPO
101236631,2016-05-31,2016,,94.0,,,0,0,N,0.0,0.0,0.0,,,,,,,,35.93365,-86.81637,False,Crashes_2010_2019_MPO
100938408,2015-08-23,2015,,19.0,,,0,0,N,0.0,0.0,0.0,,,,,,,,36.04393,-86.6933,False,Crashes_2010_2019_MPO
102145947,2018-09-15,2018,,94.0,,,0,0,N,0.0,0.0,0.0,,,,,,,,35.99115,-86.75199,True,Crashes_2010_2019_MPO
100314308,2013-04-10,2013,,94.0,,,0,0,N,0.0,0.0,0.0,,,,,,,,35.93777,-86.83833,False,Crashes_2010_2019_MPO
101650899,2017-05-21,2017,,19.0,,,0,0,N,0.0,0.0,0.0,,,,,,,,36.04123,-86.67776,False,Crashes_2010_2019_MPO
100718739,2015-01-07,2015,,19.0,,,0,0,N,0.0,0.0,0.0,,,,,,,,36.04526,-86.71475,False,Crashes_2010_2019_MPO
102558180,2019-11-04,2019,,19.0,,,0,0,N,0.0,0.0,0.0,,,,,,,,36.03914,-86.78234,False,Crashes_2010_2019_MPO
100802211,2015-04-03,2015,,94.0,,,0,0,N,0.0,0.0,0.0,,,,,,,,35.99792,-86.79985,True,Crashes_2010_2019_MPO
101760304,2017-09-14,2017,,94.0,,,0,0,N,0.0,0.0,0.0,,,,,,,,36.0332,-86.79955,True,Crashes_2010_2019_MPO
102607829,2019-12-26,2019,,94.0,,,0,0,N,0.0,0.0,0.0,,,,,,,,35.96195,-86.71029,True,Crashes_2010_2019_MPO
100833499,2015-05-13,2015,,19.0,,,0,0,N,0.0,0.0,0.0,,,,,,,,36.04104,-86.74371,False,Crashes_2010_2019_MPO
102588256,2019-12-04,2019,,94.0,,,0,0,N,0.0,0.0,0.0,,,,,,,,36.03336,-86.78872,True,Crashes_2010_2019_MPO
100328489,2013-05-13,2013,,94.0,,,0,0,N,0.0,0.0,0.0,,,,,,,,35.96577,-86.81407,False,Crashes_2010_2019_MPO
102125961,2018-08-29,2018,,19.0,,,0,0,N,0.0,0.0,0.0,,,,,,,,36.01448,-86.70507,False,Crashes_2010_2019_MPO
101145610,2016-03-16,2016,,94.0,,,0,0,N,0.0,0.0,0.0,,,,,,,,35.94847,-86.814,False,Crashes_2010_2019_MPO
102204883,2018-11-08,2018,,19.0,,,0,0,N,0.0,0.0,0.0,,,,,,,,36.04536,-86.71334,False,Crashes_2010_2019_MPO
100820847,2015-04-19,2015,,94.0,,,0,0,N,0.0,0.0,0.0,,,,,,,,35.96269,-86.81138,False,Crashes_2010_2019_MPO
100965357,2015-09-21,2015,,19.0,,,0,0,N,0.0,0.0,0.0,,,,,,,,36.04568,-86.72048,False,Crashes_2010_2019_MPO
102466194,2019-08-02,2019,,19.0,,,0,0,N,0.0,0.0,0.0,,,,,,,,36.04525,-86.71445,False,Crashes_2010_2019_MPO
102211557,2018-11-14,2018,,94.0,,,0,0,N,0.0,0.0,0.0,,,,,,,,35.96142,-86.68523,False,Crashes_2010_2019_MPO
100413460,2013-11-25,2013,,19.0,,,0,0,N,0.0,0.0,0.0,,,,,,,,36.04043,-86.76958,False,Crashes_2010_2019_MPO
102515820,2019-09-21,2019,,19.0,,,0,0,N,0.0,0.0,0.0,,,,,,,,36.04877,-86.71368,False,Crashes_2010_2019_MPO
102465910,2019-08-02,2019,,94.0,,,0,0,N,0.0,0.0,0.0,,,,,,,,35.92643,-86.82464,False,Crashes_2010_2019_MPO
101554428,2017-02-14,2017,,94.0,,,0,0,N,0.0,0.0,0.0,,,,,,,,35.96698,-86.81356,True,Crashes_2010_2019_MPO
102013805,2018-05-17,2018,,94.0,,,0,0,N,0.0,0.0,0.0,,,,,,,,35.96538,-86.79788,True,Crashes_2010_2019_MPO
101276717,2016-07-01,2016,,94.0,,,0,0,N,0.0,0.0,0.0,,,,,,,,35.94613,-86.80777,False,Crashes_2010_2019_MPO
100238498,2012-10-12,2012,,94.0,,,0,0,N,0.0,0.0,0.0,,,,,,,,36.03557,-86.79102,True,Crashes_2010_2019_MPO
102116223,2018-08-20,2018,,19.0,,,0,0,N,0.0,0.0,0.0,,,,,,,,36.03772,-86.79475,False,Crashes_2010_2019_MPO
101165914,2016-04-16,2016,,94.0,,,0,0,N,0.0,0.0,0.0,,,,,,,,35.92547,-86.86913,False,Crashes_2010_2019_MPO