mstrrecnbr,collision_ts,year,county,countystat,crash,crash_type,fatalities,non_motorists,commercial,fatal_c,nonmotor_c,truck_c,fatalc,serious_injuries,ped,bike,lighting,weather,first_harmful_event,latitude,longitude,in_city,src_layer
101655094,2017-05-26,2017,,19.0,,,0,0,N,0.0,0.0,0.0,,,,,,,,36.04028,-86.76837,False,Crashes_2010_2019_MPO
101827071,2017-11-16,2017,,94.0,,,0,0,N,0.0,0.0,0.0,,,,,,,,35.92866,-86.82437,False,Crashes_2010_2019_MPO
101092739,2016-01-23,2016,,94.0,,,0,0,N,0.0,0.0,0.0,,,,,,,,35.94077,-86.8319,False,Crashes_2010_2019_MPO
100879487,2015-06-29,2015,,19.0,,,0,0,N,0.0,0.0,0.0,,,,,,,,36.03963,-86.78121,False,Crashes_2010_2019_MPO
101428118,2016-11-01,2016,,19.0,,,0,0,N,0.0,0.0,0.0,,,,,,,,36.03969,-86.76235,False,Crashes_2010_2019_MPO
101980688,2018-04-17,2018,,19.0,,,0,0,N,0.0,0.0,0.0,,,,,,,,36.03996,-86.74277,False,Crashes_2010_2019_MPO
100569379,2014-07-05,2014,,94.0,,,0,0,N,0.0,0.0,0.0,,,,,,,,35.92899,-86.82446,False,Crashes_2010_2019_MPO
102018021,2018-05-21,2018,,19.0,,,0,0,N,0.0,0.0,0.0,,,,,,,,36.04077,-86.7728,False,Crashes_2010_2019_MPO
100423806,2013-12-24,2013,,94.0,,,0,0,N,0.0,0.0,0.0,,,,,,,,35.99735,-86.79489,True,Crashes_2010_2019_MPO
100682529,2014-11-18,2014,,94.0,,,0,0,N,0.0,0.0,0.0,,,,,,,,35.92672,-86.82705,False,Crashes_2010_2019_MPO
102503408,2019-09-08,2019,,19.0,,,0,0,N,0.0,0.0,0.0,,,,,,,,36.02877,-86.73382,False,Crashes_2010_2019_MPO
100630884,2014-09-19,2014,,19.0,,,0,0,N,0.0,0.0,0.0,,,,,,,,36.03996,-86.74197,False,Crashes_2010_2019_MPO
101959725,2018-03-29,2018,,94.0,,,0,0,N,0.0,0.0,0.0,,,,,,,,35.96681,-86.81119,True,Crashes_2010_2019_MPO
101133956,2016-03-14,2016,,19.0,,,0,0,N,0.0,0.0,0.0,,,,,,,,36.04597,-86.71333,False,Crashes_2010_2019_MPO
101847538,2017-12-04,2017,,94.0,,,0,0,N,0.0,0.0,0.0,,,,,,,,35.94656,-86.80963,False,Crashes_2010_2019_MPO
100750353,2015-02-20,2015,,94.0,,,0,0,N,0.0,0.0,0.0,,,,,,,,35.94176,-86.76745,True,Crashes_2010_2019_MPO
102149862,2018-09-13,2018,,94.0,,,0,0,N,0.0,0.0,0.0,,,,,,,,35.94856,-86.81991,False,Crashes_2010_2019_MPO
101482656,2016-12-19,2016,,94.0,,,0,0,N,0.0,0.0,0.0,,,,,,,,35.93423,-86.81894,False,Crashes_2010_2019_MPO
100340783,2013-06-10,2013,,94.0,,,0,0,N,0.0,0.0,0.0,,,,,,,,35.97881,-86.67821,False,Crashes_2010_2019_MPO
100639487,2014-10-07,2014,,19.0,,,0,0,N,0.0,0.0,0.0,,,,,,,,36.01414,-86.73868,False,Crashes_2010_2019_MPO
102514123,2019-09-19,2019,,19.0,,,0,0,N,0.0,0.0,0.0,,,,,,,,36.03854,-86.78264,False,Crashes_2010_2019_MPO
100794825,2015-03-20,2015,,94.0,,,0,0,N,0.0,0.0,0.0,,,,,,,,35.95798,-86.80256,False,Crashes_2010_2019_MPO
100481689,2014-04-02,2014,,94.0,,,0,0,N,0.0,0.0,0.0,,,,,,,,35.93467,-86.83974,False,Crashes_2010_2019_MPO
101754096,2017-09-07,2017,,94.0,,,0,0,N,0.0,0.0,0.0,,,,,,,,35.9869,-86.8003,True,Crashes_2010_2019_MPO
101593057,2017-03-25,2017,,94.0,,,0,0,N,0.0,0.0,0.0,,,,,,,,35.94683,-86.85172,False,Crashes_2010_2019_MPO
102515287,2019-09-20,2019,,19.0,,,0,0,N,0.0,0.0,0.0,,,,,,,,36.0522,-86.74309,False,Crashes_2010_2019_MPO
102427840,2019-06-24,2019,,19.0,,,0,0,N,0.0,0.0,0.0,,,,,,,,36.0398,-86.74345,False,Crashes_2010_2019_MPO
101646108,2017-05-16,2017,,94.0,,,0,0,N,0.0,0.0,0.0,,,,,,,,35.93259,-86.81165,False,Crashes_2010_2019_MPO
100875302,2015-06-23,2015,,94.0,,,0,0,N,0.0,0.0,0.0,,,,,,,,35.96522,-86.80043,True,Crashes_2010_2019_MPO
100799227,2015-03-28,2015,,94.0,,,0,0,N,0.0,0.0,0.0,,,,,,,,35.95796,-86.80256,False,Crashes_2010_2019_MPO
101709931,2017-07-23,2017,,94.0,,,0,0,N,0.0,0.0,0.0,,,,,,,,35.93902,-86.82151,False,Crashes_2010_2019_MPO
100965752,2015-09-23,2015,,94.0,,,0,0,N,0.0,0.0,0.0,,,,,,,,35.98576,-86.67993,False,Crashes_2010_2019_MPO
101005874,2015-11-08,2015,,19.0,,,0,0,N,0.0,0.0,0.0,,,,,,,,36.05366,-86.71502,False,Crashes_2010_2019_MPO
100915461,2015-07-31,2015,,94.0,,,0,0,N,0.0,0.0,0.0,,,,,,,,35.94756,-86.82007,False,Crashes_2010_2019_MPO
102078813,2018-07-18,2018,,94.0,,,0,0,N,0.0,0.0,0.0,,,,,,,,35.96721,-86.8135,True,Crashes_2010_2019_MPO
101860383,2017-12-15,2017,,94.0,,,0,0,N,0.0,0.0,0.0,,,,,,,,35.99551,-86.77887,True,Crashes_2010_2019_MPO
101837575,2017-11-24,2017,,94.0,,,0,0,Y,0.0,0.0,1.0,,,,,,,,36.03551,-86.78748,True,Crashes_2010_2019_MPO
100315813,2013-04-13,2013,,94.0,,,0,0,N,0.0,0.0,0.0,,,,,,,,35.95921,-86.81248,False,Crashes_2010_2019_MPO
102250631,2018-12-18,2018,,94.0,,,0,0,N,0.0,0.0,0.0,,,,,,,,36.02673,-86.81839,True,Crashes_2010_2019_MPO
101300713,2016-07-22,2016,,19.0,,,0,0,N,0.0,0.0,0.0,,,,,,,,36.03978,-86.78148,False,Crashes_2010_2019_MPO
101644851,2017-05-12,2017,,94.0,,,0,0,N,0.0,0.0,0.0,,,,,,,,36.0343,-86.79174,True,Crashes_2010_2019_MPO
100665008,2014-11-05,2014,,19.0,,,0,0,Y,0.0,0.0,1.0,,,,,,,,36.05391,-86.77549,False,Crashes_2010_2019_MPO
100967276,2015-09-25,2015,,94.0,,,0,0,N,0.0,0.0,0.0,,,,,,,,35.94429,-86.81993,False,Crashes_2010_2019_MPO
100835800,2015-05-17,2015,,94.0,,,0,0,N,0.0,0.0,0.0,,,,,,,,36.03336,-86.78872,True,Crashes_2010_2019_MPO
102206447,2018-11-10,2018,,19.0,,,0,0,N,0.0,0.0,0.0,,,,,,,,36.04537,-86.71326,False,Crashes_2010_2019_MPO
100403865,2013-11-12,2013,,94.0,,,0,0,N,0.0,0.0,0.0,,,,,,,,36.01485,-86.81162,True,Crashes_2010_2019_MPO
101642762,2017-05-12,2017,,19.0,,,0,0,N,0.0,0.0,0.0,,,,,,,,35.99704,-86.69013,False,Crashes_2010_2019_MPO
101050227,2015-12-15,2015,,19.0,,,0,0,N,0.0,0.0,0.0,,,,,,,,36.04537,-86.71326,False,Crashes_2010_2019_MPO
101042814,2015-12-04,2015,,94.0,,,0,0,N,0.0,0.0,0.0,,,,,,,,35.92738,-86.8687,False,Crashes_2010_2019_MPO
101830879,2017-11-14,2017,,19.0,,,0,0,N,0.0,0.0,0.0,,,,,,,,36.04106,-86.81998,False,Crashes_2010_2019_MPO
101299856,2016-07-21,2016,,19.0,,,0,0,N,0.0,0.0,0.0,,,,,,,,36.04482,-86.7248,False,Crashes_2010_2019_MPO
100442748,2014-02-14,2014,,94.0,,,0,0,N,0.0,0.0,0.0,,,,,,,,35.96733,-86.81492,True,Crashes_2010_2019_MPO
101360006,2016-09-13,2016,,19.0,,,0,0,N,0.0,0.0,0.0,,,,,,,,36.04253,-86.78216,False,Crashes_2010_2019_MPO
100714956,2014-12-28,2014,,19.0,,,0,0,N,0.0,0.0,0.0,,,,,,,,36.0416,-86.78245,False,Crashes_2010_2019_MPO
102433680,2019-07-01,2019,,19.0,,,0,0,N,0.0,0.0,0.0,,,,,,,,36.03092,-86.70154,False,Crashes_2010_2019_MPO
102211163,2018-11-14,2018,,19.0,,,0,0,N,0.0,0.0,0.0,,,,,,,,36.04486,-86.72493,False,Crashes_2010_2019_MPO
100723879,2015-01-17,2015,,94.0,,,0,0,N,0.0,0.0,0.0,,,,,,,,35.9609,-86.81235,False,Crashes_2010_2019_MPO
102456532,2019-07-24,2019,,19.0,,,0,0,N,0.0,0.0,0.0,,,,,,,,36.04014,-86.76701,False,Crashes_2010_2019_MPO
100911179,2015-07-23,2015,,19.0,,,0,0,N,0.0,0.0,0.0,,,,,,,,36.03677,-86.78332,False,Crashes_2010_2019_MPO
101679620,2017-06-22,2017,,94.0,,,0,0,N,0.0,0.0,0.0,,,,,,,,35.97103,-86.72644,True,Crashes_2010_2019_MPO
100753928,2015-02-27,2015,,19.0,,,0,0,N,0.0,0.0,0.0,,,,,,,,36.04162,-86.74921,False,Crashes_2010_2019_MPO
100317287,2012-12-28,2012,,94.0,,,0,0,N,0.0,0.0,0.0,,,,,,,,35.93494,-86.77688,False,Crashes_2010_2019_MPO
102521130,2019-09-26,2019,,94.0,,,0,0,N,0.0,0.0,0.0,,,,,,,,35.9231,-86.87014,False,Crashes_2010_2019_MPO
101006380,2015-11-09,2015,,19.0,,,0,0,N,0.0,0.0,0.0,,,,,,,,36.04132,-86.75003,False,Crashes_2010_2019_MPO
102588700,2019-12-05,2019,,94.0,,,0,0,N,0.0,0.0,0.0,,,,,,,,35.94804,-86.86368,False,Crashes_2010_2019_MPO
102038751,2018-06-10,2018,,19.0,,,0,0,N,0.0,0.0,0.0,,,,,,,,36.04527,-86.70193,False,Crashes_2010_2019_MPO
101287067,2016-07-16,2016,,94.0,,,0,0,N,0.0,0.0,0.0,,,,,,,,35.92935,-86.85618,False,Crashes_2010_2019_MPO
102589666,2019-12-03,2019,,94.0,,,0,0,N,0.0,0.0,0.0,,,,,,,,35.95596,-86.81638,False,Crashes_2010_2019_MPO
100878731,2015-06-30,2015,,19.0,,,0,0,N,0.0,0.0,0.0,,,,,,,,36.03288,-86.77204,False,Crashes_2010_2019_MPO
100805261,2015-04-09,2015,,19.0,,,0,0,N,0.0,0.0,0.0,,,,,,,,36.03735,-86.78656,False,Crashes_2010_2019_MPO
100801505,2015-04-02,2015,,94.0,,,0,0,N,0.0,0.0,0.0,,,,,,,,36.03668,-86.81488,True,Crashes_2010_2019_MPO
101844422,2017-11-30,2017,,94.0,,,0,0,N,0.0,0.0,0.0,,,,,,,,35.95227,-86.81799,False,Crashes_2010_2019_MPO
100946401,2015-09-07,2015,,94.0,,,0,0,N,0.0,0.0,0.0,,,,,,,,36.01727,-86.74635,True,Crashes_2010_2019_MPO
101820421,2017-11-10,2017,,94.0,,,0,0,N,0.0,0.0,0.0,,,,,,,,36.0355,-86.79108,True,Crashes_2010_2019_MPO
102610100,2019-12-28,2019,,94.0,,,0,0,N,0.0,0.0,0.0,,,,,,,,35.98403,-86.72275,True,Crashes_2010_2019_MPO
102332974,2019-03-16,2019,,94.0,,,0,0,N,0.0,0.0,0.0,,,,,,,,35.96807,-86.82426,False,Crashes_2010_2019_MPO
101118072,2016-02-18,2016,,94.0,,,0,0,N,0.0,0.0,0.0,,,,,,,,35.926,-86.85015,False,Crashes_2010_2019_MPO
101096587,2016-01-29,2016,,19.0,,,0,0,N,0.0,0.0,0.0,,,,,,,,36.04542,-86.71317,False,Crashes_2010_2019_MPO
102363886,2019-04-17,2019,,94.0,,,0,0,N,0.0,0.0,0.0,,,,,,,,36.03329,-86.77717,True,Crashes_2010_2019_MPO
101846787,2017-12-02,2017,,94.0,,,0,0,Y,0.0,0.0,1.0,,,,,,,,35.98025,-86.80295,True,Crashes_2010_2019_MPO
102391115,2019-05-16,2019,,94.0,,,0,0,N,0.0,0.0,0.0,,,,,,,,35.95131,-86.81813,False,Crashes_2010_2019_MPO
100710358,2014-12-21,2014,,94.0,,,0,0,N,0.0,0.0,0.0,,,,,,,,36.00669,-86.78823,True,Crashes_2010_2019_MPO
100639417,2014-10-07,2014,,19.0,,,0,0,N,0.0,0.0,0.0,,,,,,,,36.0377,-86.78515,False,Crashes_2010_2019_MPO
101605207,2017-04-06,2017,,19.0,,,0,0,N,0.0,0.0,0.0,,,,,,,,36.01214,-86.70344,False,Crashes_2010_2019_MPO
100372794,2013-08-29,2013,,94.0,,,0,0,N,0.0,0.0,0.0,,,,,,,,35.97585,-86.83922,False,Crashes_2010_2019_MPO
102071807,2018-07-11,2018,,94.0,,,0,0,N,0.0,0.0,0.0,,,,,,,,35.96654,-86.81103,False,Crashes_2010_2019_MPO
101942918,2018-03-13,2018,,19.0,,,0,0,N,0.0,0.0,0.0,,,,,,,,35.99687,-86.68989,False,Crashes_2010_2019_MPO
100466575,2014-03-20,2014,,94.0,,,0,0,N,0.0,0.0,0.0,,,,,,,,35.96269,-86.81138,False,Crashes_2010_2019_MPO
100715392,2014-12-31,2014,,94.0,,,0,0,N,0.0,0.0,0.0,,,,,,,,35.96731,-86.80472,True,Crashes_2010_2019_MPO
101673453,2017-06-14,2017,,19.0,,,0,0,N,0.0,0.0,0.0,,,,,,,,36.04059,-86.77107,False,Crashes_2010_2019_MPO
101708243,2017-07-21,2017,,19.0,,,0,0,N,0.0,0.0,0.0,,,,,,,,36.04537,-86.71326,False,Crashes_2010_2019_MPO
100925190,2015-08-18,2015,,94.0,,,0,0,N,0.0,0.0,0.0,,,,,,,,35.96605,-86.80679,True,Crashes_2010_2019_MPO
101267039,2016-06-16,2016,,19.0,,,0,0,N,0.0,0.0,0.0,,,,,,,,36.03938,-86.78194,False,Crashes_2010_2019_MPO
100665572,2014-11-06,2014,,94.0,,,0,0,N,0.0,0.0,0.0,,,,,,,,35.93492,-86.82195,False,Crashes_2010_2019_MPO
102278225,2019-01-15,2019,,94.0,,,0,0,N,0.0,0.0,0.0,,,,,,,,36.0145,-86.72401,False,Crashes_2010_2019_MPO
101698381,2017-07-11,2017,,94.0,,,0,0,N,0.0,0.0,0.0,,,,,,,,35.94648,-86.82371,False,Crashes_2010_2019_MPO
100980299,2015-10-16,2015,,94.0,,,0,0,N,0.0,0.0,0.0,,,,,,,,35.95693,-86.84145,False,Crashes_2010_2019_MPO
102062307,2018-07-03,2018,,94.0,,,0,0,N,0.0,0.0,0.0,,,,,,,,36.03175,-86.78961,True,Crashes_2010_2019_MPO
100722568,2015-01-15,2015,,19.0,,,0,0,N,0.0,0.0,0.0,,,,,,,,36.04247,-86.71301,False,Crashes_2010_2019_MPO
101238784,2016-06-04,2016,,19.0,,,0,0,N,0.0,0.0,0.0,,,,,,,,36.04174,-86.78242,False,Crashes_2010_2019_MPO
102157129,2018-09-25,2018,,19.0,,,0,0,N,0.0,0.0,0.0,,,,,,,,36.04067,-86.7798,False,Crashes_2010_2019_MPO
101315906,2016-07-29,2016,,94.0,,,0,0,N,0.0,0.0,0.0,,,,,,,,35.97438,-86.83209,True,Crashes_2010_2019_MPO
101345078,2016-08-24,2016,,94.0,,,0,0,N,0.0,0.0,0.0,,,,,,,,35.95578,-86.81119,False,Crashes_2010_2019_MPO
102290135,2019-01-28,2019,,94.0,,,0,0,N,0.0,0.0,0.0,,,,,,,,35.96742,-86.81558,True,Crashes_2010_2019_MPO
101274107,2016-06-27,2016,,94.0,,,0,0,N,0.0,0.0,0.0,,,,,,,,35.97103,-86.72644,True,Crashes_2010_2019_MPO
101355253,2016-09-06,2016,,94.0,,,0,0,N,0.0,0.0,0.0,,,,,,,,35.95015,-86.84906,False,Crashes_2010_2019_MPO
101441807,2016-11-16,2016,,94.0,,,0,0,N,0.0,0.0,0.0,,,,,,,,35.94021,-86.81686,False,Crashes_2010_2019_MPO
101474531,2016-12-12,2016,,94.0,,,0,0,N,0.0,0.0,0.0,,,,,,,,35.97042,-86.72567,True,Crashes_2010_2019_MPO
100860270,2015-06-13,2015,,19.0,,,0,0,N,0.0,0.0,0.0,,,,,,,,36.0156,-86.74062,False,Crashes_2010_2019_MPO
102239887,2018-12-08,2018,,19.0,,,0,0,N,0.0,0.0,0.0,,,,,,,,36.03914,-86.78234,False,Crashes_2010_2019_MPO
101997070,2018-05-02,2018,,94.0,,,0,0,N,0.0,0.0,0.0,,,,,,,,35.95198,-86.81788,False,Crashes_2010_2019_MPO
101391001,2016-09-27,2016,,94.0,,,0,0,N,0.0,0.0,0.0,,,,,,,,35.96716,-86.81351,True,Crashes_2010_2019_MPO
100720691,2015-01-11,2015,,19.0,,,0,0,N,0.0,0.0,0.0,,,,,,,,36.04542,-86.71317,False,Crashes_2010_2019_MPO
100344481,2013-06-20,2013,,94.0,,,0,0,Y,0.0,0.0,1.0,,,,,,,,36.03514,-86.80579,True,Crashes_2010_2019_MPO
100361989,2013-07-31,2013,,94.0,,,0,0,N,0.0,0.0,0.0,,,,,,,,36.01641,-86.78595,True,Crashes_2010_2019_MPO
102319625,2019-03-02,2019,,19.0,,,0,0,N,0.0,0.0,0.0,,,,,,,,36.04537,-86.71326,False,Crashes_2010_2019_MPO
101610139,2017-04-09,2017,,94.0,,,0,0,N,0.0,0.0,0.0,,,,,,,,35.983261,-86.68838,True,Crashes_2010_2019_MPO
101888270,2018-01-16,2018,,19.0,,,0,0,N,0.0,0.0,0.0,,,,,,,,36.03501,-86.71526,False,Crashes_2010_2019_MPO
100799219,2015-03-28,2015,,19.0,,,0,0,N,0.0,0.0,0.0,,,,,,,,36.04977,-86.7752,False,Crashes_2010_2019_MPO
102417845,2019-06-13,2019,,94.0,,,0,0,N,0.0,0.0,0.0,,,,,,,,36.03281,-86.78902,True,Crashes_2010_2019_MPO
100370958,2013-08-24,2013,,94.0,,,0,0,N,0.0,0.0,0.0,,,,,,,,35.96269,-86.81138,False,Crashes_2010_2019_MPO
100175080,2012-05-01,2012,,94.0,,,0,0,N,0.0,0.0,0.0,,,,,,,,35.99146,-86.75289,True,Crashes_2010_2019_MPO
102108291,2018-08-11,2018,,94.0,,,0,0,N,0.0,0.0,0.0,,,,,,,,35.99781,-86.79886,True,Crashes_2010_2019_MPO
101729925,2017-08-13,2017,,94.0,,,0,0,N,0.0,0.0,0.0,,,,,,,,35.9912,-86.68349,False,Crashes_2010_2019_MPO
102097757,2018-08-03,2018,,94.0,,,0,0,N,0.0,0.0,0.0,,,,,,,,35.92378,-86.76681,False,Crashes_2010_2019_MPO
101992566,2018-04-28,2018,,94.0,,,0,0,N,0.0,0.0,0.0,,,,,,,,35.99395,-86.76205,True,Crashes_2010_2019_MPO
101353181,2016-09-03,2016,,19.0,,,0,0,N,0.0,0.0,0.0,,,,,,,,36.02547,-86.71305,False,Crashes_2010_2019_MPO
100800457,2015-03-31,2015,,19.0,,,0,0,N,0.0,0.0,0.0,,,,,,,,36.04207,-86.74393,False,Crashes_2010_2019_MPO
102468569,2019-08-05,2019,,94.0,,,0,0,N,0.0,0.0,0.0,,,,,,,,35.96312,-86.81897,True,Crashes_2010_2019_MPO
100769891,2015-03-10,2015,,94.0,,,0,0,N,0.0,0.0,0.0,,,,,,,,35.99458,-86.76767,True,Crashes_2010_2019_MPO
100400965,2013-11-05,2013,,94.0,,,0,0,N,0.0,0.0,0.0,,,,,,,,35.991,-86.75171,True,Crashes_2010_2019_MPO
101132869,2016-03-12,2016,,19.0,,,0,0,N,0.0,0.0,0.0,,,,,,,,36.02526,-86.74259,False,Crashes_2010_2019_MPO
102534824,2019-10-11,2019,,19.0,,,0,0,N,0.0,0.0,0.0,,,,,,,,36.03741,-86.78654,False,Crashes_2010_2019_MPO
100543853,2014-05-27,2014,,94.0,,,0,0,N,0.0,0.0,0.0,,,,,,,,35.99769,-86.79666,True,Crashes_2010_2019_MPO
101270285,2016-06-21,2016,,94.0,,,0,0,N,0.0,0.0,0.0,,,,,,,,35.93373,-86.81799,False,Crashes_2010_2019_MPO
101773331,2017-09-27,2017,,19.0,,,0,0,N,0.0,0.0,0.0,,,,,,,,36.04064,-86.74363,False,Crashes_2010_2019_MPO
102241212,2018-12-10,2018,,94.0,,,0,0,N,0.0,0.0,0.0,,,,,,,,35.93431,-86.82401,False,Crashes_2010_2019_MPO
102031576,2018-06-02,2018,,94.0,,,0,0,N,0.0,0.0,0.0,,,,,,,,35.96133,-86.81226,False,Crashes_2010_2019_MPO
101462512,2016-11-28,2016,,19.0,,,0,0,N,0.0,0.0,0.0,,,,,,,,36.03803,-86.78452,False,Crashes_2010_2019_MPO
102520505,2019-09-24,2019,,94.0,,,0,0,N,0.0,0.0,0.0,,,,,,,,35.964684,-86.802075,True,Crashes_2010_2019_MPO
101195787,2016-05-16,2016,,94.0,,,0,0,N,0.0,0.0,0.0,,,,,,,,35.93465,-86.86087,False,Crashes_2010_2019_MPO
100334508,2013-05-23,2013,,94.0,,,0,0,N,0.0,0.0,0.0,,,,,,,,35.95535,-86.80413,False,Crashes_2010_2019_MPO
100458123,2014-02-27,2014,,94.0,,,0,0,N,0.0,0.0,0.0,,,,,,,,35.94761,-86.81992,False,Crashes_2010_2019_MPO
101329610,2016-08-17,2016,,94.0,,,0,0,N,0.0,0.0,0.0,,,,,,,,35.92535,-86.87408,False,Crashes_2010_2019_MPO
101359856,2016-09-12,2016,,94.0,,,0,0,N,0.0,0.0,0.0,,,,,,,,35.99093,-86.77642,True,Crashes_2010_2019_MPO
102458999,2019-07-26,2019,,94.0,,,0,0,N,0.0,0.0,0.0,,,,,,,,35.96372,-86.81053,False,Crashes_2010_2019_MPO
101581508,2017-03-12,2017,,94.0,,,0,0,N,0.0,0.0,0.0,,,,,,,,35.93315,-86.81169,False,Crashes_2010_2019_MPO
102431550,2019-06-27,2019,,19.0,,,0,0,N,0.0,0.0,0.0,,,,,,,,36.03639,-86.78697,False,Crashes_2010_2019_MPO
101678607,2017-06-20,2017,,94.0,,,0,0,N,0.0,0.0,0.0,,,,,,,,35.92383,-86.86976,False,Crashes_2010_2019_MPO
102439920,2019-07-06,2019,,94.0,,,0,0,N,0.0,0.0,0.0,,,,,,,,35.93793,-86.81765,False,Crashes_2010_2019_MPO
101321852,2016-08-04,2016,,94.0,,,0,0,N,0.0,0.0,0.0,,,,,,,,36.03,-86.79057,True,Crashes_2010_2019_MPO
101042894,2015-11-30,2015,,19.0,,,0,0,N,0.0,0.0,0.0,,,,,,,,36.0409,-86.74369,False,Crashes_2010_2019_MPO
100352858,2013-07-10,2013,,94.0,,,0,0,N,0.0,0.0,0.0,,,,,,,,35.94775,-86.85995,False,Crashes_2010_2019_MPO
101011028,2015-11-16,2015,,94.0,,,0,0,N,0.0,0.0,0.0,,,,,,,,35.966789,-86.809062,True,Crashes_2010_2019_MPO
101784598,2017-10-07,2017,,19.0,,,0,0,N,0.0,0.0,0.0,,,,,,,,36.03775,-86.78473,False,Crashes_2010_2019_MPO
100481183,2014-04-02,2014,,94.0,,,0,0,N,0.0,0.0,0.0,,,,,,,,35.98437,-86.72434,True,Crashes_2010_2019_MPO
100608995,2014-08-22,2014,,94.0,,,0,0,N,0.0,0.0,0.0,,,,,,,,35.95114,-86.80224,False,Crashes_2010_2019_MPO
100713058,2014-12-22,2014,,94.0,,,0,0,N,0.0,0.0,0.0,,,,,,,,35.96734,-86.81494,True,Crashes_2010_2019_MPO
102524039,2019-09-28,2019,,94.0,,,0,0,N,0.0,0.0,0.0,,,,,,,,35.92372,-86.76683,False,Crashes_2010_2019_MPO
102401097,2019-05-26,2019,,19.0,,,0,0,N,0.0,0.0,0.0,,,,,,,,36.04536,-86.71786,False,Crashes_2010_2019_MPO
100962473,2015-09-17,2015,,94.0,,,0,0,N,0.0,0.0,0.0,,,,,,,,35.93708,-86.69241,False,Crashes_2010_2019_MPO
102392054,2019-05-17,2019,,19.0,,,0,0,N,0.0,0.0,0.0,,,,,,,,36.03797,-86.79777,False,Crashes_2010_2019_MPO
101468907,2016-12-06,2016,,19.0,,,0,0,N,0.0,0.0,0.0,,,,,,,,36.0325,-86.7681,False,Crashes_2010_2019_MPO
101005442,2015-11-07,2015,,94.0,,,0,0,N,0.0,0.0,0.0,,,,,,,,35.96681,-86.81119,True,Crashes_2010_2019_MPO
101320014,2016-08-04,2016,,94.0,,,0,0,N,0.0,0.0,0.0,,,,,,,,35.92435,-86.86963,False,Crashes_2010_2019_MPO
100202324,2012-07-13,2012,,94.0,,,0,0,N,0.0,0.0,0.0,,,,,,,,35.98624,-86.73643,True,Crashes_2010_2019_MPO
101786062,2017-10-08,2017,,19.0,,,0,0,N,0.0,0.0,0.0,,,,,,,,36.0243,-86.74239,False,Crashes_2010_2019_MPO
100588725,2014-07-29,2014,,94.0,,,0,0,N,0.0,0.0,0.0,,,,,,,,35.93398,-86.85934,False,Crashes_2010_2019_MPO
101715490,2017-07-29,2017,,19.0,,,0,0,N,0.0,0.0,0.0,,,,,,,,36.04746,-86.71351,False,Crashes_2010_2019_MPO
102134295,2018-09-05,2018,,94.0,,,0,0,N,0.0,0.0,0.0,,,,,,,,35.99904,-86.80865,True,Crashes_2010_2019_MPO
101124879,2016-02-29,2016,,19.0,,,0,0,Y,0.0,0.0,1.0,,,,,,,,36.04,-86.71277,False,Crashes_2010_2019_MPO
101959320,2018-03-27,2018,,94.0,,,0,0,N,0.0,0.0,0.0,,,,,,,,35.92803,-86.83099,False,Crashes_2010_2019_MPO
102504827,2019-09-09,2019,,94.0,,,0,0,N,0.0,0.0,0.0,,,,,,,,35.94268,-86.81576,False,Crashes_2010_2019_MPO
10581295,2010-03-11,2010,,19.0,,,0,0, ,0.0,0.0,0.0,,,,,,,,36.039693,-86.759877,False,Crashes_2010_2019_MPO
100361135,2013-07-31,2013,,94.0,,,0,0,N,0.0,0.0,0.0,,,,,,,,35.95357,-86.81782,False,Crashes_2010_2019_MPO
101941243,2018-03-09,2018,,94.0,,,0,0,N,0.0,0.0,0.0,,,,,,,,35.96964,-86.67804,False,Crashes_2010_2019_MPO
101693824,2017-07-06,2017,,19.0,,,0,0,N,0.0,0.0,0.0,,,,,,,,36.0415,-86.69993,False,Crashes_2010_2019_MPO
102048362,2018-06-19,2018,,19.0,,,0,0,N,0.0,0.0,0.0,,,,,,,,36.04526,-86.71704,False,Crashes_2010_2019_MPO
102254446,2018-12-21,2018,,94.0,,,0,0,N,0.0,0.0,0.0,,,,,,,,35.97334,-86.83305,True,Crashes_2010_2019_MPO
101679346,2017-06-20,2017,,94.0,,,0,0,N,0.0,0.0,0.0,,,,,,,,35.99101,-86.799,True,Crashes_2010_2019_MPO
101946437,2018-03-16,2018,,19.0,,,0,0,N,0.0,0.0,0.0,,,,,,,,36.03643,-86.78456,False,Crashes_2010_2019_MPO
101734674,2017-08-18,2017,,94.0,,,0,0,N,0.0,0.0,0.0,,,,,,,,35.94554,-86.87456,False,Crashes_2010_2019_MPO
101558406,2017-02-18,2017,,94.0,,,0,0,N,0.0,0.0,0.0,,,,,,,,36.03354,-86.78119,True,Crashes_2010_2019_MPO
101879948,2018-01-06,2018,,94.0,,,0,0,N,0.0,0.0,0.0,,,,,,,,35.94586,-86.82571,False,Crashes_2010_2019_MPO
101096469,2016-01-29,2016,,94.0,,,0,0,N,0.0,0.0,0.0,,,,,,,,35.92456,-86.87028,False,Crashes_2010_2019_MPO
101950053,2018-03-19,2018,,94.0,,,0,0,N,0.0,0.0,0.0,,,,,,,,35.94602,-86.82498,False,Crashes_2010_2019_MPO
102478880,2019-08-15,2019,,94.0,,,0,0,N,0.0,0.0,0.0,,,,,,,,35.9407,-86.83934,False,Crashes_2010_2019_MPO
101135290,2016-03-16,2016,,94.0,,,0,0,N,0.0,0.0,0.0,,,,,,,,36.03599,-86.7872,True,Crashes_2010_2019_MPO
102551623,2019-10-28,2019,,19.0,,,0,0,N,0.0,0.0,0.0,,,,,,,,36.0374,-86.78657,False,Crashes_2010_2019_MPO
101284061,2016-07-11,2016,,94.0,,,0,0,N,0.0,0.0,0.0,,,,,,,,35.96659,-86.80927,True,Crashes_2010_2019_MPO
101623022,2017-04-23,2017,,94.0,,,0,0,N,0.0,0.0,0.0,,,,,,,,35.97275,-86.80556,True,Crashes_2010_2019_MPO