mstrrecnbr,collision_ts,year,county,countystat,crash,crash_type,fatalities,non_motorists,commercial,fatal_c,nonmotor_c,truck_c,fatalc,serious_injuries,ped,bike,lighting,weather,first_harmful_event,latitude,longitude,in_city,src_layer
101001542,2015-11-02,2015,,94.0,,,0,0,N,0.0,0.0,0.0,,,,,,,,35.95383,-86.80405,False,Crashes_2010_2019_MPO
100946397,2015-09-07,2015,,94.0,,,0,0,N,0.0,0.0,0.0,,,,,,,,35.95843,-86.814,False,Crashes_2010_2019_MPO
100430261,2014-01-13,2014,,94.0,,,0,0,N,0.0,0.0,0.0,,,,,,,,35.96981,-86.72457,True,Crashes_2010_2019_MPO
101165652,2016-04-16,2016,,94.0,,,0,0,N,0.0,0.0,0.0,,,,,,,,35.92417,-86.8757,False,Crashes_2010_2019_MPO
100859149,2015-06-11,2015,,19.0,,,0,0,N,0.0,0.0,0.0,,,,,,,,36.03851,-86.80592,False,Crashes_2010_2019_MPO
102058785,2018-06-30,2018,,19.0,,,0,0,N,0.0,0.0,0.0,,,,,,,,36.0402,-86.76762,False,Crashes_2010_2019_MPO
101190334,2016-05-08,2016,,94.0,,,0,0,N,0.0,0.0,0.0,,,,,,,,35.92871,-86.7878,False,Crashes_2010_2019_MPO
100396049,2013-10-25,2013,,94.0,,,0,0,N,0.0,0.0,0.0,,,,,,,,35.93486,-86.84897,False,Crashes_2010_2019_MPO
100801252,2015-04-01,2015,,94.0,,,0,0,N,0.0,0.0,0.0,,,,,,,,35.93126,-86.87663,False,Crashes_2010_2019_MPO
100160212,2012-03-21,2012,,94.0,,,0,0,N,0.0,0.0,0.0,,,,,,,,35.9667,-86.81117,True,Crashes_2010_2019_MPO
101123701,2016-02-27,2016,,94.0,,,0,0,N,0.0,0.0,0.0,,,,,,,,36.026371,-86.792053,True,Crashes_2010_2019_MPO
101805675,2017-10-27,2017,,94.0,,,0,0,N,0.0,0.0,0.0,,,,,,,,35.94423,-86.81975,False,Crashes_2010_2019_MPO
101132574,2016-03-12,2016,,94.0,,,0,0,N,0.0,0.0,0.0,,,,,,,,35.92493,-86.86519,False,Crashes_2010_2019_MPO
102487890,2019-08-24,2019,,19.0,,,0,0,N,0.0,0.0,0.0,,,,,,,,36.04245,-86.71294,False,Crashes_2010_2019_MPO
100836986,2015-05-19,2015,,94.0,,,0,0,N,0.0,0.0,0.0,,,,,,,,35.96687,-86.81113,True,Crashes_2010_2019_MPO
102357754,2019-04-11,2019,,94.0,,,0,0,N,0.0,0.0,0.0,,,,,,,,36.01689,-86.78609,True,Crashes_2010_2019_MPO
101238759,2016-06-04,2016,,94.0,,,0,0,N,0.0,0.0,0.0,,,,,,,,35.97009,-86.83575,False,Crashes_2010_2019_MPO
100881792,2015-07-05,2015,,94.0,,,0,0,N,0.0,0.0,0.0,,,,,,,,36.02198,-86.79508,True,Crashes_2010_2019_MPO
100724994,2015-01-20,2015,,94.0,,,0,0,N,0.0,0.0,0.0,,,,,,,,35.92648,-86.82526,False,Crashes_2010_2019_MPO
101609824,2017-04-10,2017,,19.0,,,0,0,N,0.0,0.0,0.0,,,,,,,,36.03883,-86.76747,False,Crashes_2010_2019_MPO
102312449,2019-02-22,2019,,94.0,,,0,0,N,0.0,0.0,0.0,,,,,,,,35.9667,-86.81121,True,Crashes_2010_2019_MPO
101557960,2017-02-17,2017,,94.0,,,0,0,N,0.0,0.0,0.0,,,,,,,,35.94932,-86.81962,False,Crashes_2010_2019_MPO
101278811,2016-07-04,2016,,19.0,,,0,0,N,0.0,0.0,0.0,,,,,,,,36.0275,-86.68007,False,Crashes_2010_2019_MPO
102425446,2019-06-21,2019,,19.0,,,0,0,N,0.0,0.0,0.0,,,,,,,,36.04976,-86.68554,False,Crashes_2010_2019_MPO
100272822,2012-12-29,2012,,94.0,,,0,0,N,0.0,0.0,0.0,,,,,,,,35.92939,-86.84202,False,Crashes_2010_2019_MPO
101275328,2016-06-29,2016,,94.0,,,0,0,N,0.0,0.0,0.0,,,,,,,,35.92957,-86.84187,False,Crashes_2010_2019_MPO
100595047,2014-08-13,2014,,94.0,,,0,0,N,0.0,0.0,0.0,,,,,,,,36.02819,-86.78419,True,Crashes_2010_2019_MPO
101063900,2015-12-21,2015,,94.0,,,0,0,N,0.0,0.0,0.0,,,,,,,,35.93,-86.8563,False,Crashes_2010_2019_MPO
100585560,2014-07-20,2014,,94.0,,,0,0,N,0.0,0.0,0.0,,,,,,,,35.98989,-86.6823,False,Crashes_2010_2019_MPO
100696668,2014-11-25,2014,,19.0,,,0,0,N,0.0,0.0,0.0,,,,,,,,36.03971,-86.73923,False,Crashes_2010_2019_MPO
100827902,2015-05-02,2015,,94.0,,,0,0,N,0.0,0.0,0.0,,,,,,,,35.94401,-86.82284,False,Crashes_2010_2019_MPO
100917448,2015-08-04,2015,,19.0,,,0,0,N,0.0,0.0,0.0,,,,,,,,36.04078,-86.77982,False,Crashes_2010_2019_MPO
100431475,2014-01-15,2014,,94.0,,,0,0,N,0.0,0.0,0.0,,,,,,,,35.93145,-86.86325,False,Crashes_2010_2019_MPO
102197337,2018-11-01,2018,,94.0,,,0,0,N,0.0,0.0,0.0,,,,,,,,35.9318,-86.86297,False,Crashes_2010_2019_MPO
100369203,2013-08-20,2013,,94.0,,,0,0,N,0.0,0.0,0.0,,,,,,,,35.93313,-86.81153,False,Crashes_2010_2019_MPO
102205175,2018-11-09,2018,,94.0,,,0,0,N,0.0,0.0,0.0,,,,,,,,35.95031,-86.76392,True,Crashes_2010_2019_MPO
100390438,2013-10-12,2013,,19.0,,,0,0,N,0.0,0.0,0.0,,,,,,,,36.0278,-86.79179,True,Crashes_2010_2019_MPO
102601263,2019-12-18,2019,,94.0,,,0,0,N,0.0,0.0,0.0,,,,,,,,35.94421,-86.81976,False,Crashes_2010_2019_MPO
101793750,2017-10-16,2017,,94.0,,,0,0,N,0.0,0.0,0.0,,,,,,,,36.03282,-86.80905,True,Crashes_2010_2019_MPO
101648202,2017-05-18,2017,,94.0,,,0,0,N,0.0,0.0,0.0,,,,,,,,35.92829,-86.7667,False,Crashes_2010_2019_MPO
100737320,2015-02-11,2015,,19.0,,,0,0,N,0.0,0.0,0.0,,,,,,,,36.03934,-86.78161,False,Crashes_2010_2019_MPO
101621222,2017-04-21,2017,,19.0,,,0,0,N,0.0,0.0,0.0,,,,,,,,36.03983,-86.74095,False,Crashes_2010_2019_MPO
100410801,2013-11-25,2013,,94.0,,,0,0,N,0.0,0.0,0.0,,,,,,,,35.96203,-86.81531,False,Crashes_2010_2019_MPO
102142506,2018-09-12,2018,,94.0,,,0,0,N,0.0,0.0,0.0,,,,,,,,35.96172,-86.80176,True,Crashes_2010_2019_MPO
100919141,2015-08-06,2015,,94.0,,,0,0,N,0.0,0.0,0.0,,,,,,,,35.93224,-86.7942,False,Crashes_2010_2019_MPO
100656925,2014-10-21,2014,,94.0,,,0,0,N,0.0,0.0,0.0,,,,,,,,35.93756,-86.76808,False,Crashes_2010_2019_MPO
102365988,2019-04-19,2019,,94.0,,,0,0,N,0.0,0.0,0.0,,,,,,,,35.93541,-86.82372,False,Crashes_2010_2019_MPO
101732057,2017-08-16,2017,,94.0,,,0,0,N,0.0,0.0,0.0,,,,,,,,36.03689,-86.8019,True,Crashes_2010_2019_MPO
101396744,2016-10-04,2016,,94.0,,,0,0,N,0.0,0.0,0.0,,,,,,,,35.96518,-86.80029,True,Crashes_2010_2019_MPO
102375233,2019-04-29,2019,,94.0,,,0,0,N,0.0,0.0,0.0,,,,,,,,35.93306,-86.81184,False,Crashes_2010_2019_MPO
101473167,2016-12-10,2016,,94.0,,,0,0,N,0.0,0.0,0.0,,,,,,,,35.95245,-86.81796,False,Crashes_2010_2019_MPO
100286936,2013-02-02,2013,,94.0,,,0,0,N,0.0,0.0,0.0,,,,,,,,35.99358,-86.75929,True,Crashes_2010_2019_MPO
100374311,2013-09-01,2013,,94.0,,,0,0,N,0.0,0.0,0.0,,,,,,,,35.94774,-86.81938,False,Crashes_2010_2019_MPO
102344852,2019-03-27,2019,,94.0,,,0,0,N,0.0,0.0,0.0,,,,,,,,35.93436,-86.8204,False,Crashes_2010_2019_MPO
102419159,2019-06-14,2019,,94.0,,,0,0,N,0.0,0.0,0.0,,,,,,,,36.03381,-86.78846,True,Crashes_2010_2019_MPO
102538797,2019-10-13,2019,,94.0,,,1,0,N,1.0,0.0,0.0,,,,,,,,35.98264,-86.80188,True,Crashes_2010_2019_MPO
101274968,2016-06-26,2016,,19.0,,,0,0,N,0.0,0.0,0.0,,,,,,,,36.04033,-86.76836,False,Crashes_2010_2019_MPO
101349279,2016-08-29,2016,,94.0,,,0,0,N,0.0,0.0,0.0,,,,,,,,35.94529,-86.85295,False,Crashes_2010_2019_MPO
100968280,2015-09-26,2015,,94.0,,,0,0,N,0.0,0.0,0.0,,,,,,,,35.9584,-86.80226,False,Crashes_2010_2019_MPO
102461567,2019-07-29,2019,,94.0,,,0,0,N,0.0,0.0,0.0,,,,,,,,35.94477,-86.82853,False,Crashes_2010_2019_MPO
101094794,2016-01-21,2016,,94.0,,,0,0,N,0.0,0.0,0.0,,,,,,,,36.0169,-86.78635,True,Crashes_2010_2019_MPO
101507458,2017-01-17,2017,,94.0,,,0,0,N,0.0,0.0,0.0,,,,,,,,35.99734,-86.79486,True,Crashes_2010_2019_MPO
101453217,2016-11-18,2016,,94.0,,,0,0,N,0.0,0.0,0.0,,,,,,,,35.9293,-86.85453,False,Crashes_2010_2019_MPO
102524094,2019-09-29,2019,,19.0,,,0,0,N,0.0,0.0,0.0,,,,,,,,36.03457,-86.74574,False,Crashes_2010_2019_MPO
101163472,2016-04-13,2016,,94.0,,,0,0,N,0.0,0.0,0.0,,,,,,,,35.93293,-86.78278,False,Crashes_2010_2019_MPO
101669222,2017-06-09,2017,,19.0,,,0,0,N,0.0,0.0,0.0,,,,,,,,36.0424,-86.768,False,Crashes_2010_2019_MPO
102414606,2019-06-08,2019,,94.0,,,0,0,N,0.0,0.0,0.0,,,,,,,,35.96429,-86.81293,False,Crashes_2010_2019_MPO
100435633,2014-01-27,2014,,94.0,,,0,0,N,0.0,0.0,0.0,,,,,,,,35.94825,-86.86001,False,Crashes_2010_2019_MPO
101661331,2017-06-01,2017,,94.0,,,0,0,N,0.0,0.0,0.0,,,,,,,,35.96681,-86.81119,True,Crashes_2010_2019_MPO
101245594,2016-06-14,2016,,94.0,,,0,0,N,0.0,0.0,0.0,,,,,,,,35.99551,-86.77887,True,Crashes_2010_2019_MPO
101588107,2017-03-20,2017,,19.0,,,0,0,N,0.0,0.0,0.0,,,,,,,,36.04561,-86.71977,False,Crashes_2010_2019_MPO
100396534,2013-10-25,2013,,94.0,,,0,0,N,0.0,0.0,0.0,,,,,,,,35.95701,-86.76748,True,Crashes_2010_2019_MPO
101916045,2018-02-14,2018,,94.0,,,0,0,N,0.0,0.0,0.0,,,,,,,,36.01974,-86.7869,True,Crashes_2010_2019_MPO
101788198,2017-10-11,2017,,19.0,,,0,0,N,0.0,0.0,0.0,,,,,,,,36.03739,-86.78669,False,Crashes_2010_2019_MPO
100716624,2015-01-03,2015,,19.0,,,0,0,Y,0.0,0.0,1.0,,,,,,,,36.04079,-86.78256,False,Crashes_2010_2019_MPO
100420091,2013-12-16,2013,,94.0,,,0,0,N,0.0,0.0,0.0,,,,,,,,35.92339,-86.85047,False,Crashes_2010_2019_MPO
101492316,2016-12-30,2016,,94.0,,,0,0,N,0.0,0.0,0.0,,,,,,,,35.94275,-86.82045,False,Crashes_2010_2019_MPO
102049099,2018-06-20,2018,,94.0,,,0,0,N,0.0,0.0,0.0,,,,,,,,36.00224,-86.80764,True,Crashes_2010_2019_MPO
101120004,2016-02-21,2016,,94.0,,,0,0,N,0.0,0.0,0.0,,,,,,,,35.95646,-86.81596,False,Crashes_2010_2019_MPO
102226301,2018-11-27,2018,,94.0,,,0,0,N,0.0,0.0,0.0,,,,,,,,35.9659,-86.80325,True,Crashes_2010_2019_MPO
102240379,2018-12-09,2018,,19.0,,,0,0,N,0.0,0.0,0.0,,,,,,,,36.04537,-86.71326,False,Crashes_2010_2019_MPO
101872576,2017-12-29,2017,,19.0,,,0,0,N,0.0,0.0,0.0,,,,,,,,36.04627,-86.6768,False,Crashes_2010_2019_MPO
100737394,2015-02-13,2015,,94.0,,,0,0,N,0.0,0.0,0.0,,,,,,,,35.99156,-86.79881,True,Crashes_2010_2019_MPO
101075236,2016-01-10,2016,,19.0,,,0,0,N,0.0,0.0,0.0,,,,,,,,36.04001,-86.74347,False,Crashes_2010_2019_MPO
102379224,2019-05-03,2019,,19.0,,,0,0,N,0.0,0.0,0.0,,,,,,,,36.03909,-86.72974,False,Crashes_2010_2019_MPO
100967029,2015-09-25,2015,,94.0,,,0,0,N,0.0,0.0,0.0,,,,,,,,35.92379,-86.82259,False,Crashes_2010_2019_MPO
102436276,2019-07-03,2019,,94.0,,,0,0,N,0.0,0.0,0.0,,,,,,,,35.93541,-86.82372,False,Crashes_2010_2019_MPO
101617203,2017-04-16,2017,,19.0,,,0,0,N,0.0,0.0,0.0,,,,,,,,36.04781,-86.86231,False,Crashes_2010_2019_MPO
100852618,2015-05-30,2015,,19.0,,,0,0,N,0.0,0.0,0.0,,,,,,,,36.04617,-86.71513,False,Crashes_2010_2019_MPO
101656166,2017-05-26,2017,,94.0,,,0,0,N,0.0,0.0,0.0,,,,,,,,36.03147,-86.78976,True,Crashes_2010_2019_MPO
101575981,2017-03-07,2017,,19.0,,,0,0,N,0.0,0.0,0.0,,,,,,,,36.03581,-86.7873,True,Crashes_2010_2019_MPO
101404876,2016-10-14,2016,,94.0,,,0,0,N,0.0,0.0,0.0,,,,,,,,35.97057,-86.72592,True,Crashes_2010_2019_MPO
100407605,2013-11-19,2013,,94.0,,,0,0,N,0.0,0.0,0.0,,,,,,,,36.0344,-86.7917,True,Crashes_2010_2019_MPO
102365247,2019-04-19,2019,,19.0,,,0,0,N,0.0,0.0,0.0,,,,,,,,36.0545,-86.70041,False,Crashes_2010_2019_MPO
101664963,2017-06-05,2017,,94.0,,,0,0,N,0.0,0.0,0.0,,,,,,,,35.95051,-86.76622,True,Crashes_2010_2019_MPO
101331518,2016-08-19,2016,,94.0,,,0,0,Y,0.0,0.0,1.0,,,,,,,,35.99857,-86.80539,True,Crashes_2010_2019_MPO
101328275,2016-08-14,2016,,94.0,,,0,0,N,0.0,0.0,0.0,,,,,,,,35.95123,-86.81723,False,Crashes_2010_2019_MPO
100856028,2015-06-05,2015,,94.0,,,0,0,N,0.0,0.0,0.0,,,,,,,,35.95797,-86.8112,False,Crashes_2010_2019_MPO
102553392,2019-10-30,2019,,19.0,,,0,0,N,0.0,0.0,0.0,,,,,,,,36.0374,-86.78657,False,Crashes_2010_2019_MPO
101934675,2018-03-05,2018,,19.0,,,0,0,N,0.0,0.0,0.0,,,,,,,,36.04544,-86.7125,False,Crashes_2010_2019_MPO
100797027,2015-03-24,2015,,94.0,,,0,0,N,0.0,0.0,0.0,,,,,,,,36.01375,-86.80014,True,Crashes_2010_2019_MPO
101776221,2017-09-26,2017,,94.0,,,0,0,N,0.0,0.0,0.0,,,,,,,,35.9524,-86.81836,False,Crashes_2010_2019_MPO
101002708,2015-11-04,2015,,19.0,,,0,0,N,0.0,0.0,0.0,,,,,,,,36.03158,-86.75571,False,Crashes_2010_2019_MPO
101135270,2016-03-16,2016,,94.0,,,0,0,N,0.0,0.0,0.0,,,,,,,,35.94804,-86.86368,False,Crashes_2010_2019_MPO
101859117,2017-12-15,2017,,94.0,,,0,0,N,0.0,0.0,0.0,,,,,,,,35.99074,-86.79909,True,Crashes_2010_2019_MPO
102586458,2019-12-02,2019,,19.0,,,0,0,N,0.0,0.0,0.0,,,,,,,,35.99718,-86.69032,False,Crashes_2010_2019_MPO
101047504,2015-12-11,2015,,94.0,,,0,0,N,0.0,0.0,0.0,,,,,,,,35.96588,-86.80316,True,Crashes_2010_2019_MPO
102160448,2018-09-28,2018,,19.0,,,0,0,N,0.0,0.0,0.0,,,,,,,,36.05366,-86.71502,False,Crashes_2010_2019_MPO
100725177,2015-01-21,2015,,94.0,,,0,0,N,0.0,0.0,0.0,,,,,,,,35.97332,-86.83308,True,Crashes_2010_2019_MPO
100573605,2014-07-11,2014,,94.0,,,0,0,N,0.0,0.0,0.0,,,,,,,,35.96124,-86.80194,True,Crashes_2010_2019_MPO
102102024,2018-08-08,2018,,19.0,,,0,0,N,0.0,0.0,0.0,,,,,,,,36.0451,-86.77915,False,Crashes_2010_2019_MPO
102387763,2019-05-12,2019,,19.0,,,0,0,N,0.0,0.0,0.0,,,,,,,,36.04115,-86.77629,False,Crashes_2010_2019_MPO
101986733,2018-04-17,2018,,94.0,,,0,0,N,0.0,0.0,0.0,,,,,,,,35.98744,-86.80023,True,Crashes_2010_2019_MPO
101631422,2017-05-01,2017,,94.0,,,0,0,N,0.0,0.0,0.0,,,,,,,,35.95529,-86.82621,False,Crashes_2010_2019_MPO
101557957,2017-02-17,2017,,94.0,,,0,0,N,0.0,0.0,0.0,,,,,,,,35.95395,-86.81484,False,Crashes_2010_2019_MPO
101671438,2017-06-12,2017,,94.0,,,0,0,N,0.0,0.0,0.0,,,,,,,,35.92648,-86.8663,False,Crashes_2010_2019_MPO
100820467,2015-04-19,2015,,94.0,,,0,0,N,0.0,0.0,0.0,,,,,,,,35.92492,-86.87392,False,Crashes_2010_2019_MPO
100771314,2015-03-13,2015,,94.0,,,0,0,N,0.0,0.0,0.0,,,,,,,,35.92895,-86.74821,False,Crashes_2010_2019_MPO
101909179,2018-02-07,2018,,19.0,,,0,0,N,0.0,0.0,0.0,,,,,,,,36.04818,-86.8659,False,Crashes_2010_2019_MPO
101712096,2017-07-26,2017,,94.0,,,0,0,N,0.0,0.0,0.0,,,,,,,,35.98885,-86.79975,True,Crashes_2010_2019_MPO
101236807,2016-06-01,2016,,94.0,,,0,0,N,0.0,0.0,0.0,,,,,,,,35.96681,-86.81119,True,Crashes_2010_2019_MPO
102017800,2018-05-21,2018,,94.0,,,0,0,N,0.0,0.0,0.0,,,,,,,,35.93198,-86.79308,False,Crashes_2010_2019_MPO
100724842,2015-01-20,2015,,19.0,,,0,0,N,0.0,0.0,0.0,,,,,,,,36.03912,-86.7837,False,Crashes_2010_2019_MPO
101618977,2017-04-18,2017,,19.0,,,0,0,N,0.0,0.0,0.0,,,,,,,,36.04026,-86.8164,False,Crashes_2010_2019_MPO
101873069,2017-12-30,2017,,19.0,,,0,0,N,0.0,0.0,0.0,,,,,,,,36.04703,-86.71346,False,Crashes_2010_2019_MPO
101242427,2016-06-09,2016,,19.0,,,0,0,N,0.0,0.0,0.0,,,,,,,,36.04135,-86.78254,False,Crashes_2010_2019_MPO
102345873,2019-03-30,2019,,19.0,,,0,0,N,0.0,0.0,0.0,,,,,,,,36.05441,-86.71525,False,Crashes_2010_2019_MPO
100704467,2014-12-10,2014,,19.0,,,0,0,N,0.0,0.0,0.0,,,,,,,,36.04098,-86.77941,False,Crashes_2010_2019_MPO
102003789,2018-05-08,2018,,19.0,,,0,0,N,0.0,0.0,0.0,,,,,,,,36.03677,-86.78677,False,Crashes_2010_2019_MPO
100711917,2014-12-23,2014,,94.0,,,0,0,N,0.0,0.0,0.0,,,,,,,,35.95204,-86.81806,False,Crashes_2010_2019_MPO
102094737,2018-07-31,2018,,94.0,,,0,0,N,0.0,0.0,0.0,,,,,,,,35.9676,-86.8602,False,Crashes_2010_2019_MPO
102586240,2019-12-01,2019,,94.0,,,0,0,N,0.0,0.0,0.0,,,,,,,,35.92329,-86.81662,False,Crashes_2010_2019_MPO
100699062,2014-12-01,2014,,94.0,,,0,0,N,0.0,0.0,0.0,,,,,,,,35.99004,-86.74527,True,Crashes_2010_2019_MPO
100326307,2013-05-02,2013,,94.0,,,0,0,N,0.0,0.0,0.0,,,,,,,,35.95008,-86.8491,False,Crashes_2010_2019_MPO
101288134,2016-06-08,2016,,19.0,,,1,0,N,1.0,0.0,0.0,,,,,,,,36.03977,-86.81498,False,Crashes_2010_2019_MPO
102157925,2018-09-26,2018,,94.0,,,0,0,N,0.0,0.0,0.0,,,,,,,,35.99852,-86.75959,True,Crashes_2010_2019_MPO
101652328,2017-05-22,2017,,94.0,,,0,0,N,0.0,0.0,0.0,,,,,,,,36.01003,-86.78526,True,Crashes_2010_2019_MPO
102103426,2018-08-09,2018,,19.0,,,0,0,N,0.0,0.0,0.0,,,,,,,,36.04523,-86.7147,False,Crashes_2010_2019_MPO
101329782,2016-08-17,2016,,94.0,,,0,0,N,0.0,0.0,0.0,,,,,,,,36.03614,-86.79498,True,Crashes_2010_2019_MPO
102323992,2019-03-07,2019,,19.0,,,0,0,N,0.0,0.0,0.0,,,,,,,,36.0466,-86.68319,False,Crashes_2010_2019_MPO
102106149,2018-08-11,2018,,94.0,,,0,0,N,0.0,0.0,0.0,,,,,,,,36.0114,-86.7847,True,Crashes_2010_2019_MPO
101732718,2017-08-16,2017,,19.0,,,0,0,N,0.0,0.0,0.0,,,,,,,,36.02467,-86.74236,False,Crashes_2010_2019_MPO
100400566,2013-11-04,2013,,94.0,,,0,0,N,0.0,0.0,0.0,,,,,,,,35.94638,-86.8087,False,Crashes_2010_2019_MPO
101681119,2017-06-23,2017,,94.0,,,0,0,N,0.0,0.0,0.0,,,,,,,,36.03336,-86.78872,True,Crashes_2010_2019_MPO
102537571,2019-10-13,2019,,19.0,,,0,0,N,0.0,0.0,0.0,,,,,,,,36.04001,-86.74347,False,Crashes_2010_2019_MPO
102282059,2019-01-19,2019,,94.0,,,0,0,N,0.0,0.0,0.0,,,,,,,,35.96589,-86.80316,True,Crashes_2010_2019_MPO
100502170,2014-04-29,2014,,94.0,,,0,0,N,0.0,0.0,0.0,,,,,,,,35.94784,-86.81975,False,Crashes_2010_2019_MPO
101926379,2018-02-24,2018,,94.0,,,0,0,N,0.0,0.0,0.0,,,,,,,,35.92648,-86.8663,False,Crashes_2010_2019_MPO
100800335,2015-03-31,2015,,94.0,,,0,0,N,0.0,0.0,0.0,,,,,,,,35.94661,-86.8084,False,Crashes_2010_2019_MPO
102565344,2019-11-11,2019,,19.0,,,0,0,N,0.0,0.0,0.0,,,,,,,,36.04051,-86.77034,False,Crashes_2010_2019_MPO
102250809,2018-12-18,2018,,94.0,,,0,0,N,0.0,0.0,0.0,,,,,,,,36.03274,-86.80279,True,Crashes_2010_2019_MPO
101619091,2017-04-18,2017,,94.0,,,0,1,N,0.0,1.0,0.0,,,,,,,,35.92481,-86.87408,False,Crashes_2010_2019_MPO
102293048,2019-01-31,2019,,94.0,,,0,0,N,0.0,0.0,0.0,,,,,,,,35.99551,-86.77887,True,Crashes_2010_2019_MPO
101975221,2018-04-12,2018,,94.0,,,0,0,N,0.0,0.0,0.0,,,,,,,,36.00506,-86.84235,False,Crashes_2010_2019_MPO
101146924,2016-03-19,2016,,19.0,,,0,0,N,0.0,0.0,0.0,,,,,,,,36.04687,-86.86096,False,Crashes_2010_2019_MPO
102178708,2018-10-15,2018,,94.0,,,0,0,N,0.0,0.0,0.0,,,,,,,,35.96577,-86.80168,True,Crashes_2010_2019_MPO
100820047,2015-04-18,2015,,94.0,,,0,0,N,0.0,0.0,0.0,,,,,,,,35.93746,-86.87886,False,Crashes_2010_2019_MPO
100714437,2014-12-29,2014,,94.0,,,0,0,N,0.0,0.0,0.0,,,,,,,,35.94633,-86.80851,False,Crashes_2010_2019_MPO
101732409,2017-08-16,2017,,94.0,,,0,0,N,0.0,0.0,0.0,,,,,,,,35.93374,-86.81767,False,Crashes_2010_2019_MPO
101998482,2018-05-02,2018,,94.0,,,0,0,N,0.0,0.0,0.0,,,,,,,,35.99728,-86.81027,True,Crashes_2010_2019_MPO
101061179,2015-12-17,2015,,19.0,,,0,0,N,0.0,0.0,0.0,,,,,,,,36.03763,-86.78505,False,Crashes_2010_2019_MPO
100240359,2012-10-19,2012,,94.0,,,0,0,N,0.0,0.0,0.0,,,,,,,,35.96695,-86.8128,True,Crashes_2010_2019_MPO
100480742,2014-03-29,2014,,94.0,,,0,0,N,0.0,0.0,0.0,,,,,,,,35.99201,-86.79866,True,Crashes_2010_2019_MPO
100352638,2013-07-09,2013,,94.0,,,0,0,N,0.0,0.0,0.0,,,,,,,,35.9583,-86.80229,False,Crashes_2010_2019_MPO
100431470,2014-01-15,2014,,94.0,,,0,0,N,0.0,0.0,0.0,,,,,,,,35.94798,-86.8603,False,Crashes_2010_2019_MPO
101848259,2017-12-04,2017,,94.0,,,0,0,N,0.0,0.0,0.0,,,,,,,,36.03668,-86.81687,True,Crashes_2010_2019_MPO
102333073,2019-03-16,2019,,94.0,,,0,1,N,0.0,1.0,0.0,,,,,,,,35.92584,-86.86759,False,Crashes_2010_2019_MPO
101036884,2015-11-25,2015,,19.0,,,0,0,N,0.0,0.0,0.0,,,,,,,,36.03984,-86.74114,False,Crashes_2010_2019_MPO
102369352,2019-04-23,2019,,94.0,,,0,0,N,0.0,0.0,0.0,,,,,,,,36.02042,-86.78192,True,Crashes_2010_2019_MPO
100654792,2014-10-16,2014,,94.0,,,0,0,Y,0.0,0.0,1.0,,,,,,,,36.03421,-86.78314,True,Crashes_2010_2019_MPO
100940241,2015-08-27,2015,,19.0,,,0,0,N,0.0,0.0,0.0,,,,,,,,36.03771,-86.78482,False,Crashes_2010_2019_MPO
100312446,2013-04-05,2013,,94.0,,,0,0,N,0.0,0.0,0.0,,,,,,,,36.00452,-86.84167,False,Crashes_2010_2019_MPO
102154167,2018-09-22,2018,,94.0,,,0,0,N,0.0,0.0,0.0,,,,,,,,35.96734,-86.69862,False,Crashes_2010_2019_MPO
101613159,2017-04-13,2017,,19.0,,,0,0,N,0.0,0.0,0.0,,,,,,,,36.03886,-86.7826,False,Crashes_2010_2019_MPO
101820344,2017-11-09,2017,,94.0,,,0,0,Y,0.0,0.0,1.0,,,,,,,,35.94162,-86.81638,False,Crashes_2010_2019_MPO
101465254,2016-12-02,2016,,94.0,,,0,0,N,0.0,0.0,0.0,,,,,,,,35.92919,-86.84194,False,Crashes_2010_2019_MPO
101966950,2018-04-04,2018,,94.0,,,0,0,N,0.0,0.0,0.0,,,,,,,,35.92742,-86.86861,False,Crashes_2010_2019_MPO
102100619,2018-08-06,2018,,19.0,,,0,0,N,0.0,0.0,0.0,,,,,,,,36.04521,-86.71653,False,Crashes_2010_2019_MPO
100918309,2015-08-06,2015,,19.0,,,0,0,N,0.0,0.0,0.0,,,,,,,,36.04131,-86.78253,False,Crashes_2010_2019_MPO
102226885,2018-11-27,2018,,94.0,,,0,0,N,0.0,0.0,0.0,,,,,,,,35.9921,-86.79862,True,Crashes_2010_2019_MPO
102302761,2019-02-11,2019,,19.0,,,0,0,N,0.0,0.0,0.0,,,,,,,,36.04011,-86.76838,False,Crashes_2010_2019_MPO
100191038,2012-06-13,2012,,94.0,,,0,0,N,0.0,0.0,0.0,,,,,,,,36.03559,-86.80813,True,Crashes_2010_2019_MPO
101436510,2016-11-10,2016,,19.0,,,0,0,N,0.0,0.0,0.0,,,,,,,,36.04045,-86.74359,False,Crashes_2010_2019_MPO
100386744,2013-10-02,2013,,94.0,,,0,0,N,0.0,0.0,0.0,,,,,,,,35.95081,-86.84852,False,Crashes_2010_2019_MPO
100276970,2013-01-09,2013,,94.0,,,0,0,N,0.0,0.0,0.0,,,,,,,,35.97005,-86.72504,True,Crashes_2010_2019_MPO
100664421,2014-11-04,2014,,19.0,,,0,0,N,0.0,0.0,0.0,,,,,,,,36.04546,-86.71267,False,Crashes_2010_2019_MPO
102364369,2019-04-18,2019,,94.0,,,0,0,N,0.0,0.0,0.0,,,,,,,,35.9654,-86.73301,True,Crashes_2010_2019_MPO
101535342,2017-01-26,2017,,19.0,,,0,0,N,0.0,0.0,0.0,,,,,,,,36.04101,-86.77914,False,Crashes_2010_2019_MPO
101704508,2017-07-18,2017,,19.0,,,0,0,N,0.0,0.0,0.0,,,,,,,,36.02943,-86.74403,False,Crashes_2010_2019_MPO
101035615,2015-11-24,2015,,94.0,,,0,0,N,0.0,0.0,0.0,,,,,,,,36.034816,-86.803792,True,Crashes_2010_2019_MPO