mstrrecnbr,collision_ts,year,county,countystat,crash,crash_type,fatalities,non_motorists,commercial,fatal_c,nonmotor_c,truck_c,fatalc,serious_injuries,ped,bike,lighting,weather,first_harmful_event,latitude,longitude,in_city,src_layer
101346459,2016-08-26,2016,,94.0,,,0,0,Y,0.0,0.0,1.0,,,,,,,,35.99718,-86.79384,True,Crashes_2010_2019_MPO
101970210,2018-04-07,2018,,94.0,,,0,0,N,0.0,0.0,0.0,,,,,,,,35.95044,-86.81867,False,Crashes_2010_2019_MPO
102488527,2019-08-25,2019,,19.0,,,0,0,N,0.0,0.0,0.0,,,,,,,,36.05486,-86.72909,False,Crashes_2010_2019_MPO
100246325,2012-11-01,2012,,94.0,,,0,0,N,0.0,0.0,0.0,,,,,,,,36.02558,-86.78514,True,Crashes_2010_2019_MPO
101271690,2016-06-23,2016,,94.0,,,0,0,N,0.0,0.0,0.0,,,,,,,,36.01689,-86.78609,True,Crashes_2010_2019_MPO
102275965,2019-01-13,2019,,19.0,,,0,0,N,0.0,0.0,0.0,,,,,,,,36.04012,-86.78074,False,Crashes_2010_2019_MPO
102470880,2019-08-07,2019,,94.0,,,0,0,N,0.0,0.0,0.0,,,,,,,,35.9476,-86.81992,False,Crashes_2010_2019_MPO
101633319,2017-05-03,2017,,19.0,,,0,0,N,0.0,0.0,0.0,,,,,,,,36.0331,-86.77417,False,Crashes_2010_2019_MPO
100908663,2015-07-19,2015,,94.0,,,0,0,N,0.0,0.0,0.0,,,,,,,,35.95327,-86.81471,False,Crashes_2010_2019_MPO
101754368,2017-09-08,2017,,19.0,,,0,0,N,0.0,0.0,0.0,,,,,,,,36.04538,-86.70293,False,Crashes_2010_2019_MPO
101965981,2018-04-02,2018,,94.0,,,0,0,N,0.0,0.0,0.0,,,,,,,,35.95806,-86.76773,True,Crashes_2010_2019_MPO
100924612,2015-08-17,2015,,94.0,,,0,0,N,0.0,0.0,0.0,,,,,,,,35.93492,-86.77702,False,Crashes_2010_2019_MPO
101775030,2017-09-28,2017,,94.0,,,0,0,N,0.0,0.0,0.0,,,,,,,,35.99786,-86.79935,True,Crashes_2010_2019_MPO
102544671,2019-10-21,2019,,94.0,,,0,0,N,0.0,0.0,0.0,,,,,,,,35.93485,-86.77722,False,Crashes_2010_2019_MPO
102029165,2018-05-31,2018,,94.0,,,0,0,N,0.0,0.0,0.0,,,,,,,,35.96372,-86.81053,False,Crashes_2010_2019_MPO
102572414,2019-11-18,2019,,94.0,,,0,0,N,0.0,0.0,0.0,,,,,,,,35.9407,-86.8316,False,Crashes_2010_2019_MPO
100282744,2013-01-18,2013,,94.0,,,0,0,N,0.0,0.0,0.0,,,,,,,,35.95248,-86.84719,False,Crashes_2010_2019_MPO
101467645,2016-12-04,2016,,19.0,,,0,0,N,0.0,0.0,0.0,,,,,,,,36.04048,-86.7826,False,Crashes_2010_2019_MPO
101917002,2018-02-15,2018,,94.0,,,0,0,N,0.0,0.0,0.0,,,,,,,,35.96716,-86.81351,True,Crashes_2010_2019_MPO
101003521,2015-11-04,2015,,19.0,,,0,0,N,0.0,0.0,0.0,,,,,,,,36.048,-86.6885,False,Crashes_2010_2019_MPO
102502324,2019-09-07,2019,,19.0,,,0,0,N,0.0,0.0,0.0,,,,,,,,36.04529,-86.72375,False,Crashes_2010_2019_MPO
100772035,2015-03-14,2015,,94.0,,,0,0,N,0.0,0.0,0.0,,,,,,,,35.96563,-86.81141,False,Crashes_2010_2019_MPO
101189327,2016-05-06,2016,,19.0,,,0,0,N,0.0,0.0,0.0,,,,,,,,36.01044,-86.69192,False,Crashes_2010_2019_MPO
102562849,2019-11-09,2019,,19.0,,,0,0,N,0.0,0.0,0.0,,,,,,,,36.04393,-86.6933,False,Crashes_2010_2019_MPO
101351392,2016-09-01,2016,,94.0,,,0,0,N,0.0,0.0,0.0,,,,,,,,35.94241,-86.8422,False,Crashes_2010_2019_MPO
102196471,2018-10-31,2018,,19.0,,,0,0,N,0.0,0.0,0.0,,,,,,,,36.03857,-86.71774,False,Crashes_2010_2019_MPO
101876973,2018-01-03,2018,,94.0,,,0,0,N,0.0,0.0,0.0,,,,,,,,36.033624,-86.785385,True,Crashes_2010_2019_MPO
102197203,2018-11-01,2018,,94.0,,,0,0,N,0.0,0.0,0.0,,,,,,,,35.96675,-86.81365,True,Crashes_2010_2019_MPO
101507065,2017-01-17,2017,,19.0,,,0,0,N,0.0,0.0,0.0,,,,,,,,36.03116,-86.75183,False,Crashes_2010_2019_MPO
100236140,2012-10-08,2012,,94.0,,,0,0,N,0.0,0.0,0.0,,,,,,,,35.9649,-86.81544,True,Crashes_2010_2019_MPO
101827377,2017-11-16,2017,,94.0,,,0,0,N,0.0,0.0,0.0,,,,,,,,35.96198,-86.81518,False,Crashes_2010_2019_MPO
101400874,2016-10-08,2016,,19.0,,,0,0,N,0.0,0.0,0.0,,,,,,,,36.04524,-86.7168,False,Crashes_2010_2019_MPO
100246702,2012-11-02,2012,,94.0,,,0,0,N,0.0,0.0,0.0,,,,,,,,35.99068,-86.74516,True,Crashes_2010_2019_MPO
102173847,2018-10-11,2018,,19.0,,,0,0,N,0.0,0.0,0.0,,,,,,,,36.04645,-86.71339,False,Crashes_2010_2019_MPO
102211599,2018-11-15,2018,,94.0,,,0,0,N,0.0,0.0,0.0,,,,,,,,35.97004,-86.83596,False,Crashes_2010_2019_MPO
100912214,2015-07-25,2015,,19.0,,,0,0,N,0.0,0.0,0.0,,,,,,,,36.0454,-86.71336,False,Crashes_2010_2019_MPO
101785325,2017-10-08,2017,,19.0,,,0,0,N,0.0,0.0,0.0,,,,,,,,36.04796,-86.75701,False,Crashes_2010_2019_MPO
101286532,2016-07-15,2016,,94.0,,,0,0,N,0.0,0.0,0.0,,,,,,,,35.96518,-86.80029,True,Crashes_2010_2019_MPO
101004204,2015-11-05,2015,,19.0,,,0,0,N,0.0,0.0,0.0,,,,,,,,35.99876,-86.69253,False,Crashes_2010_2019_MPO
102061239,2018-07-02,2018,,94.0,,,0,0,N,0.0,0.0,0.0,,,,,,,,35.96518,-86.80029,True,Crashes_2010_2019_MPO
102159395,2018-09-27,2018,,94.0,,,0,0,N,0.0,0.0,0.0,,,,,,,,35.93513,-86.8112,False,Crashes_2010_2019_MPO
101185059,2016-04-30,2016,,94.0,,,0,0,N,0.0,0.0,0.0,,,,,,,,36.034695,-86.829439,True,Crashes_2010_2019_MPO
100876279,2015-06-24,2015,,94.0,,,0,0,N,0.0,0.0,0.0,,,,,,,,35.95763,-86.81605,False,Crashes_2010_2019_MPO
101882866,2018-01-10,2018,,19.0,,,0,0,N,0.0,0.0,0.0,,,,,,,,36.0428,-86.71297,False,Crashes_2010_2019_MPO
101273106,2016-06-25,2016,,94.0,,,0,0,N,0.0,0.0,0.0,,,,,,,,35.98335,-86.73121,True,Crashes_2010_2019_MPO
100806102,2015-04-11,2015,,19.0,,,0,0,N,0.0,0.0,0.0,,,,,,,,36.04292,-86.84175,False,Crashes_2010_2019_MPO
100678590,2014-11-07,2014,,94.0,,,0,0,N,0.0,0.0,0.0,,,,,,,,35.9345,-86.86053,False,Crashes_2010_2019_MPO
101191332,2016-05-10,2016,,94.0,,,0,0,N,0.0,0.0,0.0,,,,,,,,35.96495,-86.72793,True,Crashes_2010_2019_MPO
101461362,2016-11-27,2016,,94.0,,,0,0,N,0.0,0.0,0.0,,,,,,,,35.97182,-86.82584,True,Crashes_2010_2019_MPO
100728431,2015-01-27,2015,,19.0,,,0,0,N,0.0,0.0,0.0,,,,,,,,36.0413,-86.77856,False,Crashes_2010_2019_MPO
100483848,2014-04-08,2014,,94.0,,,0,0,N,0.0,0.0,0.0,,,,,,,,35.95584,-86.83117,False,Crashes_2010_2019_MPO
100433785,2014-01-22,2014,,94.0,,,0,0,N,0.0,0.0,0.0,,,,,,,,35.95993,-86.80204,False,Crashes_2010_2019_MPO
100851088,2015-05-22,2015,,19.0,,,0,0,N,0.0,0.0,0.0,,,,,,,,36.03986,-86.78134,False,Crashes_2010_2019_MPO
100679870,2014-11-13,2014,,94.0,,,0,0,N,0.0,0.0,0.0,,,,,,,,35.96705,-86.81343,True,Crashes_2010_2019_MPO
101659501,2017-05-30,2017,,94.0,,,0,0,N,0.0,0.0,0.0,,,,,,,,35.93034,-86.85686,False,Crashes_2010_2019_MPO
100768666,2015-03-07,2015,,19.0,,,0,0,N,0.0,0.0,0.0,,,,,,,,36.03485,-86.74353,False,Crashes_2010_2019_MPO
100982348,2015-10-19,2015,,94.0,,,0,0,N,0.0,0.0,0.0,,,,,,,,35.96892,-86.81239,True,Crashes_2010_2019_MPO
100921967,2015-08-12,2015,,94.0,,,0,0,N,0.0,0.0,0.0,,,,,,,,35.96614,-86.77841,True,Crashes_2010_2019_MPO
101418551,2016-10-20,2016,,94.0,,,0,0,N,0.0,0.0,0.0,,,,,,,,35.93494,-86.77637,False,Crashes_2010_2019_MPO
101968259,2018-04-05,2018,,19.0,,,0,0,N,0.0,0.0,0.0,,,,,,,,36.0374,-86.78657,False,Crashes_2010_2019_MPO
102111679,2018-08-16,2018,,19.0,,,0,0,N,0.0,0.0,0.0,,,,,,,,36.0243,-86.74239,False,Crashes_2010_2019_MPO
100338030,2013-06-05,2013,,94.0,,,0,0,N,0.0,0.0,0.0,,,,,,,,35.96071,-86.81515,False,Crashes_2010_2019_MPO
100346218,2013-06-24,2013,,94.0,,,0,0,N,0.0,0.0,0.0,,,,,,,,35.9292,-86.82443,False,Crashes_2010_2019_MPO
100848623,2015-05-22,2015,,94.0,,,0,0,N,0.0,0.0,0.0,,,,,,,,35.97292,-86.82974,True,Crashes_2010_2019_MPO
101551211,2017-02-10,2017,,94.0,,,0,0,N,0.0,0.0,0.0,,,,,,,,35.92254,-86.87194,False,Crashes_2010_2019_MPO
101933529,2018-03-03,2018,,94.0,,,0,0,N,0.0,0.0,0.0,,,,,,,,35.92317,-86.81685,False,Crashes_2010_2019_MPO
101432746,2016-11-06,2016,,94.0,,,0,0,N,0.0,0.0,0.0,,,,,,,,35.95591,-86.83196,False,Crashes_2010_2019_MPO
102345986,2019-03-29,2019,,94.0,,,0,0,N,0.0,0.0,0.0,,,,,,,,35.997465,-86.795073,True,Crashes_2010_2019_MPO
100572003,2014-07-11,2014,,94.0,,,0,0,N,0.0,0.0,0.0,,,,,,,,35.94055,-86.83302,False,Crashes_2010_2019_MPO
101813803,2017-11-02,2017,,94.0,,,0,0,N,0.0,0.0,0.0,,,,,,,,35.94683,-86.85212,False,Crashes_2010_2019_MPO
101078131,2016-01-15,2016,,94.0,,,0,0,N,0.0,0.0,0.0,,,,,,,,35.94054,-86.83204,False,Crashes_2010_2019_MPO
102469285,2019-08-06,2019,,19.0,,,0,0,N,0.0,0.0,0.0,,,,,,,,36.0409,-86.77938,False,Crashes_2010_2019_MPO
102499087,2019-09-04,2019,,94.0,,,0,0,N,0.0,0.0,0.0,,,,,,,,35.99256,-86.69647,True,Crashes_2010_2019_MPO
102424572,2019-06-21,2019,,94.0,,,0,0,N,0.0,0.0,0.0,,,,,,,,36.01407,-86.78554,True,Crashes_2010_2019_MPO
101106142,2016-02-15,2016,,19.0,,,0,0,N,0.0,0.0,0.0,,,,,,,,36.03792,-86.78463,False,Crashes_2010_2019_MPO
101158714,2016-04-06,2016,,94.0,,,0,0,N,0.0,0.0,0.0,,,,,,,,35.92423,-86.87185,False,Crashes_2010_2019_MPO
100263126,2012-12-07,2012,,94.0,,,0,0,N,0.0,0.0,0.0,,,,,,,,35.93273,-86.84086,False,Crashes_2010_2019_MPO
100299471,2013-03-04,2013,,94.0,,,0,0,N,0.0,0.0,0.0,,,,,,,,35.93561,-86.82371,False,Crashes_2010_2019_MPO
101761620,2017-09-15,2017,,19.0,,,0,0,N,0.0,0.0,0.0,,,,,,,,36.04424,-86.71315,False,Crashes_2010_2019_MPO
101686612,2017-06-29,2017,,19.0,,,0,0,N,0.0,0.0,0.0,,,,,,,,36.04022,-86.74488,False,Crashes_2010_2019_MPO
100229661,2012-09-20,2012,,94.0,,,0,0,N,0.0,0.0,0.0,,,,,,,,35.96514,-86.81653,True,Crashes_2010_2019_MPO
101071125,2016-01-02,2016,,94.0,,,0,0,N,0.0,0.0,0.0,,,,,,,,35.9544,-86.8125,False,Crashes_2010_2019_MPO
100342370,2013-06-15,2013,,94.0,,,0,0,N,0.0,0.0,0.0,,,,,,,,35.92564,-86.87237,False,Crashes_2010_2019_MPO
101858605,2017-12-14,2017,,94.0,,,0,0,N,0.0,0.0,0.0,,,,,,,,36.03327,-86.7839,True,Crashes_2010_2019_MPO
100832288,2015-05-11,2015,,94.0,,,0,0,N,0.0,0.0,0.0,,,,,,,,35.97231,-86.8274,True,Crashes_2010_2019_MPO
100679581,2014-11-13,2014,,19.0,,,0,0,N,0.0,0.0,0.0,,,,,,,,36.04098,-86.77941,False,Crashes_2010_2019_MPO
101657389,2017-05-28,2017,,19.0,,,0,0,N,0.0,0.0,0.0,,,,,,,,36.04007,-86.78265,False,Crashes_2010_2019_MPO
100963079,2015-09-18,2015,,19.0,,,0,0,N,0.0,0.0,0.0,,,,,,,,36.03753,-86.79781,False,Crashes_2010_2019_MPO
101350740,2016-08-31,2016,,94.0,,,0,0,N,0.0,0.0,0.0,,,,,,,,35.94645,-86.80916,False,Crashes_2010_2019_MPO
102421849,2019-06-17,2019,,19.0,,,0,0,N,0.0,0.0,0.0,,,,,,,,36.03756,-86.7851,False,Crashes_2010_2019_MPO
101079238,2016-01-17,2016,,19.0,,,0,0,N,0.0,0.0,0.0,,,,,,,,36.05331,-86.71492,False,Crashes_2010_2019_MPO
100964634,2015-09-21,2015,,94.0,,,0,0,N,0.0,0.0,0.0,,,,,,,,35.93327,-86.81473,False,Crashes_2010_2019_MPO
102002268,2018-05-06,2018,,19.0,,,0,0,N,0.0,0.0,0.0,,,,,,,,36.04537,-86.71326,False,Crashes_2010_2019_MPO
101999868,2018-05-04,2018,,19.0,,,0,1,N,0.0,1.0,0.0,,,,,,,,36.04187,-86.74528,False,Crashes_2010_2019_MPO
101426861,2016-10-30,2016,,19.0,,,0,0,N,0.0,0.0,0.0,,,,,,,,36.04688,-86.67958,False,Crashes_2010_2019_MPO
101646488,2017-05-16,2017,,94.0,,,0,0,N,0.0,0.0,0.0,,,,,,,,35.96917,-86.82615,False,Crashes_2010_2019_MPO
101050125,2015-12-15,2015,,94.0,,,0,0,N,0.0,0.0,0.0,,,,,,,,35.96681,-86.81119,True,Crashes_2010_2019_MPO
101498797,2017-01-06,2017,,94.0,,,0,0,N,0.0,0.0,0.0,,,,,,,,35.94782,-86.81975,False,Crashes_2010_2019_MPO
102592534,2019-12-09,2019,,19.0,,,0,0,Y,0.0,0.0,1.0,,,,,,,,36.05019,-86.87398,False,Crashes_2010_2019_MPO
100819592,2015-04-14,2015,,94.0,,,0,0,N,0.0,0.0,0.0,,,,,,,,35.93745,-86.71009,False,Crashes_2010_2019_MPO
102204231,2018-11-01,2018,,94.0,,,0,0,N,0.0,0.0,0.0,,,,,,,,35.97397,-86.80489,True,Crashes_2010_2019_MPO
101937895,2018-03-08,2018,,19.0,,,0,0,N,0.0,0.0,0.0,,,,,,,,36.03865,-86.73117,False,Crashes_2010_2019_MPO
101902145,2018-01-31,2018,,94.0,,,0,0,N,0.0,0.0,0.0,,,,,,,,35.95689,-86.80329,False,Crashes_2010_2019_MPO
101208935,2016-05-20,2016,,94.0,,,0,0,N,0.0,0.0,0.0,,,,,,,,35.96495,-86.72805,True,Crashes_2010_2019_MPO
101890299,2018-01-18,2018,,94.0,,,0,0,N,0.0,0.0,0.0,,,,,,,,35.94778,-86.81994,False,Crashes_2010_2019_MPO
102017067,2018-05-20,2018,,94.0,,,0,0,N,0.0,0.0,0.0,,,,,,,,35.94429,-86.81993,False,Crashes_2010_2019_MPO
100259973,2012-11-30,2012,,94.0,,,0,0,N,0.0,0.0,0.0,,,,,,,,36.01305,-86.83527,True,Crashes_2010_2019_MPO
100654548,2014-10-16,2014,,94.0,,,0,0,N,0.0,0.0,0.0,,,,,,,,35.97776,-86.80359,True,Crashes_2010_2019_MPO
102435045,2019-07-02,2019,,94.0,,,0,0,N,0.0,0.0,0.0,,,,,,,,35.92653,-86.82567,False,Crashes_2010_2019_MPO
100422089,2013-12-20,2013,,94.0,,,0,0,N,0.0,0.0,0.0,,,,,,,,35.97666,-86.80397,True,Crashes_2010_2019_MPO
101781901,2017-10-05,2017,,94.0,,,0,0,N,0.0,0.0,0.0,,,,,,,,35.94686,-86.81163,False,Crashes_2010_2019_MPO
102117003,2018-08-21,2018,,94.0,,,0,0,N,0.0,0.0,0.0,,,,,,,,36.03602,-86.78718,True,Crashes_2010_2019_MPO
100179769,2012-05-12,2012,,94.0,,,0,0,N,0.0,0.0,0.0,,,,,,,,36.03016,-86.87598,False,Crashes_2010_2019_MPO
101858570,2017-12-14,2017,,94.0,,,0,0,N,0.0,0.0,0.0,,,,,,,,36.02987,-86.78965,True,Crashes_2010_2019_MPO
101072038,2016-01-05,2016,,94.0,,,0,0,N,0.0,0.0,0.0,,,,,,,,35.93706,-86.81016,False,Crashes_2010_2019_MPO
101475411,2016-12-13,2016,,94.0,,,0,0,N,0.0,0.0,0.0,,,,,,,,35.97853,-86.72533,True,Crashes_2010_2019_MPO
100913693,2015-07-28,2015,,94.0,,,0,0,N,0.0,0.0,0.0,,,,,,,,35.92924,-86.83968,False,Crashes_2010_2019_MPO
100260817,2012-12-02,2012,,94.0,,,0,0,N,0.0,0.0,0.0,,,,,,,,35.98437,-86.72434,True,Crashes_2010_2019_MPO
102487910,2019-08-24,2019,,94.0,,,0,0,N,0.0,0.0,0.0,,,,,,,,35.93633,-86.85484,False,Crashes_2010_2019_MPO
101039586,2015-11-30,2015,,19.0,,,0,0,N,0.0,0.0,0.0,,,,,,,,36.04652,-86.71371,False,Crashes_2010_2019_MPO
101364789,2016-09-19,2016,,19.0,,,0,0,N,0.0,0.0,0.0,,,,,,,,36.03781,-86.79577,False,Crashes_2010_2019_MPO
100481746,2014-04-01,2014,,94.0,,,0,0,N,0.0,0.0,0.0,,,,,,,,35.92541,-86.86733,False,Crashes_2010_2019_MPO
100714340,2014-12-23,2014,,94.0,,,0,0,N,0.0,0.0,0.0,,,,,,,,35.94683,-86.82189,False,Crashes_2010_2019_MPO
101345036,2016-08-24,2016,,94.0,,,0,0,N,0.0,0.0,0.0,,,,,,,,35.98286,-86.80181,True,Crashes_2010_2019_MPO
101328321,2016-08-15,2016,,94.0,,,0,0,N,0.0,0.0,0.0,,,,,,,,35.9282,-86.7672,False,Crashes_2010_2019_MPO
100571028,2014-07-09,2014,,94.0,,,0,0,N,0.0,0.0,0.0,,,,,,,,36.03571,-86.80845,True,Crashes_2010_2019_MPO
101879985,2018-01-06,2018,,94.0,,,0,0,N,0.0,0.0,0.0,,,,,,,,36.03689,-86.81684,True,Crashes_2010_2019_MPO
100277164,2013-01-09,2013,,94.0,,,0,0,N,0.0,0.0,0.0,,,,,,,,36.00758,-86.78731,True,Crashes_2010_2019_MPO
100699741,2014-12-02,2014,,94.0,,,0,0,N,0.0,0.0,0.0,,,,,,,,35.92622,-86.821732,False,Crashes_2010_2019_MPO
101954604,2018-03-22,2018,,94.0,,,0,0,N,0.0,0.0,0.0,,,,,,,,36.0077,-86.87878,False,Crashes_2010_2019_MPO
102355277,2019-04-09,2019,,19.0,,,0,0,N,0.0,0.0,0.0,,,,,,,,36.03645,-86.78312,False,Crashes_2010_2019_MPO
100823342,2015-04-24,2015,,94.0,,,0,0,N,0.0,0.0,0.0,,,,,,,,35.96453,-86.81434,False,Crashes_2010_2019_MPO
101321822,2016-08-05,2016,,94.0,,,0,0,N,0.0,0.0,0.0,,,,,,,,35.95526,-86.82588,False,Crashes_2010_2019_MPO
100369799,2013-08-21,2013,,94.0,,,0,0,N,0.0,0.0,0.0,,,,,,,,35.94607,-86.82569,False,Crashes_2010_2019_MPO
102456554,2019-07-23,2019,,19.0,,,0,0,N,0.0,0.0,0.0,,,,,,,,36.04424,-86.71313,False,Crashes_2010_2019_MPO
102122107,2018-08-25,2018,,94.0,,,0,0,N,0.0,0.0,0.0,,,,,,,,35.997451,-86.79523,True,Crashes_2010_2019_MPO
102322524,2019-03-06,2019,,94.0,,,0,0,N,0.0,0.0,0.0,,,,,,,,35.99864,-86.80592,True,Crashes_2010_2019_MPO
102328521,2019-03-12,2019,,94.0,,,0,0,N,0.0,0.0,0.0,,,,,,,,35.92482,-86.82224,False,Crashes_2010_2019_MPO
100936468,2015-08-20,2015,,94.0,,,0,0,N,0.0,0.0,0.0,,,,,,,,35.94663,-86.85165,False,Crashes_2010_2019_MPO
101437635,2016-11-11,2016,,19.0,,,0,0,N,0.0,0.0,0.0,,,,,,,,36.04544,-86.71249,False,Crashes_2010_2019_MPO
101496834,2017-01-04,2017,,94.0,,,0,0,N,0.0,0.0,0.0,,,,,,,,35.95058,-86.81858,False,Crashes_2010_2019_MPO
101701448,2017-07-14,2017,,94.0,,,0,0,N,0.0,0.0,0.0,,,,,,,,35.9283,-86.7665,False,Crashes_2010_2019_MPO
100633876,2014-09-25,2014,,94.0,,,0,0,N,0.0,0.0,0.0,,,,,,,,35.95717,-86.81625,False,Crashes_2010_2019_MPO
102012747,2018-05-15,2018,,94.0,,,0,0,N,0.0,0.0,0.0,,,,,,,,35.92587,-86.79387,False,Crashes_2010_2019_MPO
101636751,2017-05-06,2017,,19.0,,,0,0,N,0.0,0.0,0.0,,,,,,,,36.04871,-86.73456,False,Crashes_2010_2019_MPO
101957743,2018-03-27,2018,,94.0,,,0,0,N,0.0,0.0,0.0,,,,,,,,35.94838,-86.80772,False,Crashes_2010_2019_MPO
100800932,2015-04-01,2015,,19.0,,,0,0,N,0.0,0.0,0.0,,,,,,,,36.0509,-86.77462,False,Crashes_2010_2019_MPO
100330190,2013-05-17,2013,,94.0,,,0,0,N,0.0,0.0,0.0,,,,,,,,35.94659,-86.85184,False,Crashes_2010_2019_MPO
100807781,2015-04-14,2015,,94.0,,,0,0,N,0.0,0.0,0.0,,,,,,,,35.93149,-86.79194,False,Crashes_2010_2019_MPO
100940525,2015-08-27,2015,,94.0,,,0,0,N,0.0,0.0,0.0,,,,,,,,35.997529,-86.794614,True,Crashes_2010_2019_MPO
101127371,2016-03-04,2016,,94.0,,,0,0,Y,0.0,0.0,1.0,,,,,,,,35.96226,-86.80173,True,Crashes_2010_2019_MPO
102527512,2019-10-03,2019,,94.0,,,0,0,N,0.0,0.0,0.0,,,,,,,,35.95392,-86.81471,False,Crashes_2010_2019_MPO
100667301,2014-11-06,2014,,19.0,,,0,0,N,0.0,0.0,0.0,,,,,,,,36.03061,-86.70599,False,Crashes_2010_2019_MPO
101558581,2017-02-18,2017,,94.0,,,0,0,N,0.0,0.0,0.0,,,,,,,,35.98027,-86.82257,True,Crashes_2010_2019_MPO
102413745,2019-06-08,2019,,19.0,,,0,0,N,0.0,0.0,0.0,,,,,,,,36.05393,-86.69121,False,Crashes_2010_2019_MPO
102210428,2018-11-14,2018,,19.0,,,0,0,N,0.0,0.0,0.0,,,,,,,,36.04317,-86.69174,False,Crashes_2010_2019_MPO
101988283,2018-04-24,2018,,94.0,,,0,0,N,0.0,0.0,0.0,,,,,,,,35.9485,-86.80763,False,Crashes_2010_2019_MPO
101881814,2018-01-09,2018,,19.0,,,0,0,N,0.0,0.0,0.0,,,,,,,,36.04068,-86.77978,False,Crashes_2010_2019_MPO
101065611,2015-12-23,2015,,94.0,,,0,0,N,0.0,0.0,0.0,,,,,,,,35.99981,-86.83877,False,Crashes_2010_2019_MPO
102298149,2019-02-05,2019,,19.0,,,0,0,N,0.0,0.0,0.0,,,,,,,,35.99726,-86.69043,False,Crashes_2010_2019_MPO
102061565,2018-06-29,2018,,94.0,,,0,0,N,0.0,0.0,0.0,,,,,,,,35.95276,-86.81451,False,Crashes_2010_2019_MPO
101196817,2016-05-17,2016,,94.0,,,0,0,N,0.0,0.0,0.0,,,,,,,,36.033138,-86.777054,True,Crashes_2010_2019_MPO
101851208,2017-12-07,2017,,94.0,,,0,0,N,0.0,0.0,0.0,,,,,,,,35.96567,-86.80096,True,Crashes_2010_2019_MPO
102400549,2019-05-26,2019,,94.0,,,0,0,N,0.0,0.0,0.0,,,,,,,,36.02729,-86.79207,True,Crashes_2010_2019_MPO
100189394,2012-06-07,2012,,94.0,,,0,0,N,0.0,0.0,0.0,,,,,,,,36.02335,-86.78641,True,Crashes_2010_2019_MPO
100711862,2014-12-23,2014,,19.0,,,0,0,N,0.0,0.0,0.0,,,,,,,,36.04571,-86.72081,False,Crashes_2010_2019_MPO
102036888,2018-06-08,2018,,19.0,,,0,0,N,0.0,0.0,0.0,,,,,,,,36.03759,-86.78652,False,Crashes_2010_2019_MPO
102370056,2019-04-23,2019,,94.0,,,0,0,N,0.0,0.0,0.0,,,,,,,,35.92551,-86.81659,False,Crashes_2010_2019_MPO
102578274,2019-11-24,2019,,94.0,,,0,0,N,0.0,0.0,0.0,,,,,,,,35.92706,-86.82445,False,Crashes_2010_2019_MPO
101463337,2016-11-29,2016,,94.0,,,0,0,N,0.0,0.0,0.0,,,,,,,,35.96534,-86.79757,True,Crashes_2010_2019_MPO
101874881,2018-01-01,2018,,94.0,,,0,0,N,0.0,0.0,0.0,,,,,,,,35.9226,-86.79468,False,Crashes_2010_2019_MPO
102209870,2018-11-13,2018,,94.0,,,0,0,N,0.0,0.0,0.0,,,,,,,,35.98613,-86.73603,True,Crashes_2010_2019_MPO
101289169,2016-07-20,2016,,94.0,,,0,0,N,0.0,0.0,0.0,,,,,,,,35.99725,-86.79684,True,Crashes_2010_2019_MPO
101157885,2016-04-05,2016,,94.0,,,0,0,N,0.0,0.0,0.0,,,,,,,,35.9744,-86.77596,True,Crashes_2010_2019_MPO
102127963,2018-08-30,2018,,94.0,,,0,0,N,0.0,0.0,0.0,,,,,,,,35.94721,-86.82089,False,Crashes_2010_2019_MPO
102433767,2019-07-01,2019,,19.0,,,0,0,N,0.0,0.0,0.0,,,,,,,,36.05018,-86.87385,False,Crashes_2010_2019_MPO
100797066,2015-03-24,2015,,94.0,,,0,0,N,0.0,0.0,0.0,,,,,,,,36.01059,-86.78505,True,Crashes_2010_2019_MPO
102358421,2019-04-12,2019,,19.0,,,0,0,N,0.0,0.0,0.0,,,,,,,,36.04241,-86.71279,False,Crashes_2010_2019_MPO
101916695,2018-02-15,2018,,94.0,,,0,0,N,0.0,0.0,0.0,,,,,,,,35.966713,-86.80911,True,Crashes_2010_2019_MPO
101948193,2018-03-17,2018,,94.0,,,0,0,N,0.0,0.0,0.0,,,,,,,,36.0193,-86.84729,True,Crashes_2010_2019_MPO
101647760,2017-05-18,2017,,19.0,,,0,0,N,0.0,0.0,0.0,,,,,,,,36.03984,-86.78142,False,Crashes_2010_2019_MPO
100943655,2015-09-02,2015,,94.0,,,0,0,N,0.0,0.0,0.0,,,,,,,,35.93562,-86.82387,False,Crashes_2010_2019_MPO
101050766,2015-12-16,2015,,94.0,,,0,0,N,0.0,0.0,0.0,,,,,,,,35.9325,-86.86245,False,Crashes_2010_2019_MPO
100352566,2013-07-09,2013,,94.0,,,0,0,N,0.0,0.0,0.0,,,,,,,,35.93496,-86.81912,False,Crashes_2010_2019_MPO
101187115,2016-05-04,2016,,94.0,,,0,0,N,0.0,0.0,0.0,,,,,,,,35.98426,-86.72379,True,Crashes_2010_2019_MPO
102375470,2019-04-29,2019,,19.0,,,0,0,N,0.0,0.0,0.0,,,,,,,,36.04544,-86.70385,False,Crashes_2010_2019_MPO
100975401,2015-10-08,2015,,19.0,,,0,0,N,0.0,0.0,0.0,,,,,,,,36.0453,-86.70168,False,Crashes_2010_2019_MPO
102026433,2018-05-28,2018,,19.0,,,0,0,N,0.0,0.0,0.0,,,,,,,,36.04525,-86.70089,False,Crashes_2010_2019_MPO
100721055,2015-01-12,2015,,94.0,,,0,0,N,0.0,0.0,0.0,,,,,,,,36.033339,-86.788716,True,Crashes_2010_2019_MPO
100393235,2013-10-18,2013,,94.0,,,0,0,N,0.0,0.0,0.0,,,,,,,,35.95194,-86.81253,False,Crashes_2010_2019_MPO
101826960,2017-11-14,2017,,19.0,,,0,0,N,0.0,0.0,0.0,,,,,,,,36.04327,-86.71302,False,Crashes_2010_2019_MPO