mstrrecnbr,collision_ts,year,county,countystat,crash,crash_type,fatalities,non_motorists,commercial,fatal_c,nonmotor_c,truck_c,fatalc,serious_injuries,ped,bike,lighting,weather,first_harmful_event,latitude,longitude,in_city,src_layer
100584898,2014-07-18,2014,,94.0,,,0,0,N,0.0,0.0,0.0,,,,,,,,36.03245,-86.875,False,Crashes_2010_2019_MPO
101608145,2017-04-08,2017,,94.0,,,0,0,N,0.0,0.0,0.0,,,,,,,,35.93314,-86.87751,False,Crashes_2010_2019_MPO
101483191,2016-12-21,2016,,19.0,,,0,0,N,0.0,0.0,0.0,,,,,,,,35.99743,-86.69067,False,Crashes_2010_2019_MPO
101531973,2017-01-22,2017,,94.0,,,0,0,N,0.0,0.0,0.0,,,,,,,,35.93745,-86.83839,False,Crashes_2010_2019_MPO
101798301,2017-10-20,2017,,94.0,,,0,0,N,0.0,0.0,0.0,,,,,,,,35.94569,-86.80587,False,Crashes_2010_2019_MPO
101864755,2017-12-20,2017,,94.0,,,0,0,N,0.0,0.0,0.0,,,,,,,,36.03093,-86.78699,True,Crashes_2010_2019_MPO
100499557,2014-04-22,2014,,94.0,,,0,0,N,0.0,0.0,0.0,,,,,,,,35.97878,-86.75281,True,Crashes_2010_2019_MPO
101159482,2016-04-07,2016,,94.0,,,0,0,N,0.0,0.0,0.0,,,,,,,,35.9407,-86.83934,False,Crashes_2010_2019_MPO
101453293,2016-11-17,2016,,94.0,,,0,0,N,0.0,0.0,0.0,,,,,,,,35.92549,-86.86916,False,Crashes_2010_2019_MPO
100706353,2014-12-12,2014,,94.0,,,0,0,N,0.0,0.0,0.0,,,,,,,,35.96174,-86.80177,True,Crashes_2010_2019_MPO
102290568,2019-01-28,2019,,94.0,,,0,0,N,0.0,0.0,0.0,,,,,,,,35.94133,-86.81648,False,Crashes_2010_2019_MPO
101429041,2016-11-02,2016,,94.0,,,0,0,N,0.0,0.0,0.0,,,,,,,,35.92311,-86.87553,False,Crashes_2010_2019_MPO
101681808,2017-06-19,2017,,94.0,,,0,0,N,0.0,0.0,0.0,,,,,,,,35.96752,-86.81639,True,Crashes_2010_2019_MPO
102603153,2019-12-20,2019,,19.0,,,0,0,N,0.0,0.0,0.0,,,,,,,,35.99629,-86.68905,False,Crashes_2010_2019_MPO
102186859,2018-10-23,2018,,19.0,,,0,0,N,0.0,0.0,0.0,,,,,,,,36.04855,-86.73384,False,Crashes_2010_2019_MPO
102047312,2018-06-18,2018,,94.0,,,0,0,N,0.0,0.0,0.0,,,,,,,,35.95858,-86.73896,True,Crashes_2010_2019_MPO
100147577,2012-02-13,2012,,94.0,,,0,0,N,0.0,0.0,0.0,,,,,,,,35.99335,-86.69968,True,Crashes_2010_2019_MPO
101546945,2017-02-07,2017,,94.0,,,0,0,N,0.0,0.0,0.0,,,,,,,,35.93374,-86.81767,False,Crashes_2010_2019_MPO
100732282,2015-02-04,2015,,19.0,,,0,0,N,0.0,0.0,0.0,,,,,,,,36.0319,-86.71269,False,Crashes_2010_2019_MPO
101166068,2016-04-16,2016,,19.0,,,0,0,N,0.0,0.0,0.0,,,,,,,,36.04036,-86.76911,False,Crashes_2010_2019_MPO
100979473,2015-10-15,2015,,94.0,,,0,0,N,0.0,0.0,0.0,,,,,,,,35.97039,-86.77379,True,Crashes_2010_2019_MPO
102589877,2019-12-05,2019,,94.0,,,0,0,N,0.0,0.0,0.0,,,,,,,,35.96518,-86.80029,True,Crashes_2010_2019_MPO
10463757,2010-03-12,2010,,19.0,,,0,0, ,0.0,0.0,0.0,,,,,,,,36.04576,-86.72473,False,Crashes_2010_2019_MPO
101550206,2017-02-10,2017,,94.0,,,0,0,N,0.0,0.0,0.0,,,,,,,,35.97776,-86.80359,True,Crashes_2010_2019_MPO
100263142,2012-12-07,2012,,94.0,,,0,0,N,0.0,0.0,0.0,,,,,,,,35.9909,-86.7989,True,Crashes_2010_2019_MPO
101319254,2016-08-02,2016,,94.0,,,0,0,Y,0.0,0.0,1.0,,,,,,,,35.98598,-86.73515,True,Crashes_2010_2019_MPO
101888993,2018-01-16,2018,,94.0,,,0,0,N,0.0,0.0,0.0,,,,,,,,35.96192,-86.7104,True,Crashes_2010_2019_MPO
101207967,2016-05-19,2016,,94.0,,,0,0,N,0.0,0.0,0.0,,,,,,,,36.0294,-86.7837,True,Crashes_2010_2019_MPO
101858557,2017-12-14,2017,,94.0,,,0,0,N,0.0,0.0,0.0,,,,,,,,36.03401,-86.79072,True,Crashes_2010_2019_MPO
101632893,2017-05-03,2017,,94.0,,,0,0,N,0.0,0.0,0.0,,,,,,,,36.02501,-86.84972,True,Crashes_2010_2019_MPO
101468765,2016-12-06,2016,,94.0,,,0,0,N,0.0,0.0,0.0,,,,,,,,35.92571,-86.82406,False,Crashes_2010_2019_MPO
100665122,2014-11-05,2014,,94.0,,,0,0,N,0.0,0.0,0.0,,,,,,,,35.94549,-86.80504,False,Crashes_2010_2019_MPO
102320771,2019-03-04,2019,,94.0,,,0,0,N,0.0,0.0,0.0,,,,,,,,35.998255,-86.803265,True,Crashes_2010_2019_MPO
101645357,2017-05-15,2017,,19.0,,,0,0,N,0.0,0.0,0.0,,,,,,,,36.03988,-86.74159,False,Crashes_2010_2019_MPO
101007738,2015-11-05,2015,,94.0,,,0,0,N,0.0,0.0,0.0,,,,,,,,36.02164,-86.78705,True,Crashes_2010_2019_MPO
100823750,2015-04-25,2015,,94.0,,,0,0,N,0.0,0.0,0.0,,,,,,,,35.92738,-86.86871,False,Crashes_2010_2019_MPO
100163116,2012-03-28,2012,,94.0,,,0,0,N,0.0,0.0,0.0,,,,,,,,35.96595,-86.80468,True,Crashes_2010_2019_MPO
100994004,2015-10-22,2015,,19.0,,,0,0,N,0.0,0.0,0.0,,,,,,,,36.04654,-86.68334,False,Crashes_2010_2019_MPO
101745001,2017-08-28,2017,,94.0,,,0,0,N,0.0,0.0,0.0,,,,,,,,35.93741,-86.80972,False,Crashes_2010_2019_MPO
101584491,2017-03-16,2017,,19.0,,,0,0,N,0.0,0.0,0.0,,,,,,,,36.0473,-86.86274,False,Crashes_2010_2019_MPO
101894883,2018-01-23,2018,,94.0,,,0,0,N,0.0,0.0,0.0,,,,,,,,35.94725,-86.81738,False,Crashes_2010_2019_MPO
100619198,2014-09-15,2014,,94.0,,,0,0,N,0.0,0.0,0.0,,,,,,,,35.98607,-86.69817,True,Crashes_2010_2019_MPO
102475819,2019-08-12,2019,,19.0,,,0,0,N,0.0,0.0,0.0,,,,,,,,36.05381,-86.71507,False,Crashes_2010_2019_MPO
101345415,2016-08-24,2016,,94.0,,,0,0,Y,0.0,0.0,1.0,,,,,,,,35.96617,-86.83827,False,Crashes_2010_2019_MPO
101281521,2016-07-07,2016,,19.0,,,0,0,N,0.0,0.0,0.0,,,,,,,,36.0409,-86.77938,False,Crashes_2010_2019_MPO
102070328,2018-07-10,2018,,19.0,,,0,0,N,0.0,0.0,0.0,,,,,,,,36.03489,-86.76872,False,Crashes_2010_2019_MPO
102380203,2019-05-04,2019,,94.0,,,0,0,N,0.0,0.0,0.0,,,,,,,,35.99551,-86.77887,True,Crashes_2010_2019_MPO
101834962,2017-11-22,2017,,19.0,,,0,0,N,0.0,0.0,0.0,,,,,,,,36.0452,-86.71505,False,Crashes_2010_2019_MPO
102252777,2018-12-20,2018,,94.0,,,0,0,N,0.0,0.0,0.0,,,,,,,,35.9667,-86.81121,True,Crashes_2010_2019_MPO
101427485,2016-10-31,2016,,94.0,,,0,0,N,0.0,0.0,0.0,,,,,,,,35.96518,-86.80029,True,Crashes_2010_2019_MPO
100272347,2012-12-28,2012,,94.0,,,0,0,N,0.0,0.0,0.0,,,,,,,,35.94848,-86.81974,False,Crashes_2010_2019_MPO
102430873,2019-06-26,2019,,94.0,,,0,0,N,0.0,0.0,0.0,,,,,,,,35.96458,-86.81449,False,Crashes_2010_2019_MPO
101868826,2017-12-25,2017,,94.0,,,0,0,N,0.0,0.0,0.0,,,,,,,,35.99717,-86.79712,True,Crashes_2010_2019_MPO
101390922,2016-09-27,2016,,19.0,,,0,0,N,0.0,0.0,0.0,,,,,,,,36.04549,-86.70454,False,Crashes_2010_2019_MPO
102433723,2019-07-01,2019,,94.0,,,0,0,N,0.0,0.0,0.0,,,,,,,,35.96969,-86.77354,True,Crashes_2010_2019_MPO
100282757,2013-01-22,2013,,94.0,,,0,0,N,0.0,0.0,0.0,,,,,,,,35.93002,-86.82429,False,Crashes_2010_2019_MPO
100753242,2015-02-26,2015,,94.0,,,0,0,N,0.0,0.0,0.0,,,,,,,,35.97292,-86.80557,True,Crashes_2010_2019_MPO
100544261,2014-05-28,2014,,94.0,,,0,0,N,0.0,0.0,0.0,,,,,,,,35.95051,-86.76621,True,Crashes_2010_2019_MPO
102019211,2018-05-22,2018,,94.0,,,0,0,Y,0.0,0.0,1.0,,,,,,,,35.94541,-86.81505,False,Crashes_2010_2019_MPO
102284705,2019-01-22,2019,,19.0,,,0,0,N,0.0,0.0,0.0,,,,,,,,36.04034,-86.78261,False,Crashes_2010_2019_MPO
101620971,2017-04-20,2017,,19.0,,,0,0,N,0.0,0.0,0.0,,,,,,,,36.04025,-86.76813,False,Crashes_2010_2019_MPO
100329496,2013-05-16,2013,,94.0,,,0,0,N,0.0,0.0,0.0,,,,,,,,35.96708,-86.81356,True,Crashes_2010_2019_MPO
100938180,2015-08-20,2015,,94.0,,,0,0,N,0.0,0.0,0.0,,,,,,,,35.96478,-86.80833,False,Crashes_2010_2019_MPO
100294676,2013-02-19,2013,,94.0,,,0,0,Y,0.0,0.0,1.0,,,,,,,,35.98437,-86.72434,True,Crashes_2010_2019_MPO
101683637,2017-06-26,2017,,19.0,,,0,0,N,0.0,0.0,0.0,,,,,,,,36.04059,-86.77107,False,Crashes_2010_2019_MPO
100879240,2015-07-01,2015,,19.0,,,0,0,N,0.0,0.0,0.0,,,,,,,,36.04084,-86.77935,False,Crashes_2010_2019_MPO
100682388,2014-11-18,2014,,94.0,,,0,0,N,0.0,0.0,0.0,,,,,,,,36.02395,-86.78341,True,Crashes_2010_2019_MPO
100726451,2015-01-23,2015,,94.0,,,0,0,N,0.0,0.0,0.0,,,,,,,,36.03694,-86.80194,True,Crashes_2010_2019_MPO
101773443,2017-09-27,2017,,94.0,,,0,0,N,0.0,0.0,0.0,,,,,,,,36.02174,-86.78703,True,Crashes_2010_2019_MPO
100505461,2014-05-06,2014,,94.0,,,0,0,N,0.0,0.0,0.0,,,,,,,,35.98398,-86.6992,True,Crashes_2010_2019_MPO
100922468,2015-08-13,2015,,94.0,,,0,0,N,0.0,0.0,0.0,,,,,,,,36.03484,-86.80338,True,Crashes_2010_2019_MPO
101003783,2015-11-05,2015,,19.0,,,0,0,N,0.0,0.0,0.0,,,,,,,,36.03786,-86.80084,False,Crashes_2010_2019_MPO
101801928,2017-10-24,2017,,94.0,,,0,0,N,0.0,0.0,0.0,,,,,,,,35.9793,-86.7252,True,Crashes_2010_2019_MPO
101709858,2017-07-23,2017,,94.0,,,0,0,N,0.0,0.0,0.0,,,,,,,,35.96681,-86.81119,True,Crashes_2010_2019_MPO
100976319,2015-10-09,2015,,19.0,,,0,0,N,0.0,0.0,0.0,,,,,,,,36.03305,-86.77371,False,Crashes_2010_2019_MPO
101752915,2017-09-06,2017,,19.0,,,0,0,N,0.0,0.0,0.0,,,,,,,,36.0509,-86.7509,False,Crashes_2010_2019_MPO
102000510,2018-05-04,2018,,94.0,,,0,0,N,0.0,0.0,0.0,,,,,,,,35.98416,-86.72333,True,Crashes_2010_2019_MPO
101105998,2016-02-15,2016,,94.0,,,0,0,N,0.0,0.0,0.0,,,,,,,,35.93012,-86.86424,False,Crashes_2010_2019_MPO
101076510,2016-01-13,2016,,94.0,,,0,0,N,0.0,0.0,0.0,,,,,,,,35.99444,-86.79781,True,Crashes_2010_2019_MPO
101107030,2016-02-16,2016,,94.0,,,0,0,N,0.0,0.0,0.0,,,,,,,,35.96681,-86.81119,True,Crashes_2010_2019_MPO
102137527,2018-09-07,2018,,19.0,,,0,0,N,0.0,0.0,0.0,,,,,,,,36.04155,-86.7495,False,Crashes_2010_2019_MPO
100413706,2013-12-02,2013,,94.0,,,0,0,N,0.0,0.0,0.0,,,,,,,,35.9583,-86.80229,False,Crashes_2010_2019_MPO
101603961,2017-04-05,2017,,94.0,,,0,0,Y,0.0,0.0,1.0,,,,,,,,35.94683,-86.85172,False,Crashes_2010_2019_MPO
101147860,2016-03-20,2016,,94.0,,,0,0,N,0.0,0.0,0.0,,,,,,,,35.9388,-86.81915,False,Crashes_2010_2019_MPO
100633374,2014-09-24,2014,,19.0,,,0,0,N,0.0,0.0,0.0,,,,,,,,36.04105,-86.77612,False,Crashes_2010_2019_MPO
102144608,2018-09-14,2018,,19.0,,,0,0,N,0.0,0.0,0.0,,,,,,,,36.03143,-86.71264,False,Crashes_2010_2019_MPO
100854875,2015-06-03,2015,,19.0,,,0,0,N,0.0,0.0,0.0,,,,,,,,36.03738,-86.791,False,Crashes_2010_2019_MPO
101232993,2016-05-26,2016,,19.0,,,0,0,N,0.0,0.0,0.0,,,,,,,,36.04059,-86.77107,False,Crashes_2010_2019_MPO
102101109,2018-08-07,2018,,19.0,,,0,0,N,0.0,0.0,0.0,,,,,,,,36.03531,-86.73543,False,Crashes_2010_2019_MPO
100995152,2015-10-24,2015,,94.0,,,0,0,N,0.0,0.0,0.0,,,,,,,,35.94618,-86.80856,False,Crashes_2010_2019_MPO
100999112,2015-10-29,2015,,19.0,,,0,0,N,0.0,0.0,0.0,,,,,,,,36.0202,-86.71023,False,Crashes_2010_2019_MPO
102415196,2019-06-10,2019,,94.0,,,0,0,N,0.0,0.0,0.0,,,,,,,,35.96507,-86.81415,False,Crashes_2010_2019_MPO
102574325,2019-11-20,2019,,19.0,,,0,0,N,0.0,0.0,0.0,,,,,,,,36.0522,-86.74309,False,Crashes_2010_2019_MPO
101007293,2015-11-11,2015,,94.0,,,0,0,N,0.0,0.0,0.0,,,,,,,,35.94724,-86.82424,False,Crashes_2010_2019_MPO
102128631,2018-08-31,2018,,19.0,,,0,0,N,0.0,0.0,0.0,,,,,,,,36.0374,-86.78657,False,Crashes_2010_2019_MPO
101479475,2016-12-16,2016,,19.0,,,0,0,N,0.0,0.0,0.0,,,,,,,,36.05494,-86.73,False,Crashes_2010_2019_MPO
102006251,2018-05-10,2018,,19.0,,,0,0,N,0.0,0.0,0.0,,,,,,,,36.0348,-86.76873,False,Crashes_2010_2019_MPO
100193468,2012-06-19,2012,,94.0,,,1,0,N,1.0,0.0,0.0,,,,,,,,35.99205,-86.70121,True,Crashes_2010_2019_MPO
100886441,2015-07-09,2015,,94.0,,,0,0,N,0.0,0.0,0.0,,,,,,,,36.03302,-86.78329,True,Crashes_2010_2019_MPO
101964736,2018-04-02,2018,,19.0,,,0,0,N,0.0,0.0,0.0,,,,,,,,36.0466,-86.71341,False,Crashes_2010_2019_MPO
100238746,2012-10-15,2012,,19.0,,,0,0,N,0.0,0.0,0.0,,,,,,,,36.043209,-86.866257,True,Crashes_2010_2019_MPO
100970936,2015-10-01,2015,,94.0,,,0,0,N,0.0,0.0,0.0,,,,,,,,35.99288,-86.69378,True,Crashes_2010_2019_MPO
101103531,2016-02-10,2016,,19.0,,,0,0,N,0.0,0.0,0.0,,,,,,,,36.03946,-86.7818,False,Crashes_2010_2019_MPO
101397264,2016-10-05,2016,,94.0,,,0,0,N,0.0,0.0,0.0,,,,,,,,35.99128,-86.77836,True,Crashes_2010_2019_MPO
100385855,2013-10-01,2013,,94.0,,,0,0,N,0.0,0.0,0.0,,,,,,,,35.9261,-86.8714,False,Crashes_2010_2019_MPO
100702566,2014-12-06,2014,,94.0,,,0,0,N,0.0,0.0,0.0,,,,,,,,35.96843,-86.81903,True,Crashes_2010_2019_MPO
101688366,2017-06-30,2017,,19.0,,,0,0,N,0.0,0.0,0.0,,,,,,,,36.04111,-86.72537,False,Crashes_2010_2019_MPO
101500438,2017-01-09,2017,,19.0,,,0,0,N,0.0,0.0,0.0,,,,,,,,36.04545,-86.71854,False,Crashes_2010_2019_MPO
101705077,2017-07-18,2017,,94.0,,,0,0,N,0.0,0.0,0.0,,,,,,,,36.03689,-86.81684,True,Crashes_2010_2019_MPO
101355624,2016-09-07,2016,,94.0,,,0,0,N,0.0,0.0,0.0,,,,,,,,35.9775,-86.77492,True,Crashes_2010_2019_MPO
101425587,2016-10-28,2016,,19.0,,,0,0,N,0.0,0.0,0.0,,,,,,,,36.03743,-86.79056,False,Crashes_2010_2019_MPO
102099561,2018-08-05,2018,,94.0,,,0,0,N,0.0,0.0,0.0,,,,,,,,35.99551,-86.77887,True,Crashes_2010_2019_MPO
101407176,2016-10-19,2016,,19.0,,,0,0,N,0.0,0.0,0.0,,,,,,,,36.01266,-86.70379,False,Crashes_2010_2019_MPO
102211995,2018-11-14,2018,,94.0,,,0,0,N,0.0,0.0,0.0,,,,,,,,35.9469,-86.82167,False,Crashes_2010_2019_MPO
102574477,2019-11-20,2019,,19.0,,,0,0,N,0.0,0.0,0.0,,,,,,,,36.03747,-86.79098,False,Crashes_2010_2019_MPO
100265478,2012-12-12,2012,,94.0,,,0,0,N,0.0,0.0,0.0,,,,,,,,35.95686,-86.84072,False,Crashes_2010_2019_MPO
100696430,2014-11-25,2014,,94.0,,,0,0,N,0.0,0.0,0.0,,,,,,,,35.94784,-86.81975,False,Crashes_2010_2019_MPO
100938947,2015-08-22,2015,,94.0,,,0,0,N,0.0,0.0,0.0,,,,,,,,35.98017,-86.77063,True,Crashes_2010_2019_MPO
100859906,2015-06-12,2015,,19.0,,,0,0,N,0.0,0.0,0.0,,,,,,,,36.0456,-86.71128,False,Crashes_2010_2019_MPO
102375543,2019-04-29,2019,,94.0,,,0,0,N,0.0,0.0,0.0,,,,,,,,35.94769,-86.81451,False,Crashes_2010_2019_MPO
100912153,2015-07-25,2015,,94.0,,,0,0,N,0.0,0.0,0.0,,,,,,,,35.94879,-86.74786,True,Crashes_2010_2019_MPO
100479414,2014-03-28,2014,,94.0,,,0,0,N,0.0,0.0,0.0,,,,,,,,35.99781,-86.79885,True,Crashes_2010_2019_MPO
102253056,2018-12-20,2018,,19.0,,,0,0,N,0.0,0.0,0.0,,,,,,,,36.01412,-86.70481,False,Crashes_2010_2019_MPO
101358831,2016-09-11,2016,,94.0,,,0,0,N,0.0,0.0,0.0,,,,,,,,36.03073,-86.83708,True,Crashes_2010_2019_MPO
102295745,2019-02-01,2019,,94.0,,,0,0,N,0.0,0.0,0.0,,,,,,,,35.94747,-86.81409,False,Crashes_2010_2019_MPO
101686474,2017-06-29,2017,,94.0,,,0,0,N,0.0,0.0,0.0,,,,,,,,35.98635,-86.73664,True,Crashes_2010_2019_MPO
101598319,2017-03-30,2017,,19.0,,,0,0,N,0.0,0.0,0.0,,,,,,,,36.03644,-86.67926,False,Crashes_2010_2019_MPO
100274603,2013-01-02,2013,,94.0,,,0,0,N,0.0,0.0,0.0,,,,,,,,35.94782,-86.81897,False,Crashes_2010_2019_MPO
101394044,2016-10-01,2016,,94.0,,,0,0,N,0.0,0.0,0.0,,,,,,,,36.01136,-86.78488,True,Crashes_2010_2019_MPO
100655042,2014-10-17,2014,,94.0,,,0,0,N,0.0,0.0,0.0,,,,,,,,35.94686,-86.85162,False,Crashes_2010_2019_MPO
101008945,2015-11-13,2015,,19.0,,,0,0,N,0.0,0.0,0.0,,,,,,,,36.04032,-86.78024,False,Crashes_2010_2019_MPO
101120441,2016-02-21,2016,,94.0,,,0,0,N,0.0,0.0,0.0,,,,,,,,35.94778,-86.81995,False,Crashes_2010_2019_MPO
101787611,2017-10-10,2017,,94.0,,,0,0,N,0.0,0.0,0.0,,,,,,,,35.96494,-86.79371,True,Crashes_2010_2019_MPO
101967379,2018-04-05,2018,,19.0,,,0,0,N,0.0,0.0,0.0,,,,,,,,36.03797,-86.79777,False,Crashes_2010_2019_MPO
102276408,2019-01-13,2019,,94.0,,,0,0,N,0.0,0.0,0.0,,,,,,,,35.96532,-86.70293,False,Crashes_2010_2019_MPO
102125178,2018-08-27,2018,,94.0,,,0,0,N,0.0,0.0,0.0,,,,,,,,35.93465,-86.86087,False,Crashes_2010_2019_MPO
101800458,2017-10-21,2017,,94.0,,,0,0,N,0.0,0.0,0.0,,,,,,,,36.01186,-86.8625,False,Crashes_2010_2019_MPO
101417750,2016-10-19,2016,,94.0,,,0,0,N,0.0,0.0,0.0,,,,,,,,35.94326,-86.85459,False,Crashes_2010_2019_MPO
102455030,2019-07-22,2019,,19.0,,,0,0,N,0.0,0.0,0.0,,,,,,,,36.04441,-86.78039,False,Crashes_2010_2019_MPO
100168107,2012-04-11,2012,,94.0,,,0,0,N,0.0,0.0,0.0,,,,,,,,36.03466,-86.80277,True,Crashes_2010_2019_MPO
102202084,2018-11-06,2018,,94.0,,,0,0,N,0.0,0.0,0.0,,,,,,,,35.979,-86.80315,True,Crashes_2010_2019_MPO
100694940,2014-11-21,2014,,19.0,,,0,0,N,0.0,0.0,0.0,,,,,,,,36.03778,-86.78646,False,Crashes_2010_2019_MPO
101363541,2016-09-16,2016,,19.0,,,0,0,N,0.0,0.0,0.0,,,,,,,,36.04543,-86.7036,False,Crashes_2010_2019_MPO
100461350,2014-03-07,2014,,94.0,,,0,0,N,0.0,0.0,0.0,,,,,,,,35.99626,-86.78653,True,Crashes_2010_2019_MPO
100309861,2013-03-30,2013,,94.0,,,0,0,N,0.0,0.0,0.0,,,,,,,,35.94458,-86.85353,False,Crashes_2010_2019_MPO
100884425,2015-07-10,2015,,19.0,,,0,0,N,0.0,0.0,0.0,,,,,,,,36.03896,-86.78197,False,Crashes_2010_2019_MPO
101554777,2017-02-14,2017,,19.0,,,0,0,N,0.0,0.0,0.0,,,,,,,,36.04017,-86.78264,False,Crashes_2010_2019_MPO
102251242,2018-12-19,2018,,19.0,,,0,0,N,0.0,0.0,0.0,,,,,,,,36.0374,-86.78657,False,Crashes_2010_2019_MPO
100463503,2014-03-12,2014,,94.0,,,0,0,N,0.0,0.0,0.0,,,,,,,,35.94896,-86.81961,False,Crashes_2010_2019_MPO
101642346,2017-05-04,2017,,19.0,,,0,0,N,0.0,0.0,0.0,,,,,,,,36.02524,-86.7167,False,Crashes_2010_2019_MPO
101780178,2017-10-03,2017,,94.0,,,0,0,N,0.0,0.0,0.0,,,,,,,,35.94768,-86.83645,False,Crashes_2010_2019_MPO
102583550,2019-11-29,2019,,94.0,,,0,0,N,0.0,0.0,0.0,,,,,,,,35.95899,-86.81594,False,Crashes_2010_2019_MPO
102601690,2019-12-19,2019,,94.0,,,0,0,N,0.0,0.0,0.0,,,,,,,,36.00657,-86.80536,True,Crashes_2010_2019_MPO
101348478,2016-08-28,2016,,94.0,,,0,0,N,0.0,0.0,0.0,,,,,,,,35.92391,-86.76682,False,Crashes_2010_2019_MPO
100750070,2015-02-20,2015,,19.0,,,0,0,N,0.0,0.0,0.0,,,,,,,,36.03933,-86.72022,False,Crashes_2010_2019_MPO
101936521,2018-03-07,2018,,94.0,,,0,0,N,0.0,0.0,0.0,,,,,,,,35.95392,-86.81471,False,Crashes_2010_2019_MPO
101154694,2016-03-31,2016,,94.0,,,0,0,N,0.0,0.0,0.0,,,,,,,,35.94055,-86.81675,False,Crashes_2010_2019_MPO
101462400,2016-11-28,2016,,19.0,,,0,1,N,0.0,1.0,0.0,,,,,,,,36.04543,-86.71259,False,Crashes_2010_2019_MPO
100921369,2015-08-11,2015,,94.0,,,0,0,N,0.0,0.0,0.0,,,,,,,,35.96259,-86.80883,False,Crashes_2010_2019_MPO
101362629,2016-09-16,2016,,94.0,,,0,0,N,0.0,0.0,0.0,,,,,,,,36.02193,-86.7951,True,Crashes_2010_2019_MPO
101915781,2018-02-14,2018,,94.0,,,0,0,Y,0.0,0.0,1.0,,,,,,,,36.02599,-86.78517,True,Crashes_2010_2019_MPO
101361454,2016-09-15,2016,,94.0,,,0,0,N,0.0,0.0,0.0,,,,,,,,35.92836,-86.75986,False,Crashes_2010_2019_MPO
101319994,2016-08-04,2016,,19.0,,,0,0,N,0.0,0.0,0.0,,,,,,,,36.04679,-86.71343,False,Crashes_2010_2019_MPO
101736879,2017-08-20,2017,,19.0,,,0,0,N,0.0,0.0,0.0,,,,,,,,36.04545,-86.70396,False,Crashes_2010_2019_MPO
101844682,2017-12-01,2017,,19.0,,,0,0,N,0.0,0.0,0.0,,,,,,,,36.03761,-86.78512,False,Crashes_2010_2019_MPO
101185903,2016-05-02,2016,,94.0,,,0,0,N,0.0,0.0,0.0,,,,,,,,36.035549,-86.787448,True,Crashes_2010_2019_MPO
101179724,2016-04-22,2016,,19.0,,,0,0,N,0.0,0.0,0.0,,,,,,,,36.03899,-86.78258,False,Crashes_2010_2019_MPO
102261978,2018-12-30,2018,,19.0,,,0,0,N,0.0,0.0,0.0,,,,,,,,36.04543,-86.70361,False,Crashes_2010_2019_MPO
101500567,2017-01-09,2017,,94.0,,,0,0,N,0.0,0.0,0.0,,,,,,,,35.97169,-86.68472,False,Crashes_2010_2019_MPO
101300170,2016-07-20,2016,,94.0,,,0,0,N,0.0,0.0,0.0,,,,,,,,35.96681,-86.81119,True,Crashes_2010_2019_MPO
100611043,2014-08-27,2014,,94.0,,,0,0,N,0.0,0.0,0.0,,,,,,,,35.94817,-86.81766,False,Crashes_2010_2019_MPO
102538383,2019-10-15,2019,,94.0,,,0,0,N,0.0,0.0,0.0,,,,,,,,36.00196,-86.85031,False,Crashes_2010_2019_MPO
102082906,2018-07-22,2018,,19.0,,,0,0,N,0.0,0.0,0.0,,,,,,,,36.04902,-86.72318,False,Crashes_2010_2019_MPO
100633020,2014-09-24,2014,,94.0,,,0,0,N,0.0,0.0,0.0,,,,,,,,35.99571,-86.81856,True,Crashes_2010_2019_MPO
100822324,2015-04-22,2015,,19.0,,,0,0,N,0.0,0.0,0.0,,,,,,,,36.04548,-86.70414,False,Crashes_2010_2019_MPO
102610428,2019-12-26,2019,,94.0,,,0,0,N,0.0,0.0,0.0,,,,,,,,35.98472,-86.78415,True,Crashes_2010_2019_MPO
101633247,2017-05-02,2017,,94.0,,,0,0,N,0.0,0.0,0.0,,,,,,,,35.97153,-86.83476,False,Crashes_2010_2019_MPO
100434133,2014-01-23,2014,,94.0,,,0,0,N,0.0,0.0,0.0,,,,,,,,35.9903,-86.74745,True,Crashes_2010_2019_MPO
101038157,2015-11-28,2015,,94.0,,,0,0,N,0.0,0.0,0.0,,,,,,,,36.0156,-86.74062,False,Crashes_2010_2019_MPO
101484890,2016-12-22,2016,,94.0,,,0,0,N,0.0,0.0,0.0,,,,,,,,35.96657,-86.67666,False,Crashes_2010_2019_MPO
101595322,2017-03-27,2017,,94.0,,,0,0,N,0.0,0.0,0.0,,,,,,,,35.94842,-86.81975,False,Crashes_2010_2019_MPO
101484202,2016-12-21,2016,,94.0,,,0,0,N,0.0,0.0,0.0,,,,,,,,36.02926,-86.79814,True,Crashes_2010_2019_MPO
102450115,2019-07-17,2019,,19.0,,,0,0,N,0.0,0.0,0.0,,,,,,,,36.04494,-86.69633,False,Crashes_2010_2019_MPO
101897689,2018-01-26,2018,,19.0,,,0,0,N,0.0,0.0,0.0,,,,,,,,36.04026,-86.8164,False,Crashes_2010_2019_MPO
101360109,2016-09-06,2016,,94.0,,,0,0,N,0.0,0.0,0.0,,,,,,,,36.034094,-86.790769,True,Crashes_2010_2019_MPO
100322856,2013-04-29,2013,,94.0,,,0,0,N,0.0,0.0,0.0,,,,,,,,35.99788,-86.79947,True,Crashes_2010_2019_MPO
101500795,2017-01-10,2017,,94.0,,,0,0,N,0.0,0.0,0.0,,,,,,,,36.03319,-86.7876,True,Crashes_2010_2019_MPO
100340122,2013-06-10,2013,,94.0,,,0,0,N,0.0,0.0,0.0,,,,,,,,35.96595,-86.80315,True,Crashes_2010_2019_MPO
102139357,2018-09-09,2018,,94.0,,,0,0,N,0.0,0.0,0.0,,,,,,,,36.03604,-86.79732,True,Crashes_2010_2019_MPO
101491436,2016-12-27,2016,,94.0,,,0,0,N,0.0,0.0,0.0,,,,,,,,35.98666,-86.8005,True,Crashes_2010_2019_MPO
100634100,2014-09-26,2014,,94.0,,,0,0,N,0.0,0.0,0.0,,,,,,,,35.97332,-86.83308,True,Crashes_2010_2019_MPO