mstrrecnbr,collision_ts,year,county,countystat,crash,crash_type,fatalities,non_motorists,commercial,fatal_c,nonmotor_c,truck_c,fatalc,serious_injuries,ped,bike,lighting,weather,first_harmful_event,latitude,longitude,in_city,src_layer
101799664,2017-10-20,2017,,94.0,,,0,1,N,0.0,1.0,0.0,,,,,,,,35.92936,-86.87549,False,Crashes_2010_2019_MPO
102468135,2019-08-02,2019,,94.0,,,0,0,N,0.0,0.0,0.0,,,,,,,,35.98287,-86.71852,True,Crashes_2010_2019_MPO
102251865,2018-12-19,2018,,19.0,,,0,0,Y,0.0,0.0,1.0,,,,,,,,36.04855,-86.7245,False,Crashes_2010_2019_MPO
100966242,2015-09-24,2015,,19.0,,,0,0,N,0.0,0.0,0.0,,,,,,,,36.03337,-86.67824,False,Crashes_2010_2019_MPO
101664522,2017-06-02,2017,,19.0,,,0,0,N,0.0,0.0,0.0,,,,,,,,36.03766,-86.78494,False,Crashes_2010_2019_MPO
100912001,2015-07-25,2015,,94.0,,,0,0,N,0.0,0.0,0.0,,,,,,,,35.99291,-86.81252,True,Crashes_2010_2019_MPO
100708560,2014-12-17,2014,,19.0,,,0,0,N,0.0,0.0,0.0,,,,,,,,36.03052,-86.70236,False,Crashes_2010_2019_MPO
101863977,2017-12-19,2017,,94.0,,,0,0,N,0.0,0.0,0.0,,,,,,,,35.9425,-86.81607,False,Crashes_2010_2019_MPO
101720000,2017-08-04,2017,,19.0,,,0,0,N,0.0,0.0,0.0,,,,,,,,36.03963,-86.78162,False,Crashes_2010_2019_MPO
101441836,2016-11-15,2016,,94.0,,,0,0,N,0.0,0.0,0.0,,,,,,,,35.93858,-86.80744,False,Crashes_2010_2019_MPO
101738798,2017-08-22,2017,,19.0,,,0,0,N,0.0,0.0,0.0,,,,,,,,36.03972,-86.75802,False,Crashes_2010_2019_MPO
100967548,2015-09-25,2015,,94.0,,,0,0,N,0.0,0.0,0.0,,,,,,,,35.92669,-86.82704,False,Crashes_2010_2019_MPO
100921388,2015-08-11,2015,,19.0,,,0,0,N,0.0,0.0,0.0,,,,,,,,36.04694,-86.86305,False,Crashes_2010_2019_MPO
100698763,2014-11-30,2014,,94.0,,,0,0,N,0.0,0.0,0.0,,,,,,,,35.98435,-86.72426,True,Crashes_2010_2019_MPO
101766619,2017-09-20,2017,,94.0,,,0,0,N,0.0,0.0,0.0,,,,,,,,35.97091,-86.80595,True,Crashes_2010_2019_MPO
100588422,2014-07-28,2014,,94.0,,,0,0,N,0.0,0.0,0.0,,,,,,,,35.94089,-86.8349,False,Crashes_2010_2019_MPO
101008932,2015-11-13,2015,,19.0,,,0,0,N,0.0,0.0,0.0,,,,,,,,36.04553,-86.7116,False,Crashes_2010_2019_MPO
102391097,2019-05-16,2019,,94.0,,,0,0,N,0.0,0.0,0.0,,,,,,,,35.9234,-86.68001,False,Crashes_2010_2019_MPO
101038178,2015-11-28,2015,,19.0,,,0,0,N,0.0,0.0,0.0,,,,,,,,36.04409,-86.78076,False,Crashes_2010_2019_MPO
101807142,2017-10-28,2017,,94.0,,,0,0,N,0.0,0.0,0.0,,,,,,,,35.94216,-86.82095,False,Crashes_2010_2019_MPO
100179127,2012-05-10,2012,,94.0,,,0,0,N,0.0,0.0,0.0,,,,,,,,35.9799,-86.82902,False,Crashes_2010_2019_MPO
102342941,2019-03-27,2019,,94.0,,,0,0,N,0.0,0.0,0.0,,,,,,,,35.99557,-86.77953,True,Crashes_2010_2019_MPO
102611518,2019-12-30,2019,,94.0,,,0,0,N,0.0,0.0,0.0,,,,,,,,35.95089,-86.80724,False,Crashes_2010_2019_MPO
100565811,2014-06-22,2014,,19.0,,,1,0,N,1.0,0.0,0.0,,,,,,,,36.052891,-86.687782,False,Crashes_2010_2019_MPO
101556740,2017-02-16,2017,,19.0,,,0,0,N,0.0,0.0,0.0,,,,,,,,36.04393,-86.6933,False,Crashes_2010_2019_MPO
101603481,2017-04-04,2017,,19.0,,,0,0,N,0.0,0.0,0.0,,,,,,,,36.05208,-86.71453,False,Crashes_2010_2019_MPO
102541605,2019-10-18,2019,,94.0,,,0,0,N,0.0,0.0,0.0,,,,,,,,35.93541,-86.82372,False,Crashes_2010_2019_MPO
101862670,2017-12-18,2017,,19.0,,,0,0,N,0.0,0.0,0.0,,,,,,,,36.03847,-86.78345,False,Crashes_2010_2019_MPO
102345917,2019-03-30,2019,,94.0,,,0,0,N,0.0,0.0,0.0,,,,,,,,35.97506,-86.68662,False,Crashes_2010_2019_MPO
100678726,2014-11-10,2014,,94.0,,,0,0,N,0.0,0.0,0.0,,,,,,,,35.9532,-86.84661,False,Crashes_2010_2019_MPO
101468947,2016-12-06,2016,,19.0,,,0,0,N,0.0,0.0,0.0,,,,,,,,36.03308,-86.71137,False,Crashes_2010_2019_MPO
101676190,2017-06-17,2017,,19.0,,,0,0,N,0.0,0.0,0.0,,,,,,,,36.04537,-86.71326,False,Crashes_2010_2019_MPO
100827982,2015-05-03,2015,,94.0,,,0,0,N,0.0,0.0,0.0,,,,,,,,35.95804,-86.80257,False,Crashes_2010_2019_MPO
100335968,2013-05-30,2013,,94.0,,,0,0,N,0.0,0.0,0.0,,,,,,,,35.94002,-86.87955,False,Crashes_2010_2019_MPO
100881894,2015-07-04,2015,,94.0,,,0,0,Y,0.0,0.0,1.0,,,,,,,,35.926,-86.87668,False,Crashes_2010_2019_MPO
100808025,2015-04-14,2015,,94.0,,,0,0,N,0.0,0.0,0.0,,,,,,,,36.02078,-86.80388,True,Crashes_2010_2019_MPO
101654177,2017-05-25,2017,,94.0,,,0,0,N,0.0,0.0,0.0,,,,,,,,35.96716,-86.81351,True,Crashes_2010_2019_MPO
100630443,2014-09-18,2014,,94.0,,,0,0,N,0.0,0.0,0.0,,,,,,,,35.96119,-86.81553,False,Crashes_2010_2019_MPO
102070450,2018-07-10,2018,,19.0,,,0,0,N,0.0,0.0,0.0,,,,,,,,36.03731,-86.74348,False,Crashes_2010_2019_MPO
101825518,2017-11-14,2017,,19.0,,,0,0,N,0.0,0.0,0.0,,,,,,,,36.04125,-86.77729,False,Crashes_2010_2019_MPO
101857772,2017-12-13,2017,,19.0,,,0,0,N,0.0,0.0,0.0,,,,,,,,36.04537,-86.71326,False,Crashes_2010_2019_MPO
101794169,2017-10-16,2017,,19.0,,,0,0,N,0.0,0.0,0.0,,,,,,,,36.0352,-86.78304,False,Crashes_2010_2019_MPO
102374769,2019-04-28,2019,,94.0,,,0,0,N,0.0,0.0,0.0,,,,,,,,35.93453,-86.86095,False,Crashes_2010_2019_MPO
101463154,2016-11-29,2016,,94.0,,,0,0,Y,0.0,0.0,1.0,,,,,,,,35.99565,-86.78036,True,Crashes_2010_2019_MPO
100734681,2015-02-08,2015,,94.0,,,0,0,N,0.0,0.0,0.0,,,,,,,,36.00882,-86.78042,True,Crashes_2010_2019_MPO
100183755,2012-05-22,2012,,94.0,,,0,0,N,0.0,0.0,0.0,,,,,,,,35.99615,-86.7855,True,Crashes_2010_2019_MPO
100750778,2015-02-21,2015,,19.0,,,0,0,N,0.0,0.0,0.0,,,,,,,,36.05331,-86.73695,False,Crashes_2010_2019_MPO
102226274,2018-11-27,2018,,94.0,,,0,0,N,0.0,0.0,0.0,,,,,,,,35.94648,-86.80927,False,Crashes_2010_2019_MPO
102609705,2019-12-27,2019,,94.0,,,0,0,N,0.0,0.0,0.0,,,,,,,,35.96569,-86.80103,True,Crashes_2010_2019_MPO
100376910,2013-09-06,2013,,94.0,,,0,0,Y,0.0,0.0,1.0,,,,,,,,35.96255,-86.80885,False,Crashes_2010_2019_MPO
101881139,2018-01-08,2018,,94.0,,,0,0,N,0.0,0.0,0.0,,,,,,,,36.0345,-86.78335,True,Crashes_2010_2019_MPO
101459275,2016-11-23,2016,,94.0,,,0,0,N,0.0,0.0,0.0,,,,,,,,35.93541,-86.82372,False,Crashes_2010_2019_MPO
101589517,2017-03-21,2017,,19.0,,,0,0,N,0.0,0.0,0.0,,,,,,,,36.04107,-86.78254,False,Crashes_2010_2019_MPO
101347663,2016-08-27,2016,,94.0,,,0,0,N,0.0,0.0,0.0,,,,,,,,35.92879,-86.82059,False,Crashes_2010_2019_MPO
100965841,2015-09-23,2015,,94.0,,,0,0,N,0.0,0.0,0.0,,,,,,,,35.95975,-86.80184,False,Crashes_2010_2019_MPO
101097755,2016-02-01,2016,,94.0,,,0,0,N,0.0,0.0,0.0,,,,,,,,35.95676,-86.84376,False,Crashes_2010_2019_MPO
101044802,2015-12-07,2015,,19.0,,,0,0,N,0.0,0.0,0.0,,,,,,,,36.02709,-86.7128,False,Crashes_2010_2019_MPO
100667154,2014-11-08,2014,,94.0,,,0,0,N,0.0,0.0,0.0,,,,,,,,35.96453,-86.81434,False,Crashes_2010_2019_MPO
101392204,2016-09-29,2016,,19.0,,,0,0,N,0.0,0.0,0.0,,,,,,,,36.03738,-86.78586,False,Crashes_2010_2019_MPO
100755494,2015-03-02,2015,,94.0,,,0,0,N,0.0,0.0,0.0,,,,,,,,35.99644,-86.788,True,Crashes_2010_2019_MPO
102227378,2018-11-28,2018,,94.0,,,0,0,N,0.0,0.0,0.0,,,,,,,,35.94698,-86.81724,False,Crashes_2010_2019_MPO
102013660,2018-05-17,2018,,19.0,,,0,0,N,0.0,0.0,0.0,,,,,,,,36.0409,-86.77938,False,Crashes_2010_2019_MPO
102585632,2019-12-01,2019,,94.0,,,0,0,N,0.0,0.0,0.0,,,,,,,,35.94212,-86.8162,False,Crashes_2010_2019_MPO
101548873,2017-02-08,2017,,94.0,,,0,0,N,0.0,0.0,0.0,,,,,,,,36.03157,-86.78971,True,Crashes_2010_2019_MPO
102455589,2019-07-23,2019,,19.0,,,0,0,N,0.0,0.0,0.0,,,,,,,,35.9954,-86.68777,False,Crashes_2010_2019_MPO
100541956,2014-05-22,2014,,94.0,,,0,0,N,0.0,0.0,0.0,,,,,,,,35.92687,-86.86598,False,Crashes_2010_2019_MPO
102432658,2019-06-29,2019,,94.0,,,0,0,Y,0.0,0.0,1.0,,,,,,,,35.99781,-86.79886,True,Crashes_2010_2019_MPO
101692749,2017-07-04,2017,,94.0,,,0,0,N,0.0,0.0,0.0,,,,,,,,35.92999,-86.86435,False,Crashes_2010_2019_MPO
101825239,2017-11-14,2017,,19.0,,,0,0,N,0.0,0.0,0.0,,,,,,,,36.03997,-86.76539,False,Crashes_2010_2019_MPO
100407831,2013-11-19,2013,,94.0,,,0,0,N,0.0,0.0,0.0,,,,,,,,35.94068,-86.83938,False,Crashes_2010_2019_MPO
100312704,2013-04-06,2013,,94.0,,,0,0,N,0.0,0.0,0.0,,,,,,,,35.93779,-86.68892,False,Crashes_2010_2019_MPO
101320100,2016-08-04,2016,,19.0,,,0,0,N,0.0,0.0,0.0,,,,,,,,36.0408,-86.78235,False,Crashes_2010_2019_MPO
102404507,2019-05-30,2019,,19.0,,,0,0,N,0.0,0.0,0.0,,,,,,,,36.04047,-86.74544,False,Crashes_2010_2019_MPO
101208384,2016-05-15,2016,,19.0,,,0,0,N,0.0,0.0,0.0,,,,,,,,36.04072,-86.74585,False,Crashes_2010_2019_MPO
102342781,2019-03-27,2019,,94.0,,,0,0,N,0.0,0.0,0.0,,,,,,,,35.95142,-86.81828,False,Crashes_2010_2019_MPO
101406859,2016-10-18,2016,,19.0,,,0,0,N,0.0,0.0,0.0,,,,,,,,36.04598,-86.71333,False,Crashes_2010_2019_MPO
102528147,2019-10-03,2019,,19.0,,,0,0,N,0.0,0.0,0.0,,,,,,,,36.03998,-86.74298,False,Crashes_2010_2019_MPO
102249334,2018-12-08,2018,,94.0,,,0,0,N,0.0,0.0,0.0,,,,,,,,35.93407,-86.85229,False,Crashes_2010_2019_MPO
101388758,2016-09-24,2016,,19.0,,,0,0,N,0.0,0.0,0.0,,,,,,,,36.04079,-86.7128,False,Crashes_2010_2019_MPO
102117378,2018-08-21,2018,,19.0,,,0,0,N,0.0,0.0,0.0,,,,,,,,36.04059,-86.77349,False,Crashes_2010_2019_MPO
100720838,2015-01-12,2015,,94.0,,,0,0,N,0.0,0.0,0.0,,,,,,,,35.94693,-86.81177,False,Crashes_2010_2019_MPO
102541403,2019-10-18,2019,,94.0,,,0,0,N,0.0,0.0,0.0,,,,,,,,35.96149,-86.81531,False,Crashes_2010_2019_MPO
100229926,2012-09-20,2012,,94.0,,,0,0,N,0.0,0.0,0.0,,,,,,,,35.99827,-86.79639,True,Crashes_2010_2019_MPO
102129651,2018-08-17,2018,,94.0,,,0,0,N,0.0,0.0,0.0,,,,,,,,35.947573,-86.696473,False,Crashes_2010_2019_MPO
100752907,2015-02-25,2015,,94.0,,,0,0,N,0.0,0.0,0.0,,,,,,,,35.99078,-86.75109,True,Crashes_2010_2019_MPO
101764117,2017-09-17,2017,,94.0,,,0,0,N,0.0,0.0,0.0,,,,,,,,35.94978,-86.81329,False,Crashes_2010_2019_MPO
100703341,2014-12-05,2014,,94.0,,,0,0,N,0.0,0.0,0.0,,,,,,,,35.94559,-86.80541,False,Crashes_2010_2019_MPO
100822179,2015-04-22,2015,,94.0,,,0,0,N,0.0,0.0,0.0,,,,,,,,35.95649,-86.76388,True,Crashes_2010_2019_MPO
101268546,2016-06-19,2016,,94.0,,,0,0,N,0.0,0.0,0.0,,,,,,,,35.98415,-86.72436,True,Crashes_2010_2019_MPO
102279431,2019-01-16,2019,,94.0,,,0,0,N,0.0,0.0,0.0,,,,,,,,35.94259,-86.81579,False,Crashes_2010_2019_MPO
101497941,2017-01-06,2017,,19.0,,,0,0,N,0.0,0.0,0.0,,,,,,,,36.03931,-86.72033,False,Crashes_2010_2019_MPO
101628177,2017-04-28,2017,,19.0,,,0,0,N,0.0,0.0,0.0,,,,,,,,36.02505,-86.79334,True,Crashes_2010_2019_MPO
101233022,2016-05-26,2016,,94.0,,,0,0,N,0.0,0.0,0.0,,,,,,,,35.95061,-86.81878,False,Crashes_2010_2019_MPO
100260647,2012-12-02,2012,,94.0,,,0,0,N,0.0,0.0,0.0,,,,,,,,35.99004,-86.74527,True,Crashes_2010_2019_MPO
100707080,2014-12-15,2014,,94.0,,,0,0,N,0.0,0.0,0.0,,,,,,,,35.94677,-86.85185,False,Crashes_2010_2019_MPO
101636675,2017-05-06,2017,,94.0,,,0,0,N,0.0,0.0,0.0,,,,,,,,35.96681,-86.81119,True,Crashes_2010_2019_MPO
100850947,2015-05-27,2015,,94.0,,,0,0,N,0.0,0.0,0.0,,,,,,,,35.92621,-86.87287,False,Crashes_2010_2019_MPO
100682134,2014-11-17,2014,,94.0,,,0,0,N,0.0,0.0,0.0,,,,,,,,36.01714,-86.78616,True,Crashes_2010_2019_MPO
102446155,2019-07-13,2019,,19.0,,,0,0,N,0.0,0.0,0.0,,,,,,,,36.00715,-86.70067,False,Crashes_2010_2019_MPO
100423680,2013-12-24,2013,,94.0,,,0,0,N,0.0,0.0,0.0,,,,,,,,35.95207,-86.81821,False,Crashes_2010_2019_MPO
100921886,2015-08-12,2015,,94.0,,,0,0,N,0.0,0.0,0.0,,,,,,,,36.01892,-86.78234,True,Crashes_2010_2019_MPO
101952079,2018-03-21,2018,,94.0,,,0,0,N,0.0,0.0,0.0,,,,,,,,36.03674,-86.81485,True,Crashes_2010_2019_MPO
102371303,2019-04-22,2019,,94.0,,,0,0,N,0.0,0.0,0.0,,,,,,,,35.92698,-86.82123,False,Crashes_2010_2019_MPO
102072920,2018-07-10,2018,,94.0,,,0,0,N,0.0,0.0,0.0,,,,,,,,35.97379,-86.80496,True,Crashes_2010_2019_MPO
102412609,2019-06-07,2019,,94.0,,,0,0,N,0.0,0.0,0.0,,,,,,,,35.95526,-86.82588,False,Crashes_2010_2019_MPO
101900921,2018-01-29,2018,,19.0,,,0,0,N,0.0,0.0,0.0,,,,,,,,36.05366,-86.71502,False,Crashes_2010_2019_MPO
101389657,2016-09-25,2016,,94.0,,,0,0,N,0.0,0.0,0.0,,,,,,,,36.00856,-86.78663,True,Crashes_2010_2019_MPO
101005769,2015-11-05,2015,,19.0,,,0,0,N,0.0,0.0,0.0,,,,,,,,36.04535,-86.71345,False,Crashes_2010_2019_MPO
102001959,2018-05-06,2018,,94.0,,,0,0,N,0.0,0.0,0.0,,,,,,,,35.99781,-86.79886,True,Crashes_2010_2019_MPO
101536386,2017-01-27,2017,,94.0,,,0,0,N,0.0,0.0,0.0,,,,,,,,36.0332,-86.79955,True,Crashes_2010_2019_MPO
101011827,2015-11-18,2015,,94.0,,,0,0,N,0.0,0.0,0.0,,,,,,,,35.93079,-86.82016,False,Crashes_2010_2019_MPO
100457713,2014-02-26,2014,,94.0,,,0,0,N,0.0,0.0,0.0,,,,,,,,35.94531,-86.82307,False,Crashes_2010_2019_MPO
100835139,2015-05-15,2015,,94.0,,,0,0,N,0.0,0.0,0.0,,,,,,,,35.96174,-86.80177,True,Crashes_2010_2019_MPO
102093570,2018-07-31,2018,,94.0,,,0,0,N,0.0,0.0,0.0,,,,,,,,36.01286,-86.80081,True,Crashes_2010_2019_MPO
102335310,2019-03-19,2019,,19.0,,,0,0,N,0.0,0.0,0.0,,,,,,,,36.04519,-86.7154,False,Crashes_2010_2019_MPO
101925612,2018-02-24,2018,,94.0,,,0,0,N,0.0,0.0,0.0,,,,,,,,35.93944,-86.81689,False,Crashes_2010_2019_MPO
101538727,2017-01-29,2017,,94.0,,,0,0,N,0.0,0.0,0.0,,,,,,,,36.03345,-86.78133,True,Crashes_2010_2019_MPO
102159069,2018-09-26,2018,,94.0,,,0,0,N,0.0,0.0,0.0,,,,,,,,35.99229,-86.82836,True,Crashes_2010_2019_MPO
101795450,2017-10-17,2017,,19.0,,,0,0,N,0.0,0.0,0.0,,,,,,,,36.04655,-86.67806,False,Crashes_2010_2019_MPO
100318693,2013-04-20,2013,,94.0,,,0,0,N,0.0,0.0,0.0,,,,,,,,35.94068,-86.83938,False,Crashes_2010_2019_MPO
101880574,2018-01-06,2018,,94.0,,,0,0,Y,0.0,0.0,1.0,,,,,,,,36.00268,-86.79268,True,Crashes_2010_2019_MPO
101547022,2017-02-07,2017,,19.0,,,0,0,N,0.0,0.0,0.0,,,,,,,,36.04545,-86.71236,False,Crashes_2010_2019_MPO
100419043,2013-12-13,2013,,94.0,,,0,0,Y,0.0,0.0,1.0,,,,,,,,35.93849,-86.87915,False,Crashes_2010_2019_MPO
100735151,2015-02-10,2015,,94.0,,,0,0,N,0.0,0.0,0.0,,,,,,,,35.95184,-86.74151,True,Crashes_2010_2019_MPO
101666377,2017-05-31,2017,,94.0,,,0,0,N,0.0,0.0,0.0,,,,,,,,35.965225,-86.803172,True,Crashes_2010_2019_MPO
100265354,2012-12-08,2012,,94.0,,,0,0,N,0.0,0.0,0.0,,,,,,,,35.97332,-86.83308,True,Crashes_2010_2019_MPO
101388722,2016-09-24,2016,,94.0,,,0,0,N,0.0,0.0,0.0,,,,,,,,35.99734,-86.79486,True,Crashes_2010_2019_MPO
100571639,2014-07-11,2014,,94.0,,,0,0,N,0.0,0.0,0.0,,,,,,,,35.93719,-86.69944,False,Crashes_2010_2019_MPO
102534012,2019-10-10,2019,,94.0,,,0,0,N,0.0,0.0,0.0,,,,,,,,35.92914,-86.75159,False,Crashes_2010_2019_MPO
102389704,2019-05-14,2019,,94.0,,,0,0,N,0.0,0.0,0.0,,,,,,,,35.95447,-86.81242,False,Crashes_2010_2019_MPO
100323084,2013-04-30,2013,,94.0,,,0,0,N,0.0,0.0,0.0,,,,,,,,35.96593,-86.80398,True,Crashes_2010_2019_MPO
101804805,2017-10-26,2017,,19.0,,,0,0,N,0.0,0.0,0.0,,,,,,,,36.05145,-86.70271,False,Crashes_2010_2019_MPO
101048372,2015-12-11,2015,,94.0,,,0,0,N,0.0,0.0,0.0,,,,,,,,35.97051,-86.72577,True,Crashes_2010_2019_MPO
102018375,2018-05-22,2018,,19.0,,,0,0,N,0.0,0.0,0.0,,,,,,,,36.03674,-86.78679,False,Crashes_2010_2019_MPO
102377598,2019-05-02,2019,,94.0,,,0,0,N,0.0,0.0,0.0,,,,,,,,35.94846,-86.8384,False,Crashes_2010_2019_MPO
101669132,2017-06-09,2017,,19.0,,,0,0,N,0.0,0.0,0.0,,,,,,,,36.04161,-86.74925,False,Crashes_2010_2019_MPO
102259953,2018-12-28,2018,,19.0,,,0,0,N,0.0,0.0,0.0,,,,,,,,36.03687,-86.78268,False,Crashes_2010_2019_MPO
101230894,2016-05-23,2016,,94.0,,,0,0,N,0.0,0.0,0.0,,,,,,,,35.93593,-86.82372,False,Crashes_2010_2019_MPO
102089454,2018-07-27,2018,,94.0,,,0,0,N,0.0,0.0,0.0,,,,,,,,35.97149,-86.85971,False,Crashes_2010_2019_MPO
101607730,2017-04-08,2017,,94.0,,,0,0,N,0.0,0.0,0.0,,,,,,,,35.94778,-86.81994,False,Crashes_2010_2019_MPO
101733041,2017-08-17,2017,,19.0,,,0,0,N,0.0,0.0,0.0,,,,,,,,36.03237,-86.76673,False,Crashes_2010_2019_MPO
101105738,2016-02-08,2016,,94.0,,,0,0,N,0.0,0.0,0.0,,,,,,,,35.99945,-86.79589,True,Crashes_2010_2019_MPO
100945948,2015-09-06,2015,,19.0,,,0,0,N,0.0,0.0,0.0,,,,,,,,36.04708,-86.71347,False,Crashes_2010_2019_MPO
102165554,2018-10-03,2018,,19.0,,,0,0,N,0.0,0.0,0.0,,,,,,,,36.03934,-86.78566,False,Crashes_2010_2019_MPO
102107074,2018-08-11,2018,,19.0,,,0,0,N,0.0,0.0,0.0,,,,,,,,36.05191,-86.68789,False,Crashes_2010_2019_MPO
100833288,2015-05-13,2015,,19.0,,,0,0,N,0.0,0.0,0.0,,,,,,,,36.03467,-86.71317,False,Crashes_2010_2019_MPO
102478414,2019-08-15,2019,,19.0,,,0,0,N,0.0,0.0,0.0,,,,,,,,36.04084,-86.77347,False,Crashes_2010_2019_MPO
102525268,2019-09-28,2019,,94.0,,,0,0,N,0.0,0.0,0.0,,,,,,,,35.95004,-86.84915,False,Crashes_2010_2019_MPO
102229563,2018-11-30,2018,,94.0,,,0,0,N,0.0,0.0,0.0,,,,,,,,35.94429,-86.81993,False,Crashes_2010_2019_MPO
101435231,2016-11-09,2016,,19.0,,,0,0,N,0.0,0.0,0.0,,,,,,,,36.03846,-86.78265,False,Crashes_2010_2019_MPO
101744066,2017-08-28,2017,,94.0,,,0,0,N,0.0,0.0,0.0,,,,,,,,35.99723,-86.79488,True,Crashes_2010_2019_MPO
100732620,2015-02-05,2015,,19.0,,,0,0,N,0.0,0.0,0.0,,,,,,,,36.0452,-86.69991,False,Crashes_2010_2019_MPO
100586688,2014-07-22,2014,,94.0,,,0,0,N,0.0,0.0,0.0,,,,,,,,35.92947,-86.84135,False,Crashes_2010_2019_MPO
102605509,2019-12-23,2019,,19.0,,,0,0,N,0.0,0.0,0.0,,,,,,,,36.03216,-86.75853,False,Crashes_2010_2019_MPO
101784581,2017-10-07,2017,,19.0,,,0,0,N,0.0,0.0,0.0,,,,,,,,36.0485,-86.72451,False,Crashes_2010_2019_MPO
101775215,2017-09-27,2017,,94.0,,,0,0,N,0.0,0.0,0.0,,,,,,,,35.9516,-86.8479,False,Crashes_2010_2019_MPO
102549907,2019-10-26,2019,,94.0,,,0,0,N,0.0,0.0,0.0,,,,,,,,36.01381,-86.8047,True,Crashes_2010_2019_MPO
100168106,2012-04-11,2012,,94.0,,,0,0,N,0.0,0.0,0.0,,,,,,,,35.94991,-86.75937,True,Crashes_2010_2019_MPO
101568603,2017-02-28,2017,,94.0,,,0,0,N,0.0,0.0,0.0,,,,,,,,36.01803,-86.77029,True,Crashes_2010_2019_MPO
101366105,2016-09-21,2016,,19.0,,,0,0,N,0.0,0.0,0.0,,,,,,,,36.03948,-86.78177,False,Crashes_2010_2019_MPO
101159187,2016-04-07,2016,,19.0,,,0,0,N,0.0,0.0,0.0,,,,,,,,36.03185,-86.76085,False,Crashes_2010_2019_MPO
100331026,2013-05-19,2013,,94.0,,,0,0,N,0.0,0.0,0.0,,,,,,,,35.93126,-86.87663,False,Crashes_2010_2019_MPO
100876403,2015-06-25,2015,,94.0,,,0,0,N,0.0,0.0,0.0,,,,,,,,35.94349,-86.8203,False,Crashes_2010_2019_MPO
101098873,2016-02-02,2016,,94.0,,,0,0,N,0.0,0.0,0.0,,,,,,,,35.96312,-86.81899,True,Crashes_2010_2019_MPO
100619593,2014-09-16,2014,,94.0,,,0,0,N,0.0,0.0,0.0,,,,,,,,36.03322,-86.78532,True,Crashes_2010_2019_MPO
102247840,2018-12-15,2018,,19.0,,,0,0,N,0.0,0.0,0.0,,,,,,,,36.04771,-86.8642,False,Crashes_2010_2019_MPO
101841072,2017-11-28,2017,,94.0,,,0,0,N,0.0,0.0,0.0,,,,,,,,35.92248,-86.82272,False,Crashes_2010_2019_MPO
101834564,2017-11-22,2017,,19.0,,,0,0,N,0.0,0.0,0.0,,,,,,,,35.99602,-86.68866,False,Crashes_2010_2019_MPO
101042922,2015-12-04,2015,,19.0,,,0,0,N,0.0,0.0,0.0,,,,,,,,36.04081,-86.77954,False,Crashes_2010_2019_MPO
101357283,2016-09-09,2016,,19.0,,,0,0,N,0.0,0.0,0.0,,,,,,,,36.0454,-86.71287,False,Crashes_2010_2019_MPO
101036308,2015-11-20,2015,,19.0,,,0,0,N,0.0,0.0,0.0,,,,,,,,36.04245,-86.71294,False,Crashes_2010_2019_MPO
100330110,2013-05-17,2013,,94.0,,,0,0,N,0.0,0.0,0.0,,,,,,,,35.92943,-86.84103,False,Crashes_2010_2019_MPO
100701092,2014-12-04,2014,,19.0,,,0,0,N,0.0,0.0,0.0,,,,,,,,36.04531,-86.70166,False,Crashes_2010_2019_MPO
100965510,2015-09-22,2015,,94.0,,,0,0,N,0.0,0.0,0.0,,,,,,,,36.03758,-86.80108,True,Crashes_2010_2019_MPO
101866681,2017-12-19,2017,,94.0,,,0,0,Y,0.0,0.0,1.0,,,,,,,,36.0183,-86.78222,True,Crashes_2010_2019_MPO
102587314,2019-12-03,2019,,94.0,,,0,0,N,0.0,0.0,0.0,,,,,,,,35.99176,-86.7547,True,Crashes_2010_2019_MPO
101098371,2016-02-02,2016,,19.0,,,0,0,N,0.0,0.0,0.0,,,,,,,,36.00907,-86.68387,False,Crashes_2010_2019_MPO
101938060,2018-03-09,2018,,19.0,,,0,0,N,0.0,0.0,0.0,,,,,,,,36.04736,-86.86294,False,Crashes_2010_2019_MPO
100371546,2013-08-26,2013,,94.0,,,0,0,N,0.0,0.0,0.0,,,,,,,,35.99642,-86.78789,True,Crashes_2010_2019_MPO
101272991,2016-06-25,2016,,94.0,,,0,0,N,0.0,0.0,0.0,,,,,,,,35.97334,-86.83305,True,Crashes_2010_2019_MPO
100922321,2015-08-13,2015,,19.0,,,0,0,Y,0.0,0.0,1.0,,,,,,,,36.03972,-86.75984,False,Crashes_2010_2019_MPO
101554300,2017-02-14,2017,,19.0,,,0,0,N,0.0,0.0,0.0,,,,,,,,36.03739,-86.78671,False,Crashes_2010_2019_MPO
102445424,2019-07-12,2019,,94.0,,,0,0,N,0.0,0.0,0.0,,,,,,,,35.94437,-86.81517,False,Crashes_2010_2019_MPO
102329244,2019-03-13,2019,,94.0,,,0,0,N,0.0,0.0,0.0,,,,,,,,36.03221,-86.78935,True,Crashes_2010_2019_MPO
101623190,2017-04-23,2017,,94.0,,,0,0,N,0.0,0.0,0.0,,,,,,,,36.03336,-86.78872,True,Crashes_2010_2019_MPO
101674244,2017-06-15,2017,,94.0,,,0,0,N,0.0,0.0,0.0,,,,,,,,35.93207,-86.86168,False,Crashes_2010_2019_MPO
101429920,2016-11-03,2016,,94.0,,,0,0,N,0.0,0.0,0.0,,,,,,,,35.96199,-86.81523,False,Crashes_2010_2019_MPO
102070008,2018-07-10,2018,,19.0,,,0,0,N,0.0,0.0,0.0,,,,,,,,36.03455,-86.80281,True,Crashes_2010_2019_MPO
101504746,2017-01-14,2017,,94.0,,,0,0,N,0.0,0.0,0.0,,,,,,,,35.98111,-86.84624,False,Crashes_2010_2019_MPO
101063571,2015-12-20,2015,,94.0,,,0,0,N,0.0,0.0,0.0,,,,,,,,35.92819,-86.83094,False,Crashes_2010_2019_MPO
101631293,2017-05-01,2017,,94.0,,,0,0,N,0.0,0.0,0.0,,,,,,,,35.99783,-86.80997,True,Crashes_2010_2019_MPO