mstrrecnbr,collision_ts,year,county,countystat,crash,crash_type,fatalities,non_motorists,commercial,fatal_c,nonmotor_c,truck_c,fatalc,serious_injuries,ped,bike,lighting,weather,first_harmful_event,latitude,longitude,in_city,src_layer
101802192,2017-10-24,2017,,19.0,,,0,0,N,0.0,0.0,0.0,,,,,,,,36.05047,-86.87646,False,Crashes_2010_2019_MPO
102597235,2019-12-14,2019,,19.0,,,0,0,N,0.0,0.0,0.0,,,,,,,,36.04341,-86.71974,False,Crashes_2010_2019_MPO
101150208,2016-03-24,2016,,94.0,,,0,0,N,0.0,0.0,0.0,,,,,,,,35.93306,-86.81184,False,Crashes_2010_2019_MPO
100351945,2013-07-08,2013,,94.0,,,0,0,N,0.0,0.0,0.0,,,,,,,,36.03123,-86.78819,True,Crashes_2010_2019_MPO
101502635,2017-01-06,2017,,19.0,,,0,0,N,0.0,0.0,0.0,,,,,,,,35.99127,-86.6819,False,Crashes_2010_2019_MPO
100367538,2013-08-16,2013,,94.0,,,0,0,N,0.0,0.0,0.0,,,,,,,,35.98573,-86.68898,True,Crashes_2010_2019_MPO
102528523,2019-10-03,2019,,19.0,,,0,0,N,0.0,0.0,0.0,,,,,,,,36.04818,-86.7136,False,Crashes_2010_2019_MPO
101988282,2018-04-24,2018,,94.0,,,0,0,N,0.0,0.0,0.0,,,,,,,,35.93306,-86.81184,False,Crashes_2010_2019_MPO
101980108,2018-04-17,2018,,94.0,,,0,0,N,0.0,0.0,0.0,,,,,,,,36.0072,-86.7875,True,Crashes_2010_2019_MPO
102110719,2018-08-06,2018,,19.0,,,0,0,N,0.0,0.0,0.0,,,,,,,,36.02561,-86.78512,True,Crashes_2010_2019_MPO
101365237,2016-09-17,2016,,19.0,,,0,0,N,0.0,0.0,0.0,,,,,,,,36.04529,-86.71406,False,Crashes_2010_2019_MPO
101856932,2017-12-13,2017,,94.0,,,0,0,N,0.0,0.0,0.0,,,,,,,,35.94926,-86.75272,True,Crashes_2010_2019_MPO
102054977,2018-06-26,2018,,19.0,,,0,0,N,0.0,0.0,0.0,,,,,,,,36.01439,-86.705,False,Crashes_2010_2019_MPO
100370959,2013-08-24,2013,,94.0,,,0,0,N,0.0,0.0,0.0,,,,,,,,35.95826,-86.80208,False,Crashes_2010_2019_MPO
101498690,2017-01-01,2017,,94.0,,,0,0,N,0.0,0.0,0.0,,,,,,,,35.96988,-86.72475,True,Crashes_2010_2019_MPO
100308338,2013-03-17,2013,,94.0,,,0,0,N,0.0,0.0,0.0,,,,,,,,35.94691,-86.85174,False,Crashes_2010_2019_MPO
101867051,2017-12-20,2017,,94.0,,,0,0,N,0.0,0.0,0.0,,,,,,,,35.96116,-86.76562,True,Crashes_2010_2019_MPO
101331852,2016-08-19,2016,,19.0,,,0,0,N,0.0,0.0,0.0,,,,,,,,36.04045,-86.76983,False,Crashes_2010_2019_MPO
101356509,2016-09-08,2016,,94.0,,,0,0,N,0.0,0.0,0.0,,,,,,,,36.01179,-86.81789,True,Crashes_2010_2019_MPO
101156085,2016-04-02,2016,,94.0,,,0,0,N,0.0,0.0,0.0,,,,,,,,35.98439,-86.72434,True,Crashes_2010_2019_MPO
100914208,2015-07-29,2015,,94.0,,,0,0,N,0.0,0.0,0.0,,,,,,,,35.95333,-86.80445,False,Crashes_2010_2019_MPO
100382554,2013-09-23,2013,,94.0,,,0,0,N,0.0,0.0,0.0,,,,,,,,35.9518,-86.832,False,Crashes_2010_2019_MPO
102194039,2018-10-29,2018,,19.0,,,0,0,N,0.0,0.0,0.0,,,,,,,,36.04856,-86.70401,False,Crashes_2010_2019_MPO
100806902,2015-04-13,2015,,19.0,,,0,0,N,0.0,0.0,0.0,,,,,,,,36.04236,-86.83739,False,Crashes_2010_2019_MPO
101798869,2017-10-20,2017,,19.0,,,0,0,N,0.0,0.0,0.0,,,,,,,,36.04523,-86.71675,False,Crashes_2010_2019_MPO
100339572,2013-06-09,2013,,94.0,,,0,0,N,0.0,0.0,0.0,,,,,,,,35.94489,-86.82843,False,Crashes_2010_2019_MPO
102494548,2019-08-31,2019,,19.0,,,0,0,N,0.0,0.0,0.0,,,,,,,,35.99758,-86.69087,False,Crashes_2010_2019_MPO
102425269,2019-06-21,2019,,19.0,,,0,0,N,0.0,0.0,0.0,,,,,,,,36.04012,-86.78074,False,Crashes_2010_2019_MPO
101725635,2017-08-09,2017,,19.0,,,0,0,N,0.0,0.0,0.0,,,,,,,,36.0412,-86.72667,False,Crashes_2010_2019_MPO
102257031,2018-12-25,2018,,19.0,,,0,0,N,0.0,0.0,0.0,,,,,,,,36.05148,-86.77561,False,Crashes_2010_2019_MPO
100827492,2015-05-02,2015,,94.0,,,0,0,N,0.0,0.0,0.0,,,,,,,,35.93407,-86.8191,False,Crashes_2010_2019_MPO
100718346,2015-01-06,2015,,94.0,,,0,0,Y,0.0,0.0,1.0,,,,,,,,35.93111,-86.85106,False,Crashes_2010_2019_MPO
101000231,2015-10-30,2015,,94.0,,,0,0,N,0.0,0.0,0.0,,,,,,,,35.92641,-86.82453,False,Crashes_2010_2019_MPO
101831500,2017-11-16,2017,,94.0,,,0,0,N,0.0,0.0,0.0,,,,,,,,35.96542,-86.80049,True,Crashes_2010_2019_MPO
100979463,2015-10-15,2015,,19.0,,,0,0,N,0.0,0.0,0.0,,,,,,,,36.0374,-86.78657,False,Crashes_2010_2019_MPO
101119784,2016-02-20,2016,,94.0,,,0,0,N,0.0,0.0,0.0,,,,,,,,35.94904,-86.81961,False,Crashes_2010_2019_MPO
100964250,2015-09-18,2015,,19.0,,,0,0,N,0.0,0.0,0.0,,,,,,,,36.04603,-86.71334,False,Crashes_2010_2019_MPO
101677101,2017-06-18,2017,,19.0,,,0,0,N,0.0,0.0,0.0,,,,,,,,36.0417,-86.74862,False,Crashes_2010_2019_MPO
102599933,2019-12-17,2019,,94.0,,,0,0,N,0.0,0.0,0.0,,,,,,,,35.92975,-86.82025,False,Crashes_2010_2019_MPO
100722662,2015-01-15,2015,,94.0,,,0,0,N,0.0,0.0,0.0,,,,,,,,36.03325,-86.7818,True,Crashes_2010_2019_MPO
102469745,2019-08-06,2019,,94.0,,,0,0,N,0.0,0.0,0.0,,,,,,,,35.9584,-86.80226,False,Crashes_2010_2019_MPO
101459294,2016-11-23,2016,,94.0,,,0,0,N,0.0,0.0,0.0,,,,,,,,35.93447,-86.87802,False,Crashes_2010_2019_MPO
100724773,2015-01-20,2015,,94.0,,,0,0,N,0.0,0.0,0.0,,,,,,,,35.94038,-86.83912,False,Crashes_2010_2019_MPO
100397101,2013-10-28,2013,,94.0,,,0,0,N,0.0,0.0,0.0,,,,,,,,35.97102,-86.72644,True,Crashes_2010_2019_MPO
102204777,2018-11-08,2018,,19.0,,,0,0,N,0.0,0.0,0.0,,,,,,,,36.03757,-86.78529,False,Crashes_2010_2019_MPO
101543950,2017-02-03,2017,,94.0,,,0,0,N,0.0,0.0,0.0,,,,,,,,36.0244,-86.87704,False,Crashes_2010_2019_MPO
101852902,2017-12-07,2017,,94.0,,,0,0,N,0.0,0.0,0.0,,,,,,,,35.92745,-86.74152,False,Crashes_2010_2019_MPO
101769181,2017-09-22,2017,,94.0,,,0,0,N,0.0,0.0,0.0,,,,,,,,35.94557,-86.81499,False,Crashes_2010_2019_MPO
102274146,2019-01-11,2019,,19.0,,,0,0,N,0.0,0.0,0.0,,,,,,,,36.04114,-86.77621,False,Crashes_2010_2019_MPO
102521088,2019-09-26,2019,,19.0,,,0,0,N,0.0,0.0,0.0,,,,,,,,36.0453,-86.7174,False,Crashes_2010_2019_MPO
101756352,2017-09-09,2017,,19.0,,,0,0,N,0.0,0.0,0.0,,,,,,,,36.0415,-86.74964,False,Crashes_2010_2019_MPO
102410277,2019-06-05,2019,,94.0,,,0,0,N,0.0,0.0,0.0,,,,,,,,35.99709,-86.794546,True,Crashes_2010_2019_MPO
100585965,2014-07-21,2014,,94.0,,,0,0,N,0.0,0.0,0.0,,,,,,,,35.96175,-86.81404,False,Crashes_2010_2019_MPO
101761174,2017-09-14,2017,,94.0,,,0,0,N,0.0,0.0,0.0,,,,,,,,35.95957,-86.81595,False,Crashes_2010_2019_MPO
100970079,2015-09-30,2015,,94.0,,,0,0,N,0.0,0.0,0.0,,,,,,,,35.96432,-86.78718,True,Crashes_2010_2019_MPO
102589767,2019-12-06,2019,,94.0,,,0,0,N,0.0,0.0,0.0,,,,,,,,35.98464,-86.6978,True,Crashes_2010_2019_MPO
100738479,2015-02-17,2015,,19.0,,,0,0,N,0.0,0.0,0.0,,,,,,,,36.05222,-86.77558,False,Crashes_2010_2019_MPO
101011594,2015-11-18,2015,,19.0,,,0,0,N,0.0,0.0,0.0,,,,,,,,36.04001,-86.74345,False,Crashes_2010_2019_MPO
101073056,2016-01-06,2016,,94.0,,,0,0,N,0.0,0.0,0.0,,,,,,,,35.94276,-86.85498,False,Crashes_2010_2019_MPO
101796235,2017-10-18,2017,,19.0,,,0,0,N,0.0,0.0,0.0,,,,,,,,36.03914,-86.74342,False,Crashes_2010_2019_MPO
102291512,2019-01-29,2019,,94.0,,,0,0,N,0.0,0.0,0.0,,,,,,,,35.92387,-86.87861,False,Crashes_2010_2019_MPO
102355272,2019-04-09,2019,,94.0,,,0,0,N,0.0,0.0,0.0,,,,,,,,35.93001,-86.82016,False,Crashes_2010_2019_MPO
100030464,2011-01-25,2011,,94.0,,,0,0,N,0.0,0.0,0.0,,,,,,,,35.93859,-86.82034,False,Crashes_2010_2019_MPO
102187562,2018-10-24,2018,,94.0,,,0,0,N,0.0,0.0,0.0,,,,,,,,35.99922,-86.80923,True,Crashes_2010_2019_MPO
102326553,2019-03-10,2019,,94.0,,,0,0,N,0.0,0.0,0.0,,,,,,,,35.95349,-86.81228,False,Crashes_2010_2019_MPO
101651513,2017-05-22,2017,,94.0,,,0,0,N,0.0,0.0,0.0,,,,,,,,35.93218,-86.79403,False,Crashes_2010_2019_MPO
102578809,2019-11-25,2019,,94.0,,,0,0,N,0.0,0.0,0.0,,,,,,,,35.96507,-86.81617,True,Crashes_2010_2019_MPO
102421721,2019-06-17,2019,,19.0,,,0,0,N,0.0,0.0,0.0,,,,,,,,36.05291,-86.68851,False,Crashes_2010_2019_MPO
100938225,2015-08-23,2015,,19.0,,,0,0,N,0.0,0.0,0.0,,,,,,,,36.0422,-86.70021,False,Crashes_2010_2019_MPO
102403845,2019-05-29,2019,,94.0,,,0,0,N,0.0,0.0,0.0,,,,,,,,35.965857,-86.805884,True,Crashes_2010_2019_MPO
101855123,2017-12-11,2017,,94.0,,,0,0,N,0.0,0.0,0.0,,,,,,,,35.93115,-86.82411,False,Crashes_2010_2019_MPO
102550116,2019-10-26,2019,,19.0,,,0,0,N,0.0,0.0,0.0,,,,,,,,36.05194,-86.81618,False,Crashes_2010_2019_MPO
100337838,2013-06-04,2013,,94.0,,,0,0,N,0.0,0.0,0.0,,,,,,,,35.98722,-86.80056,True,Crashes_2010_2019_MPO
100939348,2015-08-25,2015,,19.0,,,0,0,N,0.0,0.0,0.0,,,,,,,,36.02112,-86.70578,False,Crashes_2010_2019_MPO
100912891,2015-07-22,2015,,94.0,,,0,0,N,0.0,0.0,0.0,,,,,,,,35.95295,-86.81791,False,Crashes_2010_2019_MPO
100827128,2015-05-01,2015,,94.0,,,0,0,N,0.0,0.0,0.0,,,,,,,,35.96018,-86.80227,False,Crashes_2010_2019_MPO
101794219,2017-10-16,2017,,19.0,,,0,0,N,0.0,0.0,0.0,,,,,,,,36.04026,-86.8164,False,Crashes_2010_2019_MPO
101583097,2017-03-10,2017,,94.0,,,0,0,N,0.0,0.0,0.0,,,,,,,,35.94176,-86.82702,False,Crashes_2010_2019_MPO
101187186,2016-05-03,2016,,94.0,,,0,0,N,0.0,0.0,0.0,,,,,,,,36.00692,-86.87341,False,Crashes_2010_2019_MPO
101881355,2018-01-08,2018,,94.0,,,0,0,N,0.0,0.0,0.0,,,,,,,,36.01308,-86.80129,True,Crashes_2010_2019_MPO
100703175,2014-12-07,2014,,94.0,,,0,0,N,0.0,0.0,0.0,,,,,,,,35.92555,-86.78428,False,Crashes_2010_2019_MPO
101918045,2018-02-16,2018,,19.0,,,0,0,N,0.0,0.0,0.0,,,,,,,,36.03905,-86.78249,False,Crashes_2010_2019_MPO
100663003,2014-11-01,2014,,19.0,,,0,0,N,0.0,0.0,0.0,,,,,,,,36.03964,-86.78172,False,Crashes_2010_2019_MPO
100340051,2013-06-10,2013,,94.0,,,0,0,N,0.0,0.0,0.0,,,,,,,,35.94069,-86.8316,False,Crashes_2010_2019_MPO
100716199,2015-01-02,2015,,19.0,,,0,0,N,0.0,0.0,0.0,,,,,,,,36.04122,-86.77619,False,Crashes_2010_2019_MPO
101147864,2016-03-18,2016,,94.0,,,0,0,N,0.0,0.0,0.0,,,,,,,,35.95123,-86.84822,False,Crashes_2010_2019_MPO
100922310,2015-08-13,2015,,94.0,,,0,0,N,0.0,0.0,0.0,,,,,,,,35.99621,-86.78601,True,Crashes_2010_2019_MPO
100401484,2013-11-06,2013,,94.0,,,0,0,N,0.0,0.0,0.0,,,,,,,,35.96146,-86.80178,True,Crashes_2010_2019_MPO
100767767,2015-03-06,2015,,19.0,,,0,0,Y,0.0,0.0,1.0,,,,,,,,36.03563,-86.71331,False,Crashes_2010_2019_MPO
100995390,2015-10-24,2015,,94.0,,,0,0,N,0.0,0.0,0.0,,,,,,,,35.94749,-86.82017,False,Crashes_2010_2019_MPO
100678861,2014-11-11,2014,,94.0,,,0,0,N,0.0,0.0,0.0,,,,,,,,35.96075,-86.82971,False,Crashes_2010_2019_MPO
101506541,2017-01-16,2017,,19.0,,,0,0,N,0.0,0.0,0.0,,,,,,,,36.04382,-86.71309,False,Crashes_2010_2019_MPO
100169227,2012-04-14,2012,,94.0,,,0,0,N,0.0,0.0,0.0,,,,,,,,36.008,-86.72023,True,Crashes_2010_2019_MPO
102196986,2018-11-01,2018,,94.0,,,0,0,N,0.0,0.0,0.0,,,,,,,,35.96312,-86.81897,True,Crashes_2010_2019_MPO
101152057,2016-03-27,2016,,19.0,,,0,0,N,0.0,0.0,0.0,,,,,,,,36.04729,-86.70924,False,Crashes_2010_2019_MPO
100171253,2012-04-20,2012,,94.0,,,0,0,N,0.0,0.0,0.0,,,,,,,,36.00954,-86.847,True,Crashes_2010_2019_MPO
101794823,2017-10-17,2017,,19.0,,,0,0,N,0.0,0.0,0.0,,,,,,,,36.05399,-86.77549,False,Crashes_2010_2019_MPO
100356747,2013-07-20,2013,,94.0,,,0,0,N,0.0,0.0,0.0,,,,,,,,35.94759,-86.81109,False,Crashes_2010_2019_MPO
101848793,2017-12-05,2017,,94.0,,,0,0,N,0.0,0.0,0.0,,,,,,,,36.0328,-86.7836,True,Crashes_2010_2019_MPO
100481180,2014-04-01,2014,,94.0,,,0,0,N,0.0,0.0,0.0,,,,,,,,35.95864,-86.80445,False,Crashes_2010_2019_MPO
101038742,2015-11-28,2015,,94.0,,,0,0,N,0.0,0.0,0.0,,,,,,,,35.93473,-86.77751,False,Crashes_2010_2019_MPO
101969530,2018-04-06,2018,,94.0,,,0,0,N,0.0,0.0,0.0,,,,,,,,35.9407,-86.8316,False,Crashes_2010_2019_MPO
101892307,2018-01-20,2018,,94.0,,,0,0,N,0.0,0.0,0.0,,,,,,,,35.96602,-86.77897,True,Crashes_2010_2019_MPO
102448333,2019-07-13,2019,,94.0,,,0,0,N,0.0,0.0,0.0,,,,,,,,35.94782,-86.81975,False,Crashes_2010_2019_MPO
102597342,2019-12-13,2019,,94.0,,,0,0,N,0.0,0.0,0.0,,,,,,,,35.99359,-86.79811,True,Crashes_2010_2019_MPO
102106493,2018-08-11,2018,,94.0,,,0,0,N,0.0,0.0,0.0,,,,,,,,35.9886,-86.68138,False,Crashes_2010_2019_MPO
101208240,2016-05-19,2016,,19.0,,,0,0,N,0.0,0.0,0.0,,,,,,,,36.04137,-86.77976,False,Crashes_2010_2019_MPO
102582577,2019-11-27,2019,,94.0,,,0,0,N,0.0,0.0,0.0,,,,,,,,35.97716,-86.67813,False,Crashes_2010_2019_MPO
102577378,2019-11-23,2019,,94.0,,,0,0,N,0.0,0.0,0.0,,,,,,,,35.97878,-86.75282,True,Crashes_2010_2019_MPO
100420168,2013-12-16,2013,,94.0,,,0,0,N,0.0,0.0,0.0,,,,,,,,35.9612,-86.80179,True,Crashes_2010_2019_MPO
102019257,2018-05-10,2018,,19.0,,,0,0,N,0.0,0.0,0.0,,,,,,,,36.04161,-86.74925,False,Crashes_2010_2019_MPO
102542036,2019-10-18,2019,,19.0,,,0,0,N,0.0,0.0,0.0,,,,,,,,36.0464,-86.7124,False,Crashes_2010_2019_MPO
101035038,2015-11-23,2015,,19.0,,,0,0,N,0.0,0.0,0.0,,,,,,,,36.04922,-86.71376,False,Crashes_2010_2019_MPO
100936461,2015-08-20,2015,,19.0,,,0,0,N,0.0,0.0,0.0,,,,,,,,36.02261,-86.71228,False,Crashes_2010_2019_MPO
100021553,2010-12-11,2010,,94.0,,,0,0,N,0.0,0.0,0.0,,,,,,,,35.97753,-86.8761,False,Crashes_2010_2019_MPO
101957447,2018-03-27,2018,,94.0,,,0,0,N,0.0,0.0,0.0,,,,,,,,35.96674,-86.81073,True,Crashes_2010_2019_MPO
100242873,2012-10-23,2012,,19.0,,,0,0,N,0.0,0.0,0.0,,,,,,,,36.02606,-86.87904,False,Crashes_2010_2019_MPO
100502130,2014-04-28,2014,,94.0,,,0,0,N,0.0,0.0,0.0,,,,,,,,36.03513,-86.80579,True,Crashes_2010_2019_MPO
100875041,2015-06-22,2015,,94.0,,,0,0,N,0.0,0.0,0.0,,,,,,,,35.94831,-86.81883,False,Crashes_2010_2019_MPO
101355771,2016-08-26,2016,,94.0,,,0,0,N,0.0,0.0,0.0,,,,,,,,35.96487,-86.79294,True,Crashes_2010_2019_MPO
102361724,2019-04-15,2019,,94.0,,,0,0,N,0.0,0.0,0.0,,,,,,,,35.93762,-86.8223,False,Crashes_2010_2019_MPO
101684017,2017-06-26,2017,,19.0,,,0,0,N,0.0,0.0,0.0,,,,,,,,36.04843,-86.71652,False,Crashes_2010_2019_MPO
100384764,2013-09-28,2013,,94.0,,,0,0,N,0.0,0.0,0.0,,,,,,,,35.9486,-86.81972,False,Crashes_2010_2019_MPO
101471242,2016-12-08,2016,,19.0,,,0,0,N,0.0,0.0,0.0,,,,,,,,36.01238,-86.70361,False,Crashes_2010_2019_MPO
100462637,2014-03-10,2014,,94.0,,,0,0,N,0.0,0.0,0.0,,,,,,,,36.00097,-86.80827,True,Crashes_2010_2019_MPO
101465164,2016-12-01,2016,,94.0,,,0,0,N,0.0,0.0,0.0,,,,,,,,35.99123,-86.68352,False,Crashes_2010_2019_MPO
102077108,2018-07-17,2018,,19.0,,,0,0,N,0.0,0.0,0.0,,,,,,,,36.05382,-86.6861,False,Crashes_2010_2019_MPO
100481838,2014-04-03,2014,,94.0,,,0,0,N,0.0,0.0,0.0,,,,,,,,35.92907,-86.83846,False,Crashes_2010_2019_MPO
101910076,2018-02-08,2018,,94.0,,,0,0,N,0.0,0.0,0.0,,,,,,,,35.92278,-86.86964,False,Crashes_2010_2019_MPO
101623697,2017-04-24,2017,,94.0,,,0,0,N,0.0,0.0,0.0,,,,,,,,35.94854,-86.81468,False,Crashes_2010_2019_MPO
101064754,2015-12-16,2015,,94.0,,,0,0,N,0.0,0.0,0.0,,,,,,,,35.94036,-86.83304,False,Crashes_2010_2019_MPO
101345045,2016-08-24,2016,,19.0,,,0,0,N,0.0,0.0,0.0,,,,,,,,36.03243,-86.70816,False,Crashes_2010_2019_MPO
102142458,2018-09-12,2018,,19.0,,,0,0,N,0.0,0.0,0.0,,,,,,,,36.03711,-86.78663,False,Crashes_2010_2019_MPO
102217963,2018-11-20,2018,,94.0,,,0,0,N,0.0,0.0,0.0,,,,,,,,35.97716,-86.87622,False,Crashes_2010_2019_MPO
100237111,2012-10-11,2012,,94.0,,,0,0,N,0.0,0.0,0.0,,,,,,,,35.99474,-86.76961,True,Crashes_2010_2019_MPO
100464090,2014-03-05,2014,,19.0,,,0,0,N,0.0,0.0,0.0,,,,,,,,36.03989,-86.78132,False,Crashes_2010_2019_MPO
101429576,2016-11-02,2016,,19.0,,,0,0,N,0.0,0.0,0.0,,,,,,,,36.0095,-86.70166,False,Crashes_2010_2019_MPO
100728134,2015-01-27,2015,,94.0,,,0,0,N,0.0,0.0,0.0,,,,,,,,35.99893,-86.80771,True,Crashes_2010_2019_MPO
101046793,2015-12-10,2015,,94.0,,,0,0,N,0.0,0.0,0.0,,,,,,,,36.01331,-86.80046,True,Crashes_2010_2019_MPO
101323987,2016-08-09,2016,,19.0,,,0,0,N,0.0,0.0,0.0,,,,,,,,36.0473,-86.86274,False,Crashes_2010_2019_MPO
100886326,2015-07-14,2015,,94.0,,,0,0,N,0.0,0.0,0.0,,,,,,,,35.95802,-86.80257,False,Crashes_2010_2019_MPO
102157877,2018-09-22,2018,,94.0,,,0,0,N,0.0,0.0,0.0,,,,,,,,35.96711,-86.77758,True,Crashes_2010_2019_MPO
101497206,2017-01-06,2017,,19.0,,,0,0,N,0.0,0.0,0.0,,,,,,,,36.0393,-86.78275,False,Crashes_2010_2019_MPO
101539825,2017-01-31,2017,,19.0,,,0,0,N,0.0,0.0,0.0,,,,,,,,36.03974,-86.76326,False,Crashes_2010_2019_MPO
100980808,2015-10-16,2015,,19.0,,,0,0,Y,0.0,0.0,1.0,,,,,,,,36.05234,-86.77558,False,Crashes_2010_2019_MPO
101231324,2016-05-24,2016,,94.0,,,0,0,N,0.0,0.0,0.0,,,,,,,,35.95078,-86.80672,False,Crashes_2010_2019_MPO
102403051,2019-05-28,2019,,94.0,,,0,0,N,0.0,0.0,0.0,,,,,,,,35.966468,-86.810099,True,Crashes_2010_2019_MPO
101626680,2017-04-25,2017,,94.0,,,0,0,N,0.0,0.0,0.0,,,,,,,,35.9401,-86.83704,False,Crashes_2010_2019_MPO
102561209,2019-11-07,2019,,19.0,,,0,0,N,0.0,0.0,0.0,,,,,,,,36.02547,-86.71305,False,Crashes_2010_2019_MPO
102314595,2019-02-18,2019,,94.0,,,0,0,N,0.0,0.0,0.0,,,,,,,,35.97452,-86.8047,True,Crashes_2010_2019_MPO
101151539,2016-03-26,2016,,19.0,,,0,0,N,0.0,0.0,0.0,,,,,,,,36.0466,-86.6832,False,Crashes_2010_2019_MPO
101570632,2017-03-02,2017,,19.0,,,0,0,N,0.0,0.0,0.0,,,,,,,,36.03973,-86.75672,False,Crashes_2010_2019_MPO
101507271,2017-01-17,2017,,19.0,,,0,0,N,0.0,0.0,0.0,,,,,,,,36.0409,-86.77938,False,Crashes_2010_2019_MPO
102563850,2019-11-09,2019,,94.0,,,0,0,N,0.0,0.0,0.0,,,,,,,,35.99113,-86.79896,True,Crashes_2010_2019_MPO
102489068,2019-08-26,2019,,19.0,,,0,0,N,0.0,0.0,0.0,,,,,,,,36.03786,-86.78272,False,Crashes_2010_2019_MPO
102349764,2019-04-04,2019,,94.0,,,0,0,N,0.0,0.0,0.0,,,,,,,,35.99436,-86.76582,True,Crashes_2010_2019_MPO
102081326,2018-07-20,2018,,19.0,,,0,0,N,0.0,0.0,0.0,,,,,,,,36.04081,-86.77323,False,Crashes_2010_2019_MPO
101000777,2015-10-15,2015,,19.0,,,0,0,N,0.0,0.0,0.0,,,,,,,,36.04013,-86.74456,False,Crashes_2010_2019_MPO
100461030,2014-03-06,2014,,94.0,,,0,0,N,0.0,0.0,0.0,,,,,,,,35.93732,-86.87883,False,Crashes_2010_2019_MPO
100255205,2012-11-16,2012,,94.0,,,0,0,N,0.0,0.0,0.0,,,,,,,,35.99863,-86.80587,True,Crashes_2010_2019_MPO
100696471,2014-11-25,2014,,19.0,,,0,0,N,0.0,0.0,0.0,,,,,,,,36.04164,-86.76814,False,Crashes_2010_2019_MPO
101912300,2018-02-10,2018,,19.0,,,0,0,N,0.0,0.0,0.0,,,,,,,,36.041,-86.75796,False,Crashes_2010_2019_MPO
102376207,2019-04-30,2019,,94.0,,,0,0,N,0.0,0.0,0.0,,,,,,,,35.965839,-86.805702,True,Crashes_2010_2019_MPO
100907339,2015-07-16,2015,,19.0,,,0,0,N,0.0,0.0,0.0,,,,,,,,36.04771,-86.86417,False,Crashes_2010_2019_MPO
100771054,2015-03-12,2015,,94.0,,,0,0,N,0.0,0.0,0.0,,,,,,,,36.03332,-86.78851,True,Crashes_2010_2019_MPO
101011055,2015-11-17,2015,,19.0,,,0,0,N,0.0,0.0,0.0,,,,,,,,36.03899,-86.78258,False,Crashes_2010_2019_MPO
100730713,2015-02-01,2015,,94.0,,,0,0,N,0.0,0.0,0.0,,,,,,,,35.92947,-86.87556,False,Crashes_2010_2019_MPO
100879949,2015-07-02,2015,,94.0,,,0,0,N,0.0,0.0,0.0,,,,,,,,35.9495,-86.81929,False,Crashes_2010_2019_MPO
101649321,2017-05-19,2017,,94.0,,,0,0,N,0.0,0.0,0.0,,,,,,,,36.01559,-86.7406,False,Crashes_2010_2019_MPO
102517487,2019-09-23,2019,,94.0,,,0,0,N,0.0,0.0,0.0,,,,,,,,35.99693,-86.79232,True,Crashes_2010_2019_MPO
101531046,2017-01-21,2017,,94.0,,,0,0,N,0.0,0.0,0.0,,,,,,,,35.93037,-86.86406,False,Crashes_2010_2019_MPO
102272935,2019-01-10,2019,,19.0,,,0,0,N,0.0,0.0,0.0,,,,,,,,36.03993,-86.71934,False,Crashes_2010_2019_MPO
100860154,2015-06-13,2015,,94.0,,,0,0,N,0.0,0.0,0.0,,,,,,,,35.93125,-86.87681,False,Crashes_2010_2019_MPO
100639757,2014-10-07,2014,,94.0,,,0,0,N,0.0,0.0,0.0,,,,,,,,35.92723,-86.81912,False,Crashes_2010_2019_MPO
101102634,2016-02-09,2016,,94.0,,,0,0,N,0.0,0.0,0.0,,,,,,,,35.96723,-86.8135,True,Crashes_2010_2019_MPO
101711327,2017-07-25,2017,,94.0,,,0,0,N,0.0,0.0,0.0,,,,,,,,35.94747,-86.85574,False,Crashes_2010_2019_MPO
100970174,2015-09-30,2015,,19.0,,,0,0,N,0.0,0.0,0.0,,,,,,,,36.04223,-86.74988,False,Crashes_2010_2019_MPO
100168349,2012-04-11,2012,,94.0,,,0,0,N,0.0,0.0,0.0,,,,,,,,36.03336,-86.78872,True,Crashes_2010_2019_MPO
101119492,2016-02-20,2016,,94.0,,,0,0,N,0.0,0.0,0.0,,,,,,,,36.00927,-86.84849,True,Crashes_2010_2019_MPO
101781850,2017-10-05,2017,,94.0,,,0,0,N,0.0,0.0,0.0,,,,,,,,35.94884,-86.74827,True,Crashes_2010_2019_MPO
100808167,2015-04-15,2015,,94.0,,,0,0,N,0.0,0.0,0.0,,,,,,,,35.94708,-86.83263,False,Crashes_2010_2019_MPO
102018915,2018-05-22,2018,,94.0,,,0,0,N,0.0,0.0,0.0,,,,,,,,36.01286,-86.80081,True,Crashes_2010_2019_MPO
100311396,2013-04-03,2013,,94.0,,,0,0,N,0.0,0.0,0.0,,,,,,,,35.93063,-86.82419,False,Crashes_2010_2019_MPO
100468057,2014-03-24,2014,,94.0,,,0,0,N,0.0,0.0,0.0,,,,,,,,35.99749,-86.79477,True,Crashes_2010_2019_MPO
100850603,2015-05-26,2015,,94.0,,,0,0,N,0.0,0.0,0.0,,,,,,,,35.98918,-86.70389,True,Crashes_2010_2019_MPO
102440979,2019-07-07,2019,,19.0,,,0,0,N,0.0,0.0,0.0,,,,,,,,36.01559,-86.7406,False,Crashes_2010_2019_MPO
100701680,2014-12-04,2014,,94.0,,,0,0,N,0.0,0.0,0.0,,,,,,,,35.93194,-86.81951,False,Crashes_2010_2019_MPO
101888543,2018-01-16,2018,,94.0,,,0,0,N,0.0,0.0,0.0,,,,,,,,36.0178,-86.72508,False,Crashes_2010_2019_MPO
100856378,2015-06-06,2015,,19.0,,,0,0,N,0.0,0.0,0.0,,,,,,,,36.04545,-86.7036,False,Crashes_2010_2019_MPO
102190307,2018-10-26,2018,,94.0,,,0,0,Y,0.0,0.0,1.0,,,,,,,,36.01286,-86.80081,True,Crashes_2010_2019_MPO