mstrrecnbr,collision_ts,year,county,countystat,crash,crash_type,fatalities,non_motorists,commercial,fatal_c,nonmotor_c,truck_c,fatalc,serious_injuries,ped,bike,lighting,weather,first_harmful_event,latitude,longitude,in_city,src_layer
102586083,2019-12-02,2019,,94.0,,,0,0,N,0.0,0.0,0.0,,,,,,,,35.92486,-86.87397,False,Crashes_2010_2019_MPO
100881962,2015-07-06,2015,,94.0,,,0,0,N,0.0,0.0,0.0,,,,,,,,35.92495,-86.85697,False,Crashes_2010_2019_MPO
100379849,2013-09-16,2013,,94.0,,,0,0,N,0.0,0.0,0.0,,,,,,,,35.9481,-86.81834,False,Crashes_2010_2019_MPO
101180548,2016-04-24,2016,,94.0,,,0,0,N,0.0,0.0,0.0,,,,,,,,36.026223,-86.789969,True,Crashes_2010_2019_MPO
101740129,2017-08-24,2017,,94.0,,,0,0,N,0.0,0.0,0.0,,,,,,,,35.95905,-86.82105,False,Crashes_2010_2019_MPO
101780725,2017-10-04,2017,,94.0,,,0,0,N,0.0,0.0,0.0,,,,,,,,35.94928,-86.75291,True,Crashes_2010_2019_MPO
100401760,2013-11-07,2013,,94.0,,,0,0,N,0.0,0.0,0.0,,,,,,,,35.98967,-86.79971,True,Crashes_2010_2019_MPO
100619120,2014-09-15,2014,,94.0,,,0,0,N,0.0,0.0,0.0,,,,,,,,35.92475,-86.79421,False,Crashes_2010_2019_MPO
100837631,2015-05-20,2015,,19.0,,,0,0,N,0.0,0.0,0.0,,,,,,,,36.0454,-86.71336,False,Crashes_2010_2019_MPO
101944567,2018-03-15,2018,,19.0,,,0,0,N,0.0,0.0,0.0,,,,,,,,36.04719,-86.68819,False,Crashes_2010_2019_MPO
101656230,2017-05-22,2017,,94.0,,,0,0,N,0.0,0.0,0.0,,,,,,,,36.00999,-86.78528,True,Crashes_2010_2019_MPO
101849689,2017-12-06,2017,,19.0,,,0,0,N,0.0,0.0,0.0,,,,,,,,36.02233,-86.71212,False,Crashes_2010_2019_MPO
101471271,2016-12-08,2016,,19.0,,,0,0,N,0.0,0.0,0.0,,,,,,,,36.03899,-86.78258,False,Crashes_2010_2019_MPO
102462304,2019-07-30,2019,,19.0,,,0,0,N,0.0,0.0,0.0,,,,,,,,36.03744,-86.78629,False,Crashes_2010_2019_MPO
101953942,2018-03-23,2018,,19.0,,,0,0,N,0.0,0.0,0.0,,,,,,,,36.04557,-86.70582,False,Crashes_2010_2019_MPO
101482514,2016-12-19,2016,,94.0,,,0,0,N,0.0,0.0,0.0,,,,,,,,35.99026,-86.68264,False,Crashes_2010_2019_MPO
102532627,2019-10-07,2019,,94.0,,,0,0,N,0.0,0.0,0.0,,,,,,,,35.95179,-86.81814,False,Crashes_2010_2019_MPO
100771394,2015-03-13,2015,,19.0,,,0,0,N,0.0,0.0,0.0,,,,,,,,36.03458,-86.74354,False,Crashes_2010_2019_MPO
102502741,2019-09-08,2019,,94.0,,,0,0,N,0.0,0.0,0.0,,,,,,,,35.94722,-86.8552,False,Crashes_2010_2019_MPO
100479036,2014-03-25,2014,,94.0,,,0,0,N,0.0,0.0,0.0,,,,,,,,36.01697,-86.78637,True,Crashes_2010_2019_MPO
102228501,2018-11-29,2018,,94.0,,,0,0,N,0.0,0.0,0.0,,,,,,,,35.96721,-86.8135,True,Crashes_2010_2019_MPO
101432495,2016-11-06,2016,,94.0,,,0,0,N,0.0,0.0,0.0,,,,,,,,35.98085,-86.84667,False,Crashes_2010_2019_MPO
100695832,2014-11-24,2014,,19.0,,,0,0,N,0.0,0.0,0.0,,,,,,,,36.03738,-86.791,False,Crashes_2010_2019_MPO
101742966,2017-08-26,2017,,94.0,,,0,0,N,0.0,0.0,0.0,,,,,,,,35.94858,-86.8191,False,Crashes_2010_2019_MPO
102052630,2018-06-24,2018,,94.0,,,0,0,N,0.0,0.0,0.0,,,,,,,,35.9699,-86.80655,True,Crashes_2010_2019_MPO
101469825,2016-12-07,2016,,19.0,,,0,0,N,0.0,0.0,0.0,,,,,,,,36.0409,-86.77938,False,Crashes_2010_2019_MPO
101422760,2016-10-25,2016,,94.0,,,0,0,N,0.0,0.0,0.0,,,,,,,,35.95946,-86.82383,False,Crashes_2010_2019_MPO
102502790,2019-09-07,2019,,94.0,,,0,0,N,0.0,0.0,0.0,,,,,,,,35.96553,-86.80065,True,Crashes_2010_2019_MPO
101039631,2015-11-30,2015,,94.0,,,0,0,N,0.0,0.0,0.0,,,,,,,,35.96467,-86.81436,False,Crashes_2010_2019_MPO
101134953,2016-03-16,2016,,94.0,,,0,0,N,0.0,0.0,0.0,,,,,,,,35.96804,-86.81307,True,Crashes_2010_2019_MPO
102259774,2018-12-28,2018,,94.0,,,0,0,N,0.0,0.0,0.0,,,,,,,,35.94055,-86.83919,False,Crashes_2010_2019_MPO
101659708,2017-05-30,2017,,19.0,,,0,0,N,0.0,0.0,0.0,,,,,,,,36.04301,-86.84231,False,Crashes_2010_2019_MPO
102450981,2019-07-18,2019,,19.0,,,0,0,N,0.0,0.0,0.0,,,,,,,,36.04657,-86.67811,False,Crashes_2010_2019_MPO
101275260,2016-06-28,2016,,94.0,,,0,0,Y,0.0,0.0,1.0,,,,,,,,36.00114,-86.79427,True,Crashes_2010_2019_MPO
101909190,2018-02-07,2018,,19.0,,,0,0,N,0.0,0.0,0.0,,,,,,,,36.03022,-86.71254,False,Crashes_2010_2019_MPO
100832829,2015-05-05,2015,,94.0,,,0,0,N,0.0,0.0,0.0,,,,,,,,35.94268,-86.82082,False,Crashes_2010_2019_MPO
102318666,2019-03-01,2019,,94.0,,,0,0,N,0.0,0.0,0.0,,,,,,,,36.03611,-86.79483,True,Crashes_2010_2019_MPO
102009253,2018-05-13,2018,,19.0,,,0,0,N,0.0,0.0,0.0,,,,,,,,36.04531,-86.70178,False,Crashes_2010_2019_MPO
101674272,2017-06-15,2017,,94.0,,,0,0,N,0.0,0.0,0.0,,,,,,,,35.96653,-86.80932,True,Crashes_2010_2019_MPO
102352317,2019-04-06,2019,,19.0,,,0,0,N,0.0,0.0,0.0,,,,,,,,36.04001,-86.74347,False,Crashes_2010_2019_MPO
101234309,2016-05-28,2016,,94.0,,,0,0,N,0.0,0.0,0.0,,,,,,,,35.94175,-86.82119,False,Crashes_2010_2019_MPO
102510224,2019-09-13,2019,,94.0,,,0,0,N,0.0,0.0,0.0,,,,,,,,35.9509,-86.80665,False,Crashes_2010_2019_MPO
101473218,2016-12-08,2016,,94.0,,,0,0,N,0.0,0.0,0.0,,,,,,,,35.95729,-86.84991,False,Crashes_2010_2019_MPO
101918743,2018-02-17,2018,,19.0,,,0,0,N,0.0,0.0,0.0,,,,,,,,36.0374,-86.78657,False,Crashes_2010_2019_MPO
101621477,2017-04-21,2017,,19.0,,,0,0,N,0.0,0.0,0.0,,,,,,,,36.04048,-86.7826,False,Crashes_2010_2019_MPO
101912020,2018-02-09,2018,,94.0,,,0,0,N,0.0,0.0,0.0,,,,,,,,35.95832,-86.81614,False,Crashes_2010_2019_MPO
102191574,2018-10-27,2018,,19.0,,,0,0,N,0.0,0.0,0.0,,,,,,,,36.03744,-86.76784,False,Crashes_2010_2019_MPO
101589090,2017-03-21,2017,,94.0,,,0,0,N,0.0,0.0,0.0,,,,,,,,35.96681,-86.81119,True,Crashes_2010_2019_MPO
102065441,2018-07-05,2018,,94.0,,,0,0,Y,0.0,0.0,1.0,,,,,,,,35.99643,-86.81072,True,Crashes_2010_2019_MPO
102475782,2019-08-12,2019,,19.0,,,0,0,N,0.0,0.0,0.0,,,,,,,,36.04617,-86.77828,False,Crashes_2010_2019_MPO
101003189,2015-11-04,2015,,19.0,,,0,0,N,0.0,0.0,0.0,,,,,,,,36.04096,-86.67785,False,Crashes_2010_2019_MPO
101235158,2016-05-29,2016,,19.0,,,0,0,N,0.0,0.0,0.0,,,,,,,,36.04695,-86.72635,False,Crashes_2010_2019_MPO
100213829,2012-08-09,2012,,94.0,,,0,0,N,0.0,0.0,0.0,,,,,,,,36.00617,-86.86519,False,Crashes_2010_2019_MPO
101244338,2016-06-12,2016,,19.0,,,0,0,N,0.0,0.0,0.0,,,,,,,,36.02488,-86.69699,False,Crashes_2010_2019_MPO
100857475,2015-06-08,2015,,94.0,,,0,0,N,0.0,0.0,0.0,,,,,,,,35.94815,-86.81845,False,Crashes_2010_2019_MPO
101475376,2016-12-13,2016,,94.0,,,0,0,N,0.0,0.0,0.0,,,,,,,,35.95033,-86.76416,True,Crashes_2010_2019_MPO
100565546,2014-06-26,2014,,94.0,,,0,0,N,0.0,0.0,0.0,,,,,,,,35.9583,-86.80229,False,Crashes_2010_2019_MPO
100701955,2014-12-05,2014,,94.0,,,0,0,N,0.0,0.0,0.0,,,,,,,,35.96166,-86.8792,False,Crashes_2010_2019_MPO
102251122,2018-12-18,2018,,94.0,,,0,0,N,0.0,0.0,0.0,,,,,,,,36.03327,-86.7839,True,Crashes_2010_2019_MPO
101643969,2017-05-13,2017,,94.0,,,0,0,N,0.0,0.0,0.0,,,,,,,,35.95057,-86.81859,False,Crashes_2010_2019_MPO
101079790,2016-01-19,2016,,19.0,,,0,0,Y,0.0,0.0,1.0,,,,,,,,36.04197,-86.71761,False,Crashes_2010_2019_MPO
100615892,2014-09-06,2014,,94.0,,,0,0,N,0.0,0.0,0.0,,,,,,,,35.94696,-86.85137,False,Crashes_2010_2019_MPO
100389132,2013-10-09,2013,,94.0,,,0,0,N,0.0,0.0,0.0,,,,,,,,35.93672,-86.79614,False,Crashes_2010_2019_MPO
101800391,2017-10-21,2017,,94.0,,,0,0,N,0.0,0.0,0.0,,,,,,,,35.93557,-86.82364,False,Crashes_2010_2019_MPO
100706177,2014-12-13,2014,,94.0,,,0,0,N,0.0,0.0,0.0,,,,,,,,35.96505,-86.81607,True,Crashes_2010_2019_MPO
102190336,2018-10-26,2018,,19.0,,,0,0,N,0.0,0.0,0.0,,,,,,,,36.02505,-86.74243,False,Crashes_2010_2019_MPO
101404766,2016-10-16,2016,,19.0,,,0,0,N,0.0,0.0,0.0,,,,,,,,36.04545,-86.71237,False,Crashes_2010_2019_MPO
102541900,2019-10-18,2019,,19.0,,,0,0,N,0.0,0.0,0.0,,,,,,,,36.05347,-86.71497,False,Crashes_2010_2019_MPO
101700146,2017-07-12,2017,,19.0,,,0,0,N,0.0,0.0,0.0,,,,,,,,36.01351,-86.70439,False,Crashes_2010_2019_MPO
100466994,2014-03-21,2014,,94.0,,,0,0,N,0.0,0.0,0.0,,,,,,,,35.96672,-86.8113,True,Crashes_2010_2019_MPO
100596050,2014-08-15,2014,,94.0,,,0,0,N,0.0,0.0,0.0,,,,,,,,35.94091,-86.83943,False,Crashes_2010_2019_MPO
102566516,2019-11-13,2019,,94.0,,,0,0,N,0.0,0.0,0.0,,,,,,,,35.966902,-86.808987,True,Crashes_2010_2019_MPO
102265405,2019-01-03,2019,,19.0,,,0,0,N,0.0,0.0,0.0,,,,,,,,36.01563,-86.69197,False,Crashes_2010_2019_MPO
100501803,2014-04-28,2014,,94.0,,,0,0,N,0.0,0.0,0.0,,,,,,,,35.93283,-86.8774,False,Crashes_2010_2019_MPO
102196531,2018-10-31,2018,,94.0,,,0,0,N,0.0,0.0,0.0,,,,,,,,35.93308,-86.81155,False,Crashes_2010_2019_MPO
101344289,2016-08-22,2016,,94.0,,,0,0,N,0.0,0.0,0.0,,,,,,,,35.95857,-86.80164,False,Crashes_2010_2019_MPO
102330915,2019-03-15,2019,,19.0,,,0,0,N,0.0,0.0,0.0,,,,,,,,36.05036,-86.87547,False,Crashes_2010_2019_MPO
100913694,2015-07-28,2015,,94.0,,,0,0,N,0.0,0.0,0.0,,,,,,,,35.94658,-86.85185,False,Crashes_2010_2019_MPO
100824284,2015-04-26,2015,,19.0,,,0,0,N,0.0,0.0,0.0,,,,,,,,36.05487,-86.72913,False,Crashes_2010_2019_MPO
101764081,2017-06-12,2017,,94.0,,,0,0,N,0.0,0.0,0.0,,,,,,,,35.95993,-86.80204,False,Crashes_2010_2019_MPO
102080930,2018-07-19,2018,,94.0,,,0,0,N,0.0,0.0,0.0,,,,,,,,35.92359,-86.76701,False,Crashes_2010_2019_MPO
102236177,2018-12-05,2018,,19.0,,,0,0,N,0.0,0.0,0.0,,,,,,,,36.0451,-86.71323,False,Crashes_2010_2019_MPO
101072549,2016-01-03,2016,,19.0,,,0,0,N,0.0,0.0,0.0,,,,,,,,36.03755,-86.78503,False,Crashes_2010_2019_MPO
100636600,2014-09-30,2014,,94.0,,,0,0,N,0.0,0.0,0.0,,,,,,,,35.99566,-86.7804,True,Crashes_2010_2019_MPO
102336779,2019-03-21,2019,,19.0,,,0,0,N,0.0,0.0,0.0,,,,,,,,36.03772,-86.79475,False,Crashes_2010_2019_MPO
100442404,2014-02-13,2014,,94.0,,,0,0,N,0.0,0.0,0.0,,,,,,,,35.95634,-86.81704,False,Crashes_2010_2019_MPO
101537599,2017-01-27,2017,,94.0,,,0,0,N,0.0,0.0,0.0,,,,,,,,35.94616,-86.80856,False,Crashes_2010_2019_MPO
101754681,2017-09-08,2017,,19.0,,,0,0,N,0.0,0.0,0.0,,,,,,,,36.0409,-86.77938,False,Crashes_2010_2019_MPO
101400785,2016-10-10,2016,,19.0,,,0,0,N,0.0,0.0,0.0,,,,,,,,36.04231,-86.72652,False,Crashes_2010_2019_MPO
102380216,2019-05-04,2019,,19.0,,,0,0,N,0.0,0.0,0.0,,,,,,,,36.04541,-86.71278,False,Crashes_2010_2019_MPO
102278617,2019-01-15,2019,,94.0,,,0,0,N,0.0,0.0,0.0,,,,,,,,35.96798,-86.81833,True,Crashes_2010_2019_MPO
102455066,2019-07-22,2019,,19.0,,,0,0,N,0.0,0.0,0.0,,,,,,,,35.99596,-86.69081,False,Crashes_2010_2019_MPO
101354100,2016-09-05,2016,,19.0,,,0,0,N,0.0,0.0,0.0,,,,,,,,36.03761,-86.78512,False,Crashes_2010_2019_MPO
101358396,2016-09-08,2016,,19.0,,,0,0,N,0.0,0.0,0.0,,,,,,,,36.04512,-86.69895,False,Crashes_2010_2019_MPO
102191034,2018-10-26,2018,,94.0,,,0,0,N,0.0,0.0,0.0,,,,,,,,35.92695,-86.8702,False,Crashes_2010_2019_MPO
102361818,2019-04-15,2019,,94.0,,,0,0,N,0.0,0.0,0.0,,,,,,,,35.997485,-86.794609,True,Crashes_2010_2019_MPO
101661451,2017-06-01,2017,,19.0,,,0,0,N,0.0,0.0,0.0,,,,,,,,36.0448,-86.84865,False,Crashes_2010_2019_MPO
101346179,2016-08-25,2016,,19.0,,,0,0,N,0.0,0.0,0.0,,,,,,,,36.05291,-86.69696,False,Crashes_2010_2019_MPO
101569308,2017-02-28,2017,,94.0,,,0,0,N,0.0,0.0,0.0,,,,,,,,35.94582,-86.82522,False,Crashes_2010_2019_MPO
101103330,2016-02-10,2016,,94.0,,,0,0,N,0.0,0.0,0.0,,,,,,,,35.93215,-86.79441,False,Crashes_2010_2019_MPO
101811558,2017-11-01,2017,,94.0,,,0,0,N,0.0,0.0,0.0,,,,,,,,35.99279,-86.79863,True,Crashes_2010_2019_MPO
101103255,2016-02-10,2016,,94.0,,,0,0,N,0.0,0.0,0.0,,,,,,,,35.99781,-86.79886,True,Crashes_2010_2019_MPO
101062851,2015-12-18,2015,,94.0,,,0,0,N,0.0,0.0,0.0,,,,,,,,35.99781,-86.79886,True,Crashes_2010_2019_MPO
102017241,2018-05-20,2018,,19.0,,,0,0,N,0.0,0.0,0.0,,,,,,,,36.05058,-86.70041,False,Crashes_2010_2019_MPO
101193950,2016-05-13,2016,,94.0,,,0,0,N,0.0,0.0,0.0,,,,,,,,36.00931,-86.72607,True,Crashes_2010_2019_MPO
102402016,2019-05-27,2019,,94.0,,,0,0,N,0.0,0.0,0.0,,,,,,,,35.93656,-86.7926,False,Crashes_2010_2019_MPO
101729459,2017-08-13,2017,,19.0,,,0,0,N,0.0,0.0,0.0,,,,,,,,35.99525,-86.68759,False,Crashes_2010_2019_MPO
102295682,2019-02-03,2019,,19.0,,,0,0,N,0.0,0.0,0.0,,,,,,,,36.038,-86.78642,False,Crashes_2010_2019_MPO
100728493,2015-01-16,2015,,94.0,,,0,1,N,0.0,1.0,0.0,,,,,,,,35.94426,-86.82182,False,Crashes_2010_2019_MPO
100656262,2014-10-20,2014,,94.0,,,0,0,N,0.0,0.0,0.0,,,,,,,,36.035332,-86.791145,True,Crashes_2010_2019_MPO
101701396,2017-07-09,2017,,94.0,,,0,0,N,0.0,0.0,0.0,,,,,,,,35.9269,-86.76725,False,Crashes_2010_2019_MPO
102530355,2019-10-04,2019,,94.0,,,0,0,Y,0.0,0.0,1.0,,,,,,,,36.02558,-86.78375,True,Crashes_2010_2019_MPO
102519936,2019-09-25,2019,,94.0,,,0,0,N,0.0,0.0,0.0,,,,,,,,35.99719,-86.79392,True,Crashes_2010_2019_MPO
102081873,2018-07-21,2018,,94.0,,,0,0,N,0.0,0.0,0.0,,,,,,,,35.96015,-86.81097,False,Crashes_2010_2019_MPO
100168845,2012-04-13,2012,,94.0,,,0,0,N,0.0,0.0,0.0,,,,,,,,35.99385,-86.76107,True,Crashes_2010_2019_MPO
102587809,2019-12-04,2019,,94.0,,,0,0,N,0.0,0.0,0.0,,,,,,,,35.92804,-86.82085,False,Crashes_2010_2019_MPO
101148434,2016-03-20,2016,,94.0,,,0,0,N,0.0,0.0,0.0,,,,,,,,35.99072,-86.696311,True,Crashes_2010_2019_MPO
100008387,2010-09-29,2010,,94.0,,,0,0,N,0.0,0.0,0.0,,,,,,,,36.040702,-86.868583,True,Crashes_2010_2019_MPO
102474033,2019-08-10,2019,,19.0,,,0,0,N,0.0,0.0,0.0,,,,,,,,35.99944,-86.69345,False,Crashes_2010_2019_MPO
101977607,2018-04-13,2018,,19.0,,,0,0,N,0.0,0.0,0.0,,,,,,,,36.04243,-86.7132,False,Crashes_2010_2019_MPO
101642026,2017-05-12,2017,,19.0,,,0,0,N,0.0,0.0,0.0,,,,,,,,36.03861,-86.74344,False,Crashes_2010_2019_MPO
100186471,2012-05-30,2012,,94.0,,,0,0,N,0.0,0.0,0.0,,,,,,,,35.965,-86.81585,True,Crashes_2010_2019_MPO
102322631,2019-03-06,2019,,94.0,,,0,0,N,0.0,0.0,0.0,,,,,,,,35.9862,-86.87082,False,Crashes_2010_2019_MPO
100823339,2015-04-24,2015,,19.0,,,0,0,N,0.0,0.0,0.0,,,,,,,,36.03816,-86.74347,False,Crashes_2010_2019_MPO
100321001,2013-04-25,2013,,94.0,,,0,0,N,0.0,0.0,0.0,,,,,,,,35.98555,-86.73239,True,Crashes_2010_2019_MPO
100884004,2015-07-09,2015,,19.0,,,0,0,N,0.0,0.0,0.0,,,,,,,,36.04666,-86.72508,False,Crashes_2010_2019_MPO
101918044,2018-02-16,2018,,19.0,,,0,0,N,0.0,0.0,0.0,,,,,,,,36.03905,-86.78249,False,Crashes_2010_2019_MPO
101792561,2017-10-14,2017,,94.0,,,0,0,N,0.0,0.0,0.0,,,,,,,,35.93435,-86.86109,False,Crashes_2010_2019_MPO
100586721,2014-07-22,2014,,94.0,,,0,0,N,0.0,0.0,0.0,,,,,,,,35.96464,-86.81125,False,Crashes_2010_2019_MPO
100704644,2014-12-10,2014,,94.0,,,0,0,N,0.0,0.0,0.0,,,,,,,,35.96902,-86.80718,True,Crashes_2010_2019_MPO
102118474,2018-08-17,2018,,19.0,,,0,0,N,0.0,0.0,0.0,,,,,,,,36.02542,-86.71123,False,Crashes_2010_2019_MPO
101043774,2015-12-05,2015,,19.0,,,0,0,N,0.0,0.0,0.0,,,,,,,,36.01527,-86.7056,False,Crashes_2010_2019_MPO
101539356,2017-01-30,2017,,94.0,,,0,0,N,0.0,0.0,0.0,,,,,,,,35.9856,-86.73275,True,Crashes_2010_2019_MPO
100360529,2013-07-30,2013,,94.0,,,0,0,N,0.0,0.0,0.0,,,,,,,,35.92944,-86.84352,False,Crashes_2010_2019_MPO
101161021,2016-04-09,2016,,94.0,,,0,0,N,0.0,0.0,0.0,,,,,,,,35.96,-86.8132,False,Crashes_2010_2019_MPO
101230527,2016-05-23,2016,,94.0,,,0,0,N,0.0,0.0,0.0,,,,,,,,35.95775,-86.80259,False,Crashes_2010_2019_MPO
102567698,2019-11-14,2019,,94.0,,,0,0,N,0.0,0.0,0.0,,,,,,,,35.96133,-86.81226,False,Crashes_2010_2019_MPO
100705911,2014-12-12,2014,,94.0,,,0,0,N,0.0,0.0,0.0,,,,,,,,35.95043,-86.8066,False,Crashes_2010_2019_MPO
100712633,2014-12-23,2014,,94.0,,,0,0,N,0.0,0.0,0.0,,,,,,,,36.01838,-86.8729,False,Crashes_2010_2019_MPO
101592928,2017-03-24,2017,,19.0,,,0,0,N,0.0,0.0,0.0,,,,,,,,36.0488,-86.71367,False,Crashes_2010_2019_MPO
102574917,2019-11-21,2019,,94.0,,,0,0,N,0.0,0.0,0.0,,,,,,,,35.9583,-86.8023,False,Crashes_2010_2019_MPO
102378035,2019-05-02,2019,,94.0,,,0,0,N,0.0,0.0,0.0,,,,,,,,36.03313,-86.78617,True,Crashes_2010_2019_MPO
101682961,2017-06-25,2017,,94.0,,,0,0,N,0.0,0.0,0.0,,,,,,,,36.01286,-86.80081,True,Crashes_2010_2019_MPO
100367344,2013-08-14,2013,,94.0,,,0,0,N,0.0,0.0,0.0,,,,,,,,35.93737,-86.87845,False,Crashes_2010_2019_MPO
101704958,2017-07-18,2017,,94.0,,,0,0,N,0.0,0.0,0.0,,,,,,,,35.9901,-86.74574,True,Crashes_2010_2019_MPO
102155325,2018-09-22,2018,,94.0,,,0,1,N,0.0,1.0,0.0,,,,,,,,35.93099,-86.8588,False,Crashes_2010_2019_MPO
101353193,2016-09-04,2016,,94.0,,,0,0,N,0.0,0.0,0.0,,,,,,,,35.96507,-86.72933,True,Crashes_2010_2019_MPO
102482817,2019-08-20,2019,,94.0,,,0,0,N,0.0,0.0,0.0,,,,,,,,35.94687,-86.85168,False,Crashes_2010_2019_MPO
100732846,2015-02-05,2015,,19.0,,,0,0,N,0.0,0.0,0.0,,,,,,,,36.03202,-86.78341,True,Crashes_2010_2019_MPO
101317401,2016-07-31,2016,,94.0,,,0,0,N,0.0,0.0,0.0,,,,,,,,35.92755,-86.87423,False,Crashes_2010_2019_MPO
100584703,2014-07-18,2014,,94.0,,,0,0,N,0.0,0.0,0.0,,,,,,,,35.96382,-86.80841,False,Crashes_2010_2019_MPO
101542532,2017-02-02,2017,,94.0,,,0,0,N,0.0,0.0,0.0,,,,,,,,35.93164,-86.82395,False,Crashes_2010_2019_MPO
102147746,2018-09-17,2018,,94.0,,,0,0,N,0.0,0.0,0.0,,,,,,,,35.92954,-86.82032,False,Crashes_2010_2019_MPO
102387641,2019-05-12,2019,,19.0,,,0,0,N,0.0,0.0,0.0,,,,,,,,36.00909,-86.69343,False,Crashes_2010_2019_MPO
101824423,2017-11-13,2017,,94.0,,,0,0,N,0.0,0.0,0.0,,,,,,,,35.99643,-86.78798,True,Crashes_2010_2019_MPO
100969396,2015-09-29,2015,,19.0,,,0,0,N,0.0,0.0,0.0,,,,,,,,36.04178,-86.7824,False,Crashes_2010_2019_MPO
900104931,2010-06-11,2010,,94.0,,,0,0, ,0.0,0.0,0.0,,,,,,,,36.025398,-86.789902,True,Crashes_2010_2019_MPO
101187414,2016-05-04,2016,,94.0,,,0,0,N,0.0,0.0,0.0,,,,,,,,35.965899,-86.806762,False,Crashes_2010_2019_MPO
101776367,2017-09-28,2017,,94.0,,,0,0,N,0.0,0.0,0.0,,,,,,,,35.94612,-86.82346,False,Crashes_2010_2019_MPO
101131535,2016-03-10,2016,,94.0,,,0,0,N,0.0,0.0,0.0,,,,,,,,35.974411,-86.702276,True,Crashes_2010_2019_MPO
100592073,2014-08-06,2014,,94.0,,,0,0,N,0.0,0.0,0.0,,,,,,,,35.9331,-86.86034,False,Crashes_2010_2019_MPO
100280236,2013-01-16,2013,,94.0,,,0,0,N,0.0,0.0,0.0,,,,,,,,35.94673,-86.85172,False,Crashes_2010_2019_MPO
102503573,2019-08-18,2019,,94.0,,,0,0,N,0.0,0.0,0.0,,,,,,,,35.96149,-86.81427,False,Crashes_2010_2019_MPO
101633030,2017-05-03,2017,,94.0,,,0,0,N,0.0,0.0,0.0,,,,,,,,36.0149,-86.73002,False,Crashes_2010_2019_MPO
100662276,2014-10-31,2014,,94.0,,,0,0,N,0.0,0.0,0.0,,,,,,,,35.97222,-86.86057,False,Crashes_2010_2019_MPO
101152905,2016-03-28,2016,,94.0,,,0,0,N,0.0,0.0,0.0,,,,,,,,35.96693,-86.81201,True,Crashes_2010_2019_MPO
100316118,2013-04-14,2013,,94.0,,,0,0,N,0.0,0.0,0.0,,,,,,,,35.99924,-86.80919,True,Crashes_2010_2019_MPO
100973586,2015-10-05,2015,,19.0,,,0,0,N,0.0,0.0,0.0,,,,,,,,36.0412,-86.77954,False,Crashes_2010_2019_MPO
101402161,2016-10-12,2016,,94.0,,,0,0,N,0.0,0.0,0.0,,,,,,,,35.96377,-86.80059,True,Crashes_2010_2019_MPO
102328171,2019-03-12,2019,,19.0,,,0,0,N,0.0,0.0,0.0,,,,,,,,36.04383,-86.8455,False,Crashes_2010_2019_MPO
101437440,2016-11-11,2016,,94.0,,,0,0,N,0.0,0.0,0.0,,,,,,,,36.00946,-86.78558,True,Crashes_2010_2019_MPO
102265451,2019-01-03,2019,,19.0,,,0,0,N,0.0,0.0,0.0,,,,,,,,36.04545,-86.70397,False,Crashes_2010_2019_MPO
102489117,2019-08-26,2019,,19.0,,,0,0,N,0.0,0.0,0.0,,,,,,,,36.03899,-86.78258,False,Crashes_2010_2019_MPO
100680763,2014-11-15,2014,,19.0,,,0,0,N,0.0,0.0,0.0,,,,,,,,36.04011,-86.76673,False,Crashes_2010_2019_MPO
102604298,2019-12-21,2019,,19.0,,,0,0,N,0.0,0.0,0.0,,,,,,,,36.04063,-86.77987,False,Crashes_2010_2019_MPO
100665277,2014-11-05,2014,,19.0,,,0,0,N,0.0,0.0,0.0,,,,,,,,36.04098,-86.77941,False,Crashes_2010_2019_MPO
101760766,2017-09-14,2017,,19.0,,,0,0,N,0.0,0.0,0.0,,,,,,,,36.03115,-86.78377,True,Crashes_2010_2019_MPO
100361442,2013-07-31,2013,,94.0,,,0,0,N,0.0,0.0,0.0,,,,,,,,35.95842,-86.80225,False,Crashes_2010_2019_MPO
102315092,2019-02-25,2019,,94.0,,,0,0,N,0.0,0.0,0.0,,,,,,,,35.94892,-86.8196,False,Crashes_2010_2019_MPO
101956791,2018-03-26,2018,,19.0,,,0,0,N,0.0,0.0,0.0,,,,,,,,36.04311,-86.70114,False,Crashes_2010_2019_MPO
102566980,2019-11-13,2019,,94.0,,,0,0,N,0.0,0.0,0.0,,,,,,,,36.0018,-86.80787,True,Crashes_2010_2019_MPO
101884488,2018-01-11,2018,,94.0,,,0,0,N,0.0,0.0,0.0,,,,,,,,35.93405,-86.81901,False,Crashes_2010_2019_MPO
100919040,2015-08-07,2015,,19.0,,,0,0,N,0.0,0.0,0.0,,,,,,,,36.03975,-86.7547,False,Crashes_2010_2019_MPO
102510232,2019-09-15,2019,,19.0,,,0,0,N,0.0,0.0,0.0,,,,,,,,35.99687,-86.68989,False,Crashes_2010_2019_MPO
100437264,2014-01-31,2014,,94.0,,,0,0,N,0.0,0.0,0.0,,,,,,,,35.94658,-86.85072,False,Crashes_2010_2019_MPO
101453677,2016-11-18,2016,,19.0,,,0,0,N,0.0,0.0,0.0,,,,,,,,36.0344,-86.74356,False,Crashes_2010_2019_MPO
102369615,2019-04-23,2019,,94.0,,,0,0,N,0.0,0.0,0.0,,,,,,,,36.02293,-86.7233,False,Crashes_2010_2019_MPO
100821313,2015-04-20,2015,,94.0,,,0,0,N,0.0,0.0,0.0,,,,,,,,35.99657,-86.78829,True,Crashes_2010_2019_MPO
100826241,2015-04-25,2015,,94.0,,,0,0,N,0.0,0.0,0.0,,,,,,,,35.96442,-86.8082,False,Crashes_2010_2019_MPO
101707363,2017-07-21,2017,,94.0,,,0,1,N,0.0,1.0,0.0,,,,,,,,35.93249,-86.80616,False,Crashes_2010_2019_MPO
102046500,2018-06-17,2018,,19.0,,,0,0,N,0.0,0.0,0.0,,,,,,,,36.03996,-86.74271,False,Crashes_2010_2019_MPO