mstrrecnbr,collision_ts,year,county,countystat,crash,crash_type,fatalities,non_motorists,commercial,fatal_c,nonmotor_c,truck_c,fatalc,serious_injuries,ped,bike,lighting,weather,first_harmful_event,latitude,longitude,in_city,src_layer
101916148,2018-02-14,2018,,19.0,,,0,0,N,0.0,0.0,0.0,,,,,,,,36.05048,-86.8766,False,Crashes_2010_2019_MPO
102010169,2018-05-14,2018,,94.0,,,0,0,N,0.0,0.0,0.0,,,,,,,,35.93282,-86.86223,False,Crashes_2010_2019_MPO
101185509,2016-04-30,2016,,94.0,,,0,0,N,0.0,0.0,0.0,,,,,,,,35.93581,-86.77476,False,Crashes_2010_2019_MPO
100551908,2014-06-16,2014,,94.0,,,0,0,N,0.0,0.0,0.0,,,,,,,,35.96687,-86.81113,True,Crashes_2010_2019_MPO
101809669,2017-10-31,2017,,94.0,,,0,0,N,0.0,0.0,0.0,,,,,,,,35.97281,-86.77526,True,Crashes_2010_2019_MPO
102096214,2018-08-03,2018,,19.0,,,0,0,N,0.0,0.0,0.0,,,,,,,,36.03012,-86.68244,False,Crashes_2010_2019_MPO
101784021,2017-10-06,2017,,94.0,,,0,0,N,0.0,0.0,0.0,,,,,,,,36.0014,-86.7937,True,Crashes_2010_2019_MPO
101739551,2017-08-23,2017,,94.0,,,0,0,N,0.0,0.0,0.0,,,,,,,,35.9785,-86.77686,True,Crashes_2010_2019_MPO
100719156,2015-01-08,2015,,19.0,,,0,0,N,0.0,0.0,0.0,,,,,,,,36.03872,-86.73094,False,Crashes_2010_2019_MPO
101245940,2016-06-14,2016,,19.0,,,0,0,N,0.0,0.0,0.0,,,,,,,,36.03169,-86.71267,False,Crashes_2010_2019_MPO
100358020,2013-07-23,2013,,19.0,,,0,0,N,0.0,0.0,0.0,,,,,,,,36.03723,-86.78931,False,Crashes_2010_2019_MPO
101179728,2016-04-22,2016,,94.0,,,0,0,N,0.0,0.0,0.0,,,,,,,,35.98948,-86.68196,False,Crashes_2010_2019_MPO
101674240,2017-06-15,2017,,19.0,,,0,0,N,0.0,0.0,0.0,,,,,,,,36.04703,-86.68012,False,Crashes_2010_2019_MPO
101651634,2017-05-21,2017,,94.0,,,0,0,N,0.0,0.0,0.0,,,,,,,,35.96539,-86.79975,True,Crashes_2010_2019_MPO
100710909,2014-12-21,2014,,19.0,,,0,0,N,0.0,0.0,0.0,,,,,,,,36.04881,-86.86146,False,Crashes_2010_2019_MPO
101840625,2017-11-27,2017,,94.0,,,0,0,N,0.0,0.0,0.0,,,,,,,,35.99775,-86.7983,True,Crashes_2010_2019_MPO
101461912,2016-11-28,2016,,94.0,,,0,0,N,0.0,0.0,0.0,,,,,,,,35.96196,-86.81503,False,Crashes_2010_2019_MPO
101127027,2016-03-03,2016,,94.0,,,0,0,N,0.0,0.0,0.0,,,,,,,,35.98285,-86.82041,True,Crashes_2010_2019_MPO
100980300,2015-10-15,2015,,94.0,,,0,0,N,0.0,0.0,0.0,,,,,,,,35.92368,-86.79065,False,Crashes_2010_2019_MPO
102077686,2018-07-16,2018,,94.0,,,0,0,N,0.0,0.0,0.0,,,,,,,,35.93211,-86.82396,False,Crashes_2010_2019_MPO
102489010,2019-08-26,2019,,94.0,,,0,0,N,0.0,0.0,0.0,,,,,,,,36.0154,-86.73873,False,Crashes_2010_2019_MPO
100564502,2014-06-23,2014,,94.0,,,0,0,N,0.0,0.0,0.0,,,,,,,,35.96595,-86.80315,True,Crashes_2010_2019_MPO
100914713,2015-07-30,2015,,94.0,,,0,0,N,0.0,0.0,0.0,,,,,,,,36.01303,-86.71944,False,Crashes_2010_2019_MPO
101950488,2018-03-20,2018,,94.0,,,0,0,N,0.0,0.0,0.0,,,,,,,,35.99598,-86.78381,True,Crashes_2010_2019_MPO
100833513,2015-05-13,2015,,19.0,,,0,0,N,0.0,0.0,0.0,,,,,,,,36.03234,-86.74372,False,Crashes_2010_2019_MPO
102319227,2019-03-01,2019,,94.0,,,0,0,N,0.0,0.0,0.0,,,,,,,,35.93273,-86.87955,False,Crashes_2010_2019_MPO
100681405,2014-11-16,2014,,94.0,,,0,0,N,0.0,0.0,0.0,,,,,,,,35.971,-86.72642,True,Crashes_2010_2019_MPO
101034091,2015-11-21,2015,,94.0,,,0,0,N,0.0,0.0,0.0,,,,,,,,35.9478,-86.8597,False,Crashes_2010_2019_MPO
101999395,2018-05-04,2018,,19.0,,,0,0,N,0.0,0.0,0.0,,,,,,,,36.03231,-86.71277,False,Crashes_2010_2019_MPO
102300502,2019-02-07,2019,,94.0,,,0,0,N,0.0,0.0,0.0,,,,,,,,36.01689,-86.78609,True,Crashes_2010_2019_MPO
102210779,2018-11-14,2018,,19.0,,,0,0,N,0.0,0.0,0.0,,,,,,,,36.04117,-86.7787,False,Crashes_2010_2019_MPO
100693382,2014-11-20,2014,,94.0,,,0,0,N,0.0,0.0,0.0,,,,,,,,35.93687,-86.87871,False,Crashes_2010_2019_MPO
102192031,2018-10-27,2018,,19.0,,,0,0,N,0.0,0.0,0.0,,,,,,,,36.04479,-86.72487,False,Crashes_2010_2019_MPO
101768400,2017-09-22,2017,,19.0,,,0,0,N,0.0,0.0,0.0,,,,,,,,36.0375,-86.78584,False,Crashes_2010_2019_MPO
101282653,2016-07-08,2016,,94.0,,,0,0,N,0.0,0.0,0.0,,,,,,,,35.94856,-86.80761,False,Crashes_2010_2019_MPO
100509655,2014-05-16,2014,,94.0,,,0,0,N,0.0,0.0,0.0,,,,,,,,35.94925,-86.81947,False,Crashes_2010_2019_MPO
102124076,2018-08-17,2018,,94.0,,,0,0,N,0.0,0.0,0.0,,,,,,,,36.03491,-86.78307,True,Crashes_2010_2019_MPO
101327282,2016-08-14,2016,,94.0,,,0,0,N,0.0,0.0,0.0,,,,,,,,35.92444,-86.80249,False,Crashes_2010_2019_MPO
102418338,2019-06-13,2019,,94.0,,,0,0,N,0.0,0.0,0.0,,,,,,,,35.9668,-86.81113,True,Crashes_2010_2019_MPO
102463924,2019-07-31,2019,,94.0,,,0,0,N,0.0,0.0,0.0,,,,,,,,36.01634,-86.78619,True,Crashes_2010_2019_MPO
101163075,2016-04-12,2016,,19.0,,,0,0,N,0.0,0.0,0.0,,,,,,,,36.04542,-86.71835,False,Crashes_2010_2019_MPO
101623030,2017-04-22,2017,,19.0,,,0,0,N,0.0,0.0,0.0,,,,,,,,36.05392,-86.77515,False,Crashes_2010_2019_MPO
100716869,2015-01-03,2015,,94.0,,,0,1,N,0.0,1.0,0.0,,,,,,,,36.02715,-86.79216,True,Crashes_2010_2019_MPO
102456172,2019-07-23,2019,,94.0,,,0,0,N,0.0,0.0,0.0,,,,,,,,35.9403,-86.82143,False,Crashes_2010_2019_MPO
101810529,2017-10-31,2017,,19.0,,,0,0,N,0.0,0.0,0.0,,,,,,,,36.0409,-86.77938,False,Crashes_2010_2019_MPO
100409577,2013-11-23,2013,,94.0,,,0,0,N,0.0,0.0,0.0,,,,,,,,35.93712,-86.81769,False,Crashes_2010_2019_MPO
102272029,2019-01-09,2019,,19.0,,,0,0,Y,0.0,0.0,1.0,,,,,,,,36.05474,-86.70645,False,Crashes_2010_2019_MPO
100875360,2015-06-23,2015,,94.0,,,0,0,N,0.0,0.0,0.0,,,,,,,,35.92573,-86.87219,False,Crashes_2010_2019_MPO
101771774,2017-09-25,2017,,94.0,,,0,0,N,0.0,0.0,0.0,,,,,,,,35.92254,-86.87194,False,Crashes_2010_2019_MPO
101304040,2016-07-14,2016,,94.0,,,0,0,Y,0.0,0.0,1.0,,,,,,,,35.97233,-86.80546,True,Crashes_2010_2019_MPO
101133877,2016-03-14,2016,,19.0,,,0,0,N,0.0,0.0,0.0,,,,,,,,36.04507,-86.71322,False,Crashes_2010_2019_MPO
100882809,2015-07-07,2015,,94.0,,,0,0,N,0.0,0.0,0.0,,,,,,,,35.95064,-86.84447,False,Crashes_2010_2019_MPO
102517587,2019-09-23,2019,,94.0,,,0,0,N,0.0,0.0,0.0,,,,,,,,36.03523,-86.78694,True,Crashes_2010_2019_MPO
102498291,2019-09-04,2019,,94.0,,,0,0,N,0.0,0.0,0.0,,,,,,,,35.96219,-86.80168,True,Crashes_2010_2019_MPO
102384584,2019-05-09,2019,,94.0,,,0,0,N,0.0,0.0,0.0,,,,,,,,35.9923,-86.82836,True,Crashes_2010_2019_MPO
101158287,2016-04-05,2016,,19.0,,,0,0,N,0.0,0.0,0.0,,,,,,,,36.03856,-86.78332,False,Crashes_2010_2019_MPO
101762799,2017-09-16,2017,,19.0,,,0,0,N,0.0,0.0,0.0,,,,,,,,36.0409,-86.77938,False,Crashes_2010_2019_MPO
102220271,2018-11-21,2018,,94.0,,,0,0,N,0.0,0.0,0.0,,,,,,,,35.9767,-86.80427,True,Crashes_2010_2019_MPO
102081109,2018-07-20,2018,,94.0,,,0,0,N,0.0,0.0,0.0,,,,,,,,35.92314,-86.87106,False,Crashes_2010_2019_MPO
100944866,2015-09-04,2015,,19.0,,,0,0,N,0.0,0.0,0.0,,,,,,,,36.04597,-86.71333,False,Crashes_2010_2019_MPO
102135196,2018-08-31,2018,,94.0,,,0,0,N,0.0,0.0,0.0,,,,,,,,35.94762,-86.8143,False,Crashes_2010_2019_MPO
102065916,2018-07-06,2018,,94.0,,,0,0,N,0.0,0.0,0.0,,,,,,,,35.9791,-86.77101,True,Crashes_2010_2019_MPO
101390678,2016-09-27,2016,,94.0,,,0,0,N,0.0,0.0,0.0,,,,,,,,36.02569,-86.79298,True,Crashes_2010_2019_MPO
102532982,2019-10-08,2019,,19.0,,,0,0,N,0.0,0.0,0.0,,,,,,,,36.04115,-86.77631,False,Crashes_2010_2019_MPO
100361296,2013-08-01,2013,,94.0,,,0,0,N,0.0,0.0,0.0,,,,,,,,35.94778,-86.81919,False,Crashes_2010_2019_MPO
101730731,2017-08-14,2017,,94.0,,,0,0,N,0.0,0.0,0.0,,,,,,,,36.03175,-86.78961,True,Crashes_2010_2019_MPO
101452179,2016-11-17,2016,,19.0,,,0,0,N,0.0,0.0,0.0,,,,,,,,36.05049,-86.87668,False,Crashes_2010_2019_MPO
101165258,2016-04-16,2016,,19.0,,,0,0,N,0.0,0.0,0.0,,,,,,,,36.03229,-86.71276,False,Crashes_2010_2019_MPO
102073839,2018-07-13,2018,,19.0,,,0,0,N,0.0,0.0,0.0,,,,,,,,36.04522,-86.71479,False,Crashes_2010_2019_MPO
101430449,2016-11-02,2016,,94.0,,,0,0,N,0.0,0.0,0.0,,,,,,,,35.9912,-86.68349,False,Crashes_2010_2019_MPO
101486909,2016-12-25,2016,,19.0,,,0,0,N,0.0,0.0,0.0,,,,,,,,36.0289,-86.74607,False,Crashes_2010_2019_MPO
101702245,2017-07-15,2017,,94.0,,,0,0,N,0.0,0.0,0.0,,,,,,,,35.96681,-86.81119,True,Crashes_2010_2019_MPO
100695944,2014-11-24,2014,,94.0,,,0,0,N,0.0,0.0,0.0,,,,,,,,35.96384,-86.80041,True,Crashes_2010_2019_MPO
100389677,2013-10-08,2013,,94.0,,,0,0,N,0.0,0.0,0.0,,,,,,,,35.92509,-86.7671,False,Crashes_2010_2019_MPO
101545297,2017-02-04,2017,,94.0,,,0,0,N,0.0,0.0,0.0,,,,,,,,35.99784,-86.79846,True,Crashes_2010_2019_MPO
102593515,2019-12-10,2019,,94.0,,,0,0,N,0.0,0.0,0.0,,,,,,,,35.97334,-86.83305,True,Crashes_2010_2019_MPO
101590795,2017-03-22,2017,,19.0,,,0,0,N,0.0,0.0,0.0,,,,,,,,36.04001,-86.74347,False,Crashes_2010_2019_MPO
100131732,2011-12-27,2011,,94.0,,,0,0,N,0.0,0.0,0.0,,,,,,,,35.96672,-86.80909,True,Crashes_2010_2019_MPO
102174787,2018-10-12,2018,,94.0,,,0,0,N,0.0,0.0,0.0,,,,,,,,35.95579,-86.8171,False,Crashes_2010_2019_MPO
102334863,2019-03-19,2019,,19.0,,,0,0,N,0.0,0.0,0.0,,,,,,,,36.02427,-86.75192,False,Crashes_2010_2019_MPO
102136040,2018-09-06,2018,,94.0,,,0,0,N,0.0,0.0,0.0,,,,,,,,35.92622,-86.72738,False,Crashes_2010_2019_MPO
101563743,2017-02-23,2017,,19.0,,,0,0,N,0.0,0.0,0.0,,,,,,,,36.05072,-86.71414,False,Crashes_2010_2019_MPO
101800596,2017-10-22,2017,,94.0,,,0,0,N,0.0,0.0,0.0,,,,,,,,35.92972,-86.82026,False,Crashes_2010_2019_MPO
101633763,2017-05-03,2017,,94.0,,,0,0,N,0.0,0.0,0.0,,,,,,,,35.99937,-86.79567,True,Crashes_2010_2019_MPO
100882887,2015-07-07,2015,,19.0,,,0,0,N,0.0,0.0,0.0,,,,,,,,36.04482,-86.84894,False,Crashes_2010_2019_MPO
100704659,2014-12-10,2014,,94.0,,,0,0,N,0.0,0.0,0.0,,,,,,,,35.96018,-86.84114,False,Crashes_2010_2019_MPO
100268402,2012-12-18,2012,,94.0,,,0,0,N,0.0,0.0,0.0,,,,,,,,35.9666,-86.81371,True,Crashes_2010_2019_MPO
101704985,2017-07-18,2017,,94.0,,,0,0,N,0.0,0.0,0.0,,,,,,,,35.93446,-86.81991,False,Crashes_2010_2019_MPO
100381259,2013-09-19,2013,,94.0,,,0,0,N,0.0,0.0,0.0,,,,,,,,35.94003,-86.82148,False,Crashes_2010_2019_MPO
101504004,2017-01-13,2017,,19.0,,,0,0,N,0.0,0.0,0.0,,,,,,,,36.04495,-86.78086,False,Crashes_2010_2019_MPO
102084857,2018-07-20,2018,,94.0,,,0,0,N,0.0,0.0,0.0,,,,,,,,35.96676,-86.81365,True,Crashes_2010_2019_MPO
100543626,2014-05-27,2014,,94.0,,,0,0,N,0.0,0.0,0.0,,,,,,,,35.92547,-86.87275,False,Crashes_2010_2019_MPO
101804969,2017-10-27,2017,,19.0,,,0,0,N,0.0,0.0,0.0,,,,,,,,36.04361,-86.68861,False,Crashes_2010_2019_MPO
101495404,2017-01-04,2017,,19.0,,,0,0,N,0.0,0.0,0.0,,,,,,,,36.02662,-86.68062,False,Crashes_2010_2019_MPO
101695724,2017-07-08,2017,,19.0,,,0,0,N,0.0,0.0,0.0,,,,,,,,36.0407,-86.74365,False,Crashes_2010_2019_MPO
102105410,2018-08-10,2018,,94.0,,,0,0,N,0.0,0.0,0.0,,,,,,,,36.03595,-86.78722,True,Crashes_2010_2019_MPO
101184715,2016-04-29,2016,,94.0,,,0,0,N,0.0,0.0,0.0,,,,,,,,35.94815,-86.81734,False,Crashes_2010_2019_MPO
101232144,2016-05-25,2016,,19.0,,,0,0,N,0.0,0.0,0.0,,,,,,,,36.04001,-86.74347,False,Crashes_2010_2019_MPO
102436167,2019-07-03,2019,,19.0,,,0,0,N,0.0,0.0,0.0,,,,,,,,36.0409,-86.77938,False,Crashes_2010_2019_MPO
100363604,2013-08-06,2013,,94.0,,,0,0,N,0.0,0.0,0.0,,,,,,,,35.94686,-86.85162,False,Crashes_2010_2019_MPO
100853495,2015-06-01,2015,,19.0,,,0,0,N,0.0,0.0,0.0,,,,,,,,36.03911,-86.78262,False,Crashes_2010_2019_MPO
101454782,2016-11-19,2016,,19.0,,,0,0,N,0.0,0.0,0.0,,,,,,,,35.99148,-86.68377,False,Crashes_2010_2019_MPO
100830005,2015-05-07,2015,,19.0,,,0,0,N,0.0,0.0,0.0,,,,,,,,36.03743,-86.78717,False,Crashes_2010_2019_MPO
101900753,2018-01-29,2018,,19.0,,,0,0,N,0.0,0.0,0.0,,,,,,,,35.99589,-86.69089,False,Crashes_2010_2019_MPO
102233509,2018-12-03,2018,,94.0,,,0,0,N,0.0,0.0,0.0,,,,,,,,35.96428,-86.78665,True,Crashes_2010_2019_MPO
101653662,2017-05-24,2017,,94.0,,,0,0,N,0.0,0.0,0.0,,,,,,,,35.95296,-86.81791,False,Crashes_2010_2019_MPO
101947071,2018-03-16,2018,,94.0,,,0,0,N,0.0,0.0,0.0,,,,,,,,35.99763,-86.79723,True,Crashes_2010_2019_MPO
101897708,2018-01-26,2018,,19.0,,,0,0,N,0.0,0.0,0.0,,,,,,,,36.04075,-86.72688,False,Crashes_2010_2019_MPO
101882959,2018-01-09,2018,,94.0,,,0,0,N,0.0,0.0,0.0,,,,,,,,35.96125,-86.80931,False,Crashes_2010_2019_MPO
102035716,2018-06-07,2018,,94.0,,,0,0,N,0.0,0.0,0.0,,,,,,,,35.96681,-86.81119,True,Crashes_2010_2019_MPO
101878256,2018-01-05,2018,,19.0,,,0,0,N,0.0,0.0,0.0,,,,,,,,36.04012,-86.78074,False,Crashes_2010_2019_MPO
101953854,2018-03-23,2018,,94.0,,,0,0,N,0.0,0.0,0.0,,,,,,,,36.03336,-86.78872,True,Crashes_2010_2019_MPO
101398992,2016-10-08,2016,,94.0,,,0,0,N,0.0,0.0,0.0,,,,,,,,35.92497,-86.87375,False,Crashes_2010_2019_MPO
102504913,2019-09-03,2019,,94.0,,,0,0,N,0.0,0.0,0.0,,,,,,,,36.00417,-86.79083,True,Crashes_2010_2019_MPO
100272744,2012-12-28,2012,,94.0,,,0,0,N,0.0,0.0,0.0,,,,,,,,35.92674,-86.87005,False,Crashes_2010_2019_MPO
101150974,2016-03-25,2016,,19.0,,,0,0,N,0.0,0.0,0.0,,,,,,,,36.04663,-86.71341,False,Crashes_2010_2019_MPO
100858353,2015-06-10,2015,,19.0,,,0,0,N,0.0,0.0,0.0,,,,,,,,36.04531,-86.70166,False,Crashes_2010_2019_MPO
101771006,2017-09-24,2017,,19.0,,,0,0,N,0.0,0.0,0.0,,,,,,,,36.02547,-86.71318,False,Crashes_2010_2019_MPO
101581966,2017-03-13,2017,,19.0,,,0,0,N,0.0,0.0,0.0,,,,,,,,36.0414,-86.77985,False,Crashes_2010_2019_MPO
101000443,2015-10-30,2015,,19.0,,,0,0,N,0.0,0.0,0.0,,,,,,,,36.03758,-86.78521,False,Crashes_2010_2019_MPO
101073629,2016-01-07,2016,,94.0,,,0,0,N,0.0,0.0,0.0,,,,,,,,35.93363,-86.87771,False,Crashes_2010_2019_MPO
102318673,2019-03-01,2019,,94.0,,,0,0,N,0.0,0.0,0.0,,,,,,,,35.934,-86.81878,False,Crashes_2010_2019_MPO
101267595,2016-06-17,2016,,94.0,,,0,0,N,0.0,0.0,0.0,,,,,,,,35.98439,-86.72434,True,Crashes_2010_2019_MPO
102330080,2019-03-14,2019,,94.0,,,0,0,N,0.0,0.0,0.0,,,,,,,,36.023,-86.78688,True,Crashes_2010_2019_MPO
101877433,2018-01-04,2018,,19.0,,,0,0,N,0.0,0.0,0.0,,,,,,,,36.04956,-86.71382,False,Crashes_2010_2019_MPO
100498085,2014-04-18,2014,,94.0,,,0,0,N,0.0,0.0,0.0,,,,,,,,35.92985,-86.84181,False,Crashes_2010_2019_MPO
101832012,2017-11-20,2017,,94.0,,,0,0,N,0.0,0.0,0.0,,,,,,,,35.9463,-86.8085,False,Crashes_2010_2019_MPO
101970339,2018-04-07,2018,,19.0,,,0,0,N,0.0,0.0,0.0,,,,,,,,36.04334,-86.6891,False,Crashes_2010_2019_MPO
102472323,2019-08-09,2019,,19.0,,,0,0,N,0.0,0.0,0.0,,,,,,,,36.03238,-86.70378,False,Crashes_2010_2019_MPO
100370537,2013-08-23,2013,,94.0,,,0,0,N,0.0,0.0,0.0,,,,,,,,35.9325,-86.86245,False,Crashes_2010_2019_MPO
102161396,2018-09-29,2018,,19.0,,,0,0,N,0.0,0.0,0.0,,,,,,,,36.04853,-86.71786,False,Crashes_2010_2019_MPO
101432586,2016-11-03,2016,,94.0,,,0,0,N,0.0,0.0,0.0,,,,,,,,35.98029,-86.8027,True,Crashes_2010_2019_MPO
102004120,2018-05-08,2018,,94.0,,,0,0,N,0.0,0.0,0.0,,,,,,,,35.94979,-86.81932,False,Crashes_2010_2019_MPO
101468936,2016-12-06,2016,,94.0,,,0,0,N,0.0,0.0,0.0,,,,,,,,35.94036,-86.83304,False,Crashes_2010_2019_MPO
102578671,2019-11-25,2019,,94.0,,,0,0,N,0.0,0.0,0.0,,,,,,,,35.93374,-86.81767,False,Crashes_2010_2019_MPO
101746326,2017-08-30,2017,,94.0,,,0,0,N,0.0,0.0,0.0,,,,,,,,36.03103,-86.79001,True,Crashes_2010_2019_MPO
102579954,2019-11-22,2019,,94.0,,,0,0,N,0.0,0.0,0.0,,,,,,,,35.94675,-86.85178,False,Crashes_2010_2019_MPO
100362616,2013-08-04,2013,,94.0,,,0,0,N,0.0,0.0,0.0,,,,,,,,35.92947,-86.84135,False,Crashes_2010_2019_MPO
100695183,2014-11-23,2014,,19.0,,,0,0,N,0.0,0.0,0.0,,,,,,,,36.03995,-86.78266,False,Crashes_2010_2019_MPO
100408548,2013-11-21,2013,,94.0,,,0,0,N,0.0,0.0,0.0,,,,,,,,35.94374,-86.84488,False,Crashes_2010_2019_MPO
101808191,2017-10-29,2017,,19.0,,,0,0,N,0.0,0.0,0.0,,,,,,,,36.0456,-86.71088,False,Crashes_2010_2019_MPO
102562078,2019-11-08,2019,,19.0,,,0,0,N,0.0,0.0,0.0,,,,,,,,36.03798,-86.78458,False,Crashes_2010_2019_MPO
102489348,2019-08-26,2019,,94.0,,,0,0,N,0.0,0.0,0.0,,,,,,,,35.92609,-86.82436,False,Crashes_2010_2019_MPO
101319568,2016-08-03,2016,,19.0,,,0,0,N,0.0,0.0,0.0,,,,,,,,36.03825,-86.78634,False,Crashes_2010_2019_MPO
100711230,2014-12-22,2014,,94.0,,,0,0,N,0.0,0.0,0.0,,,,,,,,35.93416,-86.8779,False,Crashes_2010_2019_MPO
100797003,2015-03-24,2015,,19.0,,,0,0,N,0.0,0.0,0.0,,,,,,,,36.03921,-86.7825,False,Crashes_2010_2019_MPO
101499828,2017-01-06,2017,,94.0,,,0,0,N,0.0,0.0,0.0,,,,,,,,35.9939,-86.70046,True,Crashes_2010_2019_MPO
102412684,2019-06-07,2019,,94.0,,,0,0,N,0.0,0.0,0.0,,,,,,,,35.95209,-86.81805,False,Crashes_2010_2019_MPO
10601082,2011-01-08,2011,,19.0,,,0,0, ,0.0,0.0,0.0,,,,,,,,36.03252,-86.71272,False,Crashes_2010_2019_MPO
101755882,2017-09-08,2017,,94.0,,,0,0,N,0.0,0.0,0.0,,,,,,,,36.00913,-86.7858,True,Crashes_2010_2019_MPO
102476626,2019-08-13,2019,,94.0,,,0,0,N,0.0,0.0,0.0,,,,,,,,36.01332,-86.80268,True,Crashes_2010_2019_MPO
101766052,2017-09-20,2017,,94.0,,,0,0,N,0.0,0.0,0.0,,,,,,,,35.99156,-86.79881,True,Crashes_2010_2019_MPO
102545515,2019-10-22,2019,,94.0,,,0,0,N,0.0,0.0,0.0,,,,,,,,35.95209,-86.81805,False,Crashes_2010_2019_MPO
100642839,2014-10-13,2014,,94.0,,,0,1,N,0.0,1.0,0.0,,,,,,,,35.9499,-86.81628,False,Crashes_2010_2019_MPO
100704093,2014-12-08,2014,,94.0,,,0,0,N,0.0,0.0,0.0,,,,,,,,35.92339,-86.87017,False,Crashes_2010_2019_MPO
100942188,2015-08-29,2015,,19.0,,,0,0,N,0.0,0.0,0.0,,,,,,,,36.04537,-86.71326,False,Crashes_2010_2019_MPO
102500399,2019-09-05,2019,,94.0,,,0,0,N,0.0,0.0,0.0,,,,,,,,35.94133,-86.83805,False,Crashes_2010_2019_MPO
101755475,2017-09-08,2017,,94.0,,,0,0,N,0.0,0.0,0.0,,,,,,,,35.96458,-86.8144,False,Crashes_2010_2019_MPO
102252464,2018-12-20,2018,,94.0,,,0,0,N,0.0,0.0,0.0,,,,,,,,35.9654,-86.70256,False,Crashes_2010_2019_MPO
100408156,2013-11-20,2013,,94.0,,,0,0,N,0.0,0.0,0.0,,,,,,,,35.93459,-86.81976,False,Crashes_2010_2019_MPO
100209734,2012-07-27,2012,,94.0,,,0,0,N,0.0,0.0,0.0,,,,,,,,36.03574,-86.78735,True,Crashes_2010_2019_MPO
100615122,2014-09-05,2014,,94.0,,,0,0,N,0.0,0.0,0.0,,,,,,,,35.96682,-86.81189,True,Crashes_2010_2019_MPO
101071907,2016-01-04,2016,,19.0,,,0,0,N,0.0,0.0,0.0,,,,,,,,36.04542,-86.71317,False,Crashes_2010_2019_MPO
100879025,2015-06-30,2015,,94.0,,,0,0,N,0.0,0.0,0.0,,,,,,,,35.94454,-86.82089,False,Crashes_2010_2019_MPO
101917655,2018-02-16,2018,,19.0,,,0,0,N,0.0,0.0,0.0,,,,,,,,36.0453,-86.70168,False,Crashes_2010_2019_MPO
102285502,2019-01-23,2019,,19.0,,,0,0,N,0.0,0.0,0.0,,,,,,,,36.02753,-86.68003,False,Crashes_2010_2019_MPO
100716286,2015-01-02,2015,,94.0,,,0,0,N,0.0,0.0,0.0,,,,,,,,35.95842,-86.80225,False,Crashes_2010_2019_MPO
100595320,2014-08-13,2014,,94.0,,,0,0,N,0.0,0.0,0.0,,,,,,,,35.95308,-86.8467,False,Crashes_2010_2019_MPO
102225148,2018-11-26,2018,,94.0,,,0,0,N,0.0,0.0,0.0,,,,,,,,35.95713,-86.81149,False,Crashes_2010_2019_MPO
100309807,2013-03-30,2013,,94.0,,,0,0,N,0.0,0.0,0.0,,,,,,,,35.92322,-86.87308,False,Crashes_2010_2019_MPO
100361914,2013-08-02,2013,,19.0,,,0,0,N,0.0,0.0,0.0,,,,,,,,36.0343,-86.8737,False,Crashes_2010_2019_MPO
100635792,2014-09-29,2014,,19.0,,,0,0,N,0.0,0.0,0.0,,,,,,,,36.04561,-86.71976,False,Crashes_2010_2019_MPO
101759769,2017-09-12,2017,,94.0,,,0,0,N,0.0,0.0,0.0,,,,,,,,35.99784,-86.79908,True,Crashes_2010_2019_MPO
101566218,2017-02-25,2017,,94.0,,,0,0,N,0.0,0.0,0.0,,,,,,,,35.96518,-86.80029,True,Crashes_2010_2019_MPO
101122267,2016-02-25,2016,,19.0,,,0,0,N,0.0,0.0,0.0,,,,,,,,36.04715,-86.77641,False,Crashes_2010_2019_MPO
102346099,2019-03-30,2019,,94.0,,,0,0,N,0.0,0.0,0.0,,,,,,,,35.97097,-86.82186,True,Crashes_2010_2019_MPO
101846033,2017-12-02,2017,,94.0,,,0,0,N,0.0,0.0,0.0,,,,,,,,35.95772,-86.80261,False,Crashes_2010_2019_MPO
101736753,2017-08-20,2017,,94.0,,,0,0,N,0.0,0.0,0.0,,,,,,,,35.96681,-86.81119,True,Crashes_2010_2019_MPO
101129913,2016-03-07,2016,,94.0,,,0,0,N,0.0,0.0,0.0,,,,,,,,35.92391,-86.87162,False,Crashes_2010_2019_MPO
101107223,2016-02-17,2016,,19.0,,,0,0,N,0.0,0.0,0.0,,,,,,,,36.04119,-86.77667,False,Crashes_2010_2019_MPO
102047339,2018-06-18,2018,,94.0,,,0,0,N,0.0,0.0,0.0,,,,,,,,35.99676,-86.78801,True,Crashes_2010_2019_MPO
100720271,2015-01-11,2015,,19.0,,,0,0,N,0.0,0.0,0.0,,,,,,,,36.05438,-86.68119,False,Crashes_2010_2019_MPO
101093721,2016-01-25,2016,,94.0,,,0,0,N,0.0,0.0,0.0,,,,,,,,35.93446,-86.81991,False,Crashes_2010_2019_MPO
102176196,2018-10-12,2018,,19.0,,,0,0,N,0.0,0.0,0.0,,,,,,,,36.04,-86.78087,False,Crashes_2010_2019_MPO
100795985,2015-03-22,2015,,19.0,,,0,0,N,0.0,0.0,0.0,,,,,,,,36.03213,-86.71273,False,Crashes_2010_2019_MPO
100875340,2015-06-23,2015,,94.0,,,0,0,N,0.0,0.0,0.0,,,,,,,,35.97835,-86.75638,True,Crashes_2010_2019_MPO
10581140,2010-02-04,2010,,19.0,,,0,0, ,0.0,0.0,0.0,,,,,,,,36.052427,-86.701933,False,Crashes_2010_2019_MPO
101103283,2016-02-10,2016,,94.0,,,0,0,N,0.0,0.0,0.0,,,,,,,,35.97845,-86.75577,True,Crashes_2010_2019_MPO
100640604,2014-10-08,2014,,94.0,,,0,0,N,0.0,0.0,0.0,,,,,,,,35.9931,-86.69598,True,Crashes_2010_2019_MPO
101730481,2017-08-14,2017,,94.0,,,0,0,N,0.0,0.0,0.0,,,,,,,,35.93292,-86.81159,False,Crashes_2010_2019_MPO
101232722,2016-05-26,2016,,94.0,,,0,0,N,0.0,0.0,0.0,,,,,,,,35.93212,-86.79398,False,Crashes_2010_2019_MPO