mstrrecnbr,collision_ts,year,county,countystat,crash,crash_type,fatalities,non_motorists,commercial,fatal_c,nonmotor_c,truck_c,fatalc,serious_injuries,ped,bike,lighting,weather,first_harmful_event,latitude,longitude,in_city,src_layer
100486075,2014-04-12,2014,,94.0,,,0,0,N,0.0,0.0,0.0,,,,,,,,35.956,-86.86606,False,Crashes_2010_2019_MPO
101504132,2017-01-13,2017,,94.0,,,0,0,N,0.0,0.0,0.0,,,,,,,,36.00219,-86.79319,True,Crashes_2010_2019_MPO
100359147,2013-07-26,2013,,94.0,,,0,0,N,0.0,0.0,0.0,,,,,,,,35.93309,-86.86201,False,Crashes_2010_2019_MPO
102404657,2019-05-30,2019,,19.0,,,0,0,N,0.0,0.0,0.0,,,,,,,,36.03932,-86.78204,False,Crashes_2010_2019_MPO
100908267,2015-07-18,2015,,19.0,,,0,0,N,0.0,0.0,0.0,,,,,,,,36.04022,-86.7273,False,Crashes_2010_2019_MPO
102579456,2019-11-25,2019,,19.0,,,0,0,N,0.0,0.0,0.0,,,,,,,,36.04522,-86.71479,False,Crashes_2010_2019_MPO
100417947,2013-12-11,2013,,94.0,,,0,0,N,0.0,0.0,0.0,,,,,,,,35.9459,-86.80673,False,Crashes_2010_2019_MPO
102609345,2019-12-28,2019,,94.0,,,0,0,N,0.0,0.0,0.0,,,,,,,,35.93038,-86.82004,False,Crashes_2010_2019_MPO
101550704,2017-02-10,2017,,94.0,,,0,0,N,0.0,0.0,0.0,,,,,,,,36.01467,-86.72558,False,Crashes_2010_2019_MPO
102007761,2018-05-11,2018,,19.0,,,0,0,N,0.0,0.0,0.0,,,,,,,,36.0249,-86.7379,False,Crashes_2010_2019_MPO
100340038,2013-06-10,2013,,94.0,,,0,0,N,0.0,0.0,0.0,,,,,,,,35.99529,-86.77646,True,Crashes_2010_2019_MPO
101608144,2017-04-08,2017,,94.0,,,0,0,N,0.0,0.0,0.0,,,,,,,,35.94596,-86.82336,False,Crashes_2010_2019_MPO
102225766,2018-11-27,2018,,94.0,,,0,0,N,0.0,0.0,0.0,,,,,,,,35.93446,-86.81991,False,Crashes_2010_2019_MPO
102065906,2018-07-06,2018,,94.0,,,0,0,N,0.0,0.0,0.0,,,,,,,,35.92546,-86.87275,False,Crashes_2010_2019_MPO
101863756,2017-12-19,2017,,94.0,,,0,0,N,0.0,0.0,0.0,,,,,,,,35.94699,-86.81153,False,Crashes_2010_2019_MPO
100384374,2013-09-27,2013,,94.0,,,0,0,N,0.0,0.0,0.0,,,,,,,,35.92983,-86.82417,False,Crashes_2010_2019_MPO
100630513,2014-09-18,2014,,94.0,,,0,0,N,0.0,0.0,0.0,,,,,,,,35.96694,-86.81267,True,Crashes_2010_2019_MPO
100680513,2014-11-11,2014,,19.0,,,0,0,N,0.0,0.0,0.0,,,,,,,,36.03407,-86.78316,True,Crashes_2010_2019_MPO
101304450,2016-07-27,2016,,94.0,,,0,0,N,0.0,0.0,0.0,,,,,,,,35.96681,-86.81119,True,Crashes_2010_2019_MPO
101871416,2017-12-28,2017,,94.0,,,0,0,N,0.0,0.0,0.0,,,,,,,,35.96166,-86.81208,False,Crashes_2010_2019_MPO
102512352,2019-09-17,2019,,19.0,,,0,0,N,0.0,0.0,0.0,,,,,,,,36.03352,-86.71298,False,Crashes_2010_2019_MPO
101743757,2017-08-27,2017,,19.0,,,0,0,N,0.0,0.0,0.0,,,,,,,,36.0472,-86.8623,False,Crashes_2010_2019_MPO
101952037,2018-03-22,2018,,19.0,,,0,0,N,0.0,0.0,0.0,,,,,,,,36.03965,-86.73883,False,Crashes_2010_2019_MPO
102558192,2019-11-04,2019,,94.0,,,0,0,N,0.0,0.0,0.0,,,,,,,,35.99153,-86.75333,True,Crashes_2010_2019_MPO
100459931,2014-03-04,2014,,94.0,,,0,0,N,0.0,0.0,0.0,,,,,,,,36.01616,-86.83062,True,Crashes_2010_2019_MPO
102488609,2019-08-25,2019,,94.0,,,0,0,N,0.0,0.0,0.0,,,,,,,,35.93371,-86.77945,False,Crashes_2010_2019_MPO
101988144,2018-04-24,2018,,94.0,,,0,0,N,0.0,0.0,0.0,,,,,,,,36.03497,-86.78333,True,Crashes_2010_2019_MPO
101916149,2018-02-14,2018,,94.0,,,0,0,N,0.0,0.0,0.0,,,,,,,,35.99637,-86.78746,True,Crashes_2010_2019_MPO
100356025,2013-07-18,2013,,94.0,,,0,0,N,0.0,0.0,0.0,,,,,,,,35.97005,-86.78991,True,Crashes_2010_2019_MPO
101333221,2016-08-21,2016,,94.0,,,0,0,N,0.0,0.0,0.0,,,,,,,,35.96518,-86.80029,True,Crashes_2010_2019_MPO
101771929,2017-09-25,2017,,94.0,,,0,0,N,0.0,0.0,0.0,,,,,,,,35.98554,-86.73239,True,Crashes_2010_2019_MPO
102056003,2018-06-27,2018,,19.0,,,0,0,N,0.0,0.0,0.0,,,,,,,,36.0384,-86.80349,False,Crashes_2010_2019_MPO
100668093,2014-11-10,2014,,94.0,,,0,0,N,0.0,0.0,0.0,,,,,,,,35.95357,-86.81782,False,Crashes_2010_2019_MPO
101576549,2017-03-07,2017,,94.0,,,0,0,N,0.0,0.0,0.0,,,,,,,,35.96118,-86.75924,True,Crashes_2010_2019_MPO
100585549,2014-07-20,2014,,94.0,,,0,0,N,0.0,0.0,0.0,,,,,,,,35.94646,-86.85194,False,Crashes_2010_2019_MPO
101797033,2017-10-19,2017,,19.0,,,0,0,N,0.0,0.0,0.0,,,,,,,,36.03112,-86.75126,False,Crashes_2010_2019_MPO
100715586,2014-12-31,2014,,94.0,,,0,0,N,0.0,0.0,0.0,,,,,,,,35.9454,-86.82761,False,Crashes_2010_2019_MPO
102094220,2018-08-01,2018,,94.0,,,0,0,N,0.0,0.0,0.0,,,,,,,,35.95916,-86.8021,False,Crashes_2010_2019_MPO
101148891,2016-03-22,2016,,19.0,,,0,0,N,0.0,0.0,0.0,,,,,,,,36.04104,-86.77532,False,Crashes_2010_2019_MPO
101531170,2017-01-21,2017,,19.0,,,0,0,N,0.0,0.0,0.0,,,,,,,,36.04222,-86.77067,False,Crashes_2010_2019_MPO
100807466,2015-04-12,2015,,19.0,,,0,3,N,0.0,1.0,0.0,,,,,,,,36.03739,-86.70403,False,Crashes_2010_2019_MPO
101350834,2016-08-30,2016,,94.0,,,0,0,N,0.0,0.0,0.0,,,,,,,,35.96598,-86.80602,True,Crashes_2010_2019_MPO
102546686,2019-10-23,2019,,94.0,,,0,0,N,0.0,0.0,0.0,,,,,,,,35.94603,-86.81946,False,Crashes_2010_2019_MPO
101464453,2016-12-01,2016,,94.0,,,0,0,Y,0.0,0.0,1.0,,,,,,,,35.97745,-86.77448,True,Crashes_2010_2019_MPO
100681301,2014-11-16,2014,,94.0,,,0,0,N,0.0,0.0,0.0,,,,,,,,35.99415,-86.76385,True,Crashes_2010_2019_MPO
101283628,2016-07-02,2016,,94.0,,,0,0,N,0.0,0.0,0.0,,,,,,,,35.92827,-86.76703,False,Crashes_2010_2019_MPO
100390679,2013-10-11,2013,,19.0,,,0,0,N,0.0,0.0,0.0,,,,,,,,36.03263,-86.78333,True,Crashes_2010_2019_MPO
100829909,2015-05-07,2015,,19.0,,,0,0,N,0.0,0.0,0.0,,,,,,,,36.03735,-86.78829,False,Crashes_2010_2019_MPO
102044897,2018-06-15,2018,,94.0,,,0,0,N,0.0,0.0,0.0,,,,,,,,35.96705,-86.81355,True,Crashes_2010_2019_MPO
100265023,2012-12-11,2012,,94.0,,,0,0,N,0.0,0.0,0.0,,,,,,,,35.92738,-86.86871,False,Crashes_2010_2019_MPO
101007094,2015-11-10,2015,,94.0,,,0,0,N,0.0,0.0,0.0,,,,,,,,35.96372,-86.81053,False,Crashes_2010_2019_MPO
102594866,2019-12-11,2019,,19.0,,,0,0,Y,0.0,0.0,1.0,,,,,,,,36.04039,-86.78216,False,Crashes_2010_2019_MPO
100263088,2012-12-07,2012,,94.0,,,0,0,N,0.0,0.0,0.0,,,,,,,,36.01337,-86.80296,True,Crashes_2010_2019_MPO
100591872,2014-08-05,2014,,94.0,,,0,0,N,0.0,0.0,0.0,,,,,,,,35.94664,-86.82233,False,Crashes_2010_2019_MPO
100460053,2014-03-04,2014,,94.0,,,0,0,N,0.0,0.0,0.0,,,,,,,,35.95723,-86.81662,False,Crashes_2010_2019_MPO
101407414,2016-10-19,2016,,19.0,,,0,0,N,0.0,0.0,0.0,,,,,,,,36.04535,-86.70243,False,Crashes_2010_2019_MPO
101323089,2016-08-08,2016,,94.0,,,0,0,N,0.0,0.0,0.0,,,,,,,,36.03358,-86.78944,True,Crashes_2010_2019_MPO
102265503,2019-01-03,2019,,19.0,,,0,0,Y,0.0,0.0,1.0,,,,,,,,36.04195,-86.7129,False,Crashes_2010_2019_MPO
101866935,2017-12-22,2017,,94.0,,,0,0,N,0.0,0.0,0.0,,,,,,,,36.03154,-86.78903,True,Crashes_2010_2019_MPO
102228826,2018-11-29,2018,,94.0,,,0,0,N,0.0,0.0,0.0,,,,,,,,35.92891,-86.87519,False,Crashes_2010_2019_MPO
101563459,2017-02-23,2017,,94.0,,,0,0,N,0.0,0.0,0.0,,,,,,,,35.92838,-86.86538,False,Crashes_2010_2019_MPO
101363660,2016-09-17,2016,,94.0,,,0,0,N,0.0,0.0,0.0,,,,,,,,35.96199,-86.81523,False,Crashes_2010_2019_MPO
101642705,2017-05-12,2017,,94.0,,,0,0,N,0.0,0.0,0.0,,,,,,,,36.01102,-86.78494,True,Crashes_2010_2019_MPO
100731557,2015-02-03,2015,,94.0,,,0,0,N,0.0,0.0,0.0,,,,,,,,35.97176,-86.70097,True,Crashes_2010_2019_MPO
100945538,2015-09-05,2015,,19.0,,,0,0,N,0.0,0.0,0.0,,,,,,,,36.04555,-86.71141,False,Crashes_2010_2019_MPO
102334755,2019-03-19,2019,,94.0,,,0,0,N,0.0,0.0,0.0,,,,,,,,35.99072,-86.68306,False,Crashes_2010_2019_MPO
100855917,2015-06-05,2015,,19.0,,,0,0,N,0.0,0.0,0.0,,,,,,,,36.03751,-86.78652,False,Crashes_2010_2019_MPO
100549352,2014-06-10,2014,,94.0,,,0,0,Y,0.0,0.0,1.0,,,,,,,,35.99401,-86.76249,True,Crashes_2010_2019_MPO
101165536,2016-04-16,2016,,94.0,,,0,0,N,0.0,0.0,0.0,,,,,,,,35.99781,-86.79886,True,Crashes_2010_2019_MPO
101821361,2017-11-10,2017,,94.0,,,0,0,N,0.0,0.0,0.0,,,,,,,,36.00417,-86.79083,True,Crashes_2010_2019_MPO
100819149,2015-04-16,2015,,19.0,,,0,0,N,0.0,0.0,0.0,,,,,,,,36.04682,-86.77739,False,Crashes_2010_2019_MPO
102208925,2018-11-12,2018,,94.0,,,0,0,N,0.0,0.0,0.0,,,,,,,,35.92496,-86.82469,False,Crashes_2010_2019_MPO
100980444,2015-10-16,2015,,19.0,,,0,0,N,0.0,0.0,0.0,,,,,,,,36.03948,-86.78177,False,Crashes_2010_2019_MPO
101007149,2015-11-11,2015,,94.0,,,0,0,N,0.0,0.0,0.0,,,,,,,,35.96133,-86.81226,False,Crashes_2010_2019_MPO
102284794,2019-01-22,2019,,94.0,,,0,0,N,0.0,0.0,0.0,,,,,,,,35.95361,-86.8226,False,Crashes_2010_2019_MPO
102330188,2019-03-14,2019,,19.0,,,0,0,N,0.0,0.0,0.0,,,,,,,,36.04534,-86.71354,False,Crashes_2010_2019_MPO
102295456,2019-02-02,2019,,19.0,,,0,0,N,0.0,0.0,0.0,,,,,,,,36.03975,-86.70977,False,Crashes_2010_2019_MPO
100286981,2013-02-02,2013,,94.0,,,0,0,N,0.0,0.0,0.0,,,,,,,,35.96584,-86.80586,True,Crashes_2010_2019_MPO
102521137,2019-09-26,2019,,94.0,,,0,0,N,0.0,0.0,0.0,,,,,,,,35.92889,-86.76744,False,Crashes_2010_2019_MPO
101011965,2015-11-18,2015,,94.0,,,0,0,N,0.0,0.0,0.0,,,,,,,,35.95867,-86.81554,False,Crashes_2010_2019_MPO
101570729,2017-03-02,2017,,19.0,,,0,0,N,0.0,0.0,0.0,,,,,,,,36.03179,-86.68047,False,Crashes_2010_2019_MPO
100347099,2013-06-27,2013,,94.0,,,0,0,N,0.0,0.0,0.0,,,,,,,,35.93564,-86.83922,False,Crashes_2010_2019_MPO
102477193,2019-08-14,2019,,19.0,,,0,0,N,0.0,0.0,0.0,,,,,,,,36.05041,-86.82243,False,Crashes_2010_2019_MPO
101949994,2018-03-19,2018,,19.0,,,0,0,N,0.0,0.0,0.0,,,,,,,,36.03502,-86.78334,True,Crashes_2010_2019_MPO
100596215,2014-08-15,2014,,94.0,,,0,0,N,0.0,0.0,0.0,,,,,,,,35.93026,-86.8241,False,Crashes_2010_2019_MPO
102595025,2019-12-11,2019,,94.0,,,0,0,N,0.0,0.0,0.0,,,,,,,,35.934,-86.81878,False,Crashes_2010_2019_MPO
102203112,2018-11-07,2018,,94.0,,,0,0,N,0.0,0.0,0.0,,,,,,,,35.94429,-86.81993,False,Crashes_2010_2019_MPO
102536976,2019-10-13,2019,,94.0,,,0,0,N,0.0,0.0,0.0,,,,,,,,35.99079,-86.75111,True,Crashes_2010_2019_MPO
100614619,2014-09-04,2014,,94.0,,,0,0,N,0.0,0.0,0.0,,,,,,,,35.93029,-86.87609,False,Crashes_2010_2019_MPO
101331173,2016-08-19,2016,,94.0,,,0,0,N,0.0,0.0,0.0,,,,,,,,35.99029,-86.81363,True,Crashes_2010_2019_MPO
102591508,2019-12-07,2019,,94.0,,,0,0,Y,0.0,0.0,1.0,,,,,,,,35.96056,-86.81207,False,Crashes_2010_2019_MPO
101665493,2017-06-05,2017,,19.0,,,0,0,N,0.0,0.0,0.0,,,,,,,,36.04651,-86.7134,False,Crashes_2010_2019_MPO
101650217,2017-05-19,2017,,94.0,,,0,0,N,0.0,0.0,0.0,,,,,,,,35.92839,-86.7654,False,Crashes_2010_2019_MPO
102215765,2018-11-18,2018,,94.0,,,0,0,N,0.0,0.0,0.0,,,,,,,,35.94899,-86.7499,True,Crashes_2010_2019_MPO
100693556,2014-11-19,2014,,19.0,,,0,0,N,0.0,0.0,0.0,,,,,,,,36.04345,-86.84405,False,Crashes_2010_2019_MPO
101642436,2017-05-12,2017,,19.0,,,0,0,N,0.0,0.0,0.0,,,,,,,,36.04537,-86.71326,False,Crashes_2010_2019_MPO
101231823,2016-05-24,2016,,94.0,,,0,0,N,0.0,0.0,0.0,,,,,,,,35.96595,-86.80315,True,Crashes_2010_2019_MPO
102187621,2018-10-24,2018,,94.0,,,0,0,N,0.0,0.0,0.0,,,,,,,,35.9576,-86.81056,False,Crashes_2010_2019_MPO
102404485,2019-05-29,2019,,94.0,,,0,0,N,0.0,0.0,0.0,,,,,,,,35.92658,-86.86813,False,Crashes_2010_2019_MPO
102126439,2018-08-29,2018,,94.0,,,0,0,N,0.0,0.0,0.0,,,,,,,,35.92278,-86.81477,False,Crashes_2010_2019_MPO
100718537,2015-01-07,2015,,94.0,,,0,0,N,0.0,0.0,0.0,,,,,,,,35.99004,-86.74527,True,Crashes_2010_2019_MPO
10818947,2012-01-04,2012,,19.0,,,0,0, ,0.0,0.0,0.0,,,,,,,,36.045607,-86.715075,False,Crashes_2010_2019_MPO
102593889,2019-12-10,2019,,94.0,,,0,0,N,0.0,0.0,0.0,,,,,,,,35.997491,-86.795088,True,Crashes_2010_2019_MPO
102246588,2018-12-14,2018,,94.0,,,0,0,N,0.0,0.0,0.0,,,,,,,,35.96172,-86.80176,True,Crashes_2010_2019_MPO
101884458,2018-01-11,2018,,94.0,,,0,0,N,0.0,0.0,0.0,,,,,,,,35.96716,-86.81351,True,Crashes_2010_2019_MPO
101582408,2017-03-13,2017,,94.0,,,0,0,N,0.0,0.0,0.0,,,,,,,,35.96683,-86.81118,True,Crashes_2010_2019_MPO
102328554,2019-03-12,2019,,94.0,,,0,0,N,0.0,0.0,0.0,,,,,,,,36.01978,-86.74213,False,Crashes_2010_2019_MPO
102599565,2019-12-16,2019,,19.0,,,0,0,N,0.0,0.0,0.0,,,,,,,,35.9976,-86.69091,False,Crashes_2010_2019_MPO
100290675,2013-02-02,2013,,94.0,,,0,0,N,0.0,0.0,0.0,,,,,,,,36.01194,-86.78484,True,Crashes_2010_2019_MPO
100347904,2013-06-28,2013,,94.0,,,0,0,N,0.0,0.0,0.0,,,,,,,,35.95581,-86.83102,False,Crashes_2010_2019_MPO
100617179,2014-09-10,2014,,94.0,,,0,0,N,0.0,0.0,0.0,,,,,,,,35.97068,-86.80603,True,Crashes_2010_2019_MPO
102329414,2019-03-13,2019,,94.0,,,0,0,N,0.0,0.0,0.0,,,,,,,,36.02041,-86.82063,True,Crashes_2010_2019_MPO
101128667,2016-03-06,2016,,94.0,,,0,0,N,0.0,0.0,0.0,,,,,,,,35.95383,-86.80405,False,Crashes_2010_2019_MPO
101388031,2016-09-23,2016,,94.0,,,0,0,N,0.0,0.0,0.0,,,,,,,,36.0205,-86.78268,True,Crashes_2010_2019_MPO
101684931,2017-06-27,2017,,19.0,,,0,0,N,0.0,0.0,0.0,,,,,,,,36.0473,-86.86274,False,Crashes_2010_2019_MPO
100819079,2015-04-16,2015,,94.0,,,0,0,N,0.0,0.0,0.0,,,,,,,,35.92873,-86.82436,False,Crashes_2010_2019_MPO
100509482,2014-05-15,2014,,94.0,,,0,0,N,0.0,0.0,0.0,,,,,,,,35.92402,-86.86989,False,Crashes_2010_2019_MPO
100943222,2015-09-01,2015,,94.0,,,0,0,N,0.0,0.0,0.0,,,,,,,,35.97924,-86.80307,True,Crashes_2010_2019_MPO
100657057,2014-10-21,2014,,94.0,,,0,0,N,0.0,0.0,0.0,,,,,,,,35.99781,-86.79885,True,Crashes_2010_2019_MPO
101569541,2017-03-01,2017,,94.0,,,0,0,N,0.0,0.0,0.0,,,,,,,,35.94269,-86.82102,False,Crashes_2010_2019_MPO
102290652,2019-01-28,2019,,94.0,,,0,0,N,0.0,0.0,0.0,,,,,,,,35.94634,-86.80867,False,Crashes_2010_2019_MPO
102062292,2018-07-03,2018,,94.0,,,0,0,N,0.0,0.0,0.0,,,,,,,,35.9247,-86.87219,False,Crashes_2010_2019_MPO
101433881,2016-11-01,2016,,94.0,,,0,0,N,0.0,0.0,0.0,,,,,,,,35.98102,-86.84638,False,Crashes_2010_2019_MPO
102465977,2019-08-02,2019,,19.0,,,0,0,N,0.0,0.0,0.0,,,,,,,,36.03751,-86.78652,False,Crashes_2010_2019_MPO
100941043,2015-08-28,2015,,94.0,,,0,0,N,0.0,0.0,0.0,,,,,,,,36.0075,-86.7872,True,Crashes_2010_2019_MPO
102376395,2019-04-30,2019,,94.0,,,0,0,N,0.0,0.0,0.0,,,,,,,,35.94701,-86.82018,False,Crashes_2010_2019_MPO
101850000,2017-12-04,2017,,94.0,,,0,0,N,0.0,0.0,0.0,,,,,,,,36.02671,-86.78976,True,Crashes_2010_2019_MPO
101554944,2017-02-15,2017,,94.0,,,0,0,N,0.0,0.0,0.0,,,,,,,,35.97007,-86.80625,True,Crashes_2010_2019_MPO
101359776,2016-09-08,2016,,19.0,,,0,0,N,0.0,0.0,0.0,,,,,,,,36.0255,-86.71214,False,Crashes_2010_2019_MPO
100999827,2015-10-29,2015,,19.0,,,0,0,N,0.0,0.0,0.0,,,,,,,,36.02599,-86.71297,False,Crashes_2010_2019_MPO
102465401,2019-08-02,2019,,94.0,,,0,0,N,0.0,0.0,0.0,,,,,,,,35.9669,-86.8136,True,Crashes_2010_2019_MPO
101394919,2016-10-02,2016,,19.0,,,0,0,N,0.0,0.0,0.0,,,,,,,,36.04159,-86.79101,False,Crashes_2010_2019_MPO
101605243,2017-04-06,2017,,19.0,,,0,0,N,0.0,0.0,0.0,,,,,,,,36.04199,-86.78234,False,Crashes_2010_2019_MPO
101418247,2016-10-20,2016,,19.0,,,0,0,N,0.0,0.0,0.0,,,,,,,,36.0374,-86.78657,False,Crashes_2010_2019_MPO
101131849,2016-03-10,2016,,94.0,,,0,0,N,0.0,0.0,0.0,,,,,,,,35.96513,-86.72715,True,Crashes_2010_2019_MPO
102174454,2018-10-11,2018,,94.0,,,0,0,N,0.0,0.0,0.0,,,,,,,,35.92309,-86.87139,False,Crashes_2010_2019_MPO
102113354,2018-08-15,2018,,94.0,,,0,0,N,0.0,0.0,0.0,,,,,,,,35.97308,-86.83327,False,Crashes_2010_2019_MPO
100939068,2015-08-25,2015,,19.0,,,0,0,N,0.0,0.0,0.0,,,,,,,,36.0378,-86.79461,False,Crashes_2010_2019_MPO
102358272,2019-04-12,2019,,94.0,,,0,0,N,0.0,0.0,0.0,,,,,,,,35.99201,-86.82832,True,Crashes_2010_2019_MPO
100397512,2013-10-24,2013,,94.0,,,0,0,N,0.0,0.0,0.0,,,,,,,,35.94305,-86.82063,False,Crashes_2010_2019_MPO
101390130,2016-09-26,2016,,94.0,,,0,0,N,0.0,0.0,0.0,,,,,,,,35.95051,-86.76622,True,Crashes_2010_2019_MPO
102078342,2018-07-18,2018,,94.0,,,0,0,N,0.0,0.0,0.0,,,,,,,,35.94616,-86.80856,False,Crashes_2010_2019_MPO
102391565,2019-05-17,2019,,94.0,,,0,0,N,0.0,0.0,0.0,,,,,,,,36.00417,-86.79083,True,Crashes_2010_2019_MPO
101465377,2016-12-02,2016,,94.0,,,0,0,N,0.0,0.0,0.0,,,,,,,,36.03674,-86.81485,True,Crashes_2010_2019_MPO
102247425,2018-12-13,2018,,94.0,,,0,0,N,0.0,0.0,0.0,,,,,,,,35.9928,-86.7987,True,Crashes_2010_2019_MPO
100660671,2014-10-28,2014,,94.0,,,0,0,N,0.0,0.0,0.0,,,,,,,,35.96624,-86.81375,False,Crashes_2010_2019_MPO
100663184,2014-11-01,2014,,19.0,,,0,0,N,0.0,0.0,0.0,,,,,,,,36.04622,-86.71346,False,Crashes_2010_2019_MPO
101179264,2016-04-22,2016,,94.0,,,0,0,N,0.0,0.0,0.0,,,,,,,,35.95793,-86.80764,False,Crashes_2010_2019_MPO
101475054,2016-12-12,2016,,94.0,,,0,0,N,0.0,0.0,0.0,,,,,,,,35.97388,-86.80493,True,Crashes_2010_2019_MPO
101037221,2015-11-26,2015,,94.0,,,0,0,N,0.0,0.0,0.0,,,,,,,,35.93935,-86.87361,False,Crashes_2010_2019_MPO
101882833,2018-01-10,2018,,19.0,,,0,0,N,0.0,0.0,0.0,,,,,,,,36.05415,-86.77547,False,Crashes_2010_2019_MPO
100662266,2014-10-31,2014,,94.0,,,0,0,N,0.0,0.0,0.0,,,,,,,,35.99413,-86.69291,True,Crashes_2010_2019_MPO
101243694,2016-06-09,2016,,19.0,,,0,0,N,0.0,0.0,0.0,,,,,,,,36.04522,-86.71479,False,Crashes_2010_2019_MPO
101401970,2016-10-12,2016,,94.0,,,0,0,N,0.0,0.0,0.0,,,,,,,,36.03442,-86.80235,True,Crashes_2010_2019_MPO
101357755,2016-09-09,2016,,94.0,,,0,0,N,0.0,0.0,0.0,,,,,,,,35.96621,-86.81383,False,Crashes_2010_2019_MPO
100769590,2015-03-09,2015,,19.0,,,0,0,N,0.0,0.0,0.0,,,,,,,,36.04001,-86.74349,False,Crashes_2010_2019_MPO
100397714,2013-10-29,2013,,94.0,,,0,0,N,0.0,0.0,0.0,,,,,,,,35.96162,-86.8135,False,Crashes_2010_2019_MPO
102179747,2018-10-16,2018,,19.0,,,0,0,N,0.0,0.0,0.0,,,,,,,,36.00761,-86.70086,False,Crashes_2010_2019_MPO
101893427,2018-01-22,2018,,94.0,,,0,0,Y,0.0,0.0,1.0,,,,,,,,35.92924,-86.85316,False,Crashes_2010_2019_MPO
100342295,2013-06-12,2013,,94.0,,,0,0,Y,0.0,0.0,1.0,,,,,,,,35.96564,-86.8033,True,Crashes_2010_2019_MPO
100591170,2014-08-04,2014,,19.0,,,0,0,N,0.0,0.0,0.0,,,,,,,,36.03507,-86.78773,True,Crashes_2010_2019_MPO
102187284,2018-10-23,2018,,19.0,,,0,0,N,0.0,0.0,0.0,,,,,,,,36.04491,-86.68632,False,Crashes_2010_2019_MPO
101469375,2016-12-05,2016,,94.0,,,0,0,N,0.0,0.0,0.0,,,,,,,,35.94529,-86.80886,False,Crashes_2010_2019_MPO
10581111,2010-01-15,2010,,19.0,,,0,0, ,0.0,0.0,0.0,,,,,,,,36.045439,-86.778894,False,Crashes_2010_2019_MPO
100249911,2012-11-08,2012,,94.0,,,0,0,N,0.0,0.0,0.0,,,,,,,,35.99735,-86.79489,True,Crashes_2010_2019_MPO
101394090,2016-10-01,2016,,94.0,,,0,0,N,0.0,0.0,0.0,,,,,,,,36.0118,-86.7851,True,Crashes_2010_2019_MPO
100982794,2015-10-20,2015,,19.0,,,0,0,Y,0.0,0.0,1.0,,,,,,,,36.0375,-86.79149,False,Crashes_2010_2019_MPO
101543374,2017-02-03,2017,,19.0,,,0,0,N,0.0,0.0,0.0,,,,,,,,36.05309,-86.71485,False,Crashes_2010_2019_MPO
100165869,2012-04-05,2012,,94.0,,,0,0,N,0.0,0.0,0.0,,,,,,,,35.9952,-86.7755,True,Crashes_2010_2019_MPO
102300289,2019-02-08,2019,,94.0,,,0,0,N,0.0,0.0,0.0,,,,,,,,36.01978,-86.74213,False,Crashes_2010_2019_MPO
100923354,2015-08-15,2015,,19.0,,,0,0,N,0.0,0.0,0.0,,,,,,,,36.03184,-86.75627,False,Crashes_2010_2019_MPO
100331769,2013-05-21,2013,,94.0,,,0,0,N,0.0,0.0,0.0,,,,,,,,36.0235,-86.78661,True,Crashes_2010_2019_MPO
100464042,2014-03-14,2014,,94.0,,,0,0,N,0.0,0.0,0.0,,,,,,,,35.99644,-86.788,True,Crashes_2010_2019_MPO
102344976,2019-03-29,2019,,94.0,,,0,0,N,0.0,0.0,0.0,,,,,,,,35.94088,-86.83172,False,Crashes_2010_2019_MPO
100975372,2015-10-07,2015,,19.0,,,0,0,N,0.0,0.0,0.0,,,,,,,,36.04942,-86.71379,False,Crashes_2010_2019_MPO
102420746,2019-06-16,2019,,94.0,,,0,0,N,0.0,0.0,0.0,,,,,,,,35.95922,-86.81541,False,Crashes_2010_2019_MPO
101301102,2016-07-22,2016,,19.0,,,0,0,N,0.0,0.0,0.0,,,,,,,,36.04527,-86.71426,False,Crashes_2010_2019_MPO
102479626,2019-08-16,2019,,94.0,,,0,0,N,0.0,0.0,0.0,,,,,,,,35.96198,-86.81518,False,Crashes_2010_2019_MPO
101008149,2015-11-12,2015,,94.0,,,0,0,N,0.0,0.0,0.0,,,,,,,,35.94696,-86.85162,False,Crashes_2010_2019_MPO
101612708,2017-04-12,2017,,94.0,,,0,1,N,0.0,1.0,0.0,,,,,,,,36.03311,-86.78656,True,Crashes_2010_2019_MPO
100728177,2015-01-27,2015,,19.0,,,0,1,N,0.0,1.0,0.0,,,,,,,,36.04151,-86.77088,False,Crashes_2010_2019_MPO
101125521,2016-03-01,2016,,94.0,,,0,0,N,0.0,0.0,0.0,,,,,,,,35.92355,-86.79253,False,Crashes_2010_2019_MPO
101478034,2016-12-15,2016,,94.0,,,0,0,N,0.0,0.0,0.0,,,,,,,,36.03318,-86.78282,True,Crashes_2010_2019_MPO
101107222,2016-02-17,2016,,19.0,,,0,0,N,0.0,0.0,0.0,,,,,,,,36.03873,-86.78399,False,Crashes_2010_2019_MPO
101494863,2017-01-03,2017,,94.0,,,0,0,N,0.0,0.0,0.0,,,,,,,,36.02534,-86.78528,True,Crashes_2010_2019_MPO
101773311,2017-09-27,2017,,94.0,,,0,0,N,0.0,0.0,0.0,,,,,,,,35.99425,-86.79788,True,Crashes_2010_2019_MPO
101209108,2016-04-15,2016,,19.0,,,0,2,N,0.0,1.0,0.0,,,,,,,,36.04521,-86.74394,False,Crashes_2010_2019_MPO
102610294,2019-12-23,2019,,94.0,,,0,0,N,0.0,0.0,0.0,,,,,,,,36.03689,-86.81684,True,Crashes_2010_2019_MPO
100966600,2015-09-24,2015,,94.0,,,0,0,N,0.0,0.0,0.0,,,,,,,,36.00487,-86.79011,True,Crashes_2010_2019_MPO
101276420,2016-06-30,2016,,94.0,,,0,0,N,0.0,0.0,0.0,,,,,,,,35.95209,-86.81805,False,Crashes_2010_2019_MPO
100710490,2014-12-21,2014,,94.0,,,0,0,N,0.0,0.0,0.0,,,,,,,,36.02898,-86.87644,False,Crashes_2010_2019_MPO