mstrrecnbr,collision_ts,year,county,countystat,crash,crash_type,fatalities,non_motorists,commercial,fatal_c,nonmotor_c,truck_c,fatalc,serious_injuries,ped,bike,lighting,weather,first_harmful_event,latitude,longitude,in_city,src_layer
100963655,2015-09-18,2015,,94.0,,,0,0,N,0.0,0.0,0.0,,,,,,,,36.0303,-86.8758,False,Crashes_2010_2019_MPO
100852103,2015-05-29,2015,,94.0,,,0,0,N,0.0,0.0,0.0,,,,,,,,35.9606,-86.81226,False,Crashes_2010_2019_MPO
102478624,2019-08-15,2019,,19.0,,,0,0,N,0.0,0.0,0.0,,,,,,,,36.04043,-86.76967,False,Crashes_2010_2019_MPO
100507511,2014-05-11,2014,,94.0,,,0,0,N,0.0,0.0,0.0,,,,,,,,35.94066,-86.83158,False,Crashes_2010_2019_MPO
100949239,2015-09-11,2015,,19.0,,,0,0,N,0.0,0.0,0.0,,,,,,,,36.03751,-86.78575,False,Crashes_2010_2019_MPO
100917215,2015-08-04,2015,,19.0,,,0,0,N,0.0,0.0,0.0,,,,,,,,36.04061,-86.77119,False,Crashes_2010_2019_MPO
101938728,2018-03-09,2018,,94.0,,,0,0,N,0.0,0.0,0.0,,,,,,,,35.96313,-86.80112,True,Crashes_2010_2019_MPO
101007065,2015-11-11,2015,,19.0,,,0,0,N,0.0,0.0,0.0,,,,,,,,36.04494,-86.77957,False,Crashes_2010_2019_MPO
100820106,2015-04-16,2015,,94.0,,,0,0,N,0.0,0.0,0.0,,,,,,,,35.93126,-86.87663,False,Crashes_2010_2019_MPO
100570104,2014-07-07,2014,,94.0,,,0,0,N,0.0,0.0,0.0,,,,,,,,35.94687,-86.82179,False,Crashes_2010_2019_MPO
101325192,2016-08-06,2016,,94.0,,,0,0,N,0.0,0.0,0.0,,,,,,,,35.96531,-86.70295,False,Crashes_2010_2019_MPO
101743695,2017-08-27,2017,,94.0,,,0,0,N,0.0,0.0,0.0,,,,,,,,35.94684,-86.82396,False,Crashes_2010_2019_MPO
101122718,2016-02-26,2016,,94.0,,,0,0,Y,0.0,0.0,1.0,,,,,,,,35.94102,-86.81659,False,Crashes_2010_2019_MPO
101893000,2018-01-18,2018,,94.0,,,0,0,N,0.0,0.0,0.0,,,,,,,,35.97172,-86.8256,True,Crashes_2010_2019_MPO
102050435,2018-06-22,2018,,94.0,,,0,0,N,0.0,0.0,0.0,,,,,,,,35.94857,-86.81991,False,Crashes_2010_2019_MPO
101131175,2016-03-10,2016,,19.0,,,0,0,N,0.0,0.0,0.0,,,,,,,,36.03296,-86.7729,False,Crashes_2010_2019_MPO
102595033,2019-12-11,2019,,94.0,,,0,0,N,0.0,0.0,0.0,,,,,,,,35.96895,-86.71736,True,Crashes_2010_2019_MPO
101436034,2016-11-10,2016,,19.0,,,0,0,N,0.0,0.0,0.0,,,,,,,,36.04052,-86.74552,False,Crashes_2010_2019_MPO
102264955,2018-12-31,2018,,94.0,,,0,0,N,0.0,0.0,0.0,,,,,,,,35.94886,-86.83204,False,Crashes_2010_2019_MPO
102594161,2019-12-11,2019,,94.0,,,0,0,N,0.0,0.0,0.0,,,,,,,,35.97867,-86.70023,True,Crashes_2010_2019_MPO
102043711,2018-06-15,2018,,19.0,,,0,0,N,0.0,0.0,0.0,,,,,,,,36.03477,-86.87334,False,Crashes_2010_2019_MPO
101196323,2016-05-17,2016,,94.0,,,0,0,N,0.0,0.0,0.0,,,,,,,,35.99417,-86.76398,True,Crashes_2010_2019_MPO
101001113,2015-11-01,2015,,19.0,,,0,0,N,0.0,0.0,0.0,,,,,,,,36.05225,-86.68161,False,Crashes_2010_2019_MPO
102476990,2019-08-14,2019,,94.0,,,0,0,N,0.0,0.0,0.0,,,,,,,,35.97716,-86.77132,True,Crashes_2010_2019_MPO
101362772,2016-09-16,2016,,19.0,,,0,0,N,0.0,0.0,0.0,,,,,,,,36.04021,-86.74487,False,Crashes_2010_2019_MPO
101750118,2017-09-03,2017,,94.0,,,0,0,N,0.0,0.0,0.0,,,,,,,,35.99781,-86.79886,True,Crashes_2010_2019_MPO
101786273,2017-10-09,2017,,94.0,,,0,0,N,0.0,0.0,0.0,,,,,,,,36.03601,-86.78719,True,Crashes_2010_2019_MPO
100544264,2014-05-28,2014,,94.0,,,0,0,N,0.0,0.0,0.0,,,,,,,,35.92878,-86.82084,False,Crashes_2010_2019_MPO
101283675,2016-07-11,2016,,94.0,,,0,0,N,0.0,0.0,0.0,,,,,,,,35.95059,-86.81599,False,Crashes_2010_2019_MPO
102420223,2019-06-15,2019,,94.0,,,0,0,N,0.0,0.0,0.0,,,,,,,,35.97765,-86.77678,True,Crashes_2010_2019_MPO
101825521,2017-11-14,2017,,94.0,,,0,0,N,0.0,0.0,0.0,,,,,,,,35.97718,-86.77206,True,Crashes_2010_2019_MPO
100502470,2014-04-29,2014,,94.0,,,0,0,N,0.0,0.0,0.0,,,,,,,,35.95328,-86.81232,False,Crashes_2010_2019_MPO
101033635,2015-11-20,2015,,19.0,,,0,0,N,0.0,0.0,0.0,,,,,,,,36.01927,-86.70925,False,Crashes_2010_2019_MPO
101131490,2016-03-10,2016,,94.0,,,0,0,N,0.0,0.0,0.0,,,,,,,,36.00024,-86.79487,True,Crashes_2010_2019_MPO
101644352,2017-05-14,2017,,94.0,,,0,0,N,0.0,0.0,0.0,,,,,,,,35.96151,-86.81219,False,Crashes_2010_2019_MPO
102247140,2018-12-15,2018,,19.0,,,0,0,N,0.0,0.0,0.0,,,,,,,,36.04305,-86.6912,False,Crashes_2010_2019_MPO
102536158,2019-10-12,2019,,19.0,,,0,0,N,0.0,0.0,0.0,,,,,,,,36.04564,-86.71048,False,Crashes_2010_2019_MPO
100330219,2013-05-17,2013,,94.0,,,0,0,N,0.0,0.0,0.0,,,,,,,,35.94354,-86.81998,False,Crashes_2010_2019_MPO
101469395,2016-12-06,2016,,19.0,,,0,0,N,0.0,0.0,0.0,,,,,,,,36.04542,-86.71266,False,Crashes_2010_2019_MPO
101164206,2016-04-14,2016,,19.0,,,0,0,N,0.0,0.0,0.0,,,,,,,,36.04545,-86.71243,False,Crashes_2010_2019_MPO
100886878,2015-07-15,2015,,94.0,,,0,0,N,0.0,0.0,0.0,,,,,,,,35.96428,-86.81857,True,Crashes_2010_2019_MPO
102276692,2019-01-14,2019,,19.0,,,0,0,N,0.0,0.0,0.0,,,,,,,,36.04546,-86.71232,False,Crashes_2010_2019_MPO
100299989,2013-03-05,2013,,94.0,,,0,0,N,0.0,0.0,0.0,,,,,,,,36.01569,-86.8459,True,Crashes_2010_2019_MPO
100824521,2015-04-27,2015,,94.0,,,0,0,N,0.0,0.0,0.0,,,,,,,,35.9495,-86.81339,False,Crashes_2010_2019_MPO
102550704,2019-10-25,2019,,94.0,,,0,0,N,0.0,0.0,0.0,,,,,,,,35.93219,-86.79405,False,Crashes_2010_2019_MPO
102459557,2019-07-26,2019,,94.0,,,0,0,N,0.0,0.0,0.0,,,,,,,,35.94973,-86.80971,False,Crashes_2010_2019_MPO
100230069,2012-09-21,2012,,94.0,,,0,0,N,0.0,0.0,0.0,,,,,,,,35.96723,-86.81887,True,Crashes_2010_2019_MPO
101653993,2017-05-24,2017,,94.0,,,0,0,N,0.0,0.0,0.0,,,,,,,,35.9866,-86.75238,True,Crashes_2010_2019_MPO
102004159,2018-05-08,2018,,19.0,,,0,0,N,0.0,0.0,0.0,,,,,,,,35.99548,-86.68787,False,Crashes_2010_2019_MPO
102350304,2019-04-04,2019,,94.0,,,0,0,N,0.0,0.0,0.0,,,,,,,,36.03375,-86.7885,True,Crashes_2010_2019_MPO
100821000,2015-04-20,2015,,94.0,,,0,0,N,0.0,0.0,0.0,,,,,,,,35.94275,-86.81576,False,Crashes_2010_2019_MPO
102032550,2018-06-04,2018,,94.0,,,0,0,N,0.0,0.0,0.0,,,,,,,,35.99759,-86.79684,True,Crashes_2010_2019_MPO
100588575,2014-07-28,2014,,94.0,,,0,0,N,0.0,0.0,0.0,,,,,,,,35.96321,-86.81117,False,Crashes_2010_2019_MPO
100598175,2014-08-20,2014,,94.0,,,0,0,N,0.0,0.0,0.0,,,,,,,,35.93896,-86.76792,False,Crashes_2010_2019_MPO
102173185,2018-10-10,2018,,94.0,,,0,0,N,0.0,0.0,0.0,,,,,,,,36.02683,-86.80898,True,Crashes_2010_2019_MPO
102597369,2019-12-13,2019,,94.0,,,0,0,N,0.0,0.0,0.0,,,,,,,,36.03238,-86.78361,True,Crashes_2010_2019_MPO
100542516,2014-05-23,2014,,94.0,,,0,0,N,0.0,0.0,0.0,,,,,,,,35.92537,-86.86875,False,Crashes_2010_2019_MPO
100700958,2014-12-04,2014,,94.0,,,0,0,N,0.0,0.0,0.0,,,,,,,,35.95014,-86.76185,True,Crashes_2010_2019_MPO
102090916,2018-07-26,2018,,94.0,,,0,0,N,0.0,0.0,0.0,,,,,,,,35.95127,-86.81753,False,Crashes_2010_2019_MPO
100463982,2014-03-11,2014,,94.0,,,0,0,N,0.0,0.0,0.0,,,,,,,,35.97738,-86.80372,True,Crashes_2010_2019_MPO
101244262,2016-06-12,2016,,19.0,,,0,0,N,0.0,0.0,0.0,,,,,,,,36.03822,-86.80113,False,Crashes_2010_2019_MPO
101210122,2016-05-14,2016,,19.0,,,0,0,N,0.0,0.0,0.0,,,,,,,,36.0322,-86.76505,False,Crashes_2010_2019_MPO
101624314,2017-04-24,2017,,94.0,,,0,0,N,0.0,0.0,0.0,,,,,,,,36.028261,-86.79361,True,Crashes_2010_2019_MPO
102541373,2019-10-18,2019,,19.0,,,0,0,N,0.0,0.0,0.0,,,,,,,,36.04042,-86.75193,False,Crashes_2010_2019_MPO
100316483,2013-04-10,2013,,94.0,,,0,0,Y,0.0,0.0,1.0,,,,,,,,35.94816,-86.81779,False,Crashes_2010_2019_MPO
102361857,2019-04-15,2019,,19.0,,,0,0,N,0.0,0.0,0.0,,,,,,,,36.03736,-86.78978,False,Crashes_2010_2019_MPO
100805057,2015-04-09,2015,,94.0,,,0,0,N,0.0,0.0,0.0,,,,,,,,36.01912,-86.82079,True,Crashes_2010_2019_MPO
100440942,2014-02-06,2014,,94.0,,,0,0,N,0.0,0.0,0.0,,,,,,,,36.03391,-86.86309,False,Crashes_2010_2019_MPO
101489089,2016-12-28,2016,,94.0,,,0,0,N,0.0,0.0,0.0,,,,,,,,35.96656,-86.80953,True,Crashes_2010_2019_MPO
101623518,2017-04-23,2017,,94.0,,,0,0,N,0.0,0.0,0.0,,,,,,,,35.9519,-86.74083,True,Crashes_2010_2019_MPO
102596420,2019-12-10,2019,,94.0,,,0,0,N,0.0,0.0,0.0,,,,,,,,36.03318,-86.78282,True,Crashes_2010_2019_MPO
102288606,2019-01-26,2019,,19.0,,,0,0,N,0.0,0.0,0.0,,,,,,,,36.03047,-86.79031,True,Crashes_2010_2019_MPO
102421107,2019-06-16,2019,,19.0,,,0,0,N,0.0,0.0,0.0,,,,,,,,36.05462,-86.68072,False,Crashes_2010_2019_MPO
102300341,2019-02-08,2019,,94.0,,,0,0,N,0.0,0.0,0.0,,,,,,,,36.03635,-86.80226,True,Crashes_2010_2019_MPO
101882885,2018-01-10,2018,,94.0,,,0,0,N,0.0,0.0,0.0,,,,,,,,35.99781,-86.79886,True,Crashes_2010_2019_MPO
100974565,2015-10-06,2015,,94.0,,,0,0,N,0.0,0.0,0.0,,,,,,,,36.03336,-86.78872,True,Crashes_2010_2019_MPO
101456015,2016-11-21,2016,,94.0,,,0,0,N,0.0,0.0,0.0,,,,,,,,35.92957,-86.84187,False,Crashes_2010_2019_MPO
102120412,2018-08-20,2018,,94.0,,,0,0,N,0.0,0.0,0.0,,,,,,,,35.96194,-86.71036,True,Crashes_2010_2019_MPO
102226290,2018-11-27,2018,,94.0,,,0,0,N,0.0,0.0,0.0,,,,,,,,36.02409,-86.79388,True,Crashes_2010_2019_MPO
100772967,2015-03-16,2015,,19.0,,,0,0,N,0.0,0.0,0.0,,,,,,,,36.0452,-86.71537,False,Crashes_2010_2019_MPO
102401722,2019-05-27,2019,,19.0,,,0,0,N,0.0,0.0,0.0,,,,,,,,36.04489,-86.85028,False,Crashes_2010_2019_MPO
102171419,2018-10-05,2018,,94.0,,,0,0,N,0.0,0.0,0.0,,,,,,,,35.99781,-86.79886,True,Crashes_2010_2019_MPO
10838654,2011-08-09,2011,,19.0,,,0,0, ,0.0,0.0,0.0,,,,,,,,36.040733,-86.772507,False,Crashes_2010_2019_MPO
100411190,2013-11-26,2013,,94.0,,,0,0,N,0.0,0.0,0.0,,,,,,,,35.94805,-86.8324,False,Crashes_2010_2019_MPO
102604613,2019-12-21,2019,,94.0,,,0,0,N,0.0,0.0,0.0,,,,,,,,35.92444,-86.80249,False,Crashes_2010_2019_MPO
100548271,2014-06-04,2014,,94.0,,,0,0,N,0.0,0.0,0.0,,,,,,,,35.93488,-86.77716,False,Crashes_2010_2019_MPO
102114522,2018-08-18,2018,,94.0,,,0,0,N,0.0,0.0,0.0,,,,,,,,35.92273,-86.82294,False,Crashes_2010_2019_MPO
100976988,2015-10-10,2015,,19.0,,,0,0,N,0.0,0.0,0.0,,,,,,,,36.04345,-86.74414,False,Crashes_2010_2019_MPO
101332174,2016-08-19,2016,,94.0,,,0,0,N,0.0,0.0,0.0,,,,,,,,35.96845,-86.81905,True,Crashes_2010_2019_MPO
100290415,2013-02-09,2013,,94.0,,,0,0,N,0.0,0.0,0.0,,,,,,,,35.94646,-86.85194,False,Crashes_2010_2019_MPO
101178970,2016-04-22,2016,,19.0,,,0,0,N,0.0,0.0,0.0,,,,,,,,36.03819,-86.80068,False,Crashes_2010_2019_MPO
102429186,2019-06-26,2019,,19.0,,,0,0,N,0.0,0.0,0.0,,,,,,,,36.04534,-86.70228,False,Crashes_2010_2019_MPO
100331100,2013-05-19,2013,,94.0,,,0,0,N,0.0,0.0,0.0,,,,,,,,35.94707,-86.8219,False,Crashes_2010_2019_MPO
100573190,2014-07-15,2014,,94.0,,,0,0,N,0.0,0.0,0.0,,,,,,,,35.96538,-86.72697,True,Crashes_2010_2019_MPO
101179489,2016-04-22,2016,,94.0,,,0,0,N,0.0,0.0,0.0,,,,,,,,35.96538,-86.7979,True,Crashes_2010_2019_MPO
100939937,2015-08-26,2015,,94.0,,,0,0,N,0.0,0.0,0.0,,,,,,,,36.02929,-86.81801,True,Crashes_2010_2019_MPO
100288880,2013-02-06,2013,,94.0,,,0,0,N,0.0,0.0,0.0,,,,,,,,35.93313,-86.81153,False,Crashes_2010_2019_MPO
102300065,2019-01-23,2019,,94.0,,,0,0,N,0.0,0.0,0.0,,,,,,,,35.9228,-86.7543,False,Crashes_2010_2019_MPO
101351352,2016-09-01,2016,,19.0,,,0,0,N,0.0,0.0,0.0,,,,,,,,35.9951,-86.69185,False,Crashes_2010_2019_MPO
101926143,2018-02-19,2018,,94.0,,,0,0,Y,0.0,0.0,1.0,,,,,,,,35.99703,-86.79692,True,Crashes_2010_2019_MPO
100352888,2013-07-10,2013,,94.0,,,0,0,N,0.0,0.0,0.0,,,,,,,,35.93126,-86.87663,False,Crashes_2010_2019_MPO
100413818,2013-12-03,2013,,94.0,,,0,0,N,0.0,0.0,0.0,,,,,,,,35.99779,-86.79487,True,Crashes_2010_2019_MPO
102543900,2019-10-18,2019,,94.0,,,0,0,N,0.0,0.0,0.0,,,,,,,,35.99121,-86.6835,False,Crashes_2010_2019_MPO
102231369,2018-12-01,2018,,19.0,,,0,0,N,0.0,0.0,0.0,,,,,,,,36.03876,-86.73335,False,Crashes_2010_2019_MPO
102139645,2018-09-09,2018,,94.0,,,0,0,N,0.0,0.0,0.0,,,,,,,,35.95383,-86.71417,False,Crashes_2010_2019_MPO
100710973,2014-12-22,2014,,19.0,,,0,0,N,0.0,0.0,0.0,,,,,,,,36.04079,-86.77944,False,Crashes_2010_2019_MPO
101876026,2018-01-02,2018,,19.0,,,0,0,N,0.0,0.0,0.0,,,,,,,,36.04091,-86.77415,False,Crashes_2010_2019_MPO
100565337,2014-06-25,2014,,94.0,,,0,0,N,0.0,0.0,0.0,,,,,,,,35.96233,-86.80223,True,Crashes_2010_2019_MPO
102603906,2019-12-21,2019,,94.0,,,0,0,N,0.0,0.0,0.0,,,,,,,,35.94655,-86.8084,False,Crashes_2010_2019_MPO
101785280,2017-10-08,2017,,19.0,,,0,0,Y,0.0,0.0,1.0,,,,,,,,36.03658,-86.7837,False,Crashes_2010_2019_MPO
101759553,2017-09-12,2017,,94.0,,,0,0,N,0.0,0.0,0.0,,,,,,,,36.0182,-86.7863,True,Crashes_2010_2019_MPO
100770942,2015-03-12,2015,,94.0,,,0,0,N,0.0,0.0,0.0,,,,,,,,35.94287,-86.80013,False,Crashes_2010_2019_MPO
101396169,2016-10-04,2016,,94.0,,,0,0,N,0.0,0.0,0.0,,,,,,,,35.94152,-86.8405,False,Crashes_2010_2019_MPO
101726385,2017-08-10,2017,,94.0,,,0,0,N,0.0,0.0,0.0,,,,,,,,35.97734,-86.77677,True,Crashes_2010_2019_MPO
101000545,2015-10-31,2015,,94.0,,,0,0,N,0.0,0.0,0.0,,,,,,,,35.9242,-86.87104,False,Crashes_2010_2019_MPO
101046822,2015-12-10,2015,,94.0,,,0,0,N,0.0,0.0,0.0,,,,,,,,35.99664,-86.78981,True,Crashes_2010_2019_MPO
100507092,2014-05-10,2014,,19.0,,,0,0,N,0.0,0.0,0.0,,,,,,,,35.99686,-86.68989,False,Crashes_2010_2019_MPO
100875766,2015-06-24,2015,,94.0,,,0,0,N,0.0,0.0,0.0,,,,,,,,36.02987,-86.78392,True,Crashes_2010_2019_MPO
102102873,2018-08-09,2018,,19.0,,,0,0,N,0.0,0.0,0.0,,,,,,,,36.04001,-86.74347,False,Crashes_2010_2019_MPO
101098222,2016-02-02,2016,,94.0,,,0,0,N,0.0,0.0,0.0,,,,,,,,35.93527,-86.8736,False,Crashes_2010_2019_MPO
100946426,2015-09-07,2015,,94.0,,,0,0,N,0.0,0.0,0.0,,,,,,,,35.92304,-86.81684,False,Crashes_2010_2019_MPO
101694736,2017-07-07,2017,,19.0,,,0,0,N,0.0,0.0,0.0,,,,,,,,36.0374,-86.78657,False,Crashes_2010_2019_MPO
100633438,2014-09-24,2014,,19.0,,,0,0,N,0.0,0.0,0.0,,,,,,,,36.05032,-86.77562,False,Crashes_2010_2019_MPO
100500761,2014-04-25,2014,,94.0,,,0,0,N,0.0,0.0,0.0,,,,,,,,35.9261,-86.8714,False,Crashes_2010_2019_MPO
100642304,2014-10-11,2014,,94.0,,,0,0,N,0.0,0.0,0.0,,,,,,,,35.93401,-86.82822,False,Crashes_2010_2019_MPO
102258139,2018-12-27,2018,,94.0,,,0,0,N,0.0,0.0,0.0,,,,,,,,35.966644,-86.809204,True,Crashes_2010_2019_MPO
102360326,2019-04-13,2019,,19.0,,,0,0,N,0.0,0.0,0.0,,,,,,,,36.05222,-86.68262,False,Crashes_2010_2019_MPO
101620901,2017-04-20,2017,,94.0,,,0,0,Y,0.0,0.0,1.0,,,,,,,,36.03473,-86.78793,True,Crashes_2010_2019_MPO
102000644,2018-05-05,2018,,94.0,,,0,0,N,0.0,0.0,0.0,,,,,,,,35.97752,-86.77512,True,Crashes_2010_2019_MPO
102084823,2018-07-23,2018,,94.0,,,0,0,N,0.0,0.0,0.0,,,,,,,,35.96518,-86.80029,True,Crashes_2010_2019_MPO
101921721,2018-02-20,2018,,94.0,,,0,0,N,0.0,0.0,0.0,,,,,,,,35.98999,-86.68239,False,Crashes_2010_2019_MPO
102375167,2019-04-29,2019,,94.0,,,0,0,N,0.0,0.0,0.0,,,,,,,,36.03322,-86.78531,True,Crashes_2010_2019_MPO
101697899,2017-07-10,2017,,19.0,,,0,0,N,0.0,0.0,0.0,,,,,,,,36.03276,-86.7053,False,Crashes_2010_2019_MPO
101010201,2015-11-11,2015,,94.0,,,0,0,Y,0.0,0.0,1.0,,,,,,,,35.97488,-86.80483,True,Crashes_2010_2019_MPO
101784067,2017-10-06,2017,,94.0,,,0,0,N,0.0,0.0,0.0,,,,,,,,35.98461,-86.72537,True,Crashes_2010_2019_MPO
100720826,2015-01-12,2015,,19.0,,,0,0,N,0.0,0.0,0.0,,,,,,,,36.04262,-86.78214,False,Crashes_2010_2019_MPO
100456417,2014-02-23,2014,,94.0,,,0,0,N,0.0,0.0,0.0,,,,,,,,35.92954,-86.84187,False,Crashes_2010_2019_MPO
100413148,2013-11-30,2013,,94.0,,,0,0,N,0.0,0.0,0.0,,,,,,,,35.96627,-86.78595,True,Crashes_2010_2019_MPO
100656574,2014-10-20,2014,,94.0,,,0,0,N,0.0,0.0,0.0,,,,,,,,35.99481,-86.77046,True,Crashes_2010_2019_MPO
102101980,2018-08-08,2018,,19.0,,,0,0,N,0.0,0.0,0.0,,,,,,,,36.04114,-86.77621,False,Crashes_2010_2019_MPO
101150400,2016-03-24,2016,,19.0,,,0,0,N,0.0,0.0,0.0,,,,,,,,36.00447,-86.6992,False,Crashes_2010_2019_MPO
100374884,2013-09-03,2013,,94.0,,,0,0,N,0.0,0.0,0.0,,,,,,,,35.96256,-86.81063,False,Crashes_2010_2019_MPO
102331086,2019-03-15,2019,,94.0,,,0,0,N,0.0,0.0,0.0,,,,,,,,35.96421,-86.81079,False,Crashes_2010_2019_MPO
100884389,2015-07-10,2015,,94.0,,,0,0,N,0.0,0.0,0.0,,,,,,,,35.98087,-86.79703,True,Crashes_2010_2019_MPO
101717627,2017-08-01,2017,,94.0,,,0,0,N,0.0,0.0,0.0,,,,,,,,35.92936,-86.87549,False,Crashes_2010_2019_MPO
102075504,2018-07-15,2018,,19.0,,,0,0,N,0.0,0.0,0.0,,,,,,,,36.00656,-86.7032,False,Crashes_2010_2019_MPO
102212155,2018-11-15,2018,,94.0,,,0,0,N,0.0,0.0,0.0,,,,,,,,35.94782,-86.81975,False,Crashes_2010_2019_MPO
100388967,2013-10-08,2013,,94.0,,,0,0,N,0.0,0.0,0.0,,,,,,,,35.95896,-86.80212,False,Crashes_2010_2019_MPO
101267363,2016-06-12,2016,,19.0,,,0,0,N,0.0,0.0,0.0,,,,,,,,36.0406,-86.77993,False,Crashes_2010_2019_MPO
101101195,2016-02-06,2016,,94.0,,,0,0,N,0.0,0.0,0.0,,,,,,,,35.94807,-86.81114,False,Crashes_2010_2019_MPO
102239395,2018-12-08,2018,,19.0,,,0,0,N,0.0,0.0,0.0,,,,,,,,36.05153,-86.74152,False,Crashes_2010_2019_MPO
100143835,2012-02-02,2012,,94.0,,,0,0,N,0.0,0.0,0.0,,,,,,,,36.03803,-86.8707,False,Crashes_2010_2019_MPO
102025983,2018-05-28,2018,,19.0,,,0,0,N,0.0,0.0,0.0,,,,,,,,36.0354,-86.78324,False,Crashes_2010_2019_MPO
101191217,2016-05-10,2016,,19.0,,,0,0,N,0.0,0.0,0.0,,,,,,,,36.03629,-86.76863,False,Crashes_2010_2019_MPO
100803148,2015-04-05,2015,,94.0,,,0,0,N,0.0,0.0,0.0,,,,,,,,35.99561,-86.81112,True,Crashes_2010_2019_MPO
100861829,2015-06-16,2015,,94.0,,,0,0,N,0.0,0.0,0.0,,,,,,,,35.95228,-86.81915,False,Crashes_2010_2019_MPO
102285783,2019-01-23,2019,,94.0,,,0,0,N,0.0,0.0,0.0,,,,,,,,35.98422,-86.72436,True,Crashes_2010_2019_MPO
101438021,2016-11-12,2016,,19.0,,,0,0,N,0.0,0.0,0.0,,,,,,,,36.04235,-86.83733,False,Crashes_2010_2019_MPO
100428678,2014-01-08,2014,,94.0,,,0,0,N,0.0,0.0,0.0,,,,,,,,35.99551,-86.77889,True,Crashes_2010_2019_MPO
101078739,2016-01-16,2016,,19.0,,,0,0,N,0.0,0.0,0.0,,,,,,,,36.04194,-86.82478,False,Crashes_2010_2019_MPO
100571657,2014-07-11,2014,,94.0,,,0,0,N,0.0,0.0,0.0,,,,,,,,35.96665,-86.80941,True,Crashes_2010_2019_MPO
102582096,2019-11-28,2019,,19.0,,,0,0,N,0.0,0.0,0.0,,,,,,,,36.02039,-86.70442,False,Crashes_2010_2019_MPO
100270890,2012-12-24,2012,,94.0,,,0,0,N,0.0,0.0,0.0,,,,,,,,36.01485,-86.7815,True,Crashes_2010_2019_MPO
102253772,2018-12-21,2018,,94.0,,,0,0,N,0.0,0.0,0.0,,,,,,,,35.96766,-86.81738,True,Crashes_2010_2019_MPO
102147560,2018-09-16,2018,,19.0,,,0,0,N,0.0,0.0,0.0,,,,,,,,36.05303,-86.6768,False,Crashes_2010_2019_MPO
101996369,2018-05-01,2018,,19.0,,,0,0,N,0.0,0.0,0.0,,,,,,,,36.05485,-86.67876,False,Crashes_2010_2019_MPO
101038592,2015-11-28,2015,,19.0,,,0,0,N,0.0,0.0,0.0,,,,,,,,36.04145,-86.78247,False,Crashes_2010_2019_MPO
101636786,2017-05-05,2017,,94.0,,,0,0,N,0.0,0.0,0.0,,,,,,,,35.94489,-86.82843,False,Crashes_2010_2019_MPO
101276669,2016-06-30,2016,,94.0,,,0,0,N,0.0,0.0,0.0,,,,,,,,35.966655,-86.809148,True,Crashes_2010_2019_MPO
102357531,2019-04-11,2019,,94.0,,,0,0,N,0.0,0.0,0.0,,,,,,,,35.94055,-86.83919,False,Crashes_2010_2019_MPO
100594844,2014-08-12,2014,,94.0,,,0,0,N,0.0,0.0,0.0,,,,,,,,35.9312,-86.7939,False,Crashes_2010_2019_MPO
101600769,2017-04-02,2017,,94.0,,,0,0,N,0.0,0.0,0.0,,,,,,,,36.01286,-86.80081,True,Crashes_2010_2019_MPO
101657602,2017-05-26,2017,,94.0,,,0,0,N,0.0,0.0,0.0,,,,,,,,35.96598,-86.80602,True,Crashes_2010_2019_MPO
100360586,2013-07-30,2013,,94.0,,,0,0,N,0.0,0.0,0.0,,,,,,,,35.95445,-86.81243,False,Crashes_2010_2019_MPO
101797009,2017-10-19,2017,,94.0,,,0,0,N,0.0,0.0,0.0,,,,,,,,35.99689,-86.79697,True,Crashes_2010_2019_MPO
101724649,2017-08-08,2017,,19.0,,,0,0,N,0.0,0.0,0.0,,,,,,,,36.04001,-86.74347,False,Crashes_2010_2019_MPO
101581650,2017-03-09,2017,,94.0,,,0,0,N,0.0,0.0,0.0,,,,,,,,35.97429,-86.70041,True,Crashes_2010_2019_MPO
101600821,2017-04-02,2017,,19.0,,,0,0,N,0.0,0.0,0.0,,,,,,,,36.04586,-86.71332,False,Crashes_2010_2019_MPO
101569718,2017-03-01,2017,,94.0,,,0,0,N,0.0,0.0,0.0,,,,,,,,35.95039,-86.86918,False,Crashes_2010_2019_MPO
102047766,2018-06-19,2018,,19.0,,,0,0,N,0.0,0.0,0.0,,,,,,,,36.03829,-86.80196,False,Crashes_2010_2019_MPO
100239204,2012-10-16,2012,,94.0,,,0,0,N,0.0,0.0,0.0,,,,,,,,36.01557,-86.81878,True,Crashes_2010_2019_MPO
102520047,2019-09-25,2019,,19.0,,,0,0,N,0.0,0.0,0.0,,,,,,,,36.03768,-86.79402,False,Crashes_2010_2019_MPO
102372203,2019-04-26,2019,,19.0,,,0,0,N,0.0,0.0,0.0,,,,,,,,36.03201,-86.78341,True,Crashes_2010_2019_MPO
102379486,2019-05-03,2019,,94.0,,,0,0,N,0.0,0.0,0.0,,,,,,,,35.92371,-86.87035,False,Crashes_2010_2019_MPO
101387245,2016-09-22,2016,,19.0,,,0,0,N,0.0,0.0,0.0,,,,,,,,36.05027,-86.74342,False,Crashes_2010_2019_MPO
100421385,2013-12-18,2013,,94.0,,,0,0,N,0.0,0.0,0.0,,,,,,,,36.03469,-86.79538,True,Crashes_2010_2019_MPO
100614665,2014-09-04,2014,,94.0,,,0,0,N,0.0,0.0,0.0,,,,,,,,35.94743,-86.82176,False,Crashes_2010_2019_MPO
101867004,2017-12-22,2017,,94.0,,,0,0,N,0.0,0.0,0.0,,,,,,,,35.96681,-86.81119,True,Crashes_2010_2019_MPO
101147950,2016-03-15,2016,,94.0,,,0,0,N,0.0,0.0,0.0,,,,,,,,35.97328,-86.83282,True,Crashes_2010_2019_MPO
101425990,2016-10-28,2016,,94.0,,,0,0,N,0.0,0.0,0.0,,,,,,,,35.95331,-86.80469,False,Crashes_2010_2019_MPO
101866760,2017-12-22,2017,,19.0,,,0,0,N,0.0,0.0,0.0,,,,,,,,36.04424,-86.71313,False,Crashes_2010_2019_MPO