mstrrecnbr,collision_ts,year,county,countystat,crash,crash_type,fatalities,non_motorists,commercial,fatal_c,nonmotor_c,truck_c,fatalc,serious_injuries,ped,bike,lighting,weather,first_harmful_event,latitude,longitude,in_city,src_layer
102560640,2019-11-06,2019,,94.0,,,0,0,N,0.0,0.0,0.0,,,,,,,,35.93324,-86.81444,False,Crashes_2010_2019_MPO
102338148,2019-03-22,2019,,94.0,,,0,0,N,0.0,0.0,0.0,,,,,,,,35.94778,-86.81994,False,Crashes_2010_2019_MPO
100441386,2014-02-10,2014,,94.0,,,0,0,N,0.0,0.0,0.0,,,,,,,,35.93757,-86.81778,False,Crashes_2010_2019_MPO
100908027,2015-07-17,2015,,94.0,,,0,0,N,0.0,0.0,0.0,,,,,,,,35.93561,-86.82388,False,Crashes_2010_2019_MPO
102390008,2019-05-15,2019,,94.0,,,0,0,N,0.0,0.0,0.0,,,,,,,,35.92344,-86.86829,False,Crashes_2010_2019_MPO
101434311,2016-11-07,2016,,94.0,,,0,0,N,0.0,0.0,0.0,,,,,,,,35.94694,-86.85163,False,Crashes_2010_2019_MPO
102292710,2019-01-28,2019,,94.0,,,0,0,N,0.0,0.0,0.0,,,,,,,,35.9877,-86.70059,True,Crashes_2010_2019_MPO
102201571,2018-11-05,2018,,94.0,,,0,0,N,0.0,0.0,0.0,,,,,,,,36.0306,-86.7839,True,Crashes_2010_2019_MPO
102245082,2018-12-13,2018,,19.0,,,0,0,N,0.0,0.0,0.0,,,,,,,,36.03135,-86.75441,False,Crashes_2010_2019_MPO
100983327,2015-10-21,2015,,94.0,,,0,0,N,0.0,0.0,0.0,,,,,,,,35.93581,-86.81814,False,Crashes_2010_2019_MPO
101437565,2016-11-11,2016,,94.0,,,0,0,N,0.0,0.0,0.0,,,,,,,,35.94285,-86.81195,False,Crashes_2010_2019_MPO
102576898,2019-11-23,2019,,94.0,,,0,0,N,0.0,0.0,0.0,,,,,,,,36.01389,-86.73833,False,Crashes_2010_2019_MPO
100212476,2012-08-07,2012,,94.0,,,0,0,N,0.0,0.0,0.0,,,,,,,,35.99156,-86.79881,True,Crashes_2010_2019_MPO
101768466,2017-09-22,2017,,19.0,,,0,0,N,0.0,0.0,0.0,,,,,,,,36.04231,-86.72652,False,Crashes_2010_2019_MPO
101923700,2018-02-20,2018,,94.0,,,0,0,N,0.0,0.0,0.0,,,,,,,,35.94531,-86.80488,False,Crashes_2010_2019_MPO
101852616,2017-12-08,2017,,94.0,,,0,0,N,0.0,0.0,0.0,,,,,,,,35.95724,-86.81662,False,Crashes_2010_2019_MPO
101561824,2017-02-21,2017,,19.0,,,0,0,N,0.0,0.0,0.0,,,,,,,,36.04133,-86.74677,False,Crashes_2010_2019_MPO
101423118,2016-10-26,2016,,94.0,,,0,0,N,0.0,0.0,0.0,,,,,,,,35.95507,-86.8148,False,Crashes_2010_2019_MPO
101945691,2018-03-16,2018,,19.0,,,0,0,N,0.0,0.0,0.0,,,,,,,,36.03249,-86.76801,False,Crashes_2010_2019_MPO
101495614,2017-01-04,2017,,19.0,,,0,0,N,0.0,0.0,0.0,,,,,,,,36.04392,-86.68808,False,Crashes_2010_2019_MPO
102021636,2018-05-25,2018,,94.0,,,0,0,N,0.0,0.0,0.0,,,,,,,,35.99734,-86.79486,True,Crashes_2010_2019_MPO
102314996,2019-02-25,2019,,94.0,,,0,0,N,0.0,0.0,0.0,,,,,,,,35.93551,-86.82401,False,Crashes_2010_2019_MPO
100915010,2015-07-31,2015,,19.0,,,0,0,N,0.0,0.0,0.0,,,,,,,,36.03292,-86.71285,False,Crashes_2010_2019_MPO
101780331,2017-10-03,2017,,94.0,,,0,0,N,0.0,0.0,0.0,,,,,,,,35.96707,-86.81354,True,Crashes_2010_2019_MPO
102293485,2019-02-01,2019,,19.0,,,0,0,N,0.0,0.0,0.0,,,,,,,,36.023593,-86.734343,False,Crashes_2010_2019_MPO
102565181,2019-11-11,2019,,94.0,,,0,0,N,0.0,0.0,0.0,,,,,,,,35.9446,-86.81533,False,Crashes_2010_2019_MPO
100394462,2013-10-21,2013,,94.0,,,0,0,N,0.0,0.0,0.0,,,,,,,,35.97878,-86.75281,True,Crashes_2010_2019_MPO
102064343,2018-07-05,2018,,94.0,,,0,0,N,0.0,0.0,0.0,,,,,,,,35.92853,-86.87566,False,Crashes_2010_2019_MPO
100430718,2014-01-14,2014,,94.0,,,0,0,N,0.0,0.0,0.0,,,,,,,,35.99745,-86.79571,True,Crashes_2010_2019_MPO
100880843,2015-07-03,2015,,94.0,,,0,0,N,0.0,0.0,0.0,,,,,,,,35.92956,-86.77905,False,Crashes_2010_2019_MPO
102133887,2018-09-04,2018,,94.0,,,0,0,N,0.0,0.0,0.0,,,,,,,,35.93768,-86.82133,False,Crashes_2010_2019_MPO
102171584,2018-10-08,2018,,94.0,,,0,0,N,0.0,0.0,0.0,,,,,,,,35.96705,-86.81355,True,Crashes_2010_2019_MPO
100311767,2013-04-02,2013,,94.0,,,0,0,N,0.0,0.0,0.0,,,,,,,,35.94618,-86.80368,False,Crashes_2010_2019_MPO
10384258,2011-01-30,2011,,19.0,,,0,0, ,0.0,0.0,0.0,,,,,,,,36.05009,-86.69214,False,Crashes_2010_2019_MPO
101798676,2017-10-20,2017,,94.0,,,0,0,N,0.0,0.0,0.0,,,,,,,,35.94602,-86.82663,False,Crashes_2010_2019_MPO
100631126,2014-09-19,2014,,94.0,,,0,0,N,0.0,0.0,0.0,,,,,,,,35.99752,-86.79631,True,Crashes_2010_2019_MPO
101981187,2018-04-17,2018,,94.0,,,0,0,N,0.0,0.0,0.0,,,,,,,,35.92641,-86.82447,False,Crashes_2010_2019_MPO
100949694,2015-09-12,2015,,19.0,,,0,0,N,0.0,0.0,0.0,,,,,,,,36.04561,-86.71977,False,Crashes_2010_2019_MPO
100975407,2015-10-08,2015,,19.0,,,0,0,N,0.0,0.0,0.0,,,,,,,,36.03747,-86.79098,False,Crashes_2010_2019_MPO
101486544,2016-12-23,2016,,94.0,,,0,0,N,0.0,0.0,0.0,,,,,,,,35.94778,-86.81994,False,Crashes_2010_2019_MPO
100680278,2014-11-14,2014,,94.0,,,0,0,N,0.0,0.0,0.0,,,,,,,,35.97914,-86.82894,False,Crashes_2010_2019_MPO
101826563,2017-11-15,2017,,19.0,,,0,0,N,0.0,0.0,0.0,,,,,,,,36.05218,-86.77601,False,Crashes_2010_2019_MPO
102455926,2019-07-23,2019,,94.0,,,0,0,N,0.0,0.0,0.0,,,,,,,,35.9583,-86.8023,False,Crashes_2010_2019_MPO
100725701,2015-01-22,2015,,19.0,,,0,0,N,0.0,0.0,0.0,,,,,,,,36.03971,-86.76267,False,Crashes_2010_2019_MPO
101332873,2016-08-21,2016,,94.0,,,0,0,N,0.0,0.0,0.0,,,,,,,,35.95035,-86.81874,False,Crashes_2010_2019_MPO
100228443,2012-09-17,2012,,94.0,,,0,0,N,0.0,0.0,0.0,,,,,,,,35.99747,-86.82855,True,Crashes_2010_2019_MPO
101558841,2017-02-18,2017,,94.0,,,0,0,N,0.0,0.0,0.0,,,,,,,,35.94722,-86.82422,False,Crashes_2010_2019_MPO
101908325,2018-02-05,2018,,19.0,,,0,0,Y,0.0,0.0,1.0,,,,,,,,36.05268,-86.68575,False,Crashes_2010_2019_MPO
101422273,2016-10-25,2016,,19.0,,,0,0,N,0.0,0.0,0.0,,,,,,,,36.04118,-86.77662,False,Crashes_2010_2019_MPO
101752496,2017-09-06,2017,,94.0,,,0,0,N,0.0,0.0,0.0,,,,,,,,35.97879,-86.75282,True,Crashes_2010_2019_MPO
101720835,2017-08-03,2017,,94.0,,,0,0,N,0.0,0.0,0.0,,,,,,,,35.92656,-86.86619,False,Crashes_2010_2019_MPO
101481581,2016-12-19,2016,,19.0,,,0,0,N,0.0,0.0,0.0,,,,,,,,36.03898,-86.78279,False,Crashes_2010_2019_MPO
100861770,2015-06-16,2015,,94.0,,,0,0,N,0.0,0.0,0.0,,,,,,,,35.9443,-86.82398,False,Crashes_2010_2019_MPO
102052725,2018-06-24,2018,,94.0,,,0,0,N,0.0,0.0,0.0,,,,,,,,35.93201,-86.84122,False,Crashes_2010_2019_MPO
100829605,2015-05-06,2015,,94.0,,,0,0,Y,0.0,0.0,1.0,,,,,,,,35.99156,-86.79881,True,Crashes_2010_2019_MPO
101573933,2017-03-04,2017,,94.0,,,0,0,N,0.0,0.0,0.0,,,,,,,,35.95538,-86.81565,False,Crashes_2010_2019_MPO
101429239,2016-11-02,2016,,94.0,,,0,0,N,0.0,0.0,0.0,,,,,,,,35.9407,-86.8316,False,Crashes_2010_2019_MPO
101536781,2017-01-27,2017,,19.0,,,0,0,N,0.0,0.0,0.0,,,,,,,,36.0473,-86.86274,False,Crashes_2010_2019_MPO
101345966,2016-08-20,2016,,19.0,,,0,0,N,0.0,0.0,0.0,,,,,,,,36.04653,-86.7134,False,Crashes_2010_2019_MPO
101969509,2018-04-06,2018,,19.0,,,0,0,N,0.0,0.0,0.0,,,,,,,,36.04526,-86.71704,False,Crashes_2010_2019_MPO
101928984,2018-02-27,2018,,19.0,,,0,0,N,0.0,0.0,0.0,,,,,,,,36.04537,-86.71326,False,Crashes_2010_2019_MPO
102529152,2019-10-03,2019,,19.0,,,0,0,N,0.0,0.0,0.0,,,,,,,,36.04069,-86.77627,False,Crashes_2010_2019_MPO
101156984,2016-04-02,2016,,94.0,,,0,0,N,0.0,0.0,0.0,,,,,,,,35.93498,-86.8217,False,Crashes_2010_2019_MPO
100366518,2013-08-13,2013,,94.0,,,0,0,N,0.0,0.0,0.0,,,,,,,,35.93742,-86.69076,False,Crashes_2010_2019_MPO
100683037,2014-11-18,2014,,19.0,,,0,0,N,0.0,0.0,0.0,,,,,,,,36.04091,-86.78254,False,Crashes_2010_2019_MPO
100996308,2015-10-23,2015,,19.0,,,0,0,N,0.0,0.0,0.0,,,,,,,,36.05169,-86.8591,False,Crashes_2010_2019_MPO
100323686,2013-05-02,2013,,94.0,,,0,0,N,0.0,0.0,0.0,,,,,,,,35.97357,-86.83378,False,Crashes_2010_2019_MPO
101269744,2016-06-20,2016,,94.0,,,0,0,N,0.0,0.0,0.0,,,,,,,,35.92936,-86.87549,False,Crashes_2010_2019_MPO
101593054,2017-03-25,2017,,94.0,,,0,0,N,0.0,0.0,0.0,,,,,,,,35.96985,-86.72354,True,Crashes_2010_2019_MPO
101406844,2016-10-18,2016,,94.0,,,0,0,N,0.0,0.0,0.0,,,,,,,,35.9522,-86.81875,False,Crashes_2010_2019_MPO
102372928,2019-04-26,2019,,94.0,,,0,0,N,0.0,0.0,0.0,,,,,,,,35.93562,-86.82387,False,Crashes_2010_2019_MPO
101672195,2017-06-12,2017,,94.0,,,0,0,N,0.0,0.0,0.0,,,,,,,,35.96681,-86.81119,True,Crashes_2010_2019_MPO
100269472,2012-12-20,2012,,94.0,,,0,0,N,0.0,0.0,0.0,,,,,,,,35.96671,-86.8091,True,Crashes_2010_2019_MPO
101712038,2017-07-26,2017,,94.0,,,0,0,N,0.0,0.0,0.0,,,,,,,,35.97117,-86.77414,True,Crashes_2010_2019_MPO
101236305,2016-05-31,2016,,19.0,,,0,0,N,0.0,0.0,0.0,,,,,,,,36.04753,-86.7761,False,Crashes_2010_2019_MPO
102008198,2018-05-11,2018,,94.0,,,0,0,N,0.0,0.0,0.0,,,,,,,,35.95018,-86.81885,False,Crashes_2010_2019_MPO
100550381,2014-06-12,2014,,94.0,,,0,0,N,0.0,0.0,0.0,,,,,,,,35.95878,-86.80441,False,Crashes_2010_2019_MPO
101103001,2016-02-08,2016,,19.0,,,0,0,N,0.0,0.0,0.0,,,,,,,,36.04226,-86.83656,False,Crashes_2010_2019_MPO
100973360,2015-10-04,2015,,19.0,,,0,0,N,0.0,0.0,0.0,,,,,,,,36.04533,-86.70221,False,Crashes_2010_2019_MPO
102355028,2019-04-09,2019,,94.0,,,0,0,N,0.0,0.0,0.0,,,,,,,,35.998066,-86.798914,True,Crashes_2010_2019_MPO
100589549,2014-07-31,2014,,94.0,,,0,0,N,0.0,0.0,0.0,,,,,,,,35.93315,-86.81169,False,Crashes_2010_2019_MPO
100681546,2014-11-16,2014,,19.0,,,0,0,N,0.0,0.0,0.0,,,,,,,,36.04525,-86.69173,False,Crashes_2010_2019_MPO
100567286,2014-06-30,2014,,94.0,,,0,0,N,0.0,0.0,0.0,,,,,,,,35.9442,-86.85384,False,Crashes_2010_2019_MPO
101712131,2017-07-26,2017,,19.0,,,0,0,N,0.0,0.0,0.0,,,,,,,,36.009474,-86.701647,False,Crashes_2010_2019_MPO
101578733,2017-03-10,2017,,94.0,,,0,0,N,0.0,0.0,0.0,,,,,,,,35.96654,-86.80936,True,Crashes_2010_2019_MPO
101618057,2017-04-15,2017,,94.0,,,0,0,N,0.0,0.0,0.0,,,,,,,,35.9463,-86.8085,False,Crashes_2010_2019_MPO
102025848,2018-05-28,2018,,19.0,,,0,0,N,0.0,0.0,0.0,,,,,,,,36.04066,-86.74216,False,Crashes_2010_2019_MPO
100720637,2015-01-12,2015,,94.0,,,0,0,N,0.0,0.0,0.0,,,,,,,,35.95051,-86.76621,True,Crashes_2010_2019_MPO
100924916,2015-08-17,2015,,94.0,,,0,0,N,0.0,0.0,0.0,,,,,,,,35.92669,-86.82704,False,Crashes_2010_2019_MPO
101353318,2016-09-03,2016,,94.0,,,0,0,N,0.0,0.0,0.0,,,,,,,,35.9509,-86.80665,False,Crashes_2010_2019_MPO
101424479,2016-10-27,2016,,19.0,,,0,0,Y,0.0,0.0,1.0,,,,,,,,36.04954,-86.77524,False,Crashes_2010_2019_MPO
101046434,2015-12-10,2015,,94.0,,,0,0,N,0.0,0.0,0.0,,,,,,,,35.98978,-86.79967,True,Crashes_2010_2019_MPO
102316215,2019-02-26,2019,,19.0,,,0,0,N,0.0,0.0,0.0,,,,,,,,36.04368,-86.78145,False,Crashes_2010_2019_MPO
102435986,2019-07-03,2019,,19.0,,,0,0,N,0.0,0.0,0.0,,,,,,,,36.04001,-86.78128,False,Crashes_2010_2019_MPO
102462824,2019-07-30,2019,,94.0,,,0,0,N,0.0,0.0,0.0,,,,,,,,35.93136,-86.82408,False,Crashes_2010_2019_MPO
100552426,2014-06-14,2014,,94.0,,,0,0,N,0.0,0.0,0.0,,,,,,,,35.93401,-86.85941,False,Crashes_2010_2019_MPO
102437665,2019-07-04,2019,,19.0,,,0,0,N,0.0,0.0,0.0,,,,,,,,36.04543,-86.70361,False,Crashes_2010_2019_MPO
101936184,2018-03-07,2018,,94.0,,,0,0,N,0.0,0.0,0.0,,,,,,,,35.97883,-86.75229,True,Crashes_2010_2019_MPO
101668174,2017-06-09,2017,,19.0,,,0,0,N,0.0,0.0,0.0,,,,,,,,36.03352,-86.71298,False,Crashes_2010_2019_MPO
100879566,2015-07-01,2015,,19.0,,,0,0,N,0.0,0.0,0.0,,,,,,,,36.0124,-86.70359,False,Crashes_2010_2019_MPO
102094667,2018-08-01,2018,,94.0,,,0,0,N,0.0,0.0,0.0,,,,,,,,35.9977,-86.79781,True,Crashes_2010_2019_MPO
101730609,2017-08-14,2017,,94.0,,,0,0,N,0.0,0.0,0.0,,,,,,,,35.96199,-86.81523,False,Crashes_2010_2019_MPO
100401517,2013-11-06,2013,,94.0,,,0,0,N,0.0,0.0,0.0,,,,,,,,35.94622,-86.80876,False,Crashes_2010_2019_MPO
101625319,2017-04-25,2017,,19.0,,,0,0,N,0.0,0.0,0.0,,,,,,,,36.031,-86.70136,False,Crashes_2010_2019_MPO
102011623,2018-05-15,2018,,94.0,,,0,0,N,0.0,0.0,0.0,,,,,,,,35.93756,-86.76809,False,Crashes_2010_2019_MPO
101738881,2017-08-22,2017,,19.0,,,0,0,N,0.0,0.0,0.0,,,,,,,,36.04001,-86.74347,False,Crashes_2010_2019_MPO
102100524,2018-08-06,2018,,19.0,,,0,0,N,0.0,0.0,0.0,,,,,,,,36.04293,-86.84166,False,Crashes_2010_2019_MPO
100679248,2014-11-12,2014,,19.0,,,0,0,N,0.0,0.0,0.0,,,,,,,,36.04667,-86.7135,False,Crashes_2010_2019_MPO
101921500,2018-02-19,2018,,94.0,,,0,0,N,0.0,0.0,0.0,,,,,,,,35.96492,-86.81552,True,Crashes_2010_2019_MPO
101919945,2018-02-18,2018,,19.0,,,0,0,N,0.0,0.0,0.0,,,,,,,,36.04109,-86.77897,False,Crashes_2010_2019_MPO
102198504,2018-11-01,2018,,94.0,,,0,0,N,0.0,0.0,0.0,,,,,,,,35.94798,-86.81714,False,Crashes_2010_2019_MPO
102359671,2019-04-13,2019,,94.0,,,0,0,N,0.0,0.0,0.0,,,,,,,,35.93591,-86.7747,False,Crashes_2010_2019_MPO
102006260,2018-05-10,2018,,19.0,,,0,0,N,0.0,0.0,0.0,,,,,,,,36.04526,-86.71433,False,Crashes_2010_2019_MPO
102599666,2019-12-16,2019,,94.0,,,0,0,N,0.0,0.0,0.0,,,,,,,,36.0343,-86.79174,True,Crashes_2010_2019_MPO
101548999,2017-02-07,2017,,94.0,,,0,0,N,0.0,0.0,0.0,,,,,,,,35.93215,-86.79441,False,Crashes_2010_2019_MPO
100545065,2014-05-30,2014,,94.0,,,0,0,N,0.0,0.0,0.0,,,,,,,,36.03175,-86.78961,True,Crashes_2010_2019_MPO
100965771,2015-09-22,2015,,19.0,,,0,0,N,0.0,0.0,0.0,,,,,,,,36.03709,-86.78263,False,Crashes_2010_2019_MPO
100127418,2011-12-10,2011,,94.0,,,0,0,Y,0.0,0.0,1.0,,,,,,,,35.92653,-86.82573,False,Crashes_2010_2019_MPO
101102402,2016-02-08,2016,,19.0,,,0,0,N,0.0,0.0,0.0,,,,,,,,36.02962,-86.70382,False,Crashes_2010_2019_MPO
101604387,2017-04-05,2017,,19.0,,,0,0,N,0.0,0.0,0.0,,,,,,,,35.99687,-86.68989,False,Crashes_2010_2019_MPO
101457749,2016-11-23,2016,,19.0,,,0,0,N,0.0,0.0,0.0,,,,,,,,36.04571,-86.70953,False,Crashes_2010_2019_MPO
101725851,2017-08-09,2017,,94.0,,,0,0,N,0.0,0.0,0.0,,,,,,,,35.98107,-86.8463,False,Crashes_2010_2019_MPO
102593816,2019-12-10,2019,,94.0,,,0,0,N,0.0,0.0,0.0,,,,,,,,35.94612,-86.82346,False,Crashes_2010_2019_MPO
101652934,2017-05-23,2017,,19.0,,,0,0,N,0.0,0.0,0.0,,,,,,,,36.03772,-86.79475,False,Crashes_2010_2019_MPO
102393305,2019-05-19,2019,,19.0,,,0,0,N,0.0,0.0,0.0,,,,,,,,36.04441,-86.69415,False,Crashes_2010_2019_MPO
102088605,2018-07-27,2018,,19.0,,,0,0,N,0.0,0.0,0.0,,,,,,,,36.04842,-86.71363,False,Crashes_2010_2019_MPO
101133605,2016-03-14,2016,,19.0,,,0,0,N,0.0,0.0,0.0,,,,,,,,36.04161,-86.71287,False,Crashes_2010_2019_MPO
101160604,2016-04-08,2016,,94.0,,,0,0,N,0.0,0.0,0.0,,,,,,,,36.037304,-86.807677,True,Crashes_2010_2019_MPO
100232434,2012-09-28,2012,,94.0,,,0,0,N,0.0,0.0,0.0,,,,,,,,35.96755,-86.81671,True,Crashes_2010_2019_MPO
101318018,2016-08-01,2016,,94.0,,,0,0,N,0.0,0.0,0.0,,,,,,,,35.98016,-86.77064,True,Crashes_2010_2019_MPO
102362404,2019-04-16,2019,,94.0,,,0,0,N,0.0,0.0,0.0,,,,,,,,36.03321,-86.78772,True,Crashes_2010_2019_MPO
100910412,2015-07-22,2015,,19.0,,,0,0,N,0.0,0.0,0.0,,,,,,,,36.04554,-86.71179,False,Crashes_2010_2019_MPO
102250438,2018-12-18,2018,,19.0,,,0,0,N,0.0,0.0,0.0,,,,,,,,36.03917,-86.74342,False,Crashes_2010_2019_MPO
101727341,2017-08-11,2017,,94.0,,,0,0,N,0.0,0.0,0.0,,,,,,,,36.01765,-86.7636,True,Crashes_2010_2019_MPO
100770329,2015-03-11,2015,,94.0,,,0,0,N,0.0,0.0,0.0,,,,,,,,35.99048,-86.74921,True,Crashes_2010_2019_MPO
100569676,2014-07-06,2014,,94.0,,,0,0,N,0.0,0.0,0.0,,,,,,,,35.93485,-86.81847,False,Crashes_2010_2019_MPO
102408319,2019-06-03,2019,,19.0,,,0,0,N,0.0,0.0,0.0,,,,,,,,36.04694,-86.71345,False,Crashes_2010_2019_MPO
101047120,2015-12-11,2015,,94.0,,,0,0,N,0.0,0.0,0.0,,,,,,,,35.99245,-86.82847,True,Crashes_2010_2019_MPO
100924504,2015-08-17,2015,,94.0,,,0,0,N,0.0,0.0,0.0,,,,,,,,35.947,-86.81148,False,Crashes_2010_2019_MPO
101462043,2016-11-27,2016,,94.0,,,0,0,N,0.0,0.0,0.0,,,,,,,,35.96652,-86.81156,False,Crashes_2010_2019_MPO
101831546,2017-11-20,2017,,94.0,,,0,0,N,0.0,0.0,0.0,,,,,,,,35.97776,-86.80359,True,Crashes_2010_2019_MPO
102203192,2018-11-05,2018,,94.0,,,0,0,N,0.0,0.0,0.0,,,,,,,,35.9889,-86.82876,False,Crashes_2010_2019_MPO
100727399,2015-01-25,2015,,19.0,,,0,0,N,0.0,0.0,0.0,,,,,,,,36.04732,-86.86273,False,Crashes_2010_2019_MPO
101070040,2016-01-01,2016,,19.0,,,0,0,N,0.0,0.0,0.0,,,,,,,,36.05121,-86.81908,False,Crashes_2010_2019_MPO
102516018,2019-09-21,2019,,19.0,,,0,0,N,0.0,0.0,0.0,,,,,,,,36.04178,-86.78365,False,Crashes_2010_2019_MPO
102555478,2019-11-01,2019,,94.0,,,0,0,N,0.0,0.0,0.0,,,,,,,,35.98402,-86.69946,True,Crashes_2010_2019_MPO
100352887,2013-07-10,2013,,94.0,,,0,0,N,0.0,0.0,0.0,,,,,,,,35.93296,-86.78252,False,Crashes_2010_2019_MPO
100727270,2015-01-24,2015,,94.0,,,0,0,N,0.0,0.0,0.0,,,,,,,,36.02689,-86.7923,True,Crashes_2010_2019_MPO
102243050,2018-12-04,2018,,94.0,,,0,0,N,0.0,0.0,0.0,,,,,,,,35.97776,-86.80359,True,Crashes_2010_2019_MPO
100874060,2015-06-20,2015,,19.0,,,0,0,N,0.0,0.0,0.0,,,,,,,,36.04732,-86.86273,False,Crashes_2010_2019_MPO
101231257,2016-05-24,2016,,94.0,,,0,0,N,0.0,0.0,0.0,,,,,,,,35.93557,-86.82364,False,Crashes_2010_2019_MPO
101663059,2017-06-03,2017,,19.0,,,0,0,N,0.0,0.0,0.0,,,,,,,,36.04228,-86.71293,False,Crashes_2010_2019_MPO
101782296,2017-10-05,2017,,94.0,,,0,0,N,0.0,0.0,0.0,,,,,,,,35.92919,-86.82044,False,Crashes_2010_2019_MPO
101106917,2016-02-16,2016,,19.0,,,0,0,N,0.0,0.0,0.0,,,,,,,,36.0397,-86.74345,False,Crashes_2010_2019_MPO
101618812,2017-04-18,2017,,94.0,,,0,0,N,0.0,0.0,0.0,,,,,,,,35.97715,-86.87611,False,Crashes_2010_2019_MPO
102228314,2018-11-28,2018,,19.0,,,0,0,N,0.0,0.0,0.0,,,,,,,,36.04525,-86.71443,False,Crashes_2010_2019_MPO
100962322,2015-09-14,2015,,19.0,,,0,0,N,0.0,0.0,0.0,,,,,,,,36.0374,-86.78657,False,Crashes_2010_2019_MPO
102303957,2019-02-11,2019,,94.0,,,0,0,N,0.0,0.0,0.0,,,,,,,,36.03079,-86.78313,True,Crashes_2010_2019_MPO
100138472,2012-01-17,2012,,94.0,,,0,0,N,0.0,0.0,0.0,,,,,,,,36.01575,-86.82117,True,Crashes_2010_2019_MPO
101804728,2017-10-26,2017,,94.0,,,0,0,N,0.0,0.0,0.0,,,,,,,,35.99547,-86.77847,True,Crashes_2010_2019_MPO
102348935,2019-04-03,2019,,94.0,,,0,0,N,0.0,0.0,0.0,,,,,,,,36.03319,-86.78228,True,Crashes_2010_2019_MPO
100608683,2014-08-21,2014,,94.0,,,0,0,N,0.0,0.0,0.0,,,,,,,,35.99639,-86.78765,True,Crashes_2010_2019_MPO
102367614,2019-04-21,2019,,94.0,,,0,0,N,0.0,0.0,0.0,,,,,,,,36.01257,-86.74788,True,Crashes_2010_2019_MPO
101196501,2016-05-17,2016,,19.0,,,0,0,N,0.0,0.0,0.0,,,,,,,,36.04527,-86.70118,False,Crashes_2010_2019_MPO
101072872,2016-01-06,2016,,19.0,,,0,0,N,0.0,0.0,0.0,,,,,,,,36.03908,-86.73508,False,Crashes_2010_2019_MPO
102155567,2018-09-23,2018,,19.0,,,0,0,N,0.0,0.0,0.0,,,,,,,,36.03331,-86.77742,True,Crashes_2010_2019_MPO
101432885,2016-11-06,2016,,19.0,,,0,0,N,0.0,0.0,0.0,,,,,,,,36.04602,-86.71334,False,Crashes_2010_2019_MPO
102484932,2019-08-22,2019,,19.0,,,0,0,N,0.0,0.0,0.0,,,,,,,,36.04768,-86.71354,False,Crashes_2010_2019_MPO
100805542,2015-04-09,2015,,94.0,,,0,0,N,0.0,0.0,0.0,,,,,,,,35.94693,-86.81178,False,Crashes_2010_2019_MPO
100707035,2014-12-15,2014,,94.0,,,0,0,N,0.0,0.0,0.0,,,,,,,,36.00407,-86.71656,True,Crashes_2010_2019_MPO
100639475,2014-10-01,2014,,94.0,,,0,0,N,0.0,0.0,0.0,,,,,,,,36.00733,-86.78756,True,Crashes_2010_2019_MPO
102046820,2018-06-13,2018,,94.0,,,0,0,N,0.0,0.0,0.0,,,,,,,,35.94195,-86.8302,False,Crashes_2010_2019_MPO
102587978,2019-12-04,2019,,94.0,,,0,0,N,0.0,0.0,0.0,,,,,,,,35.93405,-86.81901,False,Crashes_2010_2019_MPO
101196351,2016-05-17,2016,,19.0,,,0,0,N,0.0,0.0,0.0,,,,,,,,36.03998,-86.7813,False,Crashes_2010_2019_MPO
100499986,2014-04-23,2014,,94.0,,,0,0,N,0.0,0.0,0.0,,,,,,,,35.98642,-86.80058,True,Crashes_2010_2019_MPO
102392017,2019-05-15,2019,,94.0,,,0,0,N,0.0,0.0,0.0,,,,,,,,35.92405,-86.82224,False,Crashes_2010_2019_MPO
102385682,2019-05-08,2019,,94.0,,,0,0,N,0.0,0.0,0.0,,,,,,,,35.98718,-86.8164,True,Crashes_2010_2019_MPO
101376495,2016-09-21,2016,,19.0,,,0,0,N,0.0,0.0,0.0,,,,,,,,36.04479,-86.72487,False,Crashes_2010_2019_MPO
101154264,2016-03-30,2016,,94.0,,,0,0,N,0.0,0.0,0.0,,,,,,,,35.96681,-86.81119,True,Crashes_2010_2019_MPO
101706924,2017-07-20,2017,,94.0,,,0,0,N,0.0,0.0,0.0,,,,,,,,35.96473,-86.81432,False,Crashes_2010_2019_MPO
102049064,2018-06-20,2018,,94.0,,,0,0,N,0.0,0.0,0.0,,,,,,,,36.0016,-86.7932,True,Crashes_2010_2019_MPO
100876560,2015-06-14,2015,,94.0,,,0,0,N,0.0,0.0,0.0,,,,,,,,35.98373,-86.7167,True,Crashes_2010_2019_MPO
100998522,2015-10-28,2015,,94.0,,,0,0,N,0.0,0.0,0.0,,,,,,,,35.96703,-86.81265,True,Crashes_2010_2019_MPO
102498924,2019-09-03,2019,,94.0,,,0,0,N,0.0,0.0,0.0,,,,,,,,36.00183,-86.84013,True,Crashes_2010_2019_MPO
101241662,2016-06-08,2016,,94.0,,,0,0,N,0.0,0.0,0.0,,,,,,,,35.94981,-86.81352,False,Crashes_2010_2019_MPO
101944112,2018-03-14,2018,,19.0,,,0,0,N,0.0,0.0,0.0,,,,,,,,36.04001,-86.74347,False,Crashes_2010_2019_MPO
101424107,2016-10-26,2016,,94.0,,,0,0,N,0.0,0.0,0.0,,,,,,,,35.95716,-86.84317,False,Crashes_2010_2019_MPO
102478058,2019-08-15,2019,,19.0,,,0,0,N,0.0,0.0,0.0,,,,,,,,36.00879,-86.69379,False,Crashes_2010_2019_MPO
100717098,2015-01-03,2015,,19.0,,,0,0,N,0.0,0.0,0.0,,,,,,,,36.04551,-86.71204,False,Crashes_2010_2019_MPO
102513060,2019-09-18,2019,,94.0,,,0,0,N,0.0,0.0,0.0,,,,,,,,35.94403,-86.81553,False,Crashes_2010_2019_MPO