mstrrecnbr,collision_ts,year,county,countystat,crash,crash_type,fatalities,non_motorists,commercial,fatal_c,nonmotor_c,truck_c,fatalc,serious_injuries,ped,bike,lighting,weather,first_harmful_event,latitude,longitude,in_city,src_layer
102585032,2019-11-28,2019,,94.0,,,0,0,N,0.0,0.0,0.0,,,,,,,,35.98382,-86.69819,True,Crashes_2010_2019_MPO
102030181,2018-06-01,2018,,19.0,,,0,0,N,0.0,0.0,0.0,,,,,,,,36.03772,-86.79475,False,Crashes_2010_2019_MPO
101673278,2017-06-14,2017,,19.0,,,0,0,N,0.0,0.0,0.0,,,,,,,,36.03352,-86.71298,False,Crashes_2010_2019_MPO
101571508,2017-03-03,2017,,94.0,,,0,0,N,0.0,0.0,0.0,,,,,,,,35.96241,-86.8151,False,Crashes_2010_2019_MPO
100274255,2013-01-02,2013,,94.0,,,1,0,N,1.0,0.0,0.0,,,,,,,,35.946999,-86.813721,False,Crashes_2010_2019_MPO
102287605,2019-01-25,2019,,94.0,,,0,0,N,0.0,0.0,0.0,,,,,,,,35.98585,-86.73433,True,Crashes_2010_2019_MPO
100659216,2014-10-25,2014,,94.0,,,0,0,N,0.0,0.0,0.0,,,,,,,,35.93499,-86.8222,False,Crashes_2010_2019_MPO
101454662,2016-11-19,2016,,19.0,,,0,0,N,0.0,0.0,0.0,,,,,,,,36.0268,-86.71285,False,Crashes_2010_2019_MPO
101350558,2016-08-31,2016,,19.0,,,0,0,N,0.0,0.0,0.0,,,,,,,,36.03193,-86.76236,False,Crashes_2010_2019_MPO
102054211,2018-06-07,2018,,94.0,,,0,0,N,0.0,0.0,0.0,,,,,,,,35.92368,-86.87934,False,Crashes_2010_2019_MPO
100703748,2014-12-07,2014,,19.0,,,0,0,N,0.0,0.0,0.0,,,,,,,,35.9959,-86.69087,False,Crashes_2010_2019_MPO
101062813,2015-12-19,2015,,94.0,,,0,0,N,0.0,0.0,0.0,,,,,,,,35.9711,-86.67836,False,Crashes_2010_2019_MPO
100386051,2013-10-01,2013,,94.0,,,0,0,N,0.0,0.0,0.0,,,,,,,,35.99644,-86.788,True,Crashes_2010_2019_MPO
102285948,2019-01-24,2019,,94.0,,,0,0,N,0.0,0.0,0.0,,,,,,,,35.96978,-86.72411,True,Crashes_2010_2019_MPO
101492840,2016-12-31,2016,,19.0,,,0,0,N,0.0,0.0,0.0,,,,,,,,36.05151,-86.71436,False,Crashes_2010_2019_MPO
101982776,2018-04-19,2018,,94.0,,,0,0,N,0.0,0.0,0.0,,,,,,,,35.95195,-86.72555,True,Crashes_2010_2019_MPO
101456818,2016-11-22,2016,,94.0,,,0,0,N,0.0,0.0,0.0,,,,,,,,36.00811,-86.78677,True,Crashes_2010_2019_MPO
101420910,2016-10-23,2016,,19.0,,,0,0,N,0.0,0.0,0.0,,,,,,,,36.04114,-86.77621,False,Crashes_2010_2019_MPO
100463023,2014-03-11,2014,,94.0,,,0,0,N,0.0,0.0,0.0,,,,,,,,35.93094,-86.85841,False,Crashes_2010_2019_MPO
101701504,2017-07-14,2017,,19.0,,,0,0,N,0.0,0.0,0.0,,,,,,,,36.04084,-86.77347,False,Crashes_2010_2019_MPO
101609913,2017-04-08,2017,,94.0,,,0,0,N,0.0,0.0,0.0,,,,,,,,35.969155,-86.80714,True,Crashes_2010_2019_MPO
101325088,2016-08-10,2016,,94.0,,,0,0,N,0.0,0.0,0.0,,,,,,,,35.9473,-86.81966,False,Crashes_2010_2019_MPO
101396926,2016-10-05,2016,,94.0,,,0,0,N,0.0,0.0,0.0,,,,,,,,35.98421,-86.80134,True,Crashes_2010_2019_MPO
101286413,2016-07-15,2016,,94.0,,,0,0,N,0.0,0.0,0.0,,,,,,,,35.92619,-86.76719,False,Crashes_2010_2019_MPO
100548232,2014-06-07,2014,,94.0,,,0,0,N,0.0,0.0,0.0,,,,,,,,35.97013,-86.68254,False,Crashes_2010_2019_MPO
102448637,2019-07-16,2019,,19.0,,,0,0,N,0.0,0.0,0.0,,,,,,,,36.04561,-86.71074,False,Crashes_2010_2019_MPO
102194798,2018-10-26,2018,,94.0,,,0,0,N,0.0,0.0,0.0,,,,,,,,35.92546,-86.87275,False,Crashes_2010_2019_MPO
101032464,2015-11-18,2015,,94.0,,,0,0,N,0.0,0.0,0.0,,,,,,,,35.96769,-86.8134,True,Crashes_2010_2019_MPO
101006779,2015-11-10,2015,,19.0,,,0,0,N,0.0,0.0,0.0,,,,,,,,36.01607,-86.70617,False,Crashes_2010_2019_MPO
101648605,2017-05-19,2017,,19.0,,,0,0,N,0.0,0.0,0.0,,,,,,,,36.0409,-86.74608,False,Crashes_2010_2019_MPO
100795436,2015-03-20,2015,,19.0,,,0,0,N,0.0,0.0,0.0,,,,,,,,36.0454,-86.71336,False,Crashes_2010_2019_MPO
101758626,2017-09-11,2017,,94.0,,,0,0,N,0.0,0.0,0.0,,,,,,,,35.95758,-86.76761,True,Crashes_2010_2019_MPO
102461205,2019-07-28,2019,,94.0,,,0,0,N,0.0,0.0,0.0,,,,,,,,35.97127,-86.68198,False,Crashes_2010_2019_MPO
102013317,2018-05-17,2018,,19.0,,,0,0,N,0.0,0.0,0.0,,,,,,,,36.04739,-86.86305,False,Crashes_2010_2019_MPO
102087671,2018-07-23,2018,,94.0,,,0,0,N,0.0,0.0,0.0,,,,,,,,35.9609,-86.80181,True,Crashes_2010_2019_MPO
102305003,2019-02-13,2019,,19.0,,,0,0,N,0.0,0.0,0.0,,,,,,,,36.03899,-86.78258,False,Crashes_2010_2019_MPO
102253665,2018-12-20,2018,,94.0,,,0,0,N,0.0,0.0,0.0,,,,,,,,35.96477,-86.81514,True,Crashes_2010_2019_MPO
100728801,2015-01-28,2015,,94.0,,,0,0,N,0.0,0.0,0.0,,,,,,,,35.9337,-86.81769,False,Crashes_2010_2019_MPO
100285134,2013-01-28,2013,,94.0,,,0,0,N,0.0,0.0,0.0,,,,,,,,35.98338,-86.80162,True,Crashes_2010_2019_MPO
101365663,2016-09-20,2016,,94.0,,,0,0,N,0.0,0.0,0.0,,,,,,,,35.93563,-86.86013,False,Crashes_2010_2019_MPO
102320948,2019-03-04,2019,,94.0,,,0,0,N,0.0,0.0,0.0,,,,,,,,35.94722,-86.82141,False,Crashes_2010_2019_MPO
100962719,2015-09-18,2015,,19.0,,,0,0,Y,0.0,0.0,1.0,,,,,,,,36.0545,-86.72502,False,Crashes_2010_2019_MPO
100463789,2014-03-13,2014,,94.0,,,0,0,N,0.0,0.0,0.0,,,,,,,,35.96312,-86.81899,True,Crashes_2010_2019_MPO
101564597,2017-02-24,2017,,94.0,,,0,0,N,0.0,0.0,0.0,,,,,,,,35.93586,-86.81813,False,Crashes_2010_2019_MPO
100551747,2014-06-16,2014,,94.0,,,0,0,N,0.0,0.0,0.0,,,,,,,,36.0077,-86.78751,True,Crashes_2010_2019_MPO
102609906,2019-12-28,2019,,94.0,,,0,0,N,0.0,0.0,0.0,,,,,,,,35.94812,-86.81995,False,Crashes_2010_2019_MPO
102296052,2019-02-03,2019,,94.0,,,0,0,N,0.0,0.0,0.0,,,,,,,,35.96705,-86.81355,True,Crashes_2010_2019_MPO
101910091,2018-02-08,2018,,19.0,,,0,0,N,0.0,0.0,0.0,,,,,,,,36.03352,-86.71298,False,Crashes_2010_2019_MPO
100972435,2015-10-02,2015,,94.0,,,0,0,N,0.0,0.0,0.0,,,,,,,,36.00721,-86.85592,False,Crashes_2010_2019_MPO
102051096,2018-06-22,2018,,94.0,,,0,0,N,0.0,0.0,0.0,,,,,,,,35.99378,-86.7605,True,Crashes_2010_2019_MPO
101954798,2018-03-24,2018,,94.0,,,0,0,N,0.0,0.0,0.0,,,,,,,,35.92412,-86.86993,False,Crashes_2010_2019_MPO
101070818,2016-01-02,2016,,19.0,,,0,0,N,0.0,0.0,0.0,,,,,,,,36.04012,-86.78057,False,Crashes_2010_2019_MPO
100973978,2015-10-06,2015,,94.0,,,0,0,N,0.0,0.0,0.0,,,,,,,,36.01533,-86.7859,True,Crashes_2010_2019_MPO
101864716,2017-12-20,2017,,94.0,,,0,0,N,0.0,0.0,0.0,,,,,,,,35.98111,-86.84624,False,Crashes_2010_2019_MPO
101657267,2017-05-28,2017,,19.0,,,0,0,N,0.0,0.0,0.0,,,,,,,,36.0453,-86.70168,False,Crashes_2010_2019_MPO
101179827,2016-04-23,2016,,19.0,,,0,0,N,0.0,0.0,0.0,,,,,,,,36.01382,-86.69319,False,Crashes_2010_2019_MPO
101843865,2017-11-30,2017,,94.0,,,0,0,N,0.0,0.0,0.0,,,,,,,,35.9521,-86.8475,False,Crashes_2010_2019_MPO
100324127,2013-05-03,2013,,94.0,,,0,0,N,0.0,0.0,0.0,,,,,,,,35.9266,-86.7672,False,Crashes_2010_2019_MPO
101272481,2016-06-24,2016,,19.0,,,0,0,N,0.0,0.0,0.0,,,,,,,,36.04001,-86.74347,False,Crashes_2010_2019_MPO
101976233,2018-04-13,2018,,94.0,,,0,0,N,0.0,0.0,0.0,,,,,,,,35.98489,-86.73145,True,Crashes_2010_2019_MPO
100665878,2014-11-06,2014,,19.0,,,0,0,N,0.0,0.0,0.0,,,,,,,,36.03734,-86.79056,False,Crashes_2010_2019_MPO
101439618,2016-11-14,2016,,19.0,,,0,0,N,0.0,0.0,0.0,,,,,,,,36.03934,-86.78566,False,Crashes_2010_2019_MPO
102531140,2019-10-06,2019,,19.0,,,0,0,N,0.0,0.0,0.0,,,,,,,,36.04393,-86.6933,False,Crashes_2010_2019_MPO
101660165,2017-05-31,2017,,94.0,,,0,0,N,0.0,0.0,0.0,,,,,,,,35.9971,-86.79689,True,Crashes_2010_2019_MPO
102600327,2019-12-17,2019,,94.0,,,0,0,N,0.0,0.0,0.0,,,,,,,,35.92673,-86.87005,False,Crashes_2010_2019_MPO
102198543,2018-11-02,2018,,19.0,,,0,0,N,0.0,0.0,0.0,,,,,,,,36.03552,-86.783,False,Crashes_2010_2019_MPO
100796970,2015-03-24,2015,,94.0,,,0,0,N,0.0,0.0,0.0,,,,,,,,35.96726,-86.81885,True,Crashes_2010_2019_MPO
101907542,2018-02-04,2018,,19.0,,,0,0,N,0.0,0.0,0.0,,,,,,,,36.04899,-86.69282,False,Crashes_2010_2019_MPO
101465812,2016-12-01,2016,,94.0,,,0,0,N,0.0,0.0,0.0,,,,,,,,35.94687,-86.85168,False,Crashes_2010_2019_MPO
101976270,2018-04-13,2018,,94.0,,,0,0,N,0.0,0.0,0.0,,,,,,,,35.99008,-86.79957,True,Crashes_2010_2019_MPO
101127370,2016-03-04,2016,,94.0,,,0,0,N,0.0,0.0,0.0,,,,,,,,35.94039,-86.83375,False,Crashes_2010_2019_MPO
102546948,2019-10-19,2019,,94.0,,,0,0,N,0.0,0.0,0.0,,,,,,,,35.92391,-86.87162,False,Crashes_2010_2019_MPO
101551405,2017-02-11,2017,,19.0,,,0,0,N,0.0,0.0,0.0,,,,,,,,36.04042,-86.74533,False,Crashes_2010_2019_MPO
100768173,2015-03-04,2015,,19.0,,,0,0,N,0.0,0.0,0.0,,,,,,,,36.03987,-86.74097,False,Crashes_2010_2019_MPO
102185599,2018-10-22,2018,,19.0,,,0,0,N,0.0,0.0,0.0,,,,,,,,36.04526,-86.71434,False,Crashes_2010_2019_MPO
102062608,2018-07-03,2018,,19.0,,,0,0,N,0.0,0.0,0.0,,,,,,,,36.04106,-86.77903,False,Crashes_2010_2019_MPO
101456295,2016-11-21,2016,,94.0,,,0,0,N,0.0,0.0,0.0,,,,,,,,35.96158,-86.80919,False,Crashes_2010_2019_MPO
100720101,2015-01-10,2015,,19.0,,,0,0,N,0.0,0.0,0.0,,,,,,,,36.00876,-86.69385,False,Crashes_2010_2019_MPO
102568597,2019-11-15,2019,,19.0,,,0,0,N,0.0,0.0,0.0,,,,,,,,36.03821,-86.7829,False,Crashes_2010_2019_MPO
101794651,2017-10-17,2017,,19.0,,,0,0,N,0.0,0.0,0.0,,,,,,,,35.99569,-86.68762,False,Crashes_2010_2019_MPO
100551215,2014-06-14,2014,,94.0,,,0,0,N,0.0,0.0,0.0,,,,,,,,35.92703,-86.82441,False,Crashes_2010_2019_MPO
101093397,2016-01-22,2016,,94.0,,,0,0,N,0.0,0.0,0.0,,,,,,,,35.94488,-86.8471,False,Crashes_2010_2019_MPO
101006794,2015-11-10,2015,,94.0,,,0,0,N,0.0,0.0,0.0,,,,,,,,35.93507,-86.82381,False,Crashes_2010_2019_MPO
102111847,2018-08-16,2018,,94.0,,,0,0,N,0.0,0.0,0.0,,,,,,,,35.93557,-86.82426,False,Crashes_2010_2019_MPO
102443846,2019-07-10,2019,,94.0,,,0,0,N,0.0,0.0,0.0,,,,,,,,35.92907,-86.84654,False,Crashes_2010_2019_MPO
101647637,2017-05-18,2017,,19.0,,,0,0,N,0.0,0.0,0.0,,,,,,,,36.03987,-86.7535,False,Crashes_2010_2019_MPO
101622727,2017-04-22,2017,,94.0,,,0,0,N,0.0,0.0,0.0,,,,,,,,35.95772,-86.81127,False,Crashes_2010_2019_MPO
100696201,2014-11-24,2014,,94.0,,,0,0,N,0.0,0.0,0.0,,,,,,,,35.94531,-86.82307,False,Crashes_2010_2019_MPO
101667281,2017-06-07,2017,,94.0,,,0,0,N,0.0,0.0,0.0,,,,,,,,35.92412,-86.86962,False,Crashes_2010_2019_MPO
101099949,2016-02-05,2016,,94.0,,,0,0,N,0.0,0.0,0.0,,,,,,,,35.92844,-86.83378,False,Crashes_2010_2019_MPO
102474173,2019-08-10,2019,,19.0,,,0,0,N,0.0,0.0,0.0,,,,,,,,36.04024,-86.74493,False,Crashes_2010_2019_MPO
101717566,2017-08-01,2017,,94.0,,,0,0,N,0.0,0.0,0.0,,,,,,,,35.92609,-86.87139,False,Crashes_2010_2019_MPO
102528105,2019-10-03,2019,,94.0,,,0,0,N,0.0,0.0,0.0,,,,,,,,35.95759,-86.81652,False,Crashes_2010_2019_MPO
101150006,2016-03-24,2016,,94.0,,,0,0,N,0.0,0.0,0.0,,,,,,,,36.01274,-86.78492,True,Crashes_2010_2019_MPO
100828985,2015-05-05,2015,,19.0,,,0,0,N,0.0,0.0,0.0,,,,,,,,36.03758,-86.79353,False,Crashes_2010_2019_MPO
100461689,2014-03-08,2014,,94.0,,,0,0,N,0.0,0.0,0.0,,,,,,,,35.97276,-86.80556,True,Crashes_2010_2019_MPO
102135947,2018-09-06,2018,,94.0,,,0,0,N,0.0,0.0,0.0,,,,,,,,36.03354,-86.78071,True,Crashes_2010_2019_MPO
101888368,2018-01-16,2018,,19.0,,,0,0,N,0.0,0.0,0.0,,,,,,,,36.01559,-86.7406,False,Crashes_2010_2019_MPO
100979300,2015-10-15,2015,,19.0,,,0,0,N,0.0,0.0,0.0,,,,,,,,36.04013,-86.78074,False,Crashes_2010_2019_MPO
100305718,2013-03-20,2013,,94.0,,,0,0,N,0.0,0.0,0.0,,,,,,,,35.9602,-86.8012,False,Crashes_2010_2019_MPO
101189126,2016-05-06,2016,,19.0,,,0,0,N,0.0,0.0,0.0,,,,,,,,36.04459,-86.7251,False,Crashes_2010_2019_MPO
101667989,2017-06-08,2017,,19.0,,,0,0,Y,0.0,0.0,1.0,,,,,,,,36.0486,-86.71035,False,Crashes_2010_2019_MPO
102111414,2018-08-16,2018,,94.0,,,0,0,N,0.0,0.0,0.0,,,,,,,,36.0022,-86.7927,True,Crashes_2010_2019_MPO
102242569,2018-12-11,2018,,94.0,,,0,0,N,0.0,0.0,0.0,,,,,,,,35.98835,-86.68124,False,Crashes_2010_2019_MPO
101207770,2016-05-19,2016,,19.0,,,0,0,N,0.0,0.0,0.0,,,,,,,,36.05155,-86.74321,False,Crashes_2010_2019_MPO
101569733,2017-03-01,2017,,94.0,,,0,0,N,0.0,0.0,0.0,,,,,,,,35.95944,-86.80651,False,Crashes_2010_2019_MPO
101713226,2017-07-27,2017,,94.0,,,0,0,N,0.0,0.0,0.0,,,,,,,,36.01475,-86.84109,False,Crashes_2010_2019_MPO
101889720,2018-01-18,2018,,94.0,,,0,0,N,0.0,0.0,0.0,,,,,,,,35.99507,-86.77407,True,Crashes_2010_2019_MPO
100247254,2012-11-02,2012,,94.0,,,0,0,N,0.0,0.0,0.0,,,,,,,,35.96901,-86.81962,True,Crashes_2010_2019_MPO
100861326,2015-06-15,2015,,94.0,,,0,0,N,0.0,0.0,0.0,,,,,,,,35.96289,-86.75433,True,Crashes_2010_2019_MPO
102358227,2019-04-12,2019,,94.0,,,0,0,N,0.0,0.0,0.0,,,,,,,,35.96562,-86.70619,True,Crashes_2010_2019_MPO
101463138,2016-11-29,2016,,94.0,,,0,0,N,0.0,0.0,0.0,,,,,,,,36.02717,-86.78382,True,Crashes_2010_2019_MPO
101505427,2017-01-15,2017,,19.0,,,0,0,N,0.0,0.0,0.0,,,,,,,,36.04143,-86.78247,False,Crashes_2010_2019_MPO
102218499,2018-11-21,2018,,94.0,,,0,0,N,0.0,0.0,0.0,,,,,,,,35.93287,-86.78346,False,Crashes_2010_2019_MPO
101105298,2016-02-13,2016,,94.0,,,0,0,N,0.0,0.0,0.0,,,,,,,,35.93245,-86.87722,False,Crashes_2010_2019_MPO
101046269,2015-12-09,2015,,94.0,,,0,0,N,0.0,0.0,0.0,,,,,,,,35.9472,-86.82147,False,Crashes_2010_2019_MPO
101595869,2017-03-28,2017,,94.0,,,0,0,N,0.0,0.0,0.0,,,,,,,,35.94986,-86.75883,True,Crashes_2010_2019_MPO
100804660,2015-04-08,2015,,94.0,,,0,0,N,0.0,0.0,0.0,,,,,,,,35.93311,-86.78091,False,Crashes_2010_2019_MPO
100750907,2015-02-21,2015,,19.0,,,0,0,N,0.0,0.0,0.0,,,,,,,,36.04132,-86.78226,False,Crashes_2010_2019_MPO
100694717,2014-11-22,2014,,94.0,,,0,0,N,0.0,0.0,0.0,,,,,,,,35.97004,-86.77367,True,Crashes_2010_2019_MPO
101393538,2016-09-30,2016,,94.0,,,0,0,N,0.0,0.0,0.0,,,,,,,,35.94659,-86.82296,False,Crashes_2010_2019_MPO
102054815,2018-06-26,2018,,19.0,,,0,0,N,0.0,0.0,0.0,,,,,,,,36.038,-86.78642,False,Crashes_2010_2019_MPO
100682202,2014-11-17,2014,,94.0,,,0,0,N,0.0,0.0,0.0,,,,,,,,35.92842,-86.82452,False,Crashes_2010_2019_MPO
101424351,2016-10-27,2016,,94.0,,,0,0,N,0.0,0.0,0.0,,,,,,,,36.03353,-86.77986,True,Crashes_2010_2019_MPO
102470202,2019-08-06,2019,,94.0,,,0,0,N,0.0,0.0,0.0,,,,,,,,35.96981,-86.6781,False,Crashes_2010_2019_MPO
100466210,2014-03-19,2014,,94.0,,,0,0,N,0.0,0.0,0.0,,,,,,,,36.00535,-86.86639,False,Crashes_2010_2019_MPO
102545071,2019-10-22,2019,,94.0,,,0,0,N,0.0,0.0,0.0,,,,,,,,36.03312,-86.78688,True,Crashes_2010_2019_MPO
101190053,2016-05-07,2016,,94.0,,,0,0,N,0.0,0.0,0.0,,,,,,,,35.92609,-86.87139,False,Crashes_2010_2019_MPO
100070079,2011-07-02,2011,,94.0,,,0,0,N,0.0,0.0,0.0,,,,,,,,36.030834,-86.875717,False,Crashes_2010_2019_MPO
100594946,2014-08-12,2014,,94.0,,,0,0,N,0.0,0.0,0.0,,,,,,,,36.01711,-86.78641,True,Crashes_2010_2019_MPO
101951925,2018-03-21,2018,,94.0,,,0,0,N,0.0,0.0,0.0,,,,,,,,35.96532,-86.70293,False,Crashes_2010_2019_MPO
100668556,2014-11-10,2014,,94.0,,,0,0,N,0.0,0.0,0.0,,,,,,,,35.99862,-86.80582,True,Crashes_2010_2019_MPO
102291517,2019-01-29,2019,,94.0,,,0,0,N,0.0,0.0,0.0,,,,,,,,35.95524,-86.84497,False,Crashes_2010_2019_MPO
101843481,2017-11-30,2017,,19.0,,,0,0,N,0.0,0.0,0.0,,,,,,,,36.0379,-86.78271,False,Crashes_2010_2019_MPO
101949524,2018-03-19,2018,,19.0,,,0,0,N,0.0,0.0,0.0,,,,,,,,35.99648,-86.69028,False,Crashes_2010_2019_MPO
100266315,2012-12-14,2012,,94.0,,,0,0,N,0.0,0.0,0.0,,,,,,,,35.9968,-86.79118,True,Crashes_2010_2019_MPO
101772274,2017-09-26,2017,,94.0,,,0,0,N,0.0,0.0,0.0,,,,,,,,35.98299,-86.71958,True,Crashes_2010_2019_MPO
102576489,2019-11-22,2019,,19.0,,,0,0,N,0.0,0.0,0.0,,,,,,,,36.00748,-86.7008,False,Crashes_2010_2019_MPO
101799050,2017-10-20,2017,,19.0,,,0,0,N,0.0,0.0,0.0,,,,,,,,36.04561,-86.71977,False,Crashes_2010_2019_MPO
100547003,2014-06-04,2014,,94.0,,,0,0,N,0.0,0.0,0.0,,,,,,,,35.94528,-86.82307,False,Crashes_2010_2019_MPO
101974820,2018-04-12,2018,,19.0,,,0,0,N,0.0,0.0,0.0,,,,,,,,36.02767,-86.7127,False,Crashes_2010_2019_MPO
101232488,2016-05-25,2016,,19.0,,,0,0,N,0.0,0.0,0.0,,,,,,,,36.03047,-86.74398,False,Crashes_2010_2019_MPO
100403433,2013-10-31,2013,,94.0,,,0,0,N,0.0,0.0,0.0,,,,,,,,35.94812,-86.81873,False,Crashes_2010_2019_MPO
102309954,2019-02-17,2019,,94.0,,,0,0,N,0.0,0.0,0.0,,,,,,,,36.02619,-86.78479,True,Crashes_2010_2019_MPO
102217372,2018-11-16,2018,,94.0,,,0,0,N,0.0,0.0,0.0,,,,,,,,35.94683,-86.81432,False,Crashes_2010_2019_MPO
101683805,2017-06-26,2017,,19.0,,,0,0,N,0.0,0.0,0.0,,,,,,,,36.04079,-86.77959,False,Crashes_2010_2019_MPO
102252499,2018-12-19,2018,,94.0,,,0,0,N,0.0,0.0,0.0,,,,,,,,35.94965,-86.81399,False,Crashes_2010_2019_MPO
101232459,2016-05-22,2016,,94.0,,,0,0,N,0.0,0.0,0.0,,,,,,,,35.94699,-86.81153,False,Crashes_2010_2019_MPO
102476685,2019-08-13,2019,,94.0,,,0,0,N,0.0,0.0,0.0,,,,,,,,35.93541,-86.82372,False,Crashes_2010_2019_MPO
102163483,2018-10-01,2018,,19.0,,,0,0,N,0.0,0.0,0.0,,,,,,,,36.04549,-86.712,False,Crashes_2010_2019_MPO
101417773,2016-10-19,2016,,94.0,,,0,0,N,0.0,0.0,0.0,,,,,,,,35.97528,-86.80469,True,Crashes_2010_2019_MPO
101548871,2017-02-09,2017,,94.0,,,0,0,N,0.0,0.0,0.0,,,,,,,,35.98624,-86.73639,True,Crashes_2010_2019_MPO
100925416,2015-08-18,2015,,19.0,,,0,0,N,0.0,0.0,0.0,,,,,,,,36.03511,-86.78296,False,Crashes_2010_2019_MPO
100833190,2015-05-13,2015,,19.0,,,0,0,N,0.0,0.0,0.0,,,,,,,,36.04573,-86.86407,False,Crashes_2010_2019_MPO
101329335,2016-08-17,2016,,19.0,,,0,0,N,0.0,0.0,0.0,,,,,,,,36.0409,-86.71263,False,Crashes_2010_2019_MPO
101318143,2016-08-01,2016,,19.0,,,0,0,N,0.0,0.0,0.0,,,,,,,,36.04094,-86.78255,False,Crashes_2010_2019_MPO
102463062,2019-07-30,2019,,19.0,,,0,0,N,0.0,0.0,0.0,,,,,,,,36.03393,-86.71304,False,Crashes_2010_2019_MPO
102247278,2018-12-14,2018,,19.0,,,0,0,N,0.0,0.0,0.0,,,,,,,,36.04149,-86.71098,False,Crashes_2010_2019_MPO
100293586,2013-02-16,2013,,94.0,,,0,0,N,0.0,0.0,0.0,,,,,,,,35.94813,-86.81685,False,Crashes_2010_2019_MPO
101786041,2017-10-08,2017,,94.0,,,0,0,N,0.0,0.0,0.0,,,,,,,,35.95724,-86.81662,False,Crashes_2010_2019_MPO
101712390,2017-07-26,2017,,19.0,,,0,0,N,0.0,0.0,0.0,,,,,,,,36.03685,-86.77899,False,Crashes_2010_2019_MPO
100657240,2014-10-22,2014,,19.0,,,0,0,N,0.0,0.0,0.0,,,,,,,,36.04094,-86.77342,False,Crashes_2010_2019_MPO
102135033,2018-09-05,2018,,94.0,,,0,0,Y,0.0,0.0,1.0,,,,,,,,35.96372,-86.73464,True,Crashes_2010_2019_MPO
100310291,2013-03-31,2013,,94.0,,,0,0,N,0.0,0.0,0.0,,,,,,,,35.94068,-86.83938,False,Crashes_2010_2019_MPO
101079891,2016-01-19,2016,,19.0,,,0,0,N,0.0,0.0,0.0,,,,,,,,36.0314,-86.71262,False,Crashes_2010_2019_MPO
101666798,2017-06-07,2017,,94.0,,,0,0,N,0.0,0.0,0.0,,,,,,,,36.03318,-86.78282,True,Crashes_2010_2019_MPO
102348461,2019-04-02,2019,,19.0,,,0,0,N,0.0,0.0,0.0,,,,,,,,36.03774,-86.7848,False,Crashes_2010_2019_MPO
100964614,2015-09-21,2015,,94.0,,,0,0,N,0.0,0.0,0.0,,,,,,,,35.95572,-86.83012,False,Crashes_2010_2019_MPO
101610111,2017-04-10,2017,,94.0,,,0,0,N,0.0,0.0,0.0,,,,,,,,35.99079,-86.75111,True,Crashes_2010_2019_MPO
102195681,2018-10-31,2018,,19.0,,,0,0,N,0.0,0.0,0.0,,,,,,,,36.03992,-86.74215,False,Crashes_2010_2019_MPO
100388702,2013-10-08,2013,,94.0,,,0,0,N,0.0,0.0,0.0,,,,,,,,35.92672,-86.82709,False,Crashes_2010_2019_MPO
101496860,2017-01-05,2017,,94.0,,,0,0,N,0.0,0.0,0.0,,,,,,,,35.94707,-86.82123,False,Crashes_2010_2019_MPO
100296329,2013-02-23,2013,,94.0,,,0,0,N,0.0,0.0,0.0,,,,,,,,35.98383,-86.73358,True,Crashes_2010_2019_MPO
100483945,2014-04-08,2014,,94.0,,,0,0,N,0.0,0.0,0.0,,,,,,,,35.96741,-86.83771,False,Crashes_2010_2019_MPO
101391364,2016-09-28,2016,,19.0,,,0,0,N,0.0,0.0,0.0,,,,,,,,36.04066,-86.77174,False,Crashes_2010_2019_MPO
100331768,2013-05-21,2013,,94.0,,,0,0,N,0.0,0.0,0.0,,,,,,,,35.9667,-86.80912,True,Crashes_2010_2019_MPO
101041831,2015-11-29,2015,,19.0,,,0,0,N,0.0,0.0,0.0,,,,,,,,36.04402,-86.78083,False,Crashes_2010_2019_MPO
102550691,2019-10-27,2019,,19.0,,,0,0,N,0.0,0.0,0.0,,,,,,,,36.04019,-86.7448,False,Crashes_2010_2019_MPO
100609410,2014-08-23,2014,,94.0,,,0,0,N,0.0,0.0,0.0,,,,,,,,35.95062,-86.84868,False,Crashes_2010_2019_MPO
100922613,2015-08-11,2015,,19.0,,,0,0,N,0.0,0.0,0.0,,,,,,,,36.04036,-86.78071,False,Crashes_2010_2019_MPO
101361880,2016-09-15,2016,,94.0,,,0,0,N,0.0,0.0,0.0,,,,,,,,35.96088,-86.80943,False,Crashes_2010_2019_MPO
100942795,2015-08-31,2015,,94.0,,,0,0,N,0.0,0.0,0.0,,,,,,,,35.96705,-86.81342,True,Crashes_2010_2019_MPO
101285811,2016-07-14,2016,,19.0,,,0,0,N,0.0,0.0,0.0,,,,,,,,36.04454,-86.74402,False,Crashes_2010_2019_MPO
100943907,2015-09-03,2015,,94.0,,,0,0,N,0.0,0.0,0.0,,,,,,,,35.98956,-86.7424,True,Crashes_2010_2019_MPO
101762277,2017-09-15,2017,,94.0,,,0,0,N,0.0,0.0,0.0,,,,,,,,36.01529,-86.81589,True,Crashes_2010_2019_MPO
101389452,2016-09-25,2016,,19.0,,,0,0,N,0.0,0.0,0.0,,,,,,,,36.04056,-86.78001,False,Crashes_2010_2019_MPO
102121868,2018-08-25,2018,,94.0,,,0,0,N,0.0,0.0,0.0,,,,,,,,36.00512,-86.74276,True,Crashes_2010_2019_MPO
100588560,2014-07-28,2014,,94.0,,,0,0,N,0.0,0.0,0.0,,,,,,,,35.93149,-86.87849,False,Crashes_2010_2019_MPO
101914332,2018-02-12,2018,,94.0,,,0,0,N,0.0,0.0,0.0,,,,,,,,35.99363,-86.75946,True,Crashes_2010_2019_MPO
102010703,2018-05-14,2018,,19.0,,,0,0,N,0.0,0.0,0.0,,,,,,,,36.04563,-86.77837,False,Crashes_2010_2019_MPO
101642567,2017-05-12,2017,,94.0,,,0,0,N,0.0,0.0,0.0,,,,,,,,35.95209,-86.81805,False,Crashes_2010_2019_MPO