mstrrecnbr,collision_ts,year,county,countystat,crash,crash_type,fatalities,non_motorists,commercial,fatal_c,nonmotor_c,truck_c,fatalc,serious_injuries,ped,bike,lighting,weather,first_harmful_event,latitude,longitude,in_city,src_layer
100502624,2014-04-30,2014,,94.0,,,0,0,N,0.0,0.0,0.0,,,,,,,,35.99743,-86.79556,True,Crashes_2010_2019_MPO
101376447,2016-09-21,2016,,94.0,,,0,0,N,0.0,0.0,0.0,,,,,,,,35.92921,-86.85275,False,Crashes_2010_2019_MPO
101909596,2018-02-07,2018,,94.0,,,0,0,N,0.0,0.0,0.0,,,,,,,,35.99088,-86.79905,True,Crashes_2010_2019_MPO
100847996,2015-05-21,2015,,94.0,,,0,0,N,0.0,0.0,0.0,,,,,,,,35.96457,-86.81449,False,Crashes_2010_2019_MPO
101494019,2017-01-02,2017,,19.0,,,0,0,N,0.0,0.0,0.0,,,,,,,,36.04902,-86.77466,False,Crashes_2010_2019_MPO
100306008,2013-03-21,2013,,94.0,,,0,0,N,0.0,0.0,0.0,,,,,,,,35.93417,-86.82434,False,Crashes_2010_2019_MPO
101680531,2017-06-22,2017,,94.0,,,0,0,N,0.0,0.0,0.0,,,,,,,,35.96182,-86.81439,False,Crashes_2010_2019_MPO
101761309,2017-09-15,2017,,94.0,,,0,0,N,0.0,0.0,0.0,,,,,,,,36.03689,-86.8019,True,Crashes_2010_2019_MPO
101841837,2017-11-28,2017,,94.0,,,0,0,N,0.0,0.0,0.0,,,,,,,,35.94973,-86.75735,True,Crashes_2010_2019_MPO
102153409,2018-09-21,2018,,94.0,,,0,0,N,0.0,0.0,0.0,,,,,,,,35.92494,-86.78103,False,Crashes_2010_2019_MPO
102391510,2019-05-17,2019,,94.0,,,0,0,N,0.0,0.0,0.0,,,,,,,,35.96365,-86.80057,True,Crashes_2010_2019_MPO
102335749,2019-03-20,2019,,94.0,,,0,0,N,0.0,0.0,0.0,,,,,,,,36.03318,-86.78282,True,Crashes_2010_2019_MPO
102195679,2018-10-31,2018,,19.0,,,0,0,N,0.0,0.0,0.0,,,,,,,,36.03948,-86.78177,False,Crashes_2010_2019_MPO
101618897,2017-04-18,2017,,19.0,,,0,0,N,0.0,0.0,0.0,,,,,,,,36.03974,-86.76327,False,Crashes_2010_2019_MPO
101949930,2018-03-09,2018,,94.0,,,0,0,N,0.0,0.0,0.0,,,,,,,,36.034947,-86.783327,True,Crashes_2010_2019_MPO
100567033,2014-06-29,2014,,94.0,,,0,0,N,0.0,0.0,0.0,,,,,,,,35.96607,-86.8097,False,Crashes_2010_2019_MPO
101480187,2016-12-17,2016,,94.0,,,0,0,N,0.0,0.0,0.0,,,,,,,,35.93944,-86.68139,False,Crashes_2010_2019_MPO
100586854,2014-07-24,2014,,94.0,,,0,0,N,0.0,0.0,0.0,,,,,,,,35.94531,-86.82307,False,Crashes_2010_2019_MPO
101480134,2016-12-16,2016,,94.0,,,0,0,N,0.0,0.0,0.0,,,,,,,,35.95953,-86.82375,False,Crashes_2010_2019_MPO
102141852,2018-09-12,2018,,94.0,,,0,0,N,0.0,0.0,0.0,,,,,,,,35.9245,-86.8221,False,Crashes_2010_2019_MPO
102494366,2019-08-31,2019,,19.0,,,0,0,N,0.0,0.0,0.0,,,,,,,,36.01029,-86.70214,False,Crashes_2010_2019_MPO
100925450,2015-08-18,2015,,19.0,,,0,0,N,0.0,0.0,0.0,,,,,,,,36.04161,-86.78121,False,Crashes_2010_2019_MPO
101666741,2017-06-07,2017,,94.0,,,0,0,N,0.0,0.0,0.0,,,,,,,,35.99019,-86.71903,True,Crashes_2010_2019_MPO
102609187,2019-12-27,2019,,19.0,,,0,0,N,0.0,0.0,0.0,,,,,,,,36.04668,-86.72506,False,Crashes_2010_2019_MPO
102254710,2018-12-21,2018,,19.0,,,0,0,N,0.0,0.0,0.0,,,,,,,,36.01566,-86.69203,False,Crashes_2010_2019_MPO
101035268,2015-11-23,2015,,94.0,,,0,0,N,0.0,0.0,0.0,,,,,,,,35.94841,-86.80779,False,Crashes_2010_2019_MPO
101407622,2016-10-19,2016,,19.0,,,0,0,N,0.0,0.0,0.0,,,,,,,,36.04519,-86.71534,False,Crashes_2010_2019_MPO
102086194,2018-07-24,2018,,94.0,,,0,0,N,0.0,0.0,0.0,,,,,,,,35.99423,-86.73671,True,Crashes_2010_2019_MPO
100772065,2015-03-14,2015,,19.0,,,0,0,N,0.0,0.0,0.0,,,,,,,,36.03003,-86.67907,False,Crashes_2010_2019_MPO
102551142,2019-10-28,2019,,19.0,,,0,0,N,0.0,0.0,0.0,,,,,,,,36.03889,-86.78281,False,Crashes_2010_2019_MPO
101486522,2016-12-24,2016,,19.0,,,0,0,N,0.0,0.0,0.0,,,,,,,,36.04636,-86.67723,False,Crashes_2010_2019_MPO
101568677,2017-02-28,2017,,19.0,,,0,0,N,0.0,0.0,0.0,,,,,,,,36.03949,-86.78273,False,Crashes_2010_2019_MPO
102523550,2019-09-27,2019,,94.0,,,0,0,N,0.0,0.0,0.0,,,,,,,,35.9347,-86.82151,False,Crashes_2010_2019_MPO
100768399,2015-03-07,2015,,94.0,,,0,0,N,0.0,0.0,0.0,,,,,,,,36.01587,-86.81092,True,Crashes_2010_2019_MPO
100921338,2015-08-11,2015,,19.0,,,0,0,N,0.0,0.0,0.0,,,,,,,,36.04105,-86.77612,False,Crashes_2010_2019_MPO
102249014,2018-12-17,2018,,19.0,,,0,0,N,0.0,0.0,0.0,,,,,,,,36.04785,-86.86472,False,Crashes_2010_2019_MPO
102165798,2018-10-03,2018,,94.0,,,0,0,N,0.0,0.0,0.0,,,,,,,,35.94269,-86.82082,False,Crashes_2010_2019_MPO
102188899,2018-10-25,2018,,94.0,,,0,0,N,0.0,0.0,0.0,,,,,,,,35.94139,-86.83785,False,Crashes_2010_2019_MPO
101063591,2015-12-20,2015,,19.0,,,0,0,N,0.0,0.0,0.0,,,,,,,,36.04479,-86.72487,False,Crashes_2010_2019_MPO
101843025,2017-11-29,2017,,94.0,,,0,0,N,0.0,0.0,0.0,,,,,,,,35.96421,-86.78409,True,Crashes_2010_2019_MPO
100442159,2014-02-11,2014,,94.0,,,0,0,N,0.0,0.0,0.0,,,,,,,,36.03111,-86.78353,True,Crashes_2010_2019_MPO
102178227,2018-10-15,2018,,94.0,,,0,0,N,0.0,0.0,0.0,,,,,,,,35.93383,-86.86148,False,Crashes_2010_2019_MPO
101492017,2016-12-31,2016,,19.0,,,0,0,N,0.0,0.0,0.0,,,,,,,,36.04391,-86.78094,False,Crashes_2010_2019_MPO
101455851,2016-11-16,2016,,94.0,,,0,0,N,0.0,0.0,0.0,,,,,,,,35.96461,-86.79027,True,Crashes_2010_2019_MPO
100756703,2015-03-04,2015,,94.0,,,0,0,N,0.0,0.0,0.0,,,,,,,,35.96683,-86.81079,True,Crashes_2010_2019_MPO
101163616,2016-04-06,2016,,19.0,,,0,0,N,0.0,0.0,0.0,,,,,,,,36.03747,-86.78608,False,Crashes_2010_2019_MPO
101543261,2017-02-02,2017,,94.0,,,0,0,N,0.0,0.0,0.0,,,,,,,,35.9447,-86.80928,False,Crashes_2010_2019_MPO
101840435,2017-11-27,2017,,19.0,,,0,0,N,0.0,0.0,0.0,,,,,,,,36.04537,-86.71326,False,Crashes_2010_2019_MPO
101875277,2018-01-01,2018,,19.0,,,0,0,N,0.0,0.0,0.0,,,,,,,,36.03837,-86.78353,False,Crashes_2010_2019_MPO
101465860,2016-12-02,2016,,19.0,,,0,0,N,0.0,0.0,0.0,,,,,,,,36.04026,-86.8164,False,Crashes_2010_2019_MPO
101662728,2017-06-02,2017,,94.0,,,0,0,N,0.0,0.0,0.0,,,,,,,,35.94605,-86.82437,False,Crashes_2010_2019_MPO
101155243,2016-03-31,2016,,94.0,,,0,0,N,0.0,0.0,0.0,,,,,,,,35.9269,-86.76725,False,Crashes_2010_2019_MPO
101856432,2017-12-12,2017,,94.0,,,0,0,N,0.0,0.0,0.0,,,,,,,,35.96662,-86.80993,True,Crashes_2010_2019_MPO
101645754,2017-05-16,2017,,94.0,,,0,0,N,0.0,0.0,0.0,,,,,,,,35.92908,-86.84648,False,Crashes_2010_2019_MPO
102099502,2018-08-05,2018,,94.0,,,0,0,N,0.0,0.0,0.0,,,,,,,,35.99781,-86.79886,True,Crashes_2010_2019_MPO
102404510,2019-05-30,2019,,94.0,,,0,0,N,0.0,0.0,0.0,,,,,,,,36.03619,-86.795145,True,Crashes_2010_2019_MPO
101589186,2017-03-21,2017,,94.0,,,0,0,N,0.0,0.0,0.0,,,,,,,,35.94034,-86.87333,False,Crashes_2010_2019_MPO
102444595,2019-07-11,2019,,19.0,,,0,0,N,0.0,0.0,0.0,,,,,,,,36.03016,-86.79048,True,Crashes_2010_2019_MPO
100724706,2015-01-20,2015,,19.0,,,0,0,N,0.0,0.0,0.0,,,,,,,,36.03969,-86.78126,False,Crashes_2010_2019_MPO
101433934,2016-11-07,2016,,19.0,,,0,0,N,0.0,0.0,0.0,,,,,,,,36.04047,-86.77007,False,Crashes_2010_2019_MPO
102560662,2019-11-06,2019,,94.0,,,0,0,N,0.0,0.0,0.0,,,,,,,,35.95244,-86.7663,True,Crashes_2010_2019_MPO
100377971,2013-09-11,2013,,94.0,,,0,0,N,0.0,0.0,0.0,,,,,,,,35.94816,-86.81772,False,Crashes_2010_2019_MPO
102227818,2018-11-21,2018,,94.0,,,0,0,N,0.0,0.0,0.0,,,,,,,,35.96705,-86.81355,True,Crashes_2010_2019_MPO
102329175,2019-03-13,2019,,94.0,,,0,0,N,0.0,0.0,0.0,,,,,,,,36.04009,-86.86901,True,Crashes_2010_2019_MPO
101608142,2017-04-07,2017,,94.0,,,0,0,N,0.0,0.0,0.0,,,,,,,,35.94667,-86.83159,False,Crashes_2010_2019_MPO
101759783,2017-09-13,2017,,19.0,,,0,0,N,0.0,0.0,0.0,,,,,,,,36.02771,-86.6797,False,Crashes_2010_2019_MPO
101927390,2018-02-26,2018,,19.0,,,0,0,N,0.0,0.0,0.0,,,,,,,,36.03408,-86.75436,False,Crashes_2010_2019_MPO
101495135,2017-01-03,2017,,19.0,,,0,0,N,0.0,0.0,0.0,,,,,,,,36.03314,-86.77448,False,Crashes_2010_2019_MPO
101163203,2016-04-13,2016,,94.0,,,0,0,N,0.0,0.0,0.0,,,,,,,,35.97878,-86.75282,True,Crashes_2010_2019_MPO
102557276,2019-11-01,2019,,94.0,,,0,0,N,0.0,0.0,0.0,,,,,,,,35.9476,-86.81992,False,Crashes_2010_2019_MPO
102275844,2019-01-13,2019,,19.0,,,0,0,N,0.0,0.0,0.0,,,,,,,,36.04389,-86.69321,False,Crashes_2010_2019_MPO
101830509,2017-11-18,2017,,94.0,,,0,0,N,0.0,0.0,0.0,,,,,,,,35.96669,-86.81037,True,Crashes_2010_2019_MPO
101074188,2016-01-08,2016,,94.0,,,0,0,N,0.0,0.0,0.0,,,,,,,,35.98731,-86.81666,True,Crashes_2010_2019_MPO
102562179,2019-11-08,2019,,94.0,,,0,0,N,0.0,0.0,0.0,,,,,,,,35.92373,-86.79452,False,Crashes_2010_2019_MPO
101234543,2016-05-28,2016,,19.0,,,0,0,N,0.0,0.0,0.0,,,,,,,,36.05151,-86.71436,False,Crashes_2010_2019_MPO
102291989,2019-01-30,2019,,19.0,,,0,0,N,0.0,0.0,0.0,,,,,,,,36.04071,-86.77973,False,Crashes_2010_2019_MPO
101700278,2017-07-13,2017,,19.0,,,0,0,N,0.0,0.0,0.0,,,,,,,,36.04524,-86.71453,False,Crashes_2010_2019_MPO
101486545,2016-12-24,2016,,94.0,,,0,0,N,0.0,0.0,0.0,,,,,,,,35.92957,-86.84187,False,Crashes_2010_2019_MPO
101759753,2017-09-13,2017,,94.0,,,0,0,N,0.0,0.0,0.0,,,,,,,,36.01392,-86.71935,False,Crashes_2010_2019_MPO
100466389,2014-03-20,2014,,94.0,,,0,0,N,0.0,0.0,0.0,,,,,,,,35.9337,-86.81761,False,Crashes_2010_2019_MPO
101780868,2017-10-03,2017,,19.0,,,1,1,N,1.0,1.0,0.0,,,,,,,,36.04524,-86.71678,False,Crashes_2010_2019_MPO
101950590,2018-03-20,2018,,94.0,,,0,0,N,0.0,0.0,0.0,,,,,,,,35.96798,-86.81833,True,Crashes_2010_2019_MPO
101501971,2017-01-11,2017,,94.0,,,0,0,N,0.0,0.0,0.0,,,,,,,,36.03478,-86.80391,True,Crashes_2010_2019_MPO
102233851,2018-12-03,2018,,94.0,,,0,0,N,0.0,0.0,0.0,,,,,,,,35.96705,-86.81355,True,Crashes_2010_2019_MPO
100596122,2014-08-15,2014,,94.0,,,0,0,N,0.0,0.0,0.0,,,,,,,,35.96589,-86.80587,True,Crashes_2010_2019_MPO
101841026,2017-11-28,2017,,19.0,,,0,0,N,0.0,0.0,0.0,,,,,,,,36.04044,-86.74538,False,Crashes_2010_2019_MPO
100303272,2013-03-14,2013,,94.0,,,0,0,N,0.0,0.0,0.0,,,,,,,,35.95563,-86.84672,False,Crashes_2010_2019_MPO
101462383,2016-11-28,2016,,94.0,,,0,0,N,0.0,0.0,0.0,,,,,,,,35.94831,-86.80752,False,Crashes_2010_2019_MPO
102269233,2019-01-07,2019,,19.0,,,0,0,N,0.0,0.0,0.0,,,,,,,,36.04541,-86.70332,False,Crashes_2010_2019_MPO
102280071,2019-01-17,2019,,94.0,,,0,0,N,0.0,0.0,0.0,,,,,,,,36.00134,-86.7902,True,Crashes_2010_2019_MPO
101669356,2017-06-08,2017,,94.0,,,0,0,N,0.0,0.0,0.0,,,,,,,,35.97354,-86.83287,True,Crashes_2010_2019_MPO
101803967,2017-10-26,2017,,19.0,,,0,0,N,0.0,0.0,0.0,,,,,,,,36.03953,-86.78172,False,Crashes_2010_2019_MPO
100392548,2013-10-16,2013,,94.0,,,0,0,N,0.0,0.0,0.0,,,,,,,,36.02307,-86.78685,True,Crashes_2010_2019_MPO
101352216,2016-09-02,2016,,19.0,,,0,0,N,0.0,0.0,0.0,,,,,,,,36.00761,-86.70086,False,Crashes_2010_2019_MPO
100363460,2013-08-06,2013,,94.0,,,0,0,N,0.0,0.0,0.0,,,,,,,,35.94757,-86.81473,False,Crashes_2010_2019_MPO
101601314,2017-04-02,2017,,19.0,,,0,0,N,0.0,0.0,0.0,,,,,,,,36.0453,-86.70168,False,Crashes_2010_2019_MPO
101698939,2017-07-10,2017,,94.0,,,0,0,N,0.0,0.0,0.0,,,,,,,,35.92764,-86.82099,False,Crashes_2010_2019_MPO
102586664,2019-11-29,2019,,94.0,,,0,0,N,0.0,0.0,0.0,,,,,,,,35.98569,-86.80083,True,Crashes_2010_2019_MPO
101766997,2017-09-21,2017,,19.0,,,0,0,N,0.0,0.0,0.0,,,,,,,,36.0443,-86.71313,False,Crashes_2010_2019_MPO
100939063,2015-08-20,2015,,19.0,,,0,0,N,0.0,0.0,0.0,,,,,,,,36.03765,-86.78651,False,Crashes_2010_2019_MPO
100717596,2015-01-05,2015,,94.0,,,0,0,N,0.0,0.0,0.0,,,,,,,,35.96665,-86.80941,True,Crashes_2010_2019_MPO
101502372,2017-01-12,2017,,19.0,,,0,0,N,0.0,0.0,0.0,,,,,,,,36.04661,-86.6783,False,Crashes_2010_2019_MPO
100738394,2015-02-16,2015,,94.0,,,0,0,N,0.0,0.0,0.0,,,,,,,,35.959,-86.81008,False,Crashes_2010_2019_MPO
101546477,2017-02-06,2017,,19.0,,,0,0,N,0.0,0.0,0.0,,,,,,,,36.04243,-86.71316,False,Crashes_2010_2019_MPO
102084257,2018-07-23,2018,,94.0,,,0,0,N,0.0,0.0,0.0,,,,,,,,35.99248,-86.82849,True,Crashes_2010_2019_MPO
102019058,2018-05-21,2018,,94.0,,,0,0,N,0.0,0.0,0.0,,,,,,,,35.99475,-86.76957,True,Crashes_2010_2019_MPO
102164827,2018-10-02,2018,,94.0,,,0,0,N,0.0,0.0,0.0,,,,,,,,35.97709,-86.7629,True,Crashes_2010_2019_MPO
101093598,2016-01-25,2016,,94.0,,,0,0,N,0.0,0.0,0.0,,,,,,,,36.03405,-86.80166,True,Crashes_2010_2019_MPO
101650272,2017-05-20,2017,,94.0,,,0,0,N,0.0,0.0,0.0,,,,,,,,35.95824,-86.80206,False,Crashes_2010_2019_MPO
101912834,2018-02-10,2018,,94.0,,,0,0,N,0.0,0.0,0.0,,,,,,,,35.95689,-86.80329,False,Crashes_2010_2019_MPO
100702681,2014-12-06,2014,,19.0,,,0,0,N,0.0,0.0,0.0,,,,,,,,36.05216,-86.70596,False,Crashes_2010_2019_MPO
100732818,2015-02-04,2015,,19.0,,,0,0,N,0.0,0.0,0.0,,,,,,,,36.0124,-86.70359,False,Crashes_2010_2019_MPO
100832797,2015-05-12,2015,,19.0,,,0,0,N,0.0,0.0,0.0,,,,,,,,36.04069,-86.77963,False,Crashes_2010_2019_MPO
101196083,2016-05-16,2016,,94.0,,,0,0,N,0.0,0.0,0.0,,,,,,,,35.93975,-86.87948,False,Crashes_2010_2019_MPO
101975986,2018-04-12,2018,,19.0,,,0,0,N,0.0,0.0,0.0,,,,,,,,36.03937,-86.81645,False,Crashes_2010_2019_MPO
100722101,2015-01-14,2015,,19.0,,,0,0,N,0.0,0.0,0.0,,,,,,,,36.03204,-86.74375,False,Crashes_2010_2019_MPO
102055923,2018-06-27,2018,,94.0,,,0,0,N,0.0,0.0,0.0,,,,,,,,35.92301,-86.86916,False,Crashes_2010_2019_MPO
101433635,2016-11-07,2016,,94.0,,,0,0,N,0.0,0.0,0.0,,,,,,,,35.94638,-86.85208,False,Crashes_2010_2019_MPO
102254146,2018-12-21,2018,,19.0,,,0,0,N,0.0,0.0,0.0,,,,,,,,36.01462,-86.70516,False,Crashes_2010_2019_MPO
101167191,2016-04-19,2016,,19.0,,,0,0,N,0.0,0.0,0.0,,,,,,,,36.04885,-86.71445,False,Crashes_2010_2019_MPO
101912418,2018-02-10,2018,,19.0,,,0,0,N,0.0,0.0,0.0,,,,,,,,36.04218,-86.78332,False,Crashes_2010_2019_MPO
101403846,2016-10-14,2016,,19.0,,,0,0,N,0.0,0.0,0.0,,,,,,,,36.0234,-86.68779,False,Crashes_2010_2019_MPO
101572964,2017-03-04,2017,,94.0,,,0,0,N,0.0,0.0,0.0,,,,,,,,35.95524,-86.84497,False,Crashes_2010_2019_MPO
101769917,2017-09-23,2017,,94.0,,,0,0,N,0.0,0.0,0.0,,,,,,,,35.96681,-86.81119,True,Crashes_2010_2019_MPO
100964569,2015-09-20,2015,,19.0,,,0,0,N,0.0,0.0,0.0,,,,,,,,36.04769,-86.71305,False,Crashes_2010_2019_MPO
100429473,2014-01-08,2014,,94.0,,,1,0,N,1.0,0.0,0.0,,,,,,,,35.938969,-86.838387,False,Crashes_2010_2019_MPO
100705037,2014-12-11,2014,,94.0,,,0,0,N,0.0,0.0,0.0,,,,,,,,35.97025,-86.67821,False,Crashes_2010_2019_MPO
100358497,2013-07-24,2013,,94.0,,,0,0,N,0.0,0.0,0.0,,,,,,,,36.0079,-86.86216,False,Crashes_2010_2019_MPO
100732191,2015-02-04,2015,,94.0,,,0,0,N,0.0,0.0,0.0,,,,,,,,35.93223,-86.79415,False,Crashes_2010_2019_MPO
102487409,2019-08-23,2019,,94.0,,,0,0,N,0.0,0.0,0.0,,,,,,,,35.96705,-86.81355,True,Crashes_2010_2019_MPO
100379462,2013-09-15,2013,,94.0,,,0,0,N,0.0,0.0,0.0,,,,,,,,35.9667,-86.81117,True,Crashes_2010_2019_MPO
102537407,2019-10-14,2019,,19.0,,,0,0,N,0.0,0.0,0.0,,,,,,,,36.0473,-86.86274,False,Crashes_2010_2019_MPO
101470456,2016-12-06,2016,,94.0,,,0,0,N,0.0,0.0,0.0,,,,,,,,35.96681,-86.81119,True,Crashes_2010_2019_MPO
100712225,2014-12-24,2014,,19.0,,,0,0,N,0.0,0.0,0.0,,,,,,,,36.04043,-86.7826,False,Crashes_2010_2019_MPO
100980793,2015-10-17,2015,,94.0,,,0,0,N,0.0,0.0,0.0,,,,,,,,35.96374,-86.8105,False,Crashes_2010_2019_MPO
100804364,2015-04-08,2015,,94.0,,,0,0,N,0.0,0.0,0.0,,,,,,,,35.92641,-86.82446,False,Crashes_2010_2019_MPO
100678613,2014-11-10,2014,,19.0,,,0,0,N,0.0,0.0,0.0,,,,,,,,36.05056,-86.87747,False,Crashes_2010_2019_MPO
102107516,2018-08-12,2018,,19.0,,,0,0,N,0.0,0.0,0.0,,,,,,,,36.05481,-86.69468,False,Crashes_2010_2019_MPO
101285756,2016-07-14,2016,,94.0,,,0,0,N,0.0,0.0,0.0,,,,,,,,35.95214,-86.81248,False,Crashes_2010_2019_MPO
100999017,2015-10-29,2015,,19.0,,,0,0,N,0.0,0.0,0.0,,,,,,,,36.03256,-86.7687,False,Crashes_2010_2019_MPO
101574247,2017-03-03,2017,,94.0,,,0,0,N,0.0,0.0,0.0,,,,,,,,35.96687,-86.81157,True,Crashes_2010_2019_MPO
100246200,2012-11-01,2012,,94.0,,,0,0,N,0.0,0.0,0.0,,,,,,,,35.99538,-86.77747,True,Crashes_2010_2019_MPO
102477543,2019-08-14,2019,,94.0,,,0,0,N,0.0,0.0,0.0,,,,,,,,35.99852,-86.75959,True,Crashes_2010_2019_MPO
102439825,2019-07-06,2019,,19.0,,,0,0,N,0.0,0.0,0.0,,,,,,,,36.04535,-86.71339,False,Crashes_2010_2019_MPO
101732364,2017-08-16,2017,,19.0,,,0,0,N,0.0,0.0,0.0,,,,,,,,36.04001,-86.74347,False,Crashes_2010_2019_MPO
100736400,2015-02-12,2015,,19.0,,,0,0,N,0.0,0.0,0.0,,,,,,,,36.03919,-86.71287,False,Crashes_2010_2019_MPO
101484595,2016-12-22,2016,,19.0,,,0,0,N,0.0,0.0,0.0,,,,,,,,36.0382,-86.78391,False,Crashes_2010_2019_MPO
101982113,2018-04-18,2018,,94.0,,,0,0,N,0.0,0.0,0.0,,,,,,,,35.95967,-86.80185,False,Crashes_2010_2019_MPO
102480776,2019-08-18,2019,,19.0,,,0,0,N,0.0,0.0,0.0,,,,,,,,36.04535,-86.71702,False,Crashes_2010_2019_MPO
101932792,2018-03-03,2018,,19.0,,,0,0,N,0.0,0.0,0.0,,,,,,,,36.04526,-86.72385,False,Crashes_2010_2019_MPO
101091976,2016-01-21,2016,,94.0,,,0,0,N,0.0,0.0,0.0,,,,,,,,35.9379,-86.82191,False,Crashes_2010_2019_MPO
101234391,2016-05-28,2016,,19.0,,,0,0,N,0.0,0.0,0.0,,,,,,,,36.02814,-86.67827,False,Crashes_2010_2019_MPO
101783052,2017-10-03,2017,,94.0,,,0,0,N,0.0,0.0,0.0,,,,,,,,35.99761,-86.797,True,Crashes_2010_2019_MPO
102052321,2018-06-23,2018,,19.0,,,0,0,N,0.0,0.0,0.0,,,,,,,,36.03809,-86.78446,False,Crashes_2010_2019_MPO
100919202,2015-08-07,2015,,94.0,,,0,0,N,0.0,0.0,0.0,,,,,,,,35.94419,-86.81999,False,Crashes_2010_2019_MPO
101418055,2016-10-20,2016,,19.0,,,0,0,N,0.0,0.0,0.0,,,,,,,,36.04846,-86.72878,False,Crashes_2010_2019_MPO
100727772,2015-01-26,2015,,94.0,,,0,0,N,0.0,0.0,0.0,,,,,,,,35.94681,-86.85146,False,Crashes_2010_2019_MPO
101469795,2016-12-07,2016,,94.0,,,0,0,N,0.0,0.0,0.0,,,,,,,,35.9487,-86.74649,True,Crashes_2010_2019_MPO
101467564,2016-12-04,2016,,19.0,,,0,0,N,0.0,0.0,0.0,,,,,,,,36.04023,-86.76791,False,Crashes_2010_2019_MPO
102459268,2019-07-26,2019,,94.0,,,0,0,N,0.0,0.0,0.0,,,,,,,,35.94653,-86.8095,False,Crashes_2010_2019_MPO
101857243,2017-12-13,2017,,94.0,,,0,0,N,0.0,0.0,0.0,,,,,,,,36.02501,-86.84972,True,Crashes_2010_2019_MPO
101230895,2016-05-23,2016,,94.0,,,0,0,N,0.0,0.0,0.0,,,,,,,,36.0205,-86.78268,True,Crashes_2010_2019_MPO
100658038,2014-10-23,2014,,94.0,,,0,0,N,0.0,0.0,0.0,,,,,,,,35.92491,-86.82469,False,Crashes_2010_2019_MPO
101808680,2017-10-30,2017,,94.0,,,0,0,N,0.0,0.0,0.0,,,,,,,,35.95279,-86.7664,True,Crashes_2010_2019_MPO
101207876,2016-05-19,2016,,94.0,,,0,0,N,0.0,0.0,0.0,,,,,,,,35.9522,-86.81875,False,Crashes_2010_2019_MPO
102017157,2018-05-20,2018,,19.0,,,0,0,N,0.0,0.0,0.0,,,,,,,,36.04929,-86.76177,False,Crashes_2010_2019_MPO
102158025,2018-09-26,2018,,94.0,,,0,0,N,0.0,0.0,0.0,,,,,,,,36.02773,-86.79182,True,Crashes_2010_2019_MPO
102156286,2018-09-24,2018,,94.0,,,0,0,N,0.0,0.0,0.0,,,,,,,,35.96501,-86.81417,False,Crashes_2010_2019_MPO
101191629,2016-05-10,2016,,94.0,,,0,0,N,0.0,0.0,0.0,,,,,,,,35.99018,-86.75539,True,Crashes_2010_2019_MPO
100826149,2015-04-30,2015,,19.0,,,0,0,N,0.0,0.0,0.0,,,,,,,,36.04001,-86.74349,False,Crashes_2010_2019_MPO
100594639,2014-08-12,2014,,94.0,,,0,0,N,0.0,0.0,0.0,,,,,,,,36.01655,-86.78625,True,Crashes_2010_2019_MPO
101185900,2016-05-02,2016,,19.0,,,0,0,N,0.0,0.0,0.0,,,,,,,,36.03518,-86.76881,False,Crashes_2010_2019_MPO
102125067,2018-08-28,2018,,94.0,,,0,0,N,0.0,0.0,0.0,,,,,,,,35.93493,-86.81322,False,Crashes_2010_2019_MPO
101419232,2016-10-21,2016,,19.0,,,0,0,N,0.0,0.0,0.0,,,,,,,,36.0409,-86.77938,False,Crashes_2010_2019_MPO
101095116,2016-01-28,2016,,94.0,,,0,0,N,0.0,0.0,0.0,,,,,,,,36.01804,-86.77047,True,Crashes_2010_2019_MPO
100949583,2015-09-12,2015,,94.0,,,0,0,N,0.0,0.0,0.0,,,,,,,,35.94991,-86.75937,True,Crashes_2010_2019_MPO
100661937,2014-10-30,2014,,94.0,,,0,0,N,0.0,0.0,0.0,,,,,,,,35.9533,-86.8077,False,Crashes_2010_2019_MPO
102112066,2018-08-16,2018,,94.0,,,0,0,N,0.0,0.0,0.0,,,,,,,,35.97265,-86.74044,True,Crashes_2010_2019_MPO
100588673,2014-07-25,2014,,94.0,,,0,0,N,0.0,0.0,0.0,,,,,,,,35.93192,-86.86289,False,Crashes_2010_2019_MPO
100542818,2014-05-24,2014,,94.0,,,0,0,N,0.0,0.0,0.0,,,,,,,,35.94649,-86.85207,False,Crashes_2010_2019_MPO
102341115,2019-03-25,2019,,19.0,,,0,0,N,0.0,0.0,0.0,,,,,,,,36.01502,-86.70542,False,Crashes_2010_2019_MPO
102364870,2019-04-18,2019,,19.0,,,0,0,N,0.0,0.0,0.0,,,,,,,,36.04544,-86.71852,False,Crashes_2010_2019_MPO
101652789,2017-05-23,2017,,94.0,,,0,0,N,0.0,0.0,0.0,,,,,,,,35.93215,-86.79441,False,Crashes_2010_2019_MPO
100773906,2015-03-18,2015,,94.0,,,0,0,N,0.0,0.0,0.0,,,,,,,,35.99735,-86.79484,True,Crashes_2010_2019_MPO
101605719,2017-04-06,2017,,19.0,,,0,0,N,0.0,0.0,0.0,,,,,,,,36.04543,-86.70367,False,Crashes_2010_2019_MPO
102134494,2018-09-05,2018,,94.0,,,0,0,N,0.0,0.0,0.0,,,,,,,,35.94303,-86.85477,False,Crashes_2010_2019_MPO
101462010,2016-11-28,2016,,94.0,,,0,0,N,0.0,0.0,0.0,,,,,,,,35.92276,-86.78063,False,Crashes_2010_2019_MPO
100948640,2015-09-10,2015,,94.0,,,0,0,N,0.0,0.0,0.0,,,,,,,,35.99583,-86.78225,True,Crashes_2010_2019_MPO
100322434,2013-04-28,2013,,94.0,,,0,0,N,0.0,0.0,0.0,,,,,,,,35.99488,-86.70135,True,Crashes_2010_2019_MPO
102288732,2019-01-26,2019,,94.0,,,0,0,N,0.0,0.0,0.0,,,,,,,,35.92536,-86.86907,False,Crashes_2010_2019_MPO
101678112,2017-06-19,2017,,94.0,,,0,0,N,0.0,0.0,0.0,,,,,,,,35.95834,-86.80203,False,Crashes_2010_2019_MPO