mstrrecnbr,collision_ts,year,county,countystat,crash,crash_type,fatalities,non_motorists,commercial,fatal_c,nonmotor_c,truck_c,fatalc,serious_injuries,ped,bike,lighting,weather,first_harmful_event,latitude,longitude,in_city,src_layer
101186245,2016-05-03,2016,,19.0,,,0,0,N,0.0,0.0,0.0,,,,,,,,36.00243,-86.69197,False,Crashes_2010_2019_MPO
100616857,2014-09-09,2014,,94.0,,,0,0,N,0.0,0.0,0.0,,,,,,,,35.99619,-86.78588,True,Crashes_2010_2019_MPO
100414677,2013-12-03,2013,,94.0,,,0,0,N,0.0,0.0,0.0,,,,,,,,35.93315,-86.82375,False,Crashes_2010_2019_MPO
101318521,2016-08-02,2016,,19.0,,,0,0,N,0.0,0.0,0.0,,,,,,,,36.02505,-86.71301,False,Crashes_2010_2019_MPO
101998820,2018-05-04,2018,,19.0,,,0,0,N,0.0,0.0,0.0,,,,,,,,36.03772,-86.79475,False,Crashes_2010_2019_MPO
100563990,2014-06-21,2014,,94.0,,,0,0,N,0.0,0.0,0.0,,,,,,,,35.92585,-86.86758,False,Crashes_2010_2019_MPO
102238990,2018-12-07,2018,,94.0,,,0,0,N,0.0,0.0,0.0,,,,,,,,35.98701,-86.68056,False,Crashes_2010_2019_MPO
101195851,2016-05-16,2016,,19.0,,,0,0,N,0.0,0.0,0.0,,,,,,,,36.03956,-86.7817,False,Crashes_2010_2019_MPO
101633860,2017-05-04,2017,,19.0,,,0,0,N,0.0,0.0,0.0,,,,,,,,36.0458,-86.85578,False,Crashes_2010_2019_MPO
100413652,2013-12-02,2013,,94.0,,,0,0,N,0.0,0.0,0.0,,,,,,,,35.97325,-86.83282,True,Crashes_2010_2019_MPO
100318086,2013-04-18,2013,,94.0,,,0,0,N,0.0,0.0,0.0,,,,,,,,35.97665,-86.79098,True,Crashes_2010_2019_MPO
100907175,2015-07-14,2015,,19.0,,,0,0,N,0.0,0.0,0.0,,,,,,,,36.04146,-86.78248,False,Crashes_2010_2019_MPO
101578150,2017-03-09,2017,,19.0,,,0,0,N,0.0,0.0,0.0,,,,,,,,36.0409,-86.77938,False,Crashes_2010_2019_MPO
101355819,2016-09-07,2016,,94.0,,,0,0,N,0.0,0.0,0.0,,,,,,,,36.035564,-86.787484,True,Crashes_2010_2019_MPO
101784851,2017-10-07,2017,,19.0,,,0,0,N,0.0,0.0,0.0,,,,,,,,36.04533,-86.70215,False,Crashes_2010_2019_MPO
100700031,2014-12-02,2014,,94.0,,,0,0,N,0.0,0.0,0.0,,,,,,,,35.94705,-86.82188,False,Crashes_2010_2019_MPO
101828840,2017-11-17,2017,,19.0,,,0,0,N,0.0,0.0,0.0,,,,,,,,36.05159,-86.714,False,Crashes_2010_2019_MPO
101275482,2016-06-29,2016,,94.0,,,0,0,N,0.0,0.0,0.0,,,,,,,,36.03328,-86.78818,True,Crashes_2010_2019_MPO
100693759,2014-11-20,2014,,94.0,,,0,0,N,0.0,0.0,0.0,,,,,,,,35.92918,-86.83925,False,Crashes_2010_2019_MPO
100660336,2014-10-27,2014,,94.0,,,0,0,N,0.0,0.0,0.0,,,,,,,,36.02454,-86.78573,True,Crashes_2010_2019_MPO
101574598,2017-03-06,2017,,94.0,,,0,0,N,0.0,0.0,0.0,,,,,,,,35.96675,-86.80739,True,Crashes_2010_2019_MPO
100753373,2015-02-26,2015,,19.0,,,0,0,N,0.0,0.0,0.0,,,,,,,,36.01209,-86.70426,False,Crashes_2010_2019_MPO
102553339,2019-10-30,2019,,94.0,,,0,0,N,0.0,0.0,0.0,,,,,,,,35.95526,-86.82588,False,Crashes_2010_2019_MPO
102356707,2019-04-10,2019,,19.0,,,0,0,N,0.0,0.0,0.0,,,,,,,,36.04458,-86.71317,False,Crashes_2010_2019_MPO
100969391,2015-09-29,2015,,94.0,,,0,0,N,0.0,0.0,0.0,,,,,,,,36.034512,-86.802517,True,Crashes_2010_2019_MPO
101936671,2018-03-07,2018,,19.0,,,0,0,N,0.0,0.0,0.0,,,,,,,,36.02485,-86.74237,False,Crashes_2010_2019_MPO
101916630,2018-02-13,2018,,94.0,,,0,0,N,0.0,0.0,0.0,,,,,,,,35.93117,-86.82016,False,Crashes_2010_2019_MPO
102305298,2019-02-14,2019,,19.0,,,0,0,N,0.0,0.0,0.0,,,,,,,,36.0374,-86.78657,False,Crashes_2010_2019_MPO
101557810,2017-02-17,2017,,94.0,,,0,0,N,0.0,0.0,0.0,,,,,,,,35.96461,-86.79024,True,Crashes_2010_2019_MPO
101598507,2017-03-30,2017,,94.0,,,0,0,N,0.0,0.0,0.0,,,,,,,,35.94477,-86.82853,False,Crashes_2010_2019_MPO
100909797,2015-07-21,2015,,19.0,,,0,0,N,0.0,0.0,0.0,,,,,,,,36.04482,-86.84894,False,Crashes_2010_2019_MPO
100837570,2015-05-20,2015,,94.0,,,0,0,N,0.0,0.0,0.0,,,,,,,,35.93566,-86.86012,False,Crashes_2010_2019_MPO
102419125,2019-06-14,2019,,94.0,,,0,0,N,0.0,0.0,0.0,,,,,,,,35.97637,-86.85712,False,Crashes_2010_2019_MPO
101036024,2015-11-24,2015,,94.0,,,0,0,N,0.0,0.0,0.0,,,,,,,,35.97672,-86.76375,True,Crashes_2010_2019_MPO
100911026,2015-07-22,2015,,94.0,,,0,0,N,0.0,0.0,0.0,,,,,,,,35.93085,-86.8637,False,Crashes_2010_2019_MPO
101956925,2018-03-26,2018,,19.0,,,0,0,N,0.0,0.0,0.0,,,,,,,,36.04088,-86.77382,False,Crashes_2010_2019_MPO
101348473,2016-08-28,2016,,19.0,,,0,1,N,0.0,1.0,0.0,,,,,,,,36.04191,-86.73993,False,Crashes_2010_2019_MPO
101276615,2016-07-01,2016,,19.0,,,0,0,N,0.0,0.0,0.0,,,,,,,,36.04575,-86.77816,False,Crashes_2010_2019_MPO
101038309,2015-11-28,2015,,94.0,,,0,0,N,0.0,0.0,0.0,,,,,,,,35.97332,-86.83297,True,Crashes_2010_2019_MPO
102249553,2018-12-17,2018,,94.0,,,0,0,N,0.0,0.0,0.0,,,,,,,,36.03323,-86.78879,True,Crashes_2010_2019_MPO
101404336,2016-10-14,2016,,19.0,,,0,0,Y,0.0,0.0,1.0,,,,,,,,36.04561,-86.71977,False,Crashes_2010_2019_MPO
100243756,2012-10-27,2012,,94.0,,,0,0,N,0.0,0.0,0.0,,,,,,,,35.99257,-86.70064,True,Crashes_2010_2019_MPO
101875382,2018-01-01,2018,,19.0,,,0,0,N,0.0,0.0,0.0,,,,,,,,36.05151,-86.71436,False,Crashes_2010_2019_MPO
100679708,2014-11-13,2014,,19.0,,,0,0,N,0.0,0.0,0.0,,,,,,,,36.04546,-86.71267,False,Crashes_2010_2019_MPO
100336546,2013-06-01,2013,,94.0,,,0,0,N,0.0,0.0,0.0,,,,,,,,35.96986,-86.72471,True,Crashes_2010_2019_MPO
100614058,2014-09-03,2014,,94.0,,,0,0,Y,0.0,0.0,1.0,,,,,,,,35.97778,-86.80382,True,Crashes_2010_2019_MPO
101551855,2017-02-11,2017,,19.0,,,0,0,N,0.0,0.0,0.0,,,,,,,,36.03969,-86.73917,False,Crashes_2010_2019_MPO
100506153,2014-05-08,2014,,94.0,,,0,0,N,0.0,0.0,0.0,,,,,,,,35.92904,-86.84936,False,Crashes_2010_2019_MPO
100432055,2014-01-17,2014,,94.0,,,0,0,N,0.0,0.0,0.0,,,,,,,,35.966,-86.82032,True,Crashes_2010_2019_MPO
101950736,2018-03-20,2018,,19.0,,,0,0,N,0.0,0.0,0.0,,,,,,,,36.03479,-86.78331,True,Crashes_2010_2019_MPO
102428846,2019-06-25,2019,,94.0,,,0,0,N,0.0,0.0,0.0,,,,,,,,35.92316,-86.87107,False,Crashes_2010_2019_MPO
101095343,2016-01-28,2016,,94.0,,,0,0,N,0.0,0.0,0.0,,,,,,,,35.92643,-86.87067,False,Crashes_2010_2019_MPO
100883953,2015-07-09,2015,,94.0,,,0,0,N,0.0,0.0,0.0,,,,,,,,36.02552,-86.785263,True,Crashes_2010_2019_MPO
101486543,2016-12-23,2016,,94.0,,,0,0,N,0.0,0.0,0.0,,,,,,,,35.93555,-86.82425,False,Crashes_2010_2019_MPO
100217913,2012-08-22,2012,,19.0,,,0,0,N,0.0,0.0,0.0,,,,,,,,36.03351,-86.78322,True,Crashes_2010_2019_MPO
101476108,2016-12-13,2016,,19.0,,,0,0,N,0.0,0.0,0.0,,,,,,,,36.03754,-86.78654,False,Crashes_2010_2019_MPO
101422696,2016-10-25,2016,,94.0,,,0,0,N,0.0,0.0,0.0,,,,,,,,36.00004,-86.83001,True,Crashes_2010_2019_MPO
101070066,2015-12-31,2015,,94.0,,,0,0,N,0.0,0.0,0.0,,,,,,,,35.94922,-86.68673,False,Crashes_2010_2019_MPO
100591273,2014-08-04,2014,,94.0,,,0,0,N,0.0,0.0,0.0,,,,,,,,35.92738,-86.86871,False,Crashes_2010_2019_MPO
100695293,2014-11-23,2014,,94.0,,,0,0,N,0.0,0.0,0.0,,,,,,,,35.93222,-86.82394,False,Crashes_2010_2019_MPO
101488291,2016-12-26,2016,,94.0,,,0,0,N,0.0,0.0,0.0,,,,,,,,36.00507,-86.79022,True,Crashes_2010_2019_MPO
100123975,2011-11-30,2011,,94.0,,,0,0,N,0.0,0.0,0.0,,,,,,,,35.96595,-86.80315,True,Crashes_2010_2019_MPO
102598186,2019-12-15,2019,,19.0,,,0,0,N,0.0,0.0,0.0,,,,,,,,36.04128,-86.67774,False,Crashes_2010_2019_MPO
102241898,2018-12-10,2018,,94.0,,,0,0,N,0.0,0.0,0.0,,,,,,,,35.97961,-86.80527,True,Crashes_2010_2019_MPO
100922750,2015-08-13,2015,,94.0,,,0,0,N,0.0,0.0,0.0,,,,,,,,35.94865,-86.80973,False,Crashes_2010_2019_MPO
100369723,2013-08-21,2013,,94.0,,,0,0,N,0.0,0.0,0.0,,,,,,,,35.9564,-86.84404,False,Crashes_2010_2019_MPO
102394071,2019-05-19,2019,,19.0,,,0,0,N,0.0,0.0,0.0,,,,,,,,36.04169,-86.71878,False,Crashes_2010_2019_MPO
102087672,2018-07-24,2018,,94.0,,,0,0,N,0.0,0.0,0.0,,,,,,,,35.93481,-86.82128,False,Crashes_2010_2019_MPO
100946311,2015-09-07,2015,,94.0,,,0,0,N,0.0,0.0,0.0,,,,,,,,35.94944,-86.81719,False,Crashes_2010_2019_MPO
100502073,2014-04-28,2014,,94.0,,,0,0,N,0.0,0.0,0.0,,,,,,,,36.02257,-86.7868,True,Crashes_2010_2019_MPO
101815041,2017-11-04,2017,,94.0,,,0,0,N,0.0,0.0,0.0,,,,,,,,35.97887,-86.75192,True,Crashes_2010_2019_MPO
100640374,2014-10-08,2014,,19.0,,,0,0,N,0.0,0.0,0.0,,,,,,,,36.03015,-86.86766,False,Crashes_2010_2019_MPO
101691077,2017-07-03,2017,,94.0,,,0,0,N,0.0,0.0,0.0,,,,,,,,35.99734,-86.79486,True,Crashes_2010_2019_MPO
100943460,2015-09-02,2015,,94.0,,,0,0,N,0.0,0.0,0.0,,,,,,,,35.96726,-86.81433,True,Crashes_2010_2019_MPO
101920817,2018-02-19,2018,,19.0,,,0,0,Y,0.0,0.0,1.0,,,,,,,,36.04557,-86.70165,False,Crashes_2010_2019_MPO
101036577,2015-11-25,2015,,19.0,,,0,0,N,0.0,0.0,0.0,,,,,,,,36.04235,-86.83733,False,Crashes_2010_2019_MPO
102255671,2018-12-22,2018,,94.0,,,0,0,N,0.0,0.0,0.0,,,,,,,,35.94957,-86.81944,False,Crashes_2010_2019_MPO
100596779,2014-08-17,2014,,94.0,,,0,0,N,0.0,0.0,0.0,,,,,,,,36.00453,-86.81905,True,Crashes_2010_2019_MPO
101398927,2016-10-08,2016,,94.0,,,0,0,N,0.0,0.0,0.0,,,,,,,,35.99158,-86.84789,False,Crashes_2010_2019_MPO
101562914,2017-02-22,2017,,94.0,,,0,0,N,0.0,0.0,0.0,,,,,,,,36.03702,-86.79778,True,Crashes_2010_2019_MPO
100265024,2012-12-11,2012,,94.0,,,0,0,N,0.0,0.0,0.0,,,,,,,,35.94467,-86.82831,False,Crashes_2010_2019_MPO
101572366,2017-03-03,2017,,94.0,,,0,0,N,0.0,0.0,0.0,,,,,,,,35.96525,-86.79665,True,Crashes_2010_2019_MPO
100635533,2014-09-29,2014,,94.0,,,0,1,N,0.0,1.0,0.0,,,,,,,,35.9986,-86.80562,True,Crashes_2010_2019_MPO
100701327,2014-12-04,2014,,94.0,,,0,0,N,0.0,0.0,0.0,,,,,,,,35.9581,-86.8104,False,Crashes_2010_2019_MPO
102345249,2019-03-30,2019,,19.0,,,0,0,N,0.0,0.0,0.0,,,,,,,,36.03978,-86.75405,False,Crashes_2010_2019_MPO
100566603,2014-06-28,2014,,94.0,,,0,0,N,0.0,0.0,0.0,,,,,,,,35.94793,-86.81718,False,Crashes_2010_2019_MPO
102421616,2019-06-17,2019,,94.0,,,0,0,N,0.0,0.0,0.0,,,,,,,,35.97858,-86.73642,True,Crashes_2010_2019_MPO
102046417,2018-06-17,2018,,94.0,,,0,0,N,0.0,0.0,0.0,,,,,,,,35.96474,-86.81508,True,Crashes_2010_2019_MPO
100328659,2013-05-14,2013,,94.0,,,0,0,N,0.0,0.0,0.0,,,,,,,,36.0302,-86.79046,True,Crashes_2010_2019_MPO
102216223,2018-11-18,2018,,94.0,,,0,0,N,0.0,0.0,0.0,,,,,,,,35.92373,-86.79452,False,Crashes_2010_2019_MPO
100657785,2014-10-23,2014,,94.0,,,0,0,N,0.0,0.0,0.0,,,,,,,,35.97764,-86.77681,True,Crashes_2010_2019_MPO
101401436,2016-10-05,2016,,94.0,,,0,0,N,0.0,0.0,0.0,,,,,,,,35.99877,-86.79609,True,Crashes_2010_2019_MPO
100550604,2014-06-13,2014,,94.0,,,0,0,N,0.0,0.0,0.0,,,,,,,,35.93308,-86.81128,False,Crashes_2010_2019_MPO
100799472,2015-03-29,2015,,19.0,,,0,0,N,0.0,0.0,0.0,,,,,,,,36.04408,-86.78112,False,Crashes_2010_2019_MPO
101467181,2016-12-04,2016,,19.0,,,0,0,N,0.0,0.0,0.0,,,,,,,,36.04178,-86.7824,False,Crashes_2010_2019_MPO
100727411,2015-01-25,2015,,94.0,,,0,0,N,0.0,0.0,0.0,,,,,,,,35.9929,-86.82878,True,Crashes_2010_2019_MPO
100734793,2015-02-09,2015,,94.0,,,0,0,N,0.0,0.0,0.0,,,,,,,,35.96194,-86.70992,True,Crashes_2010_2019_MPO
100643789,2014-10-15,2014,,94.0,,,0,0,N,0.0,0.0,0.0,,,,,,,,35.98984,-86.81448,True,Crashes_2010_2019_MPO
100920946,2015-08-10,2015,,94.0,,,0,0,N,0.0,0.0,0.0,,,,,,,,35.94837,-86.8077,False,Crashes_2010_2019_MPO
100095673,2011-09-21,2011,,94.0,,,0,0,N,0.0,0.0,0.0,,,,,,,,35.9941,-86.847884,False,Crashes_2010_2019_MPO
101127112,2016-03-03,2016,,94.0,,,0,0,N,0.0,0.0,0.0,,,,,,,,35.96838,-86.80313,True,Crashes_2010_2019_MPO
100703624,2014-12-06,2014,,94.0,,,0,0,N,0.0,0.0,0.0,,,,,,,,36.02594,-86.87923,False,Crashes_2010_2019_MPO
101888443,2018-01-16,2018,,19.0,,,0,0,N,0.0,0.0,0.0,,,,,,,,36.02641,-86.70275,False,Crashes_2010_2019_MPO
100911369,2015-07-23,2015,,94.0,,,0,0,N,0.0,0.0,0.0,,,,,,,,35.96577,-86.82065,True,Crashes_2010_2019_MPO
100545003,2014-05-30,2014,,94.0,,,0,0,N,0.0,0.0,0.0,,,,,,,,35.97437,-86.73696,True,Crashes_2010_2019_MPO
101977900,2018-04-14,2018,,19.0,,,0,0,N,0.0,0.0,0.0,,,,,,,,36.03259,-86.78359,True,Crashes_2010_2019_MPO
100705746,2014-12-11,2014,,19.0,,,0,0,N,0.0,0.0,0.0,,,,,,,,36.04528,-86.71458,False,Crashes_2010_2019_MPO
102082392,2018-07-21,2018,,19.0,,,0,0,N,0.0,0.0,0.0,,,,,,,,36.04028,-86.76837,False,Crashes_2010_2019_MPO
102082843,2018-07-22,2018,,19.0,,,0,0,N,0.0,0.0,0.0,,,,,,,,36.03135,-86.75441,False,Crashes_2010_2019_MPO
102012464,2018-05-16,2018,,19.0,,,0,0,N,0.0,0.0,0.0,,,,,,,,36.04561,-86.71977,False,Crashes_2010_2019_MPO
102475374,2019-08-12,2019,,94.0,,,0,0,N,0.0,0.0,0.0,,,,,,,,36.0315,-86.78975,True,Crashes_2010_2019_MPO
100336321,2013-05-30,2013,,94.0,,,0,0,N,0.0,0.0,0.0,,,,,,,,35.95842,-86.80225,False,Crashes_2010_2019_MPO
101896397,2018-01-24,2018,,94.0,,,0,0,N,0.0,0.0,0.0,,,,,,,,35.93446,-86.81991,False,Crashes_2010_2019_MPO
102348449,2019-04-02,2019,,94.0,,,0,0,N,0.0,0.0,0.0,,,,,,,,36.00851,-86.78637,True,Crashes_2010_2019_MPO
100280218,2013-01-16,2013,,94.0,,,0,0,N,0.0,0.0,0.0,,,,,,,,35.94063,-86.83934,False,Crashes_2010_2019_MPO
101318844,2016-08-02,2016,,19.0,,,0,0,N,0.0,0.0,0.0,,,,,,,,35.9912,-86.68349,False,Crashes_2010_2019_MPO
100383325,2013-09-25,2013,,94.0,,,0,0,N,0.0,0.0,0.0,,,,,,,,35.99078,-86.75109,True,Crashes_2010_2019_MPO
101179788,2016-04-23,2016,,19.0,,,0,0,N,0.0,0.0,0.0,,,,,,,,36.04047,-86.77003,False,Crashes_2010_2019_MPO
100418658,2013-12-13,2013,,94.0,,,0,0,N,0.0,0.0,0.0,,,,,,,,35.99795,-86.79905,True,Crashes_2010_2019_MPO
101884717,2018-01-11,2018,,94.0,,,0,0,N,0.0,0.0,0.0,,,,,,,,35.92373,-86.79452,False,Crashes_2010_2019_MPO
101077170,2016-01-14,2016,,94.0,,,0,0,N,0.0,0.0,0.0,,,,,,,,36.00628,-86.74711,True,Crashes_2010_2019_MPO
101753994,2017-09-07,2017,,94.0,,,0,0,N,0.0,0.0,0.0,,,,,,,,36.02708,-86.78432,True,Crashes_2010_2019_MPO
102322604,2019-03-06,2019,,19.0,,,0,0,N,0.0,0.0,0.0,,,,,,,,36.04624,-86.67666,False,Crashes_2010_2019_MPO
101038993,2015-11-29,2015,,19.0,,,0,0,N,0.0,0.0,0.0,,,,,,,,36.04537,-86.71326,False,Crashes_2010_2019_MPO
101717028,2017-07-31,2017,,94.0,,,0,0,N,0.0,0.0,0.0,,,,,,,,36.03591,-86.78725,True,Crashes_2010_2019_MPO
101796637,2017-10-19,2017,,94.0,,,0,0,N,0.0,0.0,0.0,,,,,,,,35.92775,-86.86563,False,Crashes_2010_2019_MPO
102117899,2018-08-22,2018,,19.0,,,0,0,N,0.0,0.0,0.0,,,,,,,,36.04526,-86.71704,False,Crashes_2010_2019_MPO
10432765,2011-12-26,2011,,19.0,,,0,0, ,0.0,0.0,0.0,,,,,,,,36.04081,-86.74673,False,Crashes_2010_2019_MPO
100803499,2015-04-06,2015,,94.0,,,0,0,N,0.0,0.0,0.0,,,,,,,,35.96708,-86.81356,True,Crashes_2010_2019_MPO
101040018,2015-11-30,2015,,19.0,,,0,0,N,0.0,0.0,0.0,,,,,,,,36.04024,-86.67785,False,Crashes_2010_2019_MPO
101758276,2017-09-12,2017,,19.0,,,0,0,N,0.0,0.0,0.0,,,,,,,,36.04099,-86.77482,False,Crashes_2010_2019_MPO
101118981,2016-02-19,2016,,94.0,,,0,0,N,0.0,0.0,0.0,,,,,,,,35.99476,-86.7977,True,Crashes_2010_2019_MPO
102254284,2018-12-21,2018,,94.0,,,0,0,N,0.0,0.0,0.0,,,,,,,,35.96059,-86.81519,False,Crashes_2010_2019_MPO
101061034,2015-12-16,2015,,94.0,,,0,0,N,0.0,0.0,0.0,,,,,,,,35.93753,-86.82139,False,Crashes_2010_2019_MPO
101786034,2017-10-04,2017,,94.0,,,0,0,N,0.0,0.0,0.0,,,,,,,,35.93241,-86.82377,False,Crashes_2010_2019_MPO
102240197,2018-12-08,2018,,19.0,,,0,1,N,0.0,1.0,0.0,,,,,,,,36.04548,-86.71207,False,Crashes_2010_2019_MPO
102002893,2018-05-06,2018,,94.0,,,0,0,N,0.0,0.0,0.0,,,,,,,,36.02606,-86.87904,False,Crashes_2010_2019_MPO
102567640,2019-11-14,2019,,19.0,,,0,0,N,0.0,0.0,0.0,,,,,,,,36.04374,-86.77981,False,Crashes_2010_2019_MPO
102153303,2018-09-21,2018,,19.0,,,0,0,N,0.0,0.0,0.0,,,,,,,,36.03265,-86.7698,False,Crashes_2010_2019_MPO
101622724,2017-04-21,2017,,94.0,,,0,0,N,0.0,0.0,0.0,,,,,,,,35.92254,-86.87194,False,Crashes_2010_2019_MPO
100309600,2013-03-29,2013,,94.0,,,0,0,N,0.0,0.0,0.0,,,,,,,,35.94173,-86.82105,False,Crashes_2010_2019_MPO
102402971,2019-05-28,2019,,94.0,,,0,0,N,0.0,0.0,0.0,,,,,,,,35.94054,-86.81649,False,Crashes_2010_2019_MPO
100322107,2013-04-27,2013,,94.0,,,0,0,N,0.0,0.0,0.0,,,,,,,,35.93251,-86.78794,False,Crashes_2010_2019_MPO
101918571,2018-02-17,2018,,19.0,,,0,0,N,0.0,0.0,0.0,,,,,,,,36.04317,-86.78154,False,Crashes_2010_2019_MPO
101855514,2017-12-11,2017,,94.0,,,0,0,N,0.0,0.0,0.0,,,,,,,,35.9669,-86.8136,True,Crashes_2010_2019_MPO
100589491,2014-07-31,2014,,94.0,,,0,0,N,0.0,0.0,0.0,,,,,,,,35.94068,-86.83938,False,Crashes_2010_2019_MPO
100837579,2015-05-20,2015,,94.0,,,0,0,N,0.0,0.0,0.0,,,,,,,,35.92614,-86.87323,False,Crashes_2010_2019_MPO
102277039,2019-01-14,2019,,94.0,,,0,0,N,0.0,0.0,0.0,,,,,,,,35.94191,-86.82261,False,Crashes_2010_2019_MPO
100879847,2015-07-02,2015,,19.0,,,0,0,N,0.0,0.0,0.0,,,,,,,,36.04187,-86.7824,False,Crashes_2010_2019_MPO
101822987,2017-11-11,2017,,94.0,,,0,0,N,0.0,0.0,0.0,,,,,,,,35.96763,-86.81033,True,Crashes_2010_2019_MPO
100709229,2014-12-14,2014,,19.0,,,0,0,N,0.0,0.0,0.0,,,,,,,,36.0152,-86.70511,False,Crashes_2010_2019_MPO
101354804,2016-09-06,2016,,94.0,,,0,0,N,0.0,0.0,0.0,,,,,,,,35.99747,-86.79592,True,Crashes_2010_2019_MPO
101568383,2017-02-28,2017,,19.0,,,0,0,N,0.0,0.0,0.0,,,,,,,,36.04549,-86.70462,False,Crashes_2010_2019_MPO
100361111,2013-07-31,2013,,94.0,,,0,0,N,0.0,0.0,0.0,,,,,,,,35.94586,-86.82571,False,Crashes_2010_2019_MPO
102222934,2018-11-24,2018,,19.0,,,0,0,N,0.0,0.0,0.0,,,,,,,,36.04069,-86.77204,False,Crashes_2010_2019_MPO
100597206,2014-08-18,2014,,94.0,,,0,0,N,0.0,0.0,0.0,,,,,,,,36.03163,-86.81763,True,Crashes_2010_2019_MPO
102290505,2019-01-28,2019,,94.0,,,0,0,N,0.0,0.0,0.0,,,,,,,,35.94518,-86.82046,False,Crashes_2010_2019_MPO
102138930,2018-09-08,2018,,94.0,,,0,0,N,0.0,0.0,0.0,,,,,,,,35.945,-86.87914,False,Crashes_2010_2019_MPO
100718730,2015-01-07,2015,,19.0,,,0,0,N,0.0,0.0,0.0,,,,,,,,36.0338,-86.78848,True,Crashes_2010_2019_MPO
100565434,2014-06-25,2014,,94.0,,,0,0,N,0.0,0.0,0.0,,,,,,,,35.97347,-86.83344,False,Crashes_2010_2019_MPO
101350531,2016-08-31,2016,,94.0,,,0,0,N,0.0,0.0,0.0,,,,,,,,36.01384,-86.80547,True,Crashes_2010_2019_MPO
101363515,2016-09-17,2016,,94.0,,,0,0,N,0.0,0.0,0.0,,,,,,,,36.02175,-86.74267,False,Crashes_2010_2019_MPO
100217339,2012-08-21,2012,,94.0,,,0,0,N,0.0,0.0,0.0,,,,,,,,35.99788,-86.79948,True,Crashes_2010_2019_MPO
100357525,2013-07-22,2013,,94.0,,,0,0,N,0.0,0.0,0.0,,,,,,,,35.99417,-86.76405,True,Crashes_2010_2019_MPO
100820451,2015-04-19,2015,,94.0,,,0,0,N,0.0,0.0,0.0,,,,,,,,35.99816,-86.80184,True,Crashes_2010_2019_MPO
102117561,2018-08-21,2018,,19.0,,,0,0,N,0.0,0.0,0.0,,,,,,,,36.04018,-86.74474,False,Crashes_2010_2019_MPO
102406987,2019-06-01,2019,,94.0,,,0,0,N,0.0,0.0,0.0,,,,,,,,35.92626,-86.72344,False,Crashes_2010_2019_MPO
100466429,2014-03-20,2014,,94.0,,,0,0,N,0.0,0.0,0.0,,,,,,,,36.03326,-86.78494,True,Crashes_2010_2019_MPO
101731991,2017-08-15,2017,,94.0,,,0,0,N,0.0,0.0,0.0,,,,,,,,35.9583,-86.8023,False,Crashes_2010_2019_MPO
100352447,2013-07-09,2013,,94.0,,,0,0,N,0.0,0.0,0.0,,,,,,,,35.93486,-86.8211,False,Crashes_2010_2019_MPO
101288702,2016-07-16,2016,,19.0,,,0,0,N,0.0,0.0,0.0,,,,,,,,36.04089,-86.74369,False,Crashes_2010_2019_MPO
101469309,2016-12-06,2016,,94.0,,,0,0,N,0.0,0.0,0.0,,,,,,,,35.93526,-86.81112,False,Crashes_2010_2019_MPO
101004847,2015-11-07,2015,,94.0,,,0,0,N,0.0,0.0,0.0,,,,,,,,35.95039,-86.81871,False,Crashes_2010_2019_MPO
101998819,2018-05-03,2018,,19.0,,,0,0,N,0.0,0.0,0.0,,,,,,,,36.04125,-86.82175,False,Crashes_2010_2019_MPO
100940232,2015-08-26,2015,,94.0,,,0,0,N,0.0,0.0,0.0,,,,,,,,35.92745,-86.82108,False,Crashes_2010_2019_MPO
102441165,2019-07-07,2019,,19.0,,,0,0,N,0.0,0.0,0.0,,,,,,,,36.04028,-86.76837,False,Crashes_2010_2019_MPO
101303593,2016-07-26,2016,,19.0,,,0,0,N,0.0,0.0,0.0,,,,,,,,36.04727,-86.86261,False,Crashes_2010_2019_MPO
101158168,2016-04-05,2016,,94.0,,,0,0,N,0.0,0.0,0.0,,,,,,,,35.98439,-86.72434,True,Crashes_2010_2019_MPO
100820621,2015-04-19,2015,,19.0,,,0,0,N,0.0,0.0,0.0,,,,,,,,36.03735,-86.78656,False,Crashes_2010_2019_MPO
101329139,2016-08-16,2016,,94.0,,,0,0,N,0.0,0.0,0.0,,,,,,,,36.0312,-86.7881,True,Crashes_2010_2019_MPO
101652927,2017-05-23,2017,,94.0,,,0,0,N,0.0,0.0,0.0,,,,,,,,35.93446,-86.81991,False,Crashes_2010_2019_MPO
102600490,2019-12-17,2019,,19.0,,,0,0,N,0.0,0.0,0.0,,,,,,,,36.03745,-86.78622,False,Crashes_2010_2019_MPO
101482756,2016-12-20,2016,,94.0,,,0,0,N,0.0,0.0,0.0,,,,,,,,35.99567,-86.78056,True,Crashes_2010_2019_MPO
102173301,2018-10-10,2018,,19.0,,,0,0,N,0.0,0.0,0.0,,,,,,,,36.0483,-86.71361,False,Crashes_2010_2019_MPO
102443408,2019-07-10,2019,,19.0,,,0,0,N,0.0,0.0,0.0,,,,,,,,36.03969,-86.76244,False,Crashes_2010_2019_MPO
101633037,2017-05-03,2017,,19.0,,,0,0,N,0.0,0.0,0.0,,,,,,,,36.03887,-86.78259,False,Crashes_2010_2019_MPO
102612144,2019-12-31,2019,,19.0,,,0,0,N,0.0,0.0,0.0,,,,,,,,36.03352,-86.71298,False,Crashes_2010_2019_MPO
101302479,2016-07-20,2016,,94.0,,,0,0,N,0.0,0.0,0.0,,,,,,,,35.9333,-86.81178,False,Crashes_2010_2019_MPO
101430288,2016-11-03,2016,,94.0,,,0,0,N,0.0,0.0,0.0,,,,,,,,35.99169,-86.79876,True,Crashes_2010_2019_MPO
100916888,2015-08-03,2015,,94.0,,,0,0,N,0.0,0.0,0.0,,,,,,,,35.93296,-86.87918,False,Crashes_2010_2019_MPO
100499312,2014-04-21,2014,,94.0,,,0,0,N,0.0,0.0,0.0,,,,,,,,35.94804,-86.81927,False,Crashes_2010_2019_MPO