mstrrecnbr,collision_ts,year,county,countystat,crash,crash_type,fatalities,non_motorists,commercial,fatal_c,nonmotor_c,truck_c,fatalc,serious_injuries,ped,bike,lighting,weather,first_harmful_event,latitude,longitude,in_city,src_layer
102420564,2019-06-16,2019,,94.0,,,0,0,N,0.0,0.0,0.0,,,,,,,,35.96518,-86.80029,True,Crashes_2010_2019_MPO
100288131,2013-02-04,2013,,94.0,,,0,0,N,0.0,0.0,0.0,,,,,,,,35.94092,-86.76763,True,Crashes_2010_2019_MPO
102250602,2018-12-17,2018,,94.0,,,0,0,N,0.0,0.0,0.0,,,,,,,,36.01301,-86.78112,True,Crashes_2010_2019_MPO
100499246,2014-04-21,2014,,94.0,,,0,0,N,0.0,0.0,0.0,,,,,,,,35.9325,-86.86245,False,Crashes_2010_2019_MPO
100563775,2014-06-21,2014,,94.0,,,0,0,N,0.0,0.0,0.0,,,,,,,,35.93953,-86.81195,False,Crashes_2010_2019_MPO
101553498,2017-02-13,2017,,94.0,,,0,0,N,0.0,0.0,0.0,,,,,,,,36.03227,-86.78851,True,Crashes_2010_2019_MPO
101133966,2016-03-14,2016,,94.0,,,0,0,N,0.0,0.0,0.0,,,,,,,,35.95092,-86.81857,False,Crashes_2010_2019_MPO
102539954,2019-10-15,2019,,94.0,,,0,0,N,0.0,0.0,0.0,,,,,,,,36.03611,-86.79483,True,Crashes_2010_2019_MPO
100833408,2015-05-13,2015,,94.0,,,0,0,N,0.0,0.0,0.0,,,,,,,,35.9557,-86.76715,True,Crashes_2010_2019_MPO
101570904,2017-03-02,2017,,94.0,,,0,0,N,0.0,0.0,0.0,,,,,,,,35.96702,-86.81356,True,Crashes_2010_2019_MPO
102566268,2019-11-12,2019,,19.0,,,0,0,N,0.0,0.0,0.0,,,,,,,,36.05308,-86.71271,False,Crashes_2010_2019_MPO
102076193,2018-07-12,2018,,94.0,,,0,0,N,0.0,0.0,0.0,,,,,,,,36.00698,-86.78825,True,Crashes_2010_2019_MPO
100632579,2014-09-23,2014,,94.0,,,0,0,N,0.0,0.0,0.0,,,,,,,,35.99316,-86.79826,True,Crashes_2010_2019_MPO
101162290,2016-04-09,2016,,19.0,,,0,0,N,0.0,0.0,0.0,,,,,,,,36.04646,-86.72514,False,Crashes_2010_2019_MPO
102284564,2019-01-21,2019,,94.0,,,0,0,N,0.0,0.0,0.0,,,,,,,,36.01286,-86.80081,True,Crashes_2010_2019_MPO
101959321,2018-03-27,2018,,94.0,,,0,0,N,0.0,0.0,0.0,,,,,,,,35.96675,-86.81365,True,Crashes_2010_2019_MPO
101882041,2018-01-09,2018,,19.0,,,0,0,N,0.0,0.0,0.0,,,,,,,,36.04094,-86.74614,False,Crashes_2010_2019_MPO
102087391,2018-07-24,2018,,94.0,,,0,0,N,0.0,0.0,0.0,,,,,,,,35.95677,-86.80311,False,Crashes_2010_2019_MPO
100545596,2014-05-31,2014,,94.0,,,0,0,N,0.0,0.0,0.0,,,,,,,,36.03336,-86.78872,True,Crashes_2010_2019_MPO
102474397,2019-08-09,2019,,94.0,,,0,0,N,0.0,0.0,0.0,,,,,,,,35.94067,-86.81671,False,Crashes_2010_2019_MPO
102307107,2019-02-15,2019,,94.0,,,0,0,N,0.0,0.0,0.0,,,,,,,,35.94339,-86.82221,False,Crashes_2010_2019_MPO
100967282,2015-09-25,2015,,94.0,,,0,0,N,0.0,0.0,0.0,,,,,,,,35.93401,-86.7788,False,Crashes_2010_2019_MPO
101007433,2015-11-11,2015,,94.0,,,0,0,N,0.0,0.0,0.0,,,,,,,,35.96275,-86.80142,True,Crashes_2010_2019_MPO
101817839,2017-11-07,2017,,94.0,,,0,0,N,0.0,0.0,0.0,,,,,,,,35.99817,-86.80199,True,Crashes_2010_2019_MPO
101611775,2017-04-12,2017,,94.0,,,0,0,N,0.0,0.0,0.0,,,,,,,,35.92929,-86.86486,False,Crashes_2010_2019_MPO
101840619,2017-11-27,2017,,94.0,,,0,0,N,0.0,0.0,0.0,,,,,,,,35.98664,-86.70929,True,Crashes_2010_2019_MPO
100102134,2011-10-11,2011,,94.0,,,0,0,N,0.0,0.0,0.0,,,,,,,,35.9372,-86.6909,False,Crashes_2010_2019_MPO
100197612,2012-07-02,2012,,94.0,,,0,0,N,0.0,0.0,0.0,,,,,,,,35.93746,-86.70155,False,Crashes_2010_2019_MPO
100808555,2015-04-15,2015,,94.0,,,0,0,N,0.0,0.0,0.0,,,,,,,,35.97352,-86.83281,True,Crashes_2010_2019_MPO
101236914,2016-06-01,2016,,19.0,,,0,0,N,0.0,0.0,0.0,,,,,,,,36.04561,-86.71977,False,Crashes_2010_2019_MPO
100354212,2013-07-09,2013,,94.0,,,0,0,N,0.0,0.0,0.0,,,,,,,,35.96722,-86.81353,True,Crashes_2010_2019_MPO
102047794,2018-06-11,2018,,94.0,,,0,0,N,0.0,0.0,0.0,,,,,,,,35.99657,-86.78917,True,Crashes_2010_2019_MPO
102010701,2018-05-14,2018,,94.0,,,0,0,N,0.0,0.0,0.0,,,,,,,,35.92702,-86.86591,False,Crashes_2010_2019_MPO
102403997,2019-05-29,2019,,94.0,,,0,0,N,0.0,0.0,0.0,,,,,,,,35.94608,-86.82608,False,Crashes_2010_2019_MPO
100711096,2014-12-22,2014,,94.0,,,0,0,N,0.0,0.0,0.0,,,,,,,,35.95051,-86.76621,True,Crashes_2010_2019_MPO
102585655,2019-12-01,2019,,19.0,,,0,0,N,0.0,0.0,0.0,,,,,,,,36.04547,-86.7122,False,Crashes_2010_2019_MPO
100506463,2014-05-07,2014,,94.0,,,0,0,N,0.0,0.0,0.0,,,,,,,,35.97175,-86.83446,False,Crashes_2010_2019_MPO
101809754,2017-10-31,2017,,94.0,,,0,0,N,0.0,0.0,0.0,,,,,,,,35.93562,-86.82387,False,Crashes_2010_2019_MPO
102230298,2018-11-30,2018,,19.0,,,0,0,N,0.0,0.0,0.0,,,,,,,,36.0095,-86.70166,False,Crashes_2010_2019_MPO
101848875,2017-12-05,2017,,19.0,,,0,0,N,0.0,0.0,0.0,,,,,,,,35.99945,-86.69343,False,Crashes_2010_2019_MPO
101529882,2017-01-20,2017,,19.0,,,0,0,N,0.0,0.0,0.0,,,,,,,,36.02963,-86.70395,False,Crashes_2010_2019_MPO
102593797,2019-12-10,2019,,94.0,,,0,0,N,0.0,0.0,0.0,,,,,,,,35.93446,-86.81991,False,Crashes_2010_2019_MPO
101966325,2018-04-04,2018,,19.0,,,0,0,N,0.0,0.0,0.0,,,,,,,,36.04724,-86.86246,False,Crashes_2010_2019_MPO
100584523,2014-07-18,2014,,94.0,,,0,0,N,0.0,0.0,0.0,,,,,,,,35.92375,-86.8697,False,Crashes_2010_2019_MPO
100969335,2015-09-29,2015,,94.0,,,0,0,N,0.0,0.0,0.0,,,,,,,,35.97956,-86.82897,False,Crashes_2010_2019_MPO
101319527,2016-08-03,2016,,94.0,,,0,0,N,0.0,0.0,0.0,,,,,,,,35.97953,-86.82291,True,Crashes_2010_2019_MPO
102544682,2019-10-21,2019,,94.0,,,0,0,N,0.0,0.0,0.0,,,,,,,,35.92917,-86.82073,False,Crashes_2010_2019_MPO
102490742,2019-08-28,2019,,94.0,,,0,0,N,0.0,0.0,0.0,,,,,,,,36.02844,-86.79142,True,Crashes_2010_2019_MPO
100854737,2015-05-29,2015,,94.0,,,0,0,N,0.0,0.0,0.0,,,,,,,,35.99919,-86.80885,True,Crashes_2010_2019_MPO
100805732,2015-04-10,2015,,94.0,,,0,0,N,0.0,0.0,0.0,,,,,,,,35.97752,-86.7255,True,Crashes_2010_2019_MPO
100431464,2014-01-15,2014,,94.0,,,0,0,N,0.0,0.0,0.0,,,,,,,,35.94622,-86.80876,False,Crashes_2010_2019_MPO
100306318,2013-03-21,2013,,94.0,,,0,0,N,0.0,0.0,0.0,,,,,,,,35.94546,-86.84825,False,Crashes_2010_2019_MPO
102119581,2018-08-23,2018,,94.0,,,0,0,N,0.0,0.0,0.0,,,,,,,,35.94787,-86.81866,False,Crashes_2010_2019_MPO
101619567,2017-04-19,2017,,19.0,,,0,0,N,0.0,0.0,0.0,,,,,,,,36.04017,-86.78077,False,Crashes_2010_2019_MPO
101660373,2017-05-31,2017,,94.0,,,0,0,N,0.0,0.0,0.0,,,,,,,,35.9901,-86.74577,True,Crashes_2010_2019_MPO
101699690,2017-07-12,2017,,94.0,,,0,0,N,0.0,0.0,0.0,,,,,,,,35.95209,-86.81805,False,Crashes_2010_2019_MPO
101882940,2018-01-10,2018,,19.0,,,0,0,N,0.0,0.0,0.0,,,,,,,,36.04524,-86.74394,False,Crashes_2010_2019_MPO
101660095,2017-05-31,2017,,19.0,,,0,0,N,0.0,0.0,0.0,,,,,,,,36.01765,-86.70888,False,Crashes_2010_2019_MPO
101940609,2018-03-09,2018,,94.0,,,0,0,N,0.0,0.0,0.0,,,,,,,,35.94981,-86.81352,False,Crashes_2010_2019_MPO
100159915,2011-11-26,2011,,19.0,,,0,0,N,0.0,0.0,0.0,,,,,,,,36.05061,-86.69765,False,Crashes_2010_2019_MPO
101627977,2017-04-28,2017,,94.0,,,0,0,N,0.0,0.0,0.0,,,,,,,,35.94918,-86.81949,False,Crashes_2010_2019_MPO
101861853,2017-12-14,2017,,94.0,,,0,0,N,0.0,0.0,0.0,,,,,,,,35.94251,-86.80995,False,Crashes_2010_2019_MPO
100507168,2014-05-10,2014,,94.0,,,0,0,N,0.0,0.0,0.0,,,,,,,,35.9727,-86.83364,False,Crashes_2010_2019_MPO
102073106,2018-07-13,2018,,94.0,,,0,0,N,0.0,0.0,0.0,,,,,,,,35.96182,-86.8144,False,Crashes_2010_2019_MPO
101352980,2016-09-02,2016,,94.0,,,0,0,N,0.0,0.0,0.0,,,,,,,,35.94583,-86.8244,False,Crashes_2010_2019_MPO
100375526,2013-09-05,2013,,94.0,,,0,0,N,0.0,0.0,0.0,,,,,,,,35.95655,-86.81715,False,Crashes_2010_2019_MPO
101390162,2016-09-26,2016,,19.0,,,0,0,N,0.0,0.0,0.0,,,,,,,,36.04537,-86.71326,False,Crashes_2010_2019_MPO
101484889,2016-12-22,2016,,94.0,,,0,0,N,0.0,0.0,0.0,,,,,,,,35.92609,-86.87139,False,Crashes_2010_2019_MPO
100339503,2013-06-08,2013,,94.0,,,0,0,N,0.0,0.0,0.0,,,,,,,,35.98117,-86.81951,True,Crashes_2010_2019_MPO
101746402,2017-08-29,2017,,94.0,,,0,0,N,0.0,0.0,0.0,,,,,,,,35.92413,-86.86933,False,Crashes_2010_2019_MPO
102103782,2018-08-09,2018,,94.0,,,0,0,N,0.0,0.0,0.0,,,,,,,,35.95957,-86.80185,False,Crashes_2010_2019_MPO
102207039,2018-11-10,2018,,94.0,,,0,0,N,0.0,0.0,0.0,,,,,,,,36.00404,-86.79096,True,Crashes_2010_2019_MPO
102580152,2019-11-26,2019,,94.0,,,0,0,N,0.0,0.0,0.0,,,,,,,,36.03472,-86.79504,True,Crashes_2010_2019_MPO
100590176,2014-08-01,2014,,94.0,,,0,0,N,0.0,0.0,0.0,,,,,,,,35.94818,-86.81724,False,Crashes_2010_2019_MPO
102203637,2018-11-07,2018,,19.0,,,0,0,N,0.0,0.0,0.0,,,,,,,,36.03692,-86.78671,False,Crashes_2010_2019_MPO
101495401,2017-01-02,2017,,94.0,,,0,0,N,0.0,0.0,0.0,,,,,,,,35.92684,-86.7343,False,Crashes_2010_2019_MPO
101503933,2017-01-13,2017,,94.0,,,0,0,N,0.0,0.0,0.0,,,,,,,,35.96506,-86.72931,True,Crashes_2010_2019_MPO
101281913,2016-07-08,2016,,94.0,,,0,1,N,0.0,1.0,0.0,,,,,,,,35.92298,-86.82943,False,Crashes_2010_2019_MPO
102446129,2019-07-13,2019,,19.0,,,0,0,N,0.0,0.0,0.0,,,,,,,,36.05357,-86.68399,False,Crashes_2010_2019_MPO
100907137,2015-07-16,2015,,19.0,,,0,0,N,0.0,0.0,0.0,,,,,,,,36.03986,-86.74078,False,Crashes_2010_2019_MPO
102053945,2018-06-25,2018,,94.0,,,0,0,N,0.0,0.0,0.0,,,,,,,,35.93552,-86.82341,False,Crashes_2010_2019_MPO
101044206,2015-12-06,2015,,94.0,,,0,0,N,0.0,0.0,0.0,,,,,,,,36.03274,-86.787729,True,Crashes_2010_2019_MPO
101314735,2016-07-28,2016,,19.0,,,0,0,N,0.0,0.0,0.0,,,,,,,,36.04526,-86.70116,False,Crashes_2010_2019_MPO
100820169,2015-04-18,2015,,19.0,,,0,0,N,0.0,0.0,0.0,,,,,,,,36.04561,-86.71115,False,Crashes_2010_2019_MPO
102337711,2019-03-22,2019,,19.0,,,0,0,N,0.0,0.0,0.0,,,,,,,,36.0387,-86.73097,False,Crashes_2010_2019_MPO
101731086,2017-08-14,2017,,94.0,,,0,0,N,0.0,0.0,0.0,,,,,,,,35.98738,-86.82882,False,Crashes_2010_2019_MPO
102360608,2019-04-14,2019,,19.0,,,0,0,N,0.0,0.0,0.0,,,,,,,,35.99687,-86.68989,False,Crashes_2010_2019_MPO
101804168,2017-10-26,2017,,19.0,,,0,0,N,0.0,0.0,0.0,,,,,,,,35.9912,-86.68349,False,Crashes_2010_2019_MPO
101716771,2017-07-31,2017,,19.0,,,0,0,N,0.0,0.0,0.0,,,,,,,,36.04248,-86.81611,False,Crashes_2010_2019_MPO
101345750,2016-08-25,2016,,94.0,,,0,0,N,0.0,0.0,0.0,,,,,,,,36.00111,-86.79398,True,Crashes_2010_2019_MPO
101751692,2017-09-05,2017,,94.0,,,0,0,N,0.0,0.0,0.0,,,,,,,,35.92655,-86.82587,False,Crashes_2010_2019_MPO
100828093,2015-05-04,2015,,19.0,,,0,0,N,0.0,0.0,0.0,,,,,,,,36.04112,-86.74859,False,Crashes_2010_2019_MPO
102430221,2019-06-27,2019,,19.0,,,0,0,N,0.0,0.0,0.0,,,,,,,,35.99185,-86.6841,False,Crashes_2010_2019_MPO
101961001,2018-03-30,2018,,19.0,,,0,0,N,0.0,0.0,0.0,,,,,,,,36.04665,-86.67851,False,Crashes_2010_2019_MPO
100848086,2015-05-21,2015,,94.0,,,0,0,N,0.0,0.0,0.0,,,,,,,,35.99648,-86.78843,True,Crashes_2010_2019_MPO
100800471,2015-03-31,2015,,94.0,,,0,0,N,0.0,0.0,0.0,,,,,,,,35.94126,-86.83825,False,Crashes_2010_2019_MPO
101882412,2018-01-09,2018,,94.0,,,0,0,N,0.0,0.0,0.0,,,,,,,,35.9359,-86.82373,False,Crashes_2010_2019_MPO
100421583,2013-12-19,2013,,94.0,,,0,0,N,0.0,0.0,0.0,,,,,,,,35.96593,-86.80513,True,Crashes_2010_2019_MPO
100966452,2015-09-24,2015,,94.0,,,0,0,N,0.0,0.0,0.0,,,,,,,,35.96133,-86.81226,False,Crashes_2010_2019_MPO
101405414,2016-10-16,2016,,94.0,,,0,0,N,0.0,0.0,0.0,,,,,,,,35.93134,-86.82452,False,Crashes_2010_2019_MPO
101672843,2017-06-14,2017,,19.0,,,0,0,N,0.0,0.0,0.0,,,,,,,,36.04414,-86.78104,False,Crashes_2010_2019_MPO
101542319,2017-02-01,2017,,94.0,,,0,0,N,0.0,0.0,0.0,,,,,,,,35.92261,-86.80957,False,Crashes_2010_2019_MPO
102227362,2018-11-28,2018,,94.0,,,0,0,N,0.0,0.0,0.0,,,,,,,,35.95579,-86.8171,False,Crashes_2010_2019_MPO
100637488,2014-10-03,2014,,94.0,,,0,0,N,0.0,0.0,0.0,,,,,,,,35.93575,-86.82382,False,Crashes_2010_2019_MPO
102075086,2018-07-14,2018,,94.0,,,0,0,N,0.0,0.0,0.0,,,,,,,,35.94704,-86.82188,False,Crashes_2010_2019_MPO
10722227,2014-01-22,2014,,19.0,,,0,0, ,0.0,0.0,0.0,,,,,,,,35.998859,-86.691338,False,Crashes_2010_2019_MPO
100659222,2014-10-25,2014,,94.0,,,0,0,N,0.0,0.0,0.0,,,,,,,,35.9546,-86.81769,False,Crashes_2010_2019_MPO
100970979,2015-10-01,2015,,19.0,,,0,0,N,0.0,0.0,0.0,,,,,,,,36.03892,-86.8103,False,Crashes_2010_2019_MPO
102556097,2019-11-02,2019,,94.0,,,0,0,N,0.0,0.0,0.0,,,,,,,,35.94603,-86.82366,False,Crashes_2010_2019_MPO
100997105,2015-10-27,2015,,19.0,,,0,0,N,0.0,0.0,0.0,,,,,,,,36.0375,-86.78582,False,Crashes_2010_2019_MPO
101677136,2017-06-18,2017,,19.0,,,0,0,N,0.0,0.0,0.0,,,,,,,,36.04573,-86.70918,False,Crashes_2010_2019_MPO
102315704,2019-02-19,2019,,94.0,,,0,0,N,0.0,0.0,0.0,,,,,,,,35.92641,-86.82447,False,Crashes_2010_2019_MPO
100502178,2014-04-28,2014,,94.0,,,0,0,N,0.0,0.0,0.0,,,,,,,,35.95593,-86.84442,False,Crashes_2010_2019_MPO
100794240,2015-03-19,2015,,94.0,,,0,0,N,0.0,0.0,0.0,,,,,,,,35.99315,-86.69646,True,Crashes_2010_2019_MPO
101734978,2017-08-17,2017,,94.0,,,0,0,N,0.0,0.0,0.0,,,,,,,,36.02709,-86.78432,True,Crashes_2010_2019_MPO
102340988,2019-03-25,2019,,94.0,,,0,0,N,0.0,0.0,0.0,,,,,,,,36.02628,-86.79264,True,Crashes_2010_2019_MPO
102030262,2018-06-01,2018,,19.0,,,0,0,N,0.0,0.0,0.0,,,,,,,,36.03777,-86.78649,False,Crashes_2010_2019_MPO
100948810,2015-09-11,2015,,94.0,,,0,0,N,0.0,0.0,0.0,,,,,,,,35.9745,-86.80316,True,Crashes_2010_2019_MPO
101940858,2018-03-11,2018,,94.0,,,0,0,N,0.0,0.0,0.0,,,,,,,,35.9476,-86.81482,False,Crashes_2010_2019_MPO
101493745,2017-01-02,2017,,19.0,,,0,0,N,0.0,0.0,0.0,,,,,,,,36.04204,-86.78233,False,Crashes_2010_2019_MPO
100797106,2015-03-24,2015,,19.0,,,0,0,N,0.0,0.0,0.0,,,,,,,,36.04732,-86.86273,False,Crashes_2010_2019_MPO
101418083,2016-10-20,2016,,94.0,,,0,0,N,0.0,0.0,0.0,,,,,,,,36.0319,-86.78298,True,Crashes_2010_2019_MPO
100941025,2015-08-28,2015,,94.0,,,0,0,N,0.0,0.0,0.0,,,,,,,,36.01618,-86.78177,True,Crashes_2010_2019_MPO
100483614,2014-04-08,2014,,94.0,,,0,0,N,0.0,0.0,0.0,,,,,,,,35.99745,-86.79459,True,Crashes_2010_2019_MPO
101420874,2016-10-22,2016,,19.0,,,0,0,N,0.0,0.0,0.0,,,,,,,,36.04301,-86.84231,False,Crashes_2010_2019_MPO
101288523,2016-07-19,2016,,94.0,,,0,0,N,0.0,0.0,0.0,,,,,,,,35.96349,-86.81053,False,Crashes_2010_2019_MPO
100228324,2012-09-17,2012,,94.0,,,0,0,N,0.0,0.0,0.0,,,,,,,,35.9776,-86.699852,True,Crashes_2010_2019_MPO
100822066,2015-04-22,2015,,94.0,,,0,0,N,0.0,0.0,0.0,,,,,,,,36.02096,-86.78277,True,Crashes_2010_2019_MPO
101426048,2016-10-29,2016,,19.0,,,0,0,N,0.0,0.0,0.0,,,,,,,,36.0453,-86.70168,False,Crashes_2010_2019_MPO
101721561,2017-08-05,2017,,94.0,,,0,0,N,0.0,0.0,0.0,,,,,,,,35.99781,-86.79886,True,Crashes_2010_2019_MPO
100385842,2013-10-01,2013,,94.0,,,0,0,N,0.0,0.0,0.0,,,,,,,,36.00376,-86.77137,True,Crashes_2010_2019_MPO
102290859,2019-01-28,2019,,94.0,,,0,0,N,0.0,0.0,0.0,,,,,,,,35.93785,-86.70702,False,Crashes_2010_2019_MPO
101940351,2018-03-10,2018,,94.0,,,0,0,N,0.0,0.0,0.0,,,,,,,,35.9583,-86.8023,False,Crashes_2010_2019_MPO
101605684,2017-04-05,2017,,94.0,,,0,0,N,0.0,0.0,0.0,,,,,,,,35.96599,-86.80466,True,Crashes_2010_2019_MPO
100755458,2015-03-02,2015,,19.0,,,0,0,N,0.0,0.0,0.0,,,,,,,,36.03733,-86.79101,False,Crashes_2010_2019_MPO
100335880,2013-05-30,2013,,94.0,,,0,0,N,0.0,0.0,0.0,,,,,,,,35.94175,-86.8212,False,Crashes_2010_2019_MPO
101045302,2015-12-08,2015,,94.0,,,0,0,N,0.0,0.0,0.0,,,,,,,,35.93266,-86.8239,False,Crashes_2010_2019_MPO
101867676,2017-12-23,2017,,94.0,,,0,0,N,0.0,0.0,0.0,,,,,,,,35.96174,-86.81209,False,Crashes_2010_2019_MPO
101495483,2017-01-04,2017,,94.0,,,0,0,N,0.0,0.0,0.0,,,,,,,,35.94782,-86.81975,False,Crashes_2010_2019_MPO
101276249,2016-06-30,2016,,94.0,,,0,0,N,0.0,0.0,0.0,,,,,,,,35.9577,-86.81609,False,Crashes_2010_2019_MPO
101797599,2017-10-19,2017,,19.0,,,0,0,N,0.0,0.0,0.0,,,,,,,,36.04465,-86.72502,False,Crashes_2010_2019_MPO
100802426,2015-04-04,2015,,94.0,,,0,0,N,0.0,0.0,0.0,,,,,,,,35.99924,-86.80919,True,Crashes_2010_2019_MPO
102501116,2019-09-06,2019,,19.0,,,0,0,N,0.0,0.0,0.0,,,,,,,,36.04155,-86.7473,False,Crashes_2010_2019_MPO
101269200,2016-06-20,2016,,19.0,,,0,0,N,0.0,0.0,0.0,,,,,,,,36.05208,-86.77516,False,Crashes_2010_2019_MPO
100667480,2014-11-09,2014,,19.0,,,0,0,N,0.0,0.0,0.0,,,,,,,,36.04822,-86.70282,False,Crashes_2010_2019_MPO
102343853,2019-03-28,2019,,94.0,,,0,0,N,0.0,0.0,0.0,,,,,,,,35.99574,-86.79736,True,Crashes_2010_2019_MPO
102038353,2018-06-09,2018,,19.0,,,0,0,N,0.0,0.0,0.0,,,,,,,,36.04481,-86.8487,False,Crashes_2010_2019_MPO
101661891,2017-05-20,2017,,94.0,,,0,0,N,0.0,0.0,0.0,,,,,,,,36.00318,-86.74259,True,Crashes_2010_2019_MPO
101319585,2016-08-03,2016,,94.0,,,0,0,N,0.0,0.0,0.0,,,,,,,,35.9295,-86.84135,False,Crashes_2010_2019_MPO
101319482,2016-08-02,2016,,19.0,,,0,0,N,0.0,0.0,0.0,,,,,,,,36.04626,-86.67676,False,Crashes_2010_2019_MPO
102518192,2019-09-23,2019,,94.0,,,0,0,N,0.0,0.0,0.0,,,,,,,,35.94782,-86.81975,False,Crashes_2010_2019_MPO
100388516,2013-10-07,2013,,94.0,,,0,0,N,0.0,0.0,0.0,,,,,,,,36.00417,-86.79083,True,Crashes_2010_2019_MPO
101717056,2017-07-31,2017,,19.0,,,0,0,N,0.0,0.0,0.0,,,,,,,,36.03075,-86.74395,False,Crashes_2010_2019_MPO
100465931,2014-03-18,2014,,94.0,,,0,0,N,0.0,0.0,0.0,,,,,,,,35.94686,-86.85162,False,Crashes_2010_2019_MPO
102242359,2018-12-10,2018,,94.0,,,0,0,N,0.0,0.0,0.0,,,,,,,,35.9667,-86.81121,True,Crashes_2010_2019_MPO
102366797,2019-04-20,2019,,94.0,,,0,0,N,0.0,0.0,0.0,,,,,,,,35.94612,-86.82346,False,Crashes_2010_2019_MPO
100166494,2012-04-06,2012,,94.0,,,0,0,N,0.0,0.0,0.0,,,,,,,,35.96382,-86.80841,False,Crashes_2010_2019_MPO
100969614,2015-09-28,2015,,94.0,,,0,0,N,0.0,0.0,0.0,,,,,,,,35.99505,-86.7788,True,Crashes_2010_2019_MPO
102181036,2018-10-18,2018,,94.0,,,0,0,N,0.0,0.0,0.0,,,,,,,,35.9583,-86.8023,False,Crashes_2010_2019_MPO
100719072,2015-01-08,2015,,19.0,,,0,0,N,0.0,0.0,0.0,,,,,,,,36.03441,-86.78336,True,Crashes_2010_2019_MPO
101621034,2017-04-20,2017,,19.0,,,0,0,N,0.0,0.0,0.0,,,,,,,,36.04539,-86.70312,False,Crashes_2010_2019_MPO
101437549,2016-11-11,2016,,94.0,,,0,0,N,0.0,0.0,0.0,,,,,,,,35.94871,-86.80753,False,Crashes_2010_2019_MPO
100297709,2013-02-27,2013,,94.0,,,0,0,N,0.0,0.0,0.0,,,,,,,,35.94261,-86.83001,False,Crashes_2010_2019_MPO
101660690,2017-05-31,2017,,19.0,,,0,0,N,0.0,0.0,0.0,,,,,,,,36.04471,-86.68667,False,Crashes_2010_2019_MPO
102298585,2019-02-06,2019,,94.0,,,0,0,N,0.0,0.0,0.0,,,,,,,,35.99643,-86.78798,True,Crashes_2010_2019_MPO
100836398,2015-05-18,2015,,19.0,,,0,0,N,0.0,0.0,0.0,,,,,,,,36.05047,-86.87669,False,Crashes_2010_2019_MPO
100485717,2014-04-13,2014,,94.0,,,0,0,N,0.0,0.0,0.0,,,,,,,,35.94692,-86.81452,False,Crashes_2010_2019_MPO
101746287,2017-08-30,2017,,94.0,,,0,0,N,0.0,0.0,0.0,,,,,,,,35.99607,-86.81091,True,Crashes_2010_2019_MPO
101601432,2017-04-02,2017,,19.0,,,0,0,N,0.0,0.0,0.0,,,,,,,,36.04063,-86.77142,False,Crashes_2010_2019_MPO
102418019,2019-06-13,2019,,94.0,,,0,0,N,0.0,0.0,0.0,,,,,,,,35.98524,-86.72957,True,Crashes_2010_2019_MPO
101989525,2018-04-25,2018,,94.0,,,0,0,N,0.0,0.0,0.0,,,,,,,,35.93983,-86.82791,False,Crashes_2010_2019_MPO
101987224,2018-04-23,2018,,19.0,,,0,0,N,0.0,0.0,0.0,,,,,,,,36.04088,-86.77389,False,Crashes_2010_2019_MPO
101744521,2017-08-28,2017,,94.0,,,0,0,Y,0.0,0.0,1.0,,,,,,,,35.94976,-86.73008,False,Crashes_2010_2019_MPO
101852981,2017-12-08,2017,,94.0,,,0,0,N,0.0,0.0,0.0,,,,,,,,35.96199,-86.81523,False,Crashes_2010_2019_MPO
102453364,2019-07-20,2019,,94.0,,,0,0,N,0.0,0.0,0.0,,,,,,,,35.97877,-86.75288,True,Crashes_2010_2019_MPO
100511212,2014-05-20,2014,,94.0,,,0,0,N,0.0,0.0,0.0,,,,,,,,35.92525,-86.86866,False,Crashes_2010_2019_MPO
101366024,2016-09-21,2016,,19.0,,,0,0,N,0.0,0.0,0.0,,,,,,,,36.045,-86.77931,False,Crashes_2010_2019_MPO
101065678,2015-12-12,2015,,94.0,,,0,0,N,0.0,0.0,0.0,,,,,,,,35.94766,-86.82224,False,Crashes_2010_2019_MPO
100509743,2014-05-16,2014,,94.0,,,0,0,N,0.0,0.0,0.0,,,,,,,,35.9318,-86.87825,False,Crashes_2010_2019_MPO
101834256,2017-11-22,2017,,19.0,,,0,0,N,0.0,0.0,0.0,,,,,,,,36.04071,-86.78275,False,Crashes_2010_2019_MPO
102085116,2018-07-24,2018,,19.0,,,0,0,N,0.0,0.0,0.0,,,,,,,,36.03988,-86.81531,False,Crashes_2010_2019_MPO
102558052,2019-11-04,2019,,94.0,,,0,0,N,0.0,0.0,0.0,,,,,,,,35.92872,-86.86522,False,Crashes_2010_2019_MPO
102290874,2019-01-29,2019,,94.0,,,0,0,N,0.0,0.0,0.0,,,,,,,,35.94421,-86.81976,False,Crashes_2010_2019_MPO
101992089,2018-04-27,2018,,94.0,,,0,0,N,0.0,0.0,0.0,,,,,,,,35.94475,-86.82827,False,Crashes_2010_2019_MPO
100886692,2015-07-15,2015,,94.0,,,0,0,N,0.0,0.0,0.0,,,,,,,,35.94689,-86.85175,False,Crashes_2010_2019_MPO
100770501,2015-03-11,2015,,94.0,,,0,0,N,0.0,0.0,0.0,,,,,,,,35.947,-86.85219,False,Crashes_2010_2019_MPO
100993830,2015-10-22,2015,,19.0,,,0,0,N,0.0,0.0,0.0,,,,,,,,36.03352,-86.71298,False,Crashes_2010_2019_MPO
100331786,2013-05-21,2013,,94.0,,,0,0,N,0.0,0.0,0.0,,,,,,,,36.03296,-86.78354,True,Crashes_2010_2019_MPO
101010595,2015-11-15,2015,,94.0,,,0,0,N,0.0,0.0,0.0,,,,,,,,36.00873,-86.72015,True,Crashes_2010_2019_MPO
100430257,2014-01-13,2014,,94.0,,,0,0,N,0.0,0.0,0.0,,,,,,,,35.92954,-86.84187,False,Crashes_2010_2019_MPO