mstrrecnbr,collision_ts,year,county,countystat,crash,crash_type,fatalities,non_motorists,commercial,fatal_c,nonmotor_c,truck_c,fatalc,serious_injuries,ped,bike,lighting,weather,first_harmful_event,latitude,longitude,in_city,src_layer
100640312,2014-10-08,2014,,94.0,,,0,0,N,0.0,0.0,0.0,,,,,,,,35.99156,-86.79881,True,Crashes_2010_2019_MPO
101794009,2017-10-16,2017,,19.0,,,0,0,N,0.0,0.0,0.0,,,,,,,,36.05049,-86.87668,False,Crashes_2010_2019_MPO
100709977,2014-12-19,2014,,94.0,,,0,0,N,0.0,0.0,0.0,,,,,,,,35.93202,-86.80133,False,Crashes_2010_2019_MPO
100878493,2015-06-29,2015,,94.0,,,0,0,N,0.0,0.0,0.0,,,,,,,,35.9779,-86.87177,False,Crashes_2010_2019_MPO
102269599,2019-01-07,2019,,94.0,,,0,0,N,0.0,0.0,0.0,,,,,,,,35.94672,-86.85111,False,Crashes_2010_2019_MPO
100330562,2013-05-08,2013,,94.0,,,0,0,N,0.0,0.0,0.0,,,,,,,,36.01408,-86.78529,True,Crashes_2010_2019_MPO
101349786,2016-08-30,2016,,94.0,,,0,0,N,0.0,0.0,0.0,,,,,,,,35.99551,-86.77887,True,Crashes_2010_2019_MPO
100272746,2012-12-14,2012,,19.0,,,0,0,N,0.0,0.0,0.0,,,,,,,,35.9912,-86.68349,False,Crashes_2010_2019_MPO
101489492,2016-12-28,2016,,19.0,,,0,0,N,0.0,0.0,0.0,,,,,,,,36.04242,-86.71281,False,Crashes_2010_2019_MPO
102352809,2019-04-07,2019,,19.0,,,0,0,N,0.0,0.0,0.0,,,,,,,,36.05261,-86.68258,False,Crashes_2010_2019_MPO
101757699,2017-09-11,2017,,19.0,,,0,0,N,0.0,0.0,0.0,,,,,,,,36.04375,-86.71308,False,Crashes_2010_2019_MPO
101792556,2017-10-14,2017,,19.0,,,0,0,N,0.0,0.0,0.0,,,,,,,,36.04559,-86.71961,False,Crashes_2010_2019_MPO
101766991,2017-09-20,2017,,94.0,,,0,0,N,0.0,0.0,0.0,,,,,,,,36.03877,-86.81655,True,Crashes_2010_2019_MPO
101842065,2017-11-28,2017,,94.0,,,0,0,N,0.0,0.0,0.0,,,,,,,,35.96133,-86.81226,False,Crashes_2010_2019_MPO
102514607,2019-09-20,2019,,94.0,,,0,1,N,0.0,1.0,0.0,,,,,,,,36.02187,-86.8204,True,Crashes_2010_2019_MPO
101132387,2016-03-12,2016,,94.0,,,0,0,N,0.0,0.0,0.0,,,,,,,,36.01463,-86.74271,True,Crashes_2010_2019_MPO
101046433,2015-12-10,2015,,94.0,,,0,0,N,0.0,0.0,0.0,,,,,,,,35.98819,-86.80022,True,Crashes_2010_2019_MPO
102596964,2019-12-13,2019,,94.0,,,0,0,N,0.0,0.0,0.0,,,,,,,,35.94602,-86.82661,False,Crashes_2010_2019_MPO
101355157,2016-09-06,2016,,19.0,,,0,0,N,0.0,0.0,0.0,,,,,,,,36.03971,-86.76279,False,Crashes_2010_2019_MPO
101974313,2018-04-11,2018,,94.0,,,0,0,N,0.0,0.0,0.0,,,,,,,,35.93213,-86.79398,False,Crashes_2010_2019_MPO
101237470,2016-06-02,2016,,19.0,,,0,0,N,0.0,0.0,0.0,,,,,,,,36.03352,-86.71298,False,Crashes_2010_2019_MPO
102043251,2018-06-14,2018,,19.0,,,0,0,N,0.0,0.0,0.0,,,,,,,,36.03328,-86.77712,False,Crashes_2010_2019_MPO
100499104,2014-04-21,2014,,94.0,,,0,0,N,0.0,0.0,0.0,,,,,,,,35.99107,-86.77834,True,Crashes_2010_2019_MPO
101130202,2016-03-08,2016,,19.0,,,0,0,N,0.0,0.0,0.0,,,,,,,,36.04006,-86.74417,False,Crashes_2010_2019_MPO
100725202,2015-01-21,2015,,19.0,,,0,0,N,0.0,0.0,0.0,,,,,,,,36.02696,-86.75653,False,Crashes_2010_2019_MPO
100882474,2015-07-07,2015,,94.0,,,0,0,N,0.0,0.0,0.0,,,,,,,,35.96703,-86.80879,True,Crashes_2010_2019_MPO
100410799,2013-11-25,2013,,94.0,,,0,0,N,0.0,0.0,0.0,,,,,,,,35.94135,-86.83796,False,Crashes_2010_2019_MPO
101691595,2017-07-03,2017,,94.0,,,0,0,Y,0.0,0.0,1.0,,,,,,,,35.97709,-86.7629,True,Crashes_2010_2019_MPO
100755669,2015-03-03,2015,,94.0,,,0,0,N,0.0,0.0,0.0,,,,,,,,35.96354,-86.81051,False,Crashes_2010_2019_MPO
100281755,2013-01-19,2013,,94.0,,,0,0,N,0.0,0.0,0.0,,,,,,,,35.95214,-86.81803,False,Crashes_2010_2019_MPO
101126991,2016-03-03,2016,,94.0,,,0,0,N,0.0,0.0,0.0,,,,,,,,35.96987,-86.7227,True,Crashes_2010_2019_MPO
102158890,2018-09-27,2018,,94.0,,,0,0,N,0.0,0.0,0.0,,,,,,,,35.94962,-86.81335,False,Crashes_2010_2019_MPO
101076571,2016-01-12,2016,,94.0,,,0,0,N,0.0,0.0,0.0,,,,,,,,36.00668,-86.74436,True,Crashes_2010_2019_MPO
101494607,2017-01-03,2017,,19.0,,,0,0,N,0.0,0.0,0.0,,,,,,,,36.05089,-86.77449,False,Crashes_2010_2019_MPO
101793645,2017-10-16,2017,,94.0,,,0,0,N,0.0,0.0,0.0,,,,,,,,36.03327,-86.7839,True,Crashes_2010_2019_MPO
101351377,2016-08-30,2016,,19.0,,,0,0,N,0.0,0.0,0.0,,,,,,,,36.0409,-86.77938,False,Crashes_2010_2019_MPO
100195351,2012-06-26,2012,,94.0,,,0,0,Y,0.0,0.0,1.0,,,,,,,,35.99551,-86.77889,True,Crashes_2010_2019_MPO
101289324,2016-07-20,2016,,94.0,,,0,0,N,0.0,0.0,0.0,,,,,,,,35.95772,-86.80261,False,Crashes_2010_2019_MPO
101282652,2016-07-08,2016,,94.0,,,0,0,N,0.0,0.0,0.0,,,,,,,,35.95676,-86.80309,False,Crashes_2010_2019_MPO
101554574,2017-02-13,2017,,94.0,,,0,0,N,0.0,0.0,0.0,,,,,,,,35.94687,-86.85168,False,Crashes_2010_2019_MPO
101395371,2016-10-03,2016,,94.0,,,0,0,N,0.0,0.0,0.0,,,,,,,,36.00609,-86.80564,True,Crashes_2010_2019_MPO
101483799,2016-12-21,2016,,94.0,,,0,0,N,0.0,0.0,0.0,,,,,,,,35.99892,-86.796,True,Crashes_2010_2019_MPO
102524853,2019-09-30,2019,,19.0,,,0,0,N,0.0,0.0,0.0,,,,,,,,36.04387,-86.71309,False,Crashes_2010_2019_MPO
102217572,2018-11-19,2018,,94.0,,,0,0,N,0.0,0.0,0.0,,,,,,,,35.953,-86.81791,False,Crashes_2010_2019_MPO
101917846,2018-02-16,2018,,19.0,,,0,0,N,0.0,0.0,0.0,,,,,,,,36.0327,-86.71283,False,Crashes_2010_2019_MPO
101794202,2017-10-16,2017,,94.0,,,0,1,N,0.0,1.0,0.0,,,,,,,,36.03657,-86.80128,True,Crashes_2010_2019_MPO
100414611,2013-12-03,2013,,94.0,,,0,0,N,0.0,0.0,0.0,,,,,,,,35.96457,-86.81449,False,Crashes_2010_2019_MPO
101190224,2016-05-08,2016,,94.0,,,0,0,N,0.0,0.0,0.0,,,,,,,,35.92952,-86.843,False,Crashes_2010_2019_MPO
102079890,2018-07-19,2018,,94.0,,,0,0,N,0.0,0.0,0.0,,,,,,,,35.9468,-86.85139,False,Crashes_2010_2019_MPO
102515643,2019-09-20,2019,,19.0,,,0,0,N,0.0,0.0,0.0,,,,,,,,36.03431,-86.68642,False,Crashes_2010_2019_MPO
101464515,2016-11-30,2016,,94.0,,,0,0,N,0.0,0.0,0.0,,,,,,,,35.93234,-86.86258,False,Crashes_2010_2019_MPO
101655576,2017-05-26,2017,,94.0,,,0,0,N,0.0,0.0,0.0,,,,,,,,35.92744,-86.87392,False,Crashes_2010_2019_MPO
100966404,2015-09-24,2015,,19.0,,,0,0,N,0.0,0.0,0.0,,,,,,,,36.03385,-86.69233,False,Crashes_2010_2019_MPO
101670647,2017-06-11,2017,,94.0,,,0,0,N,0.0,0.0,0.0,,,,,,,,35.96706,-86.81287,True,Crashes_2010_2019_MPO
101827008,2017-11-16,2017,,19.0,,,0,0,N,0.0,0.0,0.0,,,,,,,,36.03047,-86.74398,False,Crashes_2010_2019_MPO
101768728,2017-09-14,2017,,19.0,,,0,0,N,0.0,0.0,0.0,,,,,,,,36.04323,-86.7815,False,Crashes_2010_2019_MPO
900091312,2010-04-01,2010,,94.0,,,0,0, ,0.0,0.0,0.0,,,,,,,,35.954525,-86.713615,False,Crashes_2010_2019_MPO
101810434,2017-10-31,2017,,94.0,,,0,0,N,0.0,0.0,0.0,,,,,,,,36.03301,-86.78329,True,Crashes_2010_2019_MPO
100802468,2015-04-04,2015,,94.0,,,0,0,N,0.0,0.0,0.0,,,,,,,,35.93332,-86.82428,False,Crashes_2010_2019_MPO
102214133,2018-11-17,2018,,19.0,,,0,0,N,0.0,0.0,0.0,,,,,,,,36.04393,-86.6933,False,Crashes_2010_2019_MPO
102569350,2019-11-15,2019,,94.0,,,0,0,N,0.0,0.0,0.0,,,,,,,,36.0057,-86.86571,False,Crashes_2010_2019_MPO
100737190,2015-02-14,2015,,19.0,,,0,0,N,0.0,0.0,0.0,,,,,,,,36.03477,-86.68141,False,Crashes_2010_2019_MPO
101080069,2016-01-19,2016,,94.0,,,0,0,N,0.0,0.0,0.0,,,,,,,,35.95012,-86.81318,False,Crashes_2010_2019_MPO
101268539,2016-06-18,2016,,19.0,,,0,0,N,0.0,0.0,0.0,,,,,,,,36.04573,-86.70927,False,Crashes_2010_2019_MPO
101237615,2016-06-02,2016,,94.0,,,0,0,N,0.0,0.0,0.0,,,,,,,,35.93466,-86.82072,False,Crashes_2010_2019_MPO
100693420,2014-11-20,2014,,19.0,,,0,0,N,0.0,0.0,0.0,,,,,,,,36.03889,-86.78281,False,Crashes_2010_2019_MPO
101147752,2016-03-18,2016,,19.0,,,0,0,N,0.0,0.0,0.0,,,,,,,,36.03172,-86.71266,False,Crashes_2010_2019_MPO
101161068,2016-04-09,2016,,19.0,,,0,0,N,0.0,0.0,0.0,,,,,,,,36.04001,-86.74349,False,Crashes_2010_2019_MPO
101064333,2015-12-21,2015,,94.0,,,0,0,N,0.0,0.0,0.0,,,,,,,,35.95527,-86.82616,False,Crashes_2010_2019_MPO
100912954,2015-07-27,2015,,94.0,,,0,0,N,0.0,0.0,0.0,,,,,,,,35.99781,-86.79885,True,Crashes_2010_2019_MPO
100682379,2014-11-17,2014,,19.0,,,0,0,N,0.0,0.0,0.0,,,,,,,,36.04504,-86.77989,False,Crashes_2010_2019_MPO
102172885,2018-10-09,2018,,94.0,,,0,0,N,0.0,0.0,0.0,,,,,,,,35.99551,-86.77887,True,Crashes_2010_2019_MPO
100827498,2015-05-02,2015,,19.0,,,0,0,N,0.0,0.0,0.0,,,,,,,,36.04157,-86.71277,False,Crashes_2010_2019_MPO
102457207,2019-07-24,2019,,94.0,,,0,0,N,0.0,0.0,0.0,,,,,,,,35.94813,-86.81682,False,Crashes_2010_2019_MPO
101821982,2017-11-11,2017,,94.0,,,0,0,N,0.0,0.0,0.0,,,,,,,,35.94275,-86.82079,False,Crashes_2010_2019_MPO
100910326,2015-07-22,2015,,19.0,,,0,0,N,0.0,0.0,0.0,,,,,,,,36.03757,-86.78503,False,Crashes_2010_2019_MPO
102015974,2018-05-19,2018,,19.0,,,0,0,Y,0.0,0.0,1.0,,,,,,,,36.04293,-86.84164,False,Crashes_2010_2019_MPO
102572790,2019-11-19,2019,,94.0,,,0,0,N,0.0,0.0,0.0,,,,,,,,35.94765,-86.81971,False,Crashes_2010_2019_MPO
101738147,2017-08-22,2017,,19.0,,,0,0,N,0.0,0.0,0.0,,,,,,,,36.04526,-86.70108,False,Crashes_2010_2019_MPO
101810324,2017-10-31,2017,,94.0,,,0,0,N,0.0,0.0,0.0,,,,,,,,36.00454,-86.79044,True,Crashes_2010_2019_MPO
102428192,2019-06-25,2019,,19.0,,,0,0,N,0.0,0.0,0.0,,,,,,,,36.0374,-86.78657,False,Crashes_2010_2019_MPO
101391445,2016-09-28,2016,,94.0,,,0,0,N,0.0,0.0,0.0,,,,,,,,35.96655,-86.80932,True,Crashes_2010_2019_MPO
101725854,2017-08-08,2017,,94.0,,,0,0,N,0.0,0.0,0.0,,,,,,,,35.96673,-86.81067,True,Crashes_2010_2019_MPO
100716171,2015-01-02,2015,,94.0,,,0,0,N,0.0,0.0,0.0,,,,,,,,36.03668,-86.81488,True,Crashes_2010_2019_MPO
100752372,2015-02-24,2015,,19.0,,,0,0,N,0.0,0.0,0.0,,,,,,,,36.04044,-86.7804,False,Crashes_2010_2019_MPO
102252984,2018-12-20,2018,,94.0,,,0,0,N,0.0,0.0,0.0,,,,,,,,35.94687,-86.82173,False,Crashes_2010_2019_MPO
100859537,2015-06-12,2015,,19.0,,,0,0,N,0.0,0.0,0.0,,,,,,,,36.03792,-86.73784,False,Crashes_2010_2019_MPO
100395616,2013-10-24,2013,,94.0,,,0,0,N,0.0,0.0,0.0,,,,,,,,35.93838,-86.82182,False,Crashes_2010_2019_MPO
101488607,2016-12-27,2016,,94.0,,,0,0,N,0.0,0.0,0.0,,,,,,,,35.94797,-86.81737,False,Crashes_2010_2019_MPO
101587864,2017-03-19,2017,,94.0,,,0,0,N,0.0,0.0,0.0,,,,,,,,35.95724,-86.81662,False,Crashes_2010_2019_MPO
100836231,2015-05-18,2015,,19.0,,,0,0,N,0.0,0.0,0.0,,,,,,,,36.04865,-86.71281,False,Crashes_2010_2019_MPO
100590303,2014-08-01,2014,,94.0,,,0,0,N,0.0,0.0,0.0,,,,,,,,35.99542,-86.78566,True,Crashes_2010_2019_MPO
101071865,2016-01-04,2016,,19.0,,,0,0,N,0.0,0.0,0.0,,,,,,,,36.04227,-86.83665,False,Crashes_2010_2019_MPO
102425733,2019-06-22,2019,,19.0,,,0,0,N,0.0,0.0,0.0,,,,,,,,36.04496,-86.71476,False,Crashes_2010_2019_MPO
102552171,2019-10-28,2019,,19.0,,,0,0,N,0.0,0.0,0.0,,,,,,,,36.0399,-86.71278,False,Crashes_2010_2019_MPO
101329450,2016-08-17,2016,,94.0,,,0,0,N,0.0,0.0,0.0,,,,,,,,36.03319,-86.7829,True,Crashes_2010_2019_MPO
102241230,2018-12-10,2018,,94.0,,,0,0,N,0.0,0.0,0.0,,,,,,,,35.95657,-86.76736,True,Crashes_2010_2019_MPO
101078130,2016-01-14,2016,,94.0,,,0,0,N,0.0,0.0,0.0,,,,,,,,35.94642,-86.809,False,Crashes_2010_2019_MPO
100697392,2014-11-26,2014,,94.0,,,0,0,N,0.0,0.0,0.0,,,,,,,,35.93495,-86.77665,False,Crashes_2010_2019_MPO
100380524,2013-09-17,2013,,94.0,,,0,0,N,0.0,0.0,0.0,,,,,,,,35.94744,-86.82038,False,Crashes_2010_2019_MPO
102099794,2018-08-05,2018,,19.0,,,0,0,N,0.0,0.0,0.0,,,,,,,,36.04127,-86.82191,False,Crashes_2010_2019_MPO
101010614,2015-11-16,2015,,19.0,,,0,0,N,0.0,0.0,0.0,,,,,,,,36.04895,-86.86871,False,Crashes_2010_2019_MPO
100565599,2014-06-25,2014,,94.0,,,0,0,N,0.0,0.0,0.0,,,,,,,,35.94959,-86.81948,False,Crashes_2010_2019_MPO
100723367,2015-01-17,2015,,94.0,,,0,0,N,0.0,0.0,0.0,,,,,,,,36.01783,-86.84888,True,Crashes_2010_2019_MPO
101937639,2018-03-08,2018,,94.0,,,0,0,N,0.0,0.0,0.0,,,,,,,,36.03311,-86.78656,True,Crashes_2010_2019_MPO
100701756,2014-12-05,2014,,19.0,,,0,0,N,0.0,0.0,0.0,,,,,,,,36.04248,-86.71284,False,Crashes_2010_2019_MPO
101131073,2016-03-10,2016,,19.0,,,0,0,N,0.0,0.0,0.0,,,,,,,,36.04583,-86.77876,False,Crashes_2010_2019_MPO
101569551,2017-03-01,2017,,94.0,,,0,0,N,0.0,0.0,0.0,,,,,,,,35.94753,-86.82007,False,Crashes_2010_2019_MPO
100751244,2015-02-21,2015,,19.0,,,0,0,N,0.0,0.0,0.0,,,,,,,,36.03821,-86.74008,False,Crashes_2010_2019_MPO
102293024,2019-01-31,2019,,94.0,,,0,0,N,0.0,0.0,0.0,,,,,,,,35.96445,-86.81437,False,Crashes_2010_2019_MPO
100385363,2013-09-30,2013,,94.0,,,0,0,N,0.0,0.0,0.0,,,,,,,,35.93414,-86.87789,False,Crashes_2010_2019_MPO
101778012,2017-10-01,2017,,94.0,,,0,0,N,0.0,0.0,0.0,,,,,,,,35.9583,-86.8023,False,Crashes_2010_2019_MPO
101943995,2018-03-14,2018,,94.0,,,0,0,N,0.0,0.0,0.0,,,,,,,,35.99836,-86.80358,True,Crashes_2010_2019_MPO
100717591,2015-01-02,2015,,94.0,,,0,0,N,0.0,0.0,0.0,,,,,,,,36.00318,-86.7426,True,Crashes_2010_2019_MPO
101605587,2017-04-06,2017,,94.0,,,0,0,N,0.0,0.0,0.0,,,,,,,,35.93407,-86.82398,False,Crashes_2010_2019_MPO
102129175,2018-08-31,2018,,94.0,,,0,0,N,0.0,0.0,0.0,,,,,,,,35.96705,-86.81355,True,Crashes_2010_2019_MPO
102526068,2019-10-01,2019,,94.0,,,0,0,N,0.0,0.0,0.0,,,,,,,,35.94477,-86.82853,False,Crashes_2010_2019_MPO
101702287,2017-07-15,2017,,19.0,,,0,0,N,0.0,0.0,0.0,,,,,,,,36.0522,-86.74309,False,Crashes_2010_2019_MPO
101105861,2016-02-15,2016,,19.0,,,0,0,N,0.0,0.0,0.0,,,,,,,,36.04733,-86.86281,False,Crashes_2010_2019_MPO
101877785,2018-01-03,2018,,94.0,,,0,0,N,0.0,0.0,0.0,,,,,,,,35.94162,-86.81638,False,Crashes_2010_2019_MPO
101093724,2016-01-25,2016,,94.0,,,0,0,N,0.0,0.0,0.0,,,,,,,,35.96691,-86.81188,True,Crashes_2010_2019_MPO
101801479,2017-10-23,2017,,19.0,,,0,0,N,0.0,0.0,0.0,,,,,,,,35.99122,-86.68315,False,Crashes_2010_2019_MPO
102554355,2019-10-31,2019,,19.0,,,0,0,N,0.0,0.0,0.0,,,,,,,,36.03912,-86.74342,False,Crashes_2010_2019_MPO
101007325,2015-11-11,2015,,94.0,,,0,0,N,0.0,0.0,0.0,,,,,,,,35.92391,-86.87162,False,Crashes_2010_2019_MPO
101080104,2016-01-19,2016,,94.0,,,0,2,N,0.0,1.0,0.0,,,,,,,,35.95653,-86.80549,False,Crashes_2010_2019_MPO
101040249,2015-12-01,2015,,19.0,,,0,0,N,0.0,0.0,0.0,,,,,,,,36.03041,-86.70569,False,Crashes_2010_2019_MPO
102471816,2019-08-08,2019,,19.0,,,0,0,N,0.0,0.0,0.0,,,,,,,,36.0374,-86.78657,False,Crashes_2010_2019_MPO
100385283,2013-09-30,2013,,94.0,,,0,0,N,0.0,0.0,0.0,,,,,,,,36.00984,-86.84524,False,Crashes_2010_2019_MPO
102087022,2018-07-23,2018,,94.0,,,0,0,N,0.0,0.0,0.0,,,,,,,,35.98111,-86.84624,False,Crashes_2010_2019_MPO
100710265,2014-12-20,2014,,19.0,,,0,0,N,0.0,0.0,0.0,,,,,,,,36.03931,-86.78227,False,Crashes_2010_2019_MPO
101850272,2017-12-06,2017,,94.0,,,0,0,N,0.0,0.0,0.0,,,,,,,,35.95212,-86.81784,False,Crashes_2010_2019_MPO
100179913,2012-05-12,2012,,94.0,,,0,0,N,0.0,0.0,0.0,,,,,,,,36.01552,-86.77471,True,Crashes_2010_2019_MPO
100924922,2015-08-12,2015,,94.0,,,0,0,N,0.0,0.0,0.0,,,,,,,,36.0071,-86.7878,True,Crashes_2010_2019_MPO
100857476,2015-06-08,2015,,94.0,,,0,0,N,0.0,0.0,0.0,,,,,,,,35.95589,-86.83168,False,Crashes_2010_2019_MPO
100983342,2015-10-21,2015,,94.0,,,0,0,N,0.0,0.0,0.0,,,,,,,,35.94712,-86.82165,False,Crashes_2010_2019_MPO
101233339,2016-05-27,2016,,94.0,,,0,0,N,0.0,0.0,0.0,,,,,,,,35.97709,-86.7629,True,Crashes_2010_2019_MPO
101283640,2016-07-11,2016,,19.0,,,0,0,N,0.0,0.0,0.0,,,,,,,,36.04695,-86.68168,False,Crashes_2010_2019_MPO
101534491,2017-01-25,2017,,94.0,,,0,0,N,0.0,0.0,0.0,,,,,,,,35.96754,-86.81658,True,Crashes_2010_2019_MPO
101187579,2016-05-04,2016,,19.0,,,0,0,N,0.0,0.0,0.0,,,,,,,,36.0409,-86.77938,False,Crashes_2010_2019_MPO
101396672,2016-10-05,2016,,19.0,,,0,0,N,0.0,0.0,0.0,,,,,,,,36.03582,-86.78296,False,Crashes_2010_2019_MPO
102142662,2018-09-12,2018,,19.0,,,0,0,N,0.0,0.0,0.0,,,,,,,,36.04161,-86.74925,False,Crashes_2010_2019_MPO
100644004,2014-10-15,2014,,94.0,,,0,0,N,0.0,0.0,0.0,,,,,,,,35.94463,-86.80908,False,Crashes_2010_2019_MPO
101424075,2016-10-27,2016,,94.0,,,0,0,N,0.0,0.0,0.0,,,,,,,,35.96749,-86.80714,True,Crashes_2010_2019_MPO
102128322,2018-08-31,2018,,94.0,,,0,0,N,0.0,0.0,0.0,,,,,,,,35.93374,-86.81767,False,Crashes_2010_2019_MPO
102403507,2019-05-29,2019,,94.0,,,0,0,N,0.0,0.0,0.0,,,,,,,,36.03379,-86.79528,True,Crashes_2010_2019_MPO
101638896,2017-05-09,2017,,94.0,,,0,0,N,0.0,0.0,0.0,,,,,,,,36.02741,-86.792,True,Crashes_2010_2019_MPO
102579230,2019-11-25,2019,,94.0,,,0,0,N,0.0,0.0,0.0,,,,,,,,35.94921,-86.75229,True,Crashes_2010_2019_MPO
102148249,2018-09-12,2018,,19.0,,,0,0,Y,0.0,0.0,1.0,,,,,,,,36.04146,-86.78029,False,Crashes_2010_2019_MPO
101062097,2015-12-18,2015,,94.0,,,0,0,N,0.0,0.0,0.0,,,,,,,,35.97248,-86.80565,True,Crashes_2010_2019_MPO
100726899,2015-01-24,2015,,19.0,,,0,0,N,0.0,0.0,0.0,,,,,,,,36.0423,-86.78226,False,Crashes_2010_2019_MPO
101955122,2018-03-25,2018,,19.0,,,0,0,N,0.0,0.0,0.0,,,,,,,,36.04597,-86.71635,False,Crashes_2010_2019_MPO
100415263,2013-12-05,2013,,94.0,,,0,0,N,0.0,0.0,0.0,,,,,,,,35.93253,-86.80682,False,Crashes_2010_2019_MPO
101856161,2017-12-12,2017,,94.0,,,0,0,N,0.0,0.0,0.0,,,,,,,,36.00053,-86.80852,True,Crashes_2010_2019_MPO
100396703,2013-10-25,2013,,94.0,,,0,0,N,0.0,0.0,0.0,,,,,,,,35.99743,-86.79556,True,Crashes_2010_2019_MPO
100924402,2015-08-17,2015,,19.0,,,0,0,N,0.0,0.0,0.0,,,,,,,,36.02492,-86.74234,False,Crashes_2010_2019_MPO
100996692,2015-10-26,2015,,19.0,,,0,0,N,0.0,0.0,0.0,,,,,,,,36.04203,-86.78233,False,Crashes_2010_2019_MPO
100630837,2014-09-19,2014,,94.0,,,0,0,N,0.0,0.0,0.0,,,,,,,,35.94402,-86.82903,False,Crashes_2010_2019_MPO
101468734,2016-12-06,2016,,19.0,,,0,0,N,0.0,0.0,0.0,,,,,,,,36.04057,-86.78259,False,Crashes_2010_2019_MPO
101868658,2017-12-24,2017,,94.0,,,0,0,N,0.0,0.0,0.0,,,,,,,,35.95574,-86.83034,False,Crashes_2010_2019_MPO
101277663,2016-07-02,2016,,19.0,,,0,0,N,0.0,0.0,0.0,,,,,,,,35.99949,-86.69339,False,Crashes_2010_2019_MPO
100665051,2014-11-05,2014,,94.0,,,0,0,N,0.0,0.0,0.0,,,,,,,,35.95597,-86.83243,False,Crashes_2010_2019_MPO
101503076,2017-01-12,2017,,19.0,,,0,0,N,0.0,0.0,0.0,,,,,,,,36.04533,-86.7136,False,Crashes_2010_2019_MPO
102083948,2018-07-23,2018,,94.0,,,0,0,N,0.0,0.0,0.0,,,,,,,,36.03336,-86.78872,True,Crashes_2010_2019_MPO
101077664,2016-01-15,2016,,94.0,,,0,0,N,0.0,0.0,0.0,,,,,,,,35.98815,-86.81569,True,Crashes_2010_2019_MPO
101648960,2017-05-19,2017,,19.0,,,0,0,N,0.0,0.0,0.0,,,,,,,,36.04058,-86.77097,False,Crashes_2010_2019_MPO
102546237,2019-10-22,2019,,94.0,,,0,0,N,0.0,0.0,0.0,,,,,,,,35.96202,-86.81533,False,Crashes_2010_2019_MPO
100708812,2014-12-17,2014,,94.0,,,0,0,N,0.0,0.0,0.0,,,,,,,,36.02822,-86.81819,True,Crashes_2010_2019_MPO
100831607,2015-05-09,2015,,19.0,,,0,0,N,0.0,0.0,0.0,,,,,,,,35.99647,-86.68934,False,Crashes_2010_2019_MPO
100382314,2013-09-22,2013,,94.0,,,0,0,N,0.0,0.0,0.0,,,,,,,,35.94689,-86.85175,False,Crashes_2010_2019_MPO
100481889,2014-04-03,2014,,94.0,,,0,0,N,0.0,0.0,0.0,,,,,,,,35.99614,-86.78544,True,Crashes_2010_2019_MPO
100330218,2013-05-17,2013,,94.0,,,0,0,N,0.0,0.0,0.0,,,,,,,,35.95077,-86.81845,False,Crashes_2010_2019_MPO
100709097,2014-12-18,2014,,19.0,,,0,0,N,0.0,0.0,0.0,,,,,,,,36.02551,-86.71302,False,Crashes_2010_2019_MPO
101192713,2016-05-12,2016,,94.0,,,0,0,N,0.0,0.0,0.0,,,,,,,,35.94733,-86.81104,False,Crashes_2010_2019_MPO
102405293,2019-05-30,2019,,19.0,,,0,0,N,0.0,0.0,0.0,,,,,,,,36.02813,-86.71264,False,Crashes_2010_2019_MPO
100132201,2011-12-28,2011,,94.0,,,0,0,N,0.0,0.0,0.0,,,,,,,,35.96382,-86.80841,False,Crashes_2010_2019_MPO
102556016,2019-11-02,2019,,94.0,,,0,0,Y,0.0,0.0,1.0,,,,,,,,35.99141,-86.69637,True,Crashes_2010_2019_MPO
102256108,2018-12-23,2018,,19.0,,,0,0,N,0.0,0.0,0.0,,,,,,,,36.05145,-86.70271,False,Crashes_2010_2019_MPO
102003667,2018-04-30,2018,,94.0,,,0,0,N,0.0,0.0,0.0,,,,,,,,35.93756,-86.76809,False,Crashes_2010_2019_MPO
102430959,2019-06-27,2019,,94.0,,,0,0,N,0.0,0.0,0.0,,,,,,,,35.94088,-86.83172,False,Crashes_2010_2019_MPO
101502565,2017-01-12,2017,,19.0,,,0,0,N,0.0,0.0,0.0,,,,,,,,36.03836,-86.80296,False,Crashes_2010_2019_MPO
101956478,2018-03-24,2018,,19.0,,,0,0,N,0.0,0.0,0.0,,,,,,,,36.03439,-86.78336,True,Crashes_2010_2019_MPO
101863971,2017-12-19,2017,,94.0,,,0,0,N,0.0,0.0,0.0,,,,,,,,35.93358,-86.81957,False,Crashes_2010_2019_MPO
100916905,2015-07-28,2015,,94.0,,,0,0,N,0.0,0.0,0.0,,,,,,,,36.02686,-86.81837,True,Crashes_2010_2019_MPO
100482577,2014-04-05,2014,,94.0,,,0,0,N,0.0,0.0,0.0,,,,,,,,35.9474,-86.81989,False,Crashes_2010_2019_MPO
100633764,2014-09-23,2014,,94.0,,,0,0,N,0.0,0.0,0.0,,,,,,,,35.92547,-86.87275,False,Crashes_2010_2019_MPO
102055077,2018-06-26,2018,,94.0,,,0,0,N,0.0,0.0,0.0,,,,,,,,35.92908,-86.82049,False,Crashes_2010_2019_MPO
100292586,2013-02-14,2013,,94.0,,,0,0,N,0.0,0.0,0.0,,,,,,,,35.95617,-86.80357,False,Crashes_2010_2019_MPO
101831614,2017-11-20,2017,,94.0,,,0,0,N,0.0,0.0,0.0,,,,,,,,35.9407,-86.83934,False,Crashes_2010_2019_MPO
100549461,2014-06-10,2014,,94.0,,,0,0,N,0.0,0.0,0.0,,,,,,,,35.94609,-86.8195,False,Crashes_2010_2019_MPO
102454762,2019-07-22,2019,,19.0,,,0,0,N,0.0,0.0,0.0,,,,,,,,36.0374,-86.78657,False,Crashes_2010_2019_MPO
101365433,2016-09-20,2016,,19.0,,,0,0,N,0.0,0.0,0.0,,,,,,,,35.99687,-86.68989,False,Crashes_2010_2019_MPO