mstrrecnbr,collision_ts,year,county,countystat,crash,crash_type,fatalities,non_motorists,commercial,fatal_c,nonmotor_c,truck_c,fatalc,serious_injuries,ped,bike,lighting,weather,first_harmful_event,latitude,longitude,in_city,src_layer
102331909,2019-03-15,2019,,94.0,,,0,0,N,0.0,0.0,0.0,,,,,,,,35.96736,-86.8108,True,Crashes_2010_2019_MPO
101748832,2017-09-02,2017,,94.0,,,0,0,N,0.0,0.0,0.0,,,,,,,,36.02844,-86.79142,True,Crashes_2010_2019_MPO
101585895,2017-03-17,2017,,94.0,,,0,0,N,0.0,0.0,0.0,,,,,,,,35.94782,-86.81975,False,Crashes_2010_2019_MPO
101636784,2017-05-03,2017,,94.0,,,0,0,N,0.0,0.0,0.0,,,,,,,,35.94624,-86.80895,False,Crashes_2010_2019_MPO
102483240,2019-08-20,2019,,94.0,,,0,0,N,0.0,0.0,0.0,,,,,,,,35.97878,-86.75282,True,Crashes_2010_2019_MPO
100665876,2014-11-05,2014,,19.0,,,0,0,N,0.0,0.0,0.0,,,,,,,,36.03738,-86.7862,False,Crashes_2010_2019_MPO
100698103,2014-11-27,2014,,19.0,,,0,0,N,0.0,0.0,0.0,,,,,,,,36.02267,-86.69966,False,Crashes_2010_2019_MPO
100970655,2015-10-01,2015,,19.0,,,0,0,N,0.0,0.0,0.0,,,,,,,,36.04289,-86.72632,False,Crashes_2010_2019_MPO
102536358,2019-10-13,2019,,19.0,,,0,0,N,0.0,0.0,0.0,,,,,,,,36.04331,-86.70326,False,Crashes_2010_2019_MPO
100726519,2015-01-23,2015,,19.0,,,0,0,N,0.0,0.0,0.0,,,,,,,,36.04014,-86.78088,False,Crashes_2010_2019_MPO
101755985,2017-09-06,2017,,94.0,,,0,0,N,0.0,0.0,0.0,,,,,,,,35.99608,-86.78488,True,Crashes_2010_2019_MPO
100858397,2015-06-10,2015,,94.0,,,0,0,N,0.0,0.0,0.0,,,,,,,,36.0333,-86.78839,True,Crashes_2010_2019_MPO
100430618,2014-01-14,2014,,94.0,,,0,0,N,0.0,0.0,0.0,,,,,,,,35.97764,-86.77681,True,Crashes_2010_2019_MPO
102538257,2019-10-14,2019,,94.0,,,0,0,N,0.0,0.0,0.0,,,,,,,,35.94541,-86.80467,False,Crashes_2010_2019_MPO
101187643,2016-05-04,2016,,19.0,,,0,0,N,0.0,0.0,0.0,,,,,,,,36.03751,-86.78652,False,Crashes_2010_2019_MPO
100835181,2015-05-16,2015,,94.0,,,0,0,N,0.0,0.0,0.0,,,,,,,,35.96673,-86.80908,True,Crashes_2010_2019_MPO
102283525,2019-01-21,2019,,94.0,,,0,0,N,0.0,0.0,0.0,,,,,,,,35.95643,-86.84403,False,Crashes_2010_2019_MPO
101482455,2016-12-20,2016,,94.0,,,0,0,N,0.0,0.0,0.0,,,,,,,,35.93053,-86.82421,False,Crashes_2010_2019_MPO
101131477,2016-03-10,2016,,94.0,,,0,0,N,0.0,0.0,0.0,,,,,,,,36.02146,-86.78733,True,Crashes_2010_2019_MPO
101344945,2016-08-23,2016,,94.0,,,0,0,N,0.0,0.0,0.0,,,,,,,,35.99716,-86.79377,True,Crashes_2010_2019_MPO
102012493,2018-05-16,2018,,19.0,,,0,0,N,0.0,0.0,0.0,,,,,,,,36.01233,-86.67931,False,Crashes_2010_2019_MPO
100354635,2013-07-15,2013,,94.0,,,0,0,N,0.0,0.0,0.0,,,,,,,,35.96312,-86.81899,True,Crashes_2010_2019_MPO
101279299,2016-07-05,2016,,94.0,,,0,0,N,0.0,0.0,0.0,,,,,,,,35.96785,-86.76951,True,Crashes_2010_2019_MPO
101241284,2016-06-08,2016,,94.0,,,0,0,N,0.0,0.0,0.0,,,,,,,,35.9462,-86.80876,False,Crashes_2010_2019_MPO
100291621,2013-02-12,2013,,94.0,,,0,0,N,0.0,0.0,0.0,,,,,,,,35.95396,-86.7667,True,Crashes_2010_2019_MPO
100710977,2014-12-22,2014,,94.0,,,0,0,N,0.0,0.0,0.0,,,,,,,,35.9649,-86.81547,True,Crashes_2010_2019_MPO
100588499,2014-07-28,2014,,94.0,,,0,0,N,0.0,0.0,0.0,,,,,,,,36.0242,-86.7862,True,Crashes_2010_2019_MPO
100342474,2013-06-15,2013,,94.0,,,0,0,N,0.0,0.0,0.0,,,,,,,,35.94695,-86.81962,False,Crashes_2010_2019_MPO
100355267,2013-07-17,2013,,94.0,,,0,0,N,0.0,0.0,0.0,,,,,,,,35.9975,-86.79664,True,Crashes_2010_2019_MPO
101758042,2017-09-11,2017,,94.0,,,0,0,N,0.0,0.0,0.0,,,,,,,,36.0314,-86.7833,True,Crashes_2010_2019_MPO
100327141,2013-05-10,2013,,94.0,,,0,0,Y,0.0,0.0,1.0,,,,,,,,36.01416,-86.78556,True,Crashes_2010_2019_MPO
102314116,2019-02-20,2019,,94.0,,,0,0,N,0.0,0.0,0.0,,,,,,,,36.01689,-86.78609,True,Crashes_2010_2019_MPO
102475669,2019-08-12,2019,,94.0,,,0,0,N,0.0,0.0,0.0,,,,,,,,36.0335,-86.78919,True,Crashes_2010_2019_MPO
100349292,2013-07-02,2013,,94.0,,,0,0,N,0.0,0.0,0.0,,,,,,,,35.97779,-86.84046,False,Crashes_2010_2019_MPO
102051079,2018-06-22,2018,,94.0,,,0,0,N,0.0,0.0,0.0,,,,,,,,35.98635,-86.73664,True,Crashes_2010_2019_MPO
100707170,2014-12-15,2014,,94.0,,,0,0,N,0.0,0.0,0.0,,,,,,,,36.03741,-86.7978,True,Crashes_2010_2019_MPO
100508688,2014-05-14,2014,,94.0,,,0,0,N,0.0,0.0,0.0,,,,,,,,36.02651,-86.79252,True,Crashes_2010_2019_MPO
102357418,2019-04-11,2019,,94.0,,,0,0,N,0.0,0.0,0.0,,,,,,,,35.93021,-86.82009,False,Crashes_2010_2019_MPO
102575261,2019-11-21,2019,,19.0,,,0,0,N,0.0,0.0,0.0,,,,,,,,36.04888,-86.67869,False,Crashes_2010_2019_MPO
102587834,2019-12-04,2019,,94.0,,,0,0,N,0.0,0.0,0.0,,,,,,,,35.97755,-86.77539,True,Crashes_2010_2019_MPO
102393008,2019-05-18,2019,,19.0,,,0,0,N,0.0,0.0,0.0,,,,,,,,36.04561,-86.71077,False,Crashes_2010_2019_MPO
102184739,2018-10-21,2018,,94.0,,,0,0,N,0.0,0.0,0.0,,,,,,,,35.966816,-86.809106,True,Crashes_2010_2019_MPO
102252052,2018-12-19,2018,,19.0,,,0,0,N,0.0,0.0,0.0,,,,,,,,36.03743,-86.78637,False,Crashes_2010_2019_MPO
101916625,2018-02-13,2018,,94.0,,,0,0,N,0.0,0.0,0.0,,,,,,,,35.96176,-86.81524,False,Crashes_2010_2019_MPO
102103018,2018-08-09,2018,,94.0,,,0,1,N,0.0,1.0,0.0,,,,,,,,35.93984,-86.82137,False,Crashes_2010_2019_MPO
102238865,2018-12-07,2018,,19.0,,,0,0,N,0.0,0.0,0.0,,,,,,,,35.99603,-86.69074,False,Crashes_2010_2019_MPO
101591208,2017-03-23,2017,,94.0,,,0,0,N,0.0,0.0,0.0,,,,,,,,36.0339,-86.79497,True,Crashes_2010_2019_MPO
100348850,2013-07-01,2013,,94.0,,,0,0,N,0.0,0.0,0.0,,,,,,,,35.94689,-86.81961,False,Crashes_2010_2019_MPO
100879233,2015-07-01,2015,,94.0,,,0,0,N,0.0,0.0,0.0,,,,,,,,35.98367,-86.71675,True,Crashes_2010_2019_MPO
101773842,2017-09-26,2017,,94.0,,,0,0,N,0.0,0.0,0.0,,,,,,,,35.96668,-86.81033,True,Crashes_2010_2019_MPO
100712774,2014-12-25,2014,,94.0,,,0,0,N,0.0,0.0,0.0,,,,,,,,35.94607,-86.87179,False,Crashes_2010_2019_MPO
100940106,2015-08-26,2015,,94.0,,,0,0,N,0.0,0.0,0.0,,,,,,,,35.95198,-86.81788,False,Crashes_2010_2019_MPO
101648383,2017-05-18,2017,,94.0,,,0,0,N,0.0,0.0,0.0,,,,,,,,35.95916,-86.76761,True,Crashes_2010_2019_MPO
102073838,2018-07-13,2018,,19.0,,,0,0,N,0.0,0.0,0.0,,,,,,,,36.04004,-86.74403,False,Crashes_2010_2019_MPO
102020137,2018-05-23,2018,,19.0,,,0,0,N,0.0,0.0,0.0,,,,,,,,36.04717,-86.71198,False,Crashes_2010_2019_MPO
101895822,2018-01-24,2018,,19.0,,,0,0,N,0.0,0.0,0.0,,,,,,,,36.04235,-86.83729,False,Crashes_2010_2019_MPO
102004877,2018-05-05,2018,,19.0,,,0,0,N,0.0,0.0,0.0,,,,,,,,36.03441,-86.78336,True,Crashes_2010_2019_MPO
101999024,2018-05-04,2018,,19.0,,,0,0,N,0.0,0.0,0.0,,,,,,,,36.01833,-86.7083,False,Crashes_2010_2019_MPO
102593856,2019-12-10,2019,,19.0,,,0,0,N,0.0,0.0,0.0,,,,,,,,36.05088,-86.69822,False,Crashes_2010_2019_MPO
101697171,2017-07-09,2017,,19.0,,,0,0,N,0.0,0.0,0.0,,,,,,,,36.04001,-86.74347,False,Crashes_2010_2019_MPO
100752599,2015-02-24,2015,,94.0,,,0,0,N,0.0,0.0,0.0,,,,,,,,35.94468,-86.80929,False,Crashes_2010_2019_MPO
100418729,2013-12-13,2013,,94.0,,,0,0,N,0.0,0.0,0.0,,,,,,,,35.92641,-86.82446,False,Crashes_2010_2019_MPO
101468213,2016-12-05,2016,,94.0,,,0,0,N,0.0,0.0,0.0,,,,,,,,35.97378,-86.83441,False,Crashes_2010_2019_MPO
102188301,2018-10-24,2018,,19.0,,,0,0,N,0.0,0.0,0.0,,,,,,,,36.03699,-86.78483,False,Crashes_2010_2019_MPO
101866602,2017-12-22,2017,,94.0,,,0,0,N,0.0,0.0,0.0,,,,,,,,36.03175,-86.78961,True,Crashes_2010_2019_MPO
102562671,2019-11-08,2019,,94.0,,,0,0,N,0.0,0.0,0.0,,,,,,,,36.01035,-86.78513,True,Crashes_2010_2019_MPO
102490326,2019-08-27,2019,,94.0,,,0,0,N,0.0,0.0,0.0,,,,,,,,35.96696,-86.81298,True,Crashes_2010_2019_MPO
102490025,2019-08-27,2019,,94.0,,,0,0,N,0.0,0.0,0.0,,,,,,,,35.92304,-86.81684,False,Crashes_2010_2019_MPO
101269442,2016-06-17,2016,,94.0,,,0,0,N,0.0,0.0,0.0,,,,,,,,35.96621,-86.76467,True,Crashes_2010_2019_MPO
100239092,2012-10-16,2012,,94.0,,,0,0,Y,0.0,0.0,1.0,,,,,,,,36.03613,-86.78712,True,Crashes_2010_2019_MPO
100794799,2015-03-20,2015,,94.0,,,0,0,N,0.0,0.0,0.0,,,,,,,,36.01545,-86.73907,False,Crashes_2010_2019_MPO
100135003,2012-01-06,2012,,94.0,,,0,0,N,0.0,0.0,0.0,,,,,,,,35.97471,-86.83613,False,Crashes_2010_2019_MPO
102077850,2018-07-17,2018,,19.0,,,0,0,N,0.0,0.0,0.0,,,,,,,,36.04006,-86.81641,False,Crashes_2010_2019_MPO
101850256,2017-12-06,2017,,94.0,,,0,0,N,0.0,0.0,0.0,,,,,,,,35.92926,-86.83968,False,Crashes_2010_2019_MPO
100833278,2015-05-13,2015,,19.0,,,0,0,N,0.0,0.0,0.0,,,,,,,,36.05038,-86.87574,False,Crashes_2010_2019_MPO
102600491,2019-12-17,2019,,19.0,,,0,0,N,0.0,0.0,0.0,,,,,,,,36.04537,-86.71326,False,Crashes_2010_2019_MPO
102593674,2019-12-10,2019,,94.0,,,0,0,N,0.0,0.0,0.0,,,,,,,,36.02969,-86.7846,True,Crashes_2010_2019_MPO
101208270,2016-05-15,2016,,19.0,,,0,0,N,0.0,0.0,0.0,,,,,,,,36.04543,-86.71256,False,Crashes_2010_2019_MPO
102023369,2018-05-26,2018,,94.0,,,0,0,N,0.0,0.0,0.0,,,,,,,,35.94983,-86.81908,False,Crashes_2010_2019_MPO
101817680,2017-11-07,2017,,19.0,,,0,0,N,0.0,0.0,0.0,,,,,,,,36.03969,-86.78156,False,Crashes_2010_2019_MPO
100726387,2015-01-23,2015,,94.0,,,0,0,N,0.0,0.0,0.0,,,,,,,,35.96312,-86.81899,True,Crashes_2010_2019_MPO
101932329,2018-03-03,2018,,19.0,,,0,0,N,0.0,0.0,0.0,,,,,,,,36.03899,-86.78258,False,Crashes_2010_2019_MPO
101128415,2016-03-05,2016,,94.0,,,0,0,N,0.0,0.0,0.0,,,,,,,,36.033687,-86.828258,True,Crashes_2010_2019_MPO
102345586,2019-03-30,2019,,94.0,,,0,0,N,0.0,0.0,0.0,,,,,,,,35.95524,-86.84497,False,Crashes_2010_2019_MPO
101459130,2016-11-25,2016,,19.0,,,0,0,N,0.0,0.0,0.0,,,,,,,,36.04537,-86.71326,False,Crashes_2010_2019_MPO
101902724,2018-01-31,2018,,94.0,,,0,0,N,0.0,0.0,0.0,,,,,,,,36.03551,-86.78748,True,Crashes_2010_2019_MPO
101983373,2018-04-20,2018,,19.0,,,0,0,N,0.0,0.0,0.0,,,,,,,,36.04543,-86.70361,False,Crashes_2010_2019_MPO
101708932,2017-07-22,2017,,94.0,,,0,0,N,0.0,0.0,0.0,,,,,,,,35.93423,-86.86117,False,Crashes_2010_2019_MPO
100768437,2015-03-07,2015,,94.0,,,0,0,Y,0.0,0.0,1.0,,,,,,,,35.99251,-86.79848,True,Crashes_2010_2019_MPO
100365462,2013-08-09,2013,,94.0,,,0,0,N,0.0,0.0,0.0,,,,,,,,35.94068,-86.83938,False,Crashes_2010_2019_MPO
102428670,2019-06-25,2019,,94.0,,,0,0,N,0.0,0.0,0.0,,,,,,,,35.99835,-86.8035,True,Crashes_2010_2019_MPO
101456194,2016-11-21,2016,,19.0,,,0,0,N,0.0,0.0,0.0,,,,,,,,36.042,-86.71625,False,Crashes_2010_2019_MPO
102196869,2018-11-01,2018,,19.0,,,0,0,N,0.0,0.0,0.0,,,,,,,,36.04028,-86.76837,False,Crashes_2010_2019_MPO
102251273,2018-12-19,2018,,94.0,,,0,0,N,0.0,0.0,0.0,,,,,,,,35.965669,-86.805782,False,Crashes_2010_2019_MPO
101867276,2017-12-22,2017,,94.0,,,0,0,N,0.0,0.0,0.0,,,,,,,,36.03016,-86.79048,True,Crashes_2010_2019_MPO
101730897,2017-08-14,2017,,94.0,,,0,0,N,0.0,0.0,0.0,,,,,,,,35.93557,-86.82364,False,Crashes_2010_2019_MPO
101281040,2016-07-07,2016,,94.0,,,0,0,N,0.0,0.0,0.0,,,,,,,,35.96173,-86.80183,True,Crashes_2010_2019_MPO
100274165,2013-01-02,2013,,94.0,,,0,0,N,0.0,0.0,0.0,,,,,,,,35.96705,-86.81341,True,Crashes_2010_2019_MPO
101685835,2017-06-28,2017,,19.0,,,0,0,N,0.0,0.0,0.0,,,,,,,,36.03779,-86.78475,False,Crashes_2010_2019_MPO
101818439,2017-11-08,2017,,19.0,,,0,0,N,0.0,0.0,0.0,,,,,,,,36.0415,-86.82317,False,Crashes_2010_2019_MPO
101886202,2018-01-13,2018,,19.0,,,0,0,N,0.0,0.0,0.0,,,,,,,,36.04763,-86.71655,False,Crashes_2010_2019_MPO
102330528,2019-03-14,2019,,94.0,,,0,0,N,0.0,0.0,0.0,,,,,,,,35.94687,-86.85168,False,Crashes_2010_2019_MPO
102308340,2019-02-17,2019,,19.0,,,0,0,N,0.0,0.0,0.0,,,,,,,,36.02346,-86.68812,False,Crashes_2010_2019_MPO
100462911,2014-03-11,2014,,94.0,,,0,0,N,0.0,0.0,0.0,,,,,,,,35.98325,-86.71739,True,Crashes_2010_2019_MPO
102424131,2019-06-13,2019,,94.0,,,0,0,N,0.0,0.0,0.0,,,,,,,,35.9638,-86.80842,False,Crashes_2010_2019_MPO
100771821,2015-03-09,2015,,19.0,,,0,0,N,0.0,0.0,0.0,,,,,,,,36.02264,-86.68054,False,Crashes_2010_2019_MPO
102406408,2019-05-31,2019,,19.0,,,0,0,N,0.0,0.0,0.0,,,,,,,,36.04654,-86.68333,False,Crashes_2010_2019_MPO
100262393,2012-12-06,2012,,94.0,,,0,0,N,0.0,0.0,0.0,,,,,,,,35.93338,-86.81147,False,Crashes_2010_2019_MPO
101107258,2016-02-17,2016,,94.0,,,0,0,N,0.0,0.0,0.0,,,,,,,,35.966882,-86.808955,True,Crashes_2010_2019_MPO
102574925,2019-11-21,2019,,94.0,,,0,0,N,0.0,0.0,0.0,,,,,,,,36.03407,-86.80156,True,Crashes_2010_2019_MPO
101971416,2018-04-07,2018,,94.0,,,0,0,N,0.0,0.0,0.0,,,,,,,,35.99643,-86.78798,True,Crashes_2010_2019_MPO
100973344,2015-10-04,2015,,19.0,,,0,0,N,0.0,0.0,0.0,,,,,,,,36.03387,-86.68111,False,Crashes_2010_2019_MPO
101049825,2015-12-15,2015,,94.0,,,0,0,N,0.0,0.0,0.0,,,,,,,,36.033005,-86.786571,True,Crashes_2010_2019_MPO
101674486,2017-06-15,2017,,19.0,,,0,0,N,0.0,0.0,0.0,,,,,,,,36.05151,-86.71436,False,Crashes_2010_2019_MPO
100682310,2014-11-17,2014,,19.0,,,0,0,N,0.0,0.0,0.0,,,,,,,,36.02121,-86.68077,False,Crashes_2010_2019_MPO
100436440,2014-01-29,2014,,94.0,,,0,0,N,0.0,0.0,0.0,,,,,,,,35.93495,-86.82144,False,Crashes_2010_2019_MPO
100726915,2015-01-24,2015,,94.0,,,0,0,N,0.0,0.0,0.0,,,,,,,,35.94726,-86.81967,False,Crashes_2010_2019_MPO
101072242,2016-01-05,2016,,94.0,,,0,0,N,0.0,0.0,0.0,,,,,,,,35.96722,-86.81402,True,Crashes_2010_2019_MPO
101594053,2017-03-25,2017,,19.0,,,0,0,N,0.0,0.0,0.0,,,,,,,,36.04245,-86.71294,False,Crashes_2010_2019_MPO
100568049,2014-07-02,2014,,94.0,,,0,0,N,0.0,0.0,0.0,,,,,,,,35.95632,-86.80374,False,Crashes_2010_2019_MPO
102103389,2018-08-08,2018,,94.0,,,0,0,N,0.0,0.0,0.0,,,,,,,,36.03316,-86.78593,True,Crashes_2010_2019_MPO
102000277,2018-05-05,2018,,19.0,,,0,0,N,0.0,0.0,0.0,,,,,,,,36.04129,-86.82212,False,Crashes_2010_2019_MPO
102261547,2018-12-30,2018,,94.0,,,0,0,N,0.0,0.0,0.0,,,,,,,,35.93784,-86.85852,False,Crashes_2010_2019_MPO
101080836,2016-01-20,2016,,19.0,,,0,0,N,0.0,0.0,0.0,,,,,,,,36.04002,-86.72755,False,Crashes_2010_2019_MPO
100749944,2015-02-19,2015,,19.0,,,0,0,N,0.0,0.0,0.0,,,,,,,,36.03874,-86.73991,False,Crashes_2010_2019_MPO
100729612,2015-01-30,2015,,94.0,,,0,0,N,0.0,0.0,0.0,,,,,,,,35.94183,-86.84111,False,Crashes_2010_2019_MPO
101533114,2017-01-23,2017,,94.0,,,0,0,N,0.0,0.0,0.0,,,,,,,,35.96492,-86.81553,True,Crashes_2010_2019_MPO
100397913,2013-10-30,2013,,94.0,,,0,0,N,0.0,0.0,0.0,,,,,,,,35.95895,-86.80557,False,Crashes_2010_2019_MPO
100833194,2015-05-12,2015,,94.0,,,0,0,N,0.0,0.0,0.0,,,,,,,,35.95723,-86.81662,False,Crashes_2010_2019_MPO
100430186,2014-01-13,2014,,94.0,,,0,0,N,0.0,0.0,0.0,,,,,,,,35.92312,-86.82275,False,Crashes_2010_2019_MPO
100411907,2013-11-27,2013,,94.0,,,0,0,N,0.0,0.0,0.0,,,,,,,,35.94678,-86.82258,False,Crashes_2010_2019_MPO
101191279,2016-05-10,2016,,94.0,,,0,0,N,0.0,0.0,0.0,,,,,,,,35.99922,-86.80923,True,Crashes_2010_2019_MPO
100510902,2014-05-19,2014,,94.0,,,0,0,N,0.0,0.0,0.0,,,,,,,,36.03336,-86.77737,False,Crashes_2010_2019_MPO
102526106,2019-10-01,2019,,19.0,,,0,0,Y,0.0,0.0,1.0,,,,,,,,36.0403,-86.7451,False,Crashes_2010_2019_MPO
102235289,2018-12-04,2018,,94.0,,,0,0,N,0.0,0.0,0.0,,,,,,,,35.97116,-86.77413,True,Crashes_2010_2019_MPO
100455316,2014-02-20,2014,,94.0,,,0,0,N,0.0,0.0,0.0,,,,,,,,35.96994,-86.83605,False,Crashes_2010_2019_MPO
102497008,2019-09-02,2019,,19.0,,,0,0,N,0.0,0.0,0.0,,,,,,,,36.0409,-86.77938,False,Crashes_2010_2019_MPO
102251276,2018-12-13,2018,,94.0,,,0,0,N,0.0,0.0,0.0,,,,,,,,35.95853,-86.81052,False,Crashes_2010_2019_MPO
101157825,2016-04-05,2016,,94.0,,,0,0,N,0.0,0.0,0.0,,,,,,,,35.96562,-86.70619,True,Crashes_2010_2019_MPO
100567936,2014-06-27,2014,,94.0,,,0,0,N,0.0,0.0,0.0,,,,,,,,35.94897,-86.83659,False,Crashes_2010_2019_MPO
102033563,2018-06-05,2018,,94.0,,,0,0,N,0.0,0.0,0.0,,,,,,,,35.966813,-86.809033,True,Crashes_2010_2019_MPO
101767994,2017-09-22,2017,,94.0,,,0,0,N,0.0,0.0,0.0,,,,,,,,35.93624,-86.81824,False,Crashes_2010_2019_MPO
102143859,2018-09-13,2018,,94.0,,,0,0,N,0.0,0.0,0.0,,,,,,,,35.95571,-86.83007,False,Crashes_2010_2019_MPO
101119683,2016-02-20,2016,,94.0,,,0,0,N,0.0,0.0,0.0,,,,,,,,36.0026,-86.83845,False,Crashes_2010_2019_MPO
101315222,2016-07-28,2016,,94.0,,,0,0,N,0.0,0.0,0.0,,,,,,,,35.9583,-86.8023,False,Crashes_2010_2019_MPO
100796847,2015-03-24,2015,,19.0,,,0,0,N,0.0,0.0,0.0,,,,,,,,36.04098,-86.77941,False,Crashes_2010_2019_MPO
101985231,2018-04-21,2018,,94.0,,,0,0,N,0.0,0.0,0.0,,,,,,,,35.94338,-86.85448,False,Crashes_2010_2019_MPO
100737594,2015-02-14,2015,,19.0,,,0,0,N,0.0,0.0,0.0,,,,,,,,36.04233,-86.713,False,Crashes_2010_2019_MPO
100377073,2013-09-09,2013,,19.0,,,0,0,N,0.0,0.0,0.0,,,,,,,,36.03046,-86.87587,False,Crashes_2010_2019_MPO
101011987,2015-11-18,2015,,19.0,,,0,0,N,0.0,0.0,0.0,,,,,,,,36.04119,-86.82105,False,Crashes_2010_2019_MPO
100851832,2015-05-28,2015,,19.0,,,0,0,N,0.0,0.0,0.0,,,,,,,,36.04001,-86.74349,False,Crashes_2010_2019_MPO
101482001,2016-12-19,2016,,94.0,,,0,0,N,0.0,0.0,0.0,,,,,,,,35.93869,-86.79671,False,Crashes_2010_2019_MPO
101914886,2018-02-13,2018,,19.0,,,0,0,N,0.0,0.0,0.0,,,,,,,,36.0374,-86.78657,False,Crashes_2010_2019_MPO
102182765,2018-10-19,2018,,19.0,,,0,0,N,0.0,0.0,0.0,,,,,,,,36.04,-86.78128,False,Crashes_2010_2019_MPO
102566139,2019-11-12,2019,,94.0,,,0,0,N,0.0,0.0,0.0,,,,,,,,35.94655,-86.80958,False,Crashes_2010_2019_MPO
101426240,2016-10-28,2016,,94.0,,,0,0,N,0.0,0.0,0.0,,,,,,,,35.95689,-86.81277,False,Crashes_2010_2019_MPO
100277901,2013-01-11,2013,,94.0,,,0,0,N,0.0,0.0,0.0,,,,,,,,35.95868,-86.81044,False,Crashes_2010_2019_MPO
100978757,2015-10-14,2015,,19.0,,,0,0,N,0.0,0.0,0.0,,,,,,,,36.04128,-86.77767,False,Crashes_2010_2019_MPO
101910335,2018-02-06,2018,,94.0,,,0,0,N,0.0,0.0,0.0,,,,,,,,35.95924,-86.8241,False,Crashes_2010_2019_MPO
101232306,2016-05-25,2016,,19.0,,,0,0,N,0.0,0.0,0.0,,,,,,,,36.0374,-86.78657,False,Crashes_2010_2019_MPO
100034364,2011-02-09,2011,,94.0,,,0,0,N,0.0,0.0,0.0,,,,,,,,35.928596,-86.717207,False,Crashes_2010_2019_MPO
100835996,2015-05-18,2015,,94.0,,,0,0,N,0.0,0.0,0.0,,,,,,,,36.01018,-86.78519,True,Crashes_2010_2019_MPO
102188281,2018-10-24,2018,,94.0,,,0,0,N,0.0,0.0,0.0,,,,,,,,35.99425,-86.79788,True,Crashes_2010_2019_MPO
100563195,2014-06-19,2014,,94.0,,,0,0,N,0.0,0.0,0.0,,,,,,,,35.95433,-86.80766,False,Crashes_2010_2019_MPO
101118295,2016-02-18,2016,,94.0,,,0,0,N,0.0,0.0,0.0,,,,,,,,35.92388,-86.8786,False,Crashes_2010_2019_MPO
100948625,2015-09-11,2015,,94.0,,,0,0,N,0.0,0.0,0.0,,,,,,,,35.93374,-86.81767,False,Crashes_2010_2019_MPO
102189225,2018-10-25,2018,,19.0,,,0,0,N,0.0,0.0,0.0,,,,,,,,36.04522,-86.71479,False,Crashes_2010_2019_MPO
100800961,2015-04-01,2015,,94.0,,,0,0,N,0.0,0.0,0.0,,,,,,,,36.03268,-86.7891,True,Crashes_2010_2019_MPO
101094256,2016-01-26,2016,,94.0,,,0,0,N,0.0,0.0,0.0,,,,,,,,35.92949,-86.84316,False,Crashes_2010_2019_MPO
100377075,2013-09-06,2013,,94.0,,,0,0,N,0.0,0.0,0.0,,,,,,,,35.93368,-86.81916,False,Crashes_2010_2019_MPO
101000997,2015-11-01,2015,,94.0,,,0,0,N,0.0,0.0,0.0,,,,,,,,35.94683,-86.85172,False,Crashes_2010_2019_MPO
102393525,2019-05-19,2019,,94.0,,,0,0,N,0.0,0.0,0.0,,,,,,,,36.03319,-86.7876,True,Crashes_2010_2019_MPO
101487117,2016-12-19,2016,,94.0,,,0,0,N,0.0,0.0,0.0,,,,,,,,35.99551,-86.77887,True,Crashes_2010_2019_MPO
100408081,2013-11-20,2013,,94.0,,,0,0,N,0.0,0.0,0.0,,,,,,,,35.94176,-86.83719,False,Crashes_2010_2019_MPO
101853941,2017-12-10,2017,,19.0,,,0,0,N,0.0,0.0,0.0,,,,,,,,36.04231,-86.72652,False,Crashes_2010_2019_MPO
102565172,2019-11-11,2019,,19.0,,,0,0,N,0.0,0.0,0.0,,,,,,,,36.02441,-86.74238,False,Crashes_2010_2019_MPO
100967301,2015-09-25,2015,,94.0,,,0,0,N,0.0,0.0,0.0,,,,,,,,35.99458,-86.82894,True,Crashes_2010_2019_MPO
101609000,2017-04-09,2017,,94.0,,,0,0,N,0.0,0.0,0.0,,,,,,,,35.93731,-86.87881,False,Crashes_2010_2019_MPO
102480703,2019-08-17,2019,,19.0,,,0,0,N,0.0,0.0,0.0,,,,,,,,36.04561,-86.71977,False,Crashes_2010_2019_MPO
102397113,2019-05-23,2019,,94.0,,,0,0,N,0.0,0.0,0.0,,,,,,,,35.97727,-86.72554,True,Crashes_2010_2019_MPO
100595287,2014-08-13,2014,,94.0,,,0,0,N,0.0,0.0,0.0,,,,,,,,35.94426,-86.82182,False,Crashes_2010_2019_MPO
102347644,2019-04-01,2019,,94.0,,,0,0,N,0.0,0.0,0.0,,,,,,,,35.96589,-86.80316,True,Crashes_2010_2019_MPO
101073799,2016-01-03,2016,,19.0,,,0,0,N,0.0,0.0,0.0,,,,,,,,36.04956,-86.71382,False,Crashes_2010_2019_MPO
101040006,2015-11-30,2015,,94.0,,,0,0,N,0.0,0.0,0.0,,,,,,,,35.96732,-86.79673,True,Crashes_2010_2019_MPO
102008487,2018-05-12,2018,,94.0,,,0,0,N,0.0,0.0,0.0,,,,,,,,35.92282,-86.79625,False,Crashes_2010_2019_MPO
100428287,2014-01-07,2014,,94.0,,,0,0,N,0.0,0.0,0.0,,,,,,,,35.94476,-86.82852,False,Crashes_2010_2019_MPO
102278029,2019-01-15,2019,,94.0,,,0,0,N,0.0,0.0,0.0,,,,,,,,35.93385,-86.81907,False,Crashes_2010_2019_MPO
101466963,2016-12-03,2016,,19.0,,,0,0,N,0.0,0.0,0.0,,,,,,,,36.04245,-86.71294,False,Crashes_2010_2019_MPO
102323032,2019-03-06,2019,,19.0,,,0,0,N,0.0,0.0,0.0,,,,,,,,36.03753,-86.78552,False,Crashes_2010_2019_MPO
102436125,2019-07-03,2019,,94.0,,,0,0,Y,0.0,0.0,1.0,,,,,,,,35.994405,-86.765832,True,Crashes_2010_2019_MPO
101011966,2015-11-18,2015,,94.0,,,0,0,N,0.0,0.0,0.0,,,,,,,,35.95773,-86.81647,False,Crashes_2010_2019_MPO