mstrrecnbr,collision_ts,year,county,countystat,crash,crash_type,fatalities,non_motorists,commercial,fatal_c,nonmotor_c,truck_c,fatalc,serious_injuries,ped,bike,lighting,weather,first_harmful_event,latitude,longitude,in_city,src_layer
101232862,2016-05-26,2016,,94.0,,,0,0,N,0.0,0.0,0.0,,,,,,,,35.96681,-86.81119,True,Crashes_2010_2019_MPO
101287817,2016-07-17,2016,,19.0,,,0,0,N,0.0,0.0,0.0,,,,,,,,36.04495,-86.7245,False,Crashes_2010_2019_MPO
100800778,2015-04-01,2015,,19.0,,,0,0,N,0.0,0.0,0.0,,,,,,,,36.03756,-86.78503,False,Crashes_2010_2019_MPO
101933151,2018-03-03,2018,,94.0,,,0,0,N,0.0,0.0,0.0,,,,,,,,35.92277,-86.86538,False,Crashes_2010_2019_MPO
101573032,2017-03-02,2017,,94.0,,,0,0,N,0.0,0.0,0.0,,,,,,,,35.97039,-86.77379,True,Crashes_2010_2019_MPO
102566546,2019-11-13,2019,,19.0,,,0,0,N,0.0,0.0,0.0,,,,,,,,36.04325,-86.84351,False,Crashes_2010_2019_MPO
101937037,2018-03-06,2018,,94.0,,,0,0,N,0.0,0.0,0.0,,,,,,,,35.94806,-86.86351,False,Crashes_2010_2019_MPO
101740021,2017-08-22,2017,,94.0,,,0,0,N,0.0,0.0,0.0,,,,,,,,35.99691,-86.79696,True,Crashes_2010_2019_MPO
101358953,2016-09-11,2016,,94.0,,,0,0,N,0.0,0.0,0.0,,,,,,,,35.92936,-86.84191,False,Crashes_2010_2019_MPO
100500140,2014-04-22,2014,,94.0,,,0,0,N,0.0,0.0,0.0,,,,,,,,36.03583,-86.87246,False,Crashes_2010_2019_MPO
100631941,2014-09-21,2014,,94.0,,,0,0,N,0.0,0.0,0.0,,,,,,,,35.92365,-86.86783,False,Crashes_2010_2019_MPO
100426599,2014-01-02,2014,,94.0,,,0,0,N,0.0,0.0,0.0,,,,,,,,35.98455,-86.81853,True,Crashes_2010_2019_MPO
102037317,2018-06-08,2018,,19.0,,,0,0,N,0.0,0.0,0.0,,,,,,,,36.04573,-86.85543,False,Crashes_2010_2019_MPO
101529844,2017-01-20,2017,,94.0,,,0,0,N,0.0,0.0,0.0,,,,,,,,35.96603,-86.82028,True,Crashes_2010_2019_MPO
101831065,2017-11-19,2017,,94.0,,,0,0,N,0.0,0.0,0.0,,,,,,,,35.93306,-86.81184,False,Crashes_2010_2019_MPO
100875725,2015-06-17,2015,,94.0,,,0,0,N,0.0,0.0,0.0,,,,,,,,36.03464,-86.87342,False,Crashes_2010_2019_MPO
100794894,2015-03-20,2015,,94.0,,,0,0,N,0.0,0.0,0.0,,,,,,,,35.96899,-86.70652,True,Crashes_2010_2019_MPO
101999540,2018-05-04,2018,,94.0,,,0,0,N,0.0,0.0,0.0,,,,,,,,35.98454,-86.725,True,Crashes_2010_2019_MPO
101241540,2016-06-08,2016,,19.0,,,0,0,N,0.0,0.0,0.0,,,,,,,,36.02574,-86.6998,False,Crashes_2010_2019_MPO
102546401,2019-10-23,2019,,94.0,,,0,0,N,0.0,0.0,0.0,,,,,,,,35.98567,-86.80084,True,Crashes_2010_2019_MPO
100643309,2014-10-14,2014,,94.0,,,0,0,N,0.0,0.0,0.0,,,,,,,,35.95834,-86.76782,True,Crashes_2010_2019_MPO
101943376,2018-03-14,2018,,19.0,,,0,0,N,0.0,0.0,0.0,,,,,,,,36.04393,-86.6933,False,Crashes_2010_2019_MPO
100965817,2015-09-23,2015,,94.0,,,0,0,N,0.0,0.0,0.0,,,,,,,,35.92654,-86.82582,False,Crashes_2010_2019_MPO
102136529,2018-09-07,2018,,94.0,,,0,0,N,0.0,0.0,0.0,,,,,,,,35.99348,-86.75901,True,Crashes_2010_2019_MPO
101440867,2016-11-15,2016,,19.0,,,0,0,N,0.0,0.0,0.0,,,,,,,,35.99687,-86.68989,False,Crashes_2010_2019_MPO
102511721,2019-09-17,2019,,94.0,,,0,0,N,0.0,0.0,0.0,,,,,,,,35.98765,-86.68088,False,Crashes_2010_2019_MPO
102564044,2019-11-10,2019,,94.0,,,0,0,N,0.0,0.0,0.0,,,,,,,,35.95991,-86.81537,False,Crashes_2010_2019_MPO
100344828,2013-06-21,2013,,94.0,,,0,0,N,0.0,0.0,0.0,,,,,,,,35.92638,-86.87082,False,Crashes_2010_2019_MPO
102507000,2019-09-09,2019,,94.0,,,0,0,N,0.0,0.0,0.0,,,,,,,,35.99444,-86.79781,True,Crashes_2010_2019_MPO
100938058,2015-08-22,2015,,19.0,,,0,0,N,0.0,0.0,0.0,,,,,,,,36.04418,-86.74406,False,Crashes_2010_2019_MPO
102285473,2019-01-23,2019,,19.0,,,0,0,N,0.0,0.0,0.0,,,,,,,,36.0374,-86.78657,False,Crashes_2010_2019_MPO
100637000,2014-10-02,2014,,94.0,,,0,0,N,0.0,0.0,0.0,,,,,,,,35.94803,-86.86369,False,Crashes_2010_2019_MPO
101993785,2018-04-29,2018,,19.0,,,0,0,N,0.0,0.0,0.0,,,,,,,,36.0374,-86.78657,False,Crashes_2010_2019_MPO
101669271,2017-06-09,2017,,19.0,,,0,0,N,0.0,0.0,0.0,,,,,,,,36.04245,-86.71294,False,Crashes_2010_2019_MPO
100724702,2015-01-20,2015,,94.0,,,0,0,N,0.0,0.0,0.0,,,,,,,,35.96667,-86.80917,True,Crashes_2010_2019_MPO
101071120,2015-12-26,2015,,94.0,,,0,0,N,0.0,0.0,0.0,,,,,,,,35.9492,-86.81861,False,Crashes_2010_2019_MPO
100188065,2012-06-04,2012,,94.0,,,0,0,N,0.0,0.0,0.0,,,,,,,,35.98325,-86.71739,True,Crashes_2010_2019_MPO
102442930,2019-07-09,2019,,19.0,,,0,0,N,0.0,0.0,0.0,,,,,,,,35.99599,-86.69078,False,Crashes_2010_2019_MPO
100694169,2014-11-21,2014,,19.0,,,0,0,N,0.0,0.0,0.0,,,,,,,,36.0448,-86.72473,False,Crashes_2010_2019_MPO
102111982,2018-08-16,2018,,94.0,,,0,0,N,0.0,0.0,0.0,,,,,,,,35.94874,-86.80752,False,Crashes_2010_2019_MPO
100884357,2015-07-10,2015,,19.0,,,0,0,N,0.0,0.0,0.0,,,,,,,,36.03848,-86.78412,False,Crashes_2010_2019_MPO
101433699,2016-11-07,2016,,94.0,,,0,0,N,0.0,0.0,0.0,,,,,,,,36.03,-86.78391,True,Crashes_2010_2019_MPO
102095340,2018-08-02,2018,,19.0,,,0,0,N,0.0,0.0,0.0,,,,,,,,36.04479,-86.72487,False,Crashes_2010_2019_MPO
101616696,2017-04-16,2017,,94.0,,,0,0,N,0.0,0.0,0.0,,,,,,,,35.9667,-86.83805,False,Crashes_2010_2019_MPO
101315237,2016-07-28,2016,,19.0,,,0,0,N,0.0,0.0,0.0,,,,,,,,36.04296,-86.84196,False,Crashes_2010_2019_MPO
101815117,2017-11-03,2017,,94.0,,,0,0,N,0.0,0.0,0.0,,,,,,,,35.92913,-86.84586,False,Crashes_2010_2019_MPO
101121588,2016-02-24,2016,,94.0,,,0,0,N,0.0,0.0,0.0,,,,,,,,35.94334,-86.80977,False,Crashes_2010_2019_MPO
101334129,2016-08-23,2016,,94.0,,,0,0,N,0.0,0.0,0.0,,,,,,,,35.94699,-86.81153,False,Crashes_2010_2019_MPO
102244135,2018-12-12,2018,,94.0,,,0,0,N,0.0,0.0,0.0,,,,,,,,36.0338,-86.79497,True,Crashes_2010_2019_MPO
100729105,2015-01-29,2015,,94.0,,,0,0,N,0.0,0.0,0.0,,,,,,,,35.97697,-86.77028,True,Crashes_2010_2019_MPO
101880429,2018-01-07,2018,,94.0,,,0,0,Y,0.0,0.0,1.0,,,,,,,,36.00132,-86.79377,True,Crashes_2010_2019_MPO
101470154,2016-12-07,2016,,19.0,,,0,0,N,0.0,0.0,0.0,,,,,,,,36.04026,-86.8164,False,Crashes_2010_2019_MPO
102606552,2019-12-24,2019,,94.0,,,0,0,N,0.0,0.0,0.0,,,,,,,,35.93731,-86.87881,False,Crashes_2010_2019_MPO
101103901,2016-02-11,2016,,19.0,,,0,0,N,0.0,0.0,0.0,,,,,,,,36.0344,-86.74356,False,Crashes_2010_2019_MPO
100486381,2014-04-14,2014,,94.0,,,0,0,N,0.0,0.0,0.0,,,,,,,,35.94585,-86.84897,False,Crashes_2010_2019_MPO
101246282,2016-06-15,2016,,19.0,,,0,0,N,0.0,0.0,0.0,,,,,,,,36.04668,-86.72506,False,Crashes_2010_2019_MPO
100876634,2015-06-25,2015,,19.0,,,0,0,N,0.0,0.0,0.0,,,,,,,,36.04166,-86.82375,False,Crashes_2010_2019_MPO
100209050,2012-07-25,2012,,94.0,,,0,0,N,0.0,0.0,0.0,,,,,,,,36.03336,-86.78872,True,Crashes_2010_2019_MPO
102191170,2018-10-26,2018,,94.0,,,0,0,N,0.0,0.0,0.0,,,,,,,,35.98947,-86.70349,True,Crashes_2010_2019_MPO
100442578,2014-02-14,2014,,94.0,,,0,0,N,0.0,0.0,0.0,,,,,,,,35.92522,-86.86867,False,Crashes_2010_2019_MPO
102124875,2018-08-28,2018,,94.0,,,0,0,N,0.0,0.0,0.0,,,,,,,,35.92823,-86.82438,False,Crashes_2010_2019_MPO
100971726,2015-10-02,2015,,94.0,,,0,0,N,0.0,0.0,0.0,,,,,,,,35.94285,-86.82075,False,Crashes_2010_2019_MPO
101914776,2018-02-13,2018,,94.0,,,0,0,N,0.0,0.0,0.0,,,,,,,,35.97833,-86.75281,True,Crashes_2010_2019_MPO
100610508,2014-08-26,2014,,94.0,,,0,0,N,0.0,0.0,0.0,,,,,,,,35.9498,-86.8648,False,Crashes_2010_2019_MPO
101620087,2017-04-20,2017,,19.0,,,0,0,N,0.0,0.0,0.0,,,,,,,,36.03975,-86.7634,False,Crashes_2010_2019_MPO
100369748,2013-08-21,2013,,94.0,,,0,0,N,0.0,0.0,0.0,,,,,,,,35.99298,-86.70016,True,Crashes_2010_2019_MPO
101990347,2018-04-26,2018,,19.0,,,0,0,N,0.0,0.0,0.0,,,,,,,,36.03983,-86.7684,False,Crashes_2010_2019_MPO
102228506,2018-11-29,2018,,94.0,,,0,0,N,0.0,0.0,0.0,,,,,,,,35.9505,-86.76617,True,Crashes_2010_2019_MPO
100592475,2014-08-07,2014,,94.0,,,0,0,N,0.0,0.0,0.0,,,,,,,,36.03336,-86.78872,True,Crashes_2010_2019_MPO
101274893,2016-06-27,2016,,94.0,,,0,0,N,0.0,0.0,0.0,,,,,,,,35.94029,-86.81055,False,Crashes_2010_2019_MPO
101158298,2016-04-05,2016,,19.0,,,0,0,N,0.0,0.0,0.0,,,,,,,,36.04084,-86.77347,False,Crashes_2010_2019_MPO
102226473,2018-11-27,2018,,19.0,,,0,1,N,0.0,1.0,0.0,,,,,,,,36.03995,-86.78093,False,Crashes_2010_2019_MPO
101875200,2018-01-01,2018,,19.0,,,0,0,N,0.0,0.0,0.0,,,,,,,,36.05393,-86.69121,False,Crashes_2010_2019_MPO
10417092,2011-03-15,2011,,19.0,,,0,0, ,0.0,0.0,0.0,,,,,,,,36.045179,-86.714942,False,Crashes_2010_2019_MPO
101952817,2018-03-22,2018,,19.0,,,0,0,N,0.0,0.0,0.0,,,,,,,,36.04022,-86.76782,False,Crashes_2010_2019_MPO
100413880,2013-12-02,2013,,94.0,,,0,0,N,0.0,0.0,0.0,,,,,,,,35.9672,-86.81427,True,Crashes_2010_2019_MPO
101120052,2016-02-21,2016,,94.0,,,0,0,N,0.0,0.0,0.0,,,,,,,,35.93503,-86.81867,False,Crashes_2010_2019_MPO
101878006,2018-01-04,2018,,94.0,,,0,0,N,0.0,0.0,0.0,,,,,,,,36.00015,-86.80872,True,Crashes_2010_2019_MPO
100596753,2014-08-16,2014,,94.0,,,0,0,N,0.0,0.0,0.0,,,,,,,,35.96601,-86.77921,True,Crashes_2010_2019_MPO
101473795,2016-12-11,2016,,19.0,,,0,0,N,0.0,0.0,0.0,,,,,,,,36.0454,-86.8538,False,Crashes_2010_2019_MPO
100819230,2015-04-16,2015,,19.0,,,0,0,N,0.0,0.0,0.0,,,,,,,,36.01664,-86.70661,False,Crashes_2010_2019_MPO
102375593,2019-04-29,2019,,19.0,,,0,0,N,0.0,0.0,0.0,,,,,,,,35.99687,-86.68989,False,Crashes_2010_2019_MPO
102507980,2019-09-13,2019,,19.0,,,0,0,N,0.0,0.0,0.0,,,,,,,,36.04062,-86.77139,False,Crashes_2010_2019_MPO
100861550,2015-06-16,2015,,19.0,,,0,0,N,0.0,0.0,0.0,,,,,,,,36.03735,-86.78656,False,Crashes_2010_2019_MPO
100705970,2014-12-12,2014,,94.0,,,0,0,N,0.0,0.0,0.0,,,,,,,,35.92407,-86.86992,False,Crashes_2010_2019_MPO
101128481,2016-03-05,2016,,94.0,,,0,0,N,0.0,0.0,0.0,,,,,,,,35.94421,-86.81975,False,Crashes_2010_2019_MPO
101797592,2017-10-19,2017,,19.0,,,0,0,N,0.0,0.0,0.0,,,,,,,,35.99592,-86.68851,False,Crashes_2010_2019_MPO
102390328,2019-05-15,2019,,19.0,,,0,0,N,0.0,0.0,0.0,,,,,,,,36.0409,-86.77938,False,Crashes_2010_2019_MPO
101479537,2016-12-17,2016,,19.0,,,0,0,N,0.0,0.0,0.0,,,,,,,,36.04164,-86.74904,False,Crashes_2010_2019_MPO
101764637,2017-09-18,2017,,19.0,,,0,0,N,0.0,0.0,0.0,,,,,,,,36.03742,-86.78277,False,Crashes_2010_2019_MPO
100825683,2015-04-29,2015,,94.0,,,0,0,N,0.0,0.0,0.0,,,,,,,,35.99564,-86.78019,True,Crashes_2010_2019_MPO
100826938,2015-05-01,2015,,94.0,,,0,0,N,0.0,0.0,0.0,,,,,,,,35.93117,-86.79409,False,Crashes_2010_2019_MPO
100428640,2014-01-08,2014,,94.0,,,0,0,N,0.0,0.0,0.0,,,,,,,,35.93996,-86.82135,False,Crashes_2010_2019_MPO
102384303,2019-05-09,2019,,94.0,,,0,0,N,0.0,0.0,0.0,,,,,,,,35.99627,-86.78657,True,Crashes_2010_2019_MPO
102599477,2019-12-16,2019,,94.0,,,0,0,N,0.0,0.0,0.0,,,,,,,,36.03175,-86.78961,True,Crashes_2010_2019_MPO
102100627,2018-08-06,2018,,94.0,,,0,0,N,0.0,0.0,0.0,,,,,,,,36.03323,-86.78332,True,Crashes_2010_2019_MPO
101325763,2016-08-12,2016,,94.0,,,0,0,N,0.0,0.0,0.0,,,,,,,,35.98959,-86.74248,True,Crashes_2010_2019_MPO
102411944,2019-06-07,2019,,94.0,,,0,0,N,0.0,0.0,0.0,,,,,,,,35.9407,-86.83934,False,Crashes_2010_2019_MPO
100666398,2014-11-07,2014,,19.0,,,0,0,N,0.0,0.0,0.0,,,,,,,,36.03746,-86.78693,False,Crashes_2010_2019_MPO
101586197,2017-03-17,2017,,19.0,,,0,0,N,0.0,0.0,0.0,,,,,,,,35.99727,-86.68608,False,Crashes_2010_2019_MPO
101405556,2016-10-17,2016,,94.0,,,0,0,N,0.0,0.0,0.0,,,,,,,,35.9915,-86.69638,True,Crashes_2010_2019_MPO
102533702,2019-10-09,2019,,19.0,,,0,0,N,0.0,0.0,0.0,,,,,,,,36.05486,-86.72931,False,Crashes_2010_2019_MPO
100801436,2015-04-02,2015,,19.0,,,0,0,N,0.0,0.0,0.0,,,,,,,,36.03911,-86.78262,False,Crashes_2010_2019_MPO
102359028,2019-04-12,2019,,94.0,,,0,0,N,0.0,0.0,0.0,,,,,,,,35.94631,-86.8236,False,Crashes_2010_2019_MPO
100115639,2011-11-14,2011,,94.0,,,0,0,N,0.0,0.0,0.0,,,,,,,,35.97832,-86.80363,True,Crashes_2010_2019_MPO
101271547,2016-06-23,2016,,94.0,,,0,0,N,0.0,0.0,0.0,,,,,,,,36.03322,-86.78531,True,Crashes_2010_2019_MPO
100279306,2013-01-14,2013,,94.0,,,0,0,N,0.0,0.0,0.0,,,,,,,,35.93422,-86.8186,False,Crashes_2010_2019_MPO
100302330,2013-03-12,2013,,94.0,,,0,0,Y,0.0,0.0,1.0,,,,,,,,35.98512,-86.78411,True,Crashes_2010_2019_MPO
101980776,2018-04-17,2018,,94.0,,,0,0,N,0.0,0.0,0.0,,,,,,,,35.986031,-86.735329,True,Crashes_2010_2019_MPO
101191972,2016-05-11,2016,,94.0,,,0,0,N,0.0,0.0,0.0,,,,,,,,35.99922,-86.80923,True,Crashes_2010_2019_MPO
101901775,2018-01-30,2018,,94.0,,,0,0,Y,0.0,0.0,1.0,,,,,,,,35.94213,-86.85546,False,Crashes_2010_2019_MPO
102018545,2018-05-22,2018,,94.0,,,0,0,N,0.0,0.0,0.0,,,,,,,,35.93784,-86.7068,False,Crashes_2010_2019_MPO
100242622,2012-10-24,2012,,94.0,,,0,0,N,0.0,0.0,0.0,,,,,,,,36.00055,-86.79455,True,Crashes_2010_2019_MPO
100136576,2012-01-11,2012,,94.0,,,0,0,Y,0.0,0.0,1.0,,,,,,,,35.9667,-86.81117,True,Crashes_2010_2019_MPO
101483335,2016-12-21,2016,,94.0,,,0,0,N,0.0,0.0,0.0,,,,,,,,36.00285,-86.80733,True,Crashes_2010_2019_MPO
101194082,2016-05-13,2016,,94.0,,,0,0,N,0.0,0.0,0.0,,,,,,,,35.94782,-86.81975,False,Crashes_2010_2019_MPO
101744989,2017-08-29,2017,,94.0,,,0,0,N,0.0,0.0,0.0,,,,,,,,36.00788,-86.7423,True,Crashes_2010_2019_MPO
102032089,2018-06-03,2018,,94.0,,,0,0,N,0.0,0.0,0.0,,,,,,,,36.03318,-86.78282,True,Crashes_2010_2019_MPO
102530270,2019-10-05,2019,,94.0,,,0,0,N,0.0,0.0,0.0,,,,,,,,35.93772,-86.70377,False,Crashes_2010_2019_MPO
101345753,2016-08-25,2016,,19.0,,,0,0,N,0.0,0.0,0.0,,,,,,,,36.04062,-86.77923,False,Crashes_2010_2019_MPO
101427295,2016-10-31,2016,,19.0,,,0,0,N,0.0,0.0,0.0,,,,,,,,36.04028,-86.76837,False,Crashes_2010_2019_MPO
101882253,2018-01-08,2018,,94.0,,,0,0,N,0.0,0.0,0.0,,,,,,,,36.03407,-86.79508,True,Crashes_2010_2019_MPO
102392174,2019-05-17,2019,,19.0,,,0,0,N,0.0,0.0,0.0,,,,,,,,36.04208,-86.74951,False,Crashes_2010_2019_MPO
101328565,2016-08-15,2016,,19.0,,,0,0,N,0.0,0.0,0.0,,,,,,,,36.0508,-86.75869,False,Crashes_2010_2019_MPO
101064970,2015-12-17,2015,,19.0,,,0,0,N,0.0,0.0,0.0,,,,,,,,36.0409,-86.77938,False,Crashes_2010_2019_MPO
101887859,2018-01-15,2018,,94.0,,,0,0,N,0.0,0.0,0.0,,,,,,,,35.9279,-86.86745,False,Crashes_2010_2019_MPO
101570911,2017-03-02,2017,,94.0,,,0,0,N,0.0,0.0,0.0,,,,,,,,35.95777,-86.81607,False,Crashes_2010_2019_MPO
101832013,2017-11-20,2017,,94.0,,,0,0,N,0.0,0.0,0.0,,,,,,,,35.94683,-86.85172,False,Crashes_2010_2019_MPO
102357837,2019-04-11,2019,,19.0,,,0,0,N,0.0,0.0,0.0,,,,,,,,36.04479,-86.72487,False,Crashes_2010_2019_MPO
101126957,2016-03-03,2016,,19.0,,,0,0,N,0.0,0.0,0.0,,,,,,,,36.04544,-86.71851,False,Crashes_2010_2019_MPO
102420898,2019-06-16,2019,,94.0,,,0,0,N,0.0,0.0,0.0,,,,,,,,35.93215,-86.79441,False,Crashes_2010_2019_MPO
101422848,2016-10-25,2016,,19.0,,,0,0,N,0.0,0.0,0.0,,,,,,,,36.04478,-86.86486,True,Crashes_2010_2019_MPO
101697633,2017-07-10,2017,,19.0,,,0,0,N,0.0,0.0,0.0,,,,,,,,36.03741,-86.7865,False,Crashes_2010_2019_MPO
101232900,2016-05-26,2016,,94.0,,,0,0,N,0.0,0.0,0.0,,,,,,,,35.99734,-86.79486,True,Crashes_2010_2019_MPO
101068788,2015-12-29,2015,,94.0,,,0,0,N,0.0,0.0,0.0,,,,,,,,35.96732,-86.81479,True,Crashes_2010_2019_MPO
102266420,2019-01-03,2019,,94.0,,,0,0,Y,0.0,0.0,1.0,,,,,,,,35.96116,-86.8096,False,Crashes_2010_2019_MPO
101004195,2015-11-06,2015,,94.0,,,0,0,N,0.0,0.0,0.0,,,,,,,,35.93492,-86.77707,False,Crashes_2010_2019_MPO
101712974,2017-07-27,2017,,94.0,,,0,0,N,0.0,0.0,0.0,,,,,,,,35.93405,-86.81901,False,Crashes_2010_2019_MPO
101931972,2018-03-02,2018,,19.0,,,0,0,N,0.0,0.0,0.0,,,,,,,,36.04564,-86.71044,False,Crashes_2010_2019_MPO
101853411,2017-12-09,2017,,94.0,,,0,0,N,0.0,0.0,0.0,,,,,,,,36.00989,-86.80301,True,Crashes_2010_2019_MPO
101497135,2017-01-05,2017,,19.0,,,0,0,N,0.0,0.0,0.0,,,,,,,,36.03352,-86.71298,False,Crashes_2010_2019_MPO
101820569,2017-11-10,2017,,94.0,,,0,0,N,0.0,0.0,0.0,,,,,,,,35.99424,-86.70085,True,Crashes_2010_2019_MPO
102055969,2018-06-27,2018,,19.0,,,0,0,N,0.0,0.0,0.0,,,,,,,,36.05453,-86.71529,False,Crashes_2010_2019_MPO
101928457,2018-02-27,2018,,94.0,,,0,0,N,0.0,0.0,0.0,,,,,,,,35.95181,-86.73995,True,Crashes_2010_2019_MPO
100795533,2015-03-21,2015,,19.0,,,0,0,N,0.0,0.0,0.0,,,,,,,,35.99782,-86.69126,False,Crashes_2010_2019_MPO
101481259,2016-12-16,2016,,94.0,,,0,0,N,0.0,0.0,0.0,,,,,,,,35.9823,-86.81472,True,Crashes_2010_2019_MPO
100694392,2014-11-21,2014,,94.0,,,0,0,N,0.0,0.0,0.0,,,,,,,,35.9987,-86.80645,True,Crashes_2010_2019_MPO
100289720,2013-02-08,2013,,94.0,,,0,0,N,0.0,0.0,0.0,,,,,,,,36.03451,-86.8027,True,Crashes_2010_2019_MPO
102399056,2019-05-24,2019,,19.0,,,0,0,N,0.0,0.0,0.0,,,,,,,,36.04467,-86.86496,True,Crashes_2010_2019_MPO
102266007,2019-01-04,2019,,94.0,,,0,0,N,0.0,0.0,0.0,,,,,,,,36.01559,-86.7406,False,Crashes_2010_2019_MPO
102115895,2018-08-20,2018,,94.0,,,0,0,N,0.0,0.0,0.0,,,,,,,,35.93986,-86.87951,False,Crashes_2010_2019_MPO
102010423,2018-05-14,2018,,19.0,,,0,0,N,0.0,0.0,0.0,,,,,,,,35.99102,-86.68334,False,Crashes_2010_2019_MPO
100999444,2015-10-30,2015,,19.0,,,0,0,N,0.0,0.0,0.0,,,,,,,,36.04617,-86.85757,False,Crashes_2010_2019_MPO
101475433,2016-12-13,2016,,94.0,,,0,0,N,0.0,0.0,0.0,,,,,,,,36.00256,-86.79249,True,Crashes_2010_2019_MPO
101619046,2017-04-18,2017,,94.0,,,0,0,N,0.0,0.0,0.0,,,,,,,,36.02663,-86.87824,False,Crashes_2010_2019_MPO
100506505,2014-05-02,2014,,19.0,,,0,0,N,0.0,0.0,0.0,,,,,,,,36.03904,-86.78273,False,Crashes_2010_2019_MPO
100633398,2014-09-24,2014,,94.0,,,0,0,N,0.0,0.0,0.0,,,,,,,,35.95673,-86.80278,False,Crashes_2010_2019_MPO
100753490,2015-02-26,2015,,94.0,,,0,0,N,0.0,0.0,0.0,,,,,,,,35.92947,-86.84135,False,Crashes_2010_2019_MPO
100805436,2015-04-10,2015,,94.0,,,0,0,N,0.0,0.0,0.0,,,,,,,,35.97347,-86.83345,False,Crashes_2010_2019_MPO
100926196,2015-08-19,2015,,19.0,,,0,0,N,0.0,0.0,0.0,,,,,,,,36.03249,-86.70811,False,Crashes_2010_2019_MPO
100360836,2013-07-31,2013,,94.0,,,0,0,N,0.0,0.0,0.0,,,,,,,,35.96463,-86.81476,True,Crashes_2010_2019_MPO
100498755,2014-04-20,2014,,94.0,,,0,0,N,0.0,0.0,0.0,,,,,,,,35.94159,-86.85591,False,Crashes_2010_2019_MPO
101320297,2016-08-04,2016,,94.0,,,0,0,N,0.0,0.0,0.0,,,,,,,,35.9559,-86.81705,False,Crashes_2010_2019_MPO
100907658,2015-07-17,2015,,19.0,,,0,0,N,0.0,0.0,0.0,,,,,,,,36.03969,-86.76013,False,Crashes_2010_2019_MPO
101467057,2016-12-04,2016,,19.0,,,0,0,N,0.0,0.0,0.0,,,,,,,,36.04451,-86.71159,False,Crashes_2010_2019_MPO
100387984,2013-10-06,2013,,94.0,,,0,0,N,0.0,0.0,0.0,,,,,,,,35.95655,-86.87545,False,Crashes_2010_2019_MPO
101708249,2017-07-21,2017,,19.0,,,0,0,N,0.0,0.0,0.0,,,,,,,,36.04077,-86.74366,False,Crashes_2010_2019_MPO
100738183,2015-02-16,2015,,94.0,,,0,0,N,0.0,0.0,0.0,,,,,,,,35.93581,-86.81814,False,Crashes_2010_2019_MPO
102126500,2018-08-29,2018,,94.0,,,0,0,N,0.0,0.0,0.0,,,,,,,,35.96454,-86.81434,False,Crashes_2010_2019_MPO
101575147,2017-03-06,2017,,19.0,,,0,0,N,0.0,0.0,0.0,,,,,,,,36.03792,-86.79715,False,Crashes_2010_2019_MPO
101192748,2016-05-12,2016,,94.0,,,0,0,N,0.0,0.0,0.0,,,,,,,,35.966168,-86.77245,True,Crashes_2010_2019_MPO
101559755,2017-02-19,2017,,19.0,,,0,0,N,0.0,0.0,0.0,,,,,,,,36.0473,-86.86274,False,Crashes_2010_2019_MPO
100374793,2013-09-03,2013,,94.0,,,0,0,N,0.0,0.0,0.0,,,,,,,,35.99335,-86.69968,True,Crashes_2010_2019_MPO
101471144,2016-12-08,2016,,19.0,,,0,0,N,0.0,0.0,0.0,,,,,,,,35.9973,-86.69049,False,Crashes_2010_2019_MPO
101625882,2017-04-25,2017,,94.0,,,0,0,N,0.0,0.0,0.0,,,,,,,,35.9441,-86.81094,False,Crashes_2010_2019_MPO
101072088,2016-01-04,2016,,94.0,,,0,0,N,0.0,0.0,0.0,,,,,,,,35.96673,-86.81069,True,Crashes_2010_2019_MPO
101638560,2017-05-08,2017,,94.0,,,0,0,N,0.0,0.0,0.0,,,,,,,,35.94765,-86.81971,False,Crashes_2010_2019_MPO
100161216,2012-03-23,2012,,94.0,,,0,0,N,0.0,0.0,0.0,,,,,,,,35.93283,-86.8774,False,Crashes_2010_2019_MPO
10741768,2013-08-17,2013,,19.0,,,0,0, ,0.0,0.0,0.0,,,,,,,,36.05437,-86.71577,False,Crashes_2010_2019_MPO
100801516,2015-04-02,2015,,94.0,,,0,0,N,0.0,0.0,0.0,,,,,,,,35.97723,-86.7725,True,Crashes_2010_2019_MPO
101646282,2017-05-16,2017,,94.0,,,0,0,N,0.0,0.0,0.0,,,,,,,,35.99551,-86.77887,True,Crashes_2010_2019_MPO
100937111,2015-08-21,2015,,19.0,,,0,0,N,0.0,0.0,0.0,,,,,,,,36.0261,-86.87897,False,Crashes_2010_2019_MPO
102296791,2019-02-04,2019,,19.0,,,0,0,N,0.0,0.0,0.0,,,,,,,,36.02263,-86.68056,False,Crashes_2010_2019_MPO
101344955,2016-08-24,2016,,94.0,,,0,0,N,0.0,0.0,0.0,,,,,,,,35.94736,-86.81439,False,Crashes_2010_2019_MPO
102538916,2019-10-15,2019,,94.0,,,0,0,N,0.0,0.0,0.0,,,,,,,,35.98989,-86.74405,True,Crashes_2010_2019_MPO
101134975,2016-03-11,2016,,94.0,,,0,0,N,0.0,0.0,0.0,,,,,,,,35.95916,-86.8021,False,Crashes_2010_2019_MPO
100755880,2015-03-03,2015,,94.0,,,0,0,N,0.0,0.0,0.0,,,,,,,,35.94527,-86.80886,False,Crashes_2010_2019_MPO
101855169,2017-12-11,2017,,19.0,,,0,0,N,0.0,0.0,0.0,,,,,,,,36.05145,-86.70271,False,Crashes_2010_2019_MPO
102127751,2018-08-30,2018,,19.0,,,0,0,N,0.0,0.0,0.0,,,,,,,,36.03817,-86.78637,False,Crashes_2010_2019_MPO
101861433,2017-12-17,2017,,19.0,,,0,0,N,0.0,0.0,0.0,,,,,,,,36.04821,-86.86601,False,Crashes_2010_2019_MPO
100441149,2014-02-10,2014,,94.0,,,0,0,N,0.0,0.0,0.0,,,,,,,,35.92797,-86.84222,False,Crashes_2010_2019_MPO