mstrrecnbr,collision_ts,year,county,countystat,crash,crash_type,fatalities,non_motorists,commercial,fatal_c,nonmotor_c,truck_c,fatalc,serious_injuries,ped,bike,lighting,weather,first_harmful_event,latitude,longitude,in_city,src_layer
100768820,2015-03-07,2015,,19.0,,,0,0,N,0.0,0.0,0.0,,,,,,,,36.04549,-86.71237,False,Crashes_2010_2019_MPO
101455151,2016-11-19,2016,,94.0,,,0,0,N,0.0,0.0,0.0,,,,,,,,35.94675,-86.85178,False,Crashes_2010_2019_MPO
100312940,2013-04-06,2013,,94.0,,,0,0,N,0.0,0.0,0.0,,,,,,,,36.03121,-86.87558,False,Crashes_2010_2019_MPO
101272005,2016-06-24,2016,,94.0,,,0,0,N,0.0,0.0,0.0,,,,,,,,35.92648,-86.82452,False,Crashes_2010_2019_MPO
100404618,2013-11-13,2013,,94.0,,,0,0,N,0.0,0.0,0.0,,,,,,,,35.92475,-86.86679,False,Crashes_2010_2019_MPO
102504969,2019-09-10,2019,,94.0,,,0,0,N,0.0,0.0,0.0,,,,,,,,35.96133,-86.81226,False,Crashes_2010_2019_MPO
100794436,2015-03-19,2015,,94.0,,,0,0,N,0.0,0.0,0.0,,,,,,,,36.03336,-86.78872,True,Crashes_2010_2019_MPO
100233236,2012-10-01,2012,,94.0,,,0,0,N,0.0,0.0,0.0,,,,,,,,35.965,-86.7275,True,Crashes_2010_2019_MPO
100385328,2013-09-30,2013,,94.0,,,0,0,N,0.0,0.0,0.0,,,,,,,,35.96427,-86.78649,True,Crashes_2010_2019_MPO
102209992,2018-11-13,2018,,94.0,,,0,0,N,0.0,0.0,0.0,,,,,,,,35.92743,-86.86575,False,Crashes_2010_2019_MPO
102404715,2019-05-30,2019,,94.0,,,0,0,N,0.0,0.0,0.0,,,,,,,,35.99551,-86.77887,True,Crashes_2010_2019_MPO
101678149,2017-06-19,2017,,94.0,,,0,0,N,0.0,0.0,0.0,,,,,,,,35.95504,-86.81805,False,Crashes_2010_2019_MPO
100441498,2014-02-10,2014,,94.0,,,0,0,N,0.0,0.0,0.0,,,,,,,,35.94068,-86.83938,False,Crashes_2010_2019_MPO
101714460,2017-07-28,2017,,94.0,,,0,0,N,0.0,0.0,0.0,,,,,,,,35.93288,-86.7833,False,Crashes_2010_2019_MPO
101564616,2017-02-24,2017,,19.0,,,0,0,N,0.0,0.0,0.0,,,,,,,,36.04552,-86.71165,False,Crashes_2010_2019_MPO
102430041,2019-06-27,2019,,19.0,,,0,0,N,0.0,0.0,0.0,,,,,,,,36.0409,-86.77938,False,Crashes_2010_2019_MPO
100769493,2015-03-09,2015,,94.0,,,0,0,N,0.0,0.0,0.0,,,,,,,,35.96514,-86.80852,False,Crashes_2010_2019_MPO
102538618,2019-10-15,2019,,19.0,,,0,0,N,0.0,0.0,0.0,,,,,,,,36.04624,-86.77738,False,Crashes_2010_2019_MPO
101917093,2018-02-15,2018,,19.0,,,0,0,N,0.0,0.0,0.0,,,,,,,,36.04561,-86.71977,False,Crashes_2010_2019_MPO
101283748,2016-07-11,2016,,94.0,,,0,0,N,0.0,0.0,0.0,,,,,,,,36.01286,-86.80081,True,Crashes_2010_2019_MPO
102124870,2018-08-28,2018,,94.0,,,0,0,N,0.0,0.0,0.0,,,,,,,,36.03327,-86.7839,True,Crashes_2010_2019_MPO
101578018,2017-03-09,2017,,94.0,,,0,0,N,0.0,0.0,0.0,,,,,,,,36.00006,-86.7025,True,Crashes_2010_2019_MPO
101246493,2016-06-15,2016,,94.0,,,0,0,N,0.0,0.0,0.0,,,,,,,,35.99475,-86.76958,True,Crashes_2010_2019_MPO
102151693,2018-09-20,2018,,19.0,,,0,0,N,0.0,0.0,0.0,,,,,,,,36.04276,-86.75148,False,Crashes_2010_2019_MPO
101554284,2017-02-13,2017,,94.0,,,0,0,N,0.0,0.0,0.0,,,,,,,,35.92498,-86.86879,False,Crashes_2010_2019_MPO
101403441,2016-10-14,2016,,19.0,,,0,0,N,0.0,0.0,0.0,,,,,,,,36.05295,-86.71481,False,Crashes_2010_2019_MPO
10765836,2013-02-20,2013,,19.0,,,0,0, ,0.0,0.0,0.0,,,,,,,,36.009697,-86.701855,False,Crashes_2010_2019_MPO
100425921,2013-12-31,2013,,94.0,,,0,0,N,0.0,0.0,0.0,,,,,,,,36.02187,-86.78701,True,Crashes_2010_2019_MPO
100612888,2014-08-31,2014,,94.0,,,0,0,N,0.0,0.0,0.0,,,,,,,,35.95084,-86.81864,False,Crashes_2010_2019_MPO
100717264,2015-01-04,2015,,94.0,,,0,0,N,0.0,0.0,0.0,,,,,,,,35.99004,-86.74526,True,Crashes_2010_2019_MPO
102204019,2018-11-08,2018,,19.0,,,0,0,N,0.0,0.0,0.0,,,,,,,,36.0391,-86.7824,False,Crashes_2010_2019_MPO
102256633,2018-12-20,2018,,94.0,,,0,0,N,0.0,0.0,0.0,,,,,,,,35.95902,-86.81609,False,Crashes_2010_2019_MPO
102071991,2018-07-12,2018,,19.0,,,0,0,N,0.0,0.0,0.0,,,,,,,,36.0412,-86.72668,False,Crashes_2010_2019_MPO
101406718,2016-10-14,2016,,94.0,,,0,0,N,0.0,0.0,0.0,,,,,,,,35.9471,-86.82115,False,Crashes_2010_2019_MPO
101395157,2016-10-03,2016,,94.0,,,0,0,N,0.0,0.0,0.0,,,,,,,,36.03049,-86.87587,False,Crashes_2010_2019_MPO
102238976,2018-12-07,2018,,19.0,,,0,0,Y,0.0,0.0,1.0,,,,,,,,36.04583,-86.69116,False,Crashes_2010_2019_MPO
102239064,2018-12-07,2018,,19.0,,,0,0,N,0.0,0.0,0.0,,,,,,,,36.03979,-86.74621,False,Crashes_2010_2019_MPO
101950969,2018-03-21,2018,,19.0,,,0,0,N,0.0,0.0,0.0,,,,,,,,36.04537,-86.71326,False,Crashes_2010_2019_MPO
101282507,2016-07-09,2016,,94.0,,,0,0,N,0.0,0.0,0.0,,,,,,,,35.99754,-86.79648,True,Crashes_2010_2019_MPO
102041176,2018-06-12,2018,,94.0,,,0,0,N,0.0,0.0,0.0,,,,,,,,35.92641,-86.82447,False,Crashes_2010_2019_MPO
102179724,2018-10-16,2018,,94.0,,,0,0,N,0.0,0.0,0.0,,,,,,,,35.99614,-86.78539,True,Crashes_2010_2019_MPO
102393073,2019-05-18,2019,,19.0,,,0,0,N,0.0,0.0,0.0,,,,,,,,36.054,-86.72529,False,Crashes_2010_2019_MPO
102009688,2018-05-13,2018,,19.0,,,0,0,N,0.0,0.0,0.0,,,,,,,,36.04543,-86.70361,False,Crashes_2010_2019_MPO
102372555,2019-04-25,2019,,94.0,,,0,0,N,0.0,0.0,0.0,,,,,,,,36.03399,-86.78317,True,Crashes_2010_2019_MPO
100411704,2013-11-27,2013,,94.0,,,0,0,N,0.0,0.0,0.0,,,,,,,,35.95581,-86.83101,False,Crashes_2010_2019_MPO
100769739,2015-03-10,2015,,94.0,,,0,0,N,0.0,0.0,0.0,,,,,,,,35.94222,-86.81594,False,Crashes_2010_2019_MPO
102011289,2018-05-15,2018,,94.0,,,0,0,N,0.0,0.0,0.0,,,,,,,,35.99922,-86.80923,True,Crashes_2010_2019_MPO
102317202,2019-02-26,2019,,94.0,,,0,0,N,0.0,0.0,0.0,,,,,,,,35.96133,-86.81226,False,Crashes_2010_2019_MPO
101830273,2017-11-18,2017,,94.0,,,0,0,N,0.0,0.0,0.0,,,,,,,,35.98195,-86.79016,True,Crashes_2010_2019_MPO
100417024,2013-12-10,2013,,94.0,,,0,0,N,0.0,0.0,0.0,,,,,,,,35.97171,-86.80592,True,Crashes_2010_2019_MPO
101619734,2017-04-19,2017,,19.0,,,0,0,N,0.0,0.0,0.0,,,,,,,,36.04012,-86.78074,False,Crashes_2010_2019_MPO
101421511,2016-10-24,2016,,94.0,,,0,0,N,0.0,0.0,0.0,,,,,,,,35.96756,-86.80711,True,Crashes_2010_2019_MPO
101678725,2017-06-20,2017,,19.0,,,0,0,N,0.0,0.0,0.0,,,,,,,,36.04053,-86.78006,False,Crashes_2010_2019_MPO
100967683,2015-09-26,2015,,19.0,,,0,0,N,0.0,0.0,0.0,,,,,,,,36.01242,-86.68843,False,Crashes_2010_2019_MPO
102608649,2019-12-27,2019,,19.0,,,0,0,N,0.0,0.0,0.0,,,,,,,,35.99975,-86.69207,False,Crashes_2010_2019_MPO
102216578,2018-11-19,2018,,94.0,,,0,0,N,0.0,0.0,0.0,,,,,,,,35.94782,-86.81975,False,Crashes_2010_2019_MPO
102067830,2018-07-06,2018,,94.0,,,0,0,N,0.0,0.0,0.0,,,,,,,,35.95577,-86.83065,False,Crashes_2010_2019_MPO
102549003,2019-10-25,2019,,19.0,,,0,0,N,0.0,0.0,0.0,,,,,,,,36.00171,-86.69604,False,Crashes_2010_2019_MPO
101386708,2016-09-22,2016,,19.0,,,0,0,N,0.0,0.0,0.0,,,,,,,,36.04399,-86.74408,False,Crashes_2010_2019_MPO
102362867,2019-04-16,2019,,94.0,,,0,0,N,0.0,0.0,0.0,,,,,,,,36.03311,-86.78656,True,Crashes_2010_2019_MPO
101786759,2017-10-09,2017,,94.0,,,0,0,N,0.0,0.0,0.0,,,,,,,,35.94056,-86.83296,False,Crashes_2010_2019_MPO
100423793,2013-12-24,2013,,94.0,,,0,0,N,0.0,0.0,0.0,,,,,,,,35.92983,-86.6808,False,Crashes_2010_2019_MPO
101035554,2015-11-24,2015,,94.0,,,0,0,N,0.0,0.0,0.0,,,,,,,,35.95175,-86.73935,True,Crashes_2010_2019_MPO
100276472,2013-01-08,2013,,94.0,,,0,0,N,0.0,0.0,0.0,,,,,,,,35.99597,-86.78377,True,Crashes_2010_2019_MPO
102528235,2019-10-03,2019,,94.0,,,0,0,N,0.0,0.0,0.0,,,,,,,,35.99712,-86.79688,True,Crashes_2010_2019_MPO
101010340,2015-11-12,2015,,94.0,,,0,0,N,0.0,0.0,0.0,,,,,,,,35.94504,-86.81944,False,Crashes_2010_2019_MPO
102285997,2019-01-21,2019,,94.0,,,0,0,N,0.0,0.0,0.0,,,,,,,,35.9468,-86.85197,False,Crashes_2010_2019_MPO
101776365,2017-09-28,2017,,94.0,,,0,0,N,0.0,0.0,0.0,,,,,,,,35.94734,-86.81967,False,Crashes_2010_2019_MPO
100979182,2015-10-14,2015,,19.0,,,0,0,N,0.0,0.0,0.0,,,,,,,,36.04891,-86.69113,False,Crashes_2010_2019_MPO
101804022,2017-10-26,2017,,94.0,,,0,0,N,0.0,0.0,0.0,,,,,,,,35.99438,-86.79783,True,Crashes_2010_2019_MPO
100715280,2014-12-31,2014,,19.0,,,0,0,N,0.0,0.0,0.0,,,,,,,,36.03923,-86.72926,False,Crashes_2010_2019_MPO
100910038,2015-07-21,2015,,94.0,,,0,0,N,0.0,0.0,0.0,,,,,,,,35.93549,-86.82394,False,Crashes_2010_2019_MPO
102588279,2019-12-04,2019,,94.0,,,0,0,N,0.0,0.0,0.0,,,,,,,,35.93127,-86.87663,False,Crashes_2010_2019_MPO
101320988,2016-08-05,2016,,94.0,,,0,0,N,0.0,0.0,0.0,,,,,,,,35.94044,-86.81678,False,Crashes_2010_2019_MPO
102417190,2019-06-12,2019,,94.0,,,0,0,N,0.0,0.0,0.0,,,,,,,,35.92673,-86.87005,False,Crashes_2010_2019_MPO
101833825,2017-11-21,2017,,19.0,,,0,0,N,0.0,0.0,0.0,,,,,,,,36.01518,-86.70553,False,Crashes_2010_2019_MPO
101600454,2017-04-01,2017,,19.0,,,0,0,N,0.0,0.0,0.0,,,,,,,,36.04231,-86.72652,False,Crashes_2010_2019_MPO
101687768,2017-06-29,2017,,94.0,,,0,0,N,0.0,0.0,0.0,,,,,,,,35.947,-86.85158,False,Crashes_2010_2019_MPO
101700938,2017-07-13,2017,,94.0,,,0,0,N,0.0,0.0,0.0,,,,,,,,36.01376,-86.71736,False,Crashes_2010_2019_MPO
100503734,2014-05-02,2014,,94.0,,,0,0,N,0.0,0.0,0.0,,,,,,,,35.95085,-86.80667,False,Crashes_2010_2019_MPO
102289550,2019-01-27,2019,,19.0,,,0,0,N,0.0,0.0,0.0,,,,,,,,36.05366,-86.71502,False,Crashes_2010_2019_MPO
100874641,2015-06-22,2015,,94.0,,,0,0,N,0.0,0.0,0.0,,,,,,,,35.93193,-86.79397,False,Crashes_2010_2019_MPO
101634937,2017-05-05,2017,,94.0,,,0,0,N,0.0,0.0,0.0,,,,,,,,35.95029,-86.84895,False,Crashes_2010_2019_MPO
100250680,2012-11-08,2012,,94.0,,,0,0,N,0.0,0.0,0.0,,,,,,,,35.97206,-86.86249,False,Crashes_2010_2019_MPO
101161966,2016-04-11,2016,,94.0,,,0,0,N,0.0,0.0,0.0,,,,,,,,36.0419,-86.867395,True,Crashes_2010_2019_MPO
100832831,2015-05-01,2015,,94.0,,,0,0,N,0.0,0.0,0.0,,,,,,,,35.94428,-86.81993,False,Crashes_2010_2019_MPO
102554923,2019-11-01,2019,,19.0,,,0,0,N,0.0,0.0,0.0,,,,,,,,36.04104,-86.77944,False,Crashes_2010_2019_MPO
102563566,2019-11-08,2019,,94.0,,,0,0,N,0.0,0.0,0.0,,,,,,,,35.97051,-86.67826,False,Crashes_2010_2019_MPO
100544622,2014-05-29,2014,,94.0,,,0,0,N,0.0,0.0,0.0,,,,,,,,35.92798,-86.82111,False,Crashes_2010_2019_MPO
102559708,2019-11-06,2019,,19.0,,,0,0,N,0.0,0.0,0.0,,,,,,,,36.04387,-86.7131,False,Crashes_2010_2019_MPO
101129112,2016-03-07,2016,,94.0,,,0,0,N,0.0,0.0,0.0,,,,,,,,35.93595,-86.8181,False,Crashes_2010_2019_MPO
100641573,2014-10-10,2014,,19.0,,,0,0,N,0.0,0.0,0.0,,,,,,,,36.04494,-86.7245,False,Crashes_2010_2019_MPO
101827748,2017-11-16,2017,,94.0,,,0,0,N,0.0,0.0,0.0,,,,,,,,35.95067,-86.81852,False,Crashes_2010_2019_MPO
102473082,2019-08-04,2019,,94.0,,,0,0,N,0.0,0.0,0.0,,,,,,,,36.00417,-86.79083,True,Crashes_2010_2019_MPO
102134693,2018-09-05,2018,,94.0,,,0,0,N,0.0,0.0,0.0,,,,,,,,35.95221,-86.81878,False,Crashes_2010_2019_MPO
101686849,2017-06-29,2017,,19.0,,,0,0,N,0.0,0.0,0.0,,,,,,,,36.02935,-86.71254,False,Crashes_2010_2019_MPO
100700132,2014-12-02,2014,,94.0,,,0,0,N,0.0,0.0,0.0,,,,,,,,35.97576,-86.83007,True,Crashes_2010_2019_MPO
101387977,2016-09-23,2016,,94.0,,,0,0,N,0.0,0.0,0.0,,,,,,,,36.02212,-86.74811,False,Crashes_2010_2019_MPO
101747034,2017-08-31,2017,,19.0,,,0,0,N,0.0,0.0,0.0,,,,,,,,36.04479,-86.72487,False,Crashes_2010_2019_MPO
101780925,2017-10-04,2017,,19.0,,,0,0,N,0.0,0.0,0.0,,,,,,,,36.04114,-86.77621,False,Crashes_2010_2019_MPO
101050046,2015-12-15,2015,,94.0,,,0,0,N,0.0,0.0,0.0,,,,,,,,35.9694,-86.8096,True,Crashes_2010_2019_MPO
102295315,2019-02-02,2019,,94.0,,,0,0,N,0.0,0.0,0.0,,,,,,,,35.96686,-86.81234,True,Crashes_2010_2019_MPO
100697916,2014-11-28,2014,,94.0,,,0,0,N,0.0,0.0,0.0,,,,,,,,36.02114,-86.74266,False,Crashes_2010_2019_MPO
100947627,2015-09-09,2015,,19.0,,,0,0,N,0.0,0.0,0.0,,,,,,,,36.04122,-86.78252,False,Crashes_2010_2019_MPO
101075022,2016-01-09,2016,,94.0,,,0,0,N,0.0,0.0,0.0,,,,,,,,35.95723,-86.81662,False,Crashes_2010_2019_MPO
100883837,2015-07-09,2015,,19.0,,,0,0,N,0.0,0.0,0.0,,,,,,,,36.0452,-86.7162,False,Crashes_2010_2019_MPO
101233650,2016-05-27,2016,,19.0,,,0,0,N,0.0,0.0,0.0,,,,,,,,36.02499,-86.71301,False,Crashes_2010_2019_MPO
100730117,2015-01-31,2015,,19.0,,,0,0,N,0.0,0.0,0.0,,,,,,,,35.99978,-86.69384,False,Crashes_2010_2019_MPO
101180221,2016-04-23,2016,,94.0,,,0,0,N,0.0,0.0,0.0,,,,,,,,35.94631,-86.8236,False,Crashes_2010_2019_MPO
101470335,2016-12-07,2016,,19.0,,,0,0,N,0.0,0.0,0.0,,,,,,,,36.05323,-86.71489,False,Crashes_2010_2019_MPO
101570943,2017-03-02,2017,,94.0,,,0,0,N,0.0,0.0,0.0,,,,,,,,35.93555,-86.86043,False,Crashes_2010_2019_MPO
102102923,2018-08-02,2018,,94.0,,,0,0,N,0.0,0.0,0.0,,,,,,,,35.92826,-86.76722,False,Crashes_2010_2019_MPO
102544071,2019-10-21,2019,,94.0,,,0,0,N,0.0,0.0,0.0,,,,,,,,35.997514,-86.794637,True,Crashes_2010_2019_MPO
100944315,2015-09-03,2015,,19.0,,,0,0,N,0.0,0.0,0.0,,,,,,,,36.03865,-86.78318,False,Crashes_2010_2019_MPO
101236076,2016-05-31,2016,,94.0,,,0,0,N,0.0,0.0,0.0,,,,,,,,35.92407,-86.86956,False,Crashes_2010_2019_MPO
100563778,2014-06-19,2014,,94.0,,,0,0,N,0.0,0.0,0.0,,,,,,,,35.94476,-86.82852,False,Crashes_2010_2019_MPO
100226314,2012-09-12,2012,,94.0,,,0,1,N,0.0,1.0,0.0,,,,,,,,36.03652,-86.80099,True,Crashes_2010_2019_MPO
101840487,2017-11-27,2017,,94.0,,,0,0,N,0.0,0.0,0.0,,,,,,,,35.93098,-86.8636,False,Crashes_2010_2019_MPO
102559514,2019-10-27,2019,,94.0,,,0,0,N,0.0,0.0,0.0,,,,,,,,35.99156,-86.79881,True,Crashes_2010_2019_MPO
101240686,2016-06-07,2016,,19.0,,,0,0,N,0.0,0.0,0.0,,,,,,,,36.04348,-86.78162,False,Crashes_2010_2019_MPO
101968115,2018-04-05,2018,,94.0,,,0,0,N,0.0,0.0,0.0,,,,,,,,35.92443,-86.87161,False,Crashes_2010_2019_MPO
100926138,2015-08-19,2015,,94.0,,,0,0,N,0.0,0.0,0.0,,,,,,,,35.95078,-86.80647,False,Crashes_2010_2019_MPO
101236829,2016-05-28,2016,,19.0,,,0,0,N,0.0,0.0,0.0,,,,,,,,36.0399,-86.71278,False,Crashes_2010_2019_MPO
100979653,2015-10-15,2015,,94.0,,,0,0,N,0.0,0.0,0.0,,,,,,,,35.99643,-86.78798,True,Crashes_2010_2019_MPO
101939707,2018-03-10,2018,,94.0,,,0,0,N,0.0,0.0,0.0,,,,,,,,35.95015,-86.84906,False,Crashes_2010_2019_MPO
101434798,2016-11-08,2016,,94.0,,,0,0,N,0.0,0.0,0.0,,,,,,,,35.9595,-86.81407,False,Crashes_2010_2019_MPO
100363896,2013-08-07,2013,,94.0,,,0,0,N,0.0,0.0,0.0,,,,,,,,35.94873,-86.83188,False,Crashes_2010_2019_MPO
101711896,2017-07-25,2017,,94.0,,,0,0,N,0.0,0.0,0.0,,,,,,,,36.00457,-86.79042,True,Crashes_2010_2019_MPO
100730752,2015-02-01,2015,,94.0,,,0,0,N,0.0,0.0,0.0,,,,,,,,35.96453,-86.81434,False,Crashes_2010_2019_MPO
101671042,2017-06-10,2017,,94.0,,,0,0,N,0.0,0.0,0.0,,,,,,,,35.97005,-86.72505,True,Crashes_2010_2019_MPO
101854339,2017-12-10,2017,,94.0,,,0,0,N,0.0,0.0,0.0,,,,,,,,35.94803,-86.86369,False,Crashes_2010_2019_MPO
102463394,2019-07-31,2019,,19.0,,,0,0,N,0.0,0.0,0.0,,,,,,,,36.0374,-86.78657,False,Crashes_2010_2019_MPO
100704382,2014-12-09,2014,,94.0,,,0,0,N,0.0,0.0,0.0,,,,,,,,35.97307,-86.83029,True,Crashes_2010_2019_MPO
101549858,2017-02-10,2017,,19.0,,,0,0,N,0.0,0.0,0.0,,,,,,,,36.04774,-86.86431,False,Crashes_2010_2019_MPO
100951499,2015-09-16,2015,,94.0,,,0,0,N,0.0,0.0,0.0,,,,,,,,35.92554,-86.86737,False,Crashes_2010_2019_MPO
101314908,2016-07-28,2016,,94.0,,,0,0,N,0.0,0.0,0.0,,,,,,,,36.033177,-86.799256,True,Crashes_2010_2019_MPO
102333977,2019-03-18,2019,,94.0,,,0,0,N,0.0,0.0,0.0,,,,,,,,35.9583,-86.8023,False,Crashes_2010_2019_MPO
101243040,2016-06-08,2016,,19.0,,,0,0,N,0.0,0.0,0.0,,,,,,,,36.04322,-86.78132,False,Crashes_2010_2019_MPO
102583867,2019-11-29,2019,,94.0,,,0,0,N,0.0,0.0,0.0,,,,,,,,35.93405,-86.81901,False,Crashes_2010_2019_MPO
100858140,2015-06-09,2015,,19.0,,,0,0,N,0.0,0.0,0.0,,,,,,,,36.03565,-86.78286,False,Crashes_2010_2019_MPO
100303128,2013-03-12,2013,,94.0,,,0,0,N,0.0,0.0,0.0,,,,,,,,35.94538,-86.84808,False,Crashes_2010_2019_MPO
101288547,2016-07-18,2016,,94.0,,,0,0,N,0.0,0.0,0.0,,,,,,,,35.94114,-86.83623,False,Crashes_2010_2019_MPO
101274580,2016-06-28,2016,,19.0,,,0,0,N,0.0,0.0,0.0,,,,,,,,36.0457,-86.72089,False,Crashes_2010_2019_MPO
101395500,2016-10-03,2016,,94.0,,,0,0,N,0.0,0.0,0.0,,,,,,,,35.98527,-86.7303,True,Crashes_2010_2019_MPO
101363505,2016-09-17,2016,,94.0,,,0,0,N,0.0,0.0,0.0,,,,,,,,35.96062,-86.81522,False,Crashes_2010_2019_MPO
100350326,2013-07-04,2013,,94.0,,,0,0,N,0.0,0.0,0.0,,,,,,,,35.96698,-86.69987,False,Crashes_2010_2019_MPO
102177681,2018-10-14,2018,,94.0,,,0,0,N,0.0,0.0,0.0,,,,,,,,35.95078,-86.80647,False,Crashes_2010_2019_MPO
102461499,2019-07-29,2019,,19.0,,,0,0,N,0.0,0.0,0.0,,,,,,,,36.04668,-86.72506,False,Crashes_2010_2019_MPO
101094328,2016-01-26,2016,,19.0,,,0,0,N,0.0,0.0,0.0,,,,,,,,36.04037,-86.76901,False,Crashes_2010_2019_MPO
101813115,2017-11-03,2017,,94.0,,,0,0,Y,0.0,0.0,1.0,,,,,,,,36.03393,-86.78317,True,Crashes_2010_2019_MPO
100920476,2015-08-10,2015,,19.0,,,0,0,N,0.0,0.0,0.0,,,,,,,,36.05029,-86.87482,False,Crashes_2010_2019_MPO
101498689,2017-01-07,2017,,19.0,,,0,0,N,0.0,0.0,0.0,,,,,,,,36.04571,-86.7883,False,Crashes_2010_2019_MPO
102589269,2019-12-05,2019,,94.0,,,0,0,N,0.0,0.0,0.0,,,,,,,,35.94673,-86.82206,False,Crashes_2010_2019_MPO
101074559,2016-01-09,2016,,19.0,,,0,0,N,0.0,0.0,0.0,,,,,,,,36.03943,-86.78186,False,Crashes_2010_2019_MPO
100668416,2014-11-11,2014,,19.0,,,0,0,N,0.0,0.0,0.0,,,,,,,,36.03992,-86.7813,False,Crashes_2010_2019_MPO
100313512,2013-04-04,2013,,94.0,,,0,0,N,0.0,0.0,0.0,,,,,,,,36.03401,-86.81726,True,Crashes_2010_2019_MPO
102202356,2018-11-06,2018,,94.0,,,0,0,N,0.0,0.0,0.0,,,,,,,,36.02761,-86.79189,True,Crashes_2010_2019_MPO
100982614,2015-10-20,2015,,19.0,,,0,0,N,0.0,0.0,0.0,,,,,,,,36.03989,-86.781,False,Crashes_2010_2019_MPO
100388388,2013-10-07,2013,,94.0,,,0,0,N,0.0,0.0,0.0,,,,,,,,35.95949,-86.80127,False,Crashes_2010_2019_MPO
102447886,2019-07-15,2019,,94.0,,,0,0,N,0.0,0.0,0.0,,,,,,,,35.99296,-86.82882,True,Crashes_2010_2019_MPO
101726905,2017-08-11,2017,,94.0,,,0,0,N,0.0,0.0,0.0,,,,,,,,35.9638,-86.80842,False,Crashes_2010_2019_MPO
101561658,2017-02-19,2017,,94.0,,,0,0,N,0.0,0.0,0.0,,,,,,,,35.95898,-86.81085,False,Crashes_2010_2019_MPO
101126233,2016-03-02,2016,,94.0,,,0,0,N,0.0,0.0,0.0,,,,,,,,35.95743,-86.84322,False,Crashes_2010_2019_MPO
102447504,2019-07-14,2019,,19.0,,,0,0,N,0.0,0.0,0.0,,,,,,,,36.0423,-86.71293,False,Crashes_2010_2019_MPO
101825438,2017-11-14,2017,,94.0,,,0,0,N,0.0,0.0,0.0,,,,,,,,35.95788,-86.80257,False,Crashes_2010_2019_MPO
100382881,2013-09-21,2013,,94.0,,,0,0,N,0.0,0.0,0.0,,,,,,,,35.92641,-86.86611,False,Crashes_2010_2019_MPO
100262031,2012-12-05,2012,,94.0,,,0,0,N,0.0,0.0,0.0,,,,,,,,36.00745,-86.85769,False,Crashes_2010_2019_MPO
102583800,2019-11-29,2019,,94.0,,,0,0,N,0.0,0.0,0.0,,,,,,,,35.92957,-86.84226,False,Crashes_2010_2019_MPO
101076712,2016-01-13,2016,,94.0,,,0,0,N,0.0,0.0,0.0,,,,,,,,35.93119,-86.85227,False,Crashes_2010_2019_MPO
100635388,2014-09-28,2014,,19.0,,,0,0,N,0.0,0.0,0.0,,,,,,,,35.9912,-86.68349,False,Crashes_2010_2019_MPO
102462571,2019-07-10,2019,,94.0,,,0,0,N,0.0,0.0,0.0,,,,,,,,35.99552,-86.77906,True,Crashes_2010_2019_MPO
100563364,2014-06-20,2014,,94.0,,,0,0,N,0.0,0.0,0.0,,,,,,,,35.96697,-86.81288,True,Crashes_2010_2019_MPO
101704029,2017-07-17,2017,,94.0,,,0,0,N,0.0,0.0,0.0,,,,,,,,35.93438,-86.86107,False,Crashes_2010_2019_MPO
102562878,2019-11-09,2019,,94.0,,,0,0,N,0.0,0.0,0.0,,,,,,,,36.01513,-86.78156,True,Crashes_2010_2019_MPO
100707299,2014-12-15,2014,,94.0,,,0,0,N,0.0,0.0,0.0,,,,,,,,35.96708,-86.81356,True,Crashes_2010_2019_MPO
100333184,2013-05-23,2013,,94.0,,,0,0,N,0.0,0.0,0.0,,,,,,,,35.93796,-86.82869,False,Crashes_2010_2019_MPO
101852514,2017-12-08,2017,,94.0,,,0,0,N,0.0,0.0,0.0,,,,,,,,35.95915,-86.81161,False,Crashes_2010_2019_MPO
100999206,2015-10-26,2015,,94.0,,,0,0,N,0.0,0.0,0.0,,,,,,,,35.9971,-86.82848,True,Crashes_2010_2019_MPO
100970078,2015-09-30,2015,,19.0,,,0,0,N,0.0,0.0,0.0,,,,,,,,36.04307,-86.69,False,Crashes_2010_2019_MPO
101947468,2018-03-17,2018,,94.0,,,0,0,Y,0.0,0.0,1.0,,,,,,,,35.99551,-86.77887,True,Crashes_2010_2019_MPO
102415816,2019-06-11,2019,,19.0,,,0,0,N,0.0,0.0,0.0,,,,,,,,36.03736,-86.78698,False,Crashes_2010_2019_MPO
101987481,2018-04-23,2018,,19.0,,,0,0,N,0.0,0.0,0.0,,,,,,,,36.04777,-86.71355,False,Crashes_2010_2019_MPO
101180183,2016-04-22,2016,,19.0,,,0,0,N,0.0,0.0,0.0,,,,,,,,36.04245,-86.71294,False,Crashes_2010_2019_MPO
101118792,2016-02-19,2016,,19.0,,,0,0,N,0.0,0.0,0.0,,,,,,,,36.04261,-86.70048,False,Crashes_2010_2019_MPO
100942901,2015-09-01,2015,,94.0,,,0,0,N,0.0,0.0,0.0,,,,,,,,35.97546,-86.81731,True,Crashes_2010_2019_MPO
101784989,2017-10-07,2017,,19.0,,,0,0,N,0.0,0.0,0.0,,,,,,,,36.03323,-86.71135,False,Crashes_2010_2019_MPO
101422015,2016-10-24,2016,,94.0,,,0,0,N,0.0,0.0,0.0,,,,,,,,35.94646,-86.82039,False,Crashes_2010_2019_MPO
100431646,2014-01-16,2014,,94.0,,,0,0,N,0.0,0.0,0.0,,,,,,,,35.9508,-86.81867,False,Crashes_2010_2019_MPO
101746854,2017-08-31,2017,,94.0,,,0,0,N,0.0,0.0,0.0,,,,,,,,35.942,-86.85557,False,Crashes_2010_2019_MPO
101606183,2017-04-07,2017,,94.0,,,0,0,N,0.0,0.0,0.0,,,,,,,,35.96532,-86.70293,False,Crashes_2010_2019_MPO