mstrrecnbr,collision_ts,year,county,countystat,crash,crash_type,fatalities,non_motorists,commercial,fatal_c,nonmotor_c,truck_c,fatalc,serious_injuries,ped,bike,lighting,weather,first_harmful_event,latitude,longitude,in_city,src_layer
101391776,2016-09-28,2016,,94.0,,,0,0,N,0.0,0.0,0.0,,,,,,,,35.94782,-86.81975,False,Crashes_2010_2019_MPO
102610818,2019-12-29,2019,,94.0,,,0,0,N,0.0,0.0,0.0,,,,,,,,35.92472,-86.79428,False,Crashes_2010_2019_MPO
100256246,2012-11-21,2012,,94.0,,,1,0,N,1.0,0.0,0.0,,,,,,,,35.955742,-86.844566,False,Crashes_2010_2019_MPO
102419730,2019-06-15,2019,,19.0,,,0,0,N,0.0,0.0,0.0,,,,,,,,36.0344,-86.74356,False,Crashes_2010_2019_MPO
102356502,2019-04-10,2019,,94.0,,,0,0,N,0.0,0.0,0.0,,,,,,,,36.03316,-86.78736,True,Crashes_2010_2019_MPO
100636954,2014-10-01,2014,,94.0,,,0,1,Y,0.0,1.0,1.0,,,,,,,,35.97419,-86.83225,True,Crashes_2010_2019_MPO
102286764,2019-01-19,2019,,94.0,,,0,0,N,0.0,0.0,0.0,,,,,,,,36.02653,-86.78486,True,Crashes_2010_2019_MPO
101889739,2018-01-18,2018,,19.0,,,0,0,N,0.0,0.0,0.0,,,,,,,,36.04524,-86.71681,False,Crashes_2010_2019_MPO
100414596,2013-12-04,2013,,94.0,,,0,0,N,0.0,0.0,0.0,,,,,,,,35.94426,-86.82182,False,Crashes_2010_2019_MPO
102605605,2019-12-22,2019,,19.0,,,0,0,N,0.0,0.0,0.0,,,,,,,,36.04617,-86.71823,False,Crashes_2010_2019_MPO
102252718,2018-12-20,2018,,94.0,,,0,0,N,0.0,0.0,0.0,,,,,,,,35.96047,-86.81168,False,Crashes_2010_2019_MPO
101277274,2016-07-01,2016,,19.0,,,0,0,N,0.0,0.0,0.0,,,,,,,,36.04665,-86.7769,False,Crashes_2010_2019_MPO
100912367,2015-07-26,2015,,19.0,,,0,0,N,0.0,0.0,0.0,,,,,,,,36.04606,-86.71687,False,Crashes_2010_2019_MPO
102264930,2019-01-03,2019,,19.0,,,0,0,N,0.0,0.0,0.0,,,,,,,,36.03737,-86.7869,False,Crashes_2010_2019_MPO
100712381,2014-12-24,2014,,94.0,,,0,0,N,0.0,0.0,0.0,,,,,,,,36.02707,-86.7922,True,Crashes_2010_2019_MPO
101550674,2017-02-10,2017,,19.0,,,0,0,N,0.0,0.0,0.0,,,,,,,,36.03948,-86.78177,False,Crashes_2010_2019_MPO
101474533,2016-12-12,2016,,19.0,,,0,0,N,0.0,0.0,0.0,,,,,,,,36.04025,-86.74496,False,Crashes_2010_2019_MPO
102349408,2019-04-03,2019,,19.0,,,0,0,N,0.0,0.0,0.0,,,,,,,,36.04528,-86.70138,False,Crashes_2010_2019_MPO
100828873,2015-05-05,2015,,94.0,,,0,0,N,0.0,0.0,0.0,,,,,,,,36.0085,-86.78038,True,Crashes_2010_2019_MPO
101904918,2018-02-02,2018,,94.0,,,0,0,N,0.0,0.0,0.0,,,,,,,,35.95244,-86.81261,False,Crashes_2010_2019_MPO
100263240,2012-12-07,2012,,94.0,,,0,0,N,0.0,0.0,0.0,,,,,,,,35.92301,-86.86917,False,Crashes_2010_2019_MPO
100754743,2015-03-01,2015,,94.0,,,0,0,N,0.0,0.0,0.0,,,,,,,,35.95051,-86.80473,False,Crashes_2010_2019_MPO
101660157,2017-05-31,2017,,19.0,,,0,0,N,0.0,0.0,0.0,,,,,,,,36.0375,-86.78584,False,Crashes_2010_2019_MPO
100797444,2015-03-24,2015,,94.0,,,0,0,N,0.0,0.0,0.0,,,,,,,,35.93471,-86.82404,False,Crashes_2010_2019_MPO
102145979,2018-09-15,2018,,94.0,,,0,0,N,0.0,0.0,0.0,,,,,,,,35.94804,-86.86368,False,Crashes_2010_2019_MPO
102305900,2019-02-14,2019,,94.0,,,0,0,N,0.0,0.0,0.0,,,,,,,,35.95224,-86.81899,False,Crashes_2010_2019_MPO
100563206,2014-06-20,2014,,94.0,,,0,0,N,0.0,0.0,0.0,,,,,,,,35.93349,-86.87765,False,Crashes_2010_2019_MPO
102147931,2018-09-17,2018,,94.0,,,0,0,N,0.0,0.0,0.0,,,,,,,,35.99912,-86.82947,True,Crashes_2010_2019_MPO
102149654,2018-09-18,2018,,19.0,,,0,0,N,0.0,0.0,0.0,,,,,,,,36.04004,-86.78083,False,Crashes_2010_2019_MPO
102564064,2019-11-10,2019,,94.0,,,0,0,N,0.0,0.0,0.0,,,,,,,,36.0021,-86.8227,True,Crashes_2010_2019_MPO
101956183,2018-03-26,2018,,19.0,,,0,0,N,0.0,0.0,0.0,,,,,,,,36.04684,-86.77669,False,Crashes_2010_2019_MPO
100345872,2013-06-23,2013,,94.0,,,0,0,N,0.0,0.0,0.0,,,,,,,,35.93459,-86.81991,False,Crashes_2010_2019_MPO
101881732,2018-01-08,2018,,94.0,,,0,0,N,0.0,0.0,0.0,,,,,,,,36.0346,-86.78333,True,Crashes_2010_2019_MPO
101555486,2017-02-14,2017,,94.0,,,0,0,N,0.0,0.0,0.0,,,,,,,,35.94778,-86.81994,False,Crashes_2010_2019_MPO
100344891,2013-06-20,2013,,94.0,,,0,0,N,0.0,0.0,0.0,,,,,,,,35.94707,-86.8219,False,Crashes_2010_2019_MPO
101854264,2017-12-10,2017,,19.0,,,0,0,N,0.0,0.0,0.0,,,,,,,,35.9912,-86.68349,False,Crashes_2010_2019_MPO
102242996,2018-12-11,2018,,94.0,,,0,0,N,0.0,0.0,0.0,,,,,,,,35.9667,-86.81121,True,Crashes_2010_2019_MPO
101357275,2016-09-09,2016,,19.0,,,0,0,Y,0.0,0.0,1.0,,,,,,,,36.04049,-86.77022,False,Crashes_2010_2019_MPO
101811068,2017-11-01,2017,,19.0,,,0,0,N,0.0,0.0,0.0,,,,,,,,36.04823,-86.86608,False,Crashes_2010_2019_MPO
102519284,2019-09-24,2019,,19.0,,,0,0,N,0.0,0.0,0.0,,,,,,,,36.04114,-86.77621,False,Crashes_2010_2019_MPO
100589019,2014-07-29,2014,,94.0,,,0,0,N,0.0,0.0,0.0,,,,,,,,35.93473,-86.8213,False,Crashes_2010_2019_MPO
102224117,2018-11-25,2018,,94.0,,,0,0,N,0.0,0.0,0.0,,,,,,,,35.96695,-86.81358,True,Crashes_2010_2019_MPO
101874971,2018-01-01,2018,,19.0,,,0,0,N,0.0,0.0,0.0,,,,,,,,36.03766,-86.78651,False,Crashes_2010_2019_MPO
102466582,2019-08-03,2019,,19.0,,,0,0,N,0.0,0.0,0.0,,,,,,,,36.04655,-86.7134,False,Crashes_2010_2019_MPO
102213576,2018-11-16,2018,,94.0,,,0,0,N,0.0,0.0,0.0,,,,,,,,35.99652,-86.79709,True,Crashes_2010_2019_MPO
102317086,2019-02-27,2019,,19.0,,,0,0,N,0.0,0.0,0.0,,,,,,,,36.0417,-86.74862,False,Crashes_2010_2019_MPO
100995154,2015-10-24,2015,,19.0,,,0,0,N,0.0,0.0,0.0,,,,,,,,36.03708,-86.74549,False,Crashes_2010_2019_MPO
101071346,2016-01-03,2016,,94.0,,,0,0,N,0.0,0.0,0.0,,,,,,,,35.95412,-86.81556,False,Crashes_2010_2019_MPO
100873994,2015-06-20,2015,,94.0,,,0,0,N,0.0,0.0,0.0,,,,,,,,35.95594,-86.83222,False,Crashes_2010_2019_MPO
100616835,2014-09-08,2014,,94.0,,,0,0,N,0.0,0.0,0.0,,,,,,,,35.9688,-86.67775,False,Crashes_2010_2019_MPO
101078808,2016-01-13,2016,,19.0,,,0,0,N,0.0,0.0,0.0,,,,,,,,36.02565,-86.71302,False,Crashes_2010_2019_MPO
102343707,2019-03-28,2019,,94.0,,,0,0,N,0.0,0.0,0.0,,,,,,,,36.02744,-86.78417,True,Crashes_2010_2019_MPO
101281276,2016-07-07,2016,,94.0,,,0,0,N,0.0,0.0,0.0,,,,,,,,35.96718,-86.81891,True,Crashes_2010_2019_MPO
102408652,2019-06-03,2019,,19.0,,,0,0,N,0.0,0.0,0.0,,,,,,,,36.03781,-86.79578,False,Crashes_2010_2019_MPO
102319265,2019-03-02,2019,,19.0,,,0,0,N,0.0,0.0,0.0,,,,,,,,36.04308,-86.69138,False,Crashes_2010_2019_MPO
102061794,2018-07-03,2018,,19.0,,,0,0,N,0.0,0.0,0.0,,,,,,,,36.04974,-86.74349,False,Crashes_2010_2019_MPO
100711668,2014-12-20,2014,,19.0,,,0,0,N,0.0,0.0,0.0,,,,,,,,36.03988,-86.7813,False,Crashes_2010_2019_MPO
101784847,2017-10-06,2017,,94.0,,,0,0,N,0.0,0.0,0.0,,,,,,,,36.00655,-86.80537,True,Crashes_2010_2019_MPO
101887777,2018-01-15,2018,,94.0,,,0,0,N,0.0,0.0,0.0,,,,,,,,36.0285,-86.79139,True,Crashes_2010_2019_MPO
101192113,2015-05-10,2015,,94.0,,,0,0,N,0.0,0.0,0.0,,,,,,,,35.94451,-86.82843,False,Crashes_2010_2019_MPO
102464778,2019-08-01,2019,,94.0,,,0,0,N,0.0,0.0,0.0,,,,,,,,35.92504,-86.86928,False,Crashes_2010_2019_MPO
100885609,2015-07-13,2015,,19.0,,,0,0,N,0.0,0.0,0.0,,,,,,,,36.0397,-86.75966,False,Crashes_2010_2019_MPO
102244762,2018-12-13,2018,,94.0,,,0,0,N,0.0,0.0,0.0,,,,,,,,35.97866,-86.80351,True,Crashes_2010_2019_MPO
101472310,2016-12-08,2016,,94.0,,,0,0,N,0.0,0.0,0.0,,,,,,,,35.95586,-86.83147,False,Crashes_2010_2019_MPO
102136171,2018-09-06,2018,,19.0,,,0,0,N,0.0,0.0,0.0,,,,,,,,36.04035,-86.78035,False,Crashes_2010_2019_MPO
100837016,2015-05-19,2015,,19.0,,,0,0,N,0.0,0.0,0.0,,,,,,,,36.04566,-86.7132,False,Crashes_2010_2019_MPO
101160338,2016-04-08,2016,,94.0,,,0,0,N,0.0,0.0,0.0,,,,,,,,36.03807,-86.79915,False,Crashes_2010_2019_MPO
100592049,2014-08-06,2014,,94.0,,,0,0,N,0.0,0.0,0.0,,,,,,,,35.96386,-86.8004,True,Crashes_2010_2019_MPO
102016067,2018-05-19,2018,,94.0,,,0,0,N,0.0,0.0,0.0,,,,,,,,35.96687,-86.81361,True,Crashes_2010_2019_MPO
102559124,2019-11-05,2019,,94.0,,,0,0,N,0.0,0.0,0.0,,,,,,,,35.92637,-86.82398,False,Crashes_2010_2019_MPO
102030280,2018-06-01,2018,,94.0,,,0,0,N,0.0,0.0,0.0,,,,,,,,35.95287,-86.81524,False,Crashes_2010_2019_MPO
100659416,2014-10-25,2014,,94.0,,,0,0,N,0.0,0.0,0.0,,,,,,,,35.94632,-86.8236,False,Crashes_2010_2019_MPO
100374070,2013-09-01,2013,,94.0,,,0,0,N,0.0,0.0,0.0,,,,,,,,35.97123,-86.72649,True,Crashes_2010_2019_MPO
101667282,2017-06-07,2017,,94.0,,,0,0,N,0.0,0.0,0.0,,,,,,,,35.961,-86.80236,True,Crashes_2010_2019_MPO
101439394,2016-11-14,2016,,94.0,,,0,0,N,0.0,0.0,0.0,,,,,,,,35.98635,-86.73664,True,Crashes_2010_2019_MPO
100837004,2015-05-18,2015,,94.0,,,0,0,N,0.0,0.0,0.0,,,,,,,,35.99577,-86.78525,True,Crashes_2010_2019_MPO
100704191,2014-12-09,2014,,19.0,,,0,0,N,0.0,0.0,0.0,,,,,,,,36.00346,-86.698,False,Crashes_2010_2019_MPO
102382598,2019-05-07,2019,,94.0,,,0,0,N,0.0,0.0,0.0,,,,,,,,35.94055,-86.83919,False,Crashes_2010_2019_MPO
102295692,2019-01-30,2019,,94.0,,,0,0,N,0.0,0.0,0.0,,,,,,,,36.03458,-86.79161,True,Crashes_2010_2019_MPO
102002457,2018-05-07,2018,,19.0,,,0,0,N,0.0,0.0,0.0,,,,,,,,36.03777,-86.79527,False,Crashes_2010_2019_MPO
102172709,2018-10-09,2018,,94.0,,,0,0,N,0.0,0.0,0.0,,,,,,,,36.03292,-86.8223,True,Crashes_2010_2019_MPO
102553997,2019-10-31,2019,,19.0,,,0,0,N,0.0,0.0,0.0,,,,,,,,36.04249,-86.72156,False,Crashes_2010_2019_MPO
101598463,2017-03-30,2017,,94.0,,,0,0,N,0.0,0.0,0.0,,,,,,,,36.03319,-86.7876,True,Crashes_2010_2019_MPO
101794174,2017-10-16,2017,,19.0,,,0,0,N,0.0,0.0,0.0,,,,,,,,36.0014,-86.69569,False,Crashes_2010_2019_MPO
102441328,2019-07-07,2019,,19.0,,,0,0,N,0.0,0.0,0.0,,,,,,,,36.05151,-86.71436,False,Crashes_2010_2019_MPO
101965861,2018-04-03,2018,,19.0,,,0,0,N,0.0,0.0,0.0,,,,,,,,36.03731,-86.71322,False,Crashes_2010_2019_MPO
100971008,2015-09-27,2015,,19.0,,,0,0,N,0.0,0.0,0.0,,,,,,,,36.05222,-86.68244,False,Crashes_2010_2019_MPO
100726938,2015-01-12,2015,,94.0,,,0,0,N,0.0,0.0,0.0,,,,,,,,35.9775,-86.80369,True,Crashes_2010_2019_MPO
100266488,2012-12-14,2012,,94.0,,,0,0,N,0.0,0.0,0.0,,,,,,,,35.94825,-86.81407,False,Crashes_2010_2019_MPO
101578055,2017-03-09,2017,,19.0,,,0,0,N,0.0,0.0,0.0,,,,,,,,36.03775,-86.79511,False,Crashes_2010_2019_MPO
102594113,2019-12-10,2019,,94.0,,,0,0,N,0.0,0.0,0.0,,,,,,,,35.93395,-86.81879,False,Crashes_2010_2019_MPO
100323135,2013-04-30,2013,,94.0,,,0,0,N,0.0,0.0,0.0,,,,,,,,36.03175,-86.78961,True,Crashes_2010_2019_MPO
101334174,2016-08-21,2016,,94.0,,,0,0,N,0.0,0.0,0.0,,,,,,,,35.99449,-86.79804,True,Crashes_2010_2019_MPO
100468055,2014-03-24,2014,,94.0,,,0,0,N,0.0,0.0,0.0,,,,,,,,35.92317,-86.86747,False,Crashes_2010_2019_MPO
102594684,2019-12-11,2019,,94.0,,,0,0,N,0.0,0.0,0.0,,,,,,,,35.96561,-86.80082,True,Crashes_2010_2019_MPO
101683877,2017-06-26,2017,,94.0,,,0,0,Y,0.0,0.0,1.0,,,,,,,,35.99744,-86.79677,True,Crashes_2010_2019_MPO
102016335,2018-05-20,2018,,19.0,,,0,0,N,0.0,0.0,0.0,,,,,,,,36.0473,-86.86274,False,Crashes_2010_2019_MPO
100836777,2015-05-19,2015,,94.0,,,0,0,N,0.0,0.0,0.0,,,,,,,,35.95781,-86.80257,False,Crashes_2010_2019_MPO
101274232,2016-06-27,2016,,19.0,,,0,0,N,0.0,0.0,0.0,,,,,,,,36.03194,-86.76262,False,Crashes_2010_2019_MPO
101997537,2018-05-02,2018,,19.0,,,0,0,N,0.0,0.0,0.0,,,,,,,,36.0305,-86.71255,False,Crashes_2010_2019_MPO
101482830,2016-12-20,2016,,94.0,,,0,0,N,0.0,0.0,0.0,,,,,,,,36.00124,-86.79385,True,Crashes_2010_2019_MPO
100380298,2013-09-17,2013,,94.0,,,0,0,N,0.0,0.0,0.0,,,,,,,,35.94615,-86.82853,False,Crashes_2010_2019_MPO
102437608,2019-07-04,2019,,19.0,,,0,0,N,0.0,0.0,0.0,,,,,,,,36.03863,-86.8062,False,Crashes_2010_2019_MPO
100728143,2015-01-26,2015,,19.0,,,0,0,N,0.0,0.0,0.0,,,,,,,,36.03729,-86.78699,False,Crashes_2010_2019_MPO
100501292,2014-04-27,2014,,94.0,,,0,0,N,0.0,0.0,0.0,,,,,,,,36.0059,-86.8627,False,Crashes_2010_2019_MPO
101674893,2017-06-15,2017,,94.0,,,0,0,N,0.0,0.0,0.0,,,,,,,,35.97182,-86.82584,True,Crashes_2010_2019_MPO
102462661,2019-07-30,2019,,94.0,,,0,0,N,0.0,0.0,0.0,,,,,,,,35.93457,-86.87806,False,Crashes_2010_2019_MPO
102552085,2019-10-28,2019,,94.0,,,0,0,N,0.0,0.0,0.0,,,,,,,,35.9559,-86.83181,False,Crashes_2010_2019_MPO
101645169,2017-05-15,2017,,19.0,,,0,0,N,0.0,0.0,0.0,,,,,,,,36.01173,-86.70315,False,Crashes_2010_2019_MPO
101974355,2018-04-11,2018,,94.0,,,0,0,N,0.0,0.0,0.0,,,,,,,,35.9677,-86.81754,True,Crashes_2010_2019_MPO
100737548,2015-02-15,2015,,94.0,,,0,0,N,0.0,0.0,0.0,,,,,,,,35.99763,-86.79489,True,Crashes_2010_2019_MPO
100308357,2013-03-27,2013,,94.0,,,0,0,N,0.0,0.0,0.0,,,,,,,,35.98459,-86.71601,True,Crashes_2010_2019_MPO
101835920,2017-11-24,2017,,19.0,,,0,0,N,0.0,0.0,0.0,,,,,,,,36.03084,-86.70169,False,Crashes_2010_2019_MPO
102151873,2018-09-20,2018,,94.0,,,0,0,Y,0.0,0.0,1.0,,,,,,,,35.94079,-86.81667,False,Crashes_2010_2019_MPO
101322927,2016-08-08,2016,,94.0,,,0,0,N,0.0,0.0,0.0,,,,,,,,35.92517,-86.86748,False,Crashes_2010_2019_MPO
102278456,2019-01-16,2019,,94.0,,,0,0,N,0.0,0.0,0.0,,,,,,,,36.01766,-86.78657,True,Crashes_2010_2019_MPO
100735428,2015-02-11,2015,,19.0,,,0,0,N,0.0,0.0,0.0,,,,,,,,36.04885,-86.86834,False,Crashes_2010_2019_MPO
101638415,2017-05-08,2017,,94.0,,,0,0,N,0.0,0.0,0.0,,,,,,,,36.034889,-86.783214,True,Crashes_2010_2019_MPO
100856602,2015-06-05,2015,,19.0,,,0,0,N,0.0,0.0,0.0,,,,,,,,36.03831,-86.78629,False,Crashes_2010_2019_MPO
100854851,2015-06-03,2015,,94.0,,,0,0,N,0.0,0.0,0.0,,,,,,,,35.96743,-86.80838,True,Crashes_2010_2019_MPO
101441725,2016-11-16,2016,,94.0,,,0,0,N,0.0,0.0,0.0,,,,,,,,35.96474,-86.79154,True,Crashes_2010_2019_MPO
100455237,2014-02-20,2014,,94.0,,,0,0,N,0.0,0.0,0.0,,,,,,,,35.96142,-86.8126,False,Crashes_2010_2019_MPO
101671622,2017-06-12,2017,,19.0,,,0,0,N,0.0,0.0,0.0,,,,,,,,36.04357,-86.69267,False,Crashes_2010_2019_MPO
101049164,2015-12-14,2015,,94.0,,,0,0,N,0.0,0.0,0.0,,,,,,,,35.95716,-86.84314,False,Crashes_2010_2019_MPO
101986782,2018-04-23,2018,,19.0,,,0,0,N,0.0,0.0,0.0,,,,,,,,36.03722,-86.78661,False,Crashes_2010_2019_MPO
100315271,2013-04-12,2013,,94.0,,,0,0,N,0.0,0.0,0.0,,,,,,,,35.92676,-86.82441,False,Crashes_2010_2019_MPO
100430567,2014-01-14,2014,,94.0,,,0,0,N,0.0,0.0,0.0,,,,,,,,36.00477,-86.79053,True,Crashes_2010_2019_MPO
101492315,2016-12-30,2016,,94.0,,,0,0,N,0.0,0.0,0.0,,,,,,,,35.95778,-86.80259,False,Crashes_2010_2019_MPO
101729384,2017-08-10,2017,,94.0,,,0,0,N,0.0,0.0,0.0,,,,,,,,36.03957,-86.86945,False,Crashes_2010_2019_MPO
100320736,2013-04-24,2013,,94.0,,,0,0,N,0.0,0.0,0.0,,,,,,,,35.9355,-86.82359,False,Crashes_2010_2019_MPO
100217793,2012-08-21,2012,,94.0,,,0,0,N,0.0,0.0,0.0,,,,,,,,35.99735,-86.79484,True,Crashes_2010_2019_MPO
100965220,2015-09-22,2015,,94.0,,,0,0,N,0.0,0.0,0.0,,,,,,,,35.94799,-86.82211,False,Crashes_2010_2019_MPO
102488924,2019-08-26,2019,,94.0,,,0,0,N,0.0,0.0,0.0,,,,,,,,35.99698,-86.79272,True,Crashes_2010_2019_MPO
101678357,2017-06-20,2017,,19.0,,,0,0,N,0.0,0.0,0.0,,,,,,,,36.0414,-86.78225,False,Crashes_2010_2019_MPO
102466184,2019-07-28,2019,,94.0,,,0,0,N,0.0,0.0,0.0,,,,,,,,35.95078,-86.80672,False,Crashes_2010_2019_MPO
102548177,2019-10-25,2019,,94.0,,,0,0,N,0.0,0.0,0.0,,,,,,,,35.95196,-86.76618,True,Crashes_2010_2019_MPO
101402249,2016-10-12,2016,,19.0,,,0,0,N,0.0,0.0,0.0,,,,,,,,36.03255,-86.70806,False,Crashes_2010_2019_MPO
102610607,2019-12-06,2019,,94.0,,,0,0,N,0.0,0.0,0.0,,,,,,,,36.00417,-86.79083,True,Crashes_2010_2019_MPO
100924198,2015-08-11,2015,,94.0,,,0,0,N,0.0,0.0,0.0,,,,,,,,35.9498,-86.81328,False,Crashes_2010_2019_MPO
101677902,2017-06-19,2017,,94.0,,,0,0,N,0.0,0.0,0.0,,,,,,,,36.036785,-86.795906,True,Crashes_2010_2019_MPO
102410271,2019-06-04,2019,,94.0,,,0,0,N,0.0,0.0,0.0,,,,,,,,35.94055,-86.83919,False,Crashes_2010_2019_MPO
100401836,2013-11-07,2013,,94.0,,,0,0,N,0.0,0.0,0.0,,,,,,,,35.99609,-86.78496,True,Crashes_2010_2019_MPO
101938027,2018-03-09,2018,,94.0,,,0,0,N,0.0,0.0,0.0,,,,,,,,35.97258,-86.83371,False,Crashes_2010_2019_MPO
101886513,2018-01-13,2018,,94.0,,,0,0,N,0.0,0.0,0.0,,,,,,,,35.96699,-86.81357,True,Crashes_2010_2019_MPO
100827248,2015-05-02,2015,,19.0,,,0,0,N,0.0,0.0,0.0,,,,,,,,36.04331,-86.84224,False,Crashes_2010_2019_MPO
101984417,2018-04-20,2018,,94.0,,,0,2,N,0.0,1.0,0.0,,,,,,,,35.98635,-86.73664,True,Crashes_2010_2019_MPO
100666894,2014-11-07,2014,,19.0,,,0,0,N,0.0,0.0,0.0,,,,,,,,36.04267,-86.78291,False,Crashes_2010_2019_MPO
101618400,2017-04-17,2017,,94.0,,,0,0,N,0.0,0.0,0.0,,,,,,,,35.94609,-86.82353,False,Crashes_2010_2019_MPO
101718749,2017-08-02,2017,,94.0,,,0,0,N,0.0,0.0,0.0,,,,,,,,35.93106,-86.81233,False,Crashes_2010_2019_MPO
101892489,2018-01-20,2018,,19.0,,,0,0,N,0.0,0.0,0.0,,,,,,,,36.02654,-86.85091,True,Crashes_2010_2019_MPO
101269909,2016-06-17,2016,,94.0,,,0,0,N,0.0,0.0,0.0,,,,,,,,35.99455,-86.84712,False,Crashes_2010_2019_MPO
101825408,2017-11-13,2017,,94.0,,,0,0,N,0.0,0.0,0.0,,,,,,,,35.94603,-86.82365,False,Crashes_2010_2019_MPO
100614509,2014-09-03,2014,,94.0,,,0,0,N,0.0,0.0,0.0,,,,,,,,35.99677,-86.79701,True,Crashes_2010_2019_MPO
100962754,2015-09-18,2015,,94.0,,,0,0,N,0.0,0.0,0.0,,,,,,,,35.95594,-86.84441,False,Crashes_2010_2019_MPO
100824246,2015-04-26,2015,,19.0,,,0,0,N,0.0,0.0,0.0,,,,,,,,36.0407,-86.74363,False,Crashes_2010_2019_MPO
102230341,2018-11-30,2018,,19.0,,,0,0,N,0.0,0.0,0.0,,,,,,,,36.04522,-86.70049,False,Crashes_2010_2019_MPO
101346137,2016-08-25,2016,,94.0,,,0,0,N,0.0,0.0,0.0,,,,,,,,35.94782,-86.81975,False,Crashes_2010_2019_MPO
101586779,2017-03-17,2017,,94.0,,,0,0,N,0.0,0.0,0.0,,,,,,,,35.92926,-86.83968,False,Crashes_2010_2019_MPO
100431859,2014-01-17,2014,,94.0,,,0,0,N,0.0,0.0,0.0,,,,,,,,35.99654,-86.82854,True,Crashes_2010_2019_MPO
102558064,2019-11-04,2019,,94.0,,,0,0,N,0.0,0.0,0.0,,,,,,,,35.96608,-86.80581,True,Crashes_2010_2019_MPO
100709499,2014-12-19,2014,,94.0,,,0,0,N,0.0,0.0,0.0,,,,,,,,35.93042,-86.86402,False,Crashes_2010_2019_MPO
100874596,2015-06-19,2015,,94.0,,,0,0,N,0.0,0.0,0.0,,,,,,,,35.96604,-86.81397,False,Crashes_2010_2019_MPO
102606275,2019-12-22,2019,,94.0,,,0,0,N,0.0,0.0,0.0,,,,,,,,35.95902,-86.81609,False,Crashes_2010_2019_MPO
101188738,2016-05-06,2016,,19.0,,,0,0,N,0.0,0.0,0.0,,,,,,,,36.04091,-86.77417,False,Crashes_2010_2019_MPO
101620527,2017-04-19,2017,,94.0,,,0,0,N,0.0,0.0,0.0,,,,,,,,35.9407,-86.8316,False,Crashes_2010_2019_MPO
100733390,2015-02-06,2015,,94.0,,,0,0,N,0.0,0.0,0.0,,,,,,,,36.03283,-86.79724,True,Crashes_2010_2019_MPO
102204214,2018-11-08,2018,,19.0,,,0,0,N,0.0,0.0,0.0,,,,,,,,36.0525,-86.68445,False,Crashes_2010_2019_MPO
101531485,2017-01-22,2017,,94.0,,,0,0,N,0.0,0.0,0.0,,,,,,,,35.93423,-86.81894,False,Crashes_2010_2019_MPO
100752133,2015-02-23,2015,,94.0,,,0,0,N,0.0,0.0,0.0,,,,,,,,35.92947,-86.84135,False,Crashes_2010_2019_MPO
100723461,2015-01-17,2015,,94.0,,,0,0,N,0.0,0.0,0.0,,,,,,,,35.95229,-86.81924,False,Crashes_2010_2019_MPO
101319874,2016-08-04,2016,,94.0,,,0,0,N,0.0,0.0,0.0,,,,,,,,35.95654,-86.83789,False,Crashes_2010_2019_MPO
101000386,2015-10-31,2015,,94.0,,,0,0,N,0.0,0.0,0.0,,,,,,,,35.97105,-86.72645,True,Crashes_2010_2019_MPO
101544115,2017-02-04,2017,,94.0,,,0,0,N,0.0,0.0,0.0,,,,,,,,35.98326,-86.71737,True,Crashes_2010_2019_MPO
100965492,2015-09-23,2015,,19.0,,,0,0,N,0.0,0.0,0.0,,,,,,,,36.0411,-86.72671,False,Crashes_2010_2019_MPO
101506473,2017-01-16,2017,,94.0,,,0,0,N,0.0,0.0,0.0,,,,,,,,35.95939,-86.84168,False,Crashes_2010_2019_MPO
102425268,2019-06-21,2019,,19.0,,,0,0,N,0.0,0.0,0.0,,,,,,,,36.03936,-86.78197,False,Crashes_2010_2019_MPO
100940511,2015-08-27,2015,,94.0,,,0,0,N,0.0,0.0,0.0,,,,,,,,35.93143,-86.86038,False,Crashes_2010_2019_MPO
101068636,2015-12-29,2015,,94.0,,,0,0,N,0.0,0.0,0.0,,,,,,,,35.95026,-86.81725,False,Crashes_2010_2019_MPO
10746438,2013-10-24,2013,,19.0,,,0,0, ,0.0,0.0,0.0,,,,,,,,36.02435,-86.70844,False,Crashes_2010_2019_MPO
100357439,2013-07-22,2013,,94.0,,,0,0,N,0.0,0.0,0.0,,,,,,,,35.962,-86.81517,False,Crashes_2010_2019_MPO
101713368,2017-07-27,2017,,94.0,,,0,0,N,0.0,0.0,0.0,,,,,,,,35.96555,-86.81405,False,Crashes_2010_2019_MPO
100803262,2015-04-06,2015,,94.0,,,0,0,N,0.0,0.0,0.0,,,,,,,,36.03318,-86.78284,True,Crashes_2010_2019_MPO
102427641,2019-06-21,2019,,94.0,,,0,0,N,0.0,0.0,0.0,,,,,,,,36.03641,-86.81691,True,Crashes_2010_2019_MPO
102462671,2019-07-24,2019,,19.0,,,0,0,N,0.0,0.0,0.0,,,,,,,,36.04801,-86.71346,False,Crashes_2010_2019_MPO
101404496,2016-10-14,2016,,94.0,,,0,0,N,0.0,0.0,0.0,,,,,,,,36.01816,-86.77236,True,Crashes_2010_2019_MPO
102292716,2019-01-31,2019,,94.0,,,0,0,N,0.0,0.0,0.0,,,,,,,,36.02476,-86.78357,True,Crashes_2010_2019_MPO
100921230,2015-08-11,2015,,19.0,,,0,0,N,0.0,0.0,0.0,,,,,,,,36.04078,-86.77346,False,Crashes_2010_2019_MPO
101073509,2016-01-07,2016,,19.0,,,0,0,N,0.0,0.0,0.0,,,,,,,,36.04028,-86.76837,False,Crashes_2010_2019_MPO
100570177,2014-07-07,2014,,94.0,,,0,0,N,0.0,0.0,0.0,,,,,,,,35.962,-86.81517,False,Crashes_2010_2019_MPO
101549765,2017-02-08,2017,,94.0,,,0,0,N,0.0,0.0,0.0,,,,,,,,35.96412,-86.69217,False,Crashes_2010_2019_MPO
101597361,2017-03-29,2017,,94.0,,,0,0,N,0.0,0.0,0.0,,,,,,,,36.01088,-86.78496,True,Crashes_2010_2019_MPO