mstrrecnbr,collision_ts,year,county,countystat,crash,crash_type,fatalities,non_motorists,commercial,fatal_c,nonmotor_c,truck_c,fatalc,serious_injuries,ped,bike,lighting,weather,first_harmful_event,latitude,longitude,in_city,src_layer
101938816,2018-03-09,2018,,94.0,,,0,0,N,0.0,0.0,0.0,,,,,,,,36.03286,-86.78286,True,Crashes_2010_2019_MPO
101070714,2016-01-02,2016,,19.0,,,0,0,N,0.0,0.0,0.0,,,,,,,,36.05152,-86.85922,False,Crashes_2010_2019_MPO
101530426,2017-01-20,2017,,19.0,,,0,0,N,0.0,0.0,0.0,,,,,,,,36.04522,-86.71479,False,Crashes_2010_2019_MPO
101616194,2017-04-15,2017,,19.0,,,0,0,N,0.0,0.0,0.0,,,,,,,,36.04008,-86.78226,False,Crashes_2010_2019_MPO
101159514,2016-04-07,2016,,19.0,,,0,0,N,0.0,0.0,0.0,,,,,,,,36.04558,-86.71101,False,Crashes_2010_2019_MPO
102157719,2018-09-26,2018,,19.0,,,0,0,N,0.0,0.0,0.0,,,,,,,,36.03126,-86.75311,False,Crashes_2010_2019_MPO
101935658,2018-03-06,2018,,19.0,,,0,0,N,0.0,0.0,0.0,,,,,,,,36.03956,-86.78169,False,Crashes_2010_2019_MPO
101938868,2018-03-09,2018,,19.0,,,0,0,N,0.0,0.0,0.0,,,,,,,,35.99538,-86.69148,False,Crashes_2010_2019_MPO
100331798,2013-05-21,2013,,94.0,,,0,0,N,0.0,0.0,0.0,,,,,,,,35.93887,-86.68507,False,Crashes_2010_2019_MPO
100995622,2015-10-24,2015,,19.0,,,0,0,N,0.0,0.0,0.0,,,,,,,,36.04114,-86.77621,False,Crashes_2010_2019_MPO
102453785,2019-07-21,2019,,94.0,,,0,0,N,0.0,0.0,0.0,,,,,,,,35.93446,-86.81991,False,Crashes_2010_2019_MPO
102380595,2019-05-05,2019,,19.0,,,0,0,N,0.0,0.0,0.0,,,,,,,,36.0366,-86.78419,False,Crashes_2010_2019_MPO
102389872,2019-05-15,2019,,19.0,,,0,0,N,0.0,0.0,0.0,,,,,,,,36.042,-86.83323,False,Crashes_2010_2019_MPO
100481498,2014-04-01,2014,,94.0,,,0,0,N,0.0,0.0,0.0,,,,,,,,36.02321,-86.7865,True,Crashes_2010_2019_MPO
101400765,2016-10-10,2016,,94.0,,,0,0,N,0.0,0.0,0.0,,,,,,,,35.93808,-86.8218,False,Crashes_2010_2019_MPO
101155937,2016-04-01,2016,,19.0,,,0,0,N,0.0,0.0,0.0,,,,,,,,36.04526,-86.70116,False,Crashes_2010_2019_MPO
100773263,2015-03-16,2015,,19.0,,,0,0,N,0.0,0.0,0.0,,,,,,,,36.0533,-86.73731,False,Crashes_2010_2019_MPO
101940657,2018-03-11,2018,,94.0,,,0,0,N,0.0,0.0,0.0,,,,,,,,35.93393,-86.8176,False,Crashes_2010_2019_MPO
102258006,2018-12-14,2018,,94.0,,,0,0,N,0.0,0.0,0.0,,,,,,,,35.92652,-86.73092,False,Crashes_2010_2019_MPO
100705912,2014-12-12,2014,,94.0,,,0,0,N,0.0,0.0,0.0,,,,,,,,35.92391,-86.87896,False,Crashes_2010_2019_MPO
101346398,2016-08-25,2016,,19.0,,,0,0,N,0.0,0.0,0.0,,,,,,,,36.04523,-86.71471,False,Crashes_2010_2019_MPO
100318457,2013-04-12,2013,,94.0,,,0,0,N,0.0,0.0,0.0,,,,,,,,35.97099,-86.80617,True,Crashes_2010_2019_MPO
101888676,2018-01-16,2018,,19.0,,,0,0,N,0.0,0.0,0.0,,,,,,,,36.04033,-86.74867,False,Crashes_2010_2019_MPO
102049088,2018-06-20,2018,,94.0,,,0,0,N,0.0,0.0,0.0,,,,,,,,35.9505,-86.80466,False,Crashes_2010_2019_MPO
102412082,2019-06-07,2019,,94.0,,,0,0,N,0.0,0.0,0.0,,,,,,,,35.99004,-86.74528,True,Crashes_2010_2019_MPO
100467628,2014-03-23,2014,,94.0,,,0,0,N,0.0,0.0,0.0,,,,,,,,35.97132,-86.82465,True,Crashes_2010_2019_MPO
100358263,2013-07-24,2013,,94.0,,,0,0,Y,0.0,0.0,1.0,,,,,,,,36.03456,-86.80282,True,Crashes_2010_2019_MPO
100705913,2014-12-12,2014,,19.0,,,0,0,N,0.0,0.0,0.0,,,,,,,,36.02551,-86.71302,False,Crashes_2010_2019_MPO
100655257,2014-10-18,2014,,19.0,,,0,0,N,0.0,0.0,0.0,,,,,,,,36.04199,-86.70279,False,Crashes_2010_2019_MPO
102335731,2019-03-20,2019,,94.0,,,0,0,N,0.0,0.0,0.0,,,,,,,,35.965914,-86.805862,True,Crashes_2010_2019_MPO
102181626,2018-10-18,2018,,19.0,,,0,0,N,0.0,0.0,0.0,,,,,,,,36.03943,-86.78186,False,Crashes_2010_2019_MPO
101401701,2016-10-12,2016,,19.0,,,0,0,N,0.0,0.0,0.0,,,,,,,,36.04197,-86.78174,False,Crashes_2010_2019_MPO
101475493,2016-12-13,2016,,94.0,,,0,0,N,0.0,0.0,0.0,,,,,,,,35.96741,-86.81556,True,Crashes_2010_2019_MPO
100411606,2013-11-27,2013,,94.0,,,0,0,N,0.0,0.0,0.0,,,,,,,,35.99414,-86.76374,True,Crashes_2010_2019_MPO
101475468,2016-12-13,2016,,94.0,,,0,0,N,0.0,0.0,0.0,,,,,,,,35.997,-86.79288,True,Crashes_2010_2019_MPO
102032584,2018-06-04,2018,,19.0,,,0,0,N,0.0,0.0,0.0,,,,,,,,36.01978,-86.74213,False,Crashes_2010_2019_MPO
101695100,2017-07-07,2017,,19.0,,,0,0,N,0.0,0.0,0.0,,,,,,,,36.04017,-86.74473,False,Crashes_2010_2019_MPO
101102926,2016-02-10,2016,,94.0,,,0,0,N,0.0,0.0,0.0,,,,,,,,35.92444,-86.80249,False,Crashes_2010_2019_MPO
101829909,2017-11-18,2017,,94.0,,,0,0,N,0.0,0.0,0.0,,,,,,,,35.95228,-86.8192,False,Crashes_2010_2019_MPO
100584488,2014-07-18,2014,,94.0,,,0,0,N,0.0,0.0,0.0,,,,,,,,35.94642,-86.80889,False,Crashes_2010_2019_MPO
101783847,2017-10-06,2017,,94.0,,,0,0,N,0.0,0.0,0.0,,,,,,,,35.9666,-86.80978,True,Crashes_2010_2019_MPO
100405749,2013-11-16,2013,,94.0,,,0,0,N,0.0,0.0,0.0,,,,,,,,35.95114,-86.80224,False,Crashes_2010_2019_MPO
100278242,2013-01-12,2013,,94.0,,,0,0,N,0.0,0.0,0.0,,,,,,,,35.98107,-86.85354,False,Crashes_2010_2019_MPO
102388417,2019-05-13,2019,,94.0,,,0,0,N,0.0,0.0,0.0,,,,,,,,35.98536,-86.73862,True,Crashes_2010_2019_MPO
100884486,2015-07-10,2015,,19.0,,,0,0,N,0.0,0.0,0.0,,,,,,,,36.04507,-86.71312,False,Crashes_2010_2019_MPO
101994856,2018-04-30,2018,,94.0,,,0,0,N,0.0,0.0,0.0,,,,,,,,35.9667,-86.81121,True,Crashes_2010_2019_MPO
100876404,2015-06-25,2015,,94.0,,,0,0,N,0.0,0.0,0.0,,,,,,,,35.97107,-86.67836,False,Crashes_2010_2019_MPO
102002137,2018-05-06,2018,,19.0,,,0,0,N,0.0,0.0,0.0,,,,,,,,36.04042,-86.74533,False,Crashes_2010_2019_MPO
100705414,2014-12-11,2014,,94.0,,,0,0,N,0.0,0.0,0.0,,,,,,,,35.95587,-86.83143,False,Crashes_2010_2019_MPO
100217867,2012-08-23,2012,,94.0,,,0,0,N,0.0,0.0,0.0,,,,,,,,35.96113,-86.75764,True,Crashes_2010_2019_MPO
101980728,2018-04-16,2018,,94.0,,,0,0,N,0.0,0.0,0.0,,,,,,,,35.94782,-86.81975,False,Crashes_2010_2019_MPO
100351570,2013-07-07,2013,,94.0,,,0,0,N,0.0,0.0,0.0,,,,,,,,35.93546,-86.82377,False,Crashes_2010_2019_MPO
100724515,2015-01-19,2015,,94.0,,,0,0,N,0.0,0.0,0.0,,,,,,,,35.93041,-86.86403,False,Crashes_2010_2019_MPO
101827186,2017-11-15,2017,,94.0,,,0,0,N,0.0,0.0,0.0,,,,,,,,36.03416,-86.78826,True,Crashes_2010_2019_MPO
101637901,2017-05-08,2017,,94.0,,,0,0,N,0.0,0.0,0.0,,,,,,,,36.0332,-86.78881,True,Crashes_2010_2019_MPO
100126538,2011-12-12,2011,,94.0,,,0,0,N,0.0,0.0,0.0,,,,,,,,35.97317,-86.83099,True,Crashes_2010_2019_MPO
101611186,2017-04-11,2017,,94.0,,,0,0,N,0.0,0.0,0.0,,,,,,,,35.9546,-86.8141,False,Crashes_2010_2019_MPO
101570875,2017-03-02,2017,,94.0,,,0,0,N,0.0,0.0,0.0,,,,,,,,36.03083,-86.87573,False,Crashes_2010_2019_MPO
102290207,2019-01-25,2019,,94.0,,,0,0,N,0.0,0.0,0.0,,,,,,,,35.9638,-86.80842,False,Crashes_2010_2019_MPO
101038839,2015-11-29,2015,,19.0,,,0,0,N,0.0,0.0,0.0,,,,,,,,36.03189,-86.7603,False,Crashes_2010_2019_MPO
100265458,2012-12-12,2012,,94.0,,,0,0,N,0.0,0.0,0.0,,,,,,,,35.96602,-86.81148,False,Crashes_2010_2019_MPO
102528962,2019-10-04,2019,,19.0,,,0,0,N,0.0,0.0,0.0,,,,,,,,36.02033,-86.70431,False,Crashes_2010_2019_MPO
100701061,2014-12-04,2014,,94.0,,,0,0,N,0.0,0.0,0.0,,,,,,,,35.92846,-86.83378,False,Crashes_2010_2019_MPO
100696075,2014-11-24,2014,,19.0,,,0,0,N,0.0,0.0,0.0,,,,,,,,36.04105,-86.77612,False,Crashes_2010_2019_MPO
101989912,2018-04-26,2018,,94.0,,,0,0,N,0.0,0.0,0.0,,,,,,,,36.0346,-86.78333,True,Crashes_2010_2019_MPO
100433425,2014-01-21,2014,,94.0,,,0,0,N,0.0,0.0,0.0,,,,,,,,35.93189,-86.79438,False,Crashes_2010_2019_MPO
100263320,2012-12-08,2012,,94.0,,,0,0,N,0.0,0.0,0.0,,,,,,,,36.03351,-86.78135,True,Crashes_2010_2019_MPO
100632702,2014-09-23,2014,,94.0,,,0,0,N,0.0,0.0,0.0,,,,,,,,35.96733,-86.81486,True,Crashes_2010_2019_MPO
101982646,2018-04-19,2018,,94.0,,,0,0,N,0.0,0.0,0.0,,,,,,,,35.98461,-86.72536,True,Crashes_2010_2019_MPO
102299412,2019-02-07,2019,,19.0,,,0,0,N,0.0,0.0,0.0,,,,,,,,36.05063,-86.87801,False,Crashes_2010_2019_MPO
101893984,2018-01-22,2018,,94.0,,,0,0,N,0.0,0.0,0.0,,,,,,,,35.92948,-86.84122,False,Crashes_2010_2019_MPO
101106232,2016-02-15,2016,,94.0,,,0,0,N,0.0,0.0,0.0,,,,,,,,35.9503,-86.81877,False,Crashes_2010_2019_MPO
102159089,2018-09-27,2018,,94.0,,,0,0,N,0.0,0.0,0.0,,,,,,,,35.94395,-86.81556,False,Crashes_2010_2019_MPO
101966031,2018-04-03,2018,,19.0,,,0,0,N,0.0,0.0,0.0,,,,,,,,36.04036,-86.78092,False,Crashes_2010_2019_MPO
100875614,2015-06-24,2015,,19.0,,,0,0,N,0.0,0.0,0.0,,,,,,,,36.0406,-86.77106,False,Crashes_2010_2019_MPO
101356025,2016-09-07,2016,,94.0,,,0,0,N,0.0,0.0,0.0,,,,,,,,35.93478,-86.82171,False,Crashes_2010_2019_MPO
101839406,2017-11-26,2017,,94.0,,,0,0,N,0.0,0.0,0.0,,,,,,,,35.98804,-86.68108,False,Crashes_2010_2019_MPO
100298666,2013-03-02,2013,,94.0,,,0,0,N,0.0,0.0,0.0,,,,,,,,35.99758,-86.79687,True,Crashes_2010_2019_MPO
102378722,2019-05-03,2019,,94.0,,,0,0,N,0.0,0.0,0.0,,,,,,,,36.01392,-86.71935,False,Crashes_2010_2019_MPO
100802749,2015-04-04,2015,,19.0,,,0,0,N,0.0,0.0,0.0,,,,,,,,36.00376,-86.69831,False,Crashes_2010_2019_MPO
101391977,2016-09-28,2016,,94.0,,,0,0,N,0.0,0.0,0.0,,,,,,,,35.97607,-86.8292,True,Crashes_2010_2019_MPO
101640609,2017-05-10,2017,,94.0,,,0,0,N,0.0,0.0,0.0,,,,,,,,35.95209,-86.81805,False,Crashes_2010_2019_MPO
102043128,2018-06-14,2018,,94.0,,,0,0,N,0.0,0.0,0.0,,,,,,,,35.97444,-86.83203,True,Crashes_2010_2019_MPO
102323930,2019-03-07,2019,,94.0,,,0,0,N,0.0,0.0,0.0,,,,,,,,35.97125,-86.83489,False,Crashes_2010_2019_MPO
102607673,2019-12-26,2019,,94.0,,,0,0,N,0.0,0.0,0.0,,,,,,,,35.92738,-86.8687,False,Crashes_2010_2019_MPO
102511951,2019-09-16,2019,,19.0,,,0,0,N,0.0,0.0,0.0,,,,,,,,36.04027,-86.78262,False,Crashes_2010_2019_MPO
101420443,2016-10-22,2016,,94.0,,,0,0,N,0.0,0.0,0.0,,,,,,,,36.03217,-86.78339,True,Crashes_2010_2019_MPO
101980919,2018-04-17,2018,,19.0,,,0,0,N,0.0,0.0,0.0,,,,,,,,36.04209,-86.74396,False,Crashes_2010_2019_MPO
100610764,2014-08-26,2014,,94.0,,,0,0,N,0.0,0.0,0.0,,,,,,,,35.94428,-86.81993,False,Crashes_2010_2019_MPO
101302511,2016-07-25,2016,,94.0,,,0,0,N,0.0,0.0,0.0,,,,,,,,35.92648,-86.8663,False,Crashes_2010_2019_MPO
101895271,2018-01-24,2018,,94.0,,,0,0,N,0.0,0.0,0.0,,,,,,,,35.9583,-86.8023,False,Crashes_2010_2019_MPO
101458458,2016-11-23,2016,,94.0,,,0,0,N,0.0,0.0,0.0,,,,,,,,35.96684,-86.69586,False,Crashes_2010_2019_MPO
101630438,2017-04-30,2017,,19.0,,,0,0,N,0.0,0.0,0.0,,,,,,,,36.04147,-86.74706,False,Crashes_2010_2019_MPO
102249074,2018-12-14,2018,,94.0,,,0,0,N,0.0,0.0,0.0,,,,,,,,35.94687,-86.85168,False,Crashes_2010_2019_MPO
101805364,2017-10-26,2017,,94.0,,,0,0,N,0.0,0.0,0.0,,,,,,,,35.96199,-86.81523,False,Crashes_2010_2019_MPO
102596431,2019-12-13,2019,,19.0,,,0,0,N,0.0,0.0,0.0,,,,,,,,36.04088,-86.81637,False,Crashes_2010_2019_MPO
100829408,2015-05-06,2015,,94.0,,,0,0,N,0.0,0.0,0.0,,,,,,,,35.92815,-86.83098,False,Crashes_2010_2019_MPO
102544219,2019-10-21,2019,,19.0,,,0,0,N,0.0,0.0,0.0,,,,,,,,36.03948,-86.78177,False,Crashes_2010_2019_MPO
100635485,2014-09-29,2014,,94.0,,,0,0,N,0.0,0.0,0.0,,,,,,,,35.97588,-86.79889,True,Crashes_2010_2019_MPO
100973839,2015-10-05,2015,,94.0,,,0,0,N,0.0,0.0,0.0,,,,,,,,35.98496,-86.81806,True,Crashes_2010_2019_MPO
100999547,2015-10-30,2015,,94.0,,,0,0,N,0.0,0.0,0.0,,,,,,,,36.02551,-86.78926,True,Crashes_2010_2019_MPO
100875373,2015-06-23,2015,,19.0,,,0,0,N,0.0,0.0,0.0,,,,,,,,36.0377,-86.7949,False,Crashes_2010_2019_MPO
101275961,2016-06-30,2016,,19.0,,,0,0,N,0.0,0.0,0.0,,,,,,,,36.03987,-86.74153,False,Crashes_2010_2019_MPO
101585453,2017-03-17,2017,,19.0,,,0,0,N,0.0,0.0,0.0,,,,,,,,36.04205,-86.78233,False,Crashes_2010_2019_MPO
101826625,2017-11-15,2017,,19.0,,,0,0,N,0.0,0.0,0.0,,,,,,,,36.03704,-86.74928,False,Crashes_2010_2019_MPO
101117978,2016-02-18,2016,,19.0,,,0,0,Y,0.0,0.0,1.0,,,,,,,,36.04537,-86.71326,False,Crashes_2010_2019_MPO
102344978,2019-03-29,2019,,94.0,,,0,0,N,0.0,0.0,0.0,,,,,,,,35.9583,-86.8023,False,Crashes_2010_2019_MPO
101129560,2016-03-07,2016,,19.0,,,0,0,N,0.0,0.0,0.0,,,,,,,,36.02221,-86.71205,False,Crashes_2010_2019_MPO
102254363,2018-12-21,2018,,19.0,,,0,0,N,0.0,0.0,0.0,,,,,,,,36.0351,-86.76871,False,Crashes_2010_2019_MPO
101832273,2017-11-20,2017,,94.0,,,0,0,N,0.0,0.0,0.0,,,,,,,,36.03231,-86.79989,True,Crashes_2010_2019_MPO
101908851,2018-02-06,2018,,19.0,,,0,0,N,0.0,0.0,0.0,,,,,,,,36.04526,-86.71704,False,Crashes_2010_2019_MPO
100411660,2013-11-26,2013,,94.0,,,0,0,N,0.0,0.0,0.0,,,,,,,,36.00448,-86.84162,False,Crashes_2010_2019_MPO
102200282,2018-11-04,2018,,94.0,,,0,0,N,0.0,0.0,0.0,,,,,,,,35.93171,-86.86305,False,Crashes_2010_2019_MPO
101164036,2016-04-12,2016,,94.0,,,0,0,N,0.0,0.0,0.0,,,,,,,,35.97311,-86.80544,True,Crashes_2010_2019_MPO
102344343,2019-03-29,2019,,94.0,,,0,0,N,0.0,0.0,0.0,,,,,,,,35.9509,-86.81836,False,Crashes_2010_2019_MPO
101121275,2016-02-23,2016,,94.0,,,0,0,N,0.0,0.0,0.0,,,,,,,,35.92969,-86.85589,False,Crashes_2010_2019_MPO
101617734,2017-04-17,2017,,94.0,,,0,0,N,0.0,0.0,0.0,,,,,,,,35.93035,-86.86407,False,Crashes_2010_2019_MPO
101042633,2015-12-04,2015,,94.0,,,0,0,N,0.0,0.0,0.0,,,,,,,,36.01651,-86.78624,True,Crashes_2010_2019_MPO
100382695,2013-09-23,2013,,94.0,,,0,0,N,0.0,0.0,0.0,,,,,,,,35.9369,-86.79619,False,Crashes_2010_2019_MPO
101464974,2016-12-01,2016,,94.0,,,0,0,N,0.0,0.0,0.0,,,,,,,,35.96713,-86.8133,True,Crashes_2010_2019_MPO
101866447,2017-12-22,2017,,94.0,,,0,0,N,0.0,0.0,0.0,,,,,,,,36.01376,-86.71736,False,Crashes_2010_2019_MPO
102180799,2018-10-16,2018,,94.0,,,0,0,N,0.0,0.0,0.0,,,,,,,,35.98739,-86.73803,True,Crashes_2010_2019_MPO
102060999,2018-07-02,2018,,94.0,,,0,0,N,0.0,0.0,0.0,,,,,,,,36.03478,-86.78308,True,Crashes_2010_2019_MPO
101586849,2017-03-18,2017,,94.0,,,0,0,N,0.0,0.0,0.0,,,,,,,,35.95053,-86.80749,False,Crashes_2010_2019_MPO
100563858,2014-06-20,2014,,94.0,,,0,0,Y,0.0,0.0,1.0,,,,,,,,35.96595,-86.80315,True,Crashes_2010_2019_MPO
101877284,2018-01-04,2018,,94.0,,,0,0,N,0.0,0.0,0.0,,,,,,,,35.99734,-86.79486,True,Crashes_2010_2019_MPO
102151846,2018-09-20,2018,,94.0,,,0,0,N,0.0,0.0,0.0,,,,,,,,35.94805,-86.8186,False,Crashes_2010_2019_MPO
100505339,2014-05-06,2014,,94.0,,,0,0,N,0.0,0.0,0.0,,,,,,,,35.99102,-86.75176,True,Crashes_2010_2019_MPO
102216425,2018-11-19,2018,,19.0,,,0,0,N,0.0,0.0,0.0,,,,,,,,36.0374,-86.78657,False,Crashes_2010_2019_MPO
101158870,2016-04-06,2016,,94.0,,,0,0,N,0.0,0.0,0.0,,,,,,,,35.96716,-86.81351,True,Crashes_2010_2019_MPO
101842668,2017-11-28,2017,,94.0,,,0,0,N,0.0,0.0,0.0,,,,,,,,35.96634,-86.81246,False,Crashes_2010_2019_MPO
102088654,2018-07-27,2018,,94.0,,,0,0,N,0.0,0.0,0.0,,,,,,,,35.96225,-86.81509,False,Crashes_2010_2019_MPO
100289493,2013-02-07,2013,,94.0,,,0,0,N,0.0,0.0,0.0,,,,,,,,35.93407,-86.8191,False,Crashes_2010_2019_MPO
102420619,2019-06-16,2019,,19.0,,,0,0,N,0.0,0.0,0.0,,,,,,,,36.04523,-86.71469,False,Crashes_2010_2019_MPO
101755766,2017-09-09,2017,,94.0,,,0,0,N,0.0,0.0,0.0,,,,,,,,36.01435,-86.8088,True,Crashes_2010_2019_MPO
101131501,2016-03-10,2016,,94.0,,,0,0,N,0.0,0.0,0.0,,,,,,,,35.98635,-86.73664,True,Crashes_2010_2019_MPO
101038077,2015-11-28,2015,,19.0,,,0,0,N,0.0,0.0,0.0,,,,,,,,36.04145,-86.78248,False,Crashes_2010_2019_MPO
101772012,2017-09-25,2017,,94.0,,,0,0,N,0.0,0.0,0.0,,,,,,,,35.92373,-86.76683,False,Crashes_2010_2019_MPO
100633753,2014-09-24,2014,,19.0,,,0,0,N,0.0,0.0,0.0,,,,,,,,36.04827,-86.77617,False,Crashes_2010_2019_MPO
102411501,2019-06-05,2019,,94.0,,,0,0,N,0.0,0.0,0.0,,,,,,,,35.93534,-86.82136,False,Crashes_2010_2019_MPO
102008052,2018-05-12,2018,,94.0,,,0,0,N,0.0,0.0,0.0,,,,,,,,35.95162,-86.80666,False,Crashes_2010_2019_MPO
101685700,2017-06-28,2017,,94.0,,,0,0,N,0.0,0.0,0.0,,,,,,,,35.9615,-86.80922,False,Crashes_2010_2019_MPO
101746829,2017-08-31,2017,,94.0,,,0,0,N,0.0,0.0,0.0,,,,,,,,35.98404,-86.69971,True,Crashes_2010_2019_MPO
101935659,2018-03-06,2018,,94.0,,,0,0,N,0.0,0.0,0.0,,,,,,,,36.01689,-86.78609,True,Crashes_2010_2019_MPO
100206007,2012-07-17,2012,,94.0,,,0,0,N,0.0,0.0,0.0,,,,,,,,35.99078,-86.75109,True,Crashes_2010_2019_MPO
101984238,2018-04-20,2018,,94.0,,,0,0,N,0.0,0.0,0.0,,,,,,,,35.98146,-86.846,False,Crashes_2010_2019_MPO
102163470,2018-10-01,2018,,94.0,,,0,0,N,0.0,0.0,0.0,,,,,,,,36.00387,-86.72884,True,Crashes_2010_2019_MPO
101796733,2017-10-19,2017,,19.0,,,0,0,N,0.0,0.0,0.0,,,,,,,,36.03821,-86.8009,False,Crashes_2010_2019_MPO
100338887,2013-06-06,2013,,94.0,,,0,0,N,0.0,0.0,0.0,,,,,,,,36.01745,-86.78625,True,Crashes_2010_2019_MPO
101672064,2017-06-13,2017,,19.0,,,0,0,N,0.0,0.0,0.0,,,,,,,,36.0417,-86.74862,False,Crashes_2010_2019_MPO
102092508,2018-07-30,2018,,94.0,,,0,0,N,0.0,0.0,0.0,,,,,,,,35.95079,-86.81866,False,Crashes_2010_2019_MPO
102571895,2019-11-18,2019,,94.0,,,0,0,Y,0.0,0.0,1.0,,,,,,,,36.00582,-86.8657,False,Crashes_2010_2019_MPO
102194263,2018-10-29,2018,,19.0,,,0,0,N,0.0,0.0,0.0,,,,,,,,36.03778,-86.78465,False,Crashes_2010_2019_MPO
100548201,2014-06-07,2014,,94.0,,,0,0,N,0.0,0.0,0.0,,,,,,,,35.95083,-86.81934,False,Crashes_2010_2019_MPO
101548440,2017-02-08,2017,,94.0,,,0,0,N,0.0,0.0,0.0,,,,,,,,35.95524,-86.84497,False,Crashes_2010_2019_MPO
100254265,2012-11-16,2012,,94.0,,,0,0,N,0.0,0.0,0.0,,,,,,,,35.98217,-86.82932,False,Crashes_2010_2019_MPO
100679306,2014-11-12,2014,,94.0,,,0,0,N,0.0,0.0,0.0,,,,,,,,35.9498,-86.81328,False,Crashes_2010_2019_MPO
102595064,2019-12-11,2019,,94.0,,,0,0,N,0.0,0.0,0.0,,,,,,,,35.97146,-86.6784,False,Crashes_2010_2019_MPO
101727743,2017-08-09,2017,,94.0,,,0,0,N,0.0,0.0,0.0,,,,,,,,35.93482,-86.8213,False,Crashes_2010_2019_MPO
102275898,2019-01-13,2019,,19.0,,,0,0,N,0.0,0.0,0.0,,,,,,,,36.01509,-86.73554,False,Crashes_2010_2019_MPO
101092329,2016-01-22,2016,,94.0,,,0,0,N,0.0,0.0,0.0,,,,,,,,35.96531,-86.80038,True,Crashes_2010_2019_MPO
100732600,2015-02-05,2015,,94.0,,,0,0,N,0.0,0.0,0.0,,,,,,,,35.93204,-86.80158,False,Crashes_2010_2019_MPO
102290594,2019-01-28,2019,,94.0,,,0,0,N,0.0,0.0,0.0,,,,,,,,35.99861,-86.80573,True,Crashes_2010_2019_MPO
102183449,2018-10-20,2018,,94.0,,,0,0,N,0.0,0.0,0.0,,,,,,,,35.9407,-86.83934,False,Crashes_2010_2019_MPO
101080051,2016-01-19,2016,,94.0,,,0,0,N,0.0,0.0,0.0,,,,,,,,35.92835,-86.76581,False,Crashes_2010_2019_MPO
100849309,2015-05-24,2015,,19.0,,,0,0,N,0.0,0.0,0.0,,,,,,,,36.05081,-86.71648,False,Crashes_2010_2019_MPO
100822537,2015-04-23,2015,,94.0,,,0,0,N,0.0,0.0,0.0,,,,,,,,35.962,-86.81517,False,Crashes_2010_2019_MPO
100682920,2014-11-19,2014,,94.0,,,0,0,N,0.0,0.0,0.0,,,,,,,,35.98483,-86.80113,True,Crashes_2010_2019_MPO
102535093,2019-10-11,2019,,19.0,,,0,0,N,0.0,0.0,0.0,,,,,,,,36.0409,-86.77938,False,Crashes_2010_2019_MPO
101401476,2016-10-11,2016,,94.0,,,0,0,N,0.0,0.0,0.0,,,,,,,,35.99482,-86.77045,True,Crashes_2010_2019_MPO
101540878,2017-02-01,2017,,94.0,,,0,0,N,0.0,0.0,0.0,,,,,,,,35.96018,-86.80968,False,Crashes_2010_2019_MPO
101559970,2017-02-19,2017,,19.0,,,0,0,N,0.0,0.0,0.0,,,,,,,,36.04643,-86.71339,False,Crashes_2010_2019_MPO
100466036,2014-03-19,2014,,94.0,,,0,0,N,0.0,0.0,0.0,,,,,,,,35.95202,-86.81736,False,Crashes_2010_2019_MPO
101729313,2017-08-13,2017,,19.0,,,0,0,N,0.0,0.0,0.0,,,,,,,,36.04572,-86.71146,False,Crashes_2010_2019_MPO
101077734,2016-01-13,2016,,94.0,,,0,0,N,0.0,0.0,0.0,,,,,,,,36.00862,-86.78039,True,Crashes_2010_2019_MPO
102291858,2019-01-30,2019,,19.0,,,0,0,N,0.0,0.0,0.0,,,,,,,,36.03819,-86.8007,False,Crashes_2010_2019_MPO
100379182,2013-09-14,2013,,94.0,,,0,0,N,0.0,0.0,0.0,,,,,,,,36.00616,-86.8651,False,Crashes_2010_2019_MPO
100717606,2015-01-02,2015,,94.0,,,0,0,N,0.0,0.0,0.0,,,,,,,,35.99508,-86.7739,True,Crashes_2010_2019_MPO
101690979,2017-07-03,2017,,94.0,,,0,0,N,0.0,0.0,0.0,,,,,,,,35.98075,-86.70684,True,Crashes_2010_2019_MPO
102044802,2018-06-14,2018,,94.0,,,0,0,N,0.0,0.0,0.0,,,,,,,,36.00984,-86.84524,False,Crashes_2010_2019_MPO
101364649,2016-09-14,2016,,19.0,,,0,0,N,0.0,0.0,0.0,,,,,,,,36.0417,-86.74863,False,Crashes_2010_2019_MPO
100350574,2013-07-05,2013,,94.0,,,0,0,N,0.0,0.0,0.0,,,,,,,,35.94304,-86.81588,False,Crashes_2010_2019_MPO
102595026,2019-12-11,2019,,94.0,,,0,0,N,0.0,0.0,0.0,,,,,,,,35.934,-86.81878,False,Crashes_2010_2019_MPO
102560072,2019-11-06,2019,,94.0,,,0,0,N,0.0,0.0,0.0,,,,,,,,35.97448,-86.80471,True,Crashes_2010_2019_MPO
101894848,2018-01-22,2018,,94.0,,,0,0,N,0.0,0.0,0.0,,,,,,,,36.00194,-86.79344,True,Crashes_2010_2019_MPO
100925973,2015-08-19,2015,,19.0,,,0,0,N,0.0,0.0,0.0,,,,,,,,36.04032,-86.76878,False,Crashes_2010_2019_MPO
101879654,2018-01-05,2018,,19.0,,,0,0,N,0.0,0.0,0.0,,,,,,,,36.01927,-86.70925,False,Crashes_2010_2019_MPO
101730608,2017-08-14,2017,,94.0,,,0,0,N,0.0,0.0,0.0,,,,,,,,36.01576,-86.82103,True,Crashes_2010_2019_MPO
102427904,2019-06-24,2019,,19.0,,,0,0,N,0.0,0.0,0.0,,,,,,,,36.04563,-86.72,False,Crashes_2010_2019_MPO
101664126,2017-06-02,2017,,94.0,,,0,0,N,0.0,0.0,0.0,,,,,,,,36.02691,-86.80886,True,Crashes_2010_2019_MPO
101455599,2016-11-19,2016,,94.0,,,0,0,N,0.0,0.0,0.0,,,,,,,,35.96485,-86.7926,True,Crashes_2010_2019_MPO