mstrrecnbr,collision_ts,year,county,countystat,crash,crash_type,fatalities,non_motorists,commercial,fatal_c,nonmotor_c,truck_c,fatalc,serious_injuries,ped,bike,lighting,weather,first_harmful_event,latitude,longitude,in_city,src_layer
101704511,2017-07-18,2017,,94.0,,,0,0,N,0.0,0.0,0.0,,,,,,,,35.93446,-86.81991,False,Crashes_2010_2019_MPO
101835710,2017-11-23,2017,,94.0,,,0,1,N,0.0,1.0,0.0,,,,,,,,35.94853,-86.80739,False,Crashes_2010_2019_MPO
101190297,2016-05-08,2016,,94.0,,,0,0,N,0.0,0.0,0.0,,,,,,,,35.96655,-86.81128,True,Crashes_2010_2019_MPO
100314824,2013-03-19,2013,,94.0,,,0,0,N,0.0,0.0,0.0,,,,,,,,35.94476,-86.82852,False,Crashes_2010_2019_MPO
102429350,2019-06-26,2019,,94.0,,,0,0,N,0.0,0.0,0.0,,,,,,,,36.01747,-86.75997,True,Crashes_2010_2019_MPO
101789500,2017-10-12,2017,,94.0,,,0,0,N,0.0,0.0,0.0,,,,,,,,35.96658,-86.80966,True,Crashes_2010_2019_MPO
101617983,2017-04-17,2017,,94.0,,,0,0,N,0.0,0.0,0.0,,,,,,,,36.03216,-86.78364,True,Crashes_2010_2019_MPO
100942777,2015-09-01,2015,,94.0,,,0,0,N,0.0,0.0,0.0,,,,,,,,35.92664,-86.82664,False,Crashes_2010_2019_MPO
102444877,2019-07-11,2019,,19.0,,,0,0,N,0.0,0.0,0.0,,,,,,,,36.03859,-86.78263,False,Crashes_2010_2019_MPO
102385857,2019-05-10,2019,,19.0,,,0,0,N,0.0,0.0,0.0,,,,,,,,35.99128,-86.68358,False,Crashes_2010_2019_MPO
100414679,2013-12-04,2013,,94.0,,,0,0,N,0.0,0.0,0.0,,,,,,,,35.9352,-86.87826,False,Crashes_2010_2019_MPO
101042431,2015-12-04,2015,,94.0,,,0,0,N,0.0,0.0,0.0,,,,,,,,35.94992,-86.7595,True,Crashes_2010_2019_MPO
102336729,2019-03-21,2019,,94.0,,,0,0,N,0.0,0.0,0.0,,,,,,,,35.94332,-86.81155,False,Crashes_2010_2019_MPO
101759933,2017-09-13,2017,,19.0,,,0,0,N,0.0,0.0,0.0,,,,,,,,36.04638,-86.85862,False,Crashes_2010_2019_MPO
102402151,2019-05-27,2019,,19.0,,,0,0,N,0.0,0.0,0.0,,,,,,,,36.04585,-86.71332,False,Crashes_2010_2019_MPO
102345593,2019-03-22,2019,,94.0,,,0,0,N,0.0,0.0,0.0,,,,,,,,35.94363,-86.8305,False,Crashes_2010_2019_MPO
101161002,2016-04-09,2016,,19.0,,,0,0,N,0.0,0.0,0.0,,,,,,,,36.04536,-86.70263,False,Crashes_2010_2019_MPO
102430106,2019-06-27,2019,,19.0,,,0,0,N,0.0,0.0,0.0,,,,,,,,36.03698,-86.78282,False,Crashes_2010_2019_MPO
100878723,2015-06-30,2015,,19.0,,,0,0,N,0.0,0.0,0.0,,,,,,,,36.03246,-86.70821,False,Crashes_2010_2019_MPO
100265105,2012-12-06,2012,,94.0,,,0,0,N,0.0,0.0,0.0,,,,,,,,35.93155,-86.71479,False,Crashes_2010_2019_MPO
100562760,2014-06-18,2014,,94.0,,,0,0,N,0.0,0.0,0.0,,,,,,,,36.01726,-86.7862,True,Crashes_2010_2019_MPO
101714438,2017-07-28,2017,,19.0,,,0,0,N,0.0,0.0,0.0,,,,,,,,36.03895,-86.74343,False,Crashes_2010_2019_MPO
100923073,2015-08-14,2015,,19.0,,,0,0,N,0.0,0.0,0.0,,,,,,,,36.04568,-86.71009,False,Crashes_2010_2019_MPO
101583339,2017-03-14,2017,,94.0,,,0,0,N,0.0,0.0,0.0,,,,,,,,35.95334,-86.8123,False,Crashes_2010_2019_MPO
102134878,2018-09-05,2018,,94.0,,,0,0,N,0.0,0.0,0.0,,,,,,,,35.9232,-86.8675,False,Crashes_2010_2019_MPO
10821329,2011-11-07,2011,,19.0,,,0,0, ,0.0,0.0,0.0,,,,,,,,36.04139,-86.78214,False,Crashes_2010_2019_MPO
101571530,2017-03-03,2017,,94.0,,,0,0,N,0.0,0.0,0.0,,,,,,,,35.96798,-86.81833,True,Crashes_2010_2019_MPO
101816114,2017-11-05,2017,,19.0,,,0,0,N,0.0,0.0,0.0,,,,,,,,36.04519,-86.71531,False,Crashes_2010_2019_MPO
101912893,2018-02-10,2018,,94.0,,,0,0,N,0.0,0.0,0.0,,,,,,,,35.98832,-86.72419,True,Crashes_2010_2019_MPO
102236875,2018-12-06,2018,,94.0,,,0,0,N,0.0,0.0,0.0,,,,,,,,35.93878,-86.81711,False,Crashes_2010_2019_MPO
101489060,2016-12-28,2016,,19.0,,,0,0,N,0.0,0.0,0.0,,,,,,,,36.04106,-86.74631,False,Crashes_2010_2019_MPO
101125603,2016-03-01,2016,,94.0,,,0,0,N,0.0,0.0,0.0,,,,,,,,36.01364,-86.8042,True,Crashes_2010_2019_MPO
100861816,2015-06-16,2015,,94.0,,,0,0,N,0.0,0.0,0.0,,,,,,,,35.99469,-86.76903,True,Crashes_2010_2019_MPO
101608140,2017-04-07,2017,,94.0,,,0,0,N,0.0,0.0,0.0,,,,,,,,35.93446,-86.81991,False,Crashes_2010_2019_MPO
102585923,2019-12-02,2019,,94.0,,,0,0,N,0.0,0.0,0.0,,,,,,,,36.01978,-86.74213,False,Crashes_2010_2019_MPO
101069385,2015-12-30,2015,,94.0,,,0,0,N,0.0,0.0,0.0,,,,,,,,35.92609,-86.87139,False,Crashes_2010_2019_MPO
102097205,2018-08-03,2018,,94.0,,,0,0,N,0.0,0.0,0.0,,,,,,,,36.01465,-86.81153,True,Crashes_2010_2019_MPO
100979642,2015-10-15,2015,,19.0,,,0,0,N,0.0,0.0,0.0,,,,,,,,36.04078,-86.7796,False,Crashes_2010_2019_MPO
102578124,2019-11-24,2019,,94.0,,,0,0,N,0.0,0.0,0.0,,,,,,,,36.03843,-86.81855,True,Crashes_2010_2019_MPO
101872944,2017-12-30,2017,,94.0,,,0,0,N,0.0,0.0,0.0,,,,,,,,35.96518,-86.80029,True,Crashes_2010_2019_MPO
100418592,2013-12-04,2013,,94.0,,,0,0,N,0.0,0.0,0.0,,,,,,,,35.92522,-86.86918,False,Crashes_2010_2019_MPO
101362664,2016-09-16,2016,,19.0,,,0,0,N,0.0,0.0,0.0,,,,,,,,36.00288,-86.69735,False,Crashes_2010_2019_MPO
101598489,2017-03-30,2017,,94.0,,,0,0,N,0.0,0.0,0.0,,,,,,,,35.9583,-86.8023,False,Crashes_2010_2019_MPO
101651123,2017-05-21,2017,,94.0,,,0,0,N,0.0,0.0,0.0,,,,,,,,35.98726,-86.73787,True,Crashes_2010_2019_MPO
100913650,2015-07-28,2015,,94.0,,,0,0,N,0.0,0.0,0.0,,,,,,,,36.00199,-86.80776,True,Crashes_2010_2019_MPO
100589034,2014-07-30,2014,,94.0,,,0,0,N,0.0,0.0,0.0,,,,,,,,35.92659,-86.81605,False,Crashes_2010_2019_MPO
101786848,2017-10-09,2017,,94.0,,,0,0,N,0.0,0.0,0.0,,,,,,,,35.99107,-86.77834,True,Crashes_2010_2019_MPO
100198709,2012-07-06,2012,,94.0,,,0,0,N,0.0,0.0,0.0,,,,,,,,35.99598,-86.79753,True,Crashes_2010_2019_MPO
101323521,2016-08-09,2016,,19.0,,,0,1,N,0.0,1.0,0.0,,,,,,,,36.04526,-86.71704,False,Crashes_2010_2019_MPO
102543855,2019-10-20,2019,,94.0,,,0,0,N,0.0,0.0,0.0,,,,,,,,35.92338,-86.8118,False,Crashes_2010_2019_MPO
101622415,2017-04-22,2017,,19.0,,,0,0,N,0.0,0.0,0.0,,,,,,,,36.03822,-86.7829,False,Crashes_2010_2019_MPO
102041175,2018-06-12,2018,,94.0,,,0,0,N,0.0,0.0,0.0,,,,,,,,35.92641,-86.82447,False,Crashes_2010_2019_MPO
101484486,2016-12-22,2016,,94.0,,,0,0,N,0.0,0.0,0.0,,,,,,,,36.03227,-86.7893,True,Crashes_2010_2019_MPO
100484669,2014-04-10,2014,,94.0,,,0,0,N,0.0,0.0,0.0,,,,,,,,35.99946,-86.80907,True,Crashes_2010_2019_MPO
101036695,2015-11-25,2015,,94.0,,,0,0,N,0.0,0.0,0.0,,,,,,,,35.9518,-86.81259,False,Crashes_2010_2019_MPO
100753819,2015-02-27,2015,,94.0,,,0,0,N,0.0,0.0,0.0,,,,,,,,35.9285,-86.76192,False,Crashes_2010_2019_MPO
100656209,2014-10-20,2014,,94.0,,,0,0,N,0.0,0.0,0.0,,,,,,,,35.99724,-86.79411,True,Crashes_2010_2019_MPO
102537479,2019-10-09,2019,,94.0,,,0,0,N,0.0,0.0,0.0,,,,,,,,35.95344,-86.81201,False,Crashes_2010_2019_MPO
100497893,2014-04-18,2014,,94.0,,,0,0,N,0.0,0.0,0.0,,,,,,,,35.95639,-86.81702,False,Crashes_2010_2019_MPO
101799663,2017-10-20,2017,,94.0,,,0,0,N,0.0,0.0,0.0,,,,,,,,35.95209,-86.81805,False,Crashes_2010_2019_MPO
102606567,2019-12-24,2019,,19.0,,,0,0,N,0.0,0.0,0.0,,,,,,,,36.05125,-86.71516,False,Crashes_2010_2019_MPO
101207825,2016-05-19,2016,,94.0,,,0,0,N,0.0,0.0,0.0,,,,,,,,36.0305,-86.7836,True,Crashes_2010_2019_MPO
102444592,2019-07-11,2019,,94.0,,,0,0,N,0.0,0.0,0.0,,,,,,,,35.98439,-86.72434,True,Crashes_2010_2019_MPO
102017908,2018-05-21,2018,,94.0,,,0,0,N,0.0,0.0,0.0,,,,,,,,36.0332,-86.78551,True,Crashes_2010_2019_MPO
100323159,2013-04-30,2013,,94.0,,,0,0,N,0.0,0.0,0.0,,,,,,,,35.94761,-86.81992,False,Crashes_2010_2019_MPO
102422071,2019-06-18,2019,,94.0,,,0,0,N,0.0,0.0,0.0,,,,,,,,36.03175,-86.78961,True,Crashes_2010_2019_MPO
101272826,2016-06-24,2016,,94.0,,,0,0,N,0.0,0.0,0.0,,,,,,,,35.95215,-86.8185,False,Crashes_2010_2019_MPO
100247187,2012-11-02,2012,,94.0,,,0,0,N,0.0,0.0,0.0,,,,,,,,36.0015,-86.794,True,Crashes_2010_2019_MPO
100923059,2015-08-14,2015,,19.0,,,0,0,N,0.0,0.0,0.0,,,,,,,,35.9912,-86.68349,False,Crashes_2010_2019_MPO
100251390,2012-11-11,2012,,94.0,,,0,0,N,0.0,0.0,0.0,,,,,,,,36.03131,-86.78842,True,Crashes_2010_2019_MPO
101286318,2016-07-15,2016,,94.0,,,0,0,N,0.0,0.0,0.0,,,,,,,,35.94686,-86.81163,False,Crashes_2010_2019_MPO
101004100,2015-11-06,2015,,94.0,,,0,0,N,0.0,0.0,0.0,,,,,,,,35.9951,-86.77444,True,Crashes_2010_2019_MPO
101679845,2017-06-22,2017,,94.0,,,0,0,N,0.0,0.0,0.0,,,,,,,,35.94642,-86.82334,False,Crashes_2010_2019_MPO
101596086,2017-03-28,2017,,94.0,,,0,0,N,0.0,0.0,0.0,,,,,,,,35.94136,-86.8211,False,Crashes_2010_2019_MPO
100805228,2015-04-09,2015,,94.0,,,0,0,N,0.0,0.0,0.0,,,,,,,,35.97829,-86.76029,True,Crashes_2010_2019_MPO
102307542,2019-02-16,2019,,19.0,,,0,0,N,0.0,0.0,0.0,,,,,,,,36.03899,-86.78258,False,Crashes_2010_2019_MPO
101824350,2017-11-13,2017,,19.0,,,0,0,N,0.0,0.0,0.0,,,,,,,,36.04443,-86.71315,False,Crashes_2010_2019_MPO
101488403,2016-12-27,2016,,94.0,,,0,0,N,0.0,0.0,0.0,,,,,,,,35.95724,-86.81662,False,Crashes_2010_2019_MPO
101476030,2016-12-13,2016,,94.0,,,0,0,N,0.0,0.0,0.0,,,,,,,,36.02126,-86.78709,True,Crashes_2010_2019_MPO
100226794,2012-09-13,2012,,94.0,,,0,0,N,0.0,0.0,0.0,,,,,,,,35.97969,-86.82283,True,Crashes_2010_2019_MPO
101402828,2016-10-13,2016,,19.0,,,0,0,N,0.0,0.0,0.0,,,,,,,,36.04022,-86.74489,False,Crashes_2010_2019_MPO
100306558,2013-03-22,2013,,94.0,,,0,0,N,0.0,0.0,0.0,,,,,,,,35.94973,-86.81939,False,Crashes_2010_2019_MPO
101405733,2016-10-17,2016,,94.0,,,0,0,N,0.0,0.0,0.0,,,,,,,,35.96588,-86.80316,True,Crashes_2010_2019_MPO
100699774,2014-12-02,2014,,94.0,,,0,0,N,0.0,0.0,0.0,,,,,,,,35.99315,-86.69646,True,Crashes_2010_2019_MPO
100591995,2014-08-06,2014,,94.0,,,0,0,N,0.0,0.0,0.0,,,,,,,,35.96674,-86.80907,True,Crashes_2010_2019_MPO
100657822,2014-10-23,2014,,94.0,,,0,0,N,0.0,0.0,0.0,,,,,,,,36.03366,-86.78539,True,Crashes_2010_2019_MPO
100716766,2015-01-03,2015,,19.0,,,0,0,N,0.0,0.0,0.0,,,,,,,,36.04209,-86.78234,False,Crashes_2010_2019_MPO
101955290,2018-03-23,2018,,94.0,,,0,0,N,0.0,0.0,0.0,,,,,,,,35.92898,-86.83781,False,Crashes_2010_2019_MPO
100830476,2015-05-07,2015,,94.0,,,0,0,N,0.0,0.0,0.0,,,,,,,,35.94802,-86.81997,False,Crashes_2010_2019_MPO
101480750,2016-12-18,2016,,19.0,,,0,0,N,0.0,0.0,0.0,,,,,,,,36.04018,-86.7674,False,Crashes_2010_2019_MPO
102195102,2018-10-30,2018,,94.0,,,0,0,N,0.0,0.0,0.0,,,,,,,,35.966666,-86.80982,True,Crashes_2010_2019_MPO
101104115,2016-02-09,2016,,94.0,,,0,0,N,0.0,0.0,0.0,,,,,,,,35.97039,-86.77379,True,Crashes_2010_2019_MPO
102568814,2019-11-15,2019,,94.0,,,0,0,N,0.0,0.0,0.0,,,,,,,,36.0343,-86.79174,True,Crashes_2010_2019_MPO
101004336,2015-11-06,2015,,94.0,,,0,0,N,0.0,0.0,0.0,,,,,,,,36.01419,-86.82369,True,Crashes_2010_2019_MPO
102240005,2018-12-08,2018,,19.0,,,0,0,N,0.0,0.0,0.0,,,,,,,,36.0465,-86.7134,False,Crashes_2010_2019_MPO
102586023,2019-12-02,2019,,94.0,,,0,0,N,0.0,0.0,0.0,,,,,,,,35.99046,-86.74521,True,Crashes_2010_2019_MPO
102154870,2018-09-23,2018,,94.0,,,0,0,N,0.0,0.0,0.0,,,,,,,,35.96174,-86.80191,True,Crashes_2010_2019_MPO
101049481,2015-12-14,2015,,94.0,,,0,0,N,0.0,0.0,0.0,,,,,,,,35.94767,-86.86616,False,Crashes_2010_2019_MPO
101618652,2017-04-17,2017,,94.0,,,0,0,N,0.0,0.0,0.0,,,,,,,,35.97334,-86.83305,True,Crashes_2010_2019_MPO
101796452,2017-10-18,2017,,94.0,,,0,0,N,0.0,0.0,0.0,,,,,,,,36.00209,-86.79298,True,Crashes_2010_2019_MPO
102019471,2018-05-23,2018,,94.0,,,0,0,N,0.0,0.0,0.0,,,,,,,,35.96417,-86.78519,True,Crashes_2010_2019_MPO
101800566,2017-10-22,2017,,94.0,,,0,0,N,0.0,0.0,0.0,,,,,,,,35.93215,-86.79441,False,Crashes_2010_2019_MPO
102605848,2019-12-23,2019,,94.0,,,0,0,N,0.0,0.0,0.0,,,,,,,,35.95929,-86.81586,False,Crashes_2010_2019_MPO
102419973,2019-06-15,2019,,19.0,,,0,0,N,0.0,0.0,0.0,,,,,,,,36.00995,-86.70194,False,Crashes_2010_2019_MPO
102013107,2018-05-16,2018,,94.0,,,0,0,N,0.0,0.0,0.0,,,,,,,,35.9968,-86.797,True,Crashes_2010_2019_MPO
101479730,2016-12-17,2016,,19.0,,,0,0,N,0.0,0.0,0.0,,,,,,,,36.04667,-86.67848,False,Crashes_2010_2019_MPO
100855898,2015-06-05,2015,,19.0,,,0,0,N,0.0,0.0,0.0,,,,,,,,36.04196,-86.82487,False,Crashes_2010_2019_MPO
100631464,2014-09-20,2014,,94.0,,,0,0,N,0.0,0.0,0.0,,,,,,,,36.03037,-86.78362,True,Crashes_2010_2019_MPO
101150209,2016-03-24,2016,,94.0,,,0,0,N,0.0,0.0,0.0,,,,,,,,35.94577,-86.82463,False,Crashes_2010_2019_MPO
100940078,2015-08-26,2015,,19.0,,,0,0,N,0.0,0.0,0.0,,,,,,,,36.01099,-86.68554,False,Crashes_2010_2019_MPO
101393682,2016-10-01,2016,,19.0,,,0,0,N,0.0,0.0,0.0,,,,,,,,36.03215,-86.76465,False,Crashes_2010_2019_MPO
101950200,2018-03-20,2018,,19.0,,,0,0,N,0.0,0.0,0.0,,,,,,,,36.04091,-86.74369,False,Crashes_2010_2019_MPO
101549000,2017-02-07,2017,,94.0,,,0,0,N,0.0,0.0,0.0,,,,,,,,35.93204,-86.79396,False,Crashes_2010_2019_MPO
101288711,2016-07-19,2016,,94.0,,,0,0,N,0.0,0.0,0.0,,,,,,,,35.92529,-86.82464,False,Crashes_2010_2019_MPO
100848518,2015-05-22,2015,,94.0,,,0,0,N,0.0,0.0,0.0,,,,,,,,35.96743,-86.81572,True,Crashes_2010_2019_MPO
101689434,2017-07-01,2017,,94.0,,,0,0,N,0.0,0.0,0.0,,,,,,,,35.93722,-86.87879,False,Crashes_2010_2019_MPO
101818816,2017-11-08,2017,,94.0,,,0,0,N,0.0,0.0,0.0,,,,,,,,35.9958,-86.79734,True,Crashes_2010_2019_MPO
101968097,2018-04-05,2018,,94.0,,,0,0,N,0.0,0.0,0.0,,,,,,,,35.99781,-86.79886,True,Crashes_2010_2019_MPO
101163073,2016-04-12,2016,,94.0,,,0,0,N,0.0,0.0,0.0,,,,,,,,35.97268,-86.6891,False,Crashes_2010_2019_MPO
100459384,2014-03-03,2014,,94.0,,,0,0,N,0.0,0.0,0.0,,,,,,,,35.95376,-86.80431,False,Crashes_2010_2019_MPO
100908311,2015-07-18,2015,,94.0,,,0,0,N,0.0,0.0,0.0,,,,,,,,35.92673,-86.79204,False,Crashes_2010_2019_MPO
100394273,2013-10-21,2013,,94.0,,,0,0,N,0.0,0.0,0.0,,,,,,,,35.95137,-86.87431,False,Crashes_2010_2019_MPO
102593247,2019-12-10,2019,,19.0,,,0,1,N,0.0,1.0,0.0,,,,,,,,36.03975,-86.74396,False,Crashes_2010_2019_MPO
100310780,2013-04-01,2013,,94.0,,,0,0,Y,0.0,0.0,1.0,,,,,,,,36.02975,-86.7837,True,Crashes_2010_2019_MPO
100680717,2014-11-14,2014,,19.0,,,0,0,N,0.0,0.0,0.0,,,,,,,,36.04169,-86.74802,False,Crashes_2010_2019_MPO
100285709,2013-01-30,2013,,94.0,,,0,0,N,0.0,0.0,0.0,,,,,,,,35.94666,-86.83156,False,Crashes_2010_2019_MPO
101640647,2017-05-10,2017,,94.0,,,0,0,N,0.0,0.0,0.0,,,,,,,,35.95899,-86.81594,False,Crashes_2010_2019_MPO
100946955,2015-09-08,2015,,94.0,,,0,0,N,0.0,0.0,0.0,,,,,,,,35.93451,-86.81965,False,Crashes_2010_2019_MPO
101286526,2016-07-15,2016,,19.0,,,0,0,N,0.0,0.0,0.0,,,,,,,,36.0374,-86.78657,False,Crashes_2010_2019_MPO
100722143,2015-01-14,2015,,94.0,,,0,0,N,0.0,0.0,0.0,,,,,,,,35.99551,-86.77889,True,Crashes_2010_2019_MPO
102288210,2019-01-26,2019,,19.0,,,0,0,N,0.0,0.0,0.0,,,,,,,,36.0406,-86.74362,False,Crashes_2010_2019_MPO
102452432,2019-07-19,2019,,19.0,,,0,0,N,0.0,0.0,0.0,,,,,,,,36.05315,-86.74296,False,Crashes_2010_2019_MPO
101358913,2016-09-11,2016,,94.0,,,0,0,N,0.0,0.0,0.0,,,,,,,,35.93559,-86.82589,False,Crashes_2010_2019_MPO
101072445,2016-01-05,2016,,94.0,,,0,0,N,0.0,0.0,0.0,,,,,,,,35.94873,-86.83188,False,Crashes_2010_2019_MPO
102467163,2019-08-03,2019,,19.0,,,0,0,N,0.0,0.0,0.0,,,,,,,,36.04261,-86.7511,False,Crashes_2010_2019_MPO
101178106,2016-04-20,2016,,94.0,,,0,0,N,0.0,0.0,0.0,,,,,,,,35.92417,-86.77867,False,Crashes_2010_2019_MPO
101032894,2015-11-19,2015,,94.0,,,0,0,N,0.0,0.0,0.0,,,,,,,,35.92957,-86.84187,False,Crashes_2010_2019_MPO
101393551,2016-09-30,2016,,19.0,,,0,0,N,0.0,0.0,0.0,,,,,,,,36.04653,-86.68337,False,Crashes_2010_2019_MPO
101770214,2017-09-24,2017,,19.0,,,0,0,N,0.0,0.0,0.0,,,,,,,,36.04567,-86.77899,False,Crashes_2010_2019_MPO
100320155,2013-04-23,2013,,94.0,,,0,0,Y,0.0,0.0,1.0,,,,,,,,35.92547,-86.87275,False,Crashes_2010_2019_MPO
101236901,2016-06-01,2016,,94.0,,,0,0,N,0.0,0.0,0.0,,,,,,,,36.01323,-86.73868,True,Crashes_2010_2019_MPO
101425691,2016-10-29,2016,,19.0,,,0,0,N,0.0,0.0,0.0,,,,,,,,36.03772,-86.79475,False,Crashes_2010_2019_MPO
102089028,2018-07-27,2018,,94.0,,,0,0,N,0.0,0.0,0.0,,,,,,,,35.95875,-86.80425,False,Crashes_2010_2019_MPO
100755672,2015-02-26,2015,,94.0,,,0,0,N,0.0,0.0,0.0,,,,,,,,35.95025,-86.8188,False,Crashes_2010_2019_MPO
100836591,2015-05-19,2015,,94.0,,,0,0,N,0.0,0.0,0.0,,,,,,,,35.96267,-86.83973,False,Crashes_2010_2019_MPO
101183296,2016-04-28,2016,,94.0,,,0,0,N,0.0,0.0,0.0,,,,,,,,35.93369,-86.81913,False,Crashes_2010_2019_MPO
102207475,2018-11-11,2018,,94.0,,,0,0,N,0.0,0.0,0.0,,,,,,,,35.96312,-86.81897,True,Crashes_2010_2019_MPO
100294697,2013-02-19,2013,,94.0,,,0,0,N,0.0,0.0,0.0,,,,,,,,35.97348,-86.83307,True,Crashes_2010_2019_MPO
101604700,2017-04-05,2017,,94.0,,,0,0,N,0.0,0.0,0.0,,,,,,,,36.01541,-86.78592,True,Crashes_2010_2019_MPO
101389001,2016-09-25,2016,,19.0,,,0,0,N,0.0,0.0,0.0,,,,,,,,36.03971,-86.75884,False,Crashes_2010_2019_MPO
100234121,2012-10-02,2012,,94.0,,,0,0,N,0.0,0.0,0.0,,,,,,,,35.98833,-86.73978,True,Crashes_2010_2019_MPO
102594666,2019-12-11,2019,,19.0,,,0,0,N,0.0,0.0,0.0,,,,,,,,36.04083,-86.77972,False,Crashes_2010_2019_MPO
102566107,2019-11-12,2019,,19.0,,,0,0,N,0.0,0.0,0.0,,,,,,,,36.0409,-86.77938,False,Crashes_2010_2019_MPO
101666283,2017-06-06,2017,,19.0,,,0,0,N,0.0,0.0,0.0,,,,,,,,36.03502,-86.76872,False,Crashes_2010_2019_MPO
100405961,2013-11-14,2013,,94.0,,,0,0,N,0.0,0.0,0.0,,,,,,,,35.95723,-86.81423,False,Crashes_2010_2019_MPO
101822545,2017-11-11,2017,,94.0,,,0,0,N,0.0,0.0,0.0,,,,,,,,35.96508,-86.8162,True,Crashes_2010_2019_MPO
101152451,2016-03-28,2016,,94.0,,,0,0,N,0.0,0.0,0.0,,,,,,,,35.93783,-86.70648,False,Crashes_2010_2019_MPO
101396803,2016-10-05,2016,,94.0,,,0,0,N,0.0,0.0,0.0,,,,,,,,35.94693,-86.82158,False,Crashes_2010_2019_MPO
102211407,2018-11-14,2018,,94.0,,,0,1,N,0.0,1.0,0.0,,,,,,,,35.93867,-86.82064,False,Crashes_2010_2019_MPO
100355353,2013-07-13,2013,,94.0,,,0,0,N,0.0,0.0,0.0,,,,,,,,35.94422,-86.82862,False,Crashes_2010_2019_MPO
102161055,2018-09-28,2018,,94.0,,,0,0,N,0.0,0.0,0.0,,,,,,,,35.93437,-86.86107,False,Crashes_2010_2019_MPO
101982838,2018-04-19,2018,,94.0,,,0,1,N,0.0,1.0,0.0,,,,,,,,35.93145,-86.87675,False,Crashes_2010_2019_MPO
101656964,2017-05-27,2017,,19.0,,,0,0,N,0.0,0.0,0.0,,,,,,,,36.03841,-86.713,False,Crashes_2010_2019_MPO
100634797,2014-09-27,2014,,19.0,,,0,0,N,0.0,0.0,0.0,,,,,,,,36.04156,-86.72072,False,Crashes_2010_2019_MPO
101661150,2017-06-01,2017,,94.0,,,0,0,N,0.0,0.0,0.0,,,,,,,,35.96716,-86.81351,True,Crashes_2010_2019_MPO
102263084,2019-01-01,2019,,94.0,,,0,0,N,0.0,0.0,0.0,,,,,,,,35.96233,-86.68829,False,Crashes_2010_2019_MPO
100327367,2013-05-10,2013,,94.0,,,0,0,N,0.0,0.0,0.0,,,,,,,,35.94613,-86.82347,False,Crashes_2010_2019_MPO
100415548,2013-12-06,2013,,94.0,,,0,0,N,0.0,0.0,0.0,,,,,,,,35.97026,-86.7738,True,Crashes_2010_2019_MPO
100417362,2013-12-10,2013,,94.0,,,0,0,N,0.0,0.0,0.0,,,,,,,,35.92451,-86.87108,False,Crashes_2010_2019_MPO
101179520,2016-04-22,2016,,19.0,,,0,0,N,0.0,0.0,0.0,,,,,,,,36.05214,-86.7431,False,Crashes_2010_2019_MPO
102313529,2019-02-23,2019,,19.0,,,0,0,N,0.0,0.0,0.0,,,,,,,,36.04537,-86.71326,False,Crashes_2010_2019_MPO
100856288,2015-05-29,2015,,94.0,,,0,0,N,0.0,0.0,0.0,,,,,,,,35.98729,-86.80053,True,Crashes_2010_2019_MPO
100404540,2013-11-13,2013,,94.0,,,0,0,N,0.0,0.0,0.0,,,,,,,,35.9266,-86.87035,False,Crashes_2010_2019_MPO
101995573,2018-05-01,2018,,19.0,,,0,0,N,0.0,0.0,0.0,,,,,,,,36.0457,-86.86409,False,Crashes_2010_2019_MPO
100296610,2013-02-24,2013,,94.0,,,0,0,N,0.0,0.0,0.0,,,,,,,,35.97718,-86.78795,True,Crashes_2010_2019_MPO
102363032,2019-04-16,2019,,94.0,,,0,0,N,0.0,0.0,0.0,,,,,,,,36.00984,-86.84524,False,Crashes_2010_2019_MPO
102368919,2019-04-22,2019,,19.0,,,0,0,N,0.0,0.0,0.0,,,,,,,,36.05243,-86.68405,False,Crashes_2010_2019_MPO
101605258,2017-04-04,2017,,94.0,,,0,0,N,0.0,0.0,0.0,,,,,,,,35.94785,-86.81962,False,Crashes_2010_2019_MPO
101813406,2017-11-03,2017,,94.0,,,0,0,N,0.0,0.0,0.0,,,,,,,,36.03473,-86.78793,True,Crashes_2010_2019_MPO
100562770,2014-06-19,2014,,94.0,,,0,0,N,0.0,0.0,0.0,,,,,,,,35.92767,-86.74349,False,Crashes_2010_2019_MPO
101068002,2015-12-28,2015,,94.0,,,0,0,N,0.0,0.0,0.0,,,,,,,,35.99291,-86.81254,True,Crashes_2010_2019_MPO
101319937,2016-08-04,2016,,19.0,,,0,0,N,0.0,0.0,0.0,,,,,,,,36.04096,-86.7437,False,Crashes_2010_2019_MPO
100468728,2014-03-26,2014,,94.0,,,0,0,N,0.0,0.0,0.0,,,,,,,,35.94064,-86.83238,False,Crashes_2010_2019_MPO
102422116,2019-06-18,2019,,19.0,,,0,0,N,0.0,0.0,0.0,,,,,,,,36.03659,-86.78366,False,Crashes_2010_2019_MPO
100753881,2015-02-27,2015,,19.0,,,0,0,N,0.0,0.0,0.0,,,,,,,,36.0399,-86.78131,False,Crashes_2010_2019_MPO
101324938,2016-07-13,2016,,19.0,,,0,0,N,0.0,0.0,0.0,,,,,,,,36.04205,-86.83278,False,Crashes_2010_2019_MPO
101045239,2015-12-07,2015,,19.0,,,0,0,N,0.0,0.0,0.0,,,,,,,,36.04541,-86.71284,False,Crashes_2010_2019_MPO
102336450,2019-03-20,2019,,19.0,,,0,0,N,0.0,0.0,0.0,,,,,,,,36.0412,-86.77682,False,Crashes_2010_2019_MPO
102270839,2019-01-08,2019,,19.0,,,0,0,N,0.0,0.0,0.0,,,,,,,,36.04562,-86.70643,False,Crashes_2010_2019_MPO
100504061,2014-05-02,2014,,94.0,,,0,0,Y,0.0,0.0,1.0,,,,,,,,35.9263,-86.76719,False,Crashes_2010_2019_MPO
100160470,2012-03-22,2012,,94.0,,,0,0,N,0.0,0.0,0.0,,,,,,,,35.96678,-86.80903,True,Crashes_2010_2019_MPO