mstrrecnbr,collision_ts,year,county,countystat,crash,crash_type,fatalities,non_motorists,commercial,fatal_c,nonmotor_c,truck_c,fatalc,serious_injuries,ped,bike,lighting,weather,first_harmful_event,latitude,longitude,in_city,src_layer
100632904,2014-09-23,2014,,19.0,,,0,0,N,0.0,0.0,0.0,,,,,,,,36.03359,-86.78859,True,Crashes_2010_2019_MPO
101457802,2016-11-23,2016,,19.0,,,0,0,N,0.0,0.0,0.0,,,,,,,,36.04955,-86.73716,False,Crashes_2010_2019_MPO
100807736,2015-04-11,2015,,94.0,,,0,0,N,0.0,0.0,0.0,,,,,,,,35.94476,-86.82852,False,Crashes_2010_2019_MPO
102459766,2019-07-27,2019,,94.0,,,0,0,N,0.0,0.0,0.0,,,,,,,,35.92609,-86.87139,False,Crashes_2010_2019_MPO
102441954,2019-07-08,2019,,94.0,,,0,0,N,0.0,0.0,0.0,,,,,,,,35.95621,-86.8442,False,Crashes_2010_2019_MPO
100484323,2014-04-09,2014,,94.0,,,0,0,N,0.0,0.0,0.0,,,,,,,,35.97332,-86.83308,True,Crashes_2010_2019_MPO
102036065,2018-06-07,2018,,94.0,,,0,0,N,0.0,0.0,0.0,,,,,,,,35.94781,-86.81994,False,Crashes_2010_2019_MPO
100697303,2014-11-25,2014,,94.0,,,0,0,N,0.0,0.0,0.0,,,,,,,,35.92387,-86.86922,False,Crashes_2010_2019_MPO
100975818,2015-10-08,2015,,94.0,,,0,0,N,0.0,0.0,0.0,,,,,,,,35.98525,-86.72858,True,Crashes_2010_2019_MPO
100722241,2015-01-13,2015,,94.0,,,0,0,N,0.0,0.0,0.0,,,,,,,,35.92406,-86.87131,False,Crashes_2010_2019_MPO
102531886,2019-10-04,2019,,94.0,,,0,0,N,0.0,0.0,0.0,,,,,,,,35.967883,-86.80785,True,Crashes_2010_2019_MPO
101318581,2016-08-02,2016,,94.0,,,0,0,N,0.0,0.0,0.0,,,,,,,,35.93306,-86.81109,False,Crashes_2010_2019_MPO
100876494,2015-06-25,2015,,19.0,,,0,0,N,0.0,0.0,0.0,,,,,,,,36.00245,-86.69338,False,Crashes_2010_2019_MPO
100874418,2015-06-21,2015,,94.0,,,0,0,N,0.0,0.0,0.0,,,,,,,,35.947,-86.81148,False,Crashes_2010_2019_MPO
101473324,2016-12-08,2016,,94.0,,,0,0,N,0.0,0.0,0.0,,,,,,,,36.0079,-86.7873,True,Crashes_2010_2019_MPO
101694797,2017-07-05,2017,,94.0,,,0,0,N,0.0,0.0,0.0,,,,,,,,36.00117,-86.79393,True,Crashes_2010_2019_MPO
100269449,2012-12-20,2012,,94.0,,,0,0,N,0.0,0.0,0.0,,,,,,,,35.96708,-86.81356,True,Crashes_2010_2019_MPO
100300532,2013-03-06,2013,,94.0,,,0,0,N,0.0,0.0,0.0,,,,,,,,35.95801,-86.81638,False,Crashes_2010_2019_MPO
100711698,2014-12-23,2014,,94.0,,,0,0,N,0.0,0.0,0.0,,,,,,,,35.96376,-86.81061,False,Crashes_2010_2019_MPO
101991744,2018-04-27,2018,,19.0,,,0,0,N,0.0,0.0,0.0,,,,,,,,36.05049,-86.87668,False,Crashes_2010_2019_MPO
102240235,2018-12-08,2018,,94.0,,,0,0,N,0.0,0.0,0.0,,,,,,,,35.95209,-86.81805,False,Crashes_2010_2019_MPO
101729205,2017-08-13,2017,,94.0,,,0,0,N,0.0,0.0,0.0,,,,,,,,35.98056,-86.725,True,Crashes_2010_2019_MPO
102551470,2019-10-28,2019,,94.0,,,0,0,N,0.0,0.0,0.0,,,,,,,,35.9583,-86.8023,False,Crashes_2010_2019_MPO
101749956,2017-09-03,2017,,19.0,,,0,0,N,0.0,0.0,0.0,,,,,,,,36.0522,-86.74309,False,Crashes_2010_2019_MPO
100694831,2014-11-22,2014,,94.0,,,0,0,N,0.0,0.0,0.0,,,,,,,,35.9667,-86.81117,True,Crashes_2010_2019_MPO
101463296,2016-11-29,2016,,19.0,,,0,0,N,0.0,0.0,0.0,,,,,,,,36.05239,-86.71463,False,Crashes_2010_2019_MPO
102236244,2018-12-05,2018,,94.0,,,0,0,N,0.0,0.0,0.0,,,,,,,,35.93412,-86.82399,False,Crashes_2010_2019_MPO
101822204,2017-11-11,2017,,19.0,,,0,0,N,0.0,0.0,0.0,,,,,,,,36.03504,-86.71322,False,Crashes_2010_2019_MPO
101941435,2018-03-12,2018,,19.0,,,0,0,N,0.0,0.0,0.0,,,,,,,,36.04481,-86.84894,False,Crashes_2010_2019_MPO
101287346,2016-07-16,2016,,19.0,,,0,0,N,0.0,0.0,0.0,,,,,,,,36.04482,-86.7248,False,Crashes_2010_2019_MPO
101106845,2016-02-16,2016,,94.0,,,0,0,N,0.0,0.0,0.0,,,,,,,,35.98076,-86.82235,True,Crashes_2010_2019_MPO
100415407,2013-12-05,2013,,94.0,,,0,0,N,0.0,0.0,0.0,,,,,,,,35.92253,-86.82293,False,Crashes_2010_2019_MPO
101242044,2016-06-09,2016,,94.0,,,0,0,N,0.0,0.0,0.0,,,,,,,,35.99551,-86.77887,True,Crashes_2010_2019_MPO
101068516,2015-12-29,2015,,19.0,,,0,0,N,0.0,0.0,0.0,,,,,,,,36.04545,-86.7036,False,Crashes_2010_2019_MPO
100266187,2012-12-13,2012,,94.0,,,0,0,N,0.0,0.0,0.0,,,,,,,,36.02124,-86.78735,True,Crashes_2010_2019_MPO
101669705,2017-06-10,2017,,19.0,,,0,0,N,0.0,0.0,0.0,,,,,,,,36.04537,-86.71326,False,Crashes_2010_2019_MPO
101460847,2016-11-26,2016,,94.0,,,0,0,N,0.0,0.0,0.0,,,,,,,,35.95403,-86.81777,False,Crashes_2010_2019_MPO
101669347,2017-06-10,2017,,19.0,,,0,0,N,0.0,0.0,0.0,,,,,,,,36.01196,-86.70578,False,Crashes_2010_2019_MPO
102029240,2018-05-31,2018,,94.0,,,0,0,N,0.0,0.0,0.0,,,,,,,,35.94443,-86.82028,False,Crashes_2010_2019_MPO
101757582,2017-09-11,2017,,19.0,,,0,0,N,0.0,0.0,0.0,,,,,,,,35.99427,-86.68639,False,Crashes_2010_2019_MPO
100965773,2015-09-23,2015,,94.0,,,0,0,N,0.0,0.0,0.0,,,,,,,,35.92911,-86.83369,False,Crashes_2010_2019_MPO
102233158,2018-12-02,2018,,19.0,,,0,0,N,0.0,0.0,0.0,,,,,,,,36.0262,-86.71294,False,Crashes_2010_2019_MPO
101994519,2018-04-28,2018,,94.0,,,0,0,N,0.0,0.0,0.0,,,,,,,,35.94099,-86.87916,False,Crashes_2010_2019_MPO
101928866,2018-02-27,2018,,19.0,,,0,0,N,0.0,0.0,0.0,,,,,,,,36.0386,-86.74344,False,Crashes_2010_2019_MPO
100294373,2013-02-19,2013,,94.0,,,0,0,N,0.0,0.0,0.0,,,,,,,,35.99735,-86.79443,True,Crashes_2010_2019_MPO
100597333,2014-08-18,2014,,94.0,,,0,0,N,0.0,0.0,0.0,,,,,,,,35.96203,-86.81531,False,Crashes_2010_2019_MPO
102245252,2018-12-13,2018,,94.0,,,0,0,N,0.0,0.0,0.0,,,,,,,,35.92314,-86.87106,False,Crashes_2010_2019_MPO
102283156,2019-01-21,2019,,94.0,,,0,0,N,0.0,0.0,0.0,,,,,,,,35.97878,-86.75282,True,Crashes_2010_2019_MPO
100354795,2013-07-12,2013,,94.0,,,0,0,N,0.0,0.0,0.0,,,,,,,,35.92988,-86.82023,False,Crashes_2010_2019_MPO
102389674,2019-05-15,2019,,19.0,,,0,0,N,0.0,0.0,0.0,,,,,,,,36.03797,-86.79777,False,Crashes_2010_2019_MPO
101302990,2016-07-25,2016,,94.0,,,0,0,N,0.0,0.0,0.0,,,,,,,,35.97925,-86.82304,True,Crashes_2010_2019_MPO
102237574,2018-12-06,2018,,94.0,,,0,0,N,0.0,0.0,0.0,,,,,,,,35.92642,-86.82469,False,Crashes_2010_2019_MPO
100298866,2013-03-02,2013,,94.0,,,0,0,N,0.0,0.0,0.0,,,,,,,,35.94489,-86.82843,False,Crashes_2010_2019_MPO
102224624,2018-11-26,2018,,19.0,,,0,0,N,0.0,0.0,0.0,,,,,,,,36.03736,-86.78696,False,Crashes_2010_2019_MPO
102561573,2019-11-08,2019,,94.0,,,0,0,N,0.0,0.0,0.0,,,,,,,,35.97042,-86.72567,True,Crashes_2010_2019_MPO
101064509,2015-12-22,2015,,19.0,,,0,0,N,0.0,0.0,0.0,,,,,,,,36.04315,-86.78155,False,Crashes_2010_2019_MPO
100407527,2013-11-19,2013,,94.0,,,0,0,Y,0.0,0.0,1.0,,,,,,,,36.02127,-86.77071,True,Crashes_2010_2019_MPO
101271597,2016-06-23,2016,,94.0,,,0,0,N,0.0,0.0,0.0,,,,,,,,35.9464,-86.80894,False,Crashes_2010_2019_MPO
101210270,2016-05-22,2016,,19.0,,,0,0,N,0.0,0.0,0.0,,,,,,,,36.03352,-86.71298,False,Crashes_2010_2019_MPO
100376130,2013-09-06,2013,,94.0,,,0,0,N,0.0,0.0,0.0,,,,,,,,35.92888,-86.83704,False,Crashes_2010_2019_MPO
102445604,2019-07-12,2019,,94.0,,,0,0,N,0.0,0.0,0.0,,,,,,,,35.92957,-86.84187,False,Crashes_2010_2019_MPO
102050811,2018-06-22,2018,,94.0,,,0,0,N,0.0,0.0,0.0,,,,,,,,35.99626,-86.78641,True,Crashes_2010_2019_MPO
100660170,2014-10-27,2014,,94.0,,,0,0,N,0.0,0.0,0.0,,,,,,,,35.93193,-86.79397,False,Crashes_2010_2019_MPO
100595841,2014-08-14,2014,,94.0,,,0,0,N,0.0,0.0,0.0,,,,,,,,35.94653,-86.80904,False,Crashes_2010_2019_MPO
101538224,2017-01-29,2017,,94.0,,,0,0,N,0.0,0.0,0.0,,,,,,,,35.95015,-86.84906,False,Crashes_2010_2019_MPO
100829005,2015-05-05,2015,,94.0,,,0,0,N,0.0,0.0,0.0,,,,,,,,35.97332,-86.83308,True,Crashes_2010_2019_MPO
101094904,2016-01-27,2016,,19.0,,,0,0,N,0.0,0.0,0.0,,,,,,,,36.05249,-86.68443,False,Crashes_2010_2019_MPO
102085576,2018-07-24,2018,,19.0,,,0,0,N,0.0,0.0,0.0,,,,,,,,36.0409,-86.77938,False,Crashes_2010_2019_MPO
100508231,2014-05-13,2014,,94.0,,,0,0,N,0.0,0.0,0.0,,,,,,,,35.96721,-86.80861,True,Crashes_2010_2019_MPO
100417534,2013-12-07,2013,,94.0,,,0,0,N,0.0,0.0,0.0,,,,,,,,35.94776,-86.83684,False,Crashes_2010_2019_MPO
102126349,2018-08-29,2018,,94.0,,,0,0,N,0.0,0.0,0.0,,,,,,,,35.92645,-86.82495,False,Crashes_2010_2019_MPO
100965648,2015-09-23,2015,,19.0,,,0,0,N,0.0,0.0,0.0,,,,,,,,36.03376,-86.74063,False,Crashes_2010_2019_MPO
102076118,2018-07-16,2018,,19.0,,,0,0,N,0.0,0.0,0.0,,,,,,,,36.03774,-86.78479,False,Crashes_2010_2019_MPO
100849052,2015-05-23,2015,,19.0,,,0,0,N,0.0,0.0,0.0,,,,,,,,36.05192,-86.71436,False,Crashes_2010_2019_MPO
102045637,2018-06-16,2018,,94.0,,,0,0,N,0.0,0.0,0.0,,,,,,,,35.95714,-86.80382,False,Crashes_2010_2019_MPO
101236214,2016-05-31,2016,,94.0,,,0,0,N,0.0,0.0,0.0,,,,,,,,35.97334,-86.83305,True,Crashes_2010_2019_MPO
102411484,2019-06-06,2019,,94.0,,,0,0,N,0.0,0.0,0.0,,,,,,,,36.01382,-86.7383,False,Crashes_2010_2019_MPO
100443573,2014-02-16,2014,,94.0,,,0,0,N,0.0,0.0,0.0,,,,,,,,35.96612,-86.80505,True,Crashes_2010_2019_MPO
101322823,2016-08-08,2016,,94.0,,,0,0,N,0.0,0.0,0.0,,,,,,,,35.99923,-86.79577,True,Crashes_2010_2019_MPO
100311676,2013-04-03,2013,,94.0,,,0,0,N,0.0,0.0,0.0,,,,,,,,35.94068,-86.83938,False,Crashes_2010_2019_MPO
102596644,2019-12-13,2019,,94.0,,,0,0,N,0.0,0.0,0.0,,,,,,,,35.963779,-86.802864,True,Crashes_2010_2019_MPO
102314971,2019-02-25,2019,,94.0,,,0,0,N,0.0,0.0,0.0,,,,,,,,36.00992,-86.80298,True,Crashes_2010_2019_MPO
101149923,2016-03-24,2016,,19.0,,,0,0,N,0.0,0.0,0.0,,,,,,,,36.02502,-86.74241,False,Crashes_2010_2019_MPO
102018413,2018-05-22,2018,,94.0,,,0,0,N,0.0,0.0,0.0,,,,,,,,35.9317,-86.7437,False,Crashes_2010_2019_MPO
101804099,2017-10-26,2017,,94.0,,,0,0,N,0.0,0.0,0.0,,,,,,,,36.03094,-86.81775,True,Crashes_2010_2019_MPO
101230766,2016-05-23,2016,,94.0,,,0,0,N,0.0,0.0,0.0,,,,,,,,35.99291,-86.81254,True,Crashes_2010_2019_MPO
101391373,2016-09-27,2016,,19.0,,,0,0,N,0.0,0.0,0.0,,,,,,,,36.0374,-86.78657,False,Crashes_2010_2019_MPO
101667397,2017-06-08,2017,,19.0,,,0,0,N,0.0,0.0,0.0,,,,,,,,36.05226,-86.75577,False,Crashes_2010_2019_MPO
101475357,2016-12-13,2016,,94.0,,,0,0,N,0.0,0.0,0.0,,,,,,,,35.93468,-86.77747,False,Crashes_2010_2019_MPO
100435505,2014-01-27,2014,,94.0,,,0,0,N,0.0,0.0,0.0,,,,,,,,35.94761,-86.81992,False,Crashes_2010_2019_MPO
101274128,2016-06-27,2016,,94.0,,,0,0,N,0.0,0.0,0.0,,,,,,,,36.03501,-86.80527,True,Crashes_2010_2019_MPO
101274920,2016-06-28,2016,,94.0,,,0,0,N,0.0,0.0,0.0,,,,,,,,35.94782,-86.81975,False,Crashes_2010_2019_MPO
100298867,2013-03-02,2013,,94.0,,,0,0,N,0.0,0.0,0.0,,,,,,,,35.96145,-86.8123,False,Crashes_2010_2019_MPO
102172374,2018-10-09,2018,,19.0,,,0,0,N,0.0,0.0,0.0,,,,,,,,36.04055,-86.78107,False,Crashes_2010_2019_MPO
102484187,2019-08-21,2019,,94.0,,,0,0,N,0.0,0.0,0.0,,,,,,,,36.03336,-86.78872,True,Crashes_2010_2019_MPO
100398731,2013-10-31,2013,,94.0,,,0,0,N,0.0,0.0,0.0,,,,,,,,35.94739,-86.86566,False,Crashes_2010_2019_MPO
101271513,2016-06-23,2016,,19.0,,,0,0,N,0.0,0.0,0.0,,,,,,,,36.0457,-86.85527,False,Crashes_2010_2019_MPO
101120463,2016-02-22,2016,,94.0,,,0,0,N,0.0,0.0,0.0,,,,,,,,35.92763,-86.74323,False,Crashes_2010_2019_MPO
100878065,2015-06-28,2015,,94.0,,,0,0,N,0.0,0.0,0.0,,,,,,,,35.98252,-86.77121,True,Crashes_2010_2019_MPO
102144287,2018-09-14,2018,,19.0,,,0,0,N,0.0,0.0,0.0,,,,,,,,36.05375,-86.71428,False,Crashes_2010_2019_MPO
101041851,2015-12-02,2015,,94.0,,,0,0,N,0.0,0.0,0.0,,,,,,,,35.92942,-86.87552,False,Crashes_2010_2019_MPO
102365531,2019-04-19,2019,,19.0,,,0,0,N,0.0,0.0,0.0,,,,,,,,36.03259,-86.78359,True,Crashes_2010_2019_MPO
102578481,2019-11-24,2019,,94.0,,,0,0,N,0.0,0.0,0.0,,,,,,,,35.93562,-86.82387,False,Crashes_2010_2019_MPO
101074707,2016-01-09,2016,,94.0,,,0,0,N,0.0,0.0,0.0,,,,,,,,35.95209,-86.81805,False,Crashes_2010_2019_MPO
102222578,2018-11-24,2018,,94.0,,,0,0,N,0.0,0.0,0.0,,,,,,,,35.94708,-86.83267,False,Crashes_2010_2019_MPO
101621443,2017-04-21,2017,,94.0,,,0,0,N,0.0,0.0,0.0,,,,,,,,35.94458,-86.82278,False,Crashes_2010_2019_MPO
101811894,2017-11-02,2017,,19.0,,,0,0,N,0.0,0.0,0.0,,,,,,,,36.02263,-86.68056,False,Crashes_2010_2019_MPO
102160568,2018-09-28,2018,,19.0,,,0,0,N,0.0,0.0,0.0,,,,,,,,36.04123,-86.77853,False,Crashes_2010_2019_MPO
100701418,2014-12-04,2014,,94.0,,,0,0,N,0.0,0.0,0.0,,,,,,,,35.93229,-86.87892,False,Crashes_2010_2019_MPO
100664865,2014-11-04,2014,,19.0,,,0,0,N,0.0,0.0,0.0,,,,,,,,36.04686,-86.68229,False,Crashes_2010_2019_MPO
102247360,2018-12-15,2018,,94.0,,,0,0,N,0.0,0.0,0.0,,,,,,,,35.97334,-86.83305,True,Crashes_2010_2019_MPO
101466588,2016-12-03,2016,,19.0,,,0,0,N,0.0,0.0,0.0,,,,,,,,36.03904,-86.78251,False,Crashes_2010_2019_MPO
100323377,2013-05-01,2013,,94.0,,,0,0,N,0.0,0.0,0.0,,,,,,,,35.96113,-86.75764,True,Crashes_2010_2019_MPO
100431366,2014-01-13,2014,,94.0,,,0,0,N,0.0,0.0,0.0,,,,,,,,35.92547,-86.87275,False,Crashes_2010_2019_MPO
101241219,2016-06-07,2016,,94.0,,,0,0,N,0.0,0.0,0.0,,,,,,,,36.038354,-86.815563,True,Crashes_2010_2019_MPO
102254074,2018-12-21,2018,,19.0,,,0,0,N,0.0,0.0,0.0,,,,,,,,36.03241,-86.76721,False,Crashes_2010_2019_MPO
101483816,2016-12-21,2016,,19.0,,,0,0,N,0.0,0.0,0.0,,,,,,,,35.99211,-86.68434,False,Crashes_2010_2019_MPO
101643836,2017-05-13,2017,,19.0,,,0,0,N,0.0,0.0,0.0,,,,,,,,36.05276,-86.68639,False,Crashes_2010_2019_MPO
100643965,2014-10-15,2014,,19.0,,,0,0,N,0.0,0.0,0.0,,,,,,,,36.04219,-86.72648,False,Crashes_2010_2019_MPO
101904362,2018-02-01,2018,,94.0,,,0,0,N,0.0,0.0,0.0,,,,,,,,36.00887,-86.78602,True,Crashes_2010_2019_MPO
102050001,2018-06-21,2018,,94.0,,,0,0,N,0.0,0.0,0.0,,,,,,,,35.97813,-86.71688,True,Crashes_2010_2019_MPO
100798680,2015-03-27,2015,,94.0,,,0,0,N,0.0,0.0,0.0,,,,,,,,35.92358,-86.86798,False,Crashes_2010_2019_MPO
102070293,2018-07-10,2018,,19.0,,,0,0,N,0.0,0.0,0.0,,,,,,,,36.04088,-86.78234,False,Crashes_2010_2019_MPO
101209618,2016-05-20,2016,,94.0,,,0,0,N,0.0,0.0,0.0,,,,,,,,35.97819,-86.82357,True,Crashes_2010_2019_MPO
102484440,2019-08-21,2019,,19.0,,,0,0,N,0.0,0.0,0.0,,,,,,,,36.04046,-86.76993,False,Crashes_2010_2019_MPO
101856737,2017-12-12,2017,,19.0,,,0,0,N,0.0,0.0,0.0,,,,,,,,36.04531,-86.81587,False,Crashes_2010_2019_MPO
100327631,2013-05-10,2013,,94.0,,,0,0,N,0.0,0.0,0.0,,,,,,,,35.94421,-86.81975,False,Crashes_2010_2019_MPO
100564981,2014-06-24,2014,,94.0,,,0,0,N,0.0,0.0,0.0,,,,,,,,35.94723,-86.85147,False,Crashes_2010_2019_MPO
100873229,2015-06-19,2015,,94.0,,,0,0,N,0.0,0.0,0.0,,,,,,,,35.92591,-86.87306,False,Crashes_2010_2019_MPO
101770151,2017-09-23,2017,,94.0,,,0,0,N,0.0,0.0,0.0,,,,,,,,35.973,-86.80363,True,Crashes_2010_2019_MPO
100700565,2014-12-03,2014,,94.0,,,0,0,N,0.0,0.0,0.0,,,,,,,,36.03725,-86.7895,False,Crashes_2010_2019_MPO
102525102,2019-09-30,2019,,94.0,,,0,0,N,0.0,0.0,0.0,,,,,,,,35.93808,-86.8218,False,Crashes_2010_2019_MPO
101930117,2018-03-01,2018,,94.0,,,0,0,N,0.0,0.0,0.0,,,,,,,,35.99783,-86.80997,True,Crashes_2010_2019_MPO
102145283,2018-09-14,2018,,94.0,,,0,0,N,0.0,0.0,0.0,,,,,,,,35.92957,-86.84213,False,Crashes_2010_2019_MPO
100726389,2015-01-23,2015,,19.0,,,0,0,N,0.0,0.0,0.0,,,,,,,,36.03261,-86.76921,False,Crashes_2010_2019_MPO
100970588,2015-10-01,2015,,94.0,,,0,0,N,0.0,0.0,0.0,,,,,,,,35.99691,-86.79218,True,Crashes_2010_2019_MPO
101301413,2016-07-23,2016,,19.0,,,0,0,N,0.0,0.0,0.0,,,,,,,,36.04546,-86.70403,False,Crashes_2010_2019_MPO
101747752,2017-09-01,2017,,19.0,,,0,0,N,0.0,0.0,0.0,,,,,,,,36.03602,-86.70743,False,Crashes_2010_2019_MPO
102124358,2018-08-27,2018,,19.0,,,0,0,N,0.0,0.0,0.0,,,,,,,,35.99128,-86.68151,False,Crashes_2010_2019_MPO
101747643,2017-09-01,2017,,19.0,,,0,0,N,0.0,0.0,0.0,,,,,,,,36.04084,-86.77347,False,Crashes_2010_2019_MPO
100270016,2012-12-20,2012,,94.0,,,0,0,N,0.0,0.0,0.0,,,,,,,,35.97078,-86.80642,True,Crashes_2010_2019_MPO
102413242,2019-06-08,2019,,94.0,,,0,0,N,0.0,0.0,0.0,,,,,,,,35.93431,-86.86112,False,Crashes_2010_2019_MPO
100499070,2014-04-21,2014,,94.0,,,0,0,N,0.0,0.0,0.0,,,,,,,,35.94889,-86.80745,False,Crashes_2010_2019_MPO
102229377,2018-11-30,2018,,19.0,,,0,0,N,0.0,0.0,0.0,,,,,,,,36.05294,-86.69696,False,Crashes_2010_2019_MPO
100907008,2015-07-15,2015,,94.0,,,0,0,N,0.0,0.0,0.0,,,,,,,,35.94654,-86.80865,False,Crashes_2010_2019_MPO
102279142,2019-01-16,2019,,94.0,,,0,1,N,0.0,1.0,0.0,,,,,,,,35.95083,-86.81758,False,Crashes_2010_2019_MPO
101733587,2017-08-17,2017,,94.0,,,0,0,N,0.0,0.0,0.0,,,,,,,,35.95198,-86.81788,False,Crashes_2010_2019_MPO
100819716,2015-04-17,2015,,94.0,,,0,0,N,0.0,0.0,0.0,,,,,,,,35.98643,-86.73677,True,Crashes_2010_2019_MPO
102065960,2018-07-06,2018,,94.0,,,0,0,N,0.0,0.0,0.0,,,,,,,,35.96665,-86.80938,True,Crashes_2010_2019_MPO
101178593,2016-04-21,2016,,94.0,,,0,0,N,0.0,0.0,0.0,,,,,,,,35.94807,-86.86369,False,Crashes_2010_2019_MPO
102088122,2018-07-27,2018,,19.0,,,0,0,N,0.0,0.0,0.0,,,,,,,,36.03971,-86.75832,False,Crashes_2010_2019_MPO
102517260,2019-09-22,2019,,94.0,,,0,0,N,0.0,0.0,0.0,,,,,,,,35.92854,-86.82657,False,Crashes_2010_2019_MPO
101132199,2016-03-11,2016,,94.0,,,0,0,N,0.0,0.0,0.0,,,,,,,,35.93205,-86.8628,False,Crashes_2010_2019_MPO
102197873,2018-11-02,2018,,94.0,,,0,0,N,0.0,0.0,0.0,,,,,,,,35.9912,-86.68349,False,Crashes_2010_2019_MPO
100417699,2013-12-10,2013,,94.0,,,0,0,N,0.0,0.0,0.0,,,,,,,,35.98072,-86.80279,True,Crashes_2010_2019_MPO
100417572,2013-12-10,2013,,94.0,,,0,0,N,0.0,0.0,0.0,,,,,,,,35.94929,-86.81865,False,Crashes_2010_2019_MPO
101319383,2016-08-03,2016,,94.0,,,0,0,N,0.0,0.0,0.0,,,,,,,,35.94632,-86.80926,False,Crashes_2010_2019_MPO
102432378,2019-06-29,2019,,94.0,,,0,0,N,0.0,0.0,0.0,,,,,,,,35.95398,-86.75519,True,Crashes_2010_2019_MPO
100429061,2014-01-09,2014,,94.0,,,0,0,N,0.0,0.0,0.0,,,,,,,,35.93313,-86.81153,False,Crashes_2010_2019_MPO
101022075,2015-11-18,2015,,94.0,,,0,0,N,0.0,0.0,0.0,,,,,,,,35.99409,-86.76331,True,Crashes_2010_2019_MPO
102023153,2018-05-26,2018,,94.0,,,0,0,N,0.0,0.0,0.0,,,,,,,,35.95935,-86.80209,False,Crashes_2010_2019_MPO
100287298,2013-02-03,2013,,94.0,,,0,0,N,0.0,0.0,0.0,,,,,,,,35.99743,-86.79547,True,Crashes_2010_2019_MPO
10441657,2010-06-30,2010,,19.0,,,0,0, ,0.0,0.0,0.0,,,,,,,,36.05003,-86.77528,False,Crashes_2010_2019_MPO
100257829,2012-11-26,2012,,94.0,,,0,0,N,0.0,0.0,0.0,,,,,,,,35.98395,-86.72245,True,Crashes_2010_2019_MPO
100439783,2014-02-06,2014,,94.0,,,0,0,N,0.0,0.0,0.0,,,,,,,,35.96653,-86.80997,True,Crashes_2010_2019_MPO
102299406,2019-02-07,2019,,19.0,,,0,0,N,0.0,0.0,0.0,,,,,,,,36.0387,-86.73097,False,Crashes_2010_2019_MPO
100636173,2014-09-30,2014,,19.0,,,0,0,N,0.0,0.0,0.0,,,,,,,,36.04892,-86.71632,False,Crashes_2010_2019_MPO
101064292,2015-12-21,2015,,94.0,,,0,0,N,0.0,0.0,0.0,,,,,,,,35.96003,-86.82307,False,Crashes_2010_2019_MPO
101968141,2018-04-05,2018,,94.0,,,0,0,N,0.0,0.0,0.0,,,,,,,,35.99761,-86.79702,True,Crashes_2010_2019_MPO
102193341,2018-08-27,2018,,19.0,,,0,1,N,0.0,1.0,0.0,,,,,,,,36.04777,-86.75358,False,Crashes_2010_2019_MPO
102308678,2019-02-17,2019,,94.0,,,0,0,N,0.0,0.0,0.0,,,,,,,,35.9476,-86.81992,False,Crashes_2010_2019_MPO
101097538,2016-02-01,2016,,19.0,,,0,0,N,0.0,0.0,0.0,,,,,,,,36.00947,-86.70172,False,Crashes_2010_2019_MPO
102185824,2018-10-22,2018,,94.0,,,0,0,N,0.0,0.0,0.0,,,,,,,,35.9949,-86.77158,True,Crashes_2010_2019_MPO
101242322,2016-06-09,2016,,19.0,,,0,0,N,0.0,0.0,0.0,,,,,,,,36.04301,-86.84231,False,Crashes_2010_2019_MPO
101779251,2017-10-02,2017,,94.0,,,0,0,N,0.0,0.0,0.0,,,,,,,,36.01808,-86.82094,True,Crashes_2010_2019_MPO
102471177,2019-08-07,2019,,94.0,,,0,0,N,0.0,0.0,0.0,,,,,,,,35.96721,-86.8135,True,Crashes_2010_2019_MPO
100663824,2014-11-03,2014,,94.0,,,0,0,N,0.0,0.0,0.0,,,,,,,,35.93736,-86.87807,False,Crashes_2010_2019_MPO
102485276,2019-08-22,2019,,19.0,,,0,0,N,0.0,0.0,0.0,,,,,,,,36.03821,-86.8009,False,Crashes_2010_2019_MPO
101794559,2017-10-17,2017,,94.0,,,0,0,N,0.0,0.0,0.0,,,,,,,,36.03318,-86.78282,True,Crashes_2010_2019_MPO
101924885,2018-02-23,2018,,94.0,,,0,0,N,0.0,0.0,0.0,,,,,,,,35.93427,-86.86114,False,Crashes_2010_2019_MPO
102494911,2019-08-31,2019,,94.0,,,0,0,N,0.0,0.0,0.0,,,,,,,,35.96202,-86.81533,False,Crashes_2010_2019_MPO
101331982,2016-08-19,2016,,94.0,,,0,0,N,0.0,0.0,0.0,,,,,,,,36.02735,-86.79204,True,Crashes_2010_2019_MPO
101073080,2016-01-06,2016,,94.0,,,0,0,N,0.0,0.0,0.0,,,,,,,,35.96758,-86.82133,True,Crashes_2010_2019_MPO
100426540,2014-01-02,2014,,94.0,,,0,0,N,0.0,0.0,0.0,,,,,,,,35.93459,-86.81994,False,Crashes_2010_2019_MPO
102475700,2019-08-12,2019,,19.0,,,0,0,N,0.0,0.0,0.0,,,,,,,,36.03959,-86.74344,False,Crashes_2010_2019_MPO
100962343,2015-09-17,2015,,94.0,,,0,0,N,0.0,0.0,0.0,,,,,,,,35.94052,-86.83916,False,Crashes_2010_2019_MPO
101593039,2017-03-24,2017,,94.0,,,0,0,N,0.0,0.0,0.0,,,,,,,,35.92254,-86.87194,False,Crashes_2010_2019_MPO
101871417,2017-12-28,2017,,94.0,,,0,0,N,0.0,0.0,0.0,,,,,,,,35.92999,-86.86435,False,Crashes_2010_2019_MPO
102157301,2018-09-25,2018,,19.0,,,0,0,N,0.0,0.0,0.0,,,,,,,,36.03741,-86.78651,False,Crashes_2010_2019_MPO
102322655,2019-03-06,2019,,19.0,,,0,0,N,0.0,0.0,0.0,,,,,,,,36.03236,-86.76526,False,Crashes_2010_2019_MPO
102547833,2019-10-24,2019,,94.0,,,0,0,N,0.0,0.0,0.0,,,,,,,,35.96805,-86.81013,True,Crashes_2010_2019_MPO