mstrrecnbr,collision_ts,year,county,countystat,crash,crash_type,fatalities,non_motorists,commercial,fatal_c,nonmotor_c,truck_c,fatalc,serious_injuries,ped,bike,lighting,weather,first_harmful_event,latitude,longitude,in_city,src_layer
101797982,2017-10-20,2017,,94.0,,,0,0,N,0.0,0.0,0.0,,,,,,,,35.92459,-86.79294,False,Crashes_2010_2019_MPO
101831742,2017-11-20,2017,,19.0,,,0,0,N,0.0,0.0,0.0,,,,,,,,36.03931,-86.73647,False,Crashes_2010_2019_MPO
100171472,2012-04-20,2012,,94.0,,,0,0,N,0.0,0.0,0.0,,,,,,,,36.01972,-86.78689,True,Crashes_2010_2019_MPO
102341487,2019-03-26,2019,,19.0,,,0,0,N,0.0,0.0,0.0,,,,,,,,36.04169,-86.78242,False,Crashes_2010_2019_MPO
102403992,2019-05-29,2019,,19.0,,,0,0,N,0.0,0.0,0.0,,,,,,,,36.05011,-86.69566,False,Crashes_2010_2019_MPO
100654821,2014-10-17,2014,,19.0,,,0,0,N,0.0,0.0,0.0,,,,,,,,36.0454,-86.71336,False,Crashes_2010_2019_MPO
102187047,2018-10-23,2018,,94.0,,,0,0,N,0.0,0.0,0.0,,,,,,,,35.93102,-86.85902,False,Crashes_2010_2019_MPO
100769125,2015-03-08,2015,,19.0,,,0,0,N,0.0,0.0,0.0,,,,,,,,36.04121,-86.7761,False,Crashes_2010_2019_MPO
101648031,2017-05-18,2017,,94.0,,,0,0,N,0.0,0.0,0.0,,,,,,,,35.99831,-86.80312,True,Crashes_2010_2019_MPO
101915441,2018-02-13,2018,,19.0,,,0,0,N,0.0,0.0,0.0,,,,,,,,36.04114,-86.77621,False,Crashes_2010_2019_MPO
102253121,2018-12-20,2018,,19.0,,,0,0,N,0.0,0.0,0.0,,,,,,,,36.0403,-86.7451,False,Crashes_2010_2019_MPO
100876366,2015-06-25,2015,,94.0,,,0,0,N,0.0,0.0,0.0,,,,,,,,35.94679,-86.82257,False,Crashes_2010_2019_MPO
101489588,2016-12-28,2016,,94.0,,,0,0,N,0.0,0.0,0.0,,,,,,,,36.00618,-86.78908,True,Crashes_2010_2019_MPO
100416046,2013-12-08,2013,,94.0,,,0,0,N,0.0,0.0,0.0,,,,,,,,35.99381,-86.76074,True,Crashes_2010_2019_MPO
102497335,2019-09-03,2019,,94.0,,,0,0,N,0.0,0.0,0.0,,,,,,,,35.96463,-86.79039,True,Crashes_2010_2019_MPO
100614461,2014-09-04,2014,,94.0,,,0,0,N,0.0,0.0,0.0,,,,,,,,35.94633,-86.80851,False,Crashes_2010_2019_MPO
100177718,2012-05-07,2012,,94.0,,,0,0,N,0.0,0.0,0.0,,,,,,,,35.99293,-86.81663,True,Crashes_2010_2019_MPO
101386798,2016-09-22,2016,,94.0,,,0,0,N,0.0,0.0,0.0,,,,,,,,36.01676,-86.78631,True,Crashes_2010_2019_MPO
102445388,2019-07-12,2019,,94.0,,,0,0,N,0.0,0.0,0.0,,,,,,,,36.03175,-86.78961,True,Crashes_2010_2019_MPO
101095662,2016-01-29,2016,,19.0,,,0,0,N,0.0,0.0,0.0,,,,,,,,36.0147,-86.73108,False,Crashes_2010_2019_MPO
101288516,2016-07-19,2016,,19.0,,,0,0,N,0.0,0.0,0.0,,,,,,,,36.03941,-86.78253,False,Crashes_2010_2019_MPO
101107365,2016-02-17,2016,,94.0,,,0,0,N,0.0,0.0,0.0,,,,,,,,35.96654,-86.80935,True,Crashes_2010_2019_MPO
100585809,2014-07-21,2014,,94.0,,,0,0,N,0.0,0.0,0.0,,,,,,,,35.93669,-86.82244,False,Crashes_2010_2019_MPO
101061997,2015-12-18,2015,,94.0,,,0,0,N,0.0,0.0,0.0,,,,,,,,35.95752,-86.7676,True,Crashes_2010_2019_MPO
102229511,2018-11-30,2018,,94.0,,,0,0,N,0.0,0.0,0.0,,,,,,,,35.99649,-86.78854,True,Crashes_2010_2019_MPO
101237232,2016-06-01,2016,,19.0,,,0,0,N,0.0,0.0,0.0,,,,,,,,36.02547,-86.71305,False,Crashes_2010_2019_MPO
100500262,2014-04-21,2014,,94.0,,,0,0,N,0.0,0.0,0.0,,,,,,,,35.94392,-86.80706,False,Crashes_2010_2019_MPO
101982098,2018-04-19,2018,,19.0,,,0,0,N,0.0,0.0,0.0,,,,,,,,36.04441,-86.78039,False,Crashes_2010_2019_MPO
100722515,2015-01-15,2015,,94.0,,,0,0,Y,0.0,0.0,1.0,,,,,,,,35.9954,-86.79748,True,Crashes_2010_2019_MPO
101068840,2015-12-29,2015,,19.0,,,0,0,N,0.0,0.0,0.0,,,,,,,,35.99723,-86.6904,False,Crashes_2010_2019_MPO
100710511,2014-12-21,2014,,19.0,,,0,0,N,0.0,0.0,0.0,,,,,,,,36.01781,-86.70903,False,Crashes_2010_2019_MPO
100971933,2015-10-02,2015,,94.0,,,0,0,N,0.0,0.0,0.0,,,,,,,,35.96502,-86.72739,True,Crashes_2010_2019_MPO
100974162,2015-10-06,2015,,19.0,,,0,0,N,0.0,0.0,0.0,,,,,,,,36.04217,-86.74397,False,Crashes_2010_2019_MPO
101322350,2016-08-06,2016,,19.0,,,0,0,N,0.0,0.0,0.0,,,,,,,,36.05237,-86.70837,False,Crashes_2010_2019_MPO
101662426,2017-06-02,2017,,94.0,,,0,0,N,0.0,0.0,0.0,,,,,,,,35.98458,-86.80146,True,Crashes_2010_2019_MPO
101843336,2017-11-29,2017,,94.0,,,0,0,N,0.0,0.0,0.0,,,,,,,,36.0142,-86.83901,False,Crashes_2010_2019_MPO
101012016,2015-11-17,2015,,19.0,,,0,0,N,0.0,0.0,0.0,,,,,,,,36.03797,-86.79777,False,Crashes_2010_2019_MPO
102248560,2018-12-16,2018,,19.0,,,0,0,N,0.0,0.0,0.0,,,,,,,,36.04059,-86.77107,False,Crashes_2010_2019_MPO
100945229,2015-09-05,2015,,94.0,,,0,0,N,0.0,0.0,0.0,,,,,,,,35.92924,-86.85316,False,Crashes_2010_2019_MPO
101770756,2017-09-24,2017,,19.0,,,0,0,N,0.0,0.0,0.0,,,,,,,,36.03934,-86.78566,False,Crashes_2010_2019_MPO
102244057,2018-12-11,2018,,94.0,,,0,0,N,0.0,0.0,0.0,,,,,,,,35.94631,-86.8236,False,Crashes_2010_2019_MPO
100270395,2012-12-22,2012,,94.0,,,0,0,N,0.0,0.0,0.0,,,,,,,,35.96301,-86.81501,False,Crashes_2010_2019_MPO
102581729,2019-11-27,2019,,94.0,,,0,0,N,0.0,0.0,0.0,,,,,,,,35.92641,-86.82453,False,Crashes_2010_2019_MPO
101762759,2017-09-14,2017,,94.0,,,0,0,N,0.0,0.0,0.0,,,,,,,,35.92926,-86.83968,False,Crashes_2010_2019_MPO
102482734,2019-08-19,2019,,94.0,,,0,0,N,0.0,0.0,0.0,,,,,,,,35.94612,-86.8084,False,Crashes_2010_2019_MPO
101330523,2016-08-18,2016,,94.0,,,0,0,N,0.0,0.0,0.0,,,,,,,,36.03336,-86.78872,True,Crashes_2010_2019_MPO
101344606,2016-08-23,2016,,94.0,,,0,0,N,0.0,0.0,0.0,,,,,,,,35.92405,-86.87622,False,Crashes_2010_2019_MPO
102540239,2019-10-17,2019,,94.0,,,0,0,N,0.0,0.0,0.0,,,,,,,,35.97334,-86.83305,True,Crashes_2010_2019_MPO
101457663,2016-11-22,2016,,94.0,,,0,0,N,0.0,0.0,0.0,,,,,,,,35.99551,-86.77887,True,Crashes_2010_2019_MPO
101717935,2017-08-01,2017,,94.0,,,0,0,N,0.0,0.0,0.0,,,,,,,,36.03407,-86.78831,True,Crashes_2010_2019_MPO
101688466,2017-06-30,2017,,94.0,,,0,0,N,0.0,0.0,0.0,,,,,,,,35.9986,-86.80562,True,Crashes_2010_2019_MPO
102323861,2019-03-07,2019,,94.0,,,0,0,N,0.0,0.0,0.0,,,,,,,,35.93815,-86.87681,False,Crashes_2010_2019_MPO
102247409,2018-12-15,2018,,94.0,,,0,0,N,0.0,0.0,0.0,,,,,,,,35.93215,-86.79441,False,Crashes_2010_2019_MPO
101596170,2017-03-28,2017,,94.0,,,0,0,N,0.0,0.0,0.0,,,,,,,,35.94722,-86.85141,False,Crashes_2010_2019_MPO
101848265,2017-12-04,2017,,19.0,,,0,0,N,0.0,0.0,0.0,,,,,,,,36.04519,-86.70007,False,Crashes_2010_2019_MPO
100694035,2014-11-21,2014,,19.0,,,0,0,N,0.0,0.0,0.0,,,,,,,,36.05047,-86.87666,False,Crashes_2010_2019_MPO
101194166,2016-05-13,2016,,94.0,,,0,0,N,0.0,0.0,0.0,,,,,,,,36.00257,-86.80748,True,Crashes_2010_2019_MPO
101266599,2016-06-15,2016,,19.0,,,0,0,N,0.0,0.0,0.0,,,,,,,,36.0374,-86.78657,False,Crashes_2010_2019_MPO
101078759,2016-01-16,2016,,19.0,,,0,0,N,0.0,0.0,0.0,,,,,,,,36.0374,-86.78657,False,Crashes_2010_2019_MPO
101279630,2016-07-05,2016,,94.0,,,0,0,N,0.0,0.0,0.0,,,,,,,,35.94782,-86.81975,False,Crashes_2010_2019_MPO
101178697,2016-04-21,2016,,94.0,,,0,0,N,0.0,0.0,0.0,,,,,,,,35.92948,-86.84121,False,Crashes_2010_2019_MPO
101131711,2016-03-10,2016,,19.0,,,0,0,N,0.0,0.0,0.0,,,,,,,,36.0548,-86.70784,False,Crashes_2010_2019_MPO
102319295,2019-03-02,2019,,94.0,,,0,0,N,0.0,0.0,0.0,,,,,,,,35.93971,-86.67972,False,Crashes_2010_2019_MPO
101207577,2016-05-16,2016,,19.0,,,0,0,N,0.0,0.0,0.0,,,,,,,,36.04226,-86.78226,False,Crashes_2010_2019_MPO
101079295,2016-01-18,2016,,94.0,,,0,0,N,0.0,0.0,0.0,,,,,,,,36.00226,-86.84001,True,Crashes_2010_2019_MPO
102591096,2019-12-07,2019,,19.0,,,0,0,N,0.0,0.0,0.0,,,,,,,,36.0213,-86.70201,False,Crashes_2010_2019_MPO
101731670,2017-08-15,2017,,19.0,,,0,0,N,0.0,0.0,0.0,,,,,,,,36.04526,-86.71704,False,Crashes_2010_2019_MPO
100771368,2015-03-13,2015,,94.0,,,0,0,N,0.0,0.0,0.0,,,,,,,,35.94613,-86.82347,False,Crashes_2010_2019_MPO
100592094,2014-08-06,2014,,94.0,,,0,0,N,0.0,0.0,0.0,,,,,,,,35.96485,-86.80805,False,Crashes_2010_2019_MPO
100123537,2011-12-04,2011,,94.0,,,0,0,N,0.0,0.0,0.0,,,,,,,,36.01558,-86.84428,False,Crashes_2010_2019_MPO
102571369,2019-11-17,2019,,94.0,,,0,0,N,0.0,0.0,0.0,,,,,,,,35.96434,-86.81322,False,Crashes_2010_2019_MPO
101102268,2016-02-09,2016,,94.0,,,0,0,N,0.0,0.0,0.0,,,,,,,,35.9399,-86.83878,False,Crashes_2010_2019_MPO
100455108,2014-02-20,2014,,94.0,,,0,0,N,0.0,0.0,0.0,,,,,,,,35.96382,-86.80841,False,Crashes_2010_2019_MPO
101271716,2016-06-14,2016,,94.0,,,0,0,N,0.0,0.0,0.0,,,,,,,,35.96716,-86.81351,True,Crashes_2010_2019_MPO
100799919,2015-03-30,2015,,19.0,,,0,0,N,0.0,0.0,0.0,,,,,,,,36.04531,-86.70166,False,Crashes_2010_2019_MPO
101731993,2017-08-15,2017,,94.0,,,0,0,N,0.0,0.0,0.0,,,,,,,,36.0185,-86.78226,True,Crashes_2010_2019_MPO
100724365,2015-01-19,2015,,94.0,,,0,0,N,0.0,0.0,0.0,,,,,,,,35.93548,-86.82349,False,Crashes_2010_2019_MPO
102229091,2018-11-30,2018,,94.0,,,0,0,N,0.0,0.0,0.0,,,,,,,,36.0328,-86.78331,True,Crashes_2010_2019_MPO
101897942,2018-01-26,2018,,19.0,,,0,0,N,0.0,0.0,0.0,,,,,,,,36.05,-86.77565,False,Crashes_2010_2019_MPO
100826912,2015-05-01,2015,,19.0,,,0,0,N,0.0,0.0,0.0,,,,,,,,36.04059,-86.74361,False,Crashes_2010_2019_MPO
100937836,2015-08-22,2015,,94.0,,,0,0,N,0.0,0.0,0.0,,,,,,,,36.03562,-86.78582,True,Crashes_2010_2019_MPO
101147313,2016-03-20,2016,,94.0,,,0,0,N,0.0,0.0,0.0,,,,,,,,35.999308,-86.809263,True,Crashes_2010_2019_MPO
102570004,2019-11-16,2019,,19.0,,,0,0,N,0.0,0.0,0.0,,,,,,,,36.0243,-86.74239,False,Crashes_2010_2019_MPO
101047882,2015-12-12,2015,,94.0,,,0,0,N,0.0,0.0,0.0,,,,,,,,36.01286,-86.80081,True,Crashes_2010_2019_MPO
101990301,2018-04-26,2018,,94.0,,,0,0,N,0.0,0.0,0.0,,,,,,,,35.99649,-86.78854,True,Crashes_2010_2019_MPO
102579177,2019-11-25,2019,,94.0,,,0,0,N,0.0,0.0,0.0,,,,,,,,35.95335,-86.81786,False,Crashes_2010_2019_MPO
100630923,2014-09-17,2014,,19.0,,,0,0,N,0.0,0.0,0.0,,,,,,,,36.0465,-86.7526,False,Crashes_2010_2019_MPO
102125241,2018-08-28,2018,,94.0,,,0,0,N,0.0,0.0,0.0,,,,,,,,36.00917,-86.7778,True,Crashes_2010_2019_MPO
100460070,2014-03-04,2014,,94.0,,,0,1,N,0.0,1.0,0.0,,,,,,,,35.94575,-86.8238,False,Crashes_2010_2019_MPO
10690831,2013-02-13,2013,,19.0,,,0,0, ,0.0,0.0,0.0,,,,,,,,36.05279,-86.68657,False,Crashes_2010_2019_MPO
100694256,2014-11-20,2014,,94.0,,,0,0,N,0.0,0.0,0.0,,,,,,,,36.03203,-86.81756,True,Crashes_2010_2019_MPO
101764747,2017-09-18,2017,,19.0,,,0,0,N,0.0,0.0,0.0,,,,,,,,36.03747,-86.79098,False,Crashes_2010_2019_MPO
101998164,2018-05-03,2018,,19.0,,,0,0,N,0.0,0.0,0.0,,,,,,,,36.0537,-86.71503,False,Crashes_2010_2019_MPO
102388589,2019-05-12,2019,,94.0,,,0,0,N,0.0,0.0,0.0,,,,,,,,35.95371,-86.72,False,Crashes_2010_2019_MPO
101322302,2016-08-07,2016,,94.0,,,0,0,N,0.0,0.0,0.0,,,,,,,,35.96681,-86.81119,True,Crashes_2010_2019_MPO
100424353,2013-12-26,2013,,94.0,,,0,0,N,0.0,0.0,0.0,,,,,,,,35.92645,-86.82439,False,Crashes_2010_2019_MPO
100385347,2013-09-29,2013,,94.0,,,0,0,N,0.0,0.0,0.0,,,,,,,,35.94689,-86.85175,False,Crashes_2010_2019_MPO
102460396,2019-07-28,2019,,94.0,,,0,0,N,0.0,0.0,0.0,,,,,,,,35.997566,-86.794797,True,Crashes_2010_2019_MPO
102603343,2019-12-20,2019,,19.0,,,0,0,N,0.0,0.0,0.0,,,,,,,,36.04751,-86.86345,False,Crashes_2010_2019_MPO
102489215,2019-08-26,2019,,94.0,,,0,0,N,0.0,0.0,0.0,,,,,,,,35.95599,-86.83268,False,Crashes_2010_2019_MPO
101464058,2016-11-30,2016,,94.0,,,0,0,N,0.0,0.0,0.0,,,,,,,,35.94631,-86.8236,False,Crashes_2010_2019_MPO
101506723,2017-01-16,2017,,94.0,,,0,0,N,0.0,0.0,0.0,,,,,,,,35.98055,-86.84715,False,Crashes_2010_2019_MPO
101699329,2017-07-12,2017,,94.0,,,0,0,N,0.0,0.0,0.0,,,,,,,,35.93327,-86.81473,False,Crashes_2010_2019_MPO
101106591,2016-02-16,2016,,94.0,,,0,0,N,0.0,0.0,0.0,,,,,,,,35.96134,-86.81231,False,Crashes_2010_2019_MPO
100387290,2013-10-04,2013,,94.0,,,0,0,N,0.0,0.0,0.0,,,,,,,,35.93315,-86.87923,False,Crashes_2010_2019_MPO
102083892,2018-07-23,2018,,94.0,,,0,0,N,0.0,0.0,0.0,,,,,,,,35.99759,-86.79684,True,Crashes_2010_2019_MPO
101316752,2016-07-30,2016,,19.0,,,0,0,N,0.0,0.0,0.0,,,,,,,,36.04548,-86.71207,False,Crashes_2010_2019_MPO
101779760,2017-10-03,2017,,94.0,,,0,0,N,0.0,0.0,0.0,,,,,,,,35.95198,-86.81788,False,Crashes_2010_2019_MPO
100738174,2015-02-16,2015,,94.0,,,0,0,N,0.0,0.0,0.0,,,,,,,,36.03552,-86.78747,True,Crashes_2010_2019_MPO
100612559,2014-08-30,2014,,94.0,,,0,0,N,0.0,0.0,0.0,,,,,,,,35.94531,-86.82307,False,Crashes_2010_2019_MPO
101065912,2015-12-24,2015,,19.0,,,0,0,Y,0.0,0.0,1.0,,,,,,,,36.03904,-86.73487,False,Crashes_2010_2019_MPO
102018596,2018-05-20,2018,,94.0,,,0,0,N,0.0,0.0,0.0,,,,,,,,35.98053,-86.82245,True,Crashes_2010_2019_MPO
102083791,2018-07-23,2018,,19.0,,,0,0,N,0.0,0.0,0.0,,,,,,,,36.05129,-86.70272,False,Crashes_2010_2019_MPO
101535395,2017-01-26,2017,,94.0,,,0,0,N,0.0,0.0,0.0,,,,,,,,35.95114,-86.80839,False,Crashes_2010_2019_MPO
101687997,2017-06-30,2017,,94.0,,,0,0,N,0.0,0.0,0.0,,,,,,,,35.96716,-86.81351,True,Crashes_2010_2019_MPO
102455849,2019-07-23,2019,,94.0,,,0,0,N,0.0,0.0,0.0,,,,,,,,35.9667,-86.81121,True,Crashes_2010_2019_MPO
101066755,2015-12-25,2015,,19.0,,,0,0,N,0.0,0.0,0.0,,,,,,,,36.01566,-86.74065,False,Crashes_2010_2019_MPO
101611133,2017-02-11,2017,,19.0,,,0,0,N,0.0,0.0,0.0,,,,,,,,36.04827,-86.71367,False,Crashes_2010_2019_MPO
101654456,2017-05-25,2017,,94.0,,,0,0,N,0.0,0.0,0.0,,,,,,,,36.03379,-86.78542,True,Crashes_2010_2019_MPO
101779254,2017-10-02,2017,,19.0,,,0,0,N,0.0,0.0,0.0,,,,,,,,36.0453,-86.70168,False,Crashes_2010_2019_MPO
101801986,2017-10-24,2017,,94.0,,,0,0,N,0.0,0.0,0.0,,,,,,,,35.96308,-86.73648,True,Crashes_2010_2019_MPO
101861856,2017-12-14,2017,,94.0,,,0,0,N,0.0,0.0,0.0,,,,,,,,35.96534,-86.83861,False,Crashes_2010_2019_MPO
101060977,2015-12-17,2015,,94.0,,,0,0,N,0.0,0.0,0.0,,,,,,,,35.96984,-86.72367,True,Crashes_2010_2019_MPO
101440850,2016-11-11,2016,,94.0,,,0,0,N,0.0,0.0,0.0,,,,,,,,35.95723,-86.80419,False,Crashes_2010_2019_MPO
100148436,2012-02-16,2012,,94.0,,,0,0,N,0.0,0.0,0.0,,,,,,,,36.03003,-86.87603,False,Crashes_2010_2019_MPO
102070867,2018-07-10,2018,,94.0,,,0,0,N,0.0,0.0,0.0,,,,,,,,35.94045,-86.83143,False,Crashes_2010_2019_MPO
100851593,2015-05-28,2015,,94.0,,,0,0,N,0.0,0.0,0.0,,,,,,,,35.96176,-86.8141,False,Crashes_2010_2019_MPO
101396754,2016-10-05,2016,,19.0,,,0,0,N,0.0,0.0,0.0,,,,,,,,36.04522,-86.71479,False,Crashes_2010_2019_MPO
101436676,2016-11-10,2016,,19.0,,,0,0,N,0.0,0.0,0.0,,,,,,,,36.04001,-86.74347,False,Crashes_2010_2019_MPO
101941430,2018-03-12,2018,,94.0,,,0,0,N,0.0,0.0,0.0,,,,,,,,35.97429,-86.83181,True,Crashes_2010_2019_MPO
101430485,2016-11-03,2016,,19.0,,,0,0,N,0.0,0.0,0.0,,,,,,,,36.04228,-86.74399,False,Crashes_2010_2019_MPO
100400218,2013-11-02,2013,,94.0,,,0,0,N,0.0,0.0,0.0,,,,,,,,35.92785,-86.84224,False,Crashes_2010_2019_MPO
102240754,2018-12-09,2018,,19.0,,,0,0,N,0.0,0.0,0.0,,,,,,,,36.04065,-86.77984,False,Crashes_2010_2019_MPO
100715794,2015-01-01,2015,,94.0,,,0,0,N,0.0,0.0,0.0,,,,,,,,36.02649,-86.79248,True,Crashes_2010_2019_MPO
102312152,2019-02-21,2019,,94.0,,,0,0,N,0.0,0.0,0.0,,,,,,,,35.9444,-86.81541,False,Crashes_2010_2019_MPO
100728772,2015-01-28,2015,,19.0,,,0,0,N,0.0,0.0,0.0,,,,,,,,36.04542,-86.71317,False,Crashes_2010_2019_MPO
102097519,2018-08-03,2018,,19.0,,,0,0,N,0.0,0.0,0.0,,,,,,,,35.99814,-86.69166,False,Crashes_2010_2019_MPO
100638928,2014-10-06,2014,,94.0,,,0,0,N,0.0,0.0,0.0,,,,,,,,35.99219,-86.82832,True,Crashes_2010_2019_MPO
100948275,2015-09-10,2015,,94.0,,,0,0,N,0.0,0.0,0.0,,,,,,,,35.9407,-86.8316,False,Crashes_2010_2019_MPO
102325612,2019-03-09,2019,,94.0,,,0,0,N,0.0,0.0,0.0,,,,,,,,35.96167,-86.81347,False,Crashes_2010_2019_MPO
101032632,2015-11-19,2015,,19.0,,,0,0,N,0.0,0.0,0.0,,,,,,,,36.04114,-86.77621,False,Crashes_2010_2019_MPO
100936663,2015-08-20,2015,,94.0,,,0,0,N,0.0,0.0,0.0,,,,,,,,35.96238,-86.81996,False,Crashes_2010_2019_MPO
101104619,2016-02-12,2016,,94.0,,,0,0,N,0.0,0.0,0.0,,,,,,,,35.94169,-86.8558,False,Crashes_2010_2019_MPO
101069283,2015-12-30,2015,,94.0,,,0,0,N,0.0,0.0,0.0,,,,,,,,35.94701,-86.82195,False,Crashes_2010_2019_MPO
102360153,2019-04-13,2019,,94.0,,,0,0,N,0.0,0.0,0.0,,,,,,,,35.96495,-86.81435,False,Crashes_2010_2019_MPO
100942029,2015-08-29,2015,,94.0,,,0,0,N,0.0,0.0,0.0,,,,,,,,36.03729,-86.7978,True,Crashes_2010_2019_MPO
102271424,2019-01-08,2019,,94.0,,,0,0,N,0.0,0.0,0.0,,,,,,,,36.03311,-86.78656,True,Crashes_2010_2019_MPO
102436289,2019-07-03,2019,,94.0,,,0,0,N,0.0,0.0,0.0,,,,,,,,35.99032,-86.74763,True,Crashes_2010_2019_MPO
102267254,2019-01-05,2019,,94.0,,,0,0,N,0.0,0.0,0.0,,,,,,,,35.95853,-86.83321,False,Crashes_2010_2019_MPO
100693483,2014-11-20,2014,,94.0,,,0,0,N,0.0,0.0,0.0,,,,,,,,35.94335,-86.82113,False,Crashes_2010_2019_MPO
102294864,2019-02-02,2019,,94.0,,,0,0,N,0.0,0.0,0.0,,,,,,,,35.97765,-86.77678,True,Crashes_2010_2019_MPO
100697883,2014-11-28,2014,,19.0,,,0,0,N,0.0,0.0,0.0,,,,,,,,36.04247,-86.71301,False,Crashes_2010_2019_MPO
101073303,2016-01-07,2016,,94.0,,,0,0,N,0.0,0.0,0.0,,,,,,,,35.99718,-86.79384,True,Crashes_2010_2019_MPO
102506736,2019-09-12,2019,,19.0,,,0,0,N,0.0,0.0,0.0,,,,,,,,36.04019,-86.81618,False,Crashes_2010_2019_MPO
102471206,2019-08-04,2019,,94.0,,,0,0,N,0.0,0.0,0.0,,,,,,,,35.96417,-86.70073,False,Crashes_2010_2019_MPO
101498535,2017-01-07,2017,,94.0,,,0,0,N,0.0,0.0,0.0,,,,,,,,36.01491,-86.72971,False,Crashes_2010_2019_MPO
101362657,2016-09-16,2016,,94.0,,,0,0,N,0.0,0.0,0.0,,,,,,,,35.94648,-86.82371,False,Crashes_2010_2019_MPO
101441026,2016-11-15,2016,,19.0,,,0,0,N,0.0,0.0,0.0,,,,,,,,36.04537,-86.71326,False,Crashes_2010_2019_MPO
102180580,2018-10-17,2018,,94.0,,,0,0,N,0.0,0.0,0.0,,,,,,,,35.9556,-86.81638,False,Crashes_2010_2019_MPO
102155118,2018-09-20,2018,,94.0,,,0,0,N,0.0,0.0,0.0,,,,,,,,35.93323,-86.71344,False,Crashes_2010_2019_MPO
101726029,2017-08-10,2017,,19.0,,,0,0,N,0.0,0.0,0.0,,,,,,,,36.03881,-86.76725,False,Crashes_2010_2019_MPO
101419585,2016-10-21,2016,,94.0,,,0,0,N,0.0,0.0,0.0,,,,,,,,35.93216,-86.86185,False,Crashes_2010_2019_MPO
101465897,2016-12-01,2016,,94.0,,,0,0,N,0.0,0.0,0.0,,,,,,,,35.95212,-86.81784,False,Crashes_2010_2019_MPO
100995369,2015-10-23,2015,,94.0,,,0,0,N,0.0,0.0,0.0,,,,,,,,35.9453,-86.82305,False,Crashes_2010_2019_MPO
101360756,2016-09-14,2016,,19.0,,,0,0,N,0.0,0.0,0.0,,,,,,,,36.05101,-86.81624,False,Crashes_2010_2019_MPO
100703116,2014-12-07,2014,,94.0,,,0,0,N,0.0,0.0,0.0,,,,,,,,35.99735,-86.79489,True,Crashes_2010_2019_MPO
101079681,2016-01-14,2016,,19.0,,,0,0,N,0.0,0.0,0.0,,,,,,,,36.03715,-86.78663,False,Crashes_2010_2019_MPO
100485487,2014-04-10,2014,,94.0,,,0,0,N,0.0,0.0,0.0,,,,,,,,35.92951,-86.84313,False,Crashes_2010_2019_MPO
101611486,2017-04-04,2017,,19.0,,,0,0,N,0.0,0.0,0.0,,,,,,,,36.0302,-86.87597,False,Crashes_2010_2019_MPO
101930538,2018-03-01,2018,,94.0,,,0,0,N,0.0,0.0,0.0,,,,,,,,35.95102,-86.80784,False,Crashes_2010_2019_MPO
101673707,2017-06-15,2017,,19.0,,,0,0,N,0.0,0.0,0.0,,,,,,,,36.03995,-86.78093,False,Crashes_2010_2019_MPO
102310448,2019-02-15,2019,,19.0,,,0,0,N,0.0,0.0,0.0,,,,,,,,36.04968,-86.71386,False,Crashes_2010_2019_MPO
102457371,2019-07-25,2019,,19.0,,,0,0,N,0.0,0.0,0.0,,,,,,,,36.04561,-86.71077,False,Crashes_2010_2019_MPO
101883429,2018-01-10,2018,,19.0,,,0,0,N,0.0,0.0,0.0,,,,,,,,36.03997,-86.81641,False,Crashes_2010_2019_MPO
101280687,2016-07-06,2016,,94.0,,,0,0,N,0.0,0.0,0.0,,,,,,,,35.98704,-86.68057,False,Crashes_2010_2019_MPO
100637128,2014-09-30,2014,,94.0,,,0,0,N,0.0,0.0,0.0,,,,,,,,35.92368,-86.76692,False,Crashes_2010_2019_MPO
101159588,2016-04-07,2016,,94.0,,,0,0,N,0.0,0.0,0.0,,,,,,,,36.029789,-86.783918,True,Crashes_2010_2019_MPO
101726351,2017-08-10,2017,,94.0,,,0,0,N,0.0,0.0,0.0,,,,,,,,35.93152,-86.87678,False,Crashes_2010_2019_MPO
100731489,2015-01-31,2015,,94.0,,,0,0,N,0.0,0.0,0.0,,,,,,,,35.95522,-86.84498,False,Crashes_2010_2019_MPO
102434240,2019-07-01,2019,,19.0,,,0,0,N,0.0,0.0,0.0,,,,,,,,36.04441,-86.69415,False,Crashes_2010_2019_MPO
100872793,2015-06-18,2015,,94.0,,,0,0,N,0.0,0.0,0.0,,,,,,,,35.9261,-86.8714,False,Crashes_2010_2019_MPO
101046473,2015-12-10,2015,,19.0,,,0,0,N,0.0,0.0,0.0,,,,,,,,36.03751,-86.78568,False,Crashes_2010_2019_MPO
100265475,2012-12-12,2012,,94.0,,,0,0,N,0.0,0.0,0.0,,,,,,,,35.95696,-86.81674,False,Crashes_2010_2019_MPO
102374699,2019-04-28,2019,,94.0,,,0,0,N,0.0,0.0,0.0,,,,,,,,35.94687,-86.85168,False,Crashes_2010_2019_MPO
100510717,2014-05-18,2014,,94.0,,,0,0,N,0.0,0.0,0.0,,,,,,,,35.98543,-86.73154,True,Crashes_2010_2019_MPO
100851013,2015-05-27,2015,,94.0,,,0,0,N,0.0,0.0,0.0,,,,,,,,35.93422,-86.86118,False,Crashes_2010_2019_MPO
101592115,2017-03-24,2017,,19.0,,,0,0,N,0.0,0.0,0.0,,,,,,,,36.03739,-86.78674,False,Crashes_2010_2019_MPO
100311244,2013-04-02,2013,,94.0,,,0,0,N,0.0,0.0,0.0,,,,,,,,35.94487,-86.82436,False,Crashes_2010_2019_MPO
101661280,2017-06-01,2017,,19.0,,,0,0,N,0.0,0.0,0.0,,,,,,,,36.03772,-86.79475,False,Crashes_2010_2019_MPO
100663705,2014-11-02,2014,,94.0,,,0,0,N,0.0,0.0,0.0,,,,,,,,36.00796,-86.78031,True,Crashes_2010_2019_MPO