mstrrecnbr,collision_ts,year,county,countystat,crash,crash_type,fatalities,non_motorists,commercial,fatal_c,nonmotor_c,truck_c,fatalc,serious_injuries,ped,bike,lighting,weather,first_harmful_event,latitude,longitude,in_city,src_layer
101649296,2017-05-19,2017,,94.0,,,0,0,N,0.0,0.0,0.0,,,,,,,,35.97862,-86.75438,True,Crashes_2010_2019_MPO
102234023,2018-12-03,2018,,94.0,,,0,0,N,0.0,0.0,0.0,,,,,,,,35.92304,-86.81684,False,Crashes_2010_2019_MPO
100822076,2015-04-22,2015,,19.0,,,0,0,N,0.0,0.0,0.0,,,,,,,,36.04707,-86.86174,False,Crashes_2010_2019_MPO
101182044,2016-04-26,2016,,94.0,,,0,0,N,0.0,0.0,0.0,,,,,,,,36.033371,-86.782776,True,Crashes_2010_2019_MPO
100565308,2014-06-25,2014,,94.0,,,0,0,N,0.0,0.0,0.0,,,,,,,,35.92539,-86.87699,False,Crashes_2010_2019_MPO
102477422,2019-08-14,2019,,94.0,,,0,0,N,0.0,0.0,0.0,,,,,,,,35.99573,-86.78115,True,Crashes_2010_2019_MPO
101033380,2015-11-19,2015,,94.0,,,0,0,N,0.0,0.0,0.0,,,,,,,,35.92954,-86.84187,False,Crashes_2010_2019_MPO
100567509,2014-06-30,2014,,94.0,,,0,0,N,0.0,0.0,0.0,,,,,,,,35.95842,-86.80225,False,Crashes_2010_2019_MPO
102299339,2019-02-05,2019,,94.0,,,0,0,N,0.0,0.0,0.0,,,,,,,,35.94687,-86.85168,False,Crashes_2010_2019_MPO
101494611,2017-01-03,2017,,19.0,,,0,0,N,0.0,0.0,0.0,,,,,,,,36.04116,-86.78253,False,Crashes_2010_2019_MPO
102482026,2019-08-19,2019,,94.0,,,0,0,N,0.0,0.0,0.0,,,,,,,,35.93292,-86.81185,False,Crashes_2010_2019_MPO
102360273,2019-04-13,2019,,19.0,,,0,0,N,0.0,0.0,0.0,,,,,,,,36.04143,-86.82142,False,Crashes_2010_2019_MPO
102405675,2019-05-31,2019,,19.0,,,0,0,N,0.0,0.0,0.0,,,,,,,,36.03662,-86.81293,True,Crashes_2010_2019_MPO
101503908,2017-01-13,2017,,94.0,,,0,0,N,0.0,0.0,0.0,,,,,,,,35.92771,-86.82097,False,Crashes_2010_2019_MPO
100418722,2013-12-11,2013,,94.0,,,0,0,N,0.0,0.0,0.0,,,,,,,,35.9765,-86.82734,True,Crashes_2010_2019_MPO
101673676,2017-06-15,2017,,94.0,,,0,0,N,0.0,0.0,0.0,,,,,,,,35.94604,-86.80736,False,Crashes_2010_2019_MPO
101680416,2017-06-22,2017,,19.0,,,0,0,N,0.0,0.0,0.0,,,,,,,,36.04001,-86.74347,False,Crashes_2010_2019_MPO
100874715,2015-06-22,2015,,94.0,,,0,0,N,0.0,0.0,0.0,,,,,,,,35.95084,-86.81864,False,Crashes_2010_2019_MPO
101577271,2017-03-09,2017,,19.0,,,0,0,N,0.0,0.0,0.0,,,,,,,,36.05296,-86.70269,False,Crashes_2010_2019_MPO
100245537,2012-10-29,2012,,94.0,,,0,0,N,0.0,0.0,0.0,,,,,,,,35.99802,-86.80986,True,Crashes_2010_2019_MPO
101192603,2016-05-09,2016,,19.0,,,0,0,N,0.0,0.0,0.0,,,,,,,,36.04124,-86.77838,False,Crashes_2010_2019_MPO
101668900,2017-06-09,2017,,94.0,,,0,0,N,0.0,0.0,0.0,,,,,,,,36.0182,-86.7866,True,Crashes_2010_2019_MPO
100500704,2014-04-25,2014,,94.0,,,0,0,N,0.0,0.0,0.0,,,,,,,,35.96507,-86.795,True,Crashes_2010_2019_MPO
102125374,2018-08-28,2018,,94.0,,,0,0,N,0.0,0.0,0.0,,,,,,,,36.03141,-86.78979,True,Crashes_2010_2019_MPO
102274911,2019-01-12,2019,,19.0,,,0,0,N,0.0,0.0,0.0,,,,,,,,36.05012,-86.69581,False,Crashes_2010_2019_MPO
101618616,2017-04-18,2017,,19.0,,,0,0,N,0.0,0.0,0.0,,,,,,,,36.03991,-86.74205,False,Crashes_2010_2019_MPO
101627060,2017-04-27,2017,,19.0,,,0,0,N,0.0,0.0,0.0,,,,,,,,36.03822,-86.78635,False,Crashes_2010_2019_MPO
102116909,2018-08-21,2018,,94.0,,,0,0,N,0.0,0.0,0.0,,,,,,,,35.9306,-86.85733,False,Crashes_2010_2019_MPO
100643127,2014-10-14,2014,,19.0,,,0,0,N,0.0,0.0,0.0,,,,,,,,36.03983,-86.78139,False,Crashes_2010_2019_MPO
100632640,2014-09-23,2014,,94.0,,,0,0,N,0.0,0.0,0.0,,,,,,,,35.99043,-86.7486,True,Crashes_2010_2019_MPO
100426686,2014-01-02,2014,,94.0,,,0,0,N,0.0,0.0,0.0,,,,,,,,35.9343,-86.86112,False,Crashes_2010_2019_MPO
100821255,2015-04-20,2015,,94.0,,,0,0,N,0.0,0.0,0.0,,,,,,,,35.94698,-86.81139,False,Crashes_2010_2019_MPO
102560775,2019-11-07,2019,,94.0,,,0,0,N,0.0,0.0,0.0,,,,,,,,35.99781,-86.79886,True,Crashes_2010_2019_MPO
101886558,2018-01-14,2018,,19.0,,,0,0,N,0.0,0.0,0.0,,,,,,,,36.03976,-86.73849,False,Crashes_2010_2019_MPO
100272854,2012-12-29,2012,,94.0,,,0,0,N,0.0,0.0,0.0,,,,,,,,35.99731,-86.79489,True,Crashes_2010_2019_MPO
101436267,2016-11-10,2016,,94.0,,,0,0,N,0.0,0.0,0.0,,,,,,,,35.95594,-86.84441,False,Crashes_2010_2019_MPO
101286627,2016-07-15,2016,,19.0,,,0,0,N,0.0,0.0,0.0,,,,,,,,36.04526,-86.71704,False,Crashes_2010_2019_MPO
101196185,2016-05-16,2016,,19.0,,,0,0,N,0.0,0.0,0.0,,,,,,,,36.05311,-86.71088,False,Crashes_2010_2019_MPO
101662407,2017-06-02,2017,,19.0,,,0,0,N,0.0,0.0,0.0,,,,,,,,36.0367,-86.78978,False,Crashes_2010_2019_MPO
100463535,2014-03-12,2014,,94.0,,,0,0,N,0.0,0.0,0.0,,,,,,,,35.94706,-86.82191,False,Crashes_2010_2019_MPO
101748303,2017-09-01,2017,,19.0,,,0,0,N,0.0,0.0,0.0,,,,,,,,36.04859,-86.77552,False,Crashes_2010_2019_MPO
100679958,2014-11-13,2014,,19.0,,,0,0,N,0.0,0.0,0.0,,,,,,,,36.03735,-86.78656,False,Crashes_2010_2019_MPO
100681853,2014-11-17,2014,,19.0,,,0,0,N,0.0,0.0,0.0,,,,,,,,36.04513,-86.85236,False,Crashes_2010_2019_MPO
101480322,2016-12-17,2016,,19.0,,,0,0,N,0.0,0.0,0.0,,,,,,,,36.04066,-86.77173,False,Crashes_2010_2019_MPO
101192852,2016-05-12,2016,,19.0,,,0,0,N,0.0,0.0,0.0,,,,,,,,36.04561,-86.71976,False,Crashes_2010_2019_MPO
101324525,2016-08-10,2016,,94.0,,,0,0,N,0.0,0.0,0.0,,,,,,,,35.94769,-86.81431,False,Crashes_2010_2019_MPO
101190839,2016-05-09,2016,,94.0,,,0,0,N,0.0,0.0,0.0,,,,,,,,35.99389,-86.70045,True,Crashes_2010_2019_MPO
101748962,2017-09-01,2017,,94.0,,,0,0,N,0.0,0.0,0.0,,,,,,,,35.9476,-86.81992,False,Crashes_2010_2019_MPO
102320177,2019-03-03,2019,,19.0,,,0,0,N,0.0,0.0,0.0,,,,,,,,36.04149,-86.71098,False,Crashes_2010_2019_MPO
100384370,2013-09-27,2013,,94.0,,,0,0,N,0.0,0.0,0.0,,,,,,,,35.99136,-86.75249,True,Crashes_2010_2019_MPO
101001351,2015-11-02,2015,,94.0,,,0,0,N,0.0,0.0,0.0,,,,,,,,36.03495,-86.78329,True,Crashes_2010_2019_MPO
100430175,2014-01-10,2014,,94.0,,,0,0,N,0.0,0.0,0.0,,,,,,,,36.00696,-86.78794,True,Crashes_2010_2019_MPO
101854941,2017-12-11,2017,,19.0,,,0,0,N,0.0,0.0,0.0,,,,,,,,36.04084,-86.77347,False,Crashes_2010_2019_MPO
101770915,2017-09-24,2017,,19.0,,,0,0,N,0.0,0.0,0.0,,,,,,,,36.01111,-86.70262,False,Crashes_2010_2019_MPO
102380600,2019-05-05,2019,,94.0,,,0,0,N,0.0,0.0,0.0,,,,,,,,35.98591,-86.69712,True,Crashes_2010_2019_MPO
101119462,2016-02-20,2016,,19.0,,,0,0,N,0.0,0.0,0.0,,,,,,,,36.0243,-86.74239,False,Crashes_2010_2019_MPO
102251922,2018-12-19,2018,,94.0,,,0,0,N,0.0,0.0,0.0,,,,,,,,35.94669,-86.82214,False,Crashes_2010_2019_MPO
102190932,2018-10-26,2018,,19.0,,,0,0,N,0.0,0.0,0.0,,,,,,,,36.04685,-86.67941,False,Crashes_2010_2019_MPO
102500235,2019-09-05,2019,,94.0,,,0,0,N,0.0,0.0,0.0,,,,,,,,35.95468,-86.81157,False,Crashes_2010_2019_MPO
100756645,2015-03-04,2015,,94.0,,,0,0,N,0.0,0.0,0.0,,,,,,,,36.03647,-86.81258,True,Crashes_2010_2019_MPO
102380308,2019-05-04,2019,,19.0,,,0,0,N,0.0,0.0,0.0,,,,,,,,36.0409,-86.77938,False,Crashes_2010_2019_MPO
101006186,2015-11-09,2015,,19.0,,,0,0,N,0.0,0.0,0.0,,,,,,,,36.01331,-86.73859,True,Crashes_2010_2019_MPO
101207822,2016-05-18,2016,,94.0,,,0,0,N,0.0,0.0,0.0,,,,,,,,36.034074,-86.7879,True,Crashes_2010_2019_MPO
100353073,2013-07-09,2013,,94.0,,,0,0,N,0.0,0.0,0.0,,,,,,,,35.93466,-86.86086,False,Crashes_2010_2019_MPO
101861880,2017-12-17,2017,,19.0,,,0,0,N,0.0,0.0,0.0,,,,,,,,36.0411,-86.72537,False,Crashes_2010_2019_MPO
100639148,2014-10-06,2014,,94.0,,,0,0,N,0.0,0.0,0.0,,,,,,,,36.01484,-86.8115,True,Crashes_2010_2019_MPO
101395298,2016-10-03,2016,,94.0,,,0,0,N,0.0,0.0,0.0,,,,,,,,35.92456,-86.87463,False,Crashes_2010_2019_MPO
102267683,2019-01-05,2019,,94.0,,,0,0,N,0.0,0.0,0.0,,,,,,,,35.92566,-86.81679,False,Crashes_2010_2019_MPO
102012077,2018-05-15,2018,,94.0,,,0,0,N,0.0,0.0,0.0,,,,,,,,35.99668,-86.82852,True,Crashes_2010_2019_MPO
100301856,2013-03-11,2013,,94.0,,,0,0,N,0.0,0.0,0.0,,,,,,,,35.97102,-86.72644,True,Crashes_2010_2019_MPO
102382067,2019-05-06,2019,,94.0,,,0,0,N,0.0,0.0,0.0,,,,,,,,36.01719,-86.78643,True,Crashes_2010_2019_MPO
102593140,2019-12-09,2019,,19.0,,,0,0,N,0.0,0.0,0.0,,,,,,,,36.0472,-86.71348,False,Crashes_2010_2019_MPO
102005616,2018-05-10,2018,,94.0,,,0,0,N,0.0,0.0,0.0,,,,,,,,35.9463,-86.8085,False,Crashes_2010_2019_MPO
101641357,2017-05-11,2017,,94.0,,,0,0,N,0.0,0.0,0.0,,,,,,,,35.93374,-86.81767,False,Crashes_2010_2019_MPO
102117647,2018-08-21,2018,,94.0,,,0,0,N,0.0,0.0,0.0,,,,,,,,35.94858,-86.81991,False,Crashes_2010_2019_MPO
102003969,2018-05-08,2018,,94.0,,,0,0,N,0.0,0.0,0.0,,,,,,,,35.96677,-86.81174,True,Crashes_2010_2019_MPO
101501239,2017-01-10,2017,,19.0,,,0,0,N,0.0,0.0,0.0,,,,,,,,36.04537,-86.71326,False,Crashes_2010_2019_MPO
101823572,2017-11-12,2017,,19.0,,,0,0,N,0.0,0.0,0.0,,,,,,,,36.03948,-86.78177,False,Crashes_2010_2019_MPO
100967909,2015-09-26,2015,,19.0,,,0,0,N,0.0,0.0,0.0,,,,,,,,36.03316,-86.70404,False,Crashes_2010_2019_MPO
100272857,2012-12-29,2012,,94.0,,,0,0,N,0.0,0.0,0.0,,,,,,,,35.99758,-86.79685,True,Crashes_2010_2019_MPO
101455014,2016-11-20,2016,,19.0,,,0,0,N,0.0,0.0,0.0,,,,,,,,36.0409,-86.77938,False,Crashes_2010_2019_MPO
100361812,2013-08-01,2013,,94.0,,,0,0,N,0.0,0.0,0.0,,,,,,,,35.98014,-86.80275,True,Crashes_2010_2019_MPO
102311604,2019-02-21,2019,,94.0,,,0,0,N,0.0,0.0,0.0,,,,,,,,35.92546,-86.87275,False,Crashes_2010_2019_MPO
100391925,2013-10-16,2013,,94.0,,,0,0,N,0.0,0.0,0.0,,,,,,,,35.93132,-86.79297,False,Crashes_2010_2019_MPO
100803835,2015-04-07,2015,,94.0,,,0,0,N,0.0,0.0,0.0,,,,,,,,36.02232,-86.74261,False,Crashes_2010_2019_MPO
102061245,2018-07-02,2018,,94.0,,,0,0,N,0.0,0.0,0.0,,,,,,,,36.01557,-86.7404,False,Crashes_2010_2019_MPO
100720502,2015-01-11,2015,,94.0,,,0,0,N,0.0,0.0,0.0,,,,,,,,35.99272,-86.82867,True,Crashes_2010_2019_MPO
100996602,2015-10-26,2015,,94.0,,,0,0,N,0.0,0.0,0.0,,,,,,,,35.93487,-86.77719,False,Crashes_2010_2019_MPO
101532217,2017-01-23,2017,,19.0,,,0,0,N,0.0,0.0,0.0,,,,,,,,36.04106,-86.74632,False,Crashes_2010_2019_MPO
101833373,2017-11-21,2017,,19.0,,,0,0,N,0.0,0.0,0.0,,,,,,,,36.03776,-86.78296,False,Crashes_2010_2019_MPO
102027054,2018-05-29,2018,,94.0,,,0,0,Y,0.0,0.0,1.0,,,,,,,,35.97203,-86.80557,True,Crashes_2010_2019_MPO
101908602,2018-02-06,2018,,94.0,,,0,0,N,0.0,0.0,0.0,,,,,,,,35.92321,-86.87307,False,Crashes_2010_2019_MPO
101745953,2017-08-30,2017,,94.0,,,0,0,N,0.0,0.0,0.0,,,,,,,,35.96716,-86.81351,True,Crashes_2010_2019_MPO
101064325,2015-12-21,2015,,94.0,,,0,0,N,0.0,0.0,0.0,,,,,,,,35.96133,-86.81226,False,Crashes_2010_2019_MPO
100848805,2015-05-22,2015,,94.0,,,0,0,N,0.0,0.0,0.0,,,,,,,,35.96841,-86.68347,False,Crashes_2010_2019_MPO
101182604,2016-04-27,2016,,19.0,,,0,0,N,0.0,0.0,0.0,,,,,,,,36.0409,-86.77938,False,Crashes_2010_2019_MPO
100681617,2014-11-16,2014,,19.0,,,0,0,N,0.0,0.0,0.0,,,,,,,,36.0419,-86.78239,False,Crashes_2010_2019_MPO
102362532,2019-04-16,2019,,19.0,,,0,0,N,0.0,0.0,0.0,,,,,,,,36.04561,-86.71977,False,Crashes_2010_2019_MPO
101040439,2015-12-01,2015,,94.0,,,0,0,N,0.0,0.0,0.0,,,,,,,,35.94881,-86.81966,False,Crashes_2010_2019_MPO
100977947,2015-10-12,2015,,94.0,,,0,0,N,0.0,0.0,0.0,,,,,,,,35.95098,-86.80631,False,Crashes_2010_2019_MPO
102292043,2019-01-30,2019,,94.0,,,0,0,N,0.0,0.0,0.0,,,,,,,,36.03193,-86.78951,True,Crashes_2010_2019_MPO
100913345,2015-07-24,2015,,94.0,,,0,0,N,0.0,0.0,0.0,,,,,,,,35.95772,-86.8026,False,Crashes_2010_2019_MPO
102607828,2019-12-26,2019,,19.0,,,0,0,N,0.0,0.0,0.0,,,,,,,,36.04619,-86.77826,False,Crashes_2010_2019_MPO
100821173,2015-04-20,2015,,94.0,,,0,0,N,0.0,0.0,0.0,,,,,,,,36.0261,-86.79185,True,Crashes_2010_2019_MPO
101876414,2018-01-03,2018,,94.0,,,0,0,N,0.0,0.0,0.0,,,,,,,,35.95689,-86.80329,False,Crashes_2010_2019_MPO
102313061,2019-02-22,2019,,94.0,,,0,0,N,0.0,0.0,0.0,,,,,,,,35.936,-86.8256,False,Crashes_2010_2019_MPO
100882238,2015-07-06,2015,,94.0,,,0,0,N,0.0,0.0,0.0,,,,,,,,35.94613,-86.82347,False,Crashes_2010_2019_MPO
100274223,2013-01-02,2013,,94.0,,,0,0,Y,0.0,0.0,1.0,,,,,,,,35.95291,-86.82735,False,Crashes_2010_2019_MPO
102165027,2018-10-02,2018,,94.0,,,0,0,N,0.0,0.0,0.0,,,,,,,,35.94981,-86.81352,False,Crashes_2010_2019_MPO
101464975,2016-12-01,2016,,94.0,,,0,0,N,0.0,0.0,0.0,,,,,,,,35.99851,-86.77924,True,Crashes_2010_2019_MPO
100375548,2013-09-05,2013,,19.0,,,0,0,Y,0.0,0.0,1.0,,,,,,,,36.05331,-86.71055,False,Crashes_2010_2019_MPO
101829636,2017-11-18,2017,,19.0,,,0,0,N,0.0,0.0,0.0,,,,,,,,36.05348,-86.73957,False,Crashes_2010_2019_MPO
102553032,2019-10-28,2019,,94.0,,,0,0,N,0.0,0.0,0.0,,,,,,,,35.92725,-86.87689,False,Crashes_2010_2019_MPO
101102071,2016-02-08,2016,,19.0,,,0,0,N,0.0,0.0,0.0,,,,,,,,36.03946,-86.78164,False,Crashes_2010_2019_MPO
100317898,2013-04-18,2013,,94.0,,,0,0,N,0.0,0.0,0.0,,,,,,,,35.96518,-86.80021,True,Crashes_2010_2019_MPO
101903210,2018-01-30,2018,,94.0,,,0,0,N,0.0,0.0,0.0,,,,,,,,35.94671,-86.81958,False,Crashes_2010_2019_MPO
101194883,2016-05-14,2016,,19.0,,,0,0,N,0.0,0.0,0.0,,,,,,,,36.05387,-86.85747,False,Crashes_2010_2019_MPO
101282020,2016-07-08,2016,,94.0,,,0,0,N,0.0,0.0,0.0,,,,,,,,36.03503,-86.80543,True,Crashes_2010_2019_MPO
101848694,2017-12-05,2017,,19.0,,,0,0,N,0.0,0.0,0.0,,,,,,,,36.04455,-86.78057,False,Crashes_2010_2019_MPO
101768037,2017-09-22,2017,,19.0,,,0,0,N,0.0,0.0,0.0,,,,,,,,36.03747,-86.79098,False,Crashes_2010_2019_MPO
100796995,2015-03-24,2015,,94.0,,,0,0,N,0.0,0.0,0.0,,,,,,,,36.03459,-86.80295,True,Crashes_2010_2019_MPO
101963501,2018-04-01,2018,,19.0,,,0,0,N,0.0,0.0,0.0,,,,,,,,36.05222,-86.68262,False,Crashes_2010_2019_MPO
101092544,2016-01-22,2016,,19.0,,,0,0,N,0.0,0.0,0.0,,,,,,,,36.0453,-86.77951,False,Crashes_2010_2019_MPO
102177110,2018-10-13,2018,,94.0,,,0,0,N,0.0,0.0,0.0,,,,,,,,35.96682,-86.81209,True,Crashes_2010_2019_MPO
102556334,2019-11-02,2019,,19.0,,,0,0,N,0.0,0.0,0.0,,,,,,,,36.04733,-86.86283,False,Crashes_2010_2019_MPO
101069711,2015-12-31,2015,,94.0,,,0,0,N,0.0,0.0,0.0,,,,,,,,36.026532,-86.79251,True,Crashes_2010_2019_MPO
101102993,2016-02-10,2016,,94.0,,,0,0,N,0.0,0.0,0.0,,,,,,,,35.92619,-86.82152,False,Crashes_2010_2019_MPO
101244018,2016-06-10,2016,,19.0,,,0,0,N,0.0,0.0,0.0,,,,,,,,36.04535,-86.70247,False,Crashes_2010_2019_MPO
101235867,2016-05-30,2016,,19.0,,,0,0,N,0.0,0.0,0.0,,,,,,,,36.03555,-86.71336,False,Crashes_2010_2019_MPO
100394832,2013-10-22,2013,,94.0,,,0,0,N,0.0,0.0,0.0,,,,,,,,36.01736,-86.78622,True,Crashes_2010_2019_MPO
102554887,2019-11-01,2019,,19.0,,,0,0,N,0.0,0.0,0.0,,,,,,,,36.01814,-86.69881,False,Crashes_2010_2019_MPO
101827187,2017-11-15,2017,,94.0,,,0,0,N,0.0,0.0,0.0,,,,,,,,35.97397,-86.80514,True,Crashes_2010_2019_MPO
100666965,2014-11-08,2014,,19.0,,,0,0,N,0.0,0.0,0.0,,,,,,,,36.04211,-86.70329,False,Crashes_2010_2019_MPO
102173799,2018-10-11,2018,,19.0,,,0,0,N,0.0,0.0,0.0,,,,,,,,36.03975,-86.78151,False,Crashes_2010_2019_MPO
102437607,2019-07-04,2019,,19.0,,,0,0,N,0.0,0.0,0.0,,,,,,,,36.02687,-86.74366,False,Crashes_2010_2019_MPO
101913827,2018-02-12,2018,,94.0,,,0,0,N,0.0,0.0,0.0,,,,,,,,35.9471,-86.81422,False,Crashes_2010_2019_MPO
101356646,2016-09-08,2016,,19.0,,,0,0,N,0.0,0.0,0.0,,,,,,,,36.03122,-86.87558,False,Crashes_2010_2019_MPO
101156591,2016-04-02,2016,,94.0,,,0,0,N,0.0,0.0,0.0,,,,,,,,35.93024,-86.86415,False,Crashes_2010_2019_MPO
101246436,2016-06-15,2016,,94.0,,,0,0,N,0.0,0.0,0.0,,,,,,,,35.96646,-86.80887,True,Crashes_2010_2019_MPO
100463723,2014-03-11,2014,,94.0,,,0,0,N,0.0,0.0,0.0,,,,,,,,35.94286,-86.80034,False,Crashes_2010_2019_MPO
101478089,2016-12-15,2016,,19.0,,,0,0,N,0.0,0.0,0.0,,,,,,,,36.03896,-86.7828,False,Crashes_2010_2019_MPO
102037376,2018-06-08,2018,,19.0,,,0,0,N,0.0,0.0,0.0,,,,,,,,36.0374,-86.78657,False,Crashes_2010_2019_MPO
100980761,2015-10-16,2015,,94.0,,,0,0,N,0.0,0.0,0.0,,,,,,,,35.92368,-86.86776,False,Crashes_2010_2019_MPO
102435512,2019-06-28,2019,,94.0,,,0,0,N,0.0,0.0,0.0,,,,,,,,35.9942,-86.79814,True,Crashes_2010_2019_MPO
102384165,2019-05-08,2019,,94.0,,,0,0,N,0.0,0.0,0.0,,,,,,,,35.97501,-86.80453,True,Crashes_2010_2019_MPO
101808612,2017-10-30,2017,,94.0,,,0,0,N,0.0,0.0,0.0,,,,,,,,35.95887,-86.81012,False,Crashes_2010_2019_MPO
100241598,2012-10-22,2012,,94.0,,,0,0,N,0.0,0.0,0.0,,,,,,,,35.99156,-86.79881,True,Crashes_2010_2019_MPO
101540421,2017-01-31,2017,,19.0,,,0,0,N,0.0,0.0,0.0,,,,,,,,36.03972,-86.75982,False,Crashes_2010_2019_MPO
102278086,2019-01-15,2019,,94.0,,,0,0,N,0.0,0.0,0.0,,,,,,,,35.96666,-86.81088,True,Crashes_2010_2019_MPO
101300003,2016-07-21,2016,,19.0,,,0,0,N,0.0,0.0,0.0,,,,,,,,36.0409,-86.77938,False,Crashes_2010_2019_MPO
102159018,2018-09-27,2018,,94.0,,,0,0,N,0.0,0.0,0.0,,,,,,,,35.94923,-86.80706,False,Crashes_2010_2019_MPO
100724396,2015-01-19,2015,,94.0,,,0,0,N,0.0,0.0,0.0,,,,,,,,35.96098,-86.81391,False,Crashes_2010_2019_MPO
101242474,2016-06-08,2016,,19.0,,,0,0,N,0.0,0.0,0.0,,,,,,,,36.0452,-86.70019,False,Crashes_2010_2019_MPO
100824774,2015-04-27,2015,,94.0,,,0,0,N,0.0,0.0,0.0,,,,,,,,35.94848,-86.80797,False,Crashes_2010_2019_MPO
101390744,2016-09-27,2016,,19.0,,,0,0,N,0.0,0.0,0.0,,,,,,,,36.04543,-86.70361,False,Crashes_2010_2019_MPO
100924608,2015-08-17,2015,,19.0,,,0,0,N,0.0,0.0,0.0,,,,,,,,36.04756,-86.7761,False,Crashes_2010_2019_MPO
102544675,2019-10-21,2019,,94.0,,,0,0,N,0.0,0.0,0.0,,,,,,,,35.94872,-86.83189,False,Crashes_2010_2019_MPO
100982450,2015-10-20,2015,,94.0,,,0,0,N,0.0,0.0,0.0,,,,,,,,35.96718,-86.81369,True,Crashes_2010_2019_MPO
102562482,2019-11-08,2019,,19.0,,,0,0,N,0.0,0.0,0.0,,,,,,,,36.04014,-86.78075,False,Crashes_2010_2019_MPO
101407619,2016-10-19,2016,,94.0,,,0,0,N,0.0,0.0,0.0,,,,,,,,35.96492,-86.81131,False,Crashes_2010_2019_MPO
101363544,2016-09-17,2016,,19.0,,,0,0,N,0.0,0.0,0.0,,,,,,,,35.99629,-86.68904,False,Crashes_2010_2019_MPO
100406721,2013-11-17,2013,,94.0,,,0,0,N,0.0,0.0,0.0,,,,,,,,35.92495,-86.82213,False,Crashes_2010_2019_MPO
101072832,2016-01-03,2016,,19.0,,,0,0,N,0.0,0.0,0.0,,,,,,,,36.03964,-86.78171,False,Crashes_2010_2019_MPO
102162677,2018-09-29,2018,,94.0,,,0,0,N,0.0,0.0,0.0,,,,,,,,35.95212,-86.81784,False,Crashes_2010_2019_MPO
100201434,2012-07-12,2012,,94.0,,,0,0,N,0.0,0.0,0.0,,,,,,,,35.965,-86.72749,True,Crashes_2010_2019_MPO
101581883,2017-03-13,2017,,94.0,,,0,0,N,0.0,0.0,0.0,,,,,,,,36.01978,-86.74213,False,Crashes_2010_2019_MPO
101858684,2017-12-14,2017,,94.0,,,0,0,N,0.0,0.0,0.0,,,,,,,,35.95555,-86.82855,False,Crashes_2010_2019_MPO
101866725,2017-12-21,2017,,94.0,,,0,0,N,0.0,0.0,0.0,,,,,,,,35.96716,-86.81351,True,Crashes_2010_2019_MPO
101359316,2016-08-25,2016,,19.0,,,0,0,N,0.0,0.0,0.0,,,,,,,,36.03122,-86.87558,False,Crashes_2010_2019_MPO
100771961,2015-03-14,2015,,94.0,,,0,0,N,0.0,0.0,0.0,,,,,,,,35.97102,-86.72644,True,Crashes_2010_2019_MPO
100821902,2015-04-21,2015,,94.0,,,0,0,N,0.0,0.0,0.0,,,,,,,,35.99169,-86.79876,True,Crashes_2010_2019_MPO
101364133,2016-09-18,2016,,19.0,,,0,0,N,0.0,0.0,0.0,,,,,,,,36.02564,-86.71128,False,Crashes_2010_2019_MPO
102317247,2019-02-27,2019,,19.0,,,0,0,N,0.0,0.0,0.0,,,,,,,,36.00344,-86.69794,False,Crashes_2010_2019_MPO
100631961,2014-09-14,2014,,94.0,,,0,0,N,0.0,0.0,0.0,,,,,,,,35.99822,-86.79605,True,Crashes_2010_2019_MPO
100586413,2014-07-22,2014,,94.0,,,0,0,N,0.0,0.0,0.0,,,,,,,,35.96411,-86.81465,False,Crashes_2010_2019_MPO
100947541,2015-09-09,2015,,94.0,,,0,0,N,0.0,0.0,0.0,,,,,,,,35.93712,-86.87876,False,Crashes_2010_2019_MPO
101468898,2016-12-06,2016,,19.0,,,0,0,N,0.0,0.0,0.0,,,,,,,,36.04131,-86.7825,False,Crashes_2010_2019_MPO
101134739,2016-03-10,2016,,19.0,,,0,0,N,0.0,0.0,0.0,,,,,,,,36.03841,-86.74344,False,Crashes_2010_2019_MPO
100504016,2014-05-03,2014,,94.0,,,0,0,N,0.0,0.0,0.0,,,,,,,,35.92846,-86.83378,False,Crashes_2010_2019_MPO
101147814,2016-03-21,2016,,94.0,,,0,0,N,0.0,0.0,0.0,,,,,,,,36.03355,-86.80035,True,Crashes_2010_2019_MPO
102247630,2018-12-15,2018,,19.0,,,0,0,N,0.0,0.0,0.0,,,,,,,,36.02552,-86.71204,False,Crashes_2010_2019_MPO
100995534,2015-10-25,2015,,94.0,,,0,0,N,0.0,0.0,0.0,,,,,,,,35.93109,-86.81891,False,Crashes_2010_2019_MPO
101786907,2017-10-09,2017,,19.0,,,0,0,N,0.0,0.0,0.0,,,,,,,,36.04546,-86.77929,False,Crashes_2010_2019_MPO
101207578,2016-05-18,2016,,19.0,,,0,0,N,0.0,0.0,0.0,,,,,,,,36.03725,-86.7866,False,Crashes_2010_2019_MPO
100750058,2015-02-19,2015,,19.0,,,0,0,N,0.0,0.0,0.0,,,,,,,,36.04065,-86.78277,False,Crashes_2010_2019_MPO
101638056,2017-05-06,2017,,94.0,,,0,0,N,0.0,0.0,0.0,,,,,,,,35.99314,-86.69643,True,Crashes_2010_2019_MPO
100968610,2015-09-27,2015,,19.0,,,0,0,N,0.0,0.0,0.0,,,,,,,,36.03757,-86.78275,False,Crashes_2010_2019_MPO
101073082,2016-01-06,2016,,19.0,,,0,0,N,0.0,0.0,0.0,,,,,,,,36.03986,-86.78134,False,Crashes_2010_2019_MPO
100643489,2014-10-14,2014,,19.0,,,0,0,N,0.0,0.0,0.0,,,,,,,,36.04084,-86.77935,False,Crashes_2010_2019_MPO
100857311,2015-06-07,2015,,94.0,,,0,0,N,0.0,0.0,0.0,,,,,,,,35.92287,-86.79668,False,Crashes_2010_2019_MPO
100979343,2015-10-15,2015,,19.0,,,0,0,N,0.0,0.0,0.0,,,,,,,,36.0243,-86.74239,False,Crashes_2010_2019_MPO