mstrrecnbr,collision_ts,year,county,countystat,crash,crash_type,fatalities,non_motorists,commercial,fatal_c,nonmotor_c,truck_c,fatalc,serious_injuries,ped,bike,lighting,weather,first_harmful_event,latitude,longitude,in_city,src_layer
100945301,2015-09-04,2015,,94.0,,,0,0,N,0.0,0.0,0.0,,,,,,,,35.94693,-86.82158,False,Crashes_2010_2019_MPO
101209035,2016-05-20,2016,,19.0,,,0,0,N,0.0,0.0,0.0,,,,,,,,36.05074,-86.87911,False,Crashes_2010_2019_MPO
102468026,2019-08-04,2019,,94.0,,,0,0,N,0.0,0.0,0.0,,,,,,,,35.93026,-86.85301,False,Crashes_2010_2019_MPO
101951909,2018-03-21,2018,,94.0,,,0,0,N,0.0,0.0,0.0,,,,,,,,35.95562,-86.82921,False,Crashes_2010_2019_MPO
102123719,2018-08-24,2018,,94.0,,,0,0,N,0.0,0.0,0.0,,,,,,,,35.96486,-86.81535,True,Crashes_2010_2019_MPO
101078630,2016-01-15,2016,,94.0,,,0,0,N,0.0,0.0,0.0,,,,,,,,35.99121,-86.77836,True,Crashes_2010_2019_MPO
100730387,2015-01-31,2015,,94.0,,,0,0,N,0.0,0.0,0.0,,,,,,,,35.94385,-86.8186,False,Crashes_2010_2019_MPO
101600552,2017-04-01,2017,,19.0,,,0,0,N,0.0,0.0,0.0,,,,,,,,36.04547,-86.71221,False,Crashes_2010_2019_MPO
101331529,2016-08-19,2016,,94.0,,,0,0,N,0.0,0.0,0.0,,,,,,,,36.0361,-86.8721,False,Crashes_2010_2019_MPO
100368098,2013-08-17,2013,,94.0,,,0,0,N,0.0,0.0,0.0,,,,,,,,35.95657,-86.8164,False,Crashes_2010_2019_MPO
101346333,2016-08-26,2016,,19.0,,,0,0,N,0.0,0.0,0.0,,,,,,,,36.05065,-86.68478,False,Crashes_2010_2019_MPO
102286961,2019-01-25,2019,,94.0,,,0,0,N,0.0,0.0,0.0,,,,,,,,35.95792,-86.77802,True,Crashes_2010_2019_MPO
102347735,2019-04-01,2019,,94.0,,,0,0,N,0.0,0.0,0.0,,,,,,,,35.93036,-86.82005,False,Crashes_2010_2019_MPO
100398116,2013-10-30,2013,,94.0,,,0,0,N,0.0,0.0,0.0,,,,,,,,35.96722,-86.81353,True,Crashes_2010_2019_MPO
102382892,2019-05-07,2019,,19.0,,,0,0,N,0.0,0.0,0.0,,,,,,,,36.04032,-86.81659,False,Crashes_2010_2019_MPO
101118993,2016-02-19,2016,,19.0,,,0,0,N,0.0,0.0,0.0,,,,,,,,36.04536,-86.70266,False,Crashes_2010_2019_MPO
101595586,2017-03-27,2017,,19.0,,,0,0,N,0.0,0.0,0.0,,,,,,,,36.05016,-86.71399,False,Crashes_2010_2019_MPO
101289325,2016-07-20,2016,,94.0,,,0,0,N,0.0,0.0,0.0,,,,,,,,35.9407,-86.83934,False,Crashes_2010_2019_MPO
102295638,2019-02-03,2019,,19.0,,,0,0,N,0.0,0.0,0.0,,,,,,,,36.04359,-86.72042,False,Crashes_2010_2019_MPO
100457059,2014-02-24,2014,,94.0,,,0,0,N,0.0,0.0,0.0,,,,,,,,35.9812,-86.8461,False,Crashes_2010_2019_MPO
102339390,2019-03-23,2019,,19.0,,,0,0,N,0.0,0.0,0.0,,,,,,,,36.03272,-86.71283,False,Crashes_2010_2019_MPO
102595362,2019-11-20,2019,,94.0,,,0,0,N,0.0,0.0,0.0,,,,,,,,35.98557,-86.71394,True,Crashes_2010_2019_MPO
102509435,2019-09-14,2019,,94.0,,,0,0,N,0.0,0.0,0.0,,,,,,,,35.93557,-86.82364,False,Crashes_2010_2019_MPO
101564705,2017-02-24,2017,,19.0,,,0,0,N,0.0,0.0,0.0,,,,,,,,36.03968,-86.76194,False,Crashes_2010_2019_MPO
102127491,2018-08-30,2018,,94.0,,,0,0,N,0.0,0.0,0.0,,,,,,,,36.03318,-86.78282,True,Crashes_2010_2019_MPO
102039338,2018-06-10,2018,,19.0,,,0,0,N,0.0,0.0,0.0,,,,,,,,36.01385,-86.73831,False,Crashes_2010_2019_MPO
102215855,2018-11-17,2018,,94.0,,,0,0,N,0.0,0.0,0.0,,,,,,,,35.93584,-86.7748,False,Crashes_2010_2019_MPO
100348002,2013-06-29,2013,,94.0,,,0,0,N,0.0,0.0,0.0,,,,,,,,35.93156,-86.87591,False,Crashes_2010_2019_MPO
101323068,2016-08-08,2016,,94.0,,,0,0,N,0.0,0.0,0.0,,,,,,,,35.98618,-86.73622,True,Crashes_2010_2019_MPO
100417000,2013-12-10,2013,,94.0,,,0,0,N,0.0,0.0,0.0,,,,,,,,35.9386,-86.85798,False,Crashes_2010_2019_MPO
102281672,2019-01-19,2019,,94.0,,,0,0,N,0.0,0.0,0.0,,,,,,,,35.9392,-86.82148,False,Crashes_2010_2019_MPO
101687201,2017-06-30,2017,,94.0,,,0,0,N,0.0,0.0,0.0,,,,,,,,35.96681,-86.81119,True,Crashes_2010_2019_MPO
100633329,2014-09-24,2014,,94.0,,,0,0,N,0.0,0.0,0.0,,,,,,,,35.92974,-86.85584,False,Crashes_2010_2019_MPO
101002739,2015-11-04,2015,,94.0,,,0,0,N,0.0,0.0,0.0,,,,,,,,35.94708,-86.83267,False,Crashes_2010_2019_MPO
101279418,2016-07-05,2016,,19.0,,,0,0,N,0.0,0.0,0.0,,,,,,,,36.03899,-86.78258,False,Crashes_2010_2019_MPO
102141029,2018-09-11,2018,,94.0,,,0,0,N,0.0,0.0,0.0,,,,,,,,35.96454,-86.81434,False,Crashes_2010_2019_MPO
102119591,2018-08-23,2018,,94.0,,,0,0,N,0.0,0.0,0.0,,,,,,,,35.92254,-86.87194,False,Crashes_2010_2019_MPO
101349978,2016-08-30,2016,,94.0,,,0,0,N,0.0,0.0,0.0,,,,,,,,35.96224,-86.81213,False,Crashes_2010_2019_MPO
101093962,2016-01-26,2016,,94.0,,,0,0,N,0.0,0.0,0.0,,,,,,,,36.02522,-86.79325,True,Crashes_2010_2019_MPO
102561775,2019-11-07,2019,,94.0,,,0,0,N,0.0,0.0,0.0,,,,,,,,35.9691,-86.71715,True,Crashes_2010_2019_MPO
101736566,2017-08-20,2017,,94.0,,,0,0,N,0.0,0.0,0.0,,,,,,,,35.9651,-86.81631,True,Crashes_2010_2019_MPO
101648305,2017-05-18,2017,,19.0,,,0,0,N,0.0,0.0,0.0,,,,,,,,36.0374,-86.78657,False,Crashes_2010_2019_MPO
101655803,2017-05-26,2017,,19.0,,,0,1,N,0.0,1.0,0.0,,,,,,,,36.02547,-86.71305,False,Crashes_2010_2019_MPO
100367776,2013-08-16,2013,,94.0,,,0,0,N,0.0,0.0,0.0,,,,,,,,35.9433,-86.84399,False,Crashes_2010_2019_MPO
101402886,2016-10-13,2016,,94.0,,,0,0,N,0.0,0.0,0.0,,,,,,,,35.94795,-86.81919,False,Crashes_2010_2019_MPO
102613725,2019-12-31,2019,,19.0,,,0,0,N,0.0,0.0,0.0,,,,,,,,36.05391,-86.77515,False,Crashes_2010_2019_MPO
102363417,2019-04-17,2019,,94.0,,,0,0,N,0.0,0.0,0.0,,,,,,,,35.94687,-86.85168,False,Crashes_2010_2019_MPO
102508406,2019-09-13,2019,,94.0,,,0,0,N,0.0,0.0,0.0,,,,,,,,35.95663,-86.83212,False,Crashes_2010_2019_MPO
101268437,2016-06-17,2016,,94.0,,,0,0,N,0.0,0.0,0.0,,,,,,,,35.94709,-86.82356,False,Crashes_2010_2019_MPO
102331061,2019-03-14,2019,,94.0,,,0,0,N,0.0,0.0,0.0,,,,,,,,35.98111,-86.84624,False,Crashes_2010_2019_MPO
100875011,2015-06-23,2015,,94.0,,,0,0,N,0.0,0.0,0.0,,,,,,,,35.98018,-86.67831,False,Crashes_2010_2019_MPO
101618751,2017-04-18,2017,,94.0,,,0,0,N,0.0,0.0,0.0,,,,,,,,36.0085,-86.78038,True,Crashes_2010_2019_MPO
100376730,2013-09-07,2013,,94.0,,,0,0,N,0.0,0.0,0.0,,,,,,,,35.99107,-86.77834,True,Crashes_2010_2019_MPO
101164467,2016-04-15,2016,,94.0,,,0,0,N,0.0,0.0,0.0,,,,,,,,35.95656,-86.84392,False,Crashes_2010_2019_MPO
101805385,2017-10-27,2017,,94.0,,,0,0,N,0.0,0.0,0.0,,,,,,,,35.93399,-86.76785,False,Crashes_2010_2019_MPO
101634127,2017-05-03,2017,,94.0,,,0,0,N,0.0,0.0,0.0,,,,,,,,36.03282,-86.78331,True,Crashes_2010_2019_MPO
100314442,2013-04-10,2013,,94.0,,,0,0,N,0.0,0.0,0.0,,,,,,,,35.94564,-86.82315,False,Crashes_2010_2019_MPO
100657177,2014-10-21,2014,,19.0,,,0,0,N,0.0,0.0,0.0,,,,,,,,36.03741,-86.78585,False,Crashes_2010_2019_MPO
100923533,2015-08-15,2015,,19.0,,,0,0,N,0.0,0.0,0.0,,,,,,,,36.03922,-86.78243,False,Crashes_2010_2019_MPO
102226228,2018-11-27,2018,,94.0,,,0,0,N,0.0,0.0,0.0,,,,,,,,36.03312,-86.7864,True,Crashes_2010_2019_MPO
101332723,2016-08-21,2016,,19.0,,,0,0,N,0.0,0.0,0.0,,,,,,,,36.0419,-86.78237,False,Crashes_2010_2019_MPO
101817722,2017-11-07,2017,,19.0,,,0,0,N,0.0,0.0,0.0,,,,,,,,36.04245,-86.71294,False,Crashes_2010_2019_MPO
101672192,2017-06-13,2017,,19.0,,,0,0,N,0.0,0.0,0.0,,,,,,,,36.02938,-86.7909,True,Crashes_2010_2019_MPO
100552120,2014-06-17,2014,,94.0,,,0,0,N,0.0,0.0,0.0,,,,,,,,35.95073,-86.81837,False,Crashes_2010_2019_MPO
101120601,2016-02-22,2016,,94.0,,,0,0,N,0.0,0.0,0.0,,,,,,,,36.03758,-86.80108,True,Crashes_2010_2019_MPO
101038307,2015-11-28,2015,,19.0,,,0,0,N,0.0,0.0,0.0,,,,,,,,35.99687,-86.68989,False,Crashes_2010_2019_MPO
102567295,2019-11-13,2019,,94.0,,,0,0,N,0.0,0.0,0.0,,,,,,,,35.94631,-86.8236,False,Crashes_2010_2019_MPO
100978935,2015-10-14,2015,,19.0,,,0,0,N,0.0,0.0,0.0,,,,,,,,36.03989,-86.74178,False,Crashes_2010_2019_MPO
101764189,2017-09-18,2017,,94.0,,,0,0,N,0.0,0.0,0.0,,,,,,,,36.02175,-86.74267,False,Crashes_2010_2019_MPO
102449490,2019-06-28,2019,,94.0,,,0,0,N,0.0,0.0,0.0,,,,,,,,36.03564,-86.7874,True,Crashes_2010_2019_MPO
101934189,2018-03-05,2018,,19.0,,,0,0,N,0.0,0.0,0.0,,,,,,,,36.04495,-86.7245,False,Crashes_2010_2019_MPO
101549269,2017-02-09,2017,,94.0,,,0,0,N,0.0,0.0,0.0,,,,,,,,35.9462,-86.80876,False,Crashes_2010_2019_MPO
101931138,2018-03-02,2018,,94.0,,,0,0,N,0.0,0.0,0.0,,,,,,,,35.96663,-86.80999,True,Crashes_2010_2019_MPO
101351091,2016-09-01,2016,,94.0,,,0,0,N,0.0,0.0,0.0,,,,,,,,35.96728,-86.81447,True,Crashes_2010_2019_MPO
100288678,2013-02-05,2013,,94.0,,,0,0,N,0.0,0.0,0.0,,,,,,,,36.02753,-86.78414,True,Crashes_2010_2019_MPO
101866019,2017-12-21,2017,,94.0,,,0,0,N,0.0,0.0,0.0,,,,,,,,36.02844,-86.79142,True,Crashes_2010_2019_MPO
101388906,2016-09-24,2016,,19.0,,,0,0,N,0.0,0.0,0.0,,,,,,,,36.0452,-86.71511,False,Crashes_2010_2019_MPO
101316355,2016-07-28,2016,,19.0,,,0,0,N,0.0,0.0,0.0,,,,,,,,36.02592,-86.74316,False,Crashes_2010_2019_MPO
100118544,2011-11-21,2011,,94.0,,,0,0,N,0.0,0.0,0.0,,,,,,,,36.03175,-86.78961,True,Crashes_2010_2019_MPO
102528499,2019-10-03,2019,,19.0,,,0,0,N,0.0,0.0,0.0,,,,,,,,36.03289,-86.76882,False,Crashes_2010_2019_MPO
100620155,2014-09-17,2014,,19.0,,,0,0,N,0.0,0.0,0.0,,,,,,,,36.03738,-86.78915,False,Crashes_2010_2019_MPO
102003105,2018-05-07,2018,,94.0,,,0,0,N,0.0,0.0,0.0,,,,,,,,36.03546,-86.78828,True,Crashes_2010_2019_MPO
100437791,2014-02-02,2014,,94.0,,,0,0,N,0.0,0.0,0.0,,,,,,,,35.98195,-86.67849,False,Crashes_2010_2019_MPO
100951485,2015-09-10,2015,,94.0,,,0,0,N,0.0,0.0,0.0,,,,,,,,35.96092,-86.8124,False,Crashes_2010_2019_MPO
101237876,2016-06-03,2016,,94.0,,,0,0,N,0.0,0.0,0.0,,,,,,,,35.94462,-86.81264,False,Crashes_2010_2019_MPO
101432334,2016-11-05,2016,,94.0,,,0,0,N,0.0,0.0,0.0,,,,,,,,36.00603,-86.72832,True,Crashes_2010_2019_MPO
100938081,2015-08-23,2015,,94.0,,,0,0,N,0.0,0.0,0.0,,,,,,,,35.92341,-86.82272,False,Crashes_2010_2019_MPO
101000985,2015-10-28,2015,,94.0,,,0,0,N,0.0,0.0,0.0,,,,,,,,35.98909,-86.8471,False,Crashes_2010_2019_MPO
102207040,2018-11-10,2018,,94.0,,,0,0,N,0.0,0.0,0.0,,,,,,,,36.00359,-86.79143,True,Crashes_2010_2019_MPO
102427318,2019-06-24,2019,,94.0,,,0,0,N,0.0,0.0,0.0,,,,,,,,35.93756,-86.76809,False,Crashes_2010_2019_MPO
102463759,2019-07-31,2019,,94.0,,,0,0,N,0.0,0.0,0.0,,,,,,,,35.96608,-86.8074,True,Crashes_2010_2019_MPO
100850017,2015-05-25,2015,,94.0,,,0,0,N,0.0,0.0,0.0,,,,,,,,35.97084,-86.72628,True,Crashes_2010_2019_MPO
102555582,2019-11-01,2019,,94.0,,,0,0,N,0.0,0.0,0.0,,,,,,,,35.94361,-86.82022,False,Crashes_2010_2019_MPO
101062854,2015-12-19,2015,,94.0,,,0,0,N,0.0,0.0,0.0,,,,,,,,35.965944,-86.807239,False,Crashes_2010_2019_MPO
101269415,2016-06-20,2016,,19.0,,,0,0,N,0.0,0.0,0.0,,,,,,,,36.05275,-86.67879,False,Crashes_2010_2019_MPO
101457494,2016-11-22,2016,,19.0,,,0,0,N,0.0,0.0,0.0,,,,,,,,36.04537,-86.71326,False,Crashes_2010_2019_MPO
101315044,2016-07-28,2016,,94.0,,,0,0,N,0.0,0.0,0.0,,,,,,,,35.96716,-86.81351,True,Crashes_2010_2019_MPO
101951635,2018-03-21,2018,,94.0,,,0,0,N,0.0,0.0,0.0,,,,,,,,35.96534,-86.79757,True,Crashes_2010_2019_MPO
100654148,2014-10-16,2014,,19.0,,,0,0,N,0.0,0.0,0.0,,,,,,,,36.02343,-86.70154,False,Crashes_2010_2019_MPO
101668116,2017-06-09,2017,,19.0,,,0,0,N,0.0,0.0,0.0,,,,,,,,36.04773,-86.86426,False,Crashes_2010_2019_MPO
100936850,2015-08-20,2015,,94.0,,,0,0,N,0.0,0.0,0.0,,,,,,,,35.966658,-86.809174,True,Crashes_2010_2019_MPO
101475577,2016-12-13,2016,,94.0,,,0,0,N,0.0,0.0,0.0,,,,,,,,35.9407,-86.8316,False,Crashes_2010_2019_MPO
102026837,2018-05-29,2018,,94.0,,,0,0,N,0.0,0.0,0.0,,,,,,,,36.03455,-86.80281,True,Crashes_2010_2019_MPO
102482324,2019-08-19,2019,,19.0,,,0,0,N,0.0,0.0,0.0,,,,,,,,36.01766,-86.70022,False,Crashes_2010_2019_MPO
100800307,2015-03-31,2015,,94.0,,,0,0,N,0.0,0.0,0.0,,,,,,,,35.96666,-86.8092,True,Crashes_2010_2019_MPO
102442567,2019-07-09,2019,,19.0,,,0,0,N,0.0,0.0,0.0,,,,,,,,35.99176,-86.68401,False,Crashes_2010_2019_MPO
101245735,2016-06-14,2016,,94.0,,,0,0,N,0.0,0.0,0.0,,,,,,,,36.00945,-86.8451,False,Crashes_2010_2019_MPO
101910029,2018-02-08,2018,,19.0,,,0,0,N,0.0,0.0,0.0,,,,,,,,36.04035,-86.74521,False,Crashes_2010_2019_MPO
100586227,2014-07-22,2014,,94.0,,,0,0,N,0.0,0.0,0.0,,,,,,,,36.03322,-86.78786,True,Crashes_2010_2019_MPO
101993478,2018-04-27,2018,,94.0,,,0,0,N,0.0,0.0,0.0,,,,,,,,35.94778,-86.81994,False,Crashes_2010_2019_MPO
101049789,2015-12-15,2015,,94.0,,,0,0,N,0.0,0.0,0.0,,,,,,,,35.93732,-86.87883,False,Crashes_2010_2019_MPO
101997223,2018-05-02,2018,,94.0,,,0,0,N,0.0,0.0,0.0,,,,,,,,36.0231,-86.78323,True,Crashes_2010_2019_MPO
101653632,2017-05-24,2017,,94.0,,,0,0,N,0.0,0.0,0.0,,,,,,,,35.99008,-86.82922,False,Crashes_2010_2019_MPO
101578407,2017-03-10,2017,,94.0,,,0,0,N,0.0,0.0,0.0,,,,,,,,35.92924,-86.85316,False,Crashes_2010_2019_MPO
102447874,2019-07-15,2019,,94.0,,,0,0,N,0.0,0.0,0.0,,,,,,,,35.9613,-86.71079,True,Crashes_2010_2019_MPO
101319225,2016-08-03,2016,,94.0,,,0,0,N,0.0,0.0,0.0,,,,,,,,36.03336,-86.78872,True,Crashes_2010_2019_MPO
101786219,2017-10-09,2017,,94.0,,,0,0,N,0.0,0.0,0.0,,,,,,,,36.01419,-86.80774,True,Crashes_2010_2019_MPO
101302764,2016-07-25,2016,,19.0,,,0,0,N,0.0,0.0,0.0,,,,,,,,36.04001,-86.74347,False,Crashes_2010_2019_MPO
101580576,2017-03-11,2017,,94.0,,,0,0,N,0.0,0.0,0.0,,,,,,,,35.94354,-86.8205,False,Crashes_2010_2019_MPO
100718774,2015-01-07,2015,,94.0,,,0,0,N,0.0,0.0,0.0,,,,,,,,35.95576,-86.83052,False,Crashes_2010_2019_MPO
101197462,2016-05-17,2016,,94.0,,,0,0,N,0.0,0.0,0.0,,,,,,,,35.95724,-86.81622,False,Crashes_2010_2019_MPO
101710217,2017-07-24,2017,,94.0,,,0,0,N,0.0,0.0,0.0,,,,,,,,35.98618,-86.80066,True,Crashes_2010_2019_MPO
102501214,2019-09-06,2019,,94.0,,,0,0,N,0.0,0.0,0.0,,,,,,,,35.92641,-86.82447,False,Crashes_2010_2019_MPO
102577536,2019-11-23,2019,,19.0,,,0,0,N,0.0,0.0,0.0,,,,,,,,36.0409,-86.77938,False,Crashes_2010_2019_MPO
100267760,2012-12-17,2012,,94.0,,,0,0,N,0.0,0.0,0.0,,,,,,,,35.96476,-86.81512,True,Crashes_2010_2019_MPO
100977685,2015-10-12,2015,,94.0,,,0,0,N,0.0,0.0,0.0,,,,,,,,36.01533,-86.8163,True,Crashes_2010_2019_MPO
102584900,2019-12-01,2019,,19.0,,,0,0,N,0.0,0.0,0.0,,,,,,,,36.02268,-86.68055,False,Crashes_2010_2019_MPO
101344612,2016-08-23,2016,,19.0,,,0,0,N,0.0,0.0,0.0,,,,,,,,36.03977,-86.78128,False,Crashes_2010_2019_MPO
101097920,2016-02-02,2016,,94.0,,,0,0,N,0.0,0.0,0.0,,,,,,,,35.9522,-86.72492,True,Crashes_2010_2019_MPO
101871421,2017-12-28,2017,,94.0,,,0,0,N,0.0,0.0,0.0,,,,,,,,36.03202,-86.78946,True,Crashes_2010_2019_MPO
101597853,2017-03-30,2017,,94.0,,,0,0,N,0.0,0.0,0.0,,,,,,,,36.00831,-86.80417,True,Crashes_2010_2019_MPO
100461861,2014-03-08,2014,,94.0,,,0,0,N,0.0,0.0,0.0,,,,,,,,35.97214,-86.82679,True,Crashes_2010_2019_MPO
101646176,2017-05-16,2017,,94.0,,,0,0,N,0.0,0.0,0.0,,,,,,,,36.032391,-86.78434,True,Crashes_2010_2019_MPO
102518665,2019-09-24,2019,,19.0,,,0,0,N,0.0,0.0,0.0,,,,,,,,36.03997,-86.74279,False,Crashes_2010_2019_MPO
102544465,2019-10-21,2019,,19.0,,,0,0,N,0.0,0.0,0.0,,,,,,,,36.03801,-86.78424,False,Crashes_2010_2019_MPO
101320857,2016-08-04,2016,,94.0,,,0,0,N,0.0,0.0,0.0,,,,,,,,36.02525,-86.78533,True,Crashes_2010_2019_MPO
101772152,2017-09-25,2017,,94.0,,,0,0,N,0.0,0.0,0.0,,,,,,,,35.99635,-86.79716,True,Crashes_2010_2019_MPO
102044283,2018-06-15,2018,,19.0,,,0,0,N,0.0,0.0,0.0,,,,,,,,36.04333,-86.71303,False,Crashes_2010_2019_MPO
101983607,2018-04-20,2018,,94.0,,,0,0,N,0.0,0.0,0.0,,,,,,,,36.03297,-86.79677,True,Crashes_2010_2019_MPO
102554362,2019-10-19,2019,,94.0,,,0,0,N,0.0,0.0,0.0,,,,,,,,35.92825,-86.7673,False,Crashes_2010_2019_MPO
100694107,2014-11-20,2014,,94.0,,,0,0,N,0.0,0.0,0.0,,,,,,,,35.93733,-86.82257,False,Crashes_2010_2019_MPO
102226569,2018-11-28,2018,,19.0,,,0,0,N,0.0,0.0,0.0,,,,,,,,36.04084,-86.77347,False,Crashes_2010_2019_MPO
101829030,2017-11-17,2017,,94.0,,,0,0,N,0.0,0.0,0.0,,,,,,,,36.02487,-86.78554,True,Crashes_2010_2019_MPO
101163434,2016-04-13,2016,,94.0,,,0,0,N,0.0,0.0,0.0,,,,,,,,35.97311,-86.83044,True,Crashes_2010_2019_MPO
100271463,2012-12-26,2012,,94.0,,,0,0,N,0.0,0.0,0.0,,,,,,,,35.94135,-86.81647,False,Crashes_2010_2019_MPO
100326545,2013-05-08,2013,,94.0,,,0,0,N,0.0,0.0,0.0,,,,,,,,35.9341,-86.87788,False,Crashes_2010_2019_MPO
101611129,2017-04-10,2017,,94.0,,,0,0,N,0.0,0.0,0.0,,,,,,,,35.94234,-86.81613,False,Crashes_2010_2019_MPO
102558051,2019-11-04,2019,,94.0,,,0,0,N,0.0,0.0,0.0,,,,,,,,35.99551,-86.77887,True,Crashes_2010_2019_MPO
101481427,2016-12-19,2016,,94.0,,,0,0,N,0.0,0.0,0.0,,,,,,,,36.01485,-86.72788,False,Crashes_2010_2019_MPO
101879068,2018-01-05,2018,,19.0,,,0,0,N,0.0,0.0,0.0,,,,,,,,36.04124,-86.7772,False,Crashes_2010_2019_MPO
102555249,2019-11-01,2019,,19.0,,,0,0,N,0.0,0.0,0.0,,,,,,,,36.04122,-86.72667,False,Crashes_2010_2019_MPO
100403120,2013-11-03,2013,,94.0,,,0,0,N,0.0,0.0,0.0,,,,,,,,36.02341,-86.78666,True,Crashes_2010_2019_MPO
101067625,2015-12-27,2015,,94.0,,,0,0,N,0.0,0.0,0.0,,,,,,,,36.01395,-86.71936,False,Crashes_2010_2019_MPO
101833867,2017-11-20,2017,,94.0,,,0,0,N,0.0,0.0,0.0,,,,,,,,36.031566,-86.789768,True,Crashes_2010_2019_MPO
100615223,2014-09-05,2014,,94.0,,,0,0,N,0.0,0.0,0.0,,,,,,,,35.96748,-86.81615,True,Crashes_2010_2019_MPO
101401847,2016-10-12,2016,,19.0,,,0,0,N,0.0,0.0,0.0,,,,,,,,36.04539,-86.85376,False,Crashes_2010_2019_MPO
101045798,2015-12-08,2015,,94.0,,,0,0,N,0.0,0.0,0.0,,,,,,,,35.96612,-86.77844,True,Crashes_2010_2019_MPO
100698221,2014-11-28,2014,,94.0,,,0,0,N,0.0,0.0,0.0,,,,,,,,35.96132,-86.81219,False,Crashes_2010_2019_MPO
100876545,2015-06-25,2015,,19.0,,,0,1,N,0.0,1.0,0.0,,,,,,,,36.05066,-86.67968,False,Crashes_2010_2019_MPO
100661852,2014-10-30,2014,,94.0,,,0,0,N,0.0,0.0,0.0,,,,,,,,35.93019,-86.84174,False,Crashes_2010_2019_MPO
100614741,2014-09-04,2014,,94.0,,,0,0,N,0.0,0.0,0.0,,,,,,,,36.00926,-86.78602,True,Crashes_2010_2019_MPO
102134877,2018-09-05,2018,,94.0,,,0,0,N,0.0,0.0,0.0,,,,,,,,35.92304,-86.81684,False,Crashes_2010_2019_MPO
102387167,2019-05-11,2019,,94.0,,,0,0,N,0.0,0.0,0.0,,,,,,,,35.9651,-86.81631,True,Crashes_2010_2019_MPO
100753453,2015-02-26,2015,,94.0,,,0,0,N,0.0,0.0,0.0,,,,,,,,35.96662,-86.8112,True,Crashes_2010_2019_MPO
101817009,2017-11-06,2017,,19.0,,,0,0,N,0.0,0.0,0.0,,,,,,,,36.03237,-86.76677,False,Crashes_2010_2019_MPO
100755188,2015-02-28,2015,,19.0,,,0,0,N,0.0,0.0,0.0,,,,,,,,36.03986,-86.71274,False,Crashes_2010_2019_MPO
100697704,2014-11-27,2014,,94.0,,,0,0,N,0.0,0.0,0.0,,,,,,,,35.94658,-86.86975,False,Crashes_2010_2019_MPO
102264139,2019-01-02,2019,,94.0,,,0,0,N,0.0,0.0,0.0,,,,,,,,35.96156,-86.84031,False,Crashes_2010_2019_MPO
10409575,2011-06-02,2011,,19.0,,,0,0, ,0.0,0.0,0.0,,,,,,,,36.028182,-86.743969,False,Crashes_2010_2019_MPO
102568008,2019-11-14,2019,,94.0,,,0,0,N,0.0,0.0,0.0,,,,,,,,35.96665,-86.80925,True,Crashes_2010_2019_MPO
102031381,2018-06-02,2018,,19.0,,,0,0,N,0.0,0.0,0.0,,,,,,,,36.0409,-86.77938,False,Crashes_2010_2019_MPO
102279007,2019-01-15,2019,,94.0,,,0,0,N,0.0,0.0,0.0,,,,,,,,35.96543,-86.8212,True,Crashes_2010_2019_MPO
101864425,2017-12-19,2017,,94.0,,,0,0,N,0.0,0.0,0.0,,,,,,,,35.99825,-86.80263,True,Crashes_2010_2019_MPO
101496430,2017-01-05,2017,,94.0,,,0,0,N,0.0,0.0,0.0,,,,,,,,36.01957,-86.78685,True,Crashes_2010_2019_MPO
102581999,2019-11-27,2019,,94.0,,,0,0,N,0.0,0.0,0.0,,,,,,,,35.94889,-86.81982,False,Crashes_2010_2019_MPO
100633075,2014-09-24,2014,,94.0,,,0,0,N,0.0,0.0,0.0,,,,,,,,35.9972,-86.7939,True,Crashes_2010_2019_MPO
101974369,2018-04-11,2018,,94.0,,,0,0,N,0.0,0.0,0.0,,,,,,,,35.97762,-86.77595,True,Crashes_2010_2019_MPO
101980662,2018-04-17,2018,,19.0,,,0,0,N,0.0,0.0,0.0,,,,,,,,36.03047,-86.74398,False,Crashes_2010_2019_MPO
101990971,2018-04-27,2018,,19.0,,,0,0,N,0.0,0.0,0.0,,,,,,,,36.03566,-86.74905,False,Crashes_2010_2019_MPO
100831154,2015-05-08,2015,,94.0,,,0,0,N,0.0,0.0,0.0,,,,,,,,35.9926,-86.68478,False,Crashes_2010_2019_MPO
102328238,2019-03-12,2019,,19.0,,,0,0,N,0.0,0.0,0.0,,,,,,,,36.0473,-86.86274,False,Crashes_2010_2019_MPO
102480185,2019-08-17,2019,,94.0,,,0,0,N,0.0,0.0,0.0,,,,,,,,35.94589,-86.84957,False,Crashes_2010_2019_MPO
101881788,2018-01-03,2018,,94.0,,,0,0,N,0.0,0.0,0.0,,,,,,,,35.9659,-86.80328,True,Crashes_2010_2019_MPO
101036003,2015-11-19,2015,,94.0,,,0,0,N,0.0,0.0,0.0,,,,,,,,35.93207,-86.86279,False,Crashes_2010_2019_MPO
101476614,2016-12-13,2016,,94.0,,,0,0,N,0.0,0.0,0.0,,,,,,,,35.97606,-86.7766,True,Crashes_2010_2019_MPO
102432136,2019-06-29,2019,,19.0,,,0,0,N,0.0,0.0,0.0,,,,,,,,36.04543,-86.70361,False,Crashes_2010_2019_MPO
101551796,2017-02-11,2017,,94.0,,,0,0,N,0.0,0.0,0.0,,,,,,,,35.96716,-86.81351,True,Crashes_2010_2019_MPO
102049480,2018-06-21,2018,,94.0,,,0,0,N,0.0,0.0,0.0,,,,,,,,35.9505,-86.76617,True,Crashes_2010_2019_MPO
101127232,2016-03-03,2016,,19.0,,,0,0,N,0.0,0.0,0.0,,,,,,,,36.04807,-86.71459,False,Crashes_2010_2019_MPO
101917716,2018-02-16,2018,,94.0,,,0,0,Y,0.0,0.0,1.0,,,,,,,,36.0137,-86.7852,True,Crashes_2010_2019_MPO
101194239,2016-05-13,2016,,94.0,,,0,0,N,0.0,0.0,0.0,,,,,,,,36.04617,-86.87366,False,Crashes_2010_2019_MPO