mstrrecnbr,collision_ts,year,county,countystat,crash,crash_type,fatalities,non_motorists,commercial,fatal_c,nonmotor_c,truck_c,fatalc,serious_injuries,ped,bike,lighting,weather,first_harmful_event,latitude,longitude,in_city,src_layer
102119617,2018-08-21,2018,,94.0,,,0,0,N,0.0,0.0,0.0,,,,,,,,35.94549,-86.81962,False,Crashes_2010_2019_MPO
101743934,2017-08-27,2017,,94.0,,,0,0,N,0.0,0.0,0.0,,,,,,,,35.9476,-86.82196,False,Crashes_2010_2019_MPO
101617389,2017-04-14,2017,,94.0,,,0,0,N,0.0,0.0,0.0,,,,,,,,35.96187,-86.81461,False,Crashes_2010_2019_MPO
101763044,2017-09-16,2017,,19.0,,,0,0,N,0.0,0.0,0.0,,,,,,,,36.04245,-86.71294,False,Crashes_2010_2019_MPO
102070682,2018-07-11,2018,,19.0,,,0,0,N,0.0,0.0,0.0,,,,,,,,36.05072,-86.87889,False,Crashes_2010_2019_MPO
101042169,2015-12-03,2015,,19.0,,,0,0,N,0.0,0.0,0.0,,,,,,,,36.04615,-86.71345,False,Crashes_2010_2019_MPO
101452634,2016-11-17,2016,,19.0,,,0,0,N,0.0,0.0,0.0,,,,,,,,36.05047,-86.87651,False,Crashes_2010_2019_MPO
102483415,2019-08-20,2019,,94.0,,,0,0,N,0.0,0.0,0.0,,,,,,,,35.9371,-86.85905,False,Crashes_2010_2019_MPO
102013830,2018-05-17,2018,,94.0,,,0,0,N,0.0,0.0,0.0,,,,,,,,35.96705,-86.81355,True,Crashes_2010_2019_MPO
100321950,2013-04-28,2013,,94.0,,,0,0,N,0.0,0.0,0.0,,,,,,,,35.92909,-86.85046,False,Crashes_2010_2019_MPO
101595692,2017-03-27,2017,,94.0,,,0,0,N,0.0,0.0,0.0,,,,,,,,35.94175,-86.82119,False,Crashes_2010_2019_MPO
100214143,2012-08-12,2012,,94.0,,,0,0,N,0.0,0.0,0.0,,,,,,,,36.0128,-86.7848,True,Crashes_2010_2019_MPO
102547746,2019-10-24,2019,,94.0,,,0,0,N,0.0,0.0,0.0,,,,,,,,36.00374,-86.80688,True,Crashes_2010_2019_MPO
102019121,2018-05-22,2018,,19.0,,,0,0,N,0.0,0.0,0.0,,,,,,,,36.03738,-86.78586,False,Crashes_2010_2019_MPO
101810926,2017-11-01,2017,,19.0,,,0,0,N,0.0,0.0,0.0,,,,,,,,36.04467,-86.71318,False,Crashes_2010_2019_MPO
100028569,2011-01-17,2011,,94.0,,,0,0,N,0.0,0.0,0.0,,,,,,,,35.9737,-86.8693,False,Crashes_2010_2019_MPO
102605092,2019-12-22,2019,,19.0,,,0,0,N,0.0,0.0,0.0,,,,,,,,36.05302,-86.677,False,Crashes_2010_2019_MPO
100378416,2013-09-12,2013,,94.0,,,0,0,N,0.0,0.0,0.0,,,,,,,,35.9506,-86.84869,False,Crashes_2010_2019_MPO
100609269,2014-08-22,2014,,94.0,,,0,0,N,0.0,0.0,0.0,,,,,,,,35.92955,-86.84264,False,Crashes_2010_2019_MPO
101424108,2016-10-25,2016,,94.0,,,0,0,N,0.0,0.0,0.0,,,,,,,,35.92669,-86.82704,False,Crashes_2010_2019_MPO
100925906,2015-08-19,2015,,19.0,,,0,0,N,0.0,0.0,0.0,,,,,,,,36.0378,-86.78473,False,Crashes_2010_2019_MPO
100378417,2013-09-12,2013,,94.0,,,0,0,N,0.0,0.0,0.0,,,,,,,,35.92954,-86.84187,False,Crashes_2010_2019_MPO
100184941,2012-05-26,2012,,94.0,,,0,0,N,0.0,0.0,0.0,,,,,,,,36.01302,-86.78112,True,Crashes_2010_2019_MPO
101238822,2016-06-04,2016,,94.0,,,0,0,N,0.0,0.0,0.0,,,,,,,,35.97217,-86.8607,False,Crashes_2010_2019_MPO
100388479,2013-10-07,2013,,94.0,,,0,0,N,0.0,0.0,0.0,,,,,,,,35.93756,-86.80996,False,Crashes_2010_2019_MPO
101393897,2016-10-01,2016,,19.0,,,0,0,N,0.0,0.0,0.0,,,,,,,,36.03505,-86.71848,False,Crashes_2010_2019_MPO
101581365,2017-03-12,2017,,94.0,,,0,0,N,0.0,0.0,0.0,,,,,,,,35.96136,-86.81234,False,Crashes_2010_2019_MPO
102197731,2018-11-02,2018,,94.0,,,0,0,N,0.0,0.0,0.0,,,,,,,,35.96584,-86.805659,True,Crashes_2010_2019_MPO
100734683,2015-02-09,2015,,94.0,,,0,0,N,0.0,0.0,0.0,,,,,,,,35.97916,-86.77098,True,Crashes_2010_2019_MPO
102192845,2018-10-28,2018,,19.0,,,0,0,N,0.0,0.0,0.0,,,,,,,,36.04167,-86.72195,False,Crashes_2010_2019_MPO
101419151,2016-10-20,2016,,94.0,,,0,0,N,0.0,0.0,0.0,,,,,,,,35.95242,-86.81777,False,Crashes_2010_2019_MPO
101353803,2016-08-31,2016,,19.0,,,0,0,N,0.0,0.0,0.0,,,,,,,,36.0441,-86.72096,False,Crashes_2010_2019_MPO
101433625,2016-11-07,2016,,94.0,,,0,0,N,0.0,0.0,0.0,,,,,,,,35.95162,-86.8182,False,Crashes_2010_2019_MPO
101346974,2016-08-26,2016,,94.0,,,0,0,N,0.0,0.0,0.0,,,,,,,,35.96078,-86.81305,False,Crashes_2010_2019_MPO
100186761,2012-05-31,2012,,94.0,,,0,0,N,0.0,0.0,0.0,,,,,,,,35.99644,-86.788,True,Crashes_2010_2019_MPO
100359693,2013-07-28,2013,,94.0,,,0,0,N,0.0,0.0,0.0,,,,,,,,35.94338,-86.85448,False,Crashes_2010_2019_MPO
101859859,2017-12-15,2017,,94.0,,,0,0,N,0.0,0.0,0.0,,,,,,,,35.9956,-86.77889,True,Crashes_2010_2019_MPO
102240290,2018-12-08,2018,,94.0,,,0,0,N,0.0,0.0,0.0,,,,,,,,35.998264,-86.79595,True,Crashes_2010_2019_MPO
100969110,2015-09-28,2015,,19.0,,,0,0,N,0.0,0.0,0.0,,,,,,,,36.03256,-86.7687,False,Crashes_2010_2019_MPO
102363746,2019-04-17,2019,,94.0,,,0,0,N,0.0,0.0,0.0,,,,,,,,35.94421,-86.81976,False,Crashes_2010_2019_MPO
101564418,2017-02-24,2017,,94.0,,,0,0,N,0.0,0.0,0.0,,,,,,,,35.95231,-86.81242,False,Crashes_2010_2019_MPO
100806635,2015-04-12,2015,,19.0,,,0,0,N,0.0,0.0,0.0,,,,,,,,36.04543,-86.71836,False,Crashes_2010_2019_MPO
101888683,2018-01-16,2018,,94.0,,,0,0,N,0.0,0.0,0.0,,,,,,,,36.01034,-86.72407,False,Crashes_2010_2019_MPO
102044406,2018-06-15,2018,,19.0,,,0,0,N,0.0,0.0,0.0,,,,,,,,36.03889,-86.78259,False,Crashes_2010_2019_MPO
101796483,2017-10-18,2017,,19.0,,,0,0,N,0.0,0.0,0.0,,,,,,,,36.05379,-86.77595,False,Crashes_2010_2019_MPO
101475679,2016-12-13,2016,,94.0,,,0,0,N,0.0,0.0,0.0,,,,,,,,35.96173,-86.80183,True,Crashes_2010_2019_MPO
102381734,2019-05-06,2019,,19.0,,,0,0,N,0.0,0.0,0.0,,,,,,,,36.0374,-86.78657,False,Crashes_2010_2019_MPO
101500936,2017-01-10,2017,,19.0,,,0,0,N,0.0,0.0,0.0,,,,,,,,36.0243,-86.74239,False,Crashes_2010_2019_MPO
101282655,2016-07-08,2016,,94.0,,,0,0,N,0.0,0.0,0.0,,,,,,,,35.96232,-86.81512,False,Crashes_2010_2019_MPO
101757946,2017-09-11,2017,,19.0,,,0,0,N,0.0,0.0,0.0,,,,,,,,36.04118,-86.82111,False,Crashes_2010_2019_MPO
100976939,2015-10-10,2015,,94.0,,,0,0,N,0.0,0.0,0.0,,,,,,,,35.92254,-86.87194,False,Crashes_2010_2019_MPO
101166496,2016-04-18,2016,,19.0,,,0,0,N,0.0,0.0,0.0,,,,,,,,36.0409,-86.77938,False,Crashes_2010_2019_MPO
101579999,2017-03-11,2017,,19.0,,,0,0,N,0.0,0.0,0.0,,,,,,,,36.0448,-86.72487,False,Crashes_2010_2019_MPO
101457604,2016-11-23,2016,,94.0,,,0,0,N,0.0,0.0,0.0,,,,,,,,35.95944,-86.80651,False,Crashes_2010_2019_MPO
102150886,2018-09-19,2018,,94.0,,,0,0,N,0.0,0.0,0.0,,,,,,,,35.9468,-86.82247,False,Crashes_2010_2019_MPO
101196081,2016-05-16,2016,,94.0,,,0,0,N,0.0,0.0,0.0,,,,,,,,35.94774,-86.81927,False,Crashes_2010_2019_MPO
100879812,2015-07-02,2015,,94.0,,,0,0,N,0.0,0.0,0.0,,,,,,,,36.01395,-86.71936,False,Crashes_2010_2019_MPO
102355004,2019-04-09,2019,,94.0,,,0,0,N,0.0,0.0,0.0,,,,,,,,35.99848,-86.80456,True,Crashes_2010_2019_MPO
100638749,2014-10-05,2014,,94.0,,,0,0,N,0.0,0.0,0.0,,,,,,,,35.93561,-86.82388,False,Crashes_2010_2019_MPO
102418955,2019-06-14,2019,,19.0,,,0,0,N,0.0,0.0,0.0,,,,,,,,36.0409,-86.77938,False,Crashes_2010_2019_MPO
102123574,2018-08-27,2018,,19.0,,,0,0,N,0.0,0.0,0.0,,,,,,,,36.0548,-86.69459,False,Crashes_2010_2019_MPO
102563640,2019-11-09,2019,,94.0,,,0,0,N,0.0,0.0,0.0,,,,,,,,35.94674,-86.82206,False,Crashes_2010_2019_MPO
101436266,2016-11-10,2016,,94.0,,,0,0,N,0.0,0.0,0.0,,,,,,,,35.95776,-86.8026,False,Crashes_2010_2019_MPO
101315772,2016-07-29,2016,,19.0,,,0,0,Y,0.0,0.0,1.0,,,,,,,,36.03204,-86.71272,False,Crashes_2010_2019_MPO
101359674,2016-09-12,2016,,94.0,,,0,0,N,0.0,0.0,0.0,,,,,,,,36.033265,-86.788677,True,Crashes_2010_2019_MPO
102344224,2019-03-29,2019,,94.0,,,0,0,N,0.0,0.0,0.0,,,,,,,,35.966718,-86.809099,True,Crashes_2010_2019_MPO
101387489,2016-09-23,2016,,19.0,,,0,0,N,0.0,0.0,0.0,,,,,,,,36.03821,-86.8009,False,Crashes_2010_2019_MPO
102051971,2018-06-23,2018,,19.0,,,0,0,N,0.0,0.0,0.0,,,,,,,,36.0409,-86.77938,False,Crashes_2010_2019_MPO
100642988,2014-10-13,2014,,19.0,,,0,0,N,0.0,0.0,0.0,,,,,,,,36.04075,-86.74587,False,Crashes_2010_2019_MPO
100659812,2014-10-26,2014,,19.0,,,0,0,N,0.0,0.0,0.0,,,,,,,,36.04247,-86.71301,False,Crashes_2010_2019_MPO
101196482,2016-05-17,2016,,94.0,,,0,0,N,0.0,0.0,0.0,,,,,,,,35.97061,-86.72598,True,Crashes_2010_2019_MPO
101130430,2016-03-09,2016,,94.0,,,0,0,N,0.0,0.0,0.0,,,,,,,,36.01679,-86.78632,True,Crashes_2010_2019_MPO
101611898,2017-04-12,2017,,19.0,,,0,0,N,0.0,0.0,0.0,,,,,,,,36.03814,-86.78401,False,Crashes_2010_2019_MPO
102215910,2018-11-18,2018,,94.0,,,0,0,N,0.0,0.0,0.0,,,,,,,,35.94366,-86.84514,False,Crashes_2010_2019_MPO
100971878,2015-10-02,2015,,94.0,,,0,0,N,0.0,0.0,0.0,,,,,,,,35.92609,-86.87139,False,Crashes_2010_2019_MPO
101571390,2017-03-03,2017,,19.0,,,0,0,N,0.0,0.0,0.0,,,,,,,,36.04028,-86.76837,False,Crashes_2010_2019_MPO
102340586,2019-03-18,2019,,94.0,,,0,0,N,0.0,0.0,0.0,,,,,,,,35.99156,-86.79881,True,Crashes_2010_2019_MPO
102547095,2019-10-24,2019,,94.0,,,0,0,N,0.0,0.0,0.0,,,,,,,,35.96721,-86.8135,True,Crashes_2010_2019_MPO
102579138,2019-11-25,2019,,94.0,,,0,0,N,0.0,0.0,0.0,,,,,,,,36.03551,-86.78748,True,Crashes_2010_2019_MPO
102024707,2018-05-27,2018,,94.0,,,0,0,N,0.0,0.0,0.0,,,,,,,,35.94203,-86.85555,False,Crashes_2010_2019_MPO
100794288,2015-03-14,2015,,94.0,,,0,0,N,0.0,0.0,0.0,,,,,,,,35.95218,-86.81828,False,Crashes_2010_2019_MPO
102534590,2019-09-30,2019,,94.0,,,0,0,N,0.0,0.0,0.0,,,,,,,,36.00417,-86.79083,True,Crashes_2010_2019_MPO
101748631,2017-09-01,2017,,94.0,,,0,0,N,0.0,0.0,0.0,,,,,,,,35.94675,-86.85178,False,Crashes_2010_2019_MPO
101002449,2015-11-03,2015,,19.0,,,0,0,N,0.0,0.0,0.0,,,,,,,,36.0374,-86.78657,False,Crashes_2010_2019_MPO
102418779,2019-06-09,2019,,94.0,,,0,0,N,0.0,0.0,0.0,,,,,,,,35.97776,-86.80359,True,Crashes_2010_2019_MPO
101993071,2018-04-28,2018,,94.0,,,0,0,N,0.0,0.0,0.0,,,,,,,,36.033223,-86.785385,True,Crashes_2010_2019_MPO
100977808,2015-10-12,2015,,94.0,,,0,0,N,0.0,0.0,0.0,,,,,,,,35.93186,-86.79403,False,Crashes_2010_2019_MPO
102291881,2019-01-30,2019,,94.0,,,0,0,N,0.0,0.0,0.0,,,,,,,,35.96518,-86.80029,True,Crashes_2010_2019_MPO
100709323,2014-12-18,2014,,94.0,,,0,0,N,0.0,0.0,0.0,,,,,,,,36.03619,-86.78709,True,Crashes_2010_2019_MPO
101677928,2017-06-19,2017,,19.0,,,0,0,N,0.0,0.0,0.0,,,,,,,,36.03256,-86.7687,False,Crashes_2010_2019_MPO
100696495,2014-11-25,2014,,19.0,,,0,0,N,0.0,0.0,0.0,,,,,,,,36.03957,-86.73806,False,Crashes_2010_2019_MPO
101093892,2016-01-25,2016,,94.0,,,0,0,N,0.0,0.0,0.0,,,,,,,,36.036126,-86.802325,True,Crashes_2010_2019_MPO
101478015,2016-12-15,2016,,19.0,,,0,0,N,0.0,0.0,0.0,,,,,,,,36.04626,-86.75263,False,Crashes_2010_2019_MPO
101557040,2017-02-17,2017,,94.0,,,0,0,N,0.0,0.0,0.0,,,,,,,,35.99734,-86.79486,True,Crashes_2010_2019_MPO
100609658,2014-08-23,2014,,94.0,,,0,0,N,0.0,0.0,0.0,,,,,,,,35.93499,-86.77616,False,Crashes_2010_2019_MPO
101043370,2015-12-05,2015,,94.0,,,0,0,N,0.0,0.0,0.0,,,,,,,,35.9648,-86.81432,False,Crashes_2010_2019_MPO
101603225,2017-04-04,2017,,94.0,,,0,0,N,0.0,0.0,0.0,,,,,,,,35.94675,-86.85178,False,Crashes_2010_2019_MPO
101831734,2017-11-16,2017,,94.0,,,0,0,N,0.0,0.0,0.0,,,,,,,,35.9579,-86.83173,False,Crashes_2010_2019_MPO
101984309,2018-04-20,2018,,94.0,,,0,0,N,0.0,0.0,0.0,,,,,,,,35.95012,-86.81889,False,Crashes_2010_2019_MPO
101129581,2016-03-03,2016,,19.0,,,0,0,N,0.0,0.0,0.0,,,,,,,,36.04612,-86.85736,False,Crashes_2010_2019_MPO
101504130,2017-01-13,2017,,19.0,,,0,0,N,0.0,0.0,0.0,,,,,,,,36.0514,-86.74324,False,Crashes_2010_2019_MPO
101827122,2017-11-16,2017,,94.0,,,0,0,N,0.0,0.0,0.0,,,,,,,,35.93374,-86.81767,False,Crashes_2010_2019_MPO
102389789,2019-05-15,2019,,19.0,,,0,0,N,0.0,0.0,0.0,,,,,,,,35.99571,-86.68761,False,Crashes_2010_2019_MPO
101483531,2016-12-21,2016,,94.0,,,0,0,N,0.0,0.0,0.0,,,,,,,,35.95689,-86.80329,False,Crashes_2010_2019_MPO
101693263,2017-07-05,2017,,19.0,,,0,0,N,0.0,0.0,0.0,,,,,,,,36.04256,-86.81609,False,Crashes_2010_2019_MPO
100914562,2015-07-30,2015,,94.0,,,0,0,N,0.0,0.0,0.0,,,,,,,,35.93422,-86.8186,False,Crashes_2010_2019_MPO
100617754,2014-09-11,2014,,94.0,,,0,0,N,0.0,0.0,0.0,,,,,,,,35.93546,-86.82377,False,Crashes_2010_2019_MPO
100947839,2015-09-08,2015,,94.0,,,0,1,N,0.0,1.0,0.0,,,,,,,,35.97595,-86.80649,True,Crashes_2010_2019_MPO
100587727,2014-07-26,2014,,94.0,,,0,0,N,0.0,0.0,0.0,,,,,,,,35.93985,-86.87951,False,Crashes_2010_2019_MPO
102563287,2019-11-09,2019,,19.0,,,0,0,N,0.0,0.0,0.0,,,,,,,,36.04526,-86.71475,False,Crashes_2010_2019_MPO
100433017,2014-01-20,2014,,94.0,,,0,0,N,0.0,0.0,0.0,,,,,,,,35.94789,-86.81951,False,Crashes_2010_2019_MPO
101909941,2018-02-08,2018,,94.0,,,0,0,N,0.0,0.0,0.0,,,,,,,,35.96488,-86.7931,True,Crashes_2010_2019_MPO
102528522,2019-10-03,2019,,19.0,,,0,0,N,0.0,0.0,0.0,,,,,,,,36.0451,-86.74396,False,Crashes_2010_2019_MPO
101682338,2017-06-24,2017,,94.0,,,0,0,N,0.0,0.0,0.0,,,,,,,,35.9476,-86.81992,False,Crashes_2010_2019_MPO
102271025,2019-01-08,2019,,19.0,,,0,0,N,0.0,0.0,0.0,,,,,,,,36.03767,-86.78651,False,Crashes_2010_2019_MPO
100682047,2014-11-17,2014,,19.0,,,0,0,N,0.0,0.0,0.0,,,,,,,,36.04549,-86.71233,False,Crashes_2010_2019_MPO
101984627,2018-04-17,2018,,94.0,,,0,0,N,0.0,0.0,0.0,,,,,,,,35.92363,-86.82237,False,Crashes_2010_2019_MPO
102128830,2018-08-31,2018,,94.0,,,0,0,N,0.0,0.0,0.0,,,,,,,,35.96711,-86.81385,True,Crashes_2010_2019_MPO
100796511,2015-03-23,2015,,94.0,,,0,0,N,0.0,0.0,0.0,,,,,,,,35.94735,-86.82062,False,Crashes_2010_2019_MPO
101387530,2016-09-23,2016,,19.0,,,0,0,N,0.0,0.0,0.0,,,,,,,,36.03747,-86.79098,False,Crashes_2010_2019_MPO
100288391,2013-02-05,2013,,94.0,,,0,0,N,0.0,0.0,0.0,,,,,,,,35.92547,-86.87275,False,Crashes_2010_2019_MPO
101715139,2017-07-29,2017,,94.0,,,0,0,N,0.0,0.0,0.0,,,,,,,,35.96731,-86.81476,True,Crashes_2010_2019_MPO
102305151,2019-02-13,2019,,19.0,,,0,0,N,0.0,0.0,0.0,,,,,,,,36.03545,-86.74351,False,Crashes_2010_2019_MPO
101430366,2016-11-03,2016,,19.0,,,0,0,N,0.0,0.0,0.0,,,,,,,,36.04594,-86.74388,False,Crashes_2010_2019_MPO
101864038,2017-12-19,2017,,94.0,,,0,0,N,0.0,0.0,0.0,,,,,,,,36.03506,-86.80576,True,Crashes_2010_2019_MPO
101484609,2016-12-22,2016,,19.0,,,0,0,N,0.0,0.0,0.0,,,,,,,,36.04899,-86.71628,False,Crashes_2010_2019_MPO
10581285,2010-02-19,2010,,19.0,,,0,0, ,0.0,0.0,0.0,,,,,,,,36.042579,-86.703118,False,Crashes_2010_2019_MPO
102342019,2019-03-26,2019,,19.0,,,0,0,N,0.0,0.0,0.0,,,,,,,,36.03748,-86.7912,False,Crashes_2010_2019_MPO
102444291,2019-07-11,2019,,94.0,,,0,0,N,0.0,0.0,0.0,,,,,,,,35.99068,-86.75064,True,Crashes_2010_2019_MPO
101439495,2016-11-14,2016,,94.0,,,0,0,N,0.0,0.0,0.0,,,,,,,,35.95004,-86.81794,False,Crashes_2010_2019_MPO
102315041,2019-02-25,2019,,19.0,,,0,0,N,0.0,0.0,0.0,,,,,,,,36.0409,-86.77938,False,Crashes_2010_2019_MPO
101579162,2017-03-10,2017,,19.0,,,0,0,N,0.0,0.0,0.0,,,,,,,,36.04532,-86.71753,False,Crashes_2010_2019_MPO
100658359,2014-10-23,2014,,94.0,,,0,0,N,0.0,0.0,0.0,,,,,,,,35.99718,-86.81031,True,Crashes_2010_2019_MPO
101096913,2016-01-30,2016,,94.0,,,0,0,N,0.0,0.0,0.0,,,,,,,,35.9522,-86.81867,False,Crashes_2010_2019_MPO
101454939,2016-11-19,2016,,94.0,,,0,0,N,0.0,0.0,0.0,,,,,,,,35.93073,-86.86379,False,Crashes_2010_2019_MPO
100827864,2015-05-03,2015,,94.0,,,0,0,N,0.0,0.0,0.0,,,,,,,,35.93561,-86.82388,False,Crashes_2010_2019_MPO
102145644,2018-09-15,2018,,19.0,,,0,0,N,0.0,0.0,0.0,,,,,,,,36.03743,-86.78635,False,Crashes_2010_2019_MPO
102436478,2019-07-03,2019,,19.0,,,0,1,N,0.0,1.0,0.0,,,,,,,,36.04317,-86.74413,False,Crashes_2010_2019_MPO
100616894,2014-09-09,2014,,94.0,,,0,0,N,0.0,0.0,0.0,,,,,,,,35.97231,-86.86638,False,Crashes_2010_2019_MPO
100698945,2014-11-30,2014,,94.0,,,0,0,N,0.0,0.0,0.0,,,,,,,,35.93206,-86.80172,False,Crashes_2010_2019_MPO
101480433,2016-12-17,2016,,94.0,,,0,0,N,0.0,0.0,0.0,,,,,,,,35.97684,-86.80391,True,Crashes_2010_2019_MPO
100269931,2012-12-21,2012,,94.0,,,0,0,N,0.0,0.0,0.0,,,,,,,,35.9498,-86.81328,False,Crashes_2010_2019_MPO
100701981,2014-12-05,2014,,94.0,,,0,0,N,0.0,0.0,0.0,,,,,,,,35.94782,-86.81897,False,Crashes_2010_2019_MPO
102442597,2019-07-09,2019,,94.0,,,0,0,N,0.0,0.0,0.0,,,,,,,,35.96705,-86.81355,True,Crashes_2010_2019_MPO
101842325,2017-11-27,2017,,94.0,,,0,0,N,0.0,0.0,0.0,,,,,,,,35.94756,-86.81401,False,Crashes_2010_2019_MPO
101394589,2016-10-02,2016,,19.0,,,0,0,N,0.0,0.0,0.0,,,,,,,,36.04526,-86.71704,False,Crashes_2010_2019_MPO
100461301,2014-03-07,2014,,94.0,,,0,0,N,0.0,0.0,0.0,,,,,,,,35.99702,-86.79293,True,Crashes_2010_2019_MPO
100976320,2015-10-09,2015,,19.0,,,0,0,N,0.0,0.0,0.0,,,,,,,,36.04519,-86.71543,False,Crashes_2010_2019_MPO
101885098,2018-01-12,2018,,19.0,,,0,1,N,0.0,1.0,0.0,,,,,,,,36.02873,-86.67844,False,Crashes_2010_2019_MPO
101432617,2016-11-05,2016,,94.0,,,0,0,N,0.0,0.0,0.0,,,,,,,,35.92947,-86.87556,False,Crashes_2010_2019_MPO
100595091,2014-08-13,2014,,94.0,,,0,0,N,0.0,0.0,0.0,,,,,,,,35.95903,-86.82437,False,Crashes_2010_2019_MPO
101666466,2017-06-07,2017,,94.0,,,0,0,N,0.0,0.0,0.0,,,,,,,,35.93722,-86.87879,False,Crashes_2010_2019_MPO
100264991,2012-12-10,2012,,94.0,,,0,0,N,0.0,0.0,0.0,,,,,,,,35.9258,-86.82456,False,Crashes_2010_2019_MPO
101544719,2017-02-04,2017,,94.0,,,0,0,N,0.0,0.0,0.0,,,,,,,,35.99607,-86.78472,True,Crashes_2010_2019_MPO
100945069,2015-09-04,2015,,94.0,,,0,0,N,0.0,0.0,0.0,,,,,,,,35.96602,-86.80375,True,Crashes_2010_2019_MPO
100264422,2012-12-10,2012,,94.0,,,0,0,N,0.0,0.0,0.0,,,,,,,,35.99246,-86.81277,True,Crashes_2010_2019_MPO
101553606,2017-02-13,2017,,19.0,,,0,0,N,0.0,0.0,0.0,,,,,,,,36.04476,-86.7811,False,Crashes_2010_2019_MPO
101452414,2016-11-17,2016,,94.0,,,0,0,N,0.0,0.0,0.0,,,,,,,,36.00417,-86.79083,True,Crashes_2010_2019_MPO
100732062,2015-02-04,2015,,19.0,,,0,0,N,0.0,0.0,0.0,,,,,,,,36.03896,-86.70448,False,Crashes_2010_2019_MPO
101855334,2017-12-11,2017,,19.0,,,0,0,N,0.0,0.0,0.0,,,,,,,,36.0473,-86.86274,False,Crashes_2010_2019_MPO
10394310,2012-06-03,2012,,19.0,,,0,0, ,0.0,0.0,0.0,,,,,,,,36.05373,-86.690811,False,Crashes_2010_2019_MPO
101269692,2016-06-17,2016,,94.0,,,0,0,N,0.0,0.0,0.0,,,,,,,,35.997571,-86.794924,True,Crashes_2010_2019_MPO
101104617,2016-02-11,2016,,94.0,,,0,0,N,0.0,0.0,0.0,,,,,,,,35.95051,-86.8085,False,Crashes_2010_2019_MPO
100700965,2014-12-04,2014,,94.0,,,0,0,N,0.0,0.0,0.0,,,,,,,,35.93402,-86.85147,False,Crashes_2010_2019_MPO
102208733,2018-11-12,2018,,19.0,,,0,0,N,0.0,0.0,0.0,,,,,,,,36.04636,-86.6772,False,Crashes_2010_2019_MPO
101352999,2016-09-03,2016,,94.0,,,0,0,N,0.0,0.0,0.0,,,,,,,,36.035776,-86.787364,True,Crashes_2010_2019_MPO
100169764,2012-04-15,2012,,94.0,,,0,0,N,0.0,0.0,0.0,,,,,,,,35.98668,-86.80074,True,Crashes_2010_2019_MPO
101737045,2017-08-21,2017,,94.0,,,0,0,N,0.0,0.0,0.0,,,,,,,,35.9951,-86.77444,True,Crashes_2010_2019_MPO
101570299,2017-03-02,2017,,94.0,,,0,0,N,0.0,0.0,0.0,,,,,,,,35.93374,-86.81767,False,Crashes_2010_2019_MPO
102451501,2019-07-19,2019,,19.0,,,0,0,N,0.0,0.0,0.0,,,,,,,,36.04582,-86.70643,False,Crashes_2010_2019_MPO
101104616,2016-02-12,2016,,94.0,,,0,0,N,0.0,0.0,0.0,,,,,,,,35.95735,-86.81658,False,Crashes_2010_2019_MPO
102331828,2019-03-15,2019,,19.0,,,0,0,N,0.0,0.0,0.0,,,,,,,,36.04542,-86.71835,False,Crashes_2010_2019_MPO
101740506,2017-08-24,2017,,94.0,,,0,0,N,0.0,0.0,0.0,,,,,,,,36.02431,-86.78348,True,Crashes_2010_2019_MPO
102452047,2019-07-19,2019,,94.0,,,0,0,N,0.0,0.0,0.0,,,,,,,,35.9464,-86.80962,False,Crashes_2010_2019_MPO
100654589,2014-10-16,2014,,94.0,,,0,0,N,0.0,0.0,0.0,,,,,,,,36.03309,-86.78285,True,Crashes_2010_2019_MPO
102013221,2018-05-17,2018,,94.0,,,0,0,N,0.0,0.0,0.0,,,,,,,,35.99583,-86.78225,True,Crashes_2010_2019_MPO
100246816,2012-11-02,2012,,94.0,,,0,0,N,0.0,0.0,0.0,,,,,,,,35.96674,-86.80906,True,Crashes_2010_2019_MPO
100341405,2013-06-11,2013,,94.0,,,0,0,N,0.0,0.0,0.0,,,,,,,,35.94763,-86.85114,False,Crashes_2010_2019_MPO
102598506,2019-12-15,2019,,94.0,,,0,0,N,0.0,0.0,0.0,,,,,,,,35.97054,-86.80632,True,Crashes_2010_2019_MPO
102003534,2018-05-08,2018,,94.0,,,0,0,N,0.0,0.0,0.0,,,,,,,,35.92593,-86.81666,False,Crashes_2010_2019_MPO
102394746,2019-05-20,2019,,94.0,,,0,0,N,0.0,0.0,0.0,,,,,,,,35.99567,-86.78055,True,Crashes_2010_2019_MPO
100913781,2015-07-28,2015,,19.0,,,0,0,N,0.0,0.0,0.0,,,,,,,,36.04591,-86.69089,False,Crashes_2010_2019_MPO
100505512,2014-05-07,2014,,94.0,,,0,0,N,0.0,0.0,0.0,,,,,,,,35.99709,-86.79333,True,Crashes_2010_2019_MPO
101803728,2017-10-20,2017,,19.0,,,0,0,N,0.0,0.0,0.0,,,,,,,,36.03336,-86.78872,True,Crashes_2010_2019_MPO
101848989,2017-12-05,2017,,19.0,,,0,0,N,0.0,0.0,0.0,,,,,,,,36.0371,-86.78664,False,Crashes_2010_2019_MPO
100967703,2015-09-26,2015,,19.0,,,0,0,N,0.0,0.0,0.0,,,,,,,,36.01238,-86.70361,False,Crashes_2010_2019_MPO
101602160,2017-04-03,2017,,19.0,,,0,0,N,0.0,0.0,0.0,,,,,,,,36.02173,-86.71069,False,Crashes_2010_2019_MPO
100425430,2013-12-29,2013,,94.0,,,0,0,N,0.0,0.0,0.0,,,,,,,,35.92495,-86.78107,False,Crashes_2010_2019_MPO
101163623,2016-04-13,2016,,19.0,,,0,0,N,0.0,0.0,0.0,,,,,,,,36.04494,-86.69636,False,Crashes_2010_2019_MPO
101936150,2018-02-24,2018,,94.0,,,1,1,N,1.0,1.0,0.0,,,,,,,,35.96938,-86.80673,True,Crashes_2010_2019_MPO
101095759,2016-01-29,2016,,19.0,,,0,0,N,0.0,0.0,0.0,,,,,,,,36.03157,-86.71265,False,Crashes_2010_2019_MPO