mstrrecnbr,collision_ts,year,county,countystat,crash,crash_type,fatalities,non_motorists,commercial,fatal_c,nonmotor_c,truck_c,fatalc,serious_injuries,ped,bike,lighting,weather,first_harmful_event,latitude,longitude,in_city,src_layer
100939091,2015-08-25,2015,,19.0,,,0,0,N,0.0,0.0,0.0,,,,,,,,36.03797,-86.78451,False,Crashes_2010_2019_MPO
100632055,2014-09-21,2014,,94.0,,,0,0,N,0.0,0.0,0.0,,,,,,,,35.95523,-86.82587,False,Crashes_2010_2019_MPO
100592783,2014-08-08,2014,,94.0,,,0,0,N,0.0,0.0,0.0,,,,,,,,36.01567,-86.82003,True,Crashes_2010_2019_MPO
101076504,2016-01-13,2016,,94.0,,,0,0,N,0.0,0.0,0.0,,,,,,,,36.01291,-86.80077,True,Crashes_2010_2019_MPO
100944483,2015-09-03,2015,,94.0,,,0,0,N,0.0,0.0,0.0,,,,,,,,36.01463,-86.74271,True,Crashes_2010_2019_MPO
101134639,2016-03-15,2016,,94.0,,,0,0,N,0.0,0.0,0.0,,,,,,,,35.94387,-86.82085,False,Crashes_2010_2019_MPO
100998059,2015-10-28,2015,,94.0,,,0,0,N,0.0,0.0,0.0,,,,,,,,35.96521,-86.72707,True,Crashes_2010_2019_MPO
101935791,2018-03-06,2018,,19.0,,,0,0,N,0.0,0.0,0.0,,,,,,,,36.04543,-86.70372,False,Crashes_2010_2019_MPO
101548439,2017-02-08,2017,,94.0,,,0,0,N,0.0,0.0,0.0,,,,,,,,35.95016,-86.81885,False,Crashes_2010_2019_MPO
100912947,2015-07-27,2015,,94.0,,,0,0,N,0.0,0.0,0.0,,,,,,,,35.94656,-86.81984,False,Crashes_2010_2019_MPO
100458871,2014-03-01,2014,,94.0,,,0,0,N,0.0,0.0,0.0,,,,,,,,35.99315,-86.69646,True,Crashes_2010_2019_MPO
100372927,2013-08-29,2013,,94.0,,,0,0,N,0.0,0.0,0.0,,,,,,,,36.01233,-86.82654,True,Crashes_2010_2019_MPO
100609836,2014-08-24,2014,,94.0,,,0,0,N,0.0,0.0,0.0,,,,,,,,35.99876,-86.80691,True,Crashes_2010_2019_MPO
100439843,2014-02-06,2014,,94.0,,,0,0,N,0.0,0.0,0.0,,,,,,,,35.96453,-86.81434,False,Crashes_2010_2019_MPO
100306936,2013-03-23,2013,,94.0,,,0,0,N,0.0,0.0,0.0,,,,,,,,35.96655,-86.81046,True,Crashes_2010_2019_MPO
102364872,2019-04-18,2019,,94.0,,,0,0,N,0.0,0.0,0.0,,,,,,,,35.94787,-86.81866,False,Crashes_2010_2019_MPO
100732588,2015-02-04,2015,,94.0,,,0,0,N,0.0,0.0,0.0,,,,,,,,35.93738,-86.87838,False,Crashes_2010_2019_MPO
102484297,2019-08-21,2019,,94.0,,,0,0,N,0.0,0.0,0.0,,,,,,,,35.95102,-86.80784,False,Crashes_2010_2019_MPO
102121162,2018-08-24,2018,,94.0,,,0,0,N,0.0,0.0,0.0,,,,,,,,35.95634,-86.84865,False,Crashes_2010_2019_MPO
101233286,2016-05-27,2016,,19.0,,,0,0,N,0.0,0.0,0.0,,,,,,,,36.04755,-86.86359,False,Crashes_2010_2019_MPO
101952073,2018-03-22,2018,,94.0,,,0,0,N,0.0,0.0,0.0,,,,,,,,36.01802,-86.77008,True,Crashes_2010_2019_MPO
100854281,2015-06-02,2015,,94.0,,,0,0,N,0.0,0.0,0.0,,,,,,,,35.95254,-86.81233,False,Crashes_2010_2019_MPO
101167435,2016-04-19,2016,,94.0,,,0,0,N,0.0,0.0,0.0,,,,,,,,35.9407,-86.83934,False,Crashes_2010_2019_MPO
101830454,2017-11-18,2017,,19.0,,,0,0,N,0.0,0.0,0.0,,,,,,,,36.04114,-86.77621,False,Crashes_2010_2019_MPO
102270884,2019-01-07,2019,,94.0,,,0,0,N,0.0,0.0,0.0,,,,,,,,35.99772,-86.798,True,Crashes_2010_2019_MPO
101905291,2018-02-03,2018,,19.0,,,0,0,N,0.0,0.0,0.0,,,,,,,,36.04537,-86.71326,False,Crashes_2010_2019_MPO
101235351,2016-05-30,2016,,19.0,,,0,0,N,0.0,0.0,0.0,,,,,,,,36.0394,-86.7192,False,Crashes_2010_2019_MPO
102190836,2018-10-26,2018,,94.0,,,0,0,N,0.0,0.0,0.0,,,,,,,,35.9957,-86.7977,True,Crashes_2010_2019_MPO
101974804,2018-04-12,2018,,19.0,,,0,0,N,0.0,0.0,0.0,,,,,,,,36.04214,-86.78205,False,Crashes_2010_2019_MPO
100828698,2015-05-05,2015,,19.0,,,0,0,N,0.0,0.0,0.0,,,,,,,,36.03348,-86.71295,False,Crashes_2010_2019_MPO
100833045,2015-05-12,2015,,94.0,,,0,0,N,0.0,0.0,0.0,,,,,,,,35.95825,-86.80168,False,Crashes_2010_2019_MPO
101745243,2017-08-29,2017,,94.0,,,0,0,N,0.0,0.0,0.0,,,,,,,,36.03407,-86.79461,True,Crashes_2010_2019_MPO
101718567,2017-08-02,2017,,19.0,,,0,0,N,0.0,0.0,0.0,,,,,,,,36.05312,-86.71486,False,Crashes_2010_2019_MPO
101617383,2017-04-12,2017,,94.0,,,0,0,N,0.0,0.0,0.0,,,,,,,,35.93217,-86.80357,False,Crashes_2010_2019_MPO
101126770,2016-02-26,2016,,19.0,,,0,0,N,0.0,0.0,0.0,,,,,,,,36.0417,-86.74862,False,Crashes_2010_2019_MPO
101498904,2017-01-07,2017,,94.0,,,0,0,N,0.0,0.0,0.0,,,,,,,,35.96539,-86.81145,False,Crashes_2010_2019_MPO
100827740,2015-05-01,2015,,19.0,,,0,0,N,0.0,0.0,0.0,,,,,,,,36.04536,-86.71372,False,Crashes_2010_2019_MPO
100233271,2012-10-01,2012,,94.0,,,0,0,N,0.0,0.0,0.0,,,,,,,,36.0335,-86.77903,True,Crashes_2010_2019_MPO
101403677,2016-10-14,2016,,94.0,,,0,0,N,0.0,0.0,0.0,,,,,,,,35.99314,-86.8289,True,Crashes_2010_2019_MPO
102036544,2018-06-08,2018,,94.0,,,0,0,N,0.0,0.0,0.0,,,,,,,,35.99922,-86.80923,True,Crashes_2010_2019_MPO
101657988,2017-05-28,2017,,19.0,,,0,0,N,0.0,0.0,0.0,,,,,,,,36.02529,-86.71277,False,Crashes_2010_2019_MPO
102576074,2019-11-22,2019,,94.0,,,0,0,N,0.0,0.0,0.0,,,,,,,,35.93446,-86.81986,False,Crashes_2010_2019_MPO
100345010,2013-06-21,2013,,94.0,,,0,0,N,0.0,0.0,0.0,,,,,,,,35.9451,-86.84754,False,Crashes_2010_2019_MPO
101863355,2017-12-19,2017,,19.0,,,0,0,N,0.0,0.0,0.0,,,,,,,,36.04089,-86.74369,False,Crashes_2010_2019_MPO
101607227,2017-04-07,2017,,19.0,,,0,0,N,0.0,0.0,0.0,,,,,,,,36.04612,-86.71335,False,Crashes_2010_2019_MPO
100979046,2015-10-14,2015,,94.0,,,0,0,N,0.0,0.0,0.0,,,,,,,,35.94805,-86.86358,False,Crashes_2010_2019_MPO
102468680,2019-08-05,2019,,19.0,,,0,0,N,0.0,0.0,0.0,,,,,,,,36.04533,-86.70221,False,Crashes_2010_2019_MPO
100432378,2014-01-18,2014,,94.0,,,0,0,N,0.0,0.0,0.0,,,,,,,,35.99697,-86.79694,True,Crashes_2010_2019_MPO
102309646,2019-02-16,2019,,94.0,,,0,0,N,0.0,0.0,0.0,,,,,,,,35.9273,-86.7399,False,Crashes_2010_2019_MPO
101423243,2016-10-26,2016,,19.0,,,0,0,N,0.0,0.0,0.0,,,,,,,,36.0409,-86.77938,False,Crashes_2010_2019_MPO
101283706,2016-07-11,2016,,94.0,,,0,0,N,0.0,0.0,0.0,,,,,,,,35.92609,-86.87139,False,Crashes_2010_2019_MPO
100024896,2010-12-25,2010,,94.0,,,0,0,N,0.0,0.0,0.0,,,,,,,,35.972194,-86.862579,False,Crashes_2010_2019_MPO
102539049,2019-10-16,2019,,94.0,,,0,0,N,0.0,0.0,0.0,,,,,,,,35.93191,-86.794,False,Crashes_2010_2019_MPO
102438073,2019-07-05,2019,,19.0,,,0,0,N,0.0,0.0,0.0,,,,,,,,36.0258,-86.78528,True,Crashes_2010_2019_MPO
100267625,2012-12-17,2012,,94.0,,,0,0,N,0.0,0.0,0.0,,,,,,,,35.96499,-86.72749,True,Crashes_2010_2019_MPO
101167644,2016-04-20,2016,,19.0,,,0,0,N,0.0,0.0,0.0,,,,,,,,36.04245,-86.71294,False,Crashes_2010_2019_MPO
100824567,2015-04-27,2015,,19.0,,,0,0,N,0.0,0.0,0.0,,,,,,,,36.03786,-86.78473,False,Crashes_2010_2019_MPO
100499394,2014-04-22,2014,,94.0,,,0,0,N,0.0,0.0,0.0,,,,,,,,35.94951,-86.8193,False,Crashes_2010_2019_MPO
102539589,2019-10-16,2019,,19.0,,,0,0,N,0.0,0.0,0.0,,,,,,,,36.03157,-86.78347,True,Crashes_2010_2019_MPO
101107024,2016-02-16,2016,,19.0,,,0,0,N,0.0,0.0,0.0,,,,,,,,36.04127,-86.77752,False,Crashes_2010_2019_MPO
101397391,2016-10-06,2016,,19.0,,,0,0,N,0.0,0.0,0.0,,,,,,,,36.03753,-86.78552,False,Crashes_2010_2019_MPO
100922176,2015-08-13,2015,,19.0,,,0,0,N,0.0,0.0,0.0,,,,,,,,36.02846,-86.74408,False,Crashes_2010_2019_MPO
101433408,2016-11-03,2016,,94.0,,,0,0,N,0.0,0.0,0.0,,,,,,,,36.01689,-86.78609,True,Crashes_2010_2019_MPO
102271657,2019-01-09,2019,,94.0,,,0,0,N,0.0,0.0,0.0,,,,,,,,35.94114,-86.83623,False,Crashes_2010_2019_MPO
102003668,2018-04-30,2018,,94.0,,,0,0,N,0.0,0.0,0.0,,,,,,,,35.96702,-86.81333,True,Crashes_2010_2019_MPO
101035050,2015-11-23,2015,,94.0,,,0,0,N,0.0,0.0,0.0,,,,,,,,35.9522,-86.81874,False,Crashes_2010_2019_MPO
101244172,2016-06-11,2016,,94.0,,,0,0,N,0.0,0.0,0.0,,,,,,,,35.99719,-86.7939,True,Crashes_2010_2019_MPO
101331235,2016-08-18,2016,,94.0,,,0,0,N,0.0,0.0,0.0,,,,,,,,35.94683,-86.85172,False,Crashes_2010_2019_MPO
101772840,2017-09-26,2017,,19.0,,,0,0,N,0.0,0.0,0.0,,,,,,,,35.99103,-86.68335,False,Crashes_2010_2019_MPO
100832843,2015-05-12,2015,,19.0,,,0,0,N,0.0,0.0,0.0,,,,,,,,36.0399,-86.74123,False,Crashes_2010_2019_MPO
101160841,2016-04-09,2016,,94.0,,,0,0,N,0.0,0.0,0.0,,,,,,,,35.9688,-86.71233,True,Crashes_2010_2019_MPO
101696973,2017-07-09,2017,,19.0,,,0,0,Y,0.0,0.0,1.0,,,,,,,,36.0252,-86.68018,False,Crashes_2010_2019_MPO
101351703,2016-09-02,2016,,19.0,,,0,0,N,0.0,0.0,0.0,,,,,,,,36.04653,-86.68335,False,Crashes_2010_2019_MPO
101882144,2018-01-09,2018,,19.0,,,0,0,N,0.0,0.0,0.0,,,,,,,,36.03258,-86.76901,False,Crashes_2010_2019_MPO
100315814,2013-04-13,2013,,94.0,,,0,0,N,0.0,0.0,0.0,,,,,,,,35.94762,-86.81972,False,Crashes_2010_2019_MPO
101095542,2016-01-28,2016,,19.0,,,0,0,N,0.0,0.0,0.0,,,,,,,,36.04011,-86.76676,False,Crashes_2010_2019_MPO
100825315,2015-04-28,2015,,19.0,,,0,0,N,0.0,0.0,0.0,,,,,,,,36.0454,-86.71336,False,Crashes_2010_2019_MPO
101720853,2017-08-04,2017,,19.0,,,0,0,N,0.0,0.0,0.0,,,,,,,,36.04479,-86.72487,False,Crashes_2010_2019_MPO
101867253,2017-12-22,2017,,19.0,,,0,1,N,0.0,1.0,0.0,,,,,,,,36.04015,-86.74367,False,Crashes_2010_2019_MPO
102570374,2019-11-16,2019,,19.0,,,0,0,N,0.0,0.0,0.0,,,,,,,,36.04549,-86.71194,False,Crashes_2010_2019_MPO
101281029,2016-07-07,2016,,94.0,,,0,0,N,0.0,0.0,0.0,,,,,,,,36.02175,-86.74267,False,Crashes_2010_2019_MPO
101646204,2017-05-16,2017,,19.0,,,0,0,N,0.0,0.0,0.0,,,,,,,,36.03747,-86.79098,False,Crashes_2010_2019_MPO
100373714,2013-08-31,2013,,94.0,,,0,0,N,0.0,0.0,0.0,,,,,,,,35.94951,-86.81931,False,Crashes_2010_2019_MPO
101671309,2017-06-12,2017,,94.0,,,0,0,N,0.0,0.0,0.0,,,,,,,,35.99184,-86.81311,True,Crashes_2010_2019_MPO
101536425,2017-01-27,2017,,94.0,,,0,0,N,0.0,0.0,0.0,,,,,,,,35.9325,-86.86247,False,Crashes_2010_2019_MPO
101500805,2017-01-09,2017,,94.0,,,0,0,N,0.0,0.0,0.0,,,,,,,,36.03767,-86.81673,True,Crashes_2010_2019_MPO
101772316,2017-09-26,2017,,94.0,,,0,0,N,0.0,0.0,0.0,,,,,,,,35.92824,-86.82078,False,Crashes_2010_2019_MPO
101349622,2016-08-30,2016,,94.0,,,0,0,N,0.0,0.0,0.0,,,,,,,,35.9583,-86.8023,False,Crashes_2010_2019_MPO
101585896,2017-03-17,2017,,94.0,,,0,0,N,0.0,0.0,0.0,,,,,,,,35.95564,-86.81532,False,Crashes_2010_2019_MPO
102379649,2019-05-04,2019,,19.0,,,0,0,Y,0.0,0.0,1.0,,,,,,,,36.04905,-86.77535,False,Crashes_2010_2019_MPO
101393797,2016-10-01,2016,,19.0,,,0,0,N,0.0,0.0,0.0,,,,,,,,36.05486,-86.7351,False,Crashes_2010_2019_MPO
102591243,2019-12-07,2019,,94.0,,,0,0,N,0.0,0.0,0.0,,,,,,,,35.9667,-86.81121,True,Crashes_2010_2019_MPO
101186020,2016-05-02,2016,,94.0,,,0,0,N,0.0,0.0,0.0,,,,,,,,35.96595,-86.80586,True,Crashes_2010_2019_MPO
102316071,2019-02-26,2019,,94.0,,,0,0,N,0.0,0.0,0.0,,,,,,,,36.04238,-86.86699,True,Crashes_2010_2019_MPO
102319581,2019-03-02,2019,,19.0,,,0,0,N,0.0,0.0,0.0,,,,,,,,36.02051,-86.68089,False,Crashes_2010_2019_MPO
100414532,2013-12-04,2013,,94.0,,,0,0,N,0.0,0.0,0.0,,,,,,,,36.0205,-86.78268,True,Crashes_2010_2019_MPO
101798409,2017-10-20,2017,,19.0,,,0,0,N,0.0,0.0,0.0,,,,,,,,36.04341,-86.78137,False,Crashes_2010_2019_MPO
100422786,2013-12-22,2013,,94.0,,,0,0,N,0.0,0.0,0.0,,,,,,,,35.96672,-86.8113,True,Crashes_2010_2019_MPO
102568837,2019-10-12,2019,,19.0,,,0,0,N,0.0,0.0,0.0,,,,,,,,36.04117,-86.7757,False,Crashes_2010_2019_MPO
102096046,2018-08-02,2018,,19.0,,,0,0,N,0.0,0.0,0.0,,,,,,,,36.04559,-86.71963,False,Crashes_2010_2019_MPO
101431794,2016-11-05,2016,,94.0,,,0,0,N,0.0,0.0,0.0,,,,,,,,35.99355,-86.75919,True,Crashes_2010_2019_MPO
102177166,2018-10-13,2018,,19.0,,,0,0,N,0.0,0.0,0.0,,,,,,,,36.01942,-86.70393,False,Crashes_2010_2019_MPO
100718244,2015-01-06,2015,,94.0,,,0,0,N,0.0,0.0,0.0,,,,,,,,35.97332,-86.80667,True,Crashes_2010_2019_MPO
101838912,2017-11-23,2017,,94.0,,,0,0,N,0.0,0.0,0.0,,,,,,,,35.95268,-86.81253,False,Crashes_2010_2019_MPO
100277825,2013-01-11,2013,,94.0,,,0,0,N,0.0,0.0,0.0,,,,,,,,35.95725,-86.84337,False,Crashes_2010_2019_MPO
100820661,2015-04-19,2015,,19.0,,,0,0,N,0.0,0.0,0.0,,,,,,,,36.04542,-86.71317,False,Crashes_2010_2019_MPO
100837316,2015-05-20,2015,,19.0,,,0,0,N,0.0,0.0,0.0,,,,,,,,35.99749,-86.69078,False,Crashes_2010_2019_MPO
102259557,2018-12-28,2018,,94.0,,,0,0,N,0.0,0.0,0.0,,,,,,,,35.9668,-86.81192,True,Crashes_2010_2019_MPO
101592604,2017-03-19,2017,,94.0,,,0,0,N,0.0,0.0,0.0,,,,,,,,35.95864,-86.80445,False,Crashes_2010_2019_MPO
100968921,2015-09-28,2015,,19.0,,,0,0,N,0.0,0.0,0.0,,,,,,,,36.04671,-86.77684,False,Crashes_2010_2019_MPO
100828728,2015-05-05,2015,,94.0,,,0,0,N,0.0,0.0,0.0,,,,,,,,35.93372,-86.81792,False,Crashes_2010_2019_MPO
101389613,2016-09-24,2016,,19.0,,,0,0,N,0.0,0.0,0.0,,,,,,,,36.03451,-86.69424,False,Crashes_2010_2019_MPO
100752132,2015-02-23,2015,,94.0,,,0,0,N,0.0,0.0,0.0,,,,,,,,35.94109,-86.83133,False,Crashes_2010_2019_MPO
101652792,2017-05-23,2017,,94.0,,,0,0,Y,0.0,0.0,1.0,,,,,,,,35.99761,-86.79709,True,Crashes_2010_2019_MPO
102247778,2018-12-15,2018,,94.0,,,0,0,N,0.0,0.0,0.0,,,,,,,,35.95639,-86.84406,False,Crashes_2010_2019_MPO
100249985,2012-11-08,2012,,94.0,,,0,0,N,0.0,0.0,0.0,,,,,,,,36.01625,-86.78591,True,Crashes_2010_2019_MPO
100883919,2015-07-09,2015,,94.0,,,0,0,N,0.0,0.0,0.0,,,,,,,,35.96653,-86.80997,True,Crashes_2010_2019_MPO
101469376,2016-12-06,2016,,94.0,,,0,0,N,0.0,0.0,0.0,,,,,,,,35.9331,-86.86202,False,Crashes_2010_2019_MPO
100851146,2015-05-27,2015,,94.0,,,0,0,N,0.0,0.0,0.0,,,,,,,,35.97102,-86.72644,True,Crashes_2010_2019_MPO
100706696,2014-12-14,2014,,94.0,,,0,0,N,0.0,0.0,0.0,,,,,,,,35.94833,-86.8197,False,Crashes_2010_2019_MPO
100737948,2015-02-16,2015,,94.0,,,0,0,N,0.0,0.0,0.0,,,,,,,,36.01008,-86.78551,True,Crashes_2010_2019_MPO
101764221,2017-09-18,2017,,19.0,,,0,0,N,0.0,0.0,0.0,,,,,,,,35.9938,-86.68591,False,Crashes_2010_2019_MPO
102220754,2018-11-23,2018,,19.0,,,0,0,N,0.0,0.0,0.0,,,,,,,,36.04526,-86.71704,False,Crashes_2010_2019_MPO
100385778,2013-10-01,2013,,94.0,,,0,0,N,0.0,0.0,0.0,,,,,,,,35.94708,-86.82187,False,Crashes_2010_2019_MPO
101842324,2017-11-27,2017,,94.0,,,0,0,N,0.0,0.0,0.0,,,,,,,,35.95813,-86.80261,False,Crashes_2010_2019_MPO
101435499,2016-11-09,2016,,19.0,,,0,0,N,0.0,0.0,0.0,,,,,,,,36.04072,-86.74365,False,Crashes_2010_2019_MPO
101602389,2017-04-03,2017,,19.0,,,0,0,N,0.0,0.0,0.0,,,,,,,,36.04524,-86.72514,False,Crashes_2010_2019_MPO
101097559,2016-01-30,2016,,19.0,,,0,0,N,0.0,0.0,0.0,,,,,,,,36.0473,-86.86274,False,Crashes_2010_2019_MPO
100222909,2012-09-04,2012,,94.0,,,0,1,N,0.0,1.0,0.0,,,,,,,,35.96703,-86.76831,True,Crashes_2010_2019_MPO
101396902,2016-10-05,2016,,94.0,,,0,0,N,0.0,0.0,0.0,,,,,,,,36.00618,-86.78876,True,Crashes_2010_2019_MPO
100225636,2012-09-11,2012,,94.0,,,0,0,N,0.0,0.0,0.0,,,,,,,,35.96849,-86.81911,True,Crashes_2010_2019_MPO
101362292,2016-09-16,2016,,19.0,,,0,0,N,0.0,0.0,0.0,,,,,,,,36.04003,-86.76596,False,Crashes_2010_2019_MPO
100497442,2014-04-17,2014,,94.0,,,0,0,N,0.0,0.0,0.0,,,,,,,,35.92547,-86.87275,False,Crashes_2010_2019_MPO
100304417,2013-03-17,2013,,94.0,,,0,0,N,0.0,0.0,0.0,,,,,,,,35.96449,-86.79985,True,Crashes_2010_2019_MPO
102009703,2018-05-13,2018,,94.0,,,0,0,N,0.0,0.0,0.0,,,,,,,,35.99538,-86.77754,True,Crashes_2010_2019_MPO
100569047,2014-07-03,2014,,94.0,,,0,0,N,0.0,0.0,0.0,,,,,,,,35.96665,-86.80941,True,Crashes_2010_2019_MPO
100297115,2013-02-25,2013,,94.0,,,0,0,N,0.0,0.0,0.0,,,,,,,,35.96674,-86.80907,True,Crashes_2010_2019_MPO
100772361,2015-03-15,2015,,19.0,,,0,0,N,0.0,0.0,0.0,,,,,,,,36.02139,-86.7114,False,Crashes_2010_2019_MPO
102544262,2019-10-21,2019,,19.0,,,0,0,N,0.0,0.0,0.0,,,,,,,,36.04026,-86.8164,False,Crashes_2010_2019_MPO
101050313,2015-12-14,2015,,94.0,,,0,0,N,0.0,0.0,0.0,,,,,,,,35.9584,-86.80226,False,Crashes_2010_2019_MPO
101319654,2016-08-03,2016,,94.0,,,0,0,N,0.0,0.0,0.0,,,,,,,,35.97103,-86.72644,True,Crashes_2010_2019_MPO
100328701,2013-05-14,2013,,94.0,,,0,0,N,0.0,0.0,0.0,,,,,,,,35.99315,-86.69646,True,Crashes_2010_2019_MPO
101888244,2018-01-16,2018,,94.0,,,0,0,N,0.0,0.0,0.0,,,,,,,,36.01559,-86.7406,False,Crashes_2010_2019_MPO
102342517,2019-03-27,2019,,19.0,,,0,0,N,0.0,0.0,0.0,,,,,,,,36.03061,-86.70216,False,Crashes_2010_2019_MPO
101796246,2017-10-18,2017,,94.0,,,0,0,N,0.0,0.0,0.0,,,,,,,,35.99758,-86.79683,True,Crashes_2010_2019_MPO
101183307,2016-04-28,2016,,94.0,,,0,0,N,0.0,0.0,0.0,,,,,,,,35.92681,-86.82444,False,Crashes_2010_2019_MPO
100313701,2013-04-09,2013,,94.0,,,0,0,Y,0.0,0.0,1.0,,,,,,,,35.99743,-86.79546,True,Crashes_2010_2019_MPO
102321089,2019-03-04,2019,,94.0,,,0,0,N,0.0,0.0,0.0,,,,,,,,35.99794,-86.79999,True,Crashes_2010_2019_MPO
102507320,2019-09-12,2019,,19.0,,,0,0,N,0.0,0.0,0.0,,,,,,,,36.01357,-86.71506,False,Crashes_2010_2019_MPO
100273750,2013-01-01,2013,,94.0,,,0,0,N,0.0,0.0,0.0,,,,,,,,35.9488,-86.81966,False,Crashes_2010_2019_MPO
102014820,2018-05-15,2018,,94.0,,,0,0,N,0.0,0.0,0.0,,,,,,,,35.9858,-86.67928,False,Crashes_2010_2019_MPO
101567369,2017-02-27,2017,,94.0,,,0,0,N,0.0,0.0,0.0,,,,,,,,36.00471,-86.80639,True,Crashes_2010_2019_MPO
102187028,2018-10-23,2018,,19.0,,,0,0,N,0.0,0.0,0.0,,,,,,,,36.04562,-86.70643,False,Crashes_2010_2019_MPO
10387488,2012-11-23,2012,,19.0,,,0,0, ,0.0,0.0,0.0,,,,,,,,36.048637,-86.715286,False,Crashes_2010_2019_MPO
101539397,2017-01-30,2017,,19.0,,,0,0,N,0.0,0.0,0.0,,,,,,,,36.04537,-86.71326,False,Crashes_2010_2019_MPO
102552110,2019-10-29,2019,,94.0,,,0,0,N,0.0,0.0,0.0,,,,,,,,35.93425,-86.81869,False,Crashes_2010_2019_MPO
101529363,2017-01-19,2017,,19.0,,,0,0,N,0.0,0.0,0.0,,,,,,,,36.04,-86.78087,False,Crashes_2010_2019_MPO
102333903,2019-03-15,2019,,94.0,,,0,0,N,0.0,0.0,0.0,,,,,,,,36.02876,-86.84692,True,Crashes_2010_2019_MPO
100373125,2013-08-29,2013,,94.0,,,0,0,N,0.0,0.0,0.0,,,,,,,,35.93098,-86.8636,False,Crashes_2010_2019_MPO
100872491,2015-06-17,2015,,94.0,,,0,0,N,0.0,0.0,0.0,,,,,,,,35.94394,-86.78505,False,Crashes_2010_2019_MPO
100203102,2012-07-16,2012,,94.0,,,0,0,N,0.0,0.0,0.0,,,,,,,,35.96672,-86.80909,True,Crashes_2010_2019_MPO
100510278,2014-05-17,2014,,94.0,,,0,0,N,0.0,0.0,0.0,,,,,,,,35.97463,-86.79128,True,Crashes_2010_2019_MPO
102016222,2018-05-18,2018,,94.0,,,0,0,N,0.0,0.0,0.0,,,,,,,,35.95109,-86.8078,False,Crashes_2010_2019_MPO
101466752,2016-12-03,2016,,19.0,,,0,0,N,0.0,0.0,0.0,,,,,,,,36.0454,-86.70319,False,Crashes_2010_2019_MPO
101484285,2016-12-22,2016,,94.0,,,0,0,N,0.0,0.0,0.0,,,,,,,,35.93551,-86.82339,False,Crashes_2010_2019_MPO
100726635,2015-01-23,2015,,19.0,,,0,0,N,0.0,0.0,0.0,,,,,,,,36.04554,-86.70499,False,Crashes_2010_2019_MPO
100916813,2015-08-03,2015,,19.0,,,0,0,N,0.0,0.0,0.0,,,,,,,,36.04149,-86.78247,False,Crashes_2010_2019_MPO
102381716,2019-05-06,2019,,94.0,,,0,0,N,0.0,0.0,0.0,,,,,,,,35.95813,-86.80211,False,Crashes_2010_2019_MPO
101125397,2016-03-01,2016,,94.0,,,0,0,N,0.0,0.0,0.0,,,,,,,,36.03476,-86.805634,True,Crashes_2010_2019_MPO
101006138,2015-11-09,2015,,94.0,,,0,0,N,0.0,0.0,0.0,,,,,,,,35.94928,-86.75291,True,Crashes_2010_2019_MPO
102243734,2018-12-11,2018,,94.0,,,0,0,N,0.0,0.0,0.0,,,,,,,,35.96391,-86.81026,False,Crashes_2010_2019_MPO
102449433,2019-07-16,2019,,19.0,,,0,0,N,0.0,0.0,0.0,,,,,,,,36.04347,-86.7197,False,Crashes_2010_2019_MPO
102208462,2018-11-12,2018,,94.0,,,0,0,N,0.0,0.0,0.0,,,,,,,,35.9583,-86.8023,False,Crashes_2010_2019_MPO
102052204,2018-06-23,2018,,19.0,,,0,0,N,0.0,0.0,0.0,,,,,,,,36.04522,-86.71655,False,Crashes_2010_2019_MPO
101047167,2015-12-11,2015,,19.0,,,0,0,N,0.0,0.0,0.0,,,,,,,,36.021656,-86.723317,False,Crashes_2010_2019_MPO
100358018,2013-07-23,2013,,94.0,,,0,0,N,0.0,0.0,0.0,,,,,,,,35.94632,-86.8236,False,Crashes_2010_2019_MPO
102472093,2019-08-08,2019,,19.0,,,0,0,N,0.0,0.0,0.0,,,,,,,,36.03974,-86.74345,False,Crashes_2010_2019_MPO
101901298,2018-01-30,2018,,94.0,,,0,0,N,0.0,0.0,0.0,,,,,,,,35.96567,-86.80109,True,Crashes_2010_2019_MPO
100735082,2015-02-07,2015,,19.0,,,0,0,N,0.0,0.0,0.0,,,,,,,,36.04084,-86.77935,False,Crashes_2010_2019_MPO
100588828,2014-07-28,2014,,94.0,,,0,0,N,0.0,0.0,0.0,,,,,,,,35.93017,-86.85142,False,Crashes_2010_2019_MPO
102044333,2018-06-15,2018,,94.0,,,0,0,N,0.0,0.0,0.0,,,,,,,,35.93812,-86.82194,False,Crashes_2010_2019_MPO
101901420,2018-01-30,2018,,94.0,,,0,0,N,0.0,0.0,0.0,,,,,,,,35.95198,-86.81788,False,Crashes_2010_2019_MPO
100822668,2015-04-23,2015,,94.0,,,0,0,N,0.0,0.0,0.0,,,,,,,,35.94814,-86.81693,False,Crashes_2010_2019_MPO
101045895,2015-12-09,2015,,94.0,,,0,0,N,0.0,0.0,0.0,,,,,,,,35.9583,-86.8023,False,Crashes_2010_2019_MPO
102530107,2019-10-04,2019,,94.0,,,0,0,N,0.0,0.0,0.0,,,,,,,,35.93194,-86.86133,False,Crashes_2010_2019_MPO
101481574,2016-12-17,2016,,94.0,,,0,0,N,0.0,0.0,0.0,,,,,,,,36.01282,-86.83296,True,Crashes_2010_2019_MPO
101892110,2018-01-20,2018,,19.0,,,0,0,N,0.0,0.0,0.0,,,,,,,,36.05218,-86.77533,False,Crashes_2010_2019_MPO
102468685,2019-08-05,2019,,94.0,,,0,0,N,0.0,0.0,0.0,,,,,,,,35.92598,-86.81637,False,Crashes_2010_2019_MPO
101542798,2017-02-02,2017,,94.0,,,0,0,N,0.0,0.0,0.0,,,,,,,,35.96721,-86.8139,True,Crashes_2010_2019_MPO
100549463,2014-06-10,2014,,94.0,,,0,0,N,0.0,0.0,0.0,,,,,,,,35.93126,-86.87663,False,Crashes_2010_2019_MPO
100681387,2014-11-16,2014,,19.0,,,0,0,N,0.0,0.0,0.0,,,,,,,,36.04105,-86.78253,False,Crashes_2010_2019_MPO