mstrrecnbr,collision_ts,year,county,countystat,crash,crash_type,fatalities,non_motorists,commercial,fatal_c,nonmotor_c,truck_c,fatalc,serious_injuries,ped,bike,lighting,weather,first_harmful_event,latitude,longitude,in_city,src_layer
102324978,2019-03-08,2019,,94.0,,,0,0,N,0.0,0.0,0.0,,,,,,,,35.99079,-86.75111,True,Crashes_2010_2019_MPO
101637837,2017-05-06,2017,,94.0,,,0,0,N,0.0,0.0,0.0,,,,,,,,35.9967,-86.81058,True,Crashes_2010_2019_MPO
100945478,2015-09-04,2015,,19.0,,,0,0,N,0.0,0.0,0.0,,,,,,,,36.03771,-86.78482,False,Crashes_2010_2019_MPO
102012745,2018-05-14,2018,,94.0,,,0,0,N,0.0,0.0,0.0,,,,,,,,35.94667,-86.85185,False,Crashes_2010_2019_MPO
100589021,2014-07-30,2014,,19.0,,,0,0,N,0.0,0.0,0.0,,,,,,,,36.02864,-86.85806,False,Crashes_2010_2019_MPO
102275206,2019-01-12,2019,,19.0,,,0,0,N,0.0,0.0,0.0,,,,,,,,36.05351,-86.71498,False,Crashes_2010_2019_MPO
100837404,2015-05-20,2015,,19.0,,,0,0,N,0.0,0.0,0.0,,,,,,,,36.04078,-86.75119,False,Crashes_2010_2019_MPO
101236812,2016-06-01,2016,,94.0,,,0,0,N,0.0,0.0,0.0,,,,,,,,35.97776,-86.80359,True,Crashes_2010_2019_MPO
101943428,2018-03-14,2018,,94.0,,,0,0,N,0.0,0.0,0.0,,,,,,,,35.99863,-86.80954,True,Crashes_2010_2019_MPO
100921273,2015-08-11,2015,,19.0,,,0,0,N,0.0,0.0,0.0,,,,,,,,36.03697,-86.78668,False,Crashes_2010_2019_MPO
100632382,2014-07-10,2014,,94.0,,,0,0,N,0.0,0.0,0.0,,,,,,,,35.96675,-86.81147,True,Crashes_2010_2019_MPO
101032727,2015-11-19,2015,,94.0,,,0,0,N,0.0,0.0,0.0,,,,,,,,35.96672,-86.81366,True,Crashes_2010_2019_MPO
101569545,2017-03-01,2017,,94.0,,,0,0,N,0.0,0.0,0.0,,,,,,,,36.01823,-86.77296,True,Crashes_2010_2019_MPO
102449003,2019-07-16,2019,,94.0,,,0,0,N,0.0,0.0,0.0,,,,,,,,35.95209,-86.81805,False,Crashes_2010_2019_MPO
102204776,2018-11-08,2018,,19.0,,,0,0,N,0.0,0.0,0.0,,,,,,,,36.03851,-86.78413,False,Crashes_2010_2019_MPO
100872768,2015-06-18,2015,,94.0,,,0,0,N,0.0,0.0,0.0,,,,,,,,36.01651,-86.78184,True,Crashes_2010_2019_MPO
101153008,2016-03-29,2016,,94.0,,,0,0,N,0.0,0.0,0.0,,,,,,,,36.01391,-86.78549,True,Crashes_2010_2019_MPO
101597371,2017-03-29,2017,,19.0,,,0,0,N,0.0,0.0,0.0,,,,,,,,36.03316,-86.77481,False,Crashes_2010_2019_MPO
101908818,2018-02-06,2018,,94.0,,,0,0,N,0.0,0.0,0.0,,,,,,,,35.94696,-86.85161,False,Crashes_2010_2019_MPO
101941056,2018-03-11,2018,,94.0,,,0,0,N,0.0,0.0,0.0,,,,,,,,35.96681,-86.81119,True,Crashes_2010_2019_MPO
102174246,2018-10-10,2018,,94.0,,,0,0,N,0.0,0.0,0.0,,,,,,,,36.0343,-86.79174,True,Crashes_2010_2019_MPO
100657544,2014-10-22,2014,,19.0,,,0,0,N,0.0,0.0,0.0,,,,,,,,36.0486,-86.86741,False,Crashes_2010_2019_MPO
101879019,2018-01-05,2018,,94.0,,,0,0,N,0.0,0.0,0.0,,,,,,,,36.0178,-86.74143,False,Crashes_2010_2019_MPO
102255186,2018-12-22,2018,,94.0,,,0,0,N,0.0,0.0,0.0,,,,,,,,35.99285,-86.69327,True,Crashes_2010_2019_MPO
102369833,2019-04-23,2019,,94.0,,,0,0,N,0.0,0.0,0.0,,,,,,,,36.03333,-86.78139,True,Crashes_2010_2019_MPO
102527281,2019-10-02,2019,,19.0,,,0,0,N,0.0,0.0,0.0,,,,,,,,36.03821,-86.8009,False,Crashes_2010_2019_MPO
100974512,2015-10-06,2015,,19.0,,,0,0,N,0.0,0.0,0.0,,,,,,,,36.04027,-86.74501,False,Crashes_2010_2019_MPO
102338844,2019-03-22,2019,,94.0,,,0,0,N,0.0,0.0,0.0,,,,,,,,35.99734,-86.79486,True,Crashes_2010_2019_MPO
101931025,2018-03-02,2018,,94.0,,,0,0,N,0.0,0.0,0.0,,,,,,,,35.94733,-86.81441,False,Crashes_2010_2019_MPO
101320856,2016-08-04,2016,,94.0,,,0,0,N,0.0,0.0,0.0,,,,,,,,35.99681,-86.79699,True,Crashes_2010_2019_MPO
101093194,2016-01-09,2016,,94.0,,,0,0,N,0.0,0.0,0.0,,,,,,,,35.967,-86.81247,True,Crashes_2010_2019_MPO
101584679,2017-03-16,2017,,94.0,,,0,0,N,0.0,0.0,0.0,,,,,,,,35.94629,-86.85215,False,Crashes_2010_2019_MPO
100500319,2014-04-24,2014,,94.0,,,0,0,N,0.0,0.0,0.0,,,,,,,,35.95785,-86.80256,False,Crashes_2010_2019_MPO
101096915,2016-01-30,2016,,94.0,,,0,0,N,0.0,0.0,0.0,,,,,,,,35.95947,-86.81598,False,Crashes_2010_2019_MPO
101721951,2017-08-04,2017,,94.0,,,0,0,N,0.0,0.0,0.0,,,,,,,,35.92999,-86.86435,False,Crashes_2010_2019_MPO
102357413,2019-04-08,2019,,94.0,,,0,0,N,0.0,0.0,0.0,,,,,,,,35.93354,-86.86169,False,Crashes_2010_2019_MPO
101181485,2016-04-23,2016,,94.0,,,0,0,N,0.0,0.0,0.0,,,,,,,,35.97216,-86.86365,False,Crashes_2010_2019_MPO
102523548,2019-09-28,2019,,19.0,,,0,0,N,0.0,0.0,0.0,,,,,,,,36.04543,-86.70362,False,Crashes_2010_2019_MPO
100462983,2014-03-06,2014,,94.0,,,0,0,N,0.0,0.0,0.0,,,,,,,,35.96508,-86.82234,True,Crashes_2010_2019_MPO
100356271,2013-07-19,2013,,94.0,,,0,0,N,0.0,0.0,0.0,,,,,,,,35.96505,-86.81607,True,Crashes_2010_2019_MPO
102233033,2018-12-02,2018,,94.0,,,0,0,N,0.0,0.0,0.0,,,,,,,,35.9667,-86.81121,True,Crashes_2010_2019_MPO
100800439,2015-03-31,2015,,94.0,,,0,0,N,0.0,0.0,0.0,,,,,,,,36.01365,-86.80477,True,Crashes_2010_2019_MPO
101287959,2016-07-18,2016,,94.0,,,0,0,N,0.0,0.0,0.0,,,,,,,,35.94631,-86.8236,False,Crashes_2010_2019_MPO
100849169,2015-05-23,2015,,94.0,,,0,0,N,0.0,0.0,0.0,,,,,,,,35.95128,-86.81028,False,Crashes_2010_2019_MPO
102000472,2018-05-03,2018,,94.0,,,0,0,N,0.0,0.0,0.0,,,,,,,,36.01286,-86.80081,True,Crashes_2010_2019_MPO
102139893,2018-09-09,2018,,94.0,,,0,0,N,0.0,0.0,0.0,,,,,,,,35.96798,-86.81833,True,Crashes_2010_2019_MPO
102198336,2018-11-02,2018,,94.0,,,0,0,N,0.0,0.0,0.0,,,,,,,,36.01737,-86.74128,False,Crashes_2010_2019_MPO
100797914,2015-03-25,2015,,94.0,,,0,0,N,0.0,0.0,0.0,,,,,,,,35.97422,-86.83222,True,Crashes_2010_2019_MPO
100370387,2013-08-23,2013,,94.0,,,0,0,N,0.0,0.0,0.0,,,,,,,,35.95223,-86.81917,False,Crashes_2010_2019_MPO
100721362,2015-01-13,2015,,19.0,,,0,0,N,0.0,0.0,0.0,,,,,,,,36.03942,-86.74345,False,Crashes_2010_2019_MPO
100383097,2013-09-24,2013,,94.0,,,0,0,N,0.0,0.0,0.0,,,,,,,,35.9339,-86.84919,False,Crashes_2010_2019_MPO
101496434,2017-01-05,2017,,19.0,,,0,0,N,0.0,0.0,0.0,,,,,,,,36.04543,-86.70361,False,Crashes_2010_2019_MPO
101781871,2017-10-05,2017,,19.0,,,0,0,N,0.0,0.0,0.0,,,,,,,,36.03201,-86.76335,False,Crashes_2010_2019_MPO
101677831,2017-06-19,2017,,94.0,,,0,0,N,0.0,0.0,0.0,,,,,,,,36.033215,-86.783141,True,Crashes_2010_2019_MPO
100939971,2015-08-26,2015,,94.0,,,0,0,N,0.0,0.0,0.0,,,,,,,,35.95078,-86.80672,False,Crashes_2010_2019_MPO
101242988,2016-06-10,2016,,94.0,,,0,0,N,0.0,0.0,0.0,,,,,,,,35.99734,-86.79486,True,Crashes_2010_2019_MPO
100461937,2014-03-08,2014,,94.0,,,0,0,N,0.0,0.0,0.0,,,,,,,,35.94603,-86.82371,False,Crashes_2010_2019_MPO
102307879,2019-02-16,2019,,94.0,,,0,0,N,0.0,0.0,0.0,,,,,,,,35.93215,-86.79441,False,Crashes_2010_2019_MPO
101077711,2016-01-15,2016,,19.0,,,0,0,N,0.0,0.0,0.0,,,,,,,,36.05156,-86.74159,False,Crashes_2010_2019_MPO
101042170,2015-12-03,2015,,94.0,,,0,0,N,0.0,0.0,0.0,,,,,,,,35.96594,-86.80508,True,Crashes_2010_2019_MPO
101390084,2016-09-26,2016,,94.0,,,0,0,N,0.0,0.0,0.0,,,,,,,,35.93483,-86.82186,False,Crashes_2010_2019_MPO
100969283,2015-09-29,2015,,94.0,,,0,0,N,0.0,0.0,0.0,,,,,,,,35.95041,-86.76511,True,Crashes_2010_2019_MPO
102330681,2019-03-14,2019,,19.0,,,0,0,N,0.0,0.0,0.0,,,,,,,,36.05252,-86.68458,False,Crashes_2010_2019_MPO
101727670,2017-08-11,2017,,19.0,,,0,0,N,0.0,0.0,0.0,,,,,,,,36.0374,-86.78657,False,Crashes_2010_2019_MPO
101330196,2016-08-18,2016,,19.0,,,0,0,N,0.0,0.0,0.0,,,,,,,,36.03727,-86.78841,False,Crashes_2010_2019_MPO
101939626,2018-03-10,2018,,94.0,,,0,0,N,0.0,0.0,0.0,,,,,,,,36.00413,-86.78998,True,Crashes_2010_2019_MPO
100855666,2015-06-04,2015,,94.0,,,0,0,N,0.0,0.0,0.0,,,,,,,,35.93,-86.85948,False,Crashes_2010_2019_MPO
100880855,2015-07-03,2015,,19.0,,,0,0,N,0.0,0.0,0.0,,,,,,,,36.0538,-86.73597,False,Crashes_2010_2019_MPO
100708604,2014-12-17,2014,,94.0,,,0,0,N,0.0,0.0,0.0,,,,,,,,35.94766,-86.81973,False,Crashes_2010_2019_MPO
101744981,2017-08-29,2017,,94.0,,,0,0,N,0.0,0.0,0.0,,,,,,,,36.02652,-86.79251,True,Crashes_2010_2019_MPO
102010474,2018-05-14,2018,,94.0,,,0,0,N,0.0,0.0,0.0,,,,,,,,36.03516,-86.8171,True,Crashes_2010_2019_MPO
101855764,2017-12-12,2017,,94.0,,,0,0,N,0.0,0.0,0.0,,,,,,,,35.92664,-86.82135,False,Crashes_2010_2019_MPO
102172813,2018-10-10,2018,,94.0,,,0,0,N,0.0,0.0,0.0,,,,,,,,35.99633,-86.79716,True,Crashes_2010_2019_MPO
100321343,2013-04-26,2013,,94.0,,,0,0,N,0.0,0.0,0.0,,,,,,,,35.94426,-86.82182,False,Crashes_2010_2019_MPO
100428632,2014-01-08,2014,,94.0,,,0,0,Y,0.0,0.0,1.0,,,,,,,,35.99735,-86.79484,True,Crashes_2010_2019_MPO
102347033,2019-04-01,2019,,94.0,,,0,0,N,0.0,0.0,0.0,,,,,,,,35.94748,-86.81109,False,Crashes_2010_2019_MPO
101230870,2016-05-23,2016,,94.0,,,0,0,N,0.0,0.0,0.0,,,,,,,,35.93215,-86.79441,False,Crashes_2010_2019_MPO
101236241,2016-05-31,2016,,94.0,,,0,0,N,0.0,0.0,0.0,,,,,,,,35.92387,-86.87864,False,Crashes_2010_2019_MPO
102448477,2019-07-15,2019,,19.0,,,0,0,N,0.0,0.0,0.0,,,,,,,,36.04065,-86.74453,False,Crashes_2010_2019_MPO
101963014,2018-03-31,2018,,19.0,,,0,0,N,0.0,0.0,0.0,,,,,,,,36.04057,-86.74251,False,Crashes_2010_2019_MPO
101328574,2016-08-15,2016,,94.0,,,0,0,N,0.0,0.0,0.0,,,,,,,,35.96879,-86.6784,False,Crashes_2010_2019_MPO
100662842,2014-11-01,2014,,19.0,,,0,0,N,0.0,0.0,0.0,,,,,,,,36.03912,-86.78221,False,Crashes_2010_2019_MPO
100794435,2015-03-19,2015,,94.0,,,0,0,N,0.0,0.0,0.0,,,,,,,,36.03563,-86.78741,True,Crashes_2010_2019_MPO
100850841,2015-05-22,2015,,94.0,,,0,0,N,0.0,0.0,0.0,,,,,,,,35.93913,-86.82164,False,Crashes_2010_2019_MPO
100938606,2015-08-24,2015,,94.0,,,0,0,N,0.0,0.0,0.0,,,,,,,,35.97108,-86.8059,True,Crashes_2010_2019_MPO
100294270,2013-02-18,2013,,94.0,,,0,0,N,0.0,0.0,0.0,,,,,,,,35.99766,-86.79752,True,Crashes_2010_2019_MPO
101756374,2017-09-09,2017,,19.0,,,0,0,N,0.0,0.0,0.0,,,,,,,,36.05009,-86.69526,False,Crashes_2010_2019_MPO
101547127,2017-02-05,2017,,94.0,,,0,0,N,0.0,0.0,0.0,,,,,,,,36.02247,-86.7948,True,Crashes_2010_2019_MPO
101419629,2016-10-21,2016,,19.0,,,0,0,N,0.0,0.0,0.0,,,,,,,,36.03934,-86.78566,False,Crashes_2010_2019_MPO
102517588,2019-09-23,2019,,94.0,,,0,0,N,0.0,0.0,0.0,,,,,,,,35.97334,-86.83305,True,Crashes_2010_2019_MPO
100998519,2015-10-28,2015,,94.0,,,0,0,N,0.0,0.0,0.0,,,,,,,,35.97758,-86.80389,True,Crashes_2010_2019_MPO
102022924,2018-05-25,2018,,94.0,,,0,0,N,0.0,0.0,0.0,,,,,,,,35.94753,-86.82007,False,Crashes_2010_2019_MPO
102438987,2019-07-05,2019,,19.0,,,0,0,N,0.0,0.0,0.0,,,,,,,,36.03746,-86.79091,False,Crashes_2010_2019_MPO
100330217,2013-05-15,2013,,94.0,,,0,0,N,0.0,0.0,0.0,,,,,,,,35.95119,-86.81758,False,Crashes_2010_2019_MPO
100978678,2015-10-13,2015,,94.0,,,0,0,N,0.0,0.0,0.0,,,,,,,,35.9667,-86.81117,True,Crashes_2010_2019_MPO
101685694,2017-06-28,2017,,19.0,,,0,0,N,0.0,0.0,0.0,,,,,,,,36.05097,-86.85967,False,Crashes_2010_2019_MPO
100824314,2015-04-26,2015,,94.0,,,0,0,N,0.0,0.0,0.0,,,,,,,,35.92738,-86.86871,False,Crashes_2010_2019_MPO
101797031,2017-10-19,2017,,19.0,,,0,0,N,0.0,0.0,0.0,,,,,,,,36.0309,-86.74885,False,Crashes_2010_2019_MPO
101324460,2016-08-10,2016,,94.0,,,0,0,N,0.0,0.0,0.0,,,,,,,,35.9583,-86.8023,False,Crashes_2010_2019_MPO
101121192,2016-02-23,2016,,19.0,,,0,0,N,0.0,0.0,0.0,,,,,,,,36.04761,-86.7136,False,Crashes_2010_2019_MPO
101927898,2018-02-26,2018,,94.0,,,0,0,N,0.0,0.0,0.0,,,,,,,,36.03313,-86.78885,True,Crashes_2010_2019_MPO
102039084,2018-06-09,2018,,94.0,,,0,0,N,0.0,0.0,0.0,,,,,,,,35.94751,-86.83606,False,Crashes_2010_2019_MPO
102579863,2019-11-26,2019,,19.0,,,0,0,N,0.0,0.0,0.0,,,,,,,,36.04514,-86.71323,False,Crashes_2010_2019_MPO
100829672,2015-05-06,2015,,94.0,,,0,0,N,0.0,0.0,0.0,,,,,,,,35.92403,-86.84185,False,Crashes_2010_2019_MPO
102260345,2018-12-29,2018,,94.0,,,0,0,N,0.0,0.0,0.0,,,,,,,,35.9263,-86.72828,False,Crashes_2010_2019_MPO
100703228,2014-12-07,2014,,94.0,,,0,0,N,0.0,0.0,0.0,,,,,,,,36.01362,-86.73828,False,Crashes_2010_2019_MPO
101717872,2017-07-28,2017,,94.0,,,0,0,N,0.0,0.0,0.0,,,,,,,,35.95846,-86.8017,False,Crashes_2010_2019_MPO
101420350,2016-10-21,2016,,94.0,,,0,0,N,0.0,0.0,0.0,,,,,,,,35.99759,-86.79683,True,Crashes_2010_2019_MPO
101407248,2016-10-19,2016,,94.0,,,0,0,N,0.0,0.0,0.0,,,,,,,,35.9583,-86.8023,False,Crashes_2010_2019_MPO
100807199,2015-04-13,2015,,94.0,,,0,0,Y,0.0,0.0,1.0,,,,,,,,35.99459,-86.76782,True,Crashes_2010_2019_MPO
100821256,2015-04-20,2015,,94.0,,,0,0,N,0.0,0.0,0.0,,,,,,,,35.92988,-86.82416,False,Crashes_2010_2019_MPO
101012077,2015-11-18,2015,,94.0,,,0,0,N,0.0,0.0,0.0,,,,,,,,35.99305,-86.70006,True,Crashes_2010_2019_MPO
101478669,2016-12-16,2016,,19.0,,,0,0,N,0.0,0.0,0.0,,,,,,,,36.04393,-86.6933,False,Crashes_2010_2019_MPO
102552002,2019-10-28,2019,,94.0,,,0,0,N,0.0,0.0,0.0,,,,,,,,36.03136,-86.83272,True,Crashes_2010_2019_MPO
101001490,2015-11-02,2015,,94.0,,,0,0,N,0.0,0.0,0.0,,,,,,,,35.98638,-86.69692,True,Crashes_2010_2019_MPO
101346136,2016-08-25,2016,,94.0,,,0,0,N,0.0,0.0,0.0,,,,,,,,35.94782,-86.81975,False,Crashes_2010_2019_MPO
101738718,2017-08-22,2017,,94.0,,,0,0,N,0.0,0.0,0.0,,,,,,,,35.98635,-86.73664,True,Crashes_2010_2019_MPO
101148211,2016-03-21,2016,,94.0,,,0,0,N,0.0,0.0,0.0,,,,,,,,35.95401,-86.81513,False,Crashes_2010_2019_MPO
102376784,2019-05-01,2019,,19.0,,,0,0,N,0.0,0.0,0.0,,,,,,,,36.04493,-86.77943,False,Crashes_2010_2019_MPO
101453688,2016-11-18,2016,,94.0,,,0,0,N,0.0,0.0,0.0,,,,,,,,35.94259,-86.82085,False,Crashes_2010_2019_MPO
100334827,2013-05-28,2013,,19.0,,,0,0,N,0.0,0.0,0.0,,,,,,,,36.03662,-86.78684,False,Crashes_2010_2019_MPO
101532759,2017-01-23,2017,,94.0,,,0,0,N,0.0,0.0,0.0,,,,,,,,35.95566,-86.81123,False,Crashes_2010_2019_MPO
102209097,2018-11-12,2018,,19.0,,,0,0,N,0.0,0.0,0.0,,,,,,,,36.04001,-86.74347,False,Crashes_2010_2019_MPO
102095388,2018-08-02,2018,,19.0,,,0,0,N,0.0,0.0,0.0,,,,,,,,36.0379,-86.78465,False,Crashes_2010_2019_MPO
101330907,2016-08-18,2016,,19.0,,,0,0,N,0.0,0.0,0.0,,,,,,,,36.04317,-86.78183,False,Crashes_2010_2019_MPO
900101171,2010-05-20,2010,,94.0,,,0,0, ,0.0,0.0,0.0,,,,,,,,35.958542,-86.712738,True,Crashes_2010_2019_MPO
100976237,2015-10-08,2015,,94.0,,,0,0,N,0.0,0.0,0.0,,,,,,,,35.98416,-86.72337,True,Crashes_2010_2019_MPO
100879407,2015-07-01,2015,,19.0,,,0,0,N,0.0,0.0,0.0,,,,,,,,36.0326,-86.76916,False,Crashes_2010_2019_MPO
101918798,2018-02-16,2018,,94.0,,,0,0,N,0.0,0.0,0.0,,,,,,,,36.00488,-86.77071,True,Crashes_2010_2019_MPO
100312328,2013-04-01,2013,,94.0,,,0,0,N,0.0,0.0,0.0,,,,,,,,35.95204,-86.81806,False,Crashes_2010_2019_MPO
101283045,2016-07-10,2016,,19.0,,,0,0,N,0.0,0.0,0.0,,,,,,,,36.0395,-86.78175,False,Crashes_2010_2019_MPO
100635539,2014-09-29,2014,,94.0,,,0,0,N,0.0,0.0,0.0,,,,,,,,35.95826,-86.80208,False,Crashes_2010_2019_MPO
100369506,2013-08-19,2013,,94.0,,,0,0,N,0.0,0.0,0.0,,,,,,,,35.92941,-86.82062,False,Crashes_2010_2019_MPO
102505120,2019-09-10,2019,,94.0,,,0,0,N,0.0,0.0,0.0,,,,,,,,35.92641,-86.82453,False,Crashes_2010_2019_MPO
100141466,2012-01-26,2012,,94.0,,,0,0,Y,0.0,0.0,1.0,,,,,,,,35.98382,-86.69819,True,Crashes_2010_2019_MPO
102269630,2019-01-07,2019,,94.0,,,0,0,N,0.0,0.0,0.0,,,,,,,,35.98111,-86.84624,False,Crashes_2010_2019_MPO
101798268,2017-10-20,2017,,94.0,,,0,0,N,0.0,0.0,0.0,,,,,,,,35.94651,-86.80941,False,Crashes_2010_2019_MPO
101182217,2016-04-22,2016,,94.0,,,0,0,N,0.0,0.0,0.0,,,,,,,,35.93578,-86.82357,False,Crashes_2010_2019_MPO
100716454,2015-01-02,2015,,19.0,,,0,0,N,0.0,0.0,0.0,,,,,,,,36.0253,-86.7154,False,Crashes_2010_2019_MPO
100221420,2012-08-31,2012,,94.0,,,0,0,N,0.0,0.0,0.0,,,,,,,,36.03563,-86.78741,True,Crashes_2010_2019_MPO
102447847,2019-07-15,2019,,19.0,,,0,0,N,0.0,0.0,0.0,,,,,,,,36.03993,-86.765,False,Crashes_2010_2019_MPO
100914153,2015-07-29,2015,,94.0,,,0,0,N,0.0,0.0,0.0,,,,,,,,35.97259,-86.80537,True,Crashes_2010_2019_MPO
102049618,2018-06-20,2018,,94.0,,,0,0,N,0.0,0.0,0.0,,,,,,,,35.94426,-86.80168,False,Crashes_2010_2019_MPO
100738728,2015-02-17,2015,,94.0,,,0,0,N,0.0,0.0,0.0,,,,,,,,35.93581,-86.81814,False,Crashes_2010_2019_MPO
100821016,2015-04-20,2015,,94.0,,,0,0,N,0.0,0.0,0.0,,,,,,,,35.95787,-86.80256,False,Crashes_2010_2019_MPO
101678709,2017-06-20,2017,,94.0,,,0,0,N,0.0,0.0,0.0,,,,,,,,36.01286,-86.80081,True,Crashes_2010_2019_MPO
100678874,2014-11-11,2014,,94.0,,,0,0,N,0.0,0.0,0.0,,,,,,,,36.01571,-86.8449,False,Crashes_2010_2019_MPO
100799766,2015-03-30,2015,,19.0,,,0,0,Y,0.0,0.0,1.0,,,,,,,,36.03325,-86.71291,False,Crashes_2010_2019_MPO
101332319,2016-08-20,2016,,94.0,,,0,0,N,0.0,0.0,0.0,,,,,,,,35.94765,-86.81971,False,Crashes_2010_2019_MPO
100752932,2015-02-25,2015,,19.0,,,0,0,N,0.0,0.0,0.0,,,,,,,,36.03741,-86.78585,False,Crashes_2010_2019_MPO
102221851,2018-11-21,2018,,94.0,,,0,0,N,0.0,0.0,0.0,,,,,,,,35.94043,-86.82126,False,Crashes_2010_2019_MPO
102304028,2019-02-12,2019,,94.0,,,0,0,N,0.0,0.0,0.0,,,,,,,,36.03652,-86.80101,True,Crashes_2010_2019_MPO
101233042,2016-05-26,2016,,94.0,,,0,0,N,0.0,0.0,0.0,,,,,,,,35.99618,-86.78577,True,Crashes_2010_2019_MPO
101558842,2017-02-18,2017,,94.0,,,0,0,N,0.0,0.0,0.0,,,,,,,,35.93522,-86.82378,False,Crashes_2010_2019_MPO
102502753,2019-09-07,2019,,19.0,,,0,0,N,0.0,0.0,0.0,,,,,,,,36.0488,-86.71367,False,Crashes_2010_2019_MPO
100213959,2012-08-06,2012,,94.0,,,0,0,N,0.0,0.0,0.0,,,,,,,,36.0334,-86.78348,True,Crashes_2010_2019_MPO
101939694,2018-03-10,2018,,19.0,,,0,0,N,0.0,0.0,0.0,,,,,,,,36.03934,-86.78254,False,Crashes_2010_2019_MPO
102049620,2018-06-21,2018,,94.0,,,0,0,N,0.0,0.0,0.0,,,,,,,,35.9505,-86.76617,True,Crashes_2010_2019_MPO
100879732,2015-07-02,2015,,94.0,,,0,0,N,0.0,0.0,0.0,,,,,,,,35.99746,-86.79516,True,Crashes_2010_2019_MPO
100806149,2015-04-11,2015,,94.0,,,0,1,N,0.0,1.0,0.0,,,,,,,,35.94476,-86.82852,False,Crashes_2010_2019_MPO
100318739,2013-04-20,2013,,94.0,,,0,0,N,0.0,0.0,0.0,,,,,,,,35.96288,-86.87661,False,Crashes_2010_2019_MPO
102412065,2019-06-06,2019,,94.0,,,0,0,N,0.0,0.0,0.0,,,,,,,,35.96705,-86.81355,True,Crashes_2010_2019_MPO
101357754,2016-09-09,2016,,94.0,,,0,0,N,0.0,0.0,0.0,,,,,,,,35.99625,-86.78638,True,Crashes_2010_2019_MPO
101609663,2017-04-10,2017,,94.0,,,0,0,N,0.0,0.0,0.0,,,,,,,,35.94351,-86.81547,False,Crashes_2010_2019_MPO
101274063,2016-06-27,2016,,94.0,,,0,0,N,0.0,0.0,0.0,,,,,,,,35.96716,-86.81351,True,Crashes_2010_2019_MPO
101008749,2015-11-13,2015,,94.0,,,0,0,N,0.0,0.0,0.0,,,,,,,,35.99009,-86.79932,True,Crashes_2010_2019_MPO
102275267,2019-01-10,2019,,94.0,,,0,0,N,0.0,0.0,0.0,,,,,,,,36.03373,-86.78851,True,Crashes_2010_2019_MPO
100971207,2015-09-24,2015,,94.0,,,0,0,N,0.0,0.0,0.0,,,,,,,,35.92351,-86.76702,False,Crashes_2010_2019_MPO
101195681,2016-05-10,2016,,94.0,,,0,0,N,0.0,0.0,0.0,,,,,,,,36.00413,-86.79087,True,Crashes_2010_2019_MPO
100721288,2015-01-13,2015,,94.0,,,0,0,Y,0.0,0.0,1.0,,,,,,,,35.99043,-86.7486,True,Crashes_2010_2019_MPO
100995844,2015-10-25,2015,,94.0,,,0,0,N,0.0,0.0,0.0,,,,,,,,35.97716,-86.67813,False,Crashes_2010_2019_MPO
102520678,2019-09-26,2019,,94.0,,,0,0,N,0.0,0.0,0.0,,,,,,,,36.03492,-86.80385,True,Crashes_2010_2019_MPO
101076815,2016-01-13,2016,,19.0,,,0,0,N,0.0,0.0,0.0,,,,,,,,36.03828,-86.80078,False,Crashes_2010_2019_MPO
102195432,2018-10-30,2018,,19.0,,,0,0,N,0.0,0.0,0.0,,,,,,,,36.03934,-86.78566,False,Crashes_2010_2019_MPO
101817164,2017-11-06,2017,,94.0,,,0,0,N,0.0,0.0,0.0,,,,,,,,35.99293,-86.6943,True,Crashes_2010_2019_MPO
100770909,2015-03-12,2015,,94.0,,,0,0,N,0.0,0.0,0.0,,,,,,,,36.01357,-86.80026,True,Crashes_2010_2019_MPO
101181221,2016-04-25,2016,,94.0,,,0,0,N,0.0,0.0,0.0,,,,,,,,35.94005,-86.83114,False,Crashes_2010_2019_MPO
100433155,2014-01-20,2014,,94.0,,,0,0,N,0.0,0.0,0.0,,,,,,,,35.9667,-86.81117,True,Crashes_2010_2019_MPO
100936760,2015-08-20,2015,,94.0,,,0,0,N,0.0,0.0,0.0,,,,,,,,35.94455,-86.82072,False,Crashes_2010_2019_MPO
101808673,2017-10-30,2017,,94.0,,,0,0,N,0.0,0.0,0.0,,,,,,,,35.98507,-86.72748,True,Crashes_2010_2019_MPO
102595700,2019-12-12,2019,,94.0,,,0,0,N,0.0,0.0,0.0,,,,,,,,35.9583,-86.8023,False,Crashes_2010_2019_MPO
100348867,2013-07-01,2013,,94.0,,,0,0,N,0.0,0.0,0.0,,,,,,,,35.96453,-86.81434,False,Crashes_2010_2019_MPO
102282713,2019-01-19,2019,,94.0,,,0,0,N,0.0,0.0,0.0,,,,,,,,35.96705,-86.81355,True,Crashes_2010_2019_MPO
100305716,2013-03-16,2013,,94.0,,,0,0,N,0.0,0.0,0.0,,,,,,,,35.95217,-86.8182,False,Crashes_2010_2019_MPO
101978261,2018-04-14,2018,,94.0,,,0,0,N,0.0,0.0,0.0,,,,,,,,35.96993,-86.72484,True,Crashes_2010_2019_MPO
102069657,2018-07-10,2018,,19.0,,,0,0,N,0.0,0.0,0.0,,,,,,,,36.0398,-86.78146,False,Crashes_2010_2019_MPO
100973807,2015-10-05,2015,,19.0,,,0,0,N,0.0,0.0,0.0,,,,,,,,36.04115,-86.77638,False,Crashes_2010_2019_MPO
102069298,2018-07-09,2018,,19.0,,,0,0,N,0.0,0.0,0.0,,,,,,,,36.04561,-86.71977,False,Crashes_2010_2019_MPO
102412574,2019-06-07,2019,,94.0,,,0,0,N,0.0,0.0,0.0,,,,,,,,35.9921,-86.79862,True,Crashes_2010_2019_MPO
102445723,2019-07-12,2019,,94.0,,,0,0,N,0.0,0.0,0.0,,,,,,,,35.94765,-86.81971,False,Crashes_2010_2019_MPO
101828412,2017-11-17,2017,,19.0,,,0,0,N,0.0,0.0,0.0,,,,,,,,36.04026,-86.8164,False,Crashes_2010_2019_MPO