mstrrecnbr,collision_ts,year,county,countystat,crash,crash_type,fatalities,non_motorists,commercial,fatal_c,nonmotor_c,truck_c,fatalc,serious_injuries,ped,bike,lighting,weather,first_harmful_event,latitude,longitude,in_city,src_layer
101273292,2016-06-26,2016,,19.0,,,0,0,N,0.0,0.0,0.0,,,,,,,,36.04543,-86.70361,False,Crashes_2010_2019_MPO
101995477,2018-05-01,2018,,94.0,,,0,0,N,0.0,0.0,0.0,,,,,,,,35.99516,-86.77882,True,Crashes_2010_2019_MPO
900080526,2010-01-29,2010,,94.0,,,0,0, ,0.0,0.0,0.0,,,,,,,,35.978413,-86.803284,True,Crashes_2010_2019_MPO
102338525,2019-03-22,2019,,94.0,,,0,0,N,0.0,0.0,0.0,,,,,,,,35.94651,-86.80866,False,Crashes_2010_2019_MPO
101941392,2018-03-12,2018,,19.0,,,0,0,N,0.0,0.0,0.0,,,,,,,,36.03352,-86.71298,False,Crashes_2010_2019_MPO
101834582,2017-11-22,2017,,94.0,,,0,0,N,0.0,0.0,0.0,,,,,,,,35.96671,-86.81052,True,Crashes_2010_2019_MPO
100971301,2015-10-02,2015,,19.0,,,0,0,N,0.0,0.0,0.0,,,,,,,,36.0402,-86.78263,False,Crashes_2010_2019_MPO
102395507,2019-05-21,2019,,19.0,,,0,0,N,0.0,0.0,0.0,,,,,,,,36.0372,-86.74348,False,Crashes_2010_2019_MPO
100325509,2013-05-04,2013,,94.0,,,0,0,N,0.0,0.0,0.0,,,,,,,,35.94709,-86.83266,False,Crashes_2010_2019_MPO
100641013,2014-10-10,2014,,19.0,,,0,0,N,0.0,0.0,0.0,,,,,,,,36.03822,-86.78405,False,Crashes_2010_2019_MPO
102012364,2018-05-16,2018,,19.0,,,0,0,N,0.0,0.0,0.0,,,,,,,,36.04108,-86.71265,False,Crashes_2010_2019_MPO
101949993,2018-03-20,2018,,94.0,,,0,0,N,0.0,0.0,0.0,,,,,,,,36.01581,-86.78604,True,Crashes_2010_2019_MPO
100701384,2014-12-02,2014,,94.0,,,0,0,N,0.0,0.0,0.0,,,,,,,,35.9921,-86.79862,True,Crashes_2010_2019_MPO
101070095,2016-01-01,2016,,19.0,,,0,0,N,0.0,0.0,0.0,,,,,,,,36.05472,-86.74158,False,Crashes_2010_2019_MPO
101239195,2016-06-04,2016,,94.0,,,0,0,N,0.0,0.0,0.0,,,,,,,,35.95209,-86.81805,False,Crashes_2010_2019_MPO
102272917,2019-01-10,2019,,94.0,,,0,0,N,0.0,0.0,0.0,,,,,,,,35.94916,-86.80734,False,Crashes_2010_2019_MPO
102547665,2019-10-24,2019,,94.0,,,0,0,Y,0.0,0.0,1.0,,,,,,,,35.92489,-86.76706,False,Crashes_2010_2019_MPO
100803659,2015-04-06,2015,,94.0,,,0,0,N,0.0,0.0,0.0,,,,,,,,35.97102,-86.72644,True,Crashes_2010_2019_MPO
100609054,2014-08-22,2014,,94.0,,,0,0,N,0.0,0.0,0.0,,,,,,,,35.9667,-86.80978,True,Crashes_2010_2019_MPO
100711310,2014-12-22,2014,,94.0,,,0,0,N,0.0,0.0,0.0,,,,,,,,35.93473,-86.8608,False,Crashes_2010_2019_MPO
102063351,2018-07-04,2018,,94.0,,,0,0,N,0.0,0.0,0.0,,,,,,,,35.97878,-86.75276,True,Crashes_2010_2019_MPO
102551744,2019-10-28,2019,,19.0,,,0,0,N,0.0,0.0,0.0,,,,,,,,36.02178,-86.68614,False,Crashes_2010_2019_MPO
100949274,2015-09-11,2015,,19.0,,,0,0,N,0.0,0.0,0.0,,,,,,,,36.04393,-86.6933,False,Crashes_2010_2019_MPO
100730880,2015-02-01,2015,,19.0,,,0,0,N,0.0,0.0,0.0,,,,,,,,36.04234,-86.78225,False,Crashes_2010_2019_MPO
101823588,2017-11-12,2017,,94.0,,,0,0,N,0.0,0.0,0.0,,,,,,,,36.00569,-86.74673,True,Crashes_2010_2019_MPO
101274653,2016-06-28,2016,,94.0,,,0,1,N,0.0,1.0,0.0,,,,,,,,36.03602,-86.79717,True,Crashes_2010_2019_MPO
101284430,2016-07-12,2016,,19.0,,,0,0,N,0.0,0.0,0.0,,,,,,,,36.04115,-86.77876,False,Crashes_2010_2019_MPO
100834242,2015-05-14,2015,,94.0,,,0,0,N,0.0,0.0,0.0,,,,,,,,35.92953,-86.71646,False,Crashes_2010_2019_MPO
101440918,2016-11-15,2016,,19.0,,,0,0,N,0.0,0.0,0.0,,,,,,,,36.04652,-86.81596,False,Crashes_2010_2019_MPO
101645182,2017-05-15,2017,,19.0,,,0,0,N,0.0,0.0,0.0,,,,,,,,36.04989,-86.71618,False,Crashes_2010_2019_MPO
101991854,2018-04-27,2018,,19.0,,,0,0,N,0.0,0.0,0.0,,,,,,,,36.04605,-86.69236,False,Crashes_2010_2019_MPO
101230585,2016-05-23,2016,,94.0,,,0,0,N,0.0,0.0,0.0,,,,,,,,35.93446,-86.81991,False,Crashes_2010_2019_MPO
100799341,2015-03-29,2015,,19.0,,,0,0,N,0.0,0.0,0.0,,,,,,,,36.0272,-86.72034,False,Crashes_2010_2019_MPO
100213958,2012-08-06,2012,,94.0,,,0,0,N,0.0,0.0,0.0,,,,,,,,35.95948,-86.81017,False,Crashes_2010_2019_MPO
102463651,2019-07-26,2019,,94.0,,,0,0,N,0.0,0.0,0.0,,,,,,,,35.95285,-86.81247,False,Crashes_2010_2019_MPO
101429596,2016-11-02,2016,,94.0,,,0,0,N,0.0,0.0,0.0,,,,,,,,36.03603,-86.80224,True,Crashes_2010_2019_MPO
100822274,2015-04-22,2015,,94.0,,,0,0,N,0.0,0.0,0.0,,,,,,,,35.94113,-86.83624,False,Crashes_2010_2019_MPO
102124641,2018-08-28,2018,,94.0,,,0,0,N,0.0,0.0,0.0,,,,,,,,36.01978,-86.74213,False,Crashes_2010_2019_MPO
101461223,2016-11-27,2016,,94.0,,,0,0,N,0.0,0.0,0.0,,,,,,,,35.9759,-86.67821,False,Crashes_2010_2019_MPO
102292950,2019-01-31,2019,,94.0,,,0,0,N,0.0,0.0,0.0,,,,,,,,35.94909,-86.86396,False,Crashes_2010_2019_MPO
102251292,2018-12-19,2018,,19.0,,,0,0,Y,0.0,0.0,1.0,,,,,,,,36.04166,-86.78243,False,Crashes_2010_2019_MPO
101396783,2016-10-05,2016,,94.0,,,0,0,N,0.0,0.0,0.0,,,,,,,,35.96716,-86.81351,True,Crashes_2010_2019_MPO
102362896,2019-04-16,2019,,19.0,,,0,0,N,0.0,0.0,0.0,,,,,,,,36.04028,-86.74504,False,Crashes_2010_2019_MPO
100926063,2015-08-19,2015,,94.0,,,0,0,N,0.0,0.0,0.0,,,,,,,,35.92619,-86.82152,False,Crashes_2010_2019_MPO
101711638,2017-07-25,2017,,94.0,,,0,0,N,0.0,0.0,0.0,,,,,,,,35.94481,-86.82539,False,Crashes_2010_2019_MPO
101833390,2017-11-21,2017,,94.0,,,0,0,N,0.0,0.0,0.0,,,,,,,,35.9584,-86.80226,False,Crashes_2010_2019_MPO
100219406,2012-08-25,2012,,94.0,,,0,0,N,0.0,0.0,0.0,,,,,,,,35.93674,-86.69411,False,Crashes_2010_2019_MPO
101162107,2016-04-10,2016,,94.0,,,0,0,N,0.0,0.0,0.0,,,,,,,,35.94683,-86.85172,False,Crashes_2010_2019_MPO
101938653,2018-03-09,2018,,94.0,,,0,0,N,0.0,0.0,0.0,,,,,,,,35.93298,-86.78238,False,Crashes_2010_2019_MPO
100591846,2014-08-05,2014,,94.0,,,0,0,N,0.0,0.0,0.0,,,,,,,,35.95085,-86.80667,False,Crashes_2010_2019_MPO
101159583,2016-04-07,2016,,19.0,,,0,0,N,0.0,0.0,0.0,,,,,,,,36.02351,-86.68824,False,Crashes_2010_2019_MPO
100978333,2015-10-13,2015,,19.0,,,0,0,N,0.0,0.0,0.0,,,,,,,,36.04653,-86.68335,False,Crashes_2010_2019_MPO
101795541,2017-10-18,2017,,94.0,,,0,0,N,0.0,0.0,0.0,,,,,,,,35.93439,-86.79459,False,Crashes_2010_2019_MPO
101475083,2016-12-12,2016,,19.0,,,0,0,N,0.0,0.0,0.0,,,,,,,,36.03741,-86.78655,False,Crashes_2010_2019_MPO
101931412,2018-03-02,2018,,19.0,,,0,0,N,0.0,0.0,0.0,,,,,,,,36.04255,-86.711,False,Crashes_2010_2019_MPO
101533945,2017-01-25,2017,,94.0,,,0,0,N,0.0,0.0,0.0,,,,,,,,35.93374,-86.81767,False,Crashes_2010_2019_MPO
101727201,2017-08-11,2017,,94.0,,,0,0,N,0.0,0.0,0.0,,,,,,,,36.03503,-86.80549,True,Crashes_2010_2019_MPO
100261574,2012-12-04,2012,,94.0,,,0,0,Y,0.0,0.0,1.0,,,,,,,,35.99443,-86.69271,True,Crashes_2010_2019_MPO
100827458,2015-05-02,2015,,94.0,,,0,0,N,0.0,0.0,0.0,,,,,,,,35.9523,-86.81779,False,Crashes_2010_2019_MPO
101191639,2016-05-10,2016,,94.0,,,0,0,N,0.0,0.0,0.0,,,,,,,,35.96531,-86.82142,True,Crashes_2010_2019_MPO
101743793,2017-08-27,2017,,19.0,,,0,0,N,0.0,0.0,0.0,,,,,,,,36.04231,-86.72652,False,Crashes_2010_2019_MPO
100768642,2015-03-07,2015,,94.0,,,0,0,N,0.0,0.0,0.0,,,,,,,,35.96754,-86.81004,True,Crashes_2010_2019_MPO
101333360,2016-08-22,2016,,19.0,,,0,0,N,0.0,0.0,0.0,,,,,,,,36.04702,-86.86161,False,Crashes_2010_2019_MPO
100457741,2014-02-26,2014,,94.0,,,0,0,N,0.0,0.0,0.0,,,,,,,,35.92547,-86.87275,False,Crashes_2010_2019_MPO
100566715,2014-06-28,2014,,94.0,,,0,1,Y,0.0,1.0,1.0,,,,,,,,35.96771,-86.81338,True,Crashes_2010_2019_MPO
100701974,2014-12-05,2014,,19.0,,,0,0,N,0.0,0.0,0.0,,,,,,,,36.04029,-86.76833,False,Crashes_2010_2019_MPO
101068675,2015-12-29,2015,,94.0,,,0,0,N,0.0,0.0,0.0,,,,,,,,35.92391,-86.87162,False,Crashes_2010_2019_MPO
101274625,2016-06-28,2016,,94.0,,,0,0,N,0.0,0.0,0.0,,,,,,,,35.96173,-86.80183,True,Crashes_2010_2019_MPO
100160192,2012-03-21,2012,,94.0,,,0,0,Y,0.0,0.0,1.0,,,,,,,,35.96278,-86.81804,True,Crashes_2010_2019_MPO
100388130,2013-10-06,2013,,94.0,,,0,0,N,0.0,0.0,0.0,,,,,,,,35.94653,-86.82315,False,Crashes_2010_2019_MPO
101674013,2017-06-15,2017,,94.0,,,0,0,N,0.0,0.0,0.0,,,,,,,,35.98788,-86.80008,True,Crashes_2010_2019_MPO
100302902,2013-03-13,2013,,94.0,,,0,0,N,0.0,0.0,0.0,,,,,,,,35.92968,-86.85189,False,Crashes_2010_2019_MPO
101399294,2016-10-07,2016,,94.0,,,0,0,N,0.0,0.0,0.0,,,,,,,,35.9696,-86.82557,False,Crashes_2010_2019_MPO
101240885,2016-06-07,2016,,94.0,,,0,0,N,0.0,0.0,0.0,,,,,,,,35.94688,-86.81178,False,Crashes_2010_2019_MPO
101388672,2016-09-24,2016,,94.0,,,0,0,N,0.0,0.0,0.0,,,,,,,,35.93579,-86.79226,False,Crashes_2010_2019_MPO
100925930,2015-08-18,2015,,94.0,,,0,0,N,0.0,0.0,0.0,,,,,,,,35.97334,-86.83305,True,Crashes_2010_2019_MPO
100885941,2015-07-13,2015,,94.0,,,0,0,N,0.0,0.0,0.0,,,,,,,,35.99475,-86.78908,True,Crashes_2010_2019_MPO
100484260,2014-04-09,2014,,94.0,,,0,0,N,0.0,0.0,0.0,,,,,,,,35.94454,-86.82738,False,Crashes_2010_2019_MPO
100821227,2015-04-20,2015,,19.0,,,0,0,N,0.0,0.0,0.0,,,,,,,,36.04794,-86.86503,False,Crashes_2010_2019_MPO
101954915,2018-03-24,2018,,19.0,,,0,0,N,0.0,0.0,0.0,,,,,,,,36.05376,-86.71505,False,Crashes_2010_2019_MPO
100708018,2014-12-16,2014,,19.0,,,0,0,N,0.0,0.0,0.0,,,,,,,,36.03256,-86.67671,False,Crashes_2010_2019_MPO
100396039,2013-10-25,2013,,94.0,,,0,0,N,0.0,0.0,0.0,,,,,,,,35.94638,-86.8087,False,Crashes_2010_2019_MPO
101639371,2017-05-09,2017,,94.0,,,0,0,N,0.0,0.0,0.0,,,,,,,,36.0332,-86.79955,True,Crashes_2010_2019_MPO
100348918,2013-07-01,2013,,94.0,,,0,0,N,0.0,0.0,0.0,,,,,,,,35.94673,-86.85172,False,Crashes_2010_2019_MPO
100177547,2012-05-07,2012,,94.0,,,0,0,Y,0.0,0.0,1.0,,,,,,,,36.03589,-86.78727,True,Crashes_2010_2019_MPO
102162607,2018-09-30,2018,,19.0,,,0,0,N,0.0,0.0,0.0,,,,,,,,36.04231,-86.72652,False,Crashes_2010_2019_MPO
100271204,2012-12-21,2012,,94.0,,,0,0,N,0.0,0.0,0.0,,,,,,,,35.95506,-86.81173,False,Crashes_2010_2019_MPO
101345343,2016-08-24,2016,,94.0,,,0,0,N,0.0,0.0,0.0,,,,,,,,35.93532,-86.86036,False,Crashes_2010_2019_MPO
10689894,2012-12-17,2012,,19.0,,,0,0, ,0.0,0.0,0.0,,,,,,,,36.012081,-86.689217,False,Crashes_2010_2019_MPO
102144216,2018-09-14,2018,,19.0,,,0,0,N,0.0,0.0,0.0,,,,,,,,36.04057,-86.74362,False,Crashes_2010_2019_MPO
101804207,2017-10-26,2017,,19.0,,,0,0,N,0.0,0.0,0.0,,,,,,,,36.04532,-86.7137,False,Crashes_2010_2019_MPO
101767450,2017-09-21,2017,,94.0,,,0,0,N,0.0,0.0,0.0,,,,,,,,35.96681,-86.81119,True,Crashes_2010_2019_MPO
101649070,2017-05-19,2017,,19.0,,,0,0,N,0.0,0.0,0.0,,,,,,,,36.04099,-86.77484,False,Crashes_2010_2019_MPO
101913862,2018-02-12,2018,,94.0,,,0,0,N,0.0,0.0,0.0,,,,,,,,36.02554,-86.78516,True,Crashes_2010_2019_MPO
101191504,2016-05-10,2016,,19.0,,,0,0,N,0.0,0.0,0.0,,,,,,,,36.04559,-86.71092,False,Crashes_2010_2019_MPO
101508372,2017-01-18,2017,,19.0,,,0,0,N,0.0,0.0,0.0,,,,,,,,36.0409,-86.77938,False,Crashes_2010_2019_MPO
101233632,2016-05-25,2016,,19.0,,,0,0,N,0.0,0.0,0.0,,,,,,,,36.03899,-86.78258,False,Crashes_2010_2019_MPO
101606440,2017-04-07,2017,,94.0,,,0,0,N,0.0,0.0,0.0,,,,,,,,35.99018,-86.74642,True,Crashes_2010_2019_MPO
100713260,2014-12-26,2014,,94.0,,,0,0,N,0.0,0.0,0.0,,,,,,,,35.95659,-86.81637,False,Crashes_2010_2019_MPO
102039768,2018-06-11,2018,,94.0,,,0,0,N,0.0,0.0,0.0,,,,,,,,35.97765,-86.77678,True,Crashes_2010_2019_MPO
100662251,2014-10-31,2014,,19.0,,,0,0,N,0.0,0.0,0.0,,,,,,,,36.03942,-86.78273,False,Crashes_2010_2019_MPO
101128820,2016-03-06,2016,,94.0,,,0,0,N,0.0,0.0,0.0,,,,,,,,35.97716,-86.67813,False,Crashes_2010_2019_MPO
100260472,2012-12-01,2012,,94.0,,,0,0,N,0.0,0.0,0.0,,,,,,,,35.97983,-86.82276,True,Crashes_2010_2019_MPO
101955631,2018-03-25,2018,,94.0,,,0,0,N,0.0,0.0,0.0,,,,,,,,35.95056,-86.81859,False,Crashes_2010_2019_MPO
101762998,2017-09-16,2017,,94.0,,,0,0,N,0.0,0.0,0.0,,,,,,,,36.00527,-86.74277,True,Crashes_2010_2019_MPO
101331022,2016-08-19,2016,,19.0,,,0,0,N,0.0,0.0,0.0,,,,,,,,36.01555,-86.70073,False,Crashes_2010_2019_MPO
100641529,2014-10-03,2014,,19.0,,,0,0,N,0.0,0.0,0.0,,,,,,,,36.04821,-86.73697,False,Crashes_2010_2019_MPO
101769174,2017-09-22,2017,,94.0,,,0,0,N,0.0,0.0,0.0,,,,,,,,35.97938,-86.74854,True,Crashes_2010_2019_MPO
101563946,2017-02-23,2017,,19.0,,,0,0,N,0.0,0.0,0.0,,,,,,,,36.04052,-86.78008,False,Crashes_2010_2019_MPO
101880952,2018-01-08,2018,,94.0,,,0,0,N,0.0,0.0,0.0,,,,,,,,35.92443,-86.79502,False,Crashes_2010_2019_MPO
101779327,2017-10-02,2017,,94.0,,,0,0,N,0.0,0.0,0.0,,,,,,,,35.96458,-86.8144,False,Crashes_2010_2019_MPO
100829836,2015-05-06,2015,,19.0,,,0,0,N,0.0,0.0,0.0,,,,,,,,36.03738,-86.791,False,Crashes_2010_2019_MPO
100239918,2012-10-18,2012,,94.0,,,0,0,N,0.0,0.0,0.0,,,,,,,,35.99794,-86.79999,True,Crashes_2010_2019_MPO
101758869,2017-09-12,2017,,94.0,,,0,0,N,0.0,0.0,0.0,,,,,,,,36.01978,-86.74213,False,Crashes_2010_2019_MPO
102468382,2019-08-05,2019,,94.0,,,0,0,N,0.0,0.0,0.0,,,,,,,,36.03467,-86.78332,True,Crashes_2010_2019_MPO
100966490,2015-09-24,2015,,19.0,,,0,0,N,0.0,0.0,0.0,,,,,,,,36.04109,-86.7758,False,Crashes_2010_2019_MPO
100851720,2015-05-28,2015,,94.0,,,0,0,N,0.0,0.0,0.0,,,,,,,,35.92882,-86.75474,False,Crashes_2010_2019_MPO
102279307,2019-01-15,2019,,94.0,,,0,0,N,0.0,0.0,0.0,,,,,,,,35.92888,-86.83745,False,Crashes_2010_2019_MPO
101720144,2017-08-04,2017,,19.0,,,0,0,N,0.0,0.0,0.0,,,,,,,,36.04,-86.78128,False,Crashes_2010_2019_MPO
101345353,2016-08-24,2016,,94.0,,,0,0,N,0.0,0.0,0.0,,,,,,,,35.97765,-86.77678,True,Crashes_2010_2019_MPO
102391051,2019-05-16,2019,,94.0,,,0,0,N,0.0,0.0,0.0,,,,,,,,36.01072,-86.84536,False,Crashes_2010_2019_MPO
101620523,2017-04-20,2017,,94.0,,,0,0,N,0.0,0.0,0.0,,,,,,,,35.92977,-86.82024,False,Crashes_2010_2019_MPO
102550107,2019-10-26,2019,,19.0,,,0,0,N,0.0,0.0,0.0,,,,,,,,36.04066,-86.69963,False,Crashes_2010_2019_MPO
101700248,2017-07-11,2017,,94.0,,,0,0,N,0.0,0.0,0.0,,,,,,,,35.96191,-86.82718,False,Crashes_2010_2019_MPO
102436529,2019-07-03,2019,,94.0,,,0,0,N,0.0,0.0,0.0,,,,,,,,35.95041,-86.86944,False,Crashes_2010_2019_MPO
100465230,2014-03-17,2014,,94.0,,,0,0,N,0.0,0.0,0.0,,,,,,,,35.97776,-86.80359,True,Crashes_2010_2019_MPO
101423835,2016-10-27,2016,,19.0,,,0,0,N,0.0,0.0,0.0,,,,,,,,36.02551,-86.74283,False,Crashes_2010_2019_MPO
100660414,2014-10-27,2014,,94.0,,,0,0,N,0.0,0.0,0.0,,,,,,,,35.96208,-86.80901,False,Crashes_2010_2019_MPO
100336322,2013-05-30,2013,,94.0,,,0,0,N,0.0,0.0,0.0,,,,,,,,35.9498,-86.81328,False,Crashes_2010_2019_MPO
100836680,2015-05-15,2015,,94.0,,,0,0,N,0.0,0.0,0.0,,,,,,,,35.94416,-86.82089,False,Crashes_2010_2019_MPO
102420425,2019-06-16,2019,,19.0,,,0,0,N,0.0,0.0,0.0,,,,,,,,36.04479,-86.68653,False,Crashes_2010_2019_MPO
102436252,2019-07-03,2019,,94.0,,,0,0,N,0.0,0.0,0.0,,,,,,,,35.96198,-86.81518,False,Crashes_2010_2019_MPO
102184098,2018-10-21,2018,,94.0,,,0,0,N,0.0,0.0,0.0,,,,,,,,35.93812,-86.82194,False,Crashes_2010_2019_MPO
100726914,2015-01-24,2015,,94.0,,,0,0,N,0.0,0.0,0.0,,,,,,,,35.94842,-86.81971,False,Crashes_2010_2019_MPO
100545912,2014-06-01,2014,,94.0,,,0,0,N,0.0,0.0,0.0,,,,,,,,35.962,-86.81517,False,Crashes_2010_2019_MPO
101930368,2018-03-01,2018,,94.0,,,0,0,N,0.0,0.0,0.0,,,,,,,,36.03322,-86.78173,True,Crashes_2010_2019_MPO
101821701,2017-11-10,2017,,19.0,,,0,0,N,0.0,0.0,0.0,,,,,,,,36.04531,-86.70185,False,Crashes_2010_2019_MPO
100874051,2015-06-20,2015,,94.0,,,0,0,N,0.0,0.0,0.0,,,,,,,,35.92254,-86.87194,False,Crashes_2010_2019_MPO
101319112,2016-08-03,2016,,19.0,,,0,0,N,0.0,0.0,0.0,,,,,,,,36.04153,-86.6776,False,Crashes_2010_2019_MPO
100550843,2014-06-13,2014,,94.0,,,0,0,N,0.0,0.0,0.0,,,,,,,,35.94707,-86.8219,False,Crashes_2010_2019_MPO
101989932,2018-04-26,2018,,19.0,,,0,0,N,0.0,0.0,0.0,,,,,,,,36.04162,-86.74919,False,Crashes_2010_2019_MPO
10440835,2010-07-15,2010,,19.0,,,0,0, ,0.0,0.0,0.0,,,,,,,,36.046656,-86.713593,False,Crashes_2010_2019_MPO
102079464,2018-07-19,2018,,94.0,,,0,0,N,0.0,0.0,0.0,,,,,,,,35.94582,-86.82518,False,Crashes_2010_2019_MPO
101186190,2016-05-02,2016,,19.0,,,0,0,N,0.0,0.0,0.0,,,,,,,,36.04367,-86.76218,False,Crashes_2010_2019_MPO
101638268,2017-05-07,2017,,94.0,,,0,0,N,0.0,0.0,0.0,,,,,,,,36.038402,-86.83051,True,Crashes_2010_2019_MPO
101621141,2017-04-20,2017,,94.0,,,0,0,N,0.0,0.0,0.0,,,,,,,,35.9239,-86.86973,False,Crashes_2010_2019_MPO
100807996,2015-04-14,2015,,94.0,,,0,0,N,0.0,0.0,0.0,,,,,,,,35.9672,-86.8189,True,Crashes_2010_2019_MPO
102404648,2019-05-30,2019,,19.0,,,0,0,N,0.0,0.0,0.0,,,,,,,,36.0375,-86.78584,False,Crashes_2010_2019_MPO
101617951,2017-04-17,2017,,19.0,,,0,0,N,0.0,0.0,0.0,,,,,,,,36.03749,-86.78506,False,Crashes_2010_2019_MPO
101122843,2016-02-26,2016,,19.0,,,0,0,N,0.0,0.0,0.0,,,,,,,,36.0457,-86.72079,False,Crashes_2010_2019_MPO
100857354,2015-06-07,2015,,94.0,,,0,0,N,0.0,0.0,0.0,,,,,,,,35.97689,-86.87625,False,Crashes_2010_2019_MPO
100150573,2012-02-22,2012,,94.0,,,0,0,N,0.0,0.0,0.0,,,,,,,,35.96496,-86.80331,True,Crashes_2010_2019_MPO
102163899,2018-10-01,2018,,19.0,,,0,0,N,0.0,0.0,0.0,,,,,,,,36.04479,-86.71319,False,Crashes_2010_2019_MPO
100640176,2014-10-07,2014,,19.0,,,0,0,N,0.0,0.0,0.0,,,,,,,,36.03906,-86.78269,False,Crashes_2010_2019_MPO
102511624,2019-09-17,2019,,94.0,,,0,0,N,0.0,0.0,0.0,,,,,,,,35.93763,-86.85867,False,Crashes_2010_2019_MPO
101876415,2018-01-03,2018,,94.0,,,0,0,N,0.0,0.0,0.0,,,,,,,,35.94683,-86.85172,False,Crashes_2010_2019_MPO
101632414,2017-05-02,2017,,94.0,,,0,0,N,0.0,0.0,0.0,,,,,,,,35.92755,-86.87423,False,Crashes_2010_2019_MPO
101399014,2016-10-08,2016,,19.0,,,0,0,N,0.0,0.0,0.0,,,,,,,,36.05219,-86.68999,False,Crashes_2010_2019_MPO
102459296,2019-07-26,2019,,94.0,,,0,0,N,0.0,0.0,0.0,,,,,,,,35.99922,-86.80923,True,Crashes_2010_2019_MPO
102546689,2019-10-23,2019,,19.0,,,0,0,N,0.0,0.0,0.0,,,,,,,,36.04428,-86.68743,False,Crashes_2010_2019_MPO
101495247,2017-01-03,2017,,94.0,,,0,0,N,0.0,0.0,0.0,,,,,,,,35.98215,-86.80205,True,Crashes_2010_2019_MPO
100723421,2015-01-17,2015,,19.0,,,0,0,N,0.0,0.0,0.0,,,,,,,,36.04977,-86.6906,False,Crashes_2010_2019_MPO
100707393,2014-12-15,2014,,94.0,,,0,0,N,0.0,0.0,0.0,,,,,,,,35.92485,-86.87407,False,Crashes_2010_2019_MPO
100564762,2014-06-21,2014,,94.0,,,0,0,N,0.0,0.0,0.0,,,,,,,,36.00347,-86.79155,True,Crashes_2010_2019_MPO
101862613,2017-12-18,2017,,94.0,,,0,0,N,0.0,0.0,0.0,,,,,,,,35.95939,-86.81199,False,Crashes_2010_2019_MPO
102491334,2019-08-28,2019,,94.0,,,0,0,N,0.0,0.0,0.0,,,,,,,,36.02319,-86.78651,True,Crashes_2010_2019_MPO
101571425,2017-03-02,2017,,94.0,,,0,0,N,0.0,0.0,0.0,,,,,,,,35.96518,-86.80029,True,Crashes_2010_2019_MPO
102118028,2018-08-22,2018,,94.0,,,0,0,N,0.0,0.0,0.0,,,,,,,,35.9852,-86.801,True,Crashes_2010_2019_MPO
102257423,2018-12-24,2018,,94.0,,,0,0,N,0.0,0.0,0.0,,,,,,,,35.92977,-86.83853,False,Crashes_2010_2019_MPO
100919971,2015-08-07,2015,,94.0,,,0,0,N,0.0,0.0,0.0,,,,,,,,35.96569,-86.80166,True,Crashes_2010_2019_MPO
102051897,2018-06-23,2018,,94.0,,,0,0,N,0.0,0.0,0.0,,,,,,,,35.98699,-86.82904,False,Crashes_2010_2019_MPO
100730804,2015-02-01,2015,,19.0,,,0,0,N,0.0,0.0,0.0,,,,,,,,36.02562,-86.71301,False,Crashes_2010_2019_MPO
102139313,2018-09-09,2018,,19.0,,,0,1,N,0.0,1.0,0.0,,,,,,,,36.0488,-86.71367,False,Crashes_2010_2019_MPO
101680730,2017-06-23,2017,,94.0,,,0,0,N,0.0,0.0,0.0,,,,,,,,35.94796,-86.81915,False,Crashes_2010_2019_MPO
102291635,2019-01-29,2019,,19.0,,,0,0,N,0.0,0.0,0.0,,,,,,,,36.04015,-86.74465,False,Crashes_2010_2019_MPO
101558914,2017-02-18,2017,,19.0,,,0,0,N,0.0,0.0,0.0,,,,,,,,36.05056,-86.86,False,Crashes_2010_2019_MPO
101044460,2015-12-07,2015,,94.0,,,0,0,N,0.0,0.0,0.0,,,,,,,,35.94643,-86.80975,False,Crashes_2010_2019_MPO
100466666,2014-03-20,2014,,94.0,,,0,0,N,0.0,0.0,0.0,,,,,,,,36.02303,-86.78659,True,Crashes_2010_2019_MPO
100326319,2013-05-08,2013,,94.0,,,0,0,N,0.0,0.0,0.0,,,,,,,,35.96665,-86.80927,True,Crashes_2010_2019_MPO
102342021,2019-03-26,2019,,19.0,,,0,0,N,0.0,0.0,0.0,,,,,,,,35.99566,-86.68813,False,Crashes_2010_2019_MPO
101033164,2015-11-20,2015,,94.0,,,0,0,N,0.0,0.0,0.0,,,,,,,,35.96734,-86.815,True,Crashes_2010_2019_MPO
102422717,2019-06-18,2019,,19.0,,,0,0,N,0.0,0.0,0.0,,,,,,,,36.03336,-86.70886,False,Crashes_2010_2019_MPO
101159566,2016-04-07,2016,,19.0,,,0,0,N,0.0,0.0,0.0,,,,,,,,36.03488,-86.78307,True,Crashes_2010_2019_MPO
101858671,2017-12-14,2017,,94.0,,,0,0,N,0.0,0.0,0.0,,,,,,,,35.99045,-86.75118,True,Crashes_2010_2019_MPO
101434126,2016-11-08,2016,,19.0,,,0,0,N,0.0,0.0,0.0,,,,,,,,36.0453,-86.70168,False,Crashes_2010_2019_MPO
101480265,2016-12-17,2016,,94.0,,,0,0,N,0.0,0.0,0.0,,,,,,,,35.96681,-86.81119,True,Crashes_2010_2019_MPO
101818857,2017-11-08,2017,,94.0,,,0,0,N,0.0,0.0,0.0,,,,,,,,35.98776,-86.80037,True,Crashes_2010_2019_MPO
101092799,2016-01-23,2016,,19.0,,,0,0,N,0.0,0.0,0.0,,,,,,,,36.04973,-86.77521,False,Crashes_2010_2019_MPO
102111539,2018-08-14,2018,,94.0,,,0,0,N,0.0,0.0,0.0,,,,,,,,35.95423,-86.81173,False,Crashes_2010_2019_MPO
100657777,2014-10-23,2014,,94.0,,,0,0,N,0.0,0.0,0.0,,,,,,,,35.94681,-86.85201,False,Crashes_2010_2019_MPO