mstrrecnbr,collision_ts,year,county,countystat,crash,crash_type,fatalities,non_motorists,commercial,fatal_c,nonmotor_c,truck_c,fatalc,serious_injuries,ped,bike,lighting,weather,first_harmful_event,latitude,longitude,in_city,src_layer
102154231,2018-09-22,2018,,94.0,,,0,0,N,0.0,0.0,0.0,,,,,,,,36.01384,-86.73831,False,Crashes_2010_2019_MPO
100368126,2013-08-15,2013,,94.0,,,0,0,N,0.0,0.0,0.0,,,,,,,,35.93552,-86.82612,False,Crashes_2010_2019_MPO
101497981,2017-01-06,2017,,19.0,,,0,0,N,0.0,0.0,0.0,,,,,,,,36.04107,-86.72536,False,Crashes_2010_2019_MPO
101671034,2017-06-11,2017,,94.0,,,0,0,N,0.0,0.0,0.0,,,,,,,,36.0053,-86.78967,True,Crashes_2010_2019_MPO
100974172,2015-10-06,2015,,19.0,,,0,0,N,0.0,0.0,0.0,,,,,,,,36.04113,-86.74642,False,Crashes_2010_2019_MPO
101065155,2015-12-22,2015,,94.0,,,0,0,N,0.0,0.0,0.0,,,,,,,,35.98829,-86.70588,True,Crashes_2010_2019_MPO
100654247,2014-10-16,2014,,94.0,,,0,0,N,0.0,0.0,0.0,,,,,,,,35.9912,-86.68349,False,Crashes_2010_2019_MPO
100679200,2014-11-11,2014,,19.0,,,0,0,N,0.0,0.0,0.0,,,,,,,,36.04261,-86.74257,False,Crashes_2010_2019_MPO
102086267,2018-07-25,2018,,19.0,,,0,0,N,0.0,0.0,0.0,,,,,,,,36.03793,-86.7841,False,Crashes_2010_2019_MPO
100699450,2014-12-01,2014,,94.0,,,0,0,N,0.0,0.0,0.0,,,,,,,,35.92657,-86.86618,False,Crashes_2010_2019_MPO
100333275,2013-05-24,2013,,94.0,,,0,0,N,0.0,0.0,0.0,,,,,,,,35.94707,-86.8219,False,Crashes_2010_2019_MPO
100063059,2011-06-08,2011,,94.0,,,0,0,N,0.0,0.0,0.0,,,,,,,,35.9784,-86.851,False,Crashes_2010_2019_MPO
101739729,2017-08-23,2017,,94.0,,,0,1,N,0.0,1.0,0.0,,,,,,,,35.93235,-86.8795,False,Crashes_2010_2019_MPO
101000557,2015-10-31,2015,,94.0,,,0,0,N,0.0,0.0,0.0,,,,,,,,35.93329,-86.78039,False,Crashes_2010_2019_MPO
101461399,2016-11-27,2016,,94.0,,,0,0,N,0.0,0.0,0.0,,,,,,,,35.99006,-86.74528,True,Crashes_2010_2019_MPO
101716941,2017-07-31,2017,,19.0,,,0,0,N,0.0,0.0,0.0,,,,,,,,36.04667,-86.71342,False,Crashes_2010_2019_MPO
101786338,2017-10-09,2017,,94.0,,,0,0,N,0.0,0.0,0.0,,,,,,,,36.00417,-86.79083,True,Crashes_2010_2019_MPO
101471178,2016-12-08,2016,,94.0,,,0,0,N,0.0,0.0,0.0,,,,,,,,35.92526,-86.82465,False,Crashes_2010_2019_MPO
101601664,2017-04-02,2017,,94.0,,,0,1,N,0.0,1.0,0.0,,,,,,,,35.94765,-86.82196,False,Crashes_2010_2019_MPO
102508445,2019-09-13,2019,,94.0,,,0,0,N,0.0,0.0,0.0,,,,,,,,35.94631,-86.8236,False,Crashes_2010_2019_MPO
102067058,2018-07-07,2018,,94.0,,,0,0,N,0.0,0.0,0.0,,,,,,,,35.97334,-86.83305,True,Crashes_2010_2019_MPO
100438577,2014-02-03,2014,,94.0,,,0,0,N,0.0,0.0,0.0,,,,,,,,35.99594,-86.78345,True,Crashes_2010_2019_MPO
100862026,2015-06-17,2015,,19.0,,,0,0,N,0.0,0.0,0.0,,,,,,,,36.04098,-86.77941,False,Crashes_2010_2019_MPO
102169092,2018-10-06,2018,,19.0,,,0,0,N,0.0,0.0,0.0,,,,,,,,36.01522,-86.70556,False,Crashes_2010_2019_MPO
100874410,2015-06-21,2015,,94.0,,,0,0,N,0.0,0.0,0.0,,,,,,,,35.99924,-86.80919,True,Crashes_2010_2019_MPO
101478147,2016-12-15,2016,,94.0,,,0,0,N,0.0,0.0,0.0,,,,,,,,36.00442,-86.79057,True,Crashes_2010_2019_MPO
101625895,2017-04-26,2017,,19.0,,,0,0,N,0.0,0.0,0.0,,,,,,,,36.03941,-86.74343,False,Crashes_2010_2019_MPO
100726657,2015-01-23,2015,,19.0,,,0,0,N,0.0,0.0,0.0,,,,,,,,36.03735,-86.78656,False,Crashes_2010_2019_MPO
10387498,2012-11-30,2012,,19.0,,,0,0, ,0.0,0.0,0.0,,,,,,,,36.012483,-86.707956,False,Crashes_2010_2019_MPO
100712293,2014-12-24,2014,,94.0,,,0,0,N,0.0,0.0,0.0,,,,,,,,35.98979,-86.82262,True,Crashes_2010_2019_MPO
101649361,2017-05-19,2017,,19.0,,,0,0,N,0.0,0.0,0.0,,,,,,,,36.04573,-86.70797,False,Crashes_2010_2019_MPO
101720617,2017-08-04,2017,,19.0,,,0,0,N,0.0,0.0,0.0,,,,,,,,36.05073,-86.69057,False,Crashes_2010_2019_MPO
100704781,2014-12-10,2014,,94.0,,,0,0,N,0.0,0.0,0.0,,,,,,,,35.9346,-86.8609,False,Crashes_2010_2019_MPO
101149809,2016-03-20,2016,,19.0,,,0,0,N,0.0,0.0,0.0,,,,,,,,36.04982,-86.70307,False,Crashes_2010_2019_MPO
102042599,2018-06-14,2018,,94.0,,,0,0,N,0.0,0.0,0.0,,,,,,,,36.02411,-86.78703,True,Crashes_2010_2019_MPO
100915825,2015-08-01,2015,,19.0,,,0,0,N,0.0,0.0,0.0,,,,,,,,35.99547,-86.68789,False,Crashes_2010_2019_MPO
101047017,2015-12-10,2015,,94.0,,,0,0,N,0.0,0.0,0.0,,,,,,,,35.97103,-86.72644,True,Crashes_2010_2019_MPO
100433410,2014-01-20,2014,,94.0,,,0,0,N,0.0,0.0,0.0,,,,,,,,35.94782,-86.81897,False,Crashes_2010_2019_MPO
100997242,2015-10-27,2015,,19.0,,,0,0,N,0.0,0.0,0.0,,,,,,,,36.04028,-86.76837,False,Crashes_2010_2019_MPO
100402664,2013-11-08,2013,,94.0,,,0,0,N,0.0,0.0,0.0,,,,,,,,35.9349,-86.82125,False,Crashes_2010_2019_MPO
101810151,2017-10-30,2017,,94.0,,,0,0,N,0.0,0.0,0.0,,,,,,,,35.94623,-86.80817,False,Crashes_2010_2019_MPO
101780869,2017-10-04,2017,,19.0,,,0,0,N,0.0,0.0,0.0,,,,,,,,36.05323,-86.73387,False,Crashes_2010_2019_MPO
100973465,2015-10-04,2015,,94.0,,,0,0,N,0.0,0.0,0.0,,,,,,,,35.94624,-86.82121,False,Crashes_2010_2019_MPO
101422578,2016-10-25,2016,,94.0,,,0,0,N,0.0,0.0,0.0,,,,,,,,35.95724,-86.81662,False,Crashes_2010_2019_MPO
101426036,2016-10-28,2016,,94.0,,,0,0,N,0.0,0.0,0.0,,,,,,,,35.94679,-86.85159,False,Crashes_2010_2019_MPO
100713792,2014-12-28,2014,,19.0,,,0,0,N,0.0,0.0,0.0,,,,,,,,36.04193,-86.78238,False,Crashes_2010_2019_MPO
102302873,2019-02-11,2019,,19.0,,,0,0,N,0.0,0.0,0.0,,,,,,,,36.05289,-86.8582,False,Crashes_2010_2019_MPO
101849260,2017-12-05,2017,,94.0,,,0,0,N,0.0,0.0,0.0,,,,,,,,35.99568,-86.7807,True,Crashes_2010_2019_MPO
100422321,2013-12-21,2013,,94.0,,,0,0,N,0.0,0.0,0.0,,,,,,,,36.0239,-86.78637,True,Crashes_2010_2019_MPO
102243962,2018-12-12,2018,,94.0,,,0,0,N,0.0,0.0,0.0,,,,,,,,35.9463,-86.8085,False,Crashes_2010_2019_MPO
102389219,2019-05-14,2019,,94.0,,,0,0,N,0.0,0.0,0.0,,,,,,,,36.03679,-86.81484,True,Crashes_2010_2019_MPO
100508071,2014-05-12,2014,,94.0,,,0,0,N,0.0,0.0,0.0,,,,,,,,35.9981,-86.7792,True,Crashes_2010_2019_MPO
102262663,2018-12-31,2018,,94.0,,,0,0,N,0.0,0.0,0.0,,,,,,,,35.92565,-86.82195,False,Crashes_2010_2019_MPO
101483717,2016-12-21,2016,,94.0,,,0,0,N,0.0,0.0,0.0,,,,,,,,35.94042,-86.8106,False,Crashes_2010_2019_MPO
101454874,2016-11-18,2016,,94.0,,,0,0,N,0.0,0.0,0.0,,,,,,,,36.02959,-86.78458,True,Crashes_2010_2019_MPO
100921850,2015-08-12,2015,,19.0,,,0,0,N,0.0,0.0,0.0,,,,,,,,36.04526,-86.71475,False,Crashes_2010_2019_MPO
100499749,2014-04-23,2014,,94.0,,,0,0,N,0.0,0.0,0.0,,,,,,,,36.03319,-86.78761,True,Crashes_2010_2019_MPO
100306509,2013-03-21,2013,,94.0,,,0,0,N,0.0,0.0,0.0,,,,,,,,35.94034,-86.87243,False,Crashes_2010_2019_MPO
100971924,2015-10-02,2015,,94.0,,,0,0,N,0.0,0.0,0.0,,,,,,,,35.96983,-86.72376,True,Crashes_2010_2019_MPO
101232954,2016-05-26,2016,,94.0,,,0,0,N,0.0,0.0,0.0,,,,,,,,35.95524,-86.84497,False,Crashes_2010_2019_MPO
101529068,2017-01-19,2017,,19.0,,,0,0,N,0.0,0.0,0.0,,,,,,,,36.03978,-86.76278,False,Crashes_2010_2019_MPO
100680189,2014-11-14,2014,,19.0,,,0,0,N,0.0,0.0,0.0,,,,,,,,36.04445,-86.71305,False,Crashes_2010_2019_MPO
102227915,2018-11-29,2018,,94.0,,,0,0,N,0.0,0.0,0.0,,,,,,,,35.94923,-86.79919,False,Crashes_2010_2019_MPO
102595213,2019-12-12,2019,,19.0,,,0,0,N,0.0,0.0,0.0,,,,,,,,36.03812,-86.78444,False,Crashes_2010_2019_MPO
102518812,2019-09-23,2019,,94.0,,,0,0,N,0.0,0.0,0.0,,,,,,,,35.97217,-86.83578,False,Crashes_2010_2019_MPO
100879921,2015-07-01,2015,,94.0,,,0,0,N,0.0,0.0,0.0,,,,,,,,35.96193,-86.808,True,Crashes_2010_2019_MPO
101581123,2017-03-12,2017,,94.0,,,0,0,N,0.0,0.0,0.0,,,,,,,,35.92526,-86.86744,False,Crashes_2010_2019_MPO
102276556,2019-01-14,2019,,94.0,,,0,0,N,0.0,0.0,0.0,,,,,,,,36.03641,-86.81069,True,Crashes_2010_2019_MPO
102576385,2019-11-22,2019,,19.0,,,0,0,N,0.0,0.0,0.0,,,,,,,,36.04114,-86.77621,False,Crashes_2010_2019_MPO
100242940,2012-10-25,2012,,94.0,,,0,0,N,0.0,0.0,0.0,,,,,,,,35.96787,-86.80794,True,Crashes_2010_2019_MPO
100384417,2013-09-27,2013,,94.0,,,0,0,N,0.0,0.0,0.0,,,,,,,,36.02327,-86.78646,True,Crashes_2010_2019_MPO
100679992,2014-11-13,2014,,19.0,,,0,0,N,0.0,0.0,0.0,,,,,,,,36.04551,-86.70447,False,Crashes_2010_2019_MPO
100923166,2015-08-10,2015,,94.0,,,0,0,N,0.0,0.0,0.0,,,,,,,,35.96497,-86.80132,True,Crashes_2010_2019_MPO
101422798,2016-10-25,2016,,94.0,,,0,0,N,0.0,0.0,0.0,,,,,,,,35.97257,-86.82833,True,Crashes_2010_2019_MPO
102290672,2019-01-28,2019,,94.0,,,0,0,N,0.0,0.0,0.0,,,,,,,,35.94791,-86.81937,False,Crashes_2010_2019_MPO
101686534,2017-06-28,2017,,94.0,,,0,0,N,0.0,0.0,0.0,,,,,,,,35.96426,-86.78649,True,Crashes_2010_2019_MPO
100849737,2015-05-24,2015,,19.0,,,0,0,N,0.0,0.0,0.0,,,,,,,,35.99081,-86.68314,False,Crashes_2010_2019_MPO
101422985,2016-10-26,2016,,19.0,,,0,0,N,0.0,0.0,0.0,,,,,,,,36.05059,-86.87763,False,Crashes_2010_2019_MPO
102037965,2018-06-09,2018,,94.0,,,0,0,N,0.0,0.0,0.0,,,,,,,,35.93314,-86.86199,False,Crashes_2010_2019_MPO
101851545,2017-12-08,2017,,94.0,,,0,0,N,0.0,0.0,0.0,,,,,,,,35.9971,-86.79689,True,Crashes_2010_2019_MPO
101470734,2016-12-07,2016,,94.0,,,0,0,N,0.0,0.0,0.0,,,,,,,,35.94613,-86.80777,False,Crashes_2010_2019_MPO
102044254,2018-06-15,2018,,94.0,,,0,0,N,0.0,0.0,0.0,,,,,,,,35.9767,-86.79571,True,Crashes_2010_2019_MPO
102440447,2019-07-07,2019,,94.0,,,0,0,N,0.0,0.0,0.0,,,,,,,,35.94541,-86.80465,False,Crashes_2010_2019_MPO
102002970,2018-05-07,2018,,94.0,,,0,0,N,0.0,0.0,0.0,,,,,,,,35.92265,-86.86991,False,Crashes_2010_2019_MPO
102318249,2019-03-01,2019,,19.0,,,0,0,N,0.0,0.0,0.0,,,,,,,,36.03091,-86.69971,False,Crashes_2010_2019_MPO
102351523,2019-04-05,2019,,94.0,,,0,0,N,0.0,0.0,0.0,,,,,,,,35.95102,-86.80784,False,Crashes_2010_2019_MPO
100428871,2014-01-08,2014,,94.0,,,0,0,N,0.0,0.0,0.0,,,,,,,,35.96639,-86.80894,True,Crashes_2010_2019_MPO
101186735,2016-05-03,2016,,94.0,,,0,0,N,0.0,0.0,0.0,,,,,,,,36.036066,-86.78708,True,Crashes_2010_2019_MPO
100435445,2014-01-21,2014,,94.0,,,0,0,N,0.0,0.0,0.0,,,,,,,,36.00139,-86.77375,True,Crashes_2010_2019_MPO
101480403,2016-12-17,2016,,19.0,,,0,0,N,0.0,0.0,0.0,,,,,,,,36.05393,-86.69121,False,Crashes_2010_2019_MPO
101731668,2017-08-15,2017,,94.0,,,0,0,N,0.0,0.0,0.0,,,,,,,,35.94872,-86.83189,False,Crashes_2010_2019_MPO
100306384,2013-03-22,2013,,94.0,,,0,0,N,0.0,0.0,0.0,,,,,,,,35.9838,-86.70157,True,Crashes_2010_2019_MPO
100357563,2013-07-22,2013,,94.0,,,0,0,N,0.0,0.0,0.0,,,,,,,,35.96982,-86.7238,True,Crashes_2010_2019_MPO
100293968,2013-02-17,2013,,94.0,,,0,0,N,0.0,0.0,0.0,,,,,,,,35.97877,-86.80347,True,Crashes_2010_2019_MPO
100300162,2013-03-04,2013,,94.0,,,0,0,N,0.0,0.0,0.0,,,,,,,,35.94032,-86.81064,False,Crashes_2010_2019_MPO
102451940,2019-07-19,2019,,19.0,,,0,0,N,0.0,0.0,0.0,,,,,,,,36.04537,-86.71326,False,Crashes_2010_2019_MPO
100696425,2014-11-25,2014,,19.0,,,0,0,N,0.0,0.0,0.0,,,,,,,,36.04056,-86.7436,False,Crashes_2010_2019_MPO
100770244,2015-03-11,2015,,94.0,,,0,0,N,0.0,0.0,0.0,,,,,,,,35.99924,-86.80919,True,Crashes_2010_2019_MPO
101455950,2016-11-21,2016,,94.0,,,0,0,N,0.0,0.0,0.0,,,,,,,,36.033143,-86.788819,True,Crashes_2010_2019_MPO
100913157,2015-07-27,2015,,94.0,,,0,0,N,0.0,0.0,0.0,,,,,,,,35.94531,-86.8042,False,Crashes_2010_2019_MPO
101554552,2017-02-14,2017,,19.0,,,0,0,N,0.0,0.0,0.0,,,,,,,,36.03364,-86.78321,True,Crashes_2010_2019_MPO
102075802,2018-07-15,2018,,94.0,,,0,0,N,0.0,0.0,0.0,,,,,,,,36.01346,-86.73844,False,Crashes_2010_2019_MPO
101079923,2016-01-19,2016,,19.0,,,0,0,N,0.0,0.0,0.0,,,,,,,,36.03981,-86.74072,False,Crashes_2010_2019_MPO
102548565,2019-10-25,2019,,94.0,,,0,0,N,0.0,0.0,0.0,,,,,,,,35.966736,-86.809094,True,Crashes_2010_2019_MPO
100586970,2014-07-24,2014,,94.0,,,0,0,N,0.0,0.0,0.0,,,,,,,,35.94778,-86.81995,False,Crashes_2010_2019_MPO
101453292,2016-11-18,2016,,94.0,,,0,0,N,0.0,0.0,0.0,,,,,,,,35.94714,-86.81102,False,Crashes_2010_2019_MPO
101007417,2015-11-11,2015,,94.0,,,0,0,N,0.0,0.0,0.0,,,,,,,,35.99575,-86.77891,True,Crashes_2010_2019_MPO
102397282,2019-05-22,2019,,94.0,,,0,0,N,0.0,0.0,0.0,,,,,,,,35.9673,-86.81426,True,Crashes_2010_2019_MPO
101393104,2016-09-30,2016,,94.0,,,0,0,N,0.0,0.0,0.0,,,,,,,,35.96741,-86.81034,True,Crashes_2010_2019_MPO
101935633,2018-03-05,2018,,94.0,,,0,0,N,0.0,0.0,0.0,,,,,,,,35.96214,-86.73775,True,Crashes_2010_2019_MPO
101441816,2016-11-16,2016,,94.0,,,0,0,N,0.0,0.0,0.0,,,,,,,,35.93623,-86.80792,False,Crashes_2010_2019_MPO
100614417,2014-09-04,2014,,94.0,,,0,0,N,0.0,0.0,0.0,,,,,,,,35.93461,-86.82012,False,Crashes_2010_2019_MPO
102544222,2019-10-21,2019,,19.0,,,0,0,N,0.0,0.0,0.0,,,,,,,,36.03948,-86.78177,False,Crashes_2010_2019_MPO
102354163,2019-04-08,2019,,19.0,,,0,0,N,0.0,0.0,0.0,,,,,,,,36.0446,-86.68687,False,Crashes_2010_2019_MPO
101121375,2016-02-23,2016,,19.0,,,0,0,N,0.0,0.0,0.0,,,,,,,,36.03984,-86.74377,False,Crashes_2010_2019_MPO
102116696,2018-08-20,2018,,19.0,,,0,0,N,0.0,0.0,0.0,,,,,,,,36.04479,-86.72487,False,Crashes_2010_2019_MPO
101149180,2016-03-23,2016,,19.0,,,0,0,N,0.0,0.0,0.0,,,,,,,,36.04214,-86.7823,False,Crashes_2010_2019_MPO
100668217,2014-11-10,2014,,94.0,,,0,0,N,0.0,0.0,0.0,,,,,,,,35.9671,-86.81367,True,Crashes_2010_2019_MPO
102015778,2018-05-19,2018,,19.0,,,0,0,N,0.0,0.0,0.0,,,,,,,,36.03724,-86.71323,False,Crashes_2010_2019_MPO
101728005,2017-08-12,2017,,94.0,,,0,0,N,0.0,0.0,0.0,,,,,,,,35.99207,-86.69644,True,Crashes_2010_2019_MPO
100146357,2012-02-09,2012,,94.0,,,0,0,N,0.0,0.0,0.0,,,,,,,,35.96776,-86.80805,True,Crashes_2010_2019_MPO
101865261,2017-12-21,2017,,94.0,,,0,0,N,0.0,0.0,0.0,,,,,,,,36.02728,-86.78493,True,Crashes_2010_2019_MPO
102142644,2018-09-11,2018,,94.0,,,0,0,N,0.0,0.0,0.0,,,,,,,,35.97459,-86.83187,True,Crashes_2010_2019_MPO
100437398,2014-01-31,2014,,94.0,,,0,0,N,0.0,0.0,0.0,,,,,,,,35.94618,-86.80856,False,Crashes_2010_2019_MPO
102310675,2019-02-20,2019,,19.0,,,0,0,N,0.0,0.0,0.0,,,,,,,,36.04594,-86.86388,False,Crashes_2010_2019_MPO
100995282,2015-10-23,2015,,94.0,,,0,0,N,0.0,0.0,0.0,,,,,,,,35.95255,-86.82079,False,Crashes_2010_2019_MPO
100912053,2015-07-25,2015,,94.0,,,0,0,N,0.0,0.0,0.0,,,,,,,,35.92406,-86.87173,False,Crashes_2010_2019_MPO
102419046,2019-06-14,2019,,19.0,,,0,0,N,0.0,0.0,0.0,,,,,,,,36.03969,-86.73917,False,Crashes_2010_2019_MPO
101132741,2016-03-12,2016,,94.0,,,0,0,N,0.0,0.0,0.0,,,,,,,,35.93084,-86.82416,False,Crashes_2010_2019_MPO
102440090,2019-07-06,2019,,19.0,,,0,0,N,0.0,0.0,0.0,,,,,,,,36.04541,-86.71285,False,Crashes_2010_2019_MPO
101538495,2017-01-29,2017,,19.0,,,0,0,N,0.0,0.0,0.0,,,,,,,,36.0525,-86.71466,False,Crashes_2010_2019_MPO
101722477,2017-08-06,2017,,94.0,,,0,0,N,0.0,0.0,0.0,,,,,,,,36.03336,-86.78872,True,Crashes_2010_2019_MPO
101129833,2016-03-07,2016,,94.0,,,0,0,N,0.0,0.0,0.0,,,,,,,,35.9465,-86.82372,False,Crashes_2010_2019_MPO
100806836,2015-04-12,2015,,94.0,,,0,0,N,0.0,0.0,0.0,,,,,,,,35.93461,-86.82012,False,Crashes_2010_2019_MPO
101233419,2016-05-27,2016,,94.0,,,0,0,N,0.0,0.0,0.0,,,,,,,,35.97709,-86.7629,True,Crashes_2010_2019_MPO
101466289,2016-12-03,2016,,94.0,,,0,0,N,0.0,0.0,0.0,,,,,,,,36.01004,-86.8033,True,Crashes_2010_2019_MPO
101873308,2017-12-30,2017,,94.0,,,0,0,N,0.0,0.0,0.0,,,,,,,,35.94708,-86.83267,False,Crashes_2010_2019_MPO
102095797,2018-08-01,2018,,94.0,,,0,0,N,0.0,0.0,0.0,,,,,,,,35.94629,-86.80916,False,Crashes_2010_2019_MPO
100218401,2012-08-24,2012,,94.0,,,0,0,N,0.0,0.0,0.0,,,,,,,,36.02811,-86.79161,True,Crashes_2010_2019_MPO
100157259,2012-03-12,2012,,94.0,,,0,0,N,0.0,0.0,0.0,,,,,,,,36.0025,-86.79287,True,Crashes_2010_2019_MPO
100660559,2014-10-28,2014,,94.0,,,0,0,N,0.0,0.0,0.0,,,,,,,,35.92434,-86.86953,False,Crashes_2010_2019_MPO
101657454,2017-05-28,2017,,19.0,,,0,0,N,0.0,0.0,0.0,,,,,,,,36.0519,-86.71448,False,Crashes_2010_2019_MPO
102519677,2019-09-25,2019,,94.0,,,0,0,N,0.0,0.0,0.0,,,,,,,,35.94798,-86.81903,False,Crashes_2010_2019_MPO
102579259,2019-11-25,2019,,94.0,,,0,0,N,0.0,0.0,0.0,,,,,,,,35.96667,-86.809151,True,Crashes_2010_2019_MPO
101040298,2015-12-01,2015,,94.0,,,0,0,N,0.0,0.0,0.0,,,,,,,,35.9498,-86.81328,False,Crashes_2010_2019_MPO
102356437,2019-04-10,2019,,94.0,,,0,0,N,0.0,0.0,0.0,,,,,,,,35.96308,-86.80103,True,Crashes_2010_2019_MPO
101406834,2016-10-17,2016,,94.0,,,0,0,N,0.0,0.0,0.0,,,,,,,,36.03495,-86.78329,True,Crashes_2010_2019_MPO
100587109,2014-07-24,2014,,94.0,,,0,0,N,0.0,0.0,0.0,,,,,,,,35.92947,-86.84135,False,Crashes_2010_2019_MPO
101105044,2016-02-13,2016,,19.0,,,0,0,N,0.0,0.0,0.0,,,,,,,,36.05407,-86.71515,False,Crashes_2010_2019_MPO
101184235,2016-04-29,2016,,94.0,,,0,0,N,0.0,0.0,0.0,,,,,,,,35.92972,-86.85585,False,Crashes_2010_2019_MPO
101844496,2017-12-01,2017,,94.0,,,0,0,N,0.0,0.0,0.0,,,,,,,,36.01689,-86.78609,True,Crashes_2010_2019_MPO
102024077,2018-05-27,2018,,19.0,,,0,0,N,0.0,0.0,0.0,,,,,,,,36.03664,-86.71331,False,Crashes_2010_2019_MPO
102588260,2019-12-04,2019,,94.0,,,0,0,N,0.0,0.0,0.0,,,,,,,,35.92597,-86.86731,False,Crashes_2010_2019_MPO
102539392,2019-10-16,2019,,19.0,,,0,0,N,0.0,0.0,0.0,,,,,,,,36.04476,-86.7249,False,Crashes_2010_2019_MPO
102296172,2019-02-03,2019,,94.0,,,0,0,N,0.0,0.0,0.0,,,,,,,,35.92742,-86.85652,False,Crashes_2010_2019_MPO
100312546,2013-04-05,2013,,94.0,,,0,0,Y,0.0,0.0,1.0,,,,,,,,36.00115,-86.79426,True,Crashes_2010_2019_MPO
101066134,2015-12-23,2015,,94.0,,,0,0,N,0.0,0.0,0.0,,,,,,,,35.94658,-86.82378,False,Crashes_2010_2019_MPO
102089258,2018-07-27,2018,,19.0,,,0,0,N,0.0,0.0,0.0,,,,,,,,36.04537,-86.71326,False,Crashes_2010_2019_MPO
101426980,2016-10-30,2016,,19.0,,,0,0,N,0.0,0.0,0.0,,,,,,,,36.04393,-86.6933,False,Crashes_2010_2019_MPO
101679786,2017-06-14,2017,,94.0,,,0,0,N,0.0,0.0,0.0,,,,,,,,35.98125,-86.84602,False,Crashes_2010_2019_MPO
100800297,2015-03-31,2015,,94.0,,,0,0,N,0.0,0.0,0.0,,,,,,,,36.03327,-86.78389,True,Crashes_2010_2019_MPO
100820097,2015-04-17,2015,,94.0,,,0,0,N,0.0,0.0,0.0,,,,,,,,35.94707,-86.8219,False,Crashes_2010_2019_MPO
101048891,2015-12-10,2015,,94.0,,,0,0,N,0.0,0.0,0.0,,,,,,,,35.94716,-86.82155,False,Crashes_2010_2019_MPO
100749713,2015-02-19,2015,,94.0,,,0,0,N,0.0,0.0,0.0,,,,,,,,35.95658,-86.73001,True,Crashes_2010_2019_MPO
100355307,2013-06-27,2013,,19.0,,,0,0,N,0.0,0.0,0.0,,,,,,,,36.03991,-86.74203,False,Crashes_2010_2019_MPO
100008853,2010-10-02,2010,,94.0,,,0,0,N,0.0,0.0,0.0,,,,,,,,36.0066,-86.8691,False,Crashes_2010_2019_MPO
101717042,2017-07-31,2017,,94.0,,,0,0,N,0.0,0.0,0.0,,,,,,,,35.93756,-86.76809,False,Crashes_2010_2019_MPO
100964519,2015-09-21,2015,,94.0,,,0,0,N,0.0,0.0,0.0,,,,,,,,36.01286,-86.80081,True,Crashes_2010_2019_MPO
100808563,2015-04-15,2015,,94.0,,,0,0,N,0.0,0.0,0.0,,,,,,,,35.94893,-86.84997,False,Crashes_2010_2019_MPO
100705167,2014-12-11,2014,,94.0,,,0,0,N,0.0,0.0,0.0,,,,,,,,36.03346,-86.7891,True,Crashes_2010_2019_MPO
101663031,2017-06-03,2017,,94.0,,,0,0,N,0.0,0.0,0.0,,,,,,,,35.9684,-86.80707,True,Crashes_2010_2019_MPO
101822606,2017-11-11,2017,,19.0,,,0,0,N,0.0,0.0,0.0,,,,,,,,36.04548,-86.71205,False,Crashes_2010_2019_MPO
100372257,2013-08-23,2013,,94.0,,,0,0,N,0.0,0.0,0.0,,,,,,,,35.99004,-86.79934,True,Crashes_2010_2019_MPO
100914449,2015-07-29,2015,,94.0,,,0,0,N,0.0,0.0,0.0,,,,,,,,35.96672,-86.8113,True,Crashes_2010_2019_MPO
101106718,2016-02-16,2016,,19.0,,,0,0,N,0.0,0.0,0.0,,,,,,,,36.0362,-86.78985,True,Crashes_2010_2019_MPO
102285646,2019-01-23,2019,,94.0,,,0,0,N,0.0,0.0,0.0,,,,,,,,35.966662,-86.809162,True,Crashes_2010_2019_MPO
102024804,2018-05-27,2018,,94.0,,,0,0,N,0.0,0.0,0.0,,,,,,,,35.96596,-86.81142,False,Crashes_2010_2019_MPO
101662359,2017-06-02,2017,,94.0,,,0,0,N,0.0,0.0,0.0,,,,,,,,35.93374,-86.81767,False,Crashes_2010_2019_MPO
101966961,2018-04-04,2018,,19.0,,,0,0,N,0.0,0.0,0.0,,,,,,,,36.05151,-86.71436,False,Crashes_2010_2019_MPO
102162141,2018-09-29,2018,,19.0,,,0,0,N,0.0,0.0,0.0,,,,,,,,36.04529,-86.71402,False,Crashes_2010_2019_MPO
102553695,2019-10-30,2019,,94.0,,,0,0,N,0.0,0.0,0.0,,,,,,,,36.03393,-86.78544,True,Crashes_2010_2019_MPO
101078128,2016-01-15,2016,,19.0,,,0,0,N,0.0,0.0,0.0,,,,,,,,36.03693,-86.78671,False,Crashes_2010_2019_MPO
101454242,2016-11-19,2016,,19.0,,,0,0,N,0.0,0.0,0.0,,,,,,,,36.03652,-86.74349,False,Crashes_2010_2019_MPO
100883364,2015-07-08,2015,,94.0,,,0,0,N,0.0,0.0,0.0,,,,,,,,35.96741,-86.81554,True,Crashes_2010_2019_MPO
102282215,2019-01-19,2019,,19.0,,,0,0,N,0.0,0.0,0.0,,,,,,,,36.04565,-86.71218,False,Crashes_2010_2019_MPO
101179756,2016-04-22,2016,,94.0,,,0,0,N,0.0,0.0,0.0,,,,,,,,35.99643,-86.78798,True,Crashes_2010_2019_MPO
102470294,2019-08-07,2019,,94.0,,,0,0,N,0.0,0.0,0.0,,,,,,,,35.93742,-86.81758,False,Crashes_2010_2019_MPO
102558136,2019-11-04,2019,,19.0,,,0,0,N,0.0,0.0,0.0,,,,,,,,36.0536,-86.71501,False,Crashes_2010_2019_MPO
102208779,2018-11-12,2018,,94.0,,,0,0,N,0.0,0.0,0.0,,,,,,,,36.03588,-86.78727,True,Crashes_2010_2019_MPO
100571406,2014-07-10,2014,,94.0,,,0,0,N,0.0,0.0,0.0,,,,,,,,35.92394,-86.87686,False,Crashes_2010_2019_MPO
101330673,2016-08-18,2016,,94.0,,,0,0,N,0.0,0.0,0.0,,,,,,,,35.92491,-86.86873,False,Crashes_2010_2019_MPO