mstrrecnbr,collision_ts,year,county,countystat,crash,crash_type,fatalities,non_motorists,commercial,fatal_c,nonmotor_c,truck_c,fatalc,serious_injuries,ped,bike,lighting,weather,first_harmful_event,latitude,longitude,in_city,src_layer
101191920,2016-05-10,2016,,94.0,,,0,0,N,0.0,0.0,0.0,,,,,,,,35.94803,-86.69984,False,Crashes_2010_2019_MPO
101739586,2017-08-23,2017,,19.0,,,0,0,N,0.0,0.0,0.0,,,,,,,,36.04538,-86.71313,False,Crashes_2010_2019_MPO
101931037,2018-03-02,2018,,19.0,,,0,0,N,0.0,0.0,0.0,,,,,,,,36.04084,-86.77347,False,Crashes_2010_2019_MPO
102009033,2018-05-12,2018,,94.0,,,0,0,N,0.0,0.0,0.0,,,,,,,,35.98576,-86.67993,False,Crashes_2010_2019_MPO
102462831,2019-07-30,2019,,94.0,,,0,0,N,0.0,0.0,0.0,,,,,,,,35.96514,-86.79569,True,Crashes_2010_2019_MPO
100547570,2014-06-05,2014,,94.0,,,0,0,N,0.0,0.0,0.0,,,,,,,,35.99156,-86.79881,True,Crashes_2010_2019_MPO
100416107,2013-12-08,2013,,94.0,,,0,0,N,0.0,0.0,0.0,,,,,,,,35.93193,-86.79397,False,Crashes_2010_2019_MPO
100363410,2013-08-06,2013,,94.0,,,0,0,N,0.0,0.0,0.0,,,,,,,,35.95675,-86.83967,False,Crashes_2010_2019_MPO
101360988,2016-09-08,2016,,94.0,,,0,0,N,0.0,0.0,0.0,,,,,,,,35.98335,-86.80188,True,Crashes_2010_2019_MPO
101003480,2015-11-05,2015,,19.0,,,0,0,N,0.0,0.0,0.0,,,,,,,,36.04758,-86.86371,False,Crashes_2010_2019_MPO
100910344,2015-07-22,2015,,19.0,,,0,0,N,0.0,0.0,0.0,,,,,,,,36.04502,-86.71473,False,Crashes_2010_2019_MPO
101424519,2016-10-27,2016,,19.0,,,0,0,N,0.0,0.0,0.0,,,,,,,,36.04028,-86.76837,False,Crashes_2010_2019_MPO
100754487,2015-02-28,2015,,19.0,,,0,0,N,0.0,0.0,0.0,,,,,,,,36.04299,-86.84232,False,Crashes_2010_2019_MPO
102289480,2019-01-27,2019,,19.0,,,0,0,N,0.0,0.0,0.0,,,,,,,,36.03737,-86.78686,False,Crashes_2010_2019_MPO
101898667,2018-01-27,2018,,94.0,,,0,0,N,0.0,0.0,0.0,,,,,,,,35.94112,-86.83623,False,Crashes_2010_2019_MPO
101361155,2016-09-14,2016,,94.0,,,0,0,N,0.0,0.0,0.0,,,,,,,,35.9509,-86.80665,False,Crashes_2010_2019_MPO
10569325,2010-05-17,2010,,19.0,,,0,0, ,0.0,0.0,0.0,,,,,,,,36.048368,-86.734621,False,Crashes_2010_2019_MPO
100709861,2014-12-14,2014,,19.0,,,0,0,N,0.0,0.0,0.0,,,,,,,,36.03903,-86.78376,False,Crashes_2010_2019_MPO
102158123,2018-09-26,2018,,94.0,,,0,0,N,0.0,0.0,0.0,,,,,,,,35.9669,-86.80893,True,Crashes_2010_2019_MPO
101325500,2016-08-11,2016,,94.0,,,0,0,N,0.0,0.0,0.0,,,,,,,,35.99837,-86.80365,True,Crashes_2010_2019_MPO
100719579,2015-01-09,2015,,94.0,,,0,0,N,0.0,0.0,0.0,,,,,,,,35.94607,-86.82569,False,Crashes_2010_2019_MPO
101048012,2015-12-11,2015,,94.0,,,0,0,N,0.0,0.0,0.0,,,,,,,,35.95899,-86.81594,False,Crashes_2010_2019_MPO
101464973,2016-12-01,2016,,19.0,,,0,0,N,0.0,0.0,0.0,,,,,,,,36.05446,-86.74098,False,Crashes_2010_2019_MPO
100369369,2013-08-20,2013,,94.0,,,0,0,N,0.0,0.0,0.0,,,,,,,,35.95118,-86.80642,False,Crashes_2010_2019_MPO
101895854,2018-01-24,2018,,94.0,,,0,0,N,0.0,0.0,0.0,,,,,,,,35.97334,-86.83305,True,Crashes_2010_2019_MPO
101405420,2016-10-16,2016,,19.0,,,0,0,N,0.0,0.0,0.0,,,,,,,,36.04026,-86.8164,False,Crashes_2010_2019_MPO
100663200,2014-11-01,2014,,19.0,,,0,0,N,0.0,0.0,0.0,,,,,,,,36.0454,-86.70295,False,Crashes_2010_2019_MPO
101041882,2015-12-03,2015,,94.0,,,0,0,Y,0.0,0.0,1.0,,,,,,,,35.96312,-86.81897,True,Crashes_2010_2019_MPO
100396117,2013-10-25,2013,,94.0,,,0,0,N,0.0,0.0,0.0,,,,,,,,35.948,-86.81997,False,Crashes_2010_2019_MPO
101879201,2018-01-05,2018,,94.0,,,0,0,N,0.0,0.0,0.0,,,,,,,,35.94686,-86.81163,False,Crashes_2010_2019_MPO
101953560,2018-03-23,2018,,94.0,,,0,0,N,0.0,0.0,0.0,,,,,,,,35.93707,-86.69245,False,Crashes_2010_2019_MPO
100594945,2014-08-12,2014,,94.0,,,0,0,N,0.0,0.0,0.0,,,,,,,,36.02768,-86.79185,True,Crashes_2010_2019_MPO
101505950,2017-01-15,2017,,94.0,,,0,0,N,0.0,0.0,0.0,,,,,,,,35.9242,-86.8078,False,Crashes_2010_2019_MPO
101687766,2017-06-29,2017,,94.0,,,0,0,N,0.0,0.0,0.0,,,,,,,,35.93368,-86.86159,False,Crashes_2010_2019_MPO
100541882,2014-05-22,2014,,94.0,,,0,0,N,0.0,0.0,0.0,,,,,,,,35.95523,-86.82587,False,Crashes_2010_2019_MPO
100307945,2013-03-25,2013,,94.0,,,0,0,N,0.0,0.0,0.0,,,,,,,,35.94839,-86.80774,False,Crashes_2010_2019_MPO
100369910,2013-08-22,2013,,94.0,,,0,0,N,0.0,0.0,0.0,,,,,,,,35.97776,-86.80359,True,Crashes_2010_2019_MPO
102056666,2018-06-27,2018,,94.0,,,0,0,N,0.0,0.0,0.0,,,,,,,,35.94778,-86.85096,False,Crashes_2010_2019_MPO
100709407,2014-12-19,2014,,94.0,,,0,0,N,0.0,0.0,0.0,,,,,,,,35.92289,-86.86728,False,Crashes_2010_2019_MPO
100348097,2013-06-29,2013,,94.0,,,0,0,N,0.0,0.0,0.0,,,,,,,,36.02966,-86.78327,True,Crashes_2010_2019_MPO
102180320,2018-10-17,2018,,19.0,,,0,0,N,0.0,0.0,0.0,,,,,,,,36.04526,-86.71704,False,Crashes_2010_2019_MPO
102157777,2018-09-26,2018,,94.0,,,0,0,N,0.0,0.0,0.0,,,,,,,,35.94409,-86.82081,False,Crashes_2010_2019_MPO
100394406,2013-10-21,2013,,94.0,,,0,0,N,0.0,0.0,0.0,,,,,,,,35.93171,-86.86306,False,Crashes_2010_2019_MPO
100433306,2014-01-21,2014,,94.0,,,0,0,N,0.0,0.0,0.0,,,,,,,,35.95968,-86.82354,False,Crashes_2010_2019_MPO
101796777,2017-10-18,2017,,94.0,,,0,0,N,0.0,0.0,0.0,,,,,,,,35.92914,-86.84577,False,Crashes_2010_2019_MPO
100718589,2015-01-06,2015,,94.0,,,0,0,N,0.0,0.0,0.0,,,,,,,,35.96734,-86.81493,True,Crashes_2010_2019_MPO
102390188,2019-05-15,2019,,19.0,,,0,0,N,0.0,0.0,0.0,,,,,,,,35.99123,-86.68279,False,Crashes_2010_2019_MPO
101761832,2017-09-15,2017,,19.0,,,0,0,N,0.0,0.0,0.0,,,,,,,,36.0095,-86.70166,False,Crashes_2010_2019_MPO
101097382,2016-02-01,2016,,94.0,,,0,0,N,0.0,0.0,0.0,,,,,,,,35.96067,-86.80951,False,Crashes_2010_2019_MPO
101345706,2016-08-25,2016,,19.0,,,0,0,N,0.0,0.0,0.0,,,,,,,,36.04436,-86.71314,False,Crashes_2010_2019_MPO
102203104,2018-11-07,2018,,19.0,,,0,0,N,0.0,0.0,0.0,,,,,,,,36.03352,-86.71298,False,Crashes_2010_2019_MPO
102320769,2019-03-04,2019,,94.0,,,0,0,N,0.0,0.0,0.0,,,,,,,,35.99596,-86.81096,True,Crashes_2010_2019_MPO
102590263,2019-12-06,2019,,94.0,,,0,0,N,0.0,0.0,0.0,,,,,,,,35.9667,-86.81121,True,Crashes_2010_2019_MPO
101039195,2015-11-26,2015,,19.0,,,0,0,N,0.0,0.0,0.0,,,,,,,,36.0459,-86.71332,False,Crashes_2010_2019_MPO
101819076,2017-11-08,2017,,94.0,,,0,0,N,0.0,0.0,0.0,,,,,,,,35.99781,-86.79886,True,Crashes_2010_2019_MPO
100423091,2013-12-22,2013,,94.0,,,0,0,N,0.0,0.0,0.0,,,,,,,,35.92641,-86.82446,False,Crashes_2010_2019_MPO
101007334,2015-11-11,2015,,94.0,,,0,0,N,0.0,0.0,0.0,,,,,,,,35.96678,-86.81098,True,Crashes_2010_2019_MPO
101743265,2017-08-26,2017,,94.0,,,0,0,N,0.0,0.0,0.0,,,,,,,,35.98214,-86.82123,True,Crashes_2010_2019_MPO
101125685,2016-03-01,2016,,94.0,,,0,0,N,0.0,0.0,0.0,,,,,,,,36.03322,-86.78532,True,Crashes_2010_2019_MPO
101466807,2016-12-03,2016,,94.0,,,0,0,N,0.0,0.0,0.0,,,,,,,,35.9476,-86.81992,False,Crashes_2010_2019_MPO
100321506,2013-04-26,2013,,94.0,,,0,0,N,0.0,0.0,0.0,,,,,,,,35.9709,-86.80596,True,Crashes_2010_2019_MPO
100318904,2013-04-19,2013,,94.0,,,0,0,N,0.0,0.0,0.0,,,,,,,,35.929,-86.87525,False,Crashes_2010_2019_MPO
100836070,2015-05-18,2015,,94.0,,,0,0,N,0.0,0.0,0.0,,,,,,,,35.95725,-86.84337,False,Crashes_2010_2019_MPO
100970382,2015-09-30,2015,,94.0,,,0,0,N,0.0,0.0,0.0,,,,,,,,35.96451,-86.83894,False,Crashes_2010_2019_MPO
100964938,2015-09-22,2015,,94.0,,,0,0,N,0.0,0.0,0.0,,,,,,,,35.97716,-86.87622,False,Crashes_2010_2019_MPO
100288598,2013-02-05,2013,,94.0,,,0,0,N,0.0,0.0,0.0,,,,,,,,36.01569,-86.84557,True,Crashes_2010_2019_MPO
101118514,2016-02-19,2016,,94.0,,,0,0,N,0.0,0.0,0.0,,,,,,,,35.95677,-86.81113,False,Crashes_2010_2019_MPO
101954176,2018-03-23,2018,,94.0,,,0,0,N,0.0,0.0,0.0,,,,,,,,35.95048,-86.81887,False,Crashes_2010_2019_MPO
102071997,2018-07-12,2018,,94.0,,,0,0,N,0.0,0.0,0.0,,,,,,,,35.93008,-86.82014,False,Crashes_2010_2019_MPO
101744213,2017-08-28,2017,,94.0,,,0,0,N,0.0,0.0,0.0,,,,,,,,35.92537,-86.87381,False,Crashes_2010_2019_MPO
102328397,2019-03-12,2019,,94.0,,,0,0,N,0.0,0.0,0.0,,,,,,,,35.9677,-86.81752,True,Crashes_2010_2019_MPO
102129241,2018-08-31,2018,,19.0,,,0,0,N,0.0,0.0,0.0,,,,,,,,36.04008,-86.78121,False,Crashes_2010_2019_MPO
101885620,2018-01-12,2018,,94.0,,,0,0,N,0.0,0.0,0.0,,,,,,,,35.9468,-86.82189,False,Crashes_2010_2019_MPO
101605498,2017-04-06,2017,,94.0,,,0,0,N,0.0,0.0,0.0,,,,,,,,36.03564,-86.80849,True,Crashes_2010_2019_MPO
102165529,2018-10-01,2018,,94.0,,,0,0,N,0.0,0.0,0.0,,,,,,,,35.93401,-86.81797,False,Crashes_2010_2019_MPO
100908154,2015-07-18,2015,,94.0,,,1,0,N,1.0,0.0,0.0,,,,,,,,35.92468,-86.80329,False,Crashes_2010_2019_MPO
100188965,2012-06-07,2012,,94.0,,,0,0,N,0.0,0.0,0.0,,,,,,,,35.96689,-86.81126,True,Crashes_2010_2019_MPO
101135275,2016-03-16,2016,,94.0,,,0,0,N,0.0,0.0,0.0,,,,,,,,35.96505,-86.80823,False,Crashes_2010_2019_MPO
100944713,2015-09-03,2015,,94.0,,,0,1,N,0.0,1.0,0.0,,,,,,,,36.01565,-86.81946,True,Crashes_2010_2019_MPO
100724106,2015-01-18,2015,,94.0,,,0,0,N,0.0,0.0,0.0,,,,,,,,35.94851,-86.81971,False,Crashes_2010_2019_MPO
102593232,2019-12-09,2019,,94.0,,,0,0,N,0.0,0.0,0.0,,,,,,,,36.0332,-86.785286,True,Crashes_2010_2019_MPO
101945651,2018-03-15,2018,,94.0,,,0,0,N,0.0,0.0,0.0,,,,,,,,35.95694,-86.81711,False,Crashes_2010_2019_MPO
102373851,2019-04-27,2019,,94.0,,,0,0,N,0.0,0.0,0.0,,,,,,,,35.96845,-86.81905,True,Crashes_2010_2019_MPO
102287325,2019-01-25,2019,,94.0,,,0,0,N,0.0,0.0,0.0,,,,,,,,35.93769,-86.82206,False,Crashes_2010_2019_MPO
102004374,2018-05-08,2018,,19.0,,,0,0,N,0.0,0.0,0.0,,,,,,,,36.04556,-86.71939,False,Crashes_2010_2019_MPO
101462308,2016-11-28,2016,,19.0,,,0,0,N,0.0,0.0,0.0,,,,,,,,35.99122,-86.68351,False,Crashes_2010_2019_MPO
101365371,2016-08-25,2016,,19.0,,,0,0,N,0.0,0.0,0.0,,,,,,,,36.0374,-86.78657,False,Crashes_2010_2019_MPO
101464870,2016-12-01,2016,,19.0,,,0,0,N,0.0,0.0,0.0,,,,,,,,36.04028,-86.76837,False,Crashes_2010_2019_MPO
102438313,2019-07-05,2019,,94.0,,,0,0,N,0.0,0.0,0.0,,,,,,,,35.9638,-86.80842,False,Crashes_2010_2019_MPO
100509720,2014-05-16,2014,,94.0,,,0,0,N,0.0,0.0,0.0,,,,,,,,35.9583,-86.80229,False,Crashes_2010_2019_MPO
100371739,2013-08-13,2013,,94.0,,,0,0,N,0.0,0.0,0.0,,,,,,,,35.94766,-86.81973,False,Crashes_2010_2019_MPO
102019386,2018-05-22,2018,,94.0,,,0,0,N,0.0,0.0,0.0,,,,,,,,35.998105,-86.794633,True,Crashes_2010_2019_MPO
102342213,2019-03-26,2019,,94.0,,,0,0,N,0.0,0.0,0.0,,,,,,,,35.97786,-86.67816,False,Crashes_2010_2019_MPO
100168874,2012-04-13,2012,,94.0,,,0,0,N,0.0,0.0,0.0,,,,,,,,35.96595,-86.80315,True,Crashes_2010_2019_MPO
100803859,2015-04-07,2015,,19.0,,,0,0,N,0.0,0.0,0.0,,,,,,,,36.04025,-86.81639,False,Crashes_2010_2019_MPO
101196099,2016-05-16,2016,,94.0,,,0,0,N,0.0,0.0,0.0,,,,,,,,36.03922,-86.81648,True,Crashes_2010_2019_MPO
101159235,2016-04-07,2016,,19.0,,,0,0,N,0.0,0.0,0.0,,,,,,,,36.04962,-86.70498,False,Crashes_2010_2019_MPO
101061943,2015-12-18,2015,,94.0,,,0,0,N,0.0,0.0,0.0,,,,,,,,35.97702,-86.77061,True,Crashes_2010_2019_MPO
101468308,2016-12-05,2016,,94.0,,,0,0,N,0.0,0.0,0.0,,,,,,,,35.92924,-86.85316,False,Crashes_2010_2019_MPO
101274204,2016-06-27,2016,,94.0,,,0,0,N,0.0,0.0,0.0,,,,,,,,35.93171,-86.82402,False,Crashes_2010_2019_MPO
100722355,2015-01-15,2015,,19.0,,,0,0,N,0.0,0.0,0.0,,,,,,,,36.05325,-86.70495,False,Crashes_2010_2019_MPO
101747924,2017-09-01,2017,,94.0,,,0,0,N,0.0,0.0,0.0,,,,,,,,35.96845,-86.81905,True,Crashes_2010_2019_MPO
102350054,2019-04-04,2019,,94.0,,,0,0,N,0.0,0.0,0.0,,,,,,,,36.03407,-86.80156,True,Crashes_2010_2019_MPO
102594993,2019-12-08,2019,,19.0,,,0,0,N,0.0,0.0,0.0,,,,,,,,36.03797,-86.79777,False,Crashes_2010_2019_MPO
100546917,2014-06-04,2014,,94.0,,,0,0,N,0.0,0.0,0.0,,,,,,,,35.92812,-86.87465,False,Crashes_2010_2019_MPO
102286488,2019-01-24,2019,,94.0,,,0,0,N,0.0,0.0,0.0,,,,,,,,35.9559,-86.81705,False,Crashes_2010_2019_MPO
102196255,2018-10-31,2018,,19.0,,,0,0,N,0.0,0.0,0.0,,,,,,,,36.03916,-86.81272,False,Crashes_2010_2019_MPO
102214039,2018-11-06,2018,,94.0,,,0,0,N,0.0,0.0,0.0,,,,,,,,35.966699,-86.809059,True,Crashes_2010_2019_MPO
101701536,2017-07-14,2017,,94.0,,,0,0,N,0.0,0.0,0.0,,,,,,,,35.96547,-86.82114,True,Crashes_2010_2019_MPO
102436668,2019-07-04,2019,,94.0,,,0,0,N,0.0,0.0,0.0,,,,,,,,36.01552,-86.73994,False,Crashes_2010_2019_MPO
101634186,2017-05-04,2017,,94.0,,,0,0,N,0.0,0.0,0.0,,,,,,,,35.95573,-86.68815,False,Crashes_2010_2019_MPO
100384247,2013-09-27,2013,,94.0,,,0,0,Y,0.0,0.0,1.0,,,,,,,,35.93126,-86.87663,False,Crashes_2010_2019_MPO
101386783,2016-09-22,2016,,94.0,,,0,0,N,0.0,0.0,0.0,,,,,,,,35.99194,-86.68418,False,Crashes_2010_2019_MPO
100154666,2012-03-05,2012,,94.0,,,0,0,Y,0.0,0.0,1.0,,,,,,,,35.97263,-86.74282,True,Crashes_2010_2019_MPO
101037592,2015-11-27,2015,,94.0,,,0,0,N,0.0,0.0,0.0,,,,,,,,35.96614,-86.80803,True,Crashes_2010_2019_MPO
100907281,2015-07-15,2015,,94.0,,,0,0,N,0.0,0.0,0.0,,,,,,,,35.98242,-86.84628,False,Crashes_2010_2019_MPO
102368442,2019-04-22,2019,,19.0,,,0,0,N,0.0,0.0,0.0,,,,,,,,36.01946,-86.69738,False,Crashes_2010_2019_MPO
101191688,2016-05-10,2016,,94.0,,,0,0,N,0.0,0.0,0.0,,,,,,,,35.99576,-86.78147,True,Crashes_2010_2019_MPO
101046888,2015-12-10,2015,,94.0,,,0,0,N,0.0,0.0,0.0,,,,,,,,36.01532,-86.7859,True,Crashes_2010_2019_MPO
101302160,2016-07-24,2016,,94.0,,,0,0,N,0.0,0.0,0.0,,,,,,,,35.99227,-86.79881,True,Crashes_2010_2019_MPO
101640781,2017-05-11,2017,,94.0,,,0,0,N,0.0,0.0,0.0,,,,,,,,35.9969,-86.79207,True,Crashes_2010_2019_MPO
102326931,2019-03-10,2019,,94.0,,,0,0,N,0.0,0.0,0.0,,,,,,,,35.96135,-86.81227,False,Crashes_2010_2019_MPO
101791994,2017-10-14,2017,,94.0,,,0,0,N,0.0,0.0,0.0,,,,,,,,35.92738,-86.8687,False,Crashes_2010_2019_MPO
101132299,2016-03-11,2016,,94.0,,,0,0,N,0.0,0.0,0.0,,,,,,,,35.93562,-86.82387,False,Crashes_2010_2019_MPO
101392093,2016-09-29,2016,,94.0,,,0,0,N,0.0,0.0,0.0,,,,,,,,35.92685,-86.82127,False,Crashes_2010_2019_MPO
100916857,2015-08-03,2015,,94.0,,,0,0,N,0.0,0.0,0.0,,,,,,,,35.97149,-86.83888,False,Crashes_2010_2019_MPO
102134917,2018-09-05,2018,,19.0,,,0,0,N,0.0,0.0,0.0,,,,,,,,35.99632,-86.69045,False,Crashes_2010_2019_MPO
101650508,2017-05-20,2017,,94.0,,,0,0,N,0.0,0.0,0.0,,,,,,,,35.96562,-86.70619,True,Crashes_2010_2019_MPO
100280364,2013-01-16,2013,,94.0,,,0,0,N,0.0,0.0,0.0,,,,,,,,35.94693,-86.82164,False,Crashes_2010_2019_MPO
100483716,2014-04-08,2014,,94.0,,,0,0,N,0.0,0.0,0.0,,,,,,,,35.92474,-86.87429,False,Crashes_2010_2019_MPO
100701074,2014-12-04,2014,,19.0,,,0,0,N,0.0,0.0,0.0,,,,,,,,36.02913,-86.71254,False,Crashes_2010_2019_MPO
101348566,2016-08-29,2016,,94.0,,,0,0,N,0.0,0.0,0.0,,,,,,,,36.0022,-86.79286,True,Crashes_2010_2019_MPO
100160686,2012-03-22,2012,,94.0,,,0,0,N,0.0,0.0,0.0,,,,,,,,35.98129,-86.84615,False,Crashes_2010_2019_MPO
101742158,2017-08-25,2017,,19.0,,,0,0,N,0.0,0.0,0.0,,,,,,,,36.04643,-86.67752,False,Crashes_2010_2019_MPO
100980248,2015-10-16,2015,,19.0,,,0,0,N,0.0,0.0,0.0,,,,,,,,36.04114,-86.77621,False,Crashes_2010_2019_MPO
102489712,2019-08-27,2019,,19.0,,,0,0,N,0.0,0.0,0.0,,,,,,,,36.03876,-86.73335,False,Crashes_2010_2019_MPO
102526676,2019-09-28,2019,,94.0,,,0,0,N,0.0,0.0,0.0,,,,,,,,35.9243,-86.86827,False,Crashes_2010_2019_MPO
100907176,2015-07-16,2015,,94.0,,,0,0,N,0.0,0.0,0.0,,,,,,,,35.98996,-86.74427,True,Crashes_2010_2019_MPO
100666478,2014-11-07,2014,,19.0,,,0,0,N,0.0,0.0,0.0,,,,,,,,36.04226,-86.72647,False,Crashes_2010_2019_MPO
101633871,2017-05-04,2017,,94.0,,,0,0,N,0.0,0.0,0.0,,,,,,,,35.99457,-86.76757,True,Crashes_2010_2019_MPO
100551843,2014-06-16,2014,,94.0,,,0,0,N,0.0,0.0,0.0,,,,,,,,35.94489,-86.82843,False,Crashes_2010_2019_MPO
100849582,2015-05-24,2015,,94.0,,,0,0,N,0.0,0.0,0.0,,,,,,,,35.99782,-86.7989,True,Crashes_2010_2019_MPO
101709540,2017-07-23,2017,,19.0,,,0,0,N,0.0,0.0,0.0,,,,,,,,36.03987,-86.74149,False,Crashes_2010_2019_MPO
100854917,2015-06-03,2015,,94.0,,,0,0,N,0.0,0.0,0.0,,,,,,,,35.97332,-86.83308,True,Crashes_2010_2019_MPO
101553866,2017-02-14,2017,,19.0,,,0,0,N,0.0,0.0,0.0,,,,,,,,36.04028,-86.76837,False,Crashes_2010_2019_MPO
100592579,2014-08-07,2014,,94.0,,,0,0,N,0.0,0.0,0.0,,,,,,,,35.93453,-86.86095,False,Crashes_2010_2019_MPO
102206901,2018-11-10,2018,,94.0,,,0,0,N,0.0,0.0,0.0,,,,,,,,35.92641,-86.82447,False,Crashes_2010_2019_MPO
102445701,2019-07-12,2019,,94.0,,,0,0,N,0.0,0.0,0.0,,,,,,,,36.03454,-86.78803,True,Crashes_2010_2019_MPO
10384205,2011-01-07,2011,,19.0,,,0,0, ,0.0,0.0,0.0,,,,,,,,36.017429,-86.697409,False,Crashes_2010_2019_MPO
101009788,2015-11-13,2015,,94.0,,,0,0,N,0.0,0.0,0.0,,,,,,,,35.96497,-86.8157,True,Crashes_2010_2019_MPO
102478165,2019-08-15,2019,,94.0,,,0,0,N,0.0,0.0,0.0,,,,,,,,35.92631,-86.86659,False,Crashes_2010_2019_MPO
100317163,2013-04-16,2013,,94.0,,,0,0,N,0.0,0.0,0.0,,,,,,,,35.96203,-86.81531,False,Crashes_2010_2019_MPO
101529441,2017-01-19,2017,,94.0,,,0,0,N,0.0,0.0,0.0,,,,,,,,35.95721,-86.84339,False,Crashes_2010_2019_MPO
102538415,2019-10-15,2019,,94.0,,,0,0,N,0.0,0.0,0.0,,,,,,,,35.94725,-86.82078,False,Crashes_2010_2019_MPO
101188332,2016-05-05,2016,,94.0,,,0,0,N,0.0,0.0,0.0,,,,,,,,35.95096,-86.81855,False,Crashes_2010_2019_MPO
102387253,2019-05-12,2019,,94.0,,,0,0,N,0.0,0.0,0.0,,,,,,,,35.9462,-86.80876,False,Crashes_2010_2019_MPO
101121795,2016-02-24,2016,,94.0,,,0,0,N,0.0,0.0,0.0,,,,,,,,35.93507,-86.77598,False,Crashes_2010_2019_MPO
101933989,2018-03-04,2018,,94.0,,,0,0,N,0.0,0.0,0.0,,,,,,,,35.92484,-86.87189,False,Crashes_2010_2019_MPO
101946785,2018-03-17,2018,,94.0,,,0,0,N,0.0,0.0,0.0,,,,,,,,35.95076,-86.801,False,Crashes_2010_2019_MPO
100850658,2015-05-26,2015,,94.0,,,0,0,N,0.0,0.0,0.0,,,,,,,,35.9266,-86.76722,False,Crashes_2010_2019_MPO
102051477,2018-06-23,2018,,19.0,,,0,0,N,0.0,0.0,0.0,,,,,,,,36.04143,-86.78247,False,Crashes_2010_2019_MPO
100707392,2014-12-15,2014,,94.0,,,0,0,N,0.0,0.0,0.0,,,,,,,,35.93125,-86.87667,False,Crashes_2010_2019_MPO
101679143,2017-06-21,2017,,94.0,,,0,0,N,0.0,0.0,0.0,,,,,,,,35.92791,-86.86763,False,Crashes_2010_2019_MPO
100297354,2013-02-26,2013,,94.0,,,0,0,N,0.0,0.0,0.0,,,,,,,,35.96411,-86.81063,False,Crashes_2010_2019_MPO
100693377,2014-11-19,2014,,94.0,,,0,0,N,0.0,0.0,0.0,,,,,,,,35.93115,-86.86348,False,Crashes_2010_2019_MPO
101483037,2016-12-20,2016,,94.0,,,0,0,N,0.0,0.0,0.0,,,,,,,,35.95721,-86.84339,False,Crashes_2010_2019_MPO
101771655,2017-09-25,2017,,19.0,,,0,0,N,0.0,0.0,0.0,,,,,,,,36.03157,-86.74387,False,Crashes_2010_2019_MPO
101067815,2015-12-22,2015,,19.0,,,0,0,N,0.0,0.0,0.0,,,,,,,,36.03772,-86.79475,False,Crashes_2010_2019_MPO
100716415,2015-01-02,2015,,19.0,,,0,0,N,0.0,0.0,0.0,,,,,,,,36.04537,-86.71792,False,Crashes_2010_2019_MPO
101905493,2018-02-03,2018,,94.0,,,0,0,N,0.0,0.0,0.0,,,,,,,,35.98365,-86.73119,True,Crashes_2010_2019_MPO
102232043,2018-12-01,2018,,94.0,,,0,0,N,0.0,0.0,0.0,,,,,,,,35.9299,-86.82431,False,Crashes_2010_2019_MPO
100282649,2013-01-22,2013,,94.0,,,0,0,N,0.0,0.0,0.0,,,,,,,,35.9583,-86.80229,False,Crashes_2010_2019_MPO
100801059,2015-04-01,2015,,94.0,,,0,0,N,0.0,0.0,0.0,,,,,,,,35.94662,-86.8098,False,Crashes_2010_2019_MPO
102230927,2018-11-30,2018,,94.0,,,0,0,N,0.0,0.0,0.0,,,,,,,,35.95756,-86.81636,False,Crashes_2010_2019_MPO
102038578,2018-06-09,2018,,19.0,,,0,0,N,0.0,0.0,0.0,,,,,,,,36.03223,-86.76528,False,Crashes_2010_2019_MPO
100461604,2014-03-07,2014,,94.0,,,0,0,N,0.0,0.0,0.0,,,,,,,,35.99615,-86.78546,True,Crashes_2010_2019_MPO
100016788,2010-11-19,2010,,94.0,,,0,0,Y,0.0,0.0,1.0,,,,,,,,35.9249,-86.8695,False,Crashes_2010_2019_MPO
102354973,2019-04-04,2019,,94.0,,,0,0,N,0.0,0.0,0.0,,,,,,,,36.033085,-86.796802,True,Crashes_2010_2019_MPO
100680181,2014-11-14,2014,,19.0,,,0,0,N,0.0,0.0,0.0,,,,,,,,36.02477,-86.70765,False,Crashes_2010_2019_MPO
102278530,2019-01-16,2019,,94.0,,,0,0,N,0.0,0.0,0.0,,,,,,,,35.93185,-86.83247,False,Crashes_2010_2019_MPO
101626219,2017-04-26,2017,,19.0,,,0,0,N,0.0,0.0,0.0,,,,,,,,36.03196,-86.78367,True,Crashes_2010_2019_MPO
102068537,2018-07-08,2018,,19.0,,,0,0,N,0.0,0.0,0.0,,,,,,,,36.03951,-86.70844,False,Crashes_2010_2019_MPO
101314746,2016-07-28,2016,,19.0,,,0,0,N,0.0,0.0,0.0,,,,,,,,36.04548,-86.70443,False,Crashes_2010_2019_MPO
101478736,2016-12-16,2016,,94.0,,,0,0,N,0.0,0.0,0.0,,,,,,,,35.94475,-86.82827,False,Crashes_2010_2019_MPO
100414137,2013-12-03,2013,,94.0,,,0,0,N,0.0,0.0,0.0,,,,,,,,35.94507,-86.87854,False,Crashes_2010_2019_MPO
100819029,2015-04-16,2015,,19.0,,,0,0,N,0.0,0.0,0.0,,,,,,,,36.04387,-86.74409,False,Crashes_2010_2019_MPO
101426523,2016-10-29,2016,,94.0,,,0,0,N,0.0,0.0,0.0,,,,,,,,35.92372,-86.76683,False,Crashes_2010_2019_MPO
101428392,2016-11-01,2016,,19.0,,,0,0,N,0.0,0.0,0.0,,,,,,,,36.0388,-86.78395,False,Crashes_2010_2019_MPO
101730532,2017-08-14,2017,,94.0,,,0,0,N,0.0,0.0,0.0,,,,,,,,35.96591,-86.81143,False,Crashes_2010_2019_MPO
101567885,2017-02-27,2017,,94.0,,,0,0,N,0.0,0.0,0.0,,,,,,,,35.93191,-86.79441,False,Crashes_2010_2019_MPO
102290651,2019-01-28,2019,,94.0,,,0,0,N,0.0,0.0,0.0,,,,,,,,35.92581,-86.82022,False,Crashes_2010_2019_MPO