mstrrecnbr,collision_ts,year,county,countystat,crash,crash_type,fatalities,non_motorists,commercial,fatal_c,nonmotor_c,truck_c,fatalc,serious_injuries,ped,bike,lighting,weather,first_harmful_event,latitude,longitude,in_city,src_layer
100755526,2015-03-02,2015,,19.0,,,0,0,N,0.0,0.0,0.0,,,,,,,,36.05255,-86.71476,False,Crashes_2010_2019_MPO
101068548,2015-12-23,2015,,94.0,,,0,0,N,0.0,0.0,0.0,,,,,,,,35.93455,-86.82111,False,Crashes_2010_2019_MPO
101490457,2016-12-29,2016,,94.0,,,0,0,N,0.0,0.0,0.0,,,,,,,,35.93756,-86.76809,False,Crashes_2010_2019_MPO
102111742,2018-08-16,2018,,19.0,,,0,0,N,0.0,0.0,0.0,,,,,,,,36.04887,-86.67873,False,Crashes_2010_2019_MPO
100146707,2012-02-11,2012,,94.0,,,0,0,N,0.0,0.0,0.0,,,,,,,,36.01689,-86.78609,True,Crashes_2010_2019_MPO
101732813,2017-08-16,2017,,94.0,,,0,0,N,0.0,0.0,0.0,,,,,,,,35.97716,-86.67813,False,Crashes_2010_2019_MPO
101766548,2017-09-19,2017,,94.0,,,0,0,N,0.0,0.0,0.0,,,,,,,,35.94606,-86.8086,False,Crashes_2010_2019_MPO
101462569,2016-11-28,2016,,19.0,,,0,0,N,0.0,0.0,0.0,,,,,,,,36.04785,-86.71356,False,Crashes_2010_2019_MPO
101580962,2017-03-12,2017,,19.0,,,0,0,N,0.0,0.0,0.0,,,,,,,,36.04479,-86.72487,False,Crashes_2010_2019_MPO
101118572,2016-02-19,2016,,19.0,,,0,0,N,0.0,0.0,0.0,,,,,,,,36.04125,-86.78227,False,Crashes_2010_2019_MPO
100479506,2014-03-28,2014,,94.0,,,0,0,N,0.0,0.0,0.0,,,,,,,,35.93004,-86.8204,False,Crashes_2010_2019_MPO
100338443,2013-06-06,2013,,94.0,,,0,0,N,0.0,0.0,0.0,,,,,,,,35.95192,-86.70512,True,Crashes_2010_2019_MPO
100738509,2015-02-17,2015,,94.0,,,0,0,N,0.0,0.0,0.0,,,,,,,,35.94167,-86.81613,False,Crashes_2010_2019_MPO
102511581,2019-09-17,2019,,94.0,,,0,0,N,0.0,0.0,0.0,,,,,,,,35.92957,-86.84187,False,Crashes_2010_2019_MPO
100803093,2015-04-05,2015,,19.0,,,0,0,N,0.0,0.0,0.0,,,,,,,,36.05417,-86.71995,False,Crashes_2010_2019_MPO
102167604,2018-10-05,2018,,19.0,,,0,0,N,0.0,0.0,0.0,,,,,,,,36.0422,-86.83188,False,Crashes_2010_2019_MPO
101107553,2016-02-17,2016,,94.0,,,0,0,N,0.0,0.0,0.0,,,,,,,,35.97716,-86.67813,False,Crashes_2010_2019_MPO
102553024,2019-10-30,2019,,94.0,,,0,0,N,0.0,0.0,0.0,,,,,,,,36.03407,-86.80156,True,Crashes_2010_2019_MPO
102190841,2018-10-26,2018,,94.0,,,0,0,N,0.0,0.0,0.0,,,,,,,,35.93418,-86.81871,False,Crashes_2010_2019_MPO
101948423,2018-03-18,2018,,19.0,,,0,0,N,0.0,0.0,0.0,,,,,,,,36.05067,-86.77515,False,Crashes_2010_2019_MPO
101699702,2017-07-10,2017,,94.0,,,0,0,N,0.0,0.0,0.0,,,,,,,,35.94877,-86.83834,False,Crashes_2010_2019_MPO
100854873,2015-06-03,2015,,19.0,,,0,0,N,0.0,0.0,0.0,,,,,,,,36.04732,-86.86273,False,Crashes_2010_2019_MPO
100709271,2014-12-18,2014,,94.0,,,0,0,N,0.0,0.0,0.0,,,,,,,,35.94745,-86.81108,False,Crashes_2010_2019_MPO
100797280,2015-03-25,2015,,19.0,,,0,0,N,0.0,0.0,0.0,,,,,,,,36.03922,-86.78243,False,Crashes_2010_2019_MPO
101458829,2016-11-24,2016,,19.0,,,0,0,N,0.0,0.0,0.0,,,,,,,,36.04455,-86.71316,False,Crashes_2010_2019_MPO
101541296,2017-02-01,2017,,94.0,,,0,0,N,0.0,0.0,0.0,,,,,,,,36.00053,-86.80852,True,Crashes_2010_2019_MPO
102285911,2019-01-23,2019,,94.0,,,0,0,N,0.0,0.0,0.0,,,,,,,,35.94429,-86.81993,False,Crashes_2010_2019_MPO
100717427,2015-01-04,2015,,19.0,,,0,0,N,0.0,0.0,0.0,,,,,,,,36.04035,-86.7452,False,Crashes_2010_2019_MPO
102584502,2019-11-30,2019,,94.0,,,0,0,N,0.0,0.0,0.0,,,,,,,,35.92513,-86.87341,False,Crashes_2010_2019_MPO
100859581,2015-06-12,2015,,94.0,,,0,0,N,0.0,0.0,0.0,,,,,,,,35.96457,-86.81449,False,Crashes_2010_2019_MPO
101638532,2017-05-08,2017,,19.0,,,0,0,N,0.0,0.0,0.0,,,,,,,,36.04519,-86.71533,False,Crashes_2010_2019_MPO
101068347,2015-12-28,2015,,94.0,,,0,0,N,0.0,0.0,0.0,,,,,,,,35.95673,-86.83969,False,Crashes_2010_2019_MPO
100970495,2015-09-30,2015,,19.0,,,0,0,N,0.0,0.0,0.0,,,,,,,,36.04549,-86.71195,False,Crashes_2010_2019_MPO
100732779,2015-02-05,2015,,94.0,,,0,0,N,0.0,0.0,0.0,,,,,,,,35.99135,-86.7876,True,Crashes_2010_2019_MPO
101452377,2016-10-30,2016,,94.0,,,0,0,N,0.0,0.0,0.0,,,,,,,,35.99922,-86.80923,True,Crashes_2010_2019_MPO
100967085,2015-09-25,2015,,94.0,,,0,0,N,0.0,0.0,0.0,,,,,,,,35.94612,-86.82346,False,Crashes_2010_2019_MPO
101393490,2016-09-30,2016,,94.0,,,0,0,N,0.0,0.0,0.0,,,,,,,,35.93171,-86.87686,False,Crashes_2010_2019_MPO
101812340,2017-11-02,2017,,19.0,,,0,0,N,0.0,0.0,0.0,,,,,,,,36.04245,-86.71294,False,Crashes_2010_2019_MPO
101403897,2016-10-14,2016,,94.0,,,0,0,N,0.0,0.0,0.0,,,,,,,,35.92254,-86.87194,False,Crashes_2010_2019_MPO
100681756,2014-11-17,2014,,19.0,,,0,0,N,0.0,0.0,0.0,,,,,,,,36.04545,-86.7036,False,Crashes_2010_2019_MPO
101700187,2017-07-12,2017,,19.0,,,0,0,N,0.0,0.0,0.0,,,,,,,,36.02303,-86.68474,False,Crashes_2010_2019_MPO
101814820,2017-11-04,2017,,94.0,,,0,0,N,0.0,0.0,0.0,,,,,,,,35.92493,-86.86519,False,Crashes_2010_2019_MPO
102250056,2018-12-18,2018,,19.0,,,0,0,N,0.0,0.0,0.0,,,,,,,,36.04441,-86.78039,False,Crashes_2010_2019_MPO
101061488,2015-12-12,2015,,19.0,,,0,0,N,0.0,0.0,0.0,,,,,,,,36.04187,-86.71289,False,Crashes_2010_2019_MPO
101671228,2017-06-12,2017,,19.0,,,0,0,N,0.0,0.0,0.0,,,,,,,,36.03905,-86.75406,False,Crashes_2010_2019_MPO
101882305,2018-01-09,2018,,19.0,,,0,0,N,0.0,0.0,0.0,,,,,,,,36.04653,-86.68335,False,Crashes_2010_2019_MPO
102138265,2018-09-08,2018,,94.0,,,0,0,Y,0.0,0.0,1.0,,,,,,,,36.03378,-86.78344,True,Crashes_2010_2019_MPO
101694312,2017-07-06,2017,,94.0,,,0,0,N,0.0,0.0,0.0,,,,,,,,35.9951,-86.77444,True,Crashes_2010_2019_MPO
100706541,2014-12-14,2014,,19.0,,,0,0,N,0.0,0.0,0.0,,,,,,,,36.0411,-86.71288,False,Crashes_2010_2019_MPO
102059737,2018-06-30,2018,,94.0,,,0,0,N,0.0,0.0,0.0,,,,,,,,35.96637,-86.81376,False,Crashes_2010_2019_MPO
102286274,2019-01-24,2019,,94.0,,,0,0,N,0.0,0.0,0.0,,,,,,,,35.94167,-86.81611,False,Crashes_2010_2019_MPO
102599902,2019-12-17,2019,,94.0,,,0,0,N,0.0,0.0,0.0,,,,,,,,35.92702,-86.82121,False,Crashes_2010_2019_MPO
101269168,2016-06-20,2016,,19.0,,,0,0,N,0.0,0.0,0.0,,,,,,,,36.05151,-86.71436,False,Crashes_2010_2019_MPO
101468799,2016-12-06,2016,,19.0,,,0,0,N,0.0,0.0,0.0,,,,,,,,36.05209,-86.74311,False,Crashes_2010_2019_MPO
101685232,2017-06-28,2017,,19.0,,,0,0,N,0.0,0.0,0.0,,,,,,,,35.99548,-86.68787,False,Crashes_2010_2019_MPO
100707808,2014-12-16,2014,,19.0,,,0,0,N,0.0,0.0,0.0,,,,,,,,36.03939,-86.78353,False,Crashes_2010_2019_MPO
100441298,2014-02-10,2014,,94.0,,,0,0,N,0.0,0.0,0.0,,,,,,,,35.95864,-86.80445,False,Crashes_2010_2019_MPO
101825798,2017-11-14,2017,,19.0,,,0,0,N,0.0,0.0,0.0,,,,,,,,36.00896,-86.69358,False,Crashes_2010_2019_MPO
101329813,2016-08-17,2016,,94.0,,,0,0,N,0.0,0.0,0.0,,,,,,,,35.92762,-86.86567,False,Crashes_2010_2019_MPO
100803013,2015-04-05,2015,,19.0,,,0,0,N,0.0,0.0,0.0,,,,,,,,36.03273,-86.71282,False,Crashes_2010_2019_MPO
101725149,2017-08-09,2017,,19.0,,,0,0,N,0.0,0.0,0.0,,,,,,,,36.01108,-86.70269,False,Crashes_2010_2019_MPO
101833150,2017-11-21,2017,,94.0,,,0,0,N,0.0,0.0,0.0,,,,,,,,35.9492,-86.81948,False,Crashes_2010_2019_MPO
101397703,2016-10-03,2016,,94.0,,,0,0,N,0.0,0.0,0.0,,,,,,,,35.9932,-86.84784,False,Crashes_2010_2019_MPO
100417169,2013-12-10,2013,,94.0,,,0,0,N,0.0,0.0,0.0,,,,,,,,35.92974,-86.85584,False,Crashes_2010_2019_MPO
101994767,2018-04-30,2018,,19.0,,,0,0,N,0.0,0.0,0.0,,,,,,,,36.05079,-86.71667,False,Crashes_2010_2019_MPO
101406438,2016-10-18,2016,,19.0,,,0,0,N,0.0,0.0,0.0,,,,,,,,36.03951,-86.78175,False,Crashes_2010_2019_MPO
100665644,2014-11-06,2014,,94.0,,,0,0,N,0.0,0.0,0.0,,,,,,,,35.99045,-86.74881,True,Crashes_2010_2019_MPO
102358221,2019-04-12,2019,,94.0,,,0,0,N,0.0,0.0,0.0,,,,,,,,35.93219,-86.79405,False,Crashes_2010_2019_MPO
101582315,2017-03-13,2017,,94.0,,,0,0,N,0.0,0.0,0.0,,,,,,,,36.02175,-86.74267,False,Crashes_2010_2019_MPO
102157182,2018-09-25,2018,,19.0,,,0,0,N,0.0,0.0,0.0,,,,,,,,36.0355,-86.783,False,Crashes_2010_2019_MPO
102430626,2019-06-27,2019,,19.0,,,0,0,N,0.0,0.0,0.0,,,,,,,,35.99599,-86.69078,False,Crashes_2010_2019_MPO
100796832,2015-03-23,2015,,94.0,,,0,0,N,0.0,0.0,0.0,,,,,,,,35.98598,-86.73512,True,Crashes_2010_2019_MPO
100825599,2015-04-29,2015,,94.0,,,0,0,N,0.0,0.0,0.0,,,,,,,,36.03322,-86.78532,True,Crashes_2010_2019_MPO
100753372,2015-02-26,2015,,19.0,,,0,0,N,0.0,0.0,0.0,,,,,,,,36.01193,-86.70501,False,Crashes_2010_2019_MPO
100828717,2015-05-05,2015,,19.0,,,0,0,N,0.0,0.0,0.0,,,,,,,,36.05055,-86.87743,False,Crashes_2010_2019_MPO
101429601,2016-11-02,2016,,94.0,,,0,0,N,0.0,0.0,0.0,,,,,,,,35.96466,-86.79077,True,Crashes_2010_2019_MPO
100584143,2014-07-17,2014,,94.0,,,0,0,N,0.0,0.0,0.0,,,,,,,,35.94613,-86.82347,False,Crashes_2010_2019_MPO
102504263,2019-09-09,2019,,19.0,,,0,0,N,0.0,0.0,0.0,,,,,,,,36.0374,-86.78657,False,Crashes_2010_2019_MPO
101494610,2017-01-03,2017,,19.0,,,0,0,N,0.0,0.0,0.0,,,,,,,,36.04116,-86.78253,False,Crashes_2010_2019_MPO
102142623,2018-09-12,2018,,19.0,,,0,0,N,0.0,0.0,0.0,,,,,,,,36.04084,-86.77347,False,Crashes_2010_2019_MPO
100753272,2015-02-26,2015,,19.0,,,0,0,N,0.0,0.0,0.0,,,,,,,,36.03256,-86.7686,False,Crashes_2010_2019_MPO
101107404,2016-02-17,2016,,19.0,,,0,0,N,0.0,0.0,0.0,,,,,,,,36.04026,-86.8164,False,Crashes_2010_2019_MPO
101351216,2016-09-01,2016,,19.0,,,0,0,N,0.0,0.0,0.0,,,,,,,,36.04114,-86.77621,False,Crashes_2010_2019_MPO
102308376,2019-02-17,2019,,19.0,,,0,0,N,0.0,0.0,0.0,,,,,,,,35.99687,-86.68989,False,Crashes_2010_2019_MPO
100243207,2012-10-25,2012,,94.0,,,0,0,N,0.0,0.0,0.0,,,,,,,,35.99736,-86.79499,True,Crashes_2010_2019_MPO
101243397,2016-06-11,2016,,94.0,,,0,0,N,0.0,0.0,0.0,,,,,,,,35.95834,-86.87351,False,Crashes_2010_2019_MPO
100856462,2015-06-06,2015,,19.0,,,0,0,N,0.0,0.0,0.0,,,,,,,,36.05364,-86.71508,False,Crashes_2010_2019_MPO
100796388,2015-03-20,2015,,94.0,,,0,0,N,0.0,0.0,0.0,,,,,,,,35.92815,-86.83098,False,Crashes_2010_2019_MPO
102394456,2019-05-20,2019,,19.0,,,0,0,N,0.0,0.0,0.0,,,,,,,,36.03957,-86.78168,False,Crashes_2010_2019_MPO
100138189,2012-01-15,2012,,94.0,,,0,0,N,0.0,0.0,0.0,,,,,,,,35.953899,-86.721184,False,Crashes_2010_2019_MPO
101576370,2017-03-08,2017,,94.0,,,0,0,N,0.0,0.0,0.0,,,,,,,,35.92544,-86.86747,False,Crashes_2010_2019_MPO
101813131,2017-11-03,2017,,94.0,,,0,0,N,0.0,0.0,0.0,,,,,,,,35.94782,-86.81975,False,Crashes_2010_2019_MPO
101891853,2018-01-20,2018,,19.0,,,0,0,N,0.0,0.0,0.0,,,,,,,,36.04281,-86.71297,False,Crashes_2010_2019_MPO
100585176,2014-07-19,2014,,94.0,,,0,0,N,0.0,0.0,0.0,,,,,,,,35.94418,-86.81977,False,Crashes_2010_2019_MPO
101679662,2017-06-22,2017,,94.0,,,0,0,N,0.0,0.0,0.0,,,,,,,,35.97241,-86.80568,True,Crashes_2010_2019_MPO
101316060,2016-07-29,2016,,94.0,,,0,0,N,0.0,0.0,0.0,,,,,,,,35.96085,-86.79991,True,Crashes_2010_2019_MPO
102147745,2018-09-17,2018,,94.0,,,0,0,N,0.0,0.0,0.0,,,,,,,,35.92957,-86.84187,False,Crashes_2010_2019_MPO
100587257,2014-07-18,2014,,94.0,,,0,0,N,0.0,0.0,0.0,,,,,,,,35.98098,-86.82916,False,Crashes_2010_2019_MPO
100420430,2013-12-17,2013,,94.0,,,0,0,N,0.0,0.0,0.0,,,,,,,,35.94755,-86.81391,False,Crashes_2010_2019_MPO
100418742,2013-12-12,2013,,94.0,,,0,0,N,0.0,0.0,0.0,,,,,,,,35.93316,-86.87753,False,Crashes_2010_2019_MPO
101923235,2018-02-22,2018,,19.0,,,0,0,N,0.0,0.0,0.0,,,,,,,,36.03745,-86.78621,False,Crashes_2010_2019_MPO
100375570,2013-09-03,2013,,19.0,,,0,0,N,0.0,0.0,0.0,,,,,,,,36.03336,-86.78872,True,Crashes_2010_2019_MPO
100799875,2015-03-30,2015,,94.0,,,0,0,N,0.0,0.0,0.0,,,,,,,,35.95533,-86.80391,False,Crashes_2010_2019_MPO
101614591,2017-04-14,2017,,94.0,,,0,0,N,0.0,0.0,0.0,,,,,,,,36.01326,-86.80051,True,Crashes_2010_2019_MPO
100913387,2015-07-28,2015,,94.0,,,0,0,N,0.0,0.0,0.0,,,,,,,,35.97764,-86.77681,True,Crashes_2010_2019_MPO
100943387,2015-09-02,2015,,94.0,,,0,0,N,0.0,0.0,0.0,,,,,,,,35.97334,-86.83305,True,Crashes_2010_2019_MPO
101766517,2017-09-20,2017,,94.0,,,0,0,N,0.0,0.0,0.0,,,,,,,,35.95051,-86.76622,True,Crashes_2010_2019_MPO
100836344,2015-05-18,2015,,94.0,,,0,0,N,0.0,0.0,0.0,,,,,,,,35.99547,-86.8112,True,Crashes_2010_2019_MPO
100921760,2015-08-12,2015,,94.0,,,0,0,N,0.0,0.0,0.0,,,,,,,,35.9253,-86.86873,False,Crashes_2010_2019_MPO
102234649,2018-12-04,2018,,94.0,,,0,0,N,0.0,0.0,0.0,,,,,,,,35.99734,-86.79486,True,Crashes_2010_2019_MPO
101485915,2016-12-23,2016,,94.0,,,0,0,N,0.0,0.0,0.0,,,,,,,,35.98679,-86.73729,True,Crashes_2010_2019_MPO
101712485,2017-07-26,2017,,94.0,,,0,0,N,0.0,0.0,0.0,,,,,,,,35.96674,-86.81074,True,Crashes_2010_2019_MPO
102346888,2019-03-31,2019,,94.0,,,0,0,N,0.0,0.0,0.0,,,,,,,,35.92641,-86.82447,False,Crashes_2010_2019_MPO
100376470,2013-09-07,2013,,94.0,,,0,0,N,0.0,0.0,0.0,,,,,,,,35.92701,-86.76726,False,Crashes_2010_2019_MPO
102430958,2019-06-28,2019,,19.0,,,0,0,N,0.0,0.0,0.0,,,,,,,,36.03974,-86.76322,False,Crashes_2010_2019_MPO
101330080,2016-08-18,2016,,19.0,,,0,0,N,0.0,0.0,0.0,,,,,,,,36.025,-86.7424,False,Crashes_2010_2019_MPO
102419663,2019-06-15,2019,,19.0,,,0,0,N,0.0,0.0,0.0,,,,,,,,35.99687,-86.68989,False,Crashes_2010_2019_MPO
101640461,2017-05-10,2017,,94.0,,,0,0,N,0.0,0.0,0.0,,,,,,,,35.92771,-86.82449,False,Crashes_2010_2019_MPO
101474353,2016-12-12,2016,,94.0,,,0,0,N,0.0,0.0,0.0,,,,,,,,36.01296,-86.78497,True,Crashes_2010_2019_MPO
101245153,2016-06-13,2016,,94.0,,,0,0,N,0.0,0.0,0.0,,,,,,,,35.99643,-86.78798,True,Crashes_2010_2019_MPO
100170659,2012-04-18,2012,,94.0,,,0,0,N,0.0,0.0,0.0,,,,,,,,36.04157,-86.85159,True,Crashes_2010_2019_MPO
102047700,2018-06-19,2018,,19.0,,,0,0,N,0.0,0.0,0.0,,,,,,,,36.03816,-86.78397,False,Crashes_2010_2019_MPO
101481020,2016-12-18,2016,,19.0,,,0,0,N,0.0,0.0,0.0,,,,,,,,36.04302,-86.69066,False,Crashes_2010_2019_MPO
100340683,2013-06-07,2013,,94.0,,,0,0,N,0.0,0.0,0.0,,,,,,,,35.95617,-86.81713,False,Crashes_2010_2019_MPO
102461731,2019-07-29,2019,,94.0,,,0,0,N,0.0,0.0,0.0,,,,,,,,35.95826,-86.80153,False,Crashes_2010_2019_MPO
101912934,2018-02-11,2018,,19.0,,,0,0,N,0.0,0.0,0.0,,,,,,,,36.02817,-86.74401,False,Crashes_2010_2019_MPO
101462381,2016-11-28,2016,,94.0,,,0,0,N,0.0,0.0,0.0,,,,,,,,35.93191,-86.79441,False,Crashes_2010_2019_MPO
101677517,2017-06-19,2017,,19.0,,,0,0,N,0.0,0.0,0.0,,,,,,,,36.04721,-86.86282,False,Crashes_2010_2019_MPO
100738105,2015-02-16,2015,,19.0,,,0,0,N,0.0,0.0,0.0,,,,,,,,36.0443,-86.69394,False,Crashes_2010_2019_MPO
100239994,2012-10-17,2012,,94.0,,,0,0,N,0.0,0.0,0.0,,,,,,,,36.03202,-86.78341,True,Crashes_2010_2019_MPO
102038403,2018-06-09,2018,,94.0,,,0,0,N,0.0,0.0,0.0,,,,,,,,35.95703,-86.8152,False,Crashes_2010_2019_MPO
100876601,2015-06-25,2015,,94.0,,,0,0,N,0.0,0.0,0.0,,,,,,,,35.99841,-86.78405,True,Crashes_2010_2019_MPO
102557381,2019-11-03,2019,,94.0,,,0,0,N,0.0,0.0,0.0,,,,,,,,35.96198,-86.81518,False,Crashes_2010_2019_MPO
101481838,2016-12-19,2016,,94.0,,,0,0,N,0.0,0.0,0.0,,,,,,,,35.95578,-86.81147,False,Crashes_2010_2019_MPO
100767281,2015-03-05,2015,,94.0,,,0,0,N,0.0,0.0,0.0,,,,,,,,35.98868,-86.7998,True,Crashes_2010_2019_MPO
100920165,2015-08-07,2015,,94.0,,,0,0,N,0.0,0.0,0.0,,,,,,,,35.95312,-86.84667,False,Crashes_2010_2019_MPO
101579413,2017-03-10,2017,,94.0,,,0,0,N,0.0,0.0,0.0,,,,,,,,35.96959,-86.80641,True,Crashes_2010_2019_MPO
101603403,2017-04-04,2017,,19.0,,,0,0,N,0.0,0.0,0.0,,,,,,,,36.03778,-86.79541,False,Crashes_2010_2019_MPO
100696715,2014-11-25,2014,,94.0,,,0,0,N,0.0,0.0,0.0,,,,,,,,35.96708,-86.81356,True,Crashes_2010_2019_MPO
100458337,2014-02-27,2014,,94.0,,,0,0,N,0.0,0.0,0.0,,,,,,,,35.9354,-86.82528,False,Crashes_2010_2019_MPO
102249219,2018-12-17,2018,,94.0,,,0,0,N,0.0,0.0,0.0,,,,,,,,36.03527,-86.81311,True,Crashes_2010_2019_MPO
102340630,2019-03-25,2019,,19.0,,,0,0,N,0.0,0.0,0.0,,,,,,,,36.0343,-86.79174,True,Crashes_2010_2019_MPO
100682439,2014-11-18,2014,,94.0,,,0,0,N,0.0,0.0,0.0,,,,,,,,35.97763,-86.77601,True,Crashes_2010_2019_MPO
101239418,2016-06-05,2016,,19.0,,,0,0,N,0.0,0.0,0.0,,,,,,,,36.04283,-86.72634,False,Crashes_2010_2019_MPO
101042179,2015-12-03,2015,,94.0,,,0,0,N,0.0,0.0,0.0,,,,,,,,35.96598,-86.80548,True,Crashes_2010_2019_MPO
100998119,2015-10-28,2015,,94.0,,,0,0,N,0.0,0.0,0.0,,,,,,,,35.99249,-86.75652,True,Crashes_2010_2019_MPO
100944129,2015-09-03,2015,,19.0,,,0,0,N,0.0,0.0,0.0,,,,,,,,36.03419,-86.77686,False,Crashes_2010_2019_MPO
101776562,2017-09-29,2017,,94.0,,,0,0,N,0.0,0.0,0.0,,,,,,,,35.93925,-86.85753,False,Crashes_2010_2019_MPO
102306838,2019-02-15,2019,,94.0,,,0,0,N,0.0,0.0,0.0,,,,,,,,35.961772,-86.80173,True,Crashes_2010_2019_MPO
100433196,2014-01-21,2014,,94.0,,,0,0,N,0.0,0.0,0.0,,,,,,,,35.93128,-86.87659,False,Crashes_2010_2019_MPO
100432935,2014-01-20,2014,,94.0,,,0,0,N,0.0,0.0,0.0,,,,,,,,35.99644,-86.788,True,Crashes_2010_2019_MPO
100340686,2013-06-11,2013,,94.0,,,0,0,N,0.0,0.0,0.0,,,,,,,,35.96689,-86.81362,True,Crashes_2010_2019_MPO
101069348,2015-12-30,2015,,19.0,,,0,0,N,0.0,0.0,0.0,,,,,,,,36.03928,-86.74344,False,Crashes_2010_2019_MPO
102311029,2019-02-20,2019,,19.0,,,0,0,N,0.0,0.0,0.0,,,,,,,,36.04522,-86.71479,False,Crashes_2010_2019_MPO
100565365,2014-06-25,2014,,94.0,,,0,0,N,0.0,0.0,0.0,,,,,,,,35.92421,-86.86945,False,Crashes_2010_2019_MPO
102291933,2019-01-30,2019,,19.0,,,0,0,N,0.0,0.0,0.0,,,,,,,,36.04124,-86.77784,False,Crashes_2010_2019_MPO
102591104,2019-12-07,2019,,94.0,,,0,0,N,0.0,0.0,0.0,,,,,,,,35.94724,-86.82424,False,Crashes_2010_2019_MPO
102295328,2019-02-02,2019,,94.0,,,0,0,N,0.0,0.0,0.0,,,,,,,,35.99567,-86.78058,True,Crashes_2010_2019_MPO
100293851,2013-02-16,2013,,94.0,,,0,0,N,0.0,0.0,0.0,,,,,,,,35.96696,-86.81286,True,Crashes_2010_2019_MPO
100946128,2015-09-07,2015,,94.0,,,0,0,N,0.0,0.0,0.0,,,,,,,,35.99163,-86.81323,True,Crashes_2010_2019_MPO
100615096,2014-08-31,2014,,94.0,,,0,0,N,0.0,0.0,0.0,,,,,,,,35.94426,-86.82182,False,Crashes_2010_2019_MPO
100217671,2012-08-22,2012,,94.0,,,0,0,N,0.0,0.0,0.0,,,,,,,,36.01325,-86.80218,True,Crashes_2010_2019_MPO
102457020,2019-07-24,2019,,19.0,,,0,0,N,0.0,0.0,0.0,,,,,,,,36.03995,-86.74262,False,Crashes_2010_2019_MPO
101847467,2017-12-04,2017,,94.0,,,0,0,N,0.0,0.0,0.0,,,,,,,,35.95231,-86.81242,False,Crashes_2010_2019_MPO
101407308,2016-10-19,2016,,94.0,,,0,0,N,0.0,0.0,0.0,,,,,,,,35.95772,-86.8167,True,Crashes_2010_2019_MPO
100696413,2014-11-25,2014,,19.0,,,0,0,N,0.0,0.0,0.0,,,,,,,,36.04542,-86.71317,False,Crashes_2010_2019_MPO
100965893,2015-09-23,2015,,19.0,,,0,0,N,0.0,0.0,0.0,,,,,,,,36.04884,-86.71435,False,Crashes_2010_2019_MPO
100484579,2014-04-10,2014,,94.0,,,0,0,Y,0.0,0.0,1.0,,,,,,,,35.96592,-86.80287,True,Crashes_2010_2019_MPO
100976512,2015-10-09,2015,,19.0,,,0,0,N,0.0,0.0,0.0,,,,,,,,36.05151,-86.71436,False,Crashes_2010_2019_MPO
101969338,2018-04-06,2018,,94.0,,,0,0,N,0.0,0.0,0.0,,,,,,,,35.94645,-86.82369,False,Crashes_2010_2019_MPO
100614704,2014-09-04,2014,,94.0,,,0,0,N,0.0,0.0,0.0,,,,,,,,35.93646,-86.82074,False,Crashes_2010_2019_MPO
101885604,2018-01-08,2018,,94.0,,,0,0,N,0.0,0.0,0.0,,,,,,,,36.00814,-86.78705,True,Crashes_2010_2019_MPO
100479592,2014-03-28,2014,,94.0,,,0,0,N,0.0,0.0,0.0,,,,,,,,35.9593,-86.80186,False,Crashes_2010_2019_MPO
101285063,2016-07-13,2016,,94.0,,,0,0,N,0.0,0.0,0.0,,,,,,,,35.92443,-86.8239,False,Crashes_2010_2019_MPO
101769620,2017-09-22,2017,,94.0,,,0,0,N,0.0,0.0,0.0,,,,,,,,35.95724,-86.81662,False,Crashes_2010_2019_MPO
102043440,2018-06-14,2018,,19.0,,,0,0,N,0.0,0.0,0.0,,,,,,,,36.04537,-86.71326,False,Crashes_2010_2019_MPO
102150102,2018-09-11,2018,,94.0,,,0,0,N,0.0,0.0,0.0,,,,,,,,35.93604,-86.82366,False,Crashes_2010_2019_MPO
102192971,2018-10-28,2018,,94.0,,,0,0,N,0.0,0.0,0.0,,,,,,,,35.96451,-86.8088,False,Crashes_2010_2019_MPO
100754968,2015-03-01,2015,,94.0,,,0,0,N,0.0,0.0,0.0,,,,,,,,35.96496,-86.80331,True,Crashes_2010_2019_MPO
101096880,2016-01-30,2016,,94.0,,,0,0,N,0.0,0.0,0.0,,,,,,,,35.99671,-86.79047,True,Crashes_2010_2019_MPO
101755037,2017-09-08,2017,,19.0,,,0,0,N,0.0,0.0,0.0,,,,,,,,36.04057,-86.77999,False,Crashes_2010_2019_MPO
101064251,2015-12-21,2015,,19.0,,,0,0,N,0.0,0.0,0.0,,,,,,,,36.0344,-86.74356,False,Crashes_2010_2019_MPO
101630937,2017-05-01,2017,,94.0,,,0,0,N,0.0,0.0,0.0,,,,,,,,35.96141,-86.71076,True,Crashes_2010_2019_MPO
100349662,2013-07-03,2013,,94.0,,,0,0,N,0.0,0.0,0.0,,,,,,,,35.94596,-86.82687,False,Crashes_2010_2019_MPO
100828840,2015-05-05,2015,,19.0,,,0,0,N,0.0,0.0,0.0,,,,,,,,36.05451,-86.7245,False,Crashes_2010_2019_MPO
101752562,2017-08-29,2017,,94.0,,,0,0,N,0.0,0.0,0.0,,,,,,,,35.99613,-86.79723,True,Crashes_2010_2019_MPO
102279278,2019-01-16,2019,,19.0,,,0,0,N,0.0,0.0,0.0,,,,,,,,36.03878,-86.74343,False,Crashes_2010_2019_MPO
100156551,2012-03-08,2012,,94.0,,,0,0,N,0.0,0.0,0.0,,,,,,,,36.01772,-86.78632,True,Crashes_2010_2019_MPO
100852606,2015-05-30,2015,,19.0,,,0,0,N,0.0,0.0,0.0,,,,,,,,36.04667,-86.7093,False,Crashes_2010_2019_MPO
101651138,2017-05-21,2017,,94.0,,,0,0,N,0.0,0.0,0.0,,,,,,,,35.92926,-86.82663,False,Crashes_2010_2019_MPO