mstrrecnbr,collision_ts,year,county,countystat,crash,crash_type,fatalities,non_motorists,commercial,fatal_c,nonmotor_c,truck_c,fatalc,serious_injuries,ped,bike,lighting,weather,first_harmful_event,latitude,longitude,in_city,src_layer
101566104,2017-02-25,2017,,94.0,,,0,0,N,0.0,0.0,0.0,,,,,,,,35.94648,-86.81975,False,Crashes_2010_2019_MPO
101000957,2015-11-01,2015,,94.0,,,0,0,N,0.0,0.0,0.0,,,,,,,,35.93487,-86.82144,False,Crashes_2010_2019_MPO
102241213,2018-12-10,2018,,94.0,,,0,0,N,0.0,0.0,0.0,,,,,,,,35.99758,-86.79682,True,Crashes_2010_2019_MPO
101431638,2016-11-04,2016,,94.0,,,0,0,N,0.0,0.0,0.0,,,,,,,,36.02723,-86.78872,True,Crashes_2010_2019_MPO
101402239,2016-10-12,2016,,19.0,,,0,0,N,0.0,0.0,0.0,,,,,,,,36.04542,-86.71268,False,Crashes_2010_2019_MPO
102018022,2018-05-21,2018,,19.0,,,0,0,N,0.0,0.0,0.0,,,,,,,,35.99687,-86.68989,False,Crashes_2010_2019_MPO
102307105,2019-02-15,2019,,94.0,,,0,0,N,0.0,0.0,0.0,,,,,,,,35.96709,-86.8111,True,Crashes_2010_2019_MPO
102054120,2018-06-26,2018,,19.0,,,0,0,N,0.0,0.0,0.0,,,,,,,,36.04114,-86.74375,False,Crashes_2010_2019_MPO
101032803,2015-11-19,2015,,94.0,,,0,0,N,0.0,0.0,0.0,,,,,,,,36.0391,-86.81235,False,Crashes_2010_2019_MPO
100834789,2015-05-15,2015,,94.0,,,0,0,N,0.0,0.0,0.0,,,,,,,,36.00152,-86.83178,False,Crashes_2010_2019_MPO
100431465,2014-01-15,2014,,94.0,,,0,0,N,0.0,0.0,0.0,,,,,,,,35.94432,-86.82003,False,Crashes_2010_2019_MPO
100615323,2014-09-03,2014,,94.0,,,0,0,N,0.0,0.0,0.0,,,,,,,,36.02724,-86.78425,True,Crashes_2010_2019_MPO
100591255,2014-08-04,2014,,94.0,,,0,0,N,0.0,0.0,0.0,,,,,,,,35.94976,-86.87744,False,Crashes_2010_2019_MPO
102318846,2019-03-01,2019,,94.0,,,0,0,N,0.0,0.0,0.0,,,,,,,,35.9667,-86.81121,True,Crashes_2010_2019_MPO
100635905,2014-09-30,2014,,94.0,,,0,0,N,0.0,0.0,0.0,,,,,,,,35.93193,-86.79397,False,Crashes_2010_2019_MPO
101634383,2017-05-04,2017,,19.0,,,0,0,N,0.0,0.0,0.0,,,,,,,,36.03261,-86.76937,False,Crashes_2010_2019_MPO
100435438,2014-01-27,2014,,94.0,,,0,0,N,0.0,0.0,0.0,,,,,,,,35.96665,-86.80921,True,Crashes_2010_2019_MPO
101012001,2015-11-18,2015,,94.0,,,0,0,N,0.0,0.0,0.0,,,,,,,,36.035118,-86.789192,True,Crashes_2010_2019_MPO
101496768,2017-01-01,2017,,94.0,,,0,0,N,0.0,0.0,0.0,,,,,,,,35.92699,-86.76726,False,Crashes_2010_2019_MPO
101606123,2017-03-27,2017,,94.0,,,0,0,N,0.0,0.0,0.0,,,,,,,,36.0362,-86.78707,True,Crashes_2010_2019_MPO
101652790,2017-05-23,2017,,94.0,,,0,0,N,0.0,0.0,0.0,,,,,,,,35.94969,-86.81939,False,Crashes_2010_2019_MPO
102604275,2019-12-21,2019,,19.0,,,0,0,N,0.0,0.0,0.0,,,,,,,,36.04021,-86.76774,False,Crashes_2010_2019_MPO
101713943,2017-07-28,2017,,94.0,,,0,0,N,0.0,0.0,0.0,,,,,,,,35.96487,-86.79294,True,Crashes_2010_2019_MPO
101725465,2017-08-09,2017,,94.0,,,0,0,N,0.0,0.0,0.0,,,,,,,,35.95443,-86.84563,False,Crashes_2010_2019_MPO
102393546,2019-05-19,2019,,19.0,,,0,0,N,0.0,0.0,0.0,,,,,,,,36.04543,-86.71258,False,Crashes_2010_2019_MPO
102150702,2018-09-19,2018,,94.0,,,0,0,N,0.0,0.0,0.0,,,,,,,,35.93306,-86.81184,False,Crashes_2010_2019_MPO
101640169,2017-05-10,2017,,94.0,,,0,0,N,0.0,0.0,0.0,,,,,,,,35.93586,-86.81813,False,Crashes_2010_2019_MPO
101232969,2016-05-26,2016,,94.0,,,0,0,N,0.0,0.0,0.0,,,,,,,,35.96492,-86.81397,False,Crashes_2010_2019_MPO
102267034,2019-01-04,2019,,94.0,,,0,0,N,0.0,0.0,0.0,,,,,,,,35.961,-86.68304,False,Crashes_2010_2019_MPO
100262219,2012-12-05,2012,,94.0,,,0,0,N,0.0,0.0,0.0,,,,,,,,35.94979,-86.81353,False,Crashes_2010_2019_MPO
102143410,2018-09-13,2018,,94.0,,,0,0,Y,0.0,0.0,1.0,,,,,,,,35.96312,-86.81897,True,Crashes_2010_2019_MPO
101731657,2017-08-14,2017,,94.0,,,0,0,N,0.0,0.0,0.0,,,,,,,,35.99183,-86.68408,False,Crashes_2010_2019_MPO
101499635,2017-01-08,2017,,94.0,,,0,0,N,0.0,0.0,0.0,,,,,,,,35.94683,-86.85172,False,Crashes_2010_2019_MPO
100485236,2014-04-11,2014,,94.0,,,0,0,N,0.0,0.0,0.0,,,,,,,,35.94677,-86.85185,False,Crashes_2010_2019_MPO
101469328,2016-12-06,2016,,19.0,,,0,0,N,0.0,0.0,0.0,,,,,,,,36.03899,-86.78258,False,Crashes_2010_2019_MPO
102378251,2019-05-02,2019,,94.0,,,0,0,N,0.0,0.0,0.0,,,,,,,,35.95198,-86.81788,False,Crashes_2010_2019_MPO
102436711,2019-07-03,2019,,94.0,,,0,0,N,0.0,0.0,0.0,,,,,,,,36.0343,-86.863,False,Crashes_2010_2019_MPO
100713518,2014-12-27,2014,,94.0,,,0,0,N,0.0,0.0,0.0,,,,,,,,35.96706,-86.81348,True,Crashes_2010_2019_MPO
101868754,2017-12-22,2017,,94.0,,,0,0,N,0.0,0.0,0.0,,,,,,,,35.97077,-86.80625,True,Crashes_2010_2019_MPO
100945453,2015-09-04,2015,,94.0,,,0,0,N,0.0,0.0,0.0,,,,,,,,35.92321,-86.8675,False,Crashes_2010_2019_MPO
101910436,2018-02-08,2018,,94.0,,,0,0,N,0.0,0.0,0.0,,,,,,,,35.96194,-86.8401,False,Crashes_2010_2019_MPO
102498075,2019-09-03,2019,,19.0,,,0,0,N,0.0,0.0,0.0,,,,,,,,36.0409,-86.77938,False,Crashes_2010_2019_MPO
102106406,2018-08-11,2018,,94.0,,,0,0,N,0.0,0.0,0.0,,,,,,,,35.95962,-86.83087,False,Crashes_2010_2019_MPO
101547415,2017-02-07,2017,,19.0,,,0,0,N,0.0,0.0,0.0,,,,,,,,36.01353,-86.7044,False,Crashes_2010_2019_MPO
100736221,2015-02-12,2015,,94.0,,,0,0,N,0.0,0.0,0.0,,,,,,,,36.00882,-86.78606,True,Crashes_2010_2019_MPO
100853077,2015-05-31,2015,,94.0,,,0,0,N,0.0,0.0,0.0,,,,,,,,35.97764,-86.77681,True,Crashes_2010_2019_MPO
101754491,2017-09-08,2017,,19.0,,,0,0,N,0.0,0.0,0.0,,,,,,,,36.03983,-86.74093,False,Crashes_2010_2019_MPO
102114982,2018-08-19,2018,,19.0,,,0,0,N,0.0,0.0,0.0,,,,,,,,36.04522,-86.71479,False,Crashes_2010_2019_MPO
102070650,2018-07-09,2018,,94.0,,,0,0,N,0.0,0.0,0.0,,,,,,,,35.92692,-86.82446,False,Crashes_2010_2019_MPO
101597475,2017-03-29,2017,,94.0,,,0,0,N,0.0,0.0,0.0,,,,,,,,35.95217,-86.81854,False,Crashes_2010_2019_MPO
101581167,2017-03-12,2017,,19.0,,,0,0,N,0.0,0.0,0.0,,,,,,,,36.03981,-86.7812,False,Crashes_2010_2019_MPO
102116557,2018-08-20,2018,,19.0,,,0,0,N,0.0,0.0,0.0,,,,,,,,36.02284,-86.71238,False,Crashes_2010_2019_MPO
101864971,2017-12-20,2017,,19.0,,,0,0,N,0.0,0.0,0.0,,,,,,,,36.03748,-86.78594,False,Crashes_2010_2019_MPO
101711438,2017-07-24,2017,,94.0,,,0,0,N,0.0,0.0,0.0,,,,,,,,35.97734,-86.72553,True,Crashes_2010_2019_MPO
102512699,2019-09-18,2019,,94.0,,,0,0,N,0.0,0.0,0.0,,,,,,,,35.96683,-86.81214,True,Crashes_2010_2019_MPO
102432843,2019-06-30,2019,,19.0,,,0,0,N,0.0,0.0,0.0,,,,,,,,36.04839,-86.69346,False,Crashes_2010_2019_MPO
101069263,2015-12-30,2015,,19.0,,,0,0,N,0.0,0.0,0.0,,,,,,,,36.03967,-86.78146,False,Crashes_2010_2019_MPO
100942760,2015-08-31,2015,,94.0,,,0,0,N,0.0,0.0,0.0,,,,,,,,36.00931,-86.72607,True,Crashes_2010_2019_MPO
102450995,2019-07-18,2019,,94.0,,,0,0,N,0.0,0.0,0.0,,,,,,,,35.96396,-86.69208,False,Crashes_2010_2019_MPO
101005425,2015-11-08,2015,,19.0,,,0,0,N,0.0,0.0,0.0,,,,,,,,36.05151,-86.71436,False,Crashes_2010_2019_MPO
100735302,2015-02-10,2015,,19.0,,,0,0,N,0.0,0.0,0.0,,,,,,,,36.03741,-86.79145,False,Crashes_2010_2019_MPO
102002572,2018-05-07,2018,,94.0,,,0,0,N,0.0,0.0,0.0,,,,,,,,35.92957,-86.84213,False,Crashes_2010_2019_MPO
101501291,2017-01-10,2017,,94.0,,,0,0,N,0.0,0.0,0.0,,,,,,,,35.95707,-86.84351,False,Crashes_2010_2019_MPO
100704132,2014-12-09,2014,,94.0,,,0,0,N,0.0,0.0,0.0,,,,,,,,35.95592,-86.81725,False,Crashes_2010_2019_MPO
100856469,2015-06-06,2015,,19.0,,,0,0,N,0.0,0.0,0.0,,,,,,,,36.0427,-86.71303,False,Crashes_2010_2019_MPO
100362484,2013-08-04,2013,,94.0,,,0,0,N,0.0,0.0,0.0,,,,,,,,35.92367,-86.76694,False,Crashes_2010_2019_MPO
102465981,2019-08-02,2019,,94.0,,,0,0,N,0.0,0.0,0.0,,,,,,,,35.94173,-86.82104,False,Crashes_2010_2019_MPO
101288026,2016-07-18,2016,,19.0,,,0,0,N,0.0,0.0,0.0,,,,,,,,36.03994,-86.76509,False,Crashes_2010_2019_MPO
101191399,2016-05-10,2016,,94.0,,,0,0,N,0.0,0.0,0.0,,,,,,,,36.01321,-86.7387,True,Crashes_2010_2019_MPO
101866831,2017-12-22,2017,,94.0,,,0,0,N,0.0,0.0,0.0,,,,,,,,36.03522,-86.78691,True,Crashes_2010_2019_MPO
102093112,2018-07-30,2018,,94.0,,,0,0,N,0.0,0.0,0.0,,,,,,,,35.95789,-86.80257,False,Crashes_2010_2019_MPO
102102634,2018-08-08,2018,,19.0,,,0,0,N,0.0,0.0,0.0,,,,,,,,36.04952,-86.67734,False,Crashes_2010_2019_MPO
102272867,2019-01-10,2019,,94.0,,,0,0,N,0.0,0.0,0.0,,,,,,,,35.94782,-86.81975,False,Crashes_2010_2019_MPO
100767322,2015-03-05,2015,,94.0,,,0,0,N,0.0,0.0,0.0,,,,,,,,35.9521,-86.81779,False,Crashes_2010_2019_MPO
100340236,2013-06-10,2013,,94.0,,,0,0,N,0.0,0.0,0.0,,,,,,,,35.94779,-86.81915,False,Crashes_2010_2019_MPO
101331290,2016-08-19,2016,,19.0,,,0,0,N,0.0,0.0,0.0,,,,,,,,36.04633,-86.75262,False,Crashes_2010_2019_MPO
102366861,2019-04-20,2019,,94.0,,,0,0,N,0.0,0.0,0.0,,,,,,,,35.96665,-86.80925,True,Crashes_2010_2019_MPO
102088147,2018-07-26,2018,,94.0,,,0,0,N,0.0,0.0,0.0,,,,,,,,35.94778,-86.81994,False,Crashes_2010_2019_MPO
102394250,2019-05-20,2019,,19.0,,,0,0,N,0.0,0.0,0.0,,,,,,,,36.03979,-86.76376,False,Crashes_2010_2019_MPO
102012190,2018-05-15,2018,,94.0,,,0,0,N,0.0,0.0,0.0,,,,,,,,35.99734,-86.79486,True,Crashes_2010_2019_MPO
102023569,2018-05-26,2018,,19.0,,,0,0,N,0.0,0.0,0.0,,,,,,,,36.04369,-86.77984,False,Crashes_2010_2019_MPO
101895258,2018-01-24,2018,,19.0,,,0,0,N,0.0,0.0,0.0,,,,,,,,36.04653,-86.7134,False,Crashes_2010_2019_MPO
100543791,2014-05-27,2014,,94.0,,,0,0,N,0.0,0.0,0.0,,,,,,,,36.03336,-86.78872,True,Crashes_2010_2019_MPO
101612180,2017-04-12,2017,,19.0,,,0,0,N,0.0,0.0,0.0,,,,,,,,36.02138,-86.71138,False,Crashes_2010_2019_MPO
101712080,2017-07-26,2017,,94.0,,,0,0,N,0.0,0.0,0.0,,,,,,,,36.03322,-86.78531,True,Crashes_2010_2019_MPO
102224763,2018-11-26,2018,,94.0,,,0,0,N,0.0,0.0,0.0,,,,,,,,35.96688,-86.81117,True,Crashes_2010_2019_MPO
101470350,2016-12-07,2016,,94.0,,,0,0,N,0.0,0.0,0.0,,,,,,,,35.94978,-86.81933,False,Crashes_2010_2019_MPO
101647148,2017-05-17,2017,,94.0,,,0,0,N,0.0,0.0,0.0,,,,,,,,35.94813,-86.81682,False,Crashes_2010_2019_MPO
102350631,2019-04-04,2019,,19.0,,,0,0,N,0.0,0.0,0.0,,,,,,,,36.0453,-86.70168,False,Crashes_2010_2019_MPO
101159481,2016-04-07,2016,,94.0,,,0,0,N,0.0,0.0,0.0,,,,,,,,35.9403,-86.83901,False,Crashes_2010_2019_MPO
101561227,2017-02-20,2017,,94.0,,,0,0,N,0.0,0.0,0.0,,,,,,,,35.9885,-86.68132,False,Crashes_2010_2019_MPO
102445798,2019-07-12,2019,,19.0,,,0,0,N,0.0,0.0,0.0,,,,,,,,36.04563,-86.71092,False,Crashes_2010_2019_MPO
101959219,2018-03-29,2018,,94.0,,,0,0,N,0.0,0.0,0.0,,,,,,,,36.03467,-86.78332,True,Crashes_2010_2019_MPO
102055407,2018-06-27,2018,,19.0,,,0,0,N,0.0,0.0,0.0,,,,,,,,36.04119,-86.77669,False,Crashes_2010_2019_MPO
101497889,2017-01-06,2017,,19.0,,,0,0,N,0.0,0.0,0.0,,,,,,,,36.03973,-86.71967,False,Crashes_2010_2019_MPO
102389283,2019-05-14,2019,,94.0,,,0,0,N,0.0,0.0,0.0,,,,,,,,35.94743,-86.81411,False,Crashes_2010_2019_MPO
100880480,2015-07-03,2015,,94.0,,,0,0,N,0.0,0.0,0.0,,,,,,,,35.99711,-86.79343,True,Crashes_2010_2019_MPO
102343776,2019-03-26,2019,,19.0,,,0,0,N,0.0,0.0,0.0,,,,,,,,36.04561,-86.71977,False,Crashes_2010_2019_MPO
102154849,2018-09-22,2018,,94.0,,,0,0,N,0.0,0.0,0.0,,,,,,,,35.99922,-86.80923,True,Crashes_2010_2019_MPO
101231571,2016-05-24,2016,,19.0,,,0,0,N,0.0,0.0,0.0,,,,,,,,36.04513,-86.68592,False,Crashes_2010_2019_MPO
100633828,2014-09-25,2014,,94.0,,,0,0,N,0.0,0.0,0.0,,,,,,,,36.00825,-86.78663,True,Crashes_2010_2019_MPO
101365152,2016-09-20,2016,,94.0,,,0,0,N,0.0,0.0,0.0,,,,,,,,35.98528,-86.73045,True,Crashes_2010_2019_MPO
101008268,2015-11-12,2015,,94.0,,,0,0,N,0.0,0.0,0.0,,,,,,,,35.94709,-86.86685,False,Crashes_2010_2019_MPO
100995936,2015-10-24,2015,,19.0,,,0,0,N,0.0,0.0,0.0,,,,,,,,36.04182,-86.71289,False,Crashes_2010_2019_MPO
100545513,2014-05-31,2014,,94.0,,,0,0,N,0.0,0.0,0.0,,,,,,,,35.95165,-86.81819,False,Crashes_2010_2019_MPO
102121544,2018-08-25,2018,,19.0,,,0,0,N,0.0,0.0,0.0,,,,,,,,36.04535,-86.70239,False,Crashes_2010_2019_MPO
102233606,2018-12-03,2018,,94.0,,,0,0,N,0.0,0.0,0.0,,,,,,,,35.9718,-86.67844,False,Crashes_2010_2019_MPO
100443815,2014-02-14,2014,,94.0,,,0,0,N,0.0,0.0,0.0,,,,,,,,35.95644,-86.81262,False,Crashes_2010_2019_MPO
101100632,2016-01-30,2016,,94.0,,,0,0,Y,0.0,0.0,1.0,,,,,,,,35.9641,-86.8084,False,Crashes_2010_2019_MPO
101159569,2016-04-07,2016,,19.0,,,0,0,N,0.0,0.0,0.0,,,,,,,,36.04035,-86.78261,False,Crashes_2010_2019_MPO
101938687,2018-03-09,2018,,94.0,,,0,0,N,0.0,0.0,0.0,,,,,,,,35.96118,-86.75923,True,Crashes_2010_2019_MPO
100993597,2015-10-22,2015,,94.0,,,0,0,N,0.0,0.0,0.0,,,,,,,,36.00168,-86.8401,True,Crashes_2010_2019_MPO
100876232,2015-06-25,2015,,94.0,,,0,0,N,0.0,0.0,0.0,,,,,,,,35.96132,-86.81219,False,Crashes_2010_2019_MPO
102356637,2019-04-10,2019,,19.0,,,0,0,N,0.0,0.0,0.0,,,,,,,,36.03971,-86.7814,False,Crashes_2010_2019_MPO
102087106,2018-07-26,2018,,19.0,,,0,0,N,0.0,0.0,0.0,,,,,,,,36.03963,-86.74344,False,Crashes_2010_2019_MPO
100397515,2013-10-29,2013,,94.0,,,0,0,N,0.0,0.0,0.0,,,,,,,,35.92955,-86.84264,False,Crashes_2010_2019_MPO
101881197,2018-01-08,2018,,19.0,,,0,0,N,0.0,0.0,0.0,,,,,,,,36.04479,-86.72487,False,Crashes_2010_2019_MPO
101779272,2017-10-02,2017,,94.0,,,0,0,N,0.0,0.0,0.0,,,,,,,,35.96688,-86.808976,True,Crashes_2010_2019_MPO
101475291,2016-12-12,2016,,94.0,,,0,0,N,0.0,0.0,0.0,,,,,,,,35.93159,-86.86314,False,Crashes_2010_2019_MPO
102281359,2019-01-18,2019,,94.0,,,0,0,N,0.0,0.0,0.0,,,,,,,,35.93541,-86.82372,False,Crashes_2010_2019_MPO
102332820,2019-03-16,2019,,94.0,,,0,0,N,0.0,0.0,0.0,,,,,,,,35.95856,-86.81501,False,Crashes_2010_2019_MPO
101003041,2015-11-04,2015,,94.0,,,0,0,N,0.0,0.0,0.0,,,,,,,,35.98593,-86.77793,True,Crashes_2010_2019_MPO
100338865,2013-06-07,2013,,94.0,,,0,0,N,0.0,0.0,0.0,,,,,,,,35.95121,-86.8184,False,Crashes_2010_2019_MPO
100682055,2014-11-17,2014,,94.0,,,0,0,N,0.0,0.0,0.0,,,,,,,,35.94686,-86.80717,False,Crashes_2010_2019_MPO
101499971,2017-01-06,2017,,94.0,,,0,0,N,0.0,0.0,0.0,,,,,,,,35.96518,-86.80029,True,Crashes_2010_2019_MPO
100147772,2012-02-14,2012,,94.0,,,0,0,N,0.0,0.0,0.0,,,,,,,,36.03474,-86.78792,True,Crashes_2010_2019_MPO
101106200,2016-02-15,2016,,94.0,,,0,0,N,0.0,0.0,0.0,,,,,,,,36.01463,-86.74271,True,Crashes_2010_2019_MPO
102484330,2019-08-21,2019,,94.0,,,0,0,N,0.0,0.0,0.0,,,,,,,,35.93465,-86.86087,False,Crashes_2010_2019_MPO
102019029,2018-05-22,2018,,94.0,,,0,0,N,0.0,0.0,0.0,,,,,,,,36.01778,-86.78634,True,Crashes_2010_2019_MPO
101947473,2018-03-16,2018,,94.0,,,0,0,N,0.0,0.0,0.0,,,,,,,,35.93306,-86.81184,False,Crashes_2010_2019_MPO
101000033,2015-10-30,2015,,19.0,,,0,0,N,0.0,0.0,0.0,,,,,,,,36.04497,-86.68621,False,Crashes_2010_2019_MPO
102525808,2019-10-01,2019,,19.0,,,0,0,N,0.0,0.0,0.0,,,,,,,,36.04783,-86.86229,False,Crashes_2010_2019_MPO
100264210,2012-12-10,2012,,94.0,,,0,0,N,0.0,0.0,0.0,,,,,,,,36.03296,-86.78287,True,Crashes_2010_2019_MPO
101984774,2018-04-21,2018,,94.0,,,0,0,N,0.0,0.0,0.0,,,,,,,,35.97266,-86.67845,False,Crashes_2010_2019_MPO
101283635,2016-07-11,2016,,19.0,,,0,0,N,0.0,0.0,0.0,,,,,,,,36.03899,-86.78258,False,Crashes_2010_2019_MPO
102558241,2019-11-04,2019,,19.0,,,0,0,N,0.0,0.0,0.0,,,,,,,,36.04811,-86.77574,False,Crashes_2010_2019_MPO
101596171,2017-03-28,2017,,19.0,,,0,1,N,0.0,1.0,0.0,,,,,,,,36.04672,-86.71342,False,Crashes_2010_2019_MPO
100773711,2015-03-17,2015,,94.0,,,0,0,N,0.0,0.0,0.0,,,,,,,,35.97652,-86.69995,True,Crashes_2010_2019_MPO
101317846,2016-08-01,2016,,94.0,,,0,0,N,0.0,0.0,0.0,,,,,,,,35.9522,-86.81802,False,Crashes_2010_2019_MPO
100834468,2015-05-15,2015,,94.0,,,0,0,N,0.0,0.0,0.0,,,,,,,,35.96095,-86.81559,False,Crashes_2010_2019_MPO
101737645,2017-08-21,2017,,94.0,,,0,0,N,0.0,0.0,0.0,,,,,,,,35.93215,-86.79441,False,Crashes_2010_2019_MPO
102513575,2019-09-19,2019,,19.0,,,0,0,N,0.0,0.0,0.0,,,,,,,,36.03765,-86.79333,False,Crashes_2010_2019_MPO
101603467,2017-04-02,2017,,94.0,,,0,0,N,0.0,0.0,0.0,,,,,,,,35.96716,-86.81351,True,Crashes_2010_2019_MPO
102493499,2019-08-30,2019,,19.0,,,0,0,N,0.0,0.0,0.0,,,,,,,,36.04519,-86.7158,False,Crashes_2010_2019_MPO
100508768,2014-05-14,2014,,94.0,,,0,0,N,0.0,0.0,0.0,,,,,,,,35.95051,-86.76621,True,Crashes_2010_2019_MPO
102257676,2018-12-26,2018,,94.0,,,0,0,N,0.0,0.0,0.0,,,,,,,,35.96454,-86.81434,False,Crashes_2010_2019_MPO
100826009,2015-04-30,2015,,94.0,,,0,0,N,0.0,0.0,0.0,,,,,,,,36.0205,-86.78268,True,Crashes_2010_2019_MPO
101747709,2017-09-01,2017,,19.0,,,0,0,N,0.0,0.0,0.0,,,,,,,,36.04725,-86.8625,False,Crashes_2010_2019_MPO
101080494,2016-01-20,2016,,94.0,,,0,0,N,0.0,0.0,0.0,,,,,,,,36.01689,-86.78609,True,Crashes_2010_2019_MPO
101923784,2018-02-22,2018,,19.0,,,0,0,N,0.0,0.0,0.0,,,,,,,,36.04529,-86.71728,False,Crashes_2010_2019_MPO
102418479,2019-06-14,2019,,94.0,,,0,1,N,0.0,1.0,0.0,,,,,,,,35.96534,-86.79757,True,Crashes_2010_2019_MPO
102303923,2019-02-12,2019,,19.0,,,0,0,N,0.0,0.0,0.0,,,,,,,,36.04082,-86.7733,False,Crashes_2010_2019_MPO
100298461,2013-03-01,2013,,94.0,,,0,0,N,0.0,0.0,0.0,,,,,,,,35.94817,-86.8174,False,Crashes_2010_2019_MPO
100358386,2013-07-24,2013,,94.0,,,0,0,N,0.0,0.0,0.0,,,,,,,,35.96302,-86.815,False,Crashes_2010_2019_MPO
101283804,2016-07-11,2016,,94.0,,,0,0,N,0.0,0.0,0.0,,,,,,,,35.95215,-86.81843,False,Crashes_2010_2019_MPO
102237449,2018-12-06,2018,,19.0,,,0,0,N,0.0,0.0,0.0,,,,,,,,36.04834,-86.86648,False,Crashes_2010_2019_MPO
101636588,2017-05-06,2017,,94.0,,,0,0,N,0.0,0.0,0.0,,,,,,,,35.94813,-86.81682,False,Crashes_2010_2019_MPO
101871356,2017-12-28,2017,,19.0,,,0,0,N,0.0,0.0,0.0,,,,,,,,36.04778,-86.71355,False,Crashes_2010_2019_MPO
100704591,2014-12-10,2014,,94.0,,,0,0,N,0.0,0.0,0.0,,,,,,,,35.947,-86.85213,False,Crashes_2010_2019_MPO
101154489,2016-03-31,2016,,94.0,,,0,0,N,0.0,0.0,0.0,,,,,,,,35.93685,-86.81804,False,Crashes_2010_2019_MPO
102363012,2019-04-16,2019,,94.0,,,0,0,N,0.0,0.0,0.0,,,,,,,,35.99638,-86.78751,True,Crashes_2010_2019_MPO
100415688,2013-12-06,2013,,94.0,,,0,0,N,0.0,0.0,0.0,,,,,,,,35.94062,-86.83248,False,Crashes_2010_2019_MPO
101237258,2016-06-02,2016,,19.0,,,0,0,N,0.0,0.0,0.0,,,,,,,,36.04479,-86.72487,False,Crashes_2010_2019_MPO
101771826,2017-09-25,2017,,94.0,,,0,0,N,0.0,0.0,0.0,,,,,,,,35.99771,-86.79797,True,Crashes_2010_2019_MPO
100571849,2014-07-11,2014,,94.0,,,0,0,N,0.0,0.0,0.0,,,,,,,,35.96362,-86.82326,True,Crashes_2010_2019_MPO
100709978,2014-12-20,2014,,94.0,,,0,0,N,0.0,0.0,0.0,,,,,,,,35.94951,-86.81931,False,Crashes_2010_2019_MPO
100641955,2014-10-11,2014,,94.0,,,0,0,N,0.0,0.0,0.0,,,,,,,,35.9674,-86.69656,False,Crashes_2010_2019_MPO
100861191,2015-06-15,2015,,94.0,,,0,0,N,0.0,0.0,0.0,,,,,,,,35.98437,-86.72434,True,Crashes_2010_2019_MPO
101332845,2016-08-21,2016,,19.0,,,0,0,N,0.0,0.0,0.0,,,,,,,,36.03953,-86.78173,False,Crashes_2010_2019_MPO
101010675,2015-11-16,2015,,94.0,,,0,0,N,0.0,0.0,0.0,,,,,,,,35.94812,-86.82275,False,Crashes_2010_2019_MPO
102408165,2019-06-02,2019,,19.0,,,0,0,N,0.0,0.0,0.0,,,,,,,,36.0515,-86.7144,False,Crashes_2010_2019_MPO
101273503,2016-06-26,2016,,19.0,,,0,0,N,0.0,0.0,0.0,,,,,,,,36.00863,-86.69405,False,Crashes_2010_2019_MPO
102428657,2019-06-25,2019,,94.0,,,0,0,N,0.0,0.0,0.0,,,,,,,,35.95524,-86.84497,False,Crashes_2010_2019_MPO
101191259,2016-05-10,2016,,94.0,,,0,0,N,0.0,0.0,0.0,,,,,,,,35.94708,-86.83267,False,Crashes_2010_2019_MPO
102344244,2019-03-29,2019,,94.0,,,0,0,N,0.0,0.0,0.0,,,,,,,,35.99779,-86.79867,True,Crashes_2010_2019_MPO
101591506,2017-03-23,2017,,94.0,,,0,0,N,0.0,0.0,0.0,,,,,,,,35.97415,-86.8323,True,Crashes_2010_2019_MPO
101826661,2017-11-14,2017,,94.0,,,0,0,N,0.0,0.0,0.0,,,,,,,,35.9659,-86.81393,False,Crashes_2010_2019_MPO
101709060,2017-07-22,2017,,94.0,,,0,0,N,0.0,0.0,0.0,,,,,,,,35.95834,-86.80203,False,Crashes_2010_2019_MPO
102511968,2019-09-17,2019,,94.0,,,0,0,N,0.0,0.0,0.0,,,,,,,,35.92691,-86.86595,False,Crashes_2010_2019_MPO
102513631,2019-09-19,2019,,19.0,,,0,0,N,0.0,0.0,0.0,,,,,,,,36.03767,-86.78651,False,Crashes_2010_2019_MPO
100918462,2015-07-18,2015,,94.0,,,0,0,N,0.0,0.0,0.0,,,,,,,,35.9649,-86.81547,True,Crashes_2010_2019_MPO
100967227,2015-09-25,2015,,19.0,,,0,0,N,0.0,0.0,0.0,,,,,,,,36.0375,-86.78584,False,Crashes_2010_2019_MPO
100431614,2014-01-15,2014,,94.0,,,0,0,N,0.0,0.0,0.0,,,,,,,,35.93461,-86.82012,False,Crashes_2010_2019_MPO
101208488,2016-05-20,2016,,94.0,,,0,0,N,0.0,0.0,0.0,,,,,,,,36.034327,-86.791585,True,Crashes_2010_2019_MPO
101072698,2016-01-06,2016,,19.0,,,0,0,N,0.0,0.0,0.0,,,,,,,,36.04547,-86.71835,False,Crashes_2010_2019_MPO
100974551,2015-10-06,2015,,94.0,,,0,0,N,0.0,0.0,0.0,,,,,,,,35.99457,-86.84724,False,Crashes_2010_2019_MPO
102093533,2018-07-31,2018,,94.0,,,0,0,N,0.0,0.0,0.0,,,,,,,,35.95044,-86.84883,False,Crashes_2010_2019_MPO
102288241,2019-01-25,2019,,94.0,,,0,0,N,0.0,0.0,0.0,,,,,,,,35.97173,-86.82562,True,Crashes_2010_2019_MPO
100548993,2014-06-09,2014,,94.0,,,0,0,N,0.0,0.0,0.0,,,,,,,,36.0282,-86.7835,True,Crashes_2010_2019_MPO
100504961,2014-05-02,2014,,94.0,,,0,0,N,0.0,0.0,0.0,,,,,,,,36.01717,-86.78617,True,Crashes_2010_2019_MPO
100428654,2014-01-08,2014,,94.0,,,0,0,N,0.0,0.0,0.0,,,,,,,,35.95104,-86.80653,False,Crashes_2010_2019_MPO