mstrrecnbr,collision_ts,year,county,countystat,crash,crash_type,fatalities,non_motorists,commercial,fatal_c,nonmotor_c,truck_c,fatalc,serious_injuries,ped,bike,lighting,weather,first_harmful_event,latitude,longitude,in_city,src_layer
100484990,2014-04-10,2014,,94.0,,,0,0,N,0.0,0.0,0.0,,,,,,,,35.99004,-86.74527,True,Crashes_2010_2019_MPO
101274263,2016-06-27,2016,,19.0,,,0,0,N,0.0,0.0,0.0,,,,,,,,36.04383,-86.71309,False,Crashes_2010_2019_MPO
100586345,2014-07-22,2014,,94.0,,,0,0,N,0.0,0.0,0.0,,,,,,,,35.94613,-86.82347,False,Crashes_2010_2019_MPO
102342449,2019-03-27,2019,,19.0,,,0,0,N,0.0,0.0,0.0,,,,,,,,36.04058,-86.77101,False,Crashes_2010_2019_MPO
101127078,2016-03-03,2016,,94.0,,,0,0,N,0.0,0.0,0.0,,,,,,,,35.94232,-86.82109,False,Crashes_2010_2019_MPO
102082603,2018-07-20,2018,,94.0,,,0,0,N,0.0,0.0,0.0,,,,,,,,35.93498,-86.8217,False,Crashes_2010_2019_MPO
100385499,2013-09-30,2013,,94.0,,,0,0,Y,0.0,0.0,1.0,,,,,,,,35.93671,-86.87867,False,Crashes_2010_2019_MPO
100635334,2014-09-28,2014,,19.0,,,0,0,N,0.0,0.0,0.0,,,,,,,,36.04036,-86.78073,False,Crashes_2010_2019_MPO
101165243,2016-04-16,2016,,94.0,,,0,0,N,0.0,0.0,0.0,,,,,,,,36.01292,-86.84604,False,Crashes_2010_2019_MPO
101326913,2016-08-13,2016,,19.0,,,0,0,N,0.0,0.0,0.0,,,,,,,,36.04668,-86.72506,False,Crashes_2010_2019_MPO
102355836,2019-04-10,2019,,94.0,,,0,0,N,0.0,0.0,0.0,,,,,,,,36.0343,-86.79174,True,Crashes_2010_2019_MPO
102343748,2019-03-28,2019,,19.0,,,0,0,N,0.0,0.0,0.0,,,,,,,,36.04537,-86.71326,False,Crashes_2010_2019_MPO
102526691,2019-10-02,2019,,19.0,,,0,0,N,0.0,0.0,0.0,,,,,,,,36.04383,-86.68824,False,Crashes_2010_2019_MPO
102165169,2018-10-02,2018,,19.0,,,0,1,N,0.0,1.0,0.0,,,,,,,,36.04196,-86.7681,False,Crashes_2010_2019_MPO
102568330,2019-11-14,2019,,94.0,,,0,0,N,0.0,0.0,0.0,,,,,,,,35.93487,-86.82143,False,Crashes_2010_2019_MPO
102523998,2019-09-28,2019,,94.0,,,0,0,N,0.0,0.0,0.0,,,,,,,,35.99141,-86.6837,False,Crashes_2010_2019_MPO
101595321,2017-03-27,2017,,94.0,,,0,0,N,0.0,0.0,0.0,,,,,,,,35.92384,-86.81066,False,Crashes_2010_2019_MPO
101430537,2016-11-02,2016,,94.0,,,0,0,N,0.0,0.0,0.0,,,,,,,,35.93065,-86.7941,False,Crashes_2010_2019_MPO
101147076,2016-03-18,2016,,94.0,,,0,0,N,0.0,0.0,0.0,,,,,,,,35.95209,-86.81805,False,Crashes_2010_2019_MPO
100798234,2015-03-27,2015,,19.0,,,0,0,N,0.0,0.0,0.0,,,,,,,,36.02154,-86.70764,False,Crashes_2010_2019_MPO
101181645,2016-04-26,2016,,94.0,,,0,0,N,0.0,0.0,0.0,,,,,,,,35.94812,-86.81797,False,Crashes_2010_2019_MPO
101558119,2017-02-17,2017,,94.0,,,0,0,N,0.0,0.0,0.0,,,,,,,,35.94804,-86.86368,False,Crashes_2010_2019_MPO
101156420,2016-04-02,2016,,94.0,,,0,0,N,0.0,0.0,0.0,,,,,,,,35.935,-86.82176,False,Crashes_2010_2019_MPO
101393548,2016-09-30,2016,,19.0,,,0,0,N,0.0,0.0,0.0,,,,,,,,36.05252,-86.68459,False,Crashes_2010_2019_MPO
101930227,2018-03-01,2018,,94.0,,,0,0,N,0.0,0.0,0.0,,,,,,,,36.03467,-86.78332,True,Crashes_2010_2019_MPO
102245911,2018-12-14,2018,,94.0,,,0,0,N,0.0,0.0,0.0,,,,,,,,35.92548,-86.86836,False,Crashes_2010_2019_MPO
101847889,2017-12-04,2017,,94.0,,,0,0,N,0.0,0.0,0.0,,,,,,,,35.95918,-86.8021,False,Crashes_2010_2019_MPO
100332175,2013-05-21,2013,,94.0,,,0,0,N,0.0,0.0,0.0,,,,,,,,35.95615,-86.8164,False,Crashes_2010_2019_MPO
100836360,2015-05-18,2015,,94.0,,,0,0,N,0.0,0.0,0.0,,,,,,,,36.03444,-86.78809,True,Crashes_2010_2019_MPO
101189146,2016-05-06,2016,,19.0,,,0,0,N,0.0,0.0,0.0,,,,,,,,36.03997,-86.74279,False,Crashes_2010_2019_MPO
101106725,2016-02-16,2016,,94.0,,,0,0,N,0.0,0.0,0.0,,,,,,,,35.94909,-86.81974,False,Crashes_2010_2019_MPO
101347596,2016-08-27,2016,,94.0,,,0,0,N,0.0,0.0,0.0,,,,,,,,36.01272,-86.80091,True,Crashes_2010_2019_MPO
101545269,2017-02-05,2017,,94.0,,,0,1,N,0.0,1.0,0.0,,,,,,,,35.96588,-86.80316,True,Crashes_2010_2019_MPO
101197469,2016-05-18,2016,,94.0,,,0,0,N,0.0,0.0,0.0,,,,,,,,35.9584,-86.80226,False,Crashes_2010_2019_MPO
102346625,2019-03-22,2019,,94.0,,,0,0,N,0.0,0.0,0.0,,,,,,,,36.00756,-86.87827,False,Crashes_2010_2019_MPO
100417167,2013-12-05,2013,,94.0,,,0,0,N,0.0,0.0,0.0,,,,,,,,35.94626,-86.80893,False,Crashes_2010_2019_MPO
100360146,2013-07-29,2013,,94.0,,,0,0,N,0.0,0.0,0.0,,,,,,,,35.96595,-86.80315,True,Crashes_2010_2019_MPO
101069926,2015-12-31,2015,,94.0,,,0,0,N,0.0,0.0,0.0,,,,,,,,35.94228,-86.82093,False,Crashes_2010_2019_MPO
100206021,2012-07-23,2012,,94.0,,,0,0,N,0.0,0.0,0.0,,,,,,,,35.9675,-86.81346,True,Crashes_2010_2019_MPO
101181004,2016-04-25,2016,,94.0,,,0,0,N,0.0,0.0,0.0,,,,,,,,35.98326,-86.71737,True,Crashes_2010_2019_MPO
101794030,2017-10-16,2017,,94.0,,,0,0,N,0.0,0.0,0.0,,,,,,,,35.94772,-86.81938,False,Crashes_2010_2019_MPO
101562272,2017-02-22,2017,,19.0,,,0,0,N,0.0,0.0,0.0,,,,,,,,36.04172,-86.78242,False,Crashes_2010_2019_MPO
102201364,2018-11-05,2018,,19.0,,,0,0,N,0.0,0.0,0.0,,,,,,,,36.03985,-86.81522,False,Crashes_2010_2019_MPO
10417142,2011-04-14,2011,,19.0,,,0,0, ,0.0,0.0,0.0,,,,,,,,36.039652,-86.739096,False,Crashes_2010_2019_MPO
100721670,2015-01-13,2015,,19.0,,,0,0,N,0.0,0.0,0.0,,,,,,,,36.03187,-86.78343,True,Crashes_2010_2019_MPO
101181256,2016-04-25,2016,,94.0,,,0,0,N,0.0,0.0,0.0,,,,,,,,35.95941,-86.83102,False,Crashes_2010_2019_MPO
102511397,2019-09-14,2019,,94.0,,,0,0,N,0.0,0.0,0.0,,,,,,,,35.96008,-86.81419,False,Crashes_2010_2019_MPO
100722451,2015-01-15,2015,,19.0,,,0,0,N,0.0,0.0,0.0,,,,,,,,36.04643,-86.71348,False,Crashes_2010_2019_MPO
101009794,2015-11-12,2015,,19.0,,,0,0,N,0.0,0.0,0.0,,,,,,,,36.04239,-86.8309,False,Crashes_2010_2019_MPO
100697478,2014-11-27,2014,,94.0,,,0,0,N,0.0,0.0,0.0,,,,,,,,36.00179,-86.73789,True,Crashes_2010_2019_MPO
101280376,2016-07-06,2016,,94.0,,,0,0,N,0.0,0.0,0.0,,,,,,,,35.96635,-86.80735,True,Crashes_2010_2019_MPO
101275569,2016-06-29,2016,,19.0,,,0,0,N,0.0,0.0,0.0,,,,,,,,36.03971,-86.76279,False,Crashes_2010_2019_MPO
100565792,2014-06-26,2014,,94.0,,,0,0,N,0.0,0.0,0.0,,,,,,,,35.96175,-86.80191,True,Crashes_2010_2019_MPO
100665204,2014-11-05,2014,,94.0,,,0,0,N,0.0,0.0,0.0,,,,,,,,36.00618,-86.86549,False,Crashes_2010_2019_MPO
101453517,2016-11-18,2016,,94.0,,,0,0,N,0.0,0.0,0.0,,,,,,,,36.01611,-86.78613,True,Crashes_2010_2019_MPO
101894755,2018-01-23,2018,,19.0,,,0,0,N,0.0,0.0,0.0,,,,,,,,36.03666,-86.7835,False,Crashes_2010_2019_MPO
102418044,2019-06-13,2019,,94.0,,,0,0,N,0.0,0.0,0.0,,,,,,,,35.93171,-86.86305,False,Crashes_2010_2019_MPO
101708021,2017-07-16,2017,,94.0,,,0,0,N,0.0,0.0,0.0,,,,,,,,35.99766,-86.79468,True,Crashes_2010_2019_MPO
101097748,2016-02-01,2016,,19.0,,,0,0,N,0.0,0.0,0.0,,,,,,,,36.0456,-86.71088,False,Crashes_2010_2019_MPO
101393357,2016-09-30,2016,,19.0,,,0,0,N,0.0,0.0,0.0,,,,,,,,36.04682,-86.67926,False,Crashes_2010_2019_MPO
102457919,2019-07-25,2019,,94.0,,,0,0,N,0.0,0.0,0.0,,,,,,,,35.99379,-86.76055,True,Crashes_2010_2019_MPO
101823200,2017-11-12,2017,,19.0,,,0,0,N,0.0,0.0,0.0,,,,,,,,36.04096,-86.74617,False,Crashes_2010_2019_MPO
100853789,2015-06-01,2015,,19.0,,,0,0,N,0.0,0.0,0.0,,,,,,,,36.03747,-86.78677,False,Crashes_2010_2019_MPO
101576447,2017-03-08,2017,,94.0,,,0,0,N,0.0,0.0,0.0,,,,,,,,36.00905,-86.78586,True,Crashes_2010_2019_MPO
101190366,2016-05-07,2016,,94.0,,,0,0,N,0.0,0.0,0.0,,,,,,,,36.015651,-86.818973,True,Crashes_2010_2019_MPO
100721627,2015-01-09,2015,,94.0,,,0,0,N,0.0,0.0,0.0,,,,,,,,36.02273,-86.78674,True,Crashes_2010_2019_MPO
102224522,2018-11-26,2018,,19.0,,,0,0,N,0.0,0.0,0.0,,,,,,,,36.05364,-86.68389,False,Crashes_2010_2019_MPO
100437446,2014-01-23,2014,,19.0,,,0,0,N,0.0,0.0,0.0,,,,,,,,36.03175,-86.78961,True,Crashes_2010_2019_MPO
100343152,2013-06-17,2013,,94.0,,,0,0,N,0.0,0.0,0.0,,,,,,,,35.95104,-86.81851,False,Crashes_2010_2019_MPO
100564150,2014-06-22,2014,,94.0,,,0,0,N,0.0,0.0,0.0,,,,,,,,35.94632,-86.8236,False,Crashes_2010_2019_MPO
101932956,2018-03-03,2018,,19.0,,,0,0,N,0.0,0.0,0.0,,,,,,,,36.04533,-86.70211,False,Crashes_2010_2019_MPO
101322492,2016-08-07,2016,,94.0,,,0,0,N,0.0,0.0,0.0,,,,,,,,35.99922,-86.80923,True,Crashes_2010_2019_MPO
101623951,2017-04-24,2017,,94.0,,,0,0,N,0.0,0.0,0.0,,,,,,,,35.95227,-86.81801,False,Crashes_2010_2019_MPO
100907636,2015-07-17,2015,,94.0,,,0,0,N,0.0,0.0,0.0,,,,,,,,35.96589,-86.80587,True,Crashes_2010_2019_MPO
100459427,2014-03-03,2014,,94.0,,,0,0,N,0.0,0.0,0.0,,,,,,,,35.94766,-86.85112,False,Crashes_2010_2019_MPO
101890202,2018-01-18,2018,,94.0,,,0,0,N,0.0,0.0,0.0,,,,,,,,35.96699,-86.81237,True,Crashes_2010_2019_MPO
102433213,2019-06-30,2019,,94.0,,,0,0,N,0.0,0.0,0.0,,,,,,,,35.94087,-86.83949,False,Crashes_2010_2019_MPO
101714477,2017-07-28,2017,,94.0,,,0,0,N,0.0,0.0,0.0,,,,,,,,35.94036,-86.83304,False,Crashes_2010_2019_MPO
101924548,2018-02-23,2018,,94.0,,,0,0,N,0.0,0.0,0.0,,,,,,,,35.94686,-86.82234,False,Crashes_2010_2019_MPO
102482830,2019-08-20,2019,,19.0,,,0,0,N,0.0,0.0,0.0,,,,,,,,36.04575,-86.86404,False,Crashes_2010_2019_MPO
101121929,2016-02-24,2016,,94.0,,,0,0,N,0.0,0.0,0.0,,,,,,,,35.93875,-86.82155,False,Crashes_2010_2019_MPO
102027464,2018-05-29,2018,,19.0,,,0,0,N,0.0,0.0,0.0,,,,,,,,36.04432,-86.70606,False,Crashes_2010_2019_MPO
100409939,2013-11-22,2013,,94.0,,,0,0,N,0.0,0.0,0.0,,,,,,,,36.00161,-86.79347,True,Crashes_2010_2019_MPO
101233049,2016-05-25,2016,,94.0,,,0,0,N,0.0,0.0,0.0,,,,,,,,35.96333,-86.80859,False,Crashes_2010_2019_MPO
101482288,2016-12-20,2016,,94.0,,,0,0,N,0.0,0.0,0.0,,,,,,,,35.94149,-86.85596,False,Crashes_2010_2019_MPO
101567589,2017-02-27,2017,,94.0,,,0,0,N,0.0,0.0,0.0,,,,,,,,35.997827,-86.794889,True,Crashes_2010_2019_MPO
100951785,2015-09-16,2015,,94.0,,,0,0,N,0.0,0.0,0.0,,,,,,,,35.947,-86.8214,False,Crashes_2010_2019_MPO
102083419,2018-07-22,2018,,19.0,,,0,0,N,0.0,0.0,0.0,,,,,,,,36.0528,-86.71476,False,Crashes_2010_2019_MPO
100801608,2015-04-02,2015,,19.0,,,0,0,N,0.0,0.0,0.0,,,,,,,,36.04019,-86.76746,False,Crashes_2010_2019_MPO
101105956,2016-02-15,2016,,94.0,,,0,0,N,0.0,0.0,0.0,,,,,,,,35.95209,-86.81805,False,Crashes_2010_2019_MPO
102156670,2018-09-16,2018,,94.0,,,0,0,N,0.0,0.0,0.0,,,,,,,,35.92975,-86.86452,False,Crashes_2010_2019_MPO
102490767,2019-08-28,2019,,94.0,,,0,0,N,0.0,0.0,0.0,,,,,,,,35.92302,-86.8166,False,Crashes_2010_2019_MPO
100298446,2013-03-01,2013,,94.0,,,0,0,N,0.0,0.0,0.0,,,,,,,,35.94622,-86.80876,False,Crashes_2010_2019_MPO
101484378,2016-12-22,2016,,94.0,,,0,0,N,0.0,0.0,0.0,,,,,,,,35.96163,-86.81214,False,Crashes_2010_2019_MPO
100885834,2015-07-13,2015,,19.0,,,0,0,N,0.0,0.0,0.0,,,,,,,,36.04526,-86.71475,False,Crashes_2010_2019_MPO
101103864,2016-02-11,2016,,94.0,,,0,0,N,0.0,0.0,0.0,,,,,,,,35.97878,-86.75282,True,Crashes_2010_2019_MPO
101877849,2018-01-04,2018,,94.0,,,0,0,N,0.0,0.0,0.0,,,,,,,,35.97878,-86.75282,True,Crashes_2010_2019_MPO
101184714,2016-04-29,2016,,94.0,,,0,0,N,0.0,0.0,0.0,,,,,,,,35.92532,-86.87303,False,Crashes_2010_2019_MPO
101756412,2017-09-09,2017,,19.0,,,0,0,N,0.0,0.0,0.0,,,,,,,,36.03491,-86.78307,True,Crashes_2010_2019_MPO
100818864,2015-04-15,2015,,19.0,,,0,0,N,0.0,0.0,0.0,,,,,,,,36.04627,-86.71326,False,Crashes_2010_2019_MPO
100508698,2014-05-05,2014,,94.0,,,0,0,N,0.0,0.0,0.0,,,,,,,,35.99665,-86.78986,True,Crashes_2010_2019_MPO
101833376,2017-11-21,2017,,94.0,,,0,0,N,0.0,0.0,0.0,,,,,,,,36.03036,-86.78362,True,Crashes_2010_2019_MPO
100504341,2014-05-04,2014,,94.0,,,0,0,N,0.0,0.0,0.0,,,,,,,,35.96849,-86.81911,True,Crashes_2010_2019_MPO
102222742,2018-11-24,2018,,19.0,,,0,0,N,0.0,0.0,0.0,,,,,,,,36.05007,-86.69159,False,Crashes_2010_2019_MPO
101912749,2018-02-10,2018,,94.0,,,0,0,N,0.0,0.0,0.0,,,,,,,,35.93421,-86.81882,False,Crashes_2010_2019_MPO
100995018,2015-10-24,2015,,19.0,,,0,0,N,0.0,0.0,0.0,,,,,,,,35.99981,-86.69309,False,Crashes_2010_2019_MPO
102244492,2018-12-12,2018,,94.0,,,0,0,N,0.0,0.0,0.0,,,,,,,,36.0117,-86.78511,True,Crashes_2010_2019_MPO
102429222,2019-06-26,2019,,94.0,,,0,0,N,0.0,0.0,0.0,,,,,,,,36.01979,-86.74209,False,Crashes_2010_2019_MPO
102558274,2019-11-04,2019,,94.0,,,0,0,N,0.0,0.0,0.0,,,,,,,,36.03484,-86.79622,True,Crashes_2010_2019_MPO
102476675,2019-08-13,2019,,94.0,,,0,0,N,0.0,0.0,0.0,,,,,,,,35.95704,-86.8169,False,Crashes_2010_2019_MPO
102457595,2019-07-23,2019,,94.0,,,0,0,N,0.0,0.0,0.0,,,,,,,,35.94612,-86.82346,False,Crashes_2010_2019_MPO
100521667,2014-05-21,2014,,94.0,,,0,0,N,0.0,0.0,0.0,,,,,,,,35.94338,-86.85448,False,Crashes_2010_2019_MPO
100962168,2015-09-17,2015,,94.0,,,0,0,N,0.0,0.0,0.0,,,,,,,,35.96681,-86.81119,True,Crashes_2010_2019_MPO
100944098,2015-09-02,2015,,94.0,,,0,0,N,0.0,0.0,0.0,,,,,,,,35.95151,-86.84797,False,Crashes_2010_2019_MPO
101240670,2016-06-07,2016,,94.0,,,0,0,N,0.0,0.0,0.0,,,,,,,,35.97755,-86.77536,True,Crashes_2010_2019_MPO
100236390,2012-10-09,2012,,94.0,,,0,0,N,0.0,0.0,0.0,,,,,,,,35.99792,-86.79979,True,Crashes_2010_2019_MPO
100937676,2015-08-22,2015,,94.0,,,0,0,N,0.0,0.0,0.0,,,,,,,,36.02775,-86.79181,True,Crashes_2010_2019_MPO
101643521,2017-05-13,2017,,94.0,,,0,0,N,0.0,0.0,0.0,,,,,,,,35.95161,-86.73411,True,Crashes_2010_2019_MPO
102348685,2019-04-02,2019,,94.0,,,0,0,N,0.0,0.0,0.0,,,,,,,,35.99835,-86.79634,True,Crashes_2010_2019_MPO
102044177,2018-06-15,2018,,94.0,,,0,0,N,0.0,0.0,0.0,,,,,,,,36.01978,-86.74213,False,Crashes_2010_2019_MPO
100213514,2012-08-10,2012,,94.0,,,0,0,N,0.0,0.0,0.0,,,,,,,,35.98636,-86.69694,True,Crashes_2010_2019_MPO
101099376,2016-02-04,2016,,94.0,,,0,0,N,0.0,0.0,0.0,,,,,,,,35.9832,-86.82004,True,Crashes_2010_2019_MPO
101507150,2017-01-17,2017,,19.0,,,0,0,N,0.0,0.0,0.0,,,,,,,,36.0374,-86.78657,False,Crashes_2010_2019_MPO
101074077,2016-01-08,2016,,94.0,,,0,0,N,0.0,0.0,0.0,,,,,,,,35.92474,-86.87429,False,Crashes_2010_2019_MPO
101275413,2016-06-28,2016,,94.0,,,0,0,N,0.0,0.0,0.0,,,,,,,,35.94793,-86.81976,False,Crashes_2010_2019_MPO
102195291,2018-10-30,2018,,94.0,,,0,0,N,0.0,0.0,0.0,,,,,,,,36.00878,-86.7861,True,Crashes_2010_2019_MPO
102512059,2019-09-17,2019,,94.0,,,0,0,N,0.0,0.0,0.0,,,,,,,,35.93191,-86.794,False,Crashes_2010_2019_MPO
101782944,2017-10-06,2017,,94.0,,,0,0,N,0.0,0.0,0.0,,,,,,,,35.97291,-86.85977,False,Crashes_2010_2019_MPO
101711915,2017-07-20,2017,,94.0,,,0,0,N,0.0,0.0,0.0,,,,,,,,36.03107,-86.78353,True,Crashes_2010_2019_MPO
101563517,2017-02-23,2017,,94.0,,,0,0,N,0.0,0.0,0.0,,,,,,,,35.93446,-86.81991,False,Crashes_2010_2019_MPO
100824689,2015-04-24,2015,,94.0,,,0,0,N,0.0,0.0,0.0,,,,,,,,35.96665,-86.80926,True,Crashes_2010_2019_MPO
100219096,2012-08-26,2012,,94.0,,,0,0,N,0.0,0.0,0.0,,,,,,,,35.96611,-86.80754,True,Crashes_2010_2019_MPO
100310811,2013-04-01,2013,,94.0,,,0,0,N,0.0,0.0,0.0,,,,,,,,35.96681,-86.81188,True,Crashes_2010_2019_MPO
102280750,2019-01-17,2019,,94.0,,,0,0,N,0.0,0.0,0.0,,,,,,,,36.03238,-86.78926,True,Crashes_2010_2019_MPO
102449964,2019-07-17,2019,,19.0,,,0,0,N,0.0,0.0,0.0,,,,,,,,36.04028,-86.76837,False,Crashes_2010_2019_MPO
100736127,2015-02-12,2015,,19.0,,,0,1,N,0.0,1.0,0.0,,,,,,,,36.04684,-86.71352,False,Crashes_2010_2019_MPO
102002293,2018-05-06,2018,,94.0,,,0,0,N,0.0,0.0,0.0,,,,,,,,35.95661,-86.81119,False,Crashes_2010_2019_MPO
102242204,2018-12-10,2018,,94.0,,,0,0,N,0.0,0.0,0.0,,,,,,,,35.96644,-86.80933,True,Crashes_2010_2019_MPO
100921347,2015-08-11,2015,,19.0,,,0,0,N,0.0,0.0,0.0,,,,,,,,36.04796,-86.71345,False,Crashes_2010_2019_MPO
100510901,2014-05-19,2014,,94.0,,,0,0,N,0.0,0.0,0.0,,,,,,,,35.93055,-86.83673,False,Crashes_2010_2019_MPO
100833888,2015-05-14,2015,,19.0,,,0,0,N,0.0,0.0,0.0,,,,,,,,36.04194,-86.82478,False,Crashes_2010_2019_MPO
101185763,2016-05-02,2016,,94.0,,,0,0,N,0.0,0.0,0.0,,,,,,,,35.966657,-86.809203,True,Crashes_2010_2019_MPO
102192908,2018-10-28,2018,,94.0,,,0,0,N,0.0,0.0,0.0,,,,,,,,35.9463,-86.8085,False,Crashes_2010_2019_MPO
101346961,2016-08-25,2016,,94.0,,,0,0,N,0.0,0.0,0.0,,,,,,,,35.95079,-86.81844,False,Crashes_2010_2019_MPO
101663541,2017-06-03,2017,,19.0,,,0,0,N,0.0,0.0,0.0,,,,,,,,35.99978,-86.69381,False,Crashes_2010_2019_MPO
101183081,2016-04-28,2016,,19.0,,,0,0,N,0.0,0.0,0.0,,,,,,,,36.04543,-86.71264,False,Crashes_2010_2019_MPO
100444751,2014-02-15,2014,,94.0,,,0,1,N,0.0,1.0,0.0,,,,,,,,35.95821,-86.81061,False,Crashes_2010_2019_MPO
102086552,2018-07-25,2018,,19.0,,,0,0,N,0.0,0.0,0.0,,,,,,,,36.01108,-86.70269,False,Crashes_2010_2019_MPO
101236254,2016-05-31,2016,,94.0,,,0,0,N,0.0,0.0,0.0,,,,,,,,35.95643,-86.84402,False,Crashes_2010_2019_MPO
100209307,2012-07-28,2012,,94.0,,,0,0,N,0.0,0.0,0.0,,,,,,,,35.96979,-86.72408,True,Crashes_2010_2019_MPO
101532795,2017-01-23,2017,,19.0,,,0,0,N,0.0,0.0,0.0,,,,,,,,36.05258,-86.71469,False,Crashes_2010_2019_MPO
101762847,2017-09-16,2017,,94.0,,,0,0,N,0.0,0.0,0.0,,,,,,,,36.034332,-86.788121,True,Crashes_2010_2019_MPO
101710275,2017-07-24,2017,,94.0,,,0,0,N,0.0,0.0,0.0,,,,,,,,35.96598,-86.80586,True,Crashes_2010_2019_MPO
101593085,2017-03-25,2017,,94.0,,,0,0,Y,0.0,0.0,1.0,,,,,,,,35.9647,-86.8084,False,Crashes_2010_2019_MPO
100631537,2014-09-20,2014,,94.0,,,0,0,N,0.0,0.0,0.0,,,,,,,,35.94778,-86.81995,False,Crashes_2010_2019_MPO
102305009,2019-02-13,2019,,19.0,,,0,0,N,0.0,0.0,0.0,,,,,,,,36.00067,-86.69485,False,Crashes_2010_2019_MPO
100497468,2014-04-17,2014,,94.0,,,0,0,N,0.0,0.0,0.0,,,,,,,,35.99935,-86.80913,True,Crashes_2010_2019_MPO
100876229,2015-06-25,2015,,94.0,,,0,0,N,0.0,0.0,0.0,,,,,,,,35.93549,-86.82394,False,Crashes_2010_2019_MPO
101540330,2017-01-31,2017,,94.0,,,0,0,N,0.0,0.0,0.0,,,,,,,,35.96588,-86.80316,True,Crashes_2010_2019_MPO
102529507,2019-10-04,2019,,94.0,,,0,0,N,0.0,0.0,0.0,,,,,,,,35.93319,-86.8406,False,Crashes_2010_2019_MPO
100640016,2014-10-08,2014,,94.0,,,0,0,N,0.0,0.0,0.0,,,,,,,,35.99257,-86.82855,True,Crashes_2010_2019_MPO
101003311,2015-11-04,2015,,94.0,,,0,0,N,0.0,0.0,0.0,,,,,,,,36.02008,-86.82067,True,Crashes_2010_2019_MPO
102103182,2018-08-09,2018,,19.0,,,0,0,N,0.0,0.0,0.0,,,,,,,,36.04005,-86.78124,False,Crashes_2010_2019_MPO
100327398,2013-05-10,2013,,94.0,,,0,0,N,0.0,0.0,0.0,,,,,,,,35.95084,-86.81864,False,Crashes_2010_2019_MPO
101124240,2016-02-28,2016,,19.0,,,0,0,N,0.0,0.0,0.0,,,,,,,,36.04544,-86.71246,False,Crashes_2010_2019_MPO
101008598,2015-11-13,2015,,94.0,,,0,0,N,0.0,0.0,0.0,,,,,,,,35.96488,-86.7931,True,Crashes_2010_2019_MPO
102279642,2019-01-16,2019,,94.0,,,0,0,N,0.0,0.0,0.0,,,,,,,,35.92824,-86.82663,False,Crashes_2010_2019_MPO
101829557,2017-11-17,2017,,94.0,,,0,0,N,0.0,0.0,0.0,,,,,,,,35.99749,-86.82857,True,Crashes_2010_2019_MPO
101288835,2016-07-19,2016,,94.0,,,0,0,N,0.0,0.0,0.0,,,,,,,,35.95675,-86.80313,False,Crashes_2010_2019_MPO
101467232,2016-12-04,2016,,19.0,,,0,0,Y,0.0,0.0,1.0,,,,,,,,36.03974,-86.78269,False,Crashes_2010_2019_MPO
101507264,2017-01-17,2017,,94.0,,,0,0,N,0.0,0.0,0.0,,,,,,,,35.92957,-86.84187,False,Crashes_2010_2019_MPO
100310068,2013-03-29,2013,,19.0,,,0,0,N,0.0,0.0,0.0,,,,,,,,36.0431,-86.6914,False,Crashes_2010_2019_MPO
102243042,2018-12-05,2018,,94.0,,,0,0,N,0.0,0.0,0.0,,,,,,,,35.93423,-86.81894,False,Crashes_2010_2019_MPO
101238995,2016-06-04,2016,,19.0,,,0,0,N,0.0,0.0,0.0,,,,,,,,36.03225,-86.75725,False,Crashes_2010_2019_MPO
100298365,2013-03-01,2013,,94.0,,,0,0,N,0.0,0.0,0.0,,,,,,,,35.94421,-86.81975,False,Crashes_2010_2019_MPO
100698451,2014-11-29,2014,,94.0,,,0,0,N,0.0,0.0,0.0,,,,,,,,35.96269,-86.81138,False,Crashes_2010_2019_MPO
100996471,2015-10-26,2015,,19.0,,,0,0,N,0.0,0.0,0.0,,,,,,,,36.04007,-86.7442,False,Crashes_2010_2019_MPO
101196241,2016-05-16,2016,,94.0,,,0,0,N,0.0,0.0,0.0,,,,,,,,35.95041,-86.81869,False,Crashes_2010_2019_MPO
101565046,2017-02-24,2017,,19.0,,,0,0,N,0.0,0.0,0.0,,,,,,,,36.04028,-86.74504,False,Crashes_2010_2019_MPO
101045890,2015-12-09,2015,,94.0,,,0,0,N,0.0,0.0,0.0,,,,,,,,36.00465,-86.87797,False,Crashes_2010_2019_MPO
101865476,2017-12-21,2017,,19.0,,,0,0,N,0.0,0.0,0.0,,,,,,,,35.99681,-86.68981,False,Crashes_2010_2019_MPO
101944768,2018-03-14,2018,,94.0,,,0,0,N,0.0,0.0,0.0,,,,,,,,35.99121,-86.77836,True,Crashes_2010_2019_MPO
102543055,2019-10-20,2019,,19.0,,,0,0,N,0.0,0.0,0.0,,,,,,,,36.04012,-86.78074,False,Crashes_2010_2019_MPO
101888242,2018-01-16,2018,,94.0,,,0,0,N,0.0,0.0,0.0,,,,,,,,35.94013,-86.81662,False,Crashes_2010_2019_MPO
101722358,2017-08-05,2017,,19.0,,,0,0,N,0.0,0.0,0.0,,,,,,,,36.04241,-86.71266,False,Crashes_2010_2019_MPO
102118943,2018-08-23,2018,,19.0,,,0,0,N,0.0,0.0,0.0,,,,,,,,36.04518,-86.77901,False,Crashes_2010_2019_MPO
102613265,2019-12-30,2019,,94.0,,,0,0,N,0.0,0.0,0.0,,,,,,,,35.98283,-86.80182,True,Crashes_2010_2019_MPO
101842573,2017-11-29,2017,,94.0,,,0,0,N,0.0,0.0,0.0,,,,,,,,35.95375,-86.8133,False,Crashes_2010_2019_MPO
100851625,2015-05-28,2015,,19.0,,,0,0,N,0.0,0.0,0.0,,,,,,,,36.0221,-86.74263,False,Crashes_2010_2019_MPO
100257200,2012-11-24,2012,,94.0,,,0,0,N,0.0,0.0,0.0,,,,,,,,35.97363,-86.8102,True,Crashes_2010_2019_MPO
101879361,2018-01-06,2018,,94.0,,,0,0,N,0.0,0.0,0.0,,,,,,,,35.92254,-86.87194,False,Crashes_2010_2019_MPO