mstrrecnbr,collision_ts,year,county,countystat,crash,crash_type,fatalities,non_motorists,commercial,fatal_c,nonmotor_c,truck_c,fatalc,serious_injuries,ped,bike,lighting,weather,first_harmful_event,latitude,longitude,in_city,src_layer
102095570,2018-08-02,2018,,19.0,,,0,0,N,0.0,0.0,0.0,,,,,,,,36.04299,-86.77855,False,Crashes_2010_2019_MPO
102605292,2019-12-22,2019,,94.0,,,0,0,N,0.0,0.0,0.0,,,,,,,,36.03066,-86.78358,True,Crashes_2010_2019_MPO
100720330,2015-01-11,2015,,94.0,,,0,0,N,0.0,0.0,0.0,,,,,,,,35.9752,-86.83754,False,Crashes_2010_2019_MPO
101461900,2016-11-27,2016,,94.0,,,0,0,N,0.0,0.0,0.0,,,,,,,,35.97803,-86.80373,True,Crashes_2010_2019_MPO
101286055,2016-07-15,2016,,19.0,,,0,0,N,0.0,0.0,0.0,,,,,,,,36.03968,-86.78158,False,Crashes_2010_2019_MPO
101988539,2018-04-25,2018,,19.0,,,0,0,N,0.0,0.0,0.0,,,,,,,,36.03387,-86.68111,False,Crashes_2010_2019_MPO
102366919,2019-04-20,2019,,19.0,,,0,0,N,0.0,0.0,0.0,,,,,,,,36.03771,-86.78482,False,Crashes_2010_2019_MPO
102547749,2019-10-24,2019,,94.0,,,0,0,N,0.0,0.0,0.0,,,,,,,,35.9411,-86.81656,False,Crashes_2010_2019_MPO
100272028,2012-12-27,2012,,94.0,,,0,0,N,0.0,0.0,0.0,,,,,,,,36.0016,-86.7938,True,Crashes_2010_2019_MPO
101162325,2016-04-11,2016,,94.0,,,0,0,N,0.0,0.0,0.0,,,,,,,,35.92683,-86.82155,False,Crashes_2010_2019_MPO
100384286,2013-09-24,2013,,94.0,,,0,0,Y,0.0,0.0,1.0,,,,,,,,35.96734,-86.80719,True,Crashes_2010_2019_MPO
100505836,2014-05-07,2014,,94.0,,,0,0,N,0.0,0.0,0.0,,,,,,,,35.98926,-86.70376,True,Crashes_2010_2019_MPO
102442036,2019-07-08,2019,,19.0,,,0,0,N,0.0,0.0,0.0,,,,,,,,36.03821,-86.8009,False,Crashes_2010_2019_MPO
102053516,2018-06-25,2018,,94.0,,,0,0,N,0.0,0.0,0.0,,,,,,,,35.93191,-86.794,False,Crashes_2010_2019_MPO
100946905,2015-09-08,2015,,94.0,,,0,0,N,0.0,0.0,0.0,,,,,,,,35.94535,-86.80884,False,Crashes_2010_2019_MPO
101957357,2018-03-26,2018,,94.0,,,0,0,N,0.0,0.0,0.0,,,,,,,,35.94645,-86.8506,False,Crashes_2010_2019_MPO
102007783,2018-05-11,2018,,19.0,,,0,0,N,0.0,0.0,0.0,,,,,,,,36.0409,-86.77938,False,Crashes_2010_2019_MPO
100129102,2011-12-19,2011,,94.0,,,0,0,Y,0.0,0.0,1.0,,,,,,,,35.95807,-86.76774,True,Crashes_2010_2019_MPO
100859070,2015-06-11,2015,,19.0,,,0,0,N,0.0,0.0,0.0,,,,,,,,36.03922,-86.78243,False,Crashes_2010_2019_MPO
100615038,2014-09-05,2014,,94.0,,,0,0,N,0.0,0.0,0.0,,,,,,,,35.92547,-86.87275,False,Crashes_2010_2019_MPO
101069825,2015-12-31,2015,,94.0,,,0,0,N,0.0,0.0,0.0,,,,,,,,35.96541,-86.80379,True,Crashes_2010_2019_MPO
102050491,2018-06-22,2018,,19.0,,,0,0,N,0.0,0.0,0.0,,,,,,,,36.0374,-86.78657,False,Crashes_2010_2019_MPO
101875107,2018-01-01,2018,,94.0,,,0,0,N,0.0,0.0,0.0,,,,,,,,35.95739,-86.81268,False,Crashes_2010_2019_MPO
100665936,2014-11-05,2014,,94.0,,,0,0,N,0.0,0.0,0.0,,,,,,,,35.95383,-86.80429,False,Crashes_2010_2019_MPO
100591460,2014-08-05,2014,,94.0,,,0,0,N,0.0,0.0,0.0,,,,,,,,35.92823,-86.76738,False,Crashes_2010_2019_MPO
100353658,2013-07-12,2013,,94.0,,,0,0,N,0.0,0.0,0.0,,,,,,,,35.94069,-86.8316,False,Crashes_2010_2019_MPO
100771157,2015-03-12,2015,,94.0,,,0,0,N,0.0,0.0,0.0,,,,,,,,35.94686,-86.85162,False,Crashes_2010_2019_MPO
101359646,2016-09-12,2016,,19.0,,,0,0,N,0.0,0.0,0.0,,,,,,,,36.0522,-86.74309,False,Crashes_2010_2019_MPO
100277211,2013-01-10,2013,,94.0,,,0,0,N,0.0,0.0,0.0,,,,,,,,36.0182,-86.77307,True,Crashes_2010_2019_MPO
102473701,2019-08-10,2019,,19.0,,,0,0,N,0.0,0.0,0.0,,,,,,,,36.0455,-86.71191,False,Crashes_2010_2019_MPO
101400031,2016-10-08,2016,,94.0,,,0,0,N,0.0,0.0,0.0,,,,,,,,35.92373,-86.79452,False,Crashes_2010_2019_MPO
101103372,2016-02-10,2016,,19.0,,,0,0,N,0.0,0.0,0.0,,,,,,,,36.04591,-86.69093,False,Crashes_2010_2019_MPO
101693144,2017-07-03,2017,,94.0,,,0,0,N,0.0,0.0,0.0,,,,,,,,35.94759,-86.81971,False,Crashes_2010_2019_MPO
100215365,2012-08-16,2012,,94.0,,,0,0,N,0.0,0.0,0.0,,,,,,,,36.03336,-86.78872,True,Crashes_2010_2019_MPO
102013399,2018-05-17,2018,,94.0,,,0,0,N,0.0,0.0,0.0,,,,,,,,36.03652,-86.80101,True,Crashes_2010_2019_MPO
101796623,2017-10-19,2017,,94.0,,,0,0,N,0.0,0.0,0.0,,,,,,,,36.01289,-86.80078,True,Crashes_2010_2019_MPO
100944654,2015-09-04,2015,,19.0,,,0,0,N,0.0,0.0,0.0,,,,,,,,36.04537,-86.71326,False,Crashes_2010_2019_MPO
100150583,2012-02-08,2012,,94.0,,,0,0,Y,0.0,0.0,1.0,,,,,,,,35.9498,-86.81328,False,Crashes_2010_2019_MPO
102298636,2019-02-06,2019,,94.0,,,0,0,N,0.0,0.0,0.0,,,,,,,,35.92305,-86.81704,False,Crashes_2010_2019_MPO
102068613,2018-07-09,2018,,94.0,,,0,0,N,0.0,0.0,0.0,,,,,,,,35.98154,-86.84461,False,Crashes_2010_2019_MPO
101780199,2017-09-21,2017,,94.0,,,0,0,N,0.0,0.0,0.0,,,,,,,,35.99125,-86.68354,False,Crashes_2010_2019_MPO
100345295,2013-06-22,2013,,94.0,,,0,0,N,0.0,0.0,0.0,,,,,,,,35.93205,-86.85957,False,Crashes_2010_2019_MPO
102095510,2018-08-02,2018,,19.0,,,0,0,N,0.0,0.0,0.0,,,,,,,,36.04553,-86.71154,False,Crashes_2010_2019_MPO
101301684,2016-07-23,2016,,94.0,,,0,0,N,0.0,0.0,0.0,,,,,,,,35.92641,-86.82447,False,Crashes_2010_2019_MPO
100422926,2013-12-22,2013,,94.0,,,0,0,N,0.0,0.0,0.0,,,,,,,,35.96645,-86.81124,False,Crashes_2010_2019_MPO
100411300,2013-11-26,2013,,94.0,,,0,0,N,0.0,0.0,0.0,,,,,,,,35.95582,-86.83107,False,Crashes_2010_2019_MPO
101556073,2017-02-16,2017,,19.0,,,0,0,N,0.0,0.0,0.0,,,,,,,,36.04245,-86.71294,False,Crashes_2010_2019_MPO
100665041,2014-11-05,2014,,94.0,,,0,0,N,0.0,0.0,0.0,,,,,,,,35.93246,-86.78811,False,Crashes_2010_2019_MPO
102164900,2018-10-02,2018,,19.0,,,0,0,N,0.0,0.0,0.0,,,,,,,,36.04547,-86.70428,False,Crashes_2010_2019_MPO
100139844,2012-01-20,2012,,94.0,,,0,0,Y,0.0,0.0,1.0,,,,,,,,36.00262,-86.79275,True,Crashes_2010_2019_MPO
100572002,2014-07-04,2014,,94.0,,,0,0,N,0.0,0.0,0.0,,,,,,,,35.93297,-86.87745,False,Crashes_2010_2019_MPO
101066026,2015-12-23,2015,,94.0,,,0,0,N,0.0,0.0,0.0,,,,,,,,36.01571,-86.84497,False,Crashes_2010_2019_MPO
102481164,2019-08-16,2019,,94.0,,,0,0,N,0.0,0.0,0.0,,,,,,,,35.92528,-86.82983,False,Crashes_2010_2019_MPO
100637288,2014-09-29,2014,,94.0,,,0,0,N,0.0,0.0,0.0,,,,,,,,35.99352,-86.693,True,Crashes_2010_2019_MPO
101968142,2018-04-05,2018,,94.0,,,0,0,N,0.0,0.0,0.0,,,,,,,,35.99043,-86.74862,True,Crashes_2010_2019_MPO
101096070,2016-01-29,2016,,94.0,,,0,0,N,0.0,0.0,0.0,,,,,,,,36.00931,-86.72607,True,Crashes_2010_2019_MPO
101071013,2016-01-03,2016,,94.0,,,0,0,N,0.0,0.0,0.0,,,,,,,,36.00633,-86.78031,True,Crashes_2010_2019_MPO
101075718,2016-01-11,2016,,94.0,,,0,0,N,0.0,0.0,0.0,,,,,,,,36.033068,-86.78605,True,Crashes_2010_2019_MPO
101904748,2018-02-02,2018,,19.0,,,0,0,N,0.0,0.0,0.0,,,,,,,,36.04691,-86.86116,False,Crashes_2010_2019_MPO
101641061,2017-05-11,2017,,19.0,,,0,0,N,0.0,0.0,0.0,,,,,,,,36.04059,-86.77107,False,Crashes_2010_2019_MPO
100636091,2014-09-30,2014,,19.0,,,0,0,N,0.0,0.0,0.0,,,,,,,,36.03258,-86.76886,False,Crashes_2010_2019_MPO
101724589,2017-08-08,2017,,94.0,,,0,0,N,0.0,0.0,0.0,,,,,,,,36.03312,-86.78213,True,Crashes_2010_2019_MPO
101332507,2016-08-20,2016,,94.0,,,0,0,N,0.0,0.0,0.0,,,,,,,,35.97723,-86.82465,True,Crashes_2010_2019_MPO
100795136,2015-03-20,2015,,94.0,,,0,0,N,0.0,0.0,0.0,,,,,,,,36.03239,-86.78336,True,Crashes_2010_2019_MPO
102077329,2018-07-17,2018,,19.0,,,0,0,N,0.0,0.0,0.0,,,,,,,,36.03809,-86.7841,False,Crashes_2010_2019_MPO
101549875,2017-02-10,2017,,19.0,,,0,0,N,0.0,0.0,0.0,,,,,,,,36.05361,-86.77516,False,Crashes_2010_2019_MPO
101462428,2016-11-28,2016,,94.0,,,0,0,N,0.0,0.0,0.0,,,,,,,,36.03336,-86.78872,True,Crashes_2010_2019_MPO
102184829,2018-10-21,2018,,19.0,,,0,0,N,0.0,0.0,0.0,,,,,,,,36.04463,-86.72504,False,Crashes_2010_2019_MPO
100911556,2015-07-24,2015,,19.0,,,0,0,N,0.0,0.0,0.0,,,,,,,,36.04838,-86.74365,False,Crashes_2010_2019_MPO
100873966,2015-06-20,2015,,19.0,,,0,0,N,0.0,0.0,0.0,,,,,,,,36.03897,-86.71289,False,Crashes_2010_2019_MPO
100230621,2012-09-23,2012,,94.0,,,0,0,N,0.0,0.0,0.0,,,,,,,,35.96687,-86.81113,True,Crashes_2010_2019_MPO
101007799,2015-11-12,2015,,19.0,,,0,0,N,0.0,0.0,0.0,,,,,,,,36.03115,-86.75172,False,Crashes_2010_2019_MPO
102336363,2019-03-20,2019,,19.0,,,0,0,N,0.0,0.0,0.0,,,,,,,,36.04084,-86.77347,False,Crashes_2010_2019_MPO
101675336,2017-06-16,2017,,94.0,,,0,0,N,0.0,0.0,0.0,,,,,,,,35.96518,-86.80029,True,Crashes_2010_2019_MPO
102130021,2018-09-01,2018,,94.0,,,0,0,N,0.0,0.0,0.0,,,,,,,,35.96798,-86.81833,True,Crashes_2010_2019_MPO
101750436,2017-09-03,2017,,19.0,,,0,0,N,0.0,0.0,0.0,,,,,,,,36.04048,-86.78014,False,Crashes_2010_2019_MPO
101151521,2016-03-25,2016,,94.0,,,0,0,N,0.0,0.0,0.0,,,,,,,,35.94646,-86.82328,False,Crashes_2010_2019_MPO
101824502,2017-11-13,2017,,19.0,,,0,0,N,0.0,0.0,0.0,,,,,,,,36.04537,-86.71326,False,Crashes_2010_2019_MPO
102099283,2018-08-05,2018,,19.0,,,0,0,N,0.0,0.0,0.0,,,,,,,,36.05354,-86.71499,False,Crashes_2010_2019_MPO
102524016,2019-09-28,2019,,94.0,,,0,0,N,0.0,0.0,0.0,,,,,,,,35.9325,-86.86247,False,Crashes_2010_2019_MPO
101148612,2016-03-22,2016,,94.0,,,0,0,N,0.0,0.0,0.0,,,,,,,,35.96067,-86.81567,False,Crashes_2010_2019_MPO
100915326,2015-07-31,2015,,94.0,,,0,0,N,0.0,0.0,0.0,,,,,,,,35.94761,-86.81992,False,Crashes_2010_2019_MPO
102539055,2019-10-16,2019,,94.0,,,0,0,N,0.0,0.0,0.0,,,,,,,,35.98179,-86.80242,True,Crashes_2010_2019_MPO
101810782,2017-10-31,2017,,19.0,,,0,0,N,0.0,0.0,0.0,,,,,,,,36.04506,-86.71322,False,Crashes_2010_2019_MPO
102067109,2018-07-07,2018,,19.0,,,0,0,N,0.0,0.0,0.0,,,,,,,,36.03501,-86.67671,False,Crashes_2010_2019_MPO
102335643,2019-03-20,2019,,19.0,,,0,0,N,0.0,0.0,0.0,,,,,,,,36.03761,-86.78512,False,Crashes_2010_2019_MPO
101747373,2017-08-31,2017,,94.0,,,0,0,N,0.0,0.0,0.0,,,,,,,,35.94429,-86.81993,False,Crashes_2010_2019_MPO
101633775,2017-05-03,2017,,94.0,,,0,0,N,0.0,0.0,0.0,,,,,,,,35.94277,-86.82078,False,Crashes_2010_2019_MPO
101286725,2016-07-16,2016,,19.0,,,0,0,N,0.0,0.0,0.0,,,,,,,,36.02788,-86.74394,False,Crashes_2010_2019_MPO
102418010,2019-06-13,2019,,94.0,,,0,0,N,0.0,0.0,0.0,,,,,,,,35.9325,-86.86247,False,Crashes_2010_2019_MPO
101888211,2018-01-16,2018,,19.0,,,0,0,N,0.0,0.0,0.0,,,,,,,,35.99687,-86.68989,False,Crashes_2010_2019_MPO
100708063,2014-12-16,2014,,94.0,,,0,0,N,0.0,0.0,0.0,,,,,,,,35.95958,-86.81594,False,Crashes_2010_2019_MPO
100803918,2015-04-07,2015,,94.0,,,0,0,N,0.0,0.0,0.0,,,,,,,,35.96454,-86.78947,True,Crashes_2010_2019_MPO
101702308,2017-07-15,2017,,19.0,,,0,0,N,0.0,0.0,0.0,,,,,,,,36.02352,-86.68826,False,Crashes_2010_2019_MPO
10735790,2013-12-15,2013,,19.0,,,0,0, ,0.0,0.0,0.0,,,,,,,,36.04505,-86.71281,False,Crashes_2010_2019_MPO
101984993,2018-04-20,2018,,94.0,,,0,0,N,0.0,0.0,0.0,,,,,,,,35.97337,-86.83314,True,Crashes_2010_2019_MPO
100461935,2014-03-08,2014,,94.0,,,0,0,N,0.0,0.0,0.0,,,,,,,,35.92529,-86.86916,False,Crashes_2010_2019_MPO
100967288,2015-09-25,2015,,94.0,,,0,0,N,0.0,0.0,0.0,,,,,,,,35.93409,-86.86129,False,Crashes_2010_2019_MPO
101684854,2017-06-27,2017,,94.0,,,0,0,N,0.0,0.0,0.0,,,,,,,,35.96663,-86.80999,True,Crashes_2010_2019_MPO
100643811,2014-10-15,2014,,94.0,,,0,0,N,0.0,0.0,0.0,,,,,,,,36.02173,-86.74267,False,Crashes_2010_2019_MPO
101062860,2015-12-19,2015,,94.0,,,0,0,N,0.0,0.0,0.0,,,,,,,,35.97329,-86.80538,True,Crashes_2010_2019_MPO
102527101,2019-10-02,2019,,19.0,,,0,0,N,0.0,0.0,0.0,,,,,,,,36.04739,-86.81602,False,Crashes_2010_2019_MPO
102277904,2019-01-15,2019,,94.0,,,0,0,N,0.0,0.0,0.0,,,,,,,,35.92604,-86.86715,False,Crashes_2010_2019_MPO
101623080,2017-04-22,2017,,94.0,,,0,0,N,0.0,0.0,0.0,,,,,,,,35.94193,-86.82116,False,Crashes_2010_2019_MPO
101631157,2017-05-01,2017,,94.0,,,0,0,N,0.0,0.0,0.0,,,,,,,,35.94604,-86.8086,False,Crashes_2010_2019_MPO
102005241,2018-05-09,2018,,19.0,,,0,0,N,0.0,0.0,0.0,,,,,,,,36.05049,-86.87668,False,Crashes_2010_2019_MPO
101766531,2017-09-20,2017,,94.0,,,0,0,N,0.0,0.0,0.0,,,,,,,,35.94786,-86.81958,False,Crashes_2010_2019_MPO
100693755,2014-11-20,2014,,94.0,,,0,0,N,0.0,0.0,0.0,,,,,,,,36.03724,-86.80155,True,Crashes_2010_2019_MPO
100875112,2015-06-19,2015,,94.0,,,0,0,N,0.0,0.0,0.0,,,,,,,,35.95928,-86.81795,True,Crashes_2010_2019_MPO
100849753,2015-05-24,2015,,94.0,,,0,0,N,0.0,0.0,0.0,,,,,,,,36.01842,-86.78653,True,Crashes_2010_2019_MPO
100978506,2015-10-13,2015,,19.0,,,0,0,N,0.0,0.0,0.0,,,,,,,,36.0473,-86.86274,False,Crashes_2010_2019_MPO
101191707,2016-05-10,2016,,94.0,,,0,0,N,0.0,0.0,0.0,,,,,,,,36.03488,-86.78307,True,Crashes_2010_2019_MPO
101152606,2016-03-28,2016,,94.0,,,0,0,N,0.0,0.0,0.0,,,,,,,,35.95549,-86.76709,True,Crashes_2010_2019_MPO
100969074,2015-09-28,2015,,94.0,,,0,0,N,0.0,0.0,0.0,,,,,,,,35.96044,-86.80293,False,Crashes_2010_2019_MPO
101481589,2016-12-19,2016,,94.0,,,0,0,N,0.0,0.0,0.0,,,,,,,,35.96723,-86.8141,True,Crashes_2010_2019_MPO
100407445,2013-11-19,2013,,94.0,,,0,0,N,0.0,0.0,0.0,,,,,,,,36.01484,-86.8115,True,Crashes_2010_2019_MPO
100796467,2015-03-23,2015,,19.0,,,0,0,N,0.0,0.0,0.0,,,,,,,,36.03907,-86.78229,False,Crashes_2010_2019_MPO
102411696,2019-06-06,2019,,94.0,,,0,0,N,0.0,0.0,0.0,,,,,,,,35.99781,-86.79886,True,Crashes_2010_2019_MPO
100661222,2014-10-29,2014,,94.0,,,0,0,N,0.0,0.0,0.0,,,,,,,,35.97682,-86.82592,True,Crashes_2010_2019_MPO
101048942,2015-12-14,2015,,94.0,,,0,0,N,0.0,0.0,0.0,,,,,,,,35.96716,-86.81351,True,Crashes_2010_2019_MPO
101351552,2016-08-31,2016,,19.0,,,0,0,N,0.0,0.0,0.0,,,,,,,,36.0269,-86.68083,False,Crashes_2010_2019_MPO
100961983,2015-09-16,2015,,94.0,,,0,0,N,0.0,0.0,0.0,,,,,,,,35.93097,-86.84157,False,Crashes_2010_2019_MPO
100412148,2013-11-29,2013,,94.0,,,0,0,N,0.0,0.0,0.0,,,,,,,,35.95997,-86.8139,False,Crashes_2010_2019_MPO
101353112,2016-08-24,2016,,94.0,,,0,0,N,0.0,0.0,0.0,,,,,,,,36.00726,-86.78764,True,Crashes_2010_2019_MPO
101953062,2018-03-22,2018,,94.0,,,0,0,N,0.0,0.0,0.0,,,,,,,,36.03457,-86.80273,True,Crashes_2010_2019_MPO
102370480,2019-04-24,2019,,94.0,,,0,0,N,0.0,0.0,0.0,,,,,,,,35.95824,-86.80206,False,Crashes_2010_2019_MPO
101952225,2018-03-22,2018,,94.0,,,0,0,N,0.0,0.0,0.0,,,,,,,,36.03434,-86.78815,True,Crashes_2010_2019_MPO
102580232,2019-11-26,2019,,94.0,,,0,0,N,0.0,0.0,0.0,,,,,,,,35.97794,-86.80377,True,Crashes_2010_2019_MPO
101832031,2017-11-20,2017,,94.0,,,0,0,N,0.0,0.0,0.0,,,,,,,,35.93202,-86.86282,False,Crashes_2010_2019_MPO
102107823,2018-08-12,2018,,94.0,,,0,0,N,0.0,0.0,0.0,,,,,,,,35.9667,-86.81121,True,Crashes_2010_2019_MPO
101802087,2017-10-24,2017,,19.0,,,0,0,N,0.0,0.0,0.0,,,,,,,,36.03916,-86.73556,False,Crashes_2010_2019_MPO
101797347,2017-10-19,2017,,94.0,,,0,0,N,0.0,0.0,0.0,,,,,,,,35.95314,-86.74714,True,Crashes_2010_2019_MPO
100995853,2015-10-25,2015,,19.0,,,0,0,N,0.0,0.0,0.0,,,,,,,,36.04156,-86.78247,False,Crashes_2010_2019_MPO
101208474,2016-05-20,2016,,94.0,,,0,0,N,0.0,0.0,0.0,,,,,,,,36.033144,-86.786403,True,Crashes_2010_2019_MPO
101092466,2016-01-22,2016,,94.0,,,0,0,N,0.0,0.0,0.0,,,,,,,,35.9547,-86.7135,False,Crashes_2010_2019_MPO
102484251,2019-08-21,2019,,19.0,,,0,0,N,0.0,0.0,0.0,,,,,,,,36.04534,-86.70227,False,Crashes_2010_2019_MPO
100849383,2015-05-24,2015,,19.0,,,0,0,N,0.0,0.0,0.0,,,,,,,,36.04542,-86.71317,False,Crashes_2010_2019_MPO
102174640,2018-10-12,2018,,19.0,,,0,0,N,0.0,0.0,0.0,,,,,,,,36.04543,-86.70361,False,Crashes_2010_2019_MPO
101161424,2016-04-10,2016,,19.0,,,0,0,N,0.0,0.0,0.0,,,,,,,,36.04008,-86.78265,False,Crashes_2010_2019_MPO
101824213,2017-11-09,2017,,94.0,,,0,0,N,0.0,0.0,0.0,,,,,,,,35.9294,-86.87552,False,Crashes_2010_2019_MPO
102228509,2018-11-29,2018,,94.0,,,0,0,N,0.0,0.0,0.0,,,,,,,,35.93707,-86.69245,False,Crashes_2010_2019_MPO
101880937,2018-01-08,2018,,94.0,,,0,0,N,0.0,0.0,0.0,,,,,,,,35.92827,-86.76699,False,Crashes_2010_2019_MPO
100704133,2014-12-09,2014,,94.0,,,0,0,N,0.0,0.0,0.0,,,,,,,,35.96419,-86.81293,False,Crashes_2010_2019_MPO
101562459,2017-02-22,2017,,94.0,,,0,0,N,0.0,0.0,0.0,,,,,,,,35.94074,-86.83928,False,Crashes_2010_2019_MPO
101886839,2018-01-14,2018,,19.0,,,0,0,N,0.0,0.0,0.0,,,,,,,,36.04798,-86.86519,False,Crashes_2010_2019_MPO
100655059,2014-10-17,2014,,94.0,,,0,0,N,0.0,0.0,0.0,,,,,,,,35.99553,-86.7791,True,Crashes_2010_2019_MPO
102289727,2019-01-27,2019,,19.0,,,0,0,N,0.0,0.0,0.0,,,,,,,,36.04024,-86.768,False,Crashes_2010_2019_MPO
100939778,2015-08-26,2015,,94.0,,,0,0,N,0.0,0.0,0.0,,,,,,,,35.94691,-86.82169,False,Crashes_2010_2019_MPO
101422648,2016-10-25,2016,,19.0,,,0,0,N,0.0,0.0,0.0,,,,,,,,36.03958,-86.78168,False,Crashes_2010_2019_MPO
101589688,2017-03-21,2017,,19.0,,,0,0,N,0.0,0.0,0.0,,,,,,,,36.04543,-86.71255,False,Crashes_2010_2019_MPO
100996362,2015-10-26,2015,,19.0,,,0,0,N,0.0,0.0,0.0,,,,,,,,36.04113,-86.78261,False,Crashes_2010_2019_MPO
102410830,2019-06-05,2019,,94.0,,,0,0,N,0.0,0.0,0.0,,,,,,,,35.96688,-86.81117,True,Crashes_2010_2019_MPO
102139982,2018-09-10,2018,,19.0,,,0,0,N,0.0,0.0,0.0,,,,,,,,36.04686,-86.77738,False,Crashes_2010_2019_MPO
101716259,2017-07-30,2017,,94.0,,,0,0,N,0.0,0.0,0.0,,,,,,,,35.96681,-86.81119,True,Crashes_2010_2019_MPO
101401445,2016-10-11,2016,,94.0,,,0,0,N,0.0,0.0,0.0,,,,,,,,35.94266,-86.76734,True,Crashes_2010_2019_MPO
102371677,2019-04-24,2019,,94.0,,,0,0,N,0.0,0.0,0.0,,,,,,,,35.9248,-86.86866,False,Crashes_2010_2019_MPO
102536085,2019-10-12,2019,,19.0,,,0,0,N,0.0,0.0,0.0,,,,,,,,36.04096,-86.77456,False,Crashes_2010_2019_MPO
100186915,2012-06-01,2012,,94.0,,,0,0,N,0.0,0.0,0.0,,,,,,,,35.96686,-86.81063,True,Crashes_2010_2019_MPO
101759153,2017-09-13,2017,,19.0,,,0,0,N,0.0,0.0,0.0,,,,,,,,36.04537,-86.71326,False,Crashes_2010_2019_MPO
102412581,2019-06-07,2019,,94.0,,,0,0,N,0.0,0.0,0.0,,,,,,,,35.96532,-86.81406,False,Crashes_2010_2019_MPO
101130791,2016-03-09,2016,,94.0,,,0,0,N,0.0,0.0,0.0,,,,,,,,35.99922,-86.80923,True,Crashes_2010_2019_MPO
100750939,2015-02-21,2015,,19.0,,,0,0,N,0.0,0.0,0.0,,,,,,,,36.04601,-86.77849,False,Crashes_2010_2019_MPO
101809305,2017-10-30,2017,,94.0,,,0,0,N,0.0,0.0,0.0,,,,,,,,35.99539,-86.77768,True,Crashes_2010_2019_MPO
102094894,2018-08-01,2018,,19.0,,,0,0,N,0.0,0.0,0.0,,,,,,,,36.05181,-86.71445,False,Crashes_2010_2019_MPO
101962828,2018-03-31,2018,,94.0,,,0,0,N,0.0,0.0,0.0,,,,,,,,35.96133,-86.81226,False,Crashes_2010_2019_MPO
102404935,2019-05-30,2019,,19.0,,,0,0,N,0.0,0.0,0.0,,,,,,,,36.00443,-86.69915,False,Crashes_2010_2019_MPO
102327198,2019-03-10,2019,,94.0,,,0,0,N,0.0,0.0,0.0,,,,,,,,36.03468,-86.86308,False,Crashes_2010_2019_MPO
102061847,2018-07-02,2018,,94.0,,,0,0,N,0.0,0.0,0.0,,,,,,,,35.93447,-86.81995,False,Crashes_2010_2019_MPO
101949612,2018-03-19,2018,,94.0,,,0,0,N,0.0,0.0,0.0,,,,,,,,36.03453,-86.78309,True,Crashes_2010_2019_MPO
100391668,2013-10-14,2013,,94.0,,,0,0,N,0.0,0.0,0.0,,,,,,,,35.94742,-86.81405,False,Crashes_2010_2019_MPO
100416753,2013-12-09,2013,,94.0,,,0,0,N,0.0,0.0,0.0,,,,,,,,35.93164,-86.79973,False,Crashes_2010_2019_MPO
102092811,2018-07-30,2018,,19.0,,,0,0,N,0.0,0.0,0.0,,,,,,,,36.0358,-86.7435,False,Crashes_2010_2019_MPO
100348957,2013-07-01,2013,,94.0,,,0,0,N,0.0,0.0,0.0,,,,,,,,35.9278,-86.75452,False,Crashes_2010_2019_MPO
101881782,2018-01-09,2018,,19.0,,,0,0,N,0.0,0.0,0.0,,,,,,,,36.0439,-86.70339,False,Crashes_2010_2019_MPO
101498495,2017-01-06,2017,,94.0,,,0,0,N,0.0,0.0,0.0,,,,,,,,35.95189,-86.74075,True,Crashes_2010_2019_MPO
101572910,2017-03-04,2017,,19.0,,,0,0,N,0.0,0.0,0.0,,,,,,,,36.03026,-86.71254,False,Crashes_2010_2019_MPO
100413141,2013-12-01,2013,,94.0,,,0,0,N,0.0,0.0,0.0,,,,,,,,35.99315,-86.69646,True,Crashes_2010_2019_MPO
101331641,2016-08-19,2016,,19.0,,,0,0,N,0.0,0.0,0.0,,,,,,,,36.04115,-86.74375,False,Crashes_2010_2019_MPO
102428665,2019-06-25,2019,,94.0,,,0,0,N,0.0,0.0,0.0,,,,,,,,35.93756,-86.76809,False,Crashes_2010_2019_MPO
100721392,2015-01-12,2015,,19.0,,,0,0,N,0.0,0.0,0.0,,,,,,,,36.04126,-86.7825,False,Crashes_2010_2019_MPO
102500118,2019-09-05,2019,,19.0,,,0,0,N,0.0,0.0,0.0,,,,,,,,36.0453,-86.70168,False,Crashes_2010_2019_MPO
102386979,2019-05-11,2019,,94.0,,,0,0,N,0.0,0.0,0.0,,,,,,,,35.99734,-86.79486,True,Crashes_2010_2019_MPO
101041318,2015-12-01,2015,,19.0,,,0,0,N,0.0,0.0,0.0,,,,,,,,36.04529,-86.71402,False,Crashes_2010_2019_MPO
101876861,2018-01-02,2018,,94.0,,,0,0,N,0.0,0.0,0.0,,,,,,,,35.94601,-86.81642,False,Crashes_2010_2019_MPO
102077887,2018-07-17,2018,,19.0,,,0,0,N,0.0,0.0,0.0,,,,,,,,36.03374,-86.7832,True,Crashes_2010_2019_MPO
102454677,2019-07-22,2019,,19.0,,,0,0,N,0.0,0.0,0.0,,,,,,,,36.05135,-86.71431,False,Crashes_2010_2019_MPO
101694071,2017-07-06,2017,,19.0,,,0,0,N,0.0,0.0,0.0,,,,,,,,36.03491,-86.78307,True,Crashes_2010_2019_MPO
100285640,2013-01-30,2013,,94.0,,,0,0,N,0.0,0.0,0.0,,,,,,,,35.95429,-86.81208,False,Crashes_2010_2019_MPO
101162762,2016-04-12,2016,,19.0,,,0,0,N,0.0,0.0,0.0,,,,,,,,36.0525,-86.68445,False,Crashes_2010_2019_MPO
101781432,2017-10-03,2017,,94.0,,,0,0,N,0.0,0.0,0.0,,,,,,,,35.93998,-86.85702,False,Crashes_2010_2019_MPO
101318765,2016-08-02,2016,,94.0,,,0,0,N,0.0,0.0,0.0,,,,,,,,35.94857,-86.81142,False,Crashes_2010_2019_MPO