mstrrecnbr,collision_ts,year,county,countystat,crash,crash_type,fatalities,non_motorists,commercial,fatal_c,nonmotor_c,truck_c,fatalc,serious_injuries,ped,bike,lighting,weather,first_harmful_event,latitude,longitude,in_city,src_layer
102202870,2018-11-07,2018,,94.0,,,0,0,N,0.0,0.0,0.0,,,,,,,,35.92503,-86.82191,False,Crashes_2010_2019_MPO
102553272,2019-10-30,2019,,94.0,,,0,0,N,0.0,0.0,0.0,,,,,,,,35.9667,-86.81121,True,Crashes_2010_2019_MPO
100199711,2012-07-09,2012,,94.0,,,0,0,N,0.0,0.0,0.0,,,,,,,,35.9266,-86.86995,False,Crashes_2010_2019_MPO
101463696,2016-11-30,2016,,94.0,,,0,0,N,0.0,0.0,0.0,,,,,,,,35.98973,-86.82914,False,Crashes_2010_2019_MPO
100061162,2011-06-01,2011,,94.0,,,0,0,N,0.0,0.0,0.0,,,,,,,,35.937763,-86.689552,False,Crashes_2010_2019_MPO
100919813,2015-08-08,2015,,19.0,,,0,0,N,0.0,0.0,0.0,,,,,,,,36.04547,-86.70397,False,Crashes_2010_2019_MPO
101498076,2017-01-02,2017,,94.0,,,0,0,N,0.0,0.0,0.0,,,,,,,,35.98618,-86.80066,True,Crashes_2010_2019_MPO
101284494,2016-07-12,2016,,94.0,,,0,0,N,0.0,0.0,0.0,,,,,,,,35.95975,-86.80234,False,Crashes_2010_2019_MPO
101968106,2018-04-05,2018,,94.0,,,0,0,N,0.0,0.0,0.0,,,,,,,,35.99004,-86.74528,True,Crashes_2010_2019_MPO
100850945,2015-05-27,2015,,94.0,,,0,0,N,0.0,0.0,0.0,,,,,,,,36.02905,-86.86025,False,Crashes_2010_2019_MPO
101802535,2017-10-24,2017,,19.0,,,0,0,N,0.0,0.0,0.0,,,,,,,,36.04118,-86.75032,False,Crashes_2010_2019_MPO
100708784,2014-12-18,2014,,94.0,,,0,0,N,0.0,0.0,0.0,,,,,,,,35.99736,-86.79484,True,Crashes_2010_2019_MPO
102068677,2018-07-03,2018,,94.0,,,0,0,N,0.0,0.0,0.0,,,,,,,,35.94815,-86.81738,False,Crashes_2010_2019_MPO
102129394,2018-08-31,2018,,19.0,,,0,0,N,0.0,0.0,0.0,,,,,,,,36.0331,-86.7129,False,Crashes_2010_2019_MPO
101751669,2017-09-05,2017,,94.0,,,0,0,N,0.0,0.0,0.0,,,,,,,,35.93553,-86.82348,False,Crashes_2010_2019_MPO
102285764,2019-01-23,2019,,94.0,,,0,0,Y,0.0,0.0,1.0,,,,,,,,36.03229,-86.78363,True,Crashes_2010_2019_MPO
101948949,2018-03-19,2018,,94.0,,,0,0,N,0.0,0.0,0.0,,,,,,,,35.98303,-86.72453,True,Crashes_2010_2019_MPO
100657783,2014-10-22,2014,,94.0,,,0,0,N,0.0,0.0,0.0,,,,,,,,35.9322,-86.82379,False,Crashes_2010_2019_MPO
101850945,2017-12-07,2017,,19.0,,,0,0,N,0.0,0.0,0.0,,,,,,,,36.03803,-86.80078,False,Crashes_2010_2019_MPO
100836352,2015-05-18,2015,,94.0,,,0,0,N,0.0,0.0,0.0,,,,,,,,35.99466,-86.76856,True,Crashes_2010_2019_MPO
100127436,2011-12-14,2011,,94.0,,,0,0,N,0.0,0.0,0.0,,,,,,,,36.03327,-86.7995,True,Crashes_2010_2019_MPO
102084364,2018-07-23,2018,,94.0,,,0,0,N,0.0,0.0,0.0,,,,,,,,35.9702,-86.8062,True,Crashes_2010_2019_MPO
101186238,2016-05-03,2016,,19.0,,,0,0,N,0.0,0.0,0.0,,,,,,,,36.04168,-86.74801,False,Crashes_2010_2019_MPO
102480170,2019-08-17,2019,,94.0,,,0,0,N,0.0,0.0,0.0,,,,,,,,35.98691,-86.81659,True,Crashes_2010_2019_MPO
101504458,2017-01-12,2017,,94.0,,,0,0,N,0.0,0.0,0.0,,,,,,,,35.94699,-86.81153,False,Crashes_2010_2019_MPO
102303233,2019-02-11,2019,,19.0,,,0,0,N,0.0,0.0,0.0,,,,,,,,36.05051,-86.87686,False,Crashes_2010_2019_MPO
101747372,2017-08-31,2017,,94.0,,,0,0,N,0.0,0.0,0.0,,,,,,,,35.94005,-86.83114,False,Crashes_2010_2019_MPO
100819063,2015-04-16,2015,,19.0,,,0,0,N,0.0,0.0,0.0,,,,,,,,36.03638,-86.78272,False,Crashes_2010_2019_MPO
101424208,2016-10-27,2016,,94.0,,,0,0,N,0.0,0.0,0.0,,,,,,,,35.9583,-86.8023,False,Crashes_2010_2019_MPO
102570361,2019-11-16,2019,,94.0,,,0,0,N,0.0,0.0,0.0,,,,,,,,35.97057,-86.82204,True,Crashes_2010_2019_MPO
101987395,2018-04-23,2018,,19.0,,,0,0,N,0.0,0.0,0.0,,,,,,,,36.04522,-86.71661,False,Crashes_2010_2019_MPO
100854408,2015-06-02,2015,,94.0,,,0,0,N,0.0,0.0,0.0,,,,,,,,35.97332,-86.83308,True,Crashes_2010_2019_MPO
100879936,2015-07-01,2015,,94.0,,,0,0,N,0.0,0.0,0.0,,,,,,,,35.94677,-86.8239,False,Crashes_2010_2019_MPO
101366443,2016-09-21,2016,,19.0,,,0,0,N,0.0,0.0,0.0,,,,,,,,36.04537,-86.71326,False,Crashes_2010_2019_MPO
102585619,2019-12-01,2019,,19.0,,,0,0,N,0.0,0.0,0.0,,,,,,,,36.05172,-86.74189,False,Crashes_2010_2019_MPO
102524004,2019-09-29,2019,,19.0,,,0,0,N,0.0,0.0,0.0,,,,,,,,36.04545,-86.71243,False,Crashes_2010_2019_MPO
102392250,2019-05-17,2019,,19.0,,,0,0,N,0.0,0.0,0.0,,,,,,,,36.05151,-86.71436,False,Crashes_2010_2019_MPO
100565775,2014-06-26,2014,,94.0,,,0,0,N,0.0,0.0,0.0,,,,,,,,35.94586,-86.84899,False,Crashes_2010_2019_MPO
100819350,2015-04-16,2015,,94.0,,,0,0,N,0.0,0.0,0.0,,,,,,,,35.92592,-86.87307,False,Crashes_2010_2019_MPO
101348689,2016-08-24,2016,,94.0,,,0,0,N,0.0,0.0,0.0,,,,,,,,35.98704,-86.80062,True,Crashes_2010_2019_MPO
102005805,2018-05-10,2018,,19.0,,,0,0,N,0.0,0.0,0.0,,,,,,,,36.04001,-86.74347,False,Crashes_2010_2019_MPO
101099146,2016-02-03,2016,,19.0,,,0,0,N,0.0,0.0,0.0,,,,,,,,36.0423,-86.7817,False,Crashes_2010_2019_MPO
101535378,2017-01-25,2017,,94.0,,,0,0,N,0.0,0.0,0.0,,,,,,,,35.94213,-86.83035,False,Crashes_2010_2019_MPO
101131760,2016-03-11,2016,,19.0,,,0,0,N,0.0,0.0,0.0,,,,,,,,36.04447,-86.70591,False,Crashes_2010_2019_MPO
101740009,2017-08-24,2017,,94.0,,,0,0,N,0.0,0.0,0.0,,,,,,,,35.99798,-86.80033,True,Crashes_2010_2019_MPO
101061479,2015-12-17,2015,,94.0,,,0,0,N,0.0,0.0,0.0,,,,,,,,35.94612,-86.82346,False,Crashes_2010_2019_MPO
100587373,2014-07-25,2014,,94.0,,,0,0,N,0.0,0.0,0.0,,,,,,,,35.97267,-86.68948,False,Crashes_2010_2019_MPO
101348454,2016-08-28,2016,,94.0,,,0,0,N,0.0,0.0,0.0,,,,,,,,35.92478,-86.86983,False,Crashes_2010_2019_MPO
101433365,2016-11-07,2016,,94.0,,,0,0,N,0.0,0.0,0.0,,,,,,,,35.99643,-86.78798,True,Crashes_2010_2019_MPO
100730325,2015-01-28,2015,,94.0,,,0,0,N,0.0,0.0,0.0,,,,,,,,35.92721,-86.73848,False,Crashes_2010_2019_MPO
102362092,2019-04-15,2019,,19.0,,,0,0,N,0.0,0.0,0.0,,,,,,,,36.0457,-86.72079,False,Crashes_2010_2019_MPO
101803750,2017-10-25,2017,,19.0,,,0,0,N,0.0,0.0,0.0,,,,,,,,36.0374,-86.78657,False,Crashes_2010_2019_MPO
100563468,2014-06-20,2014,,94.0,,,0,0,N,0.0,0.0,0.0,,,,,,,,35.95259,-86.81495,False,Crashes_2010_2019_MPO
101978701,2018-04-15,2018,,19.0,,,0,0,N,0.0,0.0,0.0,,,,,,,,36.0449,-86.69584,False,Crashes_2010_2019_MPO
100312008,2013-04-04,2013,,94.0,,,0,0,N,0.0,0.0,0.0,,,,,,,,35.96687,-86.81113,True,Crashes_2010_2019_MPO
101748489,2017-09-01,2017,,19.0,,,0,0,N,0.0,0.0,0.0,,,,,,,,36.0451,-86.71323,False,Crashes_2010_2019_MPO
101785046,2017-10-07,2017,,94.0,,,0,0,N,0.0,0.0,0.0,,,,,,,,35.95779,-86.80256,False,Crashes_2010_2019_MPO
101192147,2016-05-10,2016,,94.0,,,0,0,N,0.0,0.0,0.0,,,,,,,,35.94519,-86.80371,False,Crashes_2010_2019_MPO
102540757,2019-10-18,2019,,94.0,,,0,0,N,0.0,0.0,0.0,,,,,,,,35.97217,-86.8607,False,Crashes_2010_2019_MPO
102549631,2019-10-26,2019,,19.0,,,0,0,N,0.0,0.0,0.0,,,,,,,,36.03047,-86.74398,False,Crashes_2010_2019_MPO
102028121,2018-05-30,2018,,19.0,,,0,0,N,0.0,0.0,0.0,,,,,,,,36.02274,-86.68222,False,Crashes_2010_2019_MPO
102585591,2019-12-01,2019,,94.0,,,0,0,N,0.0,0.0,0.0,,,,,,,,35.98195,-86.72475,True,Crashes_2010_2019_MPO
101968126,2018-04-05,2018,,94.0,,,0,0,N,0.0,0.0,0.0,,,,,,,,35.96334,-86.81101,False,Crashes_2010_2019_MPO
102411695,2019-06-06,2019,,94.0,,,0,0,N,0.0,0.0,0.0,,,,,,,,35.99269,-86.82864,True,Crashes_2010_2019_MPO
102394741,2019-05-20,2019,,94.0,,,0,0,N,0.0,0.0,0.0,,,,,,,,35.92644,-86.8248,False,Crashes_2010_2019_MPO
100800981,2015-03-28,2015,,94.0,,,0,0,N,0.0,0.0,0.0,,,,,,,,35.94687,-86.82178,False,Crashes_2010_2019_MPO
101803613,2017-10-24,2017,,94.0,,,0,0,N,0.0,0.0,0.0,,,,,,,,35.98635,-86.73664,True,Crashes_2010_2019_MPO
101974930,2018-04-12,2018,,94.0,,,0,0,N,0.0,0.0,0.0,,,,,,,,35.96654,-86.80934,True,Crashes_2010_2019_MPO
101531145,2017-01-21,2017,,19.0,,,0,0,N,0.0,0.0,0.0,,,,,,,,36.02549,-86.71238,False,Crashes_2010_2019_MPO
100907773,2015-07-17,2015,,19.0,,,0,0,N,0.0,0.0,0.0,,,,,,,,36.04084,-86.77935,False,Crashes_2010_2019_MPO
100373374,2013-08-25,2013,,94.0,,,0,0,Y,0.0,0.0,1.0,,,,,,,,35.94778,-86.81995,False,Crashes_2010_2019_MPO
102265453,2019-01-03,2019,,94.0,,,0,0,N,0.0,0.0,0.0,,,,,,,,35.92548,-86.82461,False,Crashes_2010_2019_MPO
100205852,2012-07-20,2012,,94.0,,,0,0,N,0.0,0.0,0.0,,,,,,,,35.96672,-86.8113,True,Crashes_2010_2019_MPO
101076274,2016-01-12,2016,,19.0,,,0,0,N,0.0,0.0,0.0,,,,,,,,36.0374,-86.78657,False,Crashes_2010_2019_MPO
100248310,2012-11-03,2012,,94.0,,,0,0,N,0.0,0.0,0.0,,,,,,,,35.94225,-86.82232,False,Crashes_2010_2019_MPO
102020622,2018-05-24,2018,,19.0,,,0,0,N,0.0,0.0,0.0,,,,,,,,36.0481,-86.73169,False,Crashes_2010_2019_MPO
102345436,2019-03-30,2019,,19.0,,,0,0,N,0.0,0.0,0.0,,,,,,,,36.0409,-86.77938,False,Crashes_2010_2019_MPO
100658494,2014-10-24,2014,,94.0,,,0,0,N,0.0,0.0,0.0,,,,,,,,35.94784,-86.81975,False,Crashes_2010_2019_MPO
102050875,2018-06-22,2018,,94.0,,,0,0,N,0.0,0.0,0.0,,,,,,,,35.96454,-86.81434,False,Crashes_2010_2019_MPO
102042474,2018-06-12,2018,,94.0,,,0,0,N,0.0,0.0,0.0,,,,,,,,35.9481,-86.81977,False,Crashes_2010_2019_MPO
102291632,2019-01-29,2019,,19.0,,,0,0,N,0.0,0.0,0.0,,,,,,,,36.04047,-86.77006,False,Crashes_2010_2019_MPO
102328552,2019-03-12,2019,,94.0,,,0,0,N,0.0,0.0,0.0,,,,,,,,35.9462,-86.87051,False,Crashes_2010_2019_MPO
100918325,2015-08-05,2015,,94.0,,,0,0,N,0.0,0.0,0.0,,,,,,,,35.99583,-86.78225,True,Crashes_2010_2019_MPO
101359361,2016-09-12,2016,,94.0,,,0,0,N,0.0,0.0,0.0,,,,,,,,35.92273,-86.81459,False,Crashes_2010_2019_MPO
102456563,2019-07-24,2019,,19.0,,,0,0,N,0.0,0.0,0.0,,,,,,,,36.03832,-86.80237,False,Crashes_2010_2019_MPO
101106650,2016-02-10,2016,,94.0,,,0,0,N,0.0,0.0,0.0,,,,,,,,35.93806,-86.80959,False,Crashes_2010_2019_MPO
101995126,2018-04-30,2018,,19.0,,,0,0,N,0.0,0.0,0.0,,,,,,,,36.04091,-86.77417,False,Crashes_2010_2019_MPO
101275898,2016-06-30,2016,,94.0,,,0,0,N,0.0,0.0,0.0,,,,,,,,35.96681,-86.81119,True,Crashes_2010_2019_MPO
101154068,2016-03-30,2016,,94.0,,,0,0,N,0.0,0.0,0.0,,,,,,,,36.04617,-86.87366,False,Crashes_2010_2019_MPO
100807957,2015-04-14,2015,,94.0,,,0,0,N,0.0,0.0,0.0,,,,,,,,35.99466,-86.76863,True,Crashes_2010_2019_MPO
100333276,2013-05-24,2013,,94.0,,,0,0,N,0.0,0.0,0.0,,,,,,,,35.92738,-86.86871,False,Crashes_2010_2019_MPO
101670217,2017-06-10,2017,,94.0,,,0,0,N,0.0,0.0,0.0,,,,,,,,36.00472,-86.79026,True,Crashes_2010_2019_MPO
102140350,2018-09-10,2018,,94.0,,,0,0,N,0.0,0.0,0.0,,,,,,,,35.9599,-86.80184,False,Crashes_2010_2019_MPO
101533605,2017-01-24,2017,,94.0,,,0,0,N,0.0,0.0,0.0,,,,,,,,35.96599,-86.80631,True,Crashes_2010_2019_MPO
100343263,2013-06-17,2013,,94.0,,,0,0,N,0.0,0.0,0.0,,,,,,,,35.97764,-86.77681,True,Crashes_2010_2019_MPO
101420959,2016-10-22,2016,,94.0,,,0,0,N,0.0,0.0,0.0,,,,,,,,35.96672,-86.81058,True,Crashes_2010_2019_MPO
101097605,2016-02-01,2016,,94.0,,,0,1,N,0.0,1.0,0.0,,,,,,,,35.94813,-86.82241,False,Crashes_2010_2019_MPO
100980572,2015-10-16,2015,,94.0,,,0,0,N,0.0,0.0,0.0,,,,,,,,35.92707,-86.82445,False,Crashes_2010_2019_MPO
101714540,2017-07-28,2017,,19.0,,,0,0,N,0.0,0.0,0.0,,,,,,,,36.04324,-86.70438,False,Crashes_2010_2019_MPO
100416803,2013-12-09,2013,,94.0,,,0,0,N,0.0,0.0,0.0,,,,,,,,35.94884,-86.81965,False,Crashes_2010_2019_MPO
101986758,2018-04-23,2018,,94.0,,,0,0,N,0.0,0.0,0.0,,,,,,,,36.03467,-86.78332,True,Crashes_2010_2019_MPO
100465215,2014-03-17,2014,,94.0,,,0,0,N,0.0,0.0,0.0,,,,,,,,35.95394,-86.73925,True,Crashes_2010_2019_MPO
100834107,2015-05-14,2015,,94.0,,,0,0,N,0.0,0.0,0.0,,,,,,,,35.93466,-86.86086,False,Crashes_2010_2019_MPO
101118211,2016-02-18,2016,,94.0,,,0,0,N,0.0,0.0,0.0,,,,,,,,35.92921,-86.8243,False,Crashes_2010_2019_MPO
100229319,2012-09-19,2012,,94.0,,,0,0,N,0.0,0.0,0.0,,,,,,,,35.97325,-86.72624,True,Crashes_2010_2019_MPO
100796447,2015-03-23,2015,,94.0,,,0,0,N,0.0,0.0,0.0,,,,,,,,35.99004,-86.74527,True,Crashes_2010_2019_MPO
101359660,2016-09-12,2016,,19.0,,,0,0,N,0.0,0.0,0.0,,,,,,,,36.04001,-86.74347,False,Crashes_2010_2019_MPO
101835407,2017-11-23,2017,,94.0,,,0,0,N,0.0,0.0,0.0,,,,,,,,35.95965,-86.8415,False,Crashes_2010_2019_MPO
101975437,2018-04-11,2018,,94.0,,,0,0,N,0.0,0.0,0.0,,,,,,,,35.94616,-86.80856,False,Crashes_2010_2019_MPO
102192604,2018-10-28,2018,,19.0,,,0,0,N,0.0,0.0,0.0,,,,,,,,36.0374,-86.78657,False,Crashes_2010_2019_MPO
102079903,2018-07-19,2018,,94.0,,,0,0,N,0.0,0.0,0.0,,,,,,,,35.93278,-86.7848,False,Crashes_2010_2019_MPO
102522456,2019-09-27,2019,,94.0,,,0,0,N,0.0,0.0,0.0,,,,,,,,35.92355,-86.79253,False,Crashes_2010_2019_MPO
101400764,2016-10-10,2016,,94.0,,,0,0,N,0.0,0.0,0.0,,,,,,,,35.94612,-86.82346,False,Crashes_2010_2019_MPO
102188152,2018-10-24,2018,,94.0,,,0,0,N,0.0,0.0,0.0,,,,,,,,36.03694,-86.801757,True,Crashes_2010_2019_MPO
101494692,2017-01-03,2017,,19.0,,,0,0,N,0.0,0.0,0.0,,,,,,,,36.04028,-86.76837,False,Crashes_2010_2019_MPO
101120351,2016-02-22,2016,,94.0,,,0,0,N,0.0,0.0,0.0,,,,,,,,36.01736,-86.8466,True,Crashes_2010_2019_MPO
102452120,2019-07-19,2019,,94.0,,,0,0,N,0.0,0.0,0.0,,,,,,,,35.96461,-86.81462,True,Crashes_2010_2019_MPO
102035073,2018-06-05,2018,,94.0,,,0,0,N,0.0,0.0,0.0,,,,,,,,36.03369,-86.7832,True,Crashes_2010_2019_MPO
101821357,2017-11-10,2017,,94.0,,,0,0,N,0.0,0.0,0.0,,,,,,,,35.92673,-86.87005,False,Crashes_2010_2019_MPO
102566875,2019-11-13,2019,,94.0,,,0,0,N,0.0,0.0,0.0,,,,,,,,36.01286,-86.80081,True,Crashes_2010_2019_MPO
101987750,2018-04-24,2018,,19.0,,,0,0,N,0.0,0.0,0.0,,,,,,,,36.03115,-86.7126,False,Crashes_2010_2019_MPO
101270572,2016-06-22,2016,,94.0,,,0,0,N,0.0,0.0,0.0,,,,,,,,35.96659,-86.80927,True,Crashes_2010_2019_MPO
100731260,2015-02-02,2015,,94.0,,,0,0,N,0.0,0.0,0.0,,,,,,,,35.9953,-86.77887,True,Crashes_2010_2019_MPO
100823290,2015-04-24,2015,,94.0,,,0,0,N,0.0,0.0,0.0,,,,,,,,35.94467,-86.82831,False,Crashes_2010_2019_MPO
101318701,2016-08-02,2016,,94.0,,,0,0,N,0.0,0.0,0.0,,,,,,,,35.99468,-86.76876,True,Crashes_2010_2019_MPO
100430750,2014-01-13,2014,,94.0,,,0,0,N,0.0,0.0,0.0,,,,,,,,35.94826,-86.80783,False,Crashes_2010_2019_MPO
100315353,2013-04-12,2013,,94.0,,,0,0,N,0.0,0.0,0.0,,,,,,,,35.96751,-86.81634,True,Crashes_2010_2019_MPO
100733685,2015-02-07,2015,,19.0,,,0,0,N,0.0,0.0,0.0,,,,,,,,36.04674,-86.71351,False,Crashes_2010_2019_MPO
100313679,2013-04-08,2013,,94.0,,,0,0,N,0.0,0.0,0.0,,,,,,,,35.94471,-86.84678,False,Crashes_2010_2019_MPO
102610637,2019-12-29,2019,,94.0,,,0,0,N,0.0,0.0,0.0,,,,,,,,36.00418,-86.79114,True,Crashes_2010_2019_MPO
102518147,2019-09-23,2019,,94.0,,,0,0,N,0.0,0.0,0.0,,,,,,,,36.01625,-86.74085,False,Crashes_2010_2019_MPO
101156755,2016-04-03,2016,,94.0,,,0,0,N,0.0,0.0,0.0,,,,,,,,35.93215,-86.79441,False,Crashes_2010_2019_MPO
101818991,2017-11-08,2017,,19.0,,,0,0,N,0.0,0.0,0.0,,,,,,,,36.03766,-86.78495,False,Crashes_2010_2019_MPO
101130274,2016-03-06,2016,,94.0,,,0,0,N,0.0,0.0,0.0,,,,,,,,35.96615,-86.80725,True,Crashes_2010_2019_MPO
102532487,2019-10-08,2019,,94.0,,,0,0,N,0.0,0.0,0.0,,,,,,,,35.93374,-86.81767,False,Crashes_2010_2019_MPO
100835489,2015-05-17,2015,,19.0,,,0,0,N,0.0,0.0,0.0,,,,,,,,36.05161,-86.776,False,Crashes_2010_2019_MPO
101698038,2017-07-09,2017,,94.0,,,0,0,N,0.0,0.0,0.0,,,,,,,,35.93419,-86.81876,False,Crashes_2010_2019_MPO
101935188,2018-03-05,2018,,94.0,,,0,0,N,0.0,0.0,0.0,,,,,,,,35.93258,-86.87727,False,Crashes_2010_2019_MPO
102194649,2018-10-30,2018,,19.0,,,0,0,N,0.0,0.0,0.0,,,,,,,,36.02787,-86.87708,False,Crashes_2010_2019_MPO
102300100,2019-02-08,2019,,94.0,,,0,0,N,0.0,0.0,0.0,,,,,,,,35.94492,-86.80941,False,Crashes_2010_2019_MPO
100660273,2014-10-27,2014,,19.0,,,0,0,N,0.0,0.0,0.0,,,,,,,,36.03598,-86.87234,False,Crashes_2010_2019_MPO
101236905,2016-06-01,2016,,94.0,,,0,0,N,0.0,0.0,0.0,,,,,,,,35.96716,-86.81351,True,Crashes_2010_2019_MPO
101776366,2017-09-27,2017,,94.0,,,0,0,N,0.0,0.0,0.0,,,,,,,,35.95672,-86.81513,False,Crashes_2010_2019_MPO
100291436,2013-02-11,2013,,94.0,,,0,0,Y,0.0,0.0,1.0,,,,,,,,36.0359,-86.80889,True,Crashes_2010_2019_MPO
101435093,2016-11-09,2016,,19.0,,,0,0,N,0.0,0.0,0.0,,,,,,,,36.04966,-86.71385,False,Crashes_2010_2019_MPO
102160698,2018-09-28,2018,,94.0,,,0,0,N,0.0,0.0,0.0,,,,,,,,35.9273,-86.87404,False,Crashes_2010_2019_MPO
101150998,2016-03-25,2016,,19.0,,,0,0,N,0.0,0.0,0.0,,,,,,,,36.03352,-86.71298,False,Crashes_2010_2019_MPO
101033472,2015-11-20,2015,,94.0,,,0,0,N,0.0,0.0,0.0,,,,,,,,35.99266,-86.81267,True,Crashes_2010_2019_MPO
102440006,2019-07-06,2019,,94.0,,,0,0,N,0.0,0.0,0.0,,,,,,,,35.997403,-86.794907,True,Crashes_2010_2019_MPO
102380093,2019-05-04,2019,,94.0,,,0,0,N,0.0,0.0,0.0,,,,,,,,35.99107,-86.77834,True,Crashes_2010_2019_MPO
101969675,2018-04-06,2018,,19.0,,,0,0,N,0.0,0.0,0.0,,,,,,,,36.04012,-86.78074,False,Crashes_2010_2019_MPO
102185887,2018-10-22,2018,,19.0,,,0,0,N,0.0,0.0,0.0,,,,,,,,36.03894,-86.78269,False,Crashes_2010_2019_MPO
101678776,2017-06-20,2017,,19.0,,,0,0,N,0.0,0.0,0.0,,,,,,,,36.03791,-86.7844,False,Crashes_2010_2019_MPO
102329431,2019-03-13,2019,,94.0,,,0,0,N,0.0,0.0,0.0,,,,,,,,35.98635,-86.73664,True,Crashes_2010_2019_MPO
102456416,2019-07-24,2019,,94.0,,,0,0,N,0.0,0.0,0.0,,,,,,,,35.9463,-86.8085,False,Crashes_2010_2019_MPO
101102305,2016-02-09,2016,,19.0,,,0,0,N,0.0,0.0,0.0,,,,,,,,36.0091,-86.70147,False,Crashes_2010_2019_MPO
101693635,2017-07-06,2017,,19.0,,,0,0,Y,0.0,0.0,1.0,,,,,,,,36.04441,-86.78039,False,Crashes_2010_2019_MPO
100706100,2014-12-13,2014,,19.0,,,0,0,N,0.0,0.0,0.0,,,,,,,,36.01201,-86.68403,False,Crashes_2010_2019_MPO
102408645,2019-06-03,2019,,19.0,,,0,0,N,0.0,0.0,0.0,,,,,,,,36.0374,-86.78657,False,Crashes_2010_2019_MPO
100343189,2013-06-16,2013,,94.0,,,0,0,N,0.0,0.0,0.0,,,,,,,,35.94088,-86.83929,False,Crashes_2010_2019_MPO
102264064,2019-01-02,2019,,94.0,,,0,0,N,0.0,0.0,0.0,,,,,,,,35.96235,-86.80877,False,Crashes_2010_2019_MPO
102482000,2019-08-19,2019,,19.0,,,0,0,N,0.0,0.0,0.0,,,,,,,,36.03761,-86.78512,False,Crashes_2010_2019_MPO
101912021,2018-02-09,2018,,94.0,,,0,0,N,0.0,0.0,0.0,,,,,,,,35.95902,-86.81609,False,Crashes_2010_2019_MPO
100975369,2015-10-07,2015,,94.0,,,0,0,N,0.0,0.0,0.0,,,,,,,,36.03671,-86.79087,True,Crashes_2010_2019_MPO
102451102,2019-07-18,2019,,94.0,,,0,0,N,0.0,0.0,0.0,,,,,,,,35.95526,-86.82588,False,Crashes_2010_2019_MPO
102021048,2018-05-24,2018,,94.0,,,0,0,N,0.0,0.0,0.0,,,,,,,,36.03686,-86.80184,True,Crashes_2010_2019_MPO
101231436,2016-05-24,2016,,19.0,,,0,0,N,0.0,0.0,0.0,,,,,,,,36.04821,-86.7067,False,Crashes_2010_2019_MPO
102592488,2019-12-09,2019,,94.0,,,0,0,N,0.0,0.0,0.0,,,,,,,,35.92641,-86.82453,False,Crashes_2010_2019_MPO
102533507,2019-10-08,2019,,94.0,,,0,0,N,0.0,0.0,0.0,,,,,,,,35.93808,-86.8218,False,Crashes_2010_2019_MPO
101425065,2016-10-28,2016,,19.0,,,0,0,N,0.0,0.0,0.0,,,,,,,,36.04683,-86.6793,False,Crashes_2010_2019_MPO
101468067,2016-12-05,2016,,19.0,,,0,0,N,0.0,0.0,0.0,,,,,,,,36.0386,-86.78263,False,Crashes_2010_2019_MPO
102554156,2019-10-31,2019,,94.0,,,0,0,N,0.0,0.0,0.0,,,,,,,,35.99781,-86.79886,True,Crashes_2010_2019_MPO
100631392,2014-09-18,2014,,19.0,,,0,0,N,0.0,0.0,0.0,,,,,,,,36.05233,-86.77598,False,Crashes_2010_2019_MPO
100116093,2011-11-16,2011,,94.0,,,0,0,N,0.0,0.0,0.0,,,,,,,,35.98133,-86.84398,False,Crashes_2010_2019_MPO
102265414,2019-01-03,2019,,94.0,,,0,0,N,0.0,0.0,0.0,,,,,,,,35.98421,-86.72356,True,Crashes_2010_2019_MPO
101631436,2017-05-01,2017,,19.0,,,0,0,N,0.0,0.0,0.0,,,,,,,,36.03748,-86.78596,False,Crashes_2010_2019_MPO
102157213,2018-09-25,2018,,94.0,,,0,0,N,0.0,0.0,0.0,,,,,,,,35.99774,-86.79664,True,Crashes_2010_2019_MPO
101507703,2017-01-17,2017,,94.0,,,0,0,N,0.0,0.0,0.0,,,,,,,,35.96312,-86.81897,True,Crashes_2010_2019_MPO
101865854,2017-12-21,2017,,94.0,,,0,0,N,0.0,0.0,0.0,,,,,,,,35.94697,-86.82205,False,Crashes_2010_2019_MPO
100638331,2014-10-03,2014,,19.0,,,0,0,N,0.0,0.0,0.0,,,,,,,,36.04066,-86.77226,False,Crashes_2010_2019_MPO
101754510,2017-09-08,2017,,94.0,,,0,0,N,0.0,0.0,0.0,,,,,,,,35.93533,-86.82268,False,Crashes_2010_2019_MPO
101441258,2016-11-16,2016,,19.0,,,0,0,N,0.0,0.0,0.0,,,,,,,,36.05389,-86.77515,False,Crashes_2010_2019_MPO
101453645,2016-11-17,2016,,94.0,,,0,0,N,0.0,0.0,0.0,,,,,,,,35.99757,-86.77914,True,Crashes_2010_2019_MPO
101713579,2017-07-25,2017,,94.0,,,0,0,Y,0.0,0.0,1.0,,,,,,,,35.93756,-86.76809,False,Crashes_2010_2019_MPO
100397369,2013-10-28,2013,,94.0,,,0,0,N,0.0,0.0,0.0,,,,,,,,35.93416,-86.77842,False,Crashes_2010_2019_MPO
100370827,2013-08-19,2013,,94.0,,,0,0,Y,0.0,0.0,1.0,,,,,,,,35.97218,-86.80576,True,Crashes_2010_2019_MPO
101435918,2016-11-10,2016,,19.0,,,0,0,N,0.0,0.0,0.0,,,,,,,,36.05216,-86.74291,False,Crashes_2010_2019_MPO
102134692,2018-09-05,2018,,19.0,,,0,0,N,0.0,0.0,0.0,,,,,,,,36.05121,-86.71427,False,Crashes_2010_2019_MPO
101327031,2016-08-13,2016,,94.0,,,0,0,N,0.0,0.0,0.0,,,,,,,,36.02725,-86.7921,True,Crashes_2010_2019_MPO
102332501,2019-03-16,2019,,19.0,,,0,0,N,0.0,0.0,0.0,,,,,,,,36.04245,-86.71294,False,Crashes_2010_2019_MPO