mstrrecnbr,collision_ts,year,county,countystat,crash,crash_type,fatalities,non_motorists,commercial,fatal_c,nonmotor_c,truck_c,fatalc,serious_injuries,ped,bike,lighting,weather,first_harmful_event,latitude,longitude,in_city,src_layer
101632920,2017-05-03,2017,,19.0,,,0,0,N,0.0,0.0,0.0,,,,,,,,36.03841,-86.7842,False,Crashes_2010_2019_MPO
100319347,2013-04-21,2013,,94.0,,,0,0,N,0.0,0.0,0.0,,,,,,,,35.92738,-86.86871,False,Crashes_2010_2019_MPO
102583501,2019-11-29,2019,,19.0,,,0,0,N,0.0,0.0,0.0,,,,,,,,36.02802,-86.7037,False,Crashes_2010_2019_MPO
102061507,2018-07-02,2018,,94.0,,,0,0,N,0.0,0.0,0.0,,,,,,,,35.9313,-86.76765,False,Crashes_2010_2019_MPO
100708550,2014-12-17,2014,,94.0,,,0,0,N,0.0,0.0,0.0,,,,,,,,35.93714,-86.85903,False,Crashes_2010_2019_MPO
101636778,2017-05-06,2017,,19.0,,,0,0,N,0.0,0.0,0.0,,,,,,,,36.04122,-86.75024,False,Crashes_2010_2019_MPO
102601779,2019-12-19,2019,,19.0,,,0,0,N,0.0,0.0,0.0,,,,,,,,36.04523,-86.69237,False,Crashes_2010_2019_MPO
100664140,2014-11-03,2014,,94.0,,,0,0,N,0.0,0.0,0.0,,,,,,,,35.94775,-86.81934,False,Crashes_2010_2019_MPO
100588602,2014-07-28,2014,,94.0,,,0,0,N,0.0,0.0,0.0,,,,,,,,35.97765,-86.80363,True,Crashes_2010_2019_MPO
100335681,2013-05-30,2013,,94.0,,,0,0,N,0.0,0.0,0.0,,,,,,,,35.97318,-86.83115,True,Crashes_2010_2019_MPO
101492938,2017-01-01,2017,,19.0,,,0,0,N,0.0,0.0,0.0,,,,,,,,36.04885,-86.77644,False,Crashes_2010_2019_MPO
101678780,2017-06-20,2017,,94.0,,,0,0,N,0.0,0.0,0.0,,,,,,,,35.99734,-86.79486,True,Crashes_2010_2019_MPO
102005594,2018-05-09,2018,,94.0,,,0,0,N,0.0,0.0,0.0,,,,,,,,36.03652,-86.80101,True,Crashes_2010_2019_MPO
101677925,2017-06-19,2017,,94.0,,,0,0,N,0.0,0.0,0.0,,,,,,,,35.94732,-86.82393,False,Crashes_2010_2019_MPO
101924686,2018-02-22,2018,,94.0,,,0,0,N,0.0,0.0,0.0,,,,,,,,36.03398,-86.78341,True,Crashes_2010_2019_MPO
100421444,2013-12-06,2013,,94.0,,,0,0,N,0.0,0.0,0.0,,,,,,,,35.93128,-86.84512,False,Crashes_2010_2019_MPO
102151867,2018-09-20,2018,,94.0,,,0,0,N,0.0,0.0,0.0,,,,,,,,35.93896,-86.8173,False,Crashes_2010_2019_MPO
102442490,2019-07-09,2019,,19.0,,,0,0,N,0.0,0.0,0.0,,,,,,,,36.04561,-86.71074,False,Crashes_2010_2019_MPO
102082221,2018-07-21,2018,,94.0,,,0,0,N,0.0,0.0,0.0,,,,,,,,35.93242,-86.85995,False,Crashes_2010_2019_MPO
101289363,2016-07-20,2016,,19.0,,,0,0,N,0.0,0.0,0.0,,,,,,,,36.0374,-86.78657,False,Crashes_2010_2019_MPO
102493013,2019-08-30,2019,,94.0,,,0,0,N,0.0,0.0,0.0,,,,,,,,35.9521,-86.81774,False,Crashes_2010_2019_MPO
101064755,2015-12-17,2015,,94.0,,,0,0,N,0.0,0.0,0.0,,,,,,,,35.95483,-86.82596,False,Crashes_2010_2019_MPO
101233687,2016-05-27,2016,,19.0,,,0,0,N,0.0,0.0,0.0,,,,,,,,36.04306,-86.6901,False,Crashes_2010_2019_MPO
100507325,2014-05-08,2014,,94.0,,,0,0,N,0.0,0.0,0.0,,,,,,,,35.95548,-86.828,False,Crashes_2010_2019_MPO
101647622,2017-05-18,2017,,94.0,,,0,0,N,0.0,0.0,0.0,,,,,,,,35.9549,-86.8113,False,Crashes_2010_2019_MPO
101061158,2015-12-16,2015,,94.0,,,0,0,N,0.0,0.0,0.0,,,,,,,,35.95073,-86.81874,False,Crashes_2010_2019_MPO
101605055,2017-03-31,2017,,94.0,,,0,0,N,0.0,0.0,0.0,,,,,,,,35.94041,-86.83909,False,Crashes_2010_2019_MPO
101073596,2016-01-07,2016,,94.0,,,0,0,N,0.0,0.0,0.0,,,,,,,,35.94111,-86.8354,False,Crashes_2010_2019_MPO
100593958,2014-08-10,2014,,94.0,,,0,0,N,0.0,0.0,0.0,,,,,,,,35.93458,-86.8208,False,Crashes_2010_2019_MPO
102423849,2019-06-20,2019,,94.0,,,0,0,N,0.0,0.0,0.0,,,,,,,,35.94354,-86.81179,False,Crashes_2010_2019_MPO
102423996,2019-06-20,2019,,19.0,,,0,0,N,0.0,0.0,0.0,,,,,,,,36.04658,-86.71341,False,Crashes_2010_2019_MPO
102457521,2019-07-25,2019,,94.0,,,0,0,N,0.0,0.0,0.0,,,,,,,,36.03614,-86.78711,True,Crashes_2010_2019_MPO
102604647,2019-12-22,2019,,19.0,,,0,0,N,0.0,0.0,0.0,,,,,,,,36.04559,-86.71697,False,Crashes_2010_2019_MPO
101623068,2017-04-23,2017,,19.0,,,0,0,N,0.0,0.0,0.0,,,,,,,,36.04858,-86.77604,False,Crashes_2010_2019_MPO
100573101,2014-07-13,2014,,94.0,,,0,0,N,0.0,0.0,0.0,,,,,,,,36.026067,-86.790023,True,Crashes_2010_2019_MPO
100821110,2015-04-20,2015,,94.0,,,0,0,N,0.0,0.0,0.0,,,,,,,,35.97784,-86.80356,True,Crashes_2010_2019_MPO
100666641,2014-11-07,2014,,19.0,,,0,0,N,0.0,0.0,0.0,,,,,,,,36.0406,-86.74566,False,Crashes_2010_2019_MPO
102538625,2019-10-15,2019,,94.0,,,0,0,N,0.0,0.0,0.0,,,,,,,,35.96362,-86.80059,True,Crashes_2010_2019_MPO
100966905,2015-09-25,2015,,94.0,,,0,0,N,0.0,0.0,0.0,,,,,,,,35.98101,-86.82916,False,Crashes_2010_2019_MPO
100860685,2015-06-14,2015,,19.0,,,0,0,N,0.0,0.0,0.0,,,,,,,,36.04483,-86.84909,False,Crashes_2010_2019_MPO
101823475,2017-11-11,2017,,94.0,,,0,0,N,0.0,0.0,0.0,,,,,,,,35.95721,-86.84339,False,Crashes_2010_2019_MPO
101273389,2016-06-26,2016,,19.0,,,0,0,N,0.0,0.0,0.0,,,,,,,,36.03913,-86.78235,False,Crashes_2010_2019_MPO
102100718,2018-08-06,2018,,19.0,,,0,0,N,0.0,0.0,0.0,,,,,,,,36.04641,-86.71339,False,Crashes_2010_2019_MPO
102291971,2019-01-30,2019,,19.0,,,0,0,N,0.0,0.0,0.0,,,,,,,,36.0401,-86.74439,False,Crashes_2010_2019_MPO
102403050,2019-05-28,2019,,94.0,,,0,0,N,0.0,0.0,0.0,,,,,,,,35.99573,-86.78122,True,Crashes_2010_2019_MPO
101857036,2017-12-12,2017,,94.0,,,0,0,N,0.0,0.0,0.0,,,,,,,,35.95113,-86.81822,False,Crashes_2010_2019_MPO
100308228,2013-03-25,2013,,94.0,,,0,0,N,0.0,0.0,0.0,,,,,,,,35.99239,-86.82842,True,Crashes_2010_2019_MPO
101289393,2016-07-20,2016,,94.0,,,0,0,N,0.0,0.0,0.0,,,,,,,,35.96716,-86.81351,True,Crashes_2010_2019_MPO
100350065,2013-07-04,2013,,94.0,,,0,0,Y,0.0,0.0,1.0,,,,,,,,35.96512,-86.80035,True,Crashes_2010_2019_MPO
100964007,2015-09-20,2015,,94.0,,,0,0,N,0.0,0.0,0.0,,,,,,,,35.9325,-86.86247,False,Crashes_2010_2019_MPO
101039440,2015-11-25,2015,,94.0,,,0,0,N,0.0,0.0,0.0,,,,,,,,35.9736,-86.83387,False,Crashes_2010_2019_MPO
102305970,2019-02-14,2019,,19.0,,,0,0,N,0.0,0.0,0.0,,,,,,,,36.03047,-86.74398,False,Crashes_2010_2019_MPO
101636485,2017-05-06,2017,,94.0,,,0,0,N,0.0,0.0,0.0,,,,,,,,36.034954,-86.804095,True,Crashes_2010_2019_MPO
100753489,2015-02-26,2015,,94.0,,,0,0,N,0.0,0.0,0.0,,,,,,,,35.92778,-86.82097,False,Crashes_2010_2019_MPO
102019059,2018-05-22,2018,,94.0,,,0,0,N,0.0,0.0,0.0,,,,,,,,35.96721,-86.8135,True,Crashes_2010_2019_MPO
100907707,2015-07-17,2015,,94.0,,,0,0,N,0.0,0.0,0.0,,,,,,,,35.93461,-86.82012,False,Crashes_2010_2019_MPO
101457992,2016-11-23,2016,,19.0,,,0,0,N,0.0,0.0,0.0,,,,,,,,36.03256,-86.7687,False,Crashes_2010_2019_MPO
101366008,2016-09-21,2016,,19.0,,,0,0,N,0.0,0.0,0.0,,,,,,,,36.0331,-86.71069,False,Crashes_2010_2019_MPO
102169452,2018-10-06,2018,,94.0,,,0,0,N,0.0,0.0,0.0,,,,,,,,35.95965,-86.8158,False,Crashes_2010_2019_MPO
100268584,2012-12-19,2012,,94.0,,,0,0,N,0.0,0.0,0.0,,,,,,,,35.96665,-86.80924,True,Crashes_2010_2019_MPO
100699798,2014-12-02,2014,,94.0,,,0,0,N,0.0,0.0,0.0,,,,,,,,35.96505,-86.72731,True,Crashes_2010_2019_MPO
102600418,2019-12-17,2019,,94.0,,,0,0,N,0.0,0.0,0.0,,,,,,,,35.95346,-86.71461,False,Crashes_2010_2019_MPO
101187512,2016-05-04,2016,,19.0,,,0,0,N,0.0,0.0,0.0,,,,,,,,36.04536,-86.70259,False,Crashes_2010_2019_MPO
102552174,2019-10-29,2019,,19.0,,,0,0,N,0.0,0.0,0.0,,,,,,,,36.04001,-86.74347,False,Crashes_2010_2019_MPO
102435120,2019-07-01,2019,,94.0,,,0,0,N,0.0,0.0,0.0,,,,,,,,36.00632,-86.78031,True,Crashes_2010_2019_MPO
101042512,2015-12-04,2015,,94.0,,,0,0,N,0.0,0.0,0.0,,,,,,,,35.94815,-86.81742,False,Crashes_2010_2019_MPO
102022438,2018-05-25,2018,,19.0,,,0,0,N,0.0,0.0,0.0,,,,,,,,36.0309,-86.76846,False,Crashes_2010_2019_MPO
100728726,2015-01-28,2015,,19.0,,,0,0,N,0.0,0.0,0.0,,,,,,,,36.03981,-86.78107,False,Crashes_2010_2019_MPO
100832977,2015-05-12,2015,,94.0,,,0,0,N,0.0,0.0,0.0,,,,,,,,35.97131,-86.76969,True,Crashes_2010_2019_MPO
101923698,2018-02-20,2018,,94.0,,,0,0,N,0.0,0.0,0.0,,,,,,,,35.95588,-86.83168,False,Crashes_2010_2019_MPO
100509204,2014-05-15,2014,,94.0,,,0,0,N,0.0,0.0,0.0,,,,,,,,35.99842,-86.79882,True,Crashes_2010_2019_MPO
101666026,2017-06-05,2017,,94.0,,,0,0,N,0.0,0.0,0.0,,,,,,,,35.97716,-86.87628,False,Crashes_2010_2019_MPO
101162631,2016-04-11,2016,,94.0,,,0,0,N,0.0,0.0,0.0,,,,,,,,35.94431,-86.8197,False,Crashes_2010_2019_MPO
101049646,2015-12-15,2015,,94.0,,,0,0,N,0.0,0.0,0.0,,,,,,,,35.95808,-86.81039,False,Crashes_2010_2019_MPO
101864745,2017-12-20,2017,,19.0,,,0,0,N,0.0,0.0,0.0,,,,,,,,36.01031,-86.70215,False,Crashes_2010_2019_MPO
100389683,2013-10-10,2013,,94.0,,,0,0,N,0.0,0.0,0.0,,,,,,,,35.93872,-86.87921,False,Crashes_2010_2019_MPO
100392637,2013-10-17,2013,,94.0,,,0,0,N,0.0,0.0,0.0,,,,,,,,35.96157,-86.81328,False,Crashes_2010_2019_MPO
101581244,2017-03-12,2017,,94.0,,,0,0,N,0.0,0.0,0.0,,,,,,,,36.03016,-86.79048,True,Crashes_2010_2019_MPO
102531889,2019-10-07,2019,,94.0,,,0,0,N,0.0,0.0,0.0,,,,,,,,35.97304,-86.79607,True,Crashes_2010_2019_MPO
100718772,2015-01-07,2015,,94.0,,,0,0,N,0.0,0.0,0.0,,,,,,,,35.92922,-86.82046,False,Crashes_2010_2019_MPO
100668271,2014-11-10,2014,,94.0,,,0,0,N,0.0,0.0,0.0,,,,,,,,35.99592,-86.78315,True,Crashes_2010_2019_MPO
102112738,2018-08-17,2018,,19.0,,,0,0,N,0.0,0.0,0.0,,,,,,,,36.04544,-86.70384,False,Crashes_2010_2019_MPO
101164927,2016-04-15,2016,,19.0,,,0,0,N,0.0,0.0,0.0,,,,,,,,36.04934,-86.71378,False,Crashes_2010_2019_MPO
101802613,2017-10-24,2017,,94.0,,,0,0,N,0.0,0.0,0.0,,,,,,,,35.98611,-86.73596,True,Crashes_2010_2019_MPO
101881774,2018-01-09,2018,,19.0,,,0,0,N,0.0,0.0,0.0,,,,,,,,36.05255,-86.74304,False,Crashes_2010_2019_MPO
101625411,2017-04-25,2017,,94.0,,,0,0,N,0.0,0.0,0.0,,,,,,,,35.94677,-86.85185,False,Crashes_2010_2019_MPO
100734584,2015-02-09,2015,,94.0,,,0,0,N,0.0,0.0,0.0,,,,,,,,35.92544,-86.8728,False,Crashes_2010_2019_MPO
102499106,2019-09-03,2019,,19.0,,,0,0,N,0.0,0.0,0.0,,,,,,,,36.04676,-86.70189,False,Crashes_2010_2019_MPO
101533563,2017-01-24,2017,,94.0,,,0,0,N,0.0,0.0,0.0,,,,,,,,35.92687,-86.73467,False,Crashes_2010_2019_MPO
102151849,2018-09-20,2018,,94.0,,,0,0,N,0.0,0.0,0.0,,,,,,,,35.96654,-86.81124,True,Crashes_2010_2019_MPO
102503508,2019-09-08,2019,,94.0,,,0,0,N,0.0,0.0,0.0,,,,,,,,35.93215,-86.79441,False,Crashes_2010_2019_MPO
102355067,2019-04-08,2019,,94.0,,,0,0,N,0.0,0.0,0.0,,,,,,,,35.99643,-86.78798,True,Crashes_2010_2019_MPO
100461360,2014-03-07,2014,,94.0,,,0,0,N,0.0,0.0,0.0,,,,,,,,35.92558,-86.87102,False,Crashes_2010_2019_MPO
101848825,2017-12-05,2017,,19.0,,,0,0,N,0.0,0.0,0.0,,,,,,,,36.04117,-86.7765,False,Crashes_2010_2019_MPO
100948227,2015-09-10,2015,,19.0,,,0,0,N,0.0,0.0,0.0,,,,,,,,36.04926,-86.86987,False,Crashes_2010_2019_MPO
101359939,2016-09-13,2016,,19.0,,,0,0,N,0.0,0.0,0.0,,,,,,,,36.03831,-86.67733,False,Crashes_2010_2019_MPO
102607024,2019-12-24,2019,,94.0,,,0,0,N,0.0,0.0,0.0,,,,,,,,35.94925,-86.81947,False,Crashes_2010_2019_MPO
102076513,2018-07-15,2018,,94.0,,,0,0,N,0.0,0.0,0.0,,,,,,,,35.97223,-86.86608,False,Crashes_2010_2019_MPO
100634286,2014-09-26,2014,,94.0,,,0,0,N,0.0,0.0,0.0,,,,,,,,35.98179,-86.70781,True,Crashes_2010_2019_MPO
101080395,2016-01-20,2016,,19.0,,,0,0,N,0.0,0.0,0.0,,,,,,,,36.04364,-86.78098,False,Crashes_2010_2019_MPO
101464074,2016-11-29,2016,,94.0,,,0,0,N,0.0,0.0,0.0,,,,,,,,35.96206,-86.80154,True,Crashes_2010_2019_MPO
100126543,2011-12-12,2011,,94.0,,,0,0,N,0.0,0.0,0.0,,,,,,,,35.92721,-86.73854,False,Crashes_2010_2019_MPO
101330273,2016-08-18,2016,,94.0,,,0,0,N,0.0,0.0,0.0,,,,,,,,35.99673,-86.79064,True,Crashes_2010_2019_MPO
100321805,2013-04-24,2013,,94.0,,,0,0,N,0.0,0.0,0.0,,,,,,,,35.96588,-86.81387,False,Crashes_2010_2019_MPO
100666638,2014-11-06,2014,,19.0,,,0,0,N,0.0,0.0,0.0,,,,,,,,36.04076,-86.77332,False,Crashes_2010_2019_MPO
101740227,2017-08-22,2017,,94.0,,,0,0,Y,0.0,0.0,1.0,,,,,,,,36.0151,-86.78558,True,Crashes_2010_2019_MPO
101583323,2017-03-14,2017,,19.0,,,0,0,N,0.0,0.0,0.0,,,,,,,,36.0508,-86.71608,False,Crashes_2010_2019_MPO
101638801,2017-05-09,2017,,94.0,,,0,0,N,0.0,0.0,0.0,,,,,,,,35.99633,-86.79716,True,Crashes_2010_2019_MPO
101844105,2017-11-30,2017,,94.0,,,0,0,N,0.0,0.0,0.0,,,,,,,,35.9441,-86.84554,False,Crashes_2010_2019_MPO
102496662,2019-09-01,2019,,19.0,,,0,0,N,0.0,0.0,0.0,,,,,,,,36.04534,-86.71352,False,Crashes_2010_2019_MPO
101463633,2016-11-29,2016,,94.0,,,0,0,N,0.0,0.0,0.0,,,,,,,,35.92924,-86.85316,False,Crashes_2010_2019_MPO
101104119,2016-02-09,2016,,94.0,,,0,0,N,0.0,0.0,0.0,,,,,,,,35.96671,-86.75559,True,Crashes_2010_2019_MPO
101033433,2015-11-20,2015,,94.0,,,0,0,N,0.0,0.0,0.0,,,,,,,,36.01317,-86.80172,True,Crashes_2010_2019_MPO
101774441,2017-09-28,2017,,19.0,,,0,0,N,0.0,0.0,0.0,,,,,,,,36.04561,-86.71977,False,Crashes_2010_2019_MPO
101744593,2017-08-28,2017,,19.0,,,0,0,N,0.0,0.0,0.0,,,,,,,,36.03882,-86.80872,False,Crashes_2010_2019_MPO
100301423,2013-03-09,2013,,94.0,,,0,0,N,0.0,0.0,0.0,,,,,,,,35.95679,-86.81419,False,Crashes_2010_2019_MPO
101678691,2017-06-19,2017,,94.0,,,0,0,N,0.0,0.0,0.0,,,,,,,,35.9327,-86.78581,False,Crashes_2010_2019_MPO
101785409,2017-10-07,2017,,94.0,,,0,0,N,0.0,0.0,0.0,,,,,,,,35.95788,-86.81604,False,Crashes_2010_2019_MPO
100277677,2013-01-11,2013,,94.0,,,0,0,N,0.0,0.0,0.0,,,,,,,,35.97776,-86.80359,True,Crashes_2010_2019_MPO
100484178,2014-04-09,2014,,94.0,,,0,0,N,0.0,0.0,0.0,,,,,,,,35.96665,-86.80938,True,Crashes_2010_2019_MPO
102455052,2019-07-22,2019,,19.0,,,0,0,N,0.0,0.0,0.0,,,,,,,,35.99633,-86.69043,False,Crashes_2010_2019_MPO
100614862,2014-09-04,2014,,94.0,,,0,0,Y,0.0,0.0,1.0,,,,,,,,35.95368,-86.7196,False,Crashes_2010_2019_MPO
102484229,2019-08-21,2019,,19.0,,,0,0,N,0.0,0.0,0.0,,,,,,,,36.04566,-86.70701,False,Crashes_2010_2019_MPO
100330191,2013-05-17,2013,,94.0,,,0,0,N,0.0,0.0,0.0,,,,,,,,35.94697,-86.81151,False,Crashes_2010_2019_MPO
100250504,2012-11-08,2012,,94.0,,,0,0,N,0.0,0.0,0.0,,,,,,,,35.97302,-86.83012,True,Crashes_2010_2019_MPO
102127686,2018-08-30,2018,,94.0,,,0,0,N,0.0,0.0,0.0,,,,,,,,36.03159,-86.78969,True,Crashes_2010_2019_MPO
101940735,2018-03-11,2018,,19.0,,,0,0,N,0.0,0.0,0.0,,,,,,,,36.03249,-86.7836,True,Crashes_2010_2019_MPO
100880377,2015-07-03,2015,,19.0,,,0,0,N,0.0,0.0,0.0,,,,,,,,36.03802,-86.78447,False,Crashes_2010_2019_MPO
100215632,2012-08-15,2012,,94.0,,,0,0,N,0.0,0.0,0.0,,,,,,,,35.99782,-86.7989,True,Crashes_2010_2019_MPO
100982009,2015-10-19,2015,,94.0,,,0,0,N,0.0,0.0,0.0,,,,,,,,35.97716,-86.67813,False,Crashes_2010_2019_MPO
102600035,2019-12-17,2019,,19.0,,,0,0,N,0.0,0.0,0.0,,,,,,,,36.04069,-86.77977,False,Crashes_2010_2019_MPO
101303830,2016-07-27,2016,,19.0,,,0,0,N,0.0,0.0,0.0,,,,,,,,36.03948,-86.78177,False,Crashes_2010_2019_MPO
101075144,2016-01-10,2016,,94.0,,,0,0,N,0.0,0.0,0.0,,,,,,,,35.94683,-86.85172,False,Crashes_2010_2019_MPO
101322683,2016-08-07,2016,,94.0,,,0,0,N,0.0,0.0,0.0,,,,,,,,35.99551,-86.77887,True,Crashes_2010_2019_MPO
102600734,2019-12-16,2019,,94.0,,,0,0,N,0.0,0.0,0.0,,,,,,,,36.0268,-86.79235,True,Crashes_2010_2019_MPO
100799009,2015-03-28,2015,,94.0,,,0,0,N,0.0,0.0,0.0,,,,,,,,35.96642,-86.81125,False,Crashes_2010_2019_MPO
102405020,2019-05-30,2019,,19.0,,,0,0,N,0.0,0.0,0.0,,,,,,,,35.99837,-86.68409,False,Crashes_2010_2019_MPO
101441844,2016-11-16,2016,,19.0,,,0,0,N,0.0,0.0,0.0,,,,,,,,36.0484,-86.74363,False,Crashes_2010_2019_MPO
102002239,2018-05-06,2018,,94.0,,,0,0,N,0.0,0.0,0.0,,,,,,,,36.0345,-86.7833,True,Crashes_2010_2019_MPO
100849147,2015-05-22,2015,,19.0,,,0,0,N,0.0,0.0,0.0,,,,,,,,36.0407,-86.77961,False,Crashes_2010_2019_MPO
100751184,2015-02-21,2015,,19.0,,,0,0,N,0.0,0.0,0.0,,,,,,,,36.04825,-86.76486,False,Crashes_2010_2019_MPO
101353706,2016-09-04,2016,,19.0,,,0,0,N,0.0,0.0,0.0,,,,,,,,36.03113,-86.75141,False,Crashes_2010_2019_MPO
100481919,2014-04-03,2014,,94.0,,,0,0,N,0.0,0.0,0.0,,,,,,,,35.96704,-86.6769,False,Crashes_2010_2019_MPO
101688047,2017-06-29,2017,,94.0,,,0,0,N,0.0,0.0,0.0,,,,,,,,35.96681,-86.81119,True,Crashes_2010_2019_MPO
102393521,2019-05-19,2019,,94.0,,,0,0,N,0.0,0.0,0.0,,,,,,,,35.94541,-86.81304,False,Crashes_2010_2019_MPO
101042504,2015-12-04,2015,,94.0,,,0,0,N,0.0,0.0,0.0,,,,,,,,35.99387,-86.76127,True,Crashes_2010_2019_MPO
102130135,2018-08-31,2018,,94.0,,,0,0,N,0.0,0.0,0.0,,,,,,,,35.95265,-86.8154,False,Crashes_2010_2019_MPO
101073534,2016-01-07,2016,,94.0,,,0,0,N,0.0,0.0,0.0,,,,,,,,36.00709,-86.78782,True,Crashes_2010_2019_MPO
102338081,2019-03-22,2019,,94.0,,,0,0,N,0.0,0.0,0.0,,,,,,,,35.99551,-86.77887,True,Crashes_2010_2019_MPO
101647178,2017-05-17,2017,,94.0,,,0,0,N,0.0,0.0,0.0,,,,,,,,36.03319,-86.7876,True,Crashes_2010_2019_MPO
100420824,2013-12-16,2013,,94.0,,,0,0,N,0.0,0.0,0.0,,,,,,,,35.92254,-86.87194,False,Crashes_2010_2019_MPO
102132708,2018-09-03,2018,,94.0,,,0,0,N,0.0,0.0,0.0,,,,,,,,36.0008,-86.73748,True,Crashes_2010_2019_MPO
100497947,2014-04-18,2014,,94.0,,,0,0,N,0.0,0.0,0.0,,,,,,,,35.93188,-86.86293,False,Crashes_2010_2019_MPO
101984340,2018-04-20,2018,,19.0,,,0,0,N,0.0,0.0,0.0,,,,,,,,36.04114,-86.77621,False,Crashes_2010_2019_MPO
102488684,2019-08-25,2019,,19.0,,,0,1,N,0.0,1.0,0.0,,,,,,,,36.04248,-86.71284,False,Crashes_2010_2019_MPO
101685110,2017-06-28,2017,,94.0,,,0,0,N,0.0,0.0,0.0,,,,,,,,36.02799,-86.79167,True,Crashes_2010_2019_MPO
101915372,2018-02-13,2018,,19.0,,,0,0,N,0.0,0.0,0.0,,,,,,,,35.99673,-86.69003,False,Crashes_2010_2019_MPO
102530004,2019-10-05,2019,,94.0,,,0,0,N,0.0,0.0,0.0,,,,,,,,35.96167,-86.8792,False,Crashes_2010_2019_MPO
102278021,2019-01-15,2019,,94.0,,,0,0,N,0.0,0.0,0.0,,,,,,,,36.01286,-86.80081,True,Crashes_2010_2019_MPO
102028248,2018-05-30,2018,,19.0,,,0,0,N,0.0,0.0,0.0,,,,,,,,36.04327,-86.81597,False,Crashes_2010_2019_MPO
102200118,2018-11-03,2018,,94.0,,,0,0,N,0.0,0.0,0.0,,,,,,,,35.9476,-86.81992,False,Crashes_2010_2019_MPO
101917084,2018-02-14,2018,,94.0,,,0,0,N,0.0,0.0,0.0,,,,,,,,35.95439,-86.81194,False,Crashes_2010_2019_MPO
101473187,2016-12-10,2016,,94.0,,,0,0,N,0.0,0.0,0.0,,,,,,,,35.96287,-86.81117,False,Crashes_2010_2019_MPO
100795705,2015-03-21,2015,,19.0,,,0,0,N,0.0,0.0,0.0,,,,,,,,36.02453,-86.74236,False,Crashes_2010_2019_MPO
102275192,2019-01-11,2019,,94.0,,,0,0,N,0.0,0.0,0.0,,,,,,,,35.96714,-86.81352,True,Crashes_2010_2019_MPO
101280592,2016-07-06,2016,,94.0,,,0,0,N,0.0,0.0,0.0,,,,,,,,36.01286,-86.80081,True,Crashes_2010_2019_MPO
101274489,2016-06-27,2016,,19.0,,,0,0,N,0.0,0.0,0.0,,,,,,,,36.03968,-86.76205,False,Crashes_2010_2019_MPO
100679874,2014-11-13,2014,,94.0,,,0,0,N,0.0,0.0,0.0,,,,,,,,35.9498,-86.81328,False,Crashes_2010_2019_MPO
102146431,2018-09-15,2018,,94.0,,,0,0,N,0.0,0.0,0.0,,,,,,,,35.95645,-86.82565,False,Crashes_2010_2019_MPO
100215597,2012-08-16,2012,,94.0,,,0,0,N,0.0,0.0,0.0,,,,,,,,35.96688,-86.81232,True,Crashes_2010_2019_MPO
100968442,2015-09-27,2015,,94.0,,,0,0,N,0.0,0.0,0.0,,,,,,,,36.030048,-86.790015,True,Crashes_2010_2019_MPO
100770616,2015-03-11,2015,,94.0,,,0,0,N,0.0,0.0,0.0,,,,,,,,35.99557,-86.81115,True,Crashes_2010_2019_MPO
100637177,2014-10-02,2014,,19.0,,,0,0,N,0.0,0.0,0.0,,,,,,,,35.99547,-86.68789,False,Crashes_2010_2019_MPO
102500400,2019-09-05,2019,,94.0,,,0,0,N,0.0,0.0,0.0,,,,,,,,35.92569,-86.87224,False,Crashes_2010_2019_MPO
100826560,2015-04-30,2015,,94.0,,,0,0,N,0.0,0.0,0.0,,,,,,,,35.92641,-86.82446,False,Crashes_2010_2019_MPO
102294433,2019-02-01,2019,,19.0,,,0,0,N,0.0,0.0,0.0,,,,,,,,36.04441,-86.71315,False,Crashes_2010_2019_MPO
102057899,2018-06-29,2018,,94.0,,,0,0,N,0.0,0.0,0.0,,,,,,,,35.92903,-86.84723,False,Crashes_2010_2019_MPO
101757371,2017-09-05,2017,,94.0,,,0,0,N,0.0,0.0,0.0,,,,,,,,35.9907,-86.79911,True,Crashes_2010_2019_MPO
101672394,2017-06-13,2017,,94.0,,,0,0,N,0.0,0.0,0.0,,,,,,,,35.96671,-86.81367,True,Crashes_2010_2019_MPO
100426371,2014-01-02,2014,,94.0,,,0,0,N,0.0,0.0,0.0,,,,,,,,35.94686,-86.82177,False,Crashes_2010_2019_MPO
100498656,2014-04-19,2014,,94.0,,,0,0,N,0.0,0.0,0.0,,,,,,,,35.96708,-86.81356,True,Crashes_2010_2019_MPO
101194401,2016-05-14,2016,,94.0,,,0,0,N,0.0,0.0,0.0,,,,,,,,36.029546,-86.796355,True,Crashes_2010_2019_MPO
102460564,2019-07-22,2019,,94.0,,,0,0,Y,0.0,0.0,1.0,,,,,,,,36.006,-86.78926,True,Crashes_2010_2019_MPO
101798202,2017-10-19,2017,,94.0,,,0,0,N,0.0,0.0,0.0,,,,,,,,35.93331,-86.81178,False,Crashes_2010_2019_MPO
101237883,2016-06-03,2016,,94.0,,,0,0,N,0.0,0.0,0.0,,,,,,,,35.96599,-86.80461,True,Crashes_2010_2019_MPO
101768077,2017-09-22,2017,,94.0,,,0,0,N,0.0,0.0,0.0,,,,,,,,36.02175,-86.74267,False,Crashes_2010_2019_MPO
100361703,2013-08-02,2013,,94.0,,,0,0,N,0.0,0.0,0.0,,,,,,,,35.93756,-86.76808,False,Crashes_2010_2019_MPO
100979283,2015-10-15,2015,,19.0,,,0,0,N,0.0,0.0,0.0,,,,,,,,36.03953,-86.78172,False,Crashes_2010_2019_MPO
100822835,2015-04-23,2015,,94.0,,,0,0,N,0.0,0.0,0.0,,,,,,,,35.93585,-86.82561,False,Crashes_2010_2019_MPO
100291185,2013-02-11,2013,,94.0,,,0,0,N,0.0,0.0,0.0,,,,,,,,35.94825,-86.76637,True,Crashes_2010_2019_MPO
102052631,2018-06-23,2018,,94.0,,,0,0,N,0.0,0.0,0.0,,,,,,,,35.96663,-86.80928,True,Crashes_2010_2019_MPO