mstrrecnbr,collision_ts,year,county,countystat,crash,crash_type,fatalities,non_motorists,commercial,fatal_c,nonmotor_c,truck_c,fatalc,serious_injuries,ped,bike,lighting,weather,first_harmful_event,latitude,longitude,in_city,src_layer
101832807,2017-11-21,2017,,94.0,,,0,0,N,0.0,0.0,0.0,,,,,,,,35.9351,-86.82414,False,Crashes_2010_2019_MPO
102269795,2019-01-07,2019,,19.0,,,0,0,N,0.0,0.0,0.0,,,,,,,,35.99863,-86.69234,False,Crashes_2010_2019_MPO
102501315,2019-09-06,2019,,94.0,,,0,0,N,0.0,0.0,0.0,,,,,,,,35.92316,-86.81661,False,Crashes_2010_2019_MPO
100359200,2013-07-26,2013,,94.0,,,0,0,N,0.0,0.0,0.0,,,,,,,,35.99054,-86.81397,True,Crashes_2010_2019_MPO
101429493,2016-11-02,2016,,19.0,,,0,0,N,0.0,0.0,0.0,,,,,,,,36.04679,-86.77235,False,Crashes_2010_2019_MPO
101289485,2016-07-20,2016,,94.0,,,0,0,N,0.0,0.0,0.0,,,,,,,,35.95117,-86.81837,False,Crashes_2010_2019_MPO
101646131,2017-05-16,2017,,94.0,,,0,0,N,0.0,0.0,0.0,,,,,,,,35.997016,-86.810429,True,Crashes_2010_2019_MPO
100907623,2015-07-16,2015,,94.0,,,0,0,N,0.0,0.0,0.0,,,,,,,,35.96705,-86.81342,True,Crashes_2010_2019_MPO
102084523,2018-07-23,2018,,94.0,,,0,0,N,0.0,0.0,0.0,,,,,,,,35.94666,-86.82225,False,Crashes_2010_2019_MPO
101482955,2016-12-20,2016,,19.0,,,0,0,N,0.0,0.0,0.0,,,,,,,,36.04026,-86.8164,False,Crashes_2010_2019_MPO
101864486,2017-12-19,2017,,19.0,,,0,0,N,0.0,0.0,0.0,,,,,,,,36.04165,-86.7822,False,Crashes_2010_2019_MPO
101543601,2017-02-03,2017,,94.0,,,0,0,N,0.0,0.0,0.0,,,,,,,,35.96491,-86.79342,True,Crashes_2010_2019_MPO
101911097,2018-02-09,2018,,94.0,,,0,0,N,0.0,0.0,0.0,,,,,,,,35.93272,-86.82389,False,Crashes_2010_2019_MPO
100358188,2013-07-23,2013,,94.0,,,0,0,N,0.0,0.0,0.0,,,,,,,,35.92772,-86.84227,False,Crashes_2010_2019_MPO
100419005,2013-12-13,2013,,94.0,,,0,0,N,0.0,0.0,0.0,,,,,,,,35.94757,-86.81398,False,Crashes_2010_2019_MPO
101609797,2017-04-10,2017,,19.0,,,0,0,N,0.0,0.0,0.0,,,,,,,,36.0409,-86.77938,False,Crashes_2010_2019_MPO
100339350,2013-06-08,2013,,94.0,,,0,0,N,0.0,0.0,0.0,,,,,,,,35.94712,-86.8543,False,Crashes_2010_2019_MPO
101825980,2017-11-15,2017,,94.0,,,0,0,N,0.0,0.0,0.0,,,,,,,,35.93374,-86.81767,False,Crashes_2010_2019_MPO
101934511,2018-03-05,2018,,94.0,,,0,0,N,0.0,0.0,0.0,,,,,,,,36.00258,-86.80747,True,Crashes_2010_2019_MPO
100861213,2015-06-15,2015,,94.0,,,0,0,N,0.0,0.0,0.0,,,,,,,,35.99791,-86.79682,True,Crashes_2010_2019_MPO
101668118,2017-06-09,2017,,94.0,,,0,0,N,0.0,0.0,0.0,,,,,,,,35.93548,-86.82326,False,Crashes_2010_2019_MPO
102196556,2018-11-01,2018,,94.0,,,0,0,N,0.0,0.0,0.0,,,,,,,,36.021,-86.7869,True,Crashes_2010_2019_MPO
100912971,2015-07-16,2015,,94.0,,,0,0,N,0.0,0.0,0.0,,,,,,,,36.03336,-86.78872,True,Crashes_2010_2019_MPO
100298496,2013-03-01,2013,,94.0,,,0,0,N,0.0,0.0,0.0,,,,,,,,35.93903,-86.81704,False,Crashes_2010_2019_MPO
101986501,2018-04-22,2018,,19.0,,,0,0,N,0.0,0.0,0.0,,,,,,,,36.04928,-86.77627,False,Crashes_2010_2019_MPO
101065117,2015-12-22,2015,,19.0,,,0,0,N,0.0,0.0,0.0,,,,,,,,36.03654,-86.78689,False,Crashes_2010_2019_MPO
101679680,2017-06-21,2017,,94.0,,,0,0,N,0.0,0.0,0.0,,,,,,,,36.03336,-86.78872,True,Crashes_2010_2019_MPO
102303176,2019-02-11,2019,,94.0,,,0,0,N,0.0,0.0,0.0,,,,,,,,35.93969,-86.68017,False,Crashes_2010_2019_MPO
101575851,2017-03-07,2017,,19.0,,,0,0,N,0.0,0.0,0.0,,,,,,,,36.0418,-86.7824,False,Crashes_2010_2019_MPO
101168072,2016-04-20,2016,,94.0,,,0,0,N,0.0,0.0,0.0,,,,,,,,35.96332,-86.83944,False,Crashes_2010_2019_MPO
100303646,2013-03-13,2013,,94.0,,,0,0,N,0.0,0.0,0.0,,,,,,,,35.98392,-86.80169,True,Crashes_2010_2019_MPO
101719683,2017-08-01,2017,,94.0,,,0,0,N,0.0,0.0,0.0,,,,,,,,35.93215,-86.79441,False,Crashes_2010_2019_MPO
101439951,2016-11-14,2016,,94.0,,,0,0,N,0.0,0.0,0.0,,,,,,,,35.95673,-86.83969,False,Crashes_2010_2019_MPO
100768660,2015-03-07,2015,,94.0,,,0,0,N,0.0,0.0,0.0,,,,,,,,35.94912,-86.81953,False,Crashes_2010_2019_MPO
102086111,2018-07-25,2018,,94.0,,,0,0,N,0.0,0.0,0.0,,,,,,,,35.92546,-86.87275,False,Crashes_2010_2019_MPO
102118047,2018-08-22,2018,,94.0,,,0,0,N,0.0,0.0,0.0,,,,,,,,35.9843,-86.8014,True,Crashes_2010_2019_MPO
101196394,2016-05-17,2016,,94.0,,,0,0,N,0.0,0.0,0.0,,,,,,,,36.034075,-86.801523,True,Crashes_2010_2019_MPO
101910459,2018-02-08,2018,,94.0,,,0,0,N,0.0,0.0,0.0,,,,,,,,35.92477,-86.87414,False,Crashes_2010_2019_MPO
102352957,2019-04-07,2019,,94.0,,,0,0,N,0.0,0.0,0.0,,,,,,,,35.92524,-86.86716,False,Crashes_2010_2019_MPO
101237396,2016-05-31,2016,,19.0,,,0,0,N,0.0,0.0,0.0,,,,,,,,36.04526,-86.71704,False,Crashes_2010_2019_MPO
100129901,2011-12-21,2011,,94.0,,,0,0,N,0.0,0.0,0.0,,,,,,,,36.03474,-86.78792,True,Crashes_2010_2019_MPO
102514601,2019-09-11,2019,,19.0,,,0,0,N,0.0,0.0,0.0,,,,,,,,36.03411,-86.78315,True,Crashes_2010_2019_MPO
102210982,2018-11-14,2018,,94.0,,,0,0,N,0.0,0.0,0.0,,,,,,,,35.99781,-86.79886,True,Crashes_2010_2019_MPO
101071846,2016-01-04,2016,,94.0,,,0,0,N,0.0,0.0,0.0,,,,,,,,35.92472,-86.87428,False,Crashes_2010_2019_MPO
102552067,2019-10-29,2019,,94.0,,,0,0,N,0.0,0.0,0.0,,,,,,,,35.93219,-86.79405,False,Crashes_2010_2019_MPO
101649632,2017-05-20,2017,,19.0,,,0,0,N,0.0,0.0,0.0,,,,,,,,36.04245,-86.71294,False,Crashes_2010_2019_MPO
10600806,2010-10-13,2010,,19.0,,,0,0, ,0.0,0.0,0.0,,,,,,,,36.020699,-86.71084,False,Crashes_2010_2019_MPO
102321246,2019-03-04,2019,,19.0,,,0,0,N,0.0,0.0,0.0,,,,,,,,36.04095,-86.75083,False,Crashes_2010_2019_MPO
101129341,2016-03-07,2016,,94.0,,,0,0,N,0.0,0.0,0.0,,,,,,,,35.97332,-86.83308,True,Crashes_2010_2019_MPO
100750024,2015-02-20,2015,,19.0,,,0,0,N,0.0,0.0,0.0,,,,,,,,36.03373,-86.71371,False,Crashes_2010_2019_MPO
101945040,2018-03-14,2018,,94.0,,,0,0,N,0.0,0.0,0.0,,,,,,,,35.93562,-86.82387,False,Crashes_2010_2019_MPO
101774758,2017-09-28,2017,,19.0,,,0,0,N,0.0,0.0,0.0,,,,,,,,36.04012,-86.78074,False,Crashes_2010_2019_MPO
101550308,2017-02-10,2017,,94.0,,,0,0,N,0.0,0.0,0.0,,,,,,,,35.9407,-86.83934,False,Crashes_2010_2019_MPO
102499948,2019-09-05,2019,,94.0,,,0,0,N,0.0,0.0,0.0,,,,,,,,35.93954,-86.68112,False,Crashes_2010_2019_MPO
101283776,2016-07-11,2016,,19.0,,,0,0,N,0.0,0.0,0.0,,,,,,,,36.03174,-86.77784,True,Crashes_2010_2019_MPO
101747733,2017-09-01,2017,,94.0,,,0,0,N,0.0,0.0,0.0,,,,,,,,35.95004,-86.84915,False,Crashes_2010_2019_MPO
101418032,2016-10-20,2016,,19.0,,,0,0,Y,0.0,0.0,1.0,,,,,,,,36.04481,-86.84894,False,Crashes_2010_2019_MPO
102233600,2018-12-03,2018,,94.0,,,0,0,Y,0.0,0.0,1.0,,,,,,,,35.95209,-86.81805,False,Crashes_2010_2019_MPO
101182752,2016-04-27,2016,,19.0,,,0,0,N,0.0,0.0,0.0,,,,,,,,36.03847,-86.78345,False,Crashes_2010_2019_MPO
101148935,2016-03-22,2016,,94.0,,,0,0,N,0.0,0.0,0.0,,,,,,,,36.02141,-86.78708,True,Crashes_2010_2019_MPO
102558609,2019-11-05,2019,,94.0,,,0,0,N,0.0,0.0,0.0,,,,,,,,35.97182,-86.82584,True,Crashes_2010_2019_MPO
102256715,2018-12-24,2018,,19.0,,,0,0,N,0.0,0.0,0.0,,,,,,,,36.04128,-86.82206,False,Crashes_2010_2019_MPO
101765332,2017-09-19,2017,,94.0,,,0,0,Y,0.0,0.0,1.0,,,,,,,,35.96571,-86.82076,True,Crashes_2010_2019_MPO
102280090,2019-01-17,2019,,94.0,,,0,0,N,0.0,0.0,0.0,,,,,,,,35.92641,-86.82447,False,Crashes_2010_2019_MPO
100360673,2013-07-30,2013,,94.0,,,0,0,N,0.0,0.0,0.0,,,,,,,,35.95579,-86.83083,False,Crashes_2010_2019_MPO
102442499,2019-07-09,2019,,94.0,,,0,0,N,0.0,0.0,0.0,,,,,,,,35.95366,-86.71919,False,Crashes_2010_2019_MPO
102512225,2019-09-17,2019,,94.0,,,0,0,N,0.0,0.0,0.0,,,,,,,,36.02842,-86.78346,True,Crashes_2010_2019_MPO
101151332,2016-03-26,2016,,19.0,,,0,0,N,0.0,0.0,0.0,,,,,,,,36.05076,-86.7192,False,Crashes_2010_2019_MPO
102559668,2019-11-06,2019,,19.0,,,0,0,N,0.0,0.0,0.0,,,,,,,,36.04653,-86.68335,False,Crashes_2010_2019_MPO
101182852,2016-04-27,2016,,94.0,,,0,0,N,0.0,0.0,0.0,,,,,,,,35.96532,-86.70293,False,Crashes_2010_2019_MPO
100638333,2014-10-04,2014,,19.0,,,0,0,N,0.0,0.0,0.0,,,,,,,,36.03981,-86.78107,False,Crashes_2010_2019_MPO
101196752,2016-05-17,2016,,94.0,,,0,0,N,0.0,0.0,0.0,,,,,,,,36.031663,-86.788218,True,Crashes_2010_2019_MPO
102380328,2019-05-04,2019,,94.0,,,0,0,N,0.0,0.0,0.0,,,,,,,,35.95051,-86.76622,True,Crashes_2010_2019_MPO
102435607,2019-07-03,2019,,19.0,,,0,0,N,0.0,0.0,0.0,,,,,,,,36.03689,-86.71329,False,Crashes_2010_2019_MPO
101811412,2017-11-01,2017,,94.0,,,0,0,N,0.0,0.0,0.0,,,,,,,,35.99968,-86.80897,True,Crashes_2010_2019_MPO
101726142,2017-08-10,2017,,94.0,,,0,0,N,0.0,0.0,0.0,,,,,,,,36.02654,-86.7925,True,Crashes_2010_2019_MPO
101286842,2016-07-14,2016,,94.0,,,0,0,N,0.0,0.0,0.0,,,,,,,,35.96659,-86.80975,True,Crashes_2010_2019_MPO
102568375,2019-11-15,2019,,94.0,,,0,0,N,0.0,0.0,0.0,,,,,,,,35.96552,-86.83853,False,Crashes_2010_2019_MPO
102020909,2018-05-24,2018,,94.0,,,0,0,N,0.0,0.0,0.0,,,,,,,,36.03219,-86.78512,True,Crashes_2010_2019_MPO
100422048,2013-12-14,2013,,94.0,,,0,0,N,0.0,0.0,0.0,,,,,,,,35.924,-86.86912,False,Crashes_2010_2019_MPO
102343160,2019-03-27,2019,,94.0,,,0,0,N,0.0,0.0,0.0,,,,,,,,35.96721,-86.8135,True,Crashes_2010_2019_MPO
101180065,2016-04-23,2016,,19.0,,,0,0,N,0.0,0.0,0.0,,,,,,,,36.04012,-86.74351,False,Crashes_2010_2019_MPO
102437717,2019-06-23,2019,,94.0,,,0,0,N,0.0,0.0,0.0,,,,,,,,35.94699,-86.81153,False,Crashes_2010_2019_MPO
101652914,2017-05-23,2017,,19.0,,,0,0,N,0.0,0.0,0.0,,,,,,,,36.03614,-86.79498,True,Crashes_2010_2019_MPO
101460419,2016-11-24,2016,,94.0,,,0,0,N,0.0,0.0,0.0,,,,,,,,35.96681,-86.81119,True,Crashes_2010_2019_MPO
102267631,2019-01-05,2019,,94.0,,,0,0,N,0.0,0.0,0.0,,,,,,,,35.94164,-86.83041,False,Crashes_2010_2019_MPO
100421573,2013-12-19,2013,,94.0,,,0,0,N,0.0,0.0,0.0,,,,,,,,35.95427,-86.81249,False,Crashes_2010_2019_MPO
100304193,2013-03-16,2013,,94.0,,,0,0,N,0.0,0.0,0.0,,,,,,,,35.96592,-86.80588,True,Crashes_2010_2019_MPO
101034989,2015-11-23,2015,,94.0,,,0,0,N,0.0,0.0,0.0,,,,,,,,35.95854,-86.78241,True,Crashes_2010_2019_MPO
100468198,2014-03-24,2014,,94.0,,,0,0,N,0.0,0.0,0.0,,,,,,,,35.9346,-86.81964,False,Crashes_2010_2019_MPO
101006440,2015-11-10,2015,,19.0,,,0,0,N,0.0,0.0,0.0,,,,,,,,36.03771,-86.71314,False,Crashes_2010_2019_MPO
101192050,2016-05-11,2016,,19.0,,,0,0,N,0.0,0.0,0.0,,,,,,,,36.03037,-86.74731,False,Crashes_2010_2019_MPO
102246594,2018-12-14,2018,,94.0,,,0,0,N,0.0,0.0,0.0,,,,,,,,36.03362,-86.78039,True,Crashes_2010_2019_MPO
101467233,2016-12-03,2016,,94.0,,,0,0,N,0.0,0.0,0.0,,,,,,,,35.96312,-86.81897,True,Crashes_2010_2019_MPO
101860592,2017-12-16,2017,,94.0,,,0,0,N,0.0,0.0,0.0,,,,,,,,35.95209,-86.81805,False,Crashes_2010_2019_MPO
101705272,2017-07-19,2017,,19.0,,,0,0,N,0.0,0.0,0.0,,,,,,,,36.04636,-86.71338,False,Crashes_2010_2019_MPO
100423305,2013-12-19,2013,,19.0,,,0,0,Y,0.0,0.0,1.0,,,,,,,,36.03178,-86.78369,True,Crashes_2010_2019_MPO
100701725,2014-12-05,2014,,94.0,,,0,0,N,0.0,0.0,0.0,,,,,,,,35.9322,-86.79406,False,Crashes_2010_2019_MPO
101918159,2018-02-14,2018,,94.0,,,0,0,N,0.0,0.0,0.0,,,,,,,,35.99551,-86.77887,True,Crashes_2010_2019_MPO
101232526,2016-05-26,2016,,19.0,,,0,0,N,0.0,0.0,0.0,,,,,,,,36.0398,-86.78146,False,Crashes_2010_2019_MPO
102009216,2018-05-11,2018,,94.0,,,0,0,N,0.0,0.0,0.0,,,,,,,,35.94233,-86.83021,False,Crashes_2010_2019_MPO
101861854,2017-12-14,2017,,94.0,,,0,0,N,0.0,0.0,0.0,,,,,,,,35.95309,-86.8179,False,Crashes_2010_2019_MPO
101916122,2018-02-14,2018,,94.0,,,0,0,N,0.0,0.0,0.0,,,,,,,,36.03774,-86.81672,True,Crashes_2010_2019_MPO
102273470,2019-01-11,2019,,94.0,,,0,0,N,0.0,0.0,0.0,,,,,,,,36.00238,-86.76711,True,Crashes_2010_2019_MPO
101853117,2017-12-09,2017,,19.0,,,0,0,N,0.0,0.0,0.0,,,,,,,,36.03928,-86.78211,False,Crashes_2010_2019_MPO
101705331,2017-07-19,2017,,94.0,,,0,0,N,0.0,0.0,0.0,,,,,,,,35.95693,-86.81107,False,Crashes_2010_2019_MPO
102264508,2019-01-02,2019,,94.0,,,0,0,N,0.0,0.0,0.0,,,,,,,,35.99785,-86.79925,True,Crashes_2010_2019_MPO
100008914,2010-10-02,2010,,94.0,,,0,0,N,0.0,0.0,0.0,,,,,,,,35.9447,-86.7295,False,Crashes_2010_2019_MPO
102028749,2018-05-31,2018,,94.0,,,0,0,N,0.0,0.0,0.0,,,,,,,,35.99398,-86.79822,True,Crashes_2010_2019_MPO
101872751,2017-12-29,2017,,19.0,,,0,0,N,0.0,0.0,0.0,,,,,,,,36.03873,-86.73319,False,Crashes_2010_2019_MPO
102019485,2018-05-22,2018,,94.0,,,0,0,N,0.0,0.0,0.0,,,,,,,,35.97593,-86.85824,False,Crashes_2010_2019_MPO
100850445,2015-05-26,2015,,94.0,,,0,0,N,0.0,0.0,0.0,,,,,,,,36.03209,-86.78942,True,Crashes_2010_2019_MPO
102425202,2019-06-21,2019,,94.0,,,0,0,N,0.0,0.0,0.0,,,,,,,,36.02398,-86.81961,True,Crashes_2010_2019_MPO
100335693,2013-05-30,2013,,94.0,,,0,0,N,0.0,0.0,0.0,,,,,,,,35.94732,-86.8144,False,Crashes_2010_2019_MPO
102402846,2019-05-28,2019,,94.0,,,0,0,N,0.0,0.0,0.0,,,,,,,,36.02844,-86.79142,True,Crashes_2010_2019_MPO
100370102,2013-08-22,2013,,94.0,,,0,0,N,0.0,0.0,0.0,,,,,,,,35.94793,-86.69533,False,Crashes_2010_2019_MPO
101655479,2017-05-26,2017,,94.0,,,0,0,N,0.0,0.0,0.0,,,,,,,,35.94748,-86.81363,False,Crashes_2010_2019_MPO
101901279,2018-01-30,2018,,94.0,,,0,0,N,0.0,0.0,0.0,,,,,,,,35.93209,-86.79397,False,Crashes_2010_2019_MPO
100521676,2014-05-21,2014,,94.0,,,0,0,N,0.0,0.0,0.0,,,,,,,,35.92572,-86.87458,False,Crashes_2010_2019_MPO
100436207,2014-01-29,2014,,94.0,,,0,0,N,0.0,0.0,0.0,,,,,,,,35.94731,-86.80838,False,Crashes_2010_2019_MPO
101782803,2017-10-05,2017,,19.0,,,0,0,N,0.0,0.0,0.0,,,,,,,,36.04081,-86.7128,False,Crashes_2010_2019_MPO
100796764,2015-03-23,2015,,94.0,,,0,0,N,0.0,0.0,0.0,,,,,,,,35.93136,-86.79271,False,Crashes_2010_2019_MPO
102058466,2018-06-29,2018,,19.0,,,0,0,N,0.0,0.0,0.0,,,,,,,,36.04558,-86.74719,False,Crashes_2010_2019_MPO
101753236,2017-09-06,2017,,19.0,,,0,0,N,0.0,0.0,0.0,,,,,,,,36.04522,-86.85286,False,Crashes_2010_2019_MPO
101076379,2016-01-12,2016,,19.0,,,0,0,N,0.0,0.0,0.0,,,,,,,,36.03797,-86.79777,False,Crashes_2010_2019_MPO
101122376,2016-02-25,2016,,94.0,,,0,0,N,0.0,0.0,0.0,,,,,,,,36.033141,-86.787041,True,Crashes_2010_2019_MPO
102360290,2019-04-13,2019,,19.0,,,0,0,N,0.0,0.0,0.0,,,,,,,,36.04517,-86.69977,False,Crashes_2010_2019_MPO
102291045,2019-01-29,2019,,94.0,,,0,0,N,0.0,0.0,0.0,,,,,,,,35.96705,-86.81355,True,Crashes_2010_2019_MPO
102159375,2018-09-27,2018,,19.0,,,0,0,N,0.0,0.0,0.0,,,,,,,,36.05348,-86.71593,False,Crashes_2010_2019_MPO
102086279,2018-07-25,2018,,94.0,,,0,0,N,0.0,0.0,0.0,,,,,,,,35.95209,-86.81805,False,Crashes_2010_2019_MPO
100440079,2014-02-02,2014,,94.0,,,0,0,N,0.0,0.0,0.0,,,,,,,,35.92543,-86.86728,False,Crashes_2010_2019_MPO
102086310,2018-07-25,2018,,19.0,,,0,0,N,0.0,0.0,0.0,,,,,,,,36.05257,-86.67975,False,Crashes_2010_2019_MPO
101713641,2017-07-27,2017,,19.0,,,0,0,N,0.0,0.0,0.0,,,,,,,,36.01191,-86.70328,False,Crashes_2010_2019_MPO
101489789,2016-12-29,2016,,19.0,,,0,0,N,0.0,0.0,0.0,,,,,,,,36.04297,-86.78166,False,Crashes_2010_2019_MPO
102093969,2018-07-31,2018,,19.0,,,0,0,N,0.0,0.0,0.0,,,,,,,,36.05049,-86.87668,False,Crashes_2010_2019_MPO
100982304,2015-10-20,2015,,19.0,,,0,0,N,0.0,0.0,0.0,,,,,,,,36.05338,-86.77554,False,Crashes_2010_2019_MPO
100721286,2015-01-13,2015,,94.0,,,0,0,N,0.0,0.0,0.0,,,,,,,,35.93401,-86.81905,False,Crashes_2010_2019_MPO
102054454,2018-06-26,2018,,94.0,,,0,0,N,0.0,0.0,0.0,,,,,,,,36.03408,-86.79473,True,Crashes_2010_2019_MPO
100966878,2015-09-25,2015,,94.0,,,0,0,N,0.0,0.0,0.0,,,,,,,,36.03809,-86.79937,False,Crashes_2010_2019_MPO
100681334,2014-11-16,2014,,19.0,,,0,0,N,0.0,0.0,0.0,,,,,,,,36.04153,-86.78247,False,Crashes_2010_2019_MPO
100738616,2015-02-17,2015,,94.0,,,0,0,N,0.0,0.0,0.0,,,,,,,,35.93529,-86.81832,False,Crashes_2010_2019_MPO
101917681,2018-02-16,2018,,19.0,,,0,0,N,0.0,0.0,0.0,,,,,,,,36.04084,-86.77347,False,Crashes_2010_2019_MPO
102208575,2018-11-12,2018,,94.0,,,0,0,N,0.0,0.0,0.0,,,,,,,,35.97985,-86.74709,True,Crashes_2010_2019_MPO
102558833,2019-11-04,2019,,94.0,,,0,0,N,0.0,0.0,0.0,,,,,,,,35.92642,-86.82461,False,Crashes_2010_2019_MPO
101475552,2016-12-13,2016,,94.0,,,0,0,N,0.0,0.0,0.0,,,,,,,,35.94332,-86.82046,False,Crashes_2010_2019_MPO
100824973,2015-04-28,2015,,19.0,,,0,0,N,0.0,0.0,0.0,,,,,,,,36.0538,-86.73597,False,Crashes_2010_2019_MPO
100950685,2015-09-14,2015,,94.0,,,0,0,N,0.0,0.0,0.0,,,,,,,,35.94457,-86.81956,False,Crashes_2010_2019_MPO
101191127,2016-05-10,2016,,94.0,,,0,0,N,0.0,0.0,0.0,,,,,,,,35.97765,-86.77678,True,Crashes_2010_2019_MPO
101188146,2016-05-05,2016,,94.0,,,0,0,N,0.0,0.0,0.0,,,,,,,,35.93877,-86.82155,False,Crashes_2010_2019_MPO
100723831,2015-01-18,2015,,94.0,,,0,0,N,0.0,0.0,0.0,,,,,,,,35.96666,-86.80919,True,Crashes_2010_2019_MPO
102093357,2018-07-31,2018,,19.0,,,0,0,N,0.0,0.0,0.0,,,,,,,,36.04159,-86.74934,False,Crashes_2010_2019_MPO
101888245,2018-01-16,2018,,94.0,,,0,0,N,0.0,0.0,0.0,,,,,,,,35.94178,-86.81632,False,Crashes_2010_2019_MPO
100819734,2015-04-16,2015,,19.0,,,0,0,N,0.0,0.0,0.0,,,,,,,,36.04732,-86.86273,False,Crashes_2010_2019_MPO
101859820,2017-12-15,2017,,19.0,,,0,0,N,0.0,0.0,0.0,,,,,,,,36.04544,-86.71852,False,Crashes_2010_2019_MPO
100434296,2014-01-23,2014,,94.0,,,0,0,N,0.0,0.0,0.0,,,,,,,,35.95076,-86.80431,False,Crashes_2010_2019_MPO
102427658,2019-06-24,2019,,94.0,,,0,0,N,0.0,0.0,0.0,,,,,,,,35.9559,-86.83186,False,Crashes_2010_2019_MPO
100921896,2015-08-12,2015,,94.0,,,0,0,N,0.0,0.0,0.0,,,,,,,,35.93498,-86.77621,False,Crashes_2010_2019_MPO
100324848,2013-05-04,2013,,94.0,,,0,0,N,0.0,0.0,0.0,,,,,,,,35.92666,-86.82158,False,Crashes_2010_2019_MPO
102511632,2019-09-13,2019,,94.0,,,0,0,N,0.0,0.0,0.0,,,,,,,,35.96711,-86.81353,True,Crashes_2010_2019_MPO
102335823,2019-03-19,2019,,94.0,,,0,0,N,0.0,0.0,0.0,,,,,,,,36.02428,-86.78616,True,Crashes_2010_2019_MPO
100589545,2014-07-31,2014,,94.0,,,0,0,N,0.0,0.0,0.0,,,,,,,,35.9661,-86.80446,True,Crashes_2010_2019_MPO
101266618,2016-06-15,2016,,19.0,,,0,0,N,0.0,0.0,0.0,,,,,,,,36.03066,-86.78358,True,Crashes_2010_2019_MPO
100998518,2015-10-28,2015,,94.0,,,0,0,N,0.0,0.0,0.0,,,,,,,,35.97789,-86.80354,True,Crashes_2010_2019_MPO
102206677,2018-11-09,2018,,94.0,,,0,0,N,0.0,0.0,0.0,,,,,,,,35.94979,-86.7579,True,Crashes_2010_2019_MPO
102615178,2020-01-03,2020,Davidson,,1.0,Property Damage Under,0,0,,,,,0.0,0.0,0.0,0.0,Dusk,Clear,Motor Vehicle-In-Transport On Same Roadway,36.04013,-86.78075,False,Crashes_MPO_2020
102615186,2020-01-03,2020,Davidson,,1.0,Property Damage,0,0,,,,,0.0,0.0,0.0,0.0,Dark-Not Lighted,Rain,Motor Vehicle-In-Transport On Same Roadway,36.05201,-86.71451,False,Crashes_MPO_2020
102615398,2020-01-04,2020,Williamson,,1.0,Property Damage,0,0,,,,,0.0,0.0,0.0,0.0,Daylight,Clear,Motor Vehicle-In-Transport On Same Roadway,35.92423,-86.87286,False,Crashes_MPO_2020
102615522,2020-01-04,2020,Williamson,,1.0,Property Damage,0,0,,,,,0.0,0.0,0.0,0.0,Daylight,Clear,Motor Vehicle-In-Transport On Different Roadway,35.92957,-86.84187,False,Crashes_MPO_2020
102615555,2020-01-04,2020,Williamson,,1.0,Possible Injury,0,0,,,,,0.0,0.0,0.0,0.0,Daylight,Clear,Embankment Earth,35.99034,-86.84755,False,Crashes_MPO_2020
102615597,2020-01-04,2020,Williamson,,1.0,Property Damage,0,0,,,,,0.0,0.0,0.0,0.0,Daylight,Cloudy,Motor Vehicle-In-Transport On Same Roadway,35.95782,-86.81077,False,Crashes_MPO_2020
102615661,2020-01-04,2020,Williamson,,1.0,Suspected Minor Injury,0,0,,,,,0.0,0.0,0.0,0.0,Daylight,Clear,Motor Vehicle-In-Transport On Same Roadway,35.94102,-86.81659,False,Crashes_MPO_2020
102615830,2020-01-04,2020,Williamson,,1.0,Property Damage,0,0,,,,,0.0,0.0,0.0,0.0,Dark-Not Lighted,Clear,Ditch,35.92828,-86.76686,False,Crashes_MPO_2020
102615956,2020-01-04,2020,Davidson,,1.0,Property Damage,0,0,,,,,0.0,0.0,0.0,0.0,Dark-Lighted,Clear,Motor Vehicle-In-Transport On Same Roadway,36.04547,-86.7043,False,Crashes_MPO_2020
102616045,2020-01-04,2020,Williamson,,1.0,Property Damage,0,0,,,,,0.0,0.0,0.0,0.0,Dark-Not Lighted,Clear,Curb,35.93885,-86.75066,True,Crashes_MPO_2020
102616160,2020-01-03,2020,Williamson,,1.0,Property Damage,0,0,,,,,0.0,0.0,0.0,0.0,Daylight,Rain,Motor Vehicle-In-Transport On Same Roadway,35.92355,-86.79253,False,Crashes_MPO_2020
102616161,2020-01-03,2020,Williamson,,1.0,Property Damage,0,0,,,,,0.0,0.0,0.0,0.0,Dusk,Rain,Motor Vehicle-In-Transport On Same Roadway,35.92974,-86.86227,False,Crashes_MPO_2020
102616162,2020-01-03,2020,Williamson,,1.0,Property Damage,0,0,,,,,0.0,0.0,0.0,0.0,Dark-Lighted,Rain,Motor Vehicle-In-Transport On Same Roadway,35.96454,-86.81434,False,Crashes_MPO_2020
102616258,2020-01-05,2020,Davidson,,1.0,Property Damage Under,0,0,,,,,0.0,0.0,0.0,0.0,Unknown,Clear,Parked Motor Vehicle,36.04369,-86.7401,False,Crashes_MPO_2020
102616747,2020-01-05,2020,Davidson,,1.0,Property Damage,0,0,,,,,0.0,0.0,0.0,0.0,Dark-Lighted,Clear,Motor Vehicle-In-Transport On Same Roadway,36.04537,-86.71326,False,Crashes_MPO_2020
102616850,2020-01-05,2020,Williamson,,1.0,Suspected Minor Injury,0,0,,,,,0.0,0.0,0.0,0.0,Dark-Lighted,Clear,Utility Pole,35.99392,-86.7005,True,Crashes_MPO_2020