mstrrecnbr,collision_ts,year,county,countystat,crash,crash_type,fatalities,non_motorists,commercial,fatal_c,nonmotor_c,truck_c,fatalc,serious_injuries,ped,bike,lighting,weather,first_harmful_event,latitude,longitude,in_city,src_layer
102617007,2020-01-06,2020,Williamson,,1.0,Property Damage,0,0,,,,,0.0,0.0,0.0,0.0,Daylight,Clear,Motor Vehicle-In-Transport On Same Roadway,36.03336,-86.78872,True,Crashes_MPO_2020
102617022,2020-01-06,2020,Williamson,,1.0,Property Damage,0,0,,,,,0.0,0.0,0.0,0.0,Daylight,Clear,Motor Vehicle-In-Transport On Same Roadway,36.01481,-86.81137,True,Crashes_MPO_2020
102617308,2020-01-06,2020,Williamson,,1.0,Property Damage,0,0,,,,,0.0,0.0,0.0,0.0,Daylight,Clear,Motor Vehicle-In-Transport On Same Roadway,35.93312,-86.81317,False,Crashes_MPO_2020
102617344,2020-01-06,2020,Williamson,,1.0,Property Damage,0,0,,,,,0.0,0.0,0.0,0.0,Daylight,Clear,Motor Vehicle-In-Transport On Same Roadway,35.92835,-86.86941,False,Crashes_MPO_2020
102617382,2020-01-06,2020,Davidson,,1.0,Property Damage,0,0,,,,,0.0,0.0,0.0,0.0,Daylight,Clear,Motor Vehicle-In-Transport On Same Roadway,36.04053,-86.74361,False,Crashes_MPO_2020
102617391,2020-01-06,2020,Davidson,,1.0,Property Damage,0,0,,,,,0.0,0.0,0.0,0.0,Daylight,Clear,Motor Vehicle-In-Transport On Same Roadway,36.04023,-86.76783,False,Crashes_MPO_2020
102617408,2020-01-06,2020,Williamson,,1.0,Property Damage,0,0,,,,,0.0,0.0,0.0,0.0,Dusk,Clear,Motor Vehicle-In-Transport On Same Roadway,35.96667,-86.81122,True,Crashes_MPO_2020
102617419,2020-01-06,2020,Williamson,,1.0,Suspected Minor Injury,0,0,,,,,0.0,0.0,0.0,0.0,Daylight,Clear,Motor Vehicle-In-Transport On Same Roadway,36.01392,-86.71935,False,Crashes_MPO_2020
102617432,2020-01-06,2020,Williamson,,1.0,Property Damage Under,0,0,,,,,0.0,0.0,0.0,0.0,,,,35.9246,-86.767,False,Crashes_MPO_2020
102617436,2020-01-06,2020,Williamson,,1.0,Property Damage,0,0,,,,,0.0,0.0,0.0,0.0,Daylight,Clear,Motor Vehicle-In-Transport On Same Roadway,35.963888,-86.800472,True,Crashes_MPO_2020
102617457,2020-01-06,2020,Williamson,,1.0,Suspected Minor Injury,0,0,,,,,0.0,0.0,0.0,0.0,Daylight,Clear,Embankment Rock/Stone/Concrete,35.97642,-86.85691,False,Crashes_MPO_2020
102617459,2020-01-06,2020,Williamson,,1.0,Property Damage Under,0,0,,,,,0.0,0.0,0.0,0.0,Daylight,Clear,Motor Vehicle-In-Transport On Same Roadway,35.94666,-86.82384,False,Crashes_MPO_2020
102617512,2020-01-06,2020,Williamson,,1.0,Property Damage,0,0,,,,,0.0,0.0,0.0,0.0,Dark-Lighted,Clear,Deer,36.0137,-86.71667,False,Crashes_MPO_2020
102617629,2020-01-06,2020,Williamson,,1.0,Property Damage Under,0,0,,,,,0.0,0.0,0.0,0.0,Dark-Lighted,Clear,Motor Vehicle-In-Transport On Same Roadway,35.94694,-86.85193,False,Crashes_MPO_2020
102617828,2020-01-07,2020,Davidson,,1.0,Property Damage,0,0,,,,,0.0,0.0,0.0,0.0,Daylight,Clear,Motor Vehicle-In-Transport On Same Roadway,36.03996,-86.78132,False,Crashes_MPO_2020
102617921,2020-01-07,2020,Williamson,,1.0,Property Damage,0,0,,,,,0.0,0.0,0.0,0.0,Daylight,Clear,Motor Vehicle-In-Transport On Same Roadway,35.94795,-86.81919,False,Crashes_MPO_2020
102617995,2020-01-07,2020,Williamson,,1.0,Property Damage,0,0,,,,,0.0,0.0,0.0,0.0,Daylight,Clear,Motor Vehicle-In-Transport On Same Roadway,35.96463,-86.79043,True,Crashes_MPO_2020
102618250,2020-01-07,2020,Williamson,,1.0,Property Damage,0,0,,,,,0.0,0.0,0.0,0.0,Daylight,Clear,Motor Vehicle-In-Transport On Same Roadway,36.02446,-86.86419,False,Crashes_MPO_2020
102618379,2020-01-06,2020,Williamson,,1.0,Property Damage,0,0,,,,,0.0,0.0,0.0,0.0,Dark-Not Lighted,Clear,Motor Vehicle-In-Transport On Different Roadway,35.97098,-86.67834,False,Crashes_MPO_2020
102618422,2020-01-07,2020,Williamson,,1.0,Property Damage,0,0,,,,,0.0,0.0,0.0,0.0,Dark-Lighted,Clear,Deer,35.96594,-86.7803,True,Crashes_MPO_2020
102618429,2020-01-07,2020,Davidson,,1.0,Possible Injury,0,1,,,,,0.0,0.0,1.0,0.0,Dark-Lighted,Clear,Pedestrian,36.04562,-86.74391,False,Crashes_MPO_2020
102618432,2020-01-07,2020,Williamson,,1.0,Property Damage Under,0,0,,,,,0.0,0.0,0.0,0.0,,,,36.01669,-86.78629,True,Crashes_MPO_2020
102618466,2020-01-07,2020,Williamson,,1.0,Possible Injury,0,0,,,,,0.0,0.0,0.0,0.0,Dark-Lighted,Clear,Motor Vehicle-In-Transport On Same Roadway,35.99742,-86.79555,True,Crashes_MPO_2020
102618476,2020-01-07,2020,Davidson,,1.0,Property Damage,0,0,,,,,0.0,0.0,0.0,0.0,Dark-Lighted,Clear,Motor Vehicle-In-Transport On Same Roadway,35.99687,-86.68989,False,Crashes_MPO_2020
102618484,2020-01-07,2020,Williamson,,1.0,Property Damage,0,0,,,,,0.0,0.0,0.0,0.0,Dark-Lighted,Clear,Curb,35.94429,-86.81993,False,Crashes_MPO_2020
102618819,2020-01-08,2020,Davidson,,1.0,Property Damage Under,0,0,,,,,0.0,0.0,0.0,0.0,Daylight,Clear,Motor Vehicle-In-Transport On Same Roadway,36.03699,-86.78483,False,Crashes_MPO_2020
102618826,2020-01-08,2020,Williamson,,1.0,Property Damage,0,0,,,,,0.0,0.0,0.0,0.0,Daylight,Clear,Motor Vehicle-In-Transport On Same Roadway,35.93374,-86.81767,False,Crashes_MPO_2020
102618893,2020-01-07,2020,Williamson,,1.0,Property Damage,0,0,,,,,0.0,0.0,0.0,0.0,Daylight,Clear,Motor Vehicle-In-Transport On Same Roadway,35.92957,-86.84187,False,Crashes_MPO_2020
102618922,2020-01-08,2020,Davidson,,1.0,Possible Injury,0,0,,,,,0.0,0.0,0.0,0.0,Daylight,Clear,Motor Vehicle-In-Transport On Same Roadway,36.03994,-86.78133,False,Crashes_MPO_2020
102618959,2020-01-08,2020,Williamson,,1.0,Property Damage,0,0,,,,,0.0,0.0,0.0,0.0,Daylight,Clear,Motor Vehicle-In-Transport On Same Roadway,35.94477,-86.82853,False,Crashes_MPO_2020
102618980,2020-01-08,2020,Williamson,,1.0,Property Damage Under,0,0,,,,,0.0,0.0,0.0,0.0,Daylight,Clear,Motor Vehicle-In-Transport On Same Roadway,35.93504,-86.82382,False,Crashes_MPO_2020
102619018,2020-01-08,2020,Williamson,,1.0,Possible Injury,0,0,,,,,0.0,0.0,0.0,0.0,Daylight,Clear,Motor Vehicle-In-Transport On Same Roadway,35.93405,-86.86131,False,Crashes_MPO_2020
102619267,2020-01-08,2020,Williamson,,1.0,Possible Injury,0,0,,,,,0.0,0.0,0.0,0.0,Daylight,Clear,Motor Vehicle-In-Transport On Same Roadway,35.93837,-86.87911,False,Crashes_MPO_2020
102619343,2020-01-08,2020,Williamson,,1.0,Property Damage Under,0,0,,,,,0.0,0.0,0.0,0.0,Daylight,Clear,Motor Vehicle-In-Transport On Same Roadway,35.93562,-86.82387,False,Crashes_MPO_2020
102619344,2020-01-08,2020,Williamson,,1.0,Property Damage,0,0,,,,,0.0,0.0,0.0,0.0,Dusk,Clear,Motor Vehicle-In-Transport On Same Roadway,35.94579,-86.82324,False,Crashes_MPO_2020
102619475,2020-01-08,2020,Davidson,,1.0,Possible Injury,0,0,,,,,0.0,0.0,0.0,0.0,Daylight,Clear,Motor Vehicle-In-Transport On Same Roadway,36.04519,-86.71608,False,Crashes_MPO_2020
102619747,2020-01-09,2020,Davidson,,1.0,Property Damage,0,0,,,,,0.0,0.0,0.0,0.0,Daylight,Clear,Motor Vehicle-In-Transport On Same Roadway,36.04588,-86.68997,False,Crashes_MPO_2020
102619832,2020-01-09,2020,Davidson,,1.0,Property Damage,0,0,,,,,0.0,0.0,0.0,0.0,Daylight,Clear,Motor Vehicle-In-Transport On Same Roadway,36.04531,-86.70188,False,Crashes_MPO_2020
102619947,2020-01-02,2020,Williamson,,1.0,Property Damage,0,0,,,,,0.0,0.0,0.0,0.0,Dark-Not Lighted,Rain,Motor Vehicle-In-Transport On Same Roadway,36.00432,-86.79099,True,Crashes_MPO_2020
102619974,2020-01-08,2020,Williamson,,1.0,Property Damage,0,0,,,,,0.0,0.0,0.0,0.0,Daylight,Clear,Motor Vehicle-In-Transport On Same Roadway,35.94024,-86.81685,False,Crashes_MPO_2020
102620170,2020-01-09,2020,Davidson,,1.0,Suspected Minor Injury,0,1,,,,,0.0,0.0,1.0,0.0,Daylight,Clear,Pedestrian,36.04957,-86.7137,False,Crashes_MPO_2020
102620227,2020-01-09,2020,Williamson,,1.0,Property Damage,0,0,,,,,0.0,0.0,0.0,0.0,Dusk,Clear,Motor Vehicle-In-Transport On Same Roadway,35.94665,-86.82228,False,Crashes_MPO_2020
102620249,2020-01-09,2020,Williamson,,1.0,Possible Injury,0,0,,,,,0.0,0.0,0.0,0.0,Daylight,Cloudy,Guard Rail Face,35.94572,-86.87237,False,Crashes_MPO_2020
102620459,2020-01-09,2020,Williamson,,1.0,Property Damage,0,0,,,,,0.0,0.0,0.0,0.0,Daylight,Clear,Parked Motor Vehicle,36.00061,-86.7278,True,Crashes_MPO_2020
102620469,2020-01-09,2020,Davidson,,1.0,Property Damage,0,0,,,,,0.0,0.0,0.0,0.0,Dark-Not Lighted,Clear,Deer,36.01357,-86.70443,False,Crashes_MPO_2020
102620533,2020-01-10,2020,Williamson,,1.0,Suspected Minor Injury,0,0,,,,,0.0,0.0,0.0,0.0,Dark-Lighted,Clear,Other Fixed Object,35.95721,-86.84339,False,Crashes_MPO_2020
102620614,2020-01-10,2020,Williamson,,1.0,Property Damage,0,0,,,,,0.0,0.0,0.0,0.0,Daylight,Cloudy,Motor Vehicle-In-Transport On Same Roadway,35.99619,-86.78579,True,Crashes_MPO_2020
102620662,2020-01-10,2020,Williamson,,1.0,Property Damage,0,0,,,,,0.0,0.0,0.0,0.0,Daylight,Clear,Deer,35.93847,-86.80961,False,Crashes_MPO_2020
102620693,2020-01-10,2020,Davidson,,1.0,Property Damage,0,0,,,,,0.0,0.0,0.0,0.0,Daylight,Cloudy,Motor Vehicle-In-Transport On Same Roadway,36.04059,-86.77107,False,Crashes_MPO_2020
102612618,2020-01-01,2020,Davidson,,1.0,Property Damage,0,0,,,,,0.0,0.0,0.0,0.0,Dark-Lighted,Clear,Motor Vehicle-In-Transport On Same Roadway,36.0387,-86.73097,False,Crashes_MPO_2020
102623272,2020-01-13,2020,Davidson,,1.0,Property Damage,0,0,,,,,0.0,0.0,0.0,0.0,Daylight,Clear,Motor Vehicle-In-Transport On Same Roadway,36.05124,-86.71428,False,Crashes_MPO_2020
102623352,2020-01-13,2020,Williamson,,1.0,Property Damage Under,0,0,,,,,0.0,0.0,0.0,0.0,Daylight,Cloudy,Motor Vehicle-In-Transport On Same Roadway,35.94535,-86.82943,False,Crashes_MPO_2020
102623381,2020-01-13,2020,Williamson,,1.0,Property Damage,0,0,,,,,0.0,0.0,0.0,0.0,Daylight,Cloudy,Motor Vehicle-In-Transport On Same Roadway,35.99651,-86.78868,True,Crashes_MPO_2020
102623396,2020-01-13,2020,Davidson,,1.0,Property Damage,0,0,,,,,0.0,0.0,0.0,0.0,Daylight,Clear,Motor Vehicle-In-Transport On Same Roadway,36.04641,-86.81595,False,Crashes_MPO_2020
102623402,2020-01-13,2020,Williamson,,1.0,Property Damage,0,0,,,,,0.0,0.0,0.0,0.0,Daylight,Cloudy,Motor Vehicle-In-Transport On Same Roadway,35.97334,-86.83305,True,Crashes_MPO_2020
102623414,2020-01-13,2020,Williamson,,1.0,Property Damage Under,0,0,,,,,0.0,0.0,0.0,0.0,Daylight,Clear,Ditch,35.93598,-86.77459,False,Crashes_MPO_2020
102623614,2020-01-13,2020,Williamson,,1.0,Property Damage,0,0,,,,,0.0,0.0,0.0,0.0,Daylight,Clear,Motor Vehicle-In-Transport On Same Roadway,36.03551,-86.78748,True,Crashes_MPO_2020
102623615,2020-01-13,2020,Williamson,,1.0,Property Damage,0,0,,,,,0.0,0.0,0.0,0.0,Daylight,Clear,Motor Vehicle-In-Transport On Same Roadway,36.03423,-86.78822,True,Crashes_MPO_2020
102623633,2020-01-13,2020,Davidson,,1.0,Property Damage,0,0,,,,,0.0,0.0,0.0,0.0,Daylight,Clear,Motor Vehicle-In-Transport On Same Roadway,36.05158,-86.71404,False,Crashes_MPO_2020
102623639,2020-01-12,2020,Williamson,,1.0,Property Damage,0,0,,,,,0.0,0.0,0.0,0.0,Daylight,Cloudy,Parked Motor Vehicle,35.96646,-86.81206,False,Crashes_MPO_2020
102623725,2020-01-13,2020,Williamson,,1.0,Property Damage,0,0,,,,,0.0,0.0,0.0,0.0,Daylight,Clear,Fence,35.95609,-86.84831,False,Crashes_MPO_2020
102623778,2020-01-13,2020,Williamson,,1.0,Suspected Minor Injury,0,0,,,,,0.0,0.0,0.0,0.0,Daylight,Clear,Motor Vehicle-In-Transport On Same Roadway,35.99475,-86.76957,True,Crashes_MPO_2020
102623830,2020-01-13,2020,Williamson,,1.0,Property Damage,0,0,,,,,0.0,0.0,0.0,0.0,Dusk,Clear,Motor Vehicle-In-Transport On Same Roadway,35.99079,-86.75111,True,Crashes_MPO_2020
102623870,2020-01-13,2020,Williamson,,1.0,Property Damage,0,0,,,,,0.0,0.0,0.0,0.0,Dark-Not Lighted,Cloudy,Motor Vehicle-In-Transport On Same Roadway,35.99279,-86.79839,True,Crashes_MPO_2020
102624266,2020-01-14,2020,Williamson,,1.0,Property Damage,0,0,,,,,0.0,0.0,0.0,0.0,Daylight,Rain,Mail Box,35.94776,-86.69791,False,Crashes_MPO_2020
102624381,2020-01-14,2020,Davidson,,1.0,Possible Injury,0,0,,,,,0.0,0.0,0.0,0.0,Daylight,Clear,Motor Vehicle-In-Transport On Same Roadway,36.04026,-86.8164,False,Crashes_MPO_2020
102624382,2020-01-14,2020,Davidson,,1.0,Property Damage Under,0,0,,,,,0.0,0.0,0.0,0.0,,,,36.03748,-86.79115,False,Crashes_MPO_2020
102624384,2020-01-14,2020,Davidson,,1.0,Property Damage,0,0,,,,,0.0,0.0,0.0,0.0,Daylight,Clear,Motor Vehicle-In-Transport On Same Roadway,36.03047,-86.74398,False,Crashes_MPO_2020
102624456,2020-01-14,2020,Williamson,,1.0,Property Damage Under,0,0,,,,,0.0,0.0,0.0,0.0,Daylight,Cloudy,Motor Vehicle-In-Transport On Same Roadway,35.94687,-86.85168,False,Crashes_MPO_2020
102624541,2020-01-14,2020,Davidson,,1.0,Property Damage Under,0,0,,,,,0.0,0.0,0.0,0.0,,,,36.04561,-86.85483,False,Crashes_MPO_2020
102624664,2020-01-14,2020,Williamson,,1.0,Property Damage,0,0,,,,,0.0,0.0,0.0,0.0,Daylight,Clear,Motor Vehicle-In-Transport On Same Roadway,35.94311,-86.82083,False,Crashes_MPO_2020
102624665,2020-01-14,2020,Williamson,,1.0,Property Damage,0,0,,,,,0.0,0.0,0.0,0.0,Daylight,Clear,Motor Vehicle-In-Transport On Same Roadway,35.93595,-86.82532,False,Crashes_MPO_2020
102624680,2020-01-14,2020,Davidson,,1.0,Property Damage Under,0,0,,,,,0.0,0.0,0.0,0.0,,,,36.0473,-86.86274,False,Crashes_MPO_2020
102624693,2020-01-14,2020,Davidson,,1.0,Property Damage,0,0,,,,,0.0,0.0,0.0,0.0,Dark-Lighted,Clear,Motor Vehicle-In-Transport On Same Roadway,36.0456,-86.7197,False,Crashes_MPO_2020
102624818,2020-01-14,2020,Williamson,,1.0,Property Damage,0,0,,,,,0.0,0.0,0.0,0.0,Dark-Not Lighted,Rain,Ditch,35.9867,-86.84608,False,Crashes_MPO_2020
102624880,2020-01-07,2020,Williamson,,1.0,Property Damage,0,0,,,,,0.0,0.0,0.0,0.0,Unknown,Unknown,Parked Motor Vehicle,35.93218,-86.85539,False,Crashes_MPO_2020
102624964,2020-01-15,2020,Williamson,,1.0,Property Damage,0,0,,,,,0.0,0.0,0.0,0.0,Daylight,Rain,Motor Vehicle-In-Transport On Same Roadway,35.99711,-86.7935,True,Crashes_MPO_2020
102624997,2020-01-15,2020,Davidson,,1.0,Property Damage,0,0,,,,,0.0,0.0,0.0,0.0,Daylight,Rain,Motor Vehicle-In-Transport On Same Roadway,36.0374,-86.78657,False,Crashes_MPO_2020
102624999,2020-01-15,2020,Williamson,,1.0,Property Damage,0,0,,,,,0.0,0.0,0.0,0.0,Daylight,Rain,Motor Vehicle-In-Transport On Same Roadway,35.96028,-86.80964,False,Crashes_MPO_2020
102625027,2020-01-15,2020,Davidson,,1.0,Property Damage,0,0,,,,,0.0,0.0,0.0,0.0,Daylight,Rain,Motor Vehicle-In-Transport On Same Roadway,36.04561,-86.71076,False,Crashes_MPO_2020
102625137,2020-01-15,2020,Williamson,,1.0,Property Damage Under,0,0,,,,,0.0,0.0,0.0,0.0,,,,35.95786,-86.80256,False,Crashes_MPO_2020
102625182,2020-01-15,2020,Williamson,,1.0,Suspected Minor Injury,0,0,,,,,0.0,0.0,0.0,0.0,Daylight,Rain,Motor Vehicle-In-Transport On Same Roadway,35.99781,-86.79886,True,Crashes_MPO_2020
102625185,2020-01-14,2020,Williamson,,1.0,Property Damage,0,0,,,,,0.0,0.0,0.0,0.0,Daylight,Clear,Motor Vehicle-In-Transport On Same Roadway,36.00857,-86.7863,True,Crashes_MPO_2020
102625199,2020-01-10,2020,Williamson,,1.0,Suspected Serious Injury,0,1,,,,,0.0,1.0,1.0,0.0,Dark-Not Lighted,Rain,Pedestrian,35.94869,-86.83615,False,Crashes_MPO_2020
102625201,2020-01-15,2020,Davidson,,1.0,Property Damage,0,0,,,,,0.0,0.0,0.0,0.0,Daylight,Cloudy,Shrubbery,36.02857,-86.74409,False,Crashes_MPO_2020
102625248,2020-01-15,2020,Williamson,,1.0,Property Damage,0,0,,,,,0.0,0.0,0.0,0.0,Daylight,Cloudy,Motor Vehicle-In-Transport On Same Roadway,36.03175,-86.78961,True,Crashes_MPO_2020
102625287,2020-01-15,2020,Williamson,,1.0,Property Damage,0,0,,,,,0.0,0.0,0.0,0.0,Daylight,Cloudy,Motor Vehicle-In-Transport On Same Roadway,35.92819,-86.83094,False,Crashes_MPO_2020
102625300,2020-01-15,2020,Davidson,,1.0,Property Damage Under,0,0,,,,,0.0,0.0,0.0,0.0,,,,36.04871,-86.71366,False,Crashes_MPO_2020
102625328,2020-01-15,2020,Davidson,,1.0,Property Damage Under,0,0,,,,,0.0,0.0,0.0,0.0,,,,36.04756,-86.71352,False,Crashes_MPO_2020
102620828,2020-01-10,2020,Davidson,,1.0,Property Damage Under,0,0,,,,,0.0,0.0,0.0,0.0,Daylight,Clear,Mail Box,36.04989,-86.69286,False,Crashes_MPO_2020
102620829,2020-01-10,2020,Davidson,,1.0,Property Damage,0,0,,,,,0.0,0.0,0.0,0.0,Daylight,Clear,Motor Vehicle-In-Transport On Same Roadway,35.99663,-86.68953,False,Crashes_MPO_2020
102621214,2020-01-09,2020,Williamson,,1.0,Property Damage,0,0,,,,,0.0,0.0,0.0,0.0,Dark-Lighted,Clear,Motor Vehicle-In-Transport On Same Roadway,35.94765,-86.81971,False,Crashes_MPO_2020
102621230,2020-01-10,2020,Davidson,,1.0,Property Damage,0,0,,,,,0.0,0.0,0.0,0.0,Daylight,Cloudy,Motor Vehicle-In-Transport On Same Roadway,36.04593,-86.71333,False,Crashes_MPO_2020
102621258,2020-01-10,2020,Williamson,,1.0,Property Damage,0,0,,,,,0.0,0.0,0.0,0.0,Dusk,Clear,Motor Vehicle-In-Transport On Same Roadway,35.998022,-86.79494,True,Crashes_MPO_2020
102621325,2020-01-10,2020,Davidson,,1.0,Property Damage Under,0,0,,,,,0.0,0.0,0.0,0.0,,,,36.03096,-86.75011,False,Crashes_MPO_2020
102621356,2020-01-10,2020,Williamson,,1.0,Possible Injury,0,0,,,,,0.0,0.0,0.0,0.0,Dark-Not Lighted,Rain,Motor Vehicle-In-Transport On Same Roadway,35.97749,-86.80369,True,Crashes_MPO_2020
102621367,2020-01-10,2020,Davidson,,1.0,Property Damage,0,0,,,,,0.0,0.0,0.0,0.0,Dark-Not Lighted,Rain,Motor Vehicle-In-Transport On Same Roadway,36.03768,-86.79462,False,Crashes_MPO_2020
102621380,2020-01-10,2020,Williamson,,1.0,Property Damage,0,0,,,,,0.0,0.0,0.0,0.0,Dark-Not Lighted,Rain,Motor Vehicle-In-Transport On Different Roadway,36.0141,-86.78529,True,Crashes_MPO_2020
102621403,2020-01-09,2020,Williamson,,1.0,Property Damage,0,0,,,,,0.0,0.0,0.0,0.0,Dark-Lighted,Clear,Parked Motor Vehicle,36.01345,-86.74741,True,Crashes_MPO_2020
102621491,2020-01-10,2020,Williamson,,1.0,Property Damage,0,0,,,,,0.0,0.0,0.0,0.0,Dark-Lighted,Rain,Motor Vehicle-In-Transport On Same Roadway,35.95905,-86.81034,False,Crashes_MPO_2020
102621658,2020-01-11,2020,Williamson,,1.0,Property Damage,0,0,,,,,0.0,0.0,0.0,0.0,Dark-Not Lighted,Rain,Other Fixed Object,35.98978,-86.75655,True,Crashes_MPO_2020
102621783,2020-01-11,2020,Davidson,,1.0,Property Damage,0,0,,,,,0.0,0.0,0.0,0.0,Daylight,Rain,Ditch,36.04612,-86.77754,False,Crashes_MPO_2020
102621813,2020-01-11,2020,Williamson,,1.0,Possible Injury,0,0,,,,,0.0,0.0,0.0,0.0,Other,Rain,Motor Vehicle-In-Transport On Same Roadway,35.94686,-86.81163,False,Crashes_MPO_2020
102621889,2020-01-11,2020,Davidson,,1.0,Property Damage,0,0,,,,,0.0,0.0,0.0,0.0,Daylight,Rain,Concrete Traffic Barrier,36.04143,-86.78247,False,Crashes_MPO_2020
102621957,2020-01-11,2020,Davidson,,1.0,Property Damage,0,0,,,,,0.0,0.0,0.0,0.0,Daylight,Rain,Motor Vehicle-In-Transport On Same Roadway,36.0409,-86.77938,False,Crashes_MPO_2020
102622125,2020-01-11,2020,Davidson,,1.0,Property Damage Under,0,0,,,,,0.0,0.0,0.0,0.0,,,,36.03545,-86.76867,False,Crashes_MPO_2020
102622393,2020-01-11,2020,Davidson,,1.0,Property Damage,0,0,,,,,0.0,0.0,0.0,0.0,Dark-Lighted,Rain,Parked Motor Vehicle,36.03318,-86.70775,False,Crashes_MPO_2020
102622434,2020-01-11,2020,Williamson,,1.0,Property Damage,0,0,,,,,0.0,0.0,0.0,0.0,Dark-Lighted,Rain,Motor Vehicle-In-Transport On Same Roadway,35.98326,-86.71737,True,Crashes_MPO_2020
102622451,2020-01-12,2020,Davidson,,1.0,Property Damage,0,0,,,,,0.0,0.0,0.0,0.0,Dark-Lighted,Cloudy,Parked Motor Vehicle,36.04523,-86.71661,False,Crashes_MPO_2020
102622520,2020-01-11,2020,Williamson,,1.0,Property Damage,0,0,,,,,0.0,0.0,0.0,0.0,Daylight,Rain,Motor Vehicle-In-Transport On Same Roadway,35.96534,-86.79757,True,Crashes_MPO_2020
102622537,2020-01-10,2020,Williamson,,1.0,Property Damage,0,0,,,,,0.0,0.0,0.0,0.0,Daylight,Cloudy,Motor Vehicle-In-Transport On Same Roadway,35.9407,-86.83934,False,Crashes_MPO_2020
102622538,2020-01-10,2020,Williamson,,1.0,Property Damage,0,0,,,,,0.0,0.0,0.0,0.0,Dusk,Cloudy,Motor Vehicle-In-Transport On Same Roadway,35.96161,-86.80944,False,Crashes_MPO_2020
102623030,2020-01-12,2020,Davidson,,1.0,Property Damage,0,0,,,,,0.0,0.0,0.0,0.0,Dark-Lighted,Clear,Motor Vehicle-In-Transport On Same Roadway,36.04028,-86.76837,False,Crashes_MPO_2020
102623108,2020-01-12,2020,Davidson,,1.0,Possible Injury,0,0,,,,,0.0,0.0,0.0,0.0,Dark-Not Lighted,Clear,Wall,36.0533,-86.7371,False,Crashes_MPO_2020
102623197,2020-01-11,2020,Williamson,,1.0,Property Damage,0,0,,,,,0.0,0.0,0.0,0.0,Dark-Lighted,Cloudy,Parked Motor Vehicle,35.94592,-86.82084,False,Crashes_MPO_2020
102623209,2020-01-13,2020,Davidson,,1.0,Property Damage,0,0,,,,,0.0,0.0,0.0,0.0,Dark-Lighted,Clear,Unknown,36.04561,-86.71977,False,Crashes_MPO_2020
102612814,2020-01-01,2020,Davidson,,1.0,Property Damage Under,0,0,,,,,0.0,0.0,0.0,0.0,Unknown,Clear,Mail Box,36.05145,-86.70209,False,Crashes_MPO_2020
102613030,2020-01-01,2020,Williamson,,1.0,Property Damage,0,0,,,,,0.0,0.0,0.0,0.0,Daylight,Clear,Parked Motor Vehicle,35.96133,-86.81226,False,Crashes_MPO_2020