mstrrecnbr,collision_ts,year,county,countystat,crash,crash_type,fatalities,non_motorists,commercial,fatal_c,nonmotor_c,truck_c,fatalc,serious_injuries,ped,bike,lighting,weather,first_harmful_event,latitude,longitude,in_city,src_layer
102613278,2020-01-01,2020,Williamson,,1.0,Property Damage,0,0,,,,,0.0,0.0,0.0,0.0,Dark-Lighted,Clear,Motor Vehicle-In-Transport On Same Roadway,35.96689,-86.8113,True,Crashes_MPO_2020
102613476,2020-01-02,2020,Davidson,,1.0,Suspected Minor Injury,0,0,,,,,0.0,0.0,0.0,0.0,Dark-Not Lighted,Clear,Ditch,36.02445,-86.74219,False,Crashes_MPO_2020
102613560,2020-01-02,2020,Davidson,,1.0,Possible Injury,0,0,,,,,0.0,0.0,0.0,0.0,Dark-Not Lighted,Clear,Motor Vehicle-In-Transport On Same Roadway,35.9912,-86.68349,False,Crashes_MPO_2020
102613567,2020-01-02,2020,Davidson,,1.0,Suspected Minor Injury,0,0,,,,,0.0,0.0,0.0,0.0,Dark-Lighted,Clear,Motor Vehicle-In-Transport On Same Roadway,35.99133,-86.68363,False,Crashes_MPO_2020
102613769,2020-01-02,2020,Williamson,,1.0,Property Damage Under,0,0,,,,,0.0,0.0,0.0,0.0,Daylight,Rain,Motor Vehicle-In-Transport On Same Roadway,35.94068,-86.83938,False,Crashes_MPO_2020
102613881,2020-01-02,2020,Davidson,,1.0,Property Damage,0,0,,,,,0.0,0.0,0.0,0.0,Daylight,Rain,Motor Vehicle-In-Transport On Same Roadway,36.03078,-86.74744,False,Crashes_MPO_2020
102613921,2020-01-02,2020,Williamson,,1.0,Property Damage Under,0,0,,,,,0.0,0.0,0.0,0.0,Daylight,Rain,Motor Vehicle-In-Transport On Same Roadway,35.94612,-86.82346,False,Crashes_MPO_2020
102614053,2020-01-02,2020,Davidson,,1.0,Property Damage,0,0,,,,,0.0,0.0,0.0,0.0,Dark-Lighted,Rain,Motor Vehicle-In-Transport On Same Roadway,36.03759,-86.67725,False,Crashes_MPO_2020
102614056,2020-01-02,2020,Williamson,,1.0,Suspected Minor Injury,0,0,,,,,0.0,0.0,0.0,0.0,Daylight,Rain,Motor Vehicle-In-Transport On Same Roadway,35.93465,-86.86087,False,Crashes_MPO_2020
102614081,2020-01-02,2020,Williamson,,1.0,Property Damage,0,0,,,,,0.0,0.0,0.0,0.0,Dark-Lighted,Rain,Culvert,36.00726,-86.72419,True,Crashes_MPO_2020
102614083,2020-01-02,2020,Williamson,,1.0,Property Damage,0,0,,,,,0.0,0.0,0.0,0.0,Dark-Lighted,Rain,Motor Vehicle-In-Transport On Same Roadway,36.03713,-86.79779,True,Crashes_MPO_2020
102614088,2020-01-02,2020,Davidson,,1.0,Possible Injury,0,0,,,,,0.0,0.0,0.0,0.0,Dark-Lighted,Rain,Motor Vehicle-In-Transport On Same Roadway,36.03759,-86.67725,False,Crashes_MPO_2020
102614096,2020-01-02,2020,Davidson,,1.0,Property Damage Under,0,0,,,,,0.0,0.0,0.0,0.0,,,,36.03785,-86.78469,False,Crashes_MPO_2020
102614175,2020-01-02,2020,Williamson,,1.0,Property Damage,0,0,,,,,0.0,0.0,0.0,0.0,Dark-Lighted,Rain,Motor Vehicle-In-Transport On Same Roadway,35.92373,-86.79452,False,Crashes_MPO_2020
102614190,2020-01-02,2020,Williamson,,1.0,Property Damage,0,0,,,,,0.0,0.0,0.0,0.0,Dark-Not Lighted,Rain,Motor Vehicle-In-Transport On Same Roadway,35.94639,-86.80885,False,Crashes_MPO_2020
102614214,2020-01-02,2020,Davidson,,1.0,Property Damage,0,0,,,,,0.0,0.0,0.0,0.0,Dark-Not Lighted,Rain,Mail Box,36.04919,-86.69471,False,Crashes_MPO_2020
102614447,2020-01-03,2020,Williamson,,1.0,Property Damage,0,0,,,,,0.0,0.0,0.0,0.0,Daylight,Rain,Motor Vehicle-In-Transport On Same Roadway,35.98368,-86.72139,True,Crashes_MPO_2020
102614451,2020-01-03,2020,Williamson,,1.0,Suspected Minor Injury,0,0,,,,,0.0,0.0,0.0,0.0,Daylight,Rain,Culvert,35.98494,-86.71572,True,Crashes_MPO_2020
102614921,2020-01-03,2020,Davidson,,1.0,Property Damage,0,0,,,,,0.0,0.0,0.0,0.0,Daylight,Rain,Motor Vehicle-In-Transport On Same Roadway,36.04772,-86.71361,False,Crashes_MPO_2020
102614954,2020-01-03,2020,Williamson,,1.0,Property Damage,0,0,,,,,0.0,0.0,0.0,0.0,Daylight,Rain,Motor Vehicle-In-Transport On Same Roadway,35.99922,-86.80923,True,Crashes_MPO_2020
102614955,2020-01-03,2020,Williamson,,1.0,Suspected Minor Injury,0,0,,,,,0.0,0.0,0.0,0.0,Daylight,Rain,Motor Vehicle-In-Transport On Same Roadway,35.96653,-86.80996,True,Crashes_MPO_2020
102614956,2020-01-03,2020,Williamson,,1.0,Property Damage,0,0,,,,,0.0,0.0,0.0,0.0,Dark-Lighted,Rain,Motor Vehicle-In-Transport On Same Roadway,35.96546,-86.79858,True,Crashes_MPO_2020
102614975,2020-01-03,2020,Williamson,,1.0,Property Damage,0,0,,,,,0.0,0.0,0.0,0.0,Dark-Lighted,Rain,Motor Vehicle-In-Transport On Same Roadway,35.98508,-86.72753,True,Crashes_MPO_2020
102615017,2020-01-03,2020,Williamson,,1.0,Property Damage,0,0,,,,,0.0,0.0,0.0,0.0,Dark-Lighted,Rain,Motor Vehicle-In-Transport On Same Roadway,35.96174,-86.80191,True,Crashes_MPO_2020
102615065,2020-01-03,2020,Williamson,,1.0,Property Damage,0,0,,,,,0.0,0.0,0.0,0.0,Dark-Not Lighted,Rain,Motor Vehicle-In-Transport On Same Roadway,35.93298,-86.78238,False,Crashes_MPO_2020
102615096,2020-01-03,2020,Davidson,,1.0,Property Damage,0,0,,,,,0.0,0.0,0.0,0.0,Dark-Lighted,Rain,Motor Vehicle-In-Transport On Same Roadway,36.04546,-86.70403,False,Crashes_MPO_2020
102615101,2020-01-03,2020,Williamson,,1.0,Property Damage,0,0,,,,,0.0,0.0,0.0,0.0,Dark-Not Lighted,Rain,Motor Vehicle-In-Transport On Same Roadway,35.93298,-86.78238,False,Crashes_MPO_2020
102635383,2020-01-26,2020,Williamson,,1.0,Property Damage,0,0,,,,,0.0,0.0,0.0,0.0,Dark-Lighted,Cloudy,Motor Vehicle-In-Transport On Same Roadway,35.96687,-86.81239,True,Crashes_MPO_2020
102635698,2020-01-27,2020,Williamson,,1.0,Suspected Minor Injury,0,1,,,,,0.0,0.0,1.0,0.0,Dark-Not Lighted,Rain,Pedestrian,36.034322,-86.804803,True,Crashes_MPO_2020
102635724,2020-01-27,2020,Williamson,,1.0,Property Damage,0,0,,,,,0.0,0.0,0.0,0.0,Daylight,Cloudy,Motor Vehicle-In-Transport On Same Roadway,35.96724,-86.81373,True,Crashes_MPO_2020
102635744,2020-01-25,2020,Williamson,,1.0,Property Damage,0,0,,,,,0.0,0.0,0.0,0.0,Dawn,Cloudy,Embankment Earth,35.96663,-86.70923,True,Crashes_MPO_2020
102635759,2020-01-27,2020,Williamson,,1.0,Property Damage,0,0,,,,,0.0,0.0,0.0,0.0,Daylight,Cloudy,Motor Vehicle-In-Transport On Same Roadway,36.01529,-86.74048,False,Crashes_MPO_2020
102635813,2020-01-27,2020,Williamson,,1.0,Property Damage,0,0,,,,,0.0,0.0,0.0,0.0,Daylight,Cloudy,Motor Vehicle-In-Transport On Same Roadway,35.96518,-86.80029,True,Crashes_MPO_2020
102635828,2020-01-27,2020,Davidson,,1.0,Possible Injury,0,0,,,,,0.0,0.0,0.0,0.0,Daylight,Cloudy,"Over Turn, Roll Over",36.0328,-86.77136,False,Crashes_MPO_2020
102635999,2020-01-19,2020,Davidson,,1.0,Property Damage,0,0,,,,,0.0,0.0,0.0,0.0,Daylight,Clear,Motor Vehicle-In-Transport On Same Roadway,36.04095,-86.77101,False,Crashes_MPO_2020
102636021,2020-01-25,2020,Davidson,,1.0,Property Damage Under,0,0,,,,,0.0,0.0,0.0,0.0,Daylight,Clear,Motor Vehicle-In-Transport On Same Roadway,36.04246,-86.71284,False,Crashes_MPO_2020
102636067,2020-01-27,2020,Williamson,,1.0,Property Damage,0,0,,,,,0.0,0.0,0.0,0.0,Daylight,Clear,Motor Vehicle-In-Transport On Same Roadway,35.9389,-86.82167,False,Crashes_MPO_2020
102636076,2020-01-24,2020,Williamson,,1.0,Property Damage,0,0,,,,,0.0,0.0,0.0,0.0,Dark-Lighted,Cloudy,Motor Vehicle-In-Transport On Same Roadway,35.9379,-86.82191,False,Crashes_MPO_2020
102636204,2020-01-27,2020,Williamson,,1.0,Property Damage,0,0,,,,,0.0,0.0,0.0,0.0,Daylight,Clear,Motor Vehicle-In-Transport On Same Roadway,35.96705,-86.81355,True,Crashes_MPO_2020
102636205,2020-01-27,2020,Williamson,,1.0,Property Damage,0,0,,,,,0.0,0.0,0.0,0.0,Dusk,Clear,Motor Vehicle-In-Transport On Same Roadway,35.97738,-86.72552,True,Crashes_MPO_2020
102636223,2020-01-27,2020,Williamson,,1.0,Property Damage,0,0,,,,,0.0,0.0,0.0,0.0,Dark-Lighted,Clear,Motor Vehicle-In-Transport On Same Roadway,35.99538,-86.77753,True,Crashes_MPO_2020
102636227,2020-01-27,2020,Williamson,,1.0,Property Damage,0,0,,,,,0.0,0.0,0.0,0.0,Dusk,Clear,Motor Vehicle-In-Transport On Same Roadway,35.98921,-86.74165,True,Crashes_MPO_2020
102636277,2020-01-27,2020,Davidson,,1.0,Suspected Minor Injury,0,0,,,,,0.0,0.0,0.0,0.0,Dark-Lighted,Clear,Motor Vehicle-In-Transport On Same Roadway,36.04078,-86.77346,False,Crashes_MPO_2020
102636477,2020-01-28,2020,Williamson,,1.0,Property Damage,0,0,,,,,0.0,0.0,0.0,0.0,Dark-Lighted,Clear,Curb,35.93365,-86.81726,False,Crashes_MPO_2020
102636566,2020-01-28,2020,Williamson,,1.0,Property Damage Under,0,0,,,,,0.0,0.0,0.0,0.0,Daylight,Clear,Motor Vehicle-In-Transport On Same Roadway,35.9294,-86.8407,False,Crashes_MPO_2020
102636640,2020-01-28,2020,Davidson,,1.0,Suspected Minor Injury,0,0,,,,,0.0,0.0,0.0,0.0,Daylight,Cloudy,Motor Vehicle-In-Transport On Same Roadway,36.04301,-86.84231,False,Crashes_MPO_2020
102636873,2020-01-28,2020,Davidson,,1.0,Property Damage,0,0,,,,,0.0,0.0,0.0,0.0,Daylight,Clear,Motor Vehicle-In-Transport On Same Roadway,36.03775,-86.78649,False,Crashes_MPO_2020
102636915,2020-01-28,2020,Davidson,,1.0,Property Damage,0,0,,,,,0.0,0.0,0.0,0.0,Daylight,Clear,Motor Vehicle-In-Transport On Same Roadway,35.99687,-86.68989,False,Crashes_MPO_2020
102637177,2020-01-28,2020,Williamson,,1.0,Property Damage,0,0,,,,,0.0,0.0,0.0,0.0,Dark-Lighted,Cloudy,Motor Vehicle-In-Transport On Same Roadway,35.9519,-86.8128,False,Crashes_MPO_2020
102637216,2020-01-28,2020,Williamson,,1.0,Property Damage,0,0,,,,,0.0,0.0,0.0,0.0,Dusk,Clear,Motor Vehicle-In-Transport On Same Roadway,35.92519,-86.82211,False,Crashes_MPO_2020
102637222,2020-01-28,2020,Williamson,,1.0,Property Damage,0,0,,,,,0.0,0.0,0.0,0.0,Daylight,Clear,Building,35.93294,-86.85477,False,Crashes_MPO_2020
102637240,2020-01-28,2020,Davidson,,1.0,Possible Injury,0,0,,,,,0.0,0.0,0.0,0.0,Daylight,Clear,Parked Motor Vehicle,36.04086,-86.70314,False,Crashes_MPO_2020
102637378,2020-01-28,2020,Davidson,,1.0,Property Damage,0,0,,,,,0.0,0.0,0.0,0.0,Dark-Lighted,Clear,Motor Vehicle-In-Transport On Same Roadway,36.0407,-86.74579,False,Crashes_MPO_2020
102637384,2020-01-28,2020,Williamson,,1.0,Property Damage,0,0,,,,,0.0,0.0,0.0,0.0,,,Motor Vehicle-In-Transport On Same Roadway,35.97716,-86.67813,False,Crashes_MPO_2020
102637537,2020-01-28,2020,Williamson,,1.0,Property Damage,0,0,,,,,0.0,0.0,0.0,0.0,Daylight,Clear,Motor Vehicle-In-Transport On Same Roadway,35.96448,-86.78352,True,Crashes_MPO_2020
102637588,2020-01-28,2020,Williamson,,1.0,Property Damage,0,0,,,,,0.0,0.0,0.0,0.0,Daylight,Cloudy,Motor Vehicle-In-Transport On Same Roadway,35.92989,-86.81364,False,Crashes_MPO_2020
102637623,2020-01-29,2020,Williamson,,1.0,Property Damage,0,0,,,,,0.0,0.0,0.0,0.0,Daylight,Rain,Motor Vehicle-In-Transport On Same Roadway,35.9226,-86.82269,False,Crashes_MPO_2020
102637627,2020-01-28,2020,Williamson,,1.0,Property Damage,0,0,,,,,0.0,0.0,0.0,0.0,Dark-Lighted,Clear,Motor Vehicle-In-Transport On Same Roadway,35.934,-86.85064,False,Crashes_MPO_2020
102637734,2020-01-27,2020,Williamson,,1.0,Property Damage,0,0,,,,,0.0,0.0,0.0,0.0,Daylight,Clear,Motor Vehicle-In-Transport On Same Roadway,35.94795,-86.81921,False,Crashes_MPO_2020
102632746,2020-01-23,2020,Davidson,,1.0,Possible Injury,0,0,,,,,0.0,0.0,0.0,0.0,Dusk,Rain,Motor Vehicle-In-Transport On Same Roadway,36.04098,-86.7462,False,Crashes_MPO_2020
102627922,2020-01-18,2020,Williamson,,1.0,Property Damage,0,0,,,,,0.0,0.0,0.0,0.0,Daylight,Rain,Unknown,35.99368,-86.75973,True,Crashes_MPO_2020
102627938,2020-01-18,2020,Williamson,,1.0,Property Damage,0,0,,,,,0.0,0.0,0.0,0.0,Daylight,Rain,Motor Vehicle-In-Transport On Same Roadway,35.92521,-86.86919,False,Crashes_MPO_2020
102627981,2020-01-18,2020,Williamson,,1.0,Property Damage Under,0,0,,,,,0.0,0.0,0.0,0.0,,,,35.99774,-86.79816,True,Crashes_MPO_2020
102628013,2020-01-18,2020,Davidson,,1.0,Possible Injury,0,0,,,,,0.0,0.0,0.0,0.0,Daylight,Rain,Motor Vehicle-In-Transport On Same Roadway,36.01014,-86.70205,False,Crashes_MPO_2020
102628020,2020-01-18,2020,Davidson,,1.0,Possible Injury,0,0,,,,,0.0,0.0,0.0,0.0,Daylight,Rain,Motor Vehicle-In-Transport On Same Roadway,36.04469,-86.84743,False,Crashes_MPO_2020
102628040,2020-01-18,2020,Williamson,,1.0,Property Damage,0,0,,,,,0.0,0.0,0.0,0.0,Daylight,Rain,Motor Vehicle-In-Transport On Same Roadway,35.94285,-86.82075,False,Crashes_MPO_2020
102628116,2020-01-18,2020,Davidson,,1.0,Property Damage,0,0,,,,,0.0,0.0,0.0,0.0,Daylight,Cloudy,Wall,36.03674,-86.78339,False,Crashes_MPO_2020
102628156,2020-01-13,2020,Williamson,,1.0,Property Damage,0,0,,,,,0.0,0.0,0.0,0.0,Daylight,Clear,Motor Vehicle-In-Transport On Same Roadway,35.93374,-86.81767,False,Crashes_MPO_2020
102628157,2020-01-18,2020,Williamson,,1.0,Property Damage,0,0,,,,,0.0,0.0,0.0,0.0,Daylight,Cloudy,Ditch,35.96536,-86.70434,True,Crashes_MPO_2020
102628159,2020-01-18,2020,Williamson,,1.0,Property Damage,0,0,,,,,0.0,0.0,0.0,0.0,Daylight,Cloudy,Guard Rail Face,35.97211,-86.86086,False,Crashes_MPO_2020
102628231,2020-01-18,2020,Davidson,,1.0,Property Damage,0,0,,,,,0.0,0.0,0.0,0.0,Daylight,Clear,Motor Vehicle-In-Transport On Same Roadway,36.04517,-86.69977,False,Crashes_MPO_2020
102628232,2020-01-18,2020,Davidson,,1.0,Property Damage,0,0,,,,,0.0,0.0,0.0,0.0,Dark-Lighted,Clear,Standing Tree,36.04649,-86.69992,False,Crashes_MPO_2020
102628341,2020-01-18,2020,Davidson,,1.0,Possible Injury,0,0,,,,,0.0,0.0,0.0,0.0,Dark-Lighted,Clear,Motor Vehicle-In-Transport On Same Roadway,36.039,-86.78252,False,Crashes_MPO_2020
102628368,2020-01-18,2020,Williamson,,1.0,Possible Injury,0,0,,,,,0.0,0.0,0.0,0.0,Dark-Lighted,Clear,Motor Vehicle-In-Transport On Same Roadway,35.9661,-86.81139,False,Crashes_MPO_2020
102628418,2020-01-18,2020,Williamson,,1.0,Property Damage,0,0,,,,,0.0,0.0,0.0,0.0,Dark-Lighted,Clear,Motor Vehicle-In-Transport On Same Roadway,35.96705,-86.81355,True,Crashes_MPO_2020
102628470,2020-01-19,2020,Davidson,,1.0,Property Damage,0,0,,,,,0.0,0.0,0.0,0.0,Dark-Not Lighted,Clear,Motor Vehicle-In-Transport On Same Roadway,36.02518,-86.7176,False,Crashes_MPO_2020
102628568,2020-01-11,2020,Williamson,,1.0,Property Damage,0,0,,,,,0.0,0.0,0.0,0.0,Dark-Lighted,Rain,Parked Motor Vehicle,35.92267,-86.86566,False,Crashes_MPO_2020
102628701,2020-01-19,2020,Williamson,,1.0,Suspected Minor Injury,0,0,,,,,0.0,0.0,0.0,0.0,Daylight,Clear,Concrete Traffic Barrier,36.02108,-86.78709,True,Crashes_MPO_2020
102628894,2020-01-19,2020,Davidson,,1.0,Property Damage,0,0,,,,,0.0,0.0,0.0,0.0,Daylight,Clear,Motor Vehicle-In-Transport On Same Roadway,36.04023,-86.76791,False,Crashes_MPO_2020
102629035,2020-01-19,2020,Davidson,,1.0,Property Damage,0,0,,,,,0.0,0.0,0.0,0.0,Dark-Lighted,Clear,Motor Vehicle-In-Transport On Same Roadway,36.05183,-86.71445,False,Crashes_MPO_2020
102629044,2020-01-19,2020,Davidson,,1.0,Property Damage,0,0,,,,,0.0,0.0,0.0,0.0,Dark-Lighted,Clear,Motor Vehicle-In-Transport On Same Roadway,36.04539,-86.7031,False,Crashes_MPO_2020
102629096,2020-01-19,2020,Davidson,,1.0,Property Damage,0,0,,,,,0.0,0.0,0.0,0.0,Daylight,Clear,Motor Vehicle-In-Transport On Same Roadway,36.0263,-86.71293,False,Crashes_MPO_2020
102629123,2020-01-18,2020,Williamson,,1.0,Possible Injury,0,0,,,,,0.0,0.0,0.0,0.0,Dark-Not Lighted,Cloudy,Concrete Traffic Barrier,35.98569,-86.80083,True,Crashes_MPO_2020
102629359,2020-01-19,2020,Williamson,,1.0,Property Damage,0,0,,,,,0.0,0.0,0.0,0.0,Dark-Not Lighted,Clear,Ditch,35.97579,-86.85843,False,Crashes_MPO_2020
102629418,2020-01-20,2020,Davidson,,1.0,Property Damage,0,0,,,,,0.0,0.0,0.0,0.0,Dawn,Clear,Motor Vehicle-In-Transport On Same Roadway,36.0374,-86.78657,False,Crashes_MPO_2020
102629670,2020-01-20,2020,Williamson,,1.0,Property Damage Under,0,0,,,,,0.0,0.0,0.0,0.0,Daylight,Clear,Motor Vehicle-In-Transport On Same Roadway,35.92755,-86.87423,False,Crashes_MPO_2020
102629759,2020-01-20,2020,Williamson,,1.0,Property Damage,0,0,,,,,0.0,0.0,0.0,0.0,Daylight,Cloudy,Motor Vehicle-In-Transport On Same Roadway,35.93939,-86.83069,False,Crashes_MPO_2020
102630020,2020-01-20,2020,Williamson,,1.0,Property Damage,0,0,,,,,0.0,0.0,0.0,0.0,Unknown,Clear,Parked Motor Vehicle,35.93377,-86.82122,False,Crashes_MPO_2020
102630067,2020-01-20,2020,Williamson,,1.0,Property Damage Under,0,0,,,,,0.0,0.0,0.0,0.0,,,,35.95586,-86.81728,False,Crashes_MPO_2020
102630244,2020-01-19,2020,Williamson,,1.0,Property Damage,0,0,,,,,0.0,0.0,0.0,0.0,Daylight,Clear,Motor Vehicle-In-Transport On Same Roadway,35.93596,-86.82371,False,Crashes_MPO_2020
102630282,2020-01-20,2020,Williamson,,1.0,Property Damage Under,0,0,,,,,0.0,0.0,0.0,0.0,Dark-Lighted,Clear,Motor Vehicle-In-Transport On Same Roadway,35.9481,-86.86319,False,Crashes_MPO_2020
102630330,2020-01-21,2020,Williamson,,1.0,Property Damage,0,0,,,,,0.0,0.0,0.0,0.0,Daylight,Clear,Motor Vehicle-In-Transport On Same Roadway,36.03551,-86.78748,True,Crashes_MPO_2020
102630552,2020-01-21,2020,Davidson,,1.0,Suspected Minor Injury,0,0,,,,,0.0,0.0,0.0,0.0,Daylight,Clear,Motor Vehicle-In-Transport On Same Roadway,36.03934,-86.78566,False,Crashes_MPO_2020
102630619,2020-01-21,2020,Davidson,,1.0,Property Damage Under,0,0,,,,,0.0,0.0,0.0,0.0,,,,36.04483,-86.72476,False,Crashes_MPO_2020
102625347,2020-01-12,2020,Williamson,,1.0,Property Damage,0,0,,,,,0.0,0.0,0.0,0.0,Dusk,Clear,Ditch,35.94511,-86.72976,False,Crashes_MPO_2020
102630788,2020-01-21,2020,Williamson,,1.0,Property Damage,0,0,,,,,0.0,0.0,0.0,0.0,Dark-Lighted,Clear,Motor Vehicle-In-Transport On Same Roadway,35.96312,-86.81897,True,Crashes_MPO_2020
102630790,2020-01-21,2020,Williamson,,1.0,Property Damage,0,0,,,,,0.0,0.0,0.0,0.0,Dark-Lighted,Clear,Motor Vehicle-In-Transport On Same Roadway,35.9667,-86.81121,True,Crashes_MPO_2020
102631222,2020-01-22,2020,Williamson,,1.0,Property Damage Under,0,0,,,,,0.0,0.0,0.0,0.0,Daylight,Clear,Motor Vehicle-In-Transport On Same Roadway,35.94636,-86.80871,False,Crashes_MPO_2020
102631289,2020-01-22,2020,Davidson,,1.0,Property Damage,0,0,,,,,0.0,0.0,0.0,0.0,Daylight,Clear,Parked Motor Vehicle,36.01853,-86.69904,False,Crashes_MPO_2020
102631402,2020-01-21,2020,Williamson,,1.0,Property Damage,0,0,,,,,0.0,0.0,0.0,0.0,Daylight,Clear,Motor Vehicle-In-Transport On Same Roadway,35.94687,-86.82178,False,Crashes_MPO_2020
102631482,2020-01-22,2020,Davidson,,1.0,Property Damage,0,0,,,,,0.0,0.0,0.0,0.0,Daylight,Cloudy,Motor Vehicle-In-Transport On Same Roadway,36.05166,-86.71368,False,Crashes_MPO_2020
102631558,2020-01-21,2020,Williamson,,1.0,Property Damage,0,0,,,,,0.0,0.0,0.0,0.0,Dusk,Clear,Motor Vehicle-In-Transport On Same Roadway,35.9593,-86.80186,False,Crashes_MPO_2020
102631636,2020-01-22,2020,Davidson,,1.0,Property Damage,0,0,,,,,0.0,0.0,0.0,0.0,Daylight,Clear,Motor Vehicle-In-Transport On Same Roadway,36.04683,-86.8608,False,Crashes_MPO_2020
102631652,2020-01-22,2020,Williamson,,1.0,Property Damage,0,0,,,,,0.0,0.0,0.0,0.0,Daylight,Clear,Motor Vehicle-In-Transport On Same Roadway,35.94754,-86.82006,False,Crashes_MPO_2020
102631721,2020-01-22,2020,Williamson,,1.0,Property Damage,0,0,,,,,0.0,0.0,0.0,0.0,Daylight,Cloudy,Motor Vehicle-In-Transport On Same Roadway,35.94053,-86.81675,False,Crashes_MPO_2020
102631728,2020-01-22,2020,Williamson,,1.0,Property Damage,0,0,,,,,0.0,0.0,0.0,0.0,Dark-Lighted,Clear,Motor Vehicle-In-Transport On Same Roadway,35.95209,-86.81805,False,Crashes_MPO_2020
102631747,2020-01-22,2020,Davidson,,1.0,Property Damage,0,0,,,,,0.0,0.0,0.0,0.0,Dark-Lighted,Clear,Motor Vehicle-In-Transport On Same Roadway,36.04118,-86.82109,False,Crashes_MPO_2020
102631759,2020-01-22,2020,Davidson,,1.0,Possible Injury,0,0,,,,,0.0,0.0,0.0,0.0,Dark-Lighted,Clear,Motor Vehicle-In-Transport On Same Roadway,36.04114,-86.82062,False,Crashes_MPO_2020
102631772,2020-01-22,2020,Davidson,,1.0,Property Damage,0,0,,,,,0.0,0.0,0.0,0.0,Dark-Lighted,Clear,Motor Vehicle-In-Transport On Same Roadway,35.9978,-86.69119,False,Crashes_MPO_2020
102631850,2020-01-22,2020,Williamson,,1.0,Property Damage Under,0,0,,,,,0.0,0.0,0.0,0.0,Dark-Lighted,Clear,Motor Vehicle-In-Transport On Same Roadway,35.96612,-86.81138,False,Crashes_MPO_2020
102632395,2020-01-23,2020,Williamson,,1.0,Property Damage,0,0,,,,,0.0,0.0,0.0,0.0,Daylight,Clear,Utility Pole,35.96438,-86.78368,True,Crashes_MPO_2020
102632408,2020-01-23,2020,Davidson,,1.0,Property Damage,0,0,,,,,0.0,0.0,0.0,0.0,Daylight,Clear,Motor Vehicle-In-Transport On Same Roadway,36.02551,-86.71302,False,Crashes_MPO_2020
102632506,2020-01-23,2020,Williamson,,1.0,Property Damage,0,0,,,,,0.0,0.0,0.0,0.0,Daylight,Rain,Motor Vehicle-In-Transport On Same Roadway,35.93298,-86.78238,False,Crashes_MPO_2020
102632513,2020-01-23,2020,Williamson,,1.0,Property Damage Under,0,0,,,,,0.0,0.0,0.0,0.0,,,,36.00314,-86.80719,True,Crashes_MPO_2020
102632514,2020-01-23,2020,Williamson,,1.0,Property Damage,0,0,,,,,0.0,0.0,0.0,0.0,Daylight,Rain,Motor Vehicle-In-Transport On Same Roadway,36.01385,-86.80616,True,Crashes_MPO_2020