mstrrecnbr,collision_ts,year,county,countystat,crash,crash_type,fatalities,non_motorists,commercial,fatal_c,nonmotor_c,truck_c,fatalc,serious_injuries,ped,bike,lighting,weather,first_harmful_event,latitude,longitude,in_city,src_layer
102638517,2020-01-30,2020,Williamson,,1.0,Property Damage Under,0,0,,,,,0.0,0.0,0.0,0.0,,,,35.92558,-86.81622,False,Crashes_MPO_2020
102638584,2020-01-29,2020,Williamson,,1.0,Property Damage,0,0,,,,,0.0,0.0,0.0,0.0,Dark-Not Lighted,Rain,Motor Vehicle-In-Transport On Same Roadway,35.99878,-86.79636,True,Crashes_MPO_2020
102638748,2020-01-30,2020,Davidson,,1.0,Property Damage,0,0,,,,,0.0,0.0,0.0,0.0,Daylight,Cloudy,Motor Vehicle-In-Transport On Same Roadway,36.0409,-86.77938,False,Crashes_MPO_2020
102638835,2020-01-30,2020,Williamson,,1.0,Property Damage,0,0,,,,,0.0,0.0,0.0,0.0,Daylight,Clear,Embankment Earth,35.95838,-86.82509,False,Crashes_MPO_2020
102638944,2020-01-30,2020,Williamson,,1.0,Property Damage,0,0,,,,,0.0,0.0,0.0,0.0,Daylight,Cloudy,Motor Vehicle-In-Transport On Same Roadway,35.92391,-86.87162,False,Crashes_MPO_2020
102639083,2020-01-30,2020,Davidson,,1.0,Property Damage,0,0,,,,,0.0,0.0,0.0,0.0,Daylight,Clear,Motor Vehicle-In-Transport On Same Roadway,36.04134,-86.77732,False,Crashes_MPO_2020
102639111,2020-01-30,2020,Davidson,,1.0,Suspected Minor Injury,0,0,,,,,0.0,0.0,0.0,0.0,Dark-Not Lighted,Clear,Motor Vehicle-In-Transport On Same Roadway,36.04671,-86.68282,False,Crashes_MPO_2020
102639180,2020-01-30,2020,Williamson,,1.0,Possible Injury,0,0,,,,,0.0,0.0,0.0,0.0,Dark-Lighted,Clear,Motor Vehicle-In-Transport On Same Roadway,35.9264,-86.8244,False,Crashes_MPO_2020
102639183,2020-01-30,2020,Davidson,,1.0,Possible Injury,0,0,,,,,0.0,0.0,0.0,0.0,Daylight,Clear,Motor Vehicle-In-Transport On Same Roadway,36.0199,-86.70991,False,Crashes_MPO_2020
102639202,2020-01-30,2020,Davidson,,1.0,Property Damage,0,0,,,,,0.0,0.0,0.0,0.0,Daylight,Clear,Motor Vehicle-In-Transport On Same Roadway,36.04519,-86.7158,False,Crashes_MPO_2020
102639247,2020-01-30,2020,Davidson,,1.0,Property Damage,0,0,,,,,0.0,0.0,0.0,0.0,Dark-Lighted,Clear,Motor Vehicle-In-Transport On Same Roadway,36.04553,-86.71159,False,Crashes_MPO_2020
102639535,2020-01-31,2020,Williamson,,1.0,Property Damage,0,0,,,,,0.0,0.0,0.0,0.0,Daylight,Rain,Motor Vehicle-In-Transport On Same Roadway,35.95048,-86.76594,True,Crashes_MPO_2020
102639570,2020-01-31,2020,Williamson,,1.0,Property Damage,0,0,,,,,0.0,0.0,0.0,0.0,Daylight,Rain,Ditch,35.992665,-86.82833,True,Crashes_MPO_2020
102639611,2020-01-31,2020,Williamson,,1.0,Property Damage,0,0,,,,,0.0,0.0,0.0,0.0,Daylight,Cloudy,Motor Vehicle-In-Transport On Same Roadway,36.00417,-86.79083,True,Crashes_MPO_2020
102639725,2020-01-31,2020,Davidson,,1.0,Property Damage,0,0,,,,,0.0,0.0,0.0,0.0,Daylight,Cloudy,Motor Vehicle-In-Transport On Same Roadway,36.0322,-86.75829,False,Crashes_MPO_2020
102639866,2020-01-31,2020,Williamson,,1.0,Property Damage,0,0,,,,,0.0,0.0,0.0,0.0,Daylight,Rain,Motor Vehicle-In-Transport On Same Roadway,36.03612,-86.78712,True,Crashes_MPO_2020
102639955,2020-01-29,2020,Williamson,,1.0,Property Damage,0,0,,,,,0.0,0.0,0.0,0.0,Daylight,Rain,Motor Vehicle-In-Transport On Same Roadway,36.01275,-86.80088,True,Crashes_MPO_2020
102640169,2020-01-31,2020,Williamson,,1.0,Property Damage,0,0,,,,,0.0,0.0,0.0,0.0,Daylight,Cloudy,Motor Vehicle-In-Transport On Same Roadway,35.93995,-86.81696,False,Crashes_MPO_2020
102640199,2020-01-31,2020,Davidson,,1.0,Suspected Minor Injury,0,0,,,,,0.0,0.0,0.0,0.0,Dark-Lighted,Clear,Motor Vehicle-In-Transport On Same Roadway,36.04578,-86.77814,False,Crashes_MPO_2020
102640201,2020-01-31,2020,Williamson,,1.0,Suspected Minor Injury,0,0,,,,,0.0,0.0,0.0,0.0,Dusk,Cloudy,Motor Vehicle-In-Transport On Same Roadway,35.96688,-86.81117,True,Crashes_MPO_2020
102640215,2020-01-31,2020,Williamson,,1.0,Property Damage Under,0,0,,,,,0.0,0.0,0.0,0.0,,,,36.00169,-86.79339,True,Crashes_MPO_2020
102640218,2020-01-31,2020,Williamson,,1.0,Property Damage,0,0,,,,,0.0,0.0,0.0,0.0,Daylight,Cloudy,Parked Motor Vehicle,35.93838,-86.80472,False,Crashes_MPO_2020
102640258,2020-01-31,2020,Williamson,,1.0,Property Damage,0,0,,,,,0.0,0.0,0.0,0.0,Dark-Lighted,Cloudy,Motor Vehicle-In-Transport On Same Roadway,35.9726,-86.82846,True,Crashes_MPO_2020
102640285,2020-01-31,2020,Williamson,,1.0,Property Damage,0,0,,,,,0.0,0.0,0.0,0.0,Dark-Lighted,Clear,Motor Vehicle-In-Transport On Same Roadway,35.98385,-86.7244,True,Crashes_MPO_2020
102640317,2020-01-31,2020,Davidson,,1.0,Property Damage,0,0,,,,,0.0,0.0,0.0,0.0,Dark-Lighted,Rain,Motor Vehicle-In-Transport On Same Roadway,36.04669,-86.71342,False,Crashes_MPO_2020
102640338,2020-01-31,2020,Williamson,,1.0,Possible Injury,0,0,,,,,0.0,0.0,0.0,0.0,Daylight,Rain,Motor Vehicle-In-Transport On Same Roadway,36.03352,-86.78322,True,Crashes_MPO_2020
102640339,2020-01-31,2020,Williamson,,1.0,Property Damage,0,0,,,,,0.0,0.0,0.0,0.0,Dark-Lighted,Rain,Motor Vehicle-In-Transport On Same Roadway,35.99511,-86.79758,True,Crashes_MPO_2020
102640421,2020-01-31,2020,Williamson,,1.0,Possible Injury,0,0,,,,,0.0,0.0,0.0,0.0,Dark-Not Lighted,Rain,Ditch,35.99529,-86.81939,True,Crashes_MPO_2020
102643347,2020-02-04,2020,Davidson,,1.0,Property Damage,0,0,,,,,0.0,0.0,0.0,0.0,Daylight,Rain,Motor Vehicle-In-Transport On Same Roadway,36.04484,-86.84941,False,Crashes_MPO_2020
102643408,2020-02-04,2020,Davidson,,1.0,Property Damage,0,0,,,,,0.0,0.0,0.0,0.0,Daylight,Cloudy,Motor Vehicle-In-Transport On Same Roadway,36.04236,-86.83738,False,Crashes_MPO_2020
102643442,2020-02-03,2020,Williamson,,1.0,Possible Injury,0,0,,,,,0.0,0.0,0.0,0.0,Dusk,Clear,Motor Vehicle-In-Transport On Same Roadway,35.94816,-86.81995,False,Crashes_MPO_2020
102643532,2020-02-04,2020,Williamson,,1.0,Possible Injury,0,0,,,,,0.0,0.0,0.0,0.0,Daylight,Rain,Motor Vehicle-In-Transport On Same Roadway,35.94643,-86.85028,False,Crashes_MPO_2020
102643662,2020-02-04,2020,Williamson,,1.0,Property Damage,0,0,,,,,0.0,0.0,0.0,0.0,Daylight,Rain,Motor Vehicle-In-Transport On Same Roadway,35.9505,-86.76617,True,Crashes_MPO_2020
102643709,2020-02-04,2020,Williamson,,1.0,Property Damage,0,0,,,,,0.0,0.0,0.0,0.0,Daylight,Rain,Guard Rail Face,35.94412,-86.81551,False,Crashes_MPO_2020
102643735,2020-02-04,2020,Williamson,,1.0,Property Damage,0,0,,,,,0.0,0.0,0.0,0.0,Dark-Lighted,Rain,Motor Vehicle-In-Transport On Same Roadway,35.92391,-86.87162,False,Crashes_MPO_2020
102643808,2020-02-04,2020,Davidson,,1.0,Property Damage,0,0,,,,,0.0,0.0,0.0,0.0,Dark-Not Lighted,Rain,Motor Vehicle-In-Transport On Same Roadway,36.04247,-86.71295,False,Crashes_MPO_2020
102643899,2020-02-04,2020,Williamson,,1.0,Property Damage,0,0,,,,,0.0,0.0,0.0,0.0,Dark-Lighted,Rain,Motor Vehicle-In-Transport On Same Roadway,36.03473,-86.78793,True,Crashes_MPO_2020
102643909,2020-02-01,2020,Davidson,,1.0,Property Damage,0,0,,,,,0.0,0.0,0.0,0.0,Dark-Lighted,Clear,Motor Vehicle-In-Transport On Same Roadway,36.04019,-86.7808,False,Crashes_MPO_2020
102643912,2020-02-02,2020,Davidson,,1.0,Property Damage,0,0,,,,,0.0,0.0,0.0,0.0,Dark-Lighted,Clear,Motor Vehicle-In-Transport On Same Roadway,36.04541,-86.71327,False,Crashes_MPO_2020
102643940,2020-02-04,2020,Davidson,,1.0,Property Damage Under,0,0,,,,,0.0,0.0,0.0,0.0,Daylight,Rain,Motor Vehicle-In-Transport On Same Roadway,36.02547,-86.71305,False,Crashes_MPO_2020
102643969,2020-02-05,2020,Davidson,,1.0,Property Damage,0,0,,,,,0.0,0.0,0.0,0.0,Dark-Lighted,Rain,Motor Vehicle-In-Transport On Same Roadway,36.04537,-86.71326,False,Crashes_MPO_2020
102644003,2020-02-04,2020,Williamson,,1.0,Possible Injury,0,0,,,,,0.0,0.0,0.0,0.0,Daylight,Rain,Concrete Traffic Barrier,36.01689,-86.78609,True,Crashes_MPO_2020
102644218,2020-02-04,2020,Williamson,,1.0,Property Damage,0,0,,,,,0.0,0.0,0.0,0.0,Dark-Lighted,Rain,Motor Vehicle-In-Transport On Same Roadway,35.9463,-86.8085,False,Crashes_MPO_2020
102644255,2020-02-05,2020,Davidson,,1.0,Property Damage Under,0,0,,,,,0.0,0.0,0.0,0.0,,,,36.04537,-86.71326,False,Crashes_MPO_2020
102644303,2020-02-05,2020,Williamson,,1.0,Property Damage,0,0,,,,,0.0,0.0,0.0,0.0,Daylight,Cloudy,Motor Vehicle-In-Transport On Same Roadway,35.9457,-86.82318,False,Crashes_MPO_2020
102644309,2020-02-04,2020,Williamson,,1.0,Property Damage,0,0,,,,,0.0,0.0,0.0,0.0,Dark-Not Lighted,Rain,Motor Vehicle-In-Transport On Same Roadway,36.00095,-86.79415,True,Crashes_MPO_2020
102644418,2020-02-05,2020,Davidson,,1.0,Property Damage,0,0,,,,,0.0,0.0,0.0,0.0,Daylight,Rain,Motor Vehicle-In-Transport On Same Roadway,36.00348,-86.69788,False,Crashes_MPO_2020
102644475,2020-02-05,2020,Williamson,,1.0,Property Damage,0,0,,,,,0.0,0.0,0.0,0.0,Dark-Lighted,Rain,Motor Vehicle-In-Transport On Same Roadway,35.92641,-86.82453,False,Crashes_MPO_2020
102644495,2020-02-05,2020,Davidson,,1.0,Property Damage,0,0,,,,,0.0,0.0,0.0,0.0,Daylight,Rain,Motor Vehicle-In-Transport On Same Roadway,36.04046,-86.75185,False,Crashes_MPO_2020
102644496,2020-02-05,2020,Williamson,,1.0,Property Damage,0,0,,,,,0.0,0.0,0.0,0.0,Dark-Lighted,Rain,Motor Vehicle-In-Transport On Same Roadway,35.92536,-86.86907,False,Crashes_MPO_2020
102644504,2020-02-05,2020,Williamson,,1.0,Property Damage,0,0,,,,,0.0,0.0,0.0,0.0,Daylight,Rain,Motor Vehicle-In-Transport On Same Roadway,35.95778,-86.80259,False,Crashes_MPO_2020
102644595,2020-02-05,2020,Davidson,,1.0,Possible Injury,0,0,,,,,0.0,0.0,0.0,0.0,Dark-Not Lighted,Rain,Utility Pole,36.01206,-86.7043,False,Crashes_MPO_2020
102644741,2020-02-05,2020,Williamson,,1.0,Property Damage Under,0,0,,,,,0.0,0.0,0.0,0.0,Daylight,Rain,Motor Vehicle-In-Transport On Same Roadway,35.96589,-86.81216,False,Crashes_MPO_2020
102644767,2020-02-05,2020,Williamson,,1.0,Property Damage,0,0,,,,,0.0,0.0,0.0,0.0,Daylight,Cloudy,Motor Vehicle-In-Transport On Same Roadway,36.00496,-86.79001,True,Crashes_MPO_2020
102647030,2020-02-08,2020,Davidson,,1.0,Property Damage,0,0,,,,,0.0,0.0,0.0,0.0,Daylight,Clear,Motor Vehicle-In-Transport On Same Roadway,36.04567,-86.72038,False,Crashes_MPO_2020
102644797,2020-02-06,2020,Williamson,,1.0,Property Damage,0,0,,,,,0.0,0.0,0.0,0.0,Daylight,Rain,Motor Vehicle-In-Transport On Same Roadway,35.95383,-86.80405,False,Crashes_MPO_2020
102647303,2020-02-09,2020,Davidson,,1.0,Property Damage,0,0,,,,,0.0,0.0,0.0,0.0,Dark-Lighted,Clear,Motor Vehicle-In-Transport On Same Roadway,36.04479,-86.72487,False,Crashes_MPO_2020
102647394,2020-02-09,2020,Williamson,,1.0,Property Damage,0,0,,,,,0.0,0.0,0.0,0.0,Dark-Not Lighted,Clear,Wall,35.99958,-86.79549,True,Crashes_MPO_2020
102647507,2020-02-09,2020,Williamson,,1.0,Property Damage Under,0,0,,,,,0.0,0.0,0.0,0.0,,,,35.9407,-86.83934,False,Crashes_MPO_2020
102647769,2020-02-09,2020,Williamson,,1.0,Property Damage,0,0,,,,,0.0,0.0,0.0,0.0,Daylight,Cloudy,Motor Vehicle-In-Transport On Same Roadway,35.966932,-86.808863,True,Crashes_MPO_2020
102647823,2020-02-09,2020,Williamson,,1.0,Property Damage,0,0,,,,,0.0,0.0,0.0,0.0,Daylight,Clear,Motor Vehicle-In-Transport On Same Roadway,35.97776,-86.80359,True,Crashes_MPO_2020
102648188,2020-02-10,2020,Williamson,,1.0,Property Damage,0,0,,,,,0.0,0.0,0.0,0.0,Dark-Lighted,Rain,Culvert,35.96546,-86.80764,False,Crashes_MPO_2020
102648211,2020-02-10,2020,Davidson,,1.0,Suspected Minor Injury,0,0,,,,,0.0,0.0,0.0,0.0,Dawn,Rain,Motor Vehicle-In-Transport On Same Roadway,36.04285,-86.72633,False,Crashes_MPO_2020
102648306,2020-02-10,2020,Williamson,,1.0,Property Damage Under,0,0,,,,,0.0,0.0,0.0,0.0,,,,35.99706,-86.79691,True,Crashes_MPO_2020
102648330,2020-02-10,2020,Williamson,,1.0,Property Damage Under,0,0,,,,,0.0,0.0,0.0,0.0,Daylight,Rain,Motor Vehicle-In-Transport On Same Roadway,35.94791,-86.81941,False,Crashes_MPO_2020
102648579,2020-02-10,2020,Williamson,,1.0,Suspected Minor Injury,0,0,,,,,0.0,0.0,0.0,0.0,Daylight,Rain,Motor Vehicle-In-Transport On Same Roadway,35.97315,-86.72626,True,Crashes_MPO_2020
102648682,2020-02-10,2020,Davidson,,1.0,Possible Injury,0,0,,,,,0.0,0.0,0.0,0.0,Dusk,Rain,Motor Vehicle-In-Transport On Same Roadway,36.04317,-86.74413,False,Crashes_MPO_2020
102648703,2020-02-10,2020,Davidson,,1.0,Property Damage,0,0,,,,,0.0,0.0,0.0,0.0,Dusk,Rain,Motor Vehicle-In-Transport On Same Roadway,36.04556,-86.71944,False,Crashes_MPO_2020
102648782,2020-02-10,2020,Davidson,,1.0,Property Damage,0,0,,,,,0.0,0.0,0.0,0.0,Dark-Lighted,Rain,Motor Vehicle-In-Transport On Same Roadway,36.04042,-86.78097,False,Crashes_MPO_2020
102648958,2020-02-05,2020,Williamson,,1.0,Property Damage,0,0,,,,,0.0,0.0,0.0,0.0,Daylight,Rain,Motor Vehicle-In-Transport On Same Roadway,35.92352,-86.76702,False,Crashes_MPO_2020
102648967,2020-02-11,2020,Williamson,,1.0,Property Damage Under,0,0,,,,,0.0,0.0,0.0,0.0,Daylight,Cloudy,Motor Vehicle-In-Transport On Same Roadway,35.94142,-86.8162,False,Crashes_MPO_2020
102649002,2020-02-10,2020,Williamson,,1.0,Possible Injury,0,0,,,,,0.0,0.0,0.0,0.0,Daylight,Rain,Motor Vehicle-In-Transport On Same Roadway,35.99704,-86.79691,True,Crashes_MPO_2020
102649003,2020-02-11,2020,Williamson,,1.0,Property Damage Under,0,0,,,,,0.0,0.0,0.0,0.0,,,,35.94433,-86.76698,True,Crashes_MPO_2020
102649019,2020-02-11,2020,Davidson,,1.0,Property Damage,0,0,,,,,0.0,0.0,0.0,0.0,Daylight,Rain,Motor Vehicle-In-Transport On Same Roadway,36.03747,-86.79098,False,Crashes_MPO_2020
102649060,2020-02-11,2020,Davidson,,1.0,Property Damage,0,0,,,,,0.0,0.0,0.0,0.0,Daylight,Rain,Motor Vehicle-In-Transport On Same Roadway,36.05291,-86.6883,False,Crashes_MPO_2020
102649115,2020-02-11,2020,Williamson,,1.0,Property Damage,0,0,,,,,0.0,0.0,0.0,0.0,Other,Cloudy,Motor Vehicle-In-Transport On Same Roadway,35.95154,-86.73457,True,Crashes_MPO_2020
102649169,2020-02-10,2020,Davidson,,1.0,Suspected Minor Injury,0,0,,,,,0.0,0.0,0.0,0.0,Daylight,Rain,Motor Vehicle-In-Transport On Same Roadway,36.03995,-86.76517,False,Crashes_MPO_2020
102644816,2020-02-06,2020,Davidson,,1.0,Property Damage,0,0,,,,,0.0,0.0,0.0,0.0,Daylight,Rain,Motor Vehicle-In-Transport On Same Roadway,36.03772,-86.79475,False,Crashes_MPO_2020
102644830,2020-02-06,2020,Davidson,,1.0,Property Damage,0,0,,,,,0.0,0.0,0.0,0.0,Daylight,Rain,Motor Vehicle-In-Transport On Same Roadway,36.04742,-86.75035,False,Crashes_MPO_2020
102644835,2020-02-05,2020,Williamson,,1.0,Property Damage,0,0,,,,,0.0,0.0,0.0,0.0,Dark-Not Lighted,Rain,Motor Vehicle-In-Transport On Same Roadway,35.93979,-86.67971,False,Crashes_MPO_2020
102644844,2020-02-06,2020,Williamson,,1.0,Property Damage,0,0,,,,,0.0,0.0,0.0,0.0,Daylight,Rain,Motor Vehicle-In-Transport On Same Roadway,35.96798,-86.81833,True,Crashes_MPO_2020
102645077,2020-02-03,2020,Williamson,,1.0,Possible Injury,0,0,,,,,0.0,0.0,0.0,0.0,Dark-Lighted,Clear,Motor Vehicle-In-Transport On Same Roadway,35.95209,-86.81805,False,Crashes_MPO_2020
102645129,2020-02-06,2020,Williamson,,1.0,Property Damage Under,0,0,,,,,0.0,0.0,0.0,0.0,Daylight,Cloudy,Motor Vehicle-In-Transport On Same Roadway,35.92421,-86.86952,False,Crashes_MPO_2020
102645158,2020-02-06,2020,Williamson,,1.0,Property Damage Under,0,0,,,,,0.0,0.0,0.0,0.0,,,,35.92512,-86.7671,False,Crashes_MPO_2020
102645189,2020-02-06,2020,Davidson,,1.0,Property Damage,0,0,,,,,0.0,0.0,0.0,0.0,Daylight,Cloudy,Standing Tree,36.02353,-86.6999,False,Crashes_MPO_2020
102645303,2020-02-06,2020,Williamson,,1.0,Possible Injury,0,0,,,,,0.0,0.0,0.0,0.0,Dark-Lighted,Rain,Motor Vehicle-In-Transport On Same Roadway,36.03318,-86.78566,True,Crashes_MPO_2020
102645307,2020-02-06,2020,Williamson,,1.0,Property Damage,0,0,,,,,0.0,0.0,0.0,0.0,Dark-Not Lighted,Rain,Motor Vehicle-In-Transport On Same Roadway,36.00125,-86.79384,True,Crashes_MPO_2020
102645505,2020-02-06,2020,Williamson,,1.0,Property Damage,0,0,,,,,0.0,0.0,0.0,0.0,Dark-Lighted,Rain,Motor Vehicle-In-Transport On Same Roadway,35.95539,-86.81727,False,Crashes_MPO_2020
102645623,2020-02-06,2020,Davidson,,1.0,Property Damage,0,0,,,,,0.0,0.0,0.0,0.0,Daylight,Cloudy,Motor Vehicle-In-Transport On Same Roadway,36.0381,-86.78263,False,Crashes_MPO_2020
102645666,2020-02-07,2020,Davidson,,1.0,Property Damage,0,0,,,,,0.0,0.0,0.0,0.0,Daylight,Snow,Motor Vehicle-In-Transport On Same Roadway,36.03959,-86.78166,False,Crashes_MPO_2020
102645667,2020-02-07,2020,Williamson,,1.0,Property Damage,0,0,,,,,0.0,0.0,0.0,0.0,Daylight,Snow,Curb,36.03349,-86.78135,True,Crashes_MPO_2020
102645682,2020-02-07,2020,Davidson,,1.0,Possible Injury,0,0,,,,,0.0,0.0,0.0,0.0,Daylight,Snow,Motor Vehicle-In-Transport On Same Roadway,36.03766,-86.78651,False,Crashes_MPO_2020
102645713,2020-02-07,2020,Williamson,,1.0,Possible Injury,0,0,,,,,0.0,0.0,0.0,0.0,Daylight,Snow,Motor Vehicle-In-Transport On Same Roadway,35.93374,-86.81767,False,Crashes_MPO_2020
102645802,2020-02-07,2020,Williamson,,1.0,Property Damage,0,0,,,,,0.0,0.0,0.0,0.0,Daylight,Cloudy,Motor Vehicle-In-Transport On Same Roadway,36.01286,-86.80081,True,Crashes_MPO_2020
102645864,2020-02-07,2020,Davidson,,1.0,Property Damage,0,0,,,,,0.0,0.0,0.0,0.0,Daylight,Cloudy,Motor Vehicle-In-Transport On Same Roadway,36.04245,-86.71294,False,Crashes_MPO_2020
102645872,2020-02-07,2020,Williamson,,1.0,Property Damage Under,0,0,,,,,0.0,0.0,0.0,0.0,Daylight,Snow,Motor Vehicle-In-Transport On Same Roadway,35.94569,-86.80872,False,Crashes_MPO_2020
102646055,2020-02-07,2020,Davidson,,1.0,Possible Injury,0,0,,,,,0.0,0.0,0.0,0.0,Daylight,Cloudy,Motor Vehicle-In-Transport On Same Roadway,36.0409,-86.77938,False,Crashes_MPO_2020
102646146,2020-02-07,2020,Williamson,,1.0,Property Damage,0,0,,,,,0.0,0.0,0.0,0.0,Dusk,Clear,Motor Vehicle-In-Transport On Same Roadway,36.03357,-86.78939,True,Crashes_MPO_2020
102646260,2020-02-07,2020,Davidson,,1.0,Property Damage Under,0,0,,,,,0.0,0.0,0.0,0.0,,,,36.04026,-86.8164,False,Crashes_MPO_2020
102646271,2020-02-07,2020,Williamson,,1.0,Property Damage,0,0,,,,,0.0,0.0,0.0,0.0,Dusk,Clear,Deer,35.97169,-86.82552,True,Crashes_MPO_2020
102646321,2020-02-07,2020,Davidson,,1.0,Property Damage,0,0,,,,,0.0,0.0,0.0,0.0,Dark-Lighted,Clear,Motor Vehicle-In-Transport On Same Roadway,36.04889,-86.71376,False,Crashes_MPO_2020
102646598,2020-02-08,2020,Davidson,,1.0,Property Damage,0,0,,,,,0.0,0.0,0.0,0.0,Dark-Lighted,Cloudy,Curb,35.99704,-86.69013,False,Crashes_MPO_2020
102646732,2020-02-08,2020,Williamson,,1.0,Property Damage,0,0,,,,,0.0,0.0,0.0,0.0,Daylight,Clear,Motor Vehicle-In-Transport On Same Roadway,36.00452,-86.84168,False,Crashes_MPO_2020
102658996,2020-02-21,2020,Davidson,,1.0,Property Damage,0,0,,,,,0.0,0.0,0.0,0.0,Daylight,Clear,Motor Vehicle-In-Transport On Same Roadway,36.04523,-86.71472,False,Crashes_MPO_2020
102659143,2020-02-21,2020,Williamson,,1.0,Property Damage Under,0,0,,,,,0.0,0.0,0.0,0.0,,,,35.98788,-86.73886,True,Crashes_MPO_2020
102659157,2020-02-21,2020,Davidson,,1.0,Property Damage Under,0,0,,,,,0.0,0.0,0.0,0.0,Daylight,Clear,Motor Vehicle-In-Transport On Same Roadway,36.02371,-86.7127,False,Crashes_MPO_2020
102659198,2020-02-21,2020,Davidson,,1.0,Property Damage,0,0,,,,,0.0,0.0,0.0,0.0,Dark-Lighted,Clear,Motor Vehicle-In-Transport On Same Roadway,36.04569,-86.70643,False,Crashes_MPO_2020
102659231,2020-02-21,2020,Williamson,,1.0,Property Damage,0,0,,,,,0.0,0.0,0.0,0.0,Daylight,Clear,Motor Vehicle-In-Transport On Same Roadway,35.94786,-86.81955,False,Crashes_MPO_2020
102659232,2020-02-21,2020,Williamson,,1.0,Property Damage,0,0,,,,,0.0,0.0,0.0,0.0,Daylight,Clear,Motor Vehicle-In-Transport On Same Roadway,35.9481,-86.81977,False,Crashes_MPO_2020
102659501,2020-02-21,2020,Williamson,,1.0,Property Damage,0,0,,,,,0.0,0.0,0.0,0.0,Dark-Lighted,Clear,Motor Vehicle-In-Transport On Same Roadway,35.94673,-86.8171,False,Crashes_MPO_2020
102659515,2020-02-21,2020,Williamson,,1.0,Property Damage,0,0,,,,,0.0,0.0,0.0,0.0,Dark-Lighted,Clear,Motor Vehicle-In-Transport On Same Roadway,35.9409,-86.83952,False,Crashes_MPO_2020
102659693,2020-02-21,2020,Williamson,,1.0,Property Damage,0,0,,,,,0.0,0.0,0.0,0.0,Daylight,Clear,Motor Vehicle-In-Transport On Same Roadway,35.96113,-86.75763,True,Crashes_MPO_2020
102659740,2020-02-19,2020,Williamson,,1.0,Possible Injury,0,0,,,,,0.0,0.0,0.0,0.0,Daylight,Clear,Other Fixed Object,36.03409,-86.79101,True,Crashes_MPO_2020
102659802,2020-02-22,2020,Davidson,,1.0,Property Damage,0,0,,,,,0.0,0.0,0.0,0.0,Daylight,Clear,Motor Vehicle-In-Transport On Same Roadway,36.04828,-86.86623,False,Crashes_MPO_2020
102659865,2020-02-22,2020,Williamson,,1.0,Property Damage Under,0,0,,,,,0.0,0.0,0.0,0.0,,,,35.92282,-86.86956,False,Crashes_MPO_2020
102660152,2020-02-22,2020,Davidson,,1.0,Property Damage Under,0,0,,,,,0.0,0.0,0.0,0.0,,,,36.03747,-86.79098,False,Crashes_MPO_2020