mstrrecnbr,collision_ts,year,county,countystat,crash,crash_type,fatalities,non_motorists,commercial,fatal_c,nonmotor_c,truck_c,fatalc,serious_injuries,ped,bike,lighting,weather,first_harmful_event,latitude,longitude,in_city,src_layer
102660169,2020-02-22,2020,Williamson,,1.0,Property Damage,0,0,,,,,0.0,0.0,0.0,0.0,Daylight,Clear,Motor Vehicle-In-Transport On Same Roadway,36.00593,-86.86266,False,Crashes_MPO_2020
102660455,2020-02-23,2020,Williamson,,1.0,Property Damage,0,0,,,,,0.0,0.0,0.0,0.0,Dark-Not Lighted,Clear,Standing Tree,36.00611,-86.86563,False,Crashes_MPO_2020
102660592,2020-02-23,2020,Davidson,,1.0,Property Damage,0,0,,,,,0.0,0.0,0.0,0.0,Daylight,Clear,Deer,36.03677,-86.69679,False,Crashes_MPO_2020
102660696,2020-02-23,2020,Williamson,,1.0,Suspected Serious Injury,0,0,,,,,0.0,1.0,0.0,0.0,Daylight,Clear,Ditch,36.0141,-86.8386,False,Crashes_MPO_2020
102661102,2020-02-23,2020,Williamson,,1.0,Property Damage,0,0,,,,,0.0,0.0,0.0,0.0,Dark-Not Lighted,Rain,Mail Box,35.96069,-86.78702,True,Crashes_MPO_2020
102661169,2020-02-23,2020,Davidson,,1.0,Property Damage,0,0,,,,,0.0,0.0,0.0,0.0,Dark-Not Lighted,Cloudy,Motor Vehicle-In-Transport On Same Roadway,36.0331,-86.7129,False,Crashes_MPO_2020
102661251,2020-02-23,2020,Williamson,,1.0,Property Damage,0,0,,,,,0.0,0.0,0.0,0.0,Dark-Lighted,Rain,Motor Vehicle-In-Transport On Same Roadway,35.93324,-86.79437,False,Crashes_MPO_2020
102661326,2020-02-23,2020,Davidson,,1.0,Property Damage,0,0,,,,,0.0,0.0,0.0,0.0,Dark-Lighted,Rain,Guard Rail Face,36.05159,-86.75154,False,Crashes_MPO_2020
102661345,2020-02-23,2020,Williamson,,1.0,Property Damage,0,0,,,,,0.0,0.0,0.0,0.0,Dark-Lighted,Cloudy,Motor Vehicle-In-Transport On Same Roadway,35.96198,-86.81518,False,Crashes_MPO_2020
102661349,2020-02-20,2020,Williamson,,1.0,Property Damage,0,0,,,,,0.0,0.0,0.0,0.0,Dark-Not Lighted,Clear,Motor Vehicle-In-Transport On Same Roadway,35.97993,-86.74688,True,Crashes_MPO_2020
102661520,2020-02-24,2020,Williamson,,1.0,Property Damage Under,0,0,,,,,0.0,0.0,0.0,0.0,,,,35.97765,-86.77678,True,Crashes_MPO_2020
102661538,2020-02-24,2020,Davidson,,1.0,Property Damage,0,0,,,,,0.0,0.0,0.0,0.0,Daylight,Rain,Motor Vehicle-In-Transport On Same Roadway,36.02737,-86.71275,False,Crashes_MPO_2020
102653927,2020-02-15,2020,Williamson,,1.0,Possible Injury,0,0,,,,,0.0,0.0,0.0,0.0,Daylight,Cloudy,Motor Vehicle-In-Transport On Same Roadway,36.03311,-86.78656,True,Crashes_MPO_2020
102653945,2020-02-16,2020,Williamson,,1.0,Property Damage,0,0,,,,,0.0,0.0,0.0,0.0,Daylight,Cloudy,Ditch,36.01401,-86.83827,False,Crashes_MPO_2020
102654069,2020-02-10,2020,Williamson,,1.0,Property Damage,0,0,,,,,0.0,0.0,0.0,0.0,Dark-Not Lighted,Rain,Motor Vehicle-In-Transport On Same Roadway,36.03382,-86.78319,True,Crashes_MPO_2020
102654124,2020-02-16,2020,Davidson,,1.0,Property Damage,0,0,,,,,0.0,0.0,0.0,0.0,Unknown,Unknown,Parked Motor Vehicle,36.03654,-86.70609,False,Crashes_MPO_2020
102654200,2020-02-16,2020,Williamson,,1.0,Property Damage,0,0,,,,,0.0,0.0,0.0,0.0,Daylight,Clear,Motor Vehicle-In-Transport On Same Roadway,35.99011,-86.74584,True,Crashes_MPO_2020
102654228,2020-02-16,2020,Williamson,,1.0,Property Damage,0,0,,,,,0.0,0.0,0.0,0.0,Daylight,Clear,Motor Vehicle-In-Transport On Same Roadway,35.94612,-86.82346,False,Crashes_MPO_2020
102654285,2020-02-16,2020,Davidson,,1.0,Property Damage,0,0,,,,,0.0,0.0,0.0,0.0,Daylight,Clear,Motor Vehicle-In-Transport On Same Roadway,36.04669,-86.67861,False,Crashes_MPO_2020
102654355,2020-02-16,2020,Davidson,,1.0,Property Damage Under,0,0,,,,,0.0,0.0,0.0,0.0,Dark-Lighted,Clear,Motor Vehicle-In-Transport On Same Roadway,36.04028,-86.76837,False,Crashes_MPO_2020
102654732,2020-02-14,2020,Williamson,,1.0,Property Damage,0,0,,,,,0.0,0.0,0.0,0.0,Dark-Lighted,Cloudy,Parked Motor Vehicle,35.96808,-86.6918,False,Crashes_MPO_2020
102654784,2020-02-17,2020,Williamson,,1.0,Property Damage,0,0,,,,,0.0,0.0,0.0,0.0,Daylight,Clear,Motor Vehicle-In-Transport On Same Roadway,35.92406,-86.87618,False,Crashes_MPO_2020
102654787,2020-02-17,2020,Williamson,,1.0,Property Damage,0,0,,,,,0.0,0.0,0.0,0.0,Daylight,Clear,Motor Vehicle-In-Transport On Same Roadway,35.98365,-86.72132,True,Crashes_MPO_2020
102654801,2020-02-17,2020,Davidson,,1.0,Property Damage,0,0,,,,,0.0,0.0,0.0,0.0,Daylight,Clear,Motor Vehicle-In-Transport On Same Roadway,36.03933,-86.78202,False,Crashes_MPO_2020
102655120,2020-02-17,2020,Williamson,,1.0,Property Damage,0,0,,,,,0.0,0.0,0.0,0.0,Daylight,Clear,Motor Vehicle-In-Transport On Same Roadway,36.03589,-86.78726,True,Crashes_MPO_2020
102655139,2020-02-17,2020,Williamson,,1.0,Property Damage,0,0,,,,,0.0,0.0,0.0,0.0,Daylight,Clear,Motor Vehicle-In-Transport On Same Roadway,36.0059,-86.80575,True,Crashes_MPO_2020
102655233,2020-02-17,2020,Williamson,,1.0,Property Damage,0,0,,,,,0.0,0.0,0.0,0.0,Daylight,Clear,Motor Vehicle-In-Transport On Same Roadway,35.9238,-86.79461,False,Crashes_MPO_2020
102655250,2020-02-17,2020,Williamson,,1.0,Property Damage,0,0,,,,,0.0,0.0,0.0,0.0,Dusk,Clear,Motor Vehicle-In-Transport On Same Roadway,36.03319,-86.7876,True,Crashes_MPO_2020
102655275,2020-02-17,2020,Davidson,,1.0,Property Damage Under,0,0,,,,,0.0,0.0,0.0,0.0,,,,36.04956,-86.71382,False,Crashes_MPO_2020
102655279,2020-02-17,2020,Davidson,,1.0,Property Damage,0,0,,,,,0.0,0.0,0.0,0.0,Daylight,Clear,Motor Vehicle-In-Transport On Same Roadway,36.01239,-86.70362,False,Crashes_MPO_2020
102655287,2020-02-17,2020,Davidson,,1.0,Property Damage,0,0,,,,,0.0,0.0,0.0,0.0,Daylight,Clear,Motor Vehicle-In-Transport On Same Roadway,36.03772,-86.79475,False,Crashes_MPO_2020
102655567,2020-02-17,2020,Williamson,,1.0,Property Damage,0,0,,,,,0.0,0.0,0.0,0.0,Dark-Lighted,Clear,Deer,35.95143,-86.73614,True,Crashes_MPO_2020
102655934,2020-02-18,2020,Williamson,,1.0,Property Damage,0,0,,,,,0.0,0.0,0.0,0.0,Daylight,Cloudy,Motor Vehicle-In-Transport On Same Roadway,35.96372,-86.81053,False,Crashes_MPO_2020
102656059,2020-02-17,2020,Williamson,,1.0,Property Damage,0,0,,,,,0.0,0.0,0.0,0.0,Dark-Lighted,Cloudy,Motor Vehicle-In-Transport On Same Roadway,35.9667,-86.81121,True,Crashes_MPO_2020
102656147,2020-02-18,2020,Williamson,,1.0,Property Damage Under,0,0,,,,,0.0,0.0,0.0,0.0,Daylight,Rain,Motor Vehicle-In-Transport On Same Roadway,35.93406,-86.81876,False,Crashes_MPO_2020
102656255,2020-02-18,2020,Williamson,,1.0,Possible Injury,0,0,,,,,0.0,0.0,0.0,0.0,Daylight,Rain,Motor Vehicle-In-Transport On Same Roadway,35.93298,-86.78238,False,Crashes_MPO_2020
102656290,2020-02-18,2020,Williamson,,1.0,Possible Injury,0,0,,,,,0.0,0.0,0.0,0.0,Daylight,Cloudy,Motor Vehicle-In-Transport On Same Roadway,35.94631,-86.8236,False,Crashes_MPO_2020
102656306,2020-02-18,2020,Williamson,,1.0,Property Damage,0,0,,,,,0.0,0.0,0.0,0.0,Dark-Lighted,Cloudy,Parked Motor Vehicle,35.94173,-86.82104,False,Crashes_MPO_2020
102656313,2020-02-18,2020,Williamson,,1.0,Property Damage,0,0,,,,,0.0,0.0,0.0,0.0,Dark-Lighted,Rain,Motor Vehicle-In-Transport On Same Roadway,36.01559,-86.7406,False,Crashes_MPO_2020
102656540,2020-01-31,2020,Williamson,,1.0,Property Damage,0,0,,,,,0.0,0.0,0.0,0.0,Dark-Lighted,Clear,Curb,35.94652,-86.82359,False,Crashes_MPO_2020
102656621,2020-02-19,2020,Williamson,,1.0,Property Damage,0,0,,,,,0.0,0.0,0.0,0.0,Daylight,Cloudy,Motor Vehicle-In-Transport On Same Roadway,35.99049,-86.7452,True,Crashes_MPO_2020
102656648,2020-02-19,2020,Davidson,,1.0,Property Damage,0,0,,,,,0.0,0.0,0.0,0.0,Daylight,Cloudy,Motor Vehicle-In-Transport On Same Roadway,36.03953,-86.81426,False,Crashes_MPO_2020
102656684,2020-02-19,2020,Williamson,,1.0,Property Damage,0,0,,,,,0.0,0.0,0.0,0.0,Daylight,Cloudy,Motor Vehicle-In-Transport On Same Roadway,36.01286,-86.80081,True,Crashes_MPO_2020
102656688,2020-02-19,2020,Davidson,,1.0,Possible Injury,0,0,,,,,0.0,0.0,0.0,0.0,Daylight,Clear,Motor Vehicle-In-Transport On Same Roadway,36.0457,-86.72085,False,Crashes_MPO_2020
102656733,2020-02-19,2020,Davidson,,1.0,Property Damage,0,0,,,,,0.0,0.0,0.0,0.0,Daylight,Clear,Motor Vehicle-In-Transport On Same Roadway,36.03984,-86.74345,False,Crashes_MPO_2020
102656781,2020-02-18,2020,Williamson,,1.0,Property Damage,0,0,,,,,0.0,0.0,0.0,0.0,Daylight,Clear,Parked Motor Vehicle,36.01527,-86.81564,True,Crashes_MPO_2020
102657001,2020-02-18,2020,Williamson,,1.0,Suspected Serious Injury,0,0,,,,,0.0,1.0,0.0,0.0,Dark-Lighted,Clear,Standing Tree,35.96481,-86.80873,False,Crashes_MPO_2020
102657130,2020-02-19,2020,Williamson,,1.0,Property Damage,0,0,,,,,0.0,0.0,0.0,0.0,Daylight,Clear,Motor Vehicle-In-Transport On Same Roadway,35.99771,-86.79795,True,Crashes_MPO_2020
102657164,2020-02-19,2020,Davidson,,1.0,Property Damage,0,0,,,,,0.0,0.0,0.0,0.0,Daylight,Clear,Motor Vehicle-In-Transport On Same Roadway,36.04455,-86.69447,False,Crashes_MPO_2020
102657176,2020-02-19,2020,Williamson,,1.0,Property Damage,0,0,,,,,0.0,0.0,0.0,0.0,Dark-Not Lighted,Clear,Other Post/Pole Support,36.0077,-86.78029,True,Crashes_MPO_2020
102657178,2020-02-19,2020,Davidson,,1.0,Property Damage Under,0,0,,,,,0.0,0.0,0.0,0.0,,,,36.04688,-86.6796,False,Crashes_MPO_2020
102657196,2020-02-19,2020,Williamson,,1.0,Possible Injury,0,0,,,,,0.0,0.0,0.0,0.0,Dark-Lighted,Clear,Motor Vehicle-In-Transport On Same Roadway,35.94315,-86.82079,False,Crashes_MPO_2020
102657276,2020-02-19,2020,Williamson,,1.0,Suspected Serious Injury,0,0,,,,,0.0,1.0,0.0,0.0,Daylight,Clear,Standing Tree,35.99004,-86.69627,True,Crashes_MPO_2020
102657283,2020-02-19,2020,Williamson,,1.0,Property Damage,0,0,,,,,0.0,0.0,0.0,0.0,Dusk,Clear,Motor Vehicle-In-Transport On Same Roadway,35.96312,-86.81897,True,Crashes_MPO_2020
102657386,2020-02-19,2020,Davidson,,1.0,Suspected Minor Injury,0,0,,,,,0.0,0.0,0.0,0.0,Dark-Lighted,Clear,"Over Turn, Roll Over",36.03766,-86.79779,False,Crashes_MPO_2020
102657422,2020-02-17,2020,Williamson,,1.0,Property Damage,0,0,,,,,0.0,0.0,0.0,0.0,Dark-Not Lighted,Clear,Ditch,35.96515,-86.85888,False,Crashes_MPO_2020
102657472,2020-02-18,2020,Williamson,,1.0,Property Damage,0,0,,,,,0.0,0.0,0.0,0.0,Dark-Lighted,Clear,Motor Vehicle-In-Transport On Same Roadway,35.99852,-86.79883,True,Crashes_MPO_2020
102657610,2020-02-20,2020,Williamson,,1.0,Property Damage,0,0,,,,,0.0,0.0,0.0,0.0,Daylight,Snow,Motor Vehicle-In-Transport On Same Roadway,36.00597,-86.80571,True,Crashes_MPO_2020
102657719,2020-02-19,2020,Williamson,,1.0,Property Damage,0,0,,,,,0.0,0.0,0.0,0.0,Dark-Not Lighted,Clear,Motor Vehicle-In-Transport On Same Roadway,36.01553,-86.7857,True,Crashes_MPO_2020
102657728,2020-02-20,2020,Davidson,,1.0,Possible Injury,0,0,,,,,0.0,0.0,0.0,0.0,Daylight,Snow,Motor Vehicle-In-Transport On Same Roadway,36.04536,-86.71784,False,Crashes_MPO_2020
102657743,2020-02-18,2020,Williamson,,1.0,Property Damage,0,0,,,,,0.0,0.0,0.0,0.0,Daylight,Rain,Parked Motor Vehicle,35.93853,-86.81986,False,Crashes_MPO_2020
102657755,2020-02-20,2020,Williamson,,1.0,Property Damage,0,0,,,,,0.0,0.0,0.0,0.0,Daylight,Snow,Motor Vehicle-In-Transport On Same Roadway,35.934,-86.81878,False,Crashes_MPO_2020
102657789,2020-02-20,2020,Williamson,,1.0,Property Damage,0,0,,,,,0.0,0.0,0.0,0.0,Daylight,Snow,Motor Vehicle-In-Transport On Same Roadway,36.033031,-86.796835,True,Crashes_MPO_2020
102657840,2020-02-20,2020,Williamson,,1.0,Property Damage,0,0,,,,,0.0,0.0,0.0,0.0,Daylight,Rain,Motor Vehicle-In-Transport On Same Roadway,35.99916,-86.80905,True,Crashes_MPO_2020
102657879,2020-02-20,2020,Williamson,,1.0,Property Damage Under,0,0,,,,,0.0,0.0,0.0,0.0,Daylight,Cloudy,Motor Vehicle-In-Transport On Same Roadway,35.94804,-86.86368,False,Crashes_MPO_2020
102657893,2020-02-19,2020,Davidson,,1.0,Property Damage,0,0,,,,,0.0,0.0,0.0,0.0,Dark-Lighted,Clear,Parked Motor Vehicle,36.02494,-86.71111,False,Crashes_MPO_2020
102657978,2020-02-20,2020,Williamson,,1.0,Property Damage Under,0,0,,,,,0.0,0.0,0.0,0.0,Daylight,Cloudy,Motor Vehicle-In-Transport On Same Roadway,35.94798,-86.81714,False,Crashes_MPO_2020
102658052,2020-02-20,2020,Williamson,,1.0,Property Damage Under,0,0,,,,,0.0,0.0,0.0,0.0,Daylight,Clear,Motor Vehicle-In-Transport On Same Roadway,35.92572,-86.81677,False,Crashes_MPO_2020
102658087,2020-02-20,2020,Williamson,,1.0,Property Damage,0,0,,,,,0.0,0.0,0.0,0.0,Dark-Not Lighted,Cloudy,Motor Vehicle-In-Transport On Same Roadway,35.92417,-86.8757,False,Crashes_MPO_2020
102658262,2020-02-20,2020,Davidson,,1.0,Suspected Minor Injury,0,0,,,,,0.0,0.0,0.0,0.0,Dark-Lighted,Clear,Motor Vehicle-In-Transport On Same Roadway,36.03821,-86.8009,False,Crashes_MPO_2020
102658283,2020-02-20,2020,Williamson,,1.0,Property Damage,0,0,,,,,0.0,0.0,0.0,0.0,Dark-Lighted,Clear,Motor Vehicle-In-Transport On Same Roadway,35.97822,-86.76099,True,Crashes_MPO_2020
102658403,2020-02-18,2020,Williamson,,1.0,Property Damage,0,0,,,,,0.0,0.0,0.0,0.0,Daylight,Clear,Motor Vehicle-In-Transport On Same Roadway,35.96532,-86.70293,False,Crashes_MPO_2020
102658460,2020-02-21,2020,Davidson,,1.0,Possible Injury,0,0,,,,,0.0,0.0,0.0,0.0,Daylight,Clear,Motor Vehicle-In-Transport On Same Roadway,36.03743,-86.79057,False,Crashes_MPO_2020
102658565,2020-02-21,2020,Williamson,,1.0,Property Damage,0,0,,,,,0.0,0.0,0.0,0.0,Daylight,Clear,Motor Vehicle-In-Transport On Same Roadway,35.94722,-86.81445,False,Crashes_MPO_2020
102658583,2020-02-21,2020,Williamson,,1.0,Property Damage,0,0,,,,,0.0,0.0,0.0,0.0,Daylight,Clear,Motor Vehicle-In-Transport On Same Roadway,35.97315,-86.83134,True,Crashes_MPO_2020
102658618,2020-02-20,2020,Williamson,,1.0,Property Damage,0,0,,,,,0.0,0.0,0.0,0.0,Dark-Lighted,Cloudy,Motor Vehicle-In-Transport On Same Roadway,35.94612,-86.82346,False,Crashes_MPO_2020
102658696,2020-02-21,2020,Williamson,,1.0,Possible Injury,0,0,,,,,0.0,0.0,0.0,0.0,Daylight,Clear,Motor Vehicle-In-Transport On Same Roadway,35.9447,-86.80928,False,Crashes_MPO_2020
102649394,2020-02-08,2020,Williamson,,1.0,Property Damage,0,0,,,,,0.0,0.0,0.0,0.0,Dark-Lighted,Clear,Concrete Traffic Barrier,35.9658,-86.80773,False,Crashes_MPO_2020
102649435,2020-02-09,2020,Williamson,,1.0,Property Damage,0,0,,,,,0.0,0.0,0.0,0.0,Daylight,Clear,Concrete Traffic Barrier,35.96653,-86.80747,True,Crashes_MPO_2020
102649457,2020-02-11,2020,Williamson,,1.0,Property Damage,0,0,,,,,0.0,0.0,0.0,0.0,Daylight,Cloudy,Motor Vehicle-In-Transport On Same Roadway,36.0343,-86.79174,True,Crashes_MPO_2020
102649458,2020-02-11,2020,Williamson,,1.0,Property Damage,0,0,,,,,0.0,0.0,0.0,0.0,Dark-Lighted,Cloudy,Motor Vehicle-In-Transport On Same Roadway,35.99848,-86.8046,True,Crashes_MPO_2020
102649523,2020-02-11,2020,Williamson,,1.0,Property Damage,0,0,,,,,0.0,0.0,0.0,0.0,Dark-Lighted,Cloudy,Motor Vehicle-In-Transport On Same Roadway,35.96656,-86.81125,True,Crashes_MPO_2020
102649595,2020-02-11,2020,Williamson,,1.0,Possible Injury,0,0,,,,,0.0,0.0,0.0,0.0,Dark-Not Lighted,Clear,Motor Vehicle-In-Transport On Same Roadway,36.02825,-86.78392,True,Crashes_MPO_2020
102649629,2020-02-11,2020,Davidson,,1.0,Property Damage,0,0,,,,,0.0,0.0,0.0,0.0,Daylight,Cloudy,Wall,36.05291,-86.72709,False,Crashes_MPO_2020
102649633,2020-02-11,2020,Davidson,,1.0,Property Damage,0,0,,,,,0.0,0.0,0.0,0.0,Daylight,Clear,Motor Vehicle-In-Transport On Same Roadway,36.04042,-86.78023,False,Crashes_MPO_2020
102649679,2020-02-11,2020,Williamson,,1.0,Property Damage,0,0,,,,,0.0,0.0,0.0,0.0,Dusk,Clear,Motor Vehicle-In-Transport On Same Roadway,35.9479,-86.81942,False,Crashes_MPO_2020
102649707,2020-02-10,2020,Williamson,,1.0,Property Damage,0,0,,,,,0.0,0.0,0.0,0.0,Dark-Lighted,Rain,Motor Vehicle-In-Transport On Same Roadway,36.03336,-86.78872,True,Crashes_MPO_2020
102649859,2020-02-12,2020,Williamson,,1.0,Property Damage,0,0,,,,,0.0,0.0,0.0,0.0,Daylight,Rain,Motor Vehicle-In-Transport On Same Roadway,35.95015,-86.76203,True,Crashes_MPO_2020
102649865,2020-02-12,2020,Williamson,,1.0,Property Damage,0,0,,,,,0.0,0.0,0.0,0.0,Other,Rain,Motor Vehicle-In-Transport On Same Roadway,35.95006,-86.76083,True,Crashes_MPO_2020
102649881,2020-02-12,2020,Williamson,,1.0,Suspected Minor Injury,0,0,,,,,0.0,0.0,0.0,0.0,Daylight,Rain,Motor Vehicle-In-Transport On Same Roadway,36.03513,-86.8058,True,Crashes_MPO_2020
102649882,2020-02-11,2020,Williamson,,1.0,Property Damage,0,0,,,,,0.0,0.0,0.0,0.0,Dusk,Clear,Motor Vehicle-In-Transport On Same Roadway,35.92649,-86.82536,False,Crashes_MPO_2020
102649886,2020-02-12,2020,Davidson,,1.0,Property Damage,0,0,,,,,0.0,0.0,0.0,0.0,Daylight,Rain,Motor Vehicle-In-Transport On Same Roadway,36.0417,-86.74389,False,Crashes_MPO_2020
102649951,2020-02-12,2020,Davidson,,1.0,Property Damage Under,0,0,,,,,0.0,0.0,0.0,0.0,,,,36.04516,-86.69957,False,Crashes_MPO_2020
102649961,2020-02-12,2020,Davidson,,1.0,Property Damage,0,0,,,,,0.0,0.0,0.0,0.0,Daylight,Rain,Motor Vehicle-In-Transport On Same Roadway,36.03352,-86.71298,False,Crashes_MPO_2020
102649986,2020-02-12,2020,Williamson,,1.0,Property Damage,0,0,,,,,0.0,0.0,0.0,0.0,Daylight,Rain,Motor Vehicle-In-Transport On Same Roadway,35.9967,-86.79037,True,Crashes_MPO_2020
102649992,2020-02-12,2020,Davidson,,1.0,Property Damage Under,0,0,,,,,0.0,0.0,0.0,0.0,,,,36.04084,-86.77345,False,Crashes_MPO_2020
102650017,2020-02-12,2020,Williamson,,1.0,Property Damage,0,0,,,,,0.0,0.0,0.0,0.0,Daylight,Rain,Motor Vehicle-In-Transport On Same Roadway,35.94675,-86.85178,False,Crashes_MPO_2020
102650024,2020-02-12,2020,Williamson,,1.0,Property Damage Under,0,0,,,,,0.0,0.0,0.0,0.0,Daylight,Rain,Motor Vehicle-In-Transport On Same Roadway,35.93549,-86.82393,False,Crashes_MPO_2020
102650055,2020-02-12,2020,Williamson,,1.0,Property Damage Under,0,0,,,,,0.0,0.0,0.0,0.0,,,,35.92651,-86.8214,False,Crashes_MPO_2020
102650072,2020-02-12,2020,Williamson,,1.0,Possible Injury,0,0,,,,,0.0,0.0,0.0,0.0,Daylight,Rain,Motor Vehicle-In-Transport On Same Roadway,35.9672,-86.81342,True,Crashes_MPO_2020
102650163,2020-02-11,2020,Williamson,,1.0,Property Damage Under,0,0,,,,,0.0,0.0,0.0,0.0,Dark-Lighted,Clear,Motor Vehicle-In-Transport On Same Roadway,35.95106,-86.82539,False,Crashes_MPO_2020
102650222,2020-02-12,2020,Williamson,,1.0,Property Damage,0,0,,,,,0.0,0.0,0.0,0.0,Daylight,Rain,Motor Vehicle-In-Transport On Same Roadway,35.95982,-86.80683,False,Crashes_MPO_2020
102650223,2020-02-12,2020,Williamson,,1.0,Property Damage Under,0,0,,,,,0.0,0.0,0.0,0.0,Daylight,Clear,Motor Vehicle-In-Transport On Same Roadway,35.92942,-86.84082,False,Crashes_MPO_2020
102650230,2020-02-12,2020,Williamson,,1.0,Property Damage,0,0,,,,,0.0,0.0,0.0,0.0,Dusk,Rain,Motor Vehicle-In-Transport On Same Roadway,35.99554,-86.77918,True,Crashes_MPO_2020
102650301,2020-02-12,2020,Williamson,,1.0,Property Damage,0,0,,,,,0.0,0.0,0.0,0.0,Dark-Lighted,Rain,Motor Vehicle-In-Transport On Same Roadway,35.97039,-86.77379,True,Crashes_MPO_2020
102650307,2020-02-12,2020,Williamson,,1.0,Possible Injury,0,0,,,,,0.0,0.0,0.0,0.0,Dark-Lighted,Rain,Motor Vehicle-In-Transport On Same Roadway,35.99731,-86.79469,True,Crashes_MPO_2020
102650326,2020-02-12,2020,Williamson,,1.0,Property Damage,0,0,,,,,0.0,0.0,0.0,0.0,Dark-Lighted,Rain,Motor Vehicle-In-Transport On Same Roadway,36.0346,-86.80265,True,Crashes_MPO_2020
102650357,2020-02-12,2020,Williamson,,1.0,Possible Injury,0,0,,,,,0.0,0.0,0.0,0.0,Dusk,Rain,Motor Vehicle-In-Transport On Same Roadway,35.9605,-86.80983,False,Crashes_MPO_2020
102650386,2020-02-12,2020,Williamson,,1.0,Possible Injury,0,0,,,,,0.0,0.0,0.0,0.0,Dark-Lighted,Rain,Motor Vehicle-In-Transport On Same Roadway,35.92899,-86.82079,False,Crashes_MPO_2020
102650412,2020-02-12,2020,Davidson,,1.0,Property Damage Under,0,0,,,,,0.0,0.0,0.0,0.0,,,,36.03289,-86.77218,False,Crashes_MPO_2020
102650513,2020-02-04,2020,Williamson,,1.0,Property Damage,0,0,,,,,0.0,0.0,0.0,0.0,Dusk,Rain,Mail Box,35.95749,-86.85019,False,Crashes_MPO_2020
102650532,2020-02-12,2020,Davidson,,1.0,Property Damage,0,0,,,,,0.0,0.0,0.0,0.0,Dark-Lighted,Rain,Fire Hydrant,36.04027,-86.81641,False,Crashes_MPO_2020
102650569,2020-02-13,2020,Davidson,,1.0,Suspected Minor Injury,0,0,,,,,0.0,0.0,0.0,0.0,Dark-Lighted,Rain,Motor Vehicle-In-Transport On Same Roadway,36.04694,-86.68191,False,Crashes_MPO_2020
102650571,2020-02-12,2020,Williamson,,1.0,Property Damage,0,0,,,,,0.0,0.0,0.0,0.0,Dark-Not Lighted,Rain,Motor Vehicle-In-Transport On Same Roadway,35.96396,-86.69208,False,Crashes_MPO_2020
102650650,2020-02-13,2020,Davidson,,1.0,Suspected Minor Injury,0,0,,,,,0.0,0.0,0.0,0.0,Daylight,Cloudy,Concrete Traffic Barrier,36.03768,-86.78297,False,Crashes_MPO_2020