mstrrecnbr,collision_ts,year,county,countystat,crash,crash_type,fatalities,non_motorists,commercial,fatal_c,nonmotor_c,truck_c,fatalc,serious_injuries,ped,bike,lighting,weather,first_harmful_event,latitude,longitude,in_city,src_layer
102650674,2020-02-13,2020,Davidson,,1.0,Possible Injury,0,0,,,,,0.0,0.0,0.0,0.0,Daylight,Rain,Motor Vehicle-In-Transport On Same Roadway,36.0488,-86.71367,False,Crashes_MPO_2020
102650676,2020-02-13,2020,Davidson,,1.0,Property Damage,0,0,,,,,0.0,0.0,0.0,0.0,Daylight,Rain,Motor Vehicle-In-Transport On Same Roadway,36.05219,-86.74303,False,Crashes_MPO_2020
102650679,2020-02-13,2020,Williamson,,1.0,Property Damage Under,0,0,,,,,0.0,0.0,0.0,0.0,,,,35.92366,-86.76693,False,Crashes_MPO_2020
102650705,2020-02-13,2020,Williamson,,1.0,Property Damage Under,0,0,,,,,0.0,0.0,0.0,0.0,,,,35.9325,-86.86247,False,Crashes_MPO_2020
102650771,2020-02-12,2020,Williamson,,1.0,Property Damage,0,0,,,,,0.0,0.0,0.0,0.0,Dark-Lighted,Rain,Motor Vehicle-In-Transport On Same Roadway,35.95009,-86.81887,False,Crashes_MPO_2020
102650786,2020-02-13,2020,Williamson,,1.0,Property Damage,0,0,,,,,0.0,0.0,0.0,0.0,Daylight,Clear,Motor Vehicle-In-Transport On Same Roadway,35.96069,-86.8095,False,Crashes_MPO_2020
102650883,2020-02-12,2020,Williamson,,1.0,Property Damage Under,0,0,,,,,0.0,0.0,0.0,0.0,Dusk,Rain,Motor Vehicle-In-Transport On Same Roadway,35.94074,-86.81668,False,Crashes_MPO_2020
102650884,2020-02-12,2020,Williamson,,1.0,Property Damage,0,0,,,,,0.0,0.0,0.0,0.0,Dark-Lighted,Rain,Curb,35.932,-86.80177,False,Crashes_MPO_2020
102650885,2020-02-12,2020,Williamson,,1.0,Property Damage,0,0,,,,,0.0,0.0,0.0,0.0,Dark-Lighted,Rain,Motor Vehicle-In-Transport On Same Roadway,35.92825,-86.87113,False,Crashes_MPO_2020
102650894,2020-02-13,2020,Williamson,,1.0,Property Damage,0,0,,,,,0.0,0.0,0.0,0.0,Daylight,Cloudy,Motor Vehicle-In-Transport On Same Roadway,35.966717,-86.809103,True,Crashes_MPO_2020
102651074,2020-02-13,2020,Davidson,,1.0,Property Damage,0,0,,,,,0.0,0.0,0.0,0.0,Daylight,Cloudy,Motor Vehicle-In-Transport On Same Roadway,36.04519,-86.7154,False,Crashes_MPO_2020
102651176,2020-02-13,2020,Williamson,,1.0,Property Damage Under,0,0,,,,,0.0,0.0,0.0,0.0,Dusk,Clear,Motor Vehicle-In-Transport On Same Roadway,35.95235,-86.81962,False,Crashes_MPO_2020
102651177,2020-02-13,2020,Williamson,,1.0,Property Damage Under,0,0,,,,,0.0,0.0,0.0,0.0,Daylight,Clear,Motor Vehicle-In-Transport On Same Roadway,35.94465,-86.80908,False,Crashes_MPO_2020
102651199,2020-02-13,2020,Davidson,,1.0,Property Damage,0,0,,,,,0.0,0.0,0.0,0.0,Daylight,Clear,Motor Vehicle-In-Transport On Same Roadway,36.03409,-86.78315,True,Crashes_MPO_2020
102651279,2020-02-13,2020,Williamson,,1.0,Property Damage,0,0,,,,,0.0,0.0,0.0,0.0,Daylight,Clear,Motor Vehicle-In-Transport On Same Roadway,35.93833,-86.8791,False,Crashes_MPO_2020
102651280,2020-02-13,2020,Williamson,,1.0,Property Damage,0,0,,,,,0.0,0.0,0.0,0.0,Dark-Lighted,Clear,Motor Vehicle-In-Transport On Same Roadway,35.92302,-86.8166,False,Crashes_MPO_2020
102651281,2020-02-13,2020,Williamson,,1.0,Property Damage,0,0,,,,,0.0,0.0,0.0,0.0,Dusk,Clear,Motor Vehicle-In-Transport On Same Roadway,35.96382,-86.80841,False,Crashes_MPO_2020
102651466,2020-02-13,2020,Davidson,,1.0,Property Damage,0,0,,,,,0.0,0.0,0.0,0.0,Dark-Lighted,Clear,Parked Motor Vehicle,36.04979,-86.70308,False,Crashes_MPO_2020
102651614,2020-02-14,2020,Davidson,,1.0,Property Damage,0,0,,,,,0.0,0.0,0.0,0.0,Daylight,Clear,Motor Vehicle-In-Transport On Same Roadway,36.04085,-86.77947,False,Crashes_MPO_2020
102651792,2020-02-14,2020,Davidson,,1.0,Property Damage,0,0,,,,,0.0,0.0,0.0,0.0,Daylight,Clear,Motor Vehicle-In-Transport On Same Roadway,36.04126,-86.77741,False,Crashes_MPO_2020
102651856,2020-02-14,2020,Davidson,,1.0,Property Damage,0,0,,,,,0.0,0.0,0.0,0.0,Daylight,Clear,Motor Vehicle-In-Transport On Same Roadway,36.04098,-86.77941,False,Crashes_MPO_2020
102652009,2020-02-14,2020,Williamson,,1.0,Property Damage Under,0,0,,,,,0.0,0.0,0.0,0.0,,,,35.94588,-86.8233,False,Crashes_MPO_2020
102652025,2020-02-12,2020,Williamson,,1.0,Property Damage,0,0,,,,,0.0,0.0,0.0,0.0,Dark-Lighted,Rain,Motor Vehicle-In-Transport On Same Roadway,36.03461,-86.78333,True,Crashes_MPO_2020
102652181,2020-02-14,2020,Davidson,,1.0,Property Damage Under,0,0,,,,,0.0,0.0,0.0,0.0,,,,36.04114,-86.7795,False,Crashes_MPO_2020
102652226,2020-02-14,2020,Williamson,,1.0,Property Damage,0,0,,,,,0.0,0.0,0.0,0.0,Daylight,Clear,Motor Vehicle-In-Transport On Same Roadway,35.98907,-86.74135,True,Crashes_MPO_2020
102652257,2020-02-14,2020,Davidson,,1.0,Property Damage Under,0,0,,,,,0.0,0.0,0.0,0.0,,,,36.03664,-86.7831,False,Crashes_MPO_2020
102652569,2020-02-14,2020,Williamson,,1.0,Property Damage,0,0,,,,,0.0,0.0,0.0,0.0,Dark-Not Lighted,Clear,Motor Vehicle-In-Transport On Same Roadway,35.95425,-86.81198,False,Crashes_MPO_2020
102652588,2020-02-14,2020,Williamson,,1.0,Property Damage,0,0,,,,,0.0,0.0,0.0,0.0,Dark-Lighted,Clear,Parked Motor Vehicle,35.94198,-86.74846,True,Crashes_MPO_2020
102652646,2020-02-14,2020,Davidson,,1.0,Property Damage Under,0,0,,,,,0.0,0.0,0.0,0.0,,,,36.04051,-86.8172,False,Crashes_MPO_2020
102652698,2020-02-14,2020,Williamson,,1.0,Property Damage,0,0,,,,,0.0,0.0,0.0,0.0,Dusk,Clear,Motor Vehicle-In-Transport On Same Roadway,35.93565,-86.82457,False,Crashes_MPO_2020
102652793,2020-02-14,2020,Davidson,,1.0,Possible Injury,0,0,,,,,0.0,0.0,0.0,0.0,Dark-Not Lighted,Clear,Motor Vehicle-In-Transport On Same Roadway,36.03789,-86.78443,False,Crashes_MPO_2020
102652930,2020-02-15,2020,Davidson,,1.0,Property Damage Under,0,0,,,,,0.0,0.0,0.0,0.0,Daylight,Clear,Motor Vehicle-In-Motion Outside Trafficway,36.05322,-86.71489,False,Crashes_MPO_2020
102653503,2020-02-15,2020,Davidson,,1.0,Property Damage Under,0,0,,,,,0.0,0.0,0.0,0.0,,,,36.03819,-86.80065,False,Crashes_MPO_2020
102653654,2020-02-15,2020,Williamson,,1.0,Suspected Minor Injury,0,0,,,,,0.0,0.0,0.0,0.0,Dark-Lighted,Clear,Motor Vehicle-In-Transport On Same Roadway,35.93477,-86.82115,False,Crashes_MPO_2020
102653693,2020-02-15,2020,Davidson,,1.0,Property Damage Under,0,0,,,,,0.0,0.0,0.0,0.0,,,,36.04245,-86.71294,False,Crashes_MPO_2020
102653840,2020-02-15,2020,Davidson,,1.0,Property Damage,0,0,,,,,0.0,0.0,0.0,0.0,Dark-Lighted,Clear,Parked Motor Vehicle,36.03575,-86.70634,False,Crashes_MPO_2020
102666022,2020-02-28,2020,Davidson,,1.0,Property Damage,0,0,,,,,0.0,0.0,0.0,0.0,Dark-Lighted,Clear,Motor Vehicle-In-Transport On Same Roadway,36.04056,-86.77079,False,Crashes_MPO_2020
102666043,2020-02-28,2020,Williamson,,1.0,Property Damage,0,0,,,,,0.0,0.0,0.0,0.0,Dark-Lighted,Rain,Other Post/Pole Support,36.03311,-86.78656,True,Crashes_MPO_2020
102666350,2020-02-26,2020,Williamson,,1.0,Property Damage,0,0,,,,,0.0,0.0,0.0,0.0,Daylight,Cloudy,Motor Vehicle-In-Transport On Same Roadway,35.9668,-86.809,True,Crashes_MPO_2020
102666365,2020-02-29,2020,Williamson,,1.0,Property Damage,0,0,,,,,0.0,0.0,0.0,0.0,Daylight,Clear,Building,36.02141,-86.7198,False,Crashes_MPO_2020
102666657,2020-02-29,2020,Williamson,,1.0,Property Damage,0,0,,,,,0.0,0.0,0.0,0.0,Daylight,Clear,Motor Vehicle-In-Transport On Same Roadway,35.94902,-86.81957,False,Crashes_MPO_2020
102666721,2020-02-29,2020,Davidson,,1.0,Property Damage,0,0,,,,,0.0,0.0,0.0,0.0,Daylight,Clear,Curb,36.01434,-86.67918,False,Crashes_MPO_2020
102666872,2020-02-29,2020,Williamson,,1.0,Property Damage,0,0,,,,,0.0,0.0,0.0,0.0,Daylight,Clear,Motor Vehicle-In-Transport On Same Roadway,35.96705,-86.81355,True,Crashes_MPO_2020
102666954,2020-02-29,2020,Williamson,,1.0,Property Damage,0,0,,,,,0.0,0.0,0.0,0.0,Daylight,Clear,Motor Vehicle-In-Transport On Same Roadway,35.96619,-86.80472,True,Crashes_MPO_2020
102667033,2020-02-25,2020,Williamson,,1.0,Property Damage,0,0,,,,,0.0,0.0,0.0,0.0,Daylight,Clear,Concrete Traffic Barrier,36.03353,-86.78347,True,Crashes_MPO_2020
102667034,2020-02-25,2020,Williamson,,1.0,Suspected Minor Injury,0,0,,,,,0.0,0.0,0.0,0.0,Daylight,Clear,Motor Vehicle-In-Transport On Same Roadway,36.03353,-86.78347,True,Crashes_MPO_2020
102667037,2020-02-29,2020,Williamson,,1.0,Property Damage,0,0,,,,,0.0,0.0,0.0,0.0,Daylight,Clear,Motor Vehicle-In-Transport On Same Roadway,35.99544,-86.79772,True,Crashes_MPO_2020
102667038,2020-02-29,2020,Williamson,,1.0,Property Damage,0,0,,,,,0.0,0.0,0.0,0.0,Daylight,Clear,Motor Vehicle-In-Transport On Same Roadway,36.01826,-86.78648,True,Crashes_MPO_2020
102667412,2020-02-27,2020,Williamson,,1.0,Suspected Minor Injury,0,0,,,,,0.0,0.0,0.0,0.0,Daylight,Clear,"Over Turn, Roll Over",35.96545,-86.80904,False,Crashes_MPO_2020
102667413,2020-02-28,2020,Williamson,,1.0,Property Damage,0,0,,,,,0.0,0.0,0.0,0.0,Daylight,Cloudy,Motor Vehicle-In-Transport On Same Roadway,35.92366,-86.86782,False,Crashes_MPO_2020
102667640,2020-02-29,2020,Williamson,,1.0,Property Damage,0,0,,,,,0.0,0.0,0.0,0.0,Dark-Lighted,Clear,Motor Vehicle-In-Transport On Same Roadway,35.99781,-86.79886,True,Crashes_MPO_2020
102667641,2020-03-01,2020,Williamson,,1.0,Property Damage,0,0,,,,,0.0,0.0,0.0,0.0,Daylight,Clear,Motor Vehicle-In-Transport On Same Roadway,35.92648,-86.8663,False,Crashes_MPO_2020
102668216,2020-03-02,2020,Davidson,,1.0,Property Damage,0,0,,,,,0.0,0.0,0.0,0.0,Dark-Not Lighted,Rain,Motor Vehicle-In-Transport On Same Roadway,36.02532,-86.71972,False,Crashes_MPO_2020
102668306,2020-03-02,2020,Davidson,,1.0,Property Damage,0,0,,,,,0.0,0.0,0.0,0.0,Daylight,Rain,Motor Vehicle-In-Transport On Same Roadway,36.05389,-86.7394,False,Crashes_MPO_2020
102668310,2020-03-02,2020,Williamson,,1.0,Property Damage,0,0,,,,,0.0,0.0,0.0,0.0,Daylight,Rain,Motor Vehicle-In-Transport On Same Roadway,35.94988,-86.75902,True,Crashes_MPO_2020
102668354,2020-03-02,2020,Davidson,,1.0,Property Damage,0,0,,,,,0.0,0.0,0.0,0.0,Daylight,Rain,Motor Vehicle-In-Transport On Same Roadway,36.0396,-86.74344,False,Crashes_MPO_2020
102668442,2020-03-02,2020,Davidson,,1.0,Suspected Minor Injury,0,0,,,,,0.0,0.0,0.0,0.0,Daylight,Cloudy,Motor Vehicle-In-Transport On Same Roadway,35.99531,-86.68767,False,Crashes_MPO_2020
102668483,2020-03-02,2020,Davidson,,1.0,Suspected Minor Injury,0,0,,,,,0.0,0.0,0.0,0.0,Daylight,Rain,Embankment Rock/Stone/Concrete,36.04721,-86.77699,False,Crashes_MPO_2020
102668489,2020-03-02,2020,Williamson,,1.0,Property Damage Under,0,0,,,,,0.0,0.0,0.0,0.0,Daylight,Rain,Motor Vehicle-In-Transport On Same Roadway,35.94873,-86.81987,False,Crashes_MPO_2020
102668767,2020-03-02,2020,Williamson,,1.0,Property Damage,0,0,,,,,0.0,0.0,0.0,0.0,Daylight,Rain,Motor Vehicle-In-Transport On Same Roadway,35.94872,-86.83189,False,Crashes_MPO_2020
102668794,2020-03-02,2020,Davidson,,1.0,Property Damage,0,0,,,,,0.0,0.0,0.0,0.0,Daylight,Rain,Motor Vehicle-In-Transport On Same Roadway,36.02698,-86.68091,False,Crashes_MPO_2020
102668805,2020-03-02,2020,Williamson,,1.0,Property Damage Under,0,0,,,,,0.0,0.0,0.0,0.0,Dusk,Rain,Motor Vehicle-In-Transport On Same Roadway,35.95024,-86.81881,False,Crashes_MPO_2020
102668862,2020-03-02,2020,Davidson,,1.0,Property Damage,0,0,,,,,0.0,0.0,0.0,0.0,Dark-Lighted,Rain,Motor Vehicle-In-Transport On Same Roadway,36.0457,-86.72079,False,Crashes_MPO_2020
102668911,2020-03-02,2020,Williamson,,1.0,Property Damage,0,0,,,,,0.0,0.0,0.0,0.0,Dark-Lighted,Cloudy,Motor Vehicle-In-Transport On Same Roadway,35.9521,-86.81808,False,Crashes_MPO_2020
102669015,2020-03-02,2020,Williamson,,1.0,Property Damage,0,0,,,,,0.0,0.0,0.0,0.0,Daylight,Clear,Motor Vehicle-In-Transport On Same Roadway,35.95209,-86.81805,False,Crashes_MPO_2020
102669094,2020-03-02,2020,Williamson,,1.0,Property Damage,0,0,,,,,0.0,0.0,0.0,0.0,Dark-Lighted,Cloudy,Motor Vehicle-In-Transport On Same Roadway,35.94782,-86.81975,False,Crashes_MPO_2020
102669240,2020-03-03,2020,Williamson,,1.0,Property Damage,0,0,,,,,0.0,0.0,0.0,0.0,Daylight,Cloudy,Motor Vehicle-In-Transport On Same Roadway,35.99773,-86.79807,True,Crashes_MPO_2020
102669636,2020-03-03,2020,Williamson,,1.0,Property Damage,0,0,,,,,0.0,0.0,0.0,0.0,Daylight,Clear,Bridge/Parapet End,35.95366,-86.71922,False,Crashes_MPO_2020
102669715,2020-03-03,2020,Davidson,,1.0,Property Damage,0,0,,,,,0.0,0.0,0.0,0.0,Daylight,Clear,Motor Vehicle-In-Transport On Same Roadway,36.04093,-86.72104,False,Crashes_MPO_2020
102669758,2020-03-03,2020,Williamson,,1.0,Suspected Minor Injury,0,0,,,,,0.0,0.0,0.0,0.0,Daylight,Clear,Motor Vehicle-In-Transport On Same Roadway,35.98498,-86.73968,True,Crashes_MPO_2020
102669802,2020-03-03,2020,Williamson,,1.0,Property Damage,0,0,,,,,0.0,0.0,0.0,0.0,Dark-Lighted,Clear,Motor Vehicle-In-Transport On Same Roadway,36.02398,-86.81961,True,Crashes_MPO_2020
102669812,2020-03-01,2020,Williamson,,1.0,Property Damage Under,0,0,,,,,0.0,0.0,0.0,0.0,Dusk,Clear,Motor Vehicle-In-Transport On Same Roadway,35.94675,-86.85178,False,Crashes_MPO_2020
102669879,2020-03-03,2020,Davidson,,1.0,Property Damage,0,0,,,,,0.0,0.0,0.0,0.0,Dark-Lighted,Clear,Motor Vehicle-In-Transport On Same Roadway,36.05122,-86.71415,False,Crashes_MPO_2020
102669927,2020-03-03,2020,Davidson,,1.0,Possible Injury,0,0,,,,,0.0,0.0,0.0,0.0,Dark-Lighted,Clear,Other Fixed Object,36.03652,-86.77714,False,Crashes_MPO_2020
102670052,2020-03-03,2020,Williamson,,1.0,Suspected Serious Injury,0,0,,,,,0.0,1.0,0.0,0.0,Dark-Lighted,Clear,Motor Vehicle-In-Transport On Same Roadway,35.97241,-86.67846,False,Crashes_MPO_2020
102670090,2020-03-04,2020,Davidson,,1.0,Possible Injury,0,0,,,,,0.0,0.0,0.0,0.0,Daylight,Clear,Motor Vehicle-In-Transport On Same Roadway,36.0457,-86.72079,False,Crashes_MPO_2020
102670140,2020-03-04,2020,Williamson,,1.0,Suspected Minor Injury,0,0,,,,,0.0,0.0,0.0,0.0,Daylight,Clear,Motor Vehicle-In-Transport On Same Roadway,35.97776,-86.80359,True,Crashes_MPO_2020
102670185,2020-03-04,2020,Davidson,,1.0,Property Damage,0,0,,,,,0.0,0.0,0.0,0.0,Daylight,Clear,Motor Vehicle-In-Transport On Same Roadway,36.04562,-86.71069,False,Crashes_MPO_2020
102670194,2020-03-04,2020,Williamson,,1.0,Property Damage,0,0,,,,,0.0,0.0,0.0,0.0,Daylight,Clear,Motor Vehicle-In-Transport On Same Roadway,35.98534,-86.80095,True,Crashes_MPO_2020
102670627,2020-03-03,2020,Williamson,,1.0,Property Damage,0,0,,,,,0.0,0.0,0.0,0.0,Daylight,Clear,Motor Vehicle-In-Transport On Same Roadway,35.92891,-86.87519,False,Crashes_MPO_2020
102670654,2020-03-04,2020,Davidson,,1.0,Property Damage Under,0,0,,,,,0.0,0.0,0.0,0.0,,,,36.03657,-86.78274,False,Crashes_MPO_2020
102670656,2020-03-04,2020,Davidson,,1.0,Suspected Minor Injury,0,0,,,,,0.0,0.0,0.0,0.0,Dark-Lighted,Clear,Motor Vehicle-In-Motion Outside Trafficway,36.05374,-86.71444,False,Crashes_MPO_2020
102670671,2020-03-04,2020,Williamson,,1.0,Property Damage,0,0,,,,,0.0,0.0,0.0,0.0,Dark-Lighted,Clear,Motor Vehicle-In-Transport On Same Roadway,35.97103,-86.72644,True,Crashes_MPO_2020
102670852,2020-03-04,2020,Williamson,,1.0,Property Damage,0,0,,,,,0.0,0.0,0.0,0.0,Dark-Not Lighted,Clear,Motor Vehicle-In-Transport On Same Roadway,36.01842,-86.75459,True,Crashes_MPO_2020
102671081,2020-03-05,2020,Davidson,,1.0,Property Damage Under,0,0,,,,,0.0,0.0,0.0,0.0,,,,36.04554,-86.71147,False,Crashes_MPO_2020
102671124,2020-03-05,2020,Davidson,,1.0,Property Damage,0,0,,,,,0.0,0.0,0.0,0.0,Daylight,Clear,Motor Vehicle-In-Transport On Same Roadway,35.99757,-86.69086,False,Crashes_MPO_2020
102671144,2020-03-05,2020,Williamson,,1.0,Property Damage,0,0,,,,,0.0,0.0,0.0,0.0,Daylight,Cloudy,Motor Vehicle-In-Transport On Same Roadway,35.99516,-86.77513,True,Crashes_MPO_2020
102671170,2020-03-05,2020,Davidson,,1.0,Property Damage Under,0,0,,,,,0.0,0.0,0.0,0.0,,,,36.04544,-86.71246,False,Crashes_MPO_2020
102671217,2020-03-05,2020,Williamson,,1.0,Property Damage,0,0,,,,,0.0,0.0,0.0,0.0,Daylight,Cloudy,Motor Vehicle-In-Transport On Same Roadway,36.03608,-86.78715,True,Crashes_MPO_2020
102671237,2020-03-05,2020,Williamson,,1.0,Property Damage,0,0,,,,,0.0,0.0,0.0,0.0,Daylight,Clear,Motor Vehicle-In-Transport On Same Roadway,35.96749,-86.81344,True,Crashes_MPO_2020
102671239,2020-03-05,2020,Williamson,,1.0,Possible Injury,0,0,,,,,0.0,0.0,0.0,0.0,Daylight,Clear,Motor Vehicle-In-Transport On Same Roadway,35.967063,-86.80887,True,Crashes_MPO_2020
102671330,2020-03-04,2020,Williamson,,1.0,Property Damage,0,0,,,,,0.0,0.0,0.0,0.0,Dark-Lighted,Cloudy,Motor Vehicle-In-Transport On Same Roadway,35.99667,-86.79704,True,Crashes_MPO_2020
102671340,2020-03-05,2020,Williamson,,1.0,Property Damage,0,0,,,,,0.0,0.0,0.0,0.0,Daylight,Clear,Motor Vehicle-In-Transport On Same Roadway,36.03162,-86.78968,True,Crashes_MPO_2020
102671486,2020-03-05,2020,Williamson,,1.0,Property Damage,0,0,,,,,0.0,0.0,0.0,0.0,Daylight,Clear,Motor Vehicle-In-Transport On Same Roadway,35.98576,-86.67993,False,Crashes_MPO_2020
102671850,2020-03-05,2020,Williamson,,1.0,Property Damage,0,0,,,,,0.0,0.0,0.0,0.0,Dark-Lighted,Clear,Guard Rail End,35.973,-86.80548,True,Crashes_MPO_2020
102672145,2020-03-06,2020,Williamson,,1.0,Property Damage,0,0,,,,,0.0,0.0,0.0,0.0,Daylight,Cloudy,Motor Vehicle-In-Transport On Same Roadway,36.01386,-86.71935,False,Crashes_MPO_2020
102672215,2020-03-05,2020,Williamson,,1.0,Property Damage,0,0,,,,,0.0,0.0,0.0,0.0,Daylight,Clear,Motor Vehicle-In-Transport On Same Roadway,36.0405,-86.86866,True,Crashes_MPO_2020
102672364,2020-03-06,2020,Davidson,,1.0,Property Damage,0,0,,,,,0.0,0.0,0.0,0.0,Daylight,Clear,Motor Vehicle-In-Transport On Same Roadway,36.04114,-86.77621,False,Crashes_MPO_2020
102672373,2020-03-05,2020,Williamson,,1.0,Property Damage,0,0,,,,,0.0,0.0,0.0,0.0,Dark-Lighted,Clear,Motor Vehicle-In-Transport On Same Roadway,35.99489,-86.77877,True,Crashes_MPO_2020
102672456,2020-03-06,2020,Williamson,,1.0,Property Damage,0,0,,,,,0.0,0.0,0.0,0.0,Daylight,Clear,Motor Vehicle-In-Transport On Same Roadway,36.03367,-86.81735,True,Crashes_MPO_2020
102672521,2020-03-05,2020,Williamson,,1.0,Property Damage,0,0,,,,,0.0,0.0,0.0,0.0,Dusk,Clear,Motor Vehicle-In-Transport On Same Roadway,35.92999,-86.86435,False,Crashes_MPO_2020
102672642,2020-03-06,2020,Davidson,,1.0,Property Damage,0,0,,,,,0.0,0.0,0.0,0.0,Daylight,Clear,Motor Vehicle-In-Transport On Same Roadway,36.03998,-86.74291,False,Crashes_MPO_2020
102672662,2020-03-06,2020,Davidson,,1.0,Property Damage,0,0,,,,,0.0,0.0,0.0,0.0,Daylight,Clear,Motor Vehicle-In-Transport On Same Roadway,36.03821,-86.8009,False,Crashes_MPO_2020
102672775,2020-03-06,2020,Davidson,,1.0,Suspected Minor Injury,0,0,,,,,0.0,0.0,0.0,0.0,Daylight,Clear,"Over Turn, Roll Over",36.03089,-86.70668,False,Crashes_MPO_2020
102672892,2020-03-06,2020,Williamson,,1.0,Property Damage,0,0,,,,,0.0,0.0,0.0,0.0,Daylight,Clear,Motor Vehicle-In-Transport On Same Roadway,35.96593,-86.80514,True,Crashes_MPO_2020
102672906,2020-03-06,2020,Williamson,,1.0,Property Damage,0,0,,,,,0.0,0.0,0.0,0.0,Dark-Lighted,Clear,Motor Vehicle-In-Transport On Same Roadway,35.96665,-86.8108,True,Crashes_MPO_2020
102672913,2020-03-06,2020,Williamson,,1.0,Property Damage,0,0,,,,,0.0,0.0,0.0,0.0,Dark-Lighted,Clear,Parked Motor Vehicle,35.95686,-86.81159,False,Crashes_MPO_2020
102673066,2020-03-06,2020,Williamson,,1.0,Property Damage,0,0,,,,,0.0,0.0,0.0,0.0,Dark-Lighted,Clear,Motor Vehicle-In-Transport On Same Roadway,35.93405,-86.81901,False,Crashes_MPO_2020
102673211,2020-02-25,2020,Williamson,,1.0,Property Damage,0,0,,,,,0.0,0.0,0.0,0.0,Daylight,Clear,Motor Vehicle-In-Transport On Same Roadway,35.96732,-86.8148,True,Crashes_MPO_2020
102673227,2020-03-06,2020,Davidson,,1.0,Property Damage Under,0,0,,,,,0.0,0.0,0.0,0.0,,,,36.04522,-86.71664,False,Crashes_MPO_2020
102673370,2020-03-07,2020,Davidson,,1.0,Property Damage,0,0,,,,,0.0,0.0,0.0,0.0,Daylight,Clear,Motor Vehicle-In-Transport On Same Roadway,36.04146,-86.7802,False,Crashes_MPO_2020
102673457,2020-03-07,2020,Williamson,,1.0,Property Damage Under,0,0,,,,,0.0,0.0,0.0,0.0,,,,36.00318,-86.74259,True,Crashes_MPO_2020
102673473,2020-03-07,2020,Davidson,,1.0,Property Damage,0,0,,,,,0.0,0.0,0.0,0.0,Daylight,Clear,Motor Vehicle-In-Transport On Same Roadway,36.03948,-86.78177,False,Crashes_MPO_2020
102673546,2020-03-07,2020,Davidson,,1.0,Property Damage,0,0,,,,,0.0,0.0,0.0,0.0,Daylight,Clear,Motor Vehicle-In-Transport On Same Roadway,36.03976,-86.75434,False,Crashes_MPO_2020
102661569,2020-02-24,2020,Davidson,,1.0,Possible Injury,0,1,,,,,0.0,0.0,0.0,0.0,Daylight,Rain,Non-Motorist Personal Conveyance,36.05366,-86.71502,False,Crashes_MPO_2020
102661617,2020-02-24,2020,Davidson,,1.0,Property Damage,0,0,,,,,0.0,0.0,0.0,0.0,Daylight,Rain,Motor Vehicle-In-Transport On Same Roadway,36.02547,-86.71319,False,Crashes_MPO_2020