mstrrecnbr,collision_ts,year,county,countystat,crash,crash_type,fatalities,non_motorists,commercial,fatal_c,nonmotor_c,truck_c,fatalc,serious_injuries,ped,bike,lighting,weather,first_harmful_event,latitude,longitude,in_city,src_layer
102661775,2020-02-24,2020,Williamson,,1.0,Property Damage,0,0,,,,,0.0,0.0,0.0,0.0,Daylight,Rain,Motor Vehicle-In-Transport On Same Roadway,35.94797,-86.85081,False,Crashes_MPO_2020
102661783,2020-02-24,2020,Williamson,,1.0,Property Damage Under,0,0,,,,,0.0,0.0,0.0,0.0,Daylight,Rain,Motor Vehicle-In-Transport On Same Roadway,35.96372,-86.81053,False,Crashes_MPO_2020
102661817,2020-02-24,2020,Williamson,,1.0,Property Damage Under,0,0,,,,,0.0,0.0,0.0,0.0,,,,36.03641,-86.81069,True,Crashes_MPO_2020
102661818,2020-02-24,2020,Williamson,,1.0,Property Damage,0,0,,,,,0.0,0.0,0.0,0.0,Daylight,Rain,Motor Vehicle-In-Transport On Same Roadway,36.03336,-86.78872,True,Crashes_MPO_2020
102661898,2020-02-24,2020,Williamson,,1.0,Property Damage,0,0,,,,,0.0,0.0,0.0,0.0,Dark-Lighted,Rain,Standing Tree,35.97151,-86.8251,True,Crashes_MPO_2020
102662081,2020-02-24,2020,Williamson,,1.0,Property Damage,0,0,,,,,0.0,0.0,0.0,0.0,Dark-Lighted,Rain,Motor Vehicle-In-Transport On Same Roadway,35.94762,-86.82036,False,Crashes_MPO_2020
102662120,2020-02-25,2020,Davidson,,1.0,Property Damage,0,0,,,,,0.0,0.0,0.0,0.0,Dark-Lighted,Clear,Shrubbery,36.0409,-86.67786,False,Crashes_MPO_2020
102662202,2020-02-24,2020,Williamson,,1.0,Property Damage,0,0,,,,,0.0,0.0,0.0,0.0,Daylight,Rain,Guard Rail Face,35.99218,-86.79884,True,Crashes_MPO_2020
102662214,2020-02-25,2020,Williamson,,1.0,Property Damage Under,0,0,,,,,0.0,0.0,0.0,0.0,Daylight,Clear,Motor Vehicle-In-Transport On Same Roadway,35.95949,-86.80208,False,Crashes_MPO_2020
102662779,2020-02-25,2020,Davidson,,1.0,Property Damage,0,0,,,,,0.0,0.0,0.0,0.0,Daylight,Clear,Motor Vehicle-In-Transport On Same Roadway,36.04541,-86.71277,False,Crashes_MPO_2020
102662783,2020-02-25,2020,Williamson,,1.0,Property Damage,0,0,,,,,0.0,0.0,0.0,0.0,Dark-Lighted,Cloudy,Motor Vehicle-In-Transport On Same Roadway,35.9749,-86.8315,True,Crashes_MPO_2020
102662877,2020-02-24,2020,Davidson,,1.0,Property Damage,0,0,,,,,0.0,0.0,0.0,0.0,Daylight,Cloudy,Motor Vehicle-In-Transport On Same Roadway,36.03272,-86.78357,True,Crashes_MPO_2020
102662878,2020-02-24,2020,Williamson,,1.0,Property Damage,0,0,,,,,0.0,0.0,0.0,0.0,Dark-Not Lighted,Clear,Motor Vehicle-In-Transport On Same Roadway,35.99807,-86.79649,True,Crashes_MPO_2020
102662946,2020-02-25,2020,Davidson,,1.0,Suspected Minor Injury,0,0,,,,,0.0,0.0,0.0,0.0,Dark-Lighted,Clear,Motor Vehicle-In-Transport On Same Roadway,36.04028,-86.76837,False,Crashes_MPO_2020
102662982,2020-02-25,2020,Davidson,,1.0,Property Damage,0,0,,,,,0.0,0.0,0.0,0.0,Dark-Lighted,Clear,Guard Rail Face,36.04051,-86.78238,False,Crashes_MPO_2020
102663224,2020-02-26,2020,Davidson,,1.0,Property Damage,0,0,,,,,0.0,0.0,0.0,0.0,Daylight,Clear,Motor Vehicle-In-Transport On Same Roadway,36.03962,-86.81452,False,Crashes_MPO_2020
102663298,2020-02-26,2020,Davidson,,1.0,Property Damage,0,0,,,,,0.0,0.0,0.0,0.0,Daylight,Rain,Motor Vehicle-In-Transport On Same Roadway,36.04927,-86.71377,False,Crashes_MPO_2020
102663349,2020-02-26,2020,Williamson,,1.0,Possible Injury,0,0,,,,,0.0,0.0,0.0,0.0,Daylight,Clear,Motor Vehicle-In-Transport On Same Roadway,36.01558,-86.7405,False,Crashes_MPO_2020
102663360,2020-02-26,2020,Davidson,,1.0,Possible Injury,0,0,,,,,0.0,0.0,0.0,0.0,Daylight,Cloudy,Motor Vehicle-In-Transport On Same Roadway,36.04517,-86.6997,False,Crashes_MPO_2020
102663453,2020-02-26,2020,Davidson,,1.0,Property Damage,0,0,,,,,0.0,0.0,0.0,0.0,Daylight,Cloudy,Motor Vehicle-In-Transport On Same Roadway,36.04401,-86.69322,False,Crashes_MPO_2020
102663621,2020-02-26,2020,Davidson,,1.0,Possible Injury,0,0,,,,,0.0,0.0,0.0,0.0,Daylight,Cloudy,Motor Vehicle-In-Transport On Same Roadway,36.0399,-86.71278,False,Crashes_MPO_2020
102663763,2020-02-26,2020,Davidson,,1.0,Property Damage,0,0,,,,,0.0,0.0,0.0,0.0,Dark-Lighted,Rain,Motor Vehicle-In-Transport On Same Roadway,36.04681,-86.71343,False,Crashes_MPO_2020
102664146,2020-02-24,2020,Williamson,,1.0,Property Damage,0,0,,,,,0.0,0.0,0.0,0.0,Dark-Not Lighted,Rain,Ditch,35.97212,-86.8641,False,Crashes_MPO_2020
102664159,2020-02-27,2020,Williamson,,1.0,Property Damage,0,0,,,,,0.0,0.0,0.0,0.0,Daylight,Clear,Motor Vehicle-In-Transport On Same Roadway,35.94891,-86.74908,True,Crashes_MPO_2020
102664311,2020-02-27,2020,Davidson,,1.0,Property Damage,0,0,,,,,0.0,0.0,0.0,0.0,Daylight,Clear,Motor Vehicle-In-Transport On Same Roadway,35.99635,-86.68913,False,Crashes_MPO_2020
102664694,2020-02-27,2020,Williamson,,1.0,Property Damage Under,0,0,,,,,0.0,0.0,0.0,0.0,Daylight,Clear,Motor Vehicle-In-Transport On Same Roadway,35.94719,-86.85143,False,Crashes_MPO_2020
102664879,2020-02-27,2020,Davidson,,1.0,Suspected Minor Injury,0,0,,,,,0.0,0.0,0.0,0.0,Dark-Lighted,Clear,Motor Vehicle-In-Transport On Same Roadway,36.04116,-86.77639,False,Crashes_MPO_2020
102664888,2020-02-27,2020,Williamson,,1.0,Property Damage,0,0,,,,,0.0,0.0,0.0,0.0,Daylight,Clear,Motor Vehicle-In-Transport On Same Roadway,35.94638,-86.8229,False,Crashes_MPO_2020
102664904,2020-02-26,2020,Williamson,,1.0,Possible Injury,0,0,,,,,0.0,0.0,0.0,0.0,Dark-Not Lighted,Cloudy,Motor Vehicle-In-Transport On Same Roadway,36.01282,-86.78519,True,Crashes_MPO_2020
102664905,2020-02-26,2020,Williamson,,1.0,Possible Injury,0,0,,,,,0.0,0.0,0.0,0.0,Dark-Not Lighted,Snow,Motor Vehicle-In-Transport On Same Roadway,36.01154,-86.78485,True,Crashes_MPO_2020
102664967,2020-02-27,2020,Williamson,,1.0,Suspected Serious Injury,0,0,,,,,0.0,1.0,0.0,0.0,Dark-Not Lighted,Clear,"Over Turn, Roll Over",35.99821,-86.77921,True,Crashes_MPO_2020
102665171,2020-02-21,2020,Davidson,,1.0,Property Damage,0,0,,,,,0.0,0.0,0.0,0.0,Dark-Lighted,Clear,Motor Vehicle-In-Transport On Same Roadway,36.04072,-86.77971,False,Crashes_MPO_2020
102665172,2020-02-21,2020,Davidson,,1.0,Property Damage,0,0,,,,,0.0,0.0,0.0,0.0,Dark-Lighted,Clear,Motor Vehicle-In-Transport On Same Roadway,36.04199,-86.74395,False,Crashes_MPO_2020
102665359,2020-02-28,2020,Davidson,,1.0,Property Damage,0,0,,,,,0.0,0.0,0.0,0.0,Daylight,Rain,Motor Vehicle-In-Transport On Same Roadway,36.0473,-86.86274,False,Crashes_MPO_2020
102665382,2020-02-28,2020,Williamson,,1.0,Property Damage,0,0,,,,,0.0,0.0,0.0,0.0,Daylight,Cloudy,Motor Vehicle-In-Transport On Same Roadway,35.96459,-86.81455,False,Crashes_MPO_2020
102665383,2020-02-28,2020,Davidson,,1.0,Property Damage,0,0,,,,,0.0,0.0,0.0,0.0,Daylight,Clear,Motor Vehicle-In-Transport On Same Roadway,36.04847,-86.72473,False,Crashes_MPO_2020
102665422,2020-02-28,2020,Davidson,,1.0,Property Damage Under,0,0,,,,,0.0,0.0,0.0,0.0,Daylight,Rain,Motor Vehicle-In-Transport On Same Roadway,36.039,-86.78252,False,Crashes_MPO_2020
102665513,2020-02-28,2020,Williamson,,1.0,Property Damage Under,0,0,,,,,0.0,0.0,0.0,0.0,Daylight,Cloudy,Motor Vehicle-In-Transport On Same Roadway,35.92472,-86.87428,False,Crashes_MPO_2020
102665551,2020-02-27,2020,Williamson,,1.0,Property Damage,0,0,,,,,0.0,0.0,0.0,0.0,Daylight,Clear,Motor Vehicle-In-Transport On Same Roadway,35.95595,-86.81818,False,Crashes_MPO_2020
102665553,2020-02-28,2020,Williamson,,1.0,Property Damage,0,0,,,,,0.0,0.0,0.0,0.0,Dawn,Snow,Deer,35.95462,-86.80399,False,Crashes_MPO_2020
102665748,2020-02-28,2020,Williamson,,1.0,Property Damage,0,0,,,,,0.0,0.0,0.0,0.0,Daylight,Clear,Motor Vehicle-In-Transport On Same Roadway,35.93423,-86.77834,False,Crashes_MPO_2020
102665886,2020-02-28,2020,Davidson,,1.0,Property Damage Under,0,0,,,,,0.0,0.0,0.0,0.0,,,,36.04087,-86.77371,False,Crashes_MPO_2020
102665988,2020-02-28,2020,Davidson,,1.0,Suspected Minor Injury,0,0,,,,,0.0,0.0,0.0,0.0,Daylight,Clear,Motor Vehicle-In-Transport On Same Roadway,36.039,-86.71289,False,Crashes_MPO_2020
102676160,2020-03-10,2020,Williamson,,1.0,Property Damage Under,0,0,,,,,0.0,0.0,0.0,0.0,,,,35.99656,-86.79708,True,Crashes_MPO_2020
102676287,2020-03-10,2020,Williamson,,1.0,Property Damage Under,0,0,,,,,0.0,0.0,0.0,0.0,,,,35.95193,-86.80524,False,Crashes_MPO_2020
102676297,2020-03-10,2020,Davidson,,1.0,Possible Injury,0,0,,,,,0.0,0.0,0.0,0.0,Daylight,Clear,Motor Vehicle-In-Transport On Same Roadway,36.02531,-86.74263,False,Crashes_MPO_2020
102676332,2020-03-10,2020,Williamson,,1.0,Property Damage,0,0,,,,,0.0,0.0,0.0,0.0,Daylight,Cloudy,Concrete Traffic Barrier,36.03076,-86.78381,True,Crashes_MPO_2020
102676345,2020-03-10,2020,Williamson,,1.0,Property Damage,0,0,,,,,0.0,0.0,0.0,0.0,Daylight,Cloudy,Parked Motor Vehicle,35.94173,-86.82104,False,Crashes_MPO_2020
102676427,2020-03-10,2020,Davidson,,1.0,Property Damage,0,0,,,,,0.0,0.0,0.0,0.0,Daylight,Clear,Motor Vehicle-In-Transport On Same Roadway,36.03999,-86.76563,False,Crashes_MPO_2020
102676540,2020-03-10,2020,Williamson,,1.0,Possible Injury,0,0,,,,,0.0,0.0,0.0,0.0,Daylight,Cloudy,Motor Vehicle-In-Transport On Same Roadway,35.95113,-86.81283,False,Crashes_MPO_2020
102676558,2020-03-10,2020,Davidson,,1.0,Suspected Minor Injury,0,0,,,,,0.0,0.0,0.0,0.0,Daylight,Clear,Motor Vehicle-In-Transport On Same Roadway,36.05366,-86.71502,False,Crashes_MPO_2020
102676642,2020-03-10,2020,Davidson,,1.0,Possible Injury,0,0,,,,,0.0,0.0,0.0,0.0,Daylight,Clear,Motor Vehicle-In-Transport On Same Roadway,36.04084,-86.77347,False,Crashes_MPO_2020
102676659,2020-03-10,2020,Williamson,,1.0,Property Damage,0,0,,,,,0.0,0.0,0.0,0.0,Daylight,Clear,Motor Vehicle-In-Transport On Same Roadway,36.03652,-86.80101,True,Crashes_MPO_2020
102676689,2020-03-10,2020,Williamson,,1.0,Possible Injury,0,1,,,,,0.0,0.0,1.0,0.0,Daylight,Rain,Pedestrian,35.9558,-86.81304,False,Crashes_MPO_2020
102676705,2020-03-10,2020,Williamson,,1.0,Property Damage Under,0,0,,,,,0.0,0.0,0.0,0.0,Daylight,Clear,Motor Vehicle-In-Transport On Same Roadway,35.95051,-86.80467,False,Crashes_MPO_2020
102676767,2020-03-10,2020,Davidson,,1.0,Property Damage,0,0,,,,,0.0,0.0,0.0,0.0,Dark-Not Lighted,Cloudy,Motor Vehicle-In-Transport On Same Roadway,36.04227,-86.82598,False,Crashes_MPO_2020
102676967,2020-03-11,2020,Davidson,,1.0,Property Damage,0,0,,,,,0.0,0.0,0.0,0.0,Dark-Lighted,Clear,Deer,36.04862,-86.7436,False,Crashes_MPO_2020
102677079,2020-03-10,2020,Williamson,,1.0,Property Damage,0,0,,,,,0.0,0.0,0.0,0.0,Daylight,Clear,Motor Vehicle-In-Transport On Same Roadway,35.95361,-86.8226,False,Crashes_MPO_2020
102677080,2020-03-10,2020,Williamson,,1.0,Property Damage,0,0,,,,,0.0,0.0,0.0,0.0,Daylight,Clear,Motor Vehicle-In-Transport On Same Roadway,35.9407,-86.83934,False,Crashes_MPO_2020
102677155,2020-03-11,2020,Williamson,,1.0,Property Damage,0,0,,,,,0.0,0.0,0.0,0.0,Daylight,Clear,Fire Hydrant,35.95354,-86.75919,True,Crashes_MPO_2020
102677348,2020-03-11,2020,Williamson,,1.0,Property Damage Under,0,0,,,,,0.0,0.0,0.0,0.0,Daylight,Cloudy,Motor Vehicle-In-Transport On Same Roadway,35.94707,-86.85377,False,Crashes_MPO_2020
102677379,2020-03-11,2020,Williamson,,1.0,Property Damage Under,0,0,,,,,0.0,0.0,0.0,0.0,,,,36.00817,-86.78702,True,Crashes_MPO_2020
102677501,2020-03-11,2020,Williamson,,1.0,Property Damage,0,0,,,,,0.0,0.0,0.0,0.0,Daylight,Rain,Motor Vehicle-In-Transport On Same Roadway,35.96518,-86.80029,True,Crashes_MPO_2020
102677556,2020-03-11,2020,Williamson,,1.0,Property Damage,0,0,,,,,0.0,0.0,0.0,0.0,Daylight,Rain,Motor Vehicle-In-Transport On Same Roadway,35.95395,-86.81778,False,Crashes_MPO_2020
102677602,2020-03-11,2020,Williamson,,1.0,Property Damage,0,0,,,,,0.0,0.0,0.0,0.0,Daylight,Rain,Motor Vehicle-In-Transport On Same Roadway,35.99556,-86.7794,True,Crashes_MPO_2020
102677664,2020-03-11,2020,Williamson,,1.0,Property Damage Under,0,0,,,,,0.0,0.0,0.0,0.0,Daylight,Clear,Motor Vehicle-In-Transport On Same Roadway,35.9456,-86.82313,False,Crashes_MPO_2020
102677787,2020-03-11,2020,Davidson,,1.0,Possible Injury,0,0,,,,,0.0,0.0,0.0,0.0,Dark-Not Lighted,Clear,Motor Vehicle-In-Transport On Same Roadway,36.0405,-86.81639,False,Crashes_MPO_2020
102677796,2020-03-11,2020,Williamson,,1.0,Suspected Minor Injury,0,0,,,,,0.0,0.0,0.0,0.0,Dark-Lighted,Cloudy,Motor Vehicle-In-Transport On Same Roadway,35.974707,-86.805005,True,Crashes_MPO_2020
102677850,2020-03-11,2020,Davidson,,1.0,Possible Injury,0,0,,,,,0.0,0.0,0.0,0.0,Dark-Lighted,Clear,Motor Vehicle-In-Transport On Same Roadway,36.04084,-86.77347,False,Crashes_MPO_2020
102677989,2020-03-12,2020,Williamson,,1.0,Property Damage Under,0,0,,,,,0.0,0.0,0.0,0.0,,,,35.98439,-86.72434,True,Crashes_MPO_2020
102678049,2020-03-12,2020,Davidson,,1.0,Property Damage,0,0,,,,,0.0,0.0,0.0,0.0,Daylight,Clear,Motor Vehicle-In-Transport On Same Roadway,36.04091,-86.77938,False,Crashes_MPO_2020
102678141,2020-03-12,2020,Williamson,,1.0,Property Damage,0,0,,,,,0.0,0.0,0.0,0.0,Daylight,Cloudy,Motor Vehicle-In-Transport On Same Roadway,35.99781,-86.79886,True,Crashes_MPO_2020
102678208,2020-03-12,2020,Davidson,,1.0,Property Damage,0,0,,,,,0.0,0.0,0.0,0.0,Daylight,Cloudy,Motor Vehicle-In-Transport On Same Roadway,36.03352,-86.71298,False,Crashes_MPO_2020
102678380,2020-03-11,2020,Williamson,,1.0,Possible Injury,0,0,,,,,0.0,0.0,0.0,0.0,Dark-Lighted,Clear,Motor Vehicle-In-Transport On Same Roadway,35.96057,-86.80981,False,Crashes_MPO_2020
102678383,2020-03-11,2020,Williamson,,1.0,Property Damage,0,0,,,,,0.0,0.0,0.0,0.0,Daylight,Clear,Motor Vehicle-In-Transport On Same Roadway,35.96721,-86.8135,True,Crashes_MPO_2020
102678413,2020-03-11,2020,Williamson,,1.0,Property Damage,0,0,,,,,0.0,0.0,0.0,0.0,Daylight,Clear,Guard Rail Face,35.99491,-86.82886,True,Crashes_MPO_2020
102678414,2020-03-11,2020,Williamson,,1.0,Property Damage,0,0,,,,,0.0,0.0,0.0,0.0,Dark-Not Lighted,Clear,Embankment Earth,35.99491,-86.82886,True,Crashes_MPO_2020
102678491,2020-03-12,2020,Davidson,,1.0,Property Damage,0,0,,,,,0.0,0.0,0.0,0.0,Daylight,Clear,Motor Vehicle-In-Transport On Same Roadway,36.00952,-86.70168,False,Crashes_MPO_2020
102678653,2020-03-12,2020,Davidson,,1.0,Property Damage,0,0,,,,,0.0,0.0,0.0,0.0,Dark-Lighted,Clear,Motor Vehicle-In-Transport On Same Roadway,36.03844,-86.71311,False,Crashes_MPO_2020
102678661,2020-03-12,2020,Williamson,,1.0,Property Damage,0,0,,,,,0.0,0.0,0.0,0.0,Dark-Lighted,Clear,Deer,35.96944,-86.72782,True,Crashes_MPO_2020
102678727,2020-03-12,2020,Davidson,,1.0,Property Damage,0,0,,,,,0.0,0.0,0.0,0.0,Daylight,Clear,Motor Vehicle-In-Transport On Same Roadway,36.03157,-86.78347,True,Crashes_MPO_2020
102678922,2020-03-12,2020,Williamson,,1.0,Property Damage,0,0,,,,,0.0,0.0,0.0,0.0,Dusk,Clear,Motor Vehicle-In-Transport On Same Roadway,35.94797,-86.81906,False,Crashes_MPO_2020
102678923,2020-03-12,2020,Williamson,,1.0,Possible Injury,0,0,,,,,0.0,0.0,0.0,0.0,Dark-Lighted,Clear,Motor Vehicle-In-Transport On Same Roadway,35.9462,-86.80876,False,Crashes_MPO_2020
102679332,2020-03-13,2020,Davidson,,1.0,Property Damage,0,0,,,,,0.0,0.0,0.0,0.0,Daylight,Clear,Motor Vehicle-In-Transport On Same Roadway,36.03564,-86.78321,False,Crashes_MPO_2020
102679562,2020-03-13,2020,Williamson,,1.0,Property Damage Under,0,0,,,,,0.0,0.0,0.0,0.0,Dawn,Clear,Motor Vehicle-In-Transport On Same Roadway,35.95126,-86.80634,False,Crashes_MPO_2020
102679593,2020-03-13,2020,Williamson,,1.0,Property Damage,0,0,,,,,0.0,0.0,0.0,0.0,Daylight,Cloudy,Standing Tree,35.9351,-86.81068,False,Crashes_MPO_2020
102679864,2020-03-13,2020,Davidson,,1.0,Property Damage,0,0,,,,,0.0,0.0,0.0,0.0,Dark-Lighted,Clear,Motor Vehicle-In-Transport On Same Roadway,36.04534,-86.71351,False,Crashes_MPO_2020
102680316,2020-03-14,2020,Williamson,,1.0,Possible Injury,0,0,,,,,0.0,0.0,0.0,0.0,Daylight,Rain,Motor Vehicle-In-Transport On Same Roadway,36.01392,-86.71935,False,Crashes_MPO_2020
102680538,2020-03-14,2020,Davidson,,1.0,Property Damage,0,0,,,,,0.0,0.0,0.0,0.0,Daylight,Clear,Motor Vehicle-In-Transport On Same Roadway,36.04132,-86.71284,False,Crashes_MPO_2020
102680539,2020-03-14,2020,Davidson,,1.0,Possible Injury,0,0,,,,,0.0,0.0,0.0,0.0,Daylight,Clear,Motor Vehicle-In-Transport On Same Roadway,36.0344,-86.74356,False,Crashes_MPO_2020
102680597,2020-03-14,2020,Williamson,,1.0,Property Damage,0,0,,,,,0.0,0.0,0.0,0.0,Daylight,Cloudy,Motor Vehicle-In-Transport On Same Roadway,35.97464,-86.77607,True,Crashes_MPO_2020
102680677,2020-03-14,2020,Davidson,,1.0,Property Damage Under,0,0,,,,,0.0,0.0,0.0,0.0,,,,36.04142,-86.77996,False,Crashes_MPO_2020
102680729,2020-03-14,2020,Williamson,,1.0,Suspected Minor Injury,0,0,,,,,0.0,0.0,0.0,0.0,Dark-Not Lighted,Rain,Motor Vehicle-In-Transport On Same Roadway,36.03017,-86.78364,True,Crashes_MPO_2020
102680774,2020-03-14,2020,Davidson,,1.0,Property Damage,0,0,,,,,0.0,0.0,0.0,0.0,Dark-Not Lighted,Rain,Motor Vehicle-In-Transport On Same Roadway,36.03431,-86.78313,True,Crashes_MPO_2020
102680919,2020-03-15,2020,Davidson,,1.0,Property Damage,0,0,,,,,0.0,0.0,0.0,0.0,Dark-Lighted,Rain,Mail Box,36.01931,-86.74626,False,Crashes_MPO_2020
102681167,2020-03-15,2020,Williamson,,1.0,Property Damage Under,0,0,,,,,0.0,0.0,0.0,0.0,,,,35.94631,-86.8236,False,Crashes_MPO_2020
102681545,2020-03-15,2020,Davidson,,1.0,Property Damage Under,0,0,,,,,0.0,0.0,0.0,0.0,,,,36.03047,-86.74398,False,Crashes_MPO_2020
102681629,2020-03-14,2020,Williamson,,1.0,Possible Injury,0,0,,,,,0.0,0.0,0.0,0.0,Daylight,Cloudy,Guard Rail Face,36.01118,-86.7849,True,Crashes_MPO_2020
102683968,2020-03-19,2020,Williamson,,1.0,Property Damage,0,0,,,,,0.0,0.0,0.0,0.0,Daylight,Cloudy,Fence,35.95673,-86.71335,False,Crashes_MPO_2020
102681723,2020-03-15,2020,Williamson,,1.0,Possible Injury,0,0,,,,,0.0,0.0,0.0,0.0,Dark-Lighted,Cloudy,Motor Vehicle-In-Transport On Same Roadway,35.94281,-86.81596,False,Crashes_MPO_2020
102682008,2020-03-16,2020,Williamson,,1.0,Property Damage,0,0,,,,,0.0,0.0,0.0,0.0,Daylight,Cloudy,Motor Vehicle-In-Transport On Same Roadway,35.98366,-86.73135,True,Crashes_MPO_2020
102682242,2020-03-16,2020,Williamson,,1.0,Property Damage,0,0,,,,,0.0,0.0,0.0,0.0,Daylight,Cloudy,Motor Vehicle-In-Transport On Same Roadway,35.966683,-86.809149,True,Crashes_MPO_2020
102682280,2020-03-16,2020,Davidson,,1.0,Possible Injury,0,0,,,,,0.0,0.0,0.0,0.0,Daylight,Cloudy,Motor Vehicle-In-Transport On Same Roadway,36.04617,-86.68409,False,Crashes_MPO_2020
102682319,2020-03-16,2020,Davidson,,1.0,Property Damage,0,0,,,,,0.0,0.0,0.0,0.0,Daylight,Cloudy,Motor Vehicle-In-Transport On Same Roadway,36.0269,-86.68083,False,Crashes_MPO_2020
102682525,2020-03-15,2020,Williamson,,1.0,Suspected Minor Injury,0,0,,,,,0.0,0.0,0.0,0.0,Dark-Lighted,Clear,Motor Vehicle-In-Transport On Same Roadway,35.94541,-86.81505,False,Crashes_MPO_2020
102682673,2020-03-17,2020,Davidson,,1.0,Property Damage,0,0,,,,,0.0,0.0,0.0,0.0,Daylight,Rain,Motor Vehicle-In-Transport On Same Roadway,36.03983,-86.74095,False,Crashes_MPO_2020
102682912,2020-03-06,2020,Williamson,,1.0,Property Damage Under,0,0,,,,,0.0,0.0,0.0,0.0,Daylight,Clear,Motor Vehicle-In-Transport On Same Roadway,35.9399,-86.82045,False,Crashes_MPO_2020
102682913,2020-03-13,2020,Williamson,,1.0,Property Damage Under,0,0,,,,,0.0,0.0,0.0,0.0,Daylight,Cloudy,Parked Motor Vehicle,35.93482,-86.8255,False,Crashes_MPO_2020
102682914,2020-03-17,2020,Williamson,,1.0,Property Damage,0,0,,,,,0.0,0.0,0.0,0.0,Daylight,Clear,Motor Vehicle-In-Transport On Same Roadway,35.96648,-86.81375,True,Crashes_MPO_2020
102682990,2020-03-17,2020,Williamson,,1.0,Property Damage Under,0,0,,,,,0.0,0.0,0.0,0.0,,,,36.01786,-86.76749,True,Crashes_MPO_2020
102683111,2020-03-17,2020,Williamson,,1.0,Suspected Minor Injury,0,0,,,,,0.0,0.0,0.0,0.0,Daylight,Cloudy,"Over Turn, Roll Over",36.01055,-86.71975,False,Crashes_MPO_2020
102683350,2020-03-18,2020,Davidson,,1.0,Property Damage Under,0,0,,,,,0.0,0.0,0.0,0.0,,,,36.03797,-86.79777,False,Crashes_MPO_2020
102683517,2020-03-18,2020,Williamson,,1.0,Suspected Minor Injury,0,0,,,,,0.0,0.0,0.0,0.0,Daylight,Rain,Motor Vehicle-In-Transport On Same Roadway,35.99942,-86.74316,True,Crashes_MPO_2020
102683583,2020-03-18,2020,Williamson,,1.0,Suspected Minor Injury,0,0,,,,,0.0,0.0,0.0,0.0,Daylight,Rain,Motor Vehicle-In-Transport On Same Roadway,35.96705,-86.81355,True,Crashes_MPO_2020
102683585,2020-03-18,2020,Williamson,,1.0,Suspected Minor Injury,0,0,,,,,0.0,0.0,0.0,0.0,Daylight,Cloudy,Motor Vehicle-In-Transport On Same Roadway,35.94584,-86.82546,False,Crashes_MPO_2020
102683597,2020-03-18,2020,Williamson,,1.0,Property Damage Under,0,0,,,,,0.0,0.0,0.0,0.0,Daylight,Rain,Motor Vehicle-In-Transport On Same Roadway,35.92894,-86.842,False,Crashes_MPO_2020