mstrrecnbr,collision_ts,year,county,countystat,crash,crash_type,fatalities,non_motorists,commercial,fatal_c,nonmotor_c,truck_c,fatalc,serious_injuries,ped,bike,lighting,weather,first_harmful_event,latitude,longitude,in_city,src_layer
102683648,2020-03-18,2020,Davidson,,1.0,Property Damage Under,0,0,,,,,0.0,0.0,0.0,0.0,,,,36.05277,-86.77516,False,Crashes_MPO_2020
102683704,2020-03-18,2020,Davidson,,1.0,Property Damage,0,0,,,,,0.0,0.0,0.0,0.0,Dark-Not Lighted,Fog,Other Non-Collision,36.02691,-86.68084,False,Crashes_MPO_2020
102683741,2020-03-18,2020,Davidson,,1.0,Property Damage Under,0,0,,,,,0.0,0.0,0.0,0.0,Dark-Lighted,Clear,Motor Vehicle-In-Transport On Same Roadway,36.04537,-86.71326,False,Crashes_MPO_2020
102683811,2020-03-18,2020,Williamson,,1.0,Suspected Minor Injury,0,0,,,,,0.0,0.0,0.0,0.0,Dark-Lighted,Cloudy,Parked Motor Vehicle,35.92429,-86.80069,False,Crashes_MPO_2020
102683829,2020-03-19,2020,Davidson,,1.0,Property Damage,0,0,,,,,0.0,0.0,0.0,0.0,Dark-Not Lighted,Rain,Motor Vehicle-In-Transport On Same Roadway,36.0401,-86.67781,False,Crashes_MPO_2020
102683934,2020-03-15,2020,Williamson,,1.0,Property Damage,0,0,,,,,0.0,0.0,0.0,0.0,Dark-Not Lighted,Clear,Mail Box,36.01768,-86.75873,True,Crashes_MPO_2020
102684238,2020-03-19,2020,Williamson,,1.0,Property Damage,0,0,,,,,0.0,0.0,0.0,0.0,Dark-Not Lighted,Clear,Other Object,35.99197,-86.79867,True,Crashes_MPO_2020
102684620,2020-03-20,2020,Davidson,,1.0,Property Damage Under,0,0,,,,,0.0,0.0,0.0,0.0,Daylight,Rain,Parked Motor Vehicle,36.0404,-86.74358,False,Crashes_MPO_2020
102684841,2020-03-20,2020,Williamson,,1.0,Property Damage,0,0,,,,,0.0,0.0,0.0,0.0,Daylight,Rain,Motor Vehicle-In-Transport On Same Roadway,36.03175,-86.78961,True,Crashes_MPO_2020
102684899,2020-03-20,2020,Williamson,,1.0,Property Damage,0,0,,,,,0.0,0.0,0.0,0.0,Dark-Lighted,Cloudy,Standing Tree,35.97878,-86.75282,True,Crashes_MPO_2020
102684981,2020-03-20,2020,Davidson,,1.0,Property Damage,0,0,,,,,0.0,0.0,0.0,0.0,Dark-Not Lighted,Clear,Ditch,36.04124,-86.82171,False,Crashes_MPO_2020
102685337,2020-03-21,2020,Williamson,,1.0,Property Damage,0,0,,,,,0.0,0.0,0.0,0.0,Dark-Not Lighted,Clear,Mail Box,35.99129,-86.7608,True,Crashes_MPO_2020
102685414,2020-03-21,2020,Davidson,,1.0,Property Damage,0,0,,,,,0.0,0.0,0.0,0.0,Dark-Lighted,Clear,Impact Atten. Crash Cushion,36.03733,-86.71027,False,Crashes_MPO_2020
102685576,2020-03-22,2020,Davidson,,1.0,Property Damage,0,0,,,,,0.0,0.0,0.0,0.0,Daylight,Clear,Motor Vehicle-In-Transport On Same Roadway,36.04528,-86.7141,False,Crashes_MPO_2020
102685667,2020-03-22,2020,Davidson,,1.0,Property Damage,0,0,,,,,0.0,0.0,0.0,0.0,Daylight,Rain,Other Object,36.03926,-86.78276,False,Crashes_MPO_2020
102685806,2020-03-22,2020,Williamson,,1.0,Property Damage,0,0,,,,,0.0,0.0,0.0,0.0,Dark-Not Lighted,Rain,Highway Traffic Sign Post,35.98068,-86.84317,False,Crashes_MPO_2020
102685820,2020-03-23,2020,Davidson,,1.0,Property Damage,0,0,,,,,0.0,0.0,0.0,0.0,Daylight,Clear,Deer,36.04599,-86.8567,False,Crashes_MPO_2020
102685832,2020-03-23,2020,Davidson,,1.0,Suspected Minor Injury,0,0,,,,,0.0,0.0,0.0,0.0,Dark-Lighted,Rain,Motor Vehicle-In-Transport On Same Roadway,36.0453,-86.70168,False,Crashes_MPO_2020
102685845,2020-03-20,2020,Williamson,,1.0,Property Damage,0,0,,,,,0.0,0.0,0.0,0.0,Daylight,Rain,Motor Vehicle-In-Transport On Same Roadway,35.96471,-86.81499,True,Crashes_MPO_2020
102685938,2020-03-23,2020,Williamson,,1.0,Property Damage,0,0,,,,,0.0,0.0,0.0,0.0,Daylight,Rain,Concrete Traffic Barrier,36.03268,-86.78358,True,Crashes_MPO_2020
102686071,2020-03-23,2020,Williamson,,1.0,Property Damage,0,0,,,,,0.0,0.0,0.0,0.0,Daylight,Clear,Motor Vehicle-In-Transport On Same Roadway,35.932,-86.80177,False,Crashes_MPO_2020
102673882,2020-03-07,2020,Williamson,,1.0,Property Damage,0,0,,,,,0.0,0.0,0.0,0.0,Dark-Lighted,Clear,Motor Vehicle-In-Transport On Same Roadway,35.94687,-86.85168,False,Crashes_MPO_2020
102673975,2020-03-07,2020,Davidson,,1.0,Suspected Minor Injury,0,0,,,,,0.0,0.0,0.0,0.0,Daylight,Clear,Motor Vehicle-In-Transport On Same Roadway,36.04678,-86.71545,False,Crashes_MPO_2020
102674038,2020-03-07,2020,Williamson,,1.0,Property Damage Under,0,0,,,,,0.0,0.0,0.0,0.0,,,,35.95586,-86.81728,False,Crashes_MPO_2020
102674140,2020-03-07,2020,Davidson,,1.0,Possible Injury,0,0,,,,,0.0,0.0,0.0,0.0,Dark-Lighted,Clear,Motor Vehicle-In-Transport On Same Roadway,36.04028,-86.76837,False,Crashes_MPO_2020
102674331,2020-03-08,2020,Williamson,,1.0,Property Damage,0,0,,,,,0.0,0.0,0.0,0.0,Dark-Lighted,Clear,Other Non-Collision,35.99297,-86.75773,True,Crashes_MPO_2020
102674383,2020-03-06,2020,Williamson,,1.0,Property Damage,0,0,,,,,0.0,0.0,0.0,0.0,Dark-Lighted,Clear,Motor Vehicle-In-Transport On Same Roadway,35.94631,-86.8236,False,Crashes_MPO_2020
102674593,2020-03-06,2020,Williamson,,1.0,Property Damage,0,0,,,,,0.0,0.0,0.0,0.0,Daylight,Clear,Motor Vehicle-In-Transport On Same Roadway,36.00097,-86.79444,True,Crashes_MPO_2020
102675068,2020-03-08,2020,Davidson,,1.0,Property Damage,0,0,,,,,0.0,0.0,0.0,0.0,Dark-Lighted,Clear,Motor Vehicle-In-Transport On Same Roadway,36.0252,-86.71302,False,Crashes_MPO_2020
102675231,2020-03-09,2020,Davidson,,1.0,Property Damage,0,0,,,,,0.0,0.0,0.0,0.0,Daylight,Clear,Motor Vehicle-In-Transport On Same Roadway,36.03998,-86.7813,False,Crashes_MPO_2020
102675437,2020-03-09,2020,Williamson,,1.0,Property Damage,0,0,,,,,0.0,0.0,0.0,0.0,Daylight,Clear,Motor Vehicle-In-Transport On Same Roadway,35.98555,-86.71404,True,Crashes_MPO_2020
102675647,2020-03-09,2020,Williamson,,1.0,Property Damage,0,0,,,,,0.0,0.0,0.0,0.0,Daylight,Clear,Motor Vehicle-In-Transport On Same Roadway,35.99781,-86.79886,True,Crashes_MPO_2020
102675785,2020-03-09,2020,Williamson,,1.0,Property Damage,0,0,,,,,0.0,0.0,0.0,0.0,Daylight,Cloudy,Motor Vehicle-In-Transport On Same Roadway,35.99231,-86.75608,True,Crashes_MPO_2020
102676012,2020-03-09,2020,Davidson,,1.0,Property Damage Under,0,0,,,,,0.0,0.0,0.0,0.0,,,,36.05366,-86.71502,False,Crashes_MPO_2020
102676132,2020-03-10,2020,Williamson,,1.0,Property Damage,0,0,,,,,0.0,0.0,0.0,0.0,Dawn,Rain,Motor Vehicle-In-Transport On Same Roadway,35.92703,-86.86845,False,Crashes_MPO_2020
102686354,2020-03-24,2020,Davidson,,1.0,Suspected Minor Injury,0,0,,,,,0.0,0.0,0.0,0.0,Daylight,Rain,Standing Tree,36.04201,-86.8162,False,Crashes_MPO_2020
102686374,2020-03-24,2020,Williamson,,1.0,Suspected Minor Injury,0,0,,,,,0.0,0.0,0.0,0.0,Daylight,Cloudy,Bridge/Pier Abutment,35.92908,-86.85628,False,Crashes_MPO_2020
102686558,2020-03-17,2020,Williamson,,1.0,Possible Injury,0,0,,,,,0.0,0.0,0.0,0.0,Dark-Lighted,Clear,Motor Vehicle-In-Transport On Same Roadway,35.97776,-86.80359,True,Crashes_MPO_2020
102686765,2020-03-25,2020,Williamson,,1.0,Property Damage,0,0,,,,,0.0,0.0,0.0,0.0,Daylight,Clear,Standing Tree,35.9524,-86.682,False,Crashes_MPO_2020
102686798,2020-03-25,2020,Williamson,,1.0,Suspected Minor Injury,0,0,,,,,0.0,0.0,0.0,0.0,Daylight,Clear,Motor Vehicle-In-Transport On Same Roadway,35.93407,-86.81875,False,Crashes_MPO_2020
102687135,2020-03-25,2020,Williamson,,1.0,Fatal,1,1,,,,,1.0,0.0,0.0,0.0,Dusk,Clear,Embankment Earth,35.97666,-86.764,True,Crashes_MPO_2020
102687313,2020-03-27,2020,Davidson,,1.0,Property Damage,0,0,,,,,0.0,0.0,0.0,0.0,Dark-Unknown Lighting,Clear,Mail Box,36.02583,-86.72072,False,Crashes_MPO_2020
102687370,2020-03-27,2020,Davidson,,1.0,Property Damage,0,0,,,,,0.0,0.0,0.0,0.0,Daylight,Cloudy,Motor Vehicle-In-Transport On Same Roadway,36.04411,-86.71312,False,Crashes_MPO_2020
102687433,2020-03-24,2020,Williamson,,1.0,Suspected Minor Injury,0,0,,,,,0.0,0.0,0.0,0.0,Daylight,Rain,Motor Vehicle-In-Transport On Same Roadway,36.02106,-86.78735,True,Crashes_MPO_2020
102687455,2020-03-27,2020,Williamson,,1.0,Property Damage Under,0,0,,,,,0.0,0.0,0.0,0.0,Daylight,Cloudy,Motor Vehicle-In-Transport On Same Roadway,35.92321,-86.87307,False,Crashes_MPO_2020
102687458,2020-03-27,2020,Williamson,,1.0,Property Damage Under,0,0,,,,,0.0,0.0,0.0,0.0,Daylight,Cloudy,Motor Vehicle-In-Transport On Same Roadway,35.94791,-86.81995,False,Crashes_MPO_2020
102687493,2020-03-27,2020,Davidson,,1.0,Property Damage Under,0,0,,,,,0.0,0.0,0.0,0.0,Daylight,Clear,Motor Vehicle-In-Transport On Same Roadway,36.05022,-86.714,False,Crashes_MPO_2020
102687537,2020-03-27,2020,Williamson,,1.0,Suspected Minor Injury,0,0,,,,,0.0,0.0,0.0,0.0,Daylight,Cloudy,Motor Vehicle-In-Transport On Same Roadway,35.94875,-86.81966,False,Crashes_MPO_2020
102687730,2020-03-28,2020,Davidson,,1.0,Property Damage,0,0,,,,,0.0,0.0,0.0,0.0,Daylight,Clear,Motor Vehicle-In-Transport On Same Roadway,36.03795,-86.78644,False,Crashes_MPO_2020
102687789,2020-03-28,2020,Davidson,,1.0,Possible Injury,0,0,,,,,0.0,0.0,0.0,0.0,Daylight,Cloudy,Motor Vehicle-In-Transport On Same Roadway,36.04522,-86.71479,False,Crashes_MPO_2020
102687985,2020-03-29,2020,Williamson,,1.0,Property Damage,0,0,,,,,0.0,0.0,0.0,0.0,Dark-Lighted,Rain,Other Object,36.00914,-86.78046,True,Crashes_MPO_2020
102691922,2020-04-09,2020,Davidson,,1.0,Property Damage,0,0,,,,,0.0,0.0,0.0,0.0,Daylight,Clear,Motor Vehicle-In-Transport On Same Roadway,36.04542,-86.71835,False,Crashes_MPO_2020
102688295,2020-03-29,2020,Williamson,,1.0,Property Damage,0,0,,,,,0.0,0.0,0.0,0.0,Dark-Lighted,Clear,Motor Vehicle-In-Transport On Same Roadway,35.97471,-86.80489,True,Crashes_MPO_2020
102688300,2020-03-29,2020,Davidson,,1.0,Property Damage,0,0,,,,,0.0,0.0,0.0,0.0,Dark-Lighted,Clear,Fire Hydrant,36.04007,-86.70294,False,Crashes_MPO_2020
102693524,2020-04-17,2020,Davidson,,1.0,Property Damage,0,0,,,,,0.0,0.0,0.0,0.0,Daylight,Clear,Motor Vehicle-In-Transport On Same Roadway,36.02564,-86.71128,False,Crashes_MPO_2020
102688382,2020-03-30,2020,Davidson,,1.0,Property Damage,0,0,,,,,0.0,0.0,0.0,0.0,Daylight,Clear,Motor Vehicle-In-Transport On Same Roadway,36.03758,-86.78511,False,Crashes_MPO_2020
102688483,2020-03-30,2020,Davidson,,1.0,Property Damage,0,0,,,,,0.0,0.0,0.0,0.0,Daylight,Clear,Motor Vehicle-In-Transport On Same Roadway,36.04827,-86.86622,False,Crashes_MPO_2020
102688546,2020-03-30,2020,Davidson,,1.0,Property Damage,0,0,,,,,0.0,0.0,0.0,0.0,Dark-Lighted,Clear,Motor Vehicle-In-Transport On Same Roadway,36.0454,-86.70315,False,Crashes_MPO_2020
102688565,2020-03-30,2020,Williamson,,1.0,Property Damage,0,0,,,,,0.0,0.0,0.0,0.0,Daylight,Clear,Motor Vehicle-In-Transport On Same Roadway,35.96593,-86.80793,False,Crashes_MPO_2020
102688571,2020-03-29,2020,Williamson,,1.0,Property Damage Under,0,0,,,,,0.0,0.0,0.0,0.0,Daylight,Clear,Motor Vehicle-In-Transport On Same Roadway,35.92641,-86.82447,False,Crashes_MPO_2020
102688590,2020-03-29,2020,Davidson,,1.0,Property Damage,0,0,,,,,0.0,0.0,0.0,0.0,Dark-Lighted,Clear,Parked Motor Vehicle,36.03844,-86.70714,False,Crashes_MPO_2020
102688768,2020-03-31,2020,Williamson,,1.0,Property Damage,0,0,,,,,0.0,0.0,0.0,0.0,Unknown,Cloudy,Motor Vehicle-In-Transport On Same Roadway,35.93501,-86.8252,False,Crashes_MPO_2020
102688913,2020-03-30,2020,Williamson,,1.0,Suspected Minor Injury,0,0,,,,,0.0,0.0,0.0,0.0,Daylight,Clear,Motor Vehicle-In-Transport On Same Roadway,35.95145,-86.81296,False,Crashes_MPO_2020
102689103,2020-04-01,2020,Davidson,,1.0,Suspected Minor Injury,0,0,,,,,0.0,0.0,0.0,0.0,Daylight,Clear,Motor Vehicle-In-Transport On Same Roadway,36.04125,-86.71266,False,Crashes_MPO_2020
102689178,2020-04-01,2020,Davidson,,1.0,Property Damage Under,0,0,,,,,0.0,0.0,0.0,0.0,,,,36.05151,-86.71436,False,Crashes_MPO_2020
102689182,2020-04-01,2020,Davidson,,1.0,Possible Injury,0,0,,,,,0.0,0.0,0.0,0.0,Dark-Lighted,Clear,Motor Vehicle-In-Transport On Same Roadway,36.05151,-86.71436,False,Crashes_MPO_2020
102689183,2020-04-01,2020,Williamson,,1.0,Possible Injury,0,0,,,,,0.0,0.0,0.0,0.0,Dark-Lighted,Clear,Motor Vehicle-In-Transport On Same Roadway,35.96721,-86.8135,True,Crashes_MPO_2020
102689298,2020-04-01,2020,Williamson,,1.0,Property Damage,0,0,,,,,0.0,0.0,0.0,0.0,Dusk,Clear,Parked Motor Vehicle,35.94489,-86.82843,False,Crashes_MPO_2020
102689322,2020-04-02,2020,Davidson,,1.0,Property Damage,0,0,,,,,0.0,0.0,0.0,0.0,Daylight,Clear,Motor Vehicle-In-Transport On Same Roadway,36.03812,-86.7998,False,Crashes_MPO_2020
102689539,2020-04-03,2020,Williamson,,1.0,Property Damage Under,0,0,,,,,0.0,0.0,0.0,0.0,,,,35.94724,-86.68951,False,Crashes_MPO_2020
102689639,2020-04-03,2020,Williamson,,1.0,Property Damage Under,0,0,,,,,0.0,0.0,0.0,0.0,,,,35.966741,-86.80906,True,Crashes_MPO_2020
102689844,2020-04-03,2020,Williamson,,1.0,Property Damage,0,0,,,,,0.0,0.0,0.0,0.0,Daylight,Clear,Deer,35.96982,-86.72188,True,Crashes_MPO_2020
102689878,2020-04-04,2020,Davidson,,1.0,Possible Injury,0,0,,,,,0.0,0.0,0.0,0.0,Daylight,Clear,"Over Turn, Roll Over",36.041,-86.74372,False,Crashes_MPO_2020
102690236,2020-04-05,2020,Williamson,,1.0,Property Damage,0,0,,,,,0.0,0.0,0.0,0.0,Daylight,Clear,Motor Vehicle-In-Transport On Same Roadway,35.96522,-86.79641,True,Crashes_MPO_2020
102690252,2020-04-05,2020,Williamson,,1.0,Property Damage,0,0,,,,,0.0,0.0,0.0,0.0,Daylight,Clear,Culvert,35.98895,-86.73317,True,Crashes_MPO_2020
102690286,2020-04-05,2020,Williamson,,1.0,Suspected Minor Injury,0,0,,,,,0.0,0.0,0.0,0.0,Daylight,Clear,Motor Vehicle-In-Transport On Same Roadway,35.94798,-86.81714,False,Crashes_MPO_2020
102690292,2020-04-05,2020,Williamson,,1.0,Property Damage,0,0,,,,,0.0,0.0,0.0,0.0,Daylight,Clear,Motor Vehicle-In-Transport On Same Roadway,35.94706,-86.82183,False,Crashes_MPO_2020
102690442,2020-04-06,2020,Williamson,,1.0,Property Damage,0,0,,,,,0.0,0.0,0.0,0.0,Daylight,Clear,Luminaire Light Support,36.03649,-86.80034,True,Crashes_MPO_2020
102690475,2020-04-06,2020,Williamson,,1.0,Property Damage,0,0,,,,,0.0,0.0,0.0,0.0,Daylight,Clear,Parked Motor Vehicle,35.94297,-86.73902,True,Crashes_MPO_2020
102690505,2020-04-06,2020,Davidson,,1.0,Suspected Minor Injury,0,0,,,,,0.0,0.0,0.0,0.0,Daylight,Clear,Standing Tree,36.0255,-86.7143,False,Crashes_MPO_2020
102690582,2020-04-01,2020,Williamson,,1.0,Property Damage,0,0,,,,,0.0,0.0,0.0,0.0,Daylight,Clear,Motor Vehicle-In-Transport On Same Roadway,35.97889,-86.80319,True,Crashes_MPO_2020
102690612,2020-04-07,2020,Davidson,,1.0,Possible Injury,0,0,,,,,0.0,0.0,0.0,0.0,Daylight,Clear,Standing Tree,36.03972,-86.75805,False,Crashes_MPO_2020
102690839,2020-04-02,2020,Williamson,,1.0,Property Damage,0,0,,,,,0.0,0.0,0.0,0.0,Dark-Not Lighted,Cloudy,Guard Rail End,35.95218,-86.68057,False,Crashes_MPO_2020
102690927,2020-04-08,2020,Williamson,,1.0,Property Damage,0,0,,,,,0.0,0.0,0.0,0.0,Daylight,Cloudy,Motor Vehicle-In-Transport On Same Roadway,35.92985,-86.82417,False,Crashes_MPO_2020
102691003,2020-04-08,2020,Williamson,,1.0,Property Damage,0,0,,,,,0.0,0.0,0.0,0.0,Daylight,Clear,Motor Vehicle-In-Transport On Same Roadway,35.96798,-86.81833,True,Crashes_MPO_2020
102691048,2020-04-08,2020,Williamson,,1.0,Property Damage,0,0,,,,,0.0,0.0,0.0,0.0,Dark-Lighted,Clear,Motor Vehicle-In-Transport On Same Roadway,35.95721,-86.84339,False,Crashes_MPO_2020
102691069,2020-04-08,2020,Davidson,,1.0,Possible Injury,0,0,,,,,0.0,0.0,0.0,0.0,Dark-Not Lighted,Rain,Motor Vehicle-In-Transport On Same Roadway,36.04258,-86.70048,False,Crashes_MPO_2020
102691085,2020-04-08,2020,Davidson,,1.0,Property Damage,0,0,,,,,0.0,0.0,0.0,0.0,Dark-Not Lighted,Rain,Guard Rail Face,36.02461,-86.74349,False,Crashes_MPO_2020
102691218,2020-04-09,2020,Davidson,,1.0,Property Damage,0,0,,,,,0.0,0.0,0.0,0.0,Daylight,Clear,Motor Vehicle-In-Transport On Same Roadway,36.04653,-86.68335,False,Crashes_MPO_2020
102691247,2020-04-08,2020,Williamson,,1.0,Property Damage,0,0,,,,,0.0,0.0,0.0,0.0,Daylight,Clear,Motor Vehicle-In-Transport On Same Roadway,36.03641,-86.81069,True,Crashes_MPO_2020
102691307,2020-04-09,2020,Williamson,,1.0,Property Damage,0,0,,,,,0.0,0.0,0.0,0.0,Daylight,Clear,Motor Vehicle-In-Transport On Same Roadway,35.99156,-86.79881,True,Crashes_MPO_2020
102691315,2020-04-09,2020,Williamson,,1.0,Property Damage,0,0,,,,,0.0,0.0,0.0,0.0,Daylight,Cloudy,Standing Tree,35.97824,-86.7572,True,Crashes_MPO_2020
102691344,2020-04-09,2020,Davidson,,1.0,Property Damage,0,0,,,,,0.0,0.0,0.0,0.0,Daylight,Clear,Motor Vehicle-In-Transport On Same Roadway,36.04689,-86.67938,False,Crashes_MPO_2020
102691381,2020-04-10,2020,Davidson,,1.0,Property Damage,0,0,,,,,0.0,0.0,0.0,0.0,Dark-Lighted,Clear,Other Non-Collision,36.05282,-86.68747,False,Crashes_MPO_2020
102691439,2020-04-10,2020,Davidson,,1.0,Suspected Serious Injury,0,0,,,,,0.0,1.0,0.0,0.0,Daylight,Clear,Motor Vehicle-In-Transport On Same Roadway,36.04484,-86.68644,False,Crashes_MPO_2020
102691440,2020-04-10,2020,Williamson,,1.0,Property Damage,0,0,,,,,0.0,0.0,0.0,0.0,Daylight,Clear,Motor Vehicle-In-Transport On Same Roadway,35.96705,-86.81355,True,Crashes_MPO_2020
102691481,2020-04-10,2020,Williamson,,1.0,Property Damage Under,0,0,,,,,0.0,0.0,0.0,0.0,,,,35.9667,-86.81121,True,Crashes_MPO_2020
102691541,2020-04-10,2020,Williamson,,1.0,Property Damage,0,0,,,,,0.0,0.0,0.0,0.0,Daylight,Clear,Motor Vehicle-In-Transport On Same Roadway,36.03669,-86.79086,True,Crashes_MPO_2020
102691577,2020-04-10,2020,Davidson,,1.0,Suspected Minor Injury,0,0,,,,,0.0,0.0,0.0,0.0,Daylight,Clear,Motor Vehicle-In-Transport On Same Roadway,36.05084,-86.7181,False,Crashes_MPO_2020
102691607,2020-04-10,2020,Davidson,,1.0,Possible Injury,0,0,,,,,0.0,0.0,0.0,0.0,Daylight,Clear,Motor Vehicle-In-Transport On Same Roadway,36.0344,-86.74356,False,Crashes_MPO_2020
102691657,2020-04-10,2020,Davidson,,1.0,Suspected Minor Injury,0,0,,,,,0.0,0.0,0.0,0.0,Daylight,Clear,Motor Vehicle-In-Transport On Same Roadway,36.04025,-86.76837,False,Crashes_MPO_2020
102691742,2020-04-11,2020,Davidson,,1.0,Possible Injury,0,0,,,,,0.0,0.0,0.0,0.0,Dark-Lighted,Clear,Motor Vehicle-In-Transport On Same Roadway,36.04001,-86.74347,False,Crashes_MPO_2020
102691842,2020-04-11,2020,Williamson,,1.0,Property Damage,0,0,,,,,0.0,0.0,0.0,0.0,Daylight,Clear,Motor Vehicle-In-Transport On Same Roadway,35.9436,-86.82023,False,Crashes_MPO_2020
102692156,2020-04-12,2020,Williamson,,1.0,Property Damage,0,0,,,,,0.0,0.0,0.0,0.0,Daylight,Rain,Concrete Traffic Barrier,35.92373,-86.82261,False,Crashes_MPO_2020
102692430,2020-04-13,2020,Williamson,,1.0,Property Damage,0,0,,,,,0.0,0.0,0.0,0.0,Daylight,Clear,Motor Vehicle-In-Transport On Same Roadway,35.98705,-86.80769,True,Crashes_MPO_2020
102692538,2020-04-13,2020,Davidson,,1.0,Property Damage,0,0,,,,,0.0,0.0,0.0,0.0,Daylight,Clear,Motor Vehicle-In-Transport On Same Roadway,36.02492,-86.86444,False,Crashes_MPO_2020
102692849,2020-04-06,2020,Williamson,,1.0,Property Damage,0,0,,,,,0.0,0.0,0.0,0.0,Daylight,Clear,Ditch,35.94792,-86.69909,False,Crashes_MPO_2020
102692887,2020-04-15,2020,Davidson,,1.0,Possible Injury,0,0,,,,,0.0,0.0,0.0,0.0,Daylight,Clear,Motor Vehicle-In-Transport On Same Roadway,36.04543,-86.70361,False,Crashes_MPO_2020
102692894,2020-04-15,2020,Davidson,,1.0,Property Damage,0,0,,,,,0.0,0.0,0.0,0.0,Dark-Lighted,Unknown,Parked Motor Vehicle,36.04518,-86.73221,False,Crashes_MPO_2020
102692908,2020-04-15,2020,Williamson,,1.0,Property Damage,0,0,,,,,0.0,0.0,0.0,0.0,Daylight,Clear,Mail Box,35.92633,-86.78412,False,Crashes_MPO_2020
102692928,2020-04-15,2020,Williamson,,1.0,Property Damage,0,0,,,,,0.0,0.0,0.0,0.0,Daylight,Clear,Parked Motor Vehicle,35.96906,-86.70415,True,Crashes_MPO_2020
102692932,2020-04-15,2020,Davidson,,1.0,Property Damage,0,0,,,,,0.0,0.0,0.0,0.0,Daylight,Clear,Motor Vehicle-In-Transport On Same Roadway,36.04408,-86.71312,False,Crashes_MPO_2020
102692964,2020-04-15,2020,Davidson,,1.0,Property Damage,0,0,,,,,0.0,0.0,0.0,0.0,Daylight,Clear,Utility Pole,36.04393,-86.6933,False,Crashes_MPO_2020
102692973,2020-04-15,2020,Davidson,,1.0,Property Damage,0,0,,,,,0.0,0.0,0.0,0.0,Daylight,Clear,Motor Vehicle-In-Transport On Same Roadway,36.04547,-86.7122,False,Crashes_MPO_2020
102693077,2020-04-15,2020,Williamson,,1.0,Property Damage,0,0,,,,,0.0,0.0,0.0,0.0,Daylight,Clear,Motor Vehicle-In-Transport On Same Roadway,35.93731,-86.87881,False,Crashes_MPO_2020
102693147,2020-04-16,2020,Williamson,,1.0,Suspected Minor Injury,0,0,,,,,0.0,0.0,0.0,0.0,Daylight,Clear,Curb,35.92957,-86.84187,False,Crashes_MPO_2020
102693162,2020-04-16,2020,Davidson,,1.0,Property Damage,0,0,,,,,0.0,0.0,0.0,0.0,Daylight,Clear,Motor Vehicle-In-Transport On Same Roadway,36.0496,-86.74414,False,Crashes_MPO_2020
102693282,2020-04-16,2020,Williamson,,1.0,Possible Injury,0,0,,,,,0.0,0.0,0.0,0.0,Daylight,Clear,Other Non-Collision,35.94967,-86.81918,False,Crashes_MPO_2020