mstrrecnbr,collision_ts,year,county,countystat,crash,crash_type,fatalities,non_motorists,commercial,fatal_c,nonmotor_c,truck_c,fatalc,serious_injuries,ped,bike,lighting,weather,first_harmful_event,latitude,longitude,in_city,src_layer
102693305,2020-04-16,2020,Davidson,,1.0,Property Damage,0,0,,,,,0.0,0.0,0.0,0.0,Daylight,Clear,Motor Vehicle-In-Transport On Same Roadway,36.04562,-86.7199,False,Crashes_MPO_2020
102693679,2020-04-17,2020,Williamson,,1.0,Property Damage,0,0,,,,,0.0,0.0,0.0,0.0,Dark-Not Lighted,Rain,Concrete Traffic Barrier,36.03228,-86.78338,True,Crashes_MPO_2020
102693717,2020-04-17,2020,Williamson,,1.0,Property Damage,0,0,,,,,0.0,0.0,0.0,0.0,Daylight,Clear,Motor Vehicle-In-Transport On Same Roadway,35.97334,-86.83305,True,Crashes_MPO_2020
102694011,2020-04-19,2020,Davidson,,1.0,Property Damage,0,0,,,,,0.0,0.0,0.0,0.0,Dark-Lighted,Clear,Mail Box,36.05248,-86.6922,False,Crashes_MPO_2020
102694020,2020-04-19,2020,Davidson,,1.0,Property Damage,0,0,,,,,0.0,0.0,0.0,0.0,Dark-Unknown Lighting,Clear,Other Non-Collision,36.04872,-86.69271,False,Crashes_MPO_2020
102694040,2020-04-18,2020,Davidson,,1.0,Property Damage,0,0,,,,,0.0,0.0,0.0,0.0,Daylight,Clear,Motor Vehicle-In-Transport On Same Roadway,36.04574,-86.72527,False,Crashes_MPO_2020
102694088,2020-04-19,2020,Davidson,,1.0,Property Damage,0,0,,,,,0.0,0.0,0.0,0.0,Daylight,Clear,Motor Vehicle-In-Transport On Same Roadway,36.05283,-86.67832,False,Crashes_MPO_2020
102694175,2020-04-19,2020,Davidson,,1.0,Property Damage,0,0,,,,,0.0,0.0,0.0,0.0,Daylight,Rain,Ditch,36.04322,-86.7818,False,Crashes_MPO_2020
102694245,2020-04-19,2020,Davidson,,1.0,Property Damage Under,0,0,,,,,0.0,0.0,0.0,0.0,Dark-Lighted,Rain,Motor Vehicle-In-Transport On Same Roadway,36.05151,-86.71436,False,Crashes_MPO_2020
102694417,2020-04-17,2020,Williamson,,1.0,Possible Injury,0,0,,,,,0.0,0.0,0.0,0.0,Daylight,Cloudy,Standing Tree,36.0106,-86.86187,False,Crashes_MPO_2020
102694502,2020-04-20,2020,Williamson,,1.0,Property Damage,0,0,,,,,0.0,0.0,0.0,0.0,Daylight,Clear,Motor Vehicle-In-Transport On Same Roadway,35.92648,-86.8663,False,Crashes_MPO_2020
102694598,2020-04-20,2020,Davidson,,1.0,Property Damage,0,0,,,,,0.0,0.0,0.0,0.0,Dark-Lighted,Clear,Fence,36.03256,-86.71136,False,Crashes_MPO_2020
102694745,2020-04-21,2020,Williamson,,1.0,Property Damage,0,0,,,,,0.0,0.0,0.0,0.0,Daylight,Clear,Motor Vehicle-In-Transport On Same Roadway,36.01278,-86.80086,True,Crashes_MPO_2020
102694759,2020-04-21,2020,Williamson,,1.0,Property Damage Under,0,0,,,,,0.0,0.0,0.0,0.0,Daylight,Clear,Motor Vehicle-In-Transport On Same Roadway,35.94664,-86.81957,False,Crashes_MPO_2020
102694788,2020-04-21,2020,Williamson,,1.0,Property Damage,0,0,,,,,0.0,0.0,0.0,0.0,Daylight,Clear,Motor Vehicle-In-Transport On Same Roadway,35.92364,-86.76698,False,Crashes_MPO_2020
102694808,2020-04-21,2020,Williamson,,1.0,Property Damage,0,0,,,,,0.0,0.0,0.0,0.0,Daylight,Clear,Motor Vehicle-In-Transport On Same Roadway,35.94612,-86.82346,False,Crashes_MPO_2020
102694848,2020-04-21,2020,Williamson,,1.0,Property Damage,0,0,,,,,0.0,0.0,0.0,0.0,Daylight,Clear,Motor Vehicle-In-Transport On Same Roadway,35.93298,-86.78238,False,Crashes_MPO_2020
102694888,2020-04-21,2020,Davidson,,1.0,Property Damage,0,0,,,,,0.0,0.0,0.0,0.0,Daylight,Clear,Motor Vehicle-In-Transport On Same Roadway,36.04545,-86.70396,False,Crashes_MPO_2020
102694975,2020-04-22,2020,Davidson,,1.0,Property Damage,0,0,,,,,0.0,0.0,0.0,0.0,Daylight,Clear,Motor Vehicle-In-Transport On Same Roadway,36.04479,-86.72487,False,Crashes_MPO_2020
102703351,2020-05-11,2020,Williamson,,1.0,Property Damage,0,0,,,,,0.0,0.0,0.0,0.0,Daylight,Clear,Motor Vehicle-In-Transport On Same Roadway,36.02803,-86.79165,True,Crashes_MPO_2020
102703621,2020-05-12,2020,Williamson,,1.0,Possible Injury,0,0,,,,,0.0,0.0,0.0,0.0,Daylight,Cloudy,Standing Tree,35.93532,-86.82334,False,Crashes_MPO_2020
102703624,2020-05-11,2020,Williamson,,1.0,Property Damage,0,0,,,,,0.0,0.0,0.0,0.0,Daylight,Clear,Motor Vehicle-In-Transport On Same Roadway,35.96574,-86.82291,True,Crashes_MPO_2020
102703865,2020-05-12,2020,Davidson,,1.0,Property Damage,0,0,,,,,0.0,0.0,0.0,0.0,Daylight,Clear,Motor Vehicle-In-Transport On Same Roadway,36.05153,-86.71428,False,Crashes_MPO_2020
102703870,2020-05-12,2020,Williamson,,1.0,Property Damage,0,0,,,,,0.0,0.0,0.0,0.0,Dusk,Rain,Motor Vehicle-In-Transport On Same Roadway,35.92386,-86.87848,False,Crashes_MPO_2020
102703909,2020-05-12,2020,Davidson,,1.0,Property Damage,0,0,,,,,0.0,0.0,0.0,0.0,Dark-Lighted,Rain,Luminaire Light Support,35.99744,-86.69068,False,Crashes_MPO_2020
102704262,2020-05-13,2020,Davidson,,1.0,Suspected Minor Injury,0,0,,,,,0.0,0.0,0.0,0.0,Daylight,Clear,Motor Vehicle-In-Transport On Same Roadway,36.04769,-86.71654,False,Crashes_MPO_2020
102704324,2020-05-13,2020,Davidson,,1.0,Property Damage,0,0,,,,,0.0,0.0,0.0,0.0,Daylight,Clear,Motor Vehicle-In-Transport On Same Roadway,36.04519,-86.71537,False,Crashes_MPO_2020
102695145,2020-04-22,2020,Davidson,,1.0,Possible Injury,0,0,,,,,0.0,0.0,0.0,0.0,Dark-Lighted,Rain,Motor Vehicle-In-Transport On Same Roadway,36.04537,-86.71326,False,Crashes_MPO_2020
102695152,2020-04-22,2020,Davidson,,1.0,Property Damage,0,0,,,,,0.0,0.0,0.0,0.0,Dark-Lighted,Rain,Motor Vehicle-In-Transport On Same Roadway,36.048,-86.69331,False,Crashes_MPO_2020
102700959,2020-05-07,2020,Williamson,,1.0,Property Damage,0,0,,,,,0.0,0.0,0.0,0.0,Daylight,Clear,Motor Vehicle-In-Transport On Same Roadway,36.03614,-86.79515,True,Crashes_MPO_2020
102695227,2020-04-21,2020,Davidson,,1.0,Property Damage,0,0,,,,,0.0,0.0,0.0,0.0,Daylight,Clear,Motor Vehicle-In-Transport On Same Roadway,36.04469,-86.72475,False,Crashes_MPO_2020
102695267,2020-04-23,2020,Williamson,,1.0,Property Damage Under,0,0,,,,,0.0,0.0,0.0,0.0,Daylight,Cloudy,Motor Vehicle-In-Transport On Same Roadway,35.95789,-86.80257,False,Crashes_MPO_2020
102695280,2020-04-23,2020,Davidson,,1.0,Possible Injury,0,0,,,,,0.0,0.0,0.0,0.0,Daylight,Cloudy,Motor Vehicle-In-Transport On Same Roadway,36.04467,-86.71318,False,Crashes_MPO_2020
102695399,2020-04-23,2020,Davidson,,1.0,Property Damage,0,0,,,,,0.0,0.0,0.0,0.0,Daylight,Clear,Motor Vehicle-In-Transport On Same Roadway,36.03252,-86.70809,False,Crashes_MPO_2020
102695564,2020-04-24,2020,Davidson,,1.0,Property Damage,0,0,,,,,0.0,0.0,0.0,0.0,Dark-Not Lighted,Clear,Motor Vehicle-In-Transport On Same Roadway,36.04074,-86.72049,False,Crashes_MPO_2020
102695649,2020-04-24,2020,Davidson,,1.0,Property Damage,0,0,,,,,0.0,0.0,0.0,0.0,Daylight,Clear,Motor Vehicle-In-Transport On Same Roadway,36.00987,-86.70189,False,Crashes_MPO_2020
102695673,2020-04-24,2020,Williamson,,1.0,Property Damage,0,0,,,,,0.0,0.0,0.0,0.0,Daylight,Clear,Motor Vehicle-In-Transport On Same Roadway,35.99781,-86.79886,True,Crashes_MPO_2020
102695818,2020-04-24,2020,Davidson,,1.0,Property Damage,0,0,,,,,0.0,0.0,0.0,0.0,Daylight,Clear,Parked Motor Vehicle,36.04854,-86.73798,False,Crashes_MPO_2020
102696104,2020-04-25,2020,Davidson,,1.0,Suspected Minor Injury,0,0,,,,,0.0,0.0,0.0,0.0,Daylight,Rain,"Over Turn, Roll Over",36.03913,-86.78373,False,Crashes_MPO_2020
102696108,2020-04-25,2020,Davidson,,1.0,Property Damage,0,0,,,,,0.0,0.0,0.0,0.0,Daylight,Clear,Guard Rail Face,36.04219,-86.7033,False,Crashes_MPO_2020
102696109,2020-04-25,2020,Williamson,,1.0,Property Damage,0,0,,,,,0.0,0.0,0.0,0.0,Daylight,Rain,Motor Vehicle-In-Transport On Same Roadway,36.0343,-86.79174,True,Crashes_MPO_2020
102696120,2020-04-25,2020,Williamson,,1.0,Property Damage Under,0,0,,,,,0.0,0.0,0.0,0.0,,,,35.99551,-86.77887,True,Crashes_MPO_2020
102696235,2020-04-25,2020,Davidson,,1.0,Property Damage Under,0,0,,,,,0.0,0.0,0.0,0.0,,,,36.0249,-86.74237,False,Crashes_MPO_2020
102696257,2020-04-25,2020,Williamson,,1.0,Suspected Minor Injury,0,0,,,,,0.0,0.0,0.0,0.0,Daylight,Rain,Motor Vehicle-In-Transport On Same Roadway,35.93215,-86.79441,False,Crashes_MPO_2020
102696266,2020-04-25,2020,Davidson,,1.0,Possible Injury,0,0,,,,,0.0,0.0,0.0,0.0,Dark-Lighted,Clear,Motor Vehicle-In-Transport On Same Roadway,36.05384,-86.71496,False,Crashes_MPO_2020
102696550,2020-04-26,2020,Williamson,,1.0,Property Damage,0,0,,,,,0.0,0.0,0.0,0.0,Dark-Not Lighted,Clear,Other Animal,35.96481,-86.70635,True,Crashes_MPO_2020
102696642,2020-04-27,2020,Williamson,,1.0,Property Damage,0,0,,,,,0.0,0.0,0.0,0.0,Daylight,Clear,Motor Vehicle-In-Transport On Same Roadway,35.966756,-86.809071,True,Crashes_MPO_2020
102696659,2020-04-21,2020,Williamson,,1.0,Property Damage,0,0,,,,,0.0,0.0,0.0,0.0,Daylight,Clear,Motor Vehicle-In-Transport On Same Roadway,35.96509,-86.81626,True,Crashes_MPO_2020
102697028,2020-04-28,2020,Williamson,,1.0,Property Damage,0,0,,,,,0.0,0.0,0.0,0.0,Daylight,Cloudy,Other Object,36.03363,-86.78104,True,Crashes_MPO_2020
102697152,2020-04-28,2020,Williamson,,1.0,Property Damage,0,0,,,,,0.0,0.0,0.0,0.0,Daylight,Clear,Motor Vehicle-In-Transport On Same Roadway,35.98228,-86.74326,True,Crashes_MPO_2020
102697343,2020-04-28,2020,Davidson,,1.0,Suspected Minor Injury,0,0,,,,,0.0,0.0,0.0,0.0,Dark-Lighted,Clear,Motor Vehicle-In-Transport On Same Roadway,36.04306,-86.69123,False,Crashes_MPO_2020
102697476,2020-04-29,2020,Williamson,,1.0,Property Damage Under,0,0,,,,,0.0,0.0,0.0,0.0,Daylight,Clear,Motor Vehicle-In-Transport On Same Roadway,35.93219,-86.79405,False,Crashes_MPO_2020
102697622,2020-04-28,2020,Williamson,,1.0,Possible Injury,0,0,,,,,0.0,0.0,0.0,0.0,Dusk,Clear,Motor Vehicle-In-Transport On Same Roadway,35.9476,-86.81992,False,Crashes_MPO_2020
102697799,2020-04-25,2020,Williamson,,1.0,Property Damage,0,0,,,,,0.0,0.0,0.0,0.0,Daylight,Rain,Motor Vehicle-In-Transport On Same Roadway,35.93327,-86.8619,False,Crashes_MPO_2020
102697840,2020-04-30,2020,Williamson,,1.0,Property Damage Under,0,0,,,,,0.0,0.0,0.0,0.0,Daylight,Clear,Motor Vehicle-In-Transport On Same Roadway,35.94675,-86.85178,False,Crashes_MPO_2020
102697855,2020-04-30,2020,Davidson,,1.0,Property Damage Under,0,0,,,,,0.0,0.0,0.0,0.0,Daylight,Cloudy,Motor Vehicle-In-Transport On Same Roadway,36.04716,-86.71175,False,Crashes_MPO_2020
102697883,2020-04-30,2020,Williamson,,1.0,Property Damage,0,0,,,,,0.0,0.0,0.0,0.0,Daylight,Cloudy,Motor Vehicle-In-Transport On Same Roadway,35.99381,-86.76074,True,Crashes_MPO_2020
102697901,2020-04-30,2020,Williamson,,1.0,Property Damage,0,0,,,,,0.0,0.0,0.0,0.0,Daylight,Clear,Motor Vehicle-In-Transport On Same Roadway,35.96553,-86.80069,True,Crashes_MPO_2020
102697962,2020-04-30,2020,Williamson,,1.0,Property Damage,0,0,,,,,0.0,0.0,0.0,0.0,Daylight,Clear,Motor Vehicle-In-Transport On Same Roadway,35.98116,-86.82063,True,Crashes_MPO_2020
102697991,2020-04-30,2020,Williamson,,1.0,Property Damage,0,0,,,,,0.0,0.0,0.0,0.0,Daylight,Cloudy,Motor Vehicle-In-Transport On Same Roadway,35.93215,-86.79441,False,Crashes_MPO_2020
102698091,2020-04-30,2020,Williamson,,1.0,Suspected Serious Injury,0,0,,,,,0.0,1.0,0.0,0.0,Dark-Lighted,Clear,Curb,35.93666,-86.8291,False,Crashes_MPO_2020
102698230,2020-05-01,2020,Williamson,,1.0,Property Damage,0,0,,,,,0.0,0.0,0.0,0.0,Daylight,Clear,Motor Vehicle-In-Transport On Same Roadway,35.95056,-86.81881,False,Crashes_MPO_2020
102698313,2020-04-28,2020,Williamson,,1.0,Property Damage,0,0,,,,,0.0,0.0,0.0,0.0,Daylight,Clear,Motor Vehicle-In-Transport On Same Roadway,35.96721,-86.8135,True,Crashes_MPO_2020
102698377,2020-05-01,2020,Davidson,,1.0,Suspected Minor Injury,0,0,,,,,0.0,0.0,0.0,0.0,Daylight,Clear,Motor Vehicle-In-Transport On Same Roadway,36.04899,-86.71371,False,Crashes_MPO_2020
102698698,2020-05-02,2020,Williamson,,1.0,Property Damage,0,0,,,,,0.0,0.0,0.0,0.0,Daylight,Clear,Motor Vehicle-In-Transport On Same Roadway,36.0357,-86.80845,True,Crashes_MPO_2020
102698739,2020-05-02,2020,Davidson,,1.0,Property Damage,0,0,,,,,0.0,0.0,0.0,0.0,Daylight,Clear,Mail Box,36.05064,-86.69778,False,Crashes_MPO_2020
102698844,2020-05-02,2020,Davidson,,1.0,Property Damage Under,0,0,,,,,0.0,0.0,0.0,0.0,,,,36.04768,-86.71354,False,Crashes_MPO_2020
102698855,2020-05-02,2020,Williamson,,1.0,Property Damage,0,0,,,,,0.0,0.0,0.0,0.0,Daylight,Clear,Other Object,36.02839,-86.78389,True,Crashes_MPO_2020
102698921,2020-05-02,2020,Williamson,,1.0,Suspected Minor Injury,0,0,,,,,0.0,0.0,0.0,0.0,Daylight,Clear,Motor Vehicle-In-Transport On Same Roadway,35.94797,-86.80774,False,Crashes_MPO_2020
102698935,2020-05-02,2020,Davidson,,1.0,Property Damage Under,0,0,,,,,0.0,0.0,0.0,0.0,,,,36.0341,-86.6781,False,Crashes_MPO_2020
102699153,2020-05-03,2020,Williamson,,1.0,Property Damage,0,0,,,,,0.0,0.0,0.0,0.0,Daylight,Clear,Parked Motor Vehicle,35.93593,-86.69273,False,Crashes_MPO_2020
102699274,2020-05-03,2020,Williamson,,1.0,Property Damage,0,0,,,,,0.0,0.0,0.0,0.0,Daylight,Rain,Thrown Or Falling Object,35.97899,-86.72526,True,Crashes_MPO_2020
102699294,2020-05-03,2020,Davidson,,1.0,Suspected Minor Injury,0,0,,,,,0.0,0.0,0.0,0.0,Daylight,Rain,Motor Vehicle-In-Transport On Same Roadway,36.05483,-86.695,False,Crashes_MPO_2020
102699316,2020-05-03,2020,Williamson,,1.0,Property Damage,0,0,,,,,0.0,0.0,0.0,0.0,Daylight,Clear,Fence,35.92812,-86.82453,False,Crashes_MPO_2020
102699443,2020-05-04,2020,Williamson,,1.0,Property Damage,0,0,,,,,0.0,0.0,0.0,0.0,Daylight,Cloudy,Other Non-Collision,36.01899,-86.78694,True,Crashes_MPO_2020
102699502,2020-05-04,2020,Williamson,,1.0,Property Damage Under,0,0,,,,,0.0,0.0,0.0,0.0,Daylight,Clear,Motor Vehicle-In-Transport On Same Roadway,35.94033,-86.83903,False,Crashes_MPO_2020
102699517,2020-05-04,2020,Davidson,,1.0,Property Damage Under,0,0,,,,,0.0,0.0,0.0,0.0,Daylight,Clear,Motor Vehicle-In-Transport On Same Roadway,36.03939,-86.74342,False,Crashes_MPO_2020
102699555,2020-05-04,2020,Williamson,,1.0,Property Damage,0,0,,,,,0.0,0.0,0.0,0.0,Daylight,Clear,Parked Motor Vehicle,35.92445,-86.87052,False,Crashes_MPO_2020
102699653,2020-05-04,2020,Davidson,,1.0,Suspected Minor Injury,0,0,,,,,0.0,0.0,0.0,0.0,Daylight,Clear,Motor Vehicle-In-Transport On Same Roadway,36.05085,-86.69824,False,Crashes_MPO_2020
102699815,2020-05-04,2020,Williamson,,1.0,Property Damage,0,0,,,,,0.0,0.0,0.0,0.0,Dark-Not Lighted,Cloudy,Embankment Rock/Stone/Concrete,35.9814,-86.84411,False,Crashes_MPO_2020
102699849,2020-05-05,2020,Davidson,,1.0,Property Damage,0,0,,,,,0.0,0.0,0.0,0.0,Dark-Lighted,Clear,Building,36.03729,-86.78545,False,Crashes_MPO_2020
102699852,2020-05-05,2020,Davidson,,1.0,Property Damage,0,0,,,,,0.0,0.0,0.0,0.0,Dark-Lighted,Clear,Other Object,36.03824,-86.78722,False,Crashes_MPO_2020
102699900,2020-05-04,2020,Williamson,,1.0,Property Damage,0,0,,,,,0.0,0.0,0.0,0.0,Daylight,Clear,Motor Vehicle-In-Transport On Same Roadway,35.99781,-86.79886,True,Crashes_MPO_2020
102699929,2020-05-05,2020,Williamson,,1.0,Property Damage Under,0,0,,,,,0.0,0.0,0.0,0.0,Daylight,Cloudy,Deer,35.93278,-86.80978,False,Crashes_MPO_2020
102699959,2020-05-05,2020,Davidson,,1.0,Possible Injury,0,0,,,,,0.0,0.0,0.0,0.0,Daylight,Cloudy,Motor Vehicle-In-Transport On Same Roadway,36.05056,-86.7141,False,Crashes_MPO_2020
102700198,2020-05-05,2020,Davidson,,1.0,Property Damage,0,0,,,,,0.0,0.0,0.0,0.0,Daylight,Clear,Utility Pole,36.05258,-86.76344,False,Crashes_MPO_2020
102700322,2020-05-05,2020,Davidson,,1.0,Property Damage,0,0,,,,,0.0,0.0,0.0,0.0,Dark-Lighted,Clear,Motor Vehicle-In-Transport On Same Roadway,36.04059,-86.77107,False,Crashes_MPO_2020
102700335,2020-05-05,2020,Williamson,,1.0,Property Damage,0,0,,,,,0.0,0.0,0.0,0.0,Dark-Lighted,Clear,Curb,35.96557,-86.87953,False,Crashes_MPO_2020
102700550,2020-05-06,2020,Davidson,,1.0,Property Damage,0,0,,,,,0.0,0.0,0.0,0.0,Daylight,Cloudy,Motor Vehicle-In-Transport On Same Roadway,35.999452,-86.690469,False,Crashes_MPO_2020
102700692,2020-05-06,2020,Davidson,,1.0,Possible Injury,0,0,,,,,0.0,0.0,0.0,0.0,Daylight,Clear,Motor Vehicle-In-Transport On Same Roadway,36.04542,-86.71269,False,Crashes_MPO_2020
102700825,2020-05-05,2020,Williamson,,1.0,Possible Injury,0,1,,,,,0.0,0.0,1.0,0.0,Dusk,Cloudy,Pedestrian,36.03742,-86.80083,True,Crashes_MPO_2020
102701037,2020-05-07,2020,Davidson,,1.0,Property Damage,0,0,,,,,0.0,0.0,0.0,0.0,Daylight,Clear,Motor Vehicle-In-Transport On Same Roadway,36.04245,-86.71294,False,Crashes_MPO_2020
102701130,2020-05-07,2020,Williamson,,1.0,Property Damage,0,0,,,,,0.0,0.0,0.0,0.0,Daylight,Clear,Motor Vehicle-In-Transport On Same Roadway,35.97579,-86.87185,False,Crashes_MPO_2020
102701272,2020-05-07,2020,Williamson,,1.0,Property Damage,0,0,,,,,0.0,0.0,0.0,0.0,Daylight,Clear,Other Non-Collision,35.95323,-86.72243,False,Crashes_MPO_2020
102701309,2020-05-07,2020,Williamson,,1.0,Property Damage,0,0,,,,,0.0,0.0,0.0,0.0,Dark-Not Lighted,Clear,Parked Motor Vehicle,35.98137,-86.84404,False,Crashes_MPO_2020
102701497,2020-05-08,2020,Williamson,,1.0,Property Damage Under,0,0,,,,,0.0,0.0,0.0,0.0,Daylight,Rain,Motor Vehicle-In-Transport On Same Roadway,35.95198,-86.81788,False,Crashes_MPO_2020
102701623,2020-05-08,2020,Davidson,,1.0,Property Damage,0,0,,,,,0.0,0.0,0.0,0.0,Daylight,Rain,Motor Vehicle-In-Transport On Same Roadway,36.04192,-86.71762,False,Crashes_MPO_2020
102701756,2020-05-07,2020,Davidson,,1.0,Suspected Minor Injury,0,0,,,,,0.0,0.0,0.0,0.0,Daylight,Clear,Motor Vehicle-In-Transport On Same Roadway,36.04243,-86.71289,False,Crashes_MPO_2020
102701914,2020-05-08,2020,Davidson,,1.0,Possible Injury,0,0,,,,,0.0,0.0,0.0,0.0,Dark-Not Lighted,Clear,Mail Box,36.04168,-86.81627,False,Crashes_MPO_2020
102702022,2020-05-08,2020,Williamson,,1.0,Suspected Minor Injury,0,0,,,,,0.0,0.0,0.0,0.0,Daylight,Rain,Standing Tree,35.98684,-86.72928,True,Crashes_MPO_2020
102702028,2020-05-09,2020,Davidson,,1.0,Possible Injury,0,0,,,,,0.0,0.0,0.0,0.0,Daylight,Clear,Motor Vehicle-In-Transport On Same Roadway,36.04542,-86.71317,False,Crashes_MPO_2020
102702109,2020-05-09,2020,Williamson,,1.0,Property Damage,0,0,,,,,0.0,0.0,0.0,0.0,Daylight,Clear,Motor Vehicle-In-Transport On Same Roadway,35.99064,-86.72521,True,Crashes_MPO_2020
102702248,2020-05-09,2020,Williamson,,1.0,Suspected Minor Injury,0,0,,,,,0.0,0.0,0.0,0.0,Daylight,Clear,Concrete Traffic Barrier,36.01298,-86.78497,True,Crashes_MPO_2020
102702276,2020-05-09,2020,Davidson,,1.0,Property Damage,0,0,,,,,0.0,0.0,0.0,0.0,Daylight,Clear,Motor Vehicle-In-Transport On Same Roadway,36.05166,-86.85912,False,Crashes_MPO_2020
102702380,2020-05-09,2020,Davidson,,1.0,Property Damage,0,0,,,,,0.0,0.0,0.0,0.0,Dark-Lighted,Clear,Motor Vehicle-In-Transport On Same Roadway,36.04566,-86.7102,False,Crashes_MPO_2020
102702872,2020-05-10,2020,Davidson,,1.0,Possible Injury,0,0,,,,,0.0,0.0,0.0,0.0,Daylight,Clear,Ditch,36.01048,-86.70227,False,Crashes_MPO_2020
102703165,2020-05-11,2020,Davidson,,1.0,Property Damage,0,0,,,,,0.0,0.0,0.0,0.0,Daylight,Clear,Thrown Or Falling Object,36.03899,-86.78258,False,Crashes_MPO_2020
102703168,2020-05-11,2020,Davidson,,1.0,Possible Injury,0,0,,,,,0.0,0.0,0.0,0.0,Daylight,Clear,Motor Vehicle-In-Transport On Same Roadway,36.03747,-86.79098,False,Crashes_MPO_2020
102703235,2020-05-11,2020,Davidson,,1.0,Property Damage,0,0,,,,,0.0,0.0,0.0,0.0,Daylight,Clear,Motor Vehicle-In-Transport On Same Roadway,36.03757,-86.79241,False,Crashes_MPO_2020
102710149,2020-05-22,2020,Davidson,,1.0,Suspected Minor Injury,0,0,,,,,0.0,0.0,0.0,0.0,Dark-Lighted,Rain,Motor Vehicle-In-Transport On Same Roadway,36.04391,-86.78094,False,Crashes_MPO_2020
102710172,2020-05-22,2020,Williamson,,1.0,Property Damage,0,0,,,,,0.0,0.0,0.0,0.0,Dark-Lighted,Rain,Motor Vehicle-In-Transport On Same Roadway,35.96665,-86.81085,True,Crashes_MPO_2020
102705497,2020-05-15,2020,Davidson,,1.0,Property Damage Under,0,0,,,,,0.0,0.0,0.0,0.0,Daylight,Clear,Motor Vehicle-In-Transport On Same Roadway,36.04542,-86.71317,False,Crashes_MPO_2020
102705703,2020-05-15,2020,Williamson,,1.0,Suspected Minor Injury,0,0,,,,,0.0,0.0,0.0,0.0,Dark-Lighted,Clear,Motor Vehicle-In-Transport On Same Roadway,35.96007,-86.80971,False,Crashes_MPO_2020
102705728,2020-05-16,2020,Davidson,,1.0,Property Damage,0,0,,,,,0.0,0.0,0.0,0.0,Dark-Lighted,Clear,Motor Vehicle-In-Transport On Same Roadway,36.03732,-86.78658,False,Crashes_MPO_2020
102705915,2020-05-16,2020,Williamson,,1.0,Property Damage,0,0,,,,,0.0,0.0,0.0,0.0,Daylight,Clear,Motor Vehicle-In-Transport On Same Roadway,35.9236,-86.81898,False,Crashes_MPO_2020
102706042,2020-05-16,2020,Williamson,,1.0,Property Damage,0,0,,,,,0.0,0.0,0.0,0.0,Daylight,Clear,Thrown Or Falling Object,35.97851,-86.80356,True,Crashes_MPO_2020
102706072,2020-05-16,2020,Davidson,,1.0,Property Damage,0,0,,,,,0.0,0.0,0.0,0.0,Daylight,Clear,Motor Vehicle-In-Transport On Same Roadway,36.0409,-86.77938,False,Crashes_MPO_2020