mstrrecnbr,collision_ts,year,county,countystat,crash,crash_type,fatalities,non_motorists,commercial,fatal_c,nonmotor_c,truck_c,fatalc,serious_injuries,ped,bike,lighting,weather,first_harmful_event,latitude,longitude,in_city,src_layer
102706223,2020-05-16,2020,Williamson,,1.0,Property Damage,0,0,,,,,0.0,0.0,0.0,0.0,Dark-Lighted,Clear,Motor Vehicle-In-Transport On Same Roadway,35.94429,-86.81993,False,Crashes_MPO_2020
102706585,2020-05-17,2020,Davidson,,1.0,Property Damage,0,0,,,,,0.0,0.0,0.0,0.0,Daylight,Clear,Motor Vehicle-In-Transport On Same Roadway,36.0465,-86.7134,False,Crashes_MPO_2020
102706741,2020-05-17,2020,Davidson,,1.0,Property Damage,0,0,,,,,0.0,0.0,0.0,0.0,Daylight,Clear,Motor Vehicle-In-Transport On Same Roadway,36.04525,-86.71705,False,Crashes_MPO_2020
102706799,2020-05-17,2020,Davidson,,1.0,Property Damage,0,0,,,,,0.0,0.0,0.0,0.0,Dark-Lighted,Rain,Motor Vehicle-In-Transport On Same Roadway,36.03684,-86.70344,False,Crashes_MPO_2020
102706811,2020-05-11,2020,Williamson,,1.0,Property Damage,0,0,,,,,0.0,0.0,0.0,0.0,Dark-Not Lighted,Clear,"Over Turn, Roll Over",35.94768,-86.69727,False,Crashes_MPO_2020
102706918,2020-05-17,2020,Williamson,,1.0,Property Damage,0,0,,,,,0.0,0.0,0.0,0.0,Daylight,Cloudy,Motor Vehicle-In-Transport On Same Roadway,35.92546,-86.87275,False,Crashes_MPO_2020
102706986,2020-05-18,2020,Davidson,,1.0,Property Damage,0,0,,,,,0.0,0.0,0.0,0.0,Daylight,Cloudy,Ditch,36.0547,-86.72089,False,Crashes_MPO_2020
102707074,2020-05-18,2020,Williamson,,1.0,Property Damage,0,0,,,,,0.0,0.0,0.0,0.0,Daylight,Clear,Motor Vehicle-In-Transport On Same Roadway,35.99079,-86.75111,True,Crashes_MPO_2020
102707162,2020-05-18,2020,Williamson,,1.0,Property Damage,0,0,,,,,0.0,0.0,0.0,0.0,Daylight,Cloudy,Motor Vehicle-In-Transport On Same Roadway,35.95239,-86.81777,False,Crashes_MPO_2020
102707324,2020-05-18,2020,Williamson,,1.0,Property Damage Under,0,0,,,,,0.0,0.0,0.0,0.0,Dark-Lighted,Clear,Ditch,35.94744,-86.85142,False,Crashes_MPO_2020
102707403,2020-05-13,2020,Williamson,,1.0,Property Damage,0,0,,,,,0.0,0.0,0.0,0.0,Dark-Not Lighted,Clear,Standing Tree,35.991206,-86.683495,False,Crashes_MPO_2020
102707559,2020-05-19,2020,Davidson,,1.0,Property Damage,0,0,,,,,0.0,0.0,0.0,0.0,Daylight,Cloudy,Motor Vehicle-In-Transport On Same Roadway,36.04685,-86.67941,False,Crashes_MPO_2020
102707562,2020-05-16,2020,Williamson,,1.0,Property Damage,0,0,,,,,0.0,0.0,0.0,0.0,Dark-Lighted,Clear,Motor Vehicle-In-Transport On Same Roadway,35.96589,-86.80316,True,Crashes_MPO_2020
102707619,2020-05-19,2020,Williamson,,1.0,Property Damage,0,0,,,,,0.0,0.0,0.0,0.0,Daylight,Cloudy,Motor Vehicle-In-Transport On Same Roadway,35.95198,-86.81788,False,Crashes_MPO_2020
102707640,2020-05-19,2020,Williamson,,1.0,Possible Injury,0,0,,,,,0.0,0.0,0.0,0.0,Daylight,Cloudy,Traffic Signal Support,35.93292,-86.81159,False,Crashes_MPO_2020
102707714,2020-05-18,2020,Williamson,,1.0,Property Damage,0,0,,,,,0.0,0.0,0.0,0.0,Daylight,Cloudy,Other Object,35.97391,-86.67837,False,Crashes_MPO_2020
102716607,2020-05-30,2020,Davidson,,1.0,Possible Injury,0,0,,,,,0.0,0.0,0.0,0.0,Dark-Lighted,Clear,Standing Tree,36.03974,-86.75568,False,Crashes_MPO_2020
102716609,2020-05-27,2020,Davidson,,1.0,Property Damage,0,0,,,,,0.0,0.0,0.0,0.0,Dark-Lighted,Clear,Curb,36.02865,-86.67841,False,Crashes_MPO_2020
102716881,2020-05-30,2020,Williamson,,1.0,Suspected Minor Injury,0,0,,,,,0.0,0.0,0.0,0.0,Daylight,Clear,Fence,35.96284,-86.809,False,Crashes_MPO_2020
102716888,2020-05-30,2020,Davidson,,1.0,Property Damage,0,0,,,,,0.0,0.0,0.0,0.0,Daylight,Clear,Motor Vehicle-In-Transport On Same Roadway,36.04551,-86.71182,False,Crashes_MPO_2020
102717013,2020-05-30,2020,Williamson,,1.0,Property Damage,0,0,,,,,0.0,0.0,0.0,0.0,Daylight,Clear,Motor Vehicle-In-Transport On Same Roadway,35.95782,-86.80258,False,Crashes_MPO_2020
102717134,2020-05-30,2020,Williamson,,1.0,Property Damage,0,0,,,,,0.0,0.0,0.0,0.0,Daylight,Clear,Ditch,36.00412,-86.84113,False,Crashes_MPO_2020
102717179,2020-05-29,2020,Williamson,,1.0,Property Damage Under,0,0,,,,,0.0,0.0,0.0,0.0,,,,35.99784,-86.7966,True,Crashes_MPO_2020
102717521,2020-05-30,2020,Williamson,,1.0,Property Damage,0,0,,,,,0.0,0.0,0.0,0.0,Daylight,Clear,Standing Tree,35.94685,-86.74968,True,Crashes_MPO_2020
102717778,2020-05-31,2020,Williamson,,1.0,Suspected Serious Injury,0,0,,,,,0.0,1.0,0.0,0.0,Dark-Not Lighted,Clear,Standing Tree,36.00594,-86.8626,False,Crashes_MPO_2020
102718000,2020-05-29,2020,Williamson,,1.0,Property Damage,0,0,,,,,0.0,0.0,0.0,0.0,Daylight,Clear,Motor Vehicle-In-Transport On Same Roadway,36.02729,-86.79207,True,Crashes_MPO_2020
102718002,2020-06-01,2020,Williamson,,1.0,Property Damage,0,0,,,,,0.0,0.0,0.0,0.0,Daylight,Clear,Motor Vehicle-In-Transport On Same Roadway,35.93627,-86.82883,False,Crashes_MPO_2020
102718067,2020-05-30,2020,Williamson,,1.0,Property Damage,0,0,,,,,0.0,0.0,0.0,0.0,Daylight,Clear,Motor Vehicle-In-Transport On Same Roadway,35.96708,-86.81356,True,Crashes_MPO_2020
102718097,2020-06-01,2020,Williamson,,1.0,Property Damage,0,0,,,,,0.0,0.0,0.0,0.0,Daylight,Clear,Motor Vehicle-In-Transport On Same Roadway,36.01286,-86.80081,True,Crashes_MPO_2020
102718139,2020-06-01,2020,Williamson,,1.0,Property Damage Under,0,0,,,,,0.0,0.0,0.0,0.0,Daylight,Clear,Motor Vehicle-In-Transport On Same Roadway,35.95583,-86.83118,False,Crashes_MPO_2020
102718242,2020-06-01,2020,Davidson,,1.0,Property Damage,0,0,,,,,0.0,0.0,0.0,0.0,Daylight,Clear,Motor Vehicle-In-Transport On Same Roadway,36.025,-86.71974,False,Crashes_MPO_2020
102718278,2020-06-01,2020,Davidson,,1.0,Property Damage,0,0,,,,,0.0,0.0,0.0,0.0,Dark-Lighted,Clear,"Over Turn, Roll Over",36.05126,-86.68365,False,Crashes_MPO_2020
102718362,2020-06-01,2020,Williamson,,1.0,Suspected Minor Injury,0,0,,,,,0.0,0.0,0.0,0.0,Daylight,Clear,Motor Vehicle-In-Transport On Same Roadway,36.00849,-86.78638,True,Crashes_MPO_2020
102718418,2020-06-01,2020,Williamson,,1.0,Property Damage,0,0,,,,,0.0,0.0,0.0,0.0,Daylight,Clear,Motor Vehicle-In-Transport On Same Roadway,35.96688,-86.81117,True,Crashes_MPO_2020
102718419,2020-06-02,2020,Williamson,,1.0,Possible Injury,0,0,,,,,0.0,0.0,0.0,0.0,Daylight,Clear,Motor Vehicle-In-Transport On Same Roadway,35.99551,-86.77887,True,Crashes_MPO_2020
102718437,2020-06-01,2020,Williamson,,1.0,Property Damage,0,0,,,,,0.0,0.0,0.0,0.0,Daylight,Clear,Motor Vehicle-In-Transport On Same Roadway,35.93713,-86.85902,False,Crashes_MPO_2020
102718538,2020-06-02,2020,Davidson,,1.0,Property Damage,0,0,,,,,0.0,0.0,0.0,0.0,Daylight,Clear,Other Object,36.04746,-86.77615,False,Crashes_MPO_2020
102718555,2020-06-02,2020,Davidson,,1.0,Suspected Minor Injury,0,0,,,,,0.0,0.0,0.0,0.0,Daylight,Clear,Motor Vehicle-In-Transport On Same Roadway,36.04103,-86.77909,False,Crashes_MPO_2020
102718562,2020-06-02,2020,Williamson,,1.0,Property Damage,0,0,,,,,0.0,0.0,0.0,0.0,Daylight,Clear,Motor Vehicle-In-Transport On Same Roadway,35.98106,-86.80243,True,Crashes_MPO_2020
102718656,2020-06-02,2020,Williamson,,1.0,Property Damage,0,0,,,,,0.0,0.0,0.0,0.0,Daylight,Clear,Motor Vehicle-In-Transport On Same Roadway,35.94475,-86.82827,False,Crashes_MPO_2020
102718707,2020-06-02,2020,Williamson,,1.0,Possible Injury,0,0,,,,,0.0,0.0,0.0,0.0,Daylight,Clear,Parked Motor Vehicle,35.92434,-86.86832,False,Crashes_MPO_2020
102707764,2020-05-19,2020,Davidson,,1.0,Property Damage,0,0,,,,,0.0,0.0,0.0,0.0,Daylight,Clear,Motor Vehicle-In-Transport On Same Roadway,36.04523,-86.70361,False,Crashes_MPO_2020
102707816,2020-05-19,2020,Davidson,,1.0,Property Damage Under,0,0,,,,,0.0,0.0,0.0,0.0,Daylight,Clear,Motor Vehicle-In-Transport On Same Roadway,36.04542,-86.70348,False,Crashes_MPO_2020
102708082,2020-05-20,2020,Davidson,,1.0,Property Damage,0,0,,,,,0.0,0.0,0.0,0.0,Daylight,Clear,Ditch,36.05432,-86.71981,False,Crashes_MPO_2020
102708377,2020-05-20,2020,Williamson,,1.0,Property Damage,0,0,,,,,0.0,0.0,0.0,0.0,Daylight,Rain,Motor Vehicle-In-Transport On Same Roadway,35.94612,-86.82346,False,Crashes_MPO_2020
102708486,2020-05-20,2020,Williamson,,1.0,Property Damage,0,0,,,,,0.0,0.0,0.0,0.0,Daylight,Clear,Motor Vehicle-In-Transport On Same Roadway,35.967,-86.81356,True,Crashes_MPO_2020
102708501,2020-05-19,2020,Davidson,,1.0,Fatal,1,0,,,,,1.0,0.0,0.0,0.0,Dark-Not Lighted,Cloudy,Other Post/Pole Support,36.01489,-86.73013,False,Crashes_MPO_2020
102708504,2020-05-20,2020,Williamson,,1.0,Property Damage,0,0,,,,,0.0,0.0,0.0,0.0,Daylight,Rain,Motor Vehicle-In-Transport On Same Roadway,35.93351,-86.81853,False,Crashes_MPO_2020
102708534,2020-05-19,2020,Williamson,,1.0,Property Damage,0,0,,,,,0.0,0.0,0.0,0.0,Daylight,Rain,Motor Vehicle-In-Transport On Same Roadway,36.03246,-86.78361,True,Crashes_MPO_2020
102708630,2020-05-21,2020,Davidson,,1.0,Property Damage,0,0,,,,,0.0,0.0,0.0,0.0,Dark-Not Lighted,Clear,Mail Box,36.02371,-86.71273,False,Crashes_MPO_2020
102708771,2020-05-21,2020,Williamson,,1.0,Property Damage,0,0,,,,,0.0,0.0,0.0,0.0,Daylight,Rain,Other Post/Pole Support,35.94708,-86.83267,False,Crashes_MPO_2020
102708877,2020-05-21,2020,Davidson,,1.0,Property Damage,0,0,,,,,0.0,0.0,0.0,0.0,Daylight,Cloudy,Motor Vehicle-In-Transport On Same Roadway,36.04861,-86.86163,False,Crashes_MPO_2020
102708904,2020-05-21,2020,Davidson,,1.0,Property Damage,0,0,,,,,0.0,0.0,0.0,0.0,Daylight,Cloudy,Motor Vehicle-In-Transport On Same Roadway,36.05006,-86.87301,False,Crashes_MPO_2020
102708906,2020-05-21,2020,Davidson,,1.0,Property Damage Under,0,0,,,,,0.0,0.0,0.0,0.0,,,,36.01239,-86.70361,False,Crashes_MPO_2020
102708996,2020-05-21,2020,Davidson,,1.0,Property Damage,0,0,,,,,0.0,0.0,0.0,0.0,Daylight,Cloudy,Motor Vehicle-In-Transport On Same Roadway,36.0243,-86.74239,False,Crashes_MPO_2020
102709208,2020-05-21,2020,Williamson,,1.0,Property Damage,0,0,,,,,0.0,0.0,0.0,0.0,Daylight,Cloudy,Motor Vehicle-In-Transport On Same Roadway,35.96612,-86.80488,True,Crashes_MPO_2020
102709264,2020-05-21,2020,Williamson,,1.0,Property Damage,0,0,,,,,0.0,0.0,0.0,0.0,Daylight,Clear,Fence,35.93534,-86.86125,False,Crashes_MPO_2020
102709309,2020-05-21,2020,Williamson,,1.0,Property Damage,0,0,,,,,0.0,0.0,0.0,0.0,Dark-Lighted,Clear,Motor Vehicle-In-Transport On Same Roadway,35.97322,-86.83315,True,Crashes_MPO_2020
102709320,2020-05-21,2020,Williamson,,1.0,Property Damage,0,0,,,,,0.0,0.0,0.0,0.0,Dark-Not Lighted,Clear,Deer,36.0353,-86.8729,False,Crashes_MPO_2020
102709382,2020-05-21,2020,Williamson,,1.0,Property Damage,0,0,,,,,0.0,0.0,0.0,0.0,Dark-Not Lighted,Clear,Deer,36.0372,-86.87137,False,Crashes_MPO_2020
102709534,2020-05-18,2020,Davidson,,1.0,Property Damage,0,0,,,,,0.0,0.0,0.0,0.0,Dark-Lighted,Clear,Other Non-Collision,36.03248,-86.78335,True,Crashes_MPO_2020
102709576,2020-05-22,2020,Williamson,,1.0,Property Damage,0,0,,,,,0.0,0.0,0.0,0.0,Daylight,Cloudy,Motor Vehicle-In-Transport On Same Roadway,35.99316,-86.69641,True,Crashes_MPO_2020
102709606,2020-05-21,2020,Williamson,,1.0,Suspected Minor Injury,0,0,,,,,0.0,0.0,0.0,0.0,Daylight,Rain,Concrete Traffic Barrier,36.03087,-86.7838,True,Crashes_MPO_2020
102709621,2020-05-22,2020,Williamson,,1.0,Property Damage,0,0,,,,,0.0,0.0,0.0,0.0,Daylight,Clear,Motor Vehicle-In-Transport On Same Roadway,36.00992,-86.80298,True,Crashes_MPO_2020
102709850,2020-05-22,2020,Williamson,,1.0,Property Damage Under,0,0,,,,,0.0,0.0,0.0,0.0,Daylight,Cloudy,Motor Vehicle-In-Transport On Same Roadway,35.92573,-86.87217,False,Crashes_MPO_2020
102709851,2020-05-22,2020,Williamson,,1.0,Property Damage,0,0,,,,,0.0,0.0,0.0,0.0,Daylight,Cloudy,Deer,35.94142,-86.856,False,Crashes_MPO_2020
102709945,2020-05-22,2020,Davidson,,1.0,Property Damage Under,0,0,,,,,0.0,0.0,0.0,0.0,,,,36.04084,-86.77347,False,Crashes_MPO_2020
102710009,2020-05-22,2020,Davidson,,1.0,Property Damage,0,0,,,,,0.0,0.0,0.0,0.0,Daylight,Clear,Motor Vehicle-In-Transport On Same Roadway,36.01238,-86.70361,False,Crashes_MPO_2020
102710135,2020-05-22,2020,Williamson,,1.0,Property Damage,0,0,,,,,0.0,0.0,0.0,0.0,Daylight,Cloudy,Guard Rail End,35.97851,-86.80356,True,Crashes_MPO_2020
102710139,2020-05-22,2020,Williamson,,1.0,Property Damage Under,0,0,,,,,0.0,0.0,0.0,0.0,,,,35.9667,-86.81121,True,Crashes_MPO_2020
102714277,2020-05-27,2020,Davidson,,1.0,Property Damage,0,0,,,,,0.0,0.0,0.0,0.0,Daylight,Rain,Embankment Earth,36.03916,-86.78371,False,Crashes_MPO_2020
102714305,2020-05-27,2020,Williamson,,1.0,Suspected Minor Injury,0,0,,,,,0.0,0.0,0.0,0.0,Daylight,Rain,Motor Vehicle-In-Transport On Same Roadway,35.99415,-86.68627,False,Crashes_MPO_2020
102714369,2020-05-27,2020,Williamson,,1.0,Property Damage,0,0,,,,,0.0,0.0,0.0,0.0,Other,Rain,Motor Vehicle-In-Transport On Same Roadway,35.99107,-86.77834,True,Crashes_MPO_2020
102714387,2020-05-27,2020,Williamson,,1.0,Suspected Minor Injury,0,0,,,,,0.0,0.0,0.0,0.0,Daylight,Rain,Motor Vehicle-In-Transport On Same Roadway,35.95587,-86.83157,False,Crashes_MPO_2020
102714401,2020-05-27,2020,Williamson,,1.0,Property Damage,0,0,,,,,0.0,0.0,0.0,0.0,Daylight,Rain,Motor Vehicle-In-Transport On Same Roadway,35.95209,-86.81805,False,Crashes_MPO_2020
102714408,2020-05-26,2020,Williamson,,1.0,Property Damage Under,0,0,,,,,0.0,0.0,0.0,0.0,Dark-Lighted,Clear,Motor Vehicle-In-Transport On Same Roadway,35.96348,-86.81085,False,Crashes_MPO_2020
102714523,2020-05-23,2020,Williamson,,1.0,Property Damage,0,0,,,,,0.0,0.0,0.0,0.0,Daylight,Clear,Parked Motor Vehicle,35.99566,-86.75669,True,Crashes_MPO_2020
102714604,2020-05-27,2020,Williamson,,1.0,Property Damage Under,0,0,,,,,0.0,0.0,0.0,0.0,Daylight,Clear,Motor Vehicle-In-Transport On Same Roadway,35.94683,-86.8521,False,Crashes_MPO_2020
102714615,2020-05-27,2020,Williamson,,1.0,Property Damage,0,0,,,,,0.0,0.0,0.0,0.0,Daylight,Cloudy,Motor Vehicle-In-Transport On Same Roadway,35.9407,-86.8316,False,Crashes_MPO_2020
102714662,2020-05-26,2020,Williamson,,1.0,Suspected Minor Injury,0,0,,,,,0.0,0.0,0.0,0.0,Daylight,Clear,Paved Surface-Irregular,35.94277,-86.80502,False,Crashes_MPO_2020
102714732,2020-05-27,2020,Williamson,,1.0,Suspected Minor Injury,0,0,,,,,0.0,0.0,0.0,0.0,Daylight,Cloudy,Concrete Traffic Barrier,36.03277,-86.78357,True,Crashes_MPO_2020
102714767,2020-05-27,2020,Williamson,,1.0,Possible Injury,0,0,,,,,0.0,0.0,0.0,0.0,Dark-Lighted,Rain,Luminaire Light Support,35.92595,-86.81665,False,Crashes_MPO_2020
102714879,2020-05-27,2020,Davidson,,1.0,Property Damage,0,0,,,,,0.0,0.0,0.0,0.0,Dark-Lighted,Rain,Building,36.04798,-86.74093,False,Crashes_MPO_2020
102715102,2020-05-28,2020,Williamson,,1.0,Property Damage,0,0,,,,,0.0,0.0,0.0,0.0,Daylight,Cloudy,Luminaire Light Support,35.92526,-86.86873,False,Crashes_MPO_2020
102715178,2020-05-28,2020,Williamson,,1.0,Property Damage,0,0,,,,,0.0,0.0,0.0,0.0,Daylight,Rain,Motor Vehicle-In-Transport On Same Roadway,35.95209,-86.81805,False,Crashes_MPO_2020
102715261,2020-05-28,2020,Davidson,,1.0,Property Damage,0,0,,,,,0.0,0.0,0.0,0.0,Unknown,Unknown,Parked Motor Vehicle,36.02558,-86.71079,False,Crashes_MPO_2020
102715376,2020-05-28,2020,Davidson,,1.0,Property Damage,0,0,,,,,0.0,0.0,0.0,0.0,Daylight,Clear,Motor Vehicle-In-Transport On Same Roadway,36.03907,-86.6775,False,Crashes_MPO_2020
102715685,2020-05-28,2020,Williamson,,1.0,Property Damage,0,0,,,,,0.0,0.0,0.0,0.0,Daylight,Clear,Parked Motor Vehicle,35.94719,-86.83118,False,Crashes_MPO_2020
102715838,2020-05-27,2020,Williamson,,1.0,Suspected Minor Injury,0,0,,,,,0.0,0.0,0.0,0.0,Daylight,Rain,Fell/Jumped From Vehicle,36.03634,-86.79925,True,Crashes_MPO_2020
102715864,2020-05-29,2020,Davidson,,1.0,Property Damage,0,0,,,,,0.0,0.0,0.0,0.0,Daylight,Clear,Motor Vehicle-In-Transport On Same Roadway,35.99687,-86.68989,False,Crashes_MPO_2020
102716142,2020-05-29,2020,Williamson,,1.0,Property Damage,0,0,,,,,0.0,0.0,0.0,0.0,Daylight,Clear,Motor Vehicle-In-Transport On Same Roadway,35.93167,-86.82589,False,Crashes_MPO_2020
102716212,2020-05-29,2020,Davidson,,1.0,Property Damage,0,0,,,,,0.0,0.0,0.0,0.0,Daylight,Clear,Utility Pole,36.03821,-86.8009,False,Crashes_MPO_2020
102716308,2020-05-29,2020,Williamson,,1.0,Property Damage,0,0,,,,,0.0,0.0,0.0,0.0,Daylight,Clear,Motor Vehicle-In-Transport On Same Roadway,35.966753,-86.80895,True,Crashes_MPO_2020
102716316,2020-05-29,2020,Williamson,,1.0,Suspected Serious Injury,0,0,,,,,0.0,1.0,0.0,0.0,Daylight,Cloudy,Fell/Jumped From Vehicle,36.01918,-86.77269,True,Crashes_MPO_2020
102716326,2020-05-28,2020,Davidson,,1.0,Property Damage,0,0,,,,,0.0,0.0,0.0,0.0,Daylight,Clear,Motor Vehicle-In-Transport On Same Roadway,36.04027,-86.74355,False,Crashes_MPO_2020
102716327,2020-05-28,2020,Davidson,,1.0,Suspected Minor Injury,0,0,,,,,0.0,0.0,0.0,0.0,Daylight,Clear,Standing Tree,36.01396,-86.6816,False,Crashes_MPO_2020
102716328,2020-05-29,2020,Williamson,,1.0,Property Damage,0,0,,,,,0.0,0.0,0.0,0.0,Daylight,Cloudy,Motor Vehicle-In-Transport On Same Roadway,35.9658,-86.81388,False,Crashes_MPO_2020
102716332,2020-05-29,2020,Davidson,,1.0,Property Damage,0,0,,,,,0.0,0.0,0.0,0.0,Daylight,Rain,Motor Vehicle-In-Transport On Same Roadway,36.04223,-86.78227,False,Crashes_MPO_2020
102716430,2020-05-29,2020,Davidson,,1.0,Property Damage,0,0,,,,,0.0,0.0,0.0,0.0,Dark-Lighted,Cloudy,Utility Pole,36.0449,-86.7282,False,Crashes_MPO_2020
102716483,2020-05-29,2020,Williamson,,1.0,Property Damage,0,0,,,,,0.0,0.0,0.0,0.0,Dark-Lighted,Rain,Motor Vehicle-In-Transport On Same Roadway,35.93506,-86.82192,False,Crashes_MPO_2020
102710484,2020-05-23,2020,Davidson,,1.0,Property Damage,0,0,,,,,0.0,0.0,0.0,0.0,Dark-Lighted,Clear,Parked Motor Vehicle,36.02522,-86.71642,False,Crashes_MPO_2020
102710900,2020-05-23,2020,Williamson,,1.0,Property Damage Under,0,0,,,,,0.0,0.0,0.0,0.0,,,,35.93772,-86.82503,False,Crashes_MPO_2020
102711274,2020-05-23,2020,Williamson,,1.0,Property Damage,0,0,,,,,0.0,0.0,0.0,0.0,Daylight,Clear,Motor Vehicle-In-Transport On Same Roadway,35.94612,-86.83071,False,Crashes_MPO_2020
102711350,2020-05-23,2020,Davidson,,1.0,Property Damage,0,0,,,,,0.0,0.0,0.0,0.0,Dark-Lighted,Clear,Motor Vehicle-In-Transport On Same Roadway,36.01712,-86.70701,False,Crashes_MPO_2020
102711452,2020-05-22,2020,Williamson,,1.0,Property Damage,0,0,,,,,0.0,0.0,0.0,0.0,Dark-Lighted,Clear,Utility Pole,35.98293,-86.81654,True,Crashes_MPO_2020
102711487,2020-05-24,2020,Davidson,,1.0,Property Damage,0,0,,,,,0.0,0.0,0.0,0.0,Dark-Lighted,Clear,Curb,36.04463,-86.69266,False,Crashes_MPO_2020
102711509,2020-05-24,2020,Davidson,,1.0,Property Damage,0,0,,,,,0.0,0.0,0.0,0.0,Dark-Not Lighted,Clear,Wall,36.05459,-86.6807,False,Crashes_MPO_2020
102711653,2020-05-24,2020,Davidson,,1.0,Property Damage,0,0,,,,,0.0,0.0,0.0,0.0,Unknown,Unknown,Parked Motor Vehicle,36.04975,-86.69126,False,Crashes_MPO_2020
102711677,2020-05-24,2020,Davidson,,1.0,Property Damage,0,0,,,,,0.0,0.0,0.0,0.0,Daylight,Clear,Motor Vehicle-In-Transport On Same Roadway,36.04697,-86.68012,False,Crashes_MPO_2020
102711867,2020-05-23,2020,Davidson,,1.0,Suspected Minor Injury,0,0,,,,,0.0,0.0,0.0,0.0,Dark-Lighted,Clear,Motor Vehicle-In-Transport On Same Roadway,36.03633,-86.72762,False,Crashes_MPO_2020
102712178,2020-05-24,2020,Williamson,,1.0,Property Damage,0,0,,,,,0.0,0.0,0.0,0.0,Daylight,Clear,"Fire, Explosion",36.02011,-86.78725,True,Crashes_MPO_2020
102712667,2020-05-25,2020,Williamson,,1.0,Property Damage,0,0,,,,,0.0,0.0,0.0,0.0,Daylight,Clear,Mail Box,35.99702,-86.85123,False,Crashes_MPO_2020
102713042,2020-05-25,2020,Williamson,,1.0,Possible Injury,0,0,,,,,0.0,0.0,0.0,0.0,Daylight,Clear,Motor Vehicle-In-Transport On Same Roadway,35.92391,-86.87162,False,Crashes_MPO_2020
102713090,2020-05-20,2020,Davidson,,1.0,Property Damage,0,0,,,,,0.0,0.0,0.0,0.0,Daylight,Clear,Other Fixed Object,35.99763,-86.69095,False,Crashes_MPO_2020
102713757,2020-05-26,2020,Williamson,,1.0,Property Damage,0,0,,,,,0.0,0.0,0.0,0.0,Daylight,Clear,Motor Vehicle-In-Transport On Same Roadway,36.02261,-86.80794,True,Crashes_MPO_2020
102713926,2020-05-26,2020,Davidson,,1.0,Property Damage Under,0,0,,,,,0.0,0.0,0.0,0.0,,,,36.04851,-86.74362,False,Crashes_MPO_2020
102713960,2020-05-26,2020,Williamson,,1.0,Property Damage,0,0,,,,,0.0,0.0,0.0,0.0,Daylight,Clear,Motor Vehicle-In-Transport On Same Roadway,35.9537,-86.81345,False,Crashes_MPO_2020
102713972,2020-05-26,2020,Williamson,,1.0,Property Damage Under,0,0,,,,,0.0,0.0,0.0,0.0,,,,35.94782,-86.81975,False,Crashes_MPO_2020
102718908,2020-06-03,2020,Williamson,,1.0,Property Damage,0,0,,,,,0.0,0.0,0.0,0.0,Daylight,Clear,Motor Vehicle-In-Transport On Same Roadway,35.92624,-86.86674,False,Crashes_MPO_2020