mstrrecnbr,collision_ts,year,county,countystat,crash,crash_type,fatalities,non_motorists,commercial,fatal_c,nonmotor_c,truck_c,fatalc,serious_injuries,ped,bike,lighting,weather,first_harmful_event,latitude,longitude,in_city,src_layer
102718910,2020-06-03,2020,Williamson,,1.0,Property Damage Under,0,0,,,,,0.0,0.0,0.0,0.0,,,,36.0265,-86.79252,True,Crashes_MPO_2020
102719238,2020-06-03,2020,Davidson,,1.0,Property Damage,0,0,,,,,0.0,0.0,0.0,0.0,Daylight,Clear,Motor Vehicle-In-Transport On Same Roadway,36.03745,-86.78624,False,Crashes_MPO_2020
102719268,2020-06-03,2020,Williamson,,1.0,Property Damage,0,0,,,,,0.0,0.0,0.0,0.0,Daylight,Clear,Deer,35.94067,-86.76771,True,Crashes_MPO_2020
102719387,2020-05-29,2020,Williamson,,1.0,Property Damage,0,0,,,,,0.0,0.0,0.0,0.0,Dark-Lighted,Clear,Motor Vehicle-In-Motion Outside Trafficway,35.94666,-86.81847,False,Crashes_MPO_2020
102719548,2020-06-04,2020,Williamson,,1.0,Property Damage,0,0,,,,,0.0,0.0,0.0,0.0,Daylight,Clear,Motor Vehicle-In-Transport On Same Roadway,35.96612,-86.80488,True,Crashes_MPO_2020
102719552,2020-06-04,2020,Davidson,,1.0,Possible Injury,0,0,,,,,0.0,0.0,0.0,0.0,Daylight,Clear,Motor Vehicle-In-Transport On Same Roadway,36.03821,-86.8009,False,Crashes_MPO_2020
102719567,2020-06-04,2020,Davidson,,1.0,Suspected Minor Injury,0,0,,,,,0.0,0.0,0.0,0.0,Daylight,Clear,Motor Vehicle-In-Transport On Same Roadway,36.0417,-86.74389,False,Crashes_MPO_2020
102719573,2020-06-04,2020,Davidson,,1.0,Property Damage,0,0,,,,,0.0,0.0,0.0,0.0,Daylight,Clear,Motor Vehicle-In-Transport On Same Roadway,36.0409,-86.77938,False,Crashes_MPO_2020
102719632,2020-06-04,2020,Williamson,,1.0,Property Damage,0,0,,,,,0.0,0.0,0.0,0.0,Daylight,Clear,Motor Vehicle-In-Transport On Same Roadway,35.99547,-86.77847,True,Crashes_MPO_2020
102719728,2020-06-04,2020,Davidson,,1.0,Property Damage,0,0,,,,,0.0,0.0,0.0,0.0,Daylight,Rain,Motor Vehicle-In-Transport On Same Roadway,36.02499,-86.6891,False,Crashes_MPO_2020
102719802,2020-06-04,2020,Williamson,,1.0,Suspected Minor Injury,0,0,,,,,0.0,0.0,0.0,0.0,Daylight,Cloudy,Concrete Traffic Barrier,35.99031,-86.79924,True,Crashes_MPO_2020
102719854,2020-06-04,2020,Davidson,,1.0,Property Damage,0,0,,,,,0.0,0.0,0.0,0.0,Daylight,Cloudy,Motor Vehicle-In-Transport On Same Roadway,36.03801,-86.78423,False,Crashes_MPO_2020
102720095,2020-06-04,2020,Davidson,,1.0,Property Damage,0,0,,,,,0.0,0.0,0.0,0.0,Daylight,Clear,Motor Vehicle-In-Transport On Same Roadway,36.04522,-86.71479,False,Crashes_MPO_2020
102720233,2020-06-05,2020,Williamson,,1.0,Property Damage Under,0,0,,,,,0.0,0.0,0.0,0.0,,,,35.92699,-86.86667,False,Crashes_MPO_2020
102720238,2020-06-04,2020,Davidson,,1.0,Possible Injury,0,0,,,,,0.0,0.0,0.0,0.0,Daylight,Clear,Fence,36.03243,-86.70816,False,Crashes_MPO_2020
102720323,2020-06-05,2020,Davidson,,1.0,Property Damage,0,0,,,,,0.0,0.0,0.0,0.0,Daylight,Clear,Parked Motor Vehicle,36.0501,-86.7168,False,Crashes_MPO_2020
102720338,2020-06-05,2020,Williamson,,1.0,Property Damage,0,0,,,,,0.0,0.0,0.0,0.0,Daylight,Clear,Motor Vehicle-In-Transport On Same Roadway,35.95781,-86.80258,False,Crashes_MPO_2020
102720349,2020-06-05,2020,Williamson,,1.0,Property Damage,0,0,,,,,0.0,0.0,0.0,0.0,Daylight,Clear,Motor Vehicle-In-Transport On Same Roadway,35.94447,-86.82122,False,Crashes_MPO_2020
102720373,2020-06-05,2020,Williamson,,1.0,Property Damage,0,0,,,,,0.0,0.0,0.0,0.0,Daylight,Clear,Motor Vehicle-In-Transport On Same Roadway,35.96198,-86.81518,False,Crashes_MPO_2020
102720714,2020-06-05,2020,Davidson,,1.0,Suspected Minor Injury,0,0,,,,,0.0,0.0,0.0,0.0,Daylight,Clear,Motor Vehicle-In-Transport On Same Roadway,35.99626,-86.689,False,Crashes_MPO_2020
102720948,2020-06-06,2020,Williamson,,1.0,Property Damage,0,0,,,,,0.0,0.0,0.0,0.0,Daylight,Clear,Motor Vehicle-In-Transport On Same Roadway,35.92673,-86.87005,False,Crashes_MPO_2020
102721214,2020-06-06,2020,Davidson,,1.0,Property Damage,0,0,,,,,0.0,0.0,0.0,0.0,Daylight,Clear,Traffic Signal Support,36.0409,-86.77938,False,Crashes_MPO_2020
102727955,2020-06-17,2020,Williamson,,1.0,Property Damage Under,0,0,,,,,0.0,0.0,0.0,0.0,Daylight,Clear,Motor Vehicle-In-Transport On Same Roadway,35.93191,-86.794,False,Crashes_MPO_2020
102723715,2020-06-10,2020,Davidson,,1.0,Suspected Minor Injury,0,0,,,,,0.0,0.0,0.0,0.0,Daylight,Clear,Motor Vehicle-In-Transport On Same Roadway,36.01214,-86.70344,False,Crashes_MPO_2020
102723750,2020-06-10,2020,Davidson,,1.0,Property Damage,0,0,,,,,0.0,0.0,0.0,0.0,Daylight,Clear,Motor Vehicle-In-Transport On Same Roadway,36.04154,-86.7036,False,Crashes_MPO_2020
102723923,2020-06-10,2020,Davidson,,1.0,Suspected Minor Injury,0,0,,,,,0.0,0.0,0.0,0.0,Dark-Not Lighted,Clear,Motor Vehicle-In-Transport On Same Roadway,36.01229,-86.68536,False,Crashes_MPO_2020
102723996,2020-06-10,2020,Williamson,,1.0,Property Damage,0,0,,,,,0.0,0.0,0.0,0.0,Daylight,Clear,Deer,35.96528,-86.69389,False,Crashes_MPO_2020
102724270,2020-06-11,2020,Williamson,,1.0,Property Damage,0,0,,,,,0.0,0.0,0.0,0.0,Daylight,Clear,Motor Vehicle-In-Transport On Same Roadway,35.92418,-86.87385,False,Crashes_MPO_2020
102724377,2020-06-11,2020,Williamson,,1.0,Property Damage,0,0,,,,,0.0,0.0,0.0,0.0,Daylight,Clear,Motor Vehicle-In-Transport On Same Roadway,35.92399,-86.87369,False,Crashes_MPO_2020
102724411,2020-06-11,2020,Williamson,,1.0,Property Damage,0,0,,,,,0.0,0.0,0.0,0.0,Daylight,Clear,Motor Vehicle-In-Transport On Same Roadway,35.92617,-86.8245,False,Crashes_MPO_2020
102724640,2020-06-11,2020,Davidson,,1.0,Property Damage,0,0,,,,,0.0,0.0,0.0,0.0,Dark-Lighted,Clear,Standing Tree,36.01434,-86.67918,False,Crashes_MPO_2020
102724908,2020-06-12,2020,Williamson,,1.0,Property Damage,0,0,,,,,0.0,0.0,0.0,0.0,Daylight,Clear,Motor Vehicle-In-Transport On Same Roadway,35.92546,-86.87275,False,Crashes_MPO_2020
102725003,2020-06-12,2020,Williamson,,1.0,Property Damage,0,0,,,,,0.0,0.0,0.0,0.0,Daylight,Clear,Motor Vehicle-In-Transport On Same Roadway,35.9667,-86.81121,True,Crashes_MPO_2020
102725005,2020-06-12,2020,Davidson,,1.0,Possible Injury,0,0,,,,,0.0,0.0,0.0,0.0,Daylight,Clear,Motor Vehicle-In-Transport On Same Roadway,36.05434,-86.77996,False,Crashes_MPO_2020
102725045,2020-06-12,2020,Williamson,,1.0,Property Damage Under,0,0,,,,,0.0,0.0,0.0,0.0,,,,35.94132,-86.83614,False,Crashes_MPO_2020
102725046,2020-06-12,2020,Davidson,,1.0,Property Damage,0,0,,,,,0.0,0.0,0.0,0.0,Daylight,Clear,Motor Vehicle-In-Transport On Same Roadway,36.03741,-86.79034,False,Crashes_MPO_2020
102725095,2020-06-12,2020,Davidson,,1.0,Suspected Minor Injury,0,0,,,,,0.0,0.0,0.0,0.0,Daylight,Clear,Motor Vehicle-In-Transport On Same Roadway,36.01347,-86.70436,False,Crashes_MPO_2020
102725156,2020-06-12,2020,Davidson,,1.0,Suspected Minor Injury,0,0,,,,,0.0,0.0,0.0,0.0,Daylight,Clear,Motor Vehicle-In-Transport On Same Roadway,36.0409,-86.77938,False,Crashes_MPO_2020
102725158,2020-06-12,2020,Davidson,,1.0,Suspected Minor Injury,0,0,,,,,0.0,0.0,0.0,0.0,Daylight,Clear,Motor Vehicle-In-Transport On Same Roadway,36.04445,-86.68714,False,Crashes_MPO_2020
102725173,2020-06-12,2020,Davidson,,1.0,Property Damage,0,0,,,,,0.0,0.0,0.0,0.0,Daylight,Clear,Motor Vehicle-In-Transport On Same Roadway,36.03988,-86.741,False,Crashes_MPO_2020
102725174,2020-06-12,2020,Williamson,,1.0,Property Damage,0,0,,,,,0.0,0.0,0.0,0.0,Daylight,Clear,Motor Vehicle-In-Transport On Same Roadway,35.93405,-86.81901,False,Crashes_MPO_2020
102725178,2020-06-12,2020,Williamson,,1.0,Suspected Minor Injury,0,0,,,,,0.0,0.0,0.0,0.0,Dusk,Clear,Deer,36.04082,-86.86837,True,Crashes_MPO_2020
102725388,2020-06-07,2020,Williamson,,1.0,Property Damage,0,0,,,,,0.0,0.0,0.0,0.0,Dark-Unknown Lighting,Clear,"Over Turn, Roll Over",36.00704,-86.72138,True,Crashes_MPO_2020
102725430,2020-06-12,2020,Williamson,,1.0,Property Damage,0,0,,,,,0.0,0.0,0.0,0.0,Dark-Lighted,Clear,Building,35.93376,-86.87913,False,Crashes_MPO_2020
102725472,2020-06-13,2020,Davidson,,1.0,Suspected Minor Injury,0,0,,,,,0.0,0.0,0.0,0.0,Daylight,Clear,Curb,36.04084,-86.77347,False,Crashes_MPO_2020
102725625,2020-06-13,2020,Williamson,,1.0,Property Damage,0,0,,,,,0.0,0.0,0.0,0.0,Daylight,Clear,Motor Vehicle-In-Transport On Same Roadway,35.93622,-86.82798,False,Crashes_MPO_2020
102725692,2020-06-13,2020,Davidson,,1.0,Property Damage,0,0,,,,,0.0,0.0,0.0,0.0,Daylight,Clear,Motor Vehicle-In-Transport On Same Roadway,36.05366,-86.71502,False,Crashes_MPO_2020
102725787,2020-06-13,2020,Williamson,,1.0,Property Damage,0,0,,,,,0.0,0.0,0.0,0.0,Daylight,Clear,"Over Turn, Roll Over",35.99927,-86.81687,True,Crashes_MPO_2020
102721402,2020-06-06,2020,Williamson,,1.0,Property Damage,0,0,,,,,0.0,0.0,0.0,0.0,Daylight,Clear,Ditch,35.98074,-86.71031,True,Crashes_MPO_2020
102721549,2020-06-07,2020,Davidson,,1.0,Suspected Minor Injury,0,0,,,,,0.0,0.0,0.0,0.0,Dark-Lighted,Clear,Motor Vehicle-In-Transport On Same Roadway,36.02263,-86.68056,False,Crashes_MPO_2020
102721574,2020-06-07,2020,Davidson,,1.0,Possible Injury,0,0,,,,,0.0,0.0,0.0,0.0,Dark-Lighted,Clear,Building,36.03972,-86.74402,False,Crashes_MPO_2020
102721601,2020-06-06,2020,Davidson,,1.0,Property Damage,0,0,,,,,0.0,0.0,0.0,0.0,Daylight,Clear,Parked Motor Vehicle,36.04839,-86.70641,False,Crashes_MPO_2020
102721717,2020-06-07,2020,Williamson,,1.0,Possible Injury,0,0,,,,,0.0,0.0,0.0,0.0,Daylight,Clear,Motor Vehicle-In-Transport On Same Roadway,35.99551,-86.77887,True,Crashes_MPO_2020
102721762,2020-06-07,2020,Williamson,,1.0,Property Damage,0,0,,,,,0.0,0.0,0.0,0.0,Daylight,Clear,Motor Vehicle-In-Transport On Same Roadway,36.03319,-86.7876,True,Crashes_MPO_2020
102721799,2020-06-07,2020,Williamson,,1.0,Property Damage,0,0,,,,,0.0,0.0,0.0,0.0,Daylight,Clear,Motor Vehicle-In-Transport On Same Roadway,35.97006,-86.78994,True,Crashes_MPO_2020
102722197,2020-06-08,2020,Williamson,,1.0,Property Damage,0,0,,,,,0.0,0.0,0.0,0.0,Daylight,Clear,Motor Vehicle-In-Transport On Same Roadway,35.99922,-86.80923,True,Crashes_MPO_2020
102722207,2020-06-08,2020,Davidson,,1.0,Property Damage,0,0,,,,,0.0,0.0,0.0,0.0,Daylight,Clear,Motor Vehicle-In-Transport On Same Roadway,36.04537,-86.71326,False,Crashes_MPO_2020
102722499,2020-06-08,2020,Williamson,,1.0,Property Damage,0,0,,,,,0.0,0.0,0.0,0.0,Daylight,Clear,Motor Vehicle-In-Transport On Same Roadway,35.94689,-86.85242,False,Crashes_MPO_2020
102722675,2020-06-08,2020,Davidson,,1.0,Possible Injury,0,0,,,,,0.0,0.0,0.0,0.0,Dark-Lighted,Rain,Motor Vehicle-In-Transport On Same Roadway,36.04245,-86.71294,False,Crashes_MPO_2020
102722689,2020-06-08,2020,Williamson,,1.0,Property Damage,0,0,,,,,0.0,0.0,0.0,0.0,Dark-Lighted,Rain,Mail Box,36.02015,-86.77941,True,Crashes_MPO_2020
102722695,2020-06-08,2020,Williamson,,1.0,Property Damage,0,0,,,,,0.0,0.0,0.0,0.0,Dark-Lighted,Rain,Motor Vehicle-In-Transport On Same Roadway,35.96518,-86.80029,True,Crashes_MPO_2020
102722755,2020-06-09,2020,Davidson,,1.0,Property Damage,0,0,,,,,0.0,0.0,0.0,0.0,Daylight,Rain,Concrete Traffic Barrier,36.0353,-86.78339,False,Crashes_MPO_2020
102722784,2020-06-09,2020,Davidson,,1.0,Suspected Minor Injury,0,0,,,,,0.0,0.0,0.0,0.0,Daylight,Rain,Concrete Traffic Barrier,36.0353,-86.78339,False,Crashes_MPO_2020
102723094,2020-06-09,2020,Williamson,,1.0,Property Damage,0,0,,,,,0.0,0.0,0.0,0.0,Daylight,Clear,Motor Vehicle-In-Transport On Same Roadway,35.99583,-86.78225,True,Crashes_MPO_2020
102723167,2020-06-09,2020,Williamson,,1.0,Property Damage,0,0,,,,,0.0,0.0,0.0,0.0,Daylight,Cloudy,Motor Vehicle-In-Transport On Same Roadway,35.94765,-86.81971,False,Crashes_MPO_2020
102723546,2020-06-10,2020,Williamson,,1.0,Property Damage,0,0,,,,,0.0,0.0,0.0,0.0,Unknown,Clear,Motor Vehicle-In-Transport On Same Roadway,35.96577,-86.8126,False,Crashes_MPO_2020
102723580,2020-06-10,2020,Williamson,,1.0,Possible Injury,0,0,,,,,0.0,0.0,0.0,0.0,Daylight,Clear,Motor Vehicle-In-Transport On Same Roadway,35.99551,-86.77887,True,Crashes_MPO_2020
102725906,2020-06-13,2020,Williamson,,1.0,Property Damage,0,0,,,,,0.0,0.0,0.0,0.0,Dark-Lighted,Clear,Motor Vehicle-In-Transport On Same Roadway,35.93699,-86.81799,False,Crashes_MPO_2020
102725909,2020-06-13,2020,Williamson,,1.0,Property Damage,0,0,,,,,0.0,0.0,0.0,0.0,Daylight,Clear,Motor Vehicle-In-Transport On Same Roadway,35.93756,-86.76809,False,Crashes_MPO_2020
102725980,2020-06-14,2020,Davidson,,1.0,Property Damage,0,0,,,,,0.0,0.0,0.0,0.0,Dark-Lighted,Clear,Utility Pole,36.0359,-86.71332,False,Crashes_MPO_2020
102725992,2020-06-14,2020,Williamson,,1.0,Property Damage,0,0,,,,,0.0,0.0,0.0,0.0,Dark-Not Lighted,Clear,Embankment Earth,35.93277,-86.84724,False,Crashes_MPO_2020
102726283,2020-06-14,2020,Davidson,,1.0,Property Damage Under,0,0,,,,,0.0,0.0,0.0,0.0,Unknown,Unknown,Motor Vehicle-In-Transport On Same Roadway,36.04037,-86.75475,False,Crashes_MPO_2020
102726346,2020-06-14,2020,Davidson,,1.0,Suspected Minor Injury,0,0,,,,,0.0,0.0,0.0,0.0,Daylight,Clear,Motor Vehicle-In-Transport On Same Roadway,36.05151,-86.71436,False,Crashes_MPO_2020
102726393,2020-06-14,2020,Davidson,,1.0,Suspected Minor Injury,0,0,,,,,0.0,0.0,0.0,0.0,Daylight,Clear,Motor Vehicle-In-Transport On Same Roadway,36.03286,-86.71286,False,Crashes_MPO_2020
102726642,2020-06-15,2020,Davidson,,1.0,Property Damage,0,0,,,,,0.0,0.0,0.0,0.0,Daylight,Clear,Motor Vehicle-In-Transport On Same Roadway,36.04547,-86.71217,False,Crashes_MPO_2020
102726664,2020-06-15,2020,Williamson,,1.0,Property Damage,0,0,,,,,0.0,0.0,0.0,0.0,Daylight,Clear,Motor Vehicle-In-Transport On Same Roadway,35.94715,-86.82159,False,Crashes_MPO_2020
102726670,2020-06-15,2020,Davidson,,1.0,Property Damage,0,0,,,,,0.0,0.0,0.0,0.0,Daylight,Clear,Motor Vehicle-In-Transport On Same Roadway,36.04469,-86.84743,False,Crashes_MPO_2020
102726721,2020-06-15,2020,Williamson,,1.0,Property Damage,0,0,,,,,0.0,0.0,0.0,0.0,Daylight,Clear,Motor Vehicle-In-Transport On Same Roadway,35.94825,-86.81121,False,Crashes_MPO_2020
102726768,2020-06-15,2020,Williamson,,1.0,Property Damage,0,0,,,,,0.0,0.0,0.0,0.0,Daylight,Clear,Motor Vehicle-In-Transport On Same Roadway,35.93447,-86.861,False,Crashes_MPO_2020
102726921,2020-06-13,2020,Williamson,,1.0,Property Damage,0,0,,,,,0.0,0.0,0.0,0.0,Daylight,Clear,Motor Vehicle-In-Transport On Same Roadway,35.96565,-86.81146,False,Crashes_MPO_2020
102726944,2020-06-14,2020,Williamson,,1.0,Property Damage Under,0,0,,,,,0.0,0.0,0.0,0.0,,,,35.93041,-86.82003,False,Crashes_MPO_2020
102726988,2020-06-13,2020,Williamson,,1.0,Property Damage,0,0,,,,,0.0,0.0,0.0,0.0,Dark-Lighted,Clear,Motor Vehicle-In-Transport On Same Roadway,35.94607,-86.82434,False,Crashes_MPO_2020
102727318,2020-06-16,2020,Davidson,,1.0,Property Damage,0,0,,,,,0.0,0.0,0.0,0.0,Daylight,Clear,Motor Vehicle-In-Transport On Same Roadway,36.04376,-86.69299,False,Crashes_MPO_2020
102727376,2020-06-16,2020,Williamson,,1.0,Property Damage,0,0,,,,,0.0,0.0,0.0,0.0,Daylight,Clear,Highway Traffic Sign Post,35.99664,-86.76702,True,Crashes_MPO_2020
102727426,2020-06-16,2020,Williamson,,1.0,Property Damage,0,0,,,,,0.0,0.0,0.0,0.0,Daylight,Clear,Motor Vehicle-In-Transport On Same Roadway,35.96664,-86.81074,True,Crashes_MPO_2020
102727451,2020-06-16,2020,Williamson,,1.0,Property Damage Under,0,0,,,,,0.0,0.0,0.0,0.0,Daylight,Clear,Motor Vehicle-In-Transport On Same Roadway,35.92569,-86.87291,False,Crashes_MPO_2020
102727481,2020-06-14,2020,Williamson,,1.0,Property Damage,0,0,,,,,0.0,0.0,0.0,0.0,Dusk,Clear,Motor Vehicle-In-Transport On Same Roadway,35.94778,-86.81994,False,Crashes_MPO_2020
102727507,2020-06-16,2020,Williamson,,1.0,Property Damage,0,0,,,,,0.0,0.0,0.0,0.0,Daylight,Clear,Motor Vehicle-In-Transport On Same Roadway,35.9667,-86.81121,True,Crashes_MPO_2020
102727598,2020-06-16,2020,Davidson,,1.0,Property Damage,0,0,,,,,0.0,0.0,0.0,0.0,Dark-Lighted,Clear,Motor Vehicle-In-Transport On Same Roadway,36.04014,-86.74459,False,Crashes_MPO_2020
102727808,2020-06-16,2020,Davidson,,1.0,Property Damage,0,0,,,,,0.0,0.0,0.0,0.0,Daylight,Clear,Guard Rail Face,36.04828,-86.86626,False,Crashes_MPO_2020
102727829,2020-06-17,2020,Davidson,,1.0,Property Damage,0,0,,,,,0.0,0.0,0.0,0.0,Daylight,Clear,Motor Vehicle-In-Transport On Same Roadway,36.05381,-86.71507,False,Crashes_MPO_2020
102727837,2020-06-17,2020,Williamson,,1.0,Fatal,1,0,,,,,1.0,0.0,0.0,0.0,Dark-Lighted,Clear,Curb,35.92625,-86.81619,False,Crashes_MPO_2020
102727840,2020-06-17,2020,Williamson,,1.0,Property Damage Under,0,0,,,,,0.0,0.0,0.0,0.0,Daylight,Cloudy,Motor Vehicle-In-Transport On Same Roadway,35.94687,-86.85168,False,Crashes_MPO_2020
102727922,2020-06-17,2020,Davidson,,1.0,Property Damage,0,0,,,,,0.0,0.0,0.0,0.0,Daylight,Clear,Standing Tree,36.03462,-86.68777,False,Crashes_MPO_2020
102728043,2020-06-17,2020,Williamson,,1.0,Property Damage,0,0,,,,,0.0,0.0,0.0,0.0,Daylight,Clear,Motor Vehicle-In-Transport On Same Roadway,35.96756,-86.8167,True,Crashes_MPO_2020
102728051,2020-06-17,2020,Williamson,,1.0,Property Damage,0,0,,,,,0.0,0.0,0.0,0.0,Daylight,Cloudy,Motor Vehicle-In-Transport On Same Roadway,35.93503,-86.82183,False,Crashes_MPO_2020
102728072,2020-06-17,2020,Williamson,,1.0,Property Damage,0,0,,,,,0.0,0.0,0.0,0.0,Daylight,Clear,Ditch,36.03119,-86.8755,False,Crashes_MPO_2020
102728223,2020-06-18,2020,Williamson,,1.0,Suspected Minor Injury,0,0,,,,,0.0,0.0,0.0,0.0,Dark-Not Lighted,Clear,Ditch,35.9273,-86.7399,False,Crashes_MPO_2020
102728368,2020-06-18,2020,Williamson,,1.0,Property Damage,0,0,,,,,0.0,0.0,0.0,0.0,Daylight,Clear,Motor Vehicle-In-Transport On Same Roadway,35.98933,-86.74191,True,Crashes_MPO_2020
102728380,2020-06-17,2020,Williamson,,1.0,Property Damage,0,0,,,,,0.0,0.0,0.0,0.0,Daylight,Clear,Motor Vehicle-In-Transport On Same Roadway,35.94162,-86.82007,False,Crashes_MPO_2020
102728391,2020-06-18,2020,Davidson,,1.0,Property Damage,0,0,,,,,0.0,0.0,0.0,0.0,Daylight,Cloudy,Motor Vehicle-In-Transport On Same Roadway,36.04829,-86.86631,False,Crashes_MPO_2020
102728574,2020-06-18,2020,Williamson,,1.0,Property Damage,0,0,,,,,0.0,0.0,0.0,0.0,Daylight,Clear,Motor Vehicle-In-Transport On Same Roadway,35.94475,-86.82827,False,Crashes_MPO_2020
102728584,2020-06-18,2020,Williamson,,1.0,Property Damage,0,0,,,,,0.0,0.0,0.0,0.0,Daylight,Clear,Parked Motor Vehicle,35.93719,-86.80097,False,Crashes_MPO_2020
102728597,2020-06-18,2020,Williamson,,1.0,Property Damage,0,0,,,,,0.0,0.0,0.0,0.0,Daylight,Clear,Embankment Earth,35.94772,-86.69759,False,Crashes_MPO_2020
102728620,2020-06-18,2020,Williamson,,1.0,Property Damage Under,0,0,,,,,0.0,0.0,0.0,0.0,Daylight,Clear,Motor Vehicle-In-Transport On Same Roadway,35.96174,-86.81405,False,Crashes_MPO_2020
102728657,2020-06-18,2020,Williamson,,1.0,Property Damage Under,0,0,,,,,0.0,0.0,0.0,0.0,,,,35.96198,-86.81518,False,Crashes_MPO_2020
102728737,2020-06-18,2020,Davidson,,1.0,Suspected Serious Injury,0,0,,,,,0.0,1.0,0.0,0.0,Dark-Lighted,Clear,Motor Vehicle-In-Transport On Same Roadway,36.03555,-86.7133,False,Crashes_MPO_2020
102728749,2020-06-11,2020,Williamson,,1.0,Property Damage,0,0,,,,,0.0,0.0,0.0,0.0,Dark-Lighted,Clear,Motor Vehicle-In-Motion Outside Trafficway,35.96347,-86.82507,False,Crashes_MPO_2020
102728792,2020-06-03,2020,Williamson,,1.0,Property Damage,0,0,,,,,0.0,0.0,0.0,0.0,Daylight,Clear,Motor Vehicle-In-Transport On Same Roadway,35.97716,-86.87622,False,Crashes_MPO_2020
102728834,2020-06-16,2020,Davidson,,1.0,Suspected Minor Injury,0,1,,,,,0.0,0.0,0.0,1.0,Daylight,Clear,Pedal-Cycle,36.02147,-86.70084,False,Crashes_MPO_2020
102729045,2020-06-19,2020,Williamson,,1.0,Property Damage,0,0,,,,,0.0,0.0,0.0,0.0,Daylight,Clear,Motor Vehicle-In-Transport On Same Roadway,35.93191,-86.794,False,Crashes_MPO_2020
102729086,2020-06-18,2020,Williamson,,1.0,Fatal,1,0,,,,,1.0,0.0,0.0,0.0,Dark-Not Lighted,Clear,Motor Vehicle-In-Transport On Same Roadway,36.00279,-86.80737,True,Crashes_MPO_2020
102729208,2020-06-19,2020,Davidson,,1.0,Property Damage,0,0,,,,,0.0,0.0,0.0,0.0,Daylight,Clear,Parked Motor Vehicle,36.04181,-86.71593,False,Crashes_MPO_2020
102729433,2020-06-18,2020,Williamson,,1.0,Property Damage,0,0,,,,,0.0,0.0,0.0,0.0,Daylight,Clear,Motor Vehicle-In-Transport On Same Roadway,35.99922,-86.80923,True,Crashes_MPO_2020
102729538,2020-06-20,2020,Williamson,,1.0,Property Damage,0,0,,,,,0.0,0.0,0.0,0.0,Daylight,Clear,Motor Vehicle-In-Transport On Same Roadway,36.03658,-86.79084,True,Crashes_MPO_2020
102729577,2020-06-20,2020,Davidson,,1.0,Property Damage,0,0,,,,,0.0,0.0,0.0,0.0,Daylight,Clear,Motor Vehicle-In-Transport On Same Roadway,36.04646,-86.71339,False,Crashes_MPO_2020