mstrrecnbr,collision_ts,year,county,countystat,crash,crash_type,fatalities,non_motorists,commercial,fatal_c,nonmotor_c,truck_c,fatalc,serious_injuries,ped,bike,lighting,weather,first_harmful_event,latitude,longitude,in_city,src_layer
102729608,2020-06-20,2020,Davidson,,1.0,Property Damage,0,0,,,,,0.0,0.0,0.0,0.0,Daylight,Clear,Shrubbery,36.03981,-86.78328,False,Crashes_MPO_2020
102729613,2020-06-20,2020,Williamson,,1.0,Property Damage Under,0,0,,,,,0.0,0.0,0.0,0.0,,,,35.92642,-86.81602,False,Crashes_MPO_2020
102729668,2020-06-20,2020,Davidson,,1.0,Property Damage Under,0,0,,,,,0.0,0.0,0.0,0.0,,,,35.99831,-86.69189,False,Crashes_MPO_2020
102729799,2020-06-17,2020,Williamson,,1.0,Property Damage,0,0,,,,,0.0,0.0,0.0,0.0,Daylight,Cloudy,Motor Vehicle-In-Transport On Same Roadway,36.02729,-86.79207,True,Crashes_MPO_2020
102729807,2020-06-20,2020,Williamson,,1.0,Property Damage,0,0,,,,,0.0,0.0,0.0,0.0,Dark-Not Lighted,Clear,Parked Motor Vehicle,36.02563,-86.81037,True,Crashes_MPO_2020
102729855,2020-06-20,2020,Davidson,,1.0,Possible Injury,0,0,,,,,0.0,0.0,0.0,0.0,Dark-Lighted,Clear,Motor Vehicle-In-Transport On Same Roadway,36.04168,-86.74801,False,Crashes_MPO_2020
102735521,2020-07-01,2020,Williamson,,1.0,Property Damage,0,0,,,,,0.0,0.0,0.0,0.0,Daylight,Cloudy,Utility Pole,35.93783,-86.70649,False,Crashes_MPO_2020
102735601,2020-07-01,2020,Davidson,,1.0,Property Damage,0,0,,,,,0.0,0.0,0.0,0.0,Daylight,Clear,Motor Vehicle-In-Transport On Same Roadway,36.04659,-86.68322,False,Crashes_MPO_2020
102735607,2020-07-01,2020,Davidson,,1.0,Property Damage,0,0,,,,,0.0,0.0,0.0,0.0,Daylight,Cloudy,Motor Vehicle-In-Transport On Same Roadway,36.0403,-86.7686,False,Crashes_MPO_2020
102735626,2020-07-01,2020,Williamson,,1.0,Property Damage,0,0,,,,,0.0,0.0,0.0,0.0,Daylight,Cloudy,Motor Vehicle-In-Transport On Same Roadway,36.03322,-86.78531,True,Crashes_MPO_2020
102735773,2020-06-28,2020,Williamson,,1.0,Property Damage,0,0,,,,,0.0,0.0,0.0,0.0,Daylight,Cloudy,Wall,36.01689,-86.78609,True,Crashes_MPO_2020
102735892,2020-07-02,2020,Davidson,,1.0,Property Damage,0,0,,,,,0.0,0.0,0.0,0.0,Daylight,Clear,Motor Vehicle-In-Transport On Same Roadway,36.03352,-86.71298,False,Crashes_MPO_2020
102736039,2020-07-02,2020,Williamson,,1.0,Property Damage Under,0,0,,,,,0.0,0.0,0.0,0.0,Daylight,Cloudy,Motor Vehicle-In-Transport On Same Roadway,35.93679,-86.77316,False,Crashes_MPO_2020
102736044,2020-07-02,2020,Williamson,,1.0,Suspected Minor Injury,0,0,,,,,0.0,0.0,0.0,0.0,Daylight,Clear,Motor Vehicle-In-Transport On Same Roadway,35.99079,-86.75111,True,Crashes_MPO_2020
102736114,2020-07-02,2020,Williamson,,1.0,Property Damage,0,0,,,,,0.0,0.0,0.0,0.0,Daylight,Clear,Motor Vehicle-In-Transport On Same Roadway,35.97334,-86.83305,True,Crashes_MPO_2020
102736148,2020-07-02,2020,Williamson,,1.0,Property Damage,0,0,,,,,0.0,0.0,0.0,0.0,Daylight,Clear,Motor Vehicle-In-Transport On Same Roadway,35.96705,-86.81355,True,Crashes_MPO_2020
102736265,2020-07-02,2020,Davidson,,1.0,Suspected Minor Injury,0,0,,,,,0.0,0.0,0.0,0.0,Dark-Lighted,Clear,Motor Vehicle-In-Transport On Same Roadway,36.02277,-86.68053,False,Crashes_MPO_2020
102736317,2020-07-02,2020,Williamson,,1.0,Property Damage,0,0,,,,,0.0,0.0,0.0,0.0,Dark-Lighted,Clear,Curb,35.93286,-86.78344,False,Crashes_MPO_2020
102736392,2020-07-03,2020,Davidson,,1.0,Property Damage,0,0,,,,,0.0,0.0,0.0,0.0,Daylight,Clear,Motor Vehicle-In-Transport On Same Roadway,36.04713,-86.86204,False,Crashes_MPO_2020
102736477,2020-07-03,2020,Davidson,,1.0,Possible Injury,0,0,,,,,0.0,0.0,0.0,0.0,Daylight,Clear,Motor Vehicle-In-Transport On Same Roadway,36.05151,-86.71436,False,Crashes_MPO_2020
102736631,2020-07-03,2020,Williamson,,1.0,Suspected Minor Injury,0,0,,,,,0.0,0.0,0.0,0.0,Daylight,Clear,Motor Vehicle-In-Transport On Same Roadway,35.95889,-86.81598,False,Crashes_MPO_2020
102736633,2020-07-03,2020,Williamson,,1.0,Property Damage,0,0,,,,,0.0,0.0,0.0,0.0,Daylight,Clear,Motor Vehicle-In-Transport On Same Roadway,35.95004,-86.80682,False,Crashes_MPO_2020
102736673,2020-07-03,2020,Williamson,,1.0,Property Damage,0,0,,,,,0.0,0.0,0.0,0.0,Daylight,Clear,Motor Vehicle-In-Transport On Same Roadway,35.93401,-86.71287,False,Crashes_MPO_2020
102736796,2020-07-03,2020,Williamson,,1.0,Suspected Minor Injury,0,0,,,,,0.0,0.0,0.0,0.0,Daylight,Clear,Motor Vehicle-In-Transport On Same Roadway,35.95937,-86.76844,True,Crashes_MPO_2020
102736881,2020-07-03,2020,Williamson,,1.0,Property Damage Under,0,0,,,,,0.0,0.0,0.0,0.0,Dark-Lighted,Clear,Motor Vehicle-In-Transport On Same Roadway,35.96539,-86.80049,True,Crashes_MPO_2020
102736985,2020-06-24,2020,Williamson,,1.0,Possible Injury,0,0,,,,,0.0,0.0,0.0,0.0,Daylight,Clear,Motor Vehicle-In-Transport On Same Roadway,35.965886,-86.805876,True,Crashes_MPO_2020
102737142,2020-06-28,2020,Williamson,,1.0,Property Damage Under,0,0,,,,,0.0,0.0,0.0,0.0,Daylight,Clear,Motor Vehicle-In-Transport On Same Roadway,35.94478,-86.81949,False,Crashes_MPO_2020
102737195,2020-07-04,2020,Davidson,,1.0,Property Damage,0,0,,,,,0.0,0.0,0.0,0.0,Daylight,Clear,Motor Vehicle-In-Transport On Same Roadway,36.0409,-86.77938,False,Crashes_MPO_2020
102737238,2020-07-03,2020,Williamson,,1.0,Property Damage,0,0,,,,,0.0,0.0,0.0,0.0,Daylight,Clear,Parked Motor Vehicle,35.95992,-86.80243,False,Crashes_MPO_2020
102737359,2020-07-04,2020,Williamson,,1.0,Property Damage,0,0,,,,,0.0,0.0,0.0,0.0,Dark-Lighted,Cloudy,Motor Vehicle-In-Transport On Same Roadway,35.95721,-86.84339,False,Crashes_MPO_2020
102737431,2020-06-29,2020,Williamson,,1.0,Property Damage,0,0,,,,,0.0,0.0,0.0,0.0,Dark-Lighted,Cloudy,Curb,35.9486,-86.8459,False,Crashes_MPO_2020
102737938,2020-07-06,2020,Williamson,,1.0,Property Damage,0,0,,,,,0.0,0.0,0.0,0.0,Daylight,Cloudy,Set In Motion By Motor Vehicle,35.93606,-86.69258,False,Crashes_MPO_2020
102737951,2020-07-06,2020,Williamson,,1.0,Property Damage,0,0,,,,,0.0,0.0,0.0,0.0,Daylight,Clear,Motor Vehicle-In-Transport On Same Roadway,35.94708,-86.85152,False,Crashes_MPO_2020
102737962,2020-07-06,2020,Davidson,,1.0,Property Damage,0,0,,,,,0.0,0.0,0.0,0.0,Daylight,Clear,Motor Vehicle-In-Transport On Same Roadway,36.04481,-86.84894,False,Crashes_MPO_2020
102737991,2020-07-04,2020,Williamson,,1.0,Property Damage,0,0,,,,,0.0,0.0,0.0,0.0,Daylight,Clear,Motor Vehicle-In-Transport On Same Roadway,35.9431,-86.82291,False,Crashes_MPO_2020
102738028,2020-07-06,2020,Davidson,,1.0,Property Damage,0,0,,,,,0.0,0.0,0.0,0.0,Daylight,Clear,Motor Vehicle-In-Transport On Same Roadway,36.04811,-86.71359,False,Crashes_MPO_2020
102738485,2020-07-06,2020,Williamson,,1.0,Property Damage,0,0,,,,,0.0,0.0,0.0,0.0,Daylight,Cloudy,Building,35.95357,-86.81552,False,Crashes_MPO_2020
102738558,2020-07-07,2020,Williamson,,1.0,Property Damage,0,0,,,,,0.0,0.0,0.0,0.0,Daylight,Clear,Motor Vehicle-In-Transport On Same Roadway,35.97341,-86.83298,True,Crashes_MPO_2020
102738565,2020-07-07,2020,Williamson,,1.0,Property Damage Under,0,0,,,,,0.0,0.0,0.0,0.0,Daylight,Clear,Parked Motor Vehicle,35.92685,-86.84811,False,Crashes_MPO_2020
102738765,2020-07-07,2020,Davidson,,1.0,Property Damage Under,0,0,,,,,0.0,0.0,0.0,0.0,,,,36.04621,-86.71336,False,Crashes_MPO_2020
102738865,2020-07-07,2020,Williamson,,1.0,Possible Injury,0,0,,,,,0.0,0.0,0.0,0.0,Daylight,Clear,Motor Vehicle-In-Transport On Same Roadway,36.02844,-86.79142,True,Crashes_MPO_2020
102738955,2020-07-06,2020,Williamson,,1.0,Property Damage,0,0,,,,,0.0,0.0,0.0,0.0,Daylight,Clear,Parked Motor Vehicle,36.02913,-86.84194,True,Crashes_MPO_2020
102738993,2020-07-08,2020,Williamson,,1.0,Property Damage,0,0,,,,,0.0,0.0,0.0,0.0,Daylight,Clear,Motor Vehicle-In-Transport On Same Roadway,35.95114,-86.80778,False,Crashes_MPO_2020
102739006,2020-07-08,2020,Williamson,,1.0,Property Damage,0,0,,,,,0.0,0.0,0.0,0.0,Daylight,Cloudy,Motor Vehicle-In-Transport On Same Roadway,36.03075,-86.78476,True,Crashes_MPO_2020
102739031,2020-07-08,2020,Williamson,,1.0,Property Damage Under,0,0,,,,,0.0,0.0,0.0,0.0,,,,36.02769,-86.79184,True,Crashes_MPO_2020
102739094,2020-07-07,2020,Williamson,,1.0,Property Damage,0,0,,,,,0.0,0.0,0.0,0.0,Daylight,Clear,Building,35.92534,-86.8767,False,Crashes_MPO_2020
102739105,2020-07-07,2020,Davidson,,1.0,Property Damage,0,0,,,,,0.0,0.0,0.0,0.0,Dark-Lighted,Clear,Motor Vehicle-In-Transport On Same Roadway,36.04401,-86.69343,False,Crashes_MPO_2020
102739141,2020-07-08,2020,Williamson,,1.0,Property Damage,0,0,,,,,0.0,0.0,0.0,0.0,Daylight,Clear,Motor Vehicle-In-Transport On Same Roadway,35.93219,-86.79405,False,Crashes_MPO_2020
102739226,2020-07-08,2020,Williamson,,1.0,Property Damage,0,0,,,,,0.0,0.0,0.0,0.0,Dusk,Rain,Concrete Traffic Barrier,36.02147,-86.78733,True,Crashes_MPO_2020
102739313,2020-07-08,2020,Davidson,,1.0,Property Damage,0,0,,,,,0.0,0.0,0.0,0.0,Dark-Not Lighted,Clear,Motor Vehicle-In-Transport On Same Roadway,36.04647,-86.7771,False,Crashes_MPO_2020
102739327,2020-07-04,2020,Williamson,,1.0,Fatal,1,0,,,,,1.0,0.0,0.0,0.0,Dark-Lighted,Clear,Standing Tree,35.95837,-86.81029,False,Crashes_MPO_2020
102731790,2020-06-24,2020,Williamson,,1.0,Property Damage Under,0,0,,,,,0.0,0.0,0.0,0.0,Daylight,Clear,Motor Vehicle-In-Transport On Same Roadway,35.92587,-86.87305,False,Crashes_MPO_2020
102732048,2020-06-20,2020,Williamson,,1.0,Suspected Minor Injury,0,0,,,,,0.0,0.0,0.0,0.0,Dark-Lighted,Clear,Motor Vehicle-In-Transport On Same Roadway,35.95878,-86.80441,False,Crashes_MPO_2020
102732223,2020-06-25,2020,Davidson,,1.0,Property Damage,0,0,,,,,0.0,0.0,0.0,0.0,Daylight,Clear,Motor Vehicle-In-Transport On Same Roadway,36.04058,-86.81741,False,Crashes_MPO_2020
102732224,2020-06-23,2020,Williamson,,1.0,Suspected Minor Injury,0,0,,,,,0.0,0.0,0.0,0.0,Daylight,Clear,Motor Vehicle-In-Transport On Same Roadway,36.02412,-86.78597,True,Crashes_MPO_2020
102732398,2020-06-25,2020,Williamson,,1.0,Property Damage Under,0,0,,,,,0.0,0.0,0.0,0.0,Daylight,Clear,Motor Vehicle-In-Transport On Same Roadway,35.92957,-86.84187,False,Crashes_MPO_2020
102732424,2020-06-25,2020,Davidson,,1.0,Possible Injury,0,0,,,,,0.0,0.0,0.0,0.0,Daylight,Clear,Motor Vehicle-In-Transport On Same Roadway,36.0485,-86.71351,False,Crashes_MPO_2020
102732597,2020-06-26,2020,Williamson,,1.0,Suspected Minor Injury,0,0,,,,,0.0,0.0,0.0,0.0,Dark-Lighted,Clear,Standing Tree,36.01233,-86.82822,True,Crashes_MPO_2020
102732644,2020-06-26,2020,Williamson,,1.0,Property Damage,0,0,,,,,0.0,0.0,0.0,0.0,Daylight,Clear,Deer,36.0196,-86.78686,True,Crashes_MPO_2020
102732744,2020-06-26,2020,Williamson,,1.0,Property Damage Under,0,0,,,,,0.0,0.0,0.0,0.0,,,,36.03551,-86.78748,True,Crashes_MPO_2020
102732986,2020-06-25,2020,Williamson,,1.0,Possible Injury,0,0,,,,,0.0,0.0,0.0,0.0,Daylight,Clear,Motor Vehicle-In-Transport On Same Roadway,36.0244,-86.79371,True,Crashes_MPO_2020
102733062,2020-06-26,2020,Davidson,,1.0,Possible Injury,0,0,,,,,0.0,0.0,0.0,0.0,Daylight,Clear,Motor Vehicle-In-Transport On Same Roadway,36.04542,-86.71835,False,Crashes_MPO_2020
102733069,2020-06-26,2020,Williamson,,1.0,Property Damage,0,0,,,,,0.0,0.0,0.0,0.0,Daylight,Clear,Mail Box,36.02308,-86.74941,False,Crashes_MPO_2020
102733408,2020-06-27,2020,Williamson,,1.0,Property Damage,0,0,,,,,0.0,0.0,0.0,0.0,Daylight,Clear,Guard Rail Face,36.01145,-86.78486,True,Crashes_MPO_2020
102733622,2020-06-27,2020,Williamson,,1.0,Property Damage Under,0,0,,,,,0.0,0.0,0.0,0.0,Dark-Lighted,Clear,Curb,35.99322,-86.72387,True,Crashes_MPO_2020
102729962,2020-06-16,2020,Williamson,,1.0,Property Damage,0,0,,,,,0.0,0.0,0.0,0.0,Daylight,Clear,Culvert,35.9285,-86.7639,False,Crashes_MPO_2020
102733754,2020-06-26,2020,Williamson,,1.0,Possible Injury,0,2,,,,,0.0,0.0,0.0,1.0,Daylight,Clear,Pedal-Cycle,35.92903,-86.84903,False,Crashes_MPO_2020
102733978,2020-06-28,2020,Williamson,,1.0,Property Damage,0,0,,,,,0.0,0.0,0.0,0.0,Daylight,Rain,Motor Vehicle-In-Transport On Same Roadway,35.964,-86.77175,True,Crashes_MPO_2020
102734006,2020-06-27,2020,Williamson,,1.0,Property Damage,0,0,,,,,0.0,0.0,0.0,0.0,Daylight,Clear,Motor Vehicle-In-Transport On Same Roadway,35.94952,-86.81928,False,Crashes_MPO_2020
102734059,2020-06-28,2020,Davidson,,1.0,Suspected Minor Injury,0,0,,,,,0.0,0.0,0.0,0.0,Dark-Lighted,Clear,Motor Vehicle-In-Transport On Same Roadway,36.03752,-86.7864,False,Crashes_MPO_2020
102734224,2020-06-27,2020,Williamson,,1.0,Property Damage,0,0,,,,,0.0,0.0,0.0,0.0,Daylight,Cloudy,Motor Vehicle-In-Transport On Same Roadway,36.02844,-86.79142,True,Crashes_MPO_2020
102734246,2020-06-29,2020,Davidson,,1.0,Property Damage,0,0,,,,,0.0,0.0,0.0,0.0,Daylight,Clear,Other Post/Pole Support,36.04362,-86.69288,False,Crashes_MPO_2020
102734401,2020-06-29,2020,Davidson,,1.0,Property Damage Under,0,0,,,,,0.0,0.0,0.0,0.0,Daylight,Clear,Other Fixed Object,36.03995,-86.73915,False,Crashes_MPO_2020
102734441,2020-06-29,2020,Williamson,,1.0,Property Damage,0,0,,,,,0.0,0.0,0.0,0.0,Daylight,Clear,Motor Vehicle-In-Transport On Same Roadway,36.01257,-86.83017,True,Crashes_MPO_2020
102734489,2020-06-29,2020,Davidson,,1.0,Property Damage,0,0,,,,,0.0,0.0,0.0,0.0,Daylight,Rain,Mail Box,36.03051,-86.72126,False,Crashes_MPO_2020
102734552,2020-06-29,2020,Williamson,,1.0,Property Damage,0,0,,,,,0.0,0.0,0.0,0.0,Daylight,Rain,Motor Vehicle-In-Transport On Same Roadway,35.99643,-86.78798,True,Crashes_MPO_2020
102734846,2020-06-24,2020,Williamson,,1.0,Suspected Minor Injury,0,1,,,,,0.0,0.0,1.0,0.0,Daylight,Clear,Pedestrian,35.93393,-86.8176,False,Crashes_MPO_2020
102734858,2020-06-30,2020,Williamson,,1.0,Property Damage,0,0,,,,,0.0,0.0,0.0,0.0,Daylight,Cloudy,Motor Vehicle-In-Transport On Same Roadway,35.96845,-86.81905,True,Crashes_MPO_2020
102734865,2020-06-30,2020,Williamson,,1.0,Property Damage Under,0,0,,,,,0.0,0.0,0.0,0.0,,,,36.03422,-86.78338,True,Crashes_MPO_2020
102734876,2020-06-30,2020,Davidson,,1.0,Property Damage,0,0,,,,,0.0,0.0,0.0,0.0,Daylight,Rain,Motor Vehicle-In-Transport On Same Roadway,36.03755,-86.78509,False,Crashes_MPO_2020
102734942,2020-06-30,2020,Williamson,,1.0,Property Damage Under,0,0,,,,,0.0,0.0,0.0,0.0,,,,35.99095,-86.75159,True,Crashes_MPO_2020
102734954,2020-06-30,2020,Williamson,,1.0,Property Damage,0,0,,,,,0.0,0.0,0.0,0.0,Daylight,Clear,Motor Vehicle-In-Transport On Same Roadway,35.96174,-86.80191,True,Crashes_MPO_2020
102734968,2020-06-30,2020,Davidson,,1.0,Property Damage Under,0,0,,,,,0.0,0.0,0.0,0.0,Daylight,Cloudy,Curb,36.04531,-86.70166,False,Crashes_MPO_2020
102735078,2020-06-30,2020,Davidson,,1.0,Property Damage,0,0,,,,,0.0,0.0,0.0,0.0,Daylight,Cloudy,Motor Vehicle-In-Transport On Same Roadway,36.04525,-86.71445,False,Crashes_MPO_2020
102735086,2020-06-30,2020,Davidson,,1.0,Property Damage,0,0,,,,,0.0,0.0,0.0,0.0,Daylight,Rain,Motor Vehicle-In-Transport On Same Roadway,36.04114,-86.77621,False,Crashes_MPO_2020
102735093,2020-06-30,2020,Davidson,,1.0,Property Damage,0,0,,,,,0.0,0.0,0.0,0.0,Daylight,Rain,Motor Vehicle-In-Transport On Same Roadway,36.03419,-86.78338,True,Crashes_MPO_2020
102735421,2020-07-01,2020,Davidson,,1.0,Suspected Minor Injury,0,0,,,,,0.0,0.0,0.0,0.0,Daylight,,Motor Vehicle-In-Transport On Same Roadway,36.05366,-86.7149,False,Crashes_MPO_2020
102735481,2020-07-01,2020,Williamson,,1.0,Property Damage,0,0,,,,,0.0,0.0,0.0,0.0,Daylight,Clear,Motor Vehicle-In-Transport On Same Roadway,35.96667,-86.81093,True,Crashes_MPO_2020
102730105,2020-06-21,2020,Williamson,,1.0,Property Damage Under,0,0,,,,,0.0,0.0,0.0,0.0,Daylight,Rain,Motor Vehicle-In-Transport On Same Roadway,35.94778,-86.81994,False,Crashes_MPO_2020
102730178,2020-06-20,2020,Williamson,,1.0,Property Damage,0,0,,,,,0.0,0.0,0.0,0.0,Daylight,Clear,Motor Vehicle-In-Transport On Same Roadway,35.97102,-86.67835,False,Crashes_MPO_2020
102730200,2020-06-21,2020,Davidson,,1.0,Possible Injury,0,0,,,,,0.0,0.0,0.0,0.0,Daylight,Cloudy,Motor Vehicle-In-Transport On Same Roadway,36.02547,-86.71305,False,Crashes_MPO_2020
102730202,2020-06-21,2020,Williamson,,1.0,Property Damage,0,0,,,,,0.0,0.0,0.0,0.0,Daylight,Rain,Concrete Traffic Barrier,36.02783,-86.78429,True,Crashes_MPO_2020
102730247,2020-06-21,2020,Davidson,,1.0,Suspected Minor Injury,0,0,,,,,0.0,0.0,0.0,0.0,Daylight,Clear,Other Non-Collision,36.05179,-86.71432,False,Crashes_MPO_2020
102730328,2020-06-20,2020,Williamson,,1.0,Property Damage,0,0,,,,,0.0,0.0,0.0,0.0,Unknown,Clear,Parked Motor Vehicle,35.9597,-86.81201,False,Crashes_MPO_2020
102730514,2020-06-13,2020,Williamson,,1.0,Suspected Minor Injury,0,0,,,,,0.0,0.0,0.0,0.0,Dark-Lighted,Clear,Motor Vehicle-In-Transport On Same Roadway,35.94036,-86.81681,False,Crashes_MPO_2020
102730581,2020-06-22,2020,Williamson,,1.0,Property Damage,0,0,,,,,0.0,0.0,0.0,0.0,Daylight,Clear,Motor Vehicle-In-Transport On Same Roadway,35.99107,-86.77834,True,Crashes_MPO_2020
102730600,2020-06-22,2020,Williamson,,1.0,Property Damage,0,0,,,,,0.0,0.0,0.0,0.0,Daylight,Cloudy,Motor Vehicle-In-Transport On Same Roadway,36.03426,-86.7882,True,Crashes_MPO_2020
102730624,2020-06-22,2020,Williamson,,1.0,Property Damage Under,0,0,,,,,0.0,0.0,0.0,0.0,Daylight,Clear,Embankment Rock/Stone/Concrete,35.93107,-86.87832,False,Crashes_MPO_2020
102730772,2020-06-22,2020,Williamson,,1.0,Property Damage,0,0,,,,,0.0,0.0,0.0,0.0,Daylight,Cloudy,Motor Vehicle-In-Transport On Same Roadway,35.9951,-86.77444,True,Crashes_MPO_2020
102730783,2020-06-22,2020,Williamson,,1.0,Property Damage,0,0,,,,,0.0,0.0,0.0,0.0,Daylight,Clear,Motor Vehicle-In-Transport On Same Roadway,35.92391,-86.87162,False,Crashes_MPO_2020
102730796,2020-06-22,2020,Davidson,,1.0,Property Damage,0,0,,,,,0.0,0.0,0.0,0.0,Daylight,Clear,Parked Motor Vehicle,36.05317,-86.70143,False,Crashes_MPO_2020
102730834,2020-06-22,2020,Davidson,,1.0,Property Damage,0,0,,,,,0.0,0.0,0.0,0.0,Daylight,Clear,Motor Vehicle-In-Transport On Same Roadway,36.04084,-86.77347,False,Crashes_MPO_2020
102730864,2020-06-22,2020,Williamson,,1.0,Possible Injury,0,0,,,,,0.0,0.0,0.0,0.0,Dark-Not Lighted,Rain,Deer,35.9924,-86.70076,True,Crashes_MPO_2020
102730885,2020-06-22,2020,Davidson,,1.0,Property Damage Under,0,0,,,,,0.0,0.0,0.0,0.0,,,,36.04581,-86.70132,False,Crashes_MPO_2020
102730900,2020-06-20,2020,Williamson,,1.0,Property Damage,0,0,,,,,0.0,0.0,0.0,0.0,Dark-Lighted,Clear,Motor Vehicle-In-Transport On Same Roadway,35.97776,-86.80359,True,Crashes_MPO_2020
102731029,2020-06-22,2020,Davidson,,1.0,Property Damage,0,0,,,,,0.0,0.0,0.0,0.0,Daylight,Clear,Motor Vehicle-In-Transport On Same Roadway,36.04986,-86.74347,False,Crashes_MPO_2020
102731056,2020-06-23,2020,Davidson,,1.0,Property Damage,0,0,,,,,0.0,0.0,0.0,0.0,Daylight,Clear,Motor Vehicle-In-Transport On Same Roadway,36.04695,-86.86132,False,Crashes_MPO_2020
102731072,2020-06-23,2020,Williamson,,1.0,Property Damage,0,0,,,,,0.0,0.0,0.0,0.0,Daylight,Clear,Motor Vehicle-In-Transport On Same Roadway,35.98635,-86.73664,True,Crashes_MPO_2020
102731100,2020-06-23,2020,Davidson,,1.0,Possible Injury,0,0,,,,,0.0,0.0,0.0,0.0,Daylight,Clear,Motor Vehicle-In-Transport On Same Roadway,36.01241,-86.68841,False,Crashes_MPO_2020
102731127,2020-06-20,2020,Williamson,,1.0,Property Damage,0,0,,,,,0.0,0.0,0.0,0.0,Daylight,Clear,Motor Vehicle-In-Transport On Same Roadway,35.966692,-86.680917,False,Crashes_MPO_2020
102731293,2020-06-23,2020,Williamson,,1.0,Property Damage,0,0,,,,,0.0,0.0,0.0,0.0,Daylight,Clear,Motor Vehicle-In-Transport On Same Roadway,36.03614,-86.78938,True,Crashes_MPO_2020
102731294,2020-06-23,2020,Davidson,,1.0,Suspected Serious Injury,0,0,,,,,0.0,1.0,0.0,0.0,Daylight,Clear,"Over Turn, Roll Over",36.02478,-86.7856,True,Crashes_MPO_2020
102731344,2020-06-23,2020,Davidson,,1.0,Property Damage,0,0,,,,,0.0,0.0,0.0,0.0,Daylight,Clear,Motor Vehicle-In-Transport On Same Roadway,36.04013,-86.81603,False,Crashes_MPO_2020
102731367,2020-06-20,2020,Williamson,,1.0,Property Damage Under,0,0,,,,,0.0,0.0,0.0,0.0,Dark-Lighted,Clear,Ditch,35.9265,-86.83766,False,Crashes_MPO_2020
102731388,2020-06-23,2020,Williamson,,1.0,Property Damage,0,0,,,,,0.0,0.0,0.0,0.0,Dark-Lighted,Clear,Motor Vehicle-In-Transport On Same Roadway,35.94699,-86.81153,False,Crashes_MPO_2020
102731443,2020-06-24,2020,Williamson,,1.0,Possible Injury,0,0,,,,,0.0,0.0,0.0,0.0,Dark-Not Lighted,Clear,Deer,35.94758,-86.85671,False,Crashes_MPO_2020
102731535,2020-05-29,2020,Davidson,,1.0,Property Damage Under,0,0,,,,,0.0,0.0,0.0,0.0,Daylight,Clear,Motor Vehicle-In-Transport On Same Roadway,36.05392,-86.77515,False,Crashes_MPO_2020