mstrrecnbr,collision_ts,year,county,countystat,crash,crash_type,fatalities,non_motorists,commercial,fatal_c,nonmotor_c,truck_c,fatalc,serious_injuries,ped,bike,lighting,weather,first_harmful_event,latitude,longitude,in_city,src_layer
102731547,2020-06-24,2020,Williamson,,1.0,Suspected Minor Injury,0,0,,,,,0.0,0.0,0.0,0.0,Daylight,Clear,Concrete Traffic Barrier,36.02241,-86.78686,True,Crashes_MPO_2020
102731565,2020-06-24,2020,Williamson,,1.0,Possible Injury,0,0,,,,,0.0,0.0,0.0,0.0,Daylight,Cloudy,Motor Vehicle-In-Transport On Same Roadway,35.98289,-86.80204,True,Crashes_MPO_2020
102731585,2020-06-24,2020,Davidson,,1.0,Property Damage,0,0,,,,,0.0,0.0,0.0,0.0,Daylight,Clear,Motor Vehicle-In-Transport On Same Roadway,36.03865,-86.78318,False,Crashes_MPO_2020
102731600,2020-06-20,2020,Williamson,,1.0,Property Damage,0,0,,,,,0.0,0.0,0.0,0.0,Daylight,Clear,Motor Vehicle-In-Transport On Same Roadway,35.92735,-86.86868,False,Crashes_MPO_2020
102731604,2020-06-24,2020,Davidson,,1.0,Property Damage,0,0,,,,,0.0,0.0,0.0,0.0,Daylight,Cloudy,Parked Motor Vehicle,36.04531,-86.71381,False,Crashes_MPO_2020
102746898,2020-07-23,2020,Williamson,,1.0,Property Damage Under,0,0,,,,,0.0,0.0,0.0,0.0,Dark-Lighted,Clear,Motor Vehicle-In-Transport On Same Roadway,35.94813,-86.81778,False,Crashes_MPO_2020
102747041,2020-07-23,2020,Davidson,,1.0,Property Damage Under,0,0,,,,,0.0,0.0,0.0,0.0,Daylight,Clear,Motor Vehicle-In-Transport On Same Roadway,36.04241,-86.7128,False,Crashes_MPO_2020
102747260,2020-07-23,2020,Davidson,,1.0,Suspected Minor Injury,0,0,,,,,0.0,0.0,0.0,0.0,Daylight,Clear,Motor Vehicle-In-Transport On Same Roadway,36.02573,-86.71301,False,Crashes_MPO_2020
102747288,2020-07-23,2020,Williamson,,1.0,Property Damage,0,0,,,,,0.0,0.0,0.0,0.0,Daylight,Clear,Motor Vehicle-In-Transport On Same Roadway,35.92391,-86.87162,False,Crashes_MPO_2020
102747457,2020-07-24,2020,Williamson,,1.0,Property Damage,0,0,,,,,0.0,0.0,0.0,0.0,Daylight,Cloudy,Ditch,35.92717,-86.73818,False,Crashes_MPO_2020
102747461,2020-07-24,2020,Williamson,,1.0,Property Damage,0,0,,,,,0.0,0.0,0.0,0.0,Daylight,Clear,Motor Vehicle-In-Transport On Same Roadway,35.92804,-86.82085,False,Crashes_MPO_2020
102747590,2020-07-24,2020,Williamson,,1.0,Property Damage,0,0,,,,,0.0,0.0,0.0,0.0,Daylight,Cloudy,Motor Vehicle-In-Transport On Same Roadway,35.93367,-86.81954,False,Crashes_MPO_2020
102747603,2020-07-24,2020,Davidson,,1.0,Property Damage,0,0,,,,,0.0,0.0,0.0,0.0,Daylight,Clear,Motor Vehicle-In-Transport On Same Roadway,36.04533,-86.70208,False,Crashes_MPO_2020
102747608,2020-07-24,2020,Williamson,,1.0,Property Damage,0,0,,,,,0.0,0.0,0.0,0.0,Daylight,Clear,Motor Vehicle-In-Transport On Same Roadway,35.9276,-86.7435,False,Crashes_MPO_2020
102747708,2020-07-24,2020,Williamson,,1.0,Suspected Minor Injury,0,0,,,,,0.0,0.0,0.0,0.0,Dark-Lighted,Clear,Motor Vehicle-In-Transport On Same Roadway,35.92813,-86.8307,False,Crashes_MPO_2020
102747749,2020-07-24,2020,Davidson,,1.0,Possible Injury,0,0,,,,,0.0,0.0,0.0,0.0,Dark-Lighted,Clear,Motor Vehicle-In-Transport On Same Roadway,36.04524,-86.71461,False,Crashes_MPO_2020
102747803,2020-07-25,2020,Davidson,,1.0,Property Damage,0,0,,,,,0.0,0.0,0.0,0.0,Unknown,Unknown,Unknown,36.04629,-86.6769,False,Crashes_MPO_2020
102748033,2020-07-25,2020,Williamson,,1.0,Property Damage,0,0,,,,,0.0,0.0,0.0,0.0,Daylight,Clear,Motor Vehicle-In-Transport On Same Roadway,35.92886,-86.86515,False,Crashes_MPO_2020
102748069,2020-07-25,2020,Williamson,,1.0,Property Damage,0,0,,,,,0.0,0.0,0.0,0.0,Daylight,Clear,Motor Vehicle-In-Transport On Same Roadway,35.93465,-86.86087,False,Crashes_MPO_2020
102748201,2020-07-25,2020,Davidson,,1.0,Property Damage,0,0,,,,,0.0,0.0,0.0,0.0,Dark-Lighted,Clear,Motor Vehicle-In-Transport On Same Roadway,36.04062,-86.77137,False,Crashes_MPO_2020
102748209,2020-07-25,2020,Davidson,,1.0,Property Damage,0,0,,,,,0.0,0.0,0.0,0.0,Dark-Lighted,Clear,Motor Vehicle-In-Transport On Same Roadway,36.04005,-86.74411,False,Crashes_MPO_2020
102748240,2020-07-26,2020,Williamson,,1.0,Property Damage,0,0,,,,,0.0,0.0,0.0,0.0,Dark-Not Lighted,Clear,Concrete Traffic Barrier,36.00562,-86.78965,True,Crashes_MPO_2020
102748335,2020-07-19,2020,Williamson,,1.0,Property Damage,0,0,,,,,0.0,0.0,0.0,0.0,Daylight,Clear,Motor Vehicle-In-Transport On Same Roadway,35.95721,-86.84339,False,Crashes_MPO_2020
102748391,2020-07-26,2020,Williamson,,1.0,Property Damage,0,0,,,,,0.0,0.0,0.0,0.0,Daylight,Clear,Motor Vehicle-In-Transport On Same Roadway,35.93716,-86.859,False,Crashes_MPO_2020
102748499,2020-07-26,2020,Williamson,,1.0,Property Damage,0,0,,,,,0.0,0.0,0.0,0.0,Daylight,Cloudy,Shrubbery,35.96139,-86.73836,True,Crashes_MPO_2020
102739421,2020-07-08,2020,Williamson,,1.0,Property Damage,0,0,,,,,0.0,0.0,0.0,0.0,Daylight,Clear,Motor Vehicle-In-Transport On Same Roadway,35.97698,-86.72559,True,Crashes_MPO_2020
102742989,2020-07-16,2020,Davidson,,1.0,Property Damage,0,0,,,,,0.0,0.0,0.0,0.0,Dark-Lighted,Clear,Utility Pole,36.0453,-86.70168,False,Crashes_MPO_2020
102745037,2020-07-13,2020,Davidson,,1.0,Fatal,2,0,,,,,1.0,0.0,0.0,0.0,Dark-Lighted,Clear,Curb,36.04261,-86.74406,False,Crashes_MPO_2020
102743124,2020-07-16,2020,Williamson,,1.0,Property Damage,0,0,,,,,0.0,0.0,0.0,0.0,Daylight,Clear,Motor Vehicle-In-Transport On Same Roadway,35.93219,-86.79405,False,Crashes_MPO_2020
102743146,2020-07-16,2020,Davidson,,1.0,Possible Injury,0,0,,,,,0.0,0.0,0.0,0.0,Daylight,Clear,Motor Vehicle-In-Transport On Same Roadway,36.05151,-86.71436,False,Crashes_MPO_2020
102743165,2020-07-16,2020,Davidson,,1.0,Possible Injury,0,0,,,,,0.0,0.0,0.0,0.0,Daylight,Clear,Motor Vehicle-In-Transport On Same Roadway,36.0473,-86.86274,False,Crashes_MPO_2020
102743581,2020-07-15,2020,Williamson,,1.0,Property Damage,0,0,,,,,0.0,0.0,0.0,0.0,Daylight,Clear,Motor Vehicle-In-Transport On Same Roadway,36.01286,-86.80081,True,Crashes_MPO_2020
102743608,2020-07-17,2020,Williamson,,1.0,Suspected Minor Injury,0,0,,,,,0.0,0.0,0.0,0.0,Daylight,Clear,Motor Vehicle-In-Transport On Same Roadway,36.03122,-86.87558,False,Crashes_MPO_2020
102743712,2020-07-16,2020,Williamson,,1.0,Property Damage,0,0,,,,,0.0,0.0,0.0,0.0,Daylight,Clear,Motor Vehicle-In-Transport On Same Roadway,35.99922,-86.80923,True,Crashes_MPO_2020
102743803,2020-07-17,2020,Williamson,,1.0,Property Damage,0,0,,,,,0.0,0.0,0.0,0.0,Daylight,Clear,Motor Vehicle-In-Transport On Same Roadway,35.93741,-86.80972,False,Crashes_MPO_2020
102743867,2020-07-17,2020,Williamson,,1.0,Property Damage,0,0,,,,,0.0,0.0,0.0,0.0,Daylight,Clear,Motor Vehicle-In-Transport On Same Roadway,35.96518,-86.80029,True,Crashes_MPO_2020
102743874,2020-07-17,2020,Davidson,,1.0,Possible Injury,0,0,,,,,0.0,0.0,0.0,0.0,Daylight,Clear,Motor Vehicle-In-Transport On Same Roadway,35.99615,-86.68885,False,Crashes_MPO_2020
102743878,2020-07-17,2020,Williamson,,1.0,Property Damage,0,0,,,,,0.0,0.0,0.0,0.0,Daylight,Clear,Motor Vehicle-In-Transport On Same Roadway,35.96637,-86.80882,True,Crashes_MPO_2020
102743900,2020-07-17,2020,Williamson,,1.0,Property Damage,0,0,,,,,0.0,0.0,0.0,0.0,Daylight,Clear,Motor Vehicle-In-Transport On Same Roadway,35.93292,-86.81185,False,Crashes_MPO_2020
102743930,2020-07-17,2020,Davidson,,1.0,Property Damage Under,0,0,,,,,0.0,0.0,0.0,0.0,,,,36.04092,-86.77419,False,Crashes_MPO_2020
102743966,2020-07-17,2020,Williamson,,1.0,Suspected Serious Injury,0,0,,,,,0.0,1.0,0.0,0.0,Daylight,Clear,Motor Vehicle-In-Transport On Same Roadway,36.02606,-86.87904,False,Crashes_MPO_2020
102744260,2020-07-18,2020,Davidson,,1.0,Suspected Minor Injury,0,0,,,,,0.0,0.0,0.0,0.0,Daylight,Clear,Motor Vehicle-In-Transport On Same Roadway,36.04458,-86.70356,False,Crashes_MPO_2020
102744272,2020-07-18,2020,Davidson,,1.0,Suspected Minor Injury,0,0,,,,,0.0,0.0,0.0,0.0,Daylight,Clear,Motor Vehicle-In-Transport On Same Roadway,36.04537,-86.71326,False,Crashes_MPO_2020
102744423,2020-07-18,2020,Williamson,,1.0,Suspected Minor Injury,0,0,,,,,0.0,0.0,0.0,0.0,Daylight,Clear,Motor Vehicle-In-Transport On Same Roadway,35.99045,-86.74883,True,Crashes_MPO_2020
102744442,2020-07-18,2020,Williamson,,1.0,Suspected Serious Injury,0,0,,,,,0.0,1.0,0.0,0.0,Daylight,Clear,Luminaire Light Support,35.93846,-86.80985,False,Crashes_MPO_2020
102744472,2020-07-18,2020,Davidson,,1.0,Property Damage,0,0,,,,,0.0,0.0,0.0,0.0,Daylight,Clear,Motor Vehicle-In-Transport On Same Roadway,36.04435,-86.71314,False,Crashes_MPO_2020
102744570,2020-07-18,2020,Williamson,,1.0,Property Damage,0,0,,,,,0.0,0.0,0.0,0.0,Daylight,Clear,Ditch,35.98382,-86.69819,True,Crashes_MPO_2020
102744606,2020-07-19,2020,Williamson,,1.0,Property Damage,0,0,,,,,0.0,0.0,0.0,0.0,Daylight,Clear,"Over Turn, Roll Over",35.97598,-86.85817,False,Crashes_MPO_2020
102744631,2020-07-19,2020,Davidson,,1.0,Possible Injury,0,0,,,,,0.0,0.0,0.0,0.0,Daylight,Clear,Motor Vehicle-In-Transport On Same Roadway,36.05494,-86.74269,False,Crashes_MPO_2020
102744675,2020-07-19,2020,Davidson,,1.0,Property Damage Under,0,0,,,,,0.0,0.0,0.0,0.0,Daylight,Clear,Motor Vehicle-In-Transport On Same Roadway,36.01538,-86.70566,False,Crashes_MPO_2020
102744767,2020-07-19,2020,Davidson,,1.0,Suspected Minor Injury,0,0,,,,,0.0,0.0,0.0,0.0,Daylight,Clear,Motor Vehicle-In-Transport On Same Roadway,36.03974,-86.70452,False,Crashes_MPO_2020
102744851,2020-07-19,2020,Williamson,,1.0,Property Damage,0,0,,,,,0.0,0.0,0.0,0.0,Daylight,Clear,Motor Vehicle-In-Transport On Same Roadway,36.00467,-86.79031,True,Crashes_MPO_2020
102744962,2020-07-19,2020,Williamson,,1.0,Property Damage,0,0,,,,,0.0,0.0,0.0,0.0,Dark-Not Lighted,Clear,Bridge/Overhead Structure,35.92377,-86.76681,False,Crashes_MPO_2020
102739490,2020-07-09,2020,Williamson,,1.0,Property Damage Under,0,0,,,,,0.0,0.0,0.0,0.0,,,,35.9476,-86.81992,False,Crashes_MPO_2020
102739504,2020-07-09,2020,Davidson,,1.0,Possible Injury,0,0,,,,,0.0,0.0,0.0,0.0,Daylight,Clear,Motor Vehicle-In-Transport On Same Roadway,36.04367,-86.71307,False,Crashes_MPO_2020
102739609,2020-07-08,2020,Davidson,,1.0,Suspected Minor Injury,0,0,,,,,0.0,0.0,0.0,0.0,Dark-Lighted,Clear,Motor Vehicle-In-Transport On Same Roadway,36.0374,-86.78663,False,Crashes_MPO_2020
102739679,2020-07-09,2020,Williamson,,1.0,Property Damage,0,0,,,,,0.0,0.0,0.0,0.0,Daylight,Rain,Motor Vehicle-In-Transport On Same Roadway,36.01831,-86.7552,True,Crashes_MPO_2020
102739826,2020-07-09,2020,Davidson,,1.0,Property Damage,0,0,,,,,0.0,0.0,0.0,0.0,Daylight,Clear,Motor Vehicle-In-Transport On Same Roadway,35.99647,-86.69029,False,Crashes_MPO_2020
102739887,2020-07-02,2020,Williamson,,1.0,Property Damage,0,0,,,,,0.0,0.0,0.0,0.0,Daylight,Clear,Motor Vehicle-In-Transport On Same Roadway,35.96443,-86.8082,False,Crashes_MPO_2020
102739995,2020-07-09,2020,Williamson,,1.0,Property Damage,0,0,,,,,0.0,0.0,0.0,0.0,Daylight,Clear,Motor Vehicle-In-Transport On Same Roadway,35.93722,-86.87879,False,Crashes_MPO_2020
102740010,2020-07-10,2020,Davidson,,1.0,Property Damage,0,0,,,,,0.0,0.0,0.0,0.0,Daylight,Clear,Motor Vehicle-In-Transport On Same Roadway,36.04852,-86.86171,False,Crashes_MPO_2020
102740040,2020-07-10,2020,Williamson,,1.0,Property Damage,0,0,,,,,0.0,0.0,0.0,0.0,Daylight,Clear,Motor Vehicle-In-Transport On Same Roadway,35.95911,-86.80187,False,Crashes_MPO_2020
102740114,2020-07-09,2020,Williamson,,1.0,Property Damage,0,0,,,,,0.0,0.0,0.0,0.0,Daylight,Cloudy,Motor Vehicle-In-Transport On Same Roadway,35.99723,-86.79415,True,Crashes_MPO_2020
102740218,2020-07-10,2020,Davidson,,1.0,Property Damage Under,0,0,,,,,0.0,0.0,0.0,0.0,,,,36.041,-86.71282,False,Crashes_MPO_2020
102740240,2020-07-10,2020,Davidson,,1.0,Property Damage,0,0,,,,,0.0,0.0,0.0,0.0,Daylight,Clear,Motor Vehicle-In-Transport On Same Roadway,36.04063,-86.77147,False,Crashes_MPO_2020
102740300,2020-07-10,2020,Williamson,,1.0,Property Damage,0,0,,,,,0.0,0.0,0.0,0.0,Daylight,Clear,Motor Vehicle-In-Transport On Same Roadway,35.94114,-86.83623,False,Crashes_MPO_2020
102740333,2020-07-10,2020,Davidson,,1.0,Property Damage Under,0,0,,,,,0.0,0.0,0.0,0.0,,,,36.04084,-86.77347,False,Crashes_MPO_2020
102740339,2020-07-10,2020,Williamson,,1.0,Suspected Minor Injury,0,0,,,,,0.0,0.0,0.0,0.0,Daylight,Clear,Motor Vehicle-In-Transport On Same Roadway,35.94175,-86.82119,False,Crashes_MPO_2020
102740340,2020-07-10,2020,Williamson,,1.0,Property Damage,0,0,,,,,0.0,0.0,0.0,0.0,Daylight,Clear,Motor Vehicle-In-Transport On Same Roadway,35.95526,-86.82588,False,Crashes_MPO_2020
102740629,2020-07-11,2020,Davidson,,1.0,Property Damage,0,0,,,,,0.0,0.0,0.0,0.0,Daylight,Clear,Motor Vehicle-In-Transport On Same Roadway,36.04677,-86.71343,False,Crashes_MPO_2020
102740693,2020-07-11,2020,Williamson,,1.0,Suspected Minor Injury,0,0,,,,,0.0,0.0,0.0,0.0,Daylight,Clear,Motor Vehicle-In-Transport On Same Roadway,35.92891,-86.87519,False,Crashes_MPO_2020
102740940,2020-07-11,2020,Davidson,,1.0,Property Damage,0,0,,,,,0.0,0.0,0.0,0.0,Dusk,Clear,Motor Vehicle-In-Transport On Same Roadway,36.04526,-86.71704,False,Crashes_MPO_2020
102740979,2020-07-11,2020,Davidson,,1.0,Property Damage,0,0,,,,,0.0,0.0,0.0,0.0,Dark-Not Lighted,Clear,Other Object,36.01226,-86.68477,False,Crashes_MPO_2020
102740989,2020-07-11,2020,Williamson,,1.0,Property Damage,0,0,,,,,0.0,0.0,0.0,0.0,Daylight,Clear,Motor Vehicle-In-Transport On Same Roadway,35.9975,-86.7949,True,Crashes_MPO_2020
102741030,2020-07-12,2020,Davidson,,1.0,Suspected Serious Injury,0,0,,,,,0.0,1.0,0.0,0.0,Dark-Not Lighted,Clear,Fence,36.04428,-86.84898,False,Crashes_MPO_2020
102741163,2020-07-12,2020,Williamson,,1.0,Suspected Minor Injury,0,0,,,,,0.0,0.0,0.0,0.0,Daylight,Rain,Motor Vehicle-In-Transport On Same Roadway,35.92641,-86.82447,False,Crashes_MPO_2020
102741237,2020-07-12,2020,Williamson,,1.0,Property Damage,0,0,,,,,0.0,0.0,0.0,0.0,Daylight,Rain,Motor Vehicle-In-Transport On Same Roadway,36.01572,-86.74066,False,Crashes_MPO_2020
102741252,2020-07-12,2020,Davidson,,1.0,Property Damage,0,0,,,,,0.0,0.0,0.0,0.0,Daylight,Clear,Motor Vehicle-In-Transport On Same Roadway,36.04231,-86.72652,False,Crashes_MPO_2020
102745100,2020-07-20,2020,Davidson,,1.0,Suspected Minor Injury,0,0,,,,,0.0,0.0,0.0,0.0,Daylight,Clear,Motor Vehicle-In-Transport On Same Roadway,36.0344,-86.74356,False,Crashes_MPO_2020
102745108,2020-07-09,2020,Williamson,,1.0,Suspected Minor Injury,0,0,,,,,0.0,0.0,0.0,0.0,Daylight,Clear,Motor Vehicle-In-Transport On Same Roadway,35.9638,-86.80842,False,Crashes_MPO_2020
102745160,2020-07-20,2020,Davidson,,1.0,Property Damage,0,0,,,,,0.0,0.0,0.0,0.0,Daylight,Clear,Motor Vehicle-In-Transport On Same Roadway,36.0374,-86.78657,False,Crashes_MPO_2020
102745177,2020-07-18,2020,Williamson,,1.0,Property Damage,0,0,,,,,0.0,0.0,0.0,0.0,Daylight,Clear,Motor Vehicle-In-Transport On Same Roadway,35.96477,-86.80833,False,Crashes_MPO_2020
102745229,2020-07-18,2020,Williamson,,1.0,Possible Injury,0,0,,,,,0.0,0.0,0.0,0.0,Daylight,Clear,Motor Vehicle-In-Transport On Same Roadway,35.97638,-86.85707,False,Crashes_MPO_2020
102745360,2020-07-20,2020,Davidson,,1.0,Property Damage,0,0,,,,,0.0,0.0,0.0,0.0,Daylight,Clear,Motor Vehicle-In-Transport On Same Roadway,36.04552,-86.71163,False,Crashes_MPO_2020
102745393,2020-07-20,2020,Davidson,,1.0,Suspected Minor Injury,0,0,,,,,0.0,0.0,0.0,0.0,Daylight,Clear,Motor Vehicle-In-Transport On Same Roadway,36.04524,-86.71456,False,Crashes_MPO_2020
102745511,2020-07-21,2020,Williamson,,1.0,Property Damage,0,0,,,,,0.0,0.0,0.0,0.0,Dark-Lighted,Clear,Curb,35.92546,-86.87276,False,Crashes_MPO_2020
102745611,2020-07-18,2020,Williamson,,1.0,Property Damage,0,0,,,,,0.0,0.0,0.0,0.0,Daylight,Clear,Motor Vehicle-In-Transport On Same Roadway,36.03318,-86.78282,True,Crashes_MPO_2020
102745644,2020-07-21,2020,Williamson,,1.0,Property Damage,0,0,,,,,0.0,0.0,0.0,0.0,Daylight,Clear,Motor Vehicle-In-Transport On Same Roadway,35.96668,-86.81368,True,Crashes_MPO_2020
102745694,2020-07-18,2020,Williamson,,1.0,Possible Injury,0,0,,,,,0.0,0.0,0.0,0.0,Dark-Not Lighted,Clear,Motor Vehicle-In-Transport On Same Roadway,35.98027,-86.80271,True,Crashes_MPO_2020
102745751,2020-07-21,2020,Williamson,,1.0,Property Damage,0,0,,,,,0.0,0.0,0.0,0.0,Daylight,Cloudy,Motor Vehicle-In-Transport On Same Roadway,35.97825,-86.80341,True,Crashes_MPO_2020
102745765,2020-07-21,2020,Davidson,,1.0,Property Damage,0,0,,,,,0.0,0.0,0.0,0.0,Daylight,Rain,Embankment Earth,36.04085,-86.67787,False,Crashes_MPO_2020
102745843,2020-07-21,2020,Williamson,,1.0,Property Damage,0,0,,,,,0.0,0.0,0.0,0.0,Daylight,Clear,Motor Vehicle-In-Transport On Same Roadway,35.99379,-86.76058,True,Crashes_MPO_2020
102745845,2020-07-21,2020,Williamson,,1.0,Property Damage,0,0,,,,,0.0,0.0,0.0,0.0,Daylight,Clear,Motor Vehicle-In-Transport On Same Roadway,35.97934,-86.7058,True,Crashes_MPO_2020
102745966,2020-07-21,2020,Davidson,,1.0,Possible Injury,0,0,,,,,0.0,0.0,0.0,0.0,Dark-Lighted,Clear,Motor Vehicle-In-Transport On Same Roadway,36.04059,-86.77107,False,Crashes_MPO_2020
102746145,2020-07-18,2020,Williamson,,1.0,Property Damage,0,0,,,,,0.0,0.0,0.0,0.0,Daylight,Clear,Motor Vehicle-In-Transport On Same Roadway,35.98111,-86.84624,False,Crashes_MPO_2020
102746157,2020-07-22,2020,Williamson,,1.0,Possible Injury,0,0,,,,,0.0,0.0,0.0,0.0,Daylight,Clear,Motor Vehicle-In-Transport On Same Roadway,35.92641,-86.82447,False,Crashes_MPO_2020
102746202,2020-07-22,2020,Davidson,,1.0,Suspected Minor Injury,0,0,,,,,0.0,0.0,0.0,0.0,Daylight,Cloudy,Motor Vehicle-In-Transport On Same Roadway,36.04543,-86.70361,False,Crashes_MPO_2020
102746203,2020-07-22,2020,Williamson,,1.0,Property Damage Under,0,0,,,,,0.0,0.0,0.0,0.0,Daylight,Clear,Motor Vehicle-In-Transport On Same Roadway,35.94234,-86.81613,False,Crashes_MPO_2020
102746357,2020-07-22,2020,Williamson,,1.0,Property Damage,0,0,,,,,0.0,0.0,0.0,0.0,Daylight,Clear,Motor Vehicle-In-Transport On Same Roadway,35.966656,-86.809162,True,Crashes_MPO_2020
102746364,2020-07-22,2020,Williamson,,1.0,Possible Injury,0,0,,,,,0.0,0.0,0.0,0.0,Daylight,Cloudy,Motor Vehicle-In-Transport On Same Roadway,35.98439,-86.72434,True,Crashes_MPO_2020
102746459,2020-07-22,2020,Williamson,,1.0,Property Damage,0,0,,,,,0.0,0.0,0.0,0.0,Daylight,Rain,Motor Vehicle-In-Transport On Same Roadway,35.97708,-86.85425,False,Crashes_MPO_2020
102746464,2020-07-22,2020,Williamson,,1.0,Suspected Minor Injury,0,0,,,,,0.0,0.0,0.0,0.0,Daylight,Clear,Standing Tree,36.00559,-86.75479,True,Crashes_MPO_2020
102746470,2020-07-22,2020,Davidson,,1.0,Property Damage,0,0,,,,,0.0,0.0,0.0,0.0,Dark-Lighted,Rain,Motor Vehicle-In-Transport On Same Roadway,35.99144,-86.68373,False,Crashes_MPO_2020
102746500,2020-07-22,2020,Davidson,,1.0,Suspected Minor Injury,0,0,,,,,0.0,0.0,0.0,0.0,Dark-Lighted,Clear,Motor Vehicle-In-Transport On Same Roadway,36.04636,-86.68373,False,Crashes_MPO_2020
102746506,2020-07-22,2020,Davidson,,1.0,Suspected Minor Injury,0,0,,,,,0.0,0.0,0.0,0.0,Daylight,Rain,Motor Vehicle-In-Transport On Same Roadway,36.04689,-86.77734,False,Crashes_MPO_2020
102746568,2020-07-17,2020,Davidson,,1.0,Property Damage,0,0,,,,,0.0,0.0,0.0,0.0,Daylight,Clear,Motor Vehicle-In-Transport On Same Roadway,36.03689,-86.81684,True,Crashes_MPO_2020
102746569,2020-07-17,2020,Williamson,,1.0,Property Damage,0,0,,,,,0.0,0.0,0.0,0.0,Daylight,Clear,Motor Vehicle-In-Transport On Same Roadway,36.03657,-86.81235,True,Crashes_MPO_2020
102746619,2020-07-22,2020,Williamson,,1.0,Property Damage,0,0,,,,,0.0,0.0,0.0,0.0,Daylight,Cloudy,Motor Vehicle-In-Transport On Same Roadway,35.97716,-86.67813,False,Crashes_MPO_2020
102741356,2020-07-12,2020,Davidson,,1.0,Property Damage,0,0,,,,,0.0,0.0,0.0,0.0,Daylight,Clear,Ditch,36.05364,-86.73616,False,Crashes_MPO_2020
102741543,2020-07-10,2020,Davidson,,1.0,Property Damage,0,0,,,,,0.0,0.0,0.0,0.0,Daylight,Clear,Motor Vehicle-In-Transport On Same Roadway,36.03899,-86.78258,False,Crashes_MPO_2020
102741574,2020-07-13,2020,Davidson,,1.0,Property Damage,0,0,,,,,0.0,0.0,0.0,0.0,Daylight,Clear,Motor Vehicle-In-Transport On Same Roadway,36.0451,-86.71478,False,Crashes_MPO_2020
102741592,2020-07-09,2020,Williamson,,1.0,Possible Injury,0,0,,,,,0.0,0.0,0.0,0.0,Daylight,Clear,Motor Vehicle-In-Transport On Same Roadway,35.96454,-86.81434,False,Crashes_MPO_2020
102741671,2020-07-13,2020,Williamson,,1.0,Property Damage,0,0,,,,,0.0,0.0,0.0,0.0,Unknown,Clear,Parked Motor Vehicle,35.92601,-86.86771,False,Crashes_MPO_2020
102741794,2020-07-13,2020,Davidson,,1.0,Property Damage,0,0,,,,,0.0,0.0,0.0,0.0,Daylight,Clear,Motor Vehicle-In-Transport On Same Roadway,36.04561,-86.71976,False,Crashes_MPO_2020