mstrrecnbr,collision_ts,year,county,countystat,crash,crash_type,fatalities,non_motorists,commercial,fatal_c,nonmotor_c,truck_c,fatalc,serious_injuries,ped,bike,lighting,weather,first_harmful_event,latitude,longitude,in_city,src_layer
102741850,2020-07-13,2020,Davidson,,1.0,Possible Injury,0,0,,,,,0.0,0.0,0.0,0.0,Daylight,Clear,Motor Vehicle-In-Transport On Same Roadway,36.04196,-86.72652,False,Crashes_MPO_2020
102741883,2020-07-07,2020,Williamson,,1.0,Property Damage,0,0,,,,,0.0,0.0,0.0,0.0,Dark-Lighted,Clear,Motor Vehicle-In-Transport On Same Roadway,35.95164,-86.80814,False,Crashes_MPO_2020
102741970,2020-07-13,2020,Williamson,,1.0,Property Damage,0,0,,,,,0.0,0.0,0.0,0.0,Daylight,Clear,Motor Vehicle-In-Transport On Same Roadway,35.96498,-86.81575,True,Crashes_MPO_2020
102742129,2020-07-14,2020,Williamson,,1.0,Property Damage,0,0,,,,,0.0,0.0,0.0,0.0,Daylight,Clear,Motor Vehicle-In-Transport On Same Roadway,36.01467,-86.81167,True,Crashes_MPO_2020
102742264,2020-07-14,2020,Davidson,,1.0,Property Damage Under,0,0,,,,,0.0,0.0,0.0,0.0,,,,36.03979,-86.81642,False,Crashes_MPO_2020
102742358,2020-07-14,2020,Davidson,,1.0,Property Damage,0,0,,,,,0.0,0.0,0.0,0.0,Dusk,Clear,Motor Vehicle-In-Transport On Same Roadway,36.04801,-86.71358,False,Crashes_MPO_2020
102742425,2020-07-14,2020,Davidson,,1.0,Property Damage Under,0,0,,,,,0.0,0.0,0.0,0.0,Dark-Unknown Lighting,Clear,Deer,36.04123,-86.82165,False,Crashes_MPO_2020
102742516,2020-07-14,2020,Davidson,,1.0,Property Damage,0,0,,,,,0.0,0.0,0.0,0.0,Daylight,Clear,Unknown,36.04579,-86.70162,False,Crashes_MPO_2020
102742550,2020-07-14,2020,Williamson,,1.0,Property Damage,0,0,,,,,0.0,0.0,0.0,0.0,Daylight,Clear,Motor Vehicle-In-Transport On Same Roadway,36.01772,-86.76489,True,Crashes_MPO_2020
102742558,2020-07-15,2020,Davidson,,1.0,Property Damage,0,0,,,,,0.0,0.0,0.0,0.0,Daylight,Clear,Motor Vehicle-In-Transport On Same Roadway,36.03984,-86.81518,False,Crashes_MPO_2020
102742578,2020-07-15,2020,Williamson,,1.0,Property Damage,0,0,,,,,0.0,0.0,0.0,0.0,Daylight,Clear,Motor Vehicle-In-Transport On Same Roadway,35.9407,-86.8316,False,Crashes_MPO_2020
102742612,2020-07-15,2020,Williamson,,1.0,Property Damage,0,0,,,,,0.0,0.0,0.0,0.0,Daylight,Clear,Deer,36.01475,-86.72651,False,Crashes_MPO_2020
102742708,2020-07-14,2020,Williamson,,1.0,Property Damage,0,0,,,,,0.0,0.0,0.0,0.0,Daylight,Clear,Standing Tree,35.92584,-86.86759,False,Crashes_MPO_2020
102742780,2020-07-15,2020,Williamson,,1.0,Property Damage,0,0,,,,,0.0,0.0,0.0,0.0,Daylight,Clear,Motor Vehicle-In-Transport On Same Roadway,35.94702,-86.82199,False,Crashes_MPO_2020
102742841,2020-07-15,2020,Williamson,,1.0,Property Damage,0,0,,,,,0.0,0.0,0.0,0.0,Daylight,Clear,Motor Vehicle-In-Transport On Same Roadway,35.99743,-86.79456,True,Crashes_MPO_2020
102742843,2020-07-15,2020,Davidson,,1.0,Property Damage Under,0,0,,,,,0.0,0.0,0.0,0.0,,,,36.04065,-86.7716,False,Crashes_MPO_2020
102742864,2020-07-15,2020,Davidson,,1.0,Property Damage,0,0,,,,,0.0,0.0,0.0,0.0,Daylight,Clear,Motor Vehicle-In-Transport On Same Roadway,36.02547,-86.71305,False,Crashes_MPO_2020
102742898,2020-07-15,2020,Davidson,,1.0,Suspected Minor Injury,0,0,,,,,0.0,0.0,0.0,0.0,Dark-Lighted,Clear,Motor Vehicle-In-Transport On Same Roadway,36.04038,-86.74527,False,Crashes_MPO_2020
102754288,2020-08-05,2020,Williamson,,1.0,Property Damage,0,0,,,,,0.0,0.0,0.0,0.0,Daylight,Clear,Motor Vehicle-In-Transport On Same Roadway,35.96127,-86.81212,False,Crashes_MPO_2020
102748967,2020-07-27,2020,Williamson,,1.0,Property Damage,0,0,,,,,0.0,0.0,0.0,0.0,Daylight,Clear,Parked Motor Vehicle,35.93237,-86.87821,False,Crashes_MPO_2020
102749070,2020-07-27,2020,Williamson,,1.0,Property Damage,0,0,,,,,0.0,0.0,0.0,0.0,Daylight,Clear,Motor Vehicle-In-Transport On Same Roadway,35.93191,-86.794,False,Crashes_MPO_2020
102749186,2020-07-27,2020,Davidson,,1.0,Property Damage,0,0,,,,,0.0,0.0,0.0,0.0,Dusk,Clear,Motor Vehicle-In-Transport On Same Roadway,36.04627,-86.67682,False,Crashes_MPO_2020
102749367,2020-07-28,2020,Davidson,,1.0,Possible Injury,0,0,,,,,0.0,0.0,0.0,0.0,Daylight,Clear,Motor Vehicle-In-Transport On Same Roadway,36.0374,-86.78657,False,Crashes_MPO_2020
102749404,2020-07-28,2020,Davidson,,1.0,Property Damage,0,0,,,,,0.0,0.0,0.0,0.0,Daylight,Clear,Motor Vehicle-In-Transport On Same Roadway,36.04023,-86.74491,False,Crashes_MPO_2020
102749474,2020-07-26,2020,Williamson,,1.0,Property Damage,0,0,,,,,0.0,0.0,0.0,0.0,Unknown,Clear,Parked Motor Vehicle,35.936,-86.80771,False,Crashes_MPO_2020
102749577,2020-07-28,2020,Davidson,,1.0,Property Damage,0,0,,,,,0.0,0.0,0.0,0.0,Daylight,Clear,Parked Motor Vehicle,36.04683,-86.71672,False,Crashes_MPO_2020
102749704,2020-07-28,2020,Williamson,,1.0,Property Damage,0,0,,,,,0.0,0.0,0.0,0.0,Daylight,Clear,Building,35.96074,-86.75248,True,Crashes_MPO_2020
102749705,2020-07-28,2020,Williamson,,1.0,Property Damage,0,0,,,,,0.0,0.0,0.0,0.0,Daylight,Rain,Motor Vehicle-In-Transport On Same Roadway,35.98037,-86.82253,True,Crashes_MPO_2020
102749778,2020-07-28,2020,Davidson,,1.0,Suspected Minor Injury,0,0,,,,,0.0,0.0,0.0,0.0,Dusk,Rain,Motor Vehicle-In-Transport On Same Roadway,36.04068,-86.77978,False,Crashes_MPO_2020
102749881,2020-07-28,2020,Williamson,,1.0,Suspected Minor Injury,0,0,,,,,0.0,0.0,0.0,0.0,Dark-Lighted,Clear,Mail Box,36.01418,-86.8237,True,Crashes_MPO_2020
102749921,2020-07-29,2020,Davidson,,1.0,Possible Injury,0,0,,,,,0.0,0.0,0.0,0.0,Dawn,Clear,Standing Tree,36.0416,-86.77274,False,Crashes_MPO_2020
102749953,2020-07-29,2020,Davidson,,1.0,Property Damage,0,0,,,,,0.0,0.0,0.0,0.0,Daylight,Clear,Motor Vehicle-In-Transport On Same Roadway,36.04536,-86.71327,False,Crashes_MPO_2020
102749954,2020-07-23,2020,Williamson,,1.0,Possible Injury,0,0,,,,,0.0,0.0,0.0,0.0,Daylight,Clear,Motor Vehicle-In-Transport On Same Roadway,35.99507,-86.78805,True,Crashes_MPO_2020
102749985,2020-07-29,2020,Williamson,,1.0,Property Damage,0,0,,,,,0.0,0.0,0.0,0.0,Daylight,Clear,Motor Vehicle-In-Transport On Same Roadway,35.9661,-86.8058,True,Crashes_MPO_2020
102749997,2020-07-29,2020,Williamson,,1.0,Property Damage,0,0,,,,,0.0,0.0,0.0,0.0,Daylight,Clear,Motor Vehicle-In-Transport On Same Roadway,36.03326,-86.78806,True,Crashes_MPO_2020
102750140,2020-07-29,2020,Williamson,,1.0,Property Damage,0,0,,,,,0.0,0.0,0.0,0.0,Daylight,Cloudy,Motor Vehicle-In-Transport On Same Roadway,35.97251,-86.8671,False,Crashes_MPO_2020
102754299,2020-08-05,2020,Williamson,,1.0,Property Damage,0,0,,,,,0.0,0.0,0.0,0.0,Daylight,Clear,Motor Vehicle-In-Transport On Same Roadway,35.92932,-86.86484,False,Crashes_MPO_2020
102750451,2020-07-30,2020,Williamson,,1.0,Property Damage,0,0,,,,,0.0,0.0,0.0,0.0,Daylight,Clear,Highway Traffic Sign Post,36.03501,-86.80582,True,Crashes_MPO_2020
102750459,2020-07-30,2020,Davidson,,1.0,Property Damage,0,0,,,,,0.0,0.0,0.0,0.0,Daylight,Clear,Motor Vehicle-In-Transport On Same Roadway,36.03761,-86.78512,False,Crashes_MPO_2020
102750460,2020-07-29,2020,Williamson,,1.0,Property Damage,0,0,,,,,0.0,0.0,0.0,0.0,Daylight,Rain,Motor Vehicle-In-Transport On Same Roadway,35.9734,-86.83323,True,Crashes_MPO_2020
102750534,2020-07-30,2020,Davidson,,1.0,Property Damage,0,0,,,,,0.0,0.0,0.0,0.0,Daylight,Clear,Motor Vehicle-In-Transport On Same Roadway,36.04479,-86.72487,False,Crashes_MPO_2020
102750543,2020-07-30,2020,Williamson,,1.0,Property Damage,0,0,,,,,0.0,0.0,0.0,0.0,Daylight,Rain,Guard Rail Face,35.95461,-86.71365,False,Crashes_MPO_2020
102750584,2020-07-30,2020,Williamson,,1.0,Property Damage,0,0,,,,,0.0,0.0,0.0,0.0,Daylight,Rain,Motor Vehicle-In-Transport On Same Roadway,35.93298,-86.78238,False,Crashes_MPO_2020
102750604,2020-07-30,2020,Williamson,,1.0,Property Damage,0,0,,,,,0.0,0.0,0.0,0.0,Unknown,Unknown,Standing Tree,35.95764,-86.79908,False,Crashes_MPO_2020
102750829,2020-07-30,2020,Davidson,,1.0,Property Damage,0,0,,,,,0.0,0.0,0.0,0.0,Daylight,Clear,Motor Vehicle-In-Transport On Same Roadway,36.0443,-86.71314,False,Crashes_MPO_2020
102750838,2020-07-30,2020,Davidson,,1.0,Property Damage,0,0,,,,,0.0,0.0,0.0,0.0,Daylight,Clear,Motor Vehicle-In-Transport On Same Roadway,36.03796,-86.71309,False,Crashes_MPO_2020
102750881,2020-07-30,2020,Davidson,,1.0,Property Damage,0,0,,,,,0.0,0.0,0.0,0.0,Daylight,Cloudy,Motor Vehicle-In-Transport On Same Roadway,36.03537,-86.74351,False,Crashes_MPO_2020
102750896,2020-07-30,2020,Williamson,,1.0,Property Damage,0,0,,,,,0.0,0.0,0.0,0.0,Dark-Lighted,Cloudy,Motor Vehicle-In-Transport On Same Roadway,35.99833,-86.80328,True,Crashes_MPO_2020
102751078,2020-07-31,2020,Williamson,,1.0,Property Damage,0,0,,,,,0.0,0.0,0.0,0.0,Daylight,Cloudy,Fence,36.00236,-86.83629,False,Crashes_MPO_2020
102751169,2020-07-31,2020,Williamson,,1.0,Property Damage,0,0,,,,,0.0,0.0,0.0,0.0,Daylight,Cloudy,Standing Tree,35.95327,-86.74004,True,Crashes_MPO_2020
102751222,2020-07-31,2020,Williamson,,1.0,Property Damage Under,0,0,,,,,0.0,0.0,0.0,0.0,Daylight,Rain,Motor Vehicle-In-Transport On Same Roadway,35.93446,-86.81991,False,Crashes_MPO_2020
102751226,2020-07-31,2020,Davidson,,1.0,Suspected Minor Injury,0,0,,,,,0.0,0.0,0.0,0.0,Daylight,Clear,Motor Vehicle-In-Transport On Same Roadway,35.99548,-86.68787,False,Crashes_MPO_2020
102751235,2020-07-31,2020,Williamson,,1.0,Property Damage,0,0,,,,,0.0,0.0,0.0,0.0,Daylight,Rain,Motor Vehicle-In-Transport On Same Roadway,35.93298,-86.78238,False,Crashes_MPO_2020
102751308,2020-07-31,2020,Davidson,,1.0,Property Damage Under,0,0,,,,,0.0,0.0,0.0,0.0,Daylight,Cloudy,Ditch,36.03833,-86.78425,False,Crashes_MPO_2020
102751324,2020-07-31,2020,Davidson,,1.0,Suspected Minor Injury,0,0,,,,,0.0,0.0,0.0,0.0,Daylight,Clear,Mail Box,36.04119,-86.67776,False,Crashes_MPO_2020
102751390,2020-07-31,2020,Davidson,,1.0,Suspected Minor Injury,0,0,,,,,0.0,0.0,0.0,0.0,Daylight,Clear,Motor Vehicle-In-Transport On Same Roadway,36.03352,-86.71298,False,Crashes_MPO_2020
102751408,2020-07-31,2020,Davidson,,1.0,Property Damage Under,0,0,,,,,0.0,0.0,0.0,0.0,,,,36.03047,-86.74398,False,Crashes_MPO_2020
102751414,2020-07-31,2020,Williamson,,1.0,Suspected Minor Injury,0,0,,,,,0.0,0.0,0.0,0.0,Daylight,Cloudy,Motor Vehicle-In-Transport On Same Roadway,35.93986,-86.87951,False,Crashes_MPO_2020
102751428,2020-07-31,2020,Williamson,,1.0,Property Damage,0,0,,,,,0.0,0.0,0.0,0.0,Daylight,Cloudy,Motor Vehicle-In-Transport On Same Roadway,35.93102,-86.85913,False,Crashes_MPO_2020
102751429,2020-07-31,2020,Williamson,,1.0,Suspected Minor Injury,0,0,,,,,0.0,0.0,0.0,0.0,Daylight,Cloudy,Motor Vehicle-In-Transport On Same Roadway,35.95889,-86.81598,False,Crashes_MPO_2020
102751463,2020-07-31,2020,Williamson,,1.0,Property Damage,0,0,,,,,0.0,0.0,0.0,0.0,Dusk,Clear,Ditch,35.926,-86.76718,False,Crashes_MPO_2020
102751492,2020-07-27,2020,Williamson,,1.0,Property Damage,0,0,,,,,0.0,0.0,0.0,0.0,Daylight,Cloudy,Motor Vehicle-In-Transport On Same Roadway,35.99208,-86.79888,True,Crashes_MPO_2020
102751501,2020-07-31,2020,Davidson,,1.0,Suspected Minor Injury,0,0,,,,,0.0,0.0,0.0,0.0,Daylight,Clear,Motor Vehicle-In-Transport On Same Roadway,36.05481,-86.72877,False,Crashes_MPO_2020
102751576,2020-07-31,2020,Williamson,,1.0,Property Damage,0,0,,,,,0.0,0.0,0.0,0.0,Dark-Not Lighted,Clear,Mail Box,36.00159,-86.75915,True,Crashes_MPO_2020
102751869,2020-08-01,2020,Williamson,,1.0,Property Damage,0,0,,,,,0.0,0.0,0.0,0.0,Daylight,Rain,Ditch,35.9353,-86.77583,False,Crashes_MPO_2020
102751876,2020-07-30,2020,Williamson,,1.0,Suspected Serious Injury,0,0,,,,,0.0,1.0,0.0,0.0,Dark-Lighted,Rain,Motor Vehicle-In-Transport On Same Roadway,36.00657,-86.80536,True,Crashes_MPO_2020
102751878,2020-08-01,2020,Williamson,,1.0,Property Damage,0,0,,,,,0.0,0.0,0.0,0.0,Daylight,Rain,Standing Tree,35.96225,-86.73763,True,Crashes_MPO_2020
102751880,2020-08-01,2020,Williamson,,1.0,Property Damage Under,0,0,,,,,0.0,0.0,0.0,0.0,,,,35.92304,-86.81684,False,Crashes_MPO_2020
102751883,2020-08-01,2020,Williamson,,1.0,Property Damage,0,0,,,,,0.0,0.0,0.0,0.0,Daylight,Rain,Motor Vehicle-In-Transport On Same Roadway,35.99641,-86.81073,True,Crashes_MPO_2020
102752019,2020-08-01,2020,Williamson,,1.0,Property Damage,0,0,,,,,0.0,0.0,0.0,0.0,Daylight,Rain,Motor Vehicle-In-Transport On Same Roadway,35.96582,-86.81144,False,Crashes_MPO_2020
102754583,2020-08-05,2020,Williamson,,1.0,Possible Injury,0,0,,,,,0.0,0.0,0.0,0.0,Dark-Lighted,Clear,Curb,35.92443,-86.80228,False,Crashes_MPO_2020
102754780,2020-08-06,2020,Williamson,,1.0,Suspected Minor Injury,0,0,,,,,0.0,0.0,0.0,0.0,Daylight,Clear,Motor Vehicle-In-Transport On Same Roadway,35.96733,-86.81491,True,Crashes_MPO_2020
102754782,2020-08-06,2020,Williamson,,1.0,Property Damage,0,0,,,,,0.0,0.0,0.0,0.0,Daylight,Clear,Motor Vehicle-In-Transport On Same Roadway,35.92891,-86.87519,False,Crashes_MPO_2020
102754786,2020-08-06,2020,Williamson,,1.0,Property Damage,0,0,,,,,0.0,0.0,0.0,0.0,Daylight,Clear,Motor Vehicle-In-Transport On Same Roadway,35.95198,-86.81788,False,Crashes_MPO_2020
102755010,2020-08-06,2020,Davidson,,1.0,Property Damage,0,0,,,,,0.0,0.0,0.0,0.0,Daylight,Clear,Motor Vehicle-In-Transport On Same Roadway,36.04528,-86.70141,False,Crashes_MPO_2020
102755282,2020-08-07,2020,Williamson,,1.0,Property Damage,0,0,,,,,0.0,0.0,0.0,0.0,Unknown,Clear,Parked Motor Vehicle,35.94825,-86.80981,False,Crashes_MPO_2020
102755325,2020-08-07,2020,Williamson,,1.0,Property Damage,0,0,,,,,0.0,0.0,0.0,0.0,Daylight,Clear,Motor Vehicle-In-Transport On Same Roadway,35.92546,-86.87275,False,Crashes_MPO_2020
102755334,2020-08-07,2020,Williamson,,1.0,Property Damage,0,0,,,,,0.0,0.0,0.0,0.0,Daylight,Clear,Motor Vehicle-In-Transport On Same Roadway,35.96511,-86.81633,True,Crashes_MPO_2020
102755415,2020-08-07,2020,Davidson,,1.0,Property Damage,0,0,,,,,0.0,0.0,0.0,0.0,Daylight,Clear,Motor Vehicle-In-Transport On Same Roadway,36.03693,-86.7867,False,Crashes_MPO_2020
102755692,2020-08-06,2020,Williamson,,1.0,Property Damage,0,0,,,,,0.0,0.0,0.0,0.0,Daylight,Clear,Parked Motor Vehicle,35.93808,-86.8218,False,Crashes_MPO_2020
102755751,2020-08-07,2020,Davidson,,1.0,Property Damage,0,0,,,,,0.0,0.0,0.0,0.0,Daylight,Clear,Mail Box,36.05263,-86.68533,False,Crashes_MPO_2020
102755752,2020-08-07,2020,Williamson,,1.0,Property Damage,0,0,,,,,0.0,0.0,0.0,0.0,Daylight,Clear,Motor Vehicle-In-Transport On Same Roadway,35.93191,-86.794,False,Crashes_MPO_2020
102755856,2020-08-07,2020,Davidson,,1.0,Property Damage,0,0,,,,,0.0,0.0,0.0,0.0,Dark-Lighted,Clear,Motor Vehicle-In-Transport On Same Roadway,36.03804,-86.79879,False,Crashes_MPO_2020
102755918,2020-08-07,2020,Williamson,,1.0,Property Damage,0,0,,,,,0.0,0.0,0.0,0.0,Dark-Not Lighted,Clear,Shrubbery,36.03112,-86.78392,True,Crashes_MPO_2020
102755974,2020-08-07,2020,Williamson,,1.0,Property Damage,0,0,,,,,0.0,0.0,0.0,0.0,Dark-Lighted,Clear,Wall,36.00717,-86.87486,False,Crashes_MPO_2020
102756038,2020-08-08,2020,Davidson,,1.0,Property Damage,0,0,,,,,0.0,0.0,0.0,0.0,Dark-Not Lighted,Clear,Embankment Earth,36.01228,-86.68487,False,Crashes_MPO_2020
102756070,2020-08-07,2020,Williamson,,1.0,Property Damage,0,0,,,,,0.0,0.0,0.0,0.0,Daylight,Clear,Motor Vehicle-In-Transport On Same Roadway,35.96532,-86.70293,False,Crashes_MPO_2020
102756125,2020-08-08,2020,Davidson,,1.0,Property Damage,0,0,,,,,0.0,0.0,0.0,0.0,Daylight,Clear,Other Object,36.04325,-86.71982,False,Crashes_MPO_2020
102756216,2020-08-08,2020,Williamson,,1.0,Property Damage,0,0,,,,,0.0,0.0,0.0,0.0,Daylight,Clear,Motor Vehicle-In-Transport On Same Roadway,35.94707,-86.81186,False,Crashes_MPO_2020
102756251,2020-08-07,2020,Williamson,,1.0,Property Damage,0,0,,,,,0.0,0.0,0.0,0.0,Dark-Not Lighted,Clear,Standing Tree,35.97316,-86.86811,False,Crashes_MPO_2020
102752196,2020-08-01,2020,Williamson,,1.0,Possible Injury,0,0,,,,,0.0,0.0,0.0,0.0,Daylight,Rain,Motor Vehicle-In-Transport On Same Roadway,35.96688,-86.81117,True,Crashes_MPO_2020
102752327,2020-08-02,2020,Davidson,,1.0,Property Damage,0,0,,,,,0.0,0.0,0.0,0.0,Daylight,Clear,Fence,36.01133,-86.70188,False,Crashes_MPO_2020
102752389,2020-08-02,2020,Davidson,,1.0,Possible Injury,0,0,,,,,0.0,0.0,0.0,0.0,Daylight,Clear,Ditch,36.05494,-86.74218,False,Crashes_MPO_2020
102752414,2020-07-31,2020,Williamson,,1.0,Property Damage,0,0,,,,,0.0,0.0,0.0,0.0,Daylight,Clear,Motor Vehicle-In-Transport On Same Roadway,35.98323,-86.6788,False,Crashes_MPO_2020
102752491,2020-08-02,2020,Williamson,,1.0,Suspected Minor Injury,0,0,,,,,0.0,0.0,0.0,0.0,Daylight,Clear,Motor Vehicle-In-Transport On Same Roadway,36.03319,-86.7876,True,Crashes_MPO_2020
102752583,2020-08-02,2020,Davidson,,1.0,Property Damage,0,0,,,,,0.0,0.0,0.0,0.0,Dark-Lighted,Clear,Motor Vehicle-In-Transport On Same Roadway,36.04557,-86.7112,False,Crashes_MPO_2020
102752598,2020-08-01,2020,Williamson,,1.0,Property Damage Under,0,1,,,,,0.0,0.0,1.0,0.0,Daylight,Clear,Pedestrian,35.95813,-86.81416,False,Crashes_MPO_2020
102752602,2020-07-18,2020,Williamson,,1.0,Property Damage,0,0,,,,,0.0,0.0,0.0,0.0,Dark-Unknown Lighting,Clear,Guard Rail Face,36.03066,-86.78358,True,Crashes_MPO_2020
102753083,2020-08-02,2020,Davidson,,1.0,Property Damage,0,0,,,,,0.0,0.0,0.0,0.0,Dark-Lighted,Clear,Parked Motor Vehicle,36.05381,-86.69993,False,Crashes_MPO_2020
102753096,2020-08-03,2020,Davidson,,1.0,Suspected Minor Injury,0,0,,,,,0.0,0.0,0.0,0.0,Daylight,Clear,Motor Vehicle-In-Transport On Same Roadway,36.04545,-86.70396,False,Crashes_MPO_2020
102753101,2020-08-03,2020,Davidson,,1.0,Property Damage,0,0,,,,,0.0,0.0,0.0,0.0,Daylight,Clear,Motor Vehicle-In-Transport On Same Roadway,36.04245,-86.71294,False,Crashes_MPO_2020
102753150,2020-08-03,2020,Davidson,,1.0,Suspected Minor Injury,0,0,,,,,0.0,0.0,0.0,0.0,Daylight,Clear,Motor Vehicle-In-Transport On Same Roadway,35.99662,-86.68952,False,Crashes_MPO_2020
102753169,2020-08-03,2020,Williamson,,1.0,Property Damage,0,0,,,,,0.0,0.0,0.0,0.0,Daylight,Clear,Parked Motor Vehicle,35.94773,-86.82063,False,Crashes_MPO_2020
102753170,2020-08-03,2020,Williamson,,1.0,Property Damage,0,0,,,,,0.0,0.0,0.0,0.0,Daylight,Clear,Motor Vehicle-In-Transport On Same Roadway,35.95531,-86.82638,False,Crashes_MPO_2020
102753306,2020-08-03,2020,Williamson,,1.0,Property Damage,0,0,,,,,0.0,0.0,0.0,0.0,Daylight,Clear,Motor Vehicle-In-Transport On Same Roadway,35.93374,-86.81767,False,Crashes_MPO_2020
102753411,2020-08-04,2020,Davidson,,1.0,Suspected Minor Injury,0,0,,,,,0.0,0.0,0.0,0.0,Daylight,Clear,Motor Vehicle-In-Transport On Same Roadway,36.04542,-86.71835,False,Crashes_MPO_2020
102753448,2020-08-04,2020,Davidson,,1.0,Possible Injury,0,0,,,,,0.0,0.0,0.0,0.0,Daylight,Cloudy,Motor Vehicle-In-Transport On Same Roadway,36.04551,-86.71903,False,Crashes_MPO_2020
102753474,2020-07-24,2020,Williamson,,1.0,Property Damage,0,0,,,,,0.0,0.0,0.0,0.0,Daylight,Clear,Motor Vehicle-In-Transport On Same Roadway,35.99008,-86.74561,True,Crashes_MPO_2020
102753563,2020-08-04,2020,Williamson,,1.0,Property Damage,0,0,,,,,0.0,0.0,0.0,0.0,Daylight,Clear,Culvert,35.95471,-86.80313,False,Crashes_MPO_2020
102753953,2020-08-04,2020,Williamson,,1.0,Property Damage Under,0,0,,,,,0.0,0.0,0.0,0.0,Daylight,Cloudy,Motor Vehicle-In-Transport On Same Roadway,35.92276,-86.87189,False,Crashes_MPO_2020
102753961,2020-07-31,2020,Williamson,,1.0,Possible Injury,0,0,,,,,0.0,0.0,0.0,0.0,Daylight,Rain,"Over Turn, Roll Over",35.99079,-86.69632,True,Crashes_MPO_2020
102753962,2020-08-04,2020,Williamson,,1.0,Property Damage,0,0,,,,,0.0,0.0,0.0,0.0,Daylight,Clear,Motor Vehicle-In-Transport On Same Roadway,35.9472,-86.82145,False,Crashes_MPO_2020
102753996,2020-08-05,2020,Williamson,,1.0,Property Damage Under,0,0,,,,,0.0,0.0,0.0,0.0,,,,35.966698,-86.80914,True,Crashes_MPO_2020
102754246,2020-08-05,2020,Davidson,,1.0,Property Damage Under,0,0,,,,,0.0,0.0,0.0,0.0,Daylight,Clear,Motor Vehicle-In-Transport On Same Roadway,36.03727,-86.78787,False,Crashes_MPO_2020
102756513,2020-08-08,2020,Williamson,,1.0,Property Damage,0,0,,,,,0.0,0.0,0.0,0.0,Dark-Not Lighted,Clear,Concrete Traffic Barrier,36.01023,-86.78517,True,Crashes_MPO_2020
102756608,2020-08-09,2020,Davidson,,1.0,Property Damage,0,0,,,,,0.0,0.0,0.0,0.0,Dark-Lighted,Clear,Motor Vehicle-In-Transport On Same Roadway,36.04537,-86.71326,False,Crashes_MPO_2020
102756619,2020-08-03,2020,Williamson,,1.0,Property Damage,0,0,,,,,0.0,0.0,0.0,0.0,Dark-Lighted,Clear,Shrubbery,35.92557,-86.78427,False,Crashes_MPO_2020
102756845,2020-08-09,2020,Williamson,,1.0,Property Damage,0,0,,,,,0.0,0.0,0.0,0.0,Daylight,Cloudy,Parked Motor Vehicle,35.93886,-86.81969,False,Crashes_MPO_2020
102756846,2020-08-09,2020,Williamson,,1.0,Suspected Serious Injury,0,0,,,,,0.0,1.0,0.0,0.0,Daylight,Clear,Motor Vehicle-In-Transport On Same Roadway,35.92641,-86.82453,False,Crashes_MPO_2020