mstrrecnbr,collision_ts,year,county,countystat,crash,crash_type,fatalities,non_motorists,commercial,fatal_c,nonmotor_c,truck_c,fatalc,serious_injuries,ped,bike,lighting,weather,first_harmful_event,latitude,longitude,in_city,src_layer
102759674,2020-08-13,2020,Williamson,,1.0,Property Damage,0,0,,,,,0.0,0.0,0.0,0.0,Dark-Lighted,Cloudy,Motor Vehicle-In-Transport On Same Roadway,35.99749,-86.79612,True,Crashes_MPO_2020
102759865,2020-08-14,2020,Davidson,,1.0,Property Damage,0,0,,,,,0.0,0.0,0.0,0.0,Daylight,Cloudy,Motor Vehicle-In-Transport On Same Roadway,36.04589,-86.72077,False,Crashes_MPO_2020
102759955,2020-08-14,2020,Davidson,,1.0,Possible Injury,0,0,,,,,0.0,0.0,0.0,0.0,Daylight,Cloudy,Motor Vehicle-In-Transport On Same Roadway,36.05472,-86.71535,False,Crashes_MPO_2020
102760064,2020-08-14,2020,Williamson,,1.0,Possible Injury,0,0,,,,,0.0,0.0,0.0,0.0,Daylight,Clear,Motor Vehicle-In-Transport On Same Roadway,36.03553,-86.78752,True,Crashes_MPO_2020
102760285,2020-08-14,2020,Williamson,,1.0,Property Damage Under,0,0,,,,,0.0,0.0,0.0,0.0,,,,35.96518,-86.80029,True,Crashes_MPO_2020
102760286,2020-08-14,2020,Williamson,,1.0,Property Damage,0,0,,,,,0.0,0.0,0.0,0.0,Daylight,Cloudy,Motor Vehicle-In-Transport On Same Roadway,36.03729,-86.83164,True,Crashes_MPO_2020
102760737,2020-08-15,2020,Williamson,,1.0,Possible Injury,0,0,,,,,0.0,0.0,0.0,0.0,Daylight,Clear,Motor Vehicle-In-Transport On Same Roadway,35.92388,-86.79611,False,Crashes_MPO_2020
102760755,2020-08-15,2020,Davidson,,1.0,Property Damage,0,0,,,,,0.0,0.0,0.0,0.0,Daylight,Cloudy,Motor Vehicle-In-Transport On Same Roadway,36.0398,-86.71279,False,Crashes_MPO_2020
102760841,2020-08-15,2020,Williamson,,1.0,Property Damage,0,0,,,,,0.0,0.0,0.0,0.0,Daylight,Clear,Motor Vehicle-In-Transport On Same Roadway,35.94804,-86.81868,False,Crashes_MPO_2020
102760885,2020-08-15,2020,Williamson,,1.0,Property Damage,0,0,,,,,0.0,0.0,0.0,0.0,Daylight,Clear,Motor Vehicle-In-Transport On Same Roadway,35.96186,-86.81204,False,Crashes_MPO_2020
102761053,2020-08-15,2020,Davidson,,1.0,Suspected Minor Injury,0,0,,,,,0.0,0.0,0.0,0.0,Daylight,Clear,Motor Vehicle-In-Transport On Same Roadway,36.03297,-86.71,False,Crashes_MPO_2020
102761135,2020-08-15,2020,Williamson,,1.0,Property Damage,0,0,,,,,0.0,0.0,0.0,0.0,Daylight,Clear,Motor Vehicle-In-Transport On Same Roadway,35.93917,-86.81723,False,Crashes_MPO_2020
102761195,2020-08-15,2020,Davidson,,1.0,Property Damage,0,0,,,,,0.0,0.0,0.0,0.0,Dark-Lighted,Clear,Parked Motor Vehicle,36.04615,-86.71336,False,Crashes_MPO_2020
102761254,2020-08-14,2020,Williamson,,1.0,Property Damage,0,0,,,,,0.0,0.0,0.0,0.0,Daylight,Cloudy,Motor Vehicle-In-Transport On Same Roadway,35.97716,-86.67813,False,Crashes_MPO_2020
102761357,2020-08-13,2020,Williamson,,1.0,Property Damage,0,0,,,,,0.0,0.0,0.0,0.0,Dark-Not Lighted,Clear,Concrete Traffic Barrier,35.97878,-86.80323,True,Crashes_MPO_2020
102761393,2020-08-16,2020,Davidson,,1.0,Property Damage Under,0,0,,,,,0.0,0.0,0.0,0.0,Daylight,Clear,Parked Motor Vehicle,36.04798,-86.74103,False,Crashes_MPO_2020
102761541,2020-08-16,2020,Davidson,,1.0,Property Damage,0,0,,,,,0.0,0.0,0.0,0.0,Daylight,Clear,Motor Vehicle-In-Transport On Same Roadway,36.04922,-86.81614,False,Crashes_MPO_2020
102761612,2020-08-16,2020,Williamson,,1.0,Property Damage,0,0,,,,,0.0,0.0,0.0,0.0,Daylight,Clear,Motor Vehicle-In-Transport On Same Roadway,36.03551,-86.78748,True,Crashes_MPO_2020
102761614,2020-08-07,2020,Williamson,,1.0,Property Damage,0,0,,,,,0.0,0.0,0.0,0.0,Dusk,Cloudy,Ditch,35.94981,-86.69309,False,Crashes_MPO_2020
102761692,2020-08-16,2020,Davidson,,1.0,Possible Injury,0,0,,,,,0.0,0.0,0.0,0.0,Daylight,Clear,Motor Vehicle-In-Transport On Same Roadway,36.01538,-86.70566,False,Crashes_MPO_2020
102761729,2020-08-16,2020,Davidson,,1.0,Suspected Minor Injury,0,0,,,,,0.0,0.0,0.0,0.0,Dark-Lighted,Clear,Motor Vehicle-In-Transport On Same Roadway,36.0488,-86.71367,False,Crashes_MPO_2020
102761841,2020-08-16,2020,Williamson,,1.0,Property Damage,0,0,,,,,0.0,0.0,0.0,0.0,Dawn,Fog,Ditch,35.93396,-86.86125,False,Crashes_MPO_2020
102762031,2020-08-17,2020,Davidson,,1.0,Property Damage,0,0,,,,,0.0,0.0,0.0,0.0,Daylight,Clear,Motor Vehicle-In-Transport On Same Roadway,36.04239,-86.71365,False,Crashes_MPO_2020
102762051,2020-08-17,2020,Davidson,,1.0,Property Damage,0,0,,,,,0.0,0.0,0.0,0.0,Daylight,Clear,Motor Vehicle-In-Transport On Same Roadway,36.05151,-86.71436,False,Crashes_MPO_2020
102762190,2020-08-17,2020,Davidson,,1.0,Possible Injury,0,0,,,,,0.0,0.0,0.0,0.0,Daylight,Clear,Motor Vehicle-In-Transport On Same Roadway,36.04674,-86.67883,False,Crashes_MPO_2020
102762236,2020-08-17,2020,Williamson,,1.0,Property Damage Under,0,0,,,,,0.0,0.0,0.0,0.0,,,,35.96479,-86.80007,True,Crashes_MPO_2020
102762268,2020-08-17,2020,Davidson,,1.0,Property Damage,0,0,,,,,0.0,0.0,0.0,0.0,Daylight,Clear,Thrown Or Falling Object,36.0464,-86.67736,False,Crashes_MPO_2020
102762280,2020-08-17,2020,Davidson,,1.0,Property Damage,0,0,,,,,0.0,0.0,0.0,0.0,Daylight,Clear,Motor Vehicle-In-Transport On Same Roadway,36.04688,-86.67959,False,Crashes_MPO_2020
102777160,2020-09-05,2020,Davidson,,1.0,Suspected Minor Injury,0,0,,,,,0.0,0.0,0.0,0.0,Daylight,Clear,Motor Vehicle-In-Transport On Same Roadway,36.02577,-86.6925,False,Crashes_MPO_2020
102777172,2020-09-05,2020,Williamson,,1.0,Property Damage,0,0,,,,,0.0,0.0,0.0,0.0,Daylight,Clear,Motor Vehicle-In-Transport On Same Roadway,36.03318,-86.78282,True,Crashes_MPO_2020
102781131,2020-09-08,2020,Davidson,,1.0,Suspected Minor Injury,0,0,,,,,0.0,0.0,0.0,0.0,Daylight,Clear,Motor Vehicle-In-Transport On Same Roadway,36.04531,-86.7138,False,Crashes_MPO_2020
102781340,2020-09-09,2020,Davidson,,1.0,Property Damage,0,0,,,,,0.0,0.0,0.0,0.0,Daylight,Clear,Motor Vehicle-In-Transport On Same Roadway,36.02043,-86.71049,False,Crashes_MPO_2020
102781388,2020-09-09,2020,Davidson,,1.0,Property Damage,0,0,,,,,0.0,0.0,0.0,0.0,Daylight,Clear,Motor Vehicle-In-Transport On Same Roadway,36.0409,-86.77938,False,Crashes_MPO_2020
102781415,2020-09-09,2020,Williamson,,1.0,Property Damage,0,0,,,,,0.0,0.0,0.0,0.0,Daylight,Clear,Motor Vehicle-In-Transport On Same Roadway,35.965858,-86.805667,True,Crashes_MPO_2020
102781416,2020-09-09,2020,Williamson,,1.0,Suspected Minor Injury,0,0,,,,,0.0,0.0,0.0,0.0,Daylight,Clear,Motor Vehicle-In-Transport On Same Roadway,35.9505,-86.76617,True,Crashes_MPO_2020
102781452,2020-09-09,2020,Davidson,,1.0,Possible Injury,0,0,,,,,0.0,0.0,0.0,0.0,Daylight,Clear,Motor Vehicle-In-Transport On Same Roadway,36.04519,-86.71527,False,Crashes_MPO_2020
102781872,2020-09-10,2020,Davidson,,1.0,Property Damage,0,0,,,,,0.0,0.0,0.0,0.0,Daylight,Clear,Motor Vehicle-In-Transport On Same Roadway,36.04424,-86.71313,False,Crashes_MPO_2020
102782214,2020-09-10,2020,Williamson,,1.0,Property Damage,0,0,,,,,0.0,0.0,0.0,0.0,Daylight,Clear,Motor Vehicle-In-Transport On Same Roadway,35.94782,-86.81975,False,Crashes_MPO_2020
102782275,2020-09-10,2020,Williamson,,1.0,Property Damage,0,0,,,,,0.0,0.0,0.0,0.0,Daylight,Clear,Motor Vehicle-In-Transport On Same Roadway,35.967505,-86.808333,True,Crashes_MPO_2020
102782629,2020-09-10,2020,Williamson,,1.0,Property Damage,0,0,,,,,0.0,0.0,0.0,0.0,Daylight,Clear,Motor Vehicle-In-Transport On Same Roadway,35.92892,-86.83741,False,Crashes_MPO_2020
102782747,2020-09-10,2020,Williamson,,1.0,Property Damage,0,0,,,,,0.0,0.0,0.0,0.0,Daylight,Clear,Parked Motor Vehicle,35.94699,-86.82411,False,Crashes_MPO_2020
102782777,2020-09-10,2020,Williamson,,1.0,Property Damage,0,0,,,,,0.0,0.0,0.0,0.0,Dark-Lighted,Clear,Motor Vehicle-In-Transport On Same Roadway,35.94724,-86.83683,False,Crashes_MPO_2020
102782897,2020-09-11,2020,Davidson,,1.0,Property Damage Under,0,0,,,,,0.0,0.0,0.0,0.0,Daylight,Clear,Other Fixed Object,36.04685,-86.67714,False,Crashes_MPO_2020
102782917,2020-09-10,2020,Williamson,,1.0,Property Damage,0,0,,,,,0.0,0.0,0.0,0.0,Dark-Lighted,Clear,Motor Vehicle-In-Transport On Same Roadway,35.95944,-86.80651,False,Crashes_MPO_2020
102782925,2020-09-11,2020,Davidson,,1.0,Property Damage,0,0,,,,,0.0,0.0,0.0,0.0,Unknown,Unknown,Parked Motor Vehicle,36.04263,-86.72511,False,Crashes_MPO_2020
102783174,2020-09-11,2020,Davidson,,1.0,Property Damage Under,0,0,,,,,0.0,0.0,0.0,0.0,,,,36.05087,-86.71418,False,Crashes_MPO_2020
102783221,2020-09-10,2020,Davidson,,1.0,Possible Injury,0,0,,,,,0.0,0.0,0.0,0.0,Dusk,Clear,"Over Turn, Roll Over",36.02428,-86.78616,True,Crashes_MPO_2020
102783442,2020-09-12,2020,Davidson,,1.0,Suspected Minor Injury,0,0,,,,,0.0,0.0,0.0,0.0,Dark-Lighted,Clear,Other Non-Collision,36.04524,-86.70079,False,Crashes_MPO_2020
102783524,2020-09-08,2020,Williamson,,1.0,Property Damage Under,0,0,,,,,0.0,0.0,0.0,0.0,Dark-Lighted,Clear,Mail Box,35.95891,-86.75098,True,Crashes_MPO_2020
102783533,2020-09-12,2020,Williamson,,1.0,Property Damage,0,0,,,,,0.0,0.0,0.0,0.0,Daylight,Clear,Motor Vehicle-In-Transport On Same Roadway,35.92825,-86.7673,False,Crashes_MPO_2020
102783569,2020-09-12,2020,Williamson,,1.0,Property Damage,0,0,,,,,0.0,0.0,0.0,0.0,Daylight,Clear,Motor Vehicle-In-Transport On Same Roadway,35.98382,-86.69819,True,Crashes_MPO_2020
102783696,2020-09-12,2020,Davidson,,1.0,Property Damage,0,0,,,,,0.0,0.0,0.0,0.0,Daylight,Clear,Motor Vehicle-In-Transport On Same Roadway,36.04802,-86.71358,False,Crashes_MPO_2020
102783719,2020-09-12,2020,Williamson,,1.0,Property Damage Under,0,0,,,,,0.0,0.0,0.0,0.0,,,,36.03519,-86.80642,True,Crashes_MPO_2020
102777225,2020-09-05,2020,Davidson,,1.0,Property Damage,0,0,,,,,0.0,0.0,0.0,0.0,Daylight,Clear,Motor Vehicle-In-Transport On Same Roadway,36.01195,-86.68422,False,Crashes_MPO_2020
102771681,2020-08-30,2020,Davidson,,1.0,Property Damage,0,0,,,,,0.0,0.0,0.0,0.0,Daylight,Clear,Motor Vehicle-In-Transport On Same Roadway,36.04536,-86.71786,False,Crashes_MPO_2020
102771950,2020-08-30,2020,Williamson,,1.0,Property Damage Under,0,0,,,,,0.0,0.0,0.0,0.0,,,,36.03013,-86.78389,True,Crashes_MPO_2020
102771990,2020-08-31,2020,Davidson,,1.0,Property Damage Under,0,0,,,,,0.0,0.0,0.0,0.0,,,,36.03751,-86.78654,False,Crashes_MPO_2020
102772001,2020-08-30,2020,Williamson,,1.0,Property Damage,0,0,,,,,0.0,0.0,0.0,0.0,Dark-Lighted,Clear,Utility Pole,35.96264,-86.81144,False,Crashes_MPO_2020
102772018,2020-08-30,2020,Williamson,,1.0,Property Damage,0,0,,,,,0.0,0.0,0.0,0.0,Daylight,Cloudy,Motor Vehicle-In-Transport On Same Roadway,35.9659,-86.80324,True,Crashes_MPO_2020
102772102,2020-08-31,2020,Williamson,,1.0,Property Damage Under,0,0,,,,,0.0,0.0,0.0,0.0,,,,35.99787,-86.79931,True,Crashes_MPO_2020
102772121,2020-08-31,2020,Williamson,,1.0,Property Damage,0,0,,,,,0.0,0.0,0.0,0.0,Daylight,Cloudy,Motor Vehicle-In-Transport On Same Roadway,36.01286,-86.80081,True,Crashes_MPO_2020
102772199,2020-08-31,2020,Williamson,,1.0,Property Damage Under,0,0,,,,,0.0,0.0,0.0,0.0,Daylight,Clear,Motor Vehicle-In-Transport On Same Roadway,35.95383,-86.80405,False,Crashes_MPO_2020
102772216,2020-08-31,2020,Williamson,,1.0,Property Damage Under,0,0,,,,,0.0,0.0,0.0,0.0,Daylight,Cloudy,Motor Vehicle-In-Transport On Same Roadway,35.94687,-86.85168,False,Crashes_MPO_2020
102772269,2020-08-31,2020,Davidson,,1.0,Property Damage,0,0,,,,,0.0,0.0,0.0,0.0,Daylight,Cloudy,Motor Vehicle-In-Transport On Same Roadway,36.0393,-86.78207,False,Crashes_MPO_2020
102772326,2020-08-31,2020,Williamson,,1.0,Property Damage,0,0,,,,,0.0,0.0,0.0,0.0,Daylight,Cloudy,Motor Vehicle-In-Transport On Same Roadway,35.96589,-86.80314,True,Crashes_MPO_2020
102772328,2020-08-30,2020,Williamson,,1.0,Property Damage,0,0,,,,,0.0,0.0,0.0,0.0,Daylight,Cloudy,Motor Vehicle-In-Transport On Same Roadway,35.93541,-86.81829,False,Crashes_MPO_2020
102772361,2020-08-31,2020,Williamson,,1.0,Suspected Minor Injury,0,0,,,,,0.0,0.0,0.0,0.0,Daylight,Cloudy,Motor Vehicle-In-Transport On Same Roadway,35.99771,-86.79797,True,Crashes_MPO_2020
102772473,2020-08-31,2020,Davidson,,1.0,Property Damage,0,0,,,,,0.0,0.0,0.0,0.0,Daylight,Cloudy,Motor Vehicle-In-Transport On Same Roadway,36.0466,-86.71341,False,Crashes_MPO_2020
102772503,2020-08-31,2020,Davidson,,1.0,Suspected Minor Injury,0,0,,,,,0.0,0.0,0.0,0.0,Daylight,Rain,Motor Vehicle-In-Transport On Same Roadway,36.00954,-86.70169,False,Crashes_MPO_2020
102772521,2020-08-31,2020,Williamson,,1.0,Property Damage,0,0,,,,,0.0,0.0,0.0,0.0,Dusk,Rain,Motor Vehicle-In-Transport On Same Roadway,35.96196,-86.70704,True,Crashes_MPO_2020
102772522,2020-08-31,2020,Davidson,,1.0,Suspected Minor Injury,0,0,,,,,0.0,0.0,0.0,0.0,Daylight,Rain,Motor Vehicle-In-Transport On Same Roadway,36.04658,-86.71341,False,Crashes_MPO_2020
102772608,2020-08-31,2020,Davidson,,1.0,Possible Injury,0,0,,,,,0.0,0.0,0.0,0.0,Daylight,Cloudy,Building,36.0402,-86.75544,False,Crashes_MPO_2020
102772809,2020-08-29,2020,Williamson,,1.0,Property Damage,0,0,,,,,0.0,0.0,0.0,0.0,Daylight,Clear,Motor Vehicle-In-Transport On Same Roadway,36.00404,-86.79096,True,Crashes_MPO_2020
102772886,2020-08-31,2020,Williamson,,1.0,Property Damage,0,0,,,,,0.0,0.0,0.0,0.0,Daylight,Rain,Fence,36.01501,-86.81396,True,Crashes_MPO_2020
102772912,2020-08-31,2020,Williamson,,1.0,Property Damage,0,0,,,,,0.0,0.0,0.0,0.0,Daylight,Rain,Standing Tree,35.94322,-86.81557,False,Crashes_MPO_2020
102773013,2020-09-01,2020,Davidson,,1.0,Property Damage Under,0,0,,,,,0.0,0.0,0.0,0.0,,,,36.0465,-86.67782,False,Crashes_MPO_2020
102773014,2020-09-01,2020,Davidson,,1.0,Property Damage Under,0,0,,,,,0.0,0.0,0.0,0.0,,,,36.04679,-86.6791,False,Crashes_MPO_2020
102773113,2020-09-01,2020,Williamson,,1.0,Property Damage Under,0,0,,,,,0.0,0.0,0.0,0.0,Daylight,Clear,Motor Vehicle-In-Transport On Same Roadway,35.9472,-86.85142,False,Crashes_MPO_2020
102773132,2020-09-01,2020,Davidson,,1.0,Property Damage,0,0,,,,,0.0,0.0,0.0,0.0,Daylight,Unknown,Motor Vehicle-In-Transport On Same Roadway,36.04653,-86.68335,False,Crashes_MPO_2020
102773159,2020-09-01,2020,Davidson,,1.0,Property Damage,0,0,,,,,0.0,0.0,0.0,0.0,Daylight,Rain,Guard Rail Face,36.0372,-86.87137,False,Crashes_MPO_2020
102773182,2020-09-01,2020,Davidson,,1.0,Property Damage,0,0,,,,,0.0,0.0,0.0,0.0,Daylight,Rain,Motor Vehicle-In-Transport On Same Roadway,36.03458,-86.7831,True,Crashes_MPO_2020
102773209,2020-09-01,2020,Williamson,,1.0,Property Damage,0,0,,,,,0.0,0.0,0.0,0.0,Daylight,Cloudy,Motor Vehicle-In-Transport On Same Roadway,36.02421,-86.78593,True,Crashes_MPO_2020
102773244,2020-09-01,2020,Davidson,,1.0,Property Damage,0,0,,,,,0.0,0.0,0.0,0.0,Daylight,Rain,Motor Vehicle-In-Transport On Same Roadway,36.04042,-86.78024,False,Crashes_MPO_2020
102773411,2020-09-01,2020,Williamson,,1.0,Property Damage,0,0,,,,,0.0,0.0,0.0,0.0,Dark-Not Lighted,Fog,Other Non-Collision,35.97722,-86.67813,False,Crashes_MPO_2020
102773564,2020-09-02,2020,Williamson,,1.0,Property Damage,0,0,,,,,0.0,0.0,0.0,0.0,Dawn,Clear,Motor Vehicle-In-Transport On Same Roadway,35.96458,-86.81449,False,Crashes_MPO_2020
102773570,2020-08-07,2020,Williamson,,1.0,Property Damage,0,0,,,,,0.0,0.0,0.0,0.0,Daylight,Clear,Mail Box,35.92434,-86.7375,False,Crashes_MPO_2020
102769448,2020-08-27,2020,Williamson,,1.0,Property Damage,0,0,,,,,0.0,0.0,0.0,0.0,Daylight,Cloudy,Motor Vehicle-In-Transport On Same Roadway,35.9295,-86.84135,False,Crashes_MPO_2020
102777361,2020-09-05,2020,Davidson,,1.0,Suspected Minor Injury,0,0,,,,,0.0,0.0,0.0,0.0,Dusk,Clear,Motor Vehicle-In-Transport On Same Roadway,36.03749,-86.79129,False,Crashes_MPO_2020
102777478,2020-09-05,2020,Davidson,,1.0,Property Damage,0,0,,,,,0.0,0.0,0.0,0.0,Dark-Lighted,Clear,Motor Vehicle-In-Transport On Same Roadway,36.04551,-86.70455,False,Crashes_MPO_2020
102777552,2020-09-06,2020,Williamson,,1.0,Suspected Minor Injury,0,0,,,,,0.0,0.0,0.0,0.0,Dark-Lighted,Clear,Motor Vehicle-In-Transport On Same Roadway,35.95078,-86.80647,False,Crashes_MPO_2020
102777688,2020-09-04,2020,Williamson,,1.0,Property Damage Under,0,0,,,,,0.0,0.0,0.0,0.0,Daylight,Cloudy,Motor Vehicle-In-Transport On Same Roadway,35.9469,-86.8246,False,Crashes_MPO_2020
102777986,2020-09-05,2020,Williamson,,1.0,Property Damage,0,0,,,,,0.0,0.0,0.0,0.0,Daylight,Clear,Motor Vehicle-In-Transport On Same Roadway,35.93562,-86.82387,False,Crashes_MPO_2020
102778302,2020-09-06,2020,Davidson,,1.0,Property Damage,0,0,,,,,0.0,0.0,0.0,0.0,Daylight,Clear,Motor Vehicle-In-Transport On Same Roadway,36.04543,-86.70371,False,Crashes_MPO_2020
102778306,2020-09-05,2020,Williamson,,1.0,Suspected Minor Injury,0,0,,,,,0.0,0.0,0.0,0.0,Daylight,Clear,Embankment Rock/Stone/Concrete,35.95198,-86.81788,False,Crashes_MPO_2020
102778317,2020-09-06,2020,Davidson,,1.0,Suspected Minor Injury,0,0,,,,,0.0,0.0,0.0,0.0,Daylight,Clear,Motor Vehicle-In-Transport On Same Roadway,36.04528,-86.70141,False,Crashes_MPO_2020
102778420,2020-09-06,2020,Davidson,,1.0,Property Damage Under,0,0,,,,,0.0,0.0,0.0,0.0,Dusk,Clear,Motor Vehicle-In-Transport On Same Roadway,36.04557,-86.7112,False,Crashes_MPO_2020
102778458,2020-09-06,2020,Davidson,,1.0,Property Damage Under,0,0,,,,,0.0,0.0,0.0,0.0,Daylight,Clear,Motor Vehicle-In-Transport On Same Roadway,36.0453,-86.70168,False,Crashes_MPO_2020
102778531,2020-09-06,2020,Williamson,,1.0,Property Damage,0,0,,,,,0.0,0.0,0.0,0.0,Dark-Lighted,Clear,Other Fixed Object,35.96714,-86.81301,True,Crashes_MPO_2020
102778569,2020-09-04,2020,Williamson,,1.0,Suspected Minor Injury,0,0,,,,,0.0,0.0,0.0,0.0,Dark-Lighted,Clear,Highway Traffic Sign Post,35.96394,-86.81022,False,Crashes_MPO_2020
102778589,2020-09-06,2020,Davidson,,1.0,Property Damage,0,0,,,,,0.0,0.0,0.0,0.0,Dark-Not Lighted,Clear,Parked Motor Vehicle,36.01357,-86.67921,False,Crashes_MPO_2020
102778814,2020-09-07,2020,Williamson,,1.0,Property Damage,0,0,,,,,0.0,0.0,0.0,0.0,Daylight,Clear,Concrete Traffic Barrier,35.98044,-86.80265,True,Crashes_MPO_2020
102778875,2020-09-07,2020,Williamson,,1.0,Property Damage,0,0,,,,,0.0,0.0,0.0,0.0,Daylight,Clear,Motor Vehicle-In-Transport On Same Roadway,35.93909,-86.82149,False,Crashes_MPO_2020
102779975,2020-08-31,2020,Williamson,,1.0,Property Damage Under,0,0,,,,,0.0,0.0,0.0,0.0,,,,36.00417,-86.79083,True,Crashes_MPO_2020
102780011,2020-09-08,2020,Williamson,,1.0,Property Damage,0,0,,,,,0.0,0.0,0.0,0.0,Daylight,Clear,Motor Vehicle-In-Transport On Same Roadway,35.99316,-86.69641,True,Crashes_MPO_2020
102780087,2020-09-07,2020,Williamson,,1.0,Property Damage,0,0,,,,,0.0,0.0,0.0,0.0,Daylight,Clear,Motor Vehicle-In-Transport On Same Roadway,36.03336,-86.78872,True,Crashes_MPO_2020
102780144,2020-09-08,2020,Davidson,,1.0,Property Damage,0,0,,,,,0.0,0.0,0.0,0.0,Daylight,Clear,Motor Vehicle-In-Transport On Same Roadway,36.04001,-86.74347,False,Crashes_MPO_2020
102780426,2020-09-08,2020,Williamson,,1.0,Property Damage,0,0,,,,,0.0,0.0,0.0,0.0,Daylight,Clear,Motor Vehicle-In-Transport On Same Roadway,35.92974,-86.85585,False,Crashes_MPO_2020
102780460,2020-09-08,2020,Williamson,,1.0,Property Damage,0,0,,,,,0.0,0.0,0.0,0.0,Daylight,Clear,Motor Vehicle-In-Transport On Same Roadway,35.997794,-86.794658,True,Crashes_MPO_2020
102780845,2020-09-09,2020,Davidson,,1.0,Property Damage,0,0,,,,,0.0,0.0,0.0,0.0,Dark-Lighted,Clear,Luminaire Light Support,36.01555,-86.70521,False,Crashes_MPO_2020
102780960,2020-09-09,2020,Williamson,,1.0,Property Damage Under,0,0,,,,,0.0,0.0,0.0,0.0,,,,35.95201,-86.74153,True,Crashes_MPO_2020
102781004,2020-09-08,2020,Williamson,,1.0,Property Damage,0,0,,,,,0.0,0.0,0.0,0.0,Daylight,Clear,Motor Vehicle-In-Transport On Same Roadway,35.93292,-86.81159,False,Crashes_MPO_2020
102781102,2020-09-09,2020,Davidson,,1.0,Possible Injury,0,0,,,,,0.0,0.0,0.0,0.0,Daylight,Clear,Motor Vehicle-In-Transport On Same Roadway,36.05286,-86.71478,False,Crashes_MPO_2020
102773856,2020-09-02,2020,Williamson,,1.0,Suspected Minor Injury,0,0,,,,,0.0,0.0,0.0,0.0,Daylight,Clear,Mail Box,35.95149,-86.68958,False,Crashes_MPO_2020
102773956,2020-09-02,2020,Davidson,,1.0,Suspected Minor Injury,0,0,,,,,0.0,0.0,0.0,0.0,Daylight,Clear,Motor Vehicle-In-Transport On Same Roadway,36.02805,-86.67674,False,Crashes_MPO_2020
102774164,2020-09-03,2020,Davidson,,1.0,Suspected Minor Injury,0,0,,,,,0.0,0.0,0.0,0.0,Dark-Not Lighted,Clear,Motor Vehicle-In-Transport On Same Roadway,36.03316,-86.71291,False,Crashes_MPO_2020
102774180,2020-09-03,2020,Williamson,,1.0,Property Damage,0,0,,,,,0.0,0.0,0.0,0.0,Dark-Not Lighted,Clear,Culvert,35.92869,-86.75597,False,Crashes_MPO_2020
102774190,2020-09-01,2020,Williamson,,1.0,Property Damage,0,0,,,,,0.0,0.0,0.0,0.0,Dark-Lighted,Clear,Parked Motor Vehicle,35.93001,-86.84603,False,Crashes_MPO_2020