mstrrecnbr,collision_ts,year,county,countystat,crash,crash_type,fatalities,non_motorists,commercial,fatal_c,nonmotor_c,truck_c,fatalc,serious_injuries,ped,bike,lighting,weather,first_harmful_event,latitude,longitude,in_city,src_layer
102774453,2020-09-03,2020,Williamson,,1.0,Property Damage Under,0,0,,,,,0.0,0.0,0.0,0.0,,,,35.92887,-86.83704,False,Crashes_MPO_2020
102774585,2020-09-03,2020,Davidson,,1.0,Property Damage,0,0,,,,,0.0,0.0,0.0,0.0,Daylight,Clear,Motor Vehicle-In-Transport On Same Roadway,36.02013,-86.71016,False,Crashes_MPO_2020
102774721,2020-09-03,2020,Williamson,,1.0,Possible Injury,0,0,,,,,0.0,0.0,0.0,0.0,Daylight,Clear,Motor Vehicle-In-Transport On Same Roadway,35.99673,-86.79057,True,Crashes_MPO_2020
102774817,2020-09-03,2020,Davidson,,1.0,Suspected Minor Injury,0,0,,,,,0.0,0.0,0.0,0.0,Daylight,Clear,Motor Vehicle-In-Transport On Same Roadway,36.03076,-86.74721,False,Crashes_MPO_2020
102775340,2020-09-03,2020,Williamson,,1.0,Suspected Minor Injury,0,0,,,,,0.0,0.0,0.0,0.0,Daylight,Clear,Motor Vehicle-In-Transport On Same Roadway,35.97182,-86.82584,True,Crashes_MPO_2020
102775384,2020-09-03,2020,Williamson,,1.0,Property Damage Under,0,0,,,,,0.0,0.0,0.0,0.0,,,,35.93693,-86.78108,False,Crashes_MPO_2020
102775456,2020-09-04,2020,Williamson,,1.0,Property Damage,0,0,,,,,0.0,0.0,0.0,0.0,Daylight,Clear,Motor Vehicle-In-Transport On Same Roadway,35.96705,-86.81355,True,Crashes_MPO_2020
102775458,2020-09-04,2020,Davidson,,1.0,Property Damage,0,0,,,,,0.0,0.0,0.0,0.0,Daylight,Clear,Motor Vehicle-In-Transport On Same Roadway,36.02549,-86.71247,False,Crashes_MPO_2020
102775979,2020-09-04,2020,Williamson,,1.0,Property Damage Under,0,0,,,,,0.0,0.0,0.0,0.0,,,,35.9667,-86.81121,True,Crashes_MPO_2020
102776071,2020-09-04,2020,Davidson,,1.0,Property Damage,0,0,,,,,0.0,0.0,0.0,0.0,Daylight,Clear,Motor Vehicle-In-Transport On Same Roadway,36.04546,-86.71274,False,Crashes_MPO_2020
102776332,2020-09-04,2020,Williamson,,1.0,Property Damage,0,0,,,,,0.0,0.0,0.0,0.0,Daylight,Clear,Motor Vehicle-In-Transport On Same Roadway,35.95577,-86.83065,False,Crashes_MPO_2020
102776566,2020-09-04,2020,Williamson,,1.0,Property Damage,0,0,,,,,0.0,0.0,0.0,0.0,Daylight,Cloudy,Motor Vehicle-In-Transport On Same Roadway,35.99759,-86.7969,True,Crashes_MPO_2020
102776579,2020-09-02,2020,Williamson,,1.0,Property Damage,0,0,,,,,0.0,0.0,0.0,0.0,Unknown,Unknown,Guard Rail Face,36.01767,-86.78631,True,Crashes_MPO_2020
102776608,2020-09-05,2020,Davidson,,1.0,Property Damage,0,0,,,,,0.0,0.0,0.0,0.0,Daylight,Clear,Other Object,36.04196,-86.81621,False,Crashes_MPO_2020
102776987,2020-09-05,2020,Davidson,,1.0,Property Damage,0,0,,,,,0.0,0.0,0.0,0.0,Daylight,Clear,Motor Vehicle-In-Transport On Same Roadway,36.03317,-86.7129,False,Crashes_MPO_2020
102777113,2020-09-05,2020,Williamson,,1.0,Property Damage,0,0,,,,,0.0,0.0,0.0,0.0,Daylight,Clear,Motor Vehicle-In-Transport On Same Roadway,35.98644,-86.73681,True,Crashes_MPO_2020
102769583,2020-08-27,2020,Davidson,,1.0,Property Damage,0,0,,,,,0.0,0.0,0.0,0.0,Dark-Lighted,Rain,Motor Vehicle-In-Transport On Same Roadway,36.04908,-86.77535,False,Crashes_MPO_2020
102769646,2020-08-27,2020,Davidson,,1.0,Property Damage,0,0,,,,,0.0,0.0,0.0,0.0,Dark-Lighted,Rain,Motor Vehicle-In-Transport On Same Roadway,36.03751,-86.78572,False,Crashes_MPO_2020
102769655,2020-08-27,2020,Williamson,,1.0,Property Damage,0,0,,,,,0.0,0.0,0.0,0.0,Dark-Lighted,Rain,Concrete Traffic Barrier,35.95566,-86.81123,False,Crashes_MPO_2020
102769674,2020-08-27,2020,Davidson,,1.0,Property Damage,0,0,,,,,0.0,0.0,0.0,0.0,Daylight,Rain,Motor Vehicle-In-Transport On Same Roadway,36.04853,-86.71352,False,Crashes_MPO_2020
102769780,2020-08-27,2020,Williamson,,1.0,Property Damage,0,0,,,,,0.0,0.0,0.0,0.0,Dark-Lighted,Rain,"Over Turn, Roll Over",35.96328,-86.80885,False,Crashes_MPO_2020
102769783,2020-08-28,2020,Williamson,,1.0,Suspected Minor Injury,0,0,,,,,0.0,0.0,0.0,0.0,Dark-Lighted,Cloudy,Motor Vehicle-In-Transport On Same Roadway,35.95063,-86.813,False,Crashes_MPO_2020
102769934,2020-08-28,2020,Williamson,,1.0,Property Damage Under,0,0,,,,,0.0,0.0,0.0,0.0,Daylight,Cloudy,Motor Vehicle-In-Transport On Same Roadway,35.93557,-86.82364,False,Crashes_MPO_2020
102769951,2020-08-28,2020,Davidson,,1.0,Property Damage,0,0,,,,,0.0,0.0,0.0,0.0,Daylight,Cloudy,Motor Vehicle-In-Transport On Same Roadway,36.03647,-86.78692,False,Crashes_MPO_2020
102769962,2020-08-25,2020,Williamson,,1.0,Property Damage,0,0,,,,,0.0,0.0,0.0,0.0,Daylight,Clear,Motor Vehicle-In-Transport On Same Roadway,35.96008,-86.80971,False,Crashes_MPO_2020
102769963,2020-08-25,2020,Williamson,,1.0,Property Damage,0,0,,,,,0.0,0.0,0.0,0.0,Daylight,Clear,Motor Vehicle-In-Transport On Same Roadway,35.96684,-86.80896,True,Crashes_MPO_2020
102770002,2020-08-28,2020,Williamson,,1.0,Property Damage,0,0,,,,,0.0,0.0,0.0,0.0,Daylight,Clear,Motor Vehicle-In-Transport On Same Roadway,35.94193,-86.82281,False,Crashes_MPO_2020
102770040,2020-08-28,2020,Davidson,,1.0,Property Damage,0,0,,,,,0.0,0.0,0.0,0.0,Unknown,Unknown,Motor Vehicle-In-Transport On Same Roadway,36.04519,-86.71573,False,Crashes_MPO_2020
102770147,2020-08-24,2020,Davidson,,1.0,Property Damage,0,0,,,,,0.0,0.0,0.0,0.0,Dark-Lighted,Clear,Motor Vehicle-In-Transport On Same Roadway,36.05151,-86.71436,False,Crashes_MPO_2020
102770214,2020-08-28,2020,Davidson,,1.0,Possible Injury,0,1,,,,,0.0,0.0,1.0,0.0,Daylight,Cloudy,Pedestrian,36.0524,-86.68389,False,Crashes_MPO_2020
102770310,2020-08-28,2020,Williamson,,1.0,Property Damage,0,0,,,,,0.0,0.0,0.0,0.0,Daylight,Cloudy,Ditch,35.92685,-86.72188,False,Crashes_MPO_2020
102770362,2020-08-28,2020,Williamson,,1.0,Property Damage,0,0,,,,,0.0,0.0,0.0,0.0,Daylight,Rain,Motor Vehicle-In-Transport On Same Roadway,35.94782,-86.81975,False,Crashes_MPO_2020
102770457,2020-08-28,2020,Davidson,,1.0,Property Damage,0,0,,,,,0.0,0.0,0.0,0.0,Daylight,Clear,Motor Vehicle-In-Transport On Same Roadway,36.04428,-86.71313,False,Crashes_MPO_2020
102770479,2020-08-28,2020,Williamson,,1.0,Suspected Minor Injury,0,0,,,,,0.0,0.0,0.0,0.0,Dark-Not Lighted,Rain,Motor Vehicle-In-Transport On Same Roadway,36.02716,-86.78873,True,Crashes_MPO_2020
102770497,2020-08-28,2020,Williamson,,1.0,Property Damage,0,0,,,,,0.0,0.0,0.0,0.0,Dark-Not Lighted,Rain,Ditch,35.95538,-86.73873,True,Crashes_MPO_2020
102770593,2020-08-28,2020,Williamson,,1.0,Property Damage,0,0,,,,,0.0,0.0,0.0,0.0,Daylight,Rain,Motor Vehicle-In-Transport On Same Roadway,35.93808,-86.8218,False,Crashes_MPO_2020
102770598,2020-08-28,2020,Williamson,,1.0,Property Damage,0,0,,,,,0.0,0.0,0.0,0.0,Dark-Not Lighted,Rain,Ditch,35.98483,-86.74005,True,Crashes_MPO_2020
102770716,2020-08-29,2020,Davidson,,1.0,Suspected Minor Injury,0,0,,,,,0.0,0.0,0.0,0.0,Dark-Lighted,Rain,Ditch,36.0124,-86.70359,False,Crashes_MPO_2020
102770768,2020-08-29,2020,Davidson,,1.0,Property Damage,0,0,,,,,0.0,0.0,0.0,0.0,Dawn,Cloudy,Guard Rail Face,36.04755,-86.77668,False,Crashes_MPO_2020
102771016,2020-08-29,2020,Williamson,,1.0,Property Damage Under,0,0,,,,,0.0,0.0,0.0,0.0,,,,35.96647,-86.81374,False,Crashes_MPO_2020
102771047,2020-08-29,2020,Davidson,,1.0,Suspected Minor Injury,0,0,,,,,0.0,0.0,0.0,0.0,Daylight,Clear,Motor Vehicle-In-Transport On Same Roadway,36.03964,-86.78162,False,Crashes_MPO_2020
102771082,2020-08-29,2020,Davidson,,1.0,Suspected Minor Injury,0,0,,,,,0.0,0.0,0.0,0.0,Daylight,Clear,Motor Vehicle-In-Transport On Same Roadway,36.04399,-86.71311,False,Crashes_MPO_2020
102771096,2020-08-29,2020,Williamson,,1.0,Property Damage,0,0,,,,,0.0,0.0,0.0,0.0,Dusk,Cloudy,Motor Vehicle-In-Transport On Same Roadway,35.99915,-86.80902,True,Crashes_MPO_2020
102771149,2020-08-29,2020,Davidson,,1.0,Property Damage,0,0,,,,,0.0,0.0,0.0,0.0,Dusk,Rain,Motor Vehicle-In-Transport On Same Roadway,36.04249,-86.67676,False,Crashes_MPO_2020
102771187,2020-08-29,2020,Williamson,,1.0,Property Damage,0,0,,,,,0.0,0.0,0.0,0.0,Dark-Lighted,Clear,Parked Motor Vehicle,35.9597,-86.80244,False,Crashes_MPO_2020
102771354,2020-08-28,2020,Williamson,,1.0,Property Damage,0,0,,,,,0.0,0.0,0.0,0.0,Dark-Unknown Lighting,Unknown,Shrubbery,36.03292,-86.79813,True,Crashes_MPO_2020
102771364,2020-08-29,2020,Williamson,,1.0,Property Damage,0,0,,,,,0.0,0.0,0.0,0.0,Daylight,Clear,Motor Vehicle-In-Transport On Same Roadway,35.96705,-86.81355,True,Crashes_MPO_2020
102788314,2020-09-18,2020,Williamson,,1.0,Property Damage,0,0,,,,,0.0,0.0,0.0,0.0,Daylight,Clear,Parked Motor Vehicle,35.96101,-86.80877,False,Crashes_MPO_2020
102788600,2020-09-18,2020,Davidson,,1.0,Property Damage,0,0,,,,,0.0,0.0,0.0,0.0,Dark-Lighted,Clear,Motor Vehicle-In-Transport On Same Roadway,36.03948,-86.78177,False,Crashes_MPO_2020
102788683,2020-09-18,2020,Davidson,,1.0,Property Damage,0,0,,,,,0.0,0.0,0.0,0.0,Dark-Lighted,Clear,Motor Vehicle-In-Transport On Same Roadway,36.02505,-86.71301,False,Crashes_MPO_2020
102788743,2020-09-19,2020,Davidson,,1.0,Property Damage,0,0,,,,,0.0,0.0,0.0,0.0,Dark-Lighted,,Mail Box,36.03817,-86.73674,False,Crashes_MPO_2020
102789016,2020-09-18,2020,Williamson,,1.0,Property Damage,0,0,,,,,0.0,0.0,0.0,0.0,Daylight,,Motor Vehicle-In-Transport On Same Roadway,35.99662,-86.78818,True,Crashes_MPO_2020
102789110,2020-09-18,2020,Davidson,,1.0,Property Damage,0,0,,,,,0.0,0.0,0.0,0.0,Dark-Lighted,,Motor Vehicle-In-Transport On Same Roadway,36.05151,-86.77516,False,Crashes_MPO_2020
102789233,2020-09-19,2020,Davidson,,1.0,Property Damage,0,0,,,,,0.0,0.0,0.0,0.0,Dark-Lighted,,Motor Vehicle-In-Transport On Same Roadway,36.04563,-86.71058,False,Crashes_MPO_2020
102789256,2020-09-19,2020,Davidson,,1.0,Property Damage,0,0,,,,,0.0,0.0,0.0,0.0,Daylight,,Motor Vehicle-In-Transport On Same Roadway,36.02661,-86.71288,False,Crashes_MPO_2020
102789709,2020-09-20,2020,Davidson,,1.0,Property Damage,0,0,,,,,0.0,0.0,0.0,0.0,Daylight,,Motor Vehicle-In-Transport On Same Roadway,36.03747,-86.79098,False,Crashes_MPO_2020
102789842,2020-09-20,2020,Williamson,,1.0,Suspected Minor Injury,0,2,,,,,0.0,0.0,1.0,0.0,Daylight,Clear,Pedestrian,35.95785,-86.81452,False,Crashes_MPO_2020
102790022,2020-09-20,2020,Davidson,,1.0,Suspected Minor Injury,0,0,,,,,0.0,0.0,0.0,0.0,Daylight,,Motor Vehicle-In-Transport On Same Roadway,36.04012,-86.78074,False,Crashes_MPO_2020
102790169,2020-09-20,2020,Williamson,,1.0,Suspected Minor Injury,0,0,,,,,0.0,0.0,0.0,0.0,Dark-Not Lighted,Clear,Motor Vehicle-In-Transport On Same Roadway,35.93888,-86.68503,False,Crashes_MPO_2020
102790389,2020-09-21,2020,Davidson,,1.0,Suspected Serious Injury,0,0,,,,,0.0,1.0,0.0,0.0,Dark-Lighted,Clear,Motor Vehicle-In-Transport On Same Roadway,36.04493,-86.69615,False,Crashes_MPO_2020
102790628,2020-09-13,2020,Davidson,,1.0,Property Damage,0,0,,,,,0.0,0.0,0.0,0.0,Unknown,,Motor Vehicle-In-Motion Outside Trafficway,36.02275,-86.71051,False,Crashes_MPO_2020
102790630,2020-09-17,2020,Williamson,,1.0,Property Damage,0,0,,,,,0.0,0.0,0.0,0.0,Daylight,Clear,Motor Vehicle-In-Transport On Same Roadway,36.03322,-86.78531,True,Crashes_MPO_2020
102790637,2020-09-21,2020,Davidson,,1.0,Possible Injury,0,0,,,,,0.0,0.0,0.0,0.0,Daylight,,Motor Vehicle-In-Transport On Same Roadway,36.04479,-86.72487,False,Crashes_MPO_2020
102790820,2020-09-21,2020,Williamson,,1.0,Property Damage Under,0,0,,,,,0.0,0.0,0.0,0.0,Daylight,Clear,Motor Vehicle-In-Transport On Same Roadway,35.96133,-86.81226,False,Crashes_MPO_2020
102790876,2020-09-21,2020,Davidson,,1.0,Property Damage Under,0,0,,,,,0.0,0.0,0.0,0.0,,,,36.03797,-86.7843,False,Crashes_MPO_2020
102790883,2020-09-21,2020,Williamson,,1.0,Property Damage,0,0,,,,,0.0,0.0,0.0,0.0,Dark-Lighted,,Motor Vehicle-In-Transport On Same Roadway,35.966692,-86.809162,True,Crashes_MPO_2020
102790904,2020-09-21,2020,Williamson,,1.0,Property Damage,0,0,,,,,0.0,0.0,0.0,0.0,Dark-Lighted,Clear,Motor Vehicle-In-Transport On Same Roadway,36.02193,-86.7951,True,Crashes_MPO_2020
102785825,2020-09-11,2020,Williamson,,1.0,Property Damage Under,0,0,,,,,0.0,0.0,0.0,0.0,,,,36.00657,-86.80536,True,Crashes_MPO_2020
102785836,2020-09-15,2020,Davidson,,1.0,Suspected Minor Injury,0,1,,,,,0.0,0.0,1.0,0.0,Daylight,Clear,Pedestrian,36.04177,-86.70992,False,Crashes_MPO_2020
102785944,2020-09-15,2020,Williamson,,1.0,Property Damage,0,0,,,,,0.0,0.0,0.0,0.0,Daylight,Clear,Motor Vehicle-In-Transport On Same Roadway,35.92819,-86.83094,False,Crashes_MPO_2020
102786000,2020-09-15,2020,Davidson,,1.0,Property Damage Under,0,0,,,,,0.0,0.0,0.0,0.0,,,,36.03981,-86.81509,False,Crashes_MPO_2020
102786045,2020-09-15,2020,Williamson,,1.0,Property Damage,0,0,,,,,0.0,0.0,0.0,0.0,Daylight,Clear,Motor Vehicle-In-Transport On Same Roadway,35.94753,-86.82232,False,Crashes_MPO_2020
102786205,2020-09-14,2020,Williamson,,1.0,Property Damage,0,0,,,,,0.0,0.0,0.0,0.0,Dark-Lighted,Clear,Highway Traffic Sign Post,35.95822,-86.81062,False,Crashes_MPO_2020
102786222,2020-09-15,2020,Davidson,,1.0,Property Damage,0,0,,,,,0.0,0.0,0.0,0.0,Dark-Not Lighted,Clear,Motor Vehicle-In-Transport On Same Roadway,36.01238,-86.70361,False,Crashes_MPO_2020
102786388,2020-09-16,2020,Davidson,,1.0,Property Damage,0,0,,,,,0.0,0.0,0.0,0.0,Daylight,Clear,Motor Vehicle-In-Transport On Same Roadway,36.05175,-86.71443,False,Crashes_MPO_2020
102786578,2020-09-16,2020,Williamson,,1.0,Property Damage,0,0,,,,,0.0,0.0,0.0,0.0,Daylight,Clear,Motor Vehicle-In-Transport On Same Roadway,35.95078,-86.80647,False,Crashes_MPO_2020
102786639,2020-09-16,2020,Davidson,,1.0,Possible Injury,0,0,,,,,0.0,0.0,0.0,0.0,Daylight,Cloudy,Motor Vehicle-In-Transport On Same Roadway,36.04522,-86.71479,False,Crashes_MPO_2020
102786721,2020-09-16,2020,Davidson,,1.0,Property Damage,0,0,,,,,0.0,0.0,0.0,0.0,Daylight,Clear,Deer,36.03303,-86.77329,False,Crashes_MPO_2020
102786728,2020-09-16,2020,Davidson,,1.0,Property Damage,0,0,,,,,0.0,0.0,0.0,0.0,Daylight,Clear,Motor Vehicle-In-Transport On Same Roadway,36.04543,-86.70362,False,Crashes_MPO_2020
102786757,2020-09-16,2020,Davidson,,1.0,Property Damage Under,0,0,,,,,0.0,0.0,0.0,0.0,Daylight,Clear,Motor Vehicle-In-Transport On Same Roadway,36.04519,-86.71571,False,Crashes_MPO_2020
102786863,2020-09-16,2020,Williamson,,1.0,Property Damage,0,0,,,,,0.0,0.0,0.0,0.0,Dark-Not Lighted,Clear,Motor Vehicle-In-Transport On Same Roadway,35.98456,-86.74054,True,Crashes_MPO_2020
102786883,2020-09-16,2020,Davidson,,1.0,Property Damage Under,0,0,,,,,0.0,0.0,0.0,0.0,Daylight,Clear,Mail Box,36.05131,-86.73325,False,Crashes_MPO_2020
102786890,2020-09-16,2020,Williamson,,1.0,Property Damage,0,0,,,,,0.0,0.0,0.0,0.0,Dusk,Clear,Ditch,36.01623,-86.78616,True,Crashes_MPO_2020
102786921,2020-09-16,2020,Davidson,,1.0,Suspected Minor Injury,0,0,,,,,0.0,0.0,0.0,0.0,Dark-Lighted,Clear,Ditch,36.04695,-86.68172,False,Crashes_MPO_2020
102787372,2020-09-16,2020,Williamson,,1.0,Property Damage Under,0,0,,,,,0.0,0.0,0.0,0.0,,,,35.97716,-86.67813,False,Crashes_MPO_2020
102787373,2020-09-17,2020,Williamson,,1.0,Property Damage,0,0,,,,,0.0,0.0,0.0,0.0,Daylight,,Motor Vehicle-In-Transport On Same Roadway,35.95258,-86.68414,False,Crashes_MPO_2020
102787396,2020-09-16,2020,Williamson,,1.0,Property Damage,0,0,,,,,0.0,0.0,0.0,0.0,Unknown,Clear,Parked Motor Vehicle,35.94509,-86.82039,False,Crashes_MPO_2020
102787436,2020-09-17,2020,Williamson,,1.0,Property Damage,0,0,,,,,0.0,0.0,0.0,0.0,Daylight,,Parked Motor Vehicle,35.93808,-86.8218,False,Crashes_MPO_2020
102787510,2020-09-17,2020,Williamson,,1.0,Property Damage Under,0,0,,,,,0.0,0.0,0.0,0.0,Daylight,Clear,Motor Vehicle-In-Transport On Same Roadway,35.92715,-86.87789,False,Crashes_MPO_2020
102787716,2020-09-18,2020,Davidson,,1.0,Property Damage,0,0,,,,,0.0,0.0,0.0,0.0,Dark-Lighted,,Utility Pole,36.05376,-86.69102,False,Crashes_MPO_2020
102787961,2020-08-14,2020,Williamson,,1.0,Property Damage,0,0,,,,,0.0,0.0,0.0,0.0,Dark-Lighted,Clear,Motor Vehicle-In-Transport On Same Roadway,36.03336,-86.78872,True,Crashes_MPO_2020
102787979,2020-09-17,2020,Williamson,,1.0,Property Damage Under,0,0,,,,,0.0,0.0,0.0,0.0,,,,36.03336,-86.78872,True,Crashes_MPO_2020
102788035,2020-09-18,2020,Williamson,,1.0,Property Damage,0,0,,,,,0.0,0.0,0.0,0.0,Daylight,Clear,Motor Vehicle-In-Transport On Same Roadway,35.99562,-86.78002,True,Crashes_MPO_2020
102788046,2020-09-18,2020,Davidson,,1.0,Possible Injury,0,0,,,,,0.0,0.0,0.0,0.0,Daylight,Clear,Motor Vehicle-In-Transport On Same Roadway,36.0464,-86.85872,False,Crashes_MPO_2020
102788148,2020-09-18,2020,Davidson,,1.0,Possible Injury,0,0,,,,,0.0,0.0,0.0,0.0,Daylight,Clear,Motor Vehicle-In-Transport On Same Roadway,36.0152,-86.73665,False,Crashes_MPO_2020
102788189,2020-09-18,2020,Williamson,,1.0,Property Damage,0,0,,,,,0.0,0.0,0.0,0.0,Daylight,,Motor Vehicle-In-Transport On Same Roadway,35.96666,-86.80924,True,Crashes_MPO_2020
102788204,2020-09-17,2020,Williamson,,1.0,Possible Injury,0,0,,,,,0.0,0.0,0.0,0.0,Daylight,,Culvert,36.02588,-86.78381,True,Crashes_MPO_2020
102783879,2020-09-11,2020,Williamson,,1.0,Possible Injury,0,0,,,,,0.0,0.0,0.0,0.0,Dark-Lighted,Clear,Motor Vehicle-In-Transport On Same Roadway,35.97438,-86.83209,True,Crashes_MPO_2020
102784145,2020-09-13,2020,Davidson,,1.0,Property Damage,0,0,,,,,0.0,0.0,0.0,0.0,Dark-Lighted,Clear,Utility Pole,36.05151,-86.71436,False,Crashes_MPO_2020
102784211,2020-09-12,2020,Davidson,,1.0,Property Damage,0,0,,,,,0.0,0.0,0.0,0.0,Daylight,Clear,Mail Box,36.03327,-86.76421,False,Crashes_MPO_2020
102784411,2020-09-12,2020,Williamson,,1.0,Property Damage,0,0,,,,,0.0,0.0,0.0,0.0,Daylight,Clear,Motor Vehicle-In-Transport On Same Roadway,35.92397,-86.76684,False,Crashes_MPO_2020
102784569,2020-09-13,2020,Williamson,,1.0,Property Damage,0,0,,,,,0.0,0.0,0.0,0.0,Daylight,Rain,Motor Vehicle-In-Transport On Same Roadway,35.93471,-86.82097,False,Crashes_MPO_2020
102784622,2020-09-13,2020,Williamson,,1.0,Property Damage,0,0,,,,,0.0,0.0,0.0,0.0,Daylight,Clear,Motor Vehicle-In-Transport On Same Roadway,35.92688,-86.87681,False,Crashes_MPO_2020
102784722,2020-09-13,2020,Davidson,,1.0,Possible Injury,0,0,,,,,0.0,0.0,0.0,0.0,Dark-Lighted,Clear,Motor Vehicle-In-Transport On Same Roadway,36.04481,-86.68651,False,Crashes_MPO_2020
102784740,2020-09-13,2020,Williamson,,1.0,Property Damage,0,0,,,,,0.0,0.0,0.0,0.0,Dark-Lighted,Clear,Motor Vehicle-In-Transport On Same Roadway,35.92584,-86.86759,False,Crashes_MPO_2020
102784895,2020-09-14,2020,Davidson,,1.0,Property Damage Under,0,0,,,,,0.0,0.0,0.0,0.0,,,,36.04499,-86.71321,False,Crashes_MPO_2020
102784952,2020-09-13,2020,Davidson,,1.0,Property Damage,0,0,,,,,0.0,0.0,0.0,0.0,Daylight,Clear,Motor Vehicle-In-Transport On Same Roadway,36.04812,-86.77629,False,Crashes_MPO_2020
102784991,2020-09-13,2020,Williamson,,1.0,Property Damage,0,0,,,,,0.0,0.0,0.0,0.0,Daylight,Cloudy,Motor Vehicle-In-Transport On Same Roadway,35.96721,-86.8135,True,Crashes_MPO_2020
102785159,2020-09-14,2020,Davidson,,1.0,Suspected Minor Injury,0,0,,,,,0.0,0.0,0.0,0.0,Daylight,Clear,Motor Vehicle-In-Transport On Same Roadway,36.04231,-86.72652,False,Crashes_MPO_2020
102785274,2020-09-14,2020,Williamson,,1.0,Property Damage Under,0,0,,,,,0.0,0.0,0.0,0.0,Dusk,Clear,Motor Vehicle-In-Transport On Same Roadway,35.92578,-86.87298,False,Crashes_MPO_2020
102785471,2020-09-12,2020,Williamson,,1.0,Property Damage,0,0,,,,,0.0,0.0,0.0,0.0,Dark-Not Lighted,Clear,Motor Vehicle-In-Transport On Same Roadway,35.99004,-86.74528,True,Crashes_MPO_2020
102785494,2020-09-14,2020,Williamson,,1.0,Property Damage,0,0,,,,,0.0,0.0,0.0,0.0,Dark-Not Lighted,Clear,Motor Vehicle-In-Transport On Same Roadway,36.02435,-86.78611,True,Crashes_MPO_2020
102785524,2020-09-15,2020,Williamson,,1.0,Property Damage,0,0,,,,,0.0,0.0,0.0,0.0,Dark-Not Lighted,Clear,Motor Vehicle-In-Transport On Same Roadway,36.00198,-86.79309,True,Crashes_MPO_2020
102785548,2020-09-15,2020,Davidson,,1.0,Property Damage,0,0,,,,,0.0,0.0,0.0,0.0,Daylight,Cloudy,Motor Vehicle-In-Transport On Same Roadway,36.03964,-86.78162,False,Crashes_MPO_2020
102785550,2020-09-14,2020,Williamson,,1.0,Possible Injury,0,0,,,,,0.0,0.0,0.0,0.0,Daylight,Cloudy,Motor Vehicle-In-Transport On Same Roadway,35.96498,-86.81577,True,Crashes_MPO_2020
102785594,2020-09-11,2020,Williamson,,1.0,Property Damage,0,0,,,,,0.0,0.0,0.0,0.0,Daylight,Clear,Concrete Traffic Barrier,35.98531,-86.80121,True,Crashes_MPO_2020
102785741,2020-09-13,2020,Williamson,,1.0,Property Damage,0,0,,,,,0.0,0.0,0.0,0.0,Daylight,Rain,Guard Rail Face,35.92455,-86.82233,False,Crashes_MPO_2020
102791236,2020-09-22,2020,Williamson,,1.0,Possible Injury,0,0,,,,,0.0,0.0,0.0,0.0,Daylight,,Mail Box,36.02077,-86.73282,False,Crashes_MPO_2020