mstrrecnbr,collision_ts,year,county,countystat,crash,crash_type,fatalities,non_motorists,commercial,fatal_c,nonmotor_c,truck_c,fatalc,serious_injuries,ped,bike,lighting,weather,first_harmful_event,latitude,longitude,in_city,src_layer
102791328,2020-09-21,2020,Williamson,,1.0,Possible Injury,0,0,,,,,0.0,0.0,0.0,0.0,Daylight,Clear,Motor Vehicle-In-Transport On Same Roadway,35.95078,-86.80647,False,Crashes_MPO_2020
102791334,2020-09-21,2020,Williamson,,1.0,Property Damage,0,0,,,,,0.0,0.0,0.0,0.0,Daylight,,Motor Vehicle-In-Transport On Same Roadway,35.97334,-86.83305,True,Crashes_MPO_2020
102791475,2020-09-22,2020,Williamson,,1.0,Property Damage,0,0,,,,,0.0,0.0,0.0,0.0,Daylight,Clear,Motor Vehicle-In-Transport On Same Roadway,35.96595,-86.80437,True,Crashes_MPO_2020
102791556,2020-09-22,2020,Williamson,,1.0,Property Damage,0,0,,,,,0.0,0.0,0.0,0.0,Daylight,,Motor Vehicle-In-Transport On Same Roadway,35.99734,-86.79486,True,Crashes_MPO_2020
102791697,2020-09-22,2020,Davidson,,1.0,Property Damage Under,0,0,,,,,0.0,0.0,0.0,0.0,Daylight,,Parked Motor Vehicle,36.04394,-86.74409,False,Crashes_MPO_2020
102791705,2020-09-22,2020,Davidson,,1.0,Property Damage,0,0,,,,,0.0,0.0,0.0,0.0,Daylight,,Motor Vehicle-In-Motion Outside Trafficway,36.03718,-86.7859,False,Crashes_MPO_2020
102791726,2020-09-22,2020,Williamson,,1.0,Property Damage,0,0,,,,,0.0,0.0,0.0,0.0,Daylight,Clear,Motor Vehicle-In-Transport On Same Roadway,35.94061,-86.83951,False,Crashes_MPO_2020
102791729,2020-09-22,2020,Williamson,,1.0,Property Damage Under,0,0,,,,,0.0,0.0,0.0,0.0,Daylight,Clear,Parked Motor Vehicle,35.92414,-86.86923,False,Crashes_MPO_2020
102791735,2020-09-22,2020,Davidson,,1.0,Property Damage,0,0,,,,,0.0,0.0,0.0,0.0,Dark-Lighted,,Motor Vehicle-In-Transport On Same Roadway,36.0409,-86.77938,False,Crashes_MPO_2020
102791961,2020-09-23,2020,Williamson,,1.0,Property Damage,0,0,,,,,0.0,0.0,0.0,0.0,Dawn,Cloudy,Motor Vehicle-In-Transport On Same Roadway,35.94687,-86.85168,False,Crashes_MPO_2020
102792114,2020-09-22,2020,Williamson,,1.0,Property Damage,0,0,,,,,0.0,0.0,0.0,0.0,Unknown,Clear,Parked Motor Vehicle,35.95069,-86.81778,False,Crashes_MPO_2020
102792296,2020-09-23,2020,Williamson,,1.0,Property Damage,0,0,,,,,0.0,0.0,0.0,0.0,Daylight,Cloudy,Motor Vehicle-In-Transport On Same Roadway,35.93446,-86.81991,False,Crashes_MPO_2020
102792324,2020-09-23,2020,Williamson,,1.0,Possible Injury,0,0,,,,,0.0,0.0,0.0,0.0,Daylight,,Motor Vehicle-In-Transport On Same Roadway,35.99783,-86.80997,True,Crashes_MPO_2020
102792427,2020-09-23,2020,Williamson,,1.0,Suspected Minor Injury,0,0,,,,,0.0,0.0,0.0,0.0,Daylight,,Motor Vehicle-In-Transport On Same Roadway,36.00277,-86.80737,True,Crashes_MPO_2020
102792476,2020-09-23,2020,Davidson,,1.0,Property Damage,0,0,,,,,0.0,0.0,0.0,0.0,Dark-Unknown Lighting,Rain,Parked Motor Vehicle,36.02407,-86.72346,False,Crashes_MPO_2020
102792488,2020-09-23,2020,Davidson,,1.0,Suspected Minor Injury,0,0,,,,,0.0,0.0,0.0,0.0,Daylight,,Motor Vehicle-In-Transport On Same Roadway,36.04768,-86.71354,False,Crashes_MPO_2020
102792567,2020-09-23,2020,Williamson,,1.0,Property Damage Under,0,0,,,,,0.0,0.0,0.0,0.0,Unknown,Clear,Parked Motor Vehicle,35.92311,-86.87009,False,Crashes_MPO_2020
102792568,2020-09-23,2020,Williamson,,1.0,Property Damage,0,0,,,,,0.0,0.0,0.0,0.0,Dark-Lighted,Rain,Wall,35.94863,-86.80737,False,Crashes_MPO_2020
102792692,2020-09-24,2020,Williamson,,1.0,Suspected Minor Injury,0,0,,,,,0.0,0.0,0.0,0.0,Daylight,Rain,Guard Rail Face,36.01785,-86.74145,False,Crashes_MPO_2020
102792757,2020-09-20,2020,Williamson,,1.0,Property Damage Under,0,0,,,,,0.0,0.0,0.0,0.0,,,,36.02584,-86.80349,True,Crashes_MPO_2020
102792825,2020-09-23,2020,Williamson,,1.0,Suspected Minor Injury,0,0,,,,,0.0,0.0,0.0,0.0,Daylight,,Motor Vehicle-In-Transport On Same Roadway,35.93298,-86.78238,False,Crashes_MPO_2020
102792840,2020-09-24,2020,Davidson,,1.0,Property Damage,0,0,,,,,0.0,0.0,0.0,0.0,Daylight,Rain,Motor Vehicle-In-Transport On Same Roadway,36.03961,-86.76842,False,Crashes_MPO_2020
102792846,2020-09-24,2020,Williamson,,1.0,Property Damage Under,0,0,,,,,0.0,0.0,0.0,0.0,Daylight,Cloudy,Motor Vehicle-In-Transport On Same Roadway,35.92646,-86.82503,False,Crashes_MPO_2020
102792993,2020-09-24,2020,Williamson,,1.0,Property Damage Under,0,0,,,,,0.0,0.0,0.0,0.0,Daylight,Rain,Motor Vehicle-In-Transport On Same Roadway,35.93824,-86.87907,False,Crashes_MPO_2020
102793048,2020-09-24,2020,Williamson,,1.0,Property Damage,0,0,,,,,0.0,0.0,0.0,0.0,Daylight,,Motor Vehicle-In-Transport On Same Roadway,35.96591,-86.80381,True,Crashes_MPO_2020
102793049,2020-09-24,2020,Williamson,,1.0,Property Damage,0,0,,,,,0.0,0.0,0.0,0.0,Daylight,,Motor Vehicle-In-Transport On Same Roadway,35.9665,-86.80931,True,Crashes_MPO_2020
102793439,2020-09-23,2020,Williamson,,1.0,Possible Injury,0,0,,,,,0.0,0.0,0.0,0.0,Daylight,,Motor Vehicle-In-Transport On Same Roadway,35.99737,-86.79512,True,Crashes_MPO_2020
102793549,2020-09-25,2020,Williamson,,1.0,Suspected Minor Injury,0,0,,,,,0.0,0.0,0.0,0.0,Daylight,,Motor Vehicle-In-Transport On Same Roadway,35.96312,-86.81897,True,Crashes_MPO_2020
102793872,2020-09-25,2020,Davidson,,1.0,Suspected Serious Injury,0,0,,,,,0.0,1.0,0.0,0.0,Daylight,,Motor Vehicle-In-Transport On Same Roadway,36.04168,-86.74388,False,Crashes_MPO_2020
102793907,2020-09-25,2020,Williamson,,1.0,Property Damage,0,0,,,,,0.0,0.0,0.0,0.0,Daylight,Cloudy,Motor Vehicle-In-Transport On Same Roadway,35.92912,-86.83867,False,Crashes_MPO_2020
102793992,2020-09-25,2020,Davidson,,1.0,Property Damage,0,0,,,,,0.0,0.0,0.0,0.0,Daylight,,Motor Vehicle-In-Transport On Same Roadway,36.04627,-86.77733,False,Crashes_MPO_2020
102794005,2020-09-25,2020,Williamson,,1.0,Property Damage,0,0,,,,,0.0,0.0,0.0,0.0,Dark-Lighted,Clear,Motor Vehicle-In-Transport On Same Roadway,35.95181,-86.81813,False,Crashes_MPO_2020
102794021,2020-09-25,2020,Williamson,,1.0,Property Damage,0,0,,,,,0.0,0.0,0.0,0.0,Dark-Lighted,,Motor Vehicle-In-Transport On Same Roadway,36.03336,-86.78872,True,Crashes_MPO_2020
102794216,2020-09-25,2020,Williamson,,1.0,Property Damage,0,0,,,,,0.0,0.0,0.0,0.0,Dark-Lighted,Clear,Motor Vehicle-In-Transport On Same Roadway,35.94636,-86.80871,False,Crashes_MPO_2020
102794284,2020-09-25,2020,Williamson,,1.0,Property Damage Under,0,0,,,,,0.0,0.0,0.0,0.0,,,,35.99459,-86.76775,True,Crashes_MPO_2020
102794418,2020-09-26,2020,Williamson,,1.0,Suspected Minor Injury,0,1,,,,,0.0,0.0,0.0,1.0,Daylight,Clear,Pedal-Cycle,35.93494,-86.87818,False,Crashes_MPO_2020
102794425,2020-09-26,2020,Davidson,,1.0,Property Damage,0,0,,,,,0.0,0.0,0.0,0.0,Daylight,Cloudy,Motor Vehicle-In-Transport On Same Roadway,36.03935,-86.78198,False,Crashes_MPO_2020
102794701,2020-09-26,2020,Davidson,,1.0,Possible Injury,0,0,,,,,0.0,0.0,0.0,0.0,Dark-Lighted,Clear,Motor Vehicle-In-Transport On Same Roadway,36.05177,-86.71444,False,Crashes_MPO_2020
102794799,2020-09-27,2020,Williamson,,1.0,Property Damage,0,0,,,,,0.0,0.0,0.0,0.0,Dark-Lighted,Clear,Other Object,35.95275,-86.81463,False,Crashes_MPO_2020
102794830,2020-09-27,2020,Davidson,,1.0,Property Damage,0,0,,,,,0.0,0.0,0.0,0.0,Dark-Lighted,,Ditch,36.04124,-86.77721,False,Crashes_MPO_2020
102795214,2020-09-27,2020,Williamson,,1.0,Property Damage,0,0,,,,,0.0,0.0,0.0,0.0,Dark-Lighted,,Deer,35.99207,-86.70108,True,Crashes_MPO_2020
102795282,2020-09-27,2020,Davidson,,1.0,Property Damage,0,0,,,,,0.0,0.0,0.0,0.0,Dark-Not Lighted,,Other Animal,35.9978,-86.69119,False,Crashes_MPO_2020
102795398,2020-09-26,2020,Williamson,,1.0,Property Damage,0,0,,,,,0.0,0.0,0.0,0.0,Dark-Lighted,,Motor Vehicle-In-Transport On Same Roadway,35.94636,-86.80871,False,Crashes_MPO_2020
102795451,2020-09-27,2020,Williamson,,1.0,Property Damage,0,0,,,,,0.0,0.0,0.0,0.0,Dark-Lighted,,Utility Pole,35.96612,-86.80488,True,Crashes_MPO_2020
102795508,2020-09-27,2020,Williamson,,1.0,Property Damage,0,0,,,,,0.0,0.0,0.0,0.0,Daylight,,Motor Vehicle-In-Transport On Same Roadway,35.96688,-86.81117,True,Crashes_MPO_2020
102795544,2020-09-28,2020,Davidson,,1.0,Property Damage Under,0,0,,,,,0.0,0.0,0.0,0.0,,,,36.04705,-86.86174,False,Crashes_MPO_2020
102795623,2020-09-28,2020,Davidson,,1.0,Property Damage Under,0,0,,,,,0.0,0.0,0.0,0.0,Daylight,,Motor Vehicle-In-Transport On Same Roadway,36.04099,-86.74621,False,Crashes_MPO_2020
102795625,2020-09-28,2020,Williamson,,1.0,Property Damage,0,0,,,,,0.0,0.0,0.0,0.0,Daylight,,Motor Vehicle-In-Transport On Same Roadway,35.99753,-86.79643,True,Crashes_MPO_2020
102795681,2020-09-28,2020,Davidson,,1.0,Property Damage,0,0,,,,,0.0,0.0,0.0,0.0,Daylight,,Motor Vehicle-In-Transport On Same Roadway,36.04522,-86.71479,False,Crashes_MPO_2020
102804999,2020-10-10,2020,Davidson,,1.0,Property Damage,0,0,,,,,0.0,0.0,0.0,0.0,Daylight,,Motor Vehicle-In-Transport On Same Roadway,36.04529,-86.71726,False,Crashes_MPO_2020
102805062,2020-10-10,2020,Davidson,,1.0,Property Damage,0,0,,,,,0.0,0.0,0.0,0.0,Daylight,,Motor Vehicle-In-Transport On Same Roadway,36.04524,-86.71457,False,Crashes_MPO_2020
102805083,2020-10-09,2020,Williamson,,1.0,Property Damage,0,0,,,,,0.0,0.0,0.0,0.0,Dark-Not Lighted,Rain,Motor Vehicle-In-Transport On Same Roadway,35.94552,-86.8231,False,Crashes_MPO_2020
102805086,2020-10-10,2020,Williamson,,1.0,Property Damage,0,0,,,,,0.0,0.0,0.0,0.0,Dark-Lighted,,Motor Vehicle-In-Transport On Same Roadway,35.99641,-86.78779,True,Crashes_MPO_2020
102805091,2020-10-10,2020,Davidson,,1.0,Property Damage,0,0,,,,,0.0,0.0,0.0,0.0,Dark-Lighted,,Motor Vehicle-In-Transport On Same Roadway,35.99934,-86.68871,False,Crashes_MPO_2020
102805104,2020-10-10,2020,Williamson,,1.0,Suspected Minor Injury,0,0,,,,,0.0,0.0,0.0,0.0,Daylight,Rain,Motor Vehicle-In-Transport On Same Roadway,35.95078,-86.80647,False,Crashes_MPO_2020
102805169,2020-10-10,2020,Davidson,,1.0,Property Damage,0,0,,,,,0.0,0.0,0.0,0.0,Dark-Not Lighted,Rain,Fire Hydrant,36.05244,-86.68412,False,Crashes_MPO_2020
102805258,2020-10-11,2020,Davidson,,1.0,Property Damage,0,0,,,,,0.0,0.0,0.0,0.0,Dark-Lighted,Rain,Motor Vehicle-In-Transport On Same Roadway,36.05289,-86.68731,False,Crashes_MPO_2020
102805316,2020-10-11,2020,Davidson,,1.0,Property Damage,0,0,,,,,0.0,0.0,0.0,0.0,Dark-Lighted,Rain,Motor Vehicle-In-Transport On Same Roadway,36.04543,-86.70361,False,Crashes_MPO_2020
102805335,2020-10-10,2020,Davidson,,1.0,Property Damage,0,0,,,,,0.0,0.0,0.0,0.0,Dark-Lighted,,Motor Vehicle-In-Transport On Same Roadway,36.05426,-86.71521,False,Crashes_MPO_2020
102805350,2020-10-10,2020,Williamson,,1.0,Property Damage,0,0,,,,,0.0,0.0,0.0,0.0,Daylight,,Culvert,35.96883,-86.71315,True,Crashes_MPO_2020
102805455,2020-10-11,2020,Williamson,,1.0,Property Damage,0,0,,,,,0.0,0.0,0.0,0.0,Daylight,Rain,Motor Vehicle-In-Transport On Same Roadway,35.92999,-86.86435,False,Crashes_MPO_2020
102805483,2020-10-11,2020,Davidson,,1.0,Property Damage,0,0,,,,,0.0,0.0,0.0,0.0,Daylight,,Other Fixed Object,36.01566,-86.74062,False,Crashes_MPO_2020
102805627,2020-10-10,2020,Williamson,,1.0,Property Damage,0,0,,,,,0.0,0.0,0.0,0.0,Dark-Not Lighted,,Motor Vehicle-In-Transport On Same Roadway,36.03439,-86.78336,True,Crashes_MPO_2020
102805651,2020-10-11,2020,Williamson,,1.0,Possible Injury,0,0,,,,,0.0,0.0,0.0,0.0,Daylight,Cloudy,Motor Vehicle-In-Transport On Same Roadway,35.94705,-86.82184,False,Crashes_MPO_2020
102805919,2020-10-10,2020,Williamson,,1.0,Suspected Minor Injury,0,0,,,,,0.0,0.0,0.0,0.0,Dark-Lighted,,Motor Vehicle-In-Transport On Same Roadway,35.94055,-86.83919,False,Crashes_MPO_2020
102805986,2020-10-11,2020,Williamson,,1.0,Property Damage,0,0,,,,,0.0,0.0,0.0,0.0,Dark-Lighted,,Motor Vehicle-In-Transport On Same Roadway,36.00809,-86.7868,True,Crashes_MPO_2020
102806067,2020-10-12,2020,Davidson,,1.0,Property Damage Under,0,0,,,,,0.0,0.0,0.0,0.0,,,,36.03944,-86.81397,False,Crashes_MPO_2020
102806090,2020-10-12,2020,Williamson,,1.0,Possible Injury,0,0,,,,,0.0,0.0,0.0,0.0,Dawn,Cloudy,Culvert,35.92836,-86.76569,False,Crashes_MPO_2020
102806190,2020-10-12,2020,Davidson,,1.0,Property Damage,0,0,,,,,0.0,0.0,0.0,0.0,Daylight,,Motor Vehicle-In-Transport On Same Roadway,36.03747,-86.78607,False,Crashes_MPO_2020
102806222,2020-10-12,2020,Williamson,,1.0,Possible Injury,0,0,,,,,0.0,0.0,0.0,0.0,Daylight,,Motor Vehicle-In-Transport On Same Roadway,35.98666,-86.8005,True,Crashes_MPO_2020
102806245,2020-10-12,2020,Williamson,,1.0,Property Damage Under,0,0,,,,,0.0,0.0,0.0,0.0,Daylight,Clear,Other Post/Pole Support,35.92494,-86.79902,False,Crashes_MPO_2020
102806316,2020-10-12,2020,Davidson,,1.0,Suspected Minor Injury,0,0,,,,,0.0,0.0,0.0,0.0,Daylight,,Motor Vehicle-In-Transport On Same Roadway,36.04679,-86.71343,False,Crashes_MPO_2020
102806397,2020-10-12,2020,Williamson,,1.0,Property Damage,0,0,,,,,0.0,0.0,0.0,0.0,Daylight,,Motor Vehicle-In-Transport On Same Roadway,35.96652,-86.80988,True,Crashes_MPO_2020
102806477,2020-10-12,2020,Williamson,,1.0,Property Damage,0,0,,,,,0.0,0.0,0.0,0.0,Daylight,,Motor Vehicle-In-Transport On Same Roadway,36.03199,-86.81765,True,Crashes_MPO_2020
102806484,2020-10-12,2020,Davidson,,1.0,Property Damage,0,0,,,,,0.0,0.0,0.0,0.0,Dark-Lighted,,Motor Vehicle-In-Transport On Same Roadway,36.04374,-86.7814,False,Crashes_MPO_2020
102806499,2020-10-12,2020,Williamson,,1.0,Property Damage,0,0,,,,,0.0,0.0,0.0,0.0,Daylight,Clear,Motor Vehicle-In-Transport On Same Roadway,35.95013,-86.8191,False,Crashes_MPO_2020
102806560,2020-10-12,2020,Davidson,,1.0,Property Damage Under,0,0,,,,,0.0,0.0,0.0,0.0,Dark-Lighted,,Motor Vehicle-In-Transport On Same Roadway,36.04087,-86.74237,False,Crashes_MPO_2020
102806655,2020-10-09,2020,Williamson,,1.0,Suspected Minor Injury,0,0,,,,,0.0,0.0,0.0,0.0,Dark-Lighted,Rain,Motor Vehicle-In-Transport On Same Roadway,35.92957,-86.84213,False,Crashes_MPO_2020
102806670,2020-10-10,2020,Williamson,,1.0,Property Damage,0,0,,,,,0.0,0.0,0.0,0.0,Dark-Not Lighted,,Concrete Traffic Barrier,35.97817,-86.80344,True,Crashes_MPO_2020
102806715,2020-10-13,2020,Davidson,,1.0,Property Damage,0,0,,,,,0.0,0.0,0.0,0.0,Dark-Lighted,,Motor Vehicle-In-Transport On Same Roadway,36.04001,-86.74347,False,Crashes_MPO_2020
102800376,2020-10-04,2020,Williamson,,1.0,Property Damage,0,0,,,,,0.0,0.0,0.0,0.0,Dawn,,Mail Box,36.02156,-86.82045,True,Crashes_MPO_2020
102795748,2020-09-28,2020,Davidson,,1.0,Property Damage,0,0,,,,,0.0,0.0,0.0,0.0,Daylight,Rain,Motor Vehicle-In-Transport On Same Roadway,36.0526,-86.7147,False,Crashes_MPO_2020
102800416,2020-10-04,2020,Davidson,,1.0,Property Damage,0,0,,,,,0.0,0.0,0.0,0.0,Daylight,Clear,Fence,36.04845,-86.71639,False,Crashes_MPO_2020
102800636,2020-10-04,2020,Davidson,,1.0,Property Damage,0,0,,,,,0.0,0.0,0.0,0.0,Daylight,Clear,Motor Vehicle-In-Transport On Same Roadway,36.04586,-86.71332,False,Crashes_MPO_2020
102800695,2020-10-03,2020,Williamson,,1.0,Property Damage,0,0,,,,,0.0,0.0,0.0,0.0,Dark-Not Lighted,,Motor Vehicle-In-Transport On Same Roadway,35.98184,-86.80216,True,Crashes_MPO_2020
102800838,2020-10-04,2020,Williamson,,1.0,Property Damage,0,0,,,,,0.0,0.0,0.0,0.0,Dark-Not Lighted,,Mail Box,35.93052,-86.85297,False,Crashes_MPO_2020
102800839,2020-10-04,2020,Williamson,,1.0,Property Damage,0,0,,,,,0.0,0.0,0.0,0.0,Daylight,Clear,Motor Vehicle-In-Transport On Same Roadway,35.94616,-86.80856,False,Crashes_MPO_2020
102800997,2020-10-01,2020,Williamson,,1.0,Possible Injury,0,0,,,,,0.0,0.0,0.0,0.0,Daylight,,Motor Vehicle-In-Transport On Same Roadway,36.03614,-86.79515,True,Crashes_MPO_2020
102801057,2020-10-02,2020,Williamson,,1.0,Property Damage,0,0,,,,,0.0,0.0,0.0,0.0,Daylight,,Motor Vehicle-In-Transport On Same Roadway,36.03294,-86.78895,True,Crashes_MPO_2020
102801095,2020-10-05,2020,Davidson,,1.0,Property Damage,0,0,,,,,0.0,0.0,0.0,0.0,Daylight,,Motor Vehicle-In-Transport On Same Roadway,36.04704,-86.86169,False,Crashes_MPO_2020
102801133,2020-10-04,2020,Williamson,,1.0,Possible Injury,0,0,,,,,0.0,0.0,0.0,0.0,Dark-Lighted,,Motor Vehicle-In-Transport On Same Roadway,35.99551,-86.77887,True,Crashes_MPO_2020
102801255,2020-10-05,2020,Williamson,,1.0,Property Damage Under,0,0,,,,,0.0,0.0,0.0,0.0,Daylight,Clear,Motor Vehicle-In-Transport On Same Roadway,35.94753,-86.82007,False,Crashes_MPO_2020
102801351,2020-10-05,2020,Williamson,,1.0,Possible Injury,0,0,,,,,0.0,0.0,0.0,0.0,Daylight,Clear,Motor Vehicle-In-Transport On Same Roadway,35.92609,-86.87139,False,Crashes_MPO_2020
102801406,2020-10-05,2020,Williamson,,1.0,Suspected Minor Injury,0,0,,,,,0.0,0.0,0.0,0.0,Daylight,,Wall,36.00422,-86.75362,True,Crashes_MPO_2020
102801471,2020-10-05,2020,Davidson,,1.0,Possible Injury,0,0,,,,,0.0,0.0,0.0,0.0,Dusk,,Motor Vehicle-In-Transport On Same Roadway,36.04183,-86.71513,False,Crashes_MPO_2020
102801489,2020-10-05,2020,Davidson,,1.0,Suspected Minor Injury,0,0,,,,,0.0,0.0,0.0,0.0,Dark-Lighted,,Wall,36.05057,-86.70164,False,Crashes_MPO_2020
102801648,2020-10-04,2020,Williamson,,1.0,Suspected Serious Injury,0,0,,,,,0.0,1.0,0.0,0.0,Daylight,Clear,Motor Vehicle-In-Transport On Same Roadway,35.94786,-86.86362,False,Crashes_MPO_2020
102801653,2020-10-06,2020,Williamson,,1.0,Property Damage Under,0,0,,,,,0.0,0.0,0.0,0.0,,,,35.94575,-86.76696,True,Crashes_MPO_2020
102801799,2020-10-06,2020,Williamson,,1.0,Property Damage,0,0,,,,,0.0,0.0,0.0,0.0,Daylight,Clear,Motor Vehicle-In-Transport On Same Roadway,35.92399,-86.87369,False,Crashes_MPO_2020
102801807,2020-10-06,2020,Davidson,,1.0,Property Damage,0,0,,,,,0.0,0.0,0.0,0.0,Daylight,,Motor Vehicle-In-Transport On Same Roadway,36.03887,-86.78391,False,Crashes_MPO_2020
102802102,2020-10-06,2020,Williamson,,1.0,Property Damage,0,0,,,,,0.0,0.0,0.0,0.0,Daylight,,Motor Vehicle-In-Transport On Same Roadway,36.03336,-86.78872,True,Crashes_MPO_2020
102802387,2020-10-06,2020,Williamson,,1.0,Property Damage,0,0,,,,,0.0,0.0,0.0,0.0,Daylight,,Motor Vehicle-In-Transport On Same Roadway,36.03327,-86.7839,True,Crashes_MPO_2020
102802411,2020-10-07,2020,Williamson,,1.0,Property Damage,0,0,,,,,0.0,0.0,0.0,0.0,Daylight,,Deer,35.93788,-86.70761,False,Crashes_MPO_2020
102802429,2020-10-06,2020,Davidson,,1.0,Suspected Minor Injury,0,0,,,,,0.0,0.0,0.0,0.0,Daylight,,Motor Vehicle-In-Transport On Same Roadway,36.03319,-86.7876,True,Crashes_MPO_2020
102802523,2020-10-07,2020,Williamson,,1.0,Property Damage Under,0,0,,,,,0.0,0.0,0.0,0.0,Daylight,Clear,Motor Vehicle-In-Transport On Same Roadway,35.92611,-86.87322,False,Crashes_MPO_2020
102802550,2020-10-07,2020,Davidson,,1.0,Property Damage,0,0,,,,,0.0,0.0,0.0,0.0,Daylight,,Motor Vehicle-In-Transport On Same Roadway,36.03747,-86.79098,False,Crashes_MPO_2020
102802582,2020-10-06,2020,Williamson,,1.0,Property Damage,0,0,,,,,0.0,0.0,0.0,0.0,Daylight,,Motor Vehicle-In-Transport On Same Roadway,35.96579,-86.80327,True,Crashes_MPO_2020
102802648,2020-10-07,2020,Davidson,,1.0,Property Damage Under,0,0,,,,,0.0,0.0,0.0,0.0,Daylight,,Parked Motor Vehicle,36.04699,-86.71346,False,Crashes_MPO_2020
102802703,2020-10-07,2020,Williamson,,1.0,Property Damage Under,0,0,,,,,0.0,0.0,0.0,0.0,Daylight,Clear,Motor Vehicle-In-Transport On Same Roadway,35.93974,-86.83093,False,Crashes_MPO_2020
102802716,2020-09-23,2020,Williamson,,1.0,Property Damage,0,0,,,,,0.0,0.0,0.0,0.0,Daylight,,Motor Vehicle-In-Transport On Different Roadway,35.9691,-86.69066,False,Crashes_MPO_2020
102802788,2020-10-07,2020,Williamson,,1.0,Property Damage Under,0,0,,,,,0.0,0.0,0.0,0.0,Daylight,Clear,Motor Vehicle-In-Transport On Same Roadway,35.94836,-86.86376,False,Crashes_MPO_2020
102802807,2020-10-07,2020,Williamson,,1.0,Property Damage,0,0,,,,,0.0,0.0,0.0,0.0,Daylight,,Motor Vehicle-In-Transport On Same Roadway,35.99551,-86.77887,True,Crashes_MPO_2020
102802808,2020-10-07,2020,Williamson,,1.0,Property Damage,0,0,,,,,0.0,0.0,0.0,0.0,Daylight,,Motor Vehicle-In-Transport On Same Roadway,35.96705,-86.81355,True,Crashes_MPO_2020
102795895,2020-09-28,2020,Williamson,,1.0,Property Damage Under,0,0,,,,,0.0,0.0,0.0,0.0,Dusk,Clear,Motor Vehicle-In-Transport On Same Roadway,35.93931,-86.87937,False,Crashes_MPO_2020
102795953,2020-09-28,2020,Davidson,,1.0,Property Damage,0,0,,,,,0.0,0.0,0.0,0.0,Daylight,,Motor Vehicle-In-Transport On Same Roadway,36.05453,-86.72533,False,Crashes_MPO_2020
102796127,2020-09-28,2020,Williamson,,1.0,Property Damage,0,0,,,,,0.0,0.0,0.0,0.0,Dark-Lighted,Clear,Mail Box,35.93184,-86.84198,False,Crashes_MPO_2020
102796237,2020-09-29,2020,Davidson,,1.0,Property Damage,0,0,,,,,0.0,0.0,0.0,0.0,Daylight,,Motor Vehicle-In-Transport On Same Roadway,36.0397,-86.75935,False,Crashes_MPO_2020