mstrrecnbr,collision_ts,year,county,countystat,crash,crash_type,fatalities,non_motorists,commercial,fatal_c,nonmotor_c,truck_c,fatalc,serious_injuries,ped,bike,lighting,weather,first_harmful_event,latitude,longitude,in_city,src_layer
102812908,2020-10-21,2020,Davidson,,1.0,Property Damage Under,0,0,,,,,0.0,0.0,0.0,0.0,Daylight,,Motor Vehicle-In-Transport On Same Roadway,36.03912,-86.74342,False,Crashes_MPO_2020
102812999,2020-10-21,2020,Williamson,,1.0,Property Damage Under,0,0,,,,,0.0,0.0,0.0,0.0,Daylight,Clear,Motor Vehicle-In-Transport On Same Roadway,35.94598,-86.84923,False,Crashes_MPO_2020
102813124,2020-10-20,2020,Williamson,,1.0,Property Damage,0,0,,,,,0.0,0.0,0.0,0.0,Daylight,,Motor Vehicle-In-Transport On Same Roadway,35.96943,-86.8032,True,Crashes_MPO_2020
102813148,2020-10-20,2020,Williamson,,1.0,Property Damage,0,0,,,,,0.0,0.0,0.0,0.0,Daylight,Clear,Motor Vehicle-In-Transport On Same Roadway,35.92957,-86.8424,False,Crashes_MPO_2020
102813152,2020-10-21,2020,Davidson,,1.0,Property Damage,0,0,,,,,0.0,0.0,0.0,0.0,Dark-Not Lighted,,Motor Vehicle-In-Transport On Same Roadway,36.04231,-86.72652,False,Crashes_MPO_2020
102813183,2020-10-21,2020,Davidson,,1.0,Property Damage,0,0,,,,,0.0,0.0,0.0,0.0,Dark-Lighted,,Shrubbery,35.99687,-86.68989,False,Crashes_MPO_2020
102813193,2020-10-17,2020,Williamson,,1.0,Property Damage,0,0,,,,,0.0,0.0,0.0,0.0,Dark-Lighted,,Wall,36.01689,-86.78609,True,Crashes_MPO_2020
102808955,2020-10-16,2020,Williamson,,1.0,Property Damage,0,0,,,,,0.0,0.0,0.0,0.0,Dark-Lighted,,Motor Vehicle-In-Transport On Same Roadway,36.03336,-86.78872,True,Crashes_MPO_2020
102809051,2020-10-16,2020,Williamson,,1.0,Property Damage,0,0,,,,,0.0,0.0,0.0,0.0,Daylight,,Motor Vehicle-In-Transport On Same Roadway,36.03473,-86.78793,True,Crashes_MPO_2020
102809080,2020-10-16,2020,Williamson,,1.0,Property Damage,0,0,,,,,0.0,0.0,0.0,0.0,Dark-Not Lighted,Clear,Ditch,35.93223,-86.71425,False,Crashes_MPO_2020
102809159,2020-10-16,2020,Davidson,,1.0,Property Damage,0,0,,,,,0.0,0.0,0.0,0.0,Daylight,,Motor Vehicle-In-Transport On Same Roadway,36.04209,-86.78231,False,Crashes_MPO_2020
102809197,2020-10-16,2020,Davidson,,1.0,Property Damage,0,0,,,,,0.0,0.0,0.0,0.0,Daylight,,Building,36.03958,-86.74344,False,Crashes_MPO_2020
102809399,2020-10-10,2020,Williamson,,1.0,Fatal,1,0,,,,,1.0,0.0,0.0,0.0,Dusk,,Motor Vehicle-In-Transport On Same Roadway,35.95032,-86.76407,True,Crashes_MPO_2020
102809707,2020-10-16,2020,Williamson,,1.0,Property Damage,0,0,,,,,0.0,0.0,0.0,0.0,Dark-Not Lighted,,Highway Traffic Sign Post,35.97466,-86.83599,False,Crashes_MPO_2020
102809889,2020-10-17,2020,Davidson,,1.0,Property Damage,0,0,,,,,0.0,0.0,0.0,0.0,Dark-Not Lighted,,Guard Rail Face,36.05002,-86.69214,False,Crashes_MPO_2020
102809907,2020-10-17,2020,Davidson,,1.0,Property Damage Under,0,0,,,,,0.0,0.0,0.0,0.0,Daylight,,Motor Vehicle-In-Transport On Same Roadway,36.0473,-86.86274,False,Crashes_MPO_2020
102810026,2020-10-17,2020,Williamson,,1.0,Property Damage,0,0,,,,,0.0,0.0,0.0,0.0,Daylight,,Deer,35.99453,-86.79803,True,Crashes_MPO_2020
102810027,2020-10-17,2020,Williamson,,1.0,Suspected Minor Injury,0,0,,,,,0.0,0.0,0.0,0.0,Daylight,,Motor Vehicle-In-Transport On Same Roadway,35.97076,-86.80601,True,Crashes_MPO_2020
102810029,2020-10-17,2020,Davidson,,1.0,Property Damage Under,0,0,,,,,0.0,0.0,0.0,0.0,,,,36.04091,-86.77938,False,Crashes_MPO_2020
102810153,2020-10-17,2020,Davidson,,1.0,Property Damage,0,0,,,,,0.0,0.0,0.0,0.0,Dark-Not Lighted,,Other Object,36.03361,-86.71116,False,Crashes_MPO_2020
102810207,2020-10-17,2020,Williamson,,1.0,Property Damage,0,0,,,,,0.0,0.0,0.0,0.0,Dusk,Clear,Motor Vehicle-In-Transport On Same Roadway,35.9516,-86.818,False,Crashes_MPO_2020
102810416,2020-10-18,2020,Davidson,,1.0,Property Damage,0,0,,,,,0.0,0.0,0.0,0.0,Dark-Lighted,Cloudy,Mail Box,36.05482,-86.69484,False,Crashes_MPO_2020
102810734,2020-10-18,2020,Davidson,,1.0,Property Damage,0,0,,,,,0.0,0.0,0.0,0.0,Daylight,,Motor Vehicle-In-Transport On Same Roadway,36.04245,-86.71294,False,Crashes_MPO_2020
102810848,2020-10-18,2020,Davidson,,1.0,Property Damage Under,0,0,,,,,0.0,0.0,0.0,0.0,Dark-Not Lighted,,Guard Rail Face,36.05171,-86.7756,False,Crashes_MPO_2020
102810853,2020-10-18,2020,Davidson,,1.0,Possible Injury,0,0,,,,,0.0,0.0,0.0,0.0,Daylight,,Motor Vehicle-In-Transport On Same Roadway,36.05113,-86.71425,False,Crashes_MPO_2020
102810952,2020-10-18,2020,Davidson,,1.0,Property Damage,0,0,,,,,0.0,0.0,0.0,0.0,Dark-Lighted,,Mail Box,36.05357,-86.7186,False,Crashes_MPO_2020
102806895,2020-10-13,2020,Williamson,,1.0,Property Damage,0,0,,,,,0.0,0.0,0.0,0.0,Daylight,Clear,Motor Vehicle-In-Transport On Same Roadway,35.94114,-86.83623,False,Crashes_MPO_2020
102815074,2020-10-24,2020,Williamson,,1.0,Property Damage,0,0,,,,,0.0,0.0,0.0,0.0,Dark-Lighted,,Motor Vehicle-In-Transport On Same Roadway,35.9667,-86.81121,True,Crashes_MPO_2020
102815200,2020-10-24,2020,Williamson,,1.0,Possible Injury,0,0,,,,,0.0,0.0,0.0,0.0,Daylight,Cloudy,Motor Vehicle-In-Transport On Same Roadway,35.96638,-86.81131,False,Crashes_MPO_2020
102815210,2020-10-24,2020,Davidson,,1.0,Possible Injury,0,0,,,,,0.0,0.0,0.0,0.0,Dark-Lighted,,Motor Vehicle-In-Transport On Same Roadway,36.04527,-86.71427,False,Crashes_MPO_2020
102815265,2020-10-24,2020,Williamson,,1.0,Suspected Serious Injury,0,0,,,,,0.0,1.0,0.0,0.0,Dark-Lighted,Cloudy,Motor Vehicle-In-Transport On Same Roadway,35.94699,-86.81153,False,Crashes_MPO_2020
102815325,2020-10-25,2020,Davidson,,1.0,Property Damage,0,0,,,,,0.0,0.0,0.0,0.0,Dark-Lighted,Clear,Deer,36.04104,-86.81985,False,Crashes_MPO_2020
102815689,2020-10-25,2020,Davidson,,1.0,Property Damage Under,0,0,,,,,0.0,0.0,0.0,0.0,Daylight,,Parked Motor Vehicle,36.04126,-86.76859,False,Crashes_MPO_2020
102815892,2020-10-25,2020,Williamson,,1.0,Property Damage,0,0,,,,,0.0,0.0,0.0,0.0,Daylight,,Motor Vehicle-In-Transport On Same Roadway,35.96198,-86.81518,False,Crashes_MPO_2020
102815893,2020-10-25,2020,Williamson,,1.0,Property Damage,0,0,,,,,0.0,0.0,0.0,0.0,Dark-Lighted,,Motor Vehicle-In-Transport On Different Roadway,35.94616,-86.80856,False,Crashes_MPO_2020
102816002,2020-10-26,2020,Williamson,,1.0,Property Damage,0,0,,,,,0.0,0.0,0.0,0.0,Dark-Lighted,,Curb,35.95581,-86.81652,False,Crashes_MPO_2020
102816097,2020-10-20,2020,Williamson,,1.0,Suspected Minor Injury,0,0,,,,,0.0,0.0,0.0,0.0,Daylight,,Motor Vehicle-In-Transport On Same Roadway,35.99156,-86.79881,True,Crashes_MPO_2020
102816127,2020-10-26,2020,Williamson,,1.0,Property Damage,0,0,,,,,0.0,0.0,0.0,0.0,Dark-Not Lighted,,Ditch,35.99254,-86.82854,True,Crashes_MPO_2020
102816275,2020-10-23,2020,Williamson,,1.0,Property Damage,0,0,,,,,0.0,0.0,0.0,0.0,Daylight,,Motor Vehicle-In-Transport On Same Roadway,35.96589,-86.80314,True,Crashes_MPO_2020
102816436,2020-10-26,2020,Williamson,,1.0,Property Damage,0,0,,,,,0.0,0.0,0.0,0.0,Dusk,,Standing Tree,35.95486,-86.73871,True,Crashes_MPO_2020
102816485,2020-10-26,2020,Davidson,,1.0,Property Damage,0,0,,,,,0.0,0.0,0.0,0.0,Daylight,,Motor Vehicle-In-Transport On Same Roadway,36.04542,-86.71269,False,Crashes_MPO_2020
102816549,2020-10-26,2020,Davidson,,1.0,Suspected Minor Injury,0,0,,,,,0.0,0.0,0.0,0.0,Dark-Lighted,Clear,Motor Vehicle-In-Transport On Same Roadway,36.03996,-86.7421,False,Crashes_MPO_2020
102816852,2020-10-27,2020,Williamson,,1.0,Property Damage,0,0,,,,,0.0,0.0,0.0,0.0,Daylight,,Motor Vehicle-In-Transport On Same Roadway,36.03522,-86.78691,True,Crashes_MPO_2020
102816858,2020-10-26,2020,Williamson,,1.0,Property Damage Under,0,0,,,,,0.0,0.0,0.0,0.0,Daylight,Clear,Motor Vehicle-In-Transport On Same Roadway,35.92577,-86.82457,False,Crashes_MPO_2020
102816878,2020-10-27,2020,Davidson,,1.0,Property Damage,0,0,,,,,0.0,0.0,0.0,0.0,Daylight,,Motor Vehicle-In-Transport On Same Roadway,36.04682,-86.71344,False,Crashes_MPO_2020
102816893,2020-10-27,2020,Davidson,,1.0,Property Damage,0,0,,,,,0.0,0.0,0.0,0.0,Daylight,,Deer,36.03779,-86.79554,False,Crashes_MPO_2020
102817011,2020-10-27,2020,Williamson,,1.0,Property Damage,0,0,,,,,0.0,0.0,0.0,0.0,Dark-Lighted,Clear,Motor Vehicle-In-Transport On Same Roadway,35.95582,-86.83107,False,Crashes_MPO_2020
102817148,2020-10-27,2020,Williamson,,1.0,Suspected Minor Injury,0,0,,,,,0.0,0.0,0.0,0.0,Daylight,,Motor Vehicle-In-Transport On Same Roadway,35.94005,-86.83114,False,Crashes_MPO_2020
102806956,2020-10-13,2020,Williamson,,1.0,Property Damage,0,0,,,,,0.0,0.0,0.0,0.0,Daylight,,Motor Vehicle-In-Transport On Same Roadway,36.03614,-86.79515,True,Crashes_MPO_2020
102807139,2020-10-13,2020,Williamson,,1.0,Property Damage,0,0,,,,,0.0,0.0,0.0,0.0,Daylight,,Motor Vehicle-In-Transport On Same Roadway,35.96705,-86.81355,True,Crashes_MPO_2020
102807156,2020-10-13,2020,Williamson,,1.0,Suspected Minor Injury,0,0,,,,,0.0,0.0,0.0,0.0,Daylight,Clear,Motor Vehicle-In-Transport On Same Roadway,35.95577,-86.83065,False,Crashes_MPO_2020
102807157,2020-10-13,2020,Williamson,,1.0,Property Damage,0,0,,,,,0.0,0.0,0.0,0.0,Dusk,Clear,Motor Vehicle-In-Transport On Same Roadway,35.92957,-86.84213,False,Crashes_MPO_2020
102807182,2020-10-13,2020,Williamson,,1.0,Suspected Minor Injury,0,0,,,,,0.0,0.0,0.0,0.0,Daylight,,"Over Turn, Roll Over",35.99311,-86.81313,True,Crashes_MPO_2020
102807215,2020-10-13,2020,Williamson,,1.0,Property Damage,0,0,,,,,0.0,0.0,0.0,0.0,Dusk,Clear,Motor Vehicle-In-Transport On Same Roadway,35.95051,-86.76622,True,Crashes_MPO_2020
102807280,2020-10-13,2020,Davidson,,1.0,Suspected Serious Injury,0,1,,,,,0.0,1.0,1.0,0.0,Dark-Lighted,,Pedestrian,36.04552,-86.7117,False,Crashes_MPO_2020
102807282,2020-10-13,2020,Davidson,,1.0,Suspected Minor Injury,0,0,,,,,0.0,0.0,0.0,0.0,Dark-Lighted,,Motor Vehicle-In-Transport On Same Roadway,36.04356,-86.74413,False,Crashes_MPO_2020
102807297,2020-10-13,2020,Williamson,,1.0,Property Damage,0,0,,,,,0.0,0.0,0.0,0.0,Dark-Lighted,Clear,Other Object,36.02881,-86.87653,False,Crashes_MPO_2020
102807320,2020-10-12,2020,Williamson,,1.0,Property Damage,0,0,,,,,0.0,0.0,0.0,0.0,Dark-Not Lighted,Clear,Motor Vehicle-In-Transport On Different Roadway,35.98156,-86.84484,False,Crashes_MPO_2020
102807372,2020-09-25,2020,Williamson,,1.0,Suspected Serious Injury,0,0,,,,,0.0,1.0,0.0,0.0,Dark-Not Lighted,,Embankment Earth,35.98165,-86.84585,False,Crashes_MPO_2020
102807691,2020-10-14,2020,Davidson,,1.0,Property Damage,0,0,,,,,0.0,0.0,0.0,0.0,Daylight,,Motor Vehicle-In-Transport On Same Roadway,36.05375,-86.71423,False,Crashes_MPO_2020
102807786,2020-10-14,2020,Williamson,,1.0,Property Damage,0,0,,,,,0.0,0.0,0.0,0.0,Daylight,,Motor Vehicle-In-Transport On Same Roadway,36.02873,-86.79244,True,Crashes_MPO_2020
102807808,2020-10-13,2020,Williamson,,1.0,Property Damage,0,0,,,,,0.0,0.0,0.0,0.0,Dark-Lighted,,Motor Vehicle-In-Transport On Same Roadway,35.97874,-86.75297,True,Crashes_MPO_2020
102807856,2020-10-14,2020,Williamson,,1.0,Property Damage,0,0,,,,,0.0,0.0,0.0,0.0,Daylight,,Motor Vehicle-In-Transport On Same Roadway,36.02202,-86.74264,False,Crashes_MPO_2020
102807859,2020-10-13,2020,Williamson,,1.0,Property Damage,0,0,,,,,0.0,0.0,0.0,0.0,Daylight,Clear,Motor Vehicle-In-Transport On Same Roadway,35.96454,-86.81434,False,Crashes_MPO_2020
102807907,2020-10-14,2020,Davidson,,1.0,Property Damage,0,0,,,,,0.0,0.0,0.0,0.0,Daylight,,Motor Vehicle-In-Transport On Same Roadway,36.04368,-86.71307,False,Crashes_MPO_2020
102807940,2020-10-14,2020,Williamson,,1.0,Property Damage,0,0,,,,,0.0,0.0,0.0,0.0,Dark-Lighted,,Motor Vehicle-In-Transport On Same Roadway,35.93981,-86.82152,False,Crashes_MPO_2020
102808234,2020-10-15,2020,Davidson,,1.0,Property Damage,0,0,,,,,0.0,0.0,0.0,0.0,Dark-Not Lighted,,Parked Motor Vehicle,36.04719,-86.69622,False,Crashes_MPO_2020
102808245,2020-10-15,2020,Davidson,,1.0,Property Damage,0,0,,,,,0.0,0.0,0.0,0.0,Daylight,,Motor Vehicle-In-Transport On Same Roadway,36.04162,-86.7476,False,Crashes_MPO_2020
102808280,2020-10-15,2020,Williamson,,1.0,Possible Injury,0,0,,,,,0.0,0.0,0.0,0.0,Daylight,,Motor Vehicle-In-Transport On Same Roadway,35.99403,-86.76269,True,Crashes_MPO_2020
102808310,2020-10-13,2020,Davidson,,1.0,Property Damage,0,1,,,,,0.0,0.0,0.0,0.0,Daylight,,Motor Vehicle-In-Transport On Same Roadway,36.04194,-86.74941,False,Crashes_MPO_2020
102808412,2020-10-15,2020,Williamson,,1.0,Property Damage,0,0,,,,,0.0,0.0,0.0,0.0,Daylight,,Motor Vehicle-In-Transport On Same Roadway,35.99478,-86.79794,True,Crashes_MPO_2020
102808494,2020-10-15,2020,Davidson,,1.0,Property Damage,0,0,,,,,0.0,0.0,0.0,0.0,Daylight,,Motor Vehicle-In-Transport On Same Roadway,36.04331,-86.68922,False,Crashes_MPO_2020
102808568,2020-10-15,2020,Williamson,,1.0,Property Damage,0,0,,,,,0.0,0.0,0.0,0.0,Daylight,,Motor Vehicle-In-Transport On Same Roadway,35.94686,-86.81163,False,Crashes_MPO_2020
102808571,2020-10-14,2020,Williamson,,1.0,Property Damage,0,0,,,,,0.0,0.0,0.0,0.0,Daylight,,Motor Vehicle-In-Transport On Same Roadway,35.92999,-86.86435,False,Crashes_MPO_2020
102808644,2020-10-15,2020,Williamson,,1.0,Property Damage,0,0,,,,,0.0,0.0,0.0,0.0,Dusk,,Motor Vehicle-In-Transport On Same Roadway,35.98973,-86.74298,True,Crashes_MPO_2020
102808648,2020-10-15,2020,Williamson,,1.0,Property Damage,0,0,,,,,0.0,0.0,0.0,0.0,Daylight,Cloudy,Motor Vehicle-In-Transport On Same Roadway,35.94687,-86.85168,False,Crashes_MPO_2020
102808739,2020-10-15,2020,Davidson,,1.0,Property Damage,0,0,,,,,0.0,0.0,0.0,0.0,Dark-Lighted,,Motor Vehicle-In-Transport On Same Roadway,36.0525,-86.71467,False,Crashes_MPO_2020
102808758,2020-10-15,2020,Davidson,,1.0,Possible Injury,0,0,,,,,0.0,0.0,0.0,0.0,Dark-Lighted,,Motor Vehicle-In-Transport On Same Roadway,36.03999,-86.74316,False,Crashes_MPO_2020
102808759,2020-10-15,2020,Davidson,,1.0,Property Damage,0,0,,,,,0.0,0.0,0.0,0.0,Daylight,Cloudy,Motor Vehicle-In-Transport On Same Roadway,36.0524,-86.71471,False,Crashes_MPO_2020
102808761,2020-10-15,2020,Williamson,,1.0,Property Damage,0,0,,,,,0.0,0.0,0.0,0.0,Daylight,,Motor Vehicle-In-Transport On Same Roadway,35.98439,-86.72434,True,Crashes_MPO_2020
102808790,2020-10-15,2020,Davidson,,1.0,Property Damage,0,0,,,,,0.0,0.0,0.0,0.0,Daylight,Cloudy,Motor Vehicle-In-Transport On Same Roadway,35.99754,-86.69086,False,Crashes_MPO_2020
102818909,2020-10-29,2020,Williamson,,1.0,Property Damage,0,0,,,,,0.0,0.0,0.0,0.0,Dark-Lighted,,Unknown,35.96184,-86.81508,False,Crashes_MPO_2020
102819163,2020-10-30,2020,Davidson,,1.0,Property Damage,0,0,,,,,0.0,0.0,0.0,0.0,Daylight,,Motor Vehicle-In-Transport On Same Roadway,36.03999,-86.78129,False,Crashes_MPO_2020
102819210,2020-10-28,2020,Davidson,,1.0,Suspected Minor Injury,0,0,,,,,0.0,0.0,0.0,0.0,Daylight,,Motor Vehicle-In-Transport On Same Roadway,36.0374,-86.78657,False,Crashes_MPO_2020
102819211,2020-10-28,2020,Davidson,,1.0,Property Damage,0,0,,,,,0.0,0.0,0.0,0.0,Daylight,,Motor Vehicle-In-Transport On Same Roadway,36.04546,-86.72312,False,Crashes_MPO_2020
102819470,2020-10-30,2020,Williamson,,1.0,Property Damage,0,0,,,,,0.0,0.0,0.0,0.0,Dusk,,Deer,35.98282,-86.71893,True,Crashes_MPO_2020
102819508,2020-10-30,2020,Williamson,,1.0,Possible Injury,0,0,,,,,0.0,0.0,0.0,0.0,Dusk,,Motor Vehicle-In-Transport On Same Roadway,35.92957,-86.84187,False,Crashes_MPO_2020
102819549,2020-10-30,2020,Williamson,,1.0,Property Damage,0,0,,,,,0.0,0.0,0.0,0.0,Daylight,Clear,Motor Vehicle-In-Transport On Same Roadway,35.94618,-86.83082,False,Crashes_MPO_2020
102819598,2020-10-30,2020,Davidson,,1.0,Property Damage Under,0,0,,,,,0.0,0.0,0.0,0.0,,,,35.99595,-86.69083,False,Crashes_MPO_2020
102819692,2020-10-30,2020,Davidson,,1.0,Suspected Minor Injury,0,0,,,,,0.0,0.0,0.0,0.0,Dark-Lighted,,Motor Vehicle-In-Transport On Same Roadway,36.04836,-86.74363,False,Crashes_MPO_2020
102819719,2020-10-30,2020,Williamson,,1.0,Property Damage,0,0,,,,,0.0,0.0,0.0,0.0,Daylight,Clear,Motor Vehicle-In-Transport On Same Roadway,35.94703,-86.82133,False,Crashes_MPO_2020
102819737,2020-10-30,2020,Davidson,,1.0,Property Damage,0,0,,,,,0.0,0.0,0.0,0.0,Dark-Lighted,,Motor Vehicle-In-Transport On Same Roadway,36.02547,-86.71305,False,Crashes_MPO_2020
102819983,2020-10-31,2020,Williamson,,1.0,Property Damage,0,0,,,,,0.0,0.0,0.0,0.0,Dark-Not Lighted,,Deer,35.94616,-86.87146,False,Crashes_MPO_2020
102819986,2020-10-24,2020,Williamson,,1.0,Property Damage,0,0,,,,,0.0,0.0,0.0,0.0,Daylight,,Motor Vehicle-In-Transport On Same Roadway,35.95689,-86.80329,False,Crashes_MPO_2020
102820090,2020-10-31,2020,Davidson,,1.0,Property Damage,0,0,,,,,0.0,0.0,0.0,0.0,Daylight,,Fire Hydrant,36.04558,-86.71108,False,Crashes_MPO_2020
102820102,2020-10-30,2020,Williamson,,1.0,Property Damage Under,0,0,,,,,0.0,0.0,0.0,0.0,,,,35.96685,-86.808999,True,Crashes_MPO_2020
102820122,2020-10-31,2020,Williamson,,1.0,Property Damage,0,0,,,,,0.0,0.0,0.0,0.0,Dark-Lighted,,Curb,35.98747,-86.71407,True,Crashes_MPO_2020
102820148,2020-10-31,2020,Davidson,,1.0,Property Damage Under,0,0,,,,,0.0,0.0,0.0,0.0,Daylight,,Motor Vehicle-In-Transport On Same Roadway,36.03761,-86.78512,False,Crashes_MPO_2020
102820166,2020-10-27,2020,Williamson,,1.0,Property Damage,0,0,,,,,0.0,0.0,0.0,0.0,Dark-Not Lighted,,Motor Vehicle-In-Transport On Same Roadway,36.03398,-86.78317,True,Crashes_MPO_2020
102820211,2020-10-30,2020,Williamson,,1.0,Suspected Serious Injury,0,0,,,,,0.0,1.0,0.0,0.0,Dark-Not Lighted,,Standing Tree,35.98472,-86.74048,True,Crashes_MPO_2020
102820215,2020-10-31,2020,Williamson,,1.0,Property Damage,0,0,,,,,0.0,0.0,0.0,0.0,Daylight,,Motor Vehicle-In-Transport On Same Roadway,35.92969,-86.82015,False,Crashes_MPO_2020
102820314,2020-10-31,2020,Williamson,,1.0,Property Damage,0,0,,,,,0.0,0.0,0.0,0.0,Daylight,,Motor Vehicle-In-Transport On Same Roadway,35.94687,-86.85168,False,Crashes_MPO_2020
102820329,2020-10-30,2020,Davidson,,1.0,Property Damage,0,0,,,,,0.0,0.0,0.0,0.0,Daylight,,Motor Vehicle-In-Transport On Same Roadway,36.03399,-86.78317,True,Crashes_MPO_2020
102820338,2020-10-31,2020,Williamson,,1.0,Property Damage,0,0,,,,,0.0,0.0,0.0,0.0,Daylight,Clear,Motor Vehicle-In-Transport On Same Roadway,35.94756,-86.82002,False,Crashes_MPO_2020
102820339,2020-10-31,2020,Williamson,,1.0,Property Damage,0,0,,,,,0.0,0.0,0.0,0.0,Daylight,Clear,Motor Vehicle-In-Transport On Same Roadway,35.96695,-86.81275,True,Crashes_MPO_2020
102820542,2020-10-31,2020,Davidson,,1.0,Property Damage Under,0,0,,,,,0.0,0.0,0.0,0.0,,,,35.99128,-86.68358,False,Crashes_MPO_2020
102820778,2020-10-31,2020,Williamson,,1.0,Property Damage,0,0,,,,,0.0,0.0,0.0,0.0,Dark-Not Lighted,,Deer,35.98399,-86.81916,True,Crashes_MPO_2020
102820992,2020-11-01,2020,Davidson,,1.0,Property Damage,0,0,,,,,0.0,0.0,0.0,0.0,Daylight,,Motor Vehicle-In-Transport On Same Roadway,36.04571,-86.7133,False,Crashes_MPO_2020
102820993,2020-11-01,2020,Davidson,,1.0,Property Damage,0,0,,,,,0.0,0.0,0.0,0.0,Daylight,,Motor Vehicle-In-Transport On Same Roadway,36.04144,-86.7266,False,Crashes_MPO_2020
102821003,2020-11-01,2020,Davidson,,1.0,Property Damage,0,0,,,,,0.0,0.0,0.0,0.0,Daylight,,Motor Vehicle-In-Transport On Same Roadway,36.04515,-86.71323,False,Crashes_MPO_2020
102817229,2020-10-27,2020,Davidson,,1.0,Suspected Serious Injury,0,0,,,,,0.0,1.0,0.0,0.0,Daylight,,Motor Vehicle-In-Transport On Same Roadway,36.04158,-86.74938,False,Crashes_MPO_2020
102823444,2020-11-04,2020,Williamson,,1.0,Property Damage Under,0,0,,,,,0.0,0.0,0.0,0.0,,,,35.99526,-86.77884,True,Crashes_MPO_2020
102823452,2020-11-04,2020,Williamson,,1.0,Property Damage,0,0,,,,,0.0,0.0,0.0,0.0,Daylight,Clear,Motor Vehicle-In-Transport On Same Roadway,35.92609,-86.87139,False,Crashes_MPO_2020
102823475,2020-11-04,2020,Williamson,,1.0,Property Damage,0,0,,,,,0.0,0.0,0.0,0.0,Daylight,,Motor Vehicle-In-Transport On Same Roadway,35.99511,-86.77453,True,Crashes_MPO_2020
102823516,2020-11-04,2020,Davidson,,1.0,Property Damage,0,0,,,,,0.0,0.0,0.0,0.0,Daylight,,Motor Vehicle-In-Transport On Same Roadway,36.04537,-86.71326,False,Crashes_MPO_2020
102823532,2020-11-04,2020,Williamson,,1.0,Property Damage,0,0,,,,,0.0,0.0,0.0,0.0,Daylight,Clear,Motor Vehicle-In-Transport On Same Roadway,35.9584,-86.80226,False,Crashes_MPO_2020
102823533,2020-11-04,2020,Williamson,,1.0,Property Damage,0,0,,,,,0.0,0.0,0.0,0.0,Daylight,Clear,Motor Vehicle-In-Transport On Same Roadway,35.94482,-86.82801,False,Crashes_MPO_2020
102823577,2020-11-04,2020,Williamson,,1.0,Property Damage Under,0,0,,,,,0.0,0.0,0.0,0.0,,,,35.95989,-86.73889,True,Crashes_MPO_2020
102823679,2020-11-04,2020,Davidson,,1.0,Possible Injury,0,0,,,,,0.0,0.0,0.0,0.0,Dark-Lighted,,Motor Vehicle-In-Transport On Same Roadway,36.04479,-86.72487,False,Crashes_MPO_2020