mstrrecnbr,collision_ts,year,county,countystat,crash,crash_type,fatalities,non_motorists,commercial,fatal_c,nonmotor_c,truck_c,fatalc,serious_injuries,ped,bike,lighting,weather,first_harmful_event,latitude,longitude,in_city,src_layer
102823855,2020-11-05,2020,Davidson,,1.0,Property Damage,0,0,,,,,0.0,0.0,0.0,0.0,Daylight,,Other Traffic Barrier,36.0288,-86.8765,False,Crashes_MPO_2020
102823892,2020-11-05,2020,Davidson,,1.0,Property Damage,0,0,,,,,0.0,0.0,0.0,0.0,Daylight,,Motor Vehicle-In-Transport On Same Roadway,36.04646,-86.71339,False,Crashes_MPO_2020
102824085,2020-11-05,2020,Williamson,,1.0,Property Damage,0,0,,,,,0.0,0.0,0.0,0.0,Daylight,,Motor Vehicle-In-Transport On Same Roadway,36.01804,-86.78667,True,Crashes_MPO_2020
102824150,2020-11-05,2020,Davidson,,1.0,Suspected Minor Injury,0,0,,,,,0.0,0.0,0.0,0.0,Daylight,,Motor Vehicle-In-Transport On Same Roadway,36.04693,-86.71345,False,Crashes_MPO_2020
102824219,2020-11-05,2020,Davidson,,1.0,Property Damage,0,0,,,,,0.0,0.0,0.0,0.0,Daylight,,Motor Vehicle-In-Transport On Same Roadway,36.03748,-86.78599,False,Crashes_MPO_2020
102824244,2020-11-05,2020,Williamson,,1.0,Property Damage,0,0,,,,,0.0,0.0,0.0,0.0,Daylight,,Motor Vehicle-In-Transport On Same Roadway,35.9264,-86.8244,False,Crashes_MPO_2020
102824277,2020-11-04,2020,Williamson,,1.0,Property Damage,0,0,,,,,0.0,0.0,0.0,0.0,Dark-Lighted,,Motor Vehicle-In-Transport On Same Roadway,35.997783,-86.794899,True,Crashes_MPO_2020
102824301,2020-11-05,2020,Williamson,,1.0,Property Damage,0,0,,,,,0.0,0.0,0.0,0.0,Daylight,Cloudy,Motor Vehicle-In-Transport On Same Roadway,35.92255,-86.87205,False,Crashes_MPO_2020
102824302,2020-11-05,2020,Davidson,,1.0,Property Damage,0,0,,,,,0.0,0.0,0.0,0.0,Dark-Lighted,Clear,Motor Vehicle-In-Transport On Same Roadway,36.04531,-86.68561,False,Crashes_MPO_2020
102824311,2020-11-05,2020,Williamson,,1.0,Property Damage,0,0,,,,,0.0,0.0,0.0,0.0,Daylight,,Motor Vehicle-In-Transport On Same Roadway,35.966678,-86.809148,True,Crashes_MPO_2020
102824379,2020-11-05,2020,Davidson,,1.0,Property Damage,0,0,,,,,0.0,0.0,0.0,0.0,Daylight,,Motor Vehicle-In-Transport On Same Roadway,36.04059,-86.77107,False,Crashes_MPO_2020
102824424,2020-11-05,2020,Davidson,,1.0,Possible Injury,0,0,,,,,0.0,0.0,0.0,0.0,Dark-Lighted,,Motor Vehicle-In-Transport On Same Roadway,36.04551,-86.71175,False,Crashes_MPO_2020
102824647,2020-11-05,2020,Williamson,,1.0,Property Damage,0,0,,,,,0.0,0.0,0.0,0.0,Daylight,,Motor Vehicle-In-Transport On Same Roadway,35.96676,-86.81167,True,Crashes_MPO_2020
102824901,2020-11-06,2020,Davidson,,1.0,Property Damage,0,0,,,,,0.0,0.0,0.0,0.0,Daylight,,Motor Vehicle-In-Transport On Same Roadway,36.04806,-86.71358,False,Crashes_MPO_2020
102824962,2020-10-25,2020,Davidson,,1.0,Property Damage,0,0,,,,,0.0,0.0,0.0,0.0,Daylight,,Parked Motor Vehicle,36.04051,-86.77032,False,Crashes_MPO_2020
102824967,2020-11-06,2020,Williamson,,1.0,Property Damage,0,0,,,,,0.0,0.0,0.0,0.0,Daylight,,Motor Vehicle-In-Transport On Same Roadway,35.96705,-86.81355,True,Crashes_MPO_2020
102824968,2020-11-06,2020,Williamson,,1.0,Property Damage Under,0,0,,,,,0.0,0.0,0.0,0.0,Daylight,Clear,Motor Vehicle-In-Transport On Same Roadway,35.93446,-86.81991,False,Crashes_MPO_2020
102824998,2020-11-06,2020,Williamson,,1.0,Property Damage Under,0,0,,,,,0.0,0.0,0.0,0.0,Daylight,Clear,Motor Vehicle-In-Transport On Same Roadway,35.92393,-86.86983,False,Crashes_MPO_2020
102825101,2020-11-06,2020,Williamson,,1.0,Property Damage,0,0,,,,,0.0,0.0,0.0,0.0,Daylight,Clear,Motor Vehicle-In-Transport On Same Roadway,35.94505,-86.82802,False,Crashes_MPO_2020
102825285,2020-11-06,2020,Williamson,,1.0,Property Damage,0,0,,,,,0.0,0.0,0.0,0.0,Dark-Not Lighted,,Deer,35.98038,-86.82252,True,Crashes_MPO_2020
102825355,2020-11-06,2020,Williamson,,1.0,Property Damage,0,0,,,,,0.0,0.0,0.0,0.0,Daylight,,Motor Vehicle-In-Transport On Same Roadway,36.03468,-86.78795,True,Crashes_MPO_2020
102817245,2020-10-27,2020,Davidson,,1.0,Property Damage,0,0,,,,,0.0,0.0,0.0,0.0,Daylight,Clear,Motor Vehicle-In-Transport On Same Roadway,36.0335,-86.71283,False,Crashes_MPO_2020
102817568,2020-10-28,2020,Davidson,,1.0,Suspected Minor Injury,0,0,,,,,0.0,0.0,0.0,0.0,Daylight,,Motor Vehicle-In-Transport On Same Roadway,36.04114,-86.77621,False,Crashes_MPO_2020
102817733,2020-10-27,2020,Williamson,,1.0,Property Damage,0,0,,,,,0.0,0.0,0.0,0.0,Daylight,,Motor Vehicle-In-Transport On Same Roadway,35.96742,-86.81346,True,Crashes_MPO_2020
102817812,2020-10-28,2020,Davidson,,1.0,Property Damage,0,0,,,,,0.0,0.0,0.0,0.0,Daylight,Rain,Motor Vehicle-In-Transport On Same Roadway,36.04393,-86.6933,False,Crashes_MPO_2020
102817901,2020-10-28,2020,Davidson,,1.0,Property Damage,0,0,,,,,0.0,0.0,0.0,0.0,Daylight,,Motor Vehicle-In-Transport On Same Roadway,36.01362,-86.73833,False,Crashes_MPO_2020
102817916,2020-10-28,2020,Williamson,,1.0,Property Damage,0,0,,,,,0.0,0.0,0.0,0.0,Dusk,,Motor Vehicle-In-Transport On Same Roadway,35.97923,-86.82305,True,Crashes_MPO_2020
102817985,2020-10-28,2020,Davidson,,1.0,Property Damage,0,0,,,,,0.0,0.0,0.0,0.0,Dark-Lighted,,Motor Vehicle-In-Transport On Same Roadway,36.0453,-86.71397,False,Crashes_MPO_2020
102818092,2020-10-28,2020,Davidson,,1.0,Property Damage,0,0,,,,,0.0,0.0,0.0,0.0,Dusk,,Motor Vehicle-In-Transport On Same Roadway,36.03076,-86.74721,False,Crashes_MPO_2020
102818160,2020-10-28,2020,Davidson,,1.0,Property Damage,0,0,,,,,0.0,0.0,0.0,0.0,Daylight,,Motor Vehicle-In-Transport On Same Roadway,36.03474,-86.78332,True,Crashes_MPO_2020
102818257,2020-10-29,2020,Williamson,,1.0,Property Damage,0,0,,,,,0.0,0.0,0.0,0.0,Daylight,Rain,Motor Vehicle-In-Transport On Same Roadway,35.93549,-86.82393,False,Crashes_MPO_2020
102818300,2020-10-29,2020,Williamson,,1.0,Property Damage,0,0,,,,,0.0,0.0,0.0,0.0,Dawn,,Motor Vehicle-In-Transport On Same Roadway,36.01459,-86.80988,True,Crashes_MPO_2020
102818537,2020-10-29,2020,Williamson,,1.0,Property Damage,0,0,,,,,0.0,0.0,0.0,0.0,Daylight,Cloudy,Motor Vehicle-In-Transport On Same Roadway,35.95212,-86.81784,False,Crashes_MPO_2020
102818614,2020-10-28,2020,Davidson,,1.0,Property Damage,0,0,,,,,0.0,0.0,0.0,0.0,Dark-Not Lighted,,Deer,36.02962,-86.78371,True,Crashes_MPO_2020
102818647,2020-10-29,2020,Davidson,,1.0,Property Damage,0,0,,,,,0.0,0.0,0.0,0.0,Daylight,,Motor Vehicle-In-Transport On Same Roadway,36.04521,-86.74394,False,Crashes_MPO_2020
102818687,2020-10-29,2020,Davidson,,1.0,Property Damage,0,0,,,,,0.0,0.0,0.0,0.0,Daylight,,Motor Vehicle-In-Transport On Same Roadway,36.0399,-86.74186,False,Crashes_MPO_2020
102818746,2020-10-29,2020,Davidson,,1.0,Suspected Minor Injury,0,0,,,,,0.0,0.0,0.0,0.0,Dark-Not Lighted,,Motor Vehicle-In-Transport On Same Roadway,36.03973,-86.7571,False,Crashes_MPO_2020
102818799,2020-10-29,2020,Davidson,,1.0,Property Damage,0,0,,,,,0.0,0.0,0.0,0.0,Dark-Lighted,,Motor Vehicle-In-Transport On Same Roadway,36.04064,-86.77986,False,Crashes_MPO_2020
102818829,2020-10-29,2020,Davidson,,1.0,Property Damage,0,0,,,,,0.0,0.0,0.0,0.0,Dark-Lighted,,Motor Vehicle-In-Transport On Same Roadway,36.04014,-86.74461,False,Crashes_MPO_2020
102818864,2020-10-29,2020,Williamson,,1.0,Property Damage,0,0,,,,,0.0,0.0,0.0,0.0,Dark-Lighted,Rain,Motor Vehicle-In-Transport On Same Roadway,35.92254,-86.87194,False,Crashes_MPO_2020
102825686,2020-11-07,2020,Davidson,,1.0,Property Damage,0,0,,,,,0.0,0.0,0.0,0.0,Dark-Lighted,,Motor Vehicle-In-Transport On Same Roadway,36.04245,-86.71294,False,Crashes_MPO_2020
102825743,2020-11-07,2020,Davidson,,1.0,Suspected Minor Injury,0,0,,,,,0.0,0.0,0.0,0.0,Dark-Lighted,,Motor Vehicle-In-Transport On Same Roadway,36.04537,-86.71326,False,Crashes_MPO_2020
102825750,2020-10-31,2020,Williamson,,1.0,Property Damage,0,0,,,,,0.0,0.0,0.0,0.0,Daylight,,Motor Vehicle-In-Transport On Same Roadway,35.95586,-86.81728,False,Crashes_MPO_2020
102826029,2020-11-07,2020,Williamson,,1.0,Property Damage,0,0,,,,,0.0,0.0,0.0,0.0,Daylight,Clear,Building,35.92335,-86.87121,False,Crashes_MPO_2020
102826116,2020-11-07,2020,Williamson,,1.0,Property Damage,0,0,,,,,0.0,0.0,0.0,0.0,Daylight,,Motor Vehicle-In-Transport On Same Roadway,36.03336,-86.78872,True,Crashes_MPO_2020
102826142,2020-11-07,2020,Davidson,,1.0,Property Damage Under,0,0,,,,,0.0,0.0,0.0,0.0,,,,35.99683,-86.68983,False,Crashes_MPO_2020
102826205,2020-10-31,2020,Williamson,,1.0,Property Damage,0,0,,,,,0.0,0.0,0.0,0.0,Dark-Not Lighted,,Motor Vehicle-In-Transport On Same Roadway,35.97938,-86.80326,True,Crashes_MPO_2020
102826308,2020-11-07,2020,Williamson,,1.0,Property Damage,0,0,,,,,0.0,0.0,0.0,0.0,Dusk,,Motor Vehicle-In-Transport On Same Roadway,35.94175,-86.82119,False,Crashes_MPO_2020
102826403,2020-11-08,2020,Davidson,,1.0,Property Damage,0,0,,,,,0.0,0.0,0.0,0.0,Dark-Lighted,,Parked Motor Vehicle,36.01478,-86.69413,False,Crashes_MPO_2020
102826535,2020-11-08,2020,Davidson,,1.0,Suspected Minor Injury,0,0,,,,,0.0,0.0,0.0,0.0,Daylight,,Motor Vehicle-In-Transport On Same Roadway,36.03761,-86.78512,False,Crashes_MPO_2020
102826552,2020-11-07,2020,Williamson,,1.0,Property Damage,0,0,,,,,0.0,0.0,0.0,0.0,Daylight,,Motor Vehicle-In-Transport On Same Roadway,35.95905,-86.68894,False,Crashes_MPO_2020
102826554,2020-11-07,2020,Williamson,,1.0,Property Damage Under,0,0,,,,,0.0,0.0,0.0,0.0,,,,36.03564,-86.78741,True,Crashes_MPO_2020
102826580,2020-11-08,2020,Davidson,,1.0,Property Damage,0,0,,,,,0.0,0.0,0.0,0.0,Daylight,,Motor Vehicle-In-Transport On Same Roadway,36.04652,-86.67792,False,Crashes_MPO_2020
102826732,2020-11-08,2020,Williamson,,1.0,Property Damage,0,0,,,,,0.0,0.0,0.0,0.0,Daylight,,Motor Vehicle-In-Transport On Same Roadway,35.93454,-86.83554,False,Crashes_MPO_2020
102826798,2020-11-08,2020,Williamson,,1.0,Property Damage,0,0,,,,,0.0,0.0,0.0,0.0,Daylight,,Motor Vehicle-In-Transport On Different Roadway,35.9469,-86.8143,False,Crashes_MPO_2020
102827068,2020-11-08,2020,Davidson,,1.0,Property Damage,0,0,,,,,0.0,0.0,0.0,0.0,Unknown,Clear,Motor Vehicle-In-Transport On Same Roadway,36.04851,-86.701,False,Crashes_MPO_2020
102827240,2020-11-09,2020,Davidson,,1.0,Property Damage,0,0,,,,,0.0,0.0,0.0,0.0,Daylight,,Motor Vehicle-In-Transport On Same Roadway,36.05049,-86.87668,False,Crashes_MPO_2020
102827263,2020-11-09,2020,Williamson,,1.0,Property Damage,0,0,,,,,0.0,0.0,0.0,0.0,Dawn,Clear,Motor Vehicle-In-Transport On Same Roadway,35.93191,-86.794,False,Crashes_MPO_2020
102827663,2020-11-09,2020,Williamson,,1.0,Possible Injury,0,0,,,,,0.0,0.0,0.0,0.0,Daylight,Clear,Motor Vehicle-In-Transport On Same Roadway,35.92673,-86.87005,False,Crashes_MPO_2020
102827682,2020-11-09,2020,Williamson,,1.0,Property Damage,0,0,,,,,0.0,0.0,0.0,0.0,Daylight,,Motor Vehicle-In-Transport On Same Roadway,35.96672,-86.80994,True,Crashes_MPO_2020
102827705,2020-11-09,2020,Williamson,,1.0,Property Damage,0,0,,,,,0.0,0.0,0.0,0.0,Daylight,,Motor Vehicle-In-Transport On Same Roadway,35.95051,-86.76622,True,Crashes_MPO_2020
102827727,2020-11-07,2020,Davidson,,1.0,Property Damage,0,0,,,,,0.0,0.0,0.0,0.0,Daylight,,Motor Vehicle-In-Transport On Same Roadway,36.04551,-86.71179,False,Crashes_MPO_2020
102827728,2020-11-09,2020,Williamson,,1.0,Property Damage,0,0,,,,,0.0,0.0,0.0,0.0,Dusk,,Motor Vehicle-In-Transport On Same Roadway,36.0282,-86.7835,True,Crashes_MPO_2020
102827739,2020-11-09,2020,Williamson,,1.0,Property Damage,0,0,,,,,0.0,0.0,0.0,0.0,Dark-Lighted,Clear,Motor Vehicle-In-Transport On Same Roadway,35.94613,-86.8195,False,Crashes_MPO_2020
102827757,2020-11-09,2020,Williamson,,1.0,Property Damage,0,0,,,,,0.0,0.0,0.0,0.0,Daylight,,Motor Vehicle-In-Transport On Same Roadway,35.99608,-86.79725,True,Crashes_MPO_2020
102827942,2020-11-09,2020,Williamson,,1.0,Property Damage,0,0,,,,,0.0,0.0,0.0,0.0,Daylight,Clear,Motor Vehicle-In-Transport On Same Roadway,35.95008,-86.81892,False,Crashes_MPO_2020
102821492,2020-10-31,2020,Williamson,,1.0,Property Damage,0,0,,,,,0.0,0.0,0.0,0.0,Daylight,,Motor Vehicle-In-Transport On Same Roadway,35.92356,-86.87236,False,Crashes_MPO_2020
102821505,2020-10-31,2020,Davidson,,1.0,Suspected Minor Injury,0,0,,,,,0.0,0.0,0.0,0.0,Dark-Lighted,,Motor Vehicle-In-Transport On Same Roadway,36.04524,-86.70169,False,Crashes_MPO_2020
102821572,2020-11-02,2020,Davidson,,1.0,Property Damage,0,0,,,,,0.0,0.0,0.0,0.0,Dark-Lighted,,Parked Motor Vehicle,36.05173,-86.68826,False,Crashes_MPO_2020
102821705,2020-11-02,2020,Williamson,,1.0,Property Damage,0,0,,,,,0.0,0.0,0.0,0.0,Daylight,,Motor Vehicle-In-Transport On Same Roadway,35.99781,-86.79886,True,Crashes_MPO_2020
102822021,2020-11-02,2020,Williamson,,1.0,Property Damage,0,0,,,,,0.0,0.0,0.0,0.0,Daylight,,Parked Motor Vehicle,35.9345,-86.81425,False,Crashes_MPO_2020
102822103,2020-11-02,2020,Davidson,,1.0,Property Damage Under,0,0,,,,,0.0,0.0,0.0,0.0,Dark-Lighted,,Utility Pole,36.04537,-86.71326,False,Crashes_MPO_2020
102822234,2020-11-02,2020,Williamson,,1.0,Property Damage Under,0,0,,,,,0.0,0.0,0.0,0.0,,,,35.93222,-86.86268,False,Crashes_MPO_2020
102822447,2020-11-03,2020,Davidson,,1.0,Suspected Minor Injury,0,0,,,,,0.0,0.0,0.0,0.0,Daylight,,Motor Vehicle-In-Transport On Same Roadway,36.03352,-86.71298,False,Crashes_MPO_2020
102822547,2020-11-02,2020,Williamson,,1.0,Property Damage,0,0,,,,,0.0,0.0,0.0,0.0,Daylight,,Motor Vehicle-In-Transport On Same Roadway,35.9488,-86.68386,False,Crashes_MPO_2020
102822698,2020-11-03,2020,Williamson,,1.0,Possible Injury,0,0,,,,,0.0,0.0,0.0,0.0,Dark-Lighted,,Deer,35.99187,-86.70128,True,Crashes_MPO_2020
102822701,2020-11-02,2020,Williamson,,1.0,Property Damage Under,0,0,,,,,0.0,0.0,0.0,0.0,Dusk,Clear,Motor Vehicle-In-Transport On Same Roadway,35.96458,-86.81449,False,Crashes_MPO_2020
102822796,2020-11-03,2020,Davidson,,1.0,Property Damage,0,0,,,,,0.0,0.0,0.0,0.0,Dark-Lighted,,Motor Vehicle-In-Transport On Same Roadway,36.04538,-86.71801,False,Crashes_MPO_2020
102823129,2020-11-04,2020,Williamson,,1.0,Property Damage,0,0,,,,,0.0,0.0,0.0,0.0,Daylight,,Motor Vehicle-In-Transport On Same Roadway,35.99531,-86.7769,True,Crashes_MPO_2020
102823228,2020-11-04,2020,Williamson,,1.0,Property Damage,0,0,,,,,0.0,0.0,0.0,0.0,Daylight,,Motor Vehicle-In-Transport On Same Roadway,35.97707,-86.80383,True,Crashes_MPO_2020
102823250,2020-11-04,2020,Williamson,,1.0,Possible Injury,0,0,,,,,0.0,0.0,0.0,0.0,Daylight,Clear,Motor Vehicle-In-Transport On Same Roadway,35.94164,-86.85584,False,Crashes_MPO_2020
102823255,2020-11-04,2020,Williamson,,1.0,Property Damage,0,0,,,,,0.0,0.0,0.0,0.0,Daylight,,Motor Vehicle-In-Transport On Same Roadway,35.997783,-86.794899,True,Crashes_MPO_2020
102823332,2020-11-04,2020,Davidson,,1.0,Property Damage,0,0,,,,,0.0,0.0,0.0,0.0,Daylight,,Mail Box,36.04943,-86.72441,False,Crashes_MPO_2020
102837391,2020-11-20,2020,Williamson,,1.0,Property Damage,0,0,,,,,0.0,0.0,0.0,0.0,Dark-Lighted,,Motor Vehicle-In-Transport On Same Roadway,35.99781,-86.79886,True,Crashes_MPO_2020
102837427,2020-11-20,2020,Davidson,,1.0,Suspected Minor Injury,0,0,,,,,0.0,0.0,0.0,0.0,Daylight,,Motor Vehicle-In-Transport On Same Roadway,36.04114,-86.77621,False,Crashes_MPO_2020
102830082,2020-11-12,2020,Davidson,,1.0,Suspected Minor Injury,0,0,,,,,0.0,0.0,0.0,0.0,Daylight,,Motor Vehicle-In-Transport On Same Roadway,36.05072,-86.87888,False,Crashes_MPO_2020
102830113,2020-11-12,2020,Williamson,,1.0,Property Damage,0,0,,,,,0.0,0.0,0.0,0.0,Daylight,,Parked Motor Vehicle,35.92301,-86.86916,False,Crashes_MPO_2020
102830124,2020-11-12,2020,Williamson,,1.0,Property Damage,0,0,,,,,0.0,0.0,0.0,0.0,Dusk,,Parked Motor Vehicle,35.98502,-86.70487,True,Crashes_MPO_2020
102830253,2020-11-12,2020,Davidson,,1.0,Suspected Minor Injury,0,0,,,,,0.0,0.0,0.0,0.0,Dark-Lighted,,Motor Vehicle-In-Transport On Same Roadway,36.04114,-86.77621,False,Crashes_MPO_2020
102830273,2020-11-12,2020,Davidson,,1.0,Property Damage,0,0,,,,,0.0,0.0,0.0,0.0,Dark-Not Lighted,,Ditch,36.04276,-86.84027,False,Crashes_MPO_2020
102830287,2020-11-12,2020,Davidson,,1.0,Property Damage,0,0,,,,,0.0,0.0,0.0,0.0,Dusk,,Motor Vehicle-In-Transport On Same Roadway,36.03754,-86.78549,False,Crashes_MPO_2020
102830781,2020-11-13,2020,Davidson,,1.0,Property Damage,0,0,,,,,0.0,0.0,0.0,0.0,Daylight,,Motor Vehicle-In-Transport On Same Roadway,36.04403,-86.78183,False,Crashes_MPO_2020
102830815,2020-11-13,2020,Davidson,,1.0,Property Damage Under,0,0,,,,,0.0,0.0,0.0,0.0,,,,36.05321,-86.7247,False,Crashes_MPO_2020
102830823,2020-11-13,2020,Davidson,,1.0,Suspected Minor Injury,0,0,,,,,0.0,0.0,0.0,0.0,Daylight,,Motor Vehicle-In-Transport On Same Roadway,36.03306,-86.7129,False,Crashes_MPO_2020
102830892,2020-11-13,2020,Williamson,,1.0,Suspected Minor Injury,0,0,,,,,0.0,0.0,0.0,0.0,Daylight,,"Over Turn, Roll Over",36.01921,-86.787,True,Crashes_MPO_2020
102831091,2020-11-13,2020,Williamson,,1.0,Property Damage Under,0,0,,,,,0.0,0.0,0.0,0.0,Daylight,Clear,Motor Vehicle-In-Transport On Same Roadway,35.9253,-86.87308,False,Crashes_MPO_2020
102831232,2020-11-13,2020,Davidson,,1.0,Property Damage,0,0,,,,,0.0,0.0,0.0,0.0,Daylight,Clear,Motor Vehicle-In-Transport On Same Roadway,36.04078,-86.77346,False,Crashes_MPO_2020
102831313,2020-11-06,2020,Williamson,,1.0,Suspected Minor Injury,0,0,,,,,0.0,0.0,0.0,0.0,Dark-Not Lighted,,Motor Vehicle-In-Transport On Same Roadway,36.04141,-86.86785,True,Crashes_MPO_2020
102831410,2020-11-13,2020,Davidson,,1.0,Property Damage,0,0,,,,,0.0,0.0,0.0,0.0,Daylight,,Motor Vehicle-In-Transport On Same Roadway,36.0348,-86.78308,True,Crashes_MPO_2020
102831889,2020-11-10,2020,Williamson,,1.0,Property Damage,0,0,,,,,0.0,0.0,0.0,0.0,Dark-Lighted,,Motor Vehicle-In-Transport On Same Roadway,35.998091,-86.79876,True,Crashes_MPO_2020
102831938,2020-11-14,2020,Williamson,,1.0,Property Damage Under,0,0,,,,,0.0,0.0,0.0,0.0,,,,36.03093,-86.78699,True,Crashes_MPO_2020
102832152,2020-11-14,2020,Williamson,,1.0,Property Damage,0,0,,,,,0.0,0.0,0.0,0.0,Dark-Lighted,,Other Animal,35.99841,-86.80403,True,Crashes_MPO_2020
102832168,2020-11-14,2020,Williamson,,1.0,Property Damage,0,0,,,,,0.0,0.0,0.0,0.0,Dark-Lighted,,Other Animal,35.99824,-86.80256,True,Crashes_MPO_2020
102832587,2020-11-15,2020,Davidson,,1.0,Property Damage,0,0,,,,,0.0,0.0,0.0,0.0,Daylight,,Motor Vehicle-In-Transport On Same Roadway,36.04002,-86.74348,False,Crashes_MPO_2020
102828062,2020-11-10,2020,Davidson,,1.0,Suspected Minor Injury,0,0,,,,,0.0,0.0,0.0,0.0,Daylight,,Motor Vehicle-In-Transport On Same Roadway,36.05453,-86.74275,False,Crashes_MPO_2020
102832588,2020-11-15,2020,Davidson,,1.0,Property Damage,0,0,,,,,0.0,0.0,0.0,0.0,Daylight,,Motor Vehicle-In-Transport On Same Roadway,36.0409,-86.77938,False,Crashes_MPO_2020
102837649,2020-11-20,2020,Davidson,,1.0,Property Damage Under,0,0,,,,,0.0,0.0,0.0,0.0,,,,36.03322,-86.78531,True,Crashes_MPO_2020
102837945,2020-11-15,2020,Williamson,,1.0,Property Damage,0,0,,,,,0.0,0.0,0.0,0.0,Daylight,,Other Object,35.93272,-86.84115,False,Crashes_MPO_2020
102838250,2020-11-21,2020,Davidson,,1.0,Property Damage,0,0,,,,,0.0,0.0,0.0,0.0,Daylight,,Motor Vehicle-In-Transport On Same Roadway,35.99548,-86.68787,False,Crashes_MPO_2020
102838281,2020-11-21,2020,Davidson,,1.0,Suspected Minor Injury,0,0,,,,,0.0,0.0,0.0,0.0,Daylight,,Motor Vehicle-In-Transport On Same Roadway,36.05151,-86.71436,False,Crashes_MPO_2020
102838285,2020-11-21,2020,Davidson,,1.0,Property Damage,0,0,,,,,0.0,0.0,0.0,0.0,Dark-Lighted,,Motor Vehicle-In-Transport On Same Roadway,36.04543,-86.70365,False,Crashes_MPO_2020
102838383,2020-11-20,2020,Williamson,,1.0,Property Damage Under,0,0,,,,,0.0,0.0,0.0,0.0,,,,35.99161,-86.79904,True,Crashes_MPO_2020
102838458,2020-11-20,2020,Davidson,,1.0,Property Damage,0,0,,,,,0.0,0.0,0.0,0.0,Daylight,,Motor Vehicle-In-Transport On Same Roadway,36.02586,-86.78498,True,Crashes_MPO_2020
102838631,2020-11-21,2020,Davidson,,1.0,Possible Injury,0,0,,,,,0.0,0.0,0.0,0.0,Daylight,,Motor Vehicle-In-Transport On Same Roadway,36.03751,-86.78652,False,Crashes_MPO_2020
102838968,2020-11-22,2020,Davidson,,1.0,Property Damage,0,0,,,,,0.0,0.0,0.0,0.0,Daylight,,Motor Vehicle-In-Transport On Same Roadway,36.04553,-86.71978,False,Crashes_MPO_2020
102839009,2020-11-22,2020,Davidson,,1.0,Property Damage Under,0,0,,,,,0.0,0.0,0.0,0.0,Daylight,Rain,Parked Motor Vehicle,36.03682,-86.78328,False,Crashes_MPO_2020
102839086,2020-11-22,2020,Davidson,,1.0,Property Damage,0,0,,,,,0.0,0.0,0.0,0.0,Daylight,Rain,Highway Traffic Sign Post,36.03702,-86.78316,False,Crashes_MPO_2020
102839220,2020-11-22,2020,Williamson,,1.0,Possible Injury,0,0,,,,,0.0,0.0,0.0,0.0,Daylight,Clear,Motor Vehicle-In-Transport On Same Roadway,35.96429,-86.81284,False,Crashes_MPO_2020