mstrrecnbr,collision_ts,year,county,countystat,crash,crash_type,fatalities,non_motorists,commercial,fatal_c,nonmotor_c,truck_c,fatalc,serious_injuries,ped,bike,lighting,weather,first_harmful_event,latitude,longitude,in_city,src_layer
102839310,2020-11-22,2020,Williamson,,1.0,Possible Injury,0,0,,,,,0.0,0.0,0.0,0.0,Other,,Highway Traffic Sign Post,36.0,-86.71492,True,Crashes_MPO_2020
102839366,2020-11-20,2020,Williamson,,1.0,Property Damage,0,0,,,,,0.0,0.0,0.0,0.0,Daylight,Clear,Motor Vehicle-In-Transport On Same Roadway,35.92546,-86.87275,False,Crashes_MPO_2020
102839367,2020-11-20,2020,Williamson,,1.0,Possible Injury,0,0,,,,,0.0,0.0,0.0,0.0,Daylight,Clear,Motor Vehicle-In-Transport On Same Roadway,35.94701,-86.82139,False,Crashes_MPO_2020
102839444,2020-11-23,2020,Williamson,,1.0,Property Damage Under,0,0,,,,,0.0,0.0,0.0,0.0,,,,35.966686,-86.809163,True,Crashes_MPO_2020
102839573,2020-11-07,2020,Williamson,,1.0,Property Damage,0,0,,,,,0.0,0.0,0.0,0.0,Dark-Lighted,Clear,Motor Vehicle-In-Transport On Same Roadway,35.92957,-86.84187,False,Crashes_MPO_2020
102839732,2020-11-23,2020,Williamson,,1.0,Property Damage,0,0,,,,,0.0,0.0,0.0,0.0,Daylight,,Motor Vehicle-In-Transport On Same Roadway,35.96507,-86.79501,True,Crashes_MPO_2020
102839837,2020-11-23,2020,Williamson,,1.0,Property Damage,0,0,,,,,0.0,0.0,0.0,0.0,Daylight,,Motor Vehicle-In-Transport On Same Roadway,35.97607,-86.8292,True,Crashes_MPO_2020
102839883,2020-11-23,2020,Williamson,,1.0,Property Damage,0,0,,,,,0.0,0.0,0.0,0.0,Dark-Lighted,,Deer,35.94976,-86.75759,True,Crashes_MPO_2020
102834962,2020-11-18,2020,Williamson,,1.0,Property Damage,0,0,,,,,0.0,0.0,0.0,0.0,Daylight,,Motor Vehicle-In-Transport On Same Roadway,36.03318,-86.78282,True,Crashes_MPO_2020
102835141,2020-11-18,2020,Davidson,,1.0,Property Damage,0,0,,,,,0.0,0.0,0.0,0.0,Daylight,,Motor Vehicle-In-Transport On Same Roadway,36.04482,-86.71319,False,Crashes_MPO_2020
102835146,2020-11-18,2020,Williamson,,1.0,Property Damage Under,0,0,,,,,0.0,0.0,0.0,0.0,Dusk,Clear,Motor Vehicle-In-Transport On Same Roadway,35.93446,-86.81991,False,Crashes_MPO_2020
102835154,2020-11-18,2020,Davidson,,1.0,Property Damage Under,0,0,,,,,0.0,0.0,0.0,0.0,,,,36.03731,-86.78746,False,Crashes_MPO_2020
102835272,2020-11-18,2020,Davidson,,1.0,Property Damage,0,0,,,,,0.0,0.0,0.0,0.0,Daylight,,Motor Vehicle-In-Transport On Same Roadway,36.04414,-86.71427,False,Crashes_MPO_2020
102835416,2020-11-19,2020,Davidson,,1.0,Property Damage,0,0,,,,,0.0,0.0,0.0,0.0,Dark-Lighted,,"Over Turn, Roll Over",36.04161,-86.74925,False,Crashes_MPO_2020
102835459,2020-11-19,2020,Williamson,,1.0,Property Damage,0,0,,,,,0.0,0.0,0.0,0.0,Dark-Lighted,,Parked Motor Vehicle,35.95148,-86.80667,False,Crashes_MPO_2020
102835468,2020-11-18,2020,Williamson,,1.0,Property Damage,0,0,,,,,0.0,0.0,0.0,0.0,Dark-Not Lighted,,Deer,35.97108,-86.67836,False,Crashes_MPO_2020
102835633,2020-11-19,2020,Davidson,,1.0,Suspected Minor Injury,0,0,,,,,0.0,0.0,0.0,0.0,Daylight,,Motor Vehicle-In-Transport On Same Roadway,36.03934,-86.78566,False,Crashes_MPO_2020
102835657,2020-11-19,2020,Williamson,,1.0,Possible Injury,0,0,,,,,0.0,0.0,0.0,0.0,Daylight,,Motor Vehicle-In-Transport On Same Roadway,35.92999,-86.86435,False,Crashes_MPO_2020
102835745,2020-11-19,2020,Davidson,,1.0,Property Damage,0,0,,,,,0.0,0.0,0.0,0.0,Daylight,,Motor Vehicle-In-Transport On Same Roadway,36.03664,-86.78684,False,Crashes_MPO_2020
102835746,2020-11-19,2020,Williamson,,1.0,Property Damage,0,0,,,,,0.0,0.0,0.0,0.0,Daylight,Clear,Motor Vehicle-In-Transport On Same Roadway,35.92922,-86.8754,False,Crashes_MPO_2020
102835749,2020-11-18,2020,Williamson,,1.0,Suspected Serious Injury,0,0,,,,,0.0,1.0,0.0,0.0,Daylight,,Motor Vehicle-In-Transport On Same Roadway,36.02095,-86.78735,True,Crashes_MPO_2020
102835821,2020-11-19,2020,Davidson,,1.0,Property Damage,0,0,,,,,0.0,0.0,0.0,0.0,Daylight,,Motor Vehicle-In-Transport On Same Roadway,36.0379,-86.78645,False,Crashes_MPO_2020
102835878,2020-11-19,2020,Davidson,,1.0,Suspected Minor Injury,0,0,,,,,0.0,0.0,0.0,0.0,Daylight,,Motor Vehicle-In-Transport On Same Roadway,36.04663,-86.71341,False,Crashes_MPO_2020
102836026,2020-11-18,2020,Williamson,,1.0,Suspected Minor Injury,0,0,,,,,0.0,0.0,0.0,0.0,Dark-Lighted,,Motor Vehicle-In-Transport On Same Roadway,35.9757,-86.67822,False,Crashes_MPO_2020
102836039,2020-11-19,2020,Williamson,,1.0,Property Damage,0,0,,,,,0.0,0.0,0.0,0.0,Daylight,,Motor Vehicle-In-Transport On Same Roadway,36.01853,-86.81993,True,Crashes_MPO_2020
102836211,2020-11-19,2020,Williamson,,1.0,Property Damage Under,0,0,,,,,0.0,0.0,0.0,0.0,,,,36.01689,-86.78609,True,Crashes_MPO_2020
102836327,2020-11-19,2020,Davidson,,1.0,Property Damage,0,0,,,,,0.0,0.0,0.0,0.0,Dark-Not Lighted,,Motor Vehicle-In-Transport On Same Roadway,36.03528,-86.78326,False,Crashes_MPO_2020
102836565,2020-11-20,2020,Davidson,,1.0,Property Damage,0,0,,,,,0.0,0.0,0.0,0.0,Daylight,,Motor Vehicle-In-Transport On Same Roadway,36.04043,-86.78289,False,Crashes_MPO_2020
102836658,2020-11-20,2020,Williamson,,1.0,Property Damage Under,0,0,,,,,0.0,0.0,0.0,0.0,,,,35.97167,-86.82548,True,Crashes_MPO_2020
102836661,2020-11-20,2020,Davidson,,1.0,Property Damage,0,0,,,,,0.0,0.0,0.0,0.0,Daylight,,Deer,36.04502,-86.69744,False,Crashes_MPO_2020
102837047,2020-11-20,2020,Williamson,,1.0,Property Damage Under,0,0,,,,,0.0,0.0,0.0,0.0,Daylight,Clear,Motor Vehicle-In-Transport On Same Roadway,35.92584,-86.86759,False,Crashes_MPO_2020
102837080,2020-11-20,2020,Williamson,,1.0,Property Damage,0,0,,,,,0.0,0.0,0.0,0.0,Daylight,,Motor Vehicle-In-Transport On Same Roadway,35.9427,-86.82102,False,Crashes_MPO_2020
102837139,2020-11-19,2020,Davidson,,1.0,Property Damage,0,0,,,,,0.0,0.0,0.0,0.0,Dark-Lighted,,Parked Motor Vehicle,36.04414,-86.71422,False,Crashes_MPO_2020
102837196,2020-11-20,2020,Williamson,,1.0,Property Damage Under,0,0,,,,,0.0,0.0,0.0,0.0,,,,35.99685,-86.79168,True,Crashes_MPO_2020
102837310,2020-11-20,2020,Williamson,,1.0,Property Damage,0,0,,,,,0.0,0.0,0.0,0.0,Daylight,,Motor Vehicle-In-Transport On Same Roadway,35.9407,-86.83934,False,Crashes_MPO_2020
102837357,2020-11-20,2020,Williamson,,1.0,Possible Injury,0,1,,,,,0.0,0.0,0.0,0.0,Daylight,,Parked Motor Vehicle,35.98514,-86.7008,True,Crashes_MPO_2020
102832610,2020-11-15,2020,Williamson,,1.0,Property Damage,0,0,,,,,0.0,0.0,0.0,0.0,Daylight,,Deer,35.98058,-86.67834,False,Crashes_MPO_2020
102832671,2020-11-10,2020,Davidson,,1.0,Property Damage,0,0,,,,,0.0,0.0,0.0,0.0,Dark-Lighted,,Motor Vehicle-In-Transport On Same Roadway,36.04858,-86.74361,False,Crashes_MPO_2020
102832696,2020-11-10,2020,Davidson,,1.0,Property Damage,0,0,,,,,0.0,0.0,0.0,0.0,Dusk,,Motor Vehicle-In-Transport On Same Roadway,36.04858,-86.74361,False,Crashes_MPO_2020
102832730,2020-11-15,2020,Davidson,,1.0,Property Damage,0,0,,,,,0.0,0.0,0.0,0.0,Daylight,Clear,Motor Vehicle-In-Transport On Different Roadway,36.0372,-86.7889,False,Crashes_MPO_2020
102832766,2020-11-15,2020,Davidson,,1.0,Property Damage,0,0,,,,,0.0,0.0,0.0,0.0,Daylight,Clear,Motor Vehicle-In-Transport On Same Roadway,36.03935,-86.78565,False,Crashes_MPO_2020
102833081,2020-11-16,2020,Davidson,,1.0,Property Damage Under,0,0,,,,,0.0,0.0,0.0,0.0,Daylight,,Motor Vehicle-In-Transport On Same Roadway,36.04564,-86.72009,False,Crashes_MPO_2020
102833233,2020-11-16,2020,Davidson,,1.0,Property Damage,0,0,,,,,0.0,0.0,0.0,0.0,Daylight,,Motor Vehicle-In-Transport On Same Roadway,36.03821,-86.72049,False,Crashes_MPO_2020
102833274,2020-11-16,2020,Davidson,,1.0,Suspected Minor Injury,0,0,,,,,0.0,0.0,0.0,0.0,Daylight,,Motor Vehicle-In-Transport On Same Roadway,36.04087,-86.77371,False,Crashes_MPO_2020
102833346,2020-11-16,2020,Davidson,,1.0,Property Damage Under,0,0,,,,,0.0,0.0,0.0,0.0,,,,35.99687,-86.68989,False,Crashes_MPO_2020
102833452,2020-11-16,2020,Williamson,,1.0,Property Damage Under,0,0,,,,,0.0,0.0,0.0,0.0,Dusk,Clear,Motor Vehicle-In-Transport On Same Roadway,35.93446,-86.81991,False,Crashes_MPO_2020
102833479,2020-11-16,2020,Williamson,,1.0,Property Damage,0,0,,,,,0.0,0.0,0.0,0.0,Dark-Lighted,,Motor Vehicle-In-Transport On Same Roadway,35.97548,-86.83062,True,Crashes_MPO_2020
102833510,2020-11-16,2020,Davidson,,1.0,Suspected Minor Injury,0,0,,,,,0.0,0.0,0.0,0.0,Dark-Lighted,,Motor Vehicle-In-Transport On Same Roadway,36.04084,-86.77347,False,Crashes_MPO_2020
102833543,2020-11-16,2020,Davidson,,1.0,Property Damage,0,0,,,,,0.0,0.0,0.0,0.0,Dark-Lighted,,Motor Vehicle-In-Transport On Same Roadway,36.04016,-86.74468,False,Crashes_MPO_2020
102833841,2020-11-17,2020,Williamson,,1.0,Property Damage,0,0,,,,,0.0,0.0,0.0,0.0,Daylight,,Motor Vehicle-In-Transport On Same Roadway,36.01286,-86.80081,True,Crashes_MPO_2020
102834150,2020-11-13,2020,Williamson,,1.0,Property Damage,0,0,,,,,0.0,0.0,0.0,0.0,Dark-Lighted,Clear,Motor Vehicle-In-Transport On Same Roadway,35.94688,-86.824,False,Crashes_MPO_2020
102834172,2020-11-17,2020,Williamson,,1.0,Property Damage Under,0,0,,,,,0.0,0.0,0.0,0.0,Daylight,Clear,Motor Vehicle-In-Transport On Same Roadway,35.93258,-86.81896,False,Crashes_MPO_2020
102834179,2020-11-17,2020,Williamson,,1.0,Property Damage,0,0,,,,,0.0,0.0,0.0,0.0,Daylight,,Motor Vehicle-In-Transport On Same Roadway,36.03689,-86.81684,True,Crashes_MPO_2020
102834348,2020-11-17,2020,Williamson,,1.0,Property Damage,0,0,,,,,0.0,0.0,0.0,0.0,Dark-Lighted,,Deer,35.96916,-86.77339,True,Crashes_MPO_2020
102834372,2020-11-17,2020,Williamson,,1.0,Property Damage,0,0,,,,,0.0,0.0,0.0,0.0,Dark-Not Lighted,,Motor Vehicle-In-Transport On Same Roadway,35.966651,-86.809184,True,Crashes_MPO_2020
102834526,2020-11-16,2020,Williamson,,1.0,Property Damage,0,0,,,,,0.0,0.0,0.0,0.0,Dark-Lighted,Clear,Utility Pole,35.93184,-86.79385,False,Crashes_MPO_2020
102834527,2020-11-17,2020,Williamson,,1.0,Property Damage,0,0,,,,,0.0,0.0,0.0,0.0,Dusk,Clear,Motor Vehicle-In-Transport On Same Roadway,35.96198,-86.81518,False,Crashes_MPO_2020
102834528,2020-11-17,2020,Williamson,,1.0,Property Damage,0,0,,,,,0.0,0.0,0.0,0.0,Dusk,Clear,Motor Vehicle-In-Transport On Same Roadway,35.96083,-86.80945,False,Crashes_MPO_2020
102834713,2020-11-18,2020,Davidson,,1.0,Property Damage,0,0,,,,,0.0,0.0,0.0,0.0,Daylight,,Motor Vehicle-In-Transport On Same Roadway,36.0374,-86.78657,False,Crashes_MPO_2020
102834727,2020-11-18,2020,Davidson,,1.0,Property Damage,0,0,,,,,0.0,0.0,0.0,0.0,Daylight,,Motor Vehicle-In-Transport On Same Roadway,36.04982,-86.77567,False,Crashes_MPO_2020
102834730,2020-11-18,2020,Davidson,,1.0,Property Damage,0,0,,,,,0.0,0.0,0.0,0.0,Daylight,,Motor Vehicle-In-Transport On Same Roadway,36.03502,-86.78328,True,Crashes_MPO_2020
102834783,2020-11-18,2020,Williamson,,1.0,Property Damage Under,0,0,,,,,0.0,0.0,0.0,0.0,Daylight,,Ditch,36.0381,-86.8423,True,Crashes_MPO_2020
102828119,2020-11-10,2020,Williamson,,1.0,Property Damage Under,0,0,,,,,0.0,0.0,0.0,0.0,Daylight,,Motor Vehicle-In-Transport On Same Roadway,35.94687,-86.85168,False,Crashes_MPO_2020
102828199,2020-11-10,2020,Williamson,,1.0,Property Damage,0,0,,,,,0.0,0.0,0.0,0.0,Daylight,Clear,Motor Vehicle-In-Transport On Same Roadway,35.95507,-86.84511,False,Crashes_MPO_2020
102828209,2020-11-10,2020,Davidson,,1.0,Property Damage,0,0,,,,,0.0,0.0,0.0,0.0,Daylight,,Motor Vehicle-In-Transport On Same Roadway,36.04554,-86.70538,False,Crashes_MPO_2020
102828339,2020-11-10,2020,Williamson,,1.0,Property Damage Under,0,0,,,,,0.0,0.0,0.0,0.0,Daylight,Rain,Motor Vehicle-In-Transport On Same Roadway,35.9583,-86.8023,False,Crashes_MPO_2020
102828393,2020-11-10,2020,Williamson,,1.0,Property Damage Under,0,0,,,,,0.0,0.0,0.0,0.0,,,,36.030235,-86.790684,True,Crashes_MPO_2020
102828465,2020-11-10,2020,Williamson,,1.0,Property Damage Under,0,0,,,,,0.0,0.0,0.0,0.0,Daylight,Cloudy,Motor Vehicle-In-Transport On Same Roadway,35.94209,-86.81596,False,Crashes_MPO_2020
102828478,2020-11-10,2020,Williamson,,1.0,Possible Injury,0,0,,,,,0.0,0.0,0.0,0.0,Daylight,Clear,Fell/Jumped From Vehicle,35.94024,-86.83152,False,Crashes_MPO_2020
102828623,2020-11-10,2020,Davidson,,1.0,Property Damage,0,0,,,,,0.0,0.0,0.0,0.0,Daylight,,Motor Vehicle-In-Transport On Same Roadway,36.0516,-86.71438,False,Crashes_MPO_2020
102828692,2020-11-10,2020,Williamson,,1.0,Suspected Minor Injury,0,0,,,,,0.0,0.0,0.0,0.0,Dark-Not Lighted,,Motor Vehicle-In-Transport On Same Roadway,35.95454,-86.71368,False,Crashes_MPO_2020
102828949,2020-11-11,2020,Davidson,,1.0,Suspected Minor Injury,0,0,,,,,0.0,0.0,0.0,0.0,Daylight,,"Over Turn, Roll Over",36.04815,-86.77627,False,Crashes_MPO_2020
102829035,2020-11-11,2020,Williamson,,1.0,Property Damage,0,0,,,,,0.0,0.0,0.0,0.0,Daylight,,Deer,36.02022,-86.84762,True,Crashes_MPO_2020
102829061,2020-11-11,2020,Williamson,,1.0,Property Damage,0,0,,,,,0.0,0.0,0.0,0.0,Daylight,,Motor Vehicle-In-Transport On Same Roadway,35.97039,-86.77379,True,Crashes_MPO_2020
102829074,2020-11-11,2020,Williamson,,1.0,Property Damage,0,0,,,,,0.0,0.0,0.0,0.0,Daylight,Cloudy,Motor Vehicle-In-Transport On Same Roadway,35.9406,-86.82138,False,Crashes_MPO_2020
102829121,2020-11-11,2020,Williamson,,1.0,Property Damage,0,0,,,,,0.0,0.0,0.0,0.0,Daylight,,Motor Vehicle-In-Transport On Same Roadway,36.02316,-86.78653,True,Crashes_MPO_2020
102829197,2020-11-11,2020,Williamson,,1.0,Property Damage Under,0,0,,,,,0.0,0.0,0.0,0.0,Daylight,Cloudy,Ditch,35.92791,-86.86557,False,Crashes_MPO_2020
102829203,2020-11-11,2020,Williamson,,1.0,Property Damage,0,0,,,,,0.0,0.0,0.0,0.0,Daylight,Rain,Motor Vehicle-In-Transport On Same Roadway,35.92254,-86.87194,False,Crashes_MPO_2020
102829208,2020-11-11,2020,Williamson,,1.0,Property Damage Under,0,0,,,,,0.0,0.0,0.0,0.0,,,,35.94582,-86.82326,False,Crashes_MPO_2020
102829296,2020-11-11,2020,Williamson,,1.0,Property Damage,0,0,,,,,0.0,0.0,0.0,0.0,Daylight,,Motor Vehicle-In-Transport On Same Roadway,35.99922,-86.80923,True,Crashes_MPO_2020
102829412,2020-11-11,2020,Davidson,,1.0,Suspected Minor Injury,0,0,,,,,0.0,0.0,0.0,0.0,Dark-Lighted,,Motor Vehicle-In-Transport On Same Roadway,36.03971,-86.78536,False,Crashes_MPO_2020
102829482,2020-11-11,2020,Davidson,,1.0,Property Damage Under,0,0,,,,,0.0,0.0,0.0,0.0,,,,36.03761,-86.7929,False,Crashes_MPO_2020
102829694,2020-11-12,2020,Davidson,,1.0,Property Damage,0,0,,,,,0.0,0.0,0.0,0.0,Daylight,,Deer,36.04697,-86.68007,False,Crashes_MPO_2020
102829714,2020-11-12,2020,Williamson,,1.0,Property Damage,0,0,,,,,0.0,0.0,0.0,0.0,Daylight,Clear,Motor Vehicle-In-Transport On Same Roadway,35.92606,-86.87318,False,Crashes_MPO_2020
102829744,2020-11-12,2020,Davidson,,1.0,Possible Injury,0,0,,,,,0.0,0.0,0.0,0.0,Daylight,,Motor Vehicle-In-Transport On Same Roadway,36.04657,-86.68338,False,Crashes_MPO_2020
102829823,2020-11-12,2020,Davidson,,1.0,Property Damage,0,0,,,,,0.0,0.0,0.0,0.0,Daylight,,Motor Vehicle-In-Transport On Same Roadway,36.0454,-86.7129,False,Crashes_MPO_2020
102829940,2020-11-11,2020,Williamson,,1.0,Property Damage,0,0,,,,,0.0,0.0,0.0,0.0,Daylight,,Motor Vehicle-In-Transport On Same Roadway,35.96705,-86.81355,True,Crashes_MPO_2020
102829970,2020-11-12,2020,Davidson,,1.0,Possible Injury,0,0,,,,,0.0,0.0,0.0,0.0,Daylight,,Motor Vehicle-In-Transport On Same Roadway,36.04804,-86.86542,False,Crashes_MPO_2020
102846155,2020-11-30,2020,Williamson,,1.0,Property Damage,0,0,,,,,0.0,0.0,0.0,0.0,Dark-Lighted,Clear,Motor Vehicle-In-Transport On Same Roadway,35.92373,-86.79452,False,Crashes_MPO_2020
102846202,2020-11-30,2020,Williamson,,1.0,Property Damage,0,0,,,,,0.0,0.0,0.0,0.0,Dusk,Snow,Motor Vehicle-In-Transport On Same Roadway,35.93816,-86.81758,False,Crashes_MPO_2020
102846335,2020-11-30,2020,Williamson,,1.0,Property Damage,0,0,,,,,0.0,0.0,0.0,0.0,Dawn,Rain,Motor Vehicle-In-Transport On Same Roadway,36.04144,-86.86782,True,Crashes_MPO_2020
102846370,2020-11-22,2020,Williamson,,1.0,Property Damage,0,0,,,,,0.0,0.0,0.0,0.0,Daylight,,Motor Vehicle-In-Transport On Same Roadway,35.96454,-86.81434,False,Crashes_MPO_2020
102846430,2020-12-01,2020,Davidson,,1.0,Property Damage,0,0,,,,,0.0,0.0,0.0,0.0,Daylight,,Motor Vehicle-In-Transport On Same Roadway,36.03918,-86.78252,False,Crashes_MPO_2020
102846481,2020-12-01,2020,Williamson,,1.0,Property Damage Under,0,0,,,,,0.0,0.0,0.0,0.0,Daylight,Clear,Motor Vehicle-In-Transport On Same Roadway,35.93215,-86.79441,False,Crashes_MPO_2020
102846482,2020-12-01,2020,Davidson,,1.0,Property Damage,0,0,,,,,0.0,0.0,0.0,0.0,Daylight,,Motor Vehicle-In-Transport On Same Roadway,36.04538,-86.71316,False,Crashes_MPO_2020
102846485,2020-11-30,2020,Williamson,,1.0,Property Damage Under,0,0,,,,,0.0,0.0,0.0,0.0,Daylight,Snow,Parked Motor Vehicle,35.92561,-86.86925,False,Crashes_MPO_2020
102846487,2020-12-01,2020,Williamson,,1.0,Property Damage,0,0,,,,,0.0,0.0,0.0,0.0,Daylight,,Motor Vehicle-In-Transport On Same Roadway,35.96688,-86.81117,True,Crashes_MPO_2020
102846574,2020-12-01,2020,Williamson,,1.0,Property Damage,0,0,,,,,0.0,0.0,0.0,0.0,Daylight,,Motor Vehicle-In-Transport On Same Roadway,36.03611,-86.79483,True,Crashes_MPO_2020
102846582,2020-12-01,2020,Davidson,,1.0,Property Damage Under,0,0,,,,,0.0,0.0,0.0,0.0,Daylight,Clear,Motor Vehicle-In-Transport On Same Roadway,36.04161,-86.74925,False,Crashes_MPO_2020
102846716,2020-12-01,2020,Williamson,,1.0,Property Damage,0,0,,,,,0.0,0.0,0.0,0.0,Daylight,,Motor Vehicle-In-Transport On Same Roadway,35.94765,-86.81971,False,Crashes_MPO_2020
102846792,2020-12-01,2020,Davidson,,1.0,Property Damage,0,0,,,,,0.0,0.0,0.0,0.0,Daylight,,Motor Vehicle-In-Transport On Same Roadway,36.03751,-86.78572,False,Crashes_MPO_2020
102846828,2020-12-01,2020,Davidson,,1.0,Property Damage Under,0,0,,,,,0.0,0.0,0.0,0.0,,,,36.03705,-86.78665,False,Crashes_MPO_2020
102846833,2020-11-30,2020,Williamson,,1.0,Property Damage,0,0,,,,,0.0,0.0,0.0,0.0,Dusk,Snow,Motor Vehicle-In-Transport On Same Roadway,35.94804,-86.82186,False,Crashes_MPO_2020
102847006,2020-11-30,2020,Williamson,,1.0,Suspected Serious Injury,0,0,,,,,0.0,1.0,0.0,0.0,Dark-Not Lighted,Snow,Motor Vehicle-In-Transport On Same Roadway,35.93229,-86.78855,False,Crashes_MPO_2020
102847056,2020-11-30,2020,Williamson,,1.0,Property Damage,0,0,,,,,0.0,0.0,0.0,0.0,Dark-Not Lighted,,Motor Vehicle-In-Transport On Same Roadway,35.97504,-86.67826,False,Crashes_MPO_2020
102847178,2020-12-02,2020,Davidson,,1.0,Property Damage,0,0,,,,,0.0,0.0,0.0,0.0,Daylight,,Motor Vehicle-In-Transport On Same Roadway,36.04616,-86.85753,False,Crashes_MPO_2020
102847249,2020-11-25,2020,Williamson,,1.0,Property Damage,0,0,,,,,0.0,0.0,0.0,0.0,Daylight,,Motor Vehicle-In-Transport On Same Roadway,35.9668,-86.81193,True,Crashes_MPO_2020
102847286,2020-12-02,2020,Williamson,,1.0,Property Damage,0,0,,,,,0.0,0.0,0.0,0.0,Daylight,,Fire Hydrant,36.01425,-86.72199,False,Crashes_MPO_2020
102847319,2020-12-02,2020,Williamson,,1.0,Property Damage,0,0,,,,,0.0,0.0,0.0,0.0,Daylight,Clear,Motor Vehicle-In-Transport On Same Roadway,35.96216,-86.81187,False,Crashes_MPO_2020
102847545,2020-12-02,2020,Davidson,,1.0,Property Damage,0,0,,,,,0.0,0.0,0.0,0.0,Daylight,,Motor Vehicle-In-Transport On Same Roadway,36.04573,-86.70921,False,Crashes_MPO_2020
102847581,2020-12-02,2020,Davidson,,1.0,Suspected Minor Injury,0,0,,,,,0.0,0.0,0.0,0.0,Daylight,,Ditch,36.02947,-86.71254,False,Crashes_MPO_2020
102847633,2020-12-02,2020,Williamson,,1.0,Property Damage,0,0,,,,,0.0,0.0,0.0,0.0,Dusk,,Motor Vehicle-In-Transport On Same Roadway,35.96757,-86.81676,True,Crashes_MPO_2020
102847685,2020-12-02,2020,Davidson,,1.0,Property Damage,0,0,,,,,0.0,0.0,0.0,0.0,Dark-Lighted,,Motor Vehicle-In-Transport On Same Roadway,36.04554,-86.70531,False,Crashes_MPO_2020
102847700,2020-12-02,2020,Davidson,,1.0,Property Damage,0,0,,,,,0.0,0.0,0.0,0.0,Dark-Lighted,,Motor Vehicle-In-Transport On Same Roadway,36.03572,-86.78292,False,Crashes_MPO_2020
102847723,2020-12-02,2020,Davidson,,1.0,Suspected Minor Injury,0,0,,,,,0.0,0.0,0.0,0.0,Dusk,,Motor Vehicle-In-Transport On Same Roadway,36.04057,-86.77089,False,Crashes_MPO_2020
102848055,2020-12-03,2020,Davidson,,1.0,Property Damage,0,0,,,,,0.0,0.0,0.0,0.0,Daylight,,Motor Vehicle-In-Transport On Same Roadway,36.0243,-86.74239,False,Crashes_MPO_2020
102848070,2020-12-03,2020,Williamson,,1.0,Property Damage Under,0,0,,,,,0.0,0.0,0.0,0.0,Daylight,Clear,Motor Vehicle-In-Transport On Same Roadway,35.93722,-86.87879,False,Crashes_MPO_2020
102848092,2020-12-03,2020,Williamson,,1.0,Suspected Minor Injury,0,0,,,,,0.0,0.0,0.0,0.0,Daylight,,Motor Vehicle-In-Transport On Same Roadway,35.9667,-86.81121,True,Crashes_MPO_2020