mstrrecnbr,collision_ts,year,county,countystat,crash,crash_type,fatalities,non_motorists,commercial,fatal_c,nonmotor_c,truck_c,fatalc,serious_injuries,ped,bike,lighting,weather,first_harmful_event,latitude,longitude,in_city,src_layer
102850337,2020-12-05,2020,Williamson,,1.0,Possible Injury,0,0,,,,,0.0,0.0,0.0,0.0,Dark-Lighted,,Mail Box,35.98746,-86.78472,True,Crashes_MPO_2020
102848232,2020-12-03,2020,Williamson,,1.0,Property Damage Under,0,0,,,,,0.0,0.0,0.0,0.0,Daylight,Cloudy,Motor Vehicle-In-Transport On Same Roadway,35.93446,-86.81991,False,Crashes_MPO_2020
102850441,2020-12-04,2020,Williamson,,1.0,Property Damage,0,0,,,,,0.0,0.0,0.0,0.0,Dark-Lighted,Cloudy,Motor Vehicle-In-Transport On Same Roadway,35.94925,-86.81966,False,Crashes_MPO_2020
102850544,2020-11-25,2020,Williamson,,1.0,Property Damage,0,0,,,,,0.0,0.0,0.0,0.0,Daylight,,Motor Vehicle-In-Transport On Same Roadway,36.03208,-86.78365,True,Crashes_MPO_2020
102850715,2020-11-25,2020,Williamson,,1.0,Possible Injury,0,0,,,,,0.0,0.0,0.0,0.0,Daylight,,Motor Vehicle-In-Transport On Same Roadway,36.03467,-86.78332,True,Crashes_MPO_2020
102850728,2020-12-06,2020,Williamson,,1.0,Property Damage,0,0,,,,,0.0,0.0,0.0,0.0,Daylight,,Motor Vehicle-In-Transport On Same Roadway,35.96234,-86.80178,True,Crashes_MPO_2020
102850777,2020-12-06,2020,Davidson,,1.0,Property Damage Under,0,0,,,,,0.0,0.0,0.0,0.0,Daylight,,Motor Vehicle-In-Transport On Same Roadway,36.0397,-86.759,False,Crashes_MPO_2020
102850859,2020-12-04,2020,Davidson,,1.0,Property Damage Under,0,0,,,,,0.0,0.0,0.0,0.0,,,,36.04039,-86.76934,False,Crashes_MPO_2020
102850959,2020-12-06,2020,Davidson,,1.0,Property Damage,0,0,,,,,0.0,0.0,0.0,0.0,Dark-Lighted,,Motor Vehicle-In-Transport On Same Roadway,35.99687,-86.68989,False,Crashes_MPO_2020
102851083,2020-12-06,2020,Williamson,,1.0,Property Damage,0,0,,,,,0.0,0.0,0.0,0.0,Dark-Not Lighted,,"Over Turn, Roll Over",35.99706,-86.79691,True,Crashes_MPO_2020
102851200,2020-12-07,2020,Williamson,,1.0,Property Damage,0,0,,,,,0.0,0.0,0.0,0.0,Daylight,Clear,Motor Vehicle-In-Transport On Same Roadway,35.92847,-86.82438,False,Crashes_MPO_2020
102851510,2020-12-07,2020,Davidson,,1.0,Property Damage,0,0,,,,,0.0,0.0,0.0,0.0,Daylight,,Motor Vehicle-In-Transport On Same Roadway,36.03884,-86.76848,False,Crashes_MPO_2020
102851519,2020-12-07,2020,Davidson,,1.0,Property Damage,0,0,,,,,0.0,0.0,0.0,0.0,Daylight,,Motor Vehicle-In-Transport On Same Roadway,36.04279,-86.84048,False,Crashes_MPO_2020
102851523,2020-12-07,2020,Williamson,,1.0,Property Damage,0,0,,,,,0.0,0.0,0.0,0.0,Daylight,,Motor Vehicle-In-Transport On Same Roadway,36.03389,-86.81729,True,Crashes_MPO_2020
102851534,2020-12-07,2020,Davidson,,1.0,Property Damage,0,0,,,,,0.0,0.0,0.0,0.0,Daylight,,Motor Vehicle-In-Transport On Same Roadway,36.03961,-86.78156,False,Crashes_MPO_2020
102851613,2020-12-06,2020,Williamson,,1.0,Suspected Minor Injury,0,0,,,,,0.0,0.0,0.0,0.0,Dark-Lighted,,Motor Vehicle-In-Transport On Same Roadway,35.94997,-86.81899,False,Crashes_MPO_2020
102851726,2020-12-07,2020,Davidson,,1.0,Property Damage,0,0,,,,,0.0,0.0,0.0,0.0,Daylight,,Motor Vehicle-In-Transport On Same Roadway,36.04574,-86.71331,False,Crashes_MPO_2020
102851947,2020-12-07,2020,Williamson,,1.0,Property Damage,0,0,,,,,0.0,0.0,0.0,0.0,Daylight,Cloudy,Deer,35.9788,-86.75254,True,Crashes_MPO_2020
102852030,2020-12-08,2020,Davidson,,1.0,Property Damage,0,0,,,,,0.0,0.0,0.0,0.0,Daylight,,Motor Vehicle-In-Transport On Same Roadway,36.03771,-86.79454,False,Crashes_MPO_2020
102852168,2020-12-08,2020,Williamson,,1.0,Property Damage,0,0,,,,,0.0,0.0,0.0,0.0,Daylight,,Motor Vehicle-In-Transport On Same Roadway,35.99828,-86.79638,True,Crashes_MPO_2020
102852200,2020-12-08,2020,Williamson,,1.0,Property Damage,0,0,,,,,0.0,0.0,0.0,0.0,Daylight,,Motor Vehicle-In-Transport On Same Roadway,35.9667,-86.81121,True,Crashes_MPO_2020
102852306,2020-12-08,2020,Williamson,,1.0,Property Damage,0,0,,,,,0.0,0.0,0.0,0.0,Daylight,,Motor Vehicle-In-Transport On Same Roadway,35.99734,-86.79486,True,Crashes_MPO_2020
102852469,2020-12-08,2020,Davidson,,1.0,Property Damage,0,0,,,,,0.0,0.0,0.0,0.0,Dusk,,Motor Vehicle-In-Transport On Same Roadway,36.05396,-86.70354,False,Crashes_MPO_2020
102852603,2020-12-02,2020,Williamson,,1.0,Property Damage,0,0,,,,,0.0,0.0,0.0,0.0,Dark-Lighted,,Parked Motor Vehicle,35.93834,-86.82957,False,Crashes_MPO_2020
102852693,2020-12-09,2020,Davidson,,1.0,Property Damage,0,0,,,,,0.0,0.0,0.0,0.0,Daylight,,Motor Vehicle-In-Transport On Same Roadway,36.03963,-86.78163,False,Crashes_MPO_2020
102852703,2020-12-08,2020,Williamson,,1.0,Possible Injury,0,0,,,,,0.0,0.0,0.0,0.0,Daylight,Clear,Motor Vehicle-In-Transport On Same Roadway,35.9552,-86.82556,False,Crashes_MPO_2020
102852978,2020-12-09,2020,Davidson,,1.0,Property Damage,0,0,,,,,0.0,0.0,0.0,0.0,Daylight,,Motor Vehicle-In-Transport On Same Roadway,36.04006,-86.74413,False,Crashes_MPO_2020
102848381,2020-12-03,2020,Davidson,,1.0,Property Damage,0,0,,,,,0.0,0.0,0.0,0.0,Dark-Not Lighted,,Motor Vehicle-In-Transport On Same Roadway,36.03676,-86.74349,False,Crashes_MPO_2020
102848429,2020-12-03,2020,Williamson,,1.0,Property Damage Under,0,0,,,,,0.0,0.0,0.0,0.0,,,,35.92304,-86.81684,False,Crashes_MPO_2020
102848439,2020-12-03,2020,Williamson,,1.0,Suspected Minor Injury,0,1,,,,,0.0,0.0,0.0,1.0,Dusk,Rain,Pedal-Cycle,35.93215,-86.79441,False,Crashes_MPO_2020
102848496,2020-12-02,2020,Williamson,,1.0,Suspected Serious Injury,0,0,,,,,0.0,1.0,0.0,0.0,Dark-Not Lighted,,Impact Atten. Crash Cushion,36.02712,-86.87771,False,Crashes_MPO_2020
102848511,2020-12-03,2020,Williamson,,1.0,Property Damage,0,0,,,,,0.0,0.0,0.0,0.0,Dark-Lighted,Rain,Motor Vehicle-In-Transport On Same Roadway,35.95068,-86.81872,False,Crashes_MPO_2020
102848621,2020-12-03,2020,Davidson,,1.0,Property Damage,0,0,,,,,0.0,0.0,0.0,0.0,Dark-Unknown Lighting,,Motor Vehicle-In-Transport On Same Roadway,36.01559,-86.74059,False,Crashes_MPO_2020
102848678,2020-12-02,2020,Williamson,,1.0,Property Damage,0,0,,,,,0.0,0.0,0.0,0.0,Dark-Lighted,,Motor Vehicle-In-Transport On Same Roadway,36.03346,-86.78874,True,Crashes_MPO_2020
102848803,2020-12-04,2020,Davidson,,1.0,Suspected Minor Injury,0,0,,,,,0.0,0.0,0.0,0.0,Daylight,,Motor Vehicle-In-Transport On Same Roadway,36.03859,-86.73216,False,Crashes_MPO_2020
102848815,2020-12-04,2020,Williamson,,1.0,Property Damage,0,0,,,,,0.0,0.0,0.0,0.0,Daylight,,Motor Vehicle-In-Transport On Same Roadway,35.93756,-86.76809,False,Crashes_MPO_2020
102848816,2020-12-04,2020,Davidson,,1.0,Property Damage,0,0,,,,,0.0,0.0,0.0,0.0,Daylight,,Motor Vehicle-In-Transport On Same Roadway,36.04021,-86.76771,False,Crashes_MPO_2020
102848820,2020-11-27,2020,Williamson,,1.0,Possible Injury,0,0,,,,,0.0,0.0,0.0,0.0,Daylight,,Motor Vehicle-In-Transport On Same Roadway,35.99156,-86.79881,True,Crashes_MPO_2020
102849050,2020-12-03,2020,Williamson,,1.0,Property Damage,0,0,,,,,0.0,0.0,0.0,0.0,Daylight,,Motor Vehicle-In-Transport On Same Roadway,35.96705,-86.81355,True,Crashes_MPO_2020
102849092,2020-12-04,2020,Davidson,,1.0,Property Damage,0,0,,,,,0.0,0.0,0.0,0.0,Daylight,,Motor Vehicle-In-Transport On Same Roadway,35.99531,-86.68766,False,Crashes_MPO_2020
102849181,2020-12-04,2020,Davidson,,1.0,Property Damage Under,0,0,,,,,0.0,0.0,0.0,0.0,Daylight,,Motor Vehicle-In-Transport On Same Roadway,36.02547,-86.71305,False,Crashes_MPO_2020
102849379,2020-12-04,2020,Williamson,,1.0,Property Damage,0,0,,,,,0.0,0.0,0.0,0.0,Daylight,Clear,Motor Vehicle-In-Transport On Same Roadway,35.93446,-86.81991,False,Crashes_MPO_2020
102849407,2020-12-04,2020,Davidson,,1.0,Property Damage,0,0,,,,,0.0,0.0,0.0,0.0,Dark-Not Lighted,,Motor Vehicle-In-Transport On Same Roadway,36.0484,-86.74363,False,Crashes_MPO_2020
102849431,2020-12-04,2020,Williamson,,1.0,Property Damage Under,0,0,,,,,0.0,0.0,0.0,0.0,,,,35.96318,-86.80112,True,Crashes_MPO_2020
102849432,2020-12-04,2020,Williamson,,1.0,Suspected Minor Injury,0,0,,,,,0.0,0.0,0.0,0.0,Dark-Lighted,,Mail Box,35.99038,-86.6963,True,Crashes_MPO_2020
102849433,2020-12-04,2020,Williamson,,1.0,Property Damage,0,0,,,,,0.0,0.0,0.0,0.0,Dark-Lighted,,Motor Vehicle-In-Transport On Same Roadway,35.99819,-86.80214,True,Crashes_MPO_2020
102849469,2020-12-04,2020,Williamson,,1.0,Property Damage,0,0,,,,,0.0,0.0,0.0,0.0,Dark-Lighted,,Motor Vehicle-In-Transport On Same Roadway,35.93541,-86.82372,False,Crashes_MPO_2020
102849480,2020-12-03,2020,Williamson,,1.0,Property Damage,0,0,,,,,0.0,0.0,0.0,0.0,Dark-Lighted,,Motor Vehicle-In-Transport On Same Roadway,35.95078,-86.80672,False,Crashes_MPO_2020
102849621,2020-12-04,2020,Williamson,,1.0,Property Damage,0,0,,,,,0.0,0.0,0.0,0.0,Dark-Lighted,,Other Object,36.03321,-86.78886,True,Crashes_MPO_2020
102849636,2020-12-04,2020,Williamson,,1.0,Property Damage,0,0,,,,,0.0,0.0,0.0,0.0,Dark-Lighted,,Mail Box,36.00884,-86.77297,True,Crashes_MPO_2020
102849729,2020-12-05,2020,Davidson,,1.0,Suspected Minor Injury,0,0,,,,,0.0,0.0,0.0,0.0,Daylight,,Motor Vehicle-In-Transport On Same Roadway,36.04588,-86.77794,False,Crashes_MPO_2020
102849767,2020-12-05,2020,Williamson,,1.0,Property Damage,0,0,,,,,0.0,0.0,0.0,0.0,Daylight,Clear,Motor Vehicle-In-Transport On Same Roadway,35.93185,-86.87693,False,Crashes_MPO_2020
102849828,2020-12-05,2020,Davidson,,1.0,Property Damage,0,0,,,,,0.0,0.0,0.0,0.0,Daylight,,Motor Vehicle-In-Transport On Same Roadway,36.04543,-86.71264,False,Crashes_MPO_2020
102849942,2020-12-05,2020,Williamson,,1.0,Property Damage,0,0,,,,,0.0,0.0,0.0,0.0,Daylight,Clear,Motor Vehicle-In-Transport On Same Roadway,35.99782,-86.79893,True,Crashes_MPO_2020
102849993,2020-12-04,2020,Williamson,,1.0,Suspected Minor Injury,0,0,,,,,0.0,0.0,0.0,0.0,Dark-Not Lighted,,Culvert,36.00671,-86.78853,True,Crashes_MPO_2020
102850102,2020-12-05,2020,Williamson,,1.0,Property Damage,0,0,,,,,0.0,0.0,0.0,0.0,Daylight,,Motor Vehicle-In-Transport On Same Roadway,35.96505,-86.81608,True,Crashes_MPO_2020
102850113,2020-12-05,2020,Williamson,,1.0,Property Damage,0,0,,,,,0.0,0.0,0.0,0.0,Daylight,,Motor Vehicle-In-Transport On Same Roadway,35.94795,-86.81995,False,Crashes_MPO_2020
102850128,2020-12-05,2020,Williamson,,1.0,Property Damage,0,0,,,,,0.0,0.0,0.0,0.0,Daylight,,Motor Vehicle-In-Transport On Same Roadway,35.93127,-86.87663,False,Crashes_MPO_2020
102850160,2020-11-26,2020,Williamson,,1.0,Suspected Serious Injury,0,0,,,,,0.0,1.0,0.0,0.0,Dark-Not Lighted,Clear,Embankment Rock/Stone/Concrete,35.92629,-86.72825,False,Crashes_MPO_2020
102850222,2020-12-05,2020,Davidson,,1.0,Suspected Minor Injury,0,0,,,,,0.0,0.0,0.0,0.0,Dark-Lighted,,Motor Vehicle-In-Transport On Same Roadway,36.04625,-86.68395,False,Crashes_MPO_2020
102850224,2020-12-05,2020,Williamson,,1.0,Property Damage,0,0,,,,,0.0,0.0,0.0,0.0,Dark-Lighted,,Motor Vehicle-In-Transport On Same Roadway,35.95179,-86.81925,False,Crashes_MPO_2020
102850276,2020-12-05,2020,Davidson,,1.0,Property Damage,0,0,,,,,0.0,0.0,0.0,0.0,Dark-Lighted,,Motor Vehicle-In-Transport On Same Roadway,36.04522,-86.71479,False,Crashes_MPO_2020
102840169,2020-11-24,2020,Davidson,,1.0,Property Damage,0,0,,,,,0.0,0.0,0.0,0.0,Daylight,,Motor Vehicle-In-Transport On Same Roadway,36.03771,-86.78482,False,Crashes_MPO_2020
102840236,2020-11-24,2020,Williamson,,1.0,Property Damage,0,0,,,,,0.0,0.0,0.0,0.0,Daylight,Clear,Motor Vehicle-In-Transport On Same Roadway,35.92447,-86.79439,False,Crashes_MPO_2020
102840296,2020-11-24,2020,Williamson,,1.0,Suspected Minor Injury,0,0,,,,,0.0,0.0,0.0,0.0,Daylight,,Motor Vehicle-In-Transport On Same Roadway,36.00657,-86.80536,True,Crashes_MPO_2020
102840333,2020-11-24,2020,Williamson,,1.0,Suspected Minor Injury,0,0,,,,,0.0,0.0,0.0,0.0,Daylight,,Motor Vehicle-In-Transport On Same Roadway,35.99781,-86.79886,True,Crashes_MPO_2020
102840514,2020-11-24,2020,Williamson,,1.0,Property Damage,0,0,,,,,0.0,0.0,0.0,0.0,Daylight,Clear,Motor Vehicle-In-Transport On Same Roadway,35.94798,-86.81714,False,Crashes_MPO_2020
102840571,2020-11-23,2020,Williamson,,1.0,Property Damage,0,0,,,,,0.0,0.0,0.0,0.0,Dark-Lighted,Clear,Motor Vehicle-In-Transport On Same Roadway,35.96168,-86.81526,False,Crashes_MPO_2020
102840735,2020-11-24,2020,Davidson,,1.0,Property Damage,0,0,,,,,0.0,0.0,0.0,0.0,Dark-Lighted,,Motor Vehicle-In-Transport On Same Roadway,36.0446,-86.72508,False,Crashes_MPO_2020
102840737,2020-11-24,2020,Davidson,,1.0,Property Damage,0,0,,,,,0.0,0.0,0.0,0.0,Dusk,,Motor Vehicle-In-Transport On Same Roadway,35.99584,-86.69094,False,Crashes_MPO_2020
102840752,2020-11-24,2020,Williamson,,1.0,Property Damage,0,0,,,,,0.0,0.0,0.0,0.0,Dusk,Clear,Motor Vehicle-In-Transport On Same Roadway,35.93609,-86.81805,False,Crashes_MPO_2020
102840758,2020-11-24,2020,Davidson,,1.0,Property Damage,0,0,,,,,0.0,0.0,0.0,0.0,Dark-Lighted,,Motor Vehicle-In-Transport On Same Roadway,36.04245,-86.71294,False,Crashes_MPO_2020
102840896,2020-11-23,2020,Williamson,,1.0,Property Damage,0,0,,,,,0.0,0.0,0.0,0.0,Daylight,,Thrown Or Falling Object,36.0057,-86.78925,True,Crashes_MPO_2020
102840897,2020-11-24,2020,Williamson,,1.0,Suspected Minor Injury,0,0,,,,,0.0,0.0,0.0,0.0,Daylight,,Ditch,35.93674,-86.69411,False,Crashes_MPO_2020
102841100,2020-11-25,2020,Williamson,,1.0,Property Damage,0,0,,,,,0.0,0.0,0.0,0.0,Daylight,Rain,Motor Vehicle-In-Transport On Same Roadway,35.93496,-86.77654,False,Crashes_MPO_2020
102841164,2020-11-24,2020,Williamson,,1.0,Property Damage,0,0,,,,,0.0,0.0,0.0,0.0,Dark-Lighted,,Motor Vehicle-In-Transport On Same Roadway,35.95209,-86.81805,False,Crashes_MPO_2020
102841238,2020-11-25,2020,Williamson,,1.0,Property Damage,0,0,,,,,0.0,0.0,0.0,0.0,Daylight,Rain,Deer,35.95828,-86.84253,False,Crashes_MPO_2020
102841281,2020-11-25,2020,Williamson,,1.0,Property Damage,0,0,,,,,0.0,0.0,0.0,0.0,Daylight,,Motor Vehicle-In-Transport On Same Roadway,35.97039,-86.77379,True,Crashes_MPO_2020
102841296,2020-11-25,2020,Williamson,,1.0,Property Damage,0,0,,,,,0.0,0.0,0.0,0.0,Daylight,Cloudy,Guard Rail End,35.95387,-86.72131,False,Crashes_MPO_2020
102841334,2020-11-22,2020,Davidson,,1.0,Suspected Minor Injury,0,0,,,,,0.0,0.0,0.0,0.0,Daylight,,Concrete Traffic Barrier,36.03528,-86.78326,False,Crashes_MPO_2020
102841342,2020-11-25,2020,Davidson,,1.0,Property Damage,0,0,,,,,0.0,0.0,0.0,0.0,Daylight,,Motor Vehicle-In-Transport On Same Roadway,36.04426,-86.71313,False,Crashes_MPO_2020
102841352,2020-11-25,2020,Williamson,,1.0,Property Damage,0,0,,,,,0.0,0.0,0.0,0.0,Daylight,,Motor Vehicle-In-Transport On Same Roadway,35.966743,-86.809103,True,Crashes_MPO_2020
102841353,2020-11-25,2020,Williamson,,1.0,Property Damage,0,0,,,,,0.0,0.0,0.0,0.0,Daylight,,Ditch,36.00088,-86.83084,False,Crashes_MPO_2020
102841427,2020-11-24,2020,Williamson,,1.0,Property Damage,0,0,,,,,0.0,0.0,0.0,0.0,Dark-Lighted,Clear,Motor Vehicle-In-Transport On Same Roadway,35.94217,-86.81618,False,Crashes_MPO_2020
102841428,2020-11-24,2020,Williamson,,1.0,Suspected Minor Injury,0,0,,,,,0.0,0.0,0.0,0.0,Dark-Lighted,Clear,Motor Vehicle-In-Transport On Same Roadway,35.94329,-86.81579,False,Crashes_MPO_2020
102841626,2020-11-25,2020,Davidson,,1.0,Property Damage,0,0,,,,,0.0,0.0,0.0,0.0,Dark-Lighted,,Motor Vehicle-In-Transport On Same Roadway,36.04028,-86.76837,False,Crashes_MPO_2020
102841685,2020-11-25,2020,Davidson,,1.0,Property Damage,0,0,,,,,0.0,0.0,0.0,0.0,Dark-Not Lighted,,Other Animal,36.02542,-86.69014,False,Crashes_MPO_2020
102841854,2020-11-25,2020,Williamson,,1.0,Property Damage,0,0,,,,,0.0,0.0,0.0,0.0,Dark-Lighted,Clear,Parked Motor Vehicle,35.92956,-86.85295,False,Crashes_MPO_2020
102841885,2020-11-26,2020,Davidson,,1.0,Property Damage,0,0,,,,,0.0,0.0,0.0,0.0,Dark-Lighted,,Luminaire Light Support,36.04543,-86.70362,False,Crashes_MPO_2020
102842027,2020-11-25,2020,Williamson,,1.0,Property Damage,0,0,,,,,0.0,0.0,0.0,0.0,Daylight,,Motor Vehicle-In-Transport On Same Roadway,35.9977,-86.79782,True,Crashes_MPO_2020
102842523,2020-11-26,2020,Williamson,,1.0,Suspected Serious Injury,0,0,,,,,0.0,1.0,0.0,0.0,Dark-Not Lighted,,Motor Vehicle-In-Transport On Same Roadway,36.02644,-86.78491,True,Crashes_MPO_2020
102842613,2020-11-26,2020,Williamson,,1.0,Property Damage,0,0,,,,,0.0,0.0,0.0,0.0,Daylight,,Motor Vehicle-In-Transport On Same Roadway,35.98542,-86.73156,True,Crashes_MPO_2020
102842766,2020-11-27,2020,Davidson,,1.0,Property Damage Under,0,0,,,,,0.0,0.0,0.0,0.0,Daylight,,Motor Vehicle-In-Transport On Same Roadway,35.99687,-86.68989,False,Crashes_MPO_2020
102842773,2020-11-27,2020,Williamson,,1.0,Property Damage,0,0,,,,,0.0,0.0,0.0,0.0,Daylight,,Highway Traffic Sign Post,35.99972,-86.79537,True,Crashes_MPO_2020
102842799,2020-11-25,2020,Williamson,,1.0,Suspected Minor Injury,0,0,,,,,0.0,0.0,0.0,0.0,Daylight,,Fence,35.96288,-86.73683,True,Crashes_MPO_2020
102842805,2020-11-27,2020,Davidson,,1.0,Property Damage,0,0,,,,,0.0,0.0,0.0,0.0,Daylight,,Motor Vehicle-In-Transport On Same Roadway,36.0452,-86.71324,False,Crashes_MPO_2020
102842820,2020-11-27,2020,Williamson,,1.0,Possible Injury,0,0,,,,,0.0,0.0,0.0,0.0,Daylight,,Motor Vehicle-In-Transport On Same Roadway,35.94775,-86.814,False,Crashes_MPO_2020
102843067,2020-11-27,2020,Davidson,,1.0,Property Damage,0,0,,,,,0.0,0.0,0.0,0.0,Daylight,,Motor Vehicle-In-Transport On Same Roadway,36.03758,-86.78511,False,Crashes_MPO_2020
102843248,2020-11-27,2020,Williamson,,1.0,Property Damage Under,0,0,,,,,0.0,0.0,0.0,0.0,Daylight,Clear,Motor Vehicle-In-Transport On Same Roadway,35.9664,-86.81375,False,Crashes_MPO_2020
102843277,2020-11-27,2020,Davidson,,1.0,Property Damage,0,0,,,,,0.0,0.0,0.0,0.0,Daylight,,Motor Vehicle-In-Transport On Same Roadway,36.04741,-86.71351,False,Crashes_MPO_2020
102843452,2020-11-27,2020,Davidson,,1.0,Property Damage,0,0,,,,,0.0,0.0,0.0,0.0,Dark-Lighted,,Motor Vehicle-In-Transport On Same Roadway,35.99831,-86.69189,False,Crashes_MPO_2020
102843470,2020-11-27,2020,Davidson,,1.0,Property Damage,0,0,,,,,0.0,0.0,0.0,0.0,Daylight,,Motor Vehicle-In-Transport On Same Roadway,36.04795,-86.71357,False,Crashes_MPO_2020
102843487,2020-11-27,2020,Davidson,,1.0,Property Damage,0,0,,,,,0.0,0.0,0.0,0.0,Unknown,,Motor Vehicle-In-Transport On Same Roadway,36.04841,-86.69558,False,Crashes_MPO_2020
102843609,2020-11-27,2020,Davidson,,1.0,Property Damage Under,0,0,,,,,0.0,0.0,0.0,0.0,Dark-Not Lighted,,Motor Vehicle-In-Transport On Same Roadway,35.99713,-86.69025,False,Crashes_MPO_2020
102843852,2020-11-28,2020,Davidson,,1.0,Property Damage,0,0,,,,,0.0,0.0,0.0,0.0,Dark-Lighted,Clear,Deer,36.04047,-86.75251,False,Crashes_MPO_2020
102844128,2020-11-28,2020,Davidson,,1.0,Possible Injury,0,0,,,,,0.0,0.0,0.0,0.0,Daylight,,Motor Vehicle-In-Transport On Different Roadway,36.05145,-86.70271,False,Crashes_MPO_2020
102844207,2020-11-28,2020,Davidson,,1.0,Property Damage,0,0,,,,,0.0,0.0,0.0,0.0,Daylight,,Motor Vehicle-In-Transport On Same Roadway,36.0488,-86.71367,False,Crashes_MPO_2020
102844350,2020-11-28,2020,Williamson,,1.0,Property Damage,0,0,,,,,0.0,0.0,0.0,0.0,Daylight,,Motor Vehicle-In-Transport On Same Roadway,35.96674,-86.81155,True,Crashes_MPO_2020
102844491,2020-11-28,2020,Williamson,,1.0,Property Damage,0,0,,,,,0.0,0.0,0.0,0.0,Daylight,Clear,Motor Vehicle-In-Transport On Same Roadway,35.9559,-86.81705,False,Crashes_MPO_2020
102844596,2020-11-28,2020,Williamson,,1.0,Suspected Minor Injury,0,0,,,,,0.0,0.0,0.0,0.0,Dark-Lighted,,Motor Vehicle-In-Transport On Same Roadway,35.97182,-86.82584,True,Crashes_MPO_2020
102844735,2020-11-28,2020,Williamson,,1.0,Property Damage,0,0,,,,,0.0,0.0,0.0,0.0,Dark-Lighted,,Ditch,35.92883,-86.86517,False,Crashes_MPO_2020
102844807,2020-11-29,2020,Williamson,,1.0,Property Damage,0,0,,,,,0.0,0.0,0.0,0.0,Dark-Not Lighted,Cloudy,Deer,35.92964,-86.71637,False,Crashes_MPO_2020
102844873,2020-11-25,2020,Williamson,,1.0,Suspected Minor Injury,0,0,,,,,0.0,0.0,0.0,0.0,Daylight,Cloudy,Motor Vehicle-In-Transport On Same Roadway,35.94278,-86.81597,False,Crashes_MPO_2020
102844874,2020-11-27,2020,Williamson,,1.0,Property Damage,0,0,,,,,0.0,0.0,0.0,0.0,Daylight,Cloudy,Motor Vehicle-In-Transport On Same Roadway,35.96192,-86.81489,False,Crashes_MPO_2020
102844875,2020-11-27,2020,Williamson,,1.0,Property Damage,0,0,,,,,0.0,0.0,0.0,0.0,Daylight,Cloudy,Motor Vehicle-In-Transport On Same Roadway,35.96198,-86.81518,False,Crashes_MPO_2020
102844876,2020-11-27,2020,Williamson,,1.0,Property Damage,0,0,,,,,0.0,0.0,0.0,0.0,Dusk,Cloudy,Motor Vehicle-In-Transport On Same Roadway,35.94582,-86.82538,False,Crashes_MPO_2020