mstrrecnbr,collision_ts,year,county,countystat,crash,crash_type,fatalities,non_motorists,commercial,fatal_c,nonmotor_c,truck_c,fatalc,serious_injuries,ped,bike,lighting,weather,first_harmful_event,latitude,longitude,in_city,src_layer
102844970,2020-11-20,2020,Williamson,,1.0,Possible Injury,0,0,,,,,0.0,0.0,0.0,0.0,Dark-Lighted,,Motor Vehicle-In-Transport On Same Roadway,35.99156,-86.79881,True,Crashes_MPO_2020
102845131,2020-11-29,2020,Williamson,,1.0,Property Damage,0,0,,,,,0.0,0.0,0.0,0.0,Daylight,,Motor Vehicle-In-Transport On Same Roadway,35.9407,-86.83934,False,Crashes_MPO_2020
102845264,2020-11-29,2020,Williamson,,1.0,Property Damage Under,0,0,,,,,0.0,0.0,0.0,0.0,,,,35.965802,-86.805821,True,Crashes_MPO_2020
102845311,2020-11-29,2020,Williamson,,1.0,Property Damage,0,0,,,,,0.0,0.0,0.0,0.0,Daylight,,"Over Turn, Roll Over",35.96628,-86.7006,False,Crashes_MPO_2020
102845323,2020-11-29,2020,Williamson,,1.0,Property Damage,0,0,,,,,0.0,0.0,0.0,0.0,Dusk,,Motor Vehicle-In-Transport On Same Roadway,35.95743,-86.73868,True,Crashes_MPO_2020
102845328,2020-11-29,2020,Davidson,,1.0,Property Damage,0,0,,,,,0.0,0.0,0.0,0.0,Daylight,,Motor Vehicle-In-Transport On Same Roadway,36.04537,-86.71326,False,Crashes_MPO_2020
102845343,2020-11-29,2020,Davidson,,1.0,Property Damage,0,0,,,,,0.0,0.0,0.0,0.0,Daylight,,Motor Vehicle-In-Transport On Same Roadway,36.04561,-86.71073,False,Crashes_MPO_2020
102845432,2020-11-29,2020,Davidson,,1.0,Property Damage,0,0,,,,,0.0,0.0,0.0,0.0,Dark-Not Lighted,,Motor Vehicle-In-Transport On Same Roadway,36.043,-86.71299,False,Crashes_MPO_2020
102845436,2020-11-29,2020,Davidson,,1.0,Suspected Minor Injury,0,0,,,,,0.0,0.0,0.0,0.0,Dark-Lighted,,Motor Vehicle-In-Transport On Same Roadway,36.05366,-86.71502,False,Crashes_MPO_2020
102845555,2020-11-29,2020,Davidson,,1.0,Possible Injury,0,0,,,,,0.0,0.0,0.0,0.0,Dark-Lighted,,Motor Vehicle-In-Transport On Same Roadway,36.04086,-86.77367,False,Crashes_MPO_2020
102845717,2020-11-30,2020,Williamson,,1.0,Property Damage,0,0,,,,,0.0,0.0,0.0,0.0,Dark-Not Lighted,,Motor Vehicle-In-Transport On Same Roadway,35.9348,-86.86075,False,Crashes_MPO_2020
102845784,2020-11-30,2020,Davidson,,1.0,Property Damage,0,0,,,,,0.0,0.0,0.0,0.0,Daylight,,Motor Vehicle-In-Transport On Same Roadway,36.03747,-86.79098,False,Crashes_MPO_2020
102845976,2020-11-30,2020,Davidson,,1.0,Property Damage,0,0,,,,,0.0,0.0,0.0,0.0,Daylight,,Motor Vehicle-In-Transport On Same Roadway,36.0143,-86.70494,False,Crashes_MPO_2020
102855676,2020-12-12,2020,Williamson,,1.0,Possible Injury,0,0,,,,,0.0,0.0,0.0,0.0,Daylight,,Motor Vehicle-In-Transport On Same Roadway,35.96133,-86.81226,False,Crashes_MPO_2020
102855788,2020-12-12,2020,Williamson,,1.0,Property Damage,0,0,,,,,0.0,0.0,0.0,0.0,Daylight,,Motor Vehicle-In-Transport On Same Roadway,35.96525,-86.80012,True,Crashes_MPO_2020
102855829,2020-12-12,2020,Williamson,,1.0,Property Damage,0,0,,,,,0.0,0.0,0.0,0.0,Daylight,,Motor Vehicle-In-Transport On Same Roadway,35.95891,-86.81612,False,Crashes_MPO_2020
102855902,2020-12-12,2020,Williamson,,1.0,Suspected Minor Injury,0,0,,,,,0.0,0.0,0.0,0.0,Dark-Not Lighted,,Culvert,36.04108,-86.85628,True,Crashes_MPO_2020
102855929,2020-12-11,2020,Davidson,,1.0,Property Damage,0,0,,,,,0.0,0.0,0.0,0.0,Dark-Not Lighted,,Motor Vehicle-In-Transport On Same Roadway,36.03512,-86.78305,False,Crashes_MPO_2020
102855931,2020-12-12,2020,Williamson,,1.0,Property Damage Under,0,0,,,,,0.0,0.0,0.0,0.0,,,,35.97931,-86.80304,True,Crashes_MPO_2020
102855943,2020-12-12,2020,Davidson,,1.0,Property Damage,0,0,,,,,0.0,0.0,0.0,0.0,Daylight,,Parked Motor Vehicle,36.05142,-86.72252,False,Crashes_MPO_2020
102856077,2020-12-13,2020,Davidson,,1.0,Property Damage,0,0,,,,,0.0,0.0,0.0,0.0,Dark-Lighted,,Mail Box,36.03514,-86.70684,False,Crashes_MPO_2020
102856241,2020-12-13,2020,Williamson,,1.0,Property Damage,0,0,,,,,0.0,0.0,0.0,0.0,Daylight,Clear,Motor Vehicle-In-Transport On Same Roadway,35.93423,-86.81894,False,Crashes_MPO_2020
102856420,2020-12-13,2020,Williamson,,1.0,Suspected Minor Injury,0,0,,,,,0.0,0.0,0.0,0.0,Daylight,,Motor Vehicle-In-Transport On Same Roadway,35.99781,-86.79886,True,Crashes_MPO_2020
102856550,2020-12-10,2020,Williamson,,1.0,Property Damage,0,0,,,,,0.0,0.0,0.0,0.0,Dark-Not Lighted,,Motor Vehicle-In-Transport On Same Roadway,36.00283,-86.79222,True,Crashes_MPO_2020
102856599,2020-12-13,2020,Davidson,,1.0,Suspected Minor Injury,0,0,,,,,0.0,0.0,0.0,0.0,Dark-Not Lighted,,Motor Vehicle-In-Transport On Same Roadway,36.0374,-86.78657,False,Crashes_MPO_2020
102856705,2020-12-11,2020,Williamson,,1.0,Suspected Minor Injury,0,0,,,,,0.0,0.0,0.0,0.0,Dark-Lighted,,Motor Vehicle-In-Transport On Same Roadway,35.93485,-86.82196,False,Crashes_MPO_2020
102856777,2020-12-14,2020,Davidson,,1.0,Property Damage,0,0,,,,,0.0,0.0,0.0,0.0,Dark-Lighted,,Motor Vehicle-In-Transport On Same Roadway,36.0387,-86.73097,False,Crashes_MPO_2020
102856818,2020-12-14,2020,Davidson,,1.0,Property Damage,0,0,,,,,0.0,0.0,0.0,0.0,Daylight,,Motor Vehicle-In-Transport On Same Roadway,36.04001,-86.74347,False,Crashes_MPO_2020
102856908,2020-12-14,2020,Williamson,,1.0,Property Damage,0,0,,,,,0.0,0.0,0.0,0.0,Daylight,Cloudy,Motor Vehicle-In-Transport On Same Roadway,35.93655,-86.87862,False,Crashes_MPO_2020
102856942,2020-12-14,2020,Williamson,,1.0,Property Damage,0,0,,,,,0.0,0.0,0.0,0.0,Daylight,,Other Animal,36.0138,-86.71787,False,Crashes_MPO_2020
102857061,2020-12-14,2020,Davidson,,1.0,Property Damage,0,0,,,,,0.0,0.0,0.0,0.0,Daylight,,Motor Vehicle-In-Transport On Same Roadway,36.02679,-86.71273,False,Crashes_MPO_2020
102857125,2020-12-14,2020,Williamson,,1.0,Property Damage Under,0,0,,,,,0.0,0.0,0.0,0.0,Daylight,Clear,Motor Vehicle-In-Transport On Same Roadway,35.92589,-86.87306,False,Crashes_MPO_2020
102857217,2020-12-14,2020,Williamson,,1.0,Property Damage,0,0,,,,,0.0,0.0,0.0,0.0,Dark-Lighted,Cloudy,Deer,35.99308,-86.69579,True,Crashes_MPO_2020
102853096,2020-12-09,2020,Davidson,,1.0,Property Damage,0,0,,,,,0.0,0.0,0.0,0.0,Daylight,,Motor Vehicle-In-Transport On Same Roadway,36.04519,-86.71597,False,Crashes_MPO_2020
102857290,2020-12-13,2020,Williamson,,1.0,Property Damage,0,0,,,,,0.0,0.0,0.0,0.0,Dark-Lighted,,Other Post/Pole Support,35.93504,-86.81026,False,Crashes_MPO_2020
102857447,2020-12-15,2020,Williamson,,1.0,Property Damage,0,0,,,,,0.0,0.0,0.0,0.0,Daylight,,Motor Vehicle-In-Transport On Same Roadway,35.99643,-86.78798,True,Crashes_MPO_2020
102857551,2020-12-15,2020,Williamson,,1.0,Property Damage,0,0,,,,,0.0,0.0,0.0,0.0,Daylight,,Motor Vehicle-In-Transport On Same Roadway,36.03533,-86.78975,True,Crashes_MPO_2020
102857719,2020-12-15,2020,Davidson,,1.0,Property Damage,0,0,,,,,0.0,0.0,0.0,0.0,Daylight,,Concrete Traffic Barrier,36.02951,-86.87624,False,Crashes_MPO_2020
102857720,2020-12-15,2020,Davidson,,1.0,Property Damage,0,0,,,,,0.0,0.0,0.0,0.0,Daylight,,Motor Vehicle-In-Transport On Same Roadway,36.05415,-86.71993,False,Crashes_MPO_2020
102857856,2020-12-15,2020,Williamson,,1.0,Property Damage,0,0,,,,,0.0,0.0,0.0,0.0,Daylight,,Parked Motor Vehicle,35.93884,-86.82127,False,Crashes_MPO_2020
102857857,2020-12-15,2020,Williamson,,1.0,Property Damage,0,0,,,,,0.0,0.0,0.0,0.0,Daylight,Clear,Motor Vehicle-In-Transport On Same Roadway,35.92957,-86.82437,False,Crashes_MPO_2020
102857874,2020-12-15,2020,Williamson,,1.0,Property Damage,0,0,,,,,0.0,0.0,0.0,0.0,Dusk,,Motor Vehicle-In-Transport On Same Roadway,35.92254,-86.87194,False,Crashes_MPO_2020
102857881,2020-12-15,2020,Williamson,,1.0,Property Damage,0,0,,,,,0.0,0.0,0.0,0.0,Daylight,Cloudy,Motor Vehicle-In-Transport On Same Roadway,35.9479,-86.81945,False,Crashes_MPO_2020
102857900,2020-12-15,2020,Williamson,,1.0,Property Damage,0,0,,,,,0.0,0.0,0.0,0.0,Dark-Lighted,,Motor Vehicle-In-Transport On Same Roadway,35.98404,-86.72309,True,Crashes_MPO_2020
102857934,2020-12-15,2020,Davidson,,1.0,Possible Injury,0,0,,,,,0.0,0.0,0.0,0.0,Dark-Lighted,,Motor Vehicle-In-Transport On Same Roadway,35.99493,-86.68718,False,Crashes_MPO_2020
102858124,2020-12-16,2020,Williamson,,1.0,Property Damage,0,0,,,,,0.0,0.0,0.0,0.0,Dawn,Rain,Deer,35.92617,-86.72669,False,Crashes_MPO_2020
102858186,2020-12-16,2020,Davidson,,1.0,Property Damage,0,0,,,,,0.0,0.0,0.0,0.0,Daylight,,Motor Vehicle-In-Transport On Same Roadway,35.99687,-86.68989,False,Crashes_MPO_2020
102858192,2020-12-16,2020,Davidson,,1.0,Suspected Minor Injury,0,0,,,,,0.0,0.0,0.0,0.0,Daylight,,Motor Vehicle-In-Transport On Same Roadway,36.04445,-86.72525,False,Crashes_MPO_2020
102858198,2020-12-16,2020,Davidson,,1.0,Suspected Minor Injury,0,0,,,,,0.0,0.0,0.0,0.0,Daylight,,Motor Vehicle-In-Transport On Same Roadway,36.04685,-86.67941,False,Crashes_MPO_2020
102858202,2020-12-16,2020,Williamson,,1.0,Property Damage,0,0,,,,,0.0,0.0,0.0,0.0,Daylight,,Motor Vehicle-In-Transport On Same Roadway,36.01978,-86.74213,False,Crashes_MPO_2020
102858244,2020-12-16,2020,Williamson,,1.0,Property Damage,0,0,,,,,0.0,0.0,0.0,0.0,Daylight,,Motor Vehicle-In-Transport On Same Roadway,35.99719,-86.79389,True,Crashes_MPO_2020
102858286,2020-12-16,2020,Davidson,,1.0,Possible Injury,0,0,,,,,0.0,0.0,0.0,0.0,Daylight,,Motor Vehicle-In-Transport On Same Roadway,35.99683,-86.68983,False,Crashes_MPO_2020
102858383,2020-12-16,2020,Williamson,,1.0,Property Damage,0,0,,,,,0.0,0.0,0.0,0.0,Daylight,,Motor Vehicle-In-Transport On Same Roadway,36.03175,-86.78961,True,Crashes_MPO_2020
102858390,2020-12-04,2020,Williamson,,1.0,Property Damage,0,0,,,,,0.0,0.0,0.0,0.0,Daylight,Rain,Motor Vehicle-In-Transport On Same Roadway,35.94791,-86.8183,False,Crashes_MPO_2020
102858474,2020-12-16,2020,Williamson,,1.0,Property Damage Under,0,0,,,,,0.0,0.0,0.0,0.0,Daylight,Cloudy,Motor Vehicle-In-Transport On Same Roadway,35.94486,-86.82874,False,Crashes_MPO_2020
102858501,2020-12-16,2020,Williamson,,1.0,Property Damage,0,0,,,,,0.0,0.0,0.0,0.0,Daylight,,Motor Vehicle-In-Transport On Same Roadway,35.99487,-86.77877,True,Crashes_MPO_2020
102858502,2020-12-16,2020,Davidson,,1.0,Property Damage,0,0,,,,,0.0,0.0,0.0,0.0,Daylight,Clear,Motor Vehicle-In-Transport On Same Roadway,36.04062,-86.74363,False,Crashes_MPO_2020
102858516,2020-12-16,2020,Williamson,,1.0,Property Damage,0,0,,,,,0.0,0.0,0.0,0.0,Dusk,Rain,Ditch,35.9679,-86.86029,False,Crashes_MPO_2020
102858537,2020-12-16,2020,Williamson,,1.0,Property Damage,0,0,,,,,0.0,0.0,0.0,0.0,Daylight,Rain,Standing Tree,35.97238,-86.86667,False,Crashes_MPO_2020
102858581,2020-12-16,2020,Williamson,,1.0,Property Damage,0,0,,,,,0.0,0.0,0.0,0.0,Dark-Lighted,Rain,Motor Vehicle-In-Transport On Same Roadway,35.94742,-86.81405,False,Crashes_MPO_2020
102858842,2020-12-17,2020,Davidson,,1.0,Property Damage,0,0,,,,,0.0,0.0,0.0,0.0,Dawn,,Motor Vehicle-In-Transport On Same Roadway,36.0453,-86.70168,False,Crashes_MPO_2020
102858890,2020-12-17,2020,Davidson,,1.0,Property Damage,0,0,,,,,0.0,0.0,0.0,0.0,Daylight,,Motor Vehicle-In-Transport On Same Roadway,36.05004,-86.72483,False,Crashes_MPO_2020
102858899,2020-12-17,2020,Williamson,,1.0,Property Damage,0,0,,,,,0.0,0.0,0.0,0.0,Daylight,Clear,Motor Vehicle-In-Transport On Same Roadway,35.93191,-86.79441,False,Crashes_MPO_2020
102859164,2020-12-15,2020,Williamson,,1.0,Property Damage,0,0,,,,,0.0,0.0,0.0,0.0,Dark-Lighted,Clear,Parked Motor Vehicle,35.95173,-86.80604,False,Crashes_MPO_2020
102859220,2020-12-17,2020,Williamson,,1.0,Property Damage Under,0,0,,,,,0.0,0.0,0.0,0.0,Daylight,Clear,Motor Vehicle-In-Transport On Same Roadway,35.93511,-86.87823,False,Crashes_MPO_2020
102859265,2020-12-17,2020,Davidson,,1.0,Property Damage,0,0,,,,,0.0,0.0,0.0,0.0,Daylight,,Motor Vehicle-In-Transport On Same Roadway,36.04028,-86.72727,False,Crashes_MPO_2020
102859273,2020-12-17,2020,Williamson,,1.0,Property Damage,0,0,,,,,0.0,0.0,0.0,0.0,Daylight,,Motor Vehicle-In-Transport On Same Roadway,35.94338,-86.85449,False,Crashes_MPO_2020
102859349,2020-12-17,2020,Williamson,,1.0,Property Damage,0,0,,,,,0.0,0.0,0.0,0.0,Dark-Lighted,Clear,Motor Vehicle-In-Transport On Same Roadway,35.95225,-86.81904,False,Crashes_MPO_2020
102859359,2020-12-17,2020,Williamson,,1.0,Property Damage,0,0,,,,,0.0,0.0,0.0,0.0,Dusk,,Motor Vehicle-In-Transport On Same Roadway,36.03975,-86.84165,True,Crashes_MPO_2020
102859377,2020-12-17,2020,Williamson,,1.0,Property Damage,0,0,,,,,0.0,0.0,0.0,0.0,Daylight,Cloudy,Motor Vehicle-In-Transport On Same Roadway,35.9572,-86.81647,False,Crashes_MPO_2020
102859394,2020-12-17,2020,Williamson,,1.0,Property Damage,0,0,,,,,0.0,0.0,0.0,0.0,Dark-Lighted,,Motor Vehicle-In-Transport On Same Roadway,35.94786,-86.86362,False,Crashes_MPO_2020
102859412,2020-12-17,2020,Davidson,,1.0,Property Damage Under,0,0,,,,,0.0,0.0,0.0,0.0,Dark-Lighted,,Motor Vehicle-In-Transport On Same Roadway,36.0409,-86.77938,False,Crashes_MPO_2020
102859418,2020-12-17,2020,Davidson,,1.0,Property Damage,0,0,,,,,0.0,0.0,0.0,0.0,Dark-Lighted,,Motor Vehicle-In-Transport On Same Roadway,36.03938,-86.74342,False,Crashes_MPO_2020
102859516,2020-12-17,2020,Williamson,,1.0,Property Damage,0,0,,,,,0.0,0.0,0.0,0.0,Daylight,,Motor Vehicle-In-Transport On Same Roadway,35.95213,-86.81833,False,Crashes_MPO_2020
102859550,2020-12-17,2020,Williamson,,1.0,Property Damage,0,0,,,,,0.0,0.0,0.0,0.0,Daylight,,Motor Vehicle-In-Transport On Same Roadway,35.9325,-86.86247,False,Crashes_MPO_2020
102859551,2020-12-17,2020,Williamson,,1.0,Property Damage,0,0,,,,,0.0,0.0,0.0,0.0,Dark-Lighted,Clear,Motor Vehicle-In-Transport On Same Roadway,35.92641,-86.82447,False,Crashes_MPO_2020
102859568,2020-12-17,2020,Davidson,,1.0,Property Damage,0,0,,,,,0.0,0.0,0.0,0.0,Dark-Lighted,,Motor Vehicle-In-Transport On Same Roadway,36.04543,-86.70361,False,Crashes_MPO_2020
102859617,2020-12-18,2020,Williamson,,1.0,Property Damage,0,0,,,,,0.0,0.0,0.0,0.0,Dark-Lighted,,Luminaire Light Support,35.95143,-86.80765,False,Crashes_MPO_2020
102859647,2020-12-18,2020,Davidson,,1.0,Property Damage,0,0,,,,,0.0,0.0,0.0,0.0,Dark-Lighted,,Highway Traffic Sign Post,36.04519,-86.71568,False,Crashes_MPO_2020
102859719,2020-12-18,2020,Davidson,,1.0,Property Damage,0,0,,,,,0.0,0.0,0.0,0.0,Daylight,,Motor Vehicle-In-Transport On Same Roadway,36.04345,-86.74414,False,Crashes_MPO_2020
102859777,2020-12-18,2020,Williamson,,1.0,Property Damage,0,0,,,,,0.0,0.0,0.0,0.0,,,Parked Motor Vehicle,35.97009,-86.83621,False,Crashes_MPO_2020
102860267,2020-12-18,2020,Williamson,,1.0,Suspected Minor Injury,0,0,,,,,0.0,0.0,0.0,0.0,Daylight,,Motor Vehicle-In-Transport On Same Roadway,35.92625,-86.81619,False,Crashes_MPO_2020
102860343,2020-12-18,2020,Davidson,,1.0,Property Damage,0,0,,,,,0.0,0.0,0.0,0.0,Dark-Lighted,Clear,Motor Vehicle-In-Transport On Same Roadway,36.04226,-86.72647,False,Crashes_MPO_2020
102860424,2020-12-18,2020,Williamson,,1.0,Property Damage,0,0,,,,,0.0,0.0,0.0,0.0,Dark-Lighted,,Standing Tree,35.92885,-86.83084,False,Crashes_MPO_2020
102860653,2020-12-16,2020,Williamson,,1.0,Property Damage,0,0,,,,,0.0,0.0,0.0,0.0,Daylight,,Motor Vehicle-In-Transport On Same Roadway,35.96118,-86.75667,True,Crashes_MPO_2020
102860685,2020-12-19,2020,Williamson,,1.0,Suspected Minor Injury,0,0,,,,,0.0,0.0,0.0,0.0,Dawn,,Other Post/Pole Support,35.95022,-86.81244,False,Crashes_MPO_2020
102861014,2020-12-19,2020,Davidson,,1.0,Property Damage,0,0,,,,,0.0,0.0,0.0,0.0,Dark-Lighted,,Motor Vehicle-In-Transport On Same Roadway,35.99758,-86.69087,False,Crashes_MPO_2020
102861112,2020-12-19,2020,Davidson,,1.0,Property Damage,0,0,,,,,0.0,0.0,0.0,0.0,Daylight,,Motor Vehicle-In-Transport On Same Roadway,36.0394,-86.7819,False,Crashes_MPO_2020
102861180,2020-12-19,2020,Williamson,,1.0,Property Damage Under,0,0,,,,,0.0,0.0,0.0,0.0,,,,35.97349,-86.83295,True,Crashes_MPO_2020
102861341,2020-12-19,2020,Davidson,,1.0,Suspected Minor Injury,0,0,,,,,0.0,0.0,0.0,0.0,Daylight,Cloudy,Motor Vehicle-In-Transport On Different Roadway,36.049,-86.7163,False,Crashes_MPO_2020
102861348,2020-12-18,2020,Williamson,,1.0,Property Damage,0,0,,,,,0.0,0.0,0.0,0.0,Daylight,Clear,Motor Vehicle-In-Transport On Same Roadway,35.93985,-86.87951,False,Crashes_MPO_2020
102861390,2020-12-18,2020,Williamson,,1.0,Possible Injury,0,0,,,,,0.0,0.0,0.0,0.0,Daylight,,Motor Vehicle-In-Transport On Same Roadway,36.00144,-86.80805,True,Crashes_MPO_2020
102861593,2020-12-19,2020,Williamson,,1.0,Property Damage,0,0,,,,,0.0,0.0,0.0,0.0,Dark-Lighted,,Motor Vehicle-In-Transport On Same Roadway,35.99781,-86.79886,True,Crashes_MPO_2020
102861604,2020-12-20,2020,Williamson,,1.0,Property Damage,0,0,,,,,0.0,0.0,0.0,0.0,Daylight,Clear,Motor Vehicle-In-Transport On Same Roadway,35.96458,-86.81449,False,Crashes_MPO_2020
102861659,2020-12-20,2020,Davidson,,1.0,Property Damage,0,0,,,,,0.0,0.0,0.0,0.0,Daylight,,Motor Vehicle-In-Transport On Same Roadway,36.03981,-86.7407,False,Crashes_MPO_2020
102861829,2020-12-20,2020,Williamson,,1.0,Suspected Serious Injury,0,0,,,,,0.0,1.0,0.0,0.0,Dark-Lighted,,Standing Tree,35.95686,-86.80335,False,Crashes_MPO_2020
102861842,2020-12-17,2020,Williamson,,1.0,Suspected Serious Injury,0,0,,,,,0.0,1.0,0.0,0.0,Dark-Not Lighted,,Motor Vehicle-In-Transport On Same Roadway,35.97081,-86.80623,True,Crashes_MPO_2020
102861844,2020-12-20,2020,Davidson,,1.0,Property Damage Under,0,0,,,,,0.0,0.0,0.0,0.0,Dark-Lighted,,Parked Motor Vehicle,36.04537,-86.71326,False,Crashes_MPO_2020
102861852,2020-12-20,2020,Williamson,,1.0,Property Damage,0,0,,,,,0.0,0.0,0.0,0.0,Dark-Not Lighted,,Concrete Traffic Barrier,36.02407,-86.78628,True,Crashes_MPO_2020
102861876,2020-12-20,2020,Williamson,,1.0,Property Damage,0,0,,,,,0.0,0.0,0.0,0.0,Dark-Not Lighted,,Motor Vehicle-In-Transport On Same Roadway,35.96303,-86.69049,False,Crashes_MPO_2020
102862030,2020-12-18,2020,Williamson,,1.0,Property Damage Under,0,1,,,,,0.0,0.0,1.0,0.0,Daylight,Clear,Pedestrian,35.95588,-86.81538,False,Crashes_MPO_2020
102862081,2020-12-21,2020,Davidson,,1.0,Suspected Minor Injury,0,0,,,,,0.0,0.0,0.0,0.0,Daylight,Clear,Motor Vehicle-In-Transport On Same Roadway,36.00551,-86.70001,False,Crashes_MPO_2020
102853178,2020-12-04,2020,Williamson,,1.0,Property Damage,0,0,,,,,0.0,0.0,0.0,0.0,Dark-Not Lighted,Cloudy,Deer,35.92846,-86.74714,False,Crashes_MPO_2020
102853179,2020-12-09,2020,Williamson,,1.0,Property Damage,0,0,,,,,0.0,0.0,0.0,0.0,Dark-Not Lighted,,Concrete Traffic Barrier,35.99897,-86.79596,True,Crashes_MPO_2020
102853182,2020-12-09,2020,Williamson,,1.0,Property Damage,0,0,,,,,0.0,0.0,0.0,0.0,Dusk,Clear,Motor Vehicle-In-Transport On Same Roadway,35.95889,-86.81598,False,Crashes_MPO_2020
102853185,2020-12-09,2020,Davidson,,1.0,Suspected Minor Injury,0,0,,,,,0.0,0.0,0.0,0.0,Dark-Not Lighted,,Motor Vehicle-In-Transport On Same Roadway,36.00065,-86.69483,False,Crashes_MPO_2020
102853201,2020-12-09,2020,Davidson,,1.0,Property Damage,0,0,,,,,0.0,0.0,0.0,0.0,Dark-Lighted,,Motor Vehicle-In-Transport On Same Roadway,36.04639,-86.68368,False,Crashes_MPO_2020
102853247,2020-12-08,2020,Williamson,,1.0,Property Damage Under,0,0,,,,,0.0,0.0,0.0,0.0,Dark-Lighted,Clear,Motor Vehicle-In-Transport On Same Roadway,35.94458,-86.82838,False,Crashes_MPO_2020
102853301,2020-12-09,2020,Davidson,,1.0,Suspected Minor Injury,0,0,,,,,0.0,0.0,0.0,0.0,Dark-Not Lighted,,Motor Vehicle-In-Transport On Same Roadway,36.03894,-86.78269,False,Crashes_MPO_2020
102853553,2020-12-08,2020,Williamson,,1.0,Suspected Minor Injury,0,0,,,,,0.0,0.0,0.0,0.0,Unknown,Clear,Occupant Struck By Own Vehicle,35.96115,-86.83379,False,Crashes_MPO_2020
102853809,2020-12-10,2020,Davidson,,1.0,Property Damage,0,0,,,,,0.0,0.0,0.0,0.0,Daylight,,Motor Vehicle-In-Transport On Same Roadway,36.04543,-86.70361,False,Crashes_MPO_2020
102853913,2020-12-10,2020,Davidson,,1.0,Property Damage,0,0,,,,,0.0,0.0,0.0,0.0,Dusk,,Motor Vehicle-In-Transport On Same Roadway,35.99123,-86.68353,False,Crashes_MPO_2020
102853949,2020-12-10,2020,Williamson,,1.0,Property Damage,0,0,,,,,0.0,0.0,0.0,0.0,Dark-Not Lighted,,Motor Vehicle-In-Transport On Same Roadway,35.9806,-86.67834,False,Crashes_MPO_2020
102854015,2020-12-10,2020,Williamson,,1.0,Property Damage,0,0,,,,,0.0,0.0,0.0,0.0,Dark-Lighted,Clear,Motor Vehicle-In-Transport On Same Roadway,35.96526,-86.81411,False,Crashes_MPO_2020
102854024,2020-12-10,2020,Williamson,,1.0,Property Damage,0,0,,,,,0.0,0.0,0.0,0.0,Dark-Lighted,,Motor Vehicle-In-Transport On Same Roadway,35.96705,-86.8135,True,Crashes_MPO_2020
102854246,2020-12-09,2020,Williamson,,1.0,Property Damage,0,0,,,,,0.0,0.0,0.0,0.0,Dark-Not Lighted,,Motor Vehicle-In-Transport On Same Roadway,35.99274,-86.79865,True,Crashes_MPO_2020