mstrrecnbr,collision_ts,year,county,countystat,crash,crash_type,fatalities,non_motorists,commercial,fatal_c,nonmotor_c,truck_c,fatalc,serious_injuries,ped,bike,lighting,weather,first_harmful_event,latitude,longitude,in_city,src_layer
102854247,2020-12-09,2020,Williamson,,1.0,Property Damage,0,0,,,,,0.0,0.0,0.0,0.0,Dark-Not Lighted,,Motor Vehicle-In-Transport On Same Roadway,35.99274,-86.79865,True,Crashes_MPO_2020
102854248,2020-12-10,2020,Williamson,,1.0,Property Damage,0,0,,,,,0.0,0.0,0.0,0.0,Dark-Not Lighted,,Guard Rail End,36.00596,-86.7893,True,Crashes_MPO_2020
102854250,2020-12-11,2020,Davidson,,1.0,Suspected Minor Injury,0,0,,,,,0.0,0.0,0.0,0.0,Dark-Lighted,,Motor Vehicle-In-Transport On Same Roadway,36.04536,-86.71327,False,Crashes_MPO_2020
102854263,2020-12-10,2020,Williamson,,1.0,Property Damage,0,0,,,,,0.0,0.0,0.0,0.0,Dark-Lighted,,Motor Vehicle-In-Transport On Same Roadway,36.01877,-86.78663,True,Crashes_MPO_2020
102854315,2020-12-11,2020,Davidson,,1.0,Property Damage,0,0,,,,,0.0,0.0,0.0,0.0,Dawn,,Motor Vehicle-In-Transport On Same Roadway,36.04531,-86.71387,False,Crashes_MPO_2020
102854333,2020-12-10,2020,Williamson,,1.0,Property Damage Under,0,0,,,,,0.0,0.0,0.0,0.0,Daylight,Clear,Motor Vehicle-In-Transport On Same Roadway,35.93191,-86.794,False,Crashes_MPO_2020
102854377,2020-12-11,2020,Williamson,,1.0,Property Damage,0,0,,,,,0.0,0.0,0.0,0.0,Daylight,,Motor Vehicle-In-Transport On Same Roadway,35.9718,-86.82577,True,Crashes_MPO_2020
102854468,2020-12-10,2020,Williamson,,1.0,Property Damage,0,0,,,,,0.0,0.0,0.0,0.0,Dusk,,Motor Vehicle-In-Transport On Same Roadway,35.9668,-86.81054,True,Crashes_MPO_2020
102854648,2020-12-10,2020,Davidson,,1.0,Property Damage,0,0,,,,,0.0,0.0,0.0,0.0,Dark-Not Lighted,,Motor Vehicle-In-Transport On Same Roadway,36.03111,-86.78353,True,Crashes_MPO_2020
102854857,2020-12-11,2020,Davidson,,1.0,Property Damage,0,0,,,,,0.0,0.0,0.0,0.0,Daylight,,Motor Vehicle-In-Transport On Same Roadway,36.03352,-86.71296,False,Crashes_MPO_2020
102854935,2020-12-11,2020,Williamson,,1.0,Property Damage,0,0,,,,,0.0,0.0,0.0,0.0,Daylight,,Motor Vehicle-In-Transport On Same Roadway,36.03016,-86.79048,True,Crashes_MPO_2020
102854936,2020-12-11,2020,Williamson,,1.0,Suspected Minor Injury,0,0,,,,,0.0,0.0,0.0,0.0,Daylight,,Motor Vehicle-In-Transport On Same Roadway,36.02193,-86.7951,True,Crashes_MPO_2020
102855081,2020-12-11,2020,Williamson,,1.0,Property Damage,0,0,,,,,0.0,0.0,0.0,0.0,Daylight,Cloudy,Motor Vehicle-In-Transport On Same Roadway,35.93608,-86.82807,False,Crashes_MPO_2020
102855082,2020-12-11,2020,Williamson,,1.0,Suspected Minor Injury,0,0,,,,,0.0,0.0,0.0,0.0,Dark-Lighted,Cloudy,Motor Vehicle-In-Transport On Same Roadway,35.94797,-86.81996,False,Crashes_MPO_2020
102855109,2020-12-11,2020,Davidson,,1.0,Suspected Minor Injury,0,0,,,,,0.0,0.0,0.0,0.0,Dark-Lighted,,Motor Vehicle-In-Transport On Same Roadway,35.99798,-86.69143,False,Crashes_MPO_2020
102855135,2020-12-09,2020,Williamson,,1.0,Property Damage,0,0,,,,,0.0,0.0,0.0,0.0,Dark-Lighted,,Motor Vehicle-In-Transport On Same Roadway,36.01689,-86.78609,True,Crashes_MPO_2020
102855312,2020-12-11,2020,Williamson,,1.0,Property Damage,0,0,,,,,0.0,0.0,0.0,0.0,Daylight,,Motor Vehicle-In-Transport On Same Roadway,35.9251,-86.87349,False,Crashes_MPO_2020
102855429,2020-12-12,2020,Williamson,,1.0,Property Damage,0,0,,,,,0.0,0.0,0.0,0.0,Dark-Not Lighted,Rain,Ditch,35.93278,-86.78566,False,Crashes_MPO_2020
102855475,2020-12-12,2020,Williamson,,1.0,Property Damage,0,0,,,,,0.0,0.0,0.0,0.0,Daylight,,Motor Vehicle-In-Transport On Same Roadway,35.94782,-86.81975,False,Crashes_MPO_2020
102855522,2020-12-12,2020,Williamson,,1.0,Property Damage,0,0,,,,,0.0,0.0,0.0,0.0,Daylight,,Motor Vehicle-In-Transport On Same Roadway,36.01375,-86.78519,True,Crashes_MPO_2020
102855625,2020-12-12,2020,Williamson,,1.0,Property Damage,0,0,,,,,0.0,0.0,0.0,0.0,Daylight,,Ditch,35.96047,-86.7387,True,Crashes_MPO_2020
102862134,2020-12-21,2020,Williamson,,1.0,Property Damage,0,0,,,,,0.0,0.0,0.0,0.0,Daylight,Clear,Motor Vehicle-In-Transport On Same Roadway,35.96387,-86.80039,True,Crashes_MPO_2020
102862260,2020-12-21,2020,Davidson,,1.0,Property Damage,0,0,,,,,0.0,0.0,0.0,0.0,Daylight,,Motor Vehicle-In-Transport On Same Roadway,36.0473,-86.86274,False,Crashes_MPO_2020
102862349,2020-12-21,2020,Williamson,,1.0,Property Damage,0,0,,,,,0.0,0.0,0.0,0.0,Daylight,Clear,Standing Tree,35.9372,-86.6918,False,Crashes_MPO_2020
102862356,2020-12-21,2020,Williamson,,1.0,Property Damage,0,0,,,,,0.0,0.0,0.0,0.0,Dark-Lighted,,Motor Vehicle-In-Transport On Same Roadway,36.03311,-86.78679,True,Crashes_MPO_2020
102862408,2020-12-21,2020,Davidson,,1.0,Property Damage,0,0,,,,,0.0,0.0,0.0,0.0,Dark-Not Lighted,,Motor Vehicle-In-Transport On Same Roadway,36.02594,-86.78493,True,Crashes_MPO_2020
102862518,2020-12-20,2020,Williamson,,1.0,Property Damage,0,0,,,,,0.0,0.0,0.0,0.0,Dark-Lighted,,Motor Vehicle-In-Transport On Same Roadway,35.99551,-86.77887,True,Crashes_MPO_2020
102862546,2020-12-21,2020,Davidson,,1.0,Property Damage,0,0,,,,,0.0,0.0,0.0,0.0,Dark-Lighted,,Motor Vehicle-In-Transport On Same Roadway,36.04523,-86.71676,False,Crashes_MPO_2020
102862673,2020-12-21,2020,Williamson,,1.0,Property Damage,0,0,,,,,0.0,0.0,0.0,0.0,Daylight,Clear,Motor Vehicle-In-Transport On Same Roadway,35.93446,-86.81991,False,Crashes_MPO_2020
102862692,2020-12-21,2020,Williamson,,1.0,Property Damage,0,0,,,,,0.0,0.0,0.0,0.0,Daylight,,Motor Vehicle-In-Transport On Same Roadway,35.96535,-86.70275,False,Crashes_MPO_2020
102862734,2020-12-22,2020,Davidson,,1.0,Property Damage,0,0,,,,,0.0,0.0,0.0,0.0,Daylight,,Motor Vehicle-In-Transport On Same Roadway,36.03735,-86.78705,False,Crashes_MPO_2020
102862753,2020-12-19,2020,Williamson,,1.0,Property Damage,0,0,,,,,0.0,0.0,0.0,0.0,Dark-Lighted,,Motor Vehicle-In-Transport On Same Roadway,36.00992,-86.80298,True,Crashes_MPO_2020
102862902,2020-12-22,2020,Williamson,,1.0,Property Damage,0,0,,,,,0.0,0.0,0.0,0.0,Daylight,,Motor Vehicle-In-Transport On Same Roadway,35.9841,-86.7233,True,Crashes_MPO_2020
102863139,2020-12-22,2020,Davidson,,1.0,Suspected Minor Injury,0,0,,,,,0.0,0.0,0.0,0.0,Dark-Lighted,,Motor Vehicle-In-Transport On Same Roadway,36.0409,-86.77938,False,Crashes_MPO_2020
102863236,2020-12-20,2020,Williamson,,1.0,Property Damage,0,0,,,,,0.0,0.0,0.0,0.0,Dark-Lighted,Clear,Motor Vehicle-In-Transport On Same Roadway,35.94036,-86.82128,False,Crashes_MPO_2020
102863445,2020-12-18,2020,Williamson,,1.0,Property Damage,0,0,,,,,0.0,0.0,0.0,0.0,Dark-Lighted,,Motor Vehicle-In-Transport On Same Roadway,35.97776,-86.80359,True,Crashes_MPO_2020
102863562,2020-12-23,2020,Davidson,,1.0,Suspected Minor Injury,0,0,,,,,0.0,0.0,0.0,0.0,Daylight,,Motor Vehicle-In-Transport On Same Roadway,35.99322,-86.68536,False,Crashes_MPO_2020
102863564,2020-12-21,2020,Davidson,,1.0,Property Damage,0,0,,,,,0.0,0.0,0.0,0.0,Daylight,,Motor Vehicle-In-Transport On Same Roadway,36.0409,-86.77938,False,Crashes_MPO_2020
102863617,2020-12-23,2020,Williamson,,1.0,Property Damage Under,0,0,,,,,0.0,0.0,0.0,0.0,Daylight,Clear,Motor Vehicle-In-Transport On Same Roadway,35.92627,-86.82449,False,Crashes_MPO_2020
102863656,2020-12-23,2020,Davidson,,1.0,Property Damage,0,0,,,,,0.0,0.0,0.0,0.0,Daylight,,Motor Vehicle-In-Transport On Same Roadway,36.00279,-86.69722,False,Crashes_MPO_2020
102863690,2020-12-23,2020,Williamson,,1.0,Property Damage,0,0,,,,,0.0,0.0,0.0,0.0,Dark-Lighted,Clear,Motor Vehicle-In-Transport On Same Roadway,35.92941,-86.84071,False,Crashes_MPO_2020
102863705,2020-12-23,2020,Davidson,,1.0,Property Damage,0,0,,,,,0.0,0.0,0.0,0.0,Dark-Lighted,,Deer,36.04137,-86.74683,False,Crashes_MPO_2020
102863725,2020-12-23,2020,Williamson,,1.0,Property Damage,0,0,,,,,0.0,0.0,0.0,0.0,Dark-Lighted,,Motor Vehicle-In-Transport On Same Roadway,35.96705,-86.8135,True,Crashes_MPO_2020
102863763,2020-12-23,2020,Davidson,,1.0,Possible Injury,0,0,,,,,0.0,0.0,0.0,0.0,Dark-Lighted,,Ditch,36.00383,-86.69842,False,Crashes_MPO_2020
102863775,2020-12-23,2020,Davidson,,1.0,Suspected Minor Injury,0,0,,,,,0.0,0.0,0.0,0.0,Dark-Lighted,,Motor Vehicle-In-Transport On Same Roadway,36.05209,-86.71454,False,Crashes_MPO_2020
102863780,2020-12-23,2020,Davidson,,1.0,Suspected Minor Injury,0,0,,,,,0.0,0.0,0.0,0.0,Daylight,,Motor Vehicle-In-Transport On Same Roadway,36.0409,-86.77938,False,Crashes_MPO_2020
102863804,2020-12-23,2020,Williamson,,1.0,Possible Injury,0,0,,,,,0.0,0.0,0.0,0.0,Dark-Lighted,,Motor Vehicle-In-Transport On Same Roadway,35.99291,-86.81254,True,Crashes_MPO_2020
102863885,2020-12-23,2020,Davidson,,1.0,Property Damage,0,0,,,,,0.0,0.0,0.0,0.0,Dark-Not Lighted,,Motor Vehicle-In-Transport On Same Roadway,36.04431,-86.72541,False,Crashes_MPO_2020
102863999,2020-12-24,2020,Davidson,,1.0,Property Damage,0,0,,,,,0.0,0.0,0.0,0.0,Dawn,,Motor Vehicle-In-Transport On Same Roadway,36.04559,-86.70611,False,Crashes_MPO_2020
102864040,2020-12-24,2020,Davidson,,1.0,Suspected Minor Injury,0,0,,,,,0.0,0.0,0.0,0.0,Daylight,,Embankment Earth,36.04309,-86.78259,False,Crashes_MPO_2020
102864210,2020-12-24,2020,Williamson,,1.0,Property Damage Under,0,0,,,,,0.0,0.0,0.0,0.0,Daylight,Clear,Motor Vehicle-In-Transport On Same Roadway,35.95619,-86.81712,False,Crashes_MPO_2020
102864263,2020-12-24,2020,Williamson,,1.0,Property Damage Under,0,0,,,,,0.0,0.0,0.0,0.0,Daylight,Clear,Motor Vehicle-In-Transport On Same Roadway,35.92957,-86.84213,False,Crashes_MPO_2020
102864309,2020-12-22,2020,Williamson,,1.0,Suspected Serious Injury,0,0,,,,,0.0,1.0,0.0,0.0,Daylight,Clear,Other Fixed Object,35.97759,-86.84056,False,Crashes_MPO_2020
102864329,2020-12-24,2020,Williamson,,1.0,Property Damage Under,0,0,,,,,0.0,0.0,0.0,0.0,Dark-Lighted,Clear,Motor Vehicle-In-Transport On Same Roadway,35.92304,-86.81684,False,Crashes_MPO_2020
102864354,2020-12-24,2020,Davidson,,1.0,Property Damage Under,0,0,,,,,0.0,0.0,0.0,0.0,,,,36.04675,-86.71343,False,Crashes_MPO_2020
102864472,2020-12-25,2020,Williamson,,1.0,Possible Injury,0,0,,,,,0.0,0.0,0.0,0.0,Dark-Not Lighted,,Mail Box,35.94799,-86.6996,False,Crashes_MPO_2020
102864491,2020-12-24,2020,Davidson,,1.0,Property Damage,0,0,,,,,0.0,0.0,0.0,0.0,Dark-Lighted,,Motor Vehicle-In-Transport On Same Roadway,36.04543,-86.70361,False,Crashes_MPO_2020
102864793,2020-12-26,2020,Davidson,,1.0,Property Damage,0,0,,,,,0.0,0.0,0.0,0.0,Daylight,,Shrubbery,36.04673,-86.72395,False,Crashes_MPO_2020
102864816,2020-12-26,2020,Davidson,,1.0,Suspected Minor Injury,0,0,,,,,0.0,0.0,0.0,0.0,Daylight,Clear,Motor Vehicle-In-Transport On Same Roadway,36.04543,-86.70361,False,Crashes_MPO_2020
102864929,2020-12-26,2020,Davidson,,1.0,Possible Injury,0,0,,,,,0.0,0.0,0.0,0.0,Dark-Lighted,,Motor Vehicle-In-Transport On Same Roadway,36.0488,-86.71367,False,Crashes_MPO_2020
102865076,2020-12-27,2020,Davidson,,1.0,Property Damage,0,0,,,,,0.0,0.0,0.0,0.0,Daylight,,Other Object,36.05277,-86.67869,False,Crashes_MPO_2020
102865151,2020-12-27,2020,Davidson,,1.0,Property Damage,0,0,,,,,0.0,0.0,0.0,0.0,Daylight,,Motor Vehicle-In-Transport On Same Roadway,36.05151,-86.71436,False,Crashes_MPO_2020
102865183,2020-12-27,2020,Williamson,,1.0,Property Damage,0,0,,,,,0.0,0.0,0.0,0.0,Daylight,,Motor Vehicle-In-Transport On Same Roadway,35.95785,-86.76768,True,Crashes_MPO_2020
102865203,2020-12-26,2020,Williamson,,1.0,Property Damage,0,0,,,,,0.0,0.0,0.0,0.0,Dark-Lighted,,Motor Vehicle-In-Transport On Same Roadway,35.95988,-86.80184,False,Crashes_MPO_2020
102865213,2020-12-26,2020,Davidson,,1.0,Property Damage,0,0,,,,,0.0,0.0,0.0,0.0,Dark-Lighted,Clear,Motor Vehicle-In-Transport On Same Roadway,36.04228,-86.72642,False,Crashes_MPO_2020
102865315,2020-12-27,2020,Davidson,,1.0,Property Damage,0,0,,,,,0.0,0.0,0.0,0.0,Daylight,,Motor Vehicle-In-Transport On Same Roadway,36.04237,-86.83742,False,Crashes_MPO_2020
102865318,2020-12-27,2020,Williamson,,1.0,Suspected Minor Injury,0,0,,,,,0.0,0.0,0.0,0.0,Dark-Lighted,,Motor Vehicle-In-Transport On Same Roadway,36.01286,-86.80081,True,Crashes_MPO_2020
102865659,2020-12-28,2020,Williamson,,1.0,Property Damage Under,0,0,,,,,0.0,0.0,0.0,0.0,Daylight,Clear,Motor Vehicle-In-Transport On Same Roadway,35.93209,-86.81969,False,Crashes_MPO_2020
102865700,2020-12-28,2020,Williamson,,1.0,Property Damage,0,0,,,,,0.0,0.0,0.0,0.0,Daylight,,Parked Motor Vehicle,35.93329,-86.86052,False,Crashes_MPO_2020
102865820,2020-12-28,2020,Williamson,,1.0,Property Damage,0,0,,,,,0.0,0.0,0.0,0.0,Dark-Lighted,,Motor Vehicle-In-Transport On Same Roadway,35.99539,-86.77771,True,Crashes_MPO_2020
102865887,2020-12-28,2020,Davidson,,1.0,Possible Injury,0,0,,,,,0.0,0.0,0.0,0.0,Daylight,,Motor Vehicle-In-Transport On Same Roadway,36.03235,-86.71278,False,Crashes_MPO_2020
102865914,2020-12-28,2020,Davidson,,1.0,Suspected Minor Injury,0,0,,,,,0.0,0.0,0.0,0.0,Dark-Lighted,,Motor Vehicle-In-Transport On Same Roadway,36.03771,-86.78482,False,Crashes_MPO_2020
102866011,2020-12-18,2020,Williamson,,1.0,Property Damage,0,0,,,,,0.0,0.0,0.0,0.0,Daylight,,Motor Vehicle-In-Motion Outside Trafficway,36.02915,-86.78834,True,Crashes_MPO_2020
102866056,2020-12-29,2020,Williamson,,1.0,Property Damage Under,0,0,,,,,0.0,0.0,0.0,0.0,,,,35.96562,-86.70619,True,Crashes_MPO_2020
102866126,2020-12-29,2020,Williamson,,1.0,Property Damage,0,0,,,,,0.0,0.0,0.0,0.0,Daylight,,Motor Vehicle-In-Transport On Same Roadway,35.92536,-86.86907,False,Crashes_MPO_2020
102866163,2020-12-28,2020,Williamson,,1.0,Property Damage,0,0,,,,,0.0,0.0,0.0,0.0,Daylight,,Motor Vehicle-In-Transport On Same Roadway,35.96994,-86.80629,True,Crashes_MPO_2020
102866250,2020-12-29,2020,Williamson,,1.0,Property Damage Under,0,0,,,,,0.0,0.0,0.0,0.0,Daylight,Clear,Motor Vehicle-In-Transport On Same Roadway,35.96461,-86.80839,False,Crashes_MPO_2020
102866251,2020-12-29,2020,Williamson,,1.0,Property Damage,0,0,,,,,0.0,0.0,0.0,0.0,Daylight,Clear,Motor Vehicle-In-Transport On Same Roadway,35.93446,-86.81991,False,Crashes_MPO_2020
102866289,2020-12-29,2020,Williamson,,1.0,Suspected Minor Injury,0,1,,,,,0.0,0.0,1.0,0.0,Daylight,,Pedestrian,36.02605,-86.7887,True,Crashes_MPO_2020
102866315,2020-12-25,2020,Williamson,,1.0,Property Damage Under,0,0,,,,,0.0,0.0,0.0,0.0,,,,35.95878,-86.80441,False,Crashes_MPO_2020
102866341,2020-12-29,2020,Williamson,,1.0,Property Damage,0,0,,,,,0.0,0.0,0.0,0.0,Daylight,,Motor Vehicle-In-Transport On Same Roadway,35.9295,-86.84135,False,Crashes_MPO_2020
102866343,2020-12-29,2020,Williamson,,1.0,Property Damage Under,0,0,,,,,0.0,0.0,0.0,0.0,,,,35.94885,-86.70197,True,Crashes_MPO_2020
102866384,2020-12-29,2020,Williamson,,1.0,Property Damage,0,0,,,,,0.0,0.0,0.0,0.0,Dusk,,Motor Vehicle-In-Transport On Same Roadway,35.96518,-86.80029,True,Crashes_MPO_2020
102866419,2020-12-29,2020,Davidson,,1.0,Property Damage,0,0,,,,,0.0,0.0,0.0,0.0,Daylight,,Motor Vehicle-In-Transport On Same Roadway,36.0456,-86.71082,False,Crashes_MPO_2020
102866430,2020-12-28,2020,Williamson,,1.0,Property Damage,0,0,,,,,0.0,0.0,0.0,0.0,Dark-Lighted,Clear,Motor Vehicle-In-Transport On Same Roadway,35.9473,-86.82067,False,Crashes_MPO_2020
102866601,2020-12-30,2020,Davidson,,1.0,Property Damage,0,0,,,,,0.0,0.0,0.0,0.0,Dark-Lighted,,Other Non-Collision,36.0406,-86.78111,False,Crashes_MPO_2020
102866612,2020-12-30,2020,Davidson,,1.0,Property Damage,0,0,,,,,0.0,0.0,0.0,0.0,Dark-Not Lighted,Clear,Standing Tree,36.03122,-86.87558,False,Crashes_MPO_2020
102866625,2020-12-26,2020,Williamson,,1.0,Property Damage,0,0,,,,,0.0,0.0,0.0,0.0,Daylight,,Motor Vehicle-In-Transport On Same Roadway,35.99564,-86.78022,True,Crashes_MPO_2020
102866643,2020-12-19,2020,Williamson,,1.0,Property Damage,0,0,,,,,0.0,0.0,0.0,0.0,Dark-Lighted,,Motor Vehicle-In-Transport On Same Roadway,36.00268,-86.79268,True,Crashes_MPO_2020
102866762,2020-12-25,2020,Williamson,,1.0,Property Damage,0,0,,,,,0.0,0.0,0.0,0.0,Daylight,Cloudy,Ditch,35.94523,-86.8773,False,Crashes_MPO_2020
102866763,2020-12-30,2020,Williamson,,1.0,Property Damage,0,0,,,,,0.0,0.0,0.0,0.0,Daylight,Clear,Motor Vehicle-In-Transport On Same Roadway,35.9469,-86.82222,False,Crashes_MPO_2020
102866791,2020-12-30,2020,Williamson,,1.0,Property Damage Under,0,0,,,,,0.0,0.0,0.0,0.0,,,,36.02844,-86.79142,True,Crashes_MPO_2020
102866862,2020-12-30,2020,Williamson,,1.0,Property Damage Under,0,0,,,,,0.0,0.0,0.0,0.0,Daylight,Cloudy,Motor Vehicle-In-Transport On Same Roadway,35.9667,-86.81121,True,Crashes_MPO_2020
102866889,2020-12-30,2020,Williamson,,1.0,Property Damage,0,0,,,,,0.0,0.0,0.0,0.0,Daylight,Clear,Motor Vehicle-In-Transport On Same Roadway,35.92625,-86.81619,False,Crashes_MPO_2020
102866890,2020-12-30,2020,Davidson,,1.0,Property Damage,0,0,,,,,0.0,0.0,0.0,0.0,Daylight,,Motor Vehicle-In-Transport On Same Roadway,35.99548,-86.68787,False,Crashes_MPO_2020
102866954,2020-12-30,2020,Williamson,,1.0,Property Damage,0,0,,,,,0.0,0.0,0.0,0.0,Daylight,Clear,Motor Vehicle-In-Transport On Same Roadway,35.92366,-86.86782,False,Crashes_MPO_2020
102867015,2020-12-30,2020,Davidson,,1.0,Property Damage,0,0,,,,,0.0,0.0,0.0,0.0,Dark-Lighted,,Other Object,36.04645,-86.77712,False,Crashes_MPO_2020
102867052,2020-12-30,2020,Williamson,,1.0,Property Damage,0,0,,,,,0.0,0.0,0.0,0.0,Dark-Lighted,Clear,Motor Vehicle-In-Transport On Same Roadway,35.94477,-86.82853,False,Crashes_MPO_2020
102867110,2020-12-30,2020,Williamson,,1.0,Property Damage,0,0,,,,,0.0,0.0,0.0,0.0,Dark-Lighted,Rain,Motor Vehicle-In-Transport On Same Roadway,35.97334,-86.83305,True,Crashes_MPO_2020
102867138,2020-12-30,2020,Davidson,,1.0,Property Damage,0,0,,,,,0.0,0.0,0.0,0.0,Dark-Lighted,,Motor Vehicle-In-Transport On Same Roadway,36.0374,-86.78657,False,Crashes_MPO_2020
102867147,2020-12-30,2020,Davidson,,1.0,Property Damage,0,0,,,,,0.0,0.0,0.0,0.0,Dark-Lighted,,Motor Vehicle-In-Transport On Same Roadway,36.04543,-86.70364,False,Crashes_MPO_2020
102867321,2020-12-31,2020,Williamson,,1.0,Possible Injury,0,0,,,,,0.0,0.0,0.0,0.0,Daylight,Rain,Motor Vehicle-In-Transport On Same Roadway,35.94782,-86.81975,False,Crashes_MPO_2020
102867374,2020-12-19,2020,Williamson,,1.0,Property Damage,0,0,,,,,0.0,0.0,0.0,0.0,Daylight,,Motor Vehicle-In-Transport On Same Roadway,35.93607,-86.82638,False,Crashes_MPO_2020
102867398,2020-12-30,2020,Williamson,,1.0,Property Damage,0,0,,,,,0.0,0.0,0.0,0.0,Dark-Lighted,,Motor Vehicle-In-Transport On Same Roadway,35.9476,-86.81992,False,Crashes_MPO_2020
102867414,2020-12-31,2020,Davidson,,1.0,Property Damage Under,0,0,,,,,0.0,0.0,0.0,0.0,Daylight,,Motor Vehicle-In-Transport On Same Roadway,36.04523,-86.69237,False,Crashes_MPO_2020
102867418,2020-12-31,2020,Davidson,,1.0,Property Damage,0,0,,,,,0.0,0.0,0.0,0.0,Daylight,,Motor Vehicle-In-Transport On Same Roadway,36.05366,-86.71502,False,Crashes_MPO_2020
102867484,2020-12-31,2020,Williamson,,1.0,Property Damage,0,0,,,,,0.0,0.0,0.0,0.0,Daylight,Cloudy,Motor Vehicle-In-Transport On Same Roadway,35.934,-86.81878,False,Crashes_MPO_2020
102867492,2020-12-31,2020,Williamson,,1.0,Suspected Minor Injury,0,0,,,,,0.0,0.0,0.0,0.0,Daylight,,Motor Vehicle-In-Transport On Same Roadway,36.02737,-86.79203,True,Crashes_MPO_2020
102867563,2020-12-31,2020,Davidson,,1.0,Property Damage Under,0,0,,,,,0.0,0.0,0.0,0.0,,,,36.02107,-86.73586,False,Crashes_MPO_2020
102867579,2020-12-31,2020,Davidson,,1.0,Suspected Minor Injury,0,0,,,,,0.0,0.0,0.0,0.0,Dusk,,Motor Vehicle-In-Transport On Same Roadway,36.05013,-86.71398,False,Crashes_MPO_2020
102867663,2020-12-31,2020,Williamson,,1.0,Property Damage Under,0,0,,,,,0.0,0.0,0.0,0.0,Daylight,Cloudy,Motor Vehicle-In-Transport On Same Roadway,35.93001,-86.86434,False,Crashes_MPO_2020
102867664,2020-12-31,2020,Williamson,,1.0,Property Damage,0,0,,,,,0.0,0.0,0.0,0.0,Daylight,Cloudy,Motor Vehicle-In-Transport On Same Roadway,35.94687,-86.82178,False,Crashes_MPO_2020
102867712,2020-12-31,2020,Davidson,,1.0,Property Damage,0,0,,,,,0.0,0.0,0.0,0.0,Dark-Lighted,,Motor Vehicle-In-Transport On Same Roadway,36.04522,-86.71479,False,Crashes_MPO_2020
102867826,2020-12-31,2020,Davidson,,1.0,Property Damage,0,0,,,,,0.0,0.0,0.0,0.0,Dark-Lighted,,Motor Vehicle-In-Transport On Same Roadway,35.99826,-86.68964,False,Crashes_MPO_2020
102867859,2020-12-31,2020,Davidson,,1.0,Property Damage,0,0,,,,,0.0,0.0,0.0,0.0,Dark-Not Lighted,,Embankment Earth,36.03044,-86.87069,False,Crashes_MPO_2020
102869789,2020-12-29,2020,Williamson,,1.0,Property Damage,0,0,,,,,0.0,0.0,0.0,0.0,Daylight,,Motor Vehicle-In-Transport On Same Roadway,35.93365,-86.8189,False,Crashes_MPO_2020